koerperschaft_id;koerperschaft_name;koerperschaft_name_gnd;sitz_gnd;gruendungsdatum_gnd;aufloesungsdatum_gnd;gnd_nummer;homepage_gnd;gnd_sachgruppe
K1110;Fischer Taschenbuch;Fischer-Taschenbuch-Verlag;Frankfurt am Main;20.12.1951;;2010338-4;;Buchwissenschaft, Buchhandel
K1;Grüne Aue;;;;;;;
K67;Akad.-Verl.;;;;;;;
K73;Albatros;;;;;;;
K135;Apollon Tempel Verlag;;;;;;;
K323;Bibliogr. Inst.;;;;;;;
K451;C & N;;;;;;;
K761;Ed. Augenblick;;;;;;;
K765;Ed. Bruder;;;;;;;
K840;Ed. Silberflügel;;;;;;;
K897;Edition Calamus;;;;;;;
K898;Edition Combes;;;;;;;
K1040;Entenpress;;;;;;;
K1106;Fireflies Press;;;;;;;
K1368;Herramhof Verlag;;;;;;;
K1766;Lesewuth;;;;;;;
K1889;Macholdt - der Verlag;;;;;;;
K2013;Mosers Büro GmbH;;;;;;;
K2015;MuSingal;;;;;;;
K2139;Paarl Rock Publishers;;;;;;;
K2197;Phillip Schmidt Verlag;;;;;;;
K2574;Soli Netz;;;;;;;
K2642;Studio Raster;;;;;;;
K2767;Undercoverbooks;;;;;;;
K2768;Undine;Astrid Seehaus Undine Verlag;Wehnde;;;1065651694;http://www.undine-verlag.de;Buchwissenschaft, Buchhandel
K2825;Verein zur Förderung und Vernetzung von Jugendkultur;;;;;;;
K3019;Verlag am Rande;;;;;;;
K3207;Wydawnictwo Tadeusz Serocki;;;;;;;
K3338;enPunto;;;;;;;
K3408;myshow Verlag;;;;;;;
K3478;van Eck Verlag;Van Eck Verlag;Triesen;1982;;1065498047;https://vaneckverlag.li;Buchwissenschaft, Buchhandel
K3479;vbb, Verlag für Berlin-Brandenburg;Verlag für Berlin-Brandenburg;Berlin;15.07.1994;;1065495668;http://www.verlagberlinbrandenburg.de;Buchwissenschaft, Buchhandel
K3480;verlag am park;Verlag am Park;Berlin;1996;;1064210821;;Buchwissenschaft, Buchhandel
K3481;verlag die brotsuppe;verlag die brotsuppe;Biel;2003;;1065554257;http://www.diebrotsuppe.com;Buchwissenschaft, Buchhandel
K3482;verlag heil.reisen;;;;;;;
K3483;verlag honigbauch;;;;;;;
K3484;verlag.marless.de;;;;;;;
K3485;verlageinundsiebzig;;;;;;;
K3486;verlagsallianz;verlagsallianz;;;;1065982585;http://www.verlagsallianz.de;Buchwissenschaft, Buchhandel
K3487;via Pho.to-Tool/ Made by Photo Lab, Fritz;;;;;;;
K3488;viademica.verlag berlin e. Kfm.;;;;;;;
K3489;vomhörensehen medienagentur;;;;;;;
K3490;von Bockel;Von Bockel Verlag;Neumünster;02.08.1991;;1067136096;http://www.bockelverlag.de;Buchwissenschaft, Buchhandel
K3491;von Reeken;DvR-Buchreihe - Kollektion Lasswitz;Lüneburg;2003;;1065505124;"https://www.dieter-von-reeken.de/; http://www.dieter-von-reeken.de";Buchwissenschaft, Buchhandel
K3492;von Zabern;Verlag Philipp von Zabern;"Darmstadt; Mainz";1879;;1084034-5;https://www.wbg-wissenverbindet.de/ueber-uns/der-verlag/verlagsprogramme/;Buchwissenschaft, Buchhandel
K3493;von dem Knesebeck GmbH & Co. Verlag KG;von dem Knesebeck GmbH & Co. Verlag KG;München;30.07.1987;;1065102941;http://www.knesebeck-verlag.de;Buchwissenschaft, Buchhandel
K3494;wbg Edition;wbg Edition;Darmstadt;;;1211862739;;
K3495;weissbooks.w;Weissbooks Verlagsgesellschaft mbH;"Berlin; Frankfurt am Main";2008;;1050878655;http://www.weissbooks.com/;Buchwissenschaft, Buchhandel
K3498;wespen-kontor;;;;;;;
K3502;worttransport.de;;;;;;;
K2;#BerlinAuthors;;;;;;;
K3;/;;;;;;;
K4;175er Verlag;175er Verlag;;;;1064206646;http://www.schutter-verlag.com;Buchwissenschaft, Buchhandel
K5;1Druck, DIVO;;;;;;;
K6;27amigos;;;;;;;
K7;2A-Verlag, Akademie Freier Autoren e.V.;Akademie freier Autoren e.V. 2A-Verlag;Hamburg;1992;;1064738664;http://www.2a-verlag.de;Buchwissenschaft, Buchhandel
K8;3. Oktober – Deutschland singt und klingt;;;;;;;
K9;360 Grad Verlag GmbH;360 Grad Verlag;"Schriesheim; Leimen (Rhein-Neckar-Kreis)";2017;;1363176633;;
K10;3VerSchreiber;;;;;;;
K11;7Sterne-Ed.;;;;;;;
K12;A. Agic;;;;;;;
K13;A. Delon;;;;;;;
K14;A. Fritz Verlag;A. Fritz Verlag;Frankfurt am Main;;;1065355971;http://www.a-fritz-verlag.de;Buchwissenschaft, Buchhandel
K15;A. Hennig;;;;;;;
K16;A. Jochim Vela-Verlag;Vela Verlag;;;;1066114188;http://www.vela-verlag.de;Buchwissenschaft, Buchhandel
K17;A. Springer;A. Springer Verlag AG;;;;1064061044;;Buchwissenschaft, Buchhandel
K18;A.E. Johann-Gesellschaft e.V.;;;;;;;
K19;A.P.P. Verlag;A.P.P. Verlag;Laichingen;;;1065027834;;Buchwissenschaft, Buchhandel
K20;A1 Verlag;A1-Verlag;München;16.02.1971;;4584260-7;http://www.a1-verlag.de;Buchwissenschaft, Buchhandel
K21;A7L Thrilling Books Limited;;;;;;;
K22;AAVAA Verlag;AAVAA Verlag UG;Hohen Neuendorf;;;1064738710;http://www.aavaa.de;Buchwissenschaft, Buchhandel
K23;AB - Die Andere Bibliothek;AB - Die Andere Bibliothek GmbH & Co. KG;Berlin;2012;;1067137653;http://www.die-andere-bibliothek.de;Buchwissenschaft, Buchhandel
K24;AB - Die Andere Bibliothek GmbH & Co. KG;AB - Die Andere Bibliothek GmbH & Co. KG;Berlin;2012;;1067137653;http://www.die-andere-bibliothek.de;Buchwissenschaft, Buchhandel
K25;AB, TravenBooks;;;;;;;
K26;AB1-Dr. & Verl.;AB1 - Druck & Verlag;Alteglofsheim;;;1064731481;http://www.ab1-druck.de;Buchwissenschaft, Buchhandel
K27;ABLIT-Verl.;ABLIT Verlag e.K.;München;;;1065495269;http://www.ablitverlag.de;Buchwissenschaft, Buchhandel
K28;AGIRO Verlag;Agiro Verlag;Neustadt an der Weinstraße;;;1065487916;;Buchwissenschaft, Buchhandel
K29;AGMA - Christlicher Buchverl.;AGMA Christlicher Verlag;Saarlouis;;;1067137254;http://agma-christlicher-buchverlag.de;Buchwissenschaft, Buchhandel
K30;AIKA Consulting GmbH;;;;;;;
K31;AJSP;AJSP;Berlin;;;1065979312;;Buchwissenschaft, Buchhandel
K32;AJZ-Dr. & Verl.;AJZ-Druck und Verlag GmbH;Bielefeld;;;1066116342;http://www.ajzverlag.de;Buchwissenschaft, Buchhandel
K33;AKU!;AKU-VERLAG;Meschede;;;1065856180;;Buchwissenschaft, Buchhandel
K34;AME Stöpel;AME Stöpel Verlag;Flieden;;;1065503989;;Buchwissenschaft, Buchhandel
K35;APOLLON TEMPEL VERLAG;;;;;;;
K36;APRYCOT;;;;;;;
K37;ARW;Arbeitsgemeinschaft für Religions- und Weltanschauungsfragen;München;1976;;2046014-4;http://www.religio.de/arw;"Buchwissenschaft, Buchhandel; Allgemeine und vergleichende Religionswissenschaft, Nichtchristliche Religionen"
K38;AS Verlag;AS Verlag;Zürich;1991;;1064118534;https://asverlag.lesestoff.ch/;Buchwissenschaft, Buchhandel
K39;AT-Verl.;AT Verlag;"München; Aarau";1976;;1064053424;http://www.at-verlag.ch;Buchwissenschaft, Buchhandel
K40;ATE;Ate;;;;1086834895;;
K41;AUMAYER;Aumayer druck + media;Munderfing;;;1064212093;https://aumayer.co.at;Buchwissenschaft, Buchhandel
K42;AVM;Akademische Verlagsgemeinschaft München;München;;;1067137009;http://www.avm-verlag.de;Buchwissenschaft, Buchhandel
K43;Aaronis Coll.;Aaronis Collection;;2006;;1065982186;http://www.aaronis-collection.com;Buchwissenschaft, Buchhandel
K44;Abera;Abera Verlag;Hamburg;;;106412531X;http://www.abera.de;Buchwissenschaft, Buchhandel
K45;Abl Verlag;Abl Bauernblatt Verlags-GmbH;;;;1067148825;;Buchwissenschaft, Buchhandel
K46;Acabus Verlag;Acabus Verlag;Hamburg;;;1065972490;;Buchwissenschaft, Buchhandel
K47;Achertäler Druckerei;Achertäler Druckerei GmbH & Co. KG;Kappelrodeck;;;1065658141;http://www.achertaeler.com;Buchwissenschaft, Buchhandel
K48;Achter Verlag;Achter Verlag;;XX.11.2007;;1065528981;http://www.achter-verlag.de;Buchwissenschaft, Buchhandel
K49;Achterland;Achterland Verlagscompagnie;Vreden;;;1065790996;;Buchwissenschaft, Buchhandel
K50;Adalbert-Stifter-Institut des Landes Oberösterreich / StifterHaus;Adalbert-Stifter-Institut des Landes Oberösterreich;Linz;;;2003604-8;https://stifterhaus.at/;"Archiv, Museum; Literarisches Leben"
K51;Adlerstein-Verlag;Adlerstein-Verlag;Wiesmoor;;;1065147198;;Buchwissenschaft, Buchhandel
K52;Adlibri-Verl.;adlibri Verlag GmbH & Co. KG;Hamburg;01.11.2001;;1065361637;http://www.adlibri.de;Buchwissenschaft, Buchhandel
K53;Adolf Dahlfeld Erben;Adolf Dahlfeld Erben;Barth;;;1066110859;;Buchwissenschaft, Buchhandel
K54;Adonia;Adonia (Körperschaft);Brittnau;1979;;16060915-X;http://www.adonia.ch;Gruppe, Organisationssoziologie, Interaktion
K55;Advent-Wohlfahrtswerk Seniorenheim Neandertal gmbH;;;;;;;
K56;Adwork Köln - Halven Hahn Produktion;;;;;;;
K57;Afra-Sonnensturm-Verl.;Afra Sonnensturm Verlag;Neusäß;;;1065169558;http://www.afra-anna-schaefer.de;Buchwissenschaft, Buchhandel
K58;AfricAvenir - Exchange & Dialogue;AfricAvenir - Exchange & Dialogue;Berlin;;;1064923186;http://www.exchange-dialogue.com;Buchwissenschaft, Buchhandel
K59;Afusoft;AFUSOFT Kommunikationstechnik GmbH;;1986;;1065709994;http://www.afusoft.de;Buchwissenschaft, Buchhandel
K60;Agade Publ. House;;;;;;;
K61;Agenda Verlag;Agenda-Verlag;;;;1065216955;;Buchwissenschaft, Buchhandel
K62;Agentur des Rauhen Hauses Hamburg;Agentur des Rauhen Hauses Hamburg GmbH;Norderstedt;11.02.1842;;1065786999;http://www.agentur-rauhes-haus.de;Buchwissenschaft, Buchhandel
K63;Agon-Sportverl.;AGON-Sportverlag (Kassel);Kassel;;;3020655-8;http://www.agon-sportverlag.de;Buchwissenschaft, Buchhandel
K64;Agroplant;Agroplant GmbH - Umweltberatung -;Schwedt/Oder;01.06.1992;;1066133085;http://www.agroplant.de;Buchwissenschaft, Buchhandel
K753;Ed. 6065;Edition 6065;Wiesbaden;;;1065713223;;Buchwissenschaft, Buchhandel
K2571;Soeste-Verl.;;;;;;;
K65;Ahead and Amazing;Ahead and Amazing Verlag;;;;106570884X;http://www.aheadandamazing.de;Buchwissenschaft, Buchhandel
K66;Aisthesis Verlag;AISTHESIS Verlag GmbH & Co. KG;Bielefeld;01.09.1985;;1064726038;http://www.aisthesis.de;Buchwissenschaft, Buchhandel
K68;Akademie der Künste;Akademie der Künste;Berlin;01.10.1993;;2015876-2;https://www.adk.de/;"Kultur, Künste allgemein; Buchwissenschaft, Buchhandel; Wissenschaft"
K69;Akademos;akademos Wissenschaftsverlag GmbH;Hamburg;;;1064913547;http://www.akademos.de;Buchwissenschaft, Buchhandel
K70;Akazia Verlag;Akazia Verlag;;;;1065104529;http://www.akaziaverlag.at;Buchwissenschaft, Buchhandel
K71;Akazien Verlag;Akazien Verlag;Berlin;;;1065658230;http://www.akazien-verlag.de;Buchwissenschaft, Buchhandel
K72;Alba Trust;Alba Trust Verlag e.U. Inh. Adelheid Pexa;;;;1065861591;http://www.albatrust.at;Buchwissenschaft, Buchhandel
K74;Alcorde Verlag;alcorde verlag;Essen;;;1064300111;http://www.alcorde.de;Buchwissenschaft, Buchhandel
K75;Alea Libris Verlag;;;;;;;
K76;Aleph Verlag;ALEPH VERLAG;;;;1066132062;;Buchwissenschaft, Buchhandel
K77;Alexander, Darleen;;;;;;;
K78;Alfa-Veda-Verlag;Alfa-Veda-Verlag;Oebisfelde;;;1064300103;;Buchwissenschaft, Buchhandel
K79;Alfred Kröner Verlag;Alfred-Kröner-Verlag;"Stuttgart; Leipzig";;;2003759-4;https://www.kroener-verlag.de/impressum/;Buchwissenschaft, Buchhandel
K80;Ali Hensel;;;;;;;
K81;Alibri-Verl.;;;;;;;
K82;Alkyon-Buchverl.;;;;;;;
K83;Allegria;Allegria;Berlin;;;1065166176;http://www.ullstein-buchverlage.de;Buchwissenschaft, Buchhandel
K84;Allitera Verlag;Allitera Verlag;München;2001;;1065971788;;Buchwissenschaft, Buchhandel
K85;Almadinah gUG;;;;;;;
K86;Almanach-Ed.;;;;;;;
K87;Almus-Verl.;;;;;;;
K88;Almáriom;Almáriom Verlag;Bardowick;;;1065164084;http://www.almariom.de;Buchwissenschaft, Buchhandel
K89;Alois Epple;Dr. Alois Epple (Firma);;;;1066136106;;Buchwissenschaft, Buchhandel
K90;Alpenpost Verl.;;;;;;;
K91;Alpha Litart;;;;;;;
K92;Alphabeta;AlphaBeta;Singapur;2015;;1257698745;https://alphabeta.com/;
K93;Altan;Altan;;1987;;3023177-2;;Musik (Allgemeines), Musikgeschichte
K94;Alte-Jeetzel-Buchh. und Verl.;Alte-Jeetzel-Buchhandlung und Verlag GmbH;;;;1065132271;;Buchwissenschaft, Buchhandel
K95;Altis-Verlag;Altis-Verlag GmbH;Oranienburg;;;1067147934;;Buchwissenschaft, Buchhandel
K96;Altius;Altius Verlag GmbH;Erkelenz;;;106555186X;http://www.altius-verlag.de;Buchwissenschaft, Buchhandel
K97;Amalthea;Amalthea Verlag;"Leipzig; Wien; Zürich";1917;;1213349-8;https://amalthea.at/;Buchwissenschaft, Buchhandel
K98;Amalthea Signum;Amalthea Signum Verlag;Wien;2002;;1065536127;http://www.herbig.net;Buchwissenschaft, Buchhandel
K99;Amative Publ.***5246918;amative publisher;;;;1065145446;;Buchwissenschaft, Buchhandel
K100;Amazon Distribution;;;;;;;
K101;Amazon Media EU S.à r.l.;;;;;;;
K102;Ambaum-Verl.;Ambaum Verlag;Vöhl;;;1066122377;http://www.ambaum.de;Buchwissenschaft, Buchhandel
K103;Ambiente-Krimis;ambiente-krimis;;;;1065098383;http://www.ambiente-krimis.de;Buchwissenschaft, Buchhandel
K104;Amdora-Verlag;;;;;;;
K105;Amicus;Amicus;;2001;2007;10063087-X;http://www.amicustheunion.org;
K106;Ammann;Ammann-Verlag;Zürich;XX.XX.1981;30.06.2010;4268699-4;http://www.ammannverlag.ch/;Buchwissenschaft, Buchhandel
K107;Ammersee Verlag;;;;;;;
K108;Ammianus-Verlag;;;;;;;
K109;Amonja Publishing;;;;;;;
K110;Amrûn Verlag;Amrûn Verlag;;;;106536380X;http://www.amrun-verlag.de;Buchwissenschaft, Buchhandel
K111;Amrûn-Verl.;Amrûn Verlag;;;;106536380X;http://www.amrun-verlag.de;Buchwissenschaft, Buchhandel
K112;AnOA edition;;;;;;;
K113;Anaconda Verlag;Anaconda Verlag;Köln;2004;;1065133014;https://www.penguinrandomhouse.de/Verlag/Anaconda-Verlag/75000.rhd;Buchwissenschaft, Buchhandel
K114;Ancient Mail Verlag Werner Betz;Ancient Mail Verlag;Groß-Gerau;1999;;106552854X;http://www.ancientmail.de;Buchwissenschaft, Buchhandel
K115;Anderland Books;;;;;;;
K116;Anderslieben Verlag Heckmann & Meinzer;;;;;;;
K117;Andiamo;andiamo-verlag;Mannheim;;;1065491611;;Buchwissenschaft, Buchhandel
K118;Andra-Danu-Verl.;Andra-Danu-Verlag;;;;1064056377;http://www.andra-danu-verlag.de;Buchwissenschaft, Buchhandel
K119;AndreBuch-Verl.;AndreBuchVerlag;Memmingen;31.03.2010;;1065532636;http://www.andrebuchverlag.de;Buchwissenschaft, Buchhandel
K120;AndreBuchVerlag;AndreBuchVerlag;Memmingen;31.03.2010;;1065532636;http://www.andrebuchverlag.de;Buchwissenschaft, Buchhandel
K121;Andres;;;;;;;
K122;Andresen;;;;;;;
K123;Angele;Angele-Sippe;;;;10121659-2;;
K124;Angelika Lenz Verlag;Angelika Lenz Verlag;Neu-Isenburg;;;1067138803;http://www.lenz-verlag.de;Buchwissenschaft, Buchhandel
K125;Angst & Schrecken;Angst&Schrecken Verlag e.K.;Gelsenkirchen;;;1064784909;;Buchwissenschaft, Buchhandel
K126;Anikkänbrö & Knetemelk;Anikkänbrö & Knetemelk;Berlin;25.01.1994;;1064206581;http://www.k400.de;Buchwissenschaft, Buchhandel
K127;Ankerherz;Ankerherz Verlag GmbH;Hollenstedt;2009;;1058462709;https://www.ankerherz.de/;Buchwissenschaft, Buchhandel
K128;Anno-Verlag;Anno-Verlag;Ahlen (Kreis Warendorf);;;1065964366;http://www.anno-verlag.de;Buchwissenschaft, Buchhandel
K129;Ansichtssache - Agentur für Gestaltung;;;;;;;
K130;Anthea-Verlag;;;;;;;
K131;Anton H. Konrad Verlag;Anton-H.-Konrad-Verlag (Weißenhorn);Weißenhorn;01.08.1961;;2000006-6;https://www.konrad-verlag.de/;"Einzelne Branchen der Industrie und des Handwerks; Buchwissenschaft, Buchhandel"
K132;Anuschka Weyand Buchverlag;Anuschka Weyand (Firma);;;;1065359004;;Buchwissenschaft, Buchhandel
K133;Aphaia-Verl.;Aphaia-Verlag (Berlin);Berlin;1990;;5105440-1;http://www.aphaia-verlag.de;"Buchwissenschaft, Buchhandel; Einzelne Branchen der Industrie und des Handwerks"
K194;Attoverl.;Attoverlag Hans Gerlach e.K.;;;;1064061869;http://www.attoverlag.de;Buchwissenschaft, Buchhandel
K134;AphorismA;AphorismA Verlag Antiquariat Agentur Mit angeschl. Versandbuchhandlung gGmbH;Berlin;2004;;1065283407;http://www.aphorisma-verlag.de;Buchwissenschaft, Buchhandel
K136;Apollon-Verl.;;;;;;;
K137;Appenzeller Verlag;Appenzeller Verlag;"Herisau; Schwellbrunn";;;10146634-1;http://www.appenzellerverlag.ch;Buchwissenschaft, Buchhandel
K138;Appenzeller Volksfreund;Druckerei Appenzeller Volksfreund;Appenzell;1875;;1065038895;https://www.adag.ch/appenzeller-volksfreund.html;Buchwissenschaft, Buchhandel
K139;April G. Dark c/o Gabriela Schmid;;;;;;;
K140;Aquensis;Cappella Aquensis;;;;10293152-5;;Musik (Allgemeines), Musikgeschichte
K141;Arachne Verlag;Arachne Verlag;Gelsenkirchen;11.03.1996;;1064050786;http://www.arachne-verlag.de;Buchwissenschaft, Buchhandel
K142;Arbeitsgemeinschaft Selbstständiger Migranten e.V.;Arbeitsgemeinschaft Selbstständiger Migranten e.V.;Hamburg;2007;;16096364-3;https://www.asm-hh.de/;"Bevölkerung, Sozialstruktur, Soziale Situation, Soziale Bewegungen; Arbeit"
K143;Arbeitskreis der Gleichstellungsbeauftragten des Märkischen Kreises, Arbeitskreis der Gleichstellungsbeauftragten des Märkischen;;;;;;;
K144;Arbeitskreis für Dorfentwicklung und Heimatpflege;Arbeitskreis für Dorfentwicklung und Heimatpflege;Arnsberg-Müschede;;;1121043720;;
K145;Arcanum Fantasy Verlag;Arcanum Fantasy Verlag;Hamburg;12.07.2005;;1065027222;http://www.arcanum-fantasy-verlag.de;Buchwissenschaft, Buchhandel
K146;Arche;Arche Literatur Verlag;"Zürich; Hamburg";2008;;1048061582;http://www.arche-verlag.com;"Einzelne Branchen der Industrie und des Handwerks; Buchwissenschaft, Buchhandel"
K147;Archipel;Archipel Verlag;Ruswil;1990;;1065565437;http://www.archipelverlag.ch;Buchwissenschaft, Buchhandel
K148;Arco;Arco Verlag;Wuppertal;2002;;104769185X;"http://www.arco-verlag.com; http://www.arco-verlag.de";Buchwissenschaft, Buchhandel
K149;Arcos-Verl.;Arcos Verlag GmbH;Ergolding;;;1064796451;;Buchwissenschaft, Buchhandel
K150;Ardey-Verlag;Ardey-Verlag;"Dortmund; Münster (Westf)";1951;;1065368275;https://www.ardey-verlag.de/;Buchwissenschaft, Buchhandel
K151;Arete-Verl.;Arete Verlag;Hildesheim;2010;;1065532601;http://www.arete-verlag.de;Buchwissenschaft, Buchhandel
K152;Argument Verlag;Argument-Verlag (Hamburg);Hamburg;1986;;2098985-4;;Einzelne Branchen der Industrie und des Handwerks
K153;Arkade;;;;;;;
K154;Arkani Verlag;;;;;;;
K155;Armin-T-Wegner-Ges.;Armin-T.-Wegner-Gesellschaft;;;;2084576-5;http://www.armin-t-wegner.de;
K156;Arnshaugk;Arnshaugk Verlag;"München; Neustadt an der Orla";01.08.1986;;1065650922;http://www.arnshaugk.de;Buchwissenschaft, Buchhandel
K157;Arovell Verlag;AROVELL Verlag;Gosau;1991;;1065215436;http://www.arovell.at;Buchwissenschaft, Buchhandel
K158;Ars Edition;arsEdition;"Zug; Stockholm; München";08.04.1981;;4447034-4;http://www.arsedition.de;"Buchwissenschaft, Buchhandel; Einzelne Branchen der Industrie und des Handwerks"
K159;Ars Una;ars una Verlagsgesellschaft mbH;;;;1065859902;http://www.ars-una.de;Buchwissenschaft, Buchhandel
K160;Ars Vivendi;ars vivendi verlag;Cadolzburg;27.06.1988;;1065966776;http://www.arsvivendi.com;Buchwissenschaft, Buchhandel
K161;Ars et Unitas;ars et unitas Verlagsgesellschaft mbH;;;;1067148558;;Buchwissenschaft, Buchhandel
K162;Art In Flow;Art In Flow, Verlag für Zeitgenössische Kunst;Berlin;2007;;1064131840;http://www.artinflow.de;Buchwissenschaft, Buchhandel
K163;Art Skript Phantastik;Art Skript Phantastik Verlag;Salach;01.01.2012;;1067151788;http://www.aspverlag.de;Buchwissenschaft, Buchhandel
K164;ArteMedia;ARTEMEDIA Verlag;;;;1065655312;http://www.artemedia-verlag.at;Buchwissenschaft, Buchhandel
K165;Artemis & Winkler;Artemis & Winkler;"München; Zürich";1971;;1054435901;;
K166;Artemis und Winkler;Artemis & Winkler;"München; Zürich";1971;;1054435901;;
K167;Artio Wortkunstverlag;Artio Wortkunstverlag;;;;1065104464;http://www.artio-wortkunstverlag.com;Buchwissenschaft, Buchhandel
K168;Artpress;;;;;;;
K169;Arunya-Verlag;Arunya-Verlag;Lübeck;;;1065423357;http://www.arunya-verlag.de;Buchwissenschaft, Buchhandel
K170;Asaro Verlag;Asaro Verlag;;;;1066121265;http://www.asaro-verlag.de;Buchwissenschaft, Buchhandel
K171;Aschenbeck-Verl.;;;;;;;
K172;Aschendorff Verlag;Aschendorffsche Verlagsbuchhandlung;Münster (Westf);1763;;2005193-1;"https://www.aschendorff.de/; https://www.aschendorff-buchverlag.de";"Buchwissenschaft, Buchhandel; Handel einzelner Branchen, Dienstleistung einzelner Branchen; Papierherstellung, Grafische Technik; Einzelne Branchen der Industrie und des Handwerks"
K173;Ashera Verlag;;;;;;;
K174;Askan - Familienforschung & Heimatkunde, Bärbel und Beatrice Barnehl GbR;;;;;;;
K175;Asmussen;;;;;;;
K176;Asoka;;;;;;;
K177;Aspera* Verlag für Kunst, Kultur und Hoffnung;;;;;;;
K178;Asphalt-&-Anders-Verl.;asphalt & anders Verlag;Hamburg;;;1064730221;;Buchwissenschaft, Buchhandel
K179;Astrid Verlag;;;;;;;
K180;Atelier & Verlag Reinhard Fritz;;;;;;;
K181;Atelier Coaching & Training;;;;;;;
K182;Atelier Colorwaves;;;;;;;
K183;Atelier Margits Art;;;;;;;
K184;Atelier Monika Stocker;;;;;;;
K185;Athena-Verlag;Athena-Verlag;;;;1064127371;;Buchwissenschaft, Buchhandel
K186;Athene Media;Athene Media Verlag;Dinslaken;16.08.2010;;1064285775;http://www.athene-media.de;Buchwissenschaft, Buchhandel
K187;Athesia Verlag;Athesia Tappeiner Verlag;Bozen;2014;;1108557007;https://www.athesia-tappeiner.com/de;
K188;Atlantik Verlag;Atlantik Verlag;Hamburg;2014;;1065028059;http://www.hoca.de;Buchwissenschaft, Buchhandel
K189;Atlantis;Atlantis Verlag (Stolberg (Rhld.));Stolberg (Rhld.);2002;;1066132496;http://www.atlantis-verlag.de;Buchwissenschaft, Buchhandel
K190;Aton;Aton-Saxophonquartett;;;;10367750-1;;Musik (Allgemeines), Musikgeschichte
K191;Atrioc-Verl.;Atrioc-Verlag;Bad Mergentheim;;;1065790678;;Buchwissenschaft, Buchhandel
K192;Atrium Verlag;Atrium Verlag;"Hamburg; Zürich";1935;;1064057993;http://www.atrium-verlag.com;Buchwissenschaft, Buchhandel
K193;Attenkofer;Cl. Attenkofer (Straubing);Straubing;01.04.1900;;1072941252;;
K891;Edition Blaes;;;;;;;
K195;Audio-To-Go Publishing Ltd.;;;;;;;
K196;Aufbau Verlag;Aufbau-Verlag;"Berlin; Weimar; Berlin (Ost)";XX.08.1945;;5058957-X;https://www.aufbau-verlage.de/;Buchwissenschaft, Buchhandel
K197;Aufland-Verl.;Aufland Verlag;;2011;;1065787057;http://www.oderbruchverlag.de;Buchwissenschaft, Buchhandel
K198;Augen Auf Verlag;Augen Auf Verlag;Trebur;;;1065658184;;Buchwissenschaft, Buchhandel
K199;August-von-Goethe-Literaturverl.;August-von-Goethe-Literaturverlag;Offenbach am Main;;;10187841-2;;Einzelne Branchen der Industrie und des Handwerks
K200;Augusta Presse- und Verlags GmbH;;;;;;;
K201;Aumayer;Aumayer druck + media;Munderfing;;;1064212093;https://aumayer.co.at;Buchwissenschaft, Buchhandel
K202;Aurinia;Edition Aurinia Verlag für Hörbücher und Literatur e.K.;Hamburg;;;1065426089;http://www.aurinia.de;Buchwissenschaft, Buchhandel
K203;Auslesen-Verl.;Auslesen-Verlag;Kreuzau;;;1065358547;http://www.auslesen-verlag.de;Buchwissenschaft, Buchhandel
K204;Aussaat;Neukirchener Aussaat;Neukirchen-Vluyn;;;106502150X;http://www.neukirchener-verlage.de;Buchwissenschaft, Buchhandel
K205;Authal-Verl.;Authal Verlag Dr. Karin Halbritter;;;;1065107021;;Buchwissenschaft, Buchhandel
K206;Autoren Netzwerk;;;;;;;
K207;Autoren-Feder-Verl.;Autoren-Feder Verlag e.K.;;01.01.2006;;1065286236;;Buchwissenschaft, Buchhandel
K208;Autorenforum Köln e.V., Autorenforum Köln e.V.;AutorenForum Köln;Köln;2002;;1026157749;;
K209;Autorengruppe Märkischer Kreis;;;;;;;
K210;Autorenkollektiv Nord c/o Sören Steding;;;;;;;
K211;Autorenkreis Ruhr-Mark e.V.;Autorenkreis Ruhr-Mark;Hagen;1961;;2005538-9;https://www.autorenkreis-ruhr-mark.de/;Literarisches Leben
K212;Autorenquelle Limburg;;;;;;;
K213;Autumnus Verlag;Autumnus Verlag;Berlin;;;1064739695;http://www.autumnus-verlag.de;Buchwissenschaft, Buchhandel
K214;Avanti-Verl.;Avanti-Verlag (Neuenburg, Müllheim);Neuenburg am Rhein;;;5083372-8;;Buchwissenschaft, Buchhandel
K215;Ave;;;;;;;
K216;Avinus;Avinus-Verlag;Berlin;;;1064345050;http://www.avinus.de;Buchwissenschaft, Buchhandel
K217;AvivA;AvivA Britta Jürgs GmbH;Berlin;14.09.1995;;1065428731;http://www.aviva-verlag.de;Buchwissenschaft, Buchhandel
K218;Avocado Verlag;;;;;;;
K219;Axiomy Verlag;Axiomy Verlag;;;;1065963068;http://www.axiomy-verlag.de;Buchwissenschaft, Buchhandel
K220;Axon;Axon;;;;10310694-7;;Musik (Allgemeines), Musikgeschichte
K221;Ayon-Verlag;;;;;;;
K222;Ayurveda-Verein Nexenhof;;;;;;;
K223;Azur;;;;;;;
K224;B. Kühlen Verlag;B. Kühlen Verlag;Mönchengladbach;01.04.1825;;16278306-1;https://www.kuehlen-verlag.de/cms/stage.profil/;Buchwissenschaft, Buchhandel
K225;B. Mastori;;;;;;;
K226;B. Montua;;;;;;;
K227;B.R. Filtec GmbH c/o Tahja Bennet;;;;;;;
K228;BACOPA VERLAG;Bacopa Handels- & Kulturges.m.b.H.;;;;1064743722;http://www.bacopa.at;Buchwissenschaft, Buchhandel
K229;BC Publications;BC Publications GmbH;München;;;106412710X;http://www.bc-publications.de;Buchwissenschaft, Buchhandel
K230;BE, Belle Epoque Verlag;;;;;;;
K231;BE, Belle Époque Verlag;;;;;;;
K232;BELLA triste e.V.;BELLA triste e.V.;Hildesheim;2001;;106502844X;http://www.bellatriste.de;Buchwissenschaft, Buchhandel
K233;BGG-Verlag;;;;;;;
K234;BHN Books, Verlag Alexander Hinz;;;;;;;
K235;BJ-Autorenservice.de;;;;;;;
K236;BLB;;;;;;;
K237;BMV-Verl. Burau;;;;;;;
K238;BOAS-Verl.;;;;;;;
K239;BOKEN Regionalverlag;;;;;;;
K240;BOOKSun-Limited;BOOKSUN Limited Niederlassung Deutschland;Stuttgart;;;1064690599;http://www.booksun.de;Buchwissenschaft, Buchhandel
K241;BROTLOS Verlag;;;;;;;
K242;BS Verlag Rostock;BS-Verlag Rostock;"Admannshagen-Bargeshagen; Rostock";2000;2020;10085980-X;;"Buchwissenschaft, Buchhandel; Einzelne Branchen der Industrie und des Handwerks"
K243;BS motor Vertriebs und Verlags GmbH;BS Motor Vertriebs und Verlags GmbH;;;;1065365195;http://www.bs-motor.de;Buchwissenschaft, Buchhandel
K244;BSH-Verl.;;;;;;;
K245;BUCHER;;;;;;;
K246;BVK, Buch-Verl. Kempen;BVK Buch Verlag Kempen GmbH;;01.02.1996;;1065553943;http://www.buchverlagkempen.de;Buchwissenschaft, Buchhandel
K247;BVK, Buchverl. Krefeld;;;;;;;
K248;BVjA e.V.;Bundesverband Junger Autoren und Autorinnen;Bonn;1987;;2110933-3;https://jungeautoren.org/;"Literarisches Leben; Arbeit"
K249;Baaltis Austria;Autorenverlag Baaltis Austria;Salzburg;1990;;1065229135;http://www.beck-hoellbacher.at;Buchwissenschaft, Buchhandel
K250;Baar;;;;;;;
K251;Bachem;;;;;;;
K252;Bachem, J P;J. P. Bachem (Köln);Köln;04.05.1818;19.12.1920;1072935430;;
K253;Bachem, J. P., Verlag GmbH;J. P. Bachem, Verlagsbuchhandlung (Köln);Köln;04.05.1818;;5115971-5;http://www.bachem.de;Buchwissenschaft, Buchhandel
K254;Bacopa Verlag;Bacopa Handels- & Kulturges.m.b.H.;;;;1064743722;http://www.bacopa.at;Buchwissenschaft, Buchhandel
K255;Badischer Landwirtschafts-Verl.;Badischer Landwirtschafts-Verlag GmbH;Freiburg im Breisgau;;;1139299204;;
K256;BadnerBuch-Verl.;BadnerBuch-Verlag;Rastatt;;;1065967780;http://www.badnerbuch.de;Buchwissenschaft, Buchhandel
K257;Baeschlin Verlag;Baeschlin Verlag;Glarus;1853;;1064210953;http://www.baeschlin.ch;Buchwissenschaft, Buchhandel
K258;Bahnmayer;BAHNMAYER GmbH DRUCK + REPRO;Schwäbisch Gmünd;1977;;1065360533;http://www.bahnmayer.de;Buchwissenschaft, Buchhandel
K259;Baier;;;;;;;
K260;Baier-BPB-Verl.;;;;;;;
K261;Balaena-Verlag;Balaena-Verlag Dr. Heinz Granvogl e.K.;Landsberg am Lech;;;1066113335;http://www.balaena.de;Buchwissenschaft, Buchhandel
K262;BaltArtGmbH Switzerland;;;;;;;
K263;Balthasar-Verl.;Balthasar Verlag;;;;1065288905;http://www.ug-balthasar.de;Buchwissenschaft, Buchhandel
K264;Baltica-Verl. Glücksburg;;;;;;;
K758;Ed. Aramo;Edition Aramo;Krems- Stein an der Donau;;;1250764831;;
K892;Edition Blau, Rotpunktverlag;;;;;;;
K265;Bar-Verlag;BAR-Verlag;Lübeck;;;1065853416;http://www.bar-verlag.de;Buchwissenschaft, Buchhandel
K266;Bartels & Bleil, Verlag für ästhetischen Widerstand;;;;;;;
K267;Bartlmüllner;Bartlmüllner Verlag;Nürnberg;;;1065219148;http://www.bartlmuellner.de;Buchwissenschaft, Buchhandel
K268;Barton Verlag;;;;;;;
K269;BasisDruck Verlag;BasisDruck Verlag GmbH;Berlin;08.01.1990;;1065433220;http://www.basisdruck.de;Buchwissenschaft, Buchhandel
K270;Bassermann;Bassermann-Verlag;München;;;1065502923;https://www.penguinrandomhouse.de/Verlag/Bassermann/22000.rhd;Buchwissenschaft, Buchhandel
K271;Bastei Lübbe;Bastei Lübbe AG;Köln;2010;;1043076026;https://bastei-luebbe.de/;Buchwissenschaft, Buchhandel
K272;Bauer;Bauer-Verlag (Thalhofen);Stöttwang-Thalhofen;1993;;1156624991;https://www.verlag-bauer.de/index.php?pg=start.php;"Buchwissenschaft, Buchhandel; Einzelne Branchen der Industrie und des Handwerks"
K273;Bauer-Verlag;Bauer-Verlag (Thalhofen);Stöttwang-Thalhofen;1993;;1156624991;https://www.verlag-bauer.de/index.php?pg=start.php;"Buchwissenschaft, Buchhandel; Einzelne Branchen der Industrie und des Handwerks"
K274;Baumann Verlag;;;;;;;
K275;Bautz;Bautz (Saulgau);;;;108671685X;;
K276;Bayer Verlag;Bayer Verlag;;;;1065025726;http://www.bayerverlag.at;Buchwissenschaft, Buchhandel
K277;Bayerischer Poeten- & Belletristik-Verlag;;;;;;;
K278;Bayerland;Druckerei und Verlagsanstalt Bayerland GmbH;Dachau;08.10.1872;;1065369239;https://www.battenberg-gietl.de/;Buchwissenschaft, Buchhandel
K279;Be + Be;;;;;;;
K280;Be+Be-Verlag;Be&Be-Verlag;Heiligenkreuz;;;1161495800;;
K281;Be.bra-Verl.;be.bra verlag;Berlin;08.11.1994;;1065503423;http://www.bebraverlag.de;Buchwissenschaft, Buchhandel
K282;BeJot;BeJot-Verlag;Frankfurt am Main;;;106613460X;;Buchwissenschaft, Buchhandel
K283;Beck;Verlag C.H. Beck;München;;;1023902869;https://www.beck.de;Buchwissenschaft, Buchhandel
K284;Beck, C H;H. W. Beck (C. Tappen) (Firma);Sigmaringen;20.10.1854;XX.03.1859;1072946742;;
K285;Begedia Verlag;Begedia Verlag;Mülheim an der Ruhr;;;1064052746;;Buchwissenschaft, Buchhandel
K286;Begegnungen - Verlag für Natur und Leben;;;;;;;
K287;Beggerow;Beggerow Buchverlag;Ammerbuch;;;1066119899;;Buchwissenschaft, Buchhandel
K288;Belletris-Verl.;Belletris-Verlag;Frankfurt am Main;XX.11.2007;;1065425155;http://www.belletris-verlag.de;Buchwissenschaft, Buchhandel
K289;Belser;Chr.-Belser-Gesellschaft für Verlagsgeschäfte;Stuttgart;02.01.1975;;16079875-9;http://www.belser-verlag.de;"Buchwissenschaft, Buchhandel; Einzelne Branchen der Industrie und des Handwerks"
K290;Beltz;;;;;;;
K291;Beluga-Verl.;;;;;;;
K292;Benedetto-Verl.;Benedetto Verlag;;20.03.2005;;1065964390;http://www.kathbuch.net;Buchwissenschaft, Buchhandel
K293;Benevento;Benevento Publishing;Elsbethen;;;1230887725;https://www.beneventopublishing.com/;
K294;Benguela Publ.;;;;;;;
K295;Benteli;Benteli Verlag;"Salenstein; Zürich; Wabern (Kanton Bern); Sulgen (Thurgau); Bümpliz; Bern";1902;;2005897-4;https://www.benteli.ch/;Buchwissenschaft, Buchhandel
K296;Berchtesgadener Anzeiger;Berchtesgadener Anzeiger KG;Bischofswiesen;;;1064302556;http://www.berchtesgadener-anzeiger.de;Buchwissenschaft, Buchhandel
K297;Berchtold-Haller-Verl.;Berchtold Haller Verlag;"Bern; Worblaufen";1848;;1064207154;https://www.egw.ch/berchtold-haller-verlag;Buchwissenschaft, Buchhandel
K298;Berenkamp;Berenkamp Verlag;Wattens;;;106528098X;http://www.berenkamp-verlag.at;Buchwissenschaft, Buchhandel
K299;Berger;;;;;;;
K300;Bergischer Verlag;Bergischer Verlag;Remscheid;;;1066122822;http://www.bergischerverlag.de;Buchwissenschaft, Buchhandel
K301;Bergmann Verlag;Bergmann-Verlag;"Unna; Freiburg im Üechtland; Dortmund";1964;1984;116032798X;;Buchwissenschaft, Buchhandel
K302;Bergstadtverl. Korn;Bergstadtverlag Wilhelm Gottlieb Korn;"Würzburg; Leipzig; Gera; München; Wien; Breslau";01.04.1914;;2119700-3;;Einzelne Branchen der Industrie und des Handwerks
K303;Bergverein zu Hüttenrode e.V.;Bergverein (Hüttenrode);Blankenburg-Hüttenrode;;;16079265-4;;
K304;Berlin Univ. Press;Berlin University Press;Wiesbaden;;;1065791631;http://www.verlagshausroemerweg.de;Buchwissenschaft, Buchhandel
K305;Berlin Verlag;Berlin Verlag;Berlin;;;1065490968;http://www.berlinverlag.de;Buchwissenschaft, Buchhandel
K306;Berliner Kreis;Berliner Kreis;Paderborn;1993;2011;5249859-1;http://www.berlinerkreis.de;
K307;Berliner Taschenbuch-Verl.;bvt Berliner Taschenbuch Verlag;Berlin;;;1064134076;;Buchwissenschaft, Buchhandel
K308;Bernardus;Bernardus Verlag;Aachen;;;1064792057;http://www.bernardus-verlag.de;Buchwissenschaft, Buchhandel
K309;Bernardus-Verl.;Bernardus Verlag;Aachen;;;1064792057;http://www.bernardus-verlag.de;Buchwissenschaft, Buchhandel
K310;Berner Schriftstellerinnen- und Schriftsteller-Verein;Berner Schriftstellerinnen- und Schriftsteller-Verein;Bern;1999;;10044255-9;;"Literarisches Leben; Arbeit"
K311;Bernewitz, Paul;;;;;;;
K312;Bernstein-Verl.;Bernstein Verlag;Borgholzhausen;;;1065712073;;Buchwissenschaft, Buchhandel
K313;Bernstein-Verlag;Bernstein Verlag;Borgholzhausen;;;1065712073;;Buchwissenschaft, Buchhandel
K314;Bertelsmann;Bertelsmann Buchdruckerei, W. Bertelsmann;Bielefeld;1880;1904;1105579883;;
K315;Bertram;;;;;;;
K316;Bertuch Verlag GmbH;Bertuch Verlag;Weimar;2003;;106565166X;http://www.bertuch-verlag.com;Buchwissenschaft, Buchhandel
K317;Best-Off-Verlag;BEST-Off-Verlag;;02.03.2010;;1065495625;http://www.bestoffverlag.de;Buchwissenschaft, Buchhandel
K318;Betz;;;;;;;
K319;Beurenia-Verl. Joos;Beurenia-Verlag;;05.09.1990;;1064295762;;Buchwissenschaft, Buchhandel
K320;Beyond-Affinity-Verl.;Beyond Affinity Verlag;Ibbenbüren;;;1067145192;http://www.beyond-affinity.de;Buchwissenschaft, Buchhandel
K321;Biberacher Verlagsdruckerei;Biberacher Verlagsdruckerei;Biberach an der Riß;;;63372-0;https://bvd.de/wp/;"Buchwissenschaft, Buchhandel; Einzelne Branchen der Industrie und des Handwerks"
K322;Biberacher Verlagsdruckerei GmbH & Co. KG;Biberacher Verlagsdruckerei;Biberach an der Riß;;;63372-0;https://bvd.de/wp/;"Buchwissenschaft, Buchhandel; Einzelne Branchen der Industrie und des Handwerks"
K324;Bibliothek der Provinz GmbH;Verlag Bibliothek der Provinz;Weitra;;;1068109416;https://www.bibliothekderprovinz.at/;Buchwissenschaft, Buchhandel
K325;Bild und Heimat;Verlag Bild und Heimat;"Berlin; Reichenbach im Vogtland";1959;;5527151-0;https://www.bild-und-heimat.de/ueber-uns-2;Buchwissenschaft, Buchhandel
K326;BildSpracheWortLaut;;;;;;;
K327;Bilderstöckchen-Buchvertrieb;;;;;;;
K328;Birgit Otten c/o Papyrus Autoren-Club;;;;;;;
K329;Birkhäuser;Birkhäuser (Firma);"Cham (Kanton Zug); Basel";1879;;16113674-6;;Buchwissenschaft, Buchhandel
K330;Birnbaum;Birnbaum Verlag e.K.;Leipzig;;;1064066763;http://www.birnbaumverlag.de;Buchwissenschaft, Buchhandel
K331;Black Library;Black Library;Nottingham;;;1065215797;;Buchwissenschaft, Buchhandel
K332;Black Umbrella Publisching;;;;;;;
K333;Black Umbrella Publishing;;;;;;;
K334;Blackelephant Publishing;;;;;;;
K335;Blaetterhaus;blaetterhaus;Tharandt;24.06.2010;;1064067131;http://www.blaetterhaus.de;Buchwissenschaft, Buchhandel
K336;Blanvalet;Blanvalet-Verlag;München;;;4007020-7;http://www.randomhouse.de;Buchwissenschaft, Buchhandel
K337;Blatt-Verl.;BLATT-Verlag;Menden (Sauerland);1999;;1065144075;;Buchwissenschaft, Buchhandel
K338;Blattlaus Verlag;Blattlaus GmbH;Saarbrücken;;;1066135231;;Buchwissenschaft, Buchhandel
K339;Blattlaus-Verlag;Blattlaus GmbH;Saarbrücken;;;1066135231;;Buchwissenschaft, Buchhandel
K340;Blauer Punkt Verlag Fasson M;Blauer Punkt Verlag;Magdeburg;;;1064930875;;Buchwissenschaft, Buchhandel
K341;Blaukreuz-Verlag;Blaukreuz-Verlag Bern;Bern;1884;;1064206948;http://blaukreuzverlag.ch;Buchwissenschaft, Buchhandel
K342;Blaulicht-Verlag;Blaulicht-Verlag GbR;Helmstedt;01.12.2009;;1067136959;http://www.blaulicht-verlag.com;Buchwissenschaft, Buchhandel
K343;Blitz;;;;;;;
K344;Blix - der neue Selbstverl.;;;;;;;
K345;Block-Verlag;Bloeck-Lichtblau Verlag;Frankfurt am Main;;;1263574327;;
K346;Blohn;;;;;;;
K347;Bloomsbury Taschenbuch;;;;;;;
K348;Blue Panther Books;blue panther books oHG;Hamburg;2006;;1065858906;http://www.blue-panther-books.de;Buchwissenschaft, Buchhandel
K349;BlueStar-Verl.;BlueStar Verlag & Vertrieb e.K.;Mönchengladbach;;;1064203086;http://www.bluestar-verlag.de;Buchwissenschaft, Buchhandel
K350;Blumenbar-Verl.;Blumenbar ein Imprint der Aufbau Verlag GmbH & Co. KG;Berlin;;;1064334148;https://www.aufbau-verlage.de/blumenbar;Buchwissenschaft, Buchhandel
K351;BoD - Books on Demand;Books on Demand GmbH;"Norderstedt; Hamburg";01.01.2001;;10068934-6;https://www.bod.de/;"Einzelne Branchen der Industrie und des Handwerks; Buchwissenschaft, Buchhandel"
K352;Bock + Herchen;Bock + Herchen Verlag Inh. K. H. Bock;Bad Honnef;01.12.1977;;1065961731;https://www.bock-und-herchen.de/;Buchwissenschaft, Buchhandel
K353;Bodan;Bodan Werft;Kressbronn am Bodensee;1919;2011;1022698923;;"Fahrzeugbau, Fördertechnik, Raumfahrttechnik; Einzelne Branchen der Industrie und des Handwerks"
K354;Boder;boeder AG;Flörsheim am Main;;2000;139195842X;;Handel allgemein, Dienstleistung allgemein
K355;Bodner;Bodner Buchhandlung und Vlg.;Pressath;01.01.1988;;106521197X;https://www.bodner.ebuch.de/;Buchwissenschaft, Buchhandel
K356;Boer Verlag;;;;;;;
K357;Boesche;;;;;;;
K358;Boje;Boje Verlag;Köln;;;1065972229;https://www.luebbe.de/boje;Buchwissenschaft, Buchhandel
K359;Boldt-Literaturverl.;Hans Boldt Literaturverlag GmbH;Winsen (Luhe);01.04.1993;;1065539398;http://www.boldt-verlag.de;Buchwissenschaft, Buchhandel
K360;Bon-say-Verl.;;;;;;;
K361;Bonifatius;Bonifatius GmbH;Paderborn;16.11.1869;;1231240-X;https://www.bonifatius.de/;Buchwissenschaft, Buchhandel
K362;BookRix GmbH & Co. KG;BookRix GmbH & Co. KG;München;;;1065796587;;Buchwissenschaft, Buchhandel
K363;Booklover Verlag;;;;;;;
K364;Bookmundo Osiander;;;;;;;
K365;Books-and-bytes;;;;;;;
K366;Bookspot-Verl.;Bookspot Verlag GmbH;München;1988;;1064736327;http://www.bookspot.de;Buchwissenschaft, Buchhandel
K367;Bouvier Verlag;Bouvier-Verlag Herbert Grundmann;Bonn;;2022;2005985-1;;"Buchwissenschaft, Buchhandel; Einzelne Branchen der Industrie und des Handwerks"
K368;Bovis-Verl.;Bovis-Verlag;;;;1064194672;http://www.bovis-verlag.de;Buchwissenschaft, Buchhandel
K369;Boxan;Boxan-Verlag;Kassel;;;1065790805;http://www.boxan.de;Buchwissenschaft, Buchhandel
K370;Brack Verlag;Brack Verlag GmbH;;;;1064786383;http://www.brack-verlag.de;Buchwissenschaft, Buchhandel
K371;Brandenburgische Genealogische Ges. Roter Adler;Brandenburgische Genealogische Gesellschaft Roter Adler;Potsdam;29.06.2006;;1065371454;http://www.bggroteradler.de;Buchwissenschaft, Buchhandel
K372;Brandes;Verlag Renate Brandes;Altenriet;;;1064743412;"https://www.brandes-verlag.de/; http://www.vms-brandes.de";Buchwissenschaft, Buchhandel
K373;Brandes & Apsel;Brandes & Apsel Verlag GmbH;Frankfurt am Main;31.12.1986;;1065858604;http://brandes-apsel.de/;Buchwissenschaft, Buchhandel
K374;Brandstätter Verlag;Thiele & Brandstätter Verlag;"Köln; Wien";2007;;1065861931;https://www.thiele-verlag.com/;Buchwissenschaft, Buchhandel
K375;Braumüller GmbH;Braumüller GmbH braumüller literaturverlag;Wien;;;1064735029;http://www.lesethek.at;Buchwissenschaft, Buchhandel
K376;Braun;;;;;;;
K377;Brauseboys;Brauseboys (Künstlervereinigung);Berlin;2003;;16002844-9;http://www.brauseboys.de;"Literarisches Leben; Theater, Tanz"
K378;Bremer Tageszeitungen AG;Bremer Tageszeitungen AG;Bremen;;;5240204-6;http://www.weser-kurier.de;Buchwissenschaft, Buchhandel
K379;Brendel;Brendel und Brendel;;;;10297230-8;;Musik (Allgemeines), Musikgeschichte
K380;Brendle;Christine Brendle (Firma);;2005;;1065791070;http://www.brendle-verlag.de;Buchwissenschaft, Buchhandel
K381;Brendow Verlag;Joh. Brendow & Sohn Verlag;"Moers; Rheinkamp";1849;;2016865-2;http://www.brendow-verlag.de;Buchwissenschaft, Buchhandel
K382;Brighton GROUP GmbH;;;;;;;
K383;Brighton Verlag;Brighton Verlag;"Ober-Flörsheim; Framersheim";2005;;1064690866;https://www.brightonverlag.com/;Buchwissenschaft, Buchhandel
K384;Brimborium Verlag;;;;;;;
K1101;Feldmann;;;;;;;
K385;Brinkmann & Bose;Brinkmann & Bose;Berlin;;;16327091-0;http://www.brinkmann-bose.de;Buchwissenschaft, Buchhandel
K386;Brockhaus;SCM R. Brockhaus (Firma);"Holzgerlingen; Witten";;;1067146776;;Buchwissenschaft, Buchhandel
K387;Brockmeyer Verlag;Universitätsverlag Brockmeyer;Bochum;;;1065858019;http://www.brockmeyer-online.de;Buchwissenschaft, Buchhandel
K388;Brot & Spiele Verlag;Brot und Spiele Verlag;Wien;13.07.2021;;1366293746;https://brotundspieleverlag.net;
K389;Brune-Mettcker Druck- und Verlags-GmbH;Brune-Mettcker Druck- und Verlagsgesellschaft mbH;"Wilhelmshaven; Jever";01.01.1999;;6007430-9;https://brune-mettcker.de/;"Einzelne Branchen der Industrie und des Handwerks; Buchwissenschaft, Buchhandel"
K390;Brunnen Verlag;Brunnen Verlag (Gießen);"Mücke (Vogelsbergkreis); Gießen";1919;;1055959173;http://brunnen-verlag.de/;Buchwissenschaft, Buchhandel
K391;Brunner Medien AG;Brunner Medien AG;Kriens;1928;;1064124771;https://www.bag.ch/verlag/buchverlag;Buchwissenschaft, Buchhandel
K392;Brückenbauer Verlag;;;;;;;
K393;Brückenschreiber Koblenz;Brückenschreiber Koblenz;Koblenz;;;16159364-1;http://brueckenschreiber-koblenz.de/;
K394;Buch & Bild Verlag;;;;;;;
K395;Buch & Media;Buch & Media GmbH;München;14.12.1999;;1065960964;http://www.buchmedia.de;Buchwissenschaft, Buchhandel
K396;Buch & Stabe Verlag;;;;;;;
K397;Buch Edition Berlin;;;;;;;
K398;Buch Salon Walbach;;;;;;;
K399;Buch und Ich Tara Dierck;;;;;;;
K400;Buch&Media;Buch & Media GmbH;München;14.12.1999;;1065960964;http://www.buchmedia.de;Buchwissenschaft, Buchhandel
K401;Buch- und Kunstverlag Oberpfalz;Buch- & Kunstverlag Oberpfalz Zweign. v. Der neue Tag Oberpfälzischer Kurier Druck- und Verlagshaus GmbH;Amberg;10.09.1990;;1065363664;http://www.buch-und-kunstverlag.de;Buchwissenschaft, Buchhandel
K402;Buch-Verl. Kempen;BVK Buch Verlag Kempen GmbH;;01.02.1996;;1065553943;http://www.buchverlagkempen.de;Buchwissenschaft, Buchhandel
K403;Buch.Macher;buch.macher autoren.verlag;;;;1065861575;;Buchwissenschaft, Buchhandel
K404;BuchHandelsGesellschaft;Buchhandelsgesellschaft;Leipzig;1765;;1072886960;;
K405;BuchHaus-Verl.;Buchhaus Verlag;Berlin;01.01.2010;;1065556462;http://www.buchhaus-verlag.de;Buchwissenschaft, Buchhandel
K406;BuchVerlag Leipzig GmbH;BuchVerlag Leipzig;Leipzig;2023;;1313494186;https://buchverlag-fuer-die-frau.de/info/Manuskripteinsendungen.html;Buchwissenschaft, Buchhandel
K407;BuchWerkstatt Berlin;Buchwerkstatt Berlin;Berlin;;;1065496729;http://www.buchwerkstatt-berlin.de;Buchwissenschaft, Buchhandel
K408;Bucher Verlag GmbH;Bucher Verlag;"Hohenems; Zürich; München; Vaduz";01.08.2006;;1065524722;http://www.bucherverlag.com;Buchwissenschaft, Buchhandel
K409;Buchet Chastel;;;;;;;
K410;Buchhandlung Beim Augarten;Buchhandlung Beim Augarten;Wien;;;1065366205;http://www.buchhandlungbeimaugarten.at;Buchwissenschaft, Buchhandel
K411;Buchhandlung Grimpe;Buchhandlung Grimpe;Northeim;1955;;1021753912;http://www.buchhandlung-grimpe.de;Buchwissenschaft, Buchhandel
K412;Buchkontor Teltow;Buchkontor Teltow;Teltow;2012;;1065715234;http://www.buchkontor-teltow.de;Buchwissenschaft, Buchhandel
K413;Buchlader;Buchlader;Berlin;;;1065170262;http://www.buchlader.de;Buchwissenschaft, Buchhandel
K414;Buchmodul.ch;Buchmodul.ch, Zumsteg Druck AG;Frick;;;1064297463;http://www.buchmodul.ch;Buchwissenschaft, Buchhandel
K415;Buchschmiede von Dataform Media GmbH;;;;;;;
K416;Buchverlag Andrea Schmitz;;;;;;;
K417;Buchverlag Andrea Stangl;;;;;;;
K418;Buchverlag Peter Hellmund;;;;;;;
K419;Buchwerk Verlag;;;;;;;
K420;Buchwerkstatt;Buchwerkstatt Berlin;Berlin;;;1065496729;http://www.buchwerkstatt-berlin.de;Buchwissenschaft, Buchhandel
K421;Budde-Haus – Soziokulturelles Zentrum Leipzig-Gohlis;Heinrich-Budde-Haus Leipzig;;;;4629621-9;;Ortsgebundene Bauwerke
K422;Bund für Dt. Schrift und Sprache;Bund für Deutsche Schrift und Sprache;;1989;;2115377-2;http://www.bfds.de;
K423;Bundesverb. Alphabetisierung und Grundbildung;Bundesverband Alphabetisierung und Grundbildung;Münster (Westf);2006;;10155702-4;https://alphabetisierung.de/;
K424;Bundesverband Junger Autoren und Autorinnen e.V.;Bundesverband Junger Autoren und Autorinnen;Bonn;1987;;2110933-3;https://jungeautoren.org/;"Literarisches Leben; Arbeit"
K425;Bundesverband junger Autoren und Autorinnen (BVjA);Bundesverband Junger Autoren und Autorinnen;Bonn;1987;;2110933-3;https://jungeautoren.org/;"Literarisches Leben; Arbeit"
K426;Bundeswettbewerbe der Berliner Festspiele;;;;;;;
K427;Burg Verlag;Burg Verlag (Rehau);Rehau;2003;;1064201997;http://www.burg-verlag.com;Buchwissenschaft, Buchhandel
K428;Burgenländisch-Hianzische Gesellschaft;Burgenländisch Hianzische Gesellschaft Hianzenverein;Oberschützen;09.10.1996;;1068374152;http://www.hianzenverein.at/;Buchwissenschaft, Buchhandel
K429;Burgenwelt Verlag;Burgenwelt Verlag;Bremen;;;1065145012;http://www.burgenweltverlag.de;Buchwissenschaft, Buchhandel
K430;Burghügelverl.;BURGHÜGELVERLAG;;;;1065163711;http://www.greifenbuchverlag.de;Buchwissenschaft, Buchhandel
K431;Burkana-Verl.;BurkanaVerlag;Borkum;;;1064195040;http://www.burkana-verlag.de;Buchwissenschaft, Buchhandel
K432;Busch Books;;;;;;;
K433;Butze;Butze Verlag;Uetersen;25.06.2007;;1065036604;http://www.butze-verlag.de;Buchwissenschaft, Buchhandel
K434;Butzon & Bercker;Butzon und Bercker GmbH (Kevelaer);Kevelaer;22.11.1870;;2006814-1;http://www.engagementbuch.de;"Buchwissenschaft, Buchhandel; Einzelne Branchen der Industrie und des Handwerks; Papierherstellung, Grafische Technik"
K435;Bvv, Buchvolkverl.;;;;;;;
K436;Bächtold;;;;;;;
K437;Bäßler;hendrik Bäßler verlag;Berlin;1994;;1067142800;https://www.baesslerverlag.de;Buchwissenschaft, Buchhandel
K438;Böhland & Schremmer Verlag;Dorothea Böhland u. Dr. Michael Schremmer;Berlin;;;1064916260;;Buchwissenschaft, Buchhandel
K439;Böhlau-Verlag;Böhlau-Verlag;"Köln; Graz; Wien; Weimar";1947;;2005806-8;;Buchwissenschaft, Buchhandel
K440;Böhme;;;;;;;
K441;BördeAutoren e.V.;BördeAutoren;Soest;06.06.2018;;1350505161;;
K442;Bübül Verlag;;;;;;;
K1746;Lehr, Jennifer;;;;;;;
K754;Ed. A;edition a GmbH;Wien;2004;;1065565186;http://www.edition-a.at/;Buchwissenschaft, Buchhandel
K443;Büchergilde Gutenberg;Büchergilde Gutenberg Verlagsgesellschaft;Frankfurt am Main;1945;;2006281-3;https://www.buechergilde.de;"Buchwissenschaft, Buchhandel; Einzelne Branchen der Industrie und des Handwerks"
K444;Bücherplantage UG;;;;;;;
K445;Büchner;Büchner-Verlag;"Marburg; Darmstadt";15.02.2008;;1065426178;https://www.buechner-verlag.de/;Buchwissenschaft, Buchhandel
K446;Büchner-Verlag;Büchner-Verlag;"Marburg; Darmstadt";15.02.2008;;1065426178;https://www.buechner-verlag.de/;Buchwissenschaft, Buchhandel
K447;Büchse der Pandora;Büchse der Pandora Verlags-GmbH;Wetzlar;16.09.1977;;1064300367;;Buchwissenschaft, Buchhandel
K448;Bürger- und Heimatverein Barßel e.V.;Bürger- und Heimatverein Barßel;Barßel;;;5227218-7;http://www.bhv-barssel.com;
K449;Bürgerstiftung Düren;Bürgerstiftung Düren;Düren;;;16159978-3;;
K450;Büro Wilhelm Verlag;Büro Wilhelm. Verlag;Amberg;2002;;1176167537;https://www.buero-wilhelm-verlag.de/;Buchwissenschaft, Buchhandel
K452;C&C - Contact & Creation;;;;;;;
K453;C. Bertelsmann;C.-Bertelsmann-Verlag (München);München;;;2029240-5;http://www.randomhouse.de;Buchwissenschaft, Buchhandel
K454;C. M. Brendle Verlag;;;;;;;
K455;C. Simon;;;;;;;
K456;C.-P. Peters;;;;;;;
K457;C.F. Portmann Verlag;C.F. Portmann Verlag;Küsnacht (Kanton Zürich);22.12.2004;;1064916945;http://www.cfportmann.ch;Buchwissenschaft, Buchhandel
K458;C.H. Beck;Verlag C.H. Beck;München;;;1023902869;https://www.beck.de;Buchwissenschaft, Buchhandel
K459;C.W. Leske Verlag;C.W. Leske Verlag;"Opladen; Düsseldorf; Darmstadt";"2010; 1807; 1821";"1811; 1974";404588-9;;Buchwissenschaft, Buchhandel
K460;CARDAMINA VERLAG Susanne Breuel;Cardamina Verlag;"Weißenthurm; Plaidt; Koblenz";;;1064206328;https://www.cardamina.net;Buchwissenschaft, Buchhandel
K461;CARE Deutschland e.V;CARE Deutschland e.V.;Bonn;"XX.XX.2018; XX.XX.1980";XX.09.2004;405521-4;https://www.care.de/;Sozialarbeit, Sozialhilfe
K462;CAT creativ + Papierfresserchens MTM-Verlag;Papierfresserchens MTM-Verlag GbR;Nonnenhorn;28.03.2007;;1065871333;http://www.papierfresserchen.de;Buchwissenschaft, Buchhandel
K463;CBK-Productions;;;;;;;
K464;CHORA;CHORA;;;;1086517814;;
K465;CINDIGO;CindigoFilm GmbH;München;;;1065216122;http://www.cindigofilm.de;Buchwissenschaft, Buchhandel
K466;CLIO;Clio;;;;10310221-8;;Musik (Allgemeines), Musikgeschichte
K467;CLV, Christliche Literatur-Verbreitung;Christliche Literatur-Verbreitung e.V.;Bielefeld;15.05.1983;;1065286740;http://www.clv.de;"Katechetik, Christliche Erziehung, Kirchliche Bildungsarbeit; Buchwissenschaft, Buchhandel"
K468;CM Medienverlag;CM Medienverlag Inh. Christoph Morré;;01.10.2001;;1065039778;http://www.medienverlag.at;Buchwissenschaft, Buchhandel
K469;CMS Verlagsgesellschaft;CMS Verlagsgesellschaft;Zug;13.02.2003;;1064733883;;Buchwissenschaft, Buchhandel
K470;CMZ;CMZ-Verlag und Versandbuchhandlung Winrich C.-W. Clasen;Rheinbach;01.04.1979;;1065360959;http://www.cmz.de;Buchwissenschaft, Buchhandel
K471;COD-Verl.;;;;;;;
K472;CSV, Verl. Christliche Schriftenverbreitung;Christliche Schriftenverbreitung e.V.;Hückeswagen;1972;;2055058-3;https://www.csv-verlag.de;Buchwissenschaft, Buchhandel
K473;CTM Lesekultur, Christine Reiter;;;;;;;
K474;CW Niemeyer Buchverlag GmbH;CW Niemeyer Buchverlage GmbH;Hameln;1797;;1065133723;"https://niemeyer-buch.de/; http://www.niemeyer-buch.de";Buchwissenschaft, Buchhandel
K475;Calambac Verlag;Calambac Verlag;"Niederstetten; Saarbrücken";2011;;1065790899;https://www.calambac-verlag.com/;Buchwissenschaft, Buchhandel
K476;Calderan;;;;;;;
K477;Callwey;Callwey GmbH;München;01.01.1884;;2011509-X;https://www.callwey.de/;"Buchwissenschaft, Buchhandel; Einzelne Branchen der Industrie und des Handwerks"
K478;Calvendo Verlag GmbH;Calvendo Verlag GmbH;Unterhaching;30.06.2012;;1065566573;http://www.calvendo.de;Buchwissenschaft, Buchhandel
K479;Cameo;Cameo;;;;5128913-1;;Musik (Allgemeines), Musikgeschichte
K480;Candela;Candela;;;;5500286-9;;Musik (Allgemeines), Musikgeschichte
K481;Caput Musikverlag;Caput Musikverlag Jena;;;;1065281269;http://www.caput-online.de;Buchwissenschaft, Buchhandel
K482;Caracol Verlag;Caracol Verlag;Warth-Weiningen;2020;;1238382177;https://caracol-verlag.ch/;
K483;Cardamina-Verl. Breuel;Cardamina Verlag;"Weißenthurm; Plaidt; Koblenz";;;1064206328;https://www.cardamina.net;Buchwissenschaft, Buchhandel
K484;Care-Line;Care-Line Verlag;Stamsried;;;1065495110;;Buchwissenschaft, Buchhandel
K485;Carin Müller c/o Die Bücherfee Karina Reiß;;;;;;;
K486;Carinus Rotlinde c/o autorenglück.de;;;;;;;
K487;Carl Hanser Verlag;Carl Hanser Verlag;München;01.10.1928;;2007034-2;https://www.hanser.de/;Buchwissenschaft, Buchhandel
K488;Carl Schünemann Verlag;Carl Ed. Schünemann KG;Bremen;1810;;2006946-7;http://www.schuenemann-verlag.de;"Einzelne Branchen der Industrie und des Handwerks; Papierherstellung, Grafische Technik; Buchwissenschaft, Buchhandel"
K489;Carl Stephenson Verlag;Carl-Stephenson-Verlag (Flensburg);Flensburg;;;2006775-6;;Einzelne Branchen der Industrie und des Handwerks
K490;Carl-Auer Verlag GmbH;Carl-Auer-Systeme Verlag und Verlagsbuchhandlung GmbH;Heidelberg;25.09.1989;;1065367953;http://www.carl-auer.com;Buchwissenschaft, Buchhandel
K491;Carla Eisfeldt c/o Block Services;;;;;;;
K492;Carlesso Verlag;;;;;;;
K493;Carow Verlag;Carow Verlag Gruppe;Müncheberg;;;106473930X;;Buchwissenschaft, Buchhandel
K494;CarpeGusta;;;;;;;
K495;Cartagena;;;;;;;
K496;CeS V;;;;;;;
K497;Celtic Rose;Celtic Rose Verlag Weinmann KG;Mörfelden-Walldorf;;;106611921X;http://www.celtic-rose-verlag.com;Buchwissenschaft, Buchhandel
K498;Cenarius;cenarius Verlag;;;;1065505043;http://www.cenarius-verlag.de;Buchwissenschaft, Buchhandel
K499;Centre National de Littérature;Centre National de Littérature;"Mersch; Luxemburg (Stadt)";13.10.1995;;5175927-5;http://www.cnl.public.lu;Literarisches Leben
K500;Ch. Möllmann;;;;;;;
K501;Chaospony Verlag;;;;;;;
K1747;Leim;;;;;;;
K502;Chaotic-Revelry-Verl.;Chaotic Revelry Verlag e.K.;"Köln; Swisttal (Ort)";23.05.2007;01.01.2016;1065495293;http://www.cr-verlag.de;Buchwissenschaft, Buchhandel
K503;Charles Verlag;Charles-Verlag;Frankfurt am Main;;;1065859465;http://www.meddimueller.com;Buchwissenschaft, Buchhandel
K504;Chasa Editura Rumantscha;Chasa Editura Rumantscha;Chur;;;106586180X;;Buchwissenschaft, Buchhandel
K505;Chat Noir;Chat-Noir;Paris;1881;1897;4283522-7;;Kabarett, Zirkus, Varieté
K506;Chawila;Chawila Verlag;Berlin;;;1065796706;;Buchwissenschaft, Buchhandel
K507;Cherrytea Verlag;;;;;;;
K508;Chiliverlag;chiliverlag;Verl;;;1064332730;http://www.chiliverlag.de;Buchwissenschaft, Buchhandel
K509;Chill Media;;;;;;;
K510;China Fan Verlag;;;;;;;
K511;Christel Göttert Verlag;;;;;;;
K512;Christliche Schriftenverbreitung;Christliche Schriftenverbreitung e.V.;Hückeswagen;1972;;2055058-3;https://www.csv-verlag.de;Buchwissenschaft, Buchhandel
K513;Christliche Verlagsgesellschaft;Christliche Verlagsgesellschaft mbH;Dillenburg;1957;;1065434235;http://www.cv-dillenburg.de;Buchwissenschaft, Buchhandel
K514;Christoph Merian Verlag;Christoph Merian Verlag;Basel;1976;;1064062784;https://www.merianverlag.ch/;Buchwissenschaft, Buchhandel
K515;Chronos;Chronos Verlag;Zürich;1985;;1064059031;https://www.chronos-verlag.ch/;Buchwissenschaft, Buchhandel
K516;CiTi;;;;;;;
K517;Civitas Imperii Verlag;Ben Berg - Civitas Imperii Verlag;Plochingen;17.06.2009;;1067148922;http://www.civitas-imperii-verlag.de;Buchwissenschaft, Buchhandel
K518;Claassen;Claassen Verlag;Berlin;;;1065361106;http://www.claassen-verlag.de;Buchwissenschaft, Buchhandel
K519;ClauS-Verl.;ClauS Verlag GmbH;Chemnitz;;;1066135479;http://www.claus-verlag.de;Buchwissenschaft, Buchhandel
K520;Claudia Wollny Edition;;;;;;;
K521;Claudius;;;;;;;
K522;Cleya;;;;;;;
K523;Club der Sinne;Club der Sinne;Berlin;;;106528053X;http://www.club-der-sinne.de;Buchwissenschaft, Buchhandel
K524;CoCon-Verlag GmbH;CoCon-Verlag;Hanau;09.01.1990;XX.XX.2022;1065557655;http://www.cocon-verlag.de;Buchwissenschaft, Buchhandel
K525;Cobra Verlag;CoBRa-Verlag;Aachen;;;1316958779;;
K526;Coburger Autorengemeinschaft Schreibsand;Autorengemeinschaft Schreibsand;Coburg;2010;;1026933897;;
K527;Codi-Verl.;CODI Verlag;Westeregeln;;;1065176112;;Buchwissenschaft, Buchhandel
K528;Cogitare Verlag;Peter Kusel Cogitare Verlag;;;;1065858477;;Buchwissenschaft, Buchhandel
K529;Colorama;Colorama Verlagsgesellschaft mbH;Salzburg;1995;;1065651384;http://www.colorama.at;Buchwissenschaft, Buchhandel
K530;Community Editions;;;;;;;
K531;Compact;Compact Verlag GmbH;München;03.05.1976;;1065360827;http://www.compactverlag.de;Buchwissenschaft, Buchhandel
K532;Con-Text, Bronisch;Con-Text;Warngau;01.06.2006;;1064211011;http://www.con-text.biz;Buchwissenschaft, Buchhandel
K533;Conabru-Verl.;Conabru Verlag;Mering;;;1065966644;;Buchwissenschaft, Buchhandel
K534;Concepcion Seidel OHG;concepcion Seidel oHG;Muldenhammer-Hammerbrücke;;;1064735037;http://www.concepcion.de;Buchwissenschaft, Buchhandel
K535;Concept Leben, Werbe- und Einkaufsgesellschaft für den konfessionellen Buchhandel mbH;;;;;;;
K536;Connewitzer Verlagsbuchandlung;;;;;;;
K537;Conte Verlag;CONTE Verlag GmbH;Sankt Ingbert;XX.11.2001;;1064134696;http://www.conte-verlag.de;Buchwissenschaft, Buchhandel
K538;Contessa-Verl.;Contessa Verlag Wilfrid Lutz;;2000;;1065438559;http://www.contessa-verlag.de;Buchwissenschaft, Buchhandel
K539;ContraPunkt;Contrapunkt;;;;16042761-7;;Musik (Allgemeines), Musikgeschichte
K540;Cool-Verl.;Cool Verlag;Bergisch Gladbach;XX.11.2006;;1065867220;http://www.cool-verlag.de;Buchwissenschaft, Buchhandel
K541;Coppenrath;F.-Coppenrath-Verlag (Münster (Westf));Münster (Westf);;;2010292-6;;
K542;Coppenrath Verlag GmbH & Co. KG;F.-Coppenrath-Verlag (Münster (Westf));Münster (Westf);;;2010292-6;;
K543;Copy-us-Verl.-GmbH;copy-us Verlags GmbH;Kleve (Kreis Kleve);1999;;1065560931;http://www.edition-anderswo.de;Buchwissenschaft, Buchhandel
K544;Cornelia-Goethe-Literaturverl.;Cornelia-Goethe-Literaturverlag (Frankfurt, Main);;;;1087616999;;
K545;Cornelsen;Cornelsen Verlag GmbH & Co.;Berlin;1946;;4476868-0;;Buchwissenschaft, Buchhandel
K546;Corso;Corso;Wiesbaden;;;1065492499;http://www.verlagshausroemerweg.de;Buchwissenschaft, Buchhandel
K547;Cortex Unit;Cortex Unit e.K.;Berlin;;;1065704283;http://www.cortexunit.de;Buchwissenschaft, Buchhandel
K548;Cosmopolitan-Art-Verl.;;;;;;;
K549;Cosmos Verlag;Cosmos Verlag;Muri bei Bern;1923;;1064053408;http://www.cosmosverlag.ch;Buchwissenschaft, Buchhandel
K550;Crago-Verl.;Crago-Verlag;Weikersheim;1994;;1065129971;;Buchwissenschaft, Buchhandel
K551;Crearta;;;;;;;
K552;Creastro Verlag;Creastro-Verlag;Wasserburg a. Inn;XX.06.2005;;1065027044;http://www.creastro.de;Buchwissenschaft, Buchhandel
K553;CreateSpace Independent Publishing Platform;;;;;;;
K554;Creativo, Initiationgruppe für Literatur, Wissenschaft und KUnst;;;;;;;
K555;Crespo Foundation;Crespo Foundation;Frankfurt am Main;2001;;16057615-5;https://www.crespo-foundation.de/;Kultur, Künste allgemein
K556;Cross Cult;Cross Cult (Firma);Ludwigsburg;;;1065438982;https://www.cross-cult.de/;Buchwissenschaft, Buchhandel
K557;Culex-Verl.;Culex Verlag;"Bielefeld; Duisburg";;;1065171935;http://www.culex-verlag.de;Buchwissenschaft, Buchhandel
K558;CulturTainment;;;;;;;
K559;Cupido Books;Cupido Verlag;Köln;;;106585272X;http://www.cupido-books.de;Buchwissenschaft, Buchhandel
K560;Cuvillier;Eric Cuvillier (Firma);Göttingen;1989;;1067137041;https://cuvillier.de/de/cuvillier-verlag;Buchwissenschaft, Buchhandel
K561;Cyber Publishing e-Verlag GmbH;Cyber Publishing e-Verlag GmbH;Wien;;;106478948X;http://www.cyberpublishing.at;Buchwissenschaft, Buchhandel
K562;Czernin Verlag;Czernin Verlag;Wien;1999;;1065659490;http://www.czernin-verlag.com/;Buchwissenschaft, Buchhandel
K563;D. Sargon;;;;;;;
K564;DAS GRAMM e.K.;;;;;;;
K1748;Leinbergland-Verl.;;;;;;;
K565;DAS SYNDIKAT – Autorengruppe deutschsprachige Kriminalliteratur A.I.E.P.;;;;;;;
K566;DCS;DCS;;;;10299990-9;;Musik (Allgemeines), Musikgeschichte
K755;Ed. ALFA;;;;;;;
K756;Ed. Alpha-Beta-Verl.;;;;;;;
K567;DEMMLER VERLAG;Demmler Verlag GmbH;Ribnitz-Damgarten;01.03.1990;;106543488X;http://www.demmlerverlag.de;Buchwissenschaft, Buchhandel
K568;DG-Eigenverlag;;;;;;;
K569;DHBW Mannheim;Duale Hochschule Baden-Württemberg Mannheim;Mannheim;01.03.2009;;16012636-8;https://www.dhbw-mannheim.de/;"Berufsausbildung; Hochschule"
K570;DIWAN;Diwan Verlag;Zürich;;;1064921736;https://diwan.ch/buchverlag/;Buchwissenschaft, Buchhandel
K571;DIWAN Verlag;Diwan Verlag;Zürich;;;1064921736;https://diwan.ch/buchverlag/;Buchwissenschaft, Buchhandel
K572;DNMP, Daniel Neumann Medienproduktion;;;;;;;
K573;DOBU-Verl.;DOBU-Verlag e.K.;Hamburg;;;1066120951;;Buchwissenschaft, Buchhandel
K574;DREIERLEI;;;;;;;
K575;DRP Rosenkreuz Verlag;DRP Rosenkreuz Verlag GmbH;;;;1065216459;http://www.drp-rosenkreuz-verlag.de;Buchwissenschaft, Buchhandel
K576;DRW-Verl. Weinbrenner, Braun;DRW-Verlag Weinbrenner;Leinfelden-Echterdingen;1874;;1065369441;http://www.drw-verlag.de/;Buchwissenschaft, Buchhandel
K577;Dabbelju-Verl.;Verlag Dabbelju;Köln;;;1064327567;http://www.dabbelju.de;Buchwissenschaft, Buchhandel
K578;Daedalus Verlag;Daedalus Verlag Joachim Herbst;Münster (Westf);23.01.1984;;1065358032;http://www.daedalus-verlag.de;Buchwissenschaft, Buchhandel
K579;Dahlemer Verl.-Anst.;dahlemer verlagsanstalt;Berlin;1988;;1065782659;http://www.da-ve.de/;Buchwissenschaft, Buchhandel
K580;Daidalos DruckWerke;Daidalos DruckWerke;Groß-Enzersdorf;;;106521541X;;Buchwissenschaft, Buchhandel
K581;Daniel Osthoff Verlag;;;;;;;
K582;Daphne Bühner c/o Autorenbetreuung Carole Minn;;;;;;;
K583;Dark-Empire-Verlag;;;;;;;
K584;Das Entlebucher Medienhaus;;;;;;;
K585;Das Erotische Sekretariat;Cosar, Sascha, u. Alexandra Gentara. Das erotische Sekretariat;Mülheim an der Ruhr;;;1068103167;;Buchwissenschaft, Buchhandel
K586;Das Goldene Tor;Das goldene Tor (Zeitschrift);;;;4219445-3;;"Presse; Literarisches Leben"
K587;Das Neue Berlin;Verlag Das Neue Berlin;Berlin (Ost);1946;;5335270-1;;
K588;Das Verlag;Das Verlag;Basel;;;1330967585;;
K589;Das Wetter – Magazin für Text und Musik;Das Wetter (Zeitschrift);;;;126359705X;;"Literarisches Leben; Presse"
K590;Dağyeli;Dağyeli-Verlag (Frankfurt am Main);Frankfurt am Main;1983;1991;1073075559;;
K591;Db-Verl.;db-verlag;Horw;;;1064126960;http://www.db-verlag.ch;Buchwissenschaft, Buchhandel
K592;De Gruyter;Walter de Gruyter GmbH & Co. KG;"Berlin; Boston, Mass.";1998;;10095502-2;https://www.degruyter.com;Buchwissenschaft, Buchhandel
K593;DeBehr;Verlag DeBehr;"Großröhrsdorf; Radeberg";;;1065493134;https://debehr.de/index.php;Buchwissenschaft, Buchhandel
K594;DeWinter Waldorf Glass;;;;;;;
K595;Dead-Soft-Verl.;Dead Soft Verlag e. K.;;;;1066128774;http://www.deadsoft.de;Buchwissenschaft, Buchhandel
K596;Debras-Verl.;Debras Verlag;Konstanz;;;1065712359;http://www.debras-verlag.de;Buchwissenschaft, Buchhandel
K597;Dein-Lieblingsbuch Atelier & Verlag;;;;;;;
K598;Delta X Verlag e.U.;;;;;;;
K599;Deltus;Deltus.de;Leipzig;01.08.2007;;1065033478;;Buchwissenschaft, Buchhandel
K600;Demosthenes-Verl.;Demosthenes-Verlag (Köln);Köln;;;10032083-1;;Einzelne Branchen der Industrie und des Handwerks
K601;Dendron;Atelier und Editions Dendron;"Chabrey; Lugnorre; Bern";1976;;1064059090;http://www.dendron-edition.ch;Buchwissenschaft, Buchhandel
K602;Denkmayr;Denkmayr Druck & Verlag GmbH;Linz;;;1065526598;;Buchwissenschaft, Buchhandel
K603;Der Doppeldaumenmann c/o Block Services;;;;;;;
K604;Der Erzählverlag;;;;;;;
K605;Der Fabrik Verlag;DER FABRIK VERLAG GmbH;Cottbus;;;1065491948;http://www.fabrik-verlag.de;Buchwissenschaft, Buchhandel
K606;Der Kleine Buch-Verlag;Der Kleine Buch Verlag;Karlsruhe;;;1064728162;http://www.derkleinebuchverlag.de;Buchwissenschaft, Buchhandel
K607;Der Neue Morgen;Verlag Der Neue Morgen UG & Co. KG;Rudolstadt;;;1065654510;http://www.der-neue-morgen.de;Buchwissenschaft, Buchhandel
K608;Der Starke Verl.;Der Starke Verlag;Hannover;;;1065169213;http://www.derstarkeverlag.de;Buchwissenschaft, Buchhandel
K609;Der Verlag Dr. Snizek;Der Verlag Dr. Snizek e.U.;Wien;;;1065792506;http://www.der-verlag.at;Buchwissenschaft, Buchhandel
K610;Der Wolf Verlag;der wolf verlag & agentur;;;;1065364784;http://www.wolf-verlag.com;Buchwissenschaft, Buchhandel
K611;Der gesunde Menschenversand GmbH;Der Gesunde Menschenversand GmbH;Luzern;1998;;1065504047;http://www.menschenversand.ch;Buchwissenschaft, Buchhandel
K612;Derk Janßen Verlag;Derk Janßen (Firma);Freiburg im Breisgau;13.04.2005;;1064209513;http://www.derk-janssen-verlag.de;Buchwissenschaft, Buchhandel
K613;Design Pavoni Verlag;Design Pavoni Verlag;Bocholt;;;106502679X;;Buchwissenschaft, Buchhandel
K614;Deuticke;Deuticke Verlag in Paul Zsolnay Verlag Ges.m.b.H.;Wien;;;1067141227;;Buchwissenschaft, Buchhandel
K615;Deutsche Literaturgesellschaft;Deutsche Literaturgesellschaft;"Berlin; Zug";;;1065974043;https://deutsche-literaturgesellschaft.de;Buchwissenschaft, Buchhandel
K616;Deutsche Verlags-Anstalt;Deutsche Verlags-Anstalt;"München; Stuttgart";1881;;2008416-X;http://www.randomhouse.de/Verlag/DVA/36000.rhd;Buchwissenschaft, Buchhandel
K617;Deutscher Lyrik Verlag;;;;;;;
K618;Deutscher Taschenbuch Verlag;Deutscher Taschenbuch-Verlag (München);München;1960;;2008574-6;https://www.dtv.de/;Buchwissenschaft, Buchhandel
K619;Deutscher Theaterverlag;Deutscher Theaterverlag;Weinheim;1969;;1065359713;http://www.dtver.de;Buchwissenschaft, Buchhandel
K620;Dgv, Digitalverl.;;;;;;;
K621;Dialog-Edition;Verlag Dialog-Edition;Duisburg;;;1065971311;;Buchwissenschaft, Buchhandel
K622;Dialogverlag;Dialogverlag Presse- und Medien Service GmbH;Münster (Westf);04.07.1996;;1065431597;http://www.dialogverlag.de;Buchwissenschaft, Buchhandel
K623;Diana TB;Diana TB;München;;;1064195121;http://www.randomhouse.de;Buchwissenschaft, Buchhandel
K624;Diana-Verl.;Diana Verlag;;;;106491876X;;Buchwissenschaft, Buchhandel
K625;Diaphanes;Diaphanes;"Berlin; Zürich";2001;;1064211070;http://www.diaphanes.net;Buchwissenschaft, Buchhandel
K626;DichtFest GbR;;;;;;;
K757;Ed. Andrann;Edition Andrann Elke Hahn;;;;1064067158;;Buchwissenschaft, Buchhandel
K627;DichterSchreibenverl.;dichterSchreibenverlag;Krefeld;06.06.2008;;1066122105;http://www.dichterschreibenverlag.de;Buchwissenschaft, Buchhandel
K628;Dichterwettstreit deluxe;;;;;;;
K629;Die 7 Zwerge e.V.;;;;;;;
K630;Die Andere Bibliothek;AB - Die Andere Bibliothek GmbH & Co. KG;Berlin;2012;;1067137653;http://www.die-andere-bibliothek.de;Buchwissenschaft, Buchhandel
K631;Die Geschichtenfabrik;;;;;;;
K632;Die Glücksoase;;;;;;;
K633;Die Gruppe 48 e.V.;Die Gruppe 48;Kiel;13.02.2016;;1239134304;https://www.die-gruppe-48.net;
K634;Die Phantasten;Die Chromatischen Phantasten;;;;10304503-X;;Musik (Allgemeines), Musikgeschichte
K635;Die Provinz GmbH – Kulturprojekte;Die Provinz GmbH;Zürich;;;1065791623;http://www.provinz.ch;Buchwissenschaft, Buchhandel
K636;Die Schatzkiste;;;;;;;
K637;Die experimenta erscheint bei EDITION MAYA;;;;;;;
K638;Die2 Verlag;Die2, Verein für Theater- und Konzertaufführungen und Verbreitung Europäischer Kultur;;;;16152887-9;http://www.die2-records.com;
K639;Diederichs;Eugen Diederichs Verlag;"Jena; München; Köln; Düsseldorf; Florenz; Leipzig";1896;;2156924-1;https://www.penguinrandomhouse.de/Verlag/Diederichs/52000.rhd;Buchwissenschaft, Buchhandel
K640;Dielmann;Axel Dielmann Verlag;Frankfurt am Main;1993;;4663990-1;http://www.dielmann-verlag.de;Buchwissenschaft, Buchhandel
K641;Dieselstrasse, Kulturzentrum;Kultur- und Kommunikationszentrum (Esslingen am Neckar);Esslingen am Neckar;;;5555223-7;;
K642;Dietrich, Gabriella;;;;;;;
K643;Dietschi;Dietschi AG;Olten;1972;2014;1058161512;http://www.dietschi.ch/;"Einzelne Branchen der Industrie und des Handwerks; Presse"
K644;Digitalreprint;digitalreprint GmbH;Bad Feilnbach;;;1065171714;;Buchwissenschaft, Buchhandel
K645;Dillmann Verlag;;;;;;;
K646;Diogenes;Diogenes Verlag;Zürich;1952;;2009154-0;https://www.diogenes.ch/leser.html;Buchwissenschaft, Buchhandel
K647;Diotima Verlag;Diotima Verlag;Wuppertal;;;1064924271;http://www.diotimaverlag.de;Buchwissenschaft, Buchhandel
K648;Dirk-Laker-Verlag;Dirk Laker (Firma);Bielefeld;01.08.2007;;1065097158;http://www.dirk-laker-verlag.de;Buchwissenschaft, Buchhandel
K649;Distillery;Distillery;Berlin;;;1066126615;http://www.distillerypress.de;Buchwissenschaft, Buchhandel
K650;Dittrich;Dittrich Verlag;"Berlin; Köln";27.07.1990;;106549470X;http://www.dittrich-verlag.de;Buchwissenschaft, Buchhandel
K651;Docupoint-Verlag;docupoint GmbH;"Barleben; Magdeburg";30.09.1998;;1066115958;http://www.docupoint-md.de;Buchwissenschaft, Buchhandel
K652;Doering;;;;;;;
K653;Dokumentationsstelle für Neuere Österr. Literatur;;;;;;;
K654;Dominikanerkloster Prenzlau;Dominikanerkloster Prenzlau - Kulturzentrum und Museum;Prenzlau;;;10082949-1;http://www.dominikanerkloster-prenzlau.de;Liturgik, Frömmigkeit
K655;Dominoplan;DominoPlan (Firma);Jena;;;1065295901;http://www.dominoplan.de;Buchwissenschaft, Buchhandel
K656;Domowina-Verlag;Domowina-Verlag;Bautzen;1958;;2030845-0;;Buchwissenschaft, Buchhandel
K657;Donat Verlag;Helmut Donat Freiherr von Bothmer Donat Verlag;Bremen;11.05.1981;;1065552793;http://www.donat-verlag.de;Buchwissenschaft, Buchhandel
K658;Donauschwäbische Kulturstiftung;Donauschwäbische Kulturstiftung;München;17.06.1978;;45944-6;http://www.kulturstiftung.donauschwaben.net;"Buchwissenschaft, Buchhandel; Kultur, Künste allgemein"
K659;Donny-Stieven-Verl.;Donny Stieven Verlag;Berlin;06.02.2006;;106421035X;http://www.donny-stieven-verlag.de;Buchwissenschaft, Buchhandel
K660;DoplPack;Doplpack Verlag;Hamburg;;;1067139818;http://www.doplpack.de;Buchwissenschaft, Buchhandel
K661;Dorante Edition;;;;;;;
K662;Dorferneuerungsverein Prigglitz;;;;;;;
K663;Dorise Verlag;Dorise Verlag;Erfurt;01.08.2006;;1065971621;http://www.literaturfenster-aktuell.de;Buchwissenschaft, Buchhandel
K664;Dortmund Verlag;Dortmund-Verlag.de;Dortmund;2007;;1065538839;http://www.dortmund-verlag.de;Buchwissenschaft, Buchhandel
K665;Dortmunder Buch;Dortmunder Buch Verlag;Dortmund;;;106556323X;;Buchwissenschaft, Buchhandel
K666;Dosse-Verl.;Dosse Verlag;;1995;;1065709579;http://www.dosseverlag.de;Buchwissenschaft, Buchhandel
K667;Dover Publications, Inc.;Dover Publications;New York, NY;1948;;1085778770;;
K668;Dr. Constantin Pana Buchverlag;;;;;;;
K669;Dr. Gisela Lermann Verlag;;;;;;;
K670;Dr. Jürgen Oberle;;;;;;;
K671;Dr. Martin Bethke Storyvents;;;;;;;
K672;Dr. Ziethen Verlag;Dr. Harry Ziethen (Firma);;05.05.1991;;1065423349;http://www.dr-ziethen-verlag.de;Buchwissenschaft, Buchhandel
K673;Drachen-Verl.;Drachen Verlag;Lassan- Klein Jasedow;1991;;1388300990;;
K674;DrachenStern Verlag;;;;;;;
K675;Drachenhaus Verlag;Drachenhaus Verlag;Esslingen am Neckar;;;1064331831;http://www.drachenhaus-verlag.com;Buchwissenschaft, Buchhandel
K676;Drachenmond Verlag;Drachenmond Verlag;"Leverkusen; Hürth";1996;;1064792936;http://www.drachenmond.de;Buchwissenschaft, Buchhandel
K677;Draconis Books;;;;;;;
K678;Draksal Fachverlag GmbH;Draksal Fachverlag GmbH;Leipzig;1997;;1064123244;http://www.draksal-verlag.de;Buchwissenschaft, Buchhandel
K679;Draufhau-Verl.;;;;;;;
K680;Draupadi Verlag;Draupadi Verlag;Heidelberg;XX.10.2003;;1065647328;;Buchwissenschaft, Buchhandel
K681;Draupadi-Verl.;Draupadi Verlag;Heidelberg;XX.10.2003;;1065647328;;Buchwissenschaft, Buchhandel
K682;Draupadi-Verlag;Draupadi Verlag;Heidelberg;XX.10.2003;;1065647328;;Buchwissenschaft, Buchhandel
K683;Drava Verlag;Drava Verlag - Založba Drava GmbH;;;;1065527993;http://www.drava.at;Buchwissenschaft, Buchhandel
K684;Dreambook-Verl.;Dreambook Verlag;Duisburg;;;1064200303;http://www.dreambookverlag.com;Buchwissenschaft, Buchhandel
K2632;Storyvents;;;;;;;
K685;Drei Birken Verlag;Drei Birken Verlag Charlotte Berger;Flawil;;;1064066062;;Buchwissenschaft, Buchhandel
K686;Drei Kastanien Verlag;Drei Kastanien Verlag;Wittenberg;;;1064914144;"http://www.dreikastanienverlag.de; https://www.drei-kastanien-verlag.de/";Buchwissenschaft, Buchhandel
K687;Drei-Eichen-Verl.;Drei-Eichen-Verlag (München);"München; Engelberg";1949;;1073076105;;
K688;Drei-Punkte-Verlag;Drei-Punkte-Verlag;Duisburg;;;1065788401;http://www.wohlfarth.de;Buchwissenschaft, Buchhandel
K689;Dresdner Verlag;Dresdner Verlag;Dresden;1997;;1066124965;;Buchwissenschaft, Buchhandel
K690;Drey-Verl.;Drey-Verlag;;04.08.1995;;106596966X;;Buchwissenschaft, Buchhandel
K691;Driesch Verlag;Driesch Verlag;Drösing;;;1065169140;http://www.drieschverlag.org;Buchwissenschaft, Buchhandel
K692;Droemer;Droemer Verlag;München;;;1065857845;http://www.droemer-knaur.de/;Buchwissenschaft, Buchhandel
K693;Droemer Knaur;Verlagsgruppe Droemer Knaur;München;01.12.1998;;1065369247;http://www.droemer-knaur.de;Buchwissenschaft, Buchhandel
K694;Droemer Taschenbuch;Droemer Taschenbuch;München;;;1065859694;;Buchwissenschaft, Buchhandel
K695;Dromos-Verl.;DROMOS Verlag;Frankfurt am Main;;;1065499019;;Buchwissenschaft, Buchhandel
K696;Droste;Droste;;;;10312096-8;;Musik (Allgemeines), Musikgeschichte
K697;Druck-Team;DRUCK-TEAM DRUCKGESELLSCHAFT MBH;Hannover;;;1064302637;;Buchwissenschaft, Buchhandel
K698;Druckerei Odenwälder;;;;;;;
K699;Druckerpresse-Verlag UG;Druckerpresse-Verlag UG;;;;1065654278;http://www.druckerpresse.de;Buchwissenschaft, Buchhandel
K700;Druckmedienzentrum;Druckmedienzentrum Gotha;Gotha;;;1064920306;;Buchwissenschaft, Buchhandel
K701;Druckwerkstatt-Kollektiv-Verl.;Druckwerkstatt Kollektiv GmbH;Darmstadt;;;1065428847;;Buchwissenschaft, Buchhandel
K702;Dryas-Verl.;Dryas Verlag;"Mannheim; Frankfurt am Main";2007;;1064207871;http://www.dryas.de;Buchwissenschaft, Buchhandel
K703;Dt. Literaturverl.;;;;;;;
K704;Dt. Rotes Kreuz, Ortsverein Hameln;;;;;;;
K705;Dt. Schillerges.;Deutsche Schillergesellschaft;Marbach am Neckar;07.10.1943;;2007965-5;https://www.dla-marbach.de/ueber-uns/traegerverein-dsg;"Gruppe, Organisationssoziologie, Interaktion; Literarisches Leben"
K706;Dt. Taschenbuch-Verl. 5106842;Deutscher Taschenbuch-Verlag (München);München;1960;;2008574-6;https://www.dtv.de/;Buchwissenschaft, Buchhandel
K707;DuMont;DuMont Mediengruppe;Köln;;;1102272043;http://www.dumont.de/index.html;"Presse; Buchwissenschaft, Buchhandel; Rundfunk, Neue Medien"
K708;DuMont Buchverlag;DuMont-Buchverlag (Köln);Köln;1979;;2085070-0;https://www.dumont-buchverlag.de/;Buchwissenschaft, Buchhandel
K709;Duensing;Marcus Duensing (Firma);Nienburg/Weser;01.05.2006;;106578046X;http://www.verlag-duensing.de;Buchwissenschaft, Buchhandel
K710;Duktus-Verl.;Duktus-Verlag;Worpswede;;;1064743919;;Buchwissenschaft, Buchhandel
K711;Duncker & Humblot;Duncker & Humblot;"Berlin; München; Leipzig";1809;;5082687-6;https://www.duncker-humblot.de;Buchwissenschaft, Buchhandel
K712;Dup;Düsseldorf University Press;Düsseldorf;;;7689503-8;;Buchwissenschaft, Buchhandel
K713;Durchblick-Siegen Information und Medien;Durchblick Siegen - Information und Medien e.V.;Siegen;;;1064199666;http://www.durchblick-siegen.de;Buchwissenschaft, Buchhandel
K714;Dutschke-Verl.;;;;;;;
K715;Dörfler;Dörfler Verlag GmbH;Eggolsheim;;;1064726860;http://www.doerfler-verlag.de;Buchwissenschaft, Buchhandel
K716;Dörlemann;Dörlemann Verlag;Zürich;2003;;1048500195;https://doerlemann.com/;Buchwissenschaft, Buchhandel
K717;E. Weber Verlag;E. Weber Verlag GmbH;Eisenstadt;;;106555947X;;Buchwissenschaft, Buchhandel
K718;EDITION SIGNAThUR;Edition Signathur;Dozwil;1996;;1065214073;http://www.signathur-schweiz.org;Buchwissenschaft, Buchhandel
K719;EDITION XXL;EDITION XXL GmbH;;1997;;1066122466;http://www.edition-xxl.de;Buchwissenschaft, Buchhandel
K720;EDITION digital;EDITION digital;Pinnow (Landkreis Parchim);14.10.1994;;1065529481;http://www.edition-digital.com;Buchwissenschaft, Buchhandel
K721;EDITION, S.M.;;;;;;;
K722;EDUTAINMENT GmbH, VISUAL;;;;;;;
K723;ELMAR Verlag;;;;;;;
K724;ELV, Eifeler Literaturverlag;;;;;;;
K725;ELfA-Verlag;;;;;;;
K726;EOS;EOS-Verlag;Eresing- Sankt Ottilien;1949;;1073076520;https://eos-verlag.de/;"Katholische Kirche; Buchwissenschaft, Buchhandel"
K727;EPLA Verlag;Epla-Verlag;Ganderkesee;18.08.1985;;1064329551;http://www.epla-verlag.de;Buchwissenschaft, Buchhandel
K728;EPV Elektronik-Praktiker-Verlagsgesellschaft mbH;EPV Elektronik-Praktiker-Verlagsgesellschaft (Duderstadt);Duderstadt;;;5537820-1;;Einzelne Branchen der Industrie und des Handwerks
K729;EPV, Elektronik-Praktiker Verl.-Ges.;EPV Elektronik-Praktiker-Verlagsgesellschaft (Duderstadt);Duderstadt;;;5537820-1;;Einzelne Branchen der Industrie und des Handwerks
K730;ERNi Druck und Media AG;Erni Druck und Media AG Verlag zum Hecht;;;;106405370X;http://www.ernidruck.ch;Buchwissenschaft, Buchhandel
K731;EROSTEPOST- Verein für Literatur und Literaturzeitschrift;;;;;;;
K732;ERZDRUCK GmbH;;;;;;;
K733;ETAINA;ETAINA-Verlag;Tholey;2004;;106596255X;http://www.etaina.net;Buchwissenschaft, Buchhandel
K734;EU, Ed. Unbuch;;;;;;;
K735;EWK-Verl.;EWK-Verlag GmbH;;;;1065528701;;Buchwissenschaft, Buchhandel
K736;Easy Readers;;;;;;;
K737;EasyOriginal Verlag;;;;;;;
K738;Eberhard Brunier Verlag;;;;;;;
K739;Eberl;;;;;;;
K740;Ebersbach & Simon;;;;;;;
K741;Ebner;;;;;;;
K742;Echomedia-Buchverl.;echomedia buchverlag;Wien;;;1065701306;https://www.echomedia-buch.at/de/start;Buchwissenschaft, Buchhandel
K743;Echter;Echter-Verlag;Würzburg;15.01.1900;;5528813-3;https://www.echter.de/;Buchwissenschaft, Buchhandel
K744;Echtzeit-Verl.;Echtzeit Verlag;Basel;09.10.2006;;1028285779;https://echtzeit.ch/verlag/echtzeit-verlag;Buchwissenschaft, Buchhandel
K745;Eckelt Consultants GmbH;Eckelt Consultants GmbH;Stuttgart;;;1066121427;http://www.eckelt-consultants.de;Buchwissenschaft, Buchhandel
K2941;Verlag Erhard Lemm;;;;;;;
K746;Eckermann-Verl.;Eckermann Verlag;Weimar;;;1065534302;http://www.eckermann-verlag.de;Buchwissenschaft, Buchhandel
K747;Eckhard Bodner;Bodner Buchhandlung und Vlg.;Pressath;01.01.1988;;106521197X;https://www.bodner.ebuch.de/;Buchwissenschaft, Buchhandel
K748;Eckhart Schmidt Publishing;;;;;;;
K749;Eckharts Verlag;;;;;;;
K750;Eckhaus Verlag;Eckhaus Verlag;Weimar;;;1256393819;https://eckhaus-verlag.de/;
K751;Ed.  Büchergilde;Edition Büchergilde GmbH;Frankfurt am Main;10.01.1997;;1065360819;;Buchwissenschaft, Buchhandel
K752;Ed. 333;;;;;;;
K759;Ed. Art Science;Edition Art Science;;1998;;1065526296;http://www.editionas.com;Buchwissenschaft, Buchhandel
K760;Ed. Atelier;Edition Atelier;Wien;1980;;1065529961;http://www.editionatelier.at;Buchwissenschaft, Buchhandel
K762;Ed. Auvidarte;Edition Auvidarte;Marquartstein;;;1065371977;;Buchwissenschaft, Buchhandel
K763;Ed. Baes;edition baes;Zirl;2002;;1064916279;http://www.edition-baes.at;Buchwissenschaft, Buchhandel
K764;Ed. Binsfeld;com'unity sarl Edition Guy Binsfeld;Luxemburg;;;1065492065;;Buchwissenschaft, Buchhandel
K766;Ed. Buchbar;;;;;;;
K767;Ed. Buntehunde;edition buntehunde;Regensburg;14.01.2000;;1065868820;http://www.editionbuntehunde.de;Buchwissenschaft, Buchhandel
K768;Ed. Bärenklau;;;;;;;
K769;Ed. Büchergilde;Edition Büchergilde GmbH;Frankfurt am Main;10.01.1997;;1065360819;;Buchwissenschaft, Buchhandel
K770;Ed. Ch;;;;;;;
K771;Ed. Cultura 3,14;;;;;;;
K772;Ed. Diesbach;;;;;;;
K773;Ed. Dorante;;;;;;;
K774;Ed. Dornbrunnen;;;;;;;
K775;Ed. Dudenhöffer;;;;;;;
K776;Ed. Ebersbach;Edition Ebersbach;"Berlin; Dortmund";1990;2014;1064908179;http://www.ebersbach-simon.de/;Buchwissenschaft, Buchhandel
K777;Ed. Einhorn;;;;;;;
K778;Ed. Eizenbergerhof;edition eizenbergerhof;Salzburg;;;1065283849;http://www.prolit.at;Buchwissenschaft, Buchhandel
K779;Ed. Exil;edition exil;Wien;1996;;1065562608;http://www.editionexil.at;Buchwissenschaft, Buchhandel
K780;Ed. Fetzer;;;;;;;
K781;Ed. Filidor;Edition Filidor;Reichenbach im Kandertal;;;1064067263;https://www.filidor.ch/default.aspx;Buchwissenschaft, Buchhandel
K782;Ed. Fünf;edition fünf;Gräfelfing;2010;;1065429762;http://www.editionfuenf.de/;Buchwissenschaft, Buchhandel
K783;Ed. Galerie Vevais;;;;;;;
K784;Ed. Gedankenreise;;;;;;;
K785;Ed. Gelsen;Edita Gelsen, Verlegender Literaturverein;Gelsenkirchen;;;10028502-8;http://editagelsen2023.com/;
K786;Ed. Godewind;;;;;;;
K787;Ed. Hartmann, AutorInnenverl.;Edition Hartmann und AutorInnenverlag Bern;Biel;1994;;1066118515;;Buchwissenschaft, Buchhandel
K788;Ed. Howeg;Edition Howeg;"Zürich; Hinwil";;;2051417-7;http://www.editionhoweg.ch;Buchwissenschaft, Buchhandel
K789;Ed. Hü & Hott;Edition Hü & Hott;Küsnacht (Kanton Zürich);;;1065102488;http://www.hueundhott.ch;Buchwissenschaft, Buchhandel
K790;Ed. Hübscher;;;;;;;
K791;Ed. Hüne;Edition Hüne;Berlin;;;1065110375;;Buchwissenschaft, Buchhandel
K792;Ed. Innsalz;edition innsalz Verlags GmbH;;;;1065436017;http://www.edition-innsalz.at;Buchwissenschaft, Buchhandel
K793;Ed. Isele;Edition Isele (Eggingen, Waldshut);Eggingen (Waldshut);1984;;10156950-6;https://www.klausisele.de/;Buchwissenschaft, Buchhandel
K794;Ed. Jera;;;;;;;
K795;Ed. K;;;;;;;
K796;Ed. Kalliope;Edition Kalliope;Gießen;;;1065568770;http://www.edition-kalliope.de;Buchwissenschaft, Buchhandel
K797;Ed. Keiper;edition keiper;Graz;XX.04.2008;;1064922368;https://www.editionkeiper.at/shop/;Buchwissenschaft, Buchhandel
K798;Ed. Ki;Edition Ki;Zürich;;;1064062997;;Buchwissenschaft, Buchhandel
K799;Ed. KoCheck;Edition KoCheck;Innsbruck;;;1066119058;http://www.kocheck.net;Buchwissenschaft, Buchhandel
K800;Ed. Koch;;;;;;;
K801;Ed. Kopfsalat;;;;;;;
K802;Ed. Köndgen;;;;;;;
K803;Ed. Lagarto;Edition Lagarto;Bäch (Kanton Schwyz);;;1065172265;http://www.edition-lagarto.ch;Buchwissenschaft, Buchhandel
K804;Ed. Lepidoptera;;;;;;;
K805;Ed. Leserunde;;;;;;;
K806;Ed. Libri Kami;;;;;;;
K807;Ed. Litera;;;;;;;
K808;Ed. Litera im R.-G.-Fischer-Verl.;;;;;;;
K809;Ed. Literaturgarten;;;;;;;
K810;Ed. Lithaus;edition lithaus;Berlin;;;1064330800;;Buchwissenschaft, Buchhandel
K811;Ed. Lumière;edition lumière;Bremen;1998;;1066124647;http://www.editionlumiere.de;Buchwissenschaft, Buchhandel
K812;Ed. M;Edition M;Zürich;;;1333257589;;
K813;Ed. M&S;Associazione commercianti ed esercenti Brione s/M;Brione sopra Minusio;;;1267871369;;
K814;Ed. Meerauge;;;;;;;
K815;Ed. Memoria;edition memoria;;;;1067144102;http://www.edition-memoria.de;Buchwissenschaft, Buchhandel
K816;Ed. Mokka;Edition Mokka;Wien;;;1067139982;http://www.edition-mokka.eu;Buchwissenschaft, Buchhandel
K817;Ed. Musagetes;edition Musagetes;Wien;;;106514265X;;Buchwissenschaft, Buchhandel
K818;Ed. Märkische Lebensart;Edition Märkische LebensArt;;;;1064913083;http://www.maerkische-lebensart.de;Buchwissenschaft, Buchhandel
K819;Ed. Nachtgänge;Edition Nachtgänge;Berlin;;;1065145500;;Buchwissenschaft, Buchhandel
K820;Ed. Narrenflug;Edition Narrenflug;Kiel;;;1065160488;http://edition-narrenflug.com;Buchwissenschaft, Buchhandel
K821;Ed. Noack & Block;;;;;;;
K822;Ed. Nord;Edition Nord;Zürich;2007;;1065714483;http://www.editionnord.info;Buchwissenschaft, Buchhandel
K823;Ed. Nordwindpress;Edition Nordwindpress;Strausberg;;;1064130631;http://www.nordwindpress.de;Buchwissenschaft, Buchhandel
K824;Ed. Nove;edition nove;Neckenmarkt;2005;;1065105312;http://www.editionnove.de;Buchwissenschaft, Buchhandel
K825;Ed. Oberkassel;edition oberkassel;Düsseldorf;01.07.2010;;1064060498;https://www.editionoberkassel.de;Buchwissenschaft, Buchhandel
K826;Ed. Paashaas Verlag;Edition Paashaas Verlag EPV;;;;1064055265;http://www.verlag-epv.de;Buchwissenschaft, Buchhandel
K827;Ed. PaperOne;Edition PaperONE;Leipzig;;;106528781X;;Buchwissenschaft, Buchhandel
K828;Ed. Pongratz;Edition Toni Pongratz (Hauzenberg);Hauzenberg;;;16163056-X;;Einzelne Branchen der Industrie und des Handwerks
K829;Ed. Prowinzling;;;;;;;
K830;Ed. Punktuell;edition punktuell;"Herisau; Schwellbrunn";2005;;1202827632;https://www.verlagshaus-schwellbrunn.ch/wissen/verlagshaus.html;
K831;Ed. Pächterhaus;;;;;;;
K832;Ed. Rester;editionRester;;;;1065175418;http://www.edition-rester.de;Buchwissenschaft, Buchhandel
K833;Ed. Roter Drache;Edition Roter Drache;"Rudolstadt; Remda-Teichel";10.01.2006;;1065295618;http://www.roterdrache.org;Buchwissenschaft, Buchhandel
K834;Ed. Rugerup;Nimrod Förlag AB Edition Rugerup;;;;1064200273;http://www.rugerup.de;Buchwissenschaft, Buchhandel
K835;Ed. SOLAR-X;Edition SOLAR-X;Zossen;;;1065175426;http://www.edition-sx.wilkomueller.de;Buchwissenschaft, Buchhandel
K836;Ed. Saarländisches Künstlerhaus;Saarländisches Künstlerhaus Saarbrücken;Saarbrücken;1985;;2126362-0;http://www.kuenstlerhaus-saar.de;Buchwissenschaft, Buchhandel
K837;Ed. Schaumberg;Edition Schaumberg;Marpingen;;;1064926746;;Buchwissenschaft, Buchhandel
K838;Ed. Schwarzdr.;Edition Schwarzdruck;"Berlin; Gransee";1990;;1030606242;http://www.edition-schwarzdruck.de/;Einzelne Branchen der Industrie und des Handwerks
K839;Ed. Signathur;Edition Signathur;Dozwil;1996;;1065214073;http://www.signathur-schweiz.org;Buchwissenschaft, Buchhandel
K841;Ed. Sisyphos;Edition Sisyphos;Köln;;;1064346049;http://www.edition-sisyphos.de;Buchwissenschaft, Buchhandel
K842;Ed. Solitär;;;;;;;
K843;Ed. Sonnberg;Edition Sonnberg;Wien;2005;;1064335721;http://tiny.cc/lrjl9;Buchwissenschaft, Buchhandel
K844;Ed. Sonne & Mond;edition sonne und mond Manfred Stangel;Wien;;;1065497075;http://www.sonneundmond.at;Buchwissenschaft, Buchhandel
K845;Ed. Splitter;Edition Splitter Galerie Splitter Art;Wien;1991;;1065229690;http://www.splitter.co.at;Buchwissenschaft, Buchhandel
K846;Ed. Stadtcafé;;;;;;;
K847;Ed. Subkultur;edition subkultur;Berlin;;;1064301649;http://www.edition.subkultur.de;Buchwissenschaft, Buchhandel
K848;Ed. Tandem;Edition Tandem;"Salzburg; Wien";2006;;1065130910;https://www.edition-tandem.at;Buchwissenschaft, Buchhandel
K849;Ed. Temmen;Edition Temmen;Bremen;14.11.1983;;2165658-7;http://www.edition-temmen.de;Buchwissenschaft, Buchhandel
K850;Ed. Terra;;;;;;;
K851;Ed. Text und Media;Edition Text und Media;Arlesheim;01.01.2000;;1065648804;http://www.seiberth.ch;Buchwissenschaft, Buchhandel
K852;Ed. Thaleia;Edition Thaleia - Interessen- und Förderkreis Literatrur und Kunst e.V.;"Sankt Ingbert; Saarbrücken";1984;;106503816X;http://www.edition-thaleia.de;Buchwissenschaft, Buchhandel
K853;Ed. Thurnhof;Galerie und Edition Thurnhof;Horn (Niederösterreich);;;5196798-4;http://www.thurnhof.at/impressum.php;"Buchwissenschaft, Buchhandel; Bildende Kunst"
K854;Ed. Tintenfaß;Edition Tintenfaß;Neckarsteinach;2001;;1065282222;http://www.verlag-tintenfass.de;Buchwissenschaft, Buchhandel
K855;Ed. Trèves;Éditions Trèves;Trier;1974;;407242-X;;"Buchwissenschaft, Buchhandel; Einzelne Branchen der Industrie und des Handwerks"
K856;Ed. Va Bene;Edition Va Bene;Klosterneuburg;1990;;106522947X;http://www.vabene.at;Buchwissenschaft, Buchhandel
K857;Ed. Wartenau;EDWE Edition Wartenau GmbH;Hamburg;;;1065425457;http://www.wartenau.de;Buchwissenschaft, Buchhandel
K858;Ed. Wendepunkt;;;;;;;
K859;Ed. Wilderermuseum;;;;;;;
K860;Ed. Winddruck;;;;;;;
K861;Ed. Winkler-Hermaden;Edition Winkler-Hermaden;;;;1064129870;http://www.edition-wh.at;Buchwissenschaft, Buchhandel
K862;Ed. Wort;edition Wort;Bitburg;;;1065981422;http://www.edition-wort.de;Buchwissenschaft, Buchhandel
K863;Ed. Wort Werk;;;;;;;
K864;Ed. Zweihorn;edition zweihorn GmbH & Co. KG;Neureichenau;2000;;1066136513;http://www.edition-zweihorn.de;Buchwissenschaft, Buchhandel
K865;Ed. Zwiefach;Zwiefach Edition;Potsdam;;;1065862466;;Buchwissenschaft, Buchhandel
K866;Ed. Zwischen Wetterstein und Bodensee;;;;;;;
K867;Ed. altavilla;;;;;;;
K868;Ed. an der Spree;Edition an der Spree;Berlin;;;1065532482;http://cms.basargan.de/;Buchwissenschaft, Buchhandel
K869;Ed. artexlibris;;;;;;;
K870;Ed. fotoTAPETA;Edition.fotoTAPETA Berlin;Berlin;;;1065172184;http://www.edition-fototapeta.eu;Buchwissenschaft, Buchhandel
K871;Ed. lex liszt 12;edition lex liszt 12;Oberwart;05.10.1992;;1065283628;https://www.lexliszt12.at/;Buchwissenschaft, Buchhandel
K872;Edel;Edel AG;Hamburg;;;16017209-3;https://www.edel.com/de/home/;Einzelne Branchen der Industrie und des Handwerks
K873;Eden Books;Eden Books ein Imprint von Edel Germany GmbH;Hamburg;;;1065038941;http://www.edel.com;Buchwissenschaft, Buchhandel
K874;Edika;;;;;;;
K875;Edita Gelsen;Edita Gelsen, Verlegender Literaturverein;Gelsenkirchen;;;10028502-8;http://editagelsen2023.com/;
K876;Edition 6065;Edition 6065;Wiesbaden;;;1065713223;;Buchwissenschaft, Buchhandel
K877;Edition 8;edition 8;Zürich;1998;;1064065473;http://www.edition8.ch;Buchwissenschaft, Buchhandel
K878;Edition A.B. Fischer;Edition A.B. Fischer;Berlin;2003;;106511253X;http://www.atelierfischer-berlin.de;Buchwissenschaft, Buchhandel
K879;Edition AV;Verlag Edition AV;;1988;;1065028393;http://www.edition-av.de;Buchwissenschaft, Buchhandel
K880;Edition AVL;;;;;;;
K881;Edition AVRA;;;;;;;
K882;Edition Abel;;;;;;;
K883;Edition Allgäu im Verlag HEPHAISTOS;;;;;;;
K884;Edition Altlasten im Schreibgarten bei Lulu;;;;;;;
K885;Edition Art Science;Edition Art Science;;1998;;1065526296;http://www.editionas.com;Buchwissenschaft, Buchhandel
K886;Edition Aurum Verlag;;;;;;;
K887;Edition Ausblick;Edition Ausblick;Wien;;;1065023200;http://www.edition-ausblick.at;Buchwissenschaft, Buchhandel
K888;Edition Avra;;;;;;;
K889;Edition Baes;edition baes;Zirl;2002;;1064916279;http://www.edition-baes.at;Buchwissenschaft, Buchhandel
K890;Edition Benu;;;;;;;
K893;Edition Blaue Feder;Edition Blaue Feder;"Dieburg; Groß-Umstadt";;;1065498292;;Buchwissenschaft, Buchhandel
K894;Edition Blume;EDITION art-management HAMBURG;Hamburg;;;1064791131;http://www.art-management-hamburg.de;Buchwissenschaft, Buchhandel
K895;Edition Bücher Beckwermert;;;;;;;
K896;Edition Büchergilde;Edition Büchergilde GmbH;Frankfurt am Main;10.01.1997;;1065360819;;Buchwissenschaft, Buchhandel
K899;Edition Combes im Verlag Frank de la Porte;;;;;;;
K900;Edition Contra-Bass;Edition Contra-Bass UG;Hamburg;;;1065129769;http://www.contra-bass.de;Buchwissenschaft, Buchhandel
K901;Edition Denzstraße, Frank Osthoff;;;;;;;
K902;Edition Dichtungsring;Dichtungsring e.V.;Bonn;1981;;10042646-3;http://www.dichtungsring-ev.de;
K903;Edition Dornbrunnen;;;;;;;
K904;Edition Dr. Strahalm;Edition Strahalm;Graz;;;1065023154;;Buchwissenschaft, Buchhandel
K905;Edition Eigenfarben;;;;;;;
K906;Edition Epoca;Edition Epoca;"Zürich; Bern";;;1064788459;http://www.epoca.ch;Buchwissenschaft, Buchhandel
K907;Edition Exovo;;;;;;;
K908;Edition Falkenberg;Edition Falkenberg e.K.;Bremen;;;106556421X;;Buchwissenschaft, Buchhandel
K909;Edition Faust;Edition Faust in der Faust Kultur GmbH;Frankfurt am Main;2012;;1388304120;https://editionfaust.de/;
K910;Edition Fichter;H. W. Fichter Kunsthandel;Frankfurt am Main;;;514740-2;http://www.fichterart.de;"Buchwissenschaft, Buchhandel; Handel einzelner Branchen, Dienstleistung einzelner Branchen; Bildende Kunst"
K911;Edition Flaschenpost;Edition Flaschenpost;Frankfurt am Main;;;1065493053;http://www.wunderkammer-verlag.de;Buchwissenschaft, Buchhandel
K912;Edition Forsbach;Edition Forsbach;Bamberg;2011;;1065797648;http://www.edition-forsbach.de;Buchwissenschaft, Buchhandel
K913;Edition Freiberg;Edition Heinz Freiberg (Leipzig);Dresden;1999;;1073005305;;
K914;Edition Garamond;;;;;;;
K915;Edition Geheimes Wissen;Verlag Edition Geheimes Wissen;Graz;;;1067151931;http://www.geheimeswissen.com;Buchwissenschaft, Buchhandel
K916;Edition Groschengrab;;;;;;;
K917;Edition Hamouda;Edition Hamouda;Leipzig;2006;;1064290590;https://edition.hamouda.de/;Buchwissenschaft, Buchhandel
K918;Edition Heinemann;;;;;;;
K919;Edition Irrsee;;;;;;;
K920;Edition J.J. Heckenhauer;;;;;;;
K921;Edition JP;;;;;;;
K922;Edition Jo Strauß;;;;;;;
K923;Edition Kalk;Edition Kalk;Köln;30.11.2000;;1065357427;;Buchwissenschaft, Buchhandel
K924;Edition Karl H. Pfob;;;;;;;
K925;Edition Kinemathek im Ruhrgebiet;;;;;;;
K926;Edition Kleine Zeitung;;;;;;;
K927;Edition Korrespondenzen;Edition Korrespondenzen;Wien;2000;;7842638-8;;Buchwissenschaft, Buchhandel
K928;Edition Krautgarten;edition KRAUTGARTEN;Sankt Vith;;;1065504063;;Buchwissenschaft, Buchhandel
K929;Edition Kürbis;edition kürbis;;1989;;1065525435;http://www.kuerbis.at;Buchwissenschaft, Buchhandel
K930;Edition LASENECA;;;;;;;
K931;Edition LEU;Edition LEU;"Opfikon; Zürich";1976;2024;106412254X;http://www.edition-leu.ch;Buchwissenschaft, Buchhandel
K932;Edition Laurin;Edition Laurin;Innsbruck;;;1064792251;http://www.editionlaurin.at;Buchwissenschaft, Buchhandel
K933;Edition Lempertz;Math. Lempertz Edition und Verlagsbuchhandlung;Bonn;;;1066122644;http://www.edition-lempertz.de;Buchwissenschaft, Buchhandel
K934;Edition Lükk Nösens;;;;;;;
K935;Edition MOTOR;edition motor;Graz;;;1065861311;http://www.kulturinstitut-graz.com;Buchwissenschaft, Buchhandel
K936;Edition Marbuelis;;;;;;;
K937;Edition Maulhelden;Edition Maulhelden;Zürich;;;1392512301;;
K938;Edition Michel Forêt;;;;;;;
K939;Edition Miromente;;;;;;;
K940;Edition Monhardt;;;;;;;
K941;Edition Märkische Reisebilder;Edition Märkische Reisebilder;Potsdam;;;1065556233;;Buchwissenschaft, Buchhandel
K942;Edition NarrARE;;;;;;;
K943;Edition Nautilus;Edition Nautilus;Hamburg;1977;;1043546898;https://edition-nautilus.de/;Buchwissenschaft, Buchhandel
K944;Edition Octopus;Edition Octopus & Okeanos Presse;Ennigerloh;;;1065213522;;Buchwissenschaft, Buchhandel
K945;Edition Osiris MIC GmbH;;;;;;;
K946;Edition Outbird;Edition Outbird;Gera;2016;;1363919857;https://edition-outbird.de/;Buchwissenschaft, Buchhandel
K947;Edition Pauer;;;;;;;
K948;Edition Pommern;Edition Pommern;"Elmenhorst (Landkreis Vorpommern-Rügen); Stralsund";2009;;1065703724;https://edition-pommern.com/;Buchwissenschaft, Buchhandel
K949;Edition QVV;;;;;;;
K950;Edition Raetia;Edition Raetia GmbH;Bozen;;;1065496109;https://www.raetia.com/de/;Buchwissenschaft, Buchhandel
K951;Edition Regensburg;;;;;;;
K952;Edition Region + Geschichte;;;;;;;
K953;Edition Reichlin;;;;;;;
K954;Edition Roesner;EDITION ROESNER;Krems an der Donau;2002;;1065109628;http://www.edition-roesner.at;Buchwissenschaft, Buchhandel
K955;Edition SOLAR-X;Edition SOLAR-X;Zossen;;;1065175426;http://www.edition-sx.wilkomueller.de;Buchwissenschaft, Buchhandel
K956;Edition Schlitzohr;Edition Schlitzohr;Hohen Viecheln;20.02.2007;;1064212883;http://www.editionschlitzohr.de;Buchwissenschaft, Buchhandel
K957;Edition Schreibkraft, Graz;edition schreibkraft;Graz;;;1065217404;http://www.schreibkraft.adm.at;Buchwissenschaft, Buchhandel
K958;Edition Sprach-Los;;;;;;;
K959;Edition Spörlstein;;;;;;;
K960;Edition Staub;;;;;;;
K961;Edition TIAMAT;Edition Tiamat Klaus Bittermann;"Berlin; Nürnberg";01.02.1982;;405750-8;http://www.edition-tiamat.de;"Einzelne Branchen der Industrie und des Handwerks; Buchwissenschaft, Buchhandel"
K962;Edition Thomas Seng in der Werkstattgalerie & Verlag;;;;;;;
K963;Edition Thurnhof;Galerie und Edition Thurnhof;Horn (Niederösterreich);;;5196798-4;http://www.thurnhof.at/impressum.php;"Buchwissenschaft, Buchhandel; Bildende Kunst"
K964;Edition Tintenfass;Edition Tintenfaß;Neckarsteinach;2001;;1065282222;http://www.verlag-tintenfass.de;Buchwissenschaft, Buchhandel
K965;Edition Tirol;Edition Tirol Martin Reiter;Brixlegg;;;1064784429;http://www.edition-tirol.com;Buchwissenschaft, Buchhandel
K966;Edition Trailer Spot;;;;;;;
K967;Edition Töpfl;;;;;;;
K968;Edition Virgines;Edition Virgines;"Lingen (Ems); Düsseldorf";1999;;1064792138;http://www.editionvirgines.de;Buchwissenschaft, Buchhandel
K969;Edition Vorgelweide;;;;;;;
K970;Edition W;;;;;;;
K971;Edition Wasserburg;;;;;;;
K972;Edition Weinviertel / Edition Neue Wege / Regionalverlag.at;Edition Weinviertel;Fels- Gösing am Wagram;1995;;1065871090;http://www.edition-weinviertel.at;Buchwissenschaft, Buchhandel
K973;Edition Weserhaus;;;;;;;
K974;Edition Widar;;;;;;;
K975;Edition Winterwork;Edition Winterwork;Borsdorf;;;1064336388;http://www.edition-winterwork.de;Buchwissenschaft, Buchhandel
K976;Edition Wittchen;;;;;;;
K977;Edition Wundergrün;;;;;;;
K978;Edition Zeitblende;;;;;;;
K979;Edition anderswo;;;;;;;
K980;Edition fabrik.transit;Literatur- und Kunstverein fabrik.transit;Wien;18.08.2014;;1118403061;https://www.fabriktransit.net/;
K981;Edition soziologie heute;;;;;;;
K982;Edition, Althea S.M.;;;;;;;
K983;Edition, Trio Infernale;;;;;;;
K984;EditionArtScience;;;;;;;
K985;Editionnova;;;;;;;
K986;Editions Leonis;;;;;;;
K987;Editora Girabrasil;;;;;;;
K988;Effecteve-Verl.;Effecteve Verlag e.K.;München;;;1064916643;http://www.effecteve.com;Buchwissenschaft, Buchhandel
K989;Effekt! - Buchverlag;;;;;;;
K990;Ehe Familie Buch;Ehe Familie Buch Maria Büchsenmeister;;;;1065537840;http://www.ehefamiliebuch.at;Buchwissenschaft, Buchhandel
K991;Ehrenberg-Verl.;Huter & Klimesch GmbH Ehrenberg Verlag;Reutte;;;1065652909;http://www.ehrenberg-verlag.at;Buchwissenschaft, Buchhandel
K992;Eichborn;Eichborn-Verlag;"Köln; Frankfurt am Main";28.03.1980;;3003395-0;https://www.luebbe.de/eichborn;Buchwissenschaft, Buchhandel
K993;Eichenspinner Verlag;Eichenspinner Verlag;Chemnitz;2006;;1064286097;http://www.eichenspinner.de;Buchwissenschaft, Buchhandel
K994;Eifelbildverlag;Eifelbildverlag;Daun;;;1064798632;;Buchwissenschaft, Buchhandel
K995;Eigen-Verlag, J.-C. Sermond;;;;;;;
K996;Eigenart-Verlag;eigenART Verlag;;;;1065146337;;Buchwissenschaft, Buchhandel
K997;Eigenverlag;Eigenverlag;Wiener Neustadt;;;1065023251;;Buchwissenschaft, Buchhandel
K998;Eigenverlag (Kindle Direct Publishing);;;;;;;
K999;Eigenverlag Bernd Michael Hanel;;;;;;;
K1000;Eigenverlag Karl Mader;;;;;;;
K1001;Eigenverlag Manfred Strolz;;;;;;;
K1002;Eigenverlag Max und Ruth Künzi-Frauchiger;;;;;;;
K1003;Eigenverlag Micha Fuchs;;;;;;;
K1004;Eigenverlag Rolf Barkhorn;;;;;;;
K1005;Eigenverlag S. Philipp;;;;;;;
K1006;Eigenverlag Wolfgang Domma;;;;;;;
K1007;Eigenverlag-Liweitari Publishing;;;;;;;
K1008;Einbuch Buch- und Literaturverlag;EINBUCH Buch- und Literaturverlag Leipzig;"Grimma-Nerchau; Nerchau; Leipzig";XX.03.2010;;1067139931;https://einbuch-verlag.de;Buchwissenschaft, Buchhandel
K1009;Einfach Lesen;Verlag Einfach Lesen;Bern;2002;;1064882064;http://www.einfachlesen.ch/;Buchwissenschaft, Buchhandel
K1010;Einhorn Verlag;Einhorn-Verlag (Schwäbisch Gmünd);Schwäbisch Gmünd;10.01.1956;XX.10.2002;1121240933;;Buchwissenschaft, Buchhandel
K1011;Eire Verlag;Eire Verlag;Salzkotten;;;106429720X;http://www.eire-verlag.de;Buchwissenschaft, Buchhandel
K1012;Eisenhut-Verl.;Eisenhut Verlag;;2009;2015;1064730736;http://www.eisenhutverlag.de;Buchwissenschaft, Buchhandel
K1013;El Faro Verlag;El Faro Verlag;Hamburg;;;1064794890;http://www.elfaro-verlag-hamburg.de;Buchwissenschaft, Buchhandel
K1014;ElIbiary;;;;;;;
K1015;Elbaol Verlag;elbaol verlag hamburg;Hamburg;29.11.2004;;1064203698;http://www.elbaol-verlag-hamburg.de;Buchwissenschaft, Buchhandel
K1016;Elbufer Verlag;Elbufer Verlag UG (haftungsbeschränkt);Hamburg;1997;;1064118119;http://www.elbufer-verlag.de;Buchwissenschaft, Buchhandel
K1017;Elbverlag;Elbverlag Magdeburg;;;;1065024916;http://www.elbverlag.de;Buchwissenschaft, Buchhandel
K1018;Eldur Verlag;Eldur-Verlag;Aachen;;;106536881X;http://www.eldur-verlag.de;Buchwissenschaft, Buchhandel
K1019;Elf-Uhr-Verl.;Elf Uhr Verlag;Lauterbach (Hessen);;;1065491719;http://www.elf-uhr.de;Buchwissenschaft, Buchhandel
K1020;Elfenbein;Elfenbein Verlag;"Heidelberg; Berlin";23.05.1995;;1065532466;http://www.elfenbein-verlag.de;Buchwissenschaft, Buchhandel
K1021;Elif Verlag;Elif Verlag;Nettetal;2011;;1065792808;http://www.elifverlag.de;Buchwissenschaft, Buchhandel
K1022;Eligia Goroncy Verlag;Eligia Goroncy Verlag;Spirkelbach;;;1065525133;http://www.eligia-goroncy-verlag.de;Buchwissenschaft, Buchhandel
K1023;Ellert & Richter Verlag;Ellert & Richter Verlag;Hamburg;15.06.1979;;1065369840;http://www.ellert-richter.de;Buchwissenschaft, Buchhandel
K1024;Ellie Harding c/o Steffen TextArt;;;;;;;
K1025;Elmar Langenbacher Verlag;;;;;;;
K1026;Elsengold;Elsengold Verlag;Berlin;2013;;1065786867;http://www.elsengold.de;Buchwissenschaft, Buchhandel
K1027;Elsinor Verlag;Elsinor Verlag;Coesfeld;01.01.2006;;1065358229;http://www.elsinor.de;Buchwissenschaft, Buchhandel
K1028;Elster Verlag;Elster-Verlag (Baden-Baden);"Bühl-Moos; Baden-Baden";1984;;1073076423;;
K1029;Elvea Verlag;Elvea Verlag;Chemnitz;;;1065871546;;Buchwissenschaft, Buchhandel
K1030;Elysion Books;Elysion-Books;Leipzig;09.08.2010;;1064054528;http://www.elysion-books.com;Buchwissenschaft, Buchhandel
K1031;Em Huisken Musik und Wort;;;;;;;
K1032;Emmerich Books & Media;;;;;;;
K1033;Emons Verlag;Emons Verlag;Köln;13.01.1984;;1054319316;;Buchwissenschaft, Buchhandel
K1034;Endres-Editionshaus;;;;;;;
K1035;Engeler Verlag;Urs Engeler (Firma);"Schupfart; Solothurn";2012;;1065436602;http://www.engeler.de/;Buchwissenschaft, Buchhandel
K2942;Verlag Ernst Vögel;Verlag Ernst Vogel (Basel);;;;108620154X;;
K1036;Engelportal-Verl.;Engelportal Verlag;Gräfelfing;;;106528957X;;Buchwissenschaft, Buchhandel
K1037;Engelsdorfer Verlag;Engelsdorfer Verlag;Leipzig;01.05.2004;;1065429614;http://www.engelsdorfer-verlag.de;Buchwissenschaft, Buchhandel
K1038;Engstler;Verlag Peter Engstler;"Ostheim v. d. Rhön; Oberwaldbehrungen";;;7609306-2;;Buchwissenschaft, Buchhandel
K1039;Ennsthaler;Ennsthaler Verlag;München;;;1064127746;;Buchwissenschaft, Buchhandel
K1041;Epospresse-Verl.;epospresse Verlag;Würselen;;;1067143858;;Buchwissenschaft, Buchhandel
K1042;Eppe;EPPE, Verlag und Offsetdruck, GmbH. Abt. Verlag;;10.08.1976;;1068093188;;Buchwissenschaft, Buchhandel
K1043;Epubli;epubli GmbH;Berlin;2008;;106492235X;https://www.epubli.de;Buchwissenschaft, Buchhandel
K1044;Erata-Literaturverl.;Edition Erata;Leipzig;;;129078132X;;
K1045;Erfurter Herbstlese e.V.;Erfurter Herbstlese (Erfurt);;1997;;7626105-0;;Literarisches Leben
K1046;Ergon;Ergon-Verlag;"Würzburg; Baden-Baden";21.12.1989;;4755404-6;http://www.ergon-verlag.de;Buchwissenschaft, Buchhandel
K1047;Ergon-Verl.;Ergon-Verlag;"Würzburg; Baden-Baden";21.12.1989;;4755404-6;http://www.ergon-verlag.de;Buchwissenschaft, Buchhandel
K1048;Erich Weiß Verlag;Erich Weiß Verlag;Bamberg;1991;2025;1064690793;http://www.erich-weiss-verlag.de;Buchwissenschaft, Buchhandel
K1049;Eridanus Verlag;;;;;;;
K1050;Erika Hörzer;;;;;;;
K1051;Ernst Reinhardt Verlag;Ernst Reinhardt Verlag;"Basel; München";21.07.1899;;2041000-1;https://www.reinhardt-verlag.de;Buchwissenschaft, Buchhandel
K1052;Ernst-Moritz-Arndt-Gymnasium;Ernst-Moritz-Arndt-Gymnasium Bergen;Bergen auf Rügen;;;4514572-6;;Schule
K1053;Esch Verlag;Esch Verlag;Potsdam;;;1067151729;;Buchwissenschaft, Buchhandel
K1054;Espenlaub-Verl.;;;;;;;
K1055;Espero-Verlag;Espero-Verlag;Ziegenrück;;;1065437978;;Buchwissenschaft, Buchhandel
K1056;Esras.net;Esras.net;Niederbüren;;;1064133606;;Buchwissenschaft, Buchhandel
K1057;Ess;Verlag Matthias Ess e.K.;Bad Kreuznach;1984;;106543376X;http://www.ess.de;Buchwissenschaft, Buchhandel
K1058;Esslinger;;;;;;;
K1059;Etaina;ETAINA-Verlag;Tholey;2004;;106596255X;http://www.etaina.net;Buchwissenschaft, Buchhandel
K1060;Etaina-Verl.;ETAINA-Verlag;Tholey;2004;;106596255X;http://www.etaina.net;Buchwissenschaft, Buchhandel
K1061;Eulenspiegel Verlag;Eulenspiegel-Verlag;Schwaikheim;;;106579097X;;Buchwissenschaft, Buchhandel
K1062;Europ. Univ.-Verl.;Europäischer Universitätsverlag GmbH;Dülmen;;;106542602X;http://bou.de/eup;Buchwissenschaft, Buchhandel
K1063;Europa Buch;;;;;;;
K1064;Europa Verlagsgruppe;;;;;;;
K1065;Europäischer Hochschulverlag;;;;;;;
K1066;Europäischer Literaturverlag;Europäischer Literaturverlag;Bremen;;;1065854250;http://eh-verlag.de;Buchwissenschaft, Buchhandel
K1067;Europäischer Universitätsverlag;Europäischer Universitätsverlag GmbH;Dülmen;;;106542602X;http://bou.de/eup;Buchwissenschaft, Buchhandel
K1068;Evang. Ges.;;;;;;;
K1069;Evangelische Verlagsanstalt;Evangelische Verlagsanstalt;"Leipzig; Berlin (Ost)";10.05.1946;;2009855-8;http://www.eva-leipzig.de/;"Einzelne Branchen der Industrie und des Handwerks; Buchwissenschaft, Buchhandel"
K1070;Evangelischer Presseverband;Evangelischer Presseverband in Österreich;Wien;1925;;2067969-5;;Buchwissenschaft, Buchhandel
K1071;Even Terms Press;;;;;;;
K1072;Exchange and Dialogue;;;;;;;
K1073;F.W. Becker GmbH;F.W. Becker GmbH;;;;1067140794;http://www.becker-druck-verlag.de;Buchwissenschaft, Buchhandel
K1074;FABW Verlag;;;;;;;
K1075;FAW-Verlag;FAW-Verlag;Bamberg;;;1064930301;http://www.seychellen-inselglueck.de;Buchwissenschaft, Buchhandel
K1076;FELiCiTARiS;FELiCiTARiS;;;;1231800186;;
K1077;FH Joanneum, Studiengang Informationsdesign;FH JOANNEUM Gesellschaft. Studiengang Informationsdesign;Graz;;;10175523-5;"http://www.fh-joanneum.at/aw/home/Studienangebot/fachbereich_information_design_technologien/~czd/ind/?lan=de; http://ind.fh-joanneum.at";
K1078;FHL-Taschenbuch-Verl.;FHL-Taschenbuchverlag;Leipzig;;;1066116180;;Buchwissenschaft, Buchhandel
K1079;FRED & OTTO - Der Hundeverlag;FRED & OTTO - Der Hundeverlag;Berlin;;;1065566336;http://www.fredundotto.de;Buchwissenschaft, Buchhandel
K1080;FV, FahnauerVerlag;;;;;;;
K1081;Faber & Faber;Faber & Faber Verlag;"Berlin; Leipzig";"2019; 05.09.1990";"2024; 31.12.2015";4535630-0;https://www.verlagfaberundfaber.de;Buchwissenschaft, Buchhandel
K1082;Fabuloso Verlag;Fabuloso Verlag;Bilshausen;12.04.2001;;1065528957;http://www.fabuloso.de;Buchwissenschaft, Buchhandel
K1083;Fabylon;Fabylon-Verlag;"München; Markt Rettenbach";1987;;106513830X;http://www.fabylon-verlag.de;Buchwissenschaft, Buchhandel
K1084;Factum Coloniae;;;;;;;
K1085;Facultas;Facultas Universitätsverlag (Wien);Wien;;;1072886979;;
K1086;Fagulon-Verlag;FAGULON-Verlag;Berlin;;;1064690319;http://www.fagulon-shop.de;Buchwissenschaft, Buchhandel
K1087;Fahner;Verlag Hans Fahner GmbH & Co. KG;;11.09.1978;;1065715145;http://www.buchtraum.de;Buchwissenschaft, Buchhandel
K1088;Fakriro GbR;;;;;;;
K1089;Fantastic Shades;fantastic shades;;;;1065431139;http://www.fantastic-shades-verlag.de;Buchwissenschaft, Buchhandel
K1090;Fantasy-Welt-Zone-Verl.;;;;;;;
K1091;Faro;FARO Verlag;Lenzburg;2009;;1064346731;http://www.faro-buch.ch;Buchwissenschaft, Buchhandel
K1092;Fechner-Sabo;Sigrid Fechner-Sabo (Firma);Mainz;1998;;1066119953;http://www.verlag-fechner-sabo.de;Buchwissenschaft, Buchhandel
K1093;Feder & Schwert;Feder & Schwert GmbH;Mannheim;1989;;1065718713;http://www.feder-und-schwert.com;Buchwissenschaft, Buchhandel
K1094;Feder-Ed.;;;;;;;
K1095;Federblau-Verl.;;;;;;;
K1096;Federfrei;Verlag Federfrei;Marchtrenk;2007;;1065163061;http://www.federfrei.at;Buchwissenschaft, Buchhandel
K1097;Fehnland Verlag;;;;;;;
K1098;Feiyr;;;;;;;
K1099;Fel!x;FEL;;;;16147533-4;;
K1100;Feldhaus Verlag GmbH & Co. KG;FELDHAUS VERLAG GmbH & Co. KG;Hamburg;01.01.1946;;1065489897;http://www.feldhaus-verlag.de;Buchwissenschaft, Buchhandel
K1102;Festa;Festa Verlag;"Leipzig; Borsdorf";;;1065855117;;Buchwissenschaft, Buchhandel
K1103;Feuertanz-Verlag;;;;;;;
K1104;Filidor-Verl.;Edition Filidor;Reichenbach im Kandertal;;;1064067263;https://www.filidor.ch/default.aspx;Buchwissenschaft, Buchhandel
K1105;Fink;Kunstverlag Josef Fink;Lindenberg i. Allgäu;01.01.1996;;4636939-9;https://kunstverlag-fink.de/;"Buchwissenschaft, Buchhandel; Bildende Kunst"
K1107;First-Minute-Taschenbuchverl.;;;;;;;
K1108;Fischer Digital;;;;;;;
K1109;Fischer Krüger;FISCHER Krüger;Frankfurt am Main;10.03.1976;;106509955X;;Buchwissenschaft, Buchhandel
K1111;Fischer Verlag;Karin-Fischer-Verlag;Aachen;01.01.1992;;10067341-7;https://www.karin-fischer-verlag.de/verlag;"Einzelne Branchen der Industrie und des Handwerks; Buchwissenschaft, Buchhandel"
K1112;Fischer-&-Fischer-Medien;FISCHER Medien- und Verlagsgesellschaft;Köln;;;1065212704;;Buchwissenschaft, Buchhandel
K1113;Fischerinsel-Eigenverl.;;;;;;;
K1114;Fischern;;;;;;;
K1115;Flying Grandpa;;;;;;;
K1116;Fohrmann Verlag;;;;;;;
K1117;Folio Verlag;Folio-Verlag;Breisach am Rhein;;;1067138269;;Buchwissenschaft, Buchhandel
K1118;Fondation Servais pour la littérature luxembourgeoise;Fondation Servais pour la Littérature Luxembourgeoise;;01.06.1989;;5346492-8;;
K1119;Fontaine Verlag;Fontaine Verlag;Bruchköbel;2006;;1064336698;;Buchwissenschaft, Buchhandel
K1120;Fontana Edizioni;Fontana edizioni;Pregassona;;;1201124352;https://www.fontanaedizioni.ch/page.asp?load=3;
K1121;Fontis;Fontis AG;"Kreuzlingen; Basel";1996;;1225718252;https://www.fontis-verlag.com/kontakt/;
K1122;Format;FORMAT Druckerei & Verlagsgesellschaft mbH;Jena;;;1065289022;;Buchwissenschaft, Buchhandel
K1123;Format Druckerei & Verlagsgesellschaft mbH;FORMAT Druckerei & Verlagsgesellschaft mbH;Jena;;;1065289022;;Buchwissenschaft, Buchhandel
K1124;Forum Gundernhausen;Forum Gundernhausen;Roßdorf-Gundernhausen;2000;;16106461-9;;
K1125;Forum Stadtkirche Wunstorf;Forum Stadtkirche Wunstorf;Wunstorf;;;16048318-9;;
K1126;Forumhelden GmbH;;;;;;;
K1127;Fotolia;Fotolia Deutschland;;;;10192538-4;http://de.fotolia.com;Einzelne Branchen der Industrie und des Handwerks
K1128;Fouqué-Literaturverl.;Fouqué Literaturverlag;"London; Offenbach am Main; New York, NY";;;1172952140;;
K1129;Francke;;;;;;;
K1130;Frank;;;;;;;
K1131;Franke Verlag;;;;;;;
K1132;Frankfurter Allg.  Buch;Frankfurter Allgemeine Buch;Frankfurt am Main;;;1065110294;;Buchwissenschaft, Buchhandel
K1133;Frankfurter Literaturverlag;Frankfurter Literaturverlag (Frankfurt, Main);Frankfurt am Main;;;10193242-X;"http://www.frankfurter-verlagsgruppe.de; http://www.frankfurter-literaturverlag.de";"Buchwissenschaft, Buchhandel; Einzelne Branchen der Industrie und des Handwerks"
K1134;Frankfurter Societäts-Medien;Frankfurter Societäts-Medien GmbH;Frankfurt am Main;;;1065361998;http://www.fs-medien.de;Buchwissenschaft, Buchhandel
K1135;Frankfurter Verl.-Anst.;Frankfurter Verlags-Anstalt;"Frankfurt am Main; Berlin";"1920; 1987; 1951";"1953; 1938";65641-0;http://www.frankfurter-verlagsanstalt.de;"Buchwissenschaft, Buchhandel; Einzelne Branchen der Industrie und des Handwerks"
K1136;Franz Greno;Greno-Verlagsgesellschaft;Nördlingen;1984;1994;2092195-0;;Buchwissenschaft, Buchhandel
K1137;Franzbrötchen-Verlag;Franzbrötchen-Verlag;Hamburg;;;1065491093;http://www.franzbroetchen-verlag.de;Buchwissenschaft, Buchhandel
K1138;Frauenmuseum;Frauenmuseum Bonn;Bonn;02.05.1981;;806145-2;https://www.frauenmuseum.de/;"Gruppe, Organisationssoziologie, Interaktion; Kunstgeschichte; Archiv, Museum"
K1139;Frauenzimmer Verlag;Frauenzimmer Verlag e.K.;;;;1064212816;;Buchwissenschaft, Buchhandel
K1140;Free Pen Verlag;Free Pen Verlag;Bonn;;;1065031998;http://www.freepenverlag.eu;Buchwissenschaft, Buchhandel
K1141;Freiburger Echo Verlag;Freiburger Echo Verlag;;1981;;1064728472;http://www.freiburger-echo-verlag.de;Buchwissenschaft, Buchhandel
K1142;Freiwillige Feuerwehr Haiterbach, Abt. Haiterbach;Freiwillige Feuerwehr Haiterbach. Abteilung Haiterbach;Haiterbach;1975;;1081566833;http://www.feuerwehr-haiterbach.de;Öffentliche Verwaltung, Öffentlicher Dienst
K1143;Frenzongs Publ.;frenzongs publishing;Weil der Stadt;;;1065438621;http://www.frenzongs.de;Buchwissenschaft, Buchhandel
K1144;Freunde der Literatur in Bayern e.V.;Verein der Freunde der Literatur in Bayern e.V.;;18.03.1985;;1133383912;;
K1145;Freundeskreis des Literaturhauses Schleswig-Holstein;;;;;;;
K1146;Freundeskreis, Botanischer Garten;;;;;;;
K1147;Freya Verlag;Freya Verlag;"Linz; Engerwitzdorf";;;1065284128;http://www.freya.at;Buchwissenschaft, Buchhandel
K1148;Frick;;;;;;;
K1149;Friedenauer Presse;Friedenauer Presse;Berlin-Friedenau;1963;;1008746-1;http://www.friedenauer-presse.de;Presse
K1150;Friedmann;;;;;;;
K1151;Friedrich;;;;;;;
K1152;Friedrich Reinhardt Verlag;Friedrich Reinhardt AG;Basel;1900;;1021464-1;https://www.reinhardt.ch;Buchwissenschaft, Buchhandel
K1153;Friedrich-Bödecker-Kreis in Sachsen-Anhalt;Friedrich-Bödecker-Kreis in Sachsen-Anhalt;Magdeburg;;;5245907-X;https://www.fbk-lsa.de;
K1154;Frieling Verlag;Frieling & Partner;Berlin;01.02.1983;XX.XX.2004;5056618-0;;Buchwissenschaft, Buchhandel
K1155;Friesische Philologie/Nordfriesische Wörterbuchstelle, Christian-Albrechts-Universität zu Kiel;;;;;;;
K1156;Fritzsche;;;;;;;
K1157;Fuchs;;;;;;;
K1158;Fundus-Verl.;Fundus Verlag;;;;1067143467;;Buchwissenschaft, Buchhandel
K1159;Fölbach;Verlag Dietmar Fölbach;Koblenz;;;106579407X;;Buchwissenschaft, Buchhandel
K1160;Förderverein Amtliche Vermessung im Kanton Bern;Förderverein 100 Jahre Amtliche Vermessung im Kanton Bern;Bern;;;1060560232;http://www.100jahreav-be.ch/index.php/foerderverein;
K1161;Förderverein Stadtmuseum Hattingen;;;;;;;
K1162;Förderverein für das Erich-Kästner-Museum;Förderverein für das Erich Kästner Museum;Dresden;25.01.1999;XX.XX.2004;10049720-2;http://www.erich-kaestner-museum.de/inhalte-rechts/foerderverein/;
K1163;Förderwerk Elbinseln;;;;;;;
K1164;Förster;Iris Förster (Firma);Waiblingen;;;106578404X;;Buchwissenschaft, Buchhandel
K1165;G-Medien GmbH;G-Medien GmbH;Lohr a. Main;;;1064211925;http://www.g-medien.eu;Buchwissenschaft, Buchhandel
K1166;G. Braun Buchverlag;;;;;;;
K1167;GDruck-Verl.;GDruck-Verlag;;;;1065855362;http://www.gdruck-verlag.de/;Buchwissenschaft, Buchhandel
K1168;GEDOK Brandenburg;GEDOK Brandenburg;Rangsdorf;1994;;2150983-9;http://www.gedok-brandenburg.de;"Kultur, Künste allgemein; Bildende Kunst; Literarisches Leben; Buchwissenschaft, Buchhandel; Musik (Allgemeines), Musikgeschichte"
K1169;GEROJOKO;;;;;;;
K1170;GEV;;;;;;;
K1171;GGSV;;;;;;;
K1172;GNN Verlag;GNN Verlag Süd GmbH;Stuttgart;;;1065782748;;Buchwissenschaft, Buchhandel
K1173;GOYA;;;;;;;
K1174;GPW-Medienverl.;GPW Medienverlag;Weinfelden;;;1067149988;;Buchwissenschaft, Buchhandel
K1175;GRÄV, Verlag der GRÄGS;;;;;;;
K1176;GUC;;;;;;;
K1177;Gabriele Schäfer Verlag;Gabriele Schäfer (Firma);;;;1065970463;;Buchwissenschaft, Buchhandel
K1178;Gala-Ed.;Gala Edition;Bad Arolsen;22.03.2006;;106566222X;http://www.gala-edition.de;Buchwissenschaft, Buchhandel
K1179;Galiani;Verlag Galiani Berlin;Berlin;XX.01.2009;;1065132778;https://www.galiani.de;Buchwissenschaft, Buchhandel
K1180;Galiani Berlin;Verlag Galiani Berlin;Berlin;XX.01.2009;;1065132778;https://www.galiani.de;Buchwissenschaft, Buchhandel
K1181;Galli;Galli Verlag (Wiesbaden);"Freiburg im Breisgau; Wiesbaden";1992;;5343490-0;http://www.galliverlag.de;"Einzelne Branchen der Industrie und des Handwerks; Buchwissenschaft, Buchhandel"
K1182;Gallimard;Editions Gallimard;Paris;31.05.1911;;33669-5;;"Buchwissenschaft, Buchhandel; Einzelne Branchen der Industrie und des Handwerks"
K1183;Gangan Verlag;Gangan Verlag;"Stattegg; Graz; Sydney; Wien";1984;;1065528078;http://www.gangan.com;Buchwissenschaft, Buchhandel
K1184;Gans Verlag;Edmund Gans Verlag (Lochham);Gräfelfing-Lochham;;;1073077616;;
K1185;Ganymed Edition;;;;;;;
K1186;Garant;garant Verlag;Renningen;;;1065559909;http://www.garant-verlag.de;Buchwissenschaft, Buchhandel
K1187;Gardez!-Verl.;Gardez! Verlag;"Mainz; Sankt Augustin; Remscheid-Lüttringhausen; Remscheid";01.06.1990;;2179090-5;http://www.gardez.de;"Buchwissenschaft, Buchhandel; Einzelne Branchen der Industrie und des Handwerks"
K1188;Gareis Marketing;Gareis Marketing Kommunikation;Neustadt an der Weinstraße;;;1065532695;http://www.marketing-gareis.de;Buchwissenschaft, Buchhandel
K1189;Garnies;;;;;;;
K1190;GartenWEden Verlag;;;;;;;
K1191;Gebr. Nadelmann;;;;;;;
K1192;GedankenReich;;;;;;;
K1193;Geest Verlag;Geest-Verlag GmbH & Co. KG;Vechta;;;1065864221;;Buchwissenschaft, Buchhandel
K1194;Gehrke;Konkursbuch Verlag Claudia Gehrke;Tübingen;01.04.1978;;16344015-3;http://www.konkursbuch.com;"Einzelne Branchen der Industrie und des Handwerks; Buchwissenschaft, Buchhandel"
K1195;Geiger Verlag;Geiger-Verlag;Horb am Neckar;;;1051113350;;
K1196;Geistkirch Verlag;Geistkirch Verlag;Saarbrücken;2005;;1064194842;https://geistkirch.de;Buchwissenschaft, Buchhandel
K1197;Gelsing & Hoch Literaturverlag GbR;;;;;;;
K1198;Gemeinde Kemmern;;;;;;;
K1199;Gemeinde Wardenburg;Gemeinde Wardenburg. Gemeindedirektion;Wardenburg;;;1068109424;http://www.wardenburg.de;Buchwissenschaft, Buchhandel
K1200;Gemeinnütziger Verein zur Förderung des Literaturschaffens und des kulturellen Austauschs zwischen Deutschen und Polen e.V.;;;;;;;
K1201;Gemma;Gemma-Verlag;Theilheim;;;1065133332;;Buchwissenschaft, Buchhandel
K1202;Genniges;;;;;;;
K1203;Gentner;A. W. Gentner-Verlag;Stuttgart;1927;;2005586-9;;Buchwissenschaft, Buchhandel
K1204;Georg Olms Verlag;Georg Olms Verlag AG;"Oetwil am See; Zürich";;;1065171641;;Buchwissenschaft, Buchhandel
K1205;Georg-Britting-Stiftung;Georg-Britting-Stiftung;;;;1064204112;http://www.britting.com;Buchwissenschaft, Buchhandel
K1206;Georg-von-Toyberg-Verl.;Georg von Toyberg Verlag;München;;;1064916791;;Buchwissenschaft, Buchhandel
K1207;Gerhard, Johanna;;;;;;;
K1208;Gerhard-Hess-Verlag;Gerhard Hess Verlag;Bad Schussenried;;;1065494610;;Buchwissenschaft, Buchhandel
K1209;Gerlinger, Stefan;;;;;;;
K1210;Gernot Kröger;;;;;;;
K1211;Gerth Medien;Gerth Medien;München;;;1065488351;http://www.randomhouse.de;Buchwissenschaft, Buchhandel
K1212;Gesellschaft Hessischer Literaturfreunde;Gesellschaft Hessischer Literaturfreunde;Darmstadt;1960;;2012291-3;http://www.geheli.de;"Literarisches Leben; Gruppe, Organisationssoziologie, Interaktion"
K1213;Gietl;Geschwister Gietl;;;;10288219-8;;Musik (Allgemeines), Musikgeschichte
K1214;Gilgamesch-Verlag;;;;;;;
K1215;Gilles & Francke;Gilles & Francke;Duisburg;01.10.1900;;1065499779;http://www.gilles-francke.de;Buchwissenschaft, Buchhandel
K1216;Gipfelbuch-Verl.;Gipfelbuch-Verlag e.K.;;19.11.2003;;1065523777;http://www.gipfelbuch-verlag.de;Buchwissenschaft, Buchhandel
K1217;Girgis Verlag;;;;;;;
K1218;Gisler Medien, Gisler 1843 AG;Gisler 1843 AG;Altdorf (Uri);02.11.2016;;1222917068;https://www.gisler1843.ch/;
K1219;Glaré;Glaré Verlag;Frankfurt am Main;;;1065217692;http://www.glareverlag.de;Buchwissenschaft, Buchhandel
K1220;Glentorf Verlag;;;;;;;
K1221;Glossabooks;;;;;;;
K1222;Glückskindverl.;;;;;;;
K1223;Gmeiner Verlag;Gmeiner-Verlag;Meßkirch;29.12.1986;;16328743-0;https://www.gmeiner-verlag.de/;Buchwissenschaft, Buchhandel
K1224;Gmünder;Bruno-Gmünder-Verlag (Berlin);Berlin;;;2117917-7;;Einzelne Branchen der Industrie und des Handwerks
K1225;Goa Kana & Waratfy Ztaia;;;;;;;
K1226;Goedeke;;;;;;;
K1227;Goethe Universität Frankfurt;Goethe-Universität Frankfurt am Main;Frankfurt am Main;16.10.1914;;35074-6;https://www.uni-frankfurt.de;Hochschule
K1228;Goethe-Werkstatt;Goethe-Werkstatt;Wetzlar;;;106503363X;http://www.goethe-werkstatt.de;Buchwissenschaft, Buchhandel
K1229;Goki Verlag;GOKI-Verlag;Kierspe;;;1064783430;;Buchwissenschaft, Buchhandel
K3010;Verlag UMWELTBILD;;;;;;;
K1230;Goldegg Verlag;Goldegg Verlag;"Wien; Berlin";2003;;106552594X;https://www.goldegg-verlag.com/;Buchwissenschaft, Buchhandel
K1231;Golden Luft Verlag;;;;;;;
K1232;Goldene Rakete Verlag für Belletristik;;;;;;;
K1233;Goldmacher;;;;;;;
K1234;Goldmann;;;;;;;
K1235;Goldschmidt GmbH;;;;;;;
K1236;Goldstadt-Autoren e. V., Verein;;;;;;;
K1237;Goldstaub Verlag;;;;;;;
K1238;Goldwaage-Verl.;Goldwaage-Verlag;Berlin;;;106565801X;;Buchwissenschaft, Buchhandel
K1239;Golkonda Verlag;Golkonda Verlag;Berlin;2010;;1065426577;;Buchwissenschaft, Buchhandel
K1240;Gollenstein Verlag;Gollenstein Verlag;Saarbrücken;;;1065711417;http://www.oem.de;Buchwissenschaft, Buchhandel
K1241;Gollenstein-Verl.;Gollenstein Verlag;Saarbrücken;;;1065711417;http://www.oem.de;Buchwissenschaft, Buchhandel
K1242;Golos-Press;;;;;;;
K1243;GolubBooks;Golub Books;Karlsruhe;;;106479100X;http://www.golub-books.de;Buchwissenschaft, Buchhandel
K1244;Goskonzept;Goskonzept;Stuttgart;;;1065290209;;Buchwissenschaft, Buchhandel
K1245;Graf;Graf Verlag;München;;;1065030711;http://www.graf-verlag.de;Buchwissenschaft, Buchhandel
K1246;Grafische Anstalten Hassa & Karl GbR;;;;;;;
K1247;Grafit;GRAFIT Verlag GmbH;Dortmund;19.05.1989;;1065968442;http://www.grafit.de;Buchwissenschaft, Buchhandel
K1248;Grafotlac Soltys;;;;;;;
K1249;Grafotlač Šoltys;;;;;;;
K1250;Gralsverl.;;;;;;;
K1251;Graph. Werkstätten;Graphische Werkstätten Zittau;Zittau;;;10114881-1;;"Buchwissenschaft, Buchhandel; Einzelne Branchen der Industrie und des Handwerks"
K1252;Graphiti;GRAPHITI;Toulouse;1990;;108597085X;;
K1253;Grass Publishers;;;;;;;
K1254;Greifenverl.;Greifenverlag;Rudolstadt;1919;1993;2012641-4;;Buchwissenschaft, Buchhandel
K1255;Greifenverlag;Greifenverlag;Rudolstadt;1919;1993;2012641-4;;Buchwissenschaft, Buchhandel
K1256;Grenda;;;;;;;
K1257;Gretus Verlag;;;;;;;
K1258;Greven;;;;;;;
K1259;Groh Verlag;Groh Verlag GmbH;;27.03.1928;;1065437633;http://www.groh.de;Buchwissenschaft, Buchhandel
K1260;Grolitsch;;;;;;;
K1261;Grote;;;;;;;
K1262;Grubbe;Grubbe Media GmbH;München;;;1064690777;http://www.grubbemedia.de;Buchwissenschaft, Buchhandel
K1263;Grubbe Media;Grubbe Media GmbH;München;;;1064690777;http://www.grubbemedia.de;Buchwissenschaft, Buchhandel
K1264;Gruber;;;;;;;
K1265;Grundblick-Verl.;Grundblick-Verlag;"Marburg; Ebsdorfergrund";;;1064791824;;Buchwissenschaft, Buchhandel
K1266;Grupello;Grupello-Verlag (Düsseldorf);Düsseldorf;01.07.1990;;10126525-6;"http://www.grupello.de/verlag/grupello/session//ident; http://www.grupello.de";Buchwissenschaft, Buchhandel
K1267;Gryphon-Verl.;Gryphon Verlagsgruppe KG;München;23.03.1999;;1066129657;http://www.gryphonverlag.de;Buchwissenschaft, Buchhandel
K1268;Gräfe und Unzer Verlag GmbH;Gräfe und Unzer;"Marburg; München; Tilsit; Königsberg";1832;;2030564-3;http://www.graefe-und-unzer.de;"Handel einzelner Branchen, Dienstleistung einzelner Branchen; Buchwissenschaft, Buchhandel"
K1269;Gröls Verlag;;;;;;;
K1270;Größenwahn Verlag;Größenwahn Verlag;Frankfurt am Main;;;1065032935;http://www.groessenwahn-verlag.de;Buchwissenschaft, Buchhandel
K1271;Grünberg;;;;;;;
K1272;Grüne Aue;Kleingartenverein Grüne Aue (Leipzig);Leipzig;;;16087759-3;;
K1273;Grünkreuzverl.;Grünkreuzverlag;Dotzigen;;;1065287119;http://www.gruenkreuzverlag.com;Buchwissenschaft, Buchhandel
K1274;Gudruns Töchter;;;;;;;
K1275;GuideMedia Verlag GbR;GuideMedia GbR;Bamberg;16.10.2006;;1024527816;http://www.guidemedia.de;Buchwissenschaft, Buchhandel
K1276;Gulde Druck;Gulde Druck GmbH & Co. KG;Tübingen;;;1065297459;http://www.gulde-druck.de;Buchwissenschaft, Buchhandel
K1277;Gunda-Werner-Institut;Gunda-Werner-Institut;Berlin;XX.06.2007;;10186327-5;https://www.gwi-boell.de/de/;"Wissenschaft; Sozialpolitik, Entwicklungshilfe"
K1278;Gyadu - Ed. Isis;Edition Isis;Saarbrücken;;;1064297986;;Buchwissenschaft, Buchhandel
K1279;Górnośląskie Centrum Kultury i Spotkań im. Eichendorffa;;;;;;;
K1280;Göttert;Christel Göttert (Firma);Rüsselsheim;01.10.1976;;106549890X;http://www.christel-goettert-verlag.de;Buchwissenschaft, Buchhandel
K1281;Günther Emigs Literatur-Betrieb;;;;;;;
K1282;Gütersloher Verlagshaus;Gütersloher Verlagshaus Gerd Mohn;Gütersloh;1959;;2084301-X;"http://www.randomhouse.de; http://www.gtvh.de";Buchwissenschaft, Buchhandel
K1283;H. W. Fichter Kunsthandel und Ed.;H. W. Fichter Kunsthandel;Frankfurt am Main;;;514740-2;http://www.fichterart.de;"Buchwissenschaft, Buchhandel; Handel einzelner Branchen, Dienstleistung einzelner Branchen; Bildende Kunst"
K1284;H. Weisenfeld;;;;;;;
K1285;HILLE Druckerei & Verlag;Druckerei & Verlag Fabian Hille;Dresden;2017;;1228902550;;
K1286;HKL-Verlag;HKL-Verlag;;;;1065140053;;Buchwissenschaft, Buchhandel
K1287;HR-Verl.;HR-Verlag;Bruchsal;;;1065035322;;Buchwissenschaft, Buchhandel
K1288;HS-Literaturverl.;HS-Literaturverlag Heinz Spicka;;;;1064916228;http://www.hs-verlage.at;Buchwissenschaft, Buchhandel
K1289;HW-Verl.;HW Verlag;Mauerstetten;1995;;1278049576;http://hwverlag.com/HW-Verlag;
K1290;Haag + Herchen;Haag + Herchen GmbH;Hanau;25.11.1976;;1065505272;http://www.haagundherchen.de;Buchwissenschaft, Buchhandel
K1291;Haffmans Verl. bei Zweitausendeins;Haffmans Verlag;Zürich;1982;2001;404624-9;;"Einzelne Branchen der Industrie und des Handwerks; Buchwissenschaft, Buchhandel"
K1292;Haffmans Verlag bei Zweitausendeins;Haffmans Verlag;Zürich;1982;2001;404624-9;;"Einzelne Branchen der Industrie und des Handwerks; Buchwissenschaft, Buchhandel"
K1293;Haffmans bei Zweitausendeins;Haffmans Verlag;Zürich;1982;2001;404624-9;;"Einzelne Branchen der Industrie und des Handwerks; Buchwissenschaft, Buchhandel"
K1294;Haffnitz Verlag;;;;;;;
K1295;Hagebutte Verlag;;;;;;;
K1296;Hager;;;;;;;
K2185;Pereprava;Pereprava Verlagsges.m.b.H.;Wien;2002;;1065426615;;Buchwissenschaft, Buchhandel
K1297;Hager, Wolfgang;Wolfgang Hager Verlag;Murau-Stolzalpe;2002;;1064050182;http://www.wolfgang-hager-verlag.at/impressum/;Buchwissenschaft, Buchhandel
K1298;Hai-tec Verlags- und Autorenservice;Hai-tec Verlags- und Autorenservice;;;;106579357X;http://www.hai-tec-autorenservice.de;Buchwissenschaft, Buchhandel
K1299;Haileiht-Verlag vom Hai-tec Verlags- und Autorenservice;;;;;;;
K1300;Halbhoch Verlag;;;;;;;
K1301;Hamburger Elbsommer;Hamburger Elbsommer GmbH;Hamburg;;;1064050441;http://www.hamburgerelbsommer.de;Buchwissenschaft, Buchhandel
K1302;Hamburger Haiku-Verl.;Hamburger Haiku Verlag;Hamburg;;;1065961448;http://www.haiku.de;Buchwissenschaft, Buchhandel
K1303;Hamburger Lesehefte Verlag;Hamburger Lesehefte Verlag;Hamburg;;;107307885X;;
K1304;Hammer;;;;;;;
K1305;Hamsah-Verl.;Hamsah Verlag;"Köln; Osnabrück";1987;;1065854161;http://www.buchversand-hamsah.com;Buchwissenschaft, Buchhandel
K1306;Hanani-Verl.;Hanani Verlag;Berlin;;;1064286925;http://www.hanani.de;Buchwissenschaft, Buchhandel
K1307;Hands Art, Four;;;;;;;
K1308;Hanno Herbst Musik & Buch;;;;;;;
K1309;Hans-Werner Kulinna c/o Autorenglück.de;;;;;;;
K1310;Hansa-Verl.;;;;;;;
K1311;Hanser;Carl Hanser Verlag;München;01.10.1928;;2007034-2;https://www.hanser.de/;Buchwissenschaft, Buchhandel
K1312;Hanser Berlin;Hanser Berlin;München;;;1065564120;http://www.hanser.de;Buchwissenschaft, Buchhandel
K1313;Hansisches Dr.- und Verl.-Haus;Hansisches Druck- und Verlagshaus;Frankfurt am Main;29.11.1949;;1065105355;http://www.chrismon.de;Buchwissenschaft, Buchhandel
K1314;Hardt & Wörner;;;;;;;
K1315;Harenberg, KV&H-Verl.;;;;;;;
K1316;Harrassowitz;Richter & Harrassowitz;Leipzig;1872;1875;1073009335;;Buchwissenschaft, Buchhandel
K1317;Harrassowitz,;Richter & Harrassowitz;Leipzig;1872;1875;1073009335;;Buchwissenschaft, Buchhandel
K1318;Hartmann;;;;;;;
K1319;Hartmut Krüpe-Silbersiepe;;;;;;;
K1320;Hartung-Gorre;Hartung-Gorre Verlag;Konstanz;;;1036669971;http://www.hartung-gorre.de/;Buchwissenschaft, Buchhandel
K1321;Hasenverl.;Hasenverlag (Halle (Saale));Halle (Saale);22.12.1998;;16017701-7;http://www.hasenverlag.de;"Buchwissenschaft, Buchhandel; Einzelne Branchen der Industrie und des Handwerks"
K1322;Hassa & Karl Grafische Anstalten;;;;;;;
K1323;Hatje Cantz;Hatje-Cantz-Verlag;"Stuttgart; Berlin; Ostfildern";1999;;10094104-7;http://www.hatjecantz.de;Buchwissenschaft, Buchhandel
K1324;Hauptverband des Österreichischen Buchhandels;Hauptverband des Österreichischen Buchhandels;Wien;1965;;2008381-6;http://www.buecher.at/;Buchwissenschaft, Buchhandel
K1325;Haus am Nepomuk;Verlag Haus am Nepomuk;Rottenburg am Neckar;;;1024515966;http://www.haus-am-nepomuk.de;Buchwissenschaft, Buchhandel
K1326;Haus für Poesie;Haus für Poesie;Berlin;2016;;1120332575;http://www.haus-fuer-poesie.org;
K1327;Hawkify Books;;;;;;;
K1328;Haymon Verlag;Haymon Verlag;Innsbruck;1982;;1035421550;http://www.haymonverlag.at/;Buchwissenschaft, Buchhandel
K1329;Heel;Heel Verlag;Königswinter;04.08.1980;;1065421184;http://www.heel-verlag.de;Buchwissenschaft, Buchhandel
K1330;Hegarda-Verl.;Hegarda Verlag;;;;1065141327;http://www.markmann-kawinski.de;Buchwissenschaft, Buchhandel
K1331;Heiber;Hartmut Heiber (Firma);Schortens;1986;;1065523300;http://www.heiberdruck.de;Buchwissenschaft, Buchhandel
K1332;Heike Rosa Maria Gaudenti;;;;;;;
K1333;Heimann-Stiftung, für Völkerverständigung;Heimann Stiftung für Völkerverständigung;Wiesloch;2015;;1256937215;;
K1334;Heimat- u. Geschichtsverein;;;;;;;
K1335;Heimat- und Kulturverein Dahme;Heimat- und Kulturverein Dahme;Dahme (Holst);;;1261079639;https://www.wirliebendahme.de/;
K1336;Heimat- und Museumsverein Thayaland;Heimat- und Museumsverein Thayaland;Laa an der Thaya;;;16166696-6;;
K1337;Heimat- und Verschönerungsverein Bad Salzuflen e.V.;Heimat- und Verschönerungsverein Bad Salzuflen;Bad Salzuflen;1876;;2011457-6;https://www.heimatverein-bad-salzuflen.de/;"Brauchtum, Volksglaube; Geografie, Heimat- und Länderkunde (Allgemeines); Raumordnung, Stadtplanung, Landschaftsgestaltung; Gruppe, Organisationssoziologie, Interaktion; Architektur"
K1338;Heimatbote Schwalmtal;;;;;;;
K1339;Heimatfreunde Winterbach;Heimatfreunde Winterbach;St. Wendel;;;5205398-2;https://www.heimatfreunde-winterbach.de/;
K1340;Heimatkundlicher Verein für Südböhmen e.V.;;;;;;;
K1341;Heimatverein der Grafschaft Bentheim e.V.;Heimatverein der Grafschaft Bentheim;Bad Bentheim;;;2011436-9;https://heimatverein-grafschaft.de;Buchwissenschaft, Buchhandel
K1342;Heimatverl. Schrage;Heimatverlag Josef Schrage;Möhnesee (Ort);;;106479677X;;Buchwissenschaft, Buchhandel
K1343;Heimdall Verlag;Heimdall Verlag;;;;1065865023;;Buchwissenschaft, Buchhandel
K1344;Hein-Verlag;Hein-Verlag;Petersberg-Ostrau;;;1065500653;http://www.roh-ark-verlag.de;Buchwissenschaft, Buchhandel
K1345;Heiner Labonde Verlag;;;;;;;
K1346;Heinrich Tüffers Verlag GmbH;Heinrich Tüffers Verlag GmbH;Düsseldorf;;;1066127050;;Buchwissenschaft, Buchhandel
K1347;Heinrichs-Verl.;Heinrichs-Verlag GmbH & Co. KG;Hildesheim;01.09.1946;;1065421672;;Buchwissenschaft, Buchhandel
K1348;Heinz-Willi Dammers;;;;;;;
K1349;Helios;Helios;Karlsruhe;;;1066125775;;Buchwissenschaft, Buchhandel
K1350;Hellinger Publ.;;;;;;;
K1351;Hellinger Publications;;;;;;;
K1352;Hellmund;Peter Hellmund (Firma);Würzburg;;;1065982127;;Buchwissenschaft, Buchhandel
K1353;Helmer;Pamela Helmer Verlag;Korbach;;;106552952X;http://www.verlag-pamela-helmer.de;Buchwissenschaft, Buchhandel
K1354;Helms;Thomas Helms Verlag;Schwerin;17.08.1994;;1065361416;https://thv.de/;Buchwissenschaft, Buchhandel
K1355;Helmut Schlaiß Verlag;Helmut Schlaiß (Firma);;;;1065960700;;Buchwissenschaft, Buchhandel
K1356;Helmut-Maletzke-Stiftung;Helmut-Maletzke-Stiftung;;;;16102011-2;;Buchwissenschaft, Buchhandel
K1357;Hemmer;Hemmer Verlag;;;;1064203329;http://www.hemmerverlag.at;Buchwissenschaft, Buchhandel
K1358;Henrich-Ed.;;;;;;;
K2312;Regina Mars c/o Block Services;;;;;;;
K1359;Henss;Dr. Ronald Henss (Firma);Saarbrücken;;;1067140670;http://www.ronald-henss-verlag.de;Buchwissenschaft, Buchhandel
K1360;Hentrich & Hentrich;Hentrich & Hentrich;"Berlin; Leipzig";;;1065036175;http://www.hentrichhentrich.de;Buchwissenschaft, Buchhandel
K1361;Herausgeber Verlag;Kulturbuchverlag Herausgeber;Riedtwil;2002;;1203556659;https://www.herausgeber.ch;
K1362;Herausgeber.ch;Herausgeber.ch;Bern;2000;;1065175965;http://www.herausgeber.ch;Buchwissenschaft, Buchhandel
K1363;HerausgeberInnengemeinschaft Irrliche;;;;;;;
K1364;Herbst Medien;;;;;;;
K1365;Herder;;;;;;;
K1366;Herkules-Verl.;Herkules Verlag;Kassel;01.01.2004;;1065291515;;Buchwissenschaft, Buchhandel
K1367;Hermagoras;Hermagoras-Verlag;Klagenfurt am Wörthersee;"1947; 1882";1920;5208775-X;https://www.mohorjeva.com/zalozba_verlag;Einzelne Branchen der Industrie und des Handwerks
K1369;Herta Ahrenzmann c/o AutorenServices.de;;;;;;;
K1370;Herzensmenschen;;;;;;;
K1371;Herzsprung Verlag;;;;;;;
K1372;Herzstückverlag;;;;;;;
K1373;Hess Verlag;Gerhard Hess Verlag;Bad Schussenried;;;1065494610;;Buchwissenschaft, Buchhandel
K1374;Hesse & Becker;Hesse & Becker;Leipzig;;;5556137-8;;"Buchwissenschaft, Buchhandel; Papierherstellung, Grafische Technik; Einzelne Branchen der Industrie und des Handwerks"
K1375;Hessel;;;;;;;
K1376;Hessisches Literaturforum im Mousonturm e. V.;Hessisches Literaturforum im Mousonturm e.V.;Frankfurt am Main;2002;;10082552-7;https://hlfm.de/;Literarisches Leben
K1377;HeuwägelchenBücher;;;;;;;
K1378;Heydär Äliyev Stiftung;Heydär Äliyev Fondu;Baku;2004;;16167285-1;http://www.heydar-aliyev-foundation.org/en;
K1379;Heyn;Verlag Johannes Heyn;Klagenfurt am Wörthersee;1868;;1065536151;http://www.verlagheyn.at;Buchwissenschaft, Buchhandel
K1380;Heyne;Heyne;München;;;1065503806;http://www.randomhouse.de;Buchwissenschaft, Buchhandel
K1381;Heyne, W;;;;;;;
K1382;Hibarios;Hibarios Verlag;Kaarst;;;106472972X;;Buchwissenschaft, Buchhandel
K1383;Hierax Medien;Hierax Medien;Edewecht;;;1065028164;http://www.hoer-cds.de;Buchwissenschaft, Buchhandel
K1384;Hierophant Verlag;Hierophant Verlag;Heppenheim (Bergstraße);2007;;1065782624;http://www.hierophant-verlag.de;Buchwissenschaft, Buchhandel
K1385;Hierreth;Janine Hierreth (Firma);;;;1065977395;http://www.hierrethverlag.de.tl/;Buchwissenschaft, Buchhandel
K1386;Hildegard Tölke;Tölke, Hildegard;;;;124355617;;"Personen zu Malerei, Zeichnung, Grafik; Personen zu Bildungswesen"
K1387;Hildesheimer Literaturverl.;Hildesheimer Literaturverlag;Bad Salzdetfurth;;;1064209726;http://www.hildesheimer-literaturverlag.de;Buchwissenschaft, Buchhandel
K1388;Hille Verlag;Hille Verlag;Geldern;;;1065710186;;Buchwissenschaft, Buchhandel
K1389;Himmel-Erde-Mensch-Verl.;Himmel-Erde-Mensch-Verlag;Lohne (Oldenburg);;;1067139680;;Buchwissenschaft, Buchhandel
K1390;Himmelstürmer Verlag;Himmelstürmer Verlag Part of Production House Filmproduktions GmbH;Hamburg;;;1065854242;http://www.himmelstuermer.de;Buchwissenschaft, Buchhandel
K1391;Hinstorff;Hinstorff-Verlag;Rostock;1959;;2030901-6;https://www.hinstorff.de/;Buchwissenschaft, Buchhandel
K1392;Hinterländer Geschichtsverein;Hinterländer Geschichtsverein;Biedenkopf;;;1052614-6;http://www.hinterländer-geschichtsverein.de/;"Gruppe, Organisationssoziologie, Interaktion; Geografie, Heimat- und Länderkunde (Allgemeines); Geschichte (Allgemeines)"
K1393;Hippomonte Publishing e.K.;;;;;;;
K1394;Hirmer;Hirmer Verlag;München;24.06.1948;;1065427166;https://www.hirmerverlag.de/;Buchwissenschaft, Buchhandel
K1395;Hirn Kastl & Herz;;;;;;;
K1396;Hirnkost KG;Hirnkost KG;Berlin;30.10.2015;;1217205349;https://www.hirnkost.de;
K1397;Hirschberger;Hirschberger Musikanten;;;;10168433-2;;Musik (Allgemeines), Musikgeschichte
K1398;Hirt;;;;;;;
K1399;Hober Verlag;;;;;;;
K1400;Hoepli;Hoepli (Mailand);Mailand;1870;;5077987-4;http://www.hoepli.it;Buchwissenschaft, Buchhandel
K1401;Hoermann;;;;;;;
K1402;Hoffe Markenmanufaktur, WOLL Selbstverlag;;;;;;;
K1403;Hoffmann und Campe;Hoffmann und Campe Verlag;"Berlin; Hamburg";1816;;2013112-4;https://hoffmann-und-campe.de;Buchwissenschaft, Buchhandel
K1404;Hofmann-Buch;;;;;;;
K1405;Hohe-Dorst, Inka Maria;;;;;;;
K1406;Hohenheim-Verl.;Hohenheim Verlag GmbH;Stuttgart;14.04.2000;;1065862792;;Buchwissenschaft, Buchhandel
K1407;Holder;Hoelder!;;;;1229380825;https://hoelder-music.com/start.html;
K1408;Hollitzer;Hollitzer Wissenschaftsverlag;Wien;2010;;1064332242;http://www.hollitzer.at;Buchwissenschaft, Buchhandel
K1409;Holzheimer Verlag;;;;;;;
K1410;HomeBooks;Homebooks;Landau in der Pfalz;;;1065135343;;Buchwissenschaft, Buchhandel
K1411;Homo Littera;HOMO Littera (Firma);Gratkorn;XX.12.2011;;1064050492;http://www.homolittera.com;Buchwissenschaft, Buchhandel
K1412;Hora-Verl.;Editura Hora (Hermannstadt);Hermannstadt;;;5558437-8;http://www.hora.ro;Buchwissenschaft, Buchhandel
K1413;Horizont Media Verlag;;;;;;;
K1414;Horlemann;Horlemann Verlag;Berlin;04.01.1988;;1065867255;http://www.horlemann.info;Buchwissenschaft, Buchhandel
K1415;Hottenstein Buchverlag;Hottenstein Buchverlag;;;;1065222157;http://www.hottenstein.de;Buchwissenschaft, Buchhandel
K1416;House of the Poets;House of the Poets;Paderborn;;;1066130523;http://www.hotpoets.de;Buchwissenschaft, Buchhandel
K1417;Huber;;;;;;;
K1418;Hummelshain Verlag;Hummelshain Verlag;Essen;;;1064335438;;Buchwissenschaft, Buchhandel
K1419;Hunold, Konstanze;;;;;;;
K1420;Hunter Verlag;;;;;;;
K1421;Husum Druck- und Verlagsgesellschaft;Husum Druck- und Verlagsgesellschaft;Husum (Kreis Nordfriesland);1973;;1073079597;;
K1422;Hybrid Verlag;Hybrid Verlag;Homburg (Saarpfalz-Kreis);;;1220528366;https://hybridverlag.de/;
K1423;Hydre Éditions;;;;;;;
K1424;Hydre éditions;;;;;;;
K1425;Häusser-Media-Verl.;;;;;;;
K1426;Höchlerbach;;;;;;;
K2508;Schöler;;;;;;;
K1427;Höll Verlag;Verlag Peter Höll;Darmstadt;1987;;1065705271;http://www.hoellverlag.de;Buchwissenschaft, Buchhandel
K1428;Hüsch & Hüsch GmbH;Hüsch & Hüsch GmbH;Aachen;;;1065867034;https://huesch.de/verlag.html;Buchwissenschaft, Buchhandel
K1429;I. Reen Bow;;;;;;;
K1430;IATROS-Verlag und Services GmbH;IATROS Verlag & Services GmbH;Sonnefeld;XX.06.2001;;1065130147;;Buchwissenschaft, Buchhandel
K1431;IDEA;IDEA;Griechenland;;;4345791-5;;Militär
K1432;IDV AG;;;;;;;
K1433;IFB Verlag Deutsche Sprache;IFB Verlag Deutsche Sprache GmbH;Paderborn;;;1064119220;http://www.ifb-verlag.de;Buchwissenschaft, Buchhandel
K1434;IKGS Verlag;IKGS;München;;;1065973292;;Buchwissenschaft, Buchhandel
K1435;IKGS-Verl.;IKGS;München;;;1065973292;;Buchwissenschaft, Buchhandel
K1436;IKOS Verlag;IKOS-Verlag Silvia Orlando Akagi;;XX.09.1994;;1065283636;;Buchwissenschaft, Buchhandel
K1437;IL-Verlag;IL-Verlag;Basel;01.01.2014;;1196710856;https://www.il-verlag.com;
K1438;IMT-Verlag der SIMB e.U.;SIMB GmbH & Co. KG IMT Verlag;Kufstein;;;1064346626;http://www.simb.at;Buchwissenschaft, Buchhandel
K1439;INKAS;Ecuador Inkas;;;;16170130-9;;Musik (Allgemeines), Musikgeschichte
K1440;IO-Verl.;IO Verlag;Köln;;;1065024762;;Buchwissenschaft, Buchhandel
K1441;ISB-Verl.;ISB-Verlag;Waltrop;01.01.2007;;1065167792;http://www.isb-verlag.de;Buchwissenschaft, Buchhandel
K1442;Iatros Verlag;IATROS Verlag & Services GmbH;Sonnefeld;XX.06.2001;;1065130147;;Buchwissenschaft, Buchhandel
K1443;Ibera Verlag;Ibera Verlag;Wien;;;1065973284;;Buchwissenschaft, Buchhandel
K1444;IchZwei-Verlag;;;;;;;
K1445;Ida Universum;;;;;;;
K1446;Idea, Ed. Pega;;;;;;;
K1447;Idee & Produkt Verlag;IDEE&PRODUKT Verlag;Bonn;;;1065213395;;Buchwissenschaft, Buchhandel
K1448;Ideenbrücke Verlag;ideenbrücke / Braunschweigverlag;Braunschweig;;;1065858841;http://www.braunschweig-verlag.de;Buchwissenschaft, Buchhandel
K1449;Ideos;Ideos Verlag AG;Zürich;;;1064335691;;Buchwissenschaft, Buchhandel
K1450;Igel Verlag Literatur & Wissenschaft;Igel Verlag Literatur;"Oldenburg (Oldenburg); Paderborn";07.08.1987;;106542289X;;Buchwissenschaft, Buchhandel
K1451;Ikon-Verl.-GesmbH;ikon VerlagsGesmbH;Brunn am Gebirge;;;1065864094;http://www.redmonds.cc;Buchwissenschaft, Buchhandel
K1452;Ille & Riemer;Verlag Ille & Riemer;"Leipzig; Weißenfels-Pettstädt";01.10.2001;;1064294952;http://www.ilri.de;Buchwissenschaft, Buchhandel
K1453;Ilona Bürgel;Bürgel, Ilona;;;;133858812;;
K1454;ImPrint Verlag;ImPrint Verlag;Münster (Westf);2001;;1065437358;http://www.imprint-verlag.de;Buchwissenschaft, Buchhandel
K1455;In Farbe und Bunt;In Farbe und Bunt (Firma);"Osdorf; Mülheim an der Ruhr";;;1064913415;https://www.ifubshop.com/;Buchwissenschaft, Buchhandel
K1456;Incubus Verlag;Incubus Verlag;Dortmund;;;1065712804;http://www.incubusverlag.de;Buchwissenschaft, Buchhandel
K1457;Independent Bookworm;Independent Bookworm;Bockenem;;;1065500882;;Buchwissenschaft, Buchhandel
K1458;Indian-Summer-Edition;;;;;;;
K1459;Infinite Monkeys' Press;Infinite Monkeys' Press KG;;;;1065030460;;Buchwissenschaft, Buchhandel
K1460;Info & Idee Medien-Verlag;;;;;;;
K1461;Info Verlag;INFO Verlag GmbH;Karlsruhe;1953;;1065436939;http://www.infoverlag.de/;Buchwissenschaft, Buchhandel
K1462;Inform-Verl.;Inform Verlag GmbH;Berlin;;;1064067077;;Buchwissenschaft, Buchhandel
K1463;Ingo Koch Verlag;Koch, Ingo, Verlag;Rostock;;;1064130976;http://www.ingokochverlag.de;Buchwissenschaft, Buchhandel
K1464;Initiative DarkSky Nord;;;;;;;
K1465;Inkitt Inc.;;;;;;;
K1466;Innerhofer, Agnes;Innerhofer, Agnes;;;;1270543016;"http://www.agnes-innerhofer.at; https://www.seelenvortrag.at";
K1467;Innings, Ava;Innings, Ava;;;;1104500434;;
K1468;Innsalz;edition innsalz Verlags GmbH;;;;1065436017;http://www.edition-innsalz.at;Buchwissenschaft, Buchhandel
K1469;Innsbruck Univ. Press;Universität Innsbruck. innsbruck university press iup;Innsbruck;2005;;106810533X;http://www.uibk.ac.at/iup;Buchwissenschaft, Buchhandel
K1470;Input-Verlag;Input-Verlag;Hamburg;14.09.1994;;106549906X;http://www.input-verlag.de;Buchwissenschaft, Buchhandel
K1471;Insel;Insel Verlag Frankfurt am Main;Frankfurt am Main;1961;1989;43218-0;;Buchwissenschaft, Buchhandel
K1472;Insel Verlag;Insel Verlag Berlin;Berlin;XX.01.2010;;16088280-1;"http://www.insel-verlag.de; https://www.suhrkamp.de/verlage/insel-verlag-s-22; http://www.suhrkamp.de/kontakt_34.html";"Einzelne Branchen der Industrie und des Handwerks; Buchwissenschaft, Buchhandel"
K1473;Institut für Digitale Ethik;Institut für Digitale Ethik;Stuttgart;;;1122376200;http://www.digitale-ethik.de/;
K1474;Institut für deutsche Sprache und Literatur I, Universität zu Köln;Universität zu Köln. Institut für Deutsche Sprache und Literatur I;Köln;;;1286271916;https://idsl1.phil-fak.uni-koeln.de;
K1475;Interforum e.V.;Interforum e.V.;Cottbus;;;5550897-2;http://interforumev.com;
K1476;Internationale Buchverlage;;;;;;;
K1477;Internationaler Literatur- und Lyrik-Verlag;Internationaler Literatur und Lyrik Verlag;Wien;;;1064296858;;Buchwissenschaft, Buchhandel
K1478;Internet-Buchverl.;Internet-Buchverlag;Berlin;2008;;1065035594;http://www.internet-buchverlag.de;Buchwissenschaft, Buchhandel
K1479;Ioma-Verl.;Ioma Verlag;Wien;;;1064912869;http://rudimenteloma2011.jimdo.com;Buchwissenschaft, Buchhandel
K1480;Irisiana;Irisiana;München;;;1065503822;http://www.randomhouse.de;Buchwissenschaft, Buchhandel
K1481;Isensee Verlag;Isensee-Verlag;Oldenburg (Oldenburg);1892;1993;10030954-9;;Einzelne Branchen der Industrie und des Handwerks
K1482;Iskopress;iskopress Verlags GmbH;;20.10.1975;;106543667X;http://www.iskopress.de;Buchwissenschaft, Buchhandel
K1483;Iudicium;Iudicium Verlag GmbH;München;25.11.1983;;1065436335;https://www.iudicium.de;Buchwissenschaft, Buchhandel
K1484;Izdatelstvo Vesi;;;;;;;
K1485;J. Flume;;;;;;;
K1486;J. Kissel;;;;;;;
K1487;J. Münch;;;;;;;
K1488;J.F. Hagenlocher Verlag;;;;;;;
K1489;J.H. Röll;Verlag J.H. Röll;Dettelbach;1989;;1064797792;https://roell-verlag.de;Buchwissenschaft, Buchhandel
K1490;J.S. Klotz Verlagshaus;J.S. Klotz Verlagshaus;Neulingen (Enzkreis);2015;;1270535196;https://www.klotz-verlagshaus.de/;
K1491;JFF;;;;;;;
K1492;JKH-Verlag;;;;;;;
K1493;JOJO;Jojo;;;;10286191-2;;Musik (Allgemeines), Musikgeschichte
K1494;JRP Ringier;JRP Ringier Kunstverlag AG;Zürich;2004;2018;106480084X;http://www.jrp-ringier.com;Buchwissenschaft, Buchhandel
K1495;JUDITH DESIGN VERLAG;;;;;;;
K1496;JUHR Verlag;;;;;;;
K1497;JVA Hannover;Justizvollzugsanstalt (Hannover);Hannover;;;2003221-3;;
K1498;JWV Wiemann;;;;;;;
K1499;Jacoby & Stuart;Verlagshaus Jacoby & Stuart;Berlin;11.03.2008;;16088031-2;https://www.jacobystuart.de/;"Einzelne Branchen der Industrie und des Handwerks; Buchwissenschaft, Buchhandel"
K1500;Jagd- und Kulturverl.;Jagd- und Kulturverlag;;;;1065021828;http://www.jagdbuecher.de;Buchwissenschaft, Buchhandel
K1501;Jahreszeiten Verlag GmbH;Jahreszeiten-Verlag;Hamburg;1950;;2121506-6;https://jalag.de/;Buchwissenschaft, Buchhandel
K1502;Jaja Verlag;Jaja Verlag;Berlin;2011;;1064300804;https://www.jajaverlag.com;Buchwissenschaft, Buchhandel
K1503;Jaja-Verl.;Jaja Verlag;Berlin;2011;;1064300804;https://www.jajaverlag.com;Buchwissenschaft, Buchhandel
K1504;Jan Deichmohle c/o AutorenServices.de;;;;;;;
K1505;Janson;;;;;;;
K1506;Jaron Verlag;Jaron Verlag;Berlin;13.06.1996;;1065428553;https://www.jaron-verlag.de/;Buchwissenschaft, Buchhandel
K1507;Jean Verlag;Jean Verlag;;;;1067132538;;Buchwissenschaft, Buchhandel
K1508;Jeetzelbuch;;;;;;;
K1509;Jens Quedens Verlag;;;;;;;
K1510;Jerkov Verlag;;;;;;;
K1511;Jerry Media;Jerry Media;Zollikon;2008;;1065962193;;Buchwissenschaft, Buchhandel
K1512;Jes Schön  c/o WirFinden.Es Naß und Hellie GbR;;;;;;;
K1513;Jes Schön c/o WirFinden.Es Naß und Hellie GbR;;;;;;;
K1514;Jo-Strauß-Ed.;;;;;;;
K1515;Joanmartin Literaturverlag;Joan-Martin-Literaturverlag;Berlin;;;1065496524;http://www.joanmartin.de;Buchwissenschaft, Buchhandel
K1516;Johannis;Johannis;Holzgerlingen;;;1065717636;;Buchwissenschaft, Buchhandel
K1517;Jokers;Great Jokers;;1993;;10362835-6;http://www.great-jokers.de;Musik (Allgemeines), Musikgeschichte
K1518;Jos-Fritz-Verl.;Buchhandlung Jos Fritz (Freiburg im Breisgau);Freiburg im Breisgau;1975;;5045471-7;http://www.josfritz.de;Buchwissenschaft, Buchhandel
K1519;Joy Edition;JOY EDITION;Heimsheim;;;1065500629;;Buchwissenschaft, Buchhandel
K1520;JuLl – Junges Literaturlabor;Junges Literaturlabor;Zürich;;;1126646512;;
K1521;Jud;JUD;;;;10314250-2;http://www.judtv.com;Musik (Allgemeines), Musikgeschichte
K1522;Jumbo;Jumbo;;;;10276333-1;;Musik (Allgemeines), Musikgeschichte
K1523;Junfermann;Junfermann Verlag;Paderborn;;;1065435851;http://www.junfermann.de;Buchwissenschaft, Buchhandel
K1524;Jung und Jung;Jung und Jung;Salzburg;01.11.2000;;7753670-8;https://jungundjung.at/;Buchwissenschaft, Buchhandel
K1525;Junges Literaturforum Hessen-Thüringen;Junges Literaturforum Hessen-Thüringen;;1991;;5162321-3;;Literarisches Leben
K1526;Juno Editions;;;;;;;
K1527;Juppus Bücher;;;;;;;
K1528;JustTales Verlag;;;;;;;
K1529;Justinus-Kerner-Verein und Frauenverein;Justinus-Kerner-Verein und Frauenverein;Weinsberg;;;301098-3;;"Gruppe, Organisationssoziologie, Interaktion; Literarisches Leben"
K1530;Justus von Liebig Verlag;Justus-von-Liebig-Verlag;Darmstadt;1945;;1065433093;https://liebig-verlag.de;Buchwissenschaft, Buchhandel
K1531;Jürgen Höller Academy;Jürgen Höller Academy KG;Schweinfurt;;;1065365721;http://www.juergenhoeller.com;Buchwissenschaft, Buchhandel
K1532;K & S;;;;;;;
K1533;K & W;;;;;;;
K1534;KBV Verlag;KBV Klein & Blechinger Verlag GmbH;;31.03.1989;;106542857X;;Buchwissenschaft, Buchhandel
K1535;KCM-Verl.;;;;;;;
K1536;KEHI-Verl.;;;;;;;
K1537;KJM Buchverlag;;;;;;;
K1538;KKF Buchecke;KKF Buchecke;Duisburg;;;1067146334;http://www.kkfbuchecke.de;Buchwissenschaft, Buchhandel
K1539;KLAK;KLAK Verlag;Berlin;2012;;1067151842;http://www.klak-verlag.de;Buchwissenschaft, Buchhandel
K1540;KSB-Media GmbH;KSB-Media GmbH;;01.01.2009;;1067140026;http://www.ksb-media.de;Buchwissenschaft, Buchhandel
K1541;KUNSTUNDWERK - Sachbuchverlag;;;;;;;
K1542;KUNTS e.V.;Kunts e.V.;Köln;;;1266359281;;
K1543;KUUUK-Verl.;KUUUK Verlag und Medien;Königswinter;01.06.2006;;1064196918;http://www.kuuuk.com;Buchwissenschaft, Buchhandel
K1544;KVHS;;;;;;;
K1545;KW Thörmer;;;;;;;
K1546;KaMeRu Verlag;KaMeRu Verlag;Zürich;2000;;1065421109;http://www.kameru.ch;Buchwissenschaft, Buchhandel
K1547;Kaden;Kaden + Kaden Holzgestaltung;Neuhausen/Erzgeb.;2014;;1068583851;;
K1548;Kadera Verlag;Kadera-Verlag;Norderstedt;08.06.2010;;1065865228;http://kadera-verlag.de;Buchwissenschaft, Buchhandel
K1549;Kaisermühlenverlag;;;;;;;
K1550;Kalt Medien AG;Kalt Medien AG;Zug;;;1064207456;https://www.kalt.ch;Buchwissenschaft, Buchhandel
K1551;Kalt-Zehnder;Kalt-Zehnder-Druck (Zug);Zug;;;2132055-X;;Einzelne Branchen der Industrie und des Handwerks
K1552;Kaltenmeier;H. Kaltenmeier Söhne (Krefeld-Hüls);Hüls (Krefeld);;;1073080307;;
K1553;Kampa Verlag;Kampa Verlag;Zürich;2018;;1164402587;https://kampaverlag.ch;Buchwissenschaft, Buchhandel
K1554;Kampenwand Verlag;;;;;;;
K1555;Kannemann;Kannemann & Miko;Hamburg;2011;;1047736241;http://www.kannemann-musik.de/;Musik (Allgemeines), Musikgeschichte
K1556;Karin Fischer Verlag;Karin-Fischer-Verlag;Aachen;01.01.1992;;10067341-7;https://www.karin-fischer-verlag.de/verlag;"Einzelne Branchen der Industrie und des Handwerks; Buchwissenschaft, Buchhandel"
K1557;Karina Verlag;Karina-Verlag;Wien;;;1065870868;https://www.karinaverlag.at;Buchwissenschaft, Buchhandel
K2567;Skyfood Verlag;Skyfood Verlag;Unterterzen;;;1279104503;;
K1558;Karjas-Verl.;Karjas Verlag GmbH;Leer (Ostfriesland);01.02.2004;;1065975643;http://www.psychotherapie-hp-kompakt.de;Buchwissenschaft, Buchhandel
K1559;Karl-Lappe Verlag;Karl-Lappe Verlag;;;;1065978049;http://www.karl-lappe-verlag.de;Buchwissenschaft, Buchhandel
K1560;Karl-May-Bücherei;;;;;;;
K1561;Karl-May-Verlag;Karl-May-Verlag;"Bamberg; Radebeul";01.07.1913;;2051382-3;http://www.karl-may.de;Buchwissenschaft, Buchhandel
K1562;Karolinger;Karolinger Verlag;Wien;;;1065532938;;Buchwissenschaft, Buchhandel
K1563;Kassandra-Verl.;Kassandra Verlag;;;;1065662572;;Buchwissenschaft, Buchhandel
K1564;Kastel, Theodor;Theodor Kastel (Firma);Berlin;;;1066111227;http://www.verlag-theokastel.de;Buchwissenschaft, Buchhandel
K1565;Kastner;Kastner AG;Wolnzach;;;1257720414;https://kastner.de/;
K1566;Kater Literaturverlag;;;;;;;
K1567;Kath. Akad.;;;;;;;
K1568;Katharina-Verl.;Katharina-Verlag-Ingelheim;Ingelheim am Rhein;;;1065131879;;Buchwissenschaft, Buchhandel
K1569;Kaufmann Verlag;Verlag Ernst Kaufmann;Lahr/Schwarzwald;1946;;1064784631;https://www.kaufmann-verlag.de/de-kaufmann/;Buchwissenschaft, Buchhandel
K1570;Kava-Pech;;;;;;;
K1571;Kawe8;kawe8 Verlag e.K.;;03.02.2005;;1064294480;http://www.kawe8.de;Buchwissenschaft, Buchhandel
K1572;Kawohl Verlag;Kawohl Verlag;Wesel;04.04.1970;;1064784054;http://www.kawohl.de;Buchwissenschaft, Buchhandel
K1573;Kein & Aber;Kein & Aber AG;"Königstein im Taunus; Zürich";1997;;10074402-3;https://www.keinundaber.ch/;"Buchwissenschaft, Buchhandel; Einzelne Branchen der Industrie und des Handwerks"
K1574;Kein & Aber AG;Kein & Aber AG;"Königstein im Taunus; Zürich";1997;;10074402-3;https://www.keinundaber.ch/;"Buchwissenschaft, Buchhandel; Einzelne Branchen der Industrie und des Handwerks"
K1575;Kein und Aber;Kein & Aber AG;"Königstein im Taunus; Zürich";1997;;10074402-3;https://www.keinundaber.ch/;"Buchwissenschaft, Buchhandel; Einzelne Branchen der Industrie und des Handwerks"
K1576;Kelebek Verlag;;;;;;;
K1577;Kelkel Verlag;Kelkel Verlag;;;;1064799442;http://www.kelkel-verlag.de;Buchwissenschaft, Buchhandel
K1578;Kellner Verlag;Klaus Kellner Verlag e.K.;Bremen;15.04.1988;;1065867123;http://www.kellner-verlag.de;Buchwissenschaft, Buchhandel
K1579;Kelm;Friedrich Kelm (Firma);Troisdorf;;;1065424906;;Buchwissenschaft, Buchhandel
K1580;Kempen, Sarah M.;;;;;;;
K1581;Kern;;;;;;;
K1582;Ketteler;;;;;;;
K1583;Khorshid-Verl.;Khorshid Verlag Dr. phil Karin Afshar e.Kfm.;Frankfurt am Main;03.03.2003;;1064923453;http://www.khorshid-verlag.de;Buchwissenschaft, Buchhandel
K1584;Kid Verlag;Kid Verlag;Bonn;06.05.1991;;5076581-4;;Buchwissenschaft, Buchhandel
K1585;Kidemus;KIDEMUS GmbH;Köln;;;1065701977;;Buchwissenschaft, Buchhandel
K1586;Kidnap Music;;;;;;;
K1587;Kiepenheuer & Witsch;Verlag Kiepenheuer & Witsch;"Köln; Hagen";1949;;2025675-9;https://www.kiwi-verlag.de/;Buchwissenschaft, Buchhandel
K1588;Killroy Media;KILLROY media;;1995;;1065527896;http://www.killroy-media.de;Buchwissenschaft, Buchhandel
K1589;Kindermund Verlag;Kindermund Verlag;Karlsruhe;;;1064292046;http://www.kindermund.de;Buchwissenschaft, Buchhandel
K1590;Kinzel;Manuela Kinzel Verlag;"Göppingen; Dessau-Roßlau";23.12.1998;;1037971035;https://www.manuela-kinzel-verlag.de/;Buchwissenschaft, Buchhandel
K1591;Kinzelbach;Verlag Donata Kinzelbach;Mainz;1987;;1065227043;http://www.kinzelbach-verlag.de;Buchwissenschaft, Buchhandel
K1592;Kirchschlager;Verlag Kirchschlager;Arnstadt;;;7667656-0;;Buchwissenschaft, Buchhandel
K1593;Kitab;Verlag KITAB;;;;1065218192;http://www.kitab-verlag.com;Buchwissenschaft, Buchhandel
K1594;Klarant Verlag;Klarant UG;Bremen;;;1064132944;;Buchwissenschaft, Buchhandel
K1595;Klartext;Klartext Verlag;Essen;1983;;7763337-4;https://klartext-verlag.de/;Buchwissenschaft, Buchhandel
K1596;Klatschmohn-Verl.;Klatschmohn-Verlag (Bentwisch);Bentwisch;;;10029379-7;;Einzelne Branchen der Industrie und des Handwerks
K1597;Klaudia Zotzmann-Koch c/o Bianca Kronsteine, impressumservice.net;;;;;;;
K1598;Klaus Becker Verlag;Klaus Becker Verlag;Potsdam;2008;;106543846X;https://klaus-becker-verlag.de;Buchwissenschaft, Buchhandel
K1599;Klecks Verlag;KLECKS-VERLAG;Flörsbachtal;;;1065365934;http://www.klecks-verlag.de;Buchwissenschaft, Buchhandel
K1600;Klemm + Oelschläger;Klemm+Oelschläger;"Ulm; Münster (Westf)";;;1111812489;;
K1601;Klett-Cotta;Klett-Cotta Verlag;Stuttgart;1992;;5174645-1;http://www.klett-cotta.de;Buchwissenschaft, Buchhandel
K1602;Klever Verlag;Klever Verlag;Wien;;;1065028857;https://klever-verlag.com/;Buchwissenschaft, Buchhandel
K1603;Klever-Verl.;Klever Verlag;Wien;;;1065028857;https://klever-verlag.com/;Buchwissenschaft, Buchhandel
K1604;Klimpke;Jürgen Klimpke (Firma);Schleiz;XX.05.1990;;106406082X;http://www.schleizer-heimathefte.de;Buchwissenschaft, Buchhandel
K1605;Kloft;Christoph Kloft (Firma);;;;1064739628;http://www.christoph-kloft.de;Buchwissenschaft, Buchhandel
K1606;Klub Ljubitelja Knjiga Majdan;;;;;;;
K1607;Klub Ljubitelja Knjige Majdan;;;;;;;
K1608;Klöpfer;Roland Klöpfer GmbH (Ottersweier);Ottersweier;;;10146430-7;;Einzelne Branchen der Industrie und des Handwerks
K1609;Klöpfer & Meyer;Klöpfer & Meyer;;;;1065564023;;Buchwissenschaft, Buchhandel
K1610;Knapp;Knapp Verlag;Olten;;;1065103646;http://www.verlag-textwerkstatt.ch;Buchwissenschaft, Buchhandel
K1611;Knaur Verlag;Knaur Taschenbuch;München;;;1065859686;;Buchwissenschaft, Buchhandel
K1612;Knaus;Knaus;München;;;1065503520;http://www.randomhouse.de;Buchwissenschaft, Buchhandel
K1613;Kniphof-Verl.;;;;;;;
K1614;Knürr;;;;;;;
K1615;Kobold Books;;;;;;;
K1616;Koehler;;;;;;;
K1617;Koha;KOHA-Verlag GmbH;;11.01.1999;;1065138636;http://www.koha-verlag.de;Buchwissenschaft, Buchhandel
K1618;Koinonia-Oriens e.V.;Patristisches Zentrum Koinonia-Oriens e.V.;"Schernfeld; Köln";;;1066137161;https://www.ku.de/thf/theologie-des-christlichen-ostens/patristisches-zentrum;Buchwissenschaft, Buchhandel
K1619;Kolchis Belletristik;;;;;;;
K1620;Kolme-K-Verl.;kolme k-Verlag;Gifhorn;1981;;106473796X;http://www.kolme-k-verlag.de;Buchwissenschaft, Buchhandel
K1621;KommPlot, Autorinnengruppe;KommPlot;;;;1329360443;https://kommplot.com/;
K1622;Kommode Verlag;Kommode Verlag;Zürich;;;106521961X;https://www.kommode-verlag.ch;Buchwissenschaft, Buchhandel
K1623;Kommunal- und Schul-Verl.;Kommunal- und Schul-Verlag;Wiesbaden;15.11.1949;;104628200X;http://www.kommunalpraxis.de;Buchwissenschaft, Buchhandel
K1624;Komplett-Media;Komplett-Media GmbH;München;;;1294769960;https://www.komplett-media.de/;
K1625;Konserve Verlag;Konserve-Verlag (Leipzig);Leipzig;;;16060850-8;http://konserve-verlag.de;
K1626;Kontrasp;;;;;;;
K1627;Kontrast Verlag;KONTRAST-VERLAG;;01.12.2000;;1066134030;http://www.kontrast-verlag.com;Buchwissenschaft, Buchhandel
K1628;Kontrast-Verl.;KONTRAST-VERLAG;;01.12.2000;;1066134030;http://www.kontrast-verlag.com;Buchwissenschaft, Buchhandel
K1629;Konzepta, Agentur und Werbemittel;Konzepta - Agentur und Werbemittel GmbH;Prenzlau;;;1064301495;http://www.konzepta-gmbh.com;Buchwissenschaft, Buchhandel
K1630;Kooperative Dürnau;Verlag der Kooperative Dürnau;Dürnau (Landkreis Biberach);29.01.1982;;1064206824;http://www.kooperative.de;Buchwissenschaft, Buchhandel
K1631;Kopf & Kragen;;;;;;;
K1632;KopfKino-Verl.;KopfKino-Verlag;Hilden;;;1065975155;http://www.meinkopfkino.de;Buchwissenschaft, Buchhandel
K1633;KopfKino-Verlag;KopfKino-Verlag;Hilden;;;1065975155;http://www.meinkopfkino.de;Buchwissenschaft, Buchhandel
K1634;Korbinian Verlag;Korbinian Verlag;Berlin;2015;;1246092794;https://korbinian-verlag.de/;
K1635;Kosmos;Kosmos Verlag;Stuttgart;1997;;5308301-5;https://www.kosmos.de/;"Buchwissenschaft, Buchhandel; Einzelne Branchen der Industrie und des Handwerks"
K1636;Kovar, R;;;;;;;
K1637;Krachkultur Verlag;Krachkultur;München;;;106552529X;http://www.krachkultur.de;Buchwissenschaft, Buchhandel
K1638;Kral Verlag;Kral Ges.m.b.H.;Berndorf;2003;;1065368631;https://www.kral-verlag.at;Buchwissenschaft, Buchhandel
K1639;Kranich-Verl.;Kranich-Verlag (Zollikon);Zollikon;1958;;10357812-2;https://www.kranichverlag.com/;"Einzelne Branchen der Industrie und des Handwerks; Buchwissenschaft, Buchhandel"
K1640;Kratzke, Verl. für Kunst- und Kulturgeschichte;;;;;;;
K1641;Krauß;Krauß Verlag;Freisbach;;;1174850817;;
K1642;Kreativ-Verlag;;;;;;;
K1643;Kreativrat der Schreibwerkstatt Feldkirch;;;;;;;
K1644;Krebs;;;;;;;
K1645;Kreisausschuss Odenwaldkreis, Kreisausschuss;Odenwaldkreis. Der Kreisausschuß;;;;106810435X;;Buchwissenschaft, Buchhandel
K1646;Kremayr & Scheriau;Verlag Kremayr & Scheriau;Wien;1951;;1065538138;https://www.kremayr-scheriau.at;Buchwissenschaft, Buchhandel
K1647;Kremser Literaturforum;;;;;;;
K1648;Kreuz;;;;;;;
K1649;Kruse;;;;;;;
K1650;Krüger;FISCHER Krüger;Frankfurt am Main;10.03.1976;;106509955X;;Buchwissenschaft, Buchhandel
K1651;Kuckuck & Straps im Lichtung-Verl.;Kuckuck & Straps;Viechtach;;;1065425961;http://www.lichtung-verlag.de;Buchwissenschaft, Buchhandel
K1652;Kulmbacher Literaturverein;Kulmbacher Literaturverein;Kulmbach;1987;;10345561-9;;"Gruppe, Organisationssoziologie, Interaktion; Literarisches Leben; Buchwissenschaft, Buchhandel"
K1653;Kulturbuchverlag;Kulturbuchverlag Herausgeber;Riedtwil;2002;;1203556659;https://www.herausgeber.ch;
K1654;Kulturbuchverlag Herausgeber;Kulturbuchverlag Herausgeber;Riedtwil;2002;;1203556659;https://www.herausgeber.ch;
K1655;Kulturland Niederösterreich;;;;;;;
K1656;Kulturleben Marktgemeinde Grassau;;;;;;;
K1657;Kulturmaschinen Verlag;Kulturmaschinen e.K.;Ochsenfurt;2007;;1065489013;http://www.kulturmaschinen.de;Buchwissenschaft, Buchhandel
K1658;Kulturstammtisch;Kulturstammtisch Kirchstetten;Kirchstetten (Neulengbach);1991;;10107312-4;http://kulturstammtisch.at;Kultur, Künste allgemein
K1659;Kulturverein Möhnsee e.V.;;;;;;;
K1660;Kulturverein Schloss Homburg am Main e.V.;Kulturverein Schloss Homburg am Main;Triefenstein- Homburg a. Main;2011;;1183022506;;Kultur, Künste allgemein
K1661;Kulturverl. Kadmos;Kulturverlag Kadmos Berlin;Berlin;01.11.1995;;1064927831;https://www.kulturverlag-kadmos.de/;Buchwissenschaft, Buchhandel
K1662;Kulturverlag Kadmos;Kulturverlag Kadmos Berlin;Berlin;01.11.1995;;1064927831;https://www.kulturverlag-kadmos.de/;Buchwissenschaft, Buchhandel
K1663;Kulturzone e.V.;;;;;;;
K1664;Kunst und Alltag;Verlag Kunst und Alltag;"München; Wolfratshausen";05.06.1977;;1064209130;;Buchwissenschaft, Buchhandel
K1665;Kunst- und Textwerk-Verl.;;;;;;;
K1666;KunstSinn-Verlag;;;;;;;
K1667;Kunstanstifter-Verl.;Kunstanstifter Verlag e.Kfr.;Mannheim;21.11.2006;;1065095562;http://www.kunstanstifter.de;Buchwissenschaft, Buchhandel
K1668;Kunstforum Salzkammergut;;;;;;;
K1669;Kunsthaus-Verl.;KUNSTHAUS - VERLAG;;;;1064346901;http://www.kunsthaus-verlag.de;Buchwissenschaft, Buchhandel
K1670;Kunsthochschule für Medien Köln;Kunsthochschule für Medien Köln;Köln;15.10.1990;;2128885-9;https://www.khm.de/home/;"Neue Formen der Kunst; Hochschule"
K1671;Kunstmann Verlag;Verlag Antje Kunstmann;München;1990;;1024481190;http://www.kunstmann.de/;Buchwissenschaft, Buchhandel
K1672;Kunstverl. Fink;Kunstverlag Josef Fink;Lindenberg i. Allgäu;01.01.1996;;4636939-9;https://kunstverlag-fink.de/;"Buchwissenschaft, Buchhandel; Bildende Kunst"
K1673;Kunze;;;;;;;
K1674;Kuqi-Institut für Sprachwissenschaft, Adrian Kuqi;;;;;;;
K1675;Kurierverlags GmbH & Co. KG;Kurierverlags GmbH & Co. KG;Neubrandenburg;;;1034585185;http://www.nordkurier.de/cmlink/nordkurier/das-unternehmen/impressum-www.nordkurier.de-1.341123;
K1676;Kurznachzehn Verlag;;;;;;;
K1677;Kuschelgang;Kuschelgang (Körperschaft);Düren;;;1335334300;http://www.kuschelgang.de/;
K1678;Kwalae Verlag;;;;;;;
K1679;Kynos-Verl.;Kynos Verlag Dr. Dieter Fleig;Nerdlen;01.01.1980;;1065489137;http://www.kynos-verlag.de;Buchwissenschaft, Buchhandel
K1680;Kyrene;Kyrene Verlag;"Wien; Innsbruck";2003;;1065142153;http://www.kyrene-verlag.com;Buchwissenschaft, Buchhandel
K2568;Smart & Nett;;;;;;;
K1681;Königshausen & Neumann;Verlag Königshausen & Neumann;Würzburg;11.01.1979;;4778714-4;https://www.verlag-koenigshausen-neumann.de/;Buchwissenschaft, Buchhandel
K1682;Kösel;Kösel-Verlag;München;;;30068-8;http://www.koesel.de;"Buchwissenschaft, Buchhandel; Einzelne Branchen der Industrie und des Handwerks"
K1683;Köthe;Miriam Köthe (Firma);Kiel;;;1064057381;http://www.koethe-verlag.de;Buchwissenschaft, Buchhandel
K1684;Külzer-Schröder;Hans-Christoph Külzer-Schröder (Firma);;2004;;1065027575;http://www.ibsolutions.de;Buchwissenschaft, Buchhandel
K1685;Künstler-Gilde e.V.;Are-Künstler-Gilde;;1947;;5129815-6;http://www.are-gilde.de;Bildende Kunst
K1686;Künstlernische-Verl. Singer;Verlag künstlernische;München;12.07.2006;;1064196047;http://www.kuenstlernische.de;Buchwissenschaft, Buchhandel
K1687;Kürbis;edition kürbis;;1989;;1065525435;http://www.kuerbis.at;Buchwissenschaft, Buchhandel
K1688;L & L Verlag;;;;;;;
K1689;L.S.D.;;;;;;;
K1690;L100 Verlag;;;;;;;
K1691;LAHA-Dr.;;;;;;;
K1692;LAUNENWEBER;;;;;;;
K1693;LCERC;;;;;;;
K1694;LEU;;;;;;;
K1695;LHDL Self Publ.;;;;;;;
K1696;LIBRAS Shqipe Sylejmani;;;;;;;
K1697;LIJEPA RIJEČ;;;;;;;
K1698;LINCOM GmbH;LINCOM Europa (München);München;;;5300573-9;http://www.lincom.at;"Einzelne Branchen der Industrie und des Handwerks; Buchwissenschaft, Buchhandel"
K1699;LIWI Literatur- und Wissenschaftsverlag;LIWI Literatur- und Wissenschaftsverlag Thomas Löding;Göttingen;2018;;1287082785;https://liwi-verlag.de/;
K1700;LOTUS PRESS;LOTUS-PRESS;Lohne (Oldenburg);;;1065530765;http://www.lotus-press.com;Buchwissenschaft, Buchhandel
K1701;LV-Buch;;;;;;;
K1702;LVZ;LVZ-Bäckerei;Zürich;1906;;1087123755;;
K1703;Labonde;Heiner Labonde (Firma);Grevenbroich;;;1064740820;http://www.labonde-verlag.de;Buchwissenschaft, Buchhandel
K1704;Lach;Otto Lach Verlagsanstalt;Hannover;;;1065171943;;Buchwissenschaft, Buchhandel
K1705;Lago Imago;;;;;;;
K1706;Lagrev;Lagrev Verlag;München;;;1213250978;;
K1707;Lahn Verlag;Lahn-Verlag;Limburg a. d. Lahn;1945;;1026939429;;Buchwissenschaft, Buchhandel
K1708;Lamago-Verl.;Lamago Verlag e.K. Inh. Barbara Landes;München;;;1064927610;;Buchwissenschaft, Buchhandel
K1709;Lamuv;Lamuv-Verlag (Göttingen);Göttingen;13.06.1988;;1026952034;;Buchwissenschaft, Buchhandel
K1710;Landbeck;Dr. Hanne Landbeck (Firma);Berlin;;;1065026633;http://www.landbeck-verlag.de;Buchwissenschaft, Buchhandel
K1711;Landenberg;Landenberg-Druck AG;Sarnen;;;1065436769;http://www.landenberg-druck.ch;Buchwissenschaft, Buchhandel
K1712;Landeshauptstadt Klagenfurt;Handelsgenossenschaft der Landeshauptstadt Klagenfurt;Klagenfurt;1929;1935;1328543854;;
K1713;Landhausverl.;Landhausverlag;"Jena; Berlin; Bad Blankenburg";1916;1928;1051984475;http://www.editionlandhaus.de;Buchwissenschaft, Buchhandel
K1714;Landhege-Verl.;Landhege Verlag;;;;1065715110;http://www.landhege-verlag.de;Buchwissenschaft, Buchhandel
K1715;Landkreis Barnim;Landkreis Barnim. Kreistag;;;;1095553461;;
K1716;Landtwing;Landtwing Verlag;Allenwinden;;;1064063586;https://www.landtwingverlag.ch/;Buchwissenschaft, Buchhandel
K1717;Landverlag;Landverlag;Langnau im Emmental;2007;;1055961224;"https://landverlag.ch/; http://www.landverlag.ch";Buchwissenschaft, Buchhandel
K1718;Langen Müller;Albert-Langen-Georg-Müller-Verlag;"Berlin; München";1932;;2003805-7;https://www.langenmueller.de/de/content/Footer/%C3%9Cber-den-Verlag;Buchwissenschaft, Buchhandel
K1719;Langenscheidt;Langenscheidt KG;"Berlin (West); Berlin; München";1951;2013;4074003-1;;Buchwissenschaft, Buchhandel
K1720;Langlhofer;Langlhofer Verlag;Dessau-Roßlau;;;1065132921;http://www.langlhoferverlag.de;Buchwissenschaft, Buchhandel
K1721;Language Practice Publishing;;;;;;;
K1722;Lappan;Lappan-Verlag;Oldenburg (Oldenburg);01.09.1983;;4465034-6;http://www.lappan.de;Buchwissenschaft, Buchhandel
K1723;Lardon Media;;;;;;;
K1724;Larimar Verlag;Larimar-Verlag;Hockenheim;;;106597048X;http://www.wolkengeschichten.de;Buchwissenschaft, Buchhandel
K1725;Latos Verlag;Latos Verlag;Calbe (Saale);;;1065792980;http://www.latos-verlag.de;Buchwissenschaft, Buchhandel
K1726;Laudatio-Verl.;Laudatio-Verlag;Frankfurt am Main;;;1065500807;http://www.laudatio-verlag.de;Buchwissenschaft, Buchhandel
K1727;Lauerskreuzer Sommertage;Lauerskreuzer Sommertage;;;;1064327052;;Buchwissenschaft, Buchhandel
K1728;Laufen;Papiermühle Laufen (Laufen, Eyach);Laufen an der Eyach;1744;;1037989902;;"Einzelne Branchen der Industrie und des Handwerks; Papierherstellung, Grafische Technik"
K1729;Laugwitz Verlag;;;;;;;
K1730;Lauinger Verlag;;;;;;;
K1731;Laumann Verlag;Laumann Druck und Verlag;Dülmen;1987;;1065363478;;Buchwissenschaft, Buchhandel
K1732;Laurence King Verlag;;;;;;;
K1733;Lauterblätter-Verl.;Lauterblätter Verlag;;XX.02.2006;;1065703252;http://www.lauterblaetter.de;Buchwissenschaft, Buchhandel
K1734;Lava;Lava;;;;10320103-8;;Musik (Allgemeines), Musikgeschichte
K1735;Lavori;Lavori Verlag;Freiburg im Breisgau;1999;;1046554433;http://lavori-verlag.de;
K1736;Laßleben;Laßleben;;;;5324599-4;;
K1737;Lebensgeschenke-Verl.;Lebensgeschenke-Verlag;Graz;;;1065110278;http://www.lebensgeschenke-verlag.com;Buchwissenschaft, Buchhandel
K1738;Lebenshilfe Bremen e.V.;Lebenshilfe Bremen;Bremen;1960;;1027593372;https://www.lebenshilfe-bremen.de;Sozialarbeit, Sozialhilfe
K1739;Lebenskind Publishing;;;;;;;
K1740;Lebensweichen-Verl.;Lebensweichen-Verlag e.K.;Lennestadt;;;1065366337;http://www.lebensweichen-verlag.de;Buchwissenschaft, Buchhandel
K1741;Leffotraks Labyrinthe;;;;;;;
K1742;Legionarion;;;;;;;
K1743;Lehmstedt;Lehmstedt Verlag;Leipzig;03.03.2003;;10081426-8;;Einzelne Branchen der Industrie und des Handwerks
K1744;Lehmweg Verlag;Lehmweg Verlag GmbH;Hamburg;02.09.2011;;1065162227;;Buchwissenschaft, Buchhandel
K1745;Lehnert Verlag;Ehrenhof-Verlag;Ludwigshafen am Rhein;;;1065705972;;Buchwissenschaft, Buchhandel
K1749;Leinpfad Verlag;Leinpfad Verlag;Ingelheim am Rhein;1997;;1064788033;http://www.leinpfad-verlag.de;Buchwissenschaft, Buchhandel
K1750;Leipziger Literaturverlag;Leipziger Literaturverlag;Leipzig;;;1065648065;http://www.l-lv.de;Buchwissenschaft, Buchhandel
K1751;Leipziger Univ.-Verl.;Leipziger Universitätsverlag;Leipzig;01.01.1992;;1064741770;http://www.univerlag-leipzig.de;Buchwissenschaft, Buchhandel
K1752;Leipziger Universitätsverlag;Leipziger Universitätsverlag;Leipzig;01.01.1992;;1064741770;http://www.univerlag-leipzig.de;Buchwissenschaft, Buchhandel
K1753;Lektora Verlag;Lektora GmbH;Paderborn;2003;;1064782612;http://www.lektora.de;"Literaturgattung; Literarisches Leben; Buchwissenschaft, Buchhandel"
K1754;Lemming-Verl.;;;;;;;
K1755;Lennestrand. Verlag für Südwestfalen;;;;;;;
K1756;Lenos Verlag;Lenos Verlag;Basel;1978;;1027094872;https://lenos.ch/ueber-uns/verlagsgeschichte;Buchwissenschaft, Buchhandel
K1757;Lentner;;;;;;;
K1758;Leonhard-Thurneysser-Verlag;Leonhard-Thurneysser-Verlag;Berlin;;;106492218X;http://www.thurneysser-verlag.de;Buchwissenschaft, Buchhandel
K1759;Leonidas;LEONIDAS - Bücher wie du und ich;Frankfurt am Main;;;1064735428;http://www.laudatio-verlag.de;Buchwissenschaft, Buchhandel
K1760;Lerato-Verl.;LERATO-VERLAG;;;;1064194583;http://www.lerato-verlag.de;Buchwissenschaft, Buchhandel
K1761;Lermann;Dr. Gisela Lermann (Firma);Mainz;12.04.1988;;1065098561;http://www.lermann-verlag.de;Buchwissenschaft, Buchhandel
K1762;Lese-Zeichen e.V.;Lese-Zeichen e.V.;Jena;1998;;10078033-7;http://www.lesezeichen-ev.de;
K1763;Leseratten Verlag;Leseratten Verlag;Backnang;;;1067141294;http://www.leserattenverlag.de;Buchwissenschaft, Buchhandel
K1764;Leseratten-Verl.;Leseratten Verlag;Backnang;;;1067141294;http://www.leserattenverlag.de;Buchwissenschaft, Buchhandel
K1765;Lesereich-Verlag;Lesereich-Verlag;Bad Bibra;;;106402548X;;Buchwissenschaft, Buchhandel
K1767;Lesezeichen, Schreibzirkel;;;;;;;
K1768;Letterotik;;;;;;;
K1769;Lettre International Verlags-GmbH;Lettre International;Berlin;;;1064056040;http://www.lettre.de;Buchwissenschaft, Buchhandel
K1770;Leuenhagen & Paris;Leuenhagen & Paris;Hannover;01.04.1949;;1065098588;;Buchwissenschaft, Buchhandel
K1771;Levia Ortega c/o Papyrus Autoren-Club;;;;;;;
K1772;Lexikus Verlag;Lexikus Verlag;;;;1065031599;http://www.lexikus.de;Buchwissenschaft, Buchhandel
K1773;Leykam;Leykam-Buchverlag;Graz;1870;;2103032-7;https://www.leykamverlag.at/;"Buchwissenschaft, Buchhandel; Einzelne Branchen der Industrie und des Handwerks"
K1774;LiDi EuropEdition;;;;;;;
K1775;Libelle Verlag;Libelle Verlag;"Lengwil; Bottighofen";1991;;1064126278;http://www.libelle.ch;Buchwissenschaft, Buchhandel
K1776;Libretto;Libretto Antiquariat;Langnau im Emmental (Region);1995;;1302770446;;
K1777;Librikon Verlag;;;;;;;
K1778;Liccaratur Verlag;Liccaratur-Verlag;Landsberg am Lech;;;1064059538;http://www.liccaratur-verlag.de;Buchwissenschaft, Buchhandel
K1779;Lichtland;Edition Lichtland;Freyung;2009;;1065144237;https://lichtland.eu/die-edition-lichtland/;Buchwissenschaft, Buchhandel
K1780;Lichtschlag Medien und Werbung;Lichtschlag Medien und Werbung KG;Grevenbroich;;;1065658095;;Buchwissenschaft, Buchhandel
K1781;Lichtung Verlag;Lichtung Verlag GmbH;Viechtach;XX.01.1990;;7546996-0;http://www.kuckuckundstraps.de;Buchwissenschaft, Buchhandel
K1782;Lichtungen – Verein für Literatur & Kunst;;;;;;;
K1783;Lichtwanderer Verlag;;;;;;;
K1784;Liebe;;;;;;;
K1785;Liebhaber Verlag;;;;;;;
K1786;Liebig;Liebig Verlagsgenossenschaft;Frauenfeld;;;1066117810;http://www.liebig.ch;Buchwissenschaft, Buchhandel
K1787;Lilienfeld Verl.;Lilienfeld Verlag;Düsseldorf;24.07.2006;;103629451X;http://www.lilienfeld-verlag.de/;Buchwissenschaft, Buchhandel
K1788;Liliom-Verl.;LILIOM Verlag;;18.01.1990;;1064929168;http://www.liliomverlag.de;Buchwissenschaft, Buchhandel
K1789;Lilly M. Beck c/o Autorenglück.de;;;;;;;
K1790;Limbus Verlag;Limbus Verlag;"Hohenems; Innsbruck";2005;;1065295723;http://www.limbusverlag.at;Buchwissenschaft, Buchhandel
K1791;Limmat Verlag;Limmat Verlag;Zürich;1975;;2084293-4;https://www.limmatverlag.ch/;Buchwissenschaft, Buchhandel
K1792;Lindemanns;;;;;;;
K1793;Lindenstruth;Gerhard Lindenstruth (Firma);Gießen;;;1064789099;http://www.verlag-lindenstruth.de;Buchwissenschaft, Buchhandel
K1794;Lindwurm Verlag;Lindwurm Verlag;;;;106516758X;http://www.lindwurm.hierdeis.de;Buchwissenschaft, Buchhandel
K1795;Lippe Verlag;;;;;;;
K1796;List Verlag;Paul-List-Verlag;"München; Leipzig";1894;;2017650-8;;Buchwissenschaft, Buchhandel
K1797;Lit;Lit;;1990;;10317751-6;;Musik (Allgemeines), Musikgeschichte
K1798;LitArt-World;;;;;;;
K1799;Litac Verlag;;;;;;;
K1800;Litera Eurasia;;;;;;;
K1801;LiteraFreakPress;;;;;;;
K1802;Literareon;;;;;;;
K1803;Literaricum GmbH;;;;;;;
K1804;Literarische Gesellschaft St. Pölten;Literarische Gesellschaft Sankt Pölten;Sankt Pölten;09.10.1985;;2138772-2;http://www.litges.at/;"Gruppe, Organisationssoziologie, Interaktion; Literarisches Leben"
K1805;Literarischer Verlag Edition Contra-Bass UG;;;;;;;
K1806;Literarisches Kolloquium Berlin;Literarisches Colloquium Berlin;Berlin;;;2132017-2;http://www.lcb.de;"Literarisches Leben; Buchwissenschaft, Buchhandel; Gruppe, Organisationssoziologie, Interaktion"
K1807;Literates;literates-Verlag;;;;1064291562;http://www.literates-verlag.de;Buchwissenschaft, Buchhandel
K1808;Literatones Verlag e.K.;;;;;;;
K1809;Literatur Quickie;Literatur Quickie;Hamburg;;;1064347371;http://www.literatur-quickie.de;Buchwissenschaft, Buchhandel
K1810;Literatur Verein e.V., Linzgau;Linzgau Literatur Verein;Frickingen-Leustetten;17.12.2012;;1046071629;http://www.lili-ve.com;
K1811;Literatur der Zukunft;Literatur der Zukunft;;;;1067139087;;Buchwissenschaft, Buchhandel
K1875;MAGENTA Verlag;MAGENTA Verlag;Krefeld;;;1065039131;http://www.magenta-verlag.de;Buchwissenschaft, Buchhandel
K2569;Smart Storys Verlag;;;;;;;
K1812;Literatur und Bildende Kunst Bad Salzdetfurth und Umgebung e.V.;Literatur und Bildende Kunst Bad Salzdetfurth und Umgebung e.V.;Bad Salzdetfurth;15.08.2013;;1065316208;http://libiku-badsalzdetfurth.de;
K1813;Literatur-Planet;Literatur-Planet;;XX.08.2008;;1065971591;;Buchwissenschaft, Buchhandel
K1814;LiteraturWissenschaft.de;;;;;;;
K1815;Literaturca Verlag;Verlag Literaturca;Frankfurt am Main;;;1064063772;http://www.literaturca.de;Buchwissenschaft, Buchhandel
K1816;Literaturedition Niederösterreich;Literaturedition Niederösterreich;"Sankt Pölten; Wien";1991;;1068109548;http://literaturedition-noe.at/;Buchwissenschaft, Buchhandel
K1817;Literaturhaus  und  Museumsges.;;;;;;;
K1818;Literaturhaus Berlin;Literaturhaus Berlin;"Berlin (West); Berlin";1986;;5030178-0;http://www.literaturhaus-berlin.de;"Buchwissenschaft, Buchhandel; Literarisches Leben; Kultur, Künste allgemein"
K1819;Literaturhaus Hamburg;Literaturhaus (Hamburg);Hamburg;1989;;5157086-5;;"Literarisches Leben; Kultur, Künste allgemein"
K1820;Literaturhaus Salzburg;Literaturhaus (Salzburg);Salzburg;1991;;10028586-7;http://www.literaturhaus-salzburg.at;
K1821;Literaturhaus Zürich;Museumsgesellschaft Zürich. Literaturhaus Zürich;Zürich;1999;;16036466-8;"https://literaturhaus.ch/portraet/; https://literaturhaus.ch/verein-museumsgesellschaft/#geschichte";"Literarisches Leben; Kultur, Künste allgemein"
K1822;Literaturhaus e.V;;;;;;;
K1823;Literaturinstitut Hildesheim;Universität Hildesheim. Institut für Literarisches Schreiben und Literaturwissenschaft;Hildesheim;;;1070885231;https://literaturinstitut-hildesheim.de/;"Literarische Motive, Stoffe, Gestalten; Hochschule"
K1824;Literaturkreis PromOtheus;Literaturkreis PromOtheus;"Perg; Linz";XX.06.2005;;1383190372;https://www.promotheus.at/;
K1825;Literaturpodium;Literaturpodium;Gosen;;;10162328-8;http://www.literaturpodium.de;Einzelne Branchen der Industrie und des Handwerks
K1826;Literaturverein EDIT e. V.;Literaturverein Edit;Leipzig;1993;;1086879694;https://www.editonline.de/;
K1827;Literaturverlag Droschl;Literaturverlag Droschl;Graz;1978;;1065532946;http://www.droschl.com;Buchwissenschaft, Buchhandel
K1828;Literaturwerkstatt Berlin;Literaturwerkstatt Berlin;Berlin;13.09.1991;12.09.2016;5102692-2;;
K1829;Litopian e.V., Literarischer Förderverein;;;;;;;
K1830;Littera-Autoren-Verl.;Littera Autoren Verlag Curt Zimmermann;Zürich;01.01.2008;;1065280734;;Buchwissenschaft, Buchhandel
K1831;LizzyNet gGmbH;LizzyNet GmbH (Köln);Köln;;;16334870-4;http://www.lizzynet.de;Einzelne Branchen der Industrie und des Handwerks
K1832;Llux Datenverarbeitung;Llux Agentur & Verlag e.K.;Ludwigshafen am Rhein;;;106570917X;;Buchwissenschaft, Buchhandel
K1833;Loeven;;;;;;;
K1834;Loewenzahn;Löwenzahn Verlag in der Studienverlag GesmbH;Innsbruck;;;1065528027;https://www.loewenzahn.at/impressum/;Buchwissenschaft, Buchhandel
K1835;Logbuch Verlag;Logbuch Verlag;Bremen;2014;;1072184958;http://www.logbuchladen.de/verlag.html;
K1836;Logo-Verl. Erfurth;Logo-Verlag Eric Erfurth;Obernburg a. Main;;;7557207-2;http://www.lvee.de;Buchwissenschaft, Buchhandel
K1837;Logophon;Logophon Verlag und Bildungsreisen GmbH;Mainz;18.12.1979;;1065961200;http://www.logophon.de;Buchwissenschaft, Buchhandel
K1838;Longinus;Longinus;Coesfeld;;;1067136371;;Buchwissenschaft, Buchhandel
K1839;Lontar;Lontar Foundation;Jakarta;;;5315685-7;;
K1840;Lorbeer-Verlag;Lorbeer-Verlag;Bielefeld;;;1064201512;http://www.lorbeer-verlag.de;Buchwissenschaft, Buchhandel
K1841;Lore-Verl.;;;;;;;
K1842;Lovemoon Verlag;;;;;;;
K1843;Low;;;;;;;
K1844;Luchterhand Literaturverlag;Luchterhand Literaturverlag GmbH;München;;;4617795-4;http://www.randomhouse.de;Buchwissenschaft, Buchhandel
K1845;Ludwig;Verlag Ludwig;Kiel;;;1273765729;https://www.verlag-ludwig.de/;
K1846;Luftschacht Verlag;Luftschacht Verlag;Wien;2001;;10346254-5;http://www.luftschacht.com;"Buchwissenschaft, Buchhandel; Einzelne Branchen der Industrie und des Handwerks"
K1847;Lumpeter & Lasel;Lumpeter & Lasel;Eutin;2005;;1064924972;http://www.lumpeter.de;Buchwissenschaft, Buchhandel
K1848;Lunares Selbstverlag;;;;;;;
K1849;Lusatia-Verl.;Lusatia Verlag Dr. Stübner & Co. KG;Bautzen;01.04.1992;;1065100353;http://www.lusatiaverlag.de;Buchwissenschaft, Buchhandel
K1850;Luther Verlag;Luther-Verlag GmbH;Bielefeld;10.07.1911;;1065096933;;Buchwissenschaft, Buchhandel
K1851;Lutherische Verlagsgesellschaft;Lutherische Verlagsgesellschaft mbH;Kiel;15.06.1956;;1065096909;http://www.lutherische-verlag.de;Buchwissenschaft, Buchhandel
K1852;Lutrina Verlag;Lutrina Verlag;Kaiserslautern;;;1064742343;;Buchwissenschaft, Buchhandel
K1853;Lux, Christian;;;;;;;
K1854;Luxbooks;Luxbooks GmbH;Wiesbaden;15.01.2001;;1065859597;http://www.luxbooks.de;Buchwissenschaft, Buchhandel
K1855;Luzifer-Verl.;Luzifer Verlag;"Bochum; Paphos; Hamm (Westf)";;;1064301584;https://luzifer-verlag.de/;Buchwissenschaft, Buchhandel
K1856;Lychatz Verlag;Lychatz Verlag;Leipzig;;;106434741X;http://www.lychatz.com;Buchwissenschaft, Buchhandel
K1857;Lyrika Verlag;;;;;;;
K1858;Lysandra Books;;;;;;;
K1859;Lyx Egmont;Egmont LYX;Köln;;;1065862911;http://www.egmont-vg.de;Buchwissenschaft, Buchhandel
K1860;Längert Verlag;;;;;;;
K1861;Löcker Verlag;Löcker-Verlag;Wien;1978;;2128168-3;;Buchwissenschaft, Buchhandel
K1862;LöwenStern Verlag;LöwenStern Verlag;Frankfurt am Main;;;1215293941;https://www.loewenstern-verlag.de/;
K1863;Lößnitz : GUC;;;;;;;
K1864;Lübbe;Verlagsgruppe Lübbe;Bergisch Gladbach;2000;2009;10059022-6;;"Einzelne Branchen der Industrie und des Handwerks; Buchwissenschaft, Buchhandel"
K1865;Lütte Verlag;;;;;;;
K1866;M+N-Medienverl.;;;;;;;
K1867;M. K. E. Brandl;;;;;;;
K1868;M. Porta;;;;;;;
K1869;M. Schreckenberg, K. @Völlmicke und M. @Lamprecht;;;;;;;
K1870;M. Zaffarana;;;;;;;
K1871;M.-G.-Schmitz-Verlag;;;;;;;
K1872;M.A.C Medien Agentur Czellnik;;;;;;;
K1873;M.A.D. Music & Art Department Verlag;;;;;;;
K1874;MA-Verlag;;;;;;;
K1876;MAIN Verlag;Main-Verlag;Frankfurt am Main;1958;;1027984134;http://www.main-verlag.de;Buchwissenschaft, Buchhandel
K1877;MAM;Mam;;;;16043986-3;;Musik (Allgemeines), Musikgeschichte
K1878;MBS (Mijnbestseller Nederland B.V.);;;;;;;
K1879;MCC;MCC GmbH Luzern Schweiz;Luzern;1996;;1065425686;http://www.mccverlag.ch;Buchwissenschaft, Buchhandel
K1880;MCE Verlag;MCE Verlagsgesellschaft mbH & Co. KG;Drochtersen;15.01.2007;;1064126685;http://www.mce-verlag.de;Buchwissenschaft, Buchhandel
K1881;MONS;Mons;;;;1086905032;;
K1882;MRAV, ein Kleiner Verl.;;;;;;;
K1883;MRM-Verl.;;;;;;;
K1884;MSC;;;;;;;
K1885;MTA;;;;;;;
K1886;MZ Buchverlag;MZ Buchverlag;Regenstauf;;;1065139578;http://www.mz-buchverlag.de;Buchwissenschaft, Buchhandel
K1887;Machandel Verlag;Machandel-Verlag;Haselünne;2004;;1064206182;;Buchwissenschaft, Buchhandel
K1888;Machiavelli Edition;Machiavelli edition;Köln;;;1065030274;;Buchwissenschaft, Buchhandel
K1890;Machtwortverlag;Machtwortverlag;Dessau-Roßlau;XX.12.2001;;1065284926;http://www.machtwortverlag.de;Buchwissenschaft, Buchhandel
K1891;Mackingerverlag;Mackingerverlag Dr. Herbert Mackinger;;01.10.2008;;1065437846;https://www.mackingerverlag.at;Buchwissenschaft, Buchhandel
K1892;Magazin SchreibRÄUME;;;;;;;
K1893;Magic-Buchverl.;Magic Buchverlag;;2002;;1065701136;http://www.e-book-web.de;Buchwissenschaft, Buchhandel
K1894;Magma-Verl.;Magma Verlag;;;;1065563477;http://www.magma-verlag.de;Buchwissenschaft, Buchhandel
K1895;Magoria Verlag;;;;;;;
K1896;Mainz;;;;;;;
K1897;Mairisch-Verl.;mairisch Verlag;Hamburg;1999;;1065219288;https://www.mairisch.de/;Buchwissenschaft, Buchhandel
K1898;Maiwald;;;;;;;
K1899;Make a Book;Make a book;;01.12.2005;;1064930271;;Buchwissenschaft, Buchhandel
K1900;Malandro Verlag;Malandro Verlag;Klagenfurt;;;1064743064;http://wwww.malandro.at;Buchwissenschaft, Buchhandel
K1901;Manesse Verlag;Manesse-Verlag;"Zürich; München";1944;;2019010-4;;Buchwissenschaft, Buchhandel
K1902;Manhattan;Manhattan Verlag;München;1997;2016;1064127479;"https://www.randomhouse.de/Alle-Informationen-zum-Manhattan-Verlag/Der-Verlag/aid55932_11794.rhd; http://www.randomhouse.de";Buchwissenschaft, Buchhandel
K1903;Mantikore Verlag;Mantikore-Verlag;Frankfurt am Main;;;1064728642;http://www.mantikore-verlag.de;Buchwissenschaft, Buchhandel
K1904;Manuela Kinzel Verlag;Manuela Kinzel Verlag;"Göppingen; Dessau-Roßlau";23.12.1998;;1037971035;https://www.manuela-kinzel-verlag.de/;Buchwissenschaft, Buchhandel
K1905;Manuscriptum;Manuscriptum Verlagsbuchhandlung Thomas Hoof;"Neuruppin; Berlin; Waltrop; Lüdinghausen";15.03.1993;;1065715552;"https://www.manuscriptum.de/; http://www.manuscriptum.de";Buchwissenschaft, Buchhandel
K1906;Maracuja GmbH;Maracuja GmbH;Wachtendonk;;;1065423438;http://www.feuerwerkeverlag.de;Buchwissenschaft, Buchhandel
K1907;Marianne Kaindl;ABB-Verlag;;;;1064796230;http://www.abb-verlag.de;Buchwissenschaft, Buchhandel
K1908;Marianne Leim Verlag;Marianne Leim Verlag;Hamburg;;;1065975724;http://www.marianneleimverlag.de;Buchwissenschaft, Buchhandel
K1909;Marina Gesser Verlag;;;;;;;
K1910;Maringo Verlag;Maringo Verlag;Stuttgart;;;1065432208;http://www.maringoverlag.de;Buchwissenschaft, Buchhandel
K1911;Mariposa Verlag;Mariposa Verlag;Berlin;09.05.1989;;1062556895;http://www.mariposa-verlag.de;Buchwissenschaft, Buchhandel
K1912;Marix-Verl.;marix Verlag;Wiesbaden;;;1065492138;http://www.verlagshausroemerweg.de;Buchwissenschaft, Buchhandel
K1913;Marixverlag;marix Verlag;Wiesbaden;;;1065492138;http://www.verlagshausroemerweg.de;Buchwissenschaft, Buchhandel
K1914;Marlies Kalbhenn Verlag;;;;;;;
K1915;Marmilin-Verl.;Marmilin-Verlag;Südheide-Hermannsburg;;;1065359853;http://www.marina-millioti.de;Buchwissenschaft, Buchhandel
K1916;MaroVerlag;MaroVerlag;Augsburg;1969;;1232468-1;https://www.maroverlag.de;Buchwissenschaft, Buchhandel
K1917;Marsam;;;;;;;
K1918;Marsilius;Marsilius-Kolleg;Heidelberg;2007;;16052230-4;http://www.marsilius-kolleg.uni-heidelberg.de;Wissenschaft
K1919;Marta Press;MARTA PRESS;Hamburg;;;1064344372;http://www.marta-press.com;Buchwissenschaft, Buchhandel
K1920;Marterpfahl Verlag;MARTERPFAHL Verlag;;;;1066115362;http://www.marterpfahlverlag.com;Buchwissenschaft, Buchhandel
K1921;Martin Werhand Verlag;Martin Werhand Verlag;Melsbach;;;1026193702;http://www.martinwerhandverlag.de/lyrik_impressum/;
K1922;Martina und Thorsten Meier GbR - Buchverlag und Verlagsauslieferung;;;;;;;
K1923;Martini & Loersch Verlag;martini & loersch;Berlin;;;1064928226;;Buchwissenschaft, Buchhandel
K1924;Marzellen Verlag;Marzellen Verlag GmbH;Köln;;;1065100116;http://www.marzellen-verlag.de;Buchwissenschaft, Buchhandel
K1925;Masou-Verlag;MASOU Verlag UG;;;;1065365144;;Buchwissenschaft, Buchhandel
K1926;Matera Verlag;;;;;;;
K1927;Mattes;Mattes Verlag GmbH;Heidelberg;04.08.1989;;106542292X;http://www.mattes.de;Buchwissenschaft, Buchhandel
K1928;Matthes & Seitz Berlin;MSB Matthes & Seitz Berlin Verlagsgesellschaft;Berlin;02.01.2004;;1065644817;https://www.matthes-seitz-berlin.de/index.html;Buchwissenschaft, Buchhandel
K1929;Matthias-Grünewald-Verl.;Matthias-Grünewald-Verlag;"Mainz; Ostfildern";"21.06.1938; 1918";;2019071-2;http://www.gruenewaldverlag.de;Buchwissenschaft, Buchhandel
K1930;Matussek;Matussek, Hans K., & Sohn oHG, Buchhandlung. Abt. Verlag;Nettetal;15.08.1961;;1068092521;http://www.buchhandlung-matussek.de;Buchwissenschaft, Buchhandel
K1931;Mauer Verlag;Mauer-Verlag;Rottenburg am Neckar;;;7573594-5;;Buchwissenschaft, Buchhandel
K1932;Mauerverlag Wilfried Kriese;;;;;;;
K1933;Maximilian Dietrich Verlag;Maximilian Dietrich Verlag;;;;108571506X;;
K1934;Mayer;;;;;;;
K1935;McGinley Verlag;McGinley-Verlag;;01.05.2008;;1065538383;http://www.mcginleyverlag.de;Buchwissenschaft, Buchhandel
K1936;Mecke Verlag;Mecke-Druck und Verlag Inh. Helmut Mecke;Duderstadt;15.10.1901;;106509650X;;Buchwissenschaft, Buchhandel
K1937;Mecklenburger Buchverlag;Mecklenburger Buchverlag;Neubrandenburg;XX.01.2008;;7756780-8;;Buchwissenschaft, Buchhandel
K1938;Media Service Stuttgart;Media Service Stuttgart;Göppingen;;;1064289266;http://www.medienservice-stuttgart.com;Buchwissenschaft, Buchhandel
K1939;Medien Agentur Czellnik;Medien Agentur;Fehmarn;;;1065645422;http://www.medien-agentur-czellnik.de;Buchwissenschaft, Buchhandel
K1940;Medienhaus Rösemeier;Medienhaus Rösemeier OHG;Bad Zwischenahn;;;1065646771;http://www.roesemeier.de;Buchwissenschaft, Buchhandel
K1941;Medu Verlag;MEDU VERLAG;Dreieich;;;1064199895;"http://www.medu-verlag.de; http://www.wenz-verlag.de";Buchwissenschaft, Buchhandel
K1942;Medusenblut;Medusenblut;Berlin;;;1065714084;http://www.medusenblut.de;Buchwissenschaft, Buchhandel
K1943;Megalit-Verl.;Megalit Verlag;Schmallenberg;;;1065567324;;Buchwissenschaft, Buchhandel
K1944;Mein Verl.;Mein Verlag;Mahlow;;31.12.2015;1065491565;http://www.mein-verlag.de;Buchwissenschaft, Buchhandel
K1945;Memoiren-Verlag;Memoiren-Verlag Bauschke;;18.06.2001;;1064120237;;Buchwissenschaft, Buchhandel
K1946;Memoranda Verlag;;;;;;;
K1947;Mentis;mentis Verlag GmbH;"Paderborn; Münster (Westf)";01.10.1998;;1065718128;http://www.mentis.de;Buchwissenschaft, Buchhandel
K1948;Mephistopheles-Verlag;;;;;;;
K1949;Mercator;Mercator-Gesellschaft;Duisburg;1950;;1006522-2;https://www.mercator-gesellschaft.de;"Geografie, Heimat- und Länderkunde (Allgemeines); Brauchtum, Volksglaube; Gruppe, Organisationssoziologie, Interaktion; Geschichte (Allgemeines)"
K1950;Merkur Verlag;MVR-Merkur-Verlag (Rinteln);Rinteln;15.08.1948;;5250999-0;;"Einzelne Branchen der Industrie und des Handwerks; Buchwissenschaft, Buchhandel"
K1951;Merlin´s Bookshop;Merlin's Bookshop;;;;106714207X;http://www.fetishdiscount.com;Buchwissenschaft, Buchhandel
K1952;Merquana;Merquana Verlag und Mediadesign;Leipzig;;;1066119236;;Buchwissenschaft, Buchhandel
K1953;Merquana-Verl.;Merquana Verlag und Mediadesign;Leipzig;;;1066119236;;Buchwissenschaft, Buchhandel
K1954;Merz & Solitude;merz & solitude;;;;1066123616;;Buchwissenschaft, Buchhandel
K1955;Merziger-Pleban;;;;;;;
K1956;MetaGIS-Verl.;MetaGIS;Mannheim;;;1065438575;http://www.metagis.de;Buchwissenschaft, Buchhandel
K1957;MetaPol Verlag & Medien;;;;;;;
K1958;Methusalem;Methusalem;;;;10275958-3;;Musik (Allgemeines), Musikgeschichte
K1959;Metrolit;Metrolit Verlag GmbH & Co. KG;Berlin;2012;2015;1065651473;http://www.metrolit.de;Buchwissenschaft, Buchhandel
K1960;Meyer & Meyer;Meyer & Meyer;;;;1078908052;;
K1961;Meyer & Meyer Verlag;Meyer & Meyer;;;;1078908052;;
K1962;Michael Düthorn;;;;;;;
K1963;Michael, Schneider;;;;;;;
K1964;Michaels-Verl.;Michaels Verlag;Peiting;01.09.1984;;1065039972;http://www.michaelsverlag.de;Buchwissenschaft, Buchhandel
K1965;Michason & May;Michason & May Verlagsgesellschaft UG;Frankfurt am Main;;;1065969171;http://www.michasonundmay.de;Buchwissenschaft, Buchhandel
K1966;Michel-Verlag GmbH;Michel - Verlag KG;;01.11.1966;;1065039883;;Buchwissenschaft, Buchhandel
K1967;Mick Verlag;;;;;;;
K1968;Micks-Verl.;;;;;;;
K1969;Midas;Midas Verlag;Zürich;;;1066131503;http://www.midas.ch;Buchwissenschaft, Buchhandel
K1970;Miko-Verl.;Miko-Verlag;;;;106613541X;http://www.miko-verlag.de;Buchwissenschaft, Buchhandel
K1971;Milena Verlag;Milena Verlag;;;;1087469759;;
K1972;Militzke;Militzke Verlag GmbH;Leipzig;04.07.2007;;106509924X;http://www.militzke.de;Buchwissenschaft, Buchhandel
K1973;Milke, Natalie;;;;;;;
K1974;Milltown Media Verlag;;;;;;;
K1975;Mini-Verlag Meisterburg;Mini-Verlag;Mainz;;;1064336906;;Buchwissenschaft, Buchhandel
K1976;Minimal Trash Art;Minimal Trash Art;Hamburg;;;1064741797;http://www.minimaltrashart.de;Buchwissenschaft, Buchhandel
K1977;Ministère de l'education nationale et de la formation professionnelle;Ministère de l'Education Nationale et de la Formation Professionnelle;;;;16279406-X;;
K1978;Mirabilis Verlag;Mirabilis Verlag;Klipphausen;2011;;1064796362;https://mirabilis-verlag.de;Buchwissenschaft, Buchhandel
K1979;Mironde-Verl.;Mironde-Verlag;;01.12.1999;;1065146280;http://www.mironde.com;Buchwissenschaft, Buchhandel
K1980;Mischwesen;mischwesen;Neubiberg;;;1064730256;http://www.mischwesen-av.de;Buchwissenschaft, Buchhandel
K1981;Mission Ost-West;Mission Ost-West e.V.;Bischoffen;;;1068367903;http://www.mow-ev.de/projekt01/index.php?idcat=5&sid=bcdcd978c425934e0e62a051a4846384;
K1982;Misti-Verl.;Misti Verlag;;;;1064301576;;Buchwissenschaft, Buchhandel
K1983;Mitteldeutscher Verlag;Mitteldeutscher Verlag;Halle (Saale);1946;;2019288-5;http://www.mitteldeutscherverlag.de;Buchwissenschaft, Buchhandel
K1984;Mitten im Dorf;;;;;;;
K1985;Mitter Verlag;;;;;;;
K1986;Mitzkat;Verlag Jörg Mitzkat;Holzminden;1994;;1255146990;https://www.mitzkat.de/;
K1987;MobB e.V. c/o Jenaer Sprachverwender;;;;;;;
K1988;Modestia-Verl.;Modestia Verlag;;;;1064792812;;Buchwissenschaft, Buchhandel
K1989;Moenus-Verlag;;;;;;;
K1990;Moerser Gesellschaft zur Förderung des literarischen Lebens e.V.;;;;;;;
K1991;Moewig;Moewig;Hamburg;;;1065704925;http://www.earbooks.net;Buchwissenschaft, Buchhandel
K1992;Mohito Verlag;Mohito Verlag;Braunschweig;;;1065970609;;Buchwissenschaft, Buchhandel
K1993;Mohl;Dr. Alexa Mohl (Firma);Hannover;;;106503055X;http://www.alexa-mohl.de;Buchwissenschaft, Buchhandel
K1994;Mohland Verlag;Mohland-Verlag Detlef Peters;;;;1065136692;;Buchwissenschaft, Buchhandel
K1995;Mohorjeva Hermagoras;Private Volksschule Hermagoras-Mohorjeva;Klagenfurt;;;10020095-3;;Schule
K1996;Mokka;Edition Mokka;Wien;;;1067139982;http://www.edition-mokka.eu;Buchwissenschaft, Buchhandel
K1997;Moloko Print;Moloko Print;Schönebeck (Elbe);;;1064796850;;Buchwissenschaft, Buchhandel
K1998;Momberger;Hans-Jürgen Momberger (Firma);Wuppertal;;;106513455X;;Buchwissenschaft, Buchhandel
K1999;Mondwolf;Verlag Mondwolf;Wien;01.04.2010;;1064733549;http://www.mondwolf.at;Buchwissenschaft, Buchhandel
K2000;Monia-Verl.;Monia Verlag;Pirmasens;1970;;1065368097;;Buchwissenschaft, Buchhandel
K2123;Otto;;;;;;;
K2001;Monolith Verlag;Erika Range Monolith Verlag;Oldenburg (Oldenburg);;;1064737625;;Buchwissenschaft, Buchhandel
K2002;Monsenstein & Vannerdat;Verlagshaus Monsenstein & Vannerdat OHG;Münster (Westf);17.02.1999;XX.XX.2016;1066130779;http://www.mv-verlag.de;Buchwissenschaft, Buchhandel
K2003;Mont Jacques Buchclub & Verlag UG;;;;;;;
K2004;MontAurum;MontAurum;Bremen;01.01.2004;;1066118914;http://www.montaurum.de;Buchwissenschaft, Buchhandel
K2005;Montabella-Verl.;Montabella Verlag;"Chur; Glarus";20.10.1980;;1065420943;http://www.montabella.ch;Buchwissenschaft, Buchhandel
K2006;Morgana-Ed.;Morgana Edition;;;;1064730787;http://www.morgana-edition.de;Buchwissenschaft, Buchhandel
K2007;Morio Verlag;Morio Verlag;Bad Ems;;;1064740294;;Buchwissenschaft, Buchhandel
K2008;Moritzberg Verlag;Moritzberg Verlag;Hildesheim;1990;;1066114366;http://www.moritzvomberge.de;Buchwissenschaft, Buchhandel
K2009;Morlant Verlag;Morlant Verlag;Karben;;;1065280920;;Buchwissenschaft, Buchhandel
K2010;Morre;Verlagshaus Morre GmbH;Graz;;;1065104219;http://www.verlagshaus-jakomini.at;Buchwissenschaft, Buchhandel
K2011;Morsak Verlag;Morsak Verlag;Grafenau (Landkreis Freyung-Grafenau);1977;;1029588708;"http://morsak-verlag.de/; http://www.morsak.de";Buchwissenschaft, Buchhandel
K2012;Moserbauer;Moserbauer Druck & Verlags-GmbH & Co KG;;;;1065222823;http://www.moserbauer.at;Buchwissenschaft, Buchhandel
K2014;Motibooks.de;Motibooks;Aachen;;;106713526X;;Buchwissenschaft, Buchhandel
K2016;Muc Verlag;muc Verlag;München;;;1064121101;http://www.muc-verlag.de;Buchwissenschaft, Buchhandel
K2017;MundoNet Publishers;MUNDOnet;Frankfurt am Main;;;1064289444;http://www.mundonet-publishers.com;Buchwissenschaft, Buchhandel
K2018;Muravidék Baráti Kör Kulturális Egyesület;Muravidék Baráti Kör Kulturális Egyesület;Pilisvörösvár;;;10048097-4;http://muravidek.eu/;
K2019;Muschel;Muschel Verlag;Köln;;;1065496818;http://www.muschelverlag.de;Buchwissenschaft, Buchhandel
K2020;Museum.BL;Museum.BL;Liestal;2004;;10094880-7;http://www.baselland.ch/docs/kultur/kantonsmuseum/km_main.htm;Archiv, Museum
K2021;MyStory-Verl.;MyStory Verlag;Berlin;;;1065287186;http://www.mystory-verlag.de;Buchwissenschaft, Buchhandel
K2022;Mylinfalklaem;Christel Tjoa und Klaus Mühlen GbR Mylinfalkläme Asperger Taschenbücher;Asperg;;;1066114013;;Buchwissenschaft, Buchhandel
K2023;Mymorawa von Morawa Lesezirkel GmbH;myMorawa;Großebersdorf;;;1235894746;https://www.mymorawa.com/;
K2024;Männerschwarm Verlag;Männerschwarm Verlag;Hamburg;;;1064738141;http://www.maennerschwarm.de;Buchwissenschaft, Buchhandel
K2025;Möcker;Voigt & Mocker;Würzburg;1839;1847;1037647394;;
K2026;Möllmann;Christoph Möllmann (Firma);Borchen;;;1067149147;http://www.chmoellmann.de;Buchwissenschaft, Buchhandel
K2027;Mönnig Verlag;Mönnig-Verlag;Iserlohn;15.03.1978;;1065139683;https://www.mönnig.de;Buchwissenschaft, Buchhandel
K2028;Mösche;Kölsche Mösche;;;;10277967-3;;Musik (Allgemeines), Musikgeschichte
K2029;Mövenort Verlag;;;;;;;
K2030;Müller;;;;;;;
K2031;Münster Verlag;Münster Verlag (Zürich);"Basel; Zürich";16.05.2007;;1067145222;https://www.muensterverlag.ch/impressum/;Buchwissenschaft, Buchhandel
K2032;N. Mayr;;;;;;;
K2033;NIMBUS;Nimbus, Kunst und Bücher;Wädenswil;;;1065220065;http://www.nimbusbooks.ch;Buchwissenschaft, Buchhandel
K2034;NOEL-Verlag;NOEL-Verlag;;;;1065023960;;Buchwissenschaft, Buchhandel
K2035;NORA Verlag;Nora Verlagsgemeinschaft UG;Berlin;01.01.2002;;1065363079;"http://www.nora-verlag.de; https://www.nora-verlag.de/";Buchwissenschaft, Buchhandel
K2036;NOTschriften Verlag;Notschriften Verlag;Radebeul;1996;;1064205887;;Buchwissenschaft, Buchhandel
K2037;NWM;;;;;;;
K2038;Nacke;Hof Nacke;Bad Salzuflen;;;1283225255;;"Rechtsgeschichte, Verfassungsgeschichte: Mittelalter; Landwirtschaft allgemein"
K2039;Nada-Autorenverl.;nADA Autorenverlag e.K.;;02.05.2003;;1065426275;http://www.nada-autorenverlag.de;Buchwissenschaft, Buchhandel
K2040;Nagel & Kimche;Nagel & Kimche AG;"Zürich; Frauenfeld";1983;;16083148-9;"http://www.hanser-literaturverlage.de/verlage/nagel-und-kimche.html; http://www.nagel-kimche.ch";"Buchwissenschaft, Buchhandel; Einzelne Branchen der Industrie und des Handwerks"
K2041;Napoleon Film & Verlag;;;;;;;
K2042;Narr;Gunter-Narr-Verlag;Tübingen;1969;;7749055-1;;Buchwissenschaft, Buchhandel
K2043;Narthex-Buch;NARTHEX-Buch;;;;1065864337;;Buchwissenschaft, Buchhandel
K2044;Natalie Rabengut, Black Umbrella Publishing;;;;;;;
K2045;Naumann & Göbel;Naumann & Göbel Verlagsgesellschaft;Köln;19.01.1983;;1065142587;http://www.naumann-goebel.de;Buchwissenschaft, Buchhandel
K2046;Neisse Verlag;Neisse Verlag;"Zittau; Dresden";1998;;1065715951;http://www.neisseverlag.de;Buchwissenschaft, Buchhandel
K2047;Neisse-Verl.;Neisse Verlag;"Zittau; Dresden";1998;;1065715951;http://www.neisseverlag.de;Buchwissenschaft, Buchhandel
K2048;Neißemünde-Verl.;Neißemünde-Verlag;;01.01.2008;;1064203302;;Buchwissenschaft, Buchhandel
K2049;Neofelis-Verl.;Neofelis Verlag;Berlin;XX.03.2011;;1064301177;https://neofelis-verlag.de/;Buchwissenschaft, Buchhandel
K2050;Neopubli;;;;;;;
K2051;Nepa-Verl.;NEPA Verlag;;;;1065535325;http://www.nepa-verlag.de;Buchwissenschaft, Buchhandel
K2052;Neptun-Verl.;Neptun Verlag;"Bern; Kreuzlingen; Interlaken";1946;;2108285-6;;Einzelne Branchen der Industrie und des Handwerks
K2053;Net-Verlag;net-Verlag;Tangerhütte;2009;;1052140521;http://www.net-verlag.de/index.html;
K2054;Netteverlag;Netteverlag;Nettetal;;;1065024134;http://www.netteverlag.de;Buchwissenschaft, Buchhandel
K2055;Neue Erde;Neue Erde GmbH;Saarbrücken;10.01.1990;;1027095593;"http://www.neueerde.de/index.php; http://www.neue-erde.de";Buchwissenschaft, Buchhandel
K2056;Neues Buch;Neues Buch Verlag GmbH;;01.03.1996;;106550327X;http://www.neuesbuch.de;Buchwissenschaft, Buchhandel
K2057;Neues Leben;Verlag Neues Leben (Berlin);Berlin;;;5034135-2;;Einzelne Branchen der Industrie und des Handwerks
K2058;Neukirchener Aussaat;Neukirchener Aussaat;Neukirchen-Vluyn;;;106502150X;http://www.neukirchener-verlage.de;Buchwissenschaft, Buchhandel
K2059;Neukirchener Verlag;Neukirchener Verlag;Neukirchen-Vluyn;1888;;5044771-3;;Buchwissenschaft, Buchhandel
K2060;Neumann-Neudamm;Neumann - Neudamm gmbh (Melsungen);;;;1086769600;;
K2061;Neun9zig;Gunda Jaron und Rüdiger Kurock Verlag neun9zig;Berlin;;;1064785360;http://www.neun9zig.de;Buchwissenschaft, Buchhandel
K2062;Nica-Verl.;Nica Verlag;;;;1065853513;http://www.nica-verlag.de;Buchwissenschaft, Buchhandel
K2063;Niebank-Rusch-Fachverl.;Kay Niebank u. Stephan Rusch;Bremen;17.02.2006;;1065658036;http://www.nr-verlag.de;Buchwissenschaft, Buchhandel
K2064;Niederland Verlag;Niederland Verlag;;;;1064787452;;Buchwissenschaft, Buchhandel
K2065;Niederlausitzer Verlag;Niederlausitzer Verlag, Guben;;2000;;1065980019;http://www.niederlausitzerverlag.de;Buchwissenschaft, Buchhandel
K2066;Niedersachsen-Dr.;;;;;;;
K2067;Niemeyer;C. W. Niemeyer, Buchdruckerei und Verlag (Hameln);Hameln;1797;;2091614-0;;Einzelne Branchen der Industrie und des Handwerks
K2068;Nikol;Arbeitsgruppe NIKOL;;;;2058217-1;;
K2069;Nitzsche;Dr. Rainar Nitzsche (Firma);Kaiserslautern;13.02.1989;;1064913695;http://www.nitzscheverlag.de;Buchwissenschaft, Buchhandel
K2070;NoRa;Nora Verlagsgemeinschaft UG;Berlin;01.01.2002;;1065363079;"http://www.nora-verlag.de; https://www.nora-verlag.de/";Buchwissenschaft, Buchhandel
K2071;Noel-Verlag;NOEL-Verlag;;;;1065023960;;Buchwissenschaft, Buchhandel
K2072;Nomen-Verl.;Nomen Verlag Joachim Schäfer;Frankfurt am Main;;;1064212689;http://www.nomen-verlag.de;Buchwissenschaft, Buchhandel
K2073;NordStern;;;;;;;
K2074;Nordleuchten-Verlag;;;;;;;
K2075;Nordpark Verlag;NORDPARK Verlag;Wuppertal;2000;;1065495129;http://www.nordpark-verlag.de;Buchwissenschaft, Buchhandel
K2076;Not Yet Media LTD;;;;;;;
K2077;Notopolis Ed.;;;;;;;
K2078;Nova MD;Nova Pharmaceutical Corporation (Baltimore, Md.);;;;1086090942;;
K2079;Nußrainer;Franz Nußrainer (Firma);;;;1064295169;http://www.nussrainer-isen.de;Buchwissenschaft, Buchhandel
K2080;Nünnerich-Asmus Verlag & Media;Nünnerich-Asmus Verlag & Media GmbH;"Oppenheim; Mainz";;;1066136882;"https://www.na-verlag.de/; http://www.na-verlag.de/";Buchwissenschaft, Buchhandel
K2081;O.W. Barth;O.W. Barth;München;;;1065859732;;Buchwissenschaft, Buchhandel
K2082;OCM GmbH;;;;;;;
K2083;OE, Offenbacher Ed.;;;;;;;
K2084;OFFIZIN Zürich Verlag;Offizin Zürich Verlag;Zürich;1989;2018;1064122574;;Buchwissenschaft, Buchhandel
K2085;OSL;OSL Verlag;Riehen;2000;;1064730876;;Buchwissenschaft, Buchhandel
K2086;OSTASIEN Verlag;OSTASIEN Verlag;Großheirath;01.06.2007;;1065172087;http://www.ostasien-verlag.de;Buchwissenschaft, Buchhandel
K2087;OVIS Deutschland GmbH;;;;;;;
K2088;Oase-Verl.;Oase Verlag;Badenweiler;01.09.1982;;1031842543;http://www.oaseverlag.de;Buchwissenschaft, Buchhandel
K2089;Oberbaum;Oberbaumverlag;"Berlin; Berlin (West)";1965;;1065130392;;Buchwissenschaft, Buchhandel
K2090;Oberlausitzer Verlag;Oberlausitzer Verlag;Zittau;;;1064197418;;Buchwissenschaft, Buchhandel
K2091;Oberpfalzverlag Laßleben;;;;;;;
K2092;Oberschlesisches Eichendorff-Kultur- und Begegnungszentrum;Górnośla̜skie Centrum Kultury i Spotkań Im. Eichendorffa w Łubowicach;Łubowice;;;6043971-3;http://www.eichendorff.pl;
K2093;Oculus Kreativ;;;;;;;
K2094;Odenwald-Verlag;ODENWALD VERLAG;Frankfurt am Main;;;1065703341;;Buchwissenschaft, Buchhandel
K2095;Odenwaldkreis, Kreisausschuss;Odenwaldkreis. Der Kreisausschuß;;;;106810435X;;Buchwissenschaft, Buchhandel
K2096;Oeverbos Verlag;;;;;;;
K2097;Offizin Verlag;Offizin Zürich Verlag;Zürich;1989;2018;1064122574;;Buchwissenschaft, Buchhandel
K2098;Ogham Verlag;Ogham Verlag;"Stuttgart; Dornach";01.05.1979;;1032037598;;Buchwissenschaft, Buchhandel
K2099;Ohetaler Verlag;Ohetaler Verlag;;;;1064911897;http://www.ohetaler-verlag.de;Buchwissenschaft, Buchhandel
K2100;Ohetaler-Verl.;Ohetaler Verlag;;;;1064911897;http://www.ohetaler-verlag.de;Buchwissenschaft, Buchhandel
K2101;Oktober-Verl.;Oktober Verlag;Münster (Westf);01.03.2001;;1065494513;http://www.oktoberverlag.de;Buchwissenschaft, Buchhandel
K2102;Oldenburg e.V., Leseforum;Leseforum Oldenburg;Oldenburg (Oldenburg);01.02.2014;;1128253046;http://www.leseforum-oldenburg.de;
K2103;Oldigor-Verl.;Oldigor Verlag;;01.01.2011;;1065219369;http://www.oldigor.de;Buchwissenschaft, Buchhandel
K2104;Oliver Walter Verlag;;;;;;;
K2105;Olms;Edition Olms;"Oetwil am See; Bubikon";1977;;1064053289;http://www.edition-olms.com;Buchwissenschaft, Buchhandel
K2106;Olms-Weidmann;;;;;;;
K2107;Omniara;Omniara Verlag;München;;;1065036469;http://www.heilpraktikerin-cordes.de;Buchwissenschaft, Buchhandel
K2108;Omnino Verlag;;;;;;;
K2109;Omnium-Verl.;Omnium Verlag UG;Berlin;;;1065429789;;Buchwissenschaft, Buchhandel
K2110;Op der Lay;Op der Lay (Esch-sur-Sûre);Esch-sur-Sûre;;;10357990-4;http://webplaza.pt.lu/~opderlay;Buchwissenschaft, Buchhandel
K2111;Opferkuch Verlag;;;;;;;
K2112;Opus Magnum;opus magnum;Stuttgart;02.11.2001;;1065105398;http://www.opus-magnum.de;Buchwissenschaft, Buchhandel
K2113;Orange Cursor Verlag;Verlag Orange Cursor;Klagenfurt;;;1065022964;;Buchwissenschaft, Buchhandel
K2114;Ornament;;;;;;;
K2115;Ortsmuseum Binningen;Ortsmuseum Binningen;Binningen;;;1085936880;http://www.ortsmuseum-binningen.ch/;
K2116;Osburg Verlag;Osburg Verlag GmbH;Hamburg;21.12.2006;;1065862903;http://www.osburgverlag.de;Buchwissenschaft, Buchhandel
K2117;Oschinger, Wolfgang;;;;;;;
K2118;OsirisDruck;OsirisDruck;Leipzig;01.04.1999;;1066136866;http://www.osirisdruck.de;Buchwissenschaft, Buchhandel
K2119;Ostendorf Verlag;Nordstyle-Verlag;Mölln;;;1065867085;;Buchwissenschaft, Buchhandel
K2120;Ostfalia-Verl.;Ostfalia-Verlag;"Osterwieck; Hornburg (Landkreis Wolfenbüttel); Börßum; Lehrte; Peine";1980;;1065705654;https://www.ostfalia-verlag.de/;Buchwissenschaft, Buchhandel
K2121;Ostfriesland Verlag;;;;;;;
K2122;Osttiroler Bote Medienunternehmen Ges.m.b.H.;Osttiroler Bote;;;;1105681211;http://www.osttirolerbote.at/;Presse
K2124;Otto Lach Verlagsanstalt;Otto Lach Verlagsanstalt;Hannover;;;1065171943;;Buchwissenschaft, Buchhandel
K2125;Otto Müller Verlag;Otto Müller Verlag;Salzburg;1937;;106553826X;https://www.omvs.at;Buchwissenschaft, Buchhandel
K2126;Otto-Johann-Verlag;Otto-Johann Verlag;Lubmin;;;1065704690;http://www.otto-johann-verlag.de;Buchwissenschaft, Buchhandel
K2127;P & B;;;;;;;
K2128;P & L Edition;;;;;;;
K2129;PEN Austria;Österreichischer PEN-Club;Wien;1923;;2048779-4;http://penclub.at/;"Arbeit; Literarisches Leben"
K2130;PIDAX;;;;;;;
K2131;PMLakeman-Verlag;;;;;;;
K2132;PODIUM – Literaturkreis Schloss Neulengbach;;;;;;;
K2133;POSS Verlag;Eva Poss POSS Verlag;Wien;1997;;1065659369;http://www.poss-verlag.at;Buchwissenschaft, Buchhandel
K2134;PRO LYRICA;Stiftung Pro Lyrica;;1988;1995;3012702-6;;
K2135;PRONG PRESS;Prong Press;Embrach;;;1196979251;;
K2136;PROOF Verlag;;;;;;;
K2137;PROverbis;PROverbis e.U. Verlagsservice und Verlag;Wien;;;1064351018;http://www.proverbis.at;Buchwissenschaft, Buchhandel
K2138;PRovoke Media;PRovoke Media UG;Osnabrück;;;1064331343;http://www.provoke-media.com;Buchwissenschaft, Buchhandel
K2140;Palabros de Cologne;Palabros de Cologne;Köln;26.06.1998;;1065713509;http://www.palabros.de;Buchwissenschaft, Buchhandel
K2141;Palatinum-Verl.;;;;;;;
K2142;Pallina, B.;;;;;;;
K2143;Pallotti;Pallotti-Verlag;Friedberg (Landkreis Aichach-Friedberg);1929;;1035171996;;Buchwissenschaft, Buchhandel
K2144;Palm und Enke;Palm & Enke;Erlangen;1815;;1073001733;;Buchwissenschaft, Buchhandel
K2145;PalmArtPress;PalmArtPress;Berlin;2008;;1043796541;http://palmartpress.com/verlag/impressum/;Buchwissenschaft, Buchhandel
K2146;Palmyra;Palmyra Verlag;Heidelberg;01.07.1989;;1064194753;http://www.palmyra-verlag.de;Buchwissenschaft, Buchhandel
K2147;Pandion Verlag;Pandion-Verlag (Kreuznach);Bad Kreuznach;;;1072887215;;
K2148;Pandämonium-Verlag;Pandämonium Verlag;;;;1065166621;;Buchwissenschaft, Buchhandel
K2149;Panga-Misi Verlag;PANGAI-MISI-VERLAG;Biberach an der Riß;;;1065659962;http://www.pangai-misi-verlag.de;Buchwissenschaft, Buchhandel
K2150;Panther Power Publ.;Panther Power Publishing;Hamburg;;;1065534019;http://www.pantherpower.de;Buchwissenschaft, Buchhandel
K2151;Papageienzeit Verlag;;;;;;;
K2152;Papermoon;Papermoon;;;;10300000-8;;Musik (Allgemeines), Musikgeschichte
K2153;Papierflieger;Papierflieger Verlag;Clausthal-Zellerfeld;;;1064204619;http://www.papierflieger-verlag.de/;Buchwissenschaft, Buchhandel
K2154;Papierfresserchens MTM-Verlag;Papierfresserchens MTM-Verlag GbR;Nonnenhorn;28.03.2007;;1065871333;http://www.papierfresserchen.de;Buchwissenschaft, Buchhandel
K2155;Papierverzierer;Papierverzierer Verlag;Essen;;;106570786X;http://www.papierverzierer.de;Buchwissenschaft, Buchhandel
K2156;Paracelsus Buchhandlung & Verlag;Paracelsus Buchhandlung & Verlag;Salzburg;1999;;1065421389;http://www.parabuch.at;Buchwissenschaft, Buchhandel
K2157;Paramon Verlag;Paramon Verlag;Zug;;;1065785798;http://www.europaeische-verlagsgesellschaften.ch;Buchwissenschaft, Buchhandel
K2158;Paranus-Verl.;Paranus Verlag Brücke Neumünster;Neumünster;;;1065130422;http://www.bruecke-ggmbh.de;Buchwissenschaft, Buchhandel
K2159;Parlez;;;;;;;
K2160;Parthas;Parthas Verlag GmbH;Berlin;1990;;1065427395;;Buchwissenschaft, Buchhandel
K2161;Parzellers Buchverlag;Parzellers Buchverlag und Werbemittel GmbH & Co. KG;Fulda;1873;;1065129947;;Buchwissenschaft, Buchhandel
K2162;Passage-Verlag;Passage-Verlag;Leipzig;1990;;1064344798;http://www.passageverlag.de;Buchwissenschaft, Buchhandel
K2163;Passanten Verlag;Passanten Verlag (Berlin);"Berlin; Casekow";;;106570691X;https://www.passanten-verlag.de;Buchwissenschaft, Buchhandel
K2164;Passion Publ.;Passion Publishing Limited;Königswinter;;;1065287127;;Buchwissenschaft, Buchhandel
K2165;Pastis-Verl.;Pastis Verlags GmbH;Berlin;;;1064923089;http://www.pastis-verlag.de;Buchwissenschaft, Buchhandel
K2166;Patmos Verlag;Patmos-Verlag;"Ostfildern; Düsseldorf";03.05.1910;;2017697-1;https://www.patmos.de/;Buchwissenschaft, Buchhandel
K2167;Patris-Verl.;Patris-Verlag (Vallendar);Vallendar;01.01.1970;;10011886-0;http://www.patris-verlag.de;"Einzelne Branchen der Industrie und des Handwerks; Buchwissenschaft, Buchhandel"
K2168;Pattloch Verlag;Paul Pattloch Buchhandlung und Verlag;Aschaffenburg;10.04.1827;;1035315246;;Buchwissenschaft, Buchhandel
K2169;Pauerstoff;Pauerstoff Verlag;Hamburg;;;1064917437;;Buchwissenschaft, Buchhandel
K2170;Paul Zsolnay Verlag;Paul-Zsolnay-Verlag (Wien);"Darmstadt; Wien";"1946; 1923";1933;2017722-7;;Buchwissenschaft, Buchhandel
K2171;Paulinus;Paulinus Verlag;Trier;01.09.1998;;10082026-8;https://www.paulinus-verlag.de/;"Einzelne Branchen der Industrie und des Handwerks; Buchwissenschaft, Buchhandel"
K2172;Paulo Freire Verlag;Paulo Freire Verlag - Dialogische Erziehung;Oldenburg (Oldenburg);02.03.2004;;1064118178;http://www.paulo-freire-verlag.de;Buchwissenschaft, Buchhandel
K2173;Paulusverlag;Paulusverlag (Einsiedeln);"Freiburg im Üechtland; Einsiedeln";1873;;1035317141;https://www.herder.de/unternehmen/verlage/paulusverlag/;Buchwissenschaft, Buchhandel
K2174;Pax et Bonum;Pax et Bonum e.K.;Berlin;;;1067139435;http://www.pax-et-bonum.net;Buchwissenschaft, Buchhandel
K2175;Pectus;;;;;;;
K2176;Pegasus Verein für kreatives Schreiben e.V.;Pegasus Verein für Kreatives Schreiben;München;05.10.1988;;10068770-2;http://www.pegasus-schreiben.de;Buchwissenschaft, Buchhandel
K2177;Pegasus-Verl.;;;;;;;
K2178;Pendo;Pendo Verlag;Zürich;1971;;1064211208;;Buchwissenschaft, Buchhandel
K2179;Pendragon;Pendragon;;;;10295350-8;;Musik (Allgemeines), Musikgeschichte
K2180;Penguin Verlag;Penguin Verlag;München;2015;;1112961321;;
K2181;Penn-Club 2000 e.V.-Verlag;Penn-Club 2000 e.V.;Pforzheim;;;1064292674;;Buchwissenschaft, Buchhandel
K2182;Pensieri&Confronti Editore;;;;;;;
K2183;Pep + No-Name-Verl.;;;;;;;
K2184;PerNi Publishing Unlimited;;;;;;;
K2186;Periplaneta;Periplaneta Verlag und Mediengruppe;Berlin;XX.09.2007;;1065370989;http://www.periplaneta.com;Buchwissenschaft, Buchhandel
K2187;Pernobilis Edition im Engelsdorfer Verlag;;;;;;;
K2188;Persimplex-Verlag;Persimplex Verlagsgruppe;;01.10.2006;;1065097778;http://www.persimplex.de;Buchwissenschaft, Buchhandel
K2189;Petama-Project-Verl.;Verlag Petama Project;Zürich;;;1065558333;;Buchwissenschaft, Buchhandel
K2190;Peter Hammer Verlag;Peter Hammer Verlag;Wuppertal;18.07.1966;;2017795-1;http://www.peter-hammer-verlag.de/;Buchwissenschaft, Buchhandel
K2191;Peter Rathke Verlag;;;;;;;
K2192;Petri;Petri-Presse;Basel;;;1085800466;;
K2193;Petrus;;;;;;;
K2194;Pfeifenberger;Wolfgang Pfeifenberger (Firma);Tamsweg;;;1065432658;http://www.pfeifenberger.at;Buchwissenschaft, Buchhandel
K2195;Pferdoman;Pferdoman;;;;106405501X;http://www.pferdoman.de;Buchwissenschaft, Buchhandel
K2196;Philipp von Zabern;Verlag Philipp von Zabern;"Darmstadt; Mainz";1879;;1084034-5;https://www.wbg-wissenverbindet.de/ueber-uns/der-verlag/verlagsprogramme/;Buchwissenschaft, Buchhandel
K2198;Picus Verlag;Picus-Verlag;Wien;XX.06.1984;;4465052-8;http://www.picus.at;Buchwissenschaft, Buchhandel
K2199;Piepmatz-Verl.;piepmatz Verlag;;26.03.2010;;1064741274;http://www.piepmatz-verlag.de;Buchwissenschaft, Buchhandel
K2200;Pigmentar Verlag;Pigmentar GmbH;Bad Sassendorf;;;1065793618;http://www.pigmentar.com;Buchwissenschaft, Buchhandel
K2201;Pilgerverlag;Pilgerverlag;"Speyer; Annweiler am Trifels";;;1067145249;https://www.pilgerverlag.de/;Buchwissenschaft, Buchhandel
K2202;Pilum Literatur Verlag;Pilum Literatur Verlag;Strasshof an der Nordbahn;;;1065435509;https://www.pilumliteratur.at/;Buchwissenschaft, Buchhandel
K2203;Pingpong-Verl.;Pingpong-Verlag Buchinger;;;;1065790988;;Buchwissenschaft, Buchhandel
K2204;Pinguletta Verlag;;;;;;;
K2205;Piper;Piper Verlag;München;;;10078672-8;https://www.piper.de/;Buchwissenschaft, Buchhandel
K2206;Pirrot;Digitaldruck Pirrot GmbH;Saarbrücken;;;1064205615;http://www.pirrot.de;Buchwissenschaft, Buchhandel
K2207;Plaggenhauer;PLAGGENHAUER Verlag e.K.;Buxtehude;;;1065498772;http://www.plaggenhauer.de;Buchwissenschaft, Buchhandel
K2208;Plan9;;;;;;;
K2209;Playtime Verlag;;;;;;;
K2210;Plaza;;;;;;;
K2211;Plöchl;;;;;;;
K2212;PoCul-Verlag;PoCul- Politik und Cultur e.V.;Saarbrücken;;;1065144644;http://www.pocul.de;Buchwissenschaft, Buchhandel
K2213;Poetenladen;Poetenladen;Leipzig;2007;;1066136599;http://www.poetenladen.de;Buchwissenschaft, Buchhandel
K2214;Pohlmann Verlag;Venusberg Verlag Pohlmann KG;Dortmund;;;1065656505;;Buchwissenschaft, Buchhandel
K2215;Polamedia-Verl.;polamedia Verlag;Essen (Oldenburg);;;1064060552;http://www.polamedia.de;Buchwissenschaft, Buchhandel
K2216;Polarise;;;;;;;
K2217;Pomaska-Brand;Druck und Verlag Pomaska-Brand GmbH;Schalksmühle;;;1065781938;http://www.pomaska-brand-verlag.de;Buchwissenschaft, Buchhandel
K2218;Pop Verlag;Pop Verlag;Ludwigsburg;18.12.2003;;1065972555;;Buchwissenschaft, Buchhandel
K2219;Port-Royal-Verl.;Port Royal Verlag;Kaufbeuren;;;1064795390;;Buchwissenschaft, Buchhandel
K2220;Portmann;;;;;;;
K2221;Post-Verlag;;;;;;;
K2222;Praesens;Praesens VerlagsgesmbH;Wien;1989;;1065229615;http://www.praesens.at;Buchwissenschaft, Buchhandel
K2223;Praesens Verlag;Praesens VerlagsgesmbH;Wien;1989;;1065229615;http://www.praesens.at;Buchwissenschaft, Buchhandel
K2224;Preface Book;;;;;;;
K2225;Premio-Verl.;Premio Verlag GmbH;Münster (Westf);04.04.2006;;1065647867;http://www.premio-verlag.de;Buchwissenschaft, Buchhandel
K2226;Pressel;Pressel & Kusch;Stuttgart;;;1123972869;;
K2227;Pretty Print;Pretty Print;Mainz;;;1064743196;;Buchwissenschaft, Buchhandel
K2228;Preußler;Preußler Druck + Versand;Nürnberg;;31.12.2022;1296081001;http://www.preussler-verlag.de;Buchwissenschaft, Buchhandel
K2229;Primero-Verl.;PRIMERO VERLAG GMBH;München;;;1065565941;http://www.primeroverlag.de;Buchwissenschaft, Buchhandel
K2230;Primär Verlag;;;;;;;
K2231;Principal-Verl.;Principal Verlag;Münster (Westf);01.08.1996;;1064200842;http://www.principal.de;Buchwissenschaft, Buchhandel
K2232;Printhaus Druck GmbH;;;;;;;
K2233;Printsystem Medienverlag;printsystem Medienverlag GdbR H. Harfensteller u. W. Petersdorf;Heimsheim;;;1067143033;;Buchwissenschaft, Buchhandel
K2234;Privated. Der Brunnen;;;;;;;
K2235;Priwet Litera;Priwet Litera Ltd.;Rudolstadt;;;1065536534;http://www.der-neue-morgen.de;Buchwissenschaft, Buchhandel
K2236;Pro BUSINESS;Pro Business Digital Printing & Copyservice GmbH (Berlin);Berlin;1980;;10135813-1;http://www.pro-business.com;"Buchwissenschaft, Buchhandel; Einzelne Branchen der Industrie und des Handwerks"
K2237;Pro Libro;Verlag Pro Libro Luzern;"Luzern; Gwatt";2006;;1047672332;https://prolibro.ch;Buchwissenschaft, Buchhandel
K2238;Pro Lyrica Grundversorgung;;;;;;;
K2239;Pro Mente Edition;pro mente edition;Linz;;;1065215398;http://www.promenteooe.at/edition;Buchwissenschaft, Buchhandel
K2240;Pro Message;pro MESSAGE oHG;Ludwigshafen am Rhein;01.09.2002;;1065864442;http://www.pro-message.de;Buchwissenschaft, Buchhandel
K2241;ProKunde-Verl.;;;;;;;
K2242;ProMÖLLTAL - Initiative für Bildung, Kultur, Wirtschaft und Tourismus;ProMÖLLTAL - Initiative für Bildung, Kultur, Wirtschaft und Tourismus;"Großkirchheim-Döllach; Großkirchheim";;;1160755752;https://www.promoelltal.net/;
K2243;Progressing-Your-Ideas-GmbH;;;;;;;
K2244;Projekt Verlag;Projekte-Verlag Cornelius GmbH;Halle (Saale);1991;;1064326293;;Buchwissenschaft, Buchhandel
K2245;Prolibris Verlag;Prolibris Verlag;Kassel;15.11.1999;;1064201482;http://www.prolibris-verlag.de;Buchwissenschaft, Buchhandel
K2246;Promedia;Promedia Verlag;Wien;1982;;10162734-8;http://www.mediashop.at;"Buchwissenschaft, Buchhandel; Einzelne Branchen der Industrie und des Handwerks"
K2247;Prospero;Prospero Verlag Münster;Münster (Westf);;;1065134312;;Buchwissenschaft, Buchhandel
K2570;Societäts-Verlag;Societäts-Verlag (Frankfurt, Main);Frankfurt am Main;;;2021943-X;;
K2248;Provinz-Verl.;Provinz Verlag;Brixen;;;1066114749;http://www.provinz-verlag.com/index.html;Buchwissenschaft, Buchhandel
K2249;Proyect Wogama;Proyect Wogama Ltd.;;;;1066124752;http://www.knappweb.de;Buchwissenschaft, Buchhandel
K2250;Präsenz Medien & Verlag;;;;;;;
K2251;Pubbles;Pubbles GmbH & Co. KG;München;;;1067135871;;Buchwissenschaft, Buchhandel
K2252;Publ.-Textgemeinschaft;Textgemeinschaft Publikationen;;;;16093890-9;;
K2253;Public book media Verlag;;;;;;;
K2254;Publishing, TORRO Kids;;;;;;;
K2255;Puntas Reportagen;Puntas Reportagen AG;"Zollikon; Bern";2011;;1065168136;http://www.reportagen.com;Buchwissenschaft, Buchhandel
K2256;Puppen und Masken;Puppen und Masken;Frankfurt am Main;1976;1986;2058433-7;;Einzelne Branchen der Industrie und des Handwerks
K2257;Puput Books;;;;;;;
K2258;Puregraphik;Verlag Puregraphik;;;;1064728693;http://www.puregraphik.com;Buchwissenschaft, Buchhandel
K2259;Pustet;Anton Pustet Verlag;"Freilassing; München; Salzburg";1854;;1036902994;https://pustet.at;Buchwissenschaft, Buchhandel
K2260;Pädagogische Forschungsstelle beim Bund der Freien Waldorfschulen;Pädagogische Forschungsstelle beim Bund der Freien Waldorfschulen;Stuttgart;1984;;2017425-1;http://www.waldorfschule.de/organisation/waldorfschulende-paedagogische-forschungsstelle/;
K2261;Péter Pál Meleghy;;;;;;;
K2262;Q5 Verlag;;;;;;;
K2263;Qindie;Qindie (Autorenkollektiv);Bockenem;;;1221305468;;
K2264;Quadrate TV Evelyn und Hans-Georg Sandmann;Quadrate TV e.K.;Mannheim;;;1065654812;http://www.quadrate.tv;Buchwissenschaft, Buchhandel
K2265;Quadratkreis-Autorenverl.;QUADRATKREIS Autorenverlag;Rösrath;;;106713056X;http://www.quadratkreis.de;Buchwissenschaft, Buchhandel
K2266;Quadriga;Quadriga;Berlin;01.10.1979;;1065108044;;Buchwissenschaft, Buchhandel
K2267;Quartierverein Riesbach;Quartierverein Riesbach;Zürich-Riesbach;;;2137653-0;;
K2268;Queich Verlag;Queich Verlag;Berlin;;;1065865082;http://www.queich-verlag.de;Buchwissenschaft, Buchhandel
K2269;Quermarken-Verl.;Quermarken Verlag oHG;Hamburg;;;1064299849;;Buchwissenschaft, Buchhandel
K2270;Querverlag;Querverlag;Berlin;XX.08.1995;;1064783848;https://www.querverlag.de;Buchwissenschaft, Buchhandel
K2271;Quetsche, Verl. für Buchkunst;Quetsche, Verlag für Buchkunst;"Witzwort; Berlin";198X;;2121126-7;http://www.quetsche-witzwort.de/;"Einzelne Branchen der Industrie und des Handwerks; Buchwissenschaft, Buchhandel"
K2272;Quickborn Verlag;Quickborn-Verlag Peer-Marten Scheller;Hamburg;12.10.1915;;106510748X;http://www.quickborn-verlag.de;Buchwissenschaft, Buchhandel
K2273;Quickborn-Verlag;Quickborn-Verlag Peer-Marten Scheller;Hamburg;12.10.1915;;106510748X;http://www.quickborn-verlag.de;Buchwissenschaft, Buchhandel
K2274;Quintus-Verlag;Quintus-Verlag;Berlin;2016;;1233337513;https://www.quintus-verlag.de/;
K2275;Quiqueg;;;;;;;
K2276;R & W Verlag der Editionen;R & W Verlag der Editionen KG;Berlin;28.09.2009;;1064725813;http://www.ruw-verlag.de;Buchwissenschaft, Buchhandel
K2277;R. Hartmann;Rudolph Hartmann (Leipzig);Leipzig;1841;;1072982161;;
K2278;R. Schley;;;;;;;
K2279;R.G. Fischer Verlag;R.G. Fischer Verlag GmbH;Frankfurt am Main;01.10.1977;;1065490399;;Buchwissenschaft, Buchhandel
K2280;RDI-Verl.;RDI Verlag;Speyer;1997;;1065021607;http://www.rdi-verlag.de;Buchwissenschaft, Buchhandel
K2281;REGIA Verlag;REGIA VERLAG;Cottbus;;;106406003X;http://www.regia-verlag.de;Buchwissenschaft, Buchhandel
K2282;REGIA-CO-WORK;;;;;;;
K2283;RISSE e.V.;Risse, Verein zur Förderung Neuer Literatur in Mecklenburg-Vorpommern;;;;10016491-2;;
K2284;RMd-Verlag;RMd Verlag;;;;1065654499;http://www.raftopoulo-md.com;Buchwissenschaft, Buchhandel
K2285;ROPO-Verl.;Ropo-Verlag;;;;1066132607;;Buchwissenschaft, Buchhandel
K2286;ROWOHLT Repertoire;Rowohlt Verlag;"Reinbek; Hamburg; Stuttgart";09.11.1945;;2020049-3;https://www.rowohlt.de;Buchwissenschaft, Buchhandel
K2287;RS-Verlag;RS-Verlag;Heidelberg;;;1065525079;;Buchwissenschaft, Buchhandel
K2288;Radius Verlag;Radius-Verlag;Stuttgart;28.12.1962;;27039-8;http://www.radius-verlag.de;Buchwissenschaft, Buchhandel
K2289;Raiffeisenbank Baden;Raiffeisenbank (Sandweier, Baden-Baden);;;;16018431-9;;Einzelne Branchen der Industrie und des Handwerks
K2290;Raimund Fellner Verlag;;;;;;;
K2291;Ramlow;Ramlow-Verlag;Stuttgart;1973;;1104131307;http://www.ramlow-verlag.de/;
K2292;Randexistenz;;;;;;;
K2293;Raposa Verlag;;;;;;;
K2294;Rasch;;;;;;;
K2295;Rathke;;;;;;;
K2296;Ratio-Books;ratio-books;;XX.01.2006;;1064196888;http://www.ratio-books.de;Buchwissenschaft, Buchhandel
K2297;Rauch;;;;;;;
K2298;Rauhreif-Verl.;Rauhreif Verlag;Zürich;;;1064063179;http://www.nimrodundrauhreif.ch;Buchwissenschaft, Buchhandel
K2299;Raum Italic;RAUM Italic | SPAZIO Corsivo;Berlin;;;1047221691;http://www.raumitalic.com/;
K2300;Rautenberg;Rautenberg Verlag;Würzburg;;;106413744X;http://www.verlagshaus.com;Buchwissenschaft, Buchhandel
K2301;Razamba;Verlag Razamba;;;;1065137680;http://www.razamba.de;Buchwissenschaft, Buchhandel
K2302;Reader's Digest;Reader's Digest Association;;;;4039648-4;;Buchwissenschaft, Buchhandel
K2303;Reche;Reche & Recall;;;;16062987-1;;Musik (Allgemeines), Musikgeschichte
K2304;Reclam;Reclam-Verlag (Leipzig). Reclam-Archiv;Leipzig;2012;;1049957253;;
K2305;Red Rabbit;Red Rabbit;Trebbin;;;1065497040;;Buchwissenschaft, Buchhandel
K2306;Redaktion Phantastik;;;;;;;
K2307;Redieck & Schade;Redieck & Schade GbR (Rostock);Rostock;;;2158295-6;;Einzelne Branchen der Industrie und des Handwerks
K2308;Rediroma Verlag;Rediroma-Verlag;Remscheid;01.08.2006;;1064138225;http://www.rediroma-verlag.de;Buchwissenschaft, Buchhandel
K2309;Regelverlag;Regelverlag;Rostock;17.07.1998;;1065706502;;Buchwissenschaft, Buchhandel
K2310;Regia;REGIA VERLAG;Cottbus;;;106406003X;http://www.regia-verlag.de;Buchwissenschaft, Buchhandel
K2311;Regia Verlag;REGIA VERLAG;Cottbus;;;106406003X;http://www.regia-verlag.de;Buchwissenschaft, Buchhandel
K2313;Regio Energie Solothurn;Regio Energie Solothurn;Solothurn;2002;;1022223437;http://www.regioenergie.ch/;"Energie- und Wasserwirtschaft; Öffentliche Wirtschaft, Abfallwirtschaft, Gesundheitsökonomie"
K2314;Regionalia Verlag;Regionalia Verlag GmbH;Rheinbach;;;1064205747;https://regionalia-verlag.de/;Buchwissenschaft, Buchhandel
K2315;Regioverl. Südwest;;;;;;;
K2316;Reichert;Verlag Dr. Ludwig Reichert Inhaberin Ursula Reichert;Wiesbaden;02.01.1970;;1065107307;https://reichert-verlag.de/;Buchwissenschaft, Buchhandel
K2317;Reiffer;Verlag Andreas Reiffer;"Braunschweig; Meine";2000;;106586938X;http://www.verlag-reiffer.de;Buchwissenschaft, Buchhandel
K2318;Reimer;;;;;;;
K2319;Reimheim-Verlag;;;;;;;
K2320;Reimo-Verlag;Reimo-Verlag;;1996;;1064057047;http://www.reitmajer-verlag.de;Buchwissenschaft, Buchhandel
K2321;Reinecke & Voß;Verlag Reinecke & Voß;Leipzig;;;1065166486;http://www.reinecke-voss.de;Buchwissenschaft, Buchhandel
K2322;Reinhardt;;;;;;;
K2323;Reischl Roland Verlag;Roland Reischl Verlag;Köln;21.07.2008;;106611238X;https://www.rr-verlag.de;Buchwissenschaft, Buchhandel
K2324;Reise-Know-How Verlag Erika Därr u. Klaus Därr;;;;;;;
K2325;Reise-Know-How-Verl. Hermann;Reise Know-How Verlag Hermann;Markgröningen;;;1065100671;;Buchwissenschaft, Buchhandel
K2326;Reisebuch Verlag;;;;;;;
K2327;RenMai Verlag;RenMai Verlag Agentur Bauer;Wien;2004;;1064725848;http://www.renmai.at;Buchwissenschaft, Buchhandel
K2328;Renaissance-Verl. Marburg;;;;;;;
K2329;Rendezvous Verlag;Rendezvous-Verlag;Baden-Baden;;;1065429746;;Buchwissenschaft, Buchhandel
K2330;Renneritz Verlag;Renneritz Verlag;Sandersdorf (Brehna);2007;;1065505078;https://www.renneritz-verlag.de;Buchwissenschaft, Buchhandel
K2331;Renáta Baumann-Chybová;;;;;;;
K2332;Residenz Verlag;Residenz Verlag;"Salzburg; Sankt Pölten; Wien";1956;;10144473-4;https://www.residenzverlag.com/;Buchwissenschaft, Buchhandel
K2333;Residenzkaufhaus;;;;;;;
K2334;Resistenz-Verl.;Resistenz;"Linz; Wien";;;1065436009;http://www.resistenzverlag.com;Buchwissenschaft, Buchhandel
K2335;Rhein Wörtlich;rhein wörtlich e.V.;Köln;;;1065565682;;Buchwissenschaft, Buchhandel
K2336;Rhein-Mosel-Verlag;Rhein-Mosel-Verlag;Zell (Mosel);1991;;1064294960;http://www.rhein-mosel-verlag.de;Buchwissenschaft, Buchhandel
K2337;Rheingauer Mundartverein e. V.;Rheingauer Mundartverein;;;;5245698-5;;
K2338;Rheinischer Landwirtschafts-Verl.;Rheinischer Landwirtschafts-Verlag;Bonn;02.02.1950;;1038633230;;Buchwissenschaft, Buchhandel
K2339;Rheinlandia-Verl.;Rheinlandia Verlag & Antiquariat;Siegburg;01.01.1985;;1064199119;;Buchwissenschaft, Buchhandel
K2340;RiWei-Verl.;Riwei-Verlag GmbH;;;;1065431295;http://www.riwei-verlag.de;Buchwissenschaft, Buchhandel
K2341;Richmond-Verl.;Richmond Verlag;Sulzbach-Rosenberg;;;1065961995;;Buchwissenschaft, Buchhandel
K2342;Richter;Verlag Robert Richter;Hanau;;;1246228408;;
K2343;Rimbaud Verlag;Rimbaud Verlag;Aachen;1984;;1038660157;http://www.rimbaud.de/;Buchwissenschaft, Buchhandel
K2344;Ring of light;;;;;;;
K2345;Ringelberg Verlag;;;;;;;
K2346;Ringelbergverlag;Ringelbergverlag;Erfurt;;;1245341669;https://www.ringelbergverlag.de/;
K2347;Ripperger & Kremers;Ripperger & Kremers Verlag;Berlin;;;106556371X;https://verlag-ripperger-kremers.de;Buchwissenschaft, Buchhandel
K2348;Ripperger & Kremers Verlag;Ripperger & Kremers Verlag;Berlin;;;106556371X;https://verlag-ripperger-kremers.de;Buchwissenschaft, Buchhandel
K2349;Ritschel;Jürgen Ritschel (Firma);;;;1064298125;;Buchwissenschaft, Buchhandel
K2350;Ritter;;;;;;;
K2351;Ritter Klagenfurt;Kunsthalle Ritter (Klagenfurt);Klagenfurt;;;5083417-4;;Bildende Kunst
K2352;Riverfield Verlag;Riverfield Verlag;Reinach (Basel-Landschaft);2014;;1196980233;;
K2353;RoRo Hand & Kopfwerkstatt;;;;;;;
K2354;Rockstuhl;Verlag Rockstuhl;Bad Langensalza;01.04.1990;;1064213219;http://www.verlag-rockstuhl.de;Buchwissenschaft, Buchhandel
K2355;Roderer;Roderer;Regensburg;24.06.1983;;106510636X;http://www.roderer-verlag.de;Buchwissenschaft, Buchhandel
K2356;Rodneys Underground Press;;;;;;;
K2357;Rohans Verlag c/o Block Services;;;;;;;
K2358;Roki-Art VSH Verlag Schönrock & Heikamp;;;;;;;
K2359;Roland Klöpfer Verlag;;;;;;;
K2360;Roland Reischl Verlag;Roland Reischl Verlag;Köln;21.07.2008;;106611238X;https://www.rr-verlag.de;Buchwissenschaft, Buchhandel
K2361;RomanVerl.;RomanVerlag;Riesa;;;1065961596;http://www.romanverlag.de;Buchwissenschaft, Buchhandel
K2362;Romantruhe - Buchversand;Romantruhe - Buchversand;;;;1065130031;http://www.romantruhe.de;Buchwissenschaft, Buchhandel
K2363;Rombach;Rombach Verlag;Freiburg im Breisgau;1981;2020;1088111777;https://www.rombach-verlag.de;
K2364;Romeon Verlag;Romeon Verlag;"Jüchen; Kaarst";;;1257270761;https://www.romeon-verlag.de/;
K2365;Romowe;;;;;;;
K2366;Rosamontis-Verl.;Rosamontis Verlag;Ludwigshafen am Rhein;;;1065558279;http://www.rosamontis.de;Buchwissenschaft, Buchhandel
K2367;Rosenfluh Publikationen AG;Rosenfluh Publikationen AG;Neuhausen am Rheinfall;;;1065857047;http://www.rosenfluh.ch;Buchwissenschaft, Buchhandel
K2368;Rosner;;;;;;;
K2369;Rosspoint;;;;;;;
K2370;Rostocker Frauenkulturverein Die Beginen e.V.;Beginen e.V.;Rostock;;;5207145-5;;
K2371;Rot und Licht;Rot und Licht;Berlin;;;106473541X;;Buchwissenschaft, Buchhandel
K2372;Rotabene Medienhaus;Rotabene Data Service GmbH & Co. KG;Rothenburg ob der Tauber;;;1065561423;http://www.rotabene.de;Buchwissenschaft, Buchhandel
K2373;Rotary-Verl.;;;;;;;
K2374;Rotblatt, Kater;;;;;;;
K2375;Rotbuch-Verl.;Rotbuch Verlag;"Hamburg; Berlin; Berlin (West)";1973;;2032251-3;https://www.rotbuch.de;Buchwissenschaft, Buchhandel
K2376;Rotenbach-Verl.;Rotenbach Verlag GmbH & Co. KG;Baden-Baden;;;1064335284;;Buchwissenschaft, Buchhandel
K2377;Rotpunktverlag;Rotpunktverlag;Zürich;1977;;10179368-6;http://www.rotpunktverlag.ch;"Einzelne Branchen der Industrie und des Handwerks; Buchwissenschaft, Buchhandel"
K2378;Rotten Verlag;Rotten Verlag;Visp;;;1064066437;http://www.rotten-verlag-visp.ch;Buchwissenschaft, Buchhandel
K2379;Rowohl Polaris;Rowohlt Polaris Verlag;"Hamburg; Reinbek";XX.11.2010;;1065428863;;Buchwissenschaft, Buchhandel
K2380;Rowohlt;Rowohlt Verlag;"Reinbek; Hamburg; Stuttgart";09.11.1945;;2020049-3;https://www.rowohlt.de;Buchwissenschaft, Buchhandel
K2381;Rowohlt Berlin;Rowohlt Berlin Verlag;Berlin;02.09.1990;;10161857-8;http://www.rowohlt.de/verlage/rowohlt-berlin;Buchwissenschaft, Buchhandel
K2382;Rowohlt Hundert Augen;Rowohlt Hundert Augen (Firma);Hamburg;;;1340950219;;Buchwissenschaft, Buchhandel
K2383;Rowohlt Repertoire;Rowohlt Verlag;"Reinbek; Hamburg; Stuttgart";09.11.1945;;2020049-3;https://www.rowohlt.de;Buchwissenschaft, Buchhandel
K2384;Rowohlt Taschenbuch Verlag;Rowohlt Taschenbuch Verlag;"Reinbek; Hamburg";1953;;4655865-2;https://www.rowohlt.de/;Buchwissenschaft, Buchhandel
K2385;Rowohlt Verlag GmbH;Rowohlt Verlag;"Reinbek; Hamburg; Stuttgart";09.11.1945;;2020049-3;https://www.rowohlt.de;Buchwissenschaft, Buchhandel
K2386;Roßdorf : Wolfbach;;;;;;;
K2387;Rudolph;;;;;;;
K2388;Ruhland Verlag;Ruhland Verlag GmbH;Bad Soden am Taunus;01.07.1968;;1065172680;http://www.ruhland-verlag.de;Buchwissenschaft, Buchhandel
K2389;Ruhrkrimi-Verlag;;;;;;;
K2390;Ruhrliteratur;;;;;;;
K2391;Ryckschau;;;;;;;
K2392;Röll;Verlag J.H. Röll;Dettelbach;1989;;1064797792;https://roell-verlag.de;Buchwissenschaft, Buchhandel
K2393;Röser-Presse;Röser Presse GmbH;Karlsruhe;;;1067136622;http://www.roeser-presse.de;Buchwissenschaft, Buchhandel
K2394;Rübenberger Verl. Weiß;Rübenberger Verlag;;XX.08.2002;;1065527330;http://www.ruebenberger-verlag.de;Buchwissenschaft, Buchhandel
K2395;Rüger;;;;;;;
K2396;S. Fischer Verlag;S. Fischer Verlag;"Frankfurt am Main; Berlin";"01.09.1886; 26.04.1950";XX.XX.1942;43325-1;;Buchwissenschaft, Buchhandel
K2397;S. Hirzel Verlag;S. Hirzel Verlag (Stuttgart);Stuttgart;;;2064562-4;http://www.hirzel.de;Buchwissenschaft, Buchhandel
K2398;S. Roderer Verlag;Roderer;Regensburg;24.06.1983;;106510636X;http://www.roderer-verlag.de;Buchwissenschaft, Buchhandel
K2399;S. Sell Heimat-Verlag;Heimat-Verlag Altenburg;Altenburg (Thüringen);;;1064735487;;Buchwissenschaft, Buchhandel
K2400;S.Fischer;S. Fischer Verlag;"Frankfurt am Main; Berlin";"01.09.1886; 26.04.1950";XX.XX.1942;43325-1;;Buchwissenschaft, Buchhandel
K2401;SCALA Verlag;Scala Verlag GmbH;Velbert;;;1064066550;;Buchwissenschaft, Buchhandel
K2402;SCM;SCM;;;;16147698-3;;
K2403;SCRATCH Verlag;SCRATCH Verlag;Hamburg;01.06.2007;;1065976690;http://www.scratch-verlag.de;Buchwissenschaft, Buchhandel
K2404;SCW Auer-Sällef;SCW Auer-Sällef;Saarbrücken;;;1065652348;;Buchwissenschaft, Buchhandel
K2405;SE Stengel;;;;;;;
K2406;SELLBERG Verlag;;;;;;;
K2407;SIGNUM e. V. Dresden;;;;;;;
K2408;SJM-Verl.;SJM-Verlag GmbH;;;;1065554613;;Buchwissenschaft, Buchhandel
K2409;SJW;SJW Schweizerisches Jugendschriftenwerk;Zürich;;;2043777-8;https://sjw.ch/;"Buchwissenschaft, Buchhandel; Bildungswesen (Allgemeines); Literarisches Leben"
K2410;SP-Verlag;SP-Verlag Medien oHG;;;;1065661401;http://www.sp-verlag.de;Buchwissenschaft, Buchhandel
K2411;SPRACHFLECHTWERK;;;;;;;
K2412;SSE-Verl.;;;;;;;
K2413;SUKULTUR;SuKuLTuR;"Berlin; Hamburg";1995;;1065701055;http://www.sukultur.de;Buchwissenschaft, Buchhandel
K2414;SWB-Verl.;;;;;;;
K2415;SWR Media Services GmbH;SWR Media Services GmbH;Stuttgart;;;1065423284;https://www.swrmediaservices.de;Buchwissenschaft, Buchhandel
K2416;Saarländisches Künstlerhaus;Saarländisches Künstlerhaus Saarbrücken;Saarbrücken;1985;;2126362-0;http://www.kuenstlerhaus-saar.de;Buchwissenschaft, Buchhandel
K2417;Sabrina Kossel, Milchbart Company Leipzig;;;;;;;
K2418;SadWolf;;;;;;;
K2419;SadWolf Verlag;;;;;;;
K2420;Safari-Discoverer-Verlag;Safari-Discoverer Verlag;Attendorn;;;1065225245;;Buchwissenschaft, Buchhandel
K2421;Sagner;Kubon & Sagner;"München; Furth im Wald";XX.XX.1947;30.06.2017;1047506-0;;Buchwissenschaft, Buchhandel
K2422;Salier Verlag;Salier Verlag;Leipzig;01.04.2006;;1065649460;https://salierverlag.buchhandlung.de/;Buchwissenschaft, Buchhandel
K2423;Salis;Salis Verlag;Zürich;2006;2019;1065289049;http://www.salisverlag.com;Buchwissenschaft, Buchhandel
K2424;Salon-LiteraturVerl.;SALON LiteraturVerlag;München;;;106405966X;;Buchwissenschaft, Buchhandel
K2425;SalonPresse;;;;;;;
K2426;Salonlöwe-Verl.;Salonlöwe Verlag;Mainz;;;1065716761;http://www.salonlöwe-verlag.de;Buchwissenschaft, Buchhandel
K2427;Salsa Verlag;;;;;;;
K2428;Salzgitter, Print & Lettershop;;;;;;;
K2429;Samenkorn e.V.;Samenkorn e.V.;Steinhagen;;;10084768-7;;Buchwissenschaft, Buchhandel
K2430;Samples;Samples;;;;6118683-1;;Musik (Allgemeines), Musikgeschichte
K2431;Sand;;;;;;;
K2432;SaniVal;SaniVal;Korbach;;;1065228686;http://www.sanival.de;Buchwissenschaft, Buchhandel
K2433;Sankt-Ulrich-Verl.;Sankt-Ulrich-Verlag;Augsburg;;;7564159-8;;Buchwissenschaft, Buchhandel
K2434;Saphir im Stahl;Saphir im Stahl (Körperschaft);Bickenbach (Landkreis Darmstadt-Dieburg);21.05.2010;;1065965923;https://saphir-im-stahl.de;Buchwissenschaft, Buchhandel
K2435;Sarastro;Sarastro GmbH;Paderborn;;;1065494734;;Buchwissenschaft, Buchhandel
K2436;Sarganserländer Verl.;;;;;;;
K2437;Sarturia Verlag e.K. Autoren Service;Sarturia Verlag e.K. Autoren-Service;;2005;;1064287468;http://www.sarturia.com;Buchwissenschaft, Buchhandel
K2438;Sascha Eysoldt Verlag;;;;;;;
K2439;Sassafras;Sassafras Verlag;Krefeld;;;1065369301;;Buchwissenschaft, Buchhandel
K2440;Satyr-Verl.;Satyr-Verlag;München;;;1065297343;;Buchwissenschaft, Buchhandel
K2441;Satz und Druck Herrmann AG;Herrmann AG;Langnau im Emmental;1975;;1225821096;https://www.herrmann-druck.ch/;
K2442;SatzZeichen, Autorengruppe;;;;;;;
K2443;Satzwerk-Verl.;Satzwerk;Göttingen;;;1067144366;http://www.satzwerk.de;Buchwissenschaft, Buchhandel
K2444;Saunar;Reiner Saunar (Firma);;08.08.2003;;1065861176;http://www.saunar-verlag.de;Buchwissenschaft, Buchhandel
K2445;Sautter, Verlag für Systemische Konzepte;Verlag für Systemische Konzepte;Ravensburg;;;1064789374;http://www.verlagsystemkonzepte.de;Buchwissenschaft, Buchhandel
K2446;Schadinsky Verlag;Schadinsky (Verlag, Celle);;;;1085859029;;
K2447;Schalita-Verl.;Schalita-Verlag;Köln;04.10.2007;;1065437218;http://www.schalitaverlag.de;Buchwissenschaft, Buchhandel
K2448;Schalk-Verl. Scherer;Schalk-Verlag;;;;1065788525;http://www.schalkverlag.de;Buchwissenschaft, Buchhandel
K2449;Schaltzeit-Verl.;Schaltzeit Verlag, Andreas Illmann;Berlin;2009;;1289643679;;
K2450;Schardt Verlag;Schardt Verlag e.K.;Oldenburg (Oldenburg);1998;;1065785763;http://www.schardtverlag.de;Buchwissenschaft, Buchhandel
K2451;Schattenlicht-Verl.;Schattenlicht Verlag UG (haftungsbeschränkt);Wiesbaden;;;1064300014;;Buchwissenschaft, Buchhandel
K2452;Scherz;;;;;;;
K2453;Schibri-Verlag;Schibri-Verlag;;;;1064198872;http://www.schibri.de;Buchwissenschaft, Buchhandel
K2454;Schiermeier;Franz Schiermeier (Firma);München;25.07.2003;;1065652046;"https://www.stadtatlas-muenchen.de/; https://www.franz-schiermeier-verlag.de";Buchwissenschaft, Buchhandel
K2455;Schiler;Schiler & Mücke;Tübingen;;;1328029913;https://www.schiler-muecke.de/;
K2456;Schiler & Mücke;Schiler & Mücke;Tübingen;;;1328029913;https://www.schiler-muecke.de/;
K2457;Schiler***5005585;Verlag Hans Schiler;Berlin;2002;;1065490283;;Buchwissenschaft, Buchhandel
K2458;Schiller Verlag;Schiller Verlag;Bonn;;;1065496370;http://www.schiller-hermannstadt.de;Buchwissenschaft, Buchhandel
K2459;Schillinger Verlag;Schillinger Verlag GmbH;Freiburg im Breisgau;22.05.1984;;1065173482;http://www.schillingerverlag.de;Buchwissenschaft, Buchhandel
K2460;Schillo-Verlag;;;;;;;
K2461;Schinken Verlag;;;;;;;
K2462;Schirner Verlag;Schirner Verlag;Darmstadt;01.09.1994;;106412853X;http://www.schirner.com;Buchwissenschaft, Buchhandel
K2463;Schlosser;Verlagshaus Schlosser;;2006;;106421293X;;Buchwissenschaft, Buchhandel
K2464;Schlütersche;Schlütersche Verlagsanstalt und Druckerei;Hannover;1747;;2040420-7;;Buchwissenschaft, Buchhandel
K2465;Schmenk;Nicole Schmenk (Firma);;;;106528523X;http://www.verlag-schmenk.de;Buchwissenschaft, Buchhandel
K2466;Schmetterling Stuttgart;Schmetterling-Verlag (Stuttgart);Stuttgart;13.04.1987;;5159761-5;http://www.schmetterling-verlag.de;"Einzelne Branchen der Industrie und des Handwerks; Buchwissenschaft, Buchhandel"
K2467;Schmid;;;;;;;
K2468;Schmid Otreba Seitz Medien;Schmid Otreba Seitz Medien GmbH & Co. KG;Mannheim;;;1065170394;http://www.sosmedien.de;Buchwissenschaft, Buchhandel
K2469;Schmidt;;;;;;;
K2470;Schmidt & Klaunig;Schmidt und Klaunig (Kiel);Kiel;;;2034089-8;http://www.schmidt-klaunig.de;Buchwissenschaft, Buchhandel
K2471;Schmidt von Schwind;Schmidt von Schwind Verlag UG (haftungsbeschränkt);Köln;01.04.1996;;106542826X;;Buchwissenschaft, Buchhandel
K2472;Schmitz;;;;;;;
K2473;Schmöker-Verl.;Schmöker Verlag;;;;1066114870;http://www.schmoeker-verlag.de;Buchwissenschaft, Buchhandel
K2474;Schmöker-Verl. Bienert;Schmöker Verlag;;;;1066114870;http://www.schmoeker-verlag.de;Buchwissenschaft, Buchhandel
K2475;Schneider;;;;;;;
K2476;Schneider Hohengehren;Schneider Verlag Hohengehren GmbH;Baltmannsweiler;01.01.1927;;1065862830;http://www.paedagogik.de;Buchwissenschaft, Buchhandel
K2477;Schneider, Nadine;;;;;;;
K2478;Schnell;Verlag Schnell Peter Salmann;Warendorf;1834;;105804298X;http://www.verlag-schnell.de/;Buchwissenschaft, Buchhandel
K2479;Schnider;;;;;;;
K2480;Scholastika-Verlag;Scholastika-Verlag;Obing;;;1064057616;http://www.scholastika-verlag.de;Buchwissenschaft, Buchhandel
K2481;Scholz;;;;;;;
K2482;SchreibStimme;;;;;;;
K2483;Schreibgruppe ausgewundert;;;;;;;
K2484;Schreiblust-Verlag;Schreiblust-Verlag;Dortmund;;;1065281692;http://www.schreib-lust.de;Buchwissenschaft, Buchhandel
K2485;Schreibstark-Verlag;;;;;;;
K2486;Schreibwaren Wegmann Inh. Janos Metz e. K.;;;;;;;
K2487;Schreibwerkstatt Ost bei Edition Howeg;;;;;;;
K2488;Schreibwerkstatt SCHRIFT:gut;Schrift:gut Schreibwerkstatt Carsten und Wolfgang Gerz (Westernohe);Westernohe;;;16013838-3;;"Buchwissenschaft, Buchhandel; Einzelne Branchen der Industrie und des Handwerks"
K2489;Schroer;CH. SCHROER GmbH;Bergisch Gladbach;;;1064055648;http://www.chsbooks.de;Buchwissenschaft, Buchhandel
K2490;Schruf & Stipetic;Schruf & Stipetic;Berlin;;;106510118X;http://www.schruf-stipetic.de;Buchwissenschaft, Buchhandel
K2491;Schröder Verlag;Schroeder Verlag;Wildflecken;;;1064138217;http://www.schroeder-verlagsbuchhandlung.de;Buchwissenschaft, Buchhandel
K2492;Schuler;Verlag F. Schuler;Chur;;;1064207995;;Buchwissenschaft, Buchhandel
K2493;SchumacherGebler;;;;;;;
K2494;Schuster;;;;;;;
K2495;Schwab, Jörg;;;;;;;
K2496;Schwager & Steinlein;Schwager & Steinlein Verlag GmbH;Köln;22.04.1909;;1065428421;http://www.schwager-steinlein-verlag.de;Buchwissenschaft, Buchhandel
K2497;Schwalbe;;;;;;;
K2498;Schwarzbuch Verlag;;;;;;;
K2499;Schwarze-Zeilen Verlag;;;;;;;
K2500;Schwarzer Drachen;;;;;;;
K2501;Schwarzer Drachen Verlag;;;;;;;
K2502;Schwarzkopf & Schwarzkopf;Schwarzkopf & Schwarzkopf Verlag;Berlin;02.06.1994;;1065499078;https://schwarzkopf-verlag.info/;Buchwissenschaft, Buchhandel
K2503;Schweikert-Bonn-Verl.;Schweikert-Bonn-Verlag;Stuttgart;;;1065435576;http://www.schweikert-bonn-verlag.de;Buchwissenschaft, Buchhandel
K2504;Schweitzerhaus-Verl.;Schweitzerhaus Verlag Karin Schweitzer e.K.;Lindlar;01.01.2007;;1065357273;http://www.schweitzerhaus.de;Buchwissenschaft, Buchhandel
K2505;Schweizer Literaturgesellschaft;Schweizer Literaturgesellschaft;Zug;;;1065974086;http://www.europaeische-verlagsgesellschaften.ch;Buchwissenschaft, Buchhandel
K2506;Schäfer;;;;;;;
K2507;Schöffling & Co.;Schöffling & Co.;Frankfurt am Main;30.11.1993;;5564290-1;https://www.schoeffling.de/;Buchwissenschaft, Buchhandel
K2509;Schöningh;Verlag Ferdinand Schöningh;Paderborn;12.05.1847;;2178840-6;https://www.schoeningh.de/;"Buchwissenschaft, Buchhandel; Einzelne Branchen der Industrie und des Handwerks"
K2510;Schönrock & Heikamp;;;;;;;
K2511;Schünemann;Carl Ed. Schünemann KG;Bremen;1810;;2006946-7;http://www.schuenemann-verlag.de;"Einzelne Branchen der Industrie und des Handwerks; Papierherstellung, Grafische Technik; Buchwissenschaft, Buchhandel"
K2512;Schütze, Engler, Weber;Schütze, Engler, Weber Verlags GbR;Dresden;28.06.2001;;1064927963;http://www.sew-verlag.de;Buchwissenschaft, Buchhandel
K2513;Scribitur;;;;;;;
K2514;Scribo Verlag;Scribo Verlagsgesellschaft;Steinenbronn;;;106543507X;http://www.scriboverlag.de;Buchwissenschaft, Buchhandel
K2515;Secession, Verl. für Literatur;Secession Verlag für Literatur;Zürich;18.08.2009;;1052003311;;Buchwissenschaft, Buchhandel
K2516;Seeling;Galerie Seeling;Fürth (Bayern);;;16099594-2;;Einzelne Branchen der Industrie und des Handwerks
K2517;Seestern Verlag;Seestern Verlag;Bentwisch;2005;;1065653867;https://seesternverlag.de;Buchwissenschaft, Buchhandel
K2518;Segler;Peter Segler Verlag;"Freiberg; Langhennersdorf";;;1065980531;http://www.segler-verlag.de;Buchwissenschaft, Buchhandel
K2519;Seh-Weg-Verl.;;;;;;;
K2520;Seidler;Lothar Seidler (Firma);Heidelberg;1995;;1065975864;http://www.seidler-verlag.de;Buchwissenschaft, Buchhandel
K2521;Seifert Verlag;Seifert Verlag;Wien;;;1065355238;http://www.seifert-verlag.at;Buchwissenschaft, Buchhandel
K2522;Seilschaft-Verl.;Roland Wagner Seilschaft Verlag;Reiferscheid;;;1064288413;http://www.rope-team.com;Buchwissenschaft, Buchhandel
K2523;Seitenblick;Seitenblick;Siegburg;;;1067149325;;Buchwissenschaft, Buchhandel
K2524;Seitenstraßen Verlag;Seitenstraßen Verlag GmbH;Berlin;;;1064922538;;Buchwissenschaft, Buchhandel
K2525;Selbstlesebuch;Dein Selbstlesebuch;;;;1065162103;;Buchwissenschaft, Buchhandel
K2526;Selbstverlag;Selbstverlag;Bremen;;;106420533X;;Buchwissenschaft, Buchhandel
K2527;Selbstverlag B.R.;;;;;;;
K2528;Selbstverlag KUBI;;;;;;;
K2529;Selbstverlag Peter Vogler;;;;;;;
K2530;Selbstverlag Susi Streichenberg;;;;;;;
K2531;Selbstverlag des Autors Wolfgang Bornemann;;;;;;;
K2532;Semann Verlag;Semann Verlag;Bochum;;;1065435673;;Buchwissenschaft, Buchhandel
K2533;Semikolon-Verl.;Semikolon-Verlag;Berlin;;;106585935X;http://www.semikolon-verlag.de;Buchwissenschaft, Buchhandel
K2534;Semmelroch;Frantz-Semmelroch Verlag GmbH;Kulmbach;10.04.2008;;1065538367;http://www.semmelroch-verlag.de;Buchwissenschaft, Buchhandel
K2535;Senfkornverlag;;;;;;;
K2536;Seniorenschreibtisch der Stadt Puchheim;Seniorenschreibtisch der Stadt Puchheim;Puchheim;2002;;102700119X;;
K2537;Septime;Septime Verlag;Wien;2009;;1064797288;http://www.septime-verlag.at;Buchwissenschaft, Buchhandel
K2538;Septime Verlag;Septime Verlag;Wien;2009;;1064797288;http://www.septime-verlag.at;Buchwissenschaft, Buchhandel
K2539;Servitus-Verl.;Servitus Verlag;;;;1065034660;http://www.servitus-verlag.de;Buchwissenschaft, Buchhandel
K2540;Servus Verlag;Servus Verlag (Firma);"Wals-Siezenheim; Wien; Salzburg";2014;;1064286682;https://www.beneventopublishing.com/servus/servus/;Buchwissenschaft, Buchhandel
K2541;Severus Verlag;Severus Verlag;Hamburg;;;106542552X;http://www.diplomica.de;Buchwissenschaft, Buchhandel
K2542;Shadodex - Verlag der Schatten;;;;;;;
K2543;Shaker Verlag;Shaker Verlag;"Aachen; Herzogenrath; Düren";XX.04.1984;;1064118135;https://www.shaker.de/de/index.asp?lang=de;Buchwissenschaft, Buchhandel
K2544;Shakti & Sargam;;;;;;;
K2545;Shayol;Shayol;Berlin;;;1065655258;http://www.shayol-verlag.de;Buchwissenschaft, Buchhandel
K2546;Shoebox House;Shoebox House Verlag e.K.;Hamburg;17.03.2008;;1065027230;http://www.shoeboxhouse-verlag.de;Buchwissenschaft, Buchhandel
K2547;Shutterstock;Shutterstock, Inc.;"Berlin; New York, NY";2003;;10192592-X;"http://www.shutterstock.de; http://www.shutterstock.com";Einzelne Branchen der Industrie und des Handwerks
K2548;Sich;Wolfgang Sich (Firma);Magdeburg;1968;;1065645449;http://www.sich-verlag.de;Buchwissenschaft, Buchhandel
K2549;Sieben Verlag;Sieben-Verlag;;;;1065428162;http://www.sieben-verlag.de;Buchwissenschaft, Buchhandel
K2550;SiebenSchreiber;SiebenSchreiber;Wegberg;;;1200660242;http://www.siebenschreiber.de/;
K2551;Siebenstern-Dr.;Siebenstern-Druckerei Schliekau KG;Bad Bevensen;;;1066124760;;Buchwissenschaft, Buchhandel
K2552;Sigena-Verl.;Sigena-Verlag;;;;1065162499;http://www.sigena-verlag.de;Buchwissenschaft, Buchhandel
K2553;Silbenflink-Verl.;Silbenflink Verlag;Hanau;;;1065131496;;Buchwissenschaft, Buchhandel
K2554;Silberburg Verlag;Silberburg-Verlag Titus Häussermann;"Stuttgart; Tübingen";1985;;104448540X;https://verlagshaus24.de/silberburg/;Buchwissenschaft, Buchhandel
K2555;Silberkrone Verlag;Silberkrone Verlag;Graz;;;1234933209;https://www.silberkrone-verlag.com/kontakt;Buchwissenschaft, Buchhandel
K2556;SilvForLife Design;;;;;;;
K2557;Silver-Horse-Ed.;Silver Horse Edition;;2002;;1064912702;http://www.silverhorseedition.de;Buchwissenschaft, Buchhandel
K2558;Simon Verlag für Bibliothekswissen;Simon Verlag für Bibliothekswissen e.K.;Berlin;15.01.2008;;1065782551;http://www.simon-bibliothekswissen.de;Buchwissenschaft, Buchhandel
K2559;Simonett & Baer;Simonett & Baer;Basel;08.06.2017;;1321272677;https://www.simonettbaer.com;
K2560;SingLiesel Verlag;Singliesel GmbH;Karlsruhe;2012;;1065101260;http://www.singliesel.de;Buchwissenschaft, Buchhandel
K2561;Sinnbild-Verlag;;;;;;;
K2562;Sisyphus;Sisyphus Verlag;Klagenfurt am Wörthersee;;;1065280858;http://www.sisyphus.at;Buchwissenschaft, Buchhandel
K2563;Situationspresse;Situationspresse;Duisburg;;;1065533063;http://www.buchhandlung-weltbuehne.de;Buchwissenschaft, Buchhandel
K2564;Siva-Natara Verlag;Siva Natara-Verlag;;;;1067148221;http://www.siva-natara-verlag.de;Buchwissenschaft, Buchhandel
K2565;Skarabäus;Skarabaeus Verlag;Innsbruck;;;106552630X;http://www.skarabaeus.at;Buchwissenschaft, Buchhandel
K2566;Skopus-Verl.;Günter  von Deyen Skopus-Verlag;Hamburg;;;1064058086;http://www.skopus-bild-verlag.de;Buchwissenschaft, Buchhandel
K2572;Sokrates & Freunde GmbH;Sokrates & Freunde GmbH;;;;1065359152;http://www.lehrerselbstverlag.de;Buchwissenschaft, Buchhandel
K2573;Solar Plexus;Solar Plexus;;2003;;10339821-1;http://www.solar-plexus.de/;Musik (Allgemeines), Musikgeschichte
K2575;Solibro-Verl.;Solibro Verlag;Münster (Westf);2001;;1064204414;https://www.solibro.de;Buchwissenschaft, Buchhandel
K2576;Soll-und-Haben-Verl.;Soll und Haben Verlag;Karlsruhe;16.11.2009;;1065033001;http://www.soll-und-haben-verlag.de;Buchwissenschaft, Buchhandel
K2577;Somedia Buchverlag;Somedia Buchverlag;Glarus;;;1064335969;http://www.somedia-buchverlag.ch;Buchwissenschaft, Buchhandel
K2578;Sommerfeld;Antje Sommerfeld (Firma);Kiel;;;1065715056;http://www.sommerfeld-verlag.de;Buchwissenschaft, Buchhandel
K2579;Sonderpunkt-Verl.;sonderpunkt Verlag;Münster (Westf);01.09.2004;;1064794246;http://www.sonderpunkt-verlag.de;Buchwissenschaft, Buchhandel
K2580;Songdog-Verl.;Songdog Verlag;"Bern; Wien";;;1064196519;http://www.songdog.at;Buchwissenschaft, Buchhandel
K2581;Sonnenberg;;;;;;;
K2582;SoralPro-Verl.;SoralPRO Verlag;Graz;;;1064205577;http://www.soralpro.at;Buchwissenschaft, Buchhandel
K2583;SpaceNet Verlag;SpaceNet AG (München);München;;;16060198-8;http://www.space.net;"Buchwissenschaft, Buchhandel; Einzelne Branchen der Industrie und des Handwerks"
K2584;Spaß am Lesen Verlag;Spaß am Lesen Verlag;Münster (Westf);;;1037942078;https://einfachebuecher.de/;
K2585;Specht, Ulrich;;;;;;;
K2586;Spector Books;Spector Books OHG;Leipzig;2001;;1065024045;https://spectorbooks.com;Buchwissenschaft, Buchhandel
K2587;Sperling-Verlag;Sperling Verlag;Nürnberg;;;1064726283;;Buchwissenschaft, Buchhandel
K2588;Sphera-Verl.;Sphera Verlag;Hinterzarten;;;106536265X;http://sphera-verlag.de;Buchwissenschaft, Buchhandel
K2589;Sphinx Agency;;;;;;;
K2590;Spica-Verl.;Spica Verlag;"Neubrandenburg; Blumenholz";XX.05.2011;;1035440628;http://www.spica-verlag.de;Buchwissenschaft, Buchhandel
K2591;Spielberg Verlag;Spielberg-Verlag GmbH;Regensburg;1996;;1065163967;http://www.spielberg-verlag.de;Buchwissenschaft, Buchhandel
K2592;Spirit-Rainbow-Verl.;Spirit Rainbow Verlag;Aachen;;;1064742645;;Buchwissenschaft, Buchhandel
K2593;Spohr;Spohr Verlag Hagar Spohr u. Salim Spohr;Freiburg im Breisgau;01.01.1990;;1064791557;http://www.beforearmageddon.com;Buchwissenschaft, Buchhandel
K2594;Springer;Springer;;;;10334858-X;http://www.diespringer.de;Musik (Allgemeines), Musikgeschichte
K2595;Sprudelkiste.com Gleißner;;;;;;;
K2596;Spurbuchverlag;Spurbuchverlag;Baunach;01.03.1981;;1065703732;https://www.spurbuch.de/de/;Buchwissenschaft, Buchhandel
K2597;Sputniks Werbeagentur;Sputniks-Werbeagentur (München);München;;;10155748-6;http://www.sputniks.de;"Buchwissenschaft, Buchhandel; Einzelne Branchen der Industrie und des Handwerks"
K2598;St. Benno Verlag;St. Benno-Verlag;Leipzig;28.04.1951;06.12.1990;2021112-0;https://www.st-benno.de;"Buchwissenschaft, Buchhandel; Katechetik, Christliche Erziehung, Kirchliche Bildungsarbeit; Katholische Kirche"
K2599;St. Johannis-Druckerei;St.-Johannis-Druckerei (Lahr);;;;108739113X;;
K2600;Staackmann;Verlag L. Staackmann;Dietramszell;01.10.1869;;1065168586;;Buchwissenschaft, Buchhandel
K2601;Stadt Erfurt;Stadt Erfurt. Stadt- und Regionalbibliothek Erfurt;Erfurt;;;1068093986;;Buchwissenschaft, Buchhandel
K2602;Stadt Hattingen;Hattingen;;;;4023634-1;;
K2603;Stadt Hilden;Hilden (Stadt);;;;1086936515;;
K2604;Stadt Ostseebad Rerik;;;;;;;
K2605;Stadt Vechta;Vechta;;;;4062421-3;;
K2606;Stadtbibliothek Prenzlau;;;;;;;
K2607;Stadtgemeinde Perg;Perg;;;;4354121-5;http://www.perg.at;
K2608;Stadthaus-Verl.;Stadthaus-Verlag;;;;1065647522;;Buchwissenschaft, Buchhandel
K2609;Stadtlichter-Presse;Stadtlichter-Presse (Wenzendorf);Wenzendorf;;;16332027-5;http://www.stadtlichterpresse.de;"Einzelne Branchen der Industrie und des Handwerks; Buchwissenschaft, Buchhandel"
K2610;Stangl & Taubald;Stangl + Taubald, Buchhandlung, GmbH. Abt. Verlag;;01.09.1864;;1068092866;http://www.buch-stangl.de;Buchwissenschaft, Buchhandel
K2611;Steffen;Steffen GmbH;Friedland (Landkreis Oder-Spree);;;1064792006;http://www.steffen-verlag.de;Buchwissenschaft, Buchhandel
K2612;Steidl;Steidl Verlag;Göttingen;01.10.1969;;5254575-1;https://steidl.de/;Buchwissenschaft, Buchhandel
K2613;Steidl Verlag;Steidl Verlag;Göttingen;01.10.1969;;5254575-1;https://steidl.de/;Buchwissenschaft, Buchhandel
K2614;Stein-Medien;Stein-Medien GmbH;Göttingen;;;1065499132;;Buchwissenschaft, Buchhandel
K2615;Steinmann;;;;;;;
K2616;Steinverl.;Steinverlag GmbH;Bad Traunstein;02.09.2014;;1386145920;https://www.steinverlag.at/;
K2617;Stekovics;Verlag Janos Stekovics;"Halle (Saale); Wettin-Löbejün";21.01.1992;;1064053548;http://www.steko.net/;Buchwissenschaft, Buchhandel
K2618;Stellwerck-Verl.;Stellwerck Verlag;Würzburg;;;1081270632;http://www.stellwerck.de/;Buchwissenschaft, Buchhandel
K2619;Stephan Moll Verlag;Verlag S.MO;;;;106428941X;;Buchwissenschaft, Buchhandel
K2620;Stephanie Feyerabend Verlag;;;;;;;
K2621;Stephenson, C;S. & C. Stephenson (London);London;;;1221104-7;;
K2622;Sternensammler-Verl.;Sternensammler Verlag;Leipzig;;;1065036159;;Buchwissenschaft, Buchhandel
K2623;Sternensand Verlag;Sternensand Verlag;Hirzel;XX.09.2015;;1196999589;;
K2624;Stickenbütteler Kreisverl.;;;;;;;
K2625;Stiftung Kantonsbibliothek Uri;Kantonsbibliothek Uri;Altdorf (Uri);;;2134844-3;http://www.kbu.ch/home.html;Bibliothek, Information und Dokumentation
K2626;Stocker;;;;;;;
K2627;Stockwärter Verlag;Stockwärter Verlag;Halle (Saale);2019;;1209905426;https://www.xn--stockwrter-verlag-vqb.de;
K2628;Storia-Verl.;Storia Verlag OHG;München;01.04.2004;;106406731X;http://www.storia-verlag.de;Buchwissenschaft, Buchhandel
K2629;Stories & Friends;STORIES & FRIENDS Verlag e.K.;Lehrensteinsfeld;XX.12.2006;;1065489366;http://www.stories-and-friends.com;Buchwissenschaft, Buchhandel
K2630;Story Town - Derek Meister & Marion Meister GbR c/o Papyrus Autoren-Club;;;;;;;
K2631;Storyhouse-Verl.;Storyhouse Verlag;Stuttgart;;;1064351638;http://www.storyhouseverlag.de;Buchwissenschaft, Buchhandel
K2633;Strandläufer Verlag;Strandläufer Verlag;Stralsund;25.03.2008;;1064926770;http://www.strandläufer-verlag.de;Buchwissenschaft, Buchhandel
K2634;StraussEdition;;;;;;;
K2635;Streifen-Verl.;Streifen Verlag;;;;1065098391;;Buchwissenschaft, Buchhandel
K2636;Strichpunkt-Verl.;Strichpunkt-Verlag;Solothurn;;;1065223870;;Buchwissenschaft, Buchhandel
K2637;Stroemfeld;Stroemfeld-Verlag;Basel;;;65261-1;;Einzelne Branchen der Industrie und des Handwerks
K2638;Strozpress;;;;;;;
K2639;Struktur Verlag;;;;;;;
K2640;Studia Universitätsverlag;;;;;;;
K2641;StudienVerlag;StudienVerlag;Innsbruck;1991;;1065526407;https://www.studienverlag.at/;Buchwissenschaft, Buchhandel
K2643;Stumpp;;;;;;;
K2644;Stutz Druck AG;Stutz Druck;Wädenswil;1998;2016;1065431848;https://stutz-medien.ch/;"Einzelne Branchen der Industrie und des Handwerks; Buchwissenschaft, Buchhandel"
K2645;Styria Verlag;Styria Verlag in Verlagsgruppe Styria GmbH & Co. KG;Wien;;;1156386047;;Buchwissenschaft, Buchhandel
K2646;Stämpfli;Stämpfli AG;Bern;1799;;2022869-7;http://www.staempfliverlag.com;"Papierherstellung, Grafische Technik; Buchwissenschaft, Buchhandel; Einzelne Branchen der Industrie und des Handwerks"
K2647;Subkultur;edition subkultur;Berlin;;;1064301649;http://www.edition.subkultur.de;Buchwissenschaft, Buchhandel
K2648;Subrosa-Verl.;Hagen Stolz Subrosa-Verlag;;;;1064737366;;Buchwissenschaft, Buchhandel
K2649;Suhrkamp Verlag;Suhrkamp Verlag;"Frankfurt am Main; Berlin";01.07.1950;;300755-8;https://www.suhrkamp.de;Buchwissenschaft, Buchhandel
K2650;Sujet Verlag;Sujet Druck & Verlag;Bremen;;;1065655878;;Buchwissenschaft, Buchhandel
K2651;Sure-Publishing;Sure-Publishing;Basel;;;1391794249;https://www.il-verlag.com/sure-publishing/;
K2652;Surface Book;surface book;Darmstadt;2008;;1064137318;;Buchwissenschaft, Buchhandel
K2653;Susan Schoch Verlag;;;;;;;
K2654;Sutton;Sutton Verlag;Erfurt;26.04.1996;;103197914X;https://www.verlagshaus24.com/sutton;Buchwissenschaft, Buchhandel
K2655;Sutton Verlag;Sutton Verlag;Erfurt;26.04.1996;;103197914X;https://www.verlagshaus24.com/sutton;Buchwissenschaft, Buchhandel
K2656;Sutton Verlag GmbH;Sutton Verlag;Erfurt;26.04.1996;;103197914X;https://www.verlagshaus24.com/sutton;Buchwissenschaft, Buchhandel
K2657;Svato;Svato Verlag;Hamburg;1977;;1065288220;http://www.svato.de;Buchwissenschaft, Buchhandel
K2658;Sylcho Studio;;;;;;;
K2659;Synergen-Verl.;;;;;;;
K2660;SüdOst Verlag;SüdOst Verlag;Regenstauf;;;1065422032;http://www.suedost-verlag.de;Buchwissenschaft, Buchhandel
K2661;Süddt. Zeitung GmbH;Süddeutsche Zeitung GmbH;München;16.12.1998;;5511202-X;http://www.sueddeutsche.de;"Presse; Einzelne Branchen der Industrie und des Handwerks"
K2662;Südostschweiz-Buchverl.;Südostschweiz Buchverlag;Glarus;2005;2014;1064196985;http://www.suedostschweiz-buchverlag.ch;Buchwissenschaft, Buchhandel
K2663;Südverl.;Südverlag (Konstanz);Konstanz;1945;;5308792-6;http://www.suedverlag.de;Buchwissenschaft, Buchhandel
K2664;Südwest;;;;;;;
K2665;TAK - Tiroler Autorinnen und Autoren Kooperative;;;;;;;
K2666;TBT Verlag;TBT-Verlag;Sierksdorf;;;1065539304;;Buchwissenschaft, Buchhandel
K2667;TEXT/RAHMEN e.U.;;;;;;;
K2668;THK-Verlag UG;THK-Verlag;"Arnstadt; Ilmenau";2013;;1067145214;https://www.thk-verlag.de;Buchwissenschaft, Buchhandel
K2669;THW Österreich;;;;;;;
K2670;TRIGA - Der Verlag;TRIGA - Der Verlag Gerlinde Heß UG;Gelnhausen;XX.06.1995;;1065421362;http://www.triga-der-verlag.de;Buchwissenschaft, Buchhandel
K2671;TRUANT UG;;;;;;;
K2672;TVZ, Theologischer Verlag Zürich;Theologischer Verlag Zürich;Zürich;1970;;1047364441;http://www.tvz-verlag.ch;Buchwissenschaft, Buchhandel
K2673;TWENTYSIX;;;;;;;
K2674;TZ-Verl.;TZ - Verlag GmbH;;20.01.1976;;1064298729;;Buchwissenschaft, Buchhandel
K2675;Tagwerke Verlag;;;;;;;
K2676;Talawah Verlag;;;;;;;
K2677;Tappeiner;Tappeiner AG (Lana);"Lana; Bozen";;2014;2133535-7;;"Buchwissenschaft, Buchhandel; Einzelne Branchen der Industrie und des Handwerks"
K2678;Tauberverlag;;;;;;;
K2679;Tauriska;Tauriska - Verein zur Förderung Eigener Kultur- und Regionalentwicklung in der Region Nationalpark Hohe Tauern;Neukirchen am Großvenediger;1986;;2178246-5;https://www.tauriska.at;Buchwissenschaft, Buchhandel
K2680;Tausendschlau-Verl.;Tausendschlau Verlag;München;;;1064335950;http://www.tausendschlau.com;Buchwissenschaft, Buchhandel
K2681;TeGe-Verlag;;;;;;;
K2682;Teaterverl. Elgg;teaterverlag elgg;"Elgg; Belp";1900;2023;1064066356;;Buchwissenschaft, Buchhandel
K2683;Tectum-Verl.;Tectum Verlag;"Marburg; Baden-Baden";03.01.1992;;16099069-5;https://www.tectum-verlag.de/;"Einzelne Branchen der Industrie und des Handwerks; Buchwissenschaft, Buchhandel"
K2684;Tele Entertainment;Tele Entertainment UG;Tegernsee;;;1065568800;http://www.tele-entertainment.com;Buchwissenschaft, Buchhandel
K2685;Telegramme Verlag;Telegramme Verlag;Zürich;2019;;1221561235;https://www.neue-telegramme.ch/9796629/verlag;
K2686;Telescope-Verl.;;;;;;;
K2687;Telesma;;;;;;;
K2688;Tennemann;Tennemann Media GmbH;Schwerin;1999;;1065979673;https://www.tennemann.com;Buchwissenschaft, Buchhandel
K2689;Testudoverl.;Testudoverlag;;2009;;1064133088;http://www.testudoverlag.de;Buchwissenschaft, Buchhandel
K2690;Texianer Verlag;;;;;;;
K2691;Text-Atelier Leipzig;Text-Atelier Leipzig;Leipzig;25.07.2023;;1358005575;;
K2692;Text-Bild-Ton Verlag Heike Hagenmaier;;;;;;;
K2693;TextLustVerl.;TextLustVerlag;Ettlingen;28.06.2011;;1064332722;http://www.textlustverlag.de;Buchwissenschaft, Buchhandel
K2694;Textem Verlag;Textem Verlag;Hamburg;;;1065783957;http://www.textem.de;Buchwissenschaft, Buchhandel
K2695;Textgemeinschaft, Anthologie;;;;;;;
K2696;Textkontor;Textkontor Verlag;Leipzig;;;1065161859;http://www.textkontor-verlag.de;Buchwissenschaft, Buchhandel
K2697;Textmanufaktur;Textmanufaktur;Leipzig;;;1065030452;http://www.text-manufaktur.de;Buchwissenschaft, Buchhandel
K2698;Thami Verlag;Thami Verlag e.K.;Neustadt an der Orla;;;1065567243;http://www.verena-zeltner.de;Buchwissenschaft, Buchhandel
K2699;Thanatos Verlag;;;;;;;
K2700;The Dandy is Dead;;;;;;;
K2701;The Dreamcatcher;The Dreamcatcher;Bobingen;;;1064203868;;Buchwissenschaft, Buchhandel
K2702;Thekla Verlag GbR;Heike Hafferberth und Silke Wessner Thekla Verlag GbR;;;;106579035X;http://www.thekla-verlag.de;Buchwissenschaft, Buchhandel
K2703;Theodor Boder Verlag;Theodor Boder Verlag;;27.05.2005;;1065649991;http://www.boderverlag.ch;Buchwissenschaft, Buchhandel
K2704;Theologischer Verlag Zürich;Theologischer Verlag Zürich;Zürich;1970;;1047364441;http://www.tvz-verlag.ch;Buchwissenschaft, Buchhandel
K2705;Thesis-Verl.;Thesis Verlag (Schweiz);Zürich;1993;;1064128106;http://thesisverlag.ch/epages/168231.sf/de_CH/?ObjectPath=/Shops/168231/Categories/Ueber_uns;Buchwissenschaft, Buchhandel
K2706;Thiele & Schwarz;Druck- und Verlagshaus Thiele und Schwarz (Kassel);Kassel;;;2090922-6;;"Einzelne Branchen der Industrie und des Handwerks; Papierherstellung, Grafische Technik; Buchwissenschaft, Buchhandel"
K2707;Thielmann;Albrecht Thielmann (Firma);Dillenburg;;;1065794622;http://www.albrechtthielmann.de;Buchwissenschaft, Buchhandel
K2708;Thomas Mann-Gesellschaft Hamburg;Thomas Mann-Gesellschaft Hamburg;Hamburg;25.05.2016;;1295223686;https://www.thomasmann-hamburg.de;
K2709;Thomas Rüger Verlag;;;;;;;
K2710;Thomas-Morus-Bildungswerk;Thomas-Morus-Bildungswerk Schwerin;Schwerin;;;5261282-X;http://www.tmb-schwerin.de/;Buchwissenschaft, Buchhandel
K2711;Thon;;;;;;;
K2712;Thurm Verlag;P. Thurm Verlag;;;;1065167679;;Buchwissenschaft, Buchhandel
K2713;Thurneysser;Leonhard-Thurneysser-Verlag;Berlin;;;106492218X;http://www.thurneysser-verlag.de;Buchwissenschaft, Buchhandel
K2714;Tierbuchverlag Irene Hohe;;;;;;;
K2715;Till Schaap Edition;Till Schaap Edition;Bern;2013;;103568960X;;Buchwissenschaft, Buchhandel
K2716;TimpeTe-Verlag;TimpeTe-Verlag;Minden (Westf);;;1065645589;http://www.timpete.de;Buchwissenschaft, Buchhandel
K2717;Tirom-Verlag;;;;;;;
K2718;ToMa;;;;;;;
K2719;TonStrom-Verl.;Tonstrom Verlag;;;;106434481X;;Buchwissenschaft, Buchhandel
K2720;Tonn;Thomas Tonn (Firma);Aschaffenburg;;;1065227833;http://www.thomastonn.de;Buchwissenschaft, Buchhandel
K2721;Topalian & Milani Verlag;;;;;;;
K2722;Topp + Möller;Topp + Möller Druck und Verlag GmbH & Co. KG;Detmold;;;1065283369;http://www.topp-moeller.com;Buchwissenschaft, Buchhandel
K2723;Tordenfjord-Verl.;Tordenfjord Verlag;Bremervörde;;;1064290191;http://www.tordenfjord.de;Buchwissenschaft, Buchhandel
K2724;Torner;Torner Records;Hamburg;;;1065031327;;Buchwissenschaft, Buchhandel
K2725;Totechöpfli;;;;;;;
K2726;Trabanten Verlag;;;;;;;
K2727;Traumstunden-Verl.;Traumstunden Verlag;Essen;;;106585367X;http://www.traumstunden-verlag.de;Buchwissenschaft, Buchhandel
K2728;Traumwelt Verlag;Traumwelt Verlag;Frankfurt am Main;XX.01.2006;;1065228902;http://www.traumwelt-verlag.de;Buchwissenschaft, Buchhandel
K2729;Trauner;Rudolf-Trauner-Verlag;Linz;1946;;5509079-5;;Buchwissenschaft, Buchhandel
K2730;Trautmann;;;;;;;
K2731;Treffen Junger Autoren;Treffen Junger Autoren (Berlin);;1986;;4530003-3;;Literarisches Leben
K2732;Treibgut-Verl.;Treibgut Verlag;Berlin;01.05.2008;;1065533535;http://www.treibgut-verlag.de;Buchwissenschaft, Buchhandel
K2733;Treibhaus e.V.;Treibhaus e.V.;Döbeln;1997;;16102601-1;http://www.treibhaus-doebeln.de;
K2734;Trierer Autoren Treff, Trierer Autoren;Edition TAT;;;;1106141075;;
K2735;Trikont;Trikont Duisburg Verlag;Duisburg;;;1065434774;;Buchwissenschaft, Buchhandel
K2736;Trikont-Duisburg;Trikont Duisburg Verlag;Duisburg;;;1065434774;;Buchwissenschaft, Buchhandel
K2737;Trikont-Duisburg, Dialog-Edition;Trikont Duisburg Verlag;Duisburg;;;1065434774;;Buchwissenschaft, Buchhandel
K2738;Tropen;Klett-Cotta Verlag. Tropen-Verlag;"Berlin; Stuttgart";2007;;1065527934;https://www.klett-cotta.de/belletristik-und-sachbuch/tropen-verlag-c-10?seite=;Buchwissenschaft, Buchhandel
K2739;Trottoir Noir;;;;;;;
K2740;Trotz-Verl.;;;;;;;
K2741;Truso-Verl.;Truso - Vereinigung. Abt. Verlag;Münster (Westf);;;1068112859;;Buchwissenschaft, Buchhandel
K2742;Trägerverein Werkraum Abersee und Kulturhauptstadt 2024 Salzkammergut;;;;;;;
K2743;Trötsch Verlag GmbH & Co. KG;Trötsch Verlag;Gosen-Neu Zittau;;;1064202764;https://troetsch-verlag.de;Buchwissenschaft, Buchhandel
K2744;Turmschreiber-Verl.;Turmschreiber Verlag Ingwert Paulsen jr. e.K.;;;;1064127495;http://www.verlagsgruppe.de;Buchwissenschaft, Buchhandel
K2745;Turnshare;Turnshare Ltd. Publisher;London;;;1065526008;http://www.turnshare.com;Buchwissenschaft, Buchhandel
K2746;Turricula Verlag;;;;;;;
K2747;Twilight-Line Verlag;Twilight-Line Verlag;Wasungen;;;1066374511;http://www.twilightline.com/;
K2748;Two Books;two BOOKS;Hamburg;;;1065502370;;Buchwissenschaft, Buchhandel
K2749;Typo.M;;;;;;;
K2750;Typostudio Schumacher-Gebler;Schumacher-Gebler;München;1961;;1037145771;;
K2751;Tyrolia-Verlag;Verlagsanstalt Tyrolia;"Brixen; Innsbruck";"1907; 1945";1938;19433-5;https://www.tyroliaverlag.at/home;"Einzelne Branchen der Industrie und des Handwerks; Buchwissenschaft, Buchhandel"
K2752;TösterKultur e.V.;TösterKultur e. V.;Tostedt;20.03.2020;;1381411029;https://toesterkultur.de/der-verein/;
K2753;Tübinger Buchhandlung Wekenmann unter der Schirmherrschaft von Dr. Daniela Hüttig, Erste Landesbeamtin, und in Kooperation mit der Tübinger Museumsgesellschaft;;;;;;;
K2754;U-Line-Verl.;U-Line UG;;;;1064739342;http://www.facebook.com/UlineVerlag;Buchwissenschaft, Buchhandel
K2755;UBV;Unternehmen.Bilden.Vielfalt (UBV) e.V.;Dortmund;;;1223633519;https://ubvdortmund.de/;
K2756;UND-Verlag;UND-Verlag;Stadtroda;;;7713410-2;http://www.und-verlag.de;Buchwissenschaft, Buchhandel
K2757;Ubooks-Verl.;Ubooks Verlag;;01.08.2000;;1066128154;;Buchwissenschaft, Buchhandel
K2758;Ulenspiegel-Verl.;Ulenspiegel-Verlag;Erfurt;;;1065226160;;Buchwissenschaft, Buchhandel
K2759;Ulisses Spiele;;;;;;;
K2760;Ulli Verlag;Christoph Schubert & Ulli Verlag PE.CH;;;;1064052541;;Buchwissenschaft, Buchhandel
K2761;Ullstein Verlag;Verlag Ullstein;Berlin;1877;1921;123472-9;;Buchwissenschaft, Buchhandel
K2762;Ulrich Diehl Verlag;Ulrich Diehl Verlag und Medienservice GmbH;Darmstadt;;;1065365225;http://www.udvm.de;Buchwissenschaft, Buchhandel
K2763;Ulrike Helmer Verlag;Ulrike Helmer Verlag;"Sulzbach (Taunus); Königstein im Taunus; Frankfurt am Main";13.11.1987;;106535701X;http://www.ulrike-helmer-verlag.de;"Buchwissenschaft, Buchhandel; Handel einzelner Branchen, Dienstleistung einzelner Branchen"
K2764;Ultimomondo;Ultimomondo;Sandweiler;;;7755821-2;;Buchwissenschaft, Buchhandel
K2765;Ultraviolett Verlag;;;;;;;
K2766;Umbrella - Fachverl. für Wiss. und Technik;;;;;;;
K2769;UniScripta-Verl.;UniScripta Verlag;;;;1064790887;http://wz60hs41r.homepage.t-online.de;Buchwissenschaft, Buchhandel
K2770;Unionsverlag;Unionsverlag;Zürich;1975;;409423-2;http://www.unionsverlag.com;Buchwissenschaft, Buchhandel
K2771;Unipress Verlag;UNIPRESS Verlag;Salzburg;1964;;1065532342;;Buchwissenschaft, Buchhandel
K2772;United p.c.;united p.c.;;;;1065023510;http://www.united-pc.eu;Buchwissenschaft, Buchhandel
K2773;Univ. Palackého;Univerzita Palackého v Olomouci;Olomouc;1946;;1029776-5;http://www.upol.cz;Hochschule
K2774;Univ.-Verl. Halle-Wittenberg;Universitätsverlag Halle-Wittenberg;Halle (Saale);2009;;1029844305;http://www.uvhw.de;Buchwissenschaft, Buchhandel
K2775;Universaar;Universität des Saarlandes. universaar - Universitätsverlag des Saarlandes;Saarbrücken;;;1068101644;;Buchwissenschaft, Buchhandel
K2776;Universal Frame;Universal Frame GmbH, Verlag;;1997;;1065792913;http://www.universal-frame.com;Buchwissenschaft, Buchhandel
K2777;Universitätsverlag;;;;;;;
K2778;Universitätsverlag Chemnitz;Universitätsverlag Chemnitz;Chemnitz;2009;;1124802134;https://www.tu-chemnitz.de/ub/univerlag;Buchwissenschaft, Buchhandel
K2779;Universitätsverlag Potsdam;Universitätsverlag Potsdam;Potsdam;01.05.1998;;1068096934;https://publishup.uni-potsdam.de/home/index/help/content/press_start;Buchwissenschaft, Buchhandel
K2780;Universo;Grupo Universo;;;;16158166-3;;
K2781;Unsichtbar Verlag;Unsichtbar-Verlag;;;;1065362021;http://www.unsichtbar-verlag.de;Buchwissenschaft, Buchhandel
K2782;Unterdruck Verlag;;;;;;;
K2783;Urachhaus;Verlag Urachhaus;Stuttgart;23.01.1925;15.07.1996;4566625-8;https://www.urachhaus.de/;"Einzelne Branchen der Industrie und des Handwerks; Buchwissenschaft, Buchhandel"
K2784;Ursus-Verl.;Ursus Verlag;Bad Hindelang;2003;;1065095597;http://www.ursusverlag.de;Buchwissenschaft, Buchhandel
K2785;Utrata Fachbuchverlag;Utrata Fachbuchverlag;Gelsenkirchen;;;1065036310;http://www.utrata-fachbuchverlag.de;Buchwissenschaft, Buchhandel
K2786;V. F. Sammler;;;;;;;
K2787;VAS - Verlag für Akademische Schriften;VAS-Verlag für Akademische Schriften Karl-Heinz Balon;;1982;;1065789408;http://www.vas-verlag.de;Buchwissenschaft, Buchhandel
K2788;VAT Verlag;VAT Verlag;Mainz;;;1065436920;http://www.vat-mainz.de;Buchwissenschaft, Buchhandel
K2789;VDG;VDG-Verlag;Meerbusch;;;1065706618;;Buchwissenschaft, Buchhandel
K2790;VEG;;;;;;;
K2791;VERARA-Verl. an der Rabnitz;;;;;;;
K2792;VERLAG PH. C.W. SCHMIDT;Verlagsdruckerei Ph. C. W. Schmidt (Neustadt a. d. Aisch);Neustadt a. d. Aisch;1828;;2048949-3;https://www.verlagsdruckerei-schmidt.de/;Buchwissenschaft, Buchhandel
K2793;VEVAIS EDITION's;;;;;;;
K2794;VF Die Fontäne;;;;;;;
K2795;VGS Verlagsgenossenschaft St. Gallen;VGS Verlagsgenossenschaft St. Gallen;Sankt Gallen;2010;;1161562796;http://www.vgs-sg.ch;Buchwissenschaft, Buchhandel
K2796;VHV, Literatur & Kultur Verlag;;;;;;;
K2797;VNA;VNA;;;;16175621-9;http://www.vnamusic.com;Musik (Allgemeines), Musikgeschichte
K2798;VNL, Verl. Neue Literatur;Verlag Neue Literatur;Jena;30.07.1998;;1064209076;http://www.verlag-neue-literatur.com;Buchwissenschaft, Buchhandel
K2799;VOLLTEXT – Zeitschrift für Literatur;Volltext - Zeitung für Literatur;Wien;;;1064285643;;Buchwissenschaft, Buchhandel
K2800;VS;;;;;;;
K2801;VSA-Verl.;VSA-Verlag;"Hamburg; Berlin";1971;;1054568545;http://www.vsa-verlag.de/;Buchwissenschaft, Buchhandel
K2802;VSH Verlag Schönrock & Heikamp;;;;;;;
K2803;VTA;;;;;;;
K2804;VV, Veltener Verl.-Ges.;VV Veltener Verlagsgesellschaft mbH;Velten;;;1065105134;;Buchwissenschaft, Buchhandel
K2805;Valentin;Peter Valentin Verlag;Ludwigsburg;;;1065139098;http://www.valentino-verlag.de;Buchwissenschaft, Buchhandel
K2806;Vallentin;;;;;;;
K2807;Van Helmont, Verlag  für verborgene Talente;;;;;;;
K2808;Vantage-Point-World-Verl.;Vantage Point World Verlag;;;;1064063608;;Buchwissenschaft, Buchhandel
K2809;Vehling Verlag;Vehling Verlag e.K.;Werl;;;1064735320;http://www.vehlingbuch.de;Buchwissenschaft, Buchhandel
K2810;VentVerl.;VentVerlag;Leipzig;;;1065869401;http://www.ventverlag.de;Buchwissenschaft, Buchhandel
K2811;Ventil-Verl.;Ventil Verlag;Mainz;;;106473166X;"http://www.testcard.de; https://www.ventil-verlag.de/";Buchwissenschaft, Buchhandel
K2812;Ventura-Verl.;Ventura Verlag;Werne;XX.11.2007;;1065782950;http://www.venturaverlag.de;Buchwissenschaft, Buchhandel
K2813;Verband deutscher Schriftstellerinnen und Schriftsteller in ver.di – Landesverband Bayern, Verband deutscher Schriftstellerinnen und Schriftsteller in ver.di –. Landesverband;;;;;;;
K2814;Verbrecher-Verl.;Verbrecher Verlag;Berlin;1995;;1045510432;https://www.verbrecherverlag.de/;Buchwissenschaft, Buchhandel
K2815;Verein ALSO (Anno Literatur Sonntag);Verein ALSO - Anno Literatur SOnntag;Wien;;;1041568517;http://annoliteratursonntag.wordpress.com/;
K2816;Verein Alltag-Verl.;Verein Alltag-Verlag (Wiener Neustadt);Wiener Neustadt;2001;;10127249-2;http://www.vereinalltagverlag.at;"Einzelne Branchen der Industrie und des Handwerks; Buchwissenschaft, Buchhandel"
K2817;Verein Frauenhäuser Steiermark, Verein Frauenhäuser;Frauenhäuser Steiermark - Verein zur Soforthilfe für Bedrohte und Misshandelte Frauen und Deren Kinder;Graz;XX.12.2002;;10055279-1;http://www.frauenhaeuser.at/;
K2818;Verein Glitter;Verein Glitter;Schaffhausen;;;1300130148;https://glitter-online.org/Info;
K2819;Verein Gruppe Wespennest;Verein Gruppe Wespennest;Wien;;;10089992-4;http://www.wespennest.at;
K2820;Verein Literaturgruppe Perspektive;Literaturgruppe Perspektive;;;;2088822-3;;
K2821;Verein Salzburger Literaturforum Leselampe;;;;;;;
K2822;Verein Zeitschrift delirium;Verein Delirium;Zürich;;;1117740358;;
K2823;Verein zur Förderung der Raumfahrt e.V.;Verein zur Förderung der Raumfahrt;München;1998;;10174883-8;https://vfr.de;
K2824;Verein zur Förderung des Literaturschaffens zwischen Deutschen und Polen;Verein zur Förderung des Literaturschaffens und des Kulturellen Austauschs zwischen Deutschen und Polen;Berlin;;;10195148-6;http://www.literaturdepot.eu/home.php?seite=1;
K2826;Verl. 28 Eichen;Verlag 28 Eichen;Barnstorf;;;1026193567;"http://www.verlag28eichen.de/; http://www.spittel.de/verlag28eichen/";Buchwissenschaft, Buchhandel
K2827;Verl. 3.0;Verlag 3.0 Zsolt Majsai;Bedburg;;;1065797702;http://buch-ist-mehr.de;Buchwissenschaft, Buchhandel
K2828;Verl. APE-Ed.;;;;;;;
K2829;Verl. Alta Silva;Verlag ALTA SILVA;Kell am See;;;1065709420;http://www.dittmar-lauer.de;Buchwissenschaft, Buchhandel
K2830;Verl. Antilope;Verlag Antilope;Meiningen;;;1064784941;http://www.antilope-verlag.de;Buchwissenschaft, Buchhandel
K2831;Verl. Art of Arts;Verlag Art of Arts;Marktleuthen;18.04.2006;;1065713770;http://www.artofarts.de;Buchwissenschaft, Buchhandel
K2832;Verl. BBB;Verlag BBB;Horgen;;;1065098650;;Buchwissenschaft, Buchhandel
K2833;Verl. Buch + Bild;Verlag Buch + Bild;Oberursel (Taunus);08.01.1996;;1065652224;;Buchwissenschaft, Buchhandel
K2834;Verl. BuchJuwel;Verlag Buch-Juwel;Siegen;2002;;1064202985;http://www.buch-juwel.de;Buchwissenschaft, Buchhandel
K2835;Verl. Bücherwurm;Verlag Bücherwurm e.K.;Bad Reichenhall;;;1065228821;;Buchwissenschaft, Buchhandel
K2836;Verl. Casa;CASA Verlag Hamburg;Hamburg;;;1064132332;http://www.casa-verlag.de;Buchwissenschaft, Buchhandel
K2837;Verl. Das Arsenal;Das Arsenal Verlag für Kultur und Politik GmbH;Berlin;1977;;1067148094;https://arsenalverlag.com/;Buchwissenschaft, Buchhandel
K2838;Verl. Das Fünfte Tier;Verlag Das Fünfte Tier;Stans (Nidwalden);2004;;1064916864;http://www.dasfuenftetier.ch;Buchwissenschaft, Buchhandel
K2839;Verl. Das Netz;Verlag das Netz;Berlin;;;1067145311;;Buchwissenschaft, Buchhandel
K2840;Verl. Desertina;Desertina Verlag;Chur;1952;;1064334571;;Buchwissenschaft, Buchhandel
K2841;Verl. Die Furt;Verlag Die Furt;;01.02.1997;;1064208983;http://www.furt-verlag.de;Buchwissenschaft, Buchhandel
K2842;Verl. Drei Wege;Verlag Drei Wege;;;;1065112300;http://www.verlagdreiwege.de;Buchwissenschaft, Buchhandel
K2843;Verl. Ed. AV;Verlag Edition AV;;1988;;1065028393;http://www.edition-av.de;Buchwissenschaft, Buchhandel
K2844;Verl. Einundsiebzig;;;;;;;
K2845;Verl. Federfrei;Verlag Federfrei;Marchtrenk;2007;;1065163061;http://www.federfrei.at;Buchwissenschaft, Buchhandel
K2846;Verl. Fun Toy;;;;;;;
K2847;Verl. Gbp Productions;gbp Productions;;;;1065286910;http://www.gbp.ch;Buchwissenschaft, Buchhandel
K2848;Verl. Harlekination;Verlag Harlekination;Zürich;;;1064795420;http://harlekination.com;Buchwissenschaft, Buchhandel
K2849;Verl. Hephaistos;Verlag HEPHAISTOS e.K.;;;;1065364180;http://www.metall-aktiv.de;Buchwissenschaft, Buchhandel
K2850;Verl. Junger Autoren;Verlag Junger Autoren;;;;1066129134;http://www.v-ja.de;Buchwissenschaft, Buchhandel
K2851;Verl. Künstlernische;Verlag künstlernische;München;12.07.2006;;1064196047;http://www.kuenstlernische.de;Buchwissenschaft, Buchhandel
K2852;Verl. Make a Book;Make a book;;01.12.2005;;1064930271;;Buchwissenschaft, Buchhandel
K2853;Verl. Maria zur Ehre;Verlag MARIA zur Ehre;Mönchengladbach;1988;;1065112025;http://www.verlagmariazurehre.de;Buchwissenschaft, Buchhandel
K2854;Verl. Mitternachtsblume;;;;;;;
K2855;Verl. Neue Literatur;Verlag Neue Literatur;Jena;30.07.1998;;1064209076;http://www.verlag-neue-literatur.com;Buchwissenschaft, Buchhandel
K2856;Verl. P & B, Bächtold;;;;;;;
K2857;Verl. Pi;Verlag Pi;Mürlenbach-Weißenseifen;;;1064791832;;Buchwissenschaft, Buchhandel
K2858;Verl. Pro Business;Pro Business Digital Printing & Copyservice GmbH (Berlin);Berlin;1980;;10135813-1;http://www.pro-business.com;"Buchwissenschaft, Buchhandel; Einzelne Branchen der Industrie und des Handwerks"
K2859;Verl. Razamba;Verlag Razamba;;;;1065137680;http://www.razamba.de;Buchwissenschaft, Buchhandel
K2860;Verl. RegioKom;Verlag RegioKom GbR;;01.01.2006;;1064924891;http://www.verlagregiokom.de;Buchwissenschaft, Buchhandel
K2861;Verl. Regionalkultur;verlag regionalkultur;Ubstadt-Weiher;1990;;1064796265;https://www.verlag-regionalkultur.de/;Buchwissenschaft, Buchhandel
K2862;Verl. Rotabene-Medienhaus;Rotabene Data Service GmbH & Co. KG;Rothenburg ob der Tauber;;;1065561423;http://www.rotabene.de;Buchwissenschaft, Buchhandel
K2863;Verl. Ruppiner Lesezeichen;Verlag Ruppiner Lesezeichen;Neuruppin;;;1065869487;;Buchwissenschaft, Buchhandel
K2864;Verl. S.MO;Verlag S.MO;;;;106428941X;;Buchwissenschaft, Buchhandel
K2865;Verl. SCW Auer-Sällef;SCW Auer-Sällef;Saarbrücken;;;1065652348;;Buchwissenschaft, Buchhandel
K2866;Verl. Sankt Michaelsbund;Sankt Michaelsbund. Diözesanverband München und Freising. Abteilung Verlag;München;21.03.1910;;1068103876;http://www.st-michaelsbund.de;Buchwissenschaft, Buchhandel
K2867;Verl. Schatzsucher;;;;;;;
K2868;Verl. St. Michaelsbund;Sankt Michaelsbund. Diözesanverband München und Freising. Abteilung Verlag;München;21.03.1910;;1068103876;http://www.st-michaelsbund.de;Buchwissenschaft, Buchhandel
K2869;Verl. Thusnelda-Kühl-Ges.;;;;;;;
K2870;Verl. Unibuch;;;;;;;
K2871;Verl. Vokal;Vokal Verlag;Leipzig;;;1064194990;http://www.vokal-verlag.de;Buchwissenschaft, Buchhandel
K2872;Verl. Vorwerk 8;Verlag Vorwerk 8;Berlin;"01.09.1995; 1995; 1994";;1065135297;http://www.vorwerk8.de;Buchwissenschaft, Buchhandel
K2873;Verl. Waldkirch;Waldkirch KG Verlag-Druck-Agentur;Mannheim;31.01.1973;;1065717709;http://www.verlag-waldkirch.de;Buchwissenschaft, Buchhandel
K2874;Verl. Wort im Bild;Wort im Bild Verlags- und Vertriebsgesellschaft mbH;;20.08.1975;;1064326560;http://www.wortimbild.de;Buchwissenschaft, Buchhandel
K2875;Verl. Wortspiel Literatur;Verlag Wortspiel Literatur (Menden (Sauerland));Menden (Sauerland);;;10101745-5;;
K2876;Verl. ZPV;;;;;;;
K2877;Verl. am Birkenhain;;;;;;;
K2878;Verl. am Ufer der Schlei;Verlag am Ufer der Schlei;Arnis;;;1065357702;http://www.vauds.de;Buchwissenschaft, Buchhandel
K2879;Verl. auf der Warft;;;;;;;
K2880;Verl. der Ideen;Verlag der Ideen;Volkach;10.09.2009;;1064130011;http://www.verlag-der-ideen.de;Buchwissenschaft, Buchhandel
K2881;Verl. der Luth. Buchh. Harms;Verlag der Lutherischen Buchhandlung;Groß Oesingen;;;1065967977;;Buchwissenschaft, Buchhandel
K2882;Verl. der Rheinhessischen Druckwerkstätte;;;;;;;
K2883;Verl. des Arbeitskreises Regionalgeschichte;;;;;;;
K2884;Verl. für Ethnologie;;;;;;;
K2885;Verl. für Innovation;Verlag für Innovation;Konstanz;;;1064782736;;Buchwissenschaft, Buchhandel
K2886;Verl. für Kultur und Wiss.;;;;;;;
K2887;Verl. für Kurzes;Verlag für Kurzes;Potsdam;;;1064739245;;Buchwissenschaft, Buchhandel
K2888;Verl. für Ostfriesland, Soltau-Kurier;;;;;;;
K2889;Verl. im Proberaum 3;Verlag im Proberaum 3;;;;1065372213;;Buchwissenschaft, Buchhandel
K2890;Verl. im Spitzdach;Peter Knümann Verlag im Spitzdach;;01.01.2007;;1065098243;;Buchwissenschaft, Buchhandel
K2891;Verl. infra-text;;;;;;;
K2892;Verl. und Ed. DaDa-Research-Center;edition dada research center;;;;1065367015;;Buchwissenschaft, Buchhandel
K2893;Verl.-Buchh. Ehm Welk;Verlagsbuchhandlung Ehm Welk;"Angermünde; Schwedt/Oder";1949;;1065134460;https://buchschmook.buchhandlung.de/shop/;Buchwissenschaft, Buchhandel
K2894;Verl.-Gemeinschaft Topos Plus;TOPOS PLUS;;;;1064127436;;Buchwissenschaft, Buchhandel
K2895;Verl.-Haus El Gato;;;;;;;
K2896;Verl.-Haus Hernals;Verlagshaus Hernals;Wien;;;1066120420;http://www.verlagshaus-hernals.at;Buchwissenschaft, Buchhandel
K2897;Verl.-Haus Monsenstein und Vannerdat;Verlagshaus Monsenstein & Vannerdat OHG;Münster (Westf);17.02.1999;XX.XX.2016;1066130779;http://www.mv-verlag.de;Buchwissenschaft, Buchhandel
K2898;Verl.-Haus Speyer;Verlagshaus Speyer;Speyer;2010;;1064331483;http://www.verlagshaus-speyer.de;Buchwissenschaft, Buchhandel
K2899;Verlach;Semmel Verlach Winfried Bartnick;Kiel;15.03.1981;;1065361335;;Buchwissenschaft, Buchhandel
K2900;Verlag 28 Eichen;Verlag 28 Eichen;Barnstorf;;;1026193567;"http://www.verlag28eichen.de/; http://www.spittel.de/verlag28eichen/";Buchwissenschaft, Buchhandel
K2901;Verlag A. Weger;;;;;;;
K2902;Verlag Agentur Altepost 2015;;;;;;;
K2903;Verlag Aichmayr;;;;;;;
K2904;Verlag Akademie-der-Abenteuer;Verlag Akademie der Abenteuer;Berlin;;;1231089369;;
K2905;Verlag Alte Schule Dr. Bechberger;;;;;;;
K2906;Verlag Andrea Schröder;Verlag Andrea Schröder;Bernau bei Berlin;2013;;1064300529;http://www.verlag-andreaschroeder.de;Buchwissenschaft, Buchhandel
K2907;Verlag Antje Kunstmann;Verlag Antje Kunstmann;München;1990;;1024481190;http://www.kunstmann.de/;Buchwissenschaft, Buchhandel
K2908;Verlag Atelier im Bauernhaus;Verlag Atelier im Bauernhaus (Fischerhude);Fischerhude;1976;;390060-5;;Einzelne Branchen der Industrie und des Handwerks
K2909;Verlag Attenkofer;;;;;;;
K2910;Verlag Auf dem Ruffel;Verlag Auf dem Ruffel;;;;1064348149;http://www.ruffel.de;Buchwissenschaft, Buchhandel
K2911;Verlag BKWiesli;;;;;;;
K2912;Verlag BS;BS-Verlag;München;;;1064060501;http://www.bsprehl.de;Buchwissenschaft, Buchhandel
K2913;Verlag Barbara Budrich;Verlag Barbara Budrich;"Leverkusen-Opladen; Leverkusen";03.05.2004;;1064127169;https://budrich.de/;Buchwissenschaft, Buchhandel
K2914;Verlag Begegnungen;Hörende Begegnungen Verlag;;;;1064289452;;Buchwissenschaft, Buchhandel
K2915;Verlag Berger;Berger Verlag;;;;1064924115;;Buchwissenschaft, Buchhandel
K2916;Verlag Bernhard Bayer;Bayer Verlag;;;;1065025726;http://www.bayerverlag.at;Buchwissenschaft, Buchhandel
K2917;Verlag Bild, Text & Mehr;;;;;;;
K2918;Verlag Blaues Schloss;Verlag Blaues Schloss Marburg;Marburg;;;1065173679;;Buchwissenschaft, Buchhandel
K2919;Verlag Buchschmiede von Dataform Media GmbH;;;;;;;
K2920;Verlag CCU;;;;;;;
K2921;Verlag Ch. Möllmann;;;;;;;
K2922;Verlag Co-Buch;Thuhoff Buch Verlag GmbH & Co. KG;Goslar;;;1065499299;;Buchwissenschaft, Buchhandel
K2923;Verlag Delp GmbH & Co. KG;;;;;;;
K2924;Verlag Der Apfel;Verlag Der Apfel;Wien;;;1065527802;http://www.verlagderapfel.at;Buchwissenschaft, Buchhandel
K2925;Verlag Der Raum;;;;;;;
K2926;Verlag Dialog-Edition;Verlag Dialog-Edition;Duisburg;;;1065971311;;Buchwissenschaft, Buchhandel
K2927;Verlag Die Auslese;;;;;;;
K2928;Verlag Die Blaue Eule;Verlag Die Blaue Eule;Essen;02.11.1983;;669843-8;http://www.die-blaue-eule.de;"Einzelne Branchen der Industrie und des Handwerks; Buchwissenschaft, Buchhandel"
K2929;Verlag Die Blindschleiche;;;;;;;
K2930;Verlag Die Büchse;;;;;;;
K2931;Verlag Die Werkstatt;Verlag Die Werkstatt GmbH;Göttingen;14.12.1981;;1064293522;http://www.werkstatt-verlag.de;Buchwissenschaft, Buchhandel
K2932;Verlag Donata Kinzelbach;Verlag Donata Kinzelbach;Mainz;1987;;1065227043;http://www.kinzelbach-verlag.de;Buchwissenschaft, Buchhandel
K2933;Verlag Dortmunder Buch;Dortmunder Buch Verlag;Dortmund;;;106556323X;;Buchwissenschaft, Buchhandel
K2934;Verlag Dr. Frank GmbH;Verlag Dr. Frank GmbH;Gera;1992;;1065867360;http://www.verlag-frank.de;Buchwissenschaft, Buchhandel
K2935;Verlag Dr. Kovač;Verlag Dr. Kovač;Hamburg;1982;;16100321-7;http://www.verlagdrkovac.de;Einzelne Branchen der Industrie und des Handwerks
K2936;Verlag Dr. Thomas Balistier;;;;;;;
K2937;Verlag Eckhard Bodner;Bodner Buchhandlung und Vlg.;Pressath;01.01.1988;;106521197X;https://www.bodner.ebuch.de/;Buchwissenschaft, Buchhandel
K2938;Verlag Edition Bad Wimpfen;;;;;;;
K2939;Verlag Edition Thaleia;Nilschwein Verlag;Dahlem (Kreis Euskirchen);;;1391815289;;
K2940;Verlag Einfach Lesen;Verlag Einfach Lesen;Bern;2002;;1064882064;http://www.einfachlesen.ch/;Buchwissenschaft, Buchhandel
K2943;Verlag Expeditionen;LIT Verlag Expeditionen GmbH;Hamburg;;;1066128286;http://www.verlag.expeditionen.com;Buchwissenschaft, Buchhandel
K2944;Verlag FELIX AG;Verlag FELIX AG;;XX.10.2006;;1064138446;http://www.felix-ag.de;Buchwissenschaft, Buchhandel
K2945;Verlag Frauenmuseum;;;;;;;
K2946;Verlag Freies Geistesleben;Verlag Freies Geistesleben;Stuttgart;30.07.1947;15.07.1996;4137853-2;http://www.geistesleben.com;"Buchwissenschaft, Buchhandel; Einzelne Branchen der Industrie und des Handwerks"
K2947;Verlag Georg D.W. Callwey GmbH & Co. KG;Georg D. W. Callwey Verlag. Redaktion Restauro;München;;;1086269217;;
K2948;Verlag Gueran;;;;;;;
K2949;Verlag Hannes Hofinger;;;;;;;
K2950;Verlag Hans Reiter;;;;;;;
K2951;Verlag Hans Schiler;Verlag Hans Schiler;Berlin;2002;;1065490283;;Buchwissenschaft, Buchhandel
K2952;Verlag Ingo Munz;;;;;;;
K2953;Verlag Iris Förster;;;;;;;
K2954;Verlag Janos Stekovics;Verlag Janos Stekovics;"Halle (Saale); Wettin-Löbejün";21.01.1992;;1064053548;http://www.steko.net/;Buchwissenschaft, Buchhandel
K2955;Verlag Joachim Pohlmann;;;;;;;
K2956;Verlag Johannes Heyn;Verlag Johannes Heyn;Klagenfurt am Wörthersee;1868;;1065536151;http://www.verlagheyn.at;Buchwissenschaft, Buchhandel
K2957;Verlag Jörg Mitzkat;Verlag Jörg Mitzkat;Holzminden;1994;;1255146990;https://www.mitzkat.de/;
K2958;Verlag Jürgen Rietschel;;;;;;;
K2959;Verlag Kadera;Kadera-Verlag;Norderstedt;08.06.2010;;1065865228;http://kadera-verlag.de;Buchwissenschaft, Buchhandel
K2960;Verlag Karim Pieritz;;;;;;;
K2961;Verlag Karl Maria Laufen;;;;;;;
K2962;Verlag Kern;Kern Verlag;Ilmenau;2015;;1376771829;https://verlag-kern.de/ueber-uns/;
K2963;Verlag Klaus Wagenbach;Verlag Klaus Wagenbach;"Berlin (West); Berlin";01.09.1964;;2025683-8;http://www.wagenbach.de/;"Einzelne Branchen der Industrie und des Handwerks; Buchwissenschaft, Buchhandel"
K2964;Verlag Kleine Schritte;Verlag Kleine Schritte Ursula Dahm & Co.;Trier;XX.05.1980;;1065971117;http://www.kleine-schritte.de;Buchwissenschaft, Buchhandel
K2965;Verlag Kremayr & Scheriau;Verlag Kremayr & Scheriau;Wien;1951;;1065538138;https://www.kremayr-scheriau.at;Buchwissenschaft, Buchhandel
K2966;Verlag Kurt Roessler;;;;;;;
K2967;Verlag Külzer-Schröder;;;;;;;
K2968;Verlag La Quercia;La QUERCIA Verlag;Nürnberg;1996;;1065037589;http://www.la-quercia.de;Buchwissenschaft, Buchhandel
K2969;Verlag Lassleben;Verlag Michael Laßleben;Kallmünz;01.01.1907;;7561029-2;https://www.oberpfalzverlag-lassleben.de/;Buchwissenschaft, Buchhandel
K2970;Verlag Leben in der Sprache;Verlag Leben in der Sprache;Presseck;;;1065966679;http://www.lebenindersprache.com/;Buchwissenschaft, Buchhandel
K2971;Verlag M. Boerner;;;;;;;
K2972;Verlag Mainz;Verlag Mainz;Aachen;02.01.1981;;1065499698;http://www.verlag-mainz.de;Buchwissenschaft, Buchhandel
K2973;Verlag Martina Nell;;;;;;;
K2974;Verlag Menne & Töchter;;;;;;;
K2975;Verlag Merzinger-Pleban;Verlag Merzinger-Pleban;;1999;;1065659393;;Buchwissenschaft, Buchhandel
K2976;Verlag Michaela Naumann;;;;;;;
K2977;Verlag Mis Buech, Schaub Medien AG;Verlag Mis Buech Schaub Medien AG;Sissach;;;1067151303;https://www.schaubmedien.ch/Der-Verlag;Buchwissenschaft, Buchhandel
K2978;Verlag Momentaufnahme;ID-Verlag-Momentaufnahme;"Wilhelmshaven; Hannover";;;1064348599;;Buchwissenschaft, Buchhandel
K2979;Verlag Mondwolf;Verlag Mondwolf;Wien;01.04.2010;;1064733549;http://www.mondwolf.at;Buchwissenschaft, Buchhandel
K2980;Verlag Märchenhaft leben;;;;;;;
K2981;Verlag Nadine Baumann;;;;;;;
K2982;Verlag Nina Roiter;;;;;;;
K2983;Verlag Nina Roiter, der oberösterreichische Verlag;;;;;;;
K2984;Verlag Peter Grohmann Nachfolger;;;;;;;
K2985;Verlag Peter Hopf;Verlag Peter Hopf;"Minden (Westf); Petershagen (Kreis Minden-Lübbecke)";1994;;1064740898;http://www.verlag-peter-hopf.com;Buchwissenschaft, Buchhandel
K2986;Verlag Plaggenhauer;PLAGGENHAUER Verlag e.K.;Buxtehude;;;1065498772;http://www.plaggenhauer.de;Buchwissenschaft, Buchhandel
K2987;Verlag Ploder;Bona Editio Verlag Thomas Ploder;Stams;;;1065097581;;Buchwissenschaft, Buchhandel
K2988;Verlag Ralf Ave;;;;;;;
K2989;Verlag Ralf Liebe;Verlag Ralf Liebe;Weilerswist;2006;;1123673632;http://www.verlag-ralf-liebe.de/;Einzelne Branchen der Industrie und des Handwerks
K2990;Verlag Raven;Raven Winter Verlag;Immenhausen;;;1064914756;;Buchwissenschaft, Buchhandel
K2991;Verlag Redieck & Schade;Verlag Redieck & Schade GmbH;Rostock;;;1065177208;;Buchwissenschaft, Buchhandel
K2992;Verlag Reinhard Marheinecke;;;;;;;
K2993;Verlag Renate Brandes;Verlag Renate Brandes;Altenriet;;;1064743412;"https://www.brandes-verlag.de/; http://www.vms-brandes.de";Buchwissenschaft, Buchhandel
K2994;Verlag Rockstuhl;Verlag Rockstuhl;Bad Langensalza;01.04.1990;;1064213219;http://www.verlag-rockstuhl.de;Buchwissenschaft, Buchhandel
K2995;Verlag Roloff;;;;;;;
K2996;Verlag Roswitha Neumann;;;;;;;
K2997;Verlag Rote Zahlen;Verlag Rote Zahlen;Buxtehude;;;1065975716;http://www.verlag-rote-zahlen.de;Buchwissenschaft, Buchhandel
K2998;Verlag SE Stengel;;;;;;;
K2999;Verlag SPIEL;Verlag SPIEL;Hannover;;;1065297556;http://www.verlag-spiel.de;Buchwissenschaft, Buchhandel
K3000;Verlag Sami;Verlag SAMI;Wien;;;1065223935;;Buchwissenschaft, Buchhandel
K3001;Verlag Schnell;Verlag Schnell Peter Salmann;Warendorf;1834;;105804298X;http://www.verlag-schnell.de/;Buchwissenschaft, Buchhandel
K3002;Verlag SchriftStella;;;;;;;
K3003;Verlag Schönrock & Heikamp;;;;;;;
K3004;Verlag Seelenberührungen Eva-Maria Klöhr;;;;;;;
K3005;Verlag Tasten & Typen;;;;;;;
K3006;Verlag Thomas Tonn;;;;;;;
K3007;Verlag Tobias Dannheimer;Verlag Tobias Dannheimer;Kempten (Allgäu);1783;;16045875-4;;Buchwissenschaft, Buchhandel
K3008;Verlag Torsten Low;;;;;;;
K3009;Verlag Traugott Bautz GmbH;Verlag Traugott Bautz GmbH;Nordhausen;XX.09.2001;;1065717679;http://www.bautz.de;Buchwissenschaft, Buchhandel
K3011;Verlag Uwe Krebs;Verlag Uwe Krebs;Wendeburg;1990;;1065111851;http://www.verlag-uwe-krebs.de;Buchwissenschaft, Buchhandel
K3012;Verlag Waldkirch;Waldkirch KG Verlag-Druck-Agentur;Mannheim;31.01.1973;;1065717709;http://www.verlag-waldkirch.de;Buchwissenschaft, Buchhandel
K3013;Verlag Walter Leimeier;;;;;;;
K3014;Verlag Weisse Drei;Verlag Weisse Drei;;;;1064728855;;Buchwissenschaft, Buchhandel
K3015;Verlag Wolfau-Druck AG;Wolfau-Druck AG;Weinfelden;;;1065216270;;Buchwissenschaft, Buchhandel
K3016;Verlag Xvarnah;Verlag Xvarnah;Graz;;;1211652823;;
K3017;Verlag am Dom;Seitz - Bücher am Dom GmbH. Abt. Verlag;Augsburg;15.09.1946;;1068092742;;Buchwissenschaft, Buchhandel
K3018;Verlag am Eschbach;Verlag am Eschbach;Eschbach (Landkreis Breisgau-Hochschwarzwald);1979;;1052132006;;Buchwissenschaft, Buchhandel
K3020;Verlag am Schloss;Verlag am Schloss;Berlin;;;1065780400;;Buchwissenschaft, Buchhandel
K3021;Verlag am Sipbach;Verlag am Sipbach;Raxendorf;2017;;1342139372;https://www.verlag-am-sipbach.at;
K3022;Verlag an der Ruhr;Verlag an der Ruhr (Mülheim an der Ruhr);Mülheim an der Ruhr;01.01.1981;;5561257-X;http://www.verlagruhr.de/;"Einzelne Branchen der Industrie und des Handwerks; Buchwissenschaft, Buchhandel"
K3023;Verlag beim Augarten;Verlag beim Augarten e.U.;Wien;1884;;1065783213;;Buchwissenschaft, Buchhandel
K3024;Verlag d'Harfleur;;;;;;;
K3025;Verlag der 9 Reiche;Verlag der 9 Reiche;Berlin;;;1226231217;;
K3026;Verlag der Brandenburgischen Genealogischen Gesellschaft Roter Adler e. V.;;;;;;;
K3027;Verlag der Buchhandlung Matussek;Matussek, Hans K., & Sohn oHG, Buchhandlung. Abt. Verlag;Nettetal;15.08.1961;;1068092521;http://www.buchhandlung-matussek.de;Buchwissenschaft, Buchhandel
K3028;Verlag der Donauschwäbischen Kulturstiftung;;;;;;;
K3029;Verlag der Heimatstube Altenau-Schulenberg;;;;;;;
K3030;Verlag der Nation;Verlag der Nation;"Berlin; Berlin (Ost)";1948;;2025523-8;https://www.verlagsgruppe.de/verlag-der-nation.html;Buchwissenschaft, Buchhandel
K3031;Verlag der Ostwestfalen-Akademie;;;;;;;
K3032;Verlag der Schatten;;;;;;;
K3033;Verlag der Theodor Kramer Gesellschaft;;;;;;;
K3034;Verlag der Villa Fledermaus;Verlag der Villa Fledermaus;;1997;;1064118305;http://www.villa-fledermaus.de;Buchwissenschaft, Buchhandel
K3035;Verlag der neun Reiche;Verlag der 9 Reiche;Berlin;;;1226231217;;
K3036;Verlag des Biographiezentrums;Verlag des Biographiezentrums;;2008;;1065031610;http://www.biographiezentrum.de;Buchwissenschaft, Buchhandel
K3037;Verlag des Landkreises Roth;;;;;;;
K3038;Verlag deutex;Verlag deutex;Berlin;;;1065361432;http://www.deutex.de;Buchwissenschaft, Buchhandel
K3039;Verlag edition viva;Verlag edition viva;Markkleeberg;;;1065859236;http://www.verlag-edition-viva.de;Buchwissenschaft, Buchhandel
K3040;Verlag fischueberalles.ch;FISCHUEBERALLES.CH;;01.04.2004;;1065794584;http://www.anglerverlag.de;Buchwissenschaft, Buchhandel
K3041;Verlag freiheitsbaum, edition Spinoza;;;;;;;
K3042;Verlag für Geschichte und Kultur;Verlag für Geschichte und Kultur;Trier;;;1064064582;;Buchwissenschaft, Buchhandel
K3043;Verlag für Geschriebenes und Druck A.L. Dudov;;;;;;;
K3044;Verlag für Moderne Phantastik Gehrke;Verlag für Moderne Phantastik;Radeberg;;;1065787537;;Buchwissenschaft, Buchhandel
K3045;Verlag für fremdsprachige Literatur;Verlag für fremdsprachige Literatur (Bukarest);Bukarest;;;1350471623;;
K3046;Verlag im Institut Drachenhaus;Verlag im Institut Drachenhaus;;;;1064336299;http://www.dragoderm.de;Buchwissenschaft, Buchhandel
K3047;Verlag und Buchhandlung der Evangelischen Gesellschaft GmbH;Verlag und Buchhandlung der Evangelischen Gesellschaft GmbH;Stuttgart;1830;;1065027281;http://www.evanggemeindeblatt.de;Buchwissenschaft, Buchhandel
K3048;Verlag und Offsetdruck Eppe GmbH;EPPE, Verlag und Offsetdruck, GmbH. Abt. Verlag;;10.08.1976;;1068093188;;Buchwissenschaft, Buchhandel
K3049;Verlag von Schröter + Mieg GbR;;;;;;;
K3050;Verlag, Mondschein Corona;;;;;;;
K3051;Verlagsgemeinschaft topos plus;TOPOS PLUS;;;;1064127436;;Buchwissenschaft, Buchhandel
K3052;Verlagsgruppe Verlagshaus Schlosser;Verlagshaus Schlosser;;2006;;106421293X;;Buchwissenschaft, Buchhandel
K3053;Verlagshaus Hernals;Verlagshaus Hernals;Wien;;;1066120420;http://www.verlagshaus-hernals.at;Buchwissenschaft, Buchhandel
K3054;Verlagshaus Schlosser;Verlagshaus Schlosser;;2006;;106421293X;;Buchwissenschaft, Buchhandel
K3055;Verlagshaus el Gato;;;;;;;
K3056;Verleysdonk;Albert Verleysdonk (Firma);Mönchengladbach;;;106433301X;http://www.verleysdonk.de/;Buchwissenschaft, Buchhandel
K3057;Verrai-Verlag;;;;;;;
K3058;Versus;Versus Verlag;Zürich;1993;;1065223994;http://www.versus.ch;Buchwissenschaft, Buchhandel
K3059;Verweiledoch-Verl.;verweiledoch Verlag GmbH;München;;;1065096410;;Buchwissenschaft, Buchhandel
K3060;Vesi;;;;;;;
K3061;Veste-Verl. Roßteutscher;Veste-Verlag;Coburg;1949;;102852403X;"http://veste-verlag.de; http://www.veste-verlag.de";Buchwissenschaft, Buchhandel
K3062;ViCON-Verlag;ViCON Verlag;Niederhasli;;;1065980655;http://www.vicon-verlag.ch;Buchwissenschaft, Buchhandel
K3063;Via Regia Verlag;Via Regia Verlag;"Bernstadt a. d. Eigen; Königsbrück";;;106535455X;http://www.via-regia-verlag.de;Buchwissenschaft, Buchhandel
K3064;ViaTerra-Verl.;ViaTerra Verlag;;XX.09.2008;;1064200125;http://www.viaterra-verlag.de;Buchwissenschaft, Buchhandel
K3065;Vidal Verlag;Vidal Verlag Winterthur;Winterthur;XX.09.2010;;1064290884;http://www.vidalverlag.ch;Buchwissenschaft, Buchhandel
K3066;Vielfalt Verlag;;;;;;;
K3067;Vier-JahreszeitenHaus, Verl. im Münsterland;Vier Jahreszeitenhaus;;01.07.2005;;1064326307;http://www.empire-service.eu;Buchwissenschaft, Buchhandel
K3068;Vindobona Verlag;Vindobona-Verlag;Neckenmarkt;;;16345872-8;"http://www.vindobonaverlag.com/deutsch/impressum; http://www.vindobonaverlag.com";"Buchwissenschaft, Buchhandel; Einzelne Branchen der Industrie und des Handwerks"
K3069;Violet Truelove;;;;;;;
K3070;Vitalis;Vitalis, s.r.o.;"Haselbach (Straubing-Bogen); Prag";1993;;106550229X;"http://www.vitalis-verlag.com; https://www.vitalis-verlag.com/";Buchwissenschaft, Buchhandel
K3071;Vitolibro;Vito von Eichborn vitolibro;Malente;;;1064123848;;Buchwissenschaft, Buchhandel
K3072;Vja;;;;;;;
K3073;VoG - Verlag ohne Geld;VoG Verlag ohne Geld e.K.;München;;;1064128637;http://www.verlagohnegeld.de;Buchwissenschaft, Buchhandel
K3074;VoG Verlag ohne Geld e.K.;VoG Verlag ohne Geld e.K.;München;;;1064128637;http://www.verlagohnegeld.de;Buchwissenschaft, Buchhandel
K3075;Vogelgesang Verlag;;;;;;;
K3076;Vogelherd-Verl.;Vogelherd-Verlag;Einsiedeln;2011;;1064335861;;Buchwissenschaft, Buchhandel
K3077;Vohodi;Vohodi Verlag e.Kfm.;;;;1065963386;http://vohodi.de;Buchwissenschaft, Buchhandel
K3078;Voland & Quist;Verlag Voland & Quist;"Berlin; Dresden";21.10.2004;;1065654596;https://www.voland-quist.de;Buchwissenschaft, Buchhandel
K3079;Volk Verlag;Volk Verlag;München;01.07.1997;;1065369425;https://volkverlag.de;Buchwissenschaft, Buchhandel
K3080;Von Herzen Verlag;;;;;;;
K3081;Von-Loeper-Literaturverl.;Von Loeper Literaturverlag;Karlsruhe;1979;;1027190529;;Buchwissenschaft, Buchhandel
K3082;Vonderheit;Heide-Marie Vonderheit (Firma);Mainz;06.12.2000;;1065216556;http://www.h-m-vonderheit.de;Buchwissenschaft, Buchhandel
K3083;Voodoo Press;Voodoo Press;;02.02.2009;;1067141162;http://www.voodoo-press.com;Buchwissenschaft, Buchhandel
K3084;Vögel;;;;;;;
K3085;W3-Verl.-Ges.;Zur Zeit W3 Verlagsges.m.b.H.;Wien;;;106529879X;http://www.zurzeit.at;Buchwissenschaft, Buchhandel
K3086;WDL-Verlag;WDL Verlag;Hamburg;;;1067135723;http://www.wdl-verlag.de;Buchwissenschaft, Buchhandel
K3087;WDS-Verl.;;;;;;;
K3088;WESER-KURIER, Kulturredaktion, Dr. Hendrik Werner;;;;;;;
K3089;WFB-Verlagsgruppe;WFB Verlagsgruppe Ltd.;Bad Schwartau;01.01.1994;;1065494084;http://www.wfb-verlag.de;Buchwissenschaft, Buchhandel
K3090;WHB Verlag;WHB Verlag;Mönchengladbach;;;106565426X;http://www.whbverlag.de/;Buchwissenschaft, Buchhandel
K3091;WHK-Verl.;WHK-Verlag;Mainz;2000;;1347898182;;
K3092;WHK-Verlag;WHK-Verlag;Mainz;2000;;1347898182;;
K3093;WHV Wolfgang Hager Verlag;Wolfgang Hager Verlag;Murau-Stolzalpe;2002;;1064050182;http://www.wolfgang-hager-verlag.at/impressum/;Buchwissenschaft, Buchhandel
K3094;WIFA Druck und Verlag;WIFA Druck- und Verlags GmbH;;;;1064744001;http://www.lauermann-ansbach.de;Buchwissenschaft, Buchhandel
K3095;WOA-Verl.;WOA Verlag;Zürich;1996;;1065865937;http://www.woaverlag.ch;Buchwissenschaft, Buchhandel
K3096;WOLL Verlag;WOLL Verlag;Schmallenberg;2012;;1064348793;http://www.woll-verlag.de;Buchwissenschaft, Buchhandel
K3097;WORTSCHAU Verlag;;;;;;;
K3098;WaRo-Verlag Heidelberg;WaRo-Verlag Heidelberg;Heidelberg;13.09.2004;;1065562810;http://www.waro-verlag.de;Buchwissenschaft, Buchhandel
K3099;Wachholtz;Wachholtz Verlag;"Kiel; Neumünster; Hamburg";1924;;2015270-X;http://www.wachholtz-verlag.de;Buchwissenschaft, Buchhandel
K3100;Wado-Verl.;Wado-Verlag;Zürich;1975;2006;10107062-7;http://www.wadobooks.ch;Buchwissenschaft, Buchhandel
K3101;Wage-Verl.;Wage Verlag;;;;1064064655;http://www.wage-buch.de;Buchwissenschaft, Buchhandel
K3102;Wagenbach;Verlag Klaus Wagenbach;"Berlin (West); Berlin";01.09.1964;;2025683-8;http://www.wagenbach.de/;"Einzelne Branchen der Industrie und des Handwerks; Buchwissenschaft, Buchhandel"
K3103;Wagner Verlag;Wagner-Verlag;Gelnhausen;01.01.2006;;7613284-5;;Buchwissenschaft, Buchhandel
K3104;Walde + Graf Verlagsagentur und Verlag;;;;;;;
K3105;Waldgut Verlag;Waldgut Verlag;Frauenfeld;2006;;116362957X;https://www.waldgut.ch/;Buchwissenschaft, Buchhandel
K3106;Waldkirch Verlag;Waldkirch KG Verlag-Druck-Agentur;Mannheim;31.01.1973;;1065717709;http://www.verlag-waldkirch.de;Buchwissenschaft, Buchhandel
K3107;Wallimann;Jodlerfamilie Wallimann;;;;1086119738;;
K3108;Wallstein Verlag;Wallstein-Verlag;Göttingen;"1986; 09.09.1986";;103700972X;https://www.wallstein-verlag.de/;Buchwissenschaft, Buchhandel
K3109;WandelWerk Publishing;;;;;;;
K3110;Wanner Publishing;Wanner Brothers Publishing (Baden, Limmat);Baden (Aargau);;;16105631-3;;Einzelne Branchen der Industrie und des Handwerks
K3111;Wartberg Verlag;Wartberg Verlag;Gudensberg;01.09.1984;;1064328865;http://www.wartberg-verlag.de;Buchwissenschaft, Buchhandel
K3112;Wartburg Verlag;Wartburg Verlag;;27.04.1984;;1064328474;;Buchwissenschaft, Buchhandel
K3113;Wasserburg Rindern;Wasserburg Rindern (Kleve, Kreis Kleve);;;;1225769345;;Ortsgebundene Bauwerke
K3114;WattLiteraten, Autorengemeinschaft;WattLiteraten (Körperschaft);;2016;;115850375X;https://wattliteraten.jimdo.com/;
K3115;Wattpad corp.;;;;;;;
K3116;Waxmann;Waxmann Verlag;Münster (Westf);11.05.1987;;1036460398;https://www.waxmann.com/;Buchwissenschaft, Buchhandel
K3117;Web-Site-Verl.;Web-Site-Verlag;;2001;;1064211887;http://www.web-site-verlag.de;Buchwissenschaft, Buchhandel
K3118;Weber;;;;;;;
K3119;WeberVerlag.ch;Weber Verlag;Gwatt;"XX.XX.1991; 28.10.2021";22.09.2013;1065426658;https://www.weberverlag.ch/über-uns/der-verlag/;Buchwissenschaft, Buchhandel
K3120;Weerts Verlag;;;;;;;
K3121;Weg und Ziel;;;;;;;
K3122;Weger;;;;;;;
K3123;Wehrhahn Verlag;Wehrhahn-Verlag (Hannover);Hannover;1996;;6027153-X;;Einzelne Branchen der Industrie und des Handwerks
K3124;Weidler;Weidler Buchverlag Berlin;Berlin;18.03.1985;;1064327672;http://www.weidler-verlag.de;Buchwissenschaft, Buchhandel
K3125;WeimarArt;;;;;;;
K3126;Weimarer Schiller-Presse;;;;;;;
K3127;Weimarer Verlagsgesellschaft;Weimarer Verlagsgesellschaft;Wiesbaden;;;1065492146;http://www.verlagshausroemerweg.de;Buchwissenschaft, Buchhandel
K3128;Weishaupt Verlag;Verlag Herbert Weishaupt;Gnas;1980;;1065532563;http://www.weishaupt.at;Buchwissenschaft, Buchhandel
K3129;Weiss-Verl.;Weiss-Verlag GmbH & Co. KG;Monschau;;;1065796064;http://www.weiss-verlag.de;Buchwissenschaft, Buchhandel
K3130;Weisz auf Schwarz – Literatuzeitschrift;;;;;;;
K3131;Weitschat;;;;;;;
K3132;WelkenVerlag;WelkenVerlag;"Jena; Hummelshain";01.09.2006;;1064198112;https://www.welkenverlag.de;Buchwissenschaft, Buchhandel
K3133;Wellhausen & Marquardt;Wellhausen & Marquardt Medien;Hamburg;;;1064210597;http://www.wm-medien.de;Buchwissenschaft, Buchhandel
K3134;Wellhöfer Verlag;Wellhöffer (Verlag, Augsburg);;;;1086294149;;
K3135;Weltbild;Weltbild (Berlin);Berlin;;;1156815193;;
K3136;Weltbuch;Weltbuch Verlag GmbH;;;;1064785565;http://www.weltbuch.ch;Buchwissenschaft, Buchhandel
K3137;Weltklasse Miteinander Verlag e.U.;;;;;;;
K3138;Wendepunkt Verlag;WENDEPUNKT Verlag;Itzehoe;;;1067148191;;Buchwissenschaft, Buchhandel
K3139;Wendorf Verlag;;;;;;;
K3140;Wenn Nicht Jetzt-Verlag;;;;;;;
K3141;Wenner;;;;;;;
K3142;Wenng;Gebrüder Wenng;Zürich;18XX;;1086711076;;
K3143;Wenz;;;;;;;
K3144;Werd & Weber Verlag;Werd & Weber Verlag;Gwatt;23.09.2013;27.10.2021;1064061303;;Buchwissenschaft, Buchhandel
K3145;Werd Verlag;Werd Verlag;"Zürich; Kreuzlingen";;22.09.2013;1087411718;;
K3146;Werdewelt Verlags- und Medienhaus;Werdewelt Verlags- und Medienhaus GmbH;Mittenaar;;;1065563655;http://www.werdewelt.info;Buchwissenschaft, Buchhandel
K3147;WerkdruckEDITION;werkdruck EDITION;;;;1064206247;http://www.werkdruckedition.de;Buchwissenschaft, Buchhandel
K3148;Werkkreis Literatur der Arbeitswelt - Werkstatt Wien;Werkkreis Literatur der Arbeitswelt (Wien);Wien;;;1216263590;;
K3149;Werkstätten-Verl.;;;;;;;
K3150;Werner A. Prochazka;Werner A. Prochazka (Firma);Wien;;;1065488297;http://www.w-prochazka.at;Buchwissenschaft, Buchhandel
K3151;Werner Schüller;;;;;;;
K3152;Westarp BookOnDemand;;;;;;;
K3153;Westermann;Westermann Schulbuchverlag;Braunschweig;;;1064328636;http://www.westermann.de;Buchwissenschaft, Buchhandel
K3154;Westflügel Verlag;Westflügel Verlag;Essen;15.10.2005;;106528750X;http://www.westfluegel-verlag.de;Buchwissenschaft, Buchhandel
K3155;Westfälische Wilhelms-Universität Münster, Zentrale Kustodie;;;;;;;
K3156;Westkreuz-Verlag;Westkreuz-Verlag GmbH;Berlin;1912;;1064328660;http://www.westkreuz.de;Buchwissenschaft, Buchhandel
K3157;WeyTeCon Förlag;;;;;;;
K3158;WeyTeCon Förlag (WF);;;;;;;
K3159;Weyand;;;;;;;
K3160;WiderWort-Verl.;WiderWort-Verlag;Stadtbergen;;;1065968841;;Buchwissenschaft, Buchhandel
K3161;Wiebers Verlag;Wiebers Verlag;Berlin;;;1064054749;http://www.wiebers-verlag.de;Buchwissenschaft, Buchhandel
K3162;Wieden-Verl.;Wiedenverlag;Crivitz;;;1035315289;http://www.wieden-verlag.de/index.php5?go=Start;Buchwissenschaft, Buchhandel
K3163;Wiedenverlag;Wiedenverlag;Crivitz;;;1035315289;http://www.wieden-verlag.de/index.php5?go=Start;Buchwissenschaft, Buchhandel
K3164;Wiener Volkshochsch.;Die Wiener Volkshochschulen;Wien;2008;;16059412-1;http://www.vhs.at;Schule
K3165;Wiesenburg Verlag;Wiesenburg Verlag;"Niederwerrn; Schweinfurt";26.01.1996;;1064328415;http://www.wiesenburgverlag.de;Buchwissenschaft, Buchhandel
K3166;Wiesengrund Verlag;Wiesengrund Verlag;Wiesenburg/Mark;;;1064737161;https://shop.wiesengrund-verlag.de;Buchwissenschaft, Buchhandel
K3167;Wieser Verlag;Wieser Verlag;Klagenfurt am Wörthersee;XX.11.1987;;1065524196;http://www.wieser-verlag.com;Buchwissenschaft, Buchhandel
K3168;Wifa Verlag GmbH;WIFA Druck- und Verlags GmbH;;;;1064744001;http://www.lauermann-ansbach.de;Buchwissenschaft, Buchhandel
K3169;Wilhelm Heyne Verlag;Wilhelm Heyne Verlag (München);München;1948;;2026980-8;https://www.randomhouse.de/Verlag/Heyne/30000.rhd;Buchwissenschaft, Buchhandel
K3170;Wind Child Publishing;;;;;;;
K3171;Wind und Sterne;;;;;;;
K3172;Windhauch Verlag;;;;;;;
K3173;Windsor Verlag;Windsor Verlag ein Unternehmen der Windsor Group Development;;;;1065563809;;Buchwissenschaft, Buchhandel
K3174;Windspiel;Windspiel;;;;10332127-5;;Musik (Allgemeines), Musikgeschichte
K3175;WirFinden.Es Naß und Hellie GbR;;;;;;;
K3176;Wirtschaftsverl. N. W., Verl. für Neue Wiss.;;;;;;;
K3177;Wirtschaftsverlag W.V. GmbH;Wirtschaftsverlag W.V. GmbH;Suhl;22.07.1992;;1065096461;http://www.wirtschaftsverlag-suhl.de;Buchwissenschaft, Buchhandel
K3178;Wiss. Buchges.;Wissenschaftliche Buchgesellschaft;Darmstadt;1955;2024;2026418-5;https://www.wbg-wissenverbindet.de;Buchwissenschaft, Buchhandel
K3179;Wiss. Verl. Bachmann;Dr. Michael Bachmann Wissenschaftlicher Verlag;Badenweiler;04.06.2007;;106517215X;http://www.bachmann-verlag.de;Buchwissenschaft, Buchhandel
K3180;Wiss.-Verl.;;;;;;;
K3181;Wissenmedia;wissenmedia in der inmediaONE] GmbH;Gütersloh;;;1065866828;http://www.wissenmedia.de;Buchwissenschaft, Buchhandel
K3182;Wittaverl.;Wittaverlag München;München;01.01.2006;;1065224699;http://www.wittaverlag.de;Buchwissenschaft, Buchhandel
K3183;Wittgenstein Verlag;;;;;;;
K3184;Wißner-Verlag;Wißner-Verlag;Augsburg;01.11.1987;;4627272-0;https://www.wissner.com/;Buchwissenschaft, Buchhandel
K3185;Wohlrab;Lutz Wohlrab (Firma);Berlin;;;1065567863;;Buchwissenschaft, Buchhandel
K3186;Wolbern;Wolbern Verlagsgesellschaft;Berlin;;;106552336X;http://www.wolbern.de;Buchwissenschaft, Buchhandel
K3187;Wolf;;;;;;;
K3188;Wolf Präsente GmbH;Wolf Präsente GmbH;Ingelheim am Rhein;;;1064739296;;Buchwissenschaft, Buchhandel
K3189;Wolfbach;Wolfbach Verlag;"Zürich; Roßdorf (Landkreis Darmstadt-Dieburg); Basel";1995;;1065435940;http://www.wolfbach-verlag.ch;Buchwissenschaft, Buchhandel
K3190;Wolff Verlag;Wolff Verlag;Schmalkalden;2008;;1065977468;http://www.wolffverlag.de;Buchwissenschaft, Buchhandel
K3191;Wolfgang Hager Verlag;Wolfgang Hager Verlag;Murau-Stolzalpe;2002;;1064050182;http://www.wolfgang-hager-verlag.at/impressum/;Buchwissenschaft, Buchhandel
K3192;Wolfgang Pfeifenberger Verlag;;;;;;;
K3193;Wolkenreiter-Verl.;Wolkenreiter-Verlag;;;;1065531664;http://www.wolkenreiter-verlag.de;Buchwissenschaft, Buchhandel
K3194;Woll Verlag;WOLL Verlag;Schmallenberg;2012;;1064348793;http://www.woll-verlag.de;Buchwissenschaft, Buchhandel
K3195;Worms Verlag;Worms Verlag;Worms;;;1068113383;http://www.worms-verlag.de;"Einzelne Branchen der Industrie und des Handwerks; Buchwissenschaft, Buchhandel"
K3196;Wort-und-Mensch-Verl.;wort und mensch-Verlag;Leverkusen;1991;;1065780311;http://www.wortundmensch.de;Buchwissenschaft, Buchhandel
K3197;Wortfeger Media;Wortfeger Media;"Siebnen; Lachen (Kanton Schwyz)";;;106528411X;http://www.wortfeger.ch;Buchwissenschaft, Buchhandel
K3198;Worthandel-Verl.;worthandel : verlag;Dresden;XX.10.1998;;1066136262;http://www.worthandel.de;Buchwissenschaft, Buchhandel
K3199;Wortspieler;Die Wortspieler;Schwetzingen;;;1169803466;;
K3200;Wortvergnügen;Wortvergnügen Verlag;Nürnberg;;;1065098960;http://www.wortvergnuegen.de;Buchwissenschaft, Buchhandel
K3201;Wunderhorn;Wunderhorn Verlag;Heidelberg;1949;;1058047019;;Buchwissenschaft, Buchhandel
K3202;Wunderlich;Wunderlich;Reinbek;;;1064931294;http://www.rowohlt.de;Buchwissenschaft, Buchhandel
K3203;Wunderraum;Wunderraum Verlag;München;2017;;1131107748;https://www.randomhouse.de/Der-WUNDERRAUM-Verlag-in-der-Verlagsgruppe-Random-House/Der-Verlag/aid75375_14290.rhd;Buchwissenschaft, Buchhandel
K3204;Wunderwaldverl.;Wunderwaldverlag;Erlangen;14.05.2007;;1065027664;http://www.wunderwaldverlag.de;Buchwissenschaft, Buchhandel
K3205;Wunderwaldverlag;Wunderwaldverlag;Erlangen;14.05.2007;;1065027664;http://www.wunderwaldverlag.de;Buchwissenschaft, Buchhandel
K3206;Wurdack Verlag;Ernst Wurdack (Firma);Nittendorf;XX.06.2004;;1065293712;http://www.wurdackverlag.de;Buchwissenschaft, Buchhandel
K3208;Wörterseh;Wörterseh Verlag;"Dübendorf-Gockhausen; Lachen (Kanton Schwyz)";;;1065552750;http://www.woerterseh.ch;Buchwissenschaft, Buchhandel
K3209;XOXO Verlag;;;;;;;
K3210;XS-Verl.;XS-Verlag;Berlin;;;1065853599;https://xs-verlag.de;Buchwissenschaft, Buchhandel
K3211;Xanthippe;Edition Xanthippe;Zürich;;;1065294360;;Buchwissenschaft, Buchhandel
K3212;Xuxelia Verlag;;;;;;;
K3213;Yantra;YANTRA Handels- u. VerlagsgesmbH;Wolkersdorf im Weinviertel;01.11.1993;;1065367767;http://www.yantra.at;Buchwissenschaft, Buchhandel
K3214;Yara-Ed.;Edition Yara;;;;1066127492;http://www.edition-yara.at;Buchwissenschaft, Buchhandel
K3215;Yellow King Productions;;;;;;;
K3216;Yeotone;Yeotone;Karlsruhe;;;1065558023;http://www.yeotone.de;Buchwissenschaft, Buchhandel
K3217;Youcanprint;;;;;;;
K3218;Young Stories, Frankfurt;;;;;;;
K3219;ZIEL;ZIEL - Zentrum für Interdisziplinäres Erfahrungsorientieres Lernen (Augsburg);Augsburg;1999;;6026193-6;http://www.ziel.org;"Buchwissenschaft, Buchhandel; Einzelne Branchen der Industrie und des Handwerks"
K3220;Zaunkönigin-Verl. Müller;ZAUNKÖNIGIN Verlag Müller;Kreuzlingen;XX.01.2010;;1067129405;http://www.zaunkoenigin.ch;Buchwissenschaft, Buchhandel
K3221;Zeitschnur-Verl.;Zeitschnur Verlag;Karlsruhe;05.10.2007;;1065433425;http://www.zeitschnur.de;Buchwissenschaft, Buchhandel
K3222;Zenker, Jan M.;;;;;;;
K3223;Zenkert;;;;;;;
K3224;Zenos-Verl.;;;;;;;
K3225;Zero Verlag;ZERO-Verlag;Rheinberg;01.04.1977;;106433153X;;Buchwissenschaft, Buchhandel
K3226;Ziebarth Verlag;;;;;;;
K3227;Ziethen;Grube Ziethen;Weingartsgasse;1853;1954;7844366-0;;Bergbau, Hüttentechnik
K3228;Zoppelberg-Verl.;;;;;;;
K3229;Zweitausendeins;Zweitausendeins-Versand (Frankfurt, Main);Frankfurt am Main;;;2071192-X;;Buchwissenschaft, Buchhandel
K3230;Zwiebelzwerg Verlag;Zwiebelzwerg-Verlag (Willebadessen);Willebadessen;1977;;10369895-4;http://www.zwiebelzwerg.de;Einzelne Branchen der Industrie und des Handwerks
K3231;Zytglogge Verlag;Zytglogge Verlag;"Basel; Gümligen; Oberhofen am Thunersee";1965;;4535634-8;"http://www.zytglogge.ch; http://www.zytglogge.ch/verlag/geschichte/";Buchwissenschaft, Buchhandel
K3232;Zürcher Kantonalbank;Zürcher Kantonalbank;Zürich;1870;;2093763-5;https://www.zkb.ch/;"Bank; Einzelne Branchen der Industrie und des Handwerks"
K3233;[SIC] – Literaturverlag;[SIC]-Literaturverlag;Aachen;;;1065429738;http://www.siconline.de;Buchwissenschaft, Buchhandel
K3234;[kon] Paper e.V.;;;;;;;
K3235;ab Edizioni Alpha Beta Verlag;;;;;;;
K3236;adakia Verlag;adakia Verlag;"Leipzig; Gera";19.01.2009;;1065500580;https://www.adakia-shop.de;Buchwissenschaft, Buchhandel
K3237;adeo;adeo;München;;;106548836X;http://www.randomhouse.de;Buchwissenschaft, Buchhandel
K3238;alit - Verein Literaturstiftung;alit - Verein Literaturstiftung;"Zürich; Bern";;;1168647290;;
K3239;alit - Verein Literaturstiftung Zürich;;;;;;;
K3240;allbärn-verlag;;;;;;;
K3241;amardi verlag;amardi verlag;Frankfurt am Main;;;1065364261;http://www.amardiverlag.de;Buchwissenschaft, Buchhandel
K3242;amarto;;;;;;;
K3243;art & words;art & words - Verlag für Kunst und Literatur;Nürnberg;;;1064797512;http://www.art-and-words.de;Buchwissenschaft, Buchhandel
K3244;artkonzeptkörner;artkonzeptkörner;Wegberg;;;1208744631;;
K3245;assoverlag;assoverlag;Oberhausen (Rheinland);1970;;7764549-2;http://www.assoverlag.de/?page_id=52;Buchwissenschaft, Buchhandel
K3246;audimax Medien;audimax medien gmbh;Nürnberg;;;1065975953;;Buchwissenschaft, Buchhandel
K3247;aws Literatur;;;;;;;
K3248;axel dielmann verlag;Axel Dielmann Verlag;Frankfurt am Main;1993;;4663990-1;http://www.dielmann-verlag.de;Buchwissenschaft, Buchhandel
K3249;be.bra wissenschaft verlag;be.bra wissenschaft verlag;Berlin;2003;;1065796072;http://www.bebra-wissenschaft.de;Buchwissenschaft, Buchhandel
K3250;beTHRILLED;;;;;;;
K3251;beingoo;beingoo e.K.;;12.01.2007;;1065172095;http://www.beingoo.de;Buchwissenschaft, Buchhandel
K3252;belkastudio;;;;;;;
K3253;bene! Verlag;;;;;;;
K3254;blackanist publications by Marco Neumann Verlag;;;;;;;
K3255;blue rhino verlag;;;;;;;
K3256;blv;BLV Buchverlag GmbH & Co. KG;München;01.01.2005;;1064332889;https://www.blvverlag.de/;Buchwissenschaft, Buchhandel
K3257;boox-verlag;boox-verlag;Urnäsch;2011;;106517585X;http://www.boox-verlag.ch;Buchwissenschaft, Buchhandel
K3258;brennt! GmbH;;;;;;;
K3259;btb;btb Verlag;München;1996;;1064056466;http://www.randomhouse.de;Buchwissenschaft, Buchhandel
K3260;bu-bu der bunte buchladen;bu-bu, der bunte buchladen;Wyk auf Föhr;;;1065224966;http://www.bu-bu.de;Buchwissenschaft, Buchhandel
K3261;buch+musik ejw-Service gmbh;buch+musik ejw-service gmbh;Stuttgart;08.09.1955;;1068092998;http://www.ejw-buch.de;Buchwissenschaft, Buchhandel
K3262;buch.ome - Offsetzdruckerei Karl Grammlich GmbH;Offsetdruckerei Karl Grammlich;Pliezhausen;1947;;1114826340;http://www.grammlich.de;
K3263;buchwerft-verlag.de;;;;;;;
K3264;burgart-presse;Burgart-Presse Jens Henkel (Rudolstadt);Rudolstadt;;;2117725-9;http://www.burgart-presse.de;"Papierherstellung, Grafische Technik; Buchwissenschaft, Buchhandel"
K3265;c/o autorenglück.de, Stina Milner;;;;;;;
K3266;cW-Nordwest-Media-Verl.-Ges.;CW Nordwest Media Verlagsgesellschaft mbH;Grevesmühlen;1994;;1065536828;http://www.nwm-verlag.de;Buchwissenschaft, Buchhandel
K3267;camino;;;;;;;
K3268;cap-books;;;;;;;
K3269;capybarabooks;capybarabooks;;;;1065644744;http://www.capybarabooks.com;Buchwissenschaft, Buchhandel
K3270;cbm verlag;;;;;;;
K3271;ch. falk-verlag;Christa Falk Verlag;Seeon (Chiemgau);10.02.1982;;1065357346;http://www.chfalk-verlag.de;Buchwissenschaft, Buchhandel
K3272;chiliverlag;chiliverlag;Verl;;;1064332730;http://www.chiliverlag.de;Buchwissenschaft, Buchhandel
K3273;comediantes;Comediantes;;;;38481-1;;
K3274;container press;;;;;;;
K3275;creomira;;;;;;;
K3276;cri-ki-Verl.;cri-ki-Verlag;Leer (Ostfriesland);;;1065423187;http://www.moa-graven.de;Buchwissenschaft, Buchhandel
K3277;crimetime;crimetime-Verlag;Schwalbach am Taunus;;;1065856466;http://www.crimetime-verlag.de;Buchwissenschaft, Buchhandel
K3278;custos verlag;custos verlag e.K.;Solingen;;;1065568436;http://www.custos-verlag.de;Buchwissenschaft, Buchhandel
K3279;dahlemer verlagsanstalt;dahlemer verlagsanstalt;Berlin;1988;;1065782659;http://www.da-ve.de/;Buchwissenschaft, Buchhandel
K3280;danube books;;;;;;;
K3281;de La Porte;;;;;;;
K3282;debux-Verl.;debux Verlag e.K.;Göttingen;;;1065034075;http://www.debux-verlag.de;Buchwissenschaft, Buchhandel
K3283;denkhaus Verlag;denkhaus Verlag;Nürtingen;;;1065559852;http://www.denkhaus-verlag.de;Buchwissenschaft, Buchhandel
K3284;der VHS-Baar, Kreative Schreibwerkstatt;;;;;;;
K3285;der blaue reiter;Der Blaue Reiter;München;1911;1914;2092721-6;;"Malerei; Bildende Kunst"
K3286;destinatio Verlag;destinatio Verlag;Kranichfeld;;;1065791933;http://www.destinatio.de;Buchwissenschaft, Buchhandel
K3287;disadorno edition;disadorno edition;Berlin;;;1064285910;;Buchwissenschaft, Buchhandel
K3288;dissertation.de;;;;;;;
K3289;dt-Verl.;;;;;;;
K3290;dtv Verlagsgesellschaft;Deutscher Taschenbuch-Verlag (München);München;1960;;2008574-6;https://www.dtv.de/;Buchwissenschaft, Buchhandel
K3291;duotincta;;;;;;;
K3292;dup, düsseldorf university press;Düsseldorf University Press;Düsseldorf;;;7689503-8;;Buchwissenschaft, Buchhandel
K3293;dvg, Digitalverl.;;;;;;;
K3294;düsseldorf university press;Düsseldorf University Press;Düsseldorf;;;7689503-8;;Buchwissenschaft, Buchhandel
K3295;eFeF-Verlag;eFeF Verlag;Wettingen;1988;;1064061001;http://www.efefverlag.ch;Buchwissenschaft, Buchhandel
K3296;ebersbach & simon;;;;;;;
K3297;echomedia buchverlag;echomedia buchverlag;Wien;;;1065701306;https://www.echomedia-buch.at/de/start;Buchwissenschaft, Buchhandel
K3298;echt EMF;;;;;;;
K3299;edition AZUR;Verlag Voland & Quist. edition AZUR;Dresden;2005;;1067146792;https://www.voland-quist.de/wppb_works/?wp_pub_base_work_edition=edition-azur;Buchwissenschaft, Buchhandel
K3300;edition Friedenauer Brücke;edition Friedenauer Brücke;Berlin;;;1064137261;http://www.friedenauer-bruecke.de;Buchwissenschaft, Buchhandel
K3301;edition assemblage;edition assemblage;Münster (Westf);;;1065365926;http://www.edition-assemblage.de;Buchwissenschaft, Buchhandel
K3302;edition bodoni;Edition Bodoni (Berlin);Berlin;;;10151130-9;https://edition-bodoni.de/;"Buchwissenschaft, Buchhandel; Einzelne Branchen der Industrie und des Handwerks"
K3303;edition bücherlese;edition bücherlese;"Luzern; Hitzkirch";2013;;1065100558;http://www.buecherlese.ch;Buchwissenschaft, Buchhandel
K3304;edition chrismon;Edition Chrismon;;;;1064288189;;Buchwissenschaft, Buchhandel
K3305;edition dreiklein;;;;;;;
K3306;edition editka;;;;;;;
K3307;edition federleicht;;;;;;;
K3308;edition fza;;;;;;;
K3309;edition fünf;edition fünf;Gräfelfing;2010;;1065429762;http://www.editionfuenf.de/;Buchwissenschaft, Buchhandel
K3310;edition grundrisse;edition grundrisse Robert Foltin;Wien;;;1065176597;;Buchwissenschaft, Buchhandel
K3311;edition imaginär;;;;;;;
K3312;edition k&s;Autorinnen Verlag edition k&s;Zürich;;;1064127193;;Buchwissenschaft, Buchhandel
K3313;edition keiper;edition keiper;Graz;XX.04.2008;;1064922368;https://www.editionkeiper.at/shop/;Buchwissenschaft, Buchhandel
K3314;edition libica;;;;;;;
K3315;edition libica Simone Stefanie Klein;;;;;;;
K3316;edition lichtung;;;;;;;
K3317;edition maya;Edition Maya;Niederheimbach (Landkreis Mainz-Bingen);;;1338740644;;
K3318;edition mosaik;edition mosaik;Salzburg;2016;;1366904052;https://www.mosaikzeitschrift.at/publikationen/edition-mosaik/;
K3319;edition naundob;;;;;;;
K3320;edition petit;;;;;;;
K3321;edition promenade;edition promenade;Fürth (Bayern);;;1064785123;;Buchwissenschaft, Buchhandel
K3322;edition q im bebra verlag;be.bra verlag;Berlin;08.11.1994;;1065503423;http://www.bebraverlag.de;Buchwissenschaft, Buchhandel
K3323;edition sanderling;;;;;;;
K3324;edition silbenreich;;;;;;;
K3325;edition sine;;;;;;;
K3326;edition sonne und mond;edition sonne und mond Manfred Stangel;Wien;;;1065497075;http://www.sonneundmond.at;Buchwissenschaft, Buchhandel
K3327;edition talpa mundum ferens;;;;;;;
K3328;edition wohlwill;;;;;;;
K3329;edition worte&werke;;;;;;;
K3330;edition zebra;edition zebra;Hamburg;;;1065781520;http://www.edition-zebra.de;Buchwissenschaft, Buchhandel
K3331;edition.inspiration;;;;;;;
K3332;edition_aixact;;;;;;;
K3333;editionmevinapuorger;editionmevinapuorger;Zürich;;;1270817043;https://www.editionmevinapuorger.ch/;
K3334;editionsmueller;;;;;;;
K3335;editionwort;edition Wort;Bitburg;;;1065981422;http://www.edition-wort.de;Buchwissenschaft, Buchhandel
K3336;editum;;;;;;;
K3337;elfundzehn;elfundzehn Verlag;"Eglisau; Zürich";2005;;1065135211;http://www.elfundzehn.ch;Buchwissenschaft, Buchhandel
K3339;erscheint jährlich in der Edition Angewandte bei De Gruyter;Walter de Gruyter GmbH & Co. KG;"Berlin; Boston, Mass.";1998;;10095502-2;https://www.degruyter.com;Buchwissenschaft, Buchhandel
K3340;es-Verlag;es-Verlag;Michelstadt;;;1065862008;;Buchwissenschaft, Buchhandel
K3341;eta Verlag;;;;;;;
K3342;fabrik.transit;Literatur- und Kunstverein fabrik.transit;Wien;18.08.2014;;1118403061;https://www.fabriktransit.net/;
K3343;fabula Verlag Hamburg;fabula Verlag Hamburg;Hamburg;;;1065862784;http://www.diplomica.de;Buchwissenschaft, Buchhandel
K3344;fallen star;fallen star e.K.;;;;1065171560;;Buchwissenschaft, Buchhandel
K3345;fe-medienverlag;fe-medienverlags gmbh;Kißlegg;;;1064786502;http://www.fe-medien.de;Buchwissenschaft, Buchhandel
K3346;felu Verlag;;;;;;;
K3347;fhl Verlag;fhl Verlag Leipzig UG;Leipzig;;;1064786251;http://www.fhl-verlag.de;Buchwissenschaft, Buchhandel
K3348;fibre;fibre Verlag;Osnabrück;1993;;1064914179;http://www.fibre-verlag.de;Buchwissenschaft, Buchhandel
K3349;fineBooks;;;;;;;
K3350;fortfolgendes;;;;;;;
K3351;frechverlag GmbH;frechverlag;"Gerlingen; Stuttgart";1955;;2152016-1;http://www.frechverlag.de;Buchwissenschaft, Buchhandel
K3352;freiraum-verlag;FreiRaum Verlag;;;;1064786952;;Buchwissenschaft, Buchhandel
K3353;für neues bewusst-sein;;;;;;;
K3354;ggverlag;;;;;;;
K3355;guhl glaser, st.;;;;;;;
K3356;hendrik Bäßler verlag;hendrik Bäßler verlag;Berlin;1994;;1067142800;https://www.baesslerverlag.de;Buchwissenschaft, Buchhandel
K3357;hkk Krankenkasse;hkk;Bremen;;;390049-6;http://www.hkk.de;Einzelne Branchen der Industrie und des Handwerks
K3358;hochroth;hochroth - Gemeinnützige Literaturvermittlung;Wien;;;1064344607;;Buchwissenschaft, Buchhandel
K3359;hockebooks;hockebooks GmbH;München;;;1064134297;;Buchwissenschaft, Buchhandel
K3360;holapress;;;;;;;
K3361;homunculus verlag;Homunculus Verlags-G.m.b.H.;Bregenz;;;1115669036;;
K3362;hy-buchedition;;;;;;;
K3363;ib-lyric, artfactory;;;;;;;
K3364;ibidem-Verlag;ibidem-Verlag;Hannover;;;1064121934;"https://www.ibidem-verlag.de; https://www.ibidem.eu";Buchwissenschaft, Buchhandel
K3365;ideaFactory Geiler, Thiessen & Uhlig GbR;;;;;;;
K3366;ihleo verlag;ihleo verlag;Husum (Kreis Nordfriesland);01.12.2007;;1065562659;http://www.ihleo-verlag.de;Buchwissenschaft, Buchhandel
K3367;in-Cultura.com;in-Cultura.com GmbH;Hamburg;;;1064205046;;Buchwissenschaft, Buchhandel
K3368;indayi Edition;;;;;;;
K3369;irrgarten Verlag;;;;;;;
K3370;jmb-Verlag;JMB-Verlag;Hannover;18.01.2008;;1065865511;http://www.jmb-verlag.de;Buchwissenschaft, Buchhandel
K3371;kbw bibelwerk;Verlag Katholisches Bibelwerk;Stuttgart;1937;;33066-8;http://www.bibelwerk-impuls.de;"Einzelne Branchen der Industrie und des Handwerks; Buchwissenschaft, Buchhandel"
K3372;klausur-verlag;klausur-verlag;Hannover;1996;;1065166613;http://www.ifabb.de;Buchwissenschaft, Buchhandel
K3373;konkursbuch verlag;Konkursbuch Verlag Claudia Gehrke;Tübingen;01.04.1978;;16344015-3;http://www.konkursbuch.com;"Einzelne Branchen der Industrie und des Handwerks; Buchwissenschaft, Buchhandel"
K3374;kuk;KUK Electronic;Appenzell;;;1229672273;https://www.kuk.ch;
K3375;kukma - Kunst- und Kulturverein;;;;;;;
K3376;kunstanstifter;Kunstanstifter Verlag e.Kfr.;Mannheim;21.11.2006;;1065095562;http://www.kunstanstifter.de;Buchwissenschaft, Buchhandel
K3377;kurz & bündig Verlag;kurz & bündig verlag;"Basel; Thun; Frankfurt am Main";2019;;1229442537;https://kurz-und-buendig-verlag.com/;
K3378;laurin;Edition Laurin;Innsbruck;;;1064792251;http://www.editionlaurin.at;Buchwissenschaft, Buchhandel
K3379;lebema.ch;;;;;;;
K3380;lectorbooks, ein Imprint der Torat GmbH;lectorbooks;Zürich;2017;;1135000174;;Buchwissenschaft, Buchhandel
K3381;lehmanns media;Lehmanns Media GmbH;Berlin;1981;;1065222254;http://www.lehmanns.de;Buchwissenschaft, Buchhandel
K3382;lila-verlag.ch;;;;;;;
K3383;literatur:vorarlberg;;;;;;;
K3384;luv Verlag;;;;;;;
K3385;mXpro;mXpro GmbH - mediaXproduction;Lüdenscheid;;;1064287077;http://www.mxpro.de;Buchwissenschaft, Buchhandel
K3386;mainbook;MainBook Verlag;Frankfurt am Main;2010;;1065131720;https://www.mainbook.de;Buchwissenschaft, Buchhandel
K3387;mandelbaum verlag;Mandelbaum Verlag;"Berlin; Wien";1996;;1065367694;https://www.mandelbaum.at;Buchwissenschaft, Buchhandel
K3388;manggei verlag;;;;;;;
K3389;manitu-books;;;;;;;
K3390;manuskripte-Literaturverein;;;;;;;
K3391;mare;Mare Verlag GmbH & Co. oHG;Hamburg;2008;;1065361157;http://www.mare.de;Buchwissenschaft, Buchhandel
K3392;mariprosa;mariprosa;Bad Essen;;;1064726100;;Buchwissenschaft, Buchhandel
K3393;marixverlag;marix Verlag;Wiesbaden;;;1065492138;http://www.verlagshausroemerweg.de;Buchwissenschaft, Buchhandel
K3394;maudrich;Wilhelm Maudrich (Wien);"Wien; Düsseldorf";;;2026884-1;;
K3395;mbassador GmbH;;;;;;;
K3396;mediaKern;mediaKern GmbH;Wesel;;;1064122132;https://www.kawohl.de/mediakern-gmbh/;Buchwissenschaft, Buchhandel
K3397;medimont;medimont Verlag GmbH;München;22.05.1996;;1066119465;;Buchwissenschaft, Buchhandel
K3398;meinbesteller.de;;;;;;;
K3399;menani GmbH;;;;;;;
K3400;mgo Fachverlage;;;;;;;
K3401;mikrotext;mikrotext (Körperschaft);Berlin;2013;;1065707851;https://mikrotext.de;Buchwissenschaft, Buchhandel
K3402;modo;Modo;;;;10294318-7;;Musik (Allgemeines), Musikgeschichte
K3403;morgenroth media;morgenroth media GmbH;;;;1066123195;http://www.morgenroth-media.de;Buchwissenschaft, Buchhandel
K3404;moses Verlag;moses. Verlag GmbH;;22.05.1991;;1065502915;http://www.moses-verlag.de;Buchwissenschaft, Buchhandel
K3405;muc Verlag;muc Verlag;München;;;1064121101;http://www.muc-verlag.de;Buchwissenschaft, Buchhandel
K3406;mvg verlag;mvg Verlag;München;;;1065502494;;Buchwissenschaft, Buchhandel
K3407;myMorawa;myMorawa;Großebersdorf;;;1235894746;https://www.mymorawa.com/;
K3409;münstermann;;;;;;;
K3410;münstermitte medienverlag;münstermitte medienverlag GmbH & Co. KG;Münster (Westf);;;1065426267;http://www.muenstermitte-medienverlag.de;Buchwissenschaft, Buchhandel
K3411;neobooks;neobooks;München;;;1064332676;http://www.droemer-knaur.de;Buchwissenschaft, Buchhandel
K3412;netzbuchladen.de;;;;;;;
K3413;nicolai;Nicolaische Buchhandlung;"Stettin; Elbing; Berlin";1713;1858;6146046-1;;"Handel einzelner Branchen, Dienstleistung einzelner Branchen; Buchwissenschaft, Buchhandel"
K3414;novum Verlag;novum pro Verlag;Neckenmarkt;;;1065490917;http://www.novumverlag.com;Buchwissenschaft, Buchhandel
K3415;octOpus;;;;;;;
K3416;ohneohren verlag;Verlag OHNEOHREN Ingrid Pointecker;Wien;;;106474401X;http://www.ohneohren.com;Buchwissenschaft, Buchhandel
K3417;onomato verlag;onomato (Firma);Düsseldorf;;;1065031807;https://onomato.de/;Buchwissenschaft, Buchhandel
K3418;ostbooks;;;;;;;
K3419;outlook Verlag;Outlook Verlag;Paderborn;;;1065794428;;Buchwissenschaft, Buchhandel
K3420;p.l.o.t. e.V.;;;;;;;
K3421;p.machinery;p.machinery;Murnau a. Staffelsee;;;1064784577;http://www.pmachinery.de;Buchwissenschaft, Buchhandel
K3422;parasitenpresse;;;;;;;
K3423;pavée - peter appeltauer vélo edition;;;;;;;
K3424;pdk-Verl.;pdk Verlag;Berlin;01.05.2009;;1064120717;http://www.pdkverlag.de;Buchwissenschaft, Buchhandel
K3425;peppair GmbH;;;;;;;
K3426;pkp Verlag;Pierre Kynast (Firma);"Leuna; Merseburg";;;1065163010;https://www.weltraumladen.com/pkp-Verlag;Buchwissenschaft, Buchhandel
K3427;plV-Media;;;;;;;
K3428;plattform;;;;;;;
K3429;pro MESSAGE;pro MESSAGE oHG;Ludwigshafen am Rhein;01.09.2002;;1065864442;http://www.pro-message.de;Buchwissenschaft, Buchhandel
K3430;pro Monstein;pro Monstein;Monstein;1999;;1195477708;;
K3431;pro mente edition;pro mente edition;Linz;;;1065215398;http://www.promenteooe.at/edition;Buchwissenschaft, Buchhandel
K3432;product verlag;Product Verlag Ernst-Walter Hug;Schwäbisch Hall;;;1064064353;;Buchwissenschaft, Buchhandel
K3433;projektverlag;Projekt Verlag;"Bochum; Freiburg im Breisgau";12.08.1991;;1064201490;http://www.projektverlag.de;Buchwissenschaft, Buchhandel
K3434;public book media verlag;;;;;;;
K3435;pudelundpinscher;edition pudelundpinscher;"Erstfeld; Linescio; Wädenswil";2006;;1065162936;http://www.pudelundpinscher.ch;Buchwissenschaft, Buchhandel
K3436;pyjamaguerilleros;;;;;;;
K3437;pünktchen Kinderbuchverlag;;;;;;;
K3438;quartus-Verlag;Quartus-Verlag;Bucha (Saale-Holzland-Kreis);01.07.1995;;1065966385;http://www.quartus-verlag.de/index2.htm;Buchwissenschaft, Buchhandel
K3439;radio 3;;;;;;;
K3440;ratio-books;ratio-books;;XX.01.2006;;1064196888;http://www.ratio-books.de;Buchwissenschaft, Buchhandel
K3441;rbb;RBB & Cie;;;;108657768X;;
K3442;re:sonar verlag;;;;;;;
K3443;read4joy;;;;;;;
K3444;riki;riki GmbH;Interlaken;1994;;1065568908;http://www.rikiverlag.ch;Buchwissenschaft, Buchhandel
K3445;riva;riva Verlag;München;2004;;1065222300;;Buchwissenschaft, Buchhandel
K3446;rohumedia;;;;;;;
K3447;rosenheimer;Rosenheimer Verlagshaus;Rosenheim;23.08.1949;;1038837081;http://www.rosenheimer.com;Buchwissenschaft, Buchhandel
K3448;rulSuspense Verlag;;;;;;;
K3449;rüffer & rub;rüffer & rub Sachbuchverlag;Zürich;2000;;1086296761;https://ruefferundrub.ch;"Buchwissenschaft, Buchhandel; Einzelne Branchen der Industrie und des Handwerks"
K3450;scius;;;;;;;
K3451;scribaria;Scribaria (Körperschaft);;2006;;10167886-1;;
K3452;scridelio;;;;;;;
K3453;skript-Verlag;Skript-Verlag;Neuss;;;1064134181;http://www.skript-verlag.de;Buchwissenschaft, Buchhandel
K3454;smp, swb media publishing;;;;;;;
K3455;sonderzahl;Sonderzahl-Verlag;Wien;;;1191718492;;
K3456;sonne & mond;edition sonne und mond Manfred Stangel;Wien;;;1065497075;http://www.sonneundmond.at;Buchwissenschaft, Buchhandel
K3457;spree-books (spree-media.net GmbH);;;;;;;
K3458;steinbach sprechende bücher;steinbach sprechende bücher e.Kfr.;Schwäbisch Hall;1978;;1067150420;http://www.sprechendebuecher.de;Buchwissenschaft, Buchhandel
K3459;stirnholz Verlag;;;;;;;
K3460;story.one;;;;;;;
K3461;sujet verlag;Sujet Druck & Verlag;Bremen;;;1065655878;;Buchwissenschaft, Buchhandel
K3462;swiboo.ch;swiboo.ch;"Frick; Stein (Aargau)";;;1197000151;;
K3463;synergenVerlag;synergenVerlag;Dortmund;20.12.2000;;1064922554;http://www.synergenverlag.de;Buchwissenschaft, Buchhandel
K3464;telegonos-publishing;;;;;;;
K3465;thrillercriminal.com Community;;;;;;;
K3466;tolino media;;;;;;;
K3467;tosa;Tosa GmbH;;;;1064064434;http://www.tosa-verlag.de;Buchwissenschaft, Buchhandel
K3468;tpk-Verlag;tpk-Verlag;Bielefeld;1997;;1065104618;http://www.tpk-verlag.de;Buchwissenschaft, Buchhandel
K3469;trafo;trafo Literaturverlag;Berlin;;;1065425031;http://www.trafoberlin.de;Buchwissenschaft, Buchhandel
K3470;tredition;Tredition GmbH (Hamburg);"Ahrensburg; Hamburg";2006;;16092129-6;http://www.tredition.de;"Buchwissenschaft, Buchhandel; Einzelne Branchen der Industrie und des Handwerks"
K3471;tunkan;;;;;;;
K3472;tvd-Verl.;tvd Verlag GmbH;Düsseldorf;;;1065783930;;Buchwissenschaft, Buchhandel
K3473;uli-jungbluth-press;;;;;;;
K3474;unartproduktion;Unartproduktion (Dornbirn);Dornbirn;;;10347783-4;"http://www.unartproduktion.at; http://www.unartproduktion.at/index.php?id=127";"Buchwissenschaft, Buchhandel; Einzelne Branchen der Industrie und des Handwerks"
K3475;vHVerlag;;;;;;;
K3476;vabaduse.de;;;;;;;
K3477;van Aaken;Talishja van Aaken (Firma);Köln;01.07.2004;;1064057861;;Buchwissenschaft, Buchhandel
K3496;wek-Verl.;wek-Verlag;Treuchtlingen;01.08.1984;;1065028105;http://www.wek.de;Buchwissenschaft, Buchhandel
K3497;wesText Verlag;wesText Verlag;Hückelhoven;;;1064789986;http://www.westext.de;Buchwissenschaft, Buchhandel
K3499;wir sind lesenswert – Verein für Literatur;;;;;;;
K3500;wirschreibenfürahrweiler, Autorengemeinschaft;;;;;;;
K3501;wortbau e.V.;Schreibende Schüler e.V.;;2009;;16059317-7;http://www.schreibende-schueler.de;
K3503;wtp-verlag;;;;;;;
K3504;wtv;WTV;Meßstetten;;;1065213034;;Buchwissenschaft, Buchhandel
K3505;www.hairfashionplus.ch;;;;;;;
K3506;www.ideenteufel.de;;;;;;;
K3507;www.stejnar-verlag.com;;;;;;;
K3508;xenomoi;xenomoi verlag e.K.;Berlin;01.03.2001;;1065437854;http://www.xenomoi.de;Buchwissenschaft, Buchhandel
K3509;xlibri;xlibri.de (Firma);Kaufering;2000;;1322102171;https://www.xlibri.de/;
K3510;zebra bw;Zentrale Beratungsstelle für Weltanschauungsfragen BW;Freiburg im Breisgau;2020;;1205688609;;
K3511;zepp.text Verlag;;;;;;;
K3512;zocher & peter;;;;;;;
K3513;zu Klampen!;zu Klampen Verlag;"Lüneburg; Springe";03.08.1983;;1038595991;https://zuklampen.de/;Buchwissenschaft, Buchhandel
K3514;zwiebook;ZWIEBOOK;Dresden;;;1065111681;http://www.zwiebook.de;Buchwissenschaft, Buchhandel
K3515;Çizgi Kitabevi;;;;;;;
K3516;Èditions à la Carte;Éditions à la Carte;Siders;;;1212890426;http://www.editions-carte.ch/;
K3517;Éd. L'Oreille du Loup;;;;;;;
K3518;Éd. Saint-Paul;;;;;;;
K3519;Éditions Guy Binsfeld;com'unity sarl Edition Guy Binsfeld;Luxemburg;;;1065492065;;Buchwissenschaft, Buchhandel
K3520;Írott Szó Alapítvány;;;;;;;
K3521;ÖBB Personenverkehr AG, Personalmanagement Kärnten;;;;;;;
K3522;Österr. Kunst- u. Kulturverl.;;;;;;;
K3523;Österreichische Literaturgesellschaft;Österreichische Literaturgesellschaft;Zug;;;1205425624;;
K3524;Österreichischer Schriftsteller/innenverband;Österreichischer Schriftsteller/Innenverband;Wien;2011;;1025599160;https://www.oesv.or.at/home.html;
K3525;Österreichisches Literaturforum;Österreichisches Literaturforum;Krems an der Donau;;;10007715-8;http://www.oelf.at/;
K3526;ß Verlag;ß Verlag & Medien GbR;Rostock;;;1065140738;https://www.eszet-verlag.de/;Buchwissenschaft, Buchhandel
