ISBN,Buchtitel,Auflage,Publikationsort,Publisher,Publikationsjahr,Seitenzahl,Verfasser,Herausgeber,Übersetzer,keineRolle,sonstigeRolle,Gattung_Genre,Sprache,SpracheOriginal
,Abendliche Begenungen,,Leipzig,Nadja Lanart,2023,1,"Lanart, Nadja",,,,,Fiktionale Darstellung; Erzählende Literatur,ger,
,Abreißkalender History to go 2024,,München,arsEdition,2023,640,"Feisel, Ronald",,,,,Geschenkbücher,ger,
,Als es dunkel wurde,,Leipzig,Nadja Lanart,2023,1,"Lanart, Nadja",,,,,Fiktionale Darstellung; Erzählende Literatur,ger,
,Anekdoten,,Wien,Buchschmiede von Dataform Media GmbH,2023,,,,,,"Honkisz, Bernhard",Fiktionale Darstellung; Erzählende Literatur,ger,
,Anthologie,Erstveröffentlichung,Bamberg,China Fan Verlag,2023,,"Li, Jenny",,,,,Anthologie; Erzählende Literatur: Anthologien,ger,
,Atalanta,Ungekürzte Neuausgaben in neuer deutscher Rechtschreibung,Lüneburg,Dieter von Reeken,2023,6,"Kraft, Robert",,,,,Fiktionale Darstellung; Erzählende Literatur: Hauptwerk vor 1945,ger,
,Auf den Seelengrund greifen,,Mönchengladbach,Jutta Chrisanth,2023,72,"Chrisanth, Jutta",,,,,Anthologie; Gemischte Anthologien,ger,
,Basel Oneway,,Stuttgart,"Im Eigenverlag - PAS, Schur, Peter A.",2023,100,"Schur, Peter A.",,,,,Anthologie; Erzählende Literatur: Anthologien,ger,
,Begegnungen,,Weitersburg,Dagmar Pascher,2023,104,"Pascher, Dagmar",,,,,Anthologie; Gemischte Anthologien,ger,
,black stories Bloody True Crime,1. Auflage,Kempen,moses Verlag,2023,50,"Harder, Corinna; Schumacher, Jens",,,,"Skopnik, Bernhard","Krimis, Thriller, Spionage",ger,
,black stories Christmas,1. Auflage,Kempen,moses Verlag,2023,50,"Harder, Corinna; Schumacher, Jens",,,,"Skopnik, Bernhard","Krimis, Thriller, Spionage",ger,
,black stories Da lacht der Sensenmann!,1. Auflage,Kempen,moses Verlag,2023,50,"Grimm, Tom",,,,"Skopnik, Bernhard","Krimis, Thriller, Spionage",ger,
,black stories Daily Disasters,1. Auflage,Kempen,moses Verlag,2023,50,"Harder, Corinna; Schumacher, Jens",,,,"Skopnik, Bernard","Krimis, Thriller, Spionage",ger,
,black stories Epic Fails,1. Auflage,Kempen,moses Verlag,2023,50,"Harder, Corinna; Schumacher, Jens; Kollars, Helmut",,,,,"Krimis, Thriller, Spionage",ger,
,black stories Funny Death,1. Auflage,Kempen,moses Verlag,2023,50,"Harder, Corinna; Schumacher, Jens",,,,"Skopnik, Bernhard","Krimis, Thriller, Spionage",ger,
,"black stories Leichen, Pech & Pannen",1. Auflage,Kempen,moses Verlag,2023,50,"Harder, Corinna; Schumacher, Jens",,,,"Kollars, Helmut","Krimis, Thriller, Spionage",ger,
,black stories Medizin,1. Auflage,Kempen,moses Verlag,2023,50,"Berger, Nicola",,,,"Skopnik, Bernhard","Krimis, Thriller, Spionage",ger,
,black stories Nr. 1,1. Auflage,Kempen,moses Verlag,2023,50,"Bösch, Holger; Skopnik, Bernhard",,,,,"Krimis, Thriller, Spionage",ger,
,black stories Oh unheilige Nacht!,1. Auflage,Kempen,moses Verlag,2023,100,"Harder, Corinna; Schumacher, Jens",,,,"Skopnik, Bernhard","Krimis, Thriller, Spionage",ger,
,black stories Psycho,1. Auflage,Kempen,moses Verlag,2023,50,"Berger, Nicola; Vogel, Elke",,,,"Kollars, Helmut","Krimis, Thriller, Spionage",ger,
,black stories Real Crime,1. Auflage,Kempen,moses Verlag,2023,50,"Harder, Corinna; Schumacher, Jens",,,,"Skopnik, Bernhard","Krimis, Thriller, Spionage",ger,
,black stories Shit Happens,1. Auflage,Kempen,moses Verlag,2023,50,"Harder, Corinna; Schumacher, Jens",,,,"Skopnik, Bernhard","Krimis, Thriller, Spionage",ger,
,black stories Tatortreiniger,1. Auflage,Kempen,moses Verlag,2023,50,"Kundt, Thomas",,,,"Kollars, Helmut","Krimis, Thriller, Spionage",ger,
,black stories True Crime,1. Auflage,Kempen,moses Verlag,2023,50,"Harder, Corinna; Schumacher, Jens",,,,"Skopnik, Bernhard","Krimis, Thriller, Spionage",ger,
,black stories V.I.P. Fails,1. Auflage,Kempen,moses Verlag,2023,50,"Harder, Corinna; Schumacher, Jens",,,,"Kollars, Helmut","Krimis, Thriller, Spionage",ger,
,"black stories Vorsicht, Verschwörung!",1. Auflage,Kempen,moses Verlag,2023,50,"Bösch, Holger",,,,"Skopnik, Bernhard","Krimis, Thriller, Spionage",ger,
,Bromacker Geschichten,Auflage: Dezember 2023,Gotha,Friedenstein Stiftung Gotha,2023,57,,"Franke, Jana",,,,Anthologie; Gemischte Anthologien,ger,
,Crime Quiz - Weiß-blaue Mords-Geschichten und Verbrechen,1. Auflage,Germering,Groh,2023,51,"Harder, Corinna; Harder, Oliver",,,,,Geschenkbücher,ger,
,"Das Leben im Dorf in der Nachkriegszeit, wie es sich in Erzählungen widerspiegelt",,Sörup/Ortsteil Mühlenholz,Hannelore Jeske,2023,106,,,,,"Jeske, Hannelore",Fiktionale Darstellung; Erzählende Literatur,ger,
,Das schwarze Element,Special edition,Alhorn,Chest of Fandoms,2023,,"Böhm, Nicole",,,,,Fiktionale Darstellung; Fantasy,ger,
,Der kleine Fürst,,Hamburg,Martin Kelter Verlag GmbH & Co. KG,2023,,"Maybach, Viola",,,,,,ger,
,Derenburg (Strohkoppshausen),,Magdeburg,Edition Huy,2023,71,"Brockob, Eckhard",,,,,Fiktionale Darstellung; Erzählende Literatur,ger,
,Die Eichhörnchen Erzählungen,,Deutschland,Michael Düthorn,2023,7,"Düthorn, Michael",,,,,Anthologie; Erzählende Literatur: Anthologien,ger,
,Die Fisch-Filet-Fabrik und weitere eigenartige Erzählungen,,Sattledt,"Dr. Elmar Oberegger, Wiss. Kons. d. Landes OÖ, Elobert Stifter, Eigenverlag",2023,67,"Stifter, Elobert",,,,,Fiktionale Darstellung; Erzählende Literatur: Gegenwartsliteratur ab 1945,ger,
,"Die Frau des Trommlers und andere Geschichten aus dem ""Märtyrerspiegel""",1. Auflage,Steinhagen,Samenkorn e.V.,2023,239,"Stoll, Joseph",,,,,Fiktionale Darstellung; Historische Romane und Erzählungen,ger,
,Die gesammelten Romane und Erzählungen,,Berlin,Claassen,2023,6,"Haushofer, Marlen",,,,,Fiktionale Darstellung; Erzählende Literatur: Gegenwartsliteratur ab 1945,ger,
,Die schönsten Bergromane,,Köln,Bastei Lübbe GmbH & Co. KG,2023,,,,,,,,ger,
,Dies ist ein fremdes Land,,Bamberg,China Fan Verlag,2023,344,"Li, Jenny",,,,,Anthologie; Erzählende Literatur: Anthologien,ger,
,Doris Bauer - Bilder und ihre Geschichten,,Rockenberg,Luise Link,2023,87,"Link, Luise",,,,"Bauer, Doris",Bildband,ger,
,Drei Abenteuer-Geschichten von Malek und viele weitere Stories,,Zürich,JULL Junges Literaturlabor,2023,34,,,,,"Schweikert, Ruth; Gottheil, Lea",Anthologie; Erzählende Literatur: Anthologien,ger,
,Dr. Norden,,Hamburg,Kelter,2023,,,,,,,,ger,
,Ein Blütenstrauss,,Erscheinungsort nicht ermittelbar,Renate Kärcher-Bickhoff,2023,59,"Kärcher-Bickhoff, Renate",,,,,Anthologie; Gemischte Anthologien,ger,
,Ein Engel namens Pomelo,,Buchholz,meer! Karin Buchholz,2023,38,"Buchholz, Karin",,,,,Fiktionale Darstellung; Erzählende Literatur,ger,
,Einfach Lesen,,Imst,Stadtgemeinde Imst,2023,154,,"Stolze, Hannah",,,,Anthologie; Erzählende Literatur: Anthologien,ger,
,Einladung an die Furcht,"Privatdruck, deutsche Erstausgabe",Giessen,Robert N. Bloch,2023,158,"Renard, Maurice",,"Petry, Manfred",,"Petry, Manfred",Anthologie; Erzählende Literatur: Anthologien,ger,fre
,Erzähl mir Material,,Halle,"M.A. Kunstwissenschaften, Burg Giebichenstein Kunsthochschule Halle",2023,92,,"Schleimer, Maren; Simeth, Sofia",,,,Anthologie; Gemischte Anthologien,ger,
,Erzählungen 1996 bis 2020,,München,Golkonda,2023,,"Chiang, Ted",,,,,Anthologie; Erzählende Literatur: Anthologien,ger,eng
,Erzählungen aus Merat am See,,Erfurt,Sophie Neumann,2023,,"Neumann, Sophie",,,,,Fiktionale Darstellung; Fantasy,ger,
,Fingerspitzen,,Leipzig,Nadja Lanart,2023,1,"Lanart, Nadja",,,,,Fiktionale Darstellung; Erzählende Literatur,ger,
,Fingertips,,Leipzig,Nadja Lanart,2023,1,"Lanart, Nadja",,,,,Fiktionale Darstellung; Erzählende Literatur,ger,
,Finsterglut ,Erstauflage,Dietzenbach,Sybille Roth,2023,409,,"Roth, Sybille",,,,Fiktionale Darstellung; Fantasy,ger,
,Fürstenkinder,,Hamburg,Kelter,2023,,,,,,,,ger,
,G-man Jerry Cotton,,Köln,Bastei Lübbe,2023,,,,,,,,ger,
,Garantiert lebendig,,Leipzig,Nadja Lanart,2023,1,"Lanart, Nadja",,,,,Fiktionale Darstellung; Erzählende Literatur,ger,
,Gebraucht,,Leipzig,Nadja Lanart,2023,1,"Lanart, Nadja",,,,,Fiktionale Darstellung; Erzählende Literatur,ger,
,Gedichte & Geschichten,,Graz,Wir machen Kultur,2023,,,,,,,,ger,
,Gedichte und Geschichten,,42023,,2023,,,,,,,,ger,
,Geliehene Träume und andere Kurzgeschichten,Erste Auflage,Kassel,Eigenverlag,2023,109,FELiCiTARiS,,,,,Anthologie; Erzählende Literatur: Anthologien,ger,
,Geschichten aus dem Wienerwald,,Aarau,Breuninger Theaterverlag,2023,60,"Horváth, Ödön von",,"Burkhalter, Simon",,,Theaterstück; Dramatik,gsw; ger,ger
,Geschichten aus'n Arzgebirg,,Sehmatal-Neudorf,Werbeagentur Hochwald,2023,138,"Roscher, Gernot",,,,,Fiktionale Darstellung; Erzählende Literatur,ger,
,G.F. Unger,,Köln,Bastei Lübbe AG,2023,,,,,,,,ger,
,Gitt's denn suewos ...,,Gunzen,Verein Gunzen 1409 e.V.,2023,210,"Nürnberger, Margot",,,,,Anthologie; Gemischte Anthologien,ger,
,Halefs Erben in den Turmruinen von Babylon,2. Auflage,Hannover,Helmut Wein,2023,228,"Wein, Helmut",,,,,Fiktionale Darstellung; Erzählende Literatur,ger,
,Hermes-Statue,,Leipzig,Nadja Lanart,2023,1,"Lanart, Nadja",,,,,Fiktionale Darstellung; Erzählende Literatur,ger,
,Höllenhammer,,Wien,Buchschmiede von Dataform Media GmbH,2023,,,,,"Maly, Patrick",,Fiktionale Darstellung; Fantasy,ger,
,Jubiläums-Sammelband - 70 Jahre Bastei,,Köln,Bastei Lübbe AG,2023,63,,,,,,,ger,
,Jubiläums-Sammelband - 70 Jahre Bastei,,Köln,Bastei Lübbe AG,2023,65,,,,,,,ger,
,Jubiläums-Sammelband - 70 Jahre Bastei,,Köln,Bastei Lübbe AG,2023,61,,,,,,,ger,
,Jubiläums-Sammelband - 70 Jahre Bastei,,Köln,Bastei Lübbe AG,2023,5,,,,,,Fiktionale Darstellung; Erzählende Literatur: Gegenwartsliteratur ab 1945,ger,
,Jubiläums-Sammelband - 70 Jahre Bastei,,Köln,Bastei Lübbe AG,2023,5,,,,,,Fiktionale Darstellung; Spannung,ger,
,Kleine Geschichten zur Weihnachtszeit,,Erftstadt,Rose-Marie Merten,2023,44,"Merten, Rose-Marie",,,,,Fiktionale Darstellung; Erzählende Literatur,ger,
,"Kling, Glöckchen, klinge-linge-ling ...",,Wetzlar,Phantastische Bibliothek,2023,75,,"Le Blanc, Thomas",,,,Anthologie; Erzählende Literatur: Anthologien,ger,
,Kürzestgeschichten,,Reutlingen,Lukas Böhl,2023,57,"Böhl, Lukas",,,,,Anthologie; Erzählende Literatur: Anthologien,ger,
,Kurzgeschichten aus dem Leben,"2., geänderte Auflage",Bad Berleburg,M. B. Heinzelmann,2023,80,"Heinzelmann, Manfred B.",,,,,Anthologie; Erzählende Literatur: Anthologien,ger,
,Mahnmal des Todes,,Büdingen,Goblin-Press,2023,109,"Müller, Christopher",,,,"Müller, Christopher",Fiktionale Darstellung; Fantastische Literatur,ger,
,"Merry Christmas, Santa Claus!",,Buchholz,meer! Karin Buchholz,2023,49,"Buchholz, Karin",,,,,Fiktionale Darstellung; Erzählende Literatur,ger,
,Mitgehorcht - Mitgeschrieben,,Großebersdorf,Buchschmiede,2023,,"Stanzel, Fritz",,,,,Fiktionale Darstellung; Romanhafte Biographien,ger,
,Momentaufnahmen,,Erftstadt,Rose-Marie Merten,2023,42,"Merten, Rose-Marie",,,,,Fiktionale Darstellung; Erzählende Literatur,ger,
,Nicht irgendein Adventskalender,,Buchholz,meer! Karin Buchholz,2023,50,"Buchholz, Karin",,,,,Fiktionale Darstellung; Erzählende Literatur: Gegenwartsliteratur ab 1945,ger,
,Pfiffikus Pfeffernuss,,Berumbur,Marilu-Verlag,2023,492,"Wolf, Marion",,,,,Fiktionale Darstellung; Erzählende Literatur,ger,
,Rondo Sammelband,Deutsche Erstausgabe,Berlin,Stefan Barth,2023,2,"Barth, Stefan",,,,,Fiktionale Darstellung; Spannung,ger,
,Sagenhafte Burger Hof Geschichten,,Bruneck,Schulverbund Pustertal,2023,83,,"Sparber, Karin",,,,Anthologie; Erzählende Literatur: Anthologien,ger,
,Sehr kurze Geschichten,,Leipzig,Nadja Lanart,2023,1,"Lanart, Nadja",,,,,,ger,
,Seltsame und phantastische Erzählungen von 1926 bis 1933,,Neustadt in Sachsen,Dunkelgestirn,2023,2,"Am Bruhl, Leo",,,,,Fiktionale Darstellung; Fantastische Literatur,ger,
,Special Event - venezianischer Maskenball,,Mühltal,Cleo Rivers c/o Gwendolyn Wynter Autorenimpressum,2023,94,"Rivers, Cleo",,,,,Fiktionale Darstellung; Erzählende Literatur,ger,
,Special Event - Weihnachtsauktion,,Mühltal,Cleo Rivers c/o Gwendolyn Wynter Autorenimpressum,2023,74,"Rivers, Cleo",,,,,Fiktionale Darstellung; Erzählende Literatur,ger,
,Sturz,,Leipzig,Nadja Lanart,2023,1,"Lanart, Nadja",,,,,Fiktionale Darstellung; Erzählende Literatur,ger,
,Such relief,,Leipzig,Nadja Lanart,2023,1,"Lanart, Nadja",,,,,Fiktionale Darstellung; Erzählende Literatur,ger,
,Teppiche,1. Aufl.,Wetzlar,Phantastische Bibliothek,2023,75,"Riescher, Bianca M.",,,,,Fiktionale Darstellung; Fantastische Literatur,ger,
,Tierisch gute Freunde,,Halle (Saale),Mitteldeutscher Verlag,2023,56,,,,,,Anthologie; Gemischte Anthologien,ger,
,Traumfrau wider Willen,Erste Auflage,"Bad Aibling, Deutschland",Stina Milner,2023,572,"Milner, Stina",,,,,Fiktionale Darstellung; Erzählende Literatur: Gegenwartsliteratur ab 1945,ger,
,Ungebunden,,Potsdam,Albrecht Walter,2023,232,"Walter, Albrecht",,,,"Walter, Albrecht",Bildband,ger,
,Wasted bodies,,Sattledt,Dr. Elmar Oberegger,2023,64,"Stifter, Elobert",,,,,Fiktionale Darstellung; Erzählende Literatur,ger,
,Welche Erleichterung,,Leipzig,Nadja Lanart,2023,1,"Lanart, Nadja",,,,,Fiktionale Darstellung; Erzählende Literatur,ger,
,Wenn das große Wozu das kleine Warum trifft,1. Auflage,Leipzig,Oeverbos Verlag,2023,152,,"Leithold, Katrin",,,,Anthologie; Erzählende Literatur: Anthologien,ger,
,"Willi, Wischmopp, Weihnachten",1. Auflage,Wegberg,SiebenSchreiber,2023,108,,,,,,Anthologie; Gemischte Anthologien,ger,
,Winchester,,Bergisch-Gladbach,Lübbe,2023,,,,,,,,ger,
,Woodside stories,,Raa-Besenbek,Lovemoon Verlag,2023,,"Rhodes, Anna K.",,,,,Fiktionale Darstellung; Erzählende Literatur: Gegenwartsliteratur ab 1945,ger,
,Ymir - Erzählungen,,Nürnberg,ICHverlag Häfner & Häfner,2023,16,,,,,"Häfner, Johannes",Bildband,ger,
,Ymir - Erzählungen,,Nürnberg,ICHverlag Häfner & Häfner,2023,20,,,,,"Häfner, Johannes",Bildband,ger,
,Ymir - Erzählungen,,Nürnberg,ICHverlag Häfner & Häfner,2023,2,,,,,"Häfner, Johannes",Pressendruck,ger,
,Zarenthron Geschichten,,Wüstenrot,ASTALTOONS,2023,80,"Astalos, I.; Tischler, Hans",,,,,"Comic; Humor, Satire",ger,
,Zauberhafte Geschichten zur Weihnacht,,Kevelaer,Lahn-Verlag,2023,,,,,,,Geschenkbücher,ger,
,Zeichen setzen,,Halle (Saale),Mitteldeutscher Verlag,2023,64,,"Orlac, Sebastian",,,,Anthologie; Erzählende Literatur: Anthologien,ger,
,Zwei fremde Augen,,Leipzig,Nadja Lanart,2023,1,"Lanart, Nadja",,,,,Fiktionale Darstellung; Erzählende Literatur,ger,
,2023,,Leipzig,Nadja Lanart,2022,1,"Lanart, Nadja",,,,,Fiktionale Darstellung; Erzählende Literatur,ger,
,Abseits der Geographie,Originalveröffentlichung,Neustadt in Sachsen,Dunkelgestirn,2022,366,,"Dangel, Lars",,,,Anthologie; Fantastische Literatur,ger,
,Animale fantasticotto e altre storie meravigliose,,Vicosprano,Biennale Bregaglia c/o Progetti darte in Val Bregaglia,2022,32,,,,,"Ciapponi, Lilia",Anthologie; Erzählende Literatur: Anthologien,ger; ita,ita
,Anthologie 2022,,Berlin,Fakriro GbR,2022,,,"Schuh, Sabrina",,,,Anthologie; Erzählende Literatur: Anthologien,ger,
,Arztromane,,Hamburg,Kelter,2022,,,,,,,,ger,
,Aventuria - Mythische Geschichten Box,,Waldems,Ulisses Medien und Spiel Distribution GmbH,2022,196,"Lonsing, Christian; Plötz, Markus; Grimme, Alexander",,,,,Fantasy,ger,
,Berge des Wahnsinns,,München,Heyne,2022,2,"Lovecraft, H. P.",,"Hermstein, Rudolf",,"Baranger, François",Fiktionale Darstellung; Horror,ger,eng
,Bilderbuch,,Leipzig,Nadja Lanart,2022,1,"Lanart, Nadja",,,,,Fiktionale Darstellung; Erzählende Literatur,ger,
,Bittersüße Wirklichkeiten,,Vechta,Geest-Verlag,2022,2,,"Behechti, Marianne; Daum, Linda; Egger, Doris; Flieder, Kira; Witzlau, Inge; Büngen, Alfred",,,,"Anthologie; Unterhaltung, Gemischte Anthologien",ger,
,black stories Das Spiel,2. Auflage,Kempen,moses Verlag,2022,,"Brand, Inka; Brand, Markus",,,,"Streese, Folko; Köhrsen, Andrea","Krimis, Thriller, Spionage",ger,
,Bone Hunters Sammelband,,Leipzig,Juli van Winter,2022,702,,,,"Winter, Juli van",,Fiktionale Darstellung; Erzählende Literatur,ger,
,Brücken,,Bochum,Eigenverlag,2022,194,"Rinke, Helmut",,,,,Anthologie; Gemischte Anthologien,ger,
,Danketag,,Buchholz,meer! Karin Buchholz,2022,11,"Buchholz, Karin",,,,,Fiktionale Darstellung; Erzählende Literatur,ger,
,Das Buch der verschollenen Geschichten,Ausgabe in der Reihe Hobbit Presse Paperback,Stuttgart,Klett-Cotta,2022,2,"Tolkien, J. R. R.","Tolkien, Christopher","Schütz, Hans J.",,,Anthologie; Fantasy,ger,eng
,Das Kunstmuseum,,Leipzig,Nadja Lanart,2022,1,"Lanart, Nadja",,,,,Fiktionale Darstellung; Erzählende Literatur,ger,
,Das überirdische Grillfest,,Rothenburg,Bernhard Karlstetter,2022,296,"Karlstetter, Bernhard",,,,,Anthologie; Erzählende Literatur: Anthologien,ger,
,Das Vergehen,,Ludwigshafen,Spatz,2022,139,"Godal, Kim",,,"Godal, Kim; Godal, Kim",,Fiktionale Darstellung; Erzählende Literatur,ger,
,Der kleine Fürst,,Hamburg,Martin Kelter Verlag GmbH & Co. KG,2022,,"Maybach, Viola",,,,,,ger,
,Der Obelisk,,Leipzig,Nadja Lanart,2022,1,"Lanart, Nadja",,,,,Fiktionale Darstellung; Erzählende Literatur,ger,
,Der Türspion,,Rothenburg,Bernhard Karlstetter,2022,261,"Karlstetter, Bernhard",,,,,Anthologie; Erzählende Literatur: Anthologien,ger,
,Der vorletzte Weihnachtsbaum,,Buchholz,meer! Karin Buchholz,2022,34,"Buchholz, Karin",,,,,Fiktionale Darstellung; Erzählende Literatur,ger,
,Der weiße Pfau von Eeksol und andere seltsame Geschichten,,Bad Bentheim,Privatdruck Manfred Petry,2022,162,"Oberg, F. C.","Petry, Manfred",,,,Fiktionale Darstellung; Erzählende Literatur,ger,
,Die Netto-Liga (gegen jede Regel): unglaubliche Geschichten aus dem bergischen Städtedreieck,,Solingen,Ruth Broucq,2022,195,"Broucq, Ruth",,,,,Fiktionale Darstellung; Erzählende Literatur: Gegenwartsliteratur ab 1945,ger,
,Die schönsten Bergromane,,Köln,Bastei Lübbe GmbH & Co. KG,2022,,,,,,,,ger,
,Die Villa in der Munckelstraße,Erste Auflage,Gelsenkirchen,Selbstverlag,2022,199,"Oetjen, Almut",,,,"Oetjen, Almut",Fiktionale Darstellung; Erzählende Literatur,ger,
,Dinggeschichten,,Hagen,Hagen University Press,2022,,,"Zeman, Mirna",,,,Anthologie; Historische Romane und Erzählungen,ger,
,Dr. Norden,,Hamburg,Kelter,2022,,,,,,,,ger,
,Ein Blumenstrauß mit Kerzen drauf,"Zweite, erweiterte Auflage",Gundelfingen,Dietrich Jeske,2022,56,"Jeske, Dietrich",,,,,Anthologie; Erzählende Literatur: Anthologien,ger,
,"Ein Freigeist, ein Bleistift und ein paar Blatt Papier",Auflage 1,Wächtersbach,Erik Hagemann,2022,170,"Hagemann, Erik",,,,,Anthologie; Gemischte Anthologien,ger,
,Ein Rauschgoldengel plaudert,,Nürnberg,Selbstverlag Steffi Zachmeier,2022,56,"Zachmeier, Steffi",,,,,Anthologie; Erzählende Literatur: Anthologien,ger,
,"Erzählt, gereimt, gesungen...",,"Eibenstock, OT Sosa/Erzgeb.",Europäischer Köhlerverband e.V.,2022,112,,"Tielke, Karl Josef",,,,Anthologie; Gemischte Anthologien,ger,
,Fehlzündungen,Privatdruck in limitierter Auflage,Moers,Martin Monsöhr,2022,207,"Monsöhr, Martin",,,,,Fiktionale Darstellung; Fantastische Literatur,ger,
,Feuer und Flamme,1. Auflage,Sonneberg,"Trautmann Druck, Verlag und Werbung",2022,137,"Rührich, Christel",,,,,Fiktionale Darstellung; Erzählende Literatur,ger,
,Fürstenherz,,Hamburg,Martin Kelter Verlag GmbH & Co. KG,2022,,,,,,,,ger,
,Fürstenkinder,,Hamburg,Kelter,2022,,,,,,,,ger,
,G-man Jerry Cotton,,Köln,Bastei Lübbe,2022,,,,,,,,ger,
,Gedichte und Geschichten,,42021,,2022,,,,,,,,ger,
,Gedichte und Geschichten,,42022,,2022,,,,,,,,ger,
,Geschichten aus einer norddeutschen Moorkolonie in den Jahren um 1800,,Oldenburg,Isensee Verlag,2022,,,,,,,Anthologie; Erzählende Literatur,ger; nds,
,Geschichten machen Mut,1. Auflage,Aue-Bad Schlema,Kontakt- und Informationsstelle für Selbsthilfe ERZ,2022,160,"Kartach, Karina",,,,,,ger,
,Geschichten machen Mut,,Aue-Bad Schlema,Kontakt- und Informationsstelle für Selbsthilfe ERZ,2022,2,"Kartach, Karina",,,,,Fiktionale Darstellung; Erzählende Literatur,ger,
,G.O.D.S. Flucht durch die Zeit,,Köln,Axel Aldenhoven,2022,,"Aldenhoven, Axel",,,,,Fiktionale Darstellung; Science Fiction,ger,
,Hausaufgaben,,Leipzig,Nadja Lanart,2022,1,"Lanart, Nadja",,,,,Fiktionale Darstellung; Erzählende Literatur,ger,
,Hexeneinmaleins,,Leipzig,Nadja Lanart,2022,1,"Lanart, Nadja",,,,,Fiktionale Darstellung; Erzählende Literatur,ger,
,Huzei-Geschichten,,Altdorf,RoRo Hand & Kopfwerkstatt,2022,,"Humair, Roland","Humair, Roland",,,,Anthologie; Erzählende Literatur: Anthologien,ger,
,Ich schenk dir den Mond,,Leipzig,Nadja Lanart,2022,1,"Lanart, Nadja",,,,,Fiktionale Darstellung; Erzählende Literatur,ger,
,Im Leben braucht man Phantasie,,Langgöns,Annette Schlapp,2022,48,"Schlapp, Annette",,,,,Fiktionale Darstellung; Erzählende Literatur,ger,
,Im wahrsten Sinne des Wortes,1. Auflage,Recklinghausen,Nicole Jentschel,2022,166,"Jentschel, Nicole",,,,,Fiktionale Darstellung; Erzählende Literatur,ger,
,Juni,,Årjäng,WeyTeCon Förlag,2022,444,"Tjärnväg, Larissa",,,,,Fiktionale Darstellung; Erzählende Literatur,ger,
,Kara Ben Nemsi - Abenteuer im magischen Orient,,Wetzlar,Phantastische Bibliothek,2022,74,,"Le Blanc, Thomas",,,,Anthologie; Erzählende Literatur: Anthologien,ger,
,Kurzgeschichten,,Neustadt an der Orla,Thami Verlag,2022,,"Zeltner, Verena",,,,,Fiktionale Darstellung; Erzählende Literatur,ger,
,Lichterweihnacht,,Buchholz,meer! Karin Buchholz,2022,18,"Buchholz, Karin",,,,,Fiktionale Darstellung; Erzählende Literatur,ger,
,Mir wird heiß,,Fellbach,Kim Kappelsberger c/o Block Services,2022,,"Kappelsberger, Kim",,,,,Anthologie; Erzählende Literatur,ger,
,Mitternachtgeschichten,1. Auflage,Weinsheim,Tanja Hanika,2022,224,"Hanika, Tanja",,,,,Anthologie; Horror,ger,
,Moment,,Leipzig,Nadja Lanart,2022,1,"Lanart, Nadja",,,,,Fiktionale Darstellung; Erzählende Literatur,ger,
,Mut,,Leipzig,Nadja Lanart,2022,1,"Lanart, Nadja",,,,,Fiktionale Darstellung; Erzählende Literatur,ger,
,Ostwärts - Erzählungen,,Armsheim,Eigenverlag,2022,148,,,,,,Anthologie; Erzählende Literatur: Anthologien,ger,
,Palais de Justice,,Bern,Druckwerck Stagna,2022,3,"Schlatter, Zaarg",,,,,Fiktionale Darstellung; Erzählende Literatur,ger,
,Reds,,Tübingen,Konkursbuch Verlag Claudia Gehrke,2022,,"Balducci, Roberto SaM",,,,,Anthologie; Erzählende Literatur,ger,
,Regen,,Leipzig,Nadja Lanart,2022,1,"Lanart, Nadja",,,,,Fiktionale Darstellung; Erzählende Literatur,ger,
,Rettungslos,Erste Ausgabe,Giessen,Privatdruck Robert N. Bloch,2022,207,"Busson, Paul","Bloch, Robert N.",,,,Anthologie; Erzählende Literatur: Anthologien,ger,
,Savaged breed,,Fellbach,Benetton Blake c/o Block Services,2022,,"Blake, Benetton",,,,,Fiktionale Darstellung; Science Fiction,ger,
,Schinderhannes,,Graz,Institut für Germanistik der Universität Graz,2022,281,,"Müller-Kampel, Beatrix",,,,Anthologie; Gemischte Anthologien,ger,
,Sehr kurze Geschichten,,Leipzig,Nadja Lanart,2022,1,"Lanart, Nadja",,,,,,ger,
,Seit ich tot bin,,Leipzig,Nadja Lanart,2022,1,"Lanart, Nadja",,,,,Fiktionale Darstellung; Erzählende Literatur,ger,
,Skurrile Dates,,Chemnitz,net-Verlag,2022,,,,,,,Anthologie; Erzählende Literatur: Anthologien,ger,
,Sternenkletterer,,Bonn,Jakob Bungarten,2022,72,"Wolkenthal, Tristan",,,,,Fiktionale Darstellung; Erzählende Literatur,ger,
,Talking dead stories,1. Auflage,Köln,Palabros de Cologne,2022,184,"Mahlmeister, Josef",,,,,Fiktionale Darstellung; Erzählende Literatur,ger,
,The cowgirls of sleepy oaks county,,Krefeld,Black Umbrella Publishing,2022,238,"Kingsley, Mia",,,,,Fiktionale Darstellung; Spannung; Erzählende Literatur: Gegenwartsliteratur ab 1945,ger,
,"Tiln Rom, Töm Töff, Bingo & Ich",,Rothenburg,Bernhard Karlstetter,2022,383,"Karlstetter, Bernhard",,,,,Anthologie; Erzählende Literatur: Anthologien,ger,
,Traumverwirklicher,,Erfurt,FBK für Thüringen e. V.,2022,79,,,,,,Anthologie; Gemischte Anthologien,ger,
,Turdus merula,1. Auflage,Hamburg,Dieter Schönrock,2022,40,"Schönrock, Dieter",,,,,Anthologie; Erzählende Literatur: Anthologien,ger,
,Über Omas,,Rockenberg,Luise Link,2022,100,"Link, Luise",,,,,Anthologie; Erzählende Literatur: Anthologien,ger,
,Unveröffentlichtes,,Zürich,Reinhard Kaul,2022,52,"Kaul, Reinhard",,,,,Fiktionale Darstellung; Erzählende Literatur,ger,
,Verlorene Worte,,Bonn,Dichtungsring e.V.,2022,119,,,,,,Anthologie; Gemischte Anthologien,ger,
,Vom Glück in meiner Hosentasche,,Buchholz,meer! Karin Buchholz,2022,13,"Buchholz, Karin",,,,,Fiktionale Darstellung; Erzählende Literatur,ger,
,Von drauß' vom Walde komm ich her ...,1. Auflage,Wetzlar,Phantastische Bibliothek,2022,74,,"Le Blanc, Thomas",,,,Anthologie; Erzählende Literatur: Anthologien,ger,
,Winchester,,Bergisch-Gladbach,Lübbe,2022,,,,,,,,ger,
,Zauberhafte Geschichten zur Weihnacht,1. Auflage,Kevelaer,Butzon & Bercker,2022,,,,,,,Geschenkbücher,ger,
,Zettelkalender,1. Auflage,"Münster, Westf",Coppenrath,2022,1,"Niessen, Susan",,,,"Barbara Behr, Barbara","Geschenkbücher, Alben, Immerwährende Kalender, Postkartenbücher",ger,
,A fine selection of real British After-dinner stories,,Schwerin,Verlag Das Blinkfeuer,2021,130,"Wehnert, Dieter; Wolf, Ludwig",,,,,Fiktionale Darstellung; Erzählende Literatur,eng; ger,
,Als Eva den Apfel nicht pflückte,,Stuttgart,Dr. Carsten Rabe,2021,115,"Rabe, Carsten",,,,,Anthologie; Erzählende Literatur: Anthologien,ger,
,Angerempelt,,Leipzig,Nadja Lanart,2021,1,"Lanart, Nadja",,,,,Fiktionale Darstellung; Erzählende Literatur,ger,
,Auf den sieben Meeren,,Wien,PerNi Publishing Unlimited,2021,95,"Poenaru, Vasile V.",,,,,Fiktionale Darstellung; Erzählende Literatur,ger,
,"Autoren Sternzeit - Geschichten, die du nie erleben willst",1. Auflage,Bruckmühl,Olga Drocjuk c/o Jörg Stegmeier,2021,372,"Drocjuk, Olga",,,,,Anthologie; Erzählende Literatur: Anthologien,ger,
,Black hammer,"Vollständige Taschenbuchausgabe, Originalausgabe",Hamburg,Blue Panther Books,2021,,"Kandau, Martin",,,,,Anthologie; Erzählende Literatur,ger,
,black party Dying at the Discotheque,2. Auflage,Kempen,moses Verlag,2021,,"Schreck, Max",,,,"Kollars, Helmut; Köhrsen, Andrea","Krimis, Thriller, Spionage",ger,
,Bleiben Sie negativ!,,Hamburg,Verlag Expeditionen,2021,174,,"Witt, Sabine",,,,Anthologie; Erzählende Literatur: Anthologien,ger,
,Blitzlichter,,Birkenbeul,Helga Hellenstein,2021,54,"Hellenstein, Helga",,,,,Anthologie; Erzählende Literatur: Anthologien,ger,
,Das lustige Kasperletheater-Buch,1. Auflage,Großröhrsdorf,Michael Köhler,2021,95,"Willmer, Markus",,,,,Theaterstück; Dramatik,ger,
,Das Ohr an der Masse,,Meißen,Inge Krause,2021,79,"Krause, Inge",,,,,Fiktionale Darstellung; Erzählende Literatur,ger,
,Der Geschichtenerzähler,,Stuttgart,Divoisia Verlag UG (haftungsbeschränkt),2021,,,,,,,Anthologie; Fantasy,ger,
,Der kleine Fürst,,Hamburg,Martin Kelter Verlag GmbH & Co. KG,2021,,"Maybach, Viola",,,,,,ger,
,Der kleine Fürst,,Hamburg,Blattwerk Handel GmbH,2021,,"Maybach, Viola",,,,,,ger,
,Des Meeres rufen,,Koblenz,April Wynter,2021,33,"Wynter, April",,,,,Fiktionale Darstellung; Erzählende Literatur,ger,
,Die Arbeiten des Herkules,1. Auflage,Leipzig,Edition Braatz & Mayrhofer,2021,473,"Kraft, Robert",,,,,Fiktionale Darstellung; Erzählende Literatur: Hauptwerk vor 1945,ger,
,Die Bekehrung des Herscheklas und andere Geschichten um Brotterode von Sanitätsrat Dr. Friedrich Mansfeld,,Brotterode,Cornelia Rein und Rosita Knieling,2021,54,,"Rein, Cornelia; Knieling, Rosita",,,,Fiktionale Darstellung; Erzählende Literatur,ger,
,Die schönsten Bergromane,,Köln,Bastei Lübbe GmbH & Co. KG,2021,,,,,,,,ger,
,Die Schwimmerin,1. Auflage,St. Pölten,Edition Syrinx,2021,20,"Schmid, Johannes","Schmid, Johannes",,,,Fiktionale Darstellung; Erzählende Literatur,ger,
,Die Verlorenen,,"Nottingham, UK",Black Library,2021,2,"Abnett, Dan",,,,,Fiktionale Darstellung; Science Fiction,ger,eng
,"Drei Tage, drei Nächte",,München,Kathrin Schachtschabel,2021,111,"Schachtschabel, Kathrin",,,,,Fiktionale Darstellung; Erzählende Literatur: Gegenwartsliteratur ab 1945,ger,
,Dr. Norden,,Hamburg,Kelter,2021,,,,,,,,ger,
,Dunkle Sphären,,Arnstadt,THK Verlag,2021,,,,,"Bach, Sebastian",,Fiktionale Darstellung; Science Fiction,ger,
,Edelweiß,,Hamburg,Martin Kelter Verlag GmbH & Co. KG,2021,,,,,,,,ger,
,Ein Duncan's Hill-Roman,,Dresden,Stina Milner,2021,,"Milner, Stina",,,,,Fiktionale Darstellung; Erzählende Literatur,ger,
,Ein Engelreigen,1. Auflage,Steinau-Hintersteinau,Diana Rieger,2021,44,"Rieger, Diana",,,,"Ketcham-Neumann, Kiki",Anthologie; Erzählende Literatur: Anthologien,ger,
,Einzellenstoffwechsel,,Leipzig,Nadja Lanart,2021,1,"Lanart, Nadja",,,,,Fiktionale Darstellung; Erzählende Literatur,ger,
,Elf,,Leipzig,Nadja Lanart,2021,1,"Lanart, Nadja",,,,,Fiktionale Darstellung; Erzählende Literatur,ger,
,Erdachtes und Gedachtes,5. Auflage,Eschborn,Angela Grollmisch,2021,214,"Grollmisch, Robert","Grollmisch, Angela",,,,Anthologie; Erzählende Literatur: Anthologien,ger,
,Erhöhte Temperatur,"Vollständige Taschenbuchausgabe, Originalausgabe",Hamburg,Blue Panther Books,2021,,"Toulouse, Ruben",,,,,Anthologie; Erzählende Literatur,ger,
,Erzählungen,,Wolfsburg,Udo Scharf,2021,,"Deumeland, Heinrich","Scharf, Udo",,,"Scharf, Udo",Anthologie; Gemischte Anthologien,ger,
,Erzählungen,,Fuchstal,"CHANsongs Verlag, Peter Gräfen",2021,290,"Gräfen, Peter",,,,,Anthologie; Erzählende Literatur,ger,
,Erzählungen und Gedichte,,Düsseldorf,Merlin Ergert-Gillern,2021,72,"Ergert, Friedrich","Ergert-Gillern, Merlin",,,,Anthologie; Erzählende Literatur: Hauptwerk vor 1945,ger,
,Erzieher-Geschichten,1. Auflage,Köln,Palabros de Cologne,2021,174,"Mahlmeister, Josef",,,,,Fiktionale Darstellung; Erzählende Literatur,ger,
,Ex machina,,Leipzig,Nadja Lanart,2021,1,"Lanart, Nadja",,,,,Fiktionale Darstellung; Erzählende Literatur,ger,
,Fenster zum Mond,,Simmern,Carmen Silvia Gratias Baroness von Dornberg,2021,130,"Gratias, Carmen Silvia",,,,,Anthologie; Science Fiction,ger,
,Fürstenherz,,Hamburg,Martin Kelter Verlag GmbH & Co. KG,2021,,,,,,,,ger,
,Fürstenkinder,,Hamburg,Kelter,2021,,,,,,,,ger,
,Furore,1. Auflage,Bremen,Phil Porter,2021,63,"Porter, Phil",,,,,Anthologie; Gemischte Anthologien,ger,
,G-man Jerry Cotton,,Köln,Bastei Lübbe,2021,,,,,,,,ger,
,"Gedichte, Geschichten",1. Auflage,"Hamburg, Lengerckestr. 50",G. Coldewey,2021,180,"Coldewey, Gerold",,,,,,ger,
,Geschichten zur Sennerei Girenbad bei Hinwil,,Winterthur,Anne Kuttnig-König,2021,106,"Kuttnig-König, Anne",,,,,Fiktionale Darstellung; Erzählende Literatur,ger,
,GruppenSex,"Vollständige Taschenbuchausgabe, Originalausgabe",Hamburg,Blue Panther Books,2020,,"Wiles, Simona",,,,,,ger,
,Gutenacht Geschichten,1. Auflage,Marktheidenfeld,Christo Obreschkow,2021,157,"Obreschkow, Christo",,,,,Fiktionale Darstellung; Erzählende Literatur: Anthologien,ger,
,Halt,,Leipzig,Nadja Lanart,2021,1,"Lanart, Nadja",,,,,Fiktionale Darstellung; Erzählende Literatur,ger,
,Heimatliebe,,Bergisch Gladbach,Lübbe,2021,,,,,,,,ger,
,Hinter Mauern,,St. Pölten,Edition Syrinx,2021,40,"Schmid, Johannes","Schmid, Johannes",,,"Gmeindl, Norbert",Fiktionale Darstellung; Erzählende Literatur,ger,
,Im Supermarkt,,Daubach,Alexander Ruß,2021,48,"Ruß, Alexander",,,,,Fiktionale Darstellung; Erzählende Literatur: Gegenwartsliteratur ab 1945,ger,
,Im Wold draußt is's schen,,Bürg,"Maria Ströbl, Atelier für Hiesiges",2021,87,"Ströbl, Maria; Zottel, Franz",,,,,Fiktionale Darstellung; Erzählende Literatur,ger,
,In nacheilendem Ungehorsam,,Erscheinungsort nicht ermittelbar,Hermann Duros,2021,83,"Duros, Hermann",,,,,Anthologie; Erzählende Literatur: Anthologien,ger,
,Irgendetwas cooles,,Kassel,Jenior Verlag,2021,,"Erbuth, Klaus-Dieter",,,,,Anthologie; Erzählende Literatur: Anthologien,ger,
,Kalle-Nisses Träume und Erzählungen,,Årjäng,WeyTeCon Förlag,2021,,"Tjärnväg, Larissa",,,,,Fiktionale Darstellung; Erzählende Literatur,ger,
,Katze Grizzy,2. überarbeitete Auflage,"Delitzsch, Germany",Elke Krys,2021,137,"Krys, Elke",,,,,Fiktionale Darstellung; Erzählende Literatur,ger,
,Kelter Liebesroman,,Hamburg,Kelter,2021,,,,,,,,ger,
,Kreuzfahrt mit Biss,,Delitzsch/Germany,Elke Krys,2021,126,"Krys, Elke",,,,,Fiktionale Darstellung; Erzählende Literatur: Gegenwartsliteratur ab 1945,ger,
,Kurzum - Kurzgeschichten,,"Hamburg, Deutschland",tredition,2021,,"Kleber, Bernd",,,,,Fiktionale Darstellung; Erzählende Literatur: Gegenwartsliteratur ab 1945,ger,
,Lange Wege gehen,,Witten,Helmut Rinke,2021,234,"Rinke, Helmut",,,,,"Anthologie; Unterhaltung, Gemischte Anthologien",ger,
,Literaturabend-Anthologie,,Ennepetal,Annika Wiegand,2021,264,,,,,,"Anthologie; Unterhaltung, Gemischte Anthologien",ger,
,Männer sänn fei scheena Buum,,Rehau,Eigenverlag Gert Böhm,2021,108,"Böhm, Gert",,,,,Anthologie; Erzählende Literatur: Anthologien,ger,
,Maskenscherz - zwei Erzählungen,,Hamburg,Svato Verlag,2021,32,"Mann, Klaus",,,,"Zapletal, Svato",Pressendruck,ger,
,Mein zweites Buch,,Mühlhausen,Heimatverein Reicher Ebrachgrund e.V.,2021,128,"Schleicher, Helmut K.",,,,,Anthologie; Lyrik,ger,
,Meine Ex hat ...,,Deutschland,Chris Mayer,2021,170,"Mayer, Chris",,,,,Fiktionale Darstellung; Erzählende Literatur: Gegenwartsliteratur ab 1945,ger,
,Montezuma,Originalveröffentlichung,Neustadt in Sachsen,Dunkelgestirn,2021,408,,"Dangel, Lars",,,"Schulze, Heiko",Anthologie; Fantastische Literatur,ger,
,Mord in Sankt Gallen und andere Geschichten,,St. Gallen,Theo Buff,2021,3,"Buff, Théo",,,,,"Fiktionale Darstellung; Krimis, Thriller, Spionage",ger,
,Multiversum,1. Auflage,Bad Salgau,Antonieta Zachmann,2021,567,"Zachmann, Antonieta",,,,,Anthologie; Erzählende Literatur,ger,
,"""Nachts""",,Zürich,Die Provinz GmbH - Gemeinnützige Gesellschaft für Kulturprojekte,2021,58,,,,,,Anthologie; Erzählende Literatur: Anthologien,ger,
,Naheland-Geschichten,,Daubach,Alexander Ruß,2021,,"Ruß, Alexander",,,,,Fiktionale Darstellung; Erzählende Literatur: Gegenwartsliteratur ab 1945,ger,
,Nix mit Cinquecento,,Simmern,Carmen Silvia Gratias Baroness von Dornberg,2021,160,"Gratias, Carmen Silvia",,,,,Anthologie; Erzählende Literatur: Anthologien,ger,
,Nur ein Traum?,Limitierte Auflage von 50 Exemplaren,Bad Bentheim,Privatdruck Manfred Petry,2021,65,"Oberg, F. C.",,,,,Fiktionale Darstellung; Fantastische Literatur,ger,
,PiratenBlut,1. Auflage,Bad Camberg,Danielle Passion,2021,49,"Passion, Danielle",,,,,Fiktionale Darstellung; Erzählende Literatur,ger,
,Potpourri,,Hattersheim,Wolfram Jörke,2021,181,"Jörke, Wolfram",,,,,Anthologie; Erzählende Literatur: Anthologien,ger,
,Sanatorium,2. Auflage,Friolzheim,Micha Black c/o be-Agentur Dieter Betz,2021,169,"Black, Micha",,,,,Anthologie; Erzählende Literatur: Anthologien,ger,
,Schaumsplitter 1.0,,Griesheim,Eigenverlag,2021,215,"Jedamzik, Corinna",,,,,Anthologie; Erzählende Literatur: Anthologien,ger,
,Scheinwelt,"1. Auflage, Erstausgabe",Berlin,Silvia Steinmann,2021,100,"Steinmann, Silvia",,,,,Fiktionale Darstellung; Erzählende Literatur,ger,
,Schicksalswunder,,Regensburg,Miriam Aneser,2021,363,"Aneser, Miriam",,,,,Fiktionale Darstellung; Erzählende Literatur,ger,
,Schlimmer geht’s immer …,,München,Literareon,2021,,"Di Mare, Stella",,,,,Fiktionale Darstellung; Erzählende Literatur,ger,
,Schwalbennester,, Leipzig,"Silke Heinig, Literatur Treff Grünau",2021,40,,,,,,Anthologie; Erzählende Literatur,ger,
,"""Schwule sind doch immer nett ...""",,Isny,Marcus Paudler,2021,197,"Paudler, Marcus",,,,,Anthologie; Erzählende Literatur: Anthologien,ger,
,Sehr kurze Geschichten,,Leipzig,Nadja Lanart,2021,1,"Lanart, Nadja",,,,,,ger,
,Sieben sonderliche Schellen - seltsam klingende Geschichten,(neu überarbeitetete und illustrierte Ausgabe),Dresden,Lysandra Books,2021,111,"Aster, Christian von",,,,,Anthologie,ger,
,Simon's Fiction,,Berlin,Memoranda,2021,,"Simon, Erik",,,,,Fiktionale Darstellung; Science Fiction,ger,
,Sittichezählen,,Leipzig,Nadja Lanart,2021,1,"Lanart, Nadja",,,,,Fiktionale Darstellung; Erzählende Literatur,ger,
,Sons of hel - Texas,,Irsch,Daphne Bühner c/o Autorenbetreuung Carole Minn,2021,,"Bühner, Daphne; Gossow, Kerrin",,,,,Fiktionale Darstellung; Erzählende Literatur: Gegenwartsliteratur ab 1945,ger,
,Späte Erzählungen,,Frankfurt a.M.,S. Fischer Verlag,2021,2,"Mann, Thomas",,,,,Briefsammlung; Tagebuch; Kommentar; Erzählende Literatur: Hauptwerk vor 1945,ger,
,Spannende Kurzgeschichten,Erste Auflage,Karben,Stephan Sauter,2021,140,"Sauter, Stephan",,,,,Anthologie; Erzählende Literatur: Anthologien,ger,
,Teilweise kriminell,,Planegg,myshow Verlag,2021,,,,,,,"Anthologie; Krimis, Thriller, Spionage",ger,
,Tierisch schöne Gute-Nacht-Geschichten,2. Auflage,Markkleeberg,Dr. Sarah Gutmann,2021,130,"Gutmann, Sarah",,,,,,ger,
,Tierisch schöne Gute-Nacht-Geschichten,,Markkleeberg,Dr. Sarah Gutmann,2021,,"Gutmann, Sarah",,,,,Fiktionale Darstellung; Erzählende Literatur,ger,
,Undicht,,Leipzig,Nadja Lanart,2021,1,"Lanart, Nadja",,,,,Fiktionale Darstellung; Erzählende Literatur,ger,
,Unsere Gesellschaft in Geschichten,,Halle (Saale),Mitteldeutscher Verlag,2021,,,"Seifert, Thomas",,,,Anthologie; Erzählende Literatur: Anthologien,ger,
,Vom Himmel in die tiefsten Klüfte,,Süderdeich,Karl-Heinz Requard,2021,41,,"Requard, Karl-Heinz",,,,Anthologie; Gemischte Anthologien,ger,
,Von einfachen Dingen: Gedanken in Zeiten von Corona,Sonderedition der Edition-Leuchtkäfer,Sulzbach am Taunus,el,2021,5,,"Lorenz, Petra Maria",,,"Lorenz, Petra Maria",,ger,
,Von Halde zu Halde,,Langenbogen,Schäfer Druck & Verlag GmbH,2021,160,,,,,,Anthologie; Gemischte Anthologien,ger,
,#waitingfordantez - während ich schrieb,,Deutschland,KDP - kindle direct publish,2021,36,"Pilastro, Susanne",,,,,Fiktionale Darstellung; Erzählende Literatur,ger,
,Whiscott Girl,1. Auflage,Eisenach,Emely Delphy Werneburg Internet Marketing und Publikations-Service,2021,469,"Delphy, Emely; Evans, Cristina",,,,,Fiktionale Darstellung; Erzählende Literatur,ger,
,Wie eine Seifenblase,1. Hardcover-Auflage,Leipzig,Tea Loewe c/o Eva Töpelt,2021,96,"Loewe, Tea",,,,,Anthologie; Gemischte Anthologien,ger,
,Wieder nach Hause kommen,,Steinhagen,Kükenshöner Verlag,2021,67,,,,"Kükenshöner, Lisa",,Fiktionale Darstellung; Erzählende Literatur,ger,
,Wild West,,Hamburg,Martin Kelter Verlag GmbH & Co. KG,2021,,,,,,,,ger,
,Winchester,,Bergisch-Gladbach,Lübbe,2021,,,,,,,,ger,
,Wissenswertes und Erstaunliches über Fürstenwalde/Spree in Geschichten und Gedichten,2. überarbeitete und ergänzte Auflage,Fürstenwalde,Freundeskreis Museum im Fürstenwalder Kulturverein e.V.,2021,48,,,,,,,ger,
,Zengstrim im Weihnachten,1. Auflage,Hirschfelde,Michael Dittrich,2021,103,"Dittrich, Michael",,,,,Fiktionale Darstellung; Erzählende Literatur,ger,
,Zwiegespräch,,Bonn,Dichtungsring e.V.,2021,66,,,,,,Anthologie; Gemischte Anthologien,ger,
,11,2. Auflage,Rastede,Sarah Baines c/o madera GmbH & Co. KG,2020,200,"Baines, Sarah",,,,,Fiktionale Darstellung; Erzählende Literatur: Gegenwartsliteratur ab 1945,ger,
,24 weihnachtliche Geschichten und Erinnerungen aus Hagen,,Hagen,"Stefanie Kamp, Stadtbäckerei Kamp GmbH",2020,23,,"Ebbert, Birgit",,,,,ger,
,5 sexy Kurzgeschichten,1. Auflage,München,Antonia Wimmer,2020,132,"Lux, Lara; Pfeffer, Lea",,,,,Fiktionale Darstellung; Erzählende Literatur,ger,
,Als ich den Buchstaben M erfand und andere seltsame Geschichten,,Gefell,Andreas Schirneck,2020,68,"Schirneck, Hubert",,,,,Fiktionale Darstellung; Erzählende Literatur,ger,
,Augenblicke,,Engelburg,Renato Forlin,2020,63,"Forlin, Renato",,,,,Fiktionale Darstellung; Erzählende Literatur: Gegenwartsliteratur ab 1945,ger,
,Australian Outback - Sammelband,Special Edition,Bornheim,Caroline Raven c/o Autoren.Services,2020,,,,,,,Fiktionale Darstellung; Erzählende Literatur,ger,
,"Autoren Sternzeit - Geschichten, die nie erzählt wurden",1. Auflage,Fulda,Olga Drocjuk c/o AutorenServices.de,2020,289,"Drocjuk, Olga",,,,,Anthologie; Erzählende Literatur: Anthologien,ger,
,Black Heart,,Hamburg,Lindwurm Verlag,2020,,"Leopold, Kim",,,,,Fiktionale Darstellung; Fantasy,ger,
,black party Der Tod des Paten,,Kempen,moses Verlag,2020,,"Schreck, Max",,,,"Kollars, Helmut; Köhrsen, Andrea","Krimis, Thriller, Spionage",ger,
,"black party Ruhe in Frieden, Sherlock",,Kempen,moses Verlag,2020,,"Schreck, Max",,,,"Kollars, Helmut; Köhrsen, Andrea","Krimis, Thriller, Spionage",ger,
,black party Varieté des Todes,1. Auflage,Kempen,moses Verlag,2020,,"Schreck, Max",,,,"Kollars, Helmut; Köhrsen, Andrea","Krimis, Thriller, Spionage",ger,
,Blattl-Geschichtn,,Eibenstock,Erzgebirgischer Heimatverein Eibenstock e.V.,2020,88,Schmidti,,,,,,ger,
,Chinesische Gegenwartsliteratur,,Wien,Löcker,2020,9,,"Wang, Jing; Trappl, Richard",,,,Anthologie; Erzählende Literatur: Anthologien,ger,eng
,Corona,,Frankenau,Allegra Bork,2020,,"Bork, Allegra",,,,,Anthologie; Fantastische Literatur,ger,
,Das kanarische Wunder,,Edewecht,Verlag Edition DaDa-Research Center,2020,164,"Belschner, Wilfried",,,,,Fiktionale Darstellung; Erzählende Literatur: Gegenwartsliteratur ab 1945,ger,
,Das Kornblumenmädchen und andere laute und leise Geschichten,1. Auflage,Riesa,Selbstverlag Ursula Schubert,2020,132,"Schubert, Ursula",,,,,Fiktionale Darstellung; Erzählende Literatur: Gegenwartsliteratur ab 1945,ger,
,Das lebende Bild,Limitierte Ausgabe,Giessen,Privatdruck Robert N. Bloch,2020,155,"Thieme, Friedrich",,,,,Anthologie; Erzählende Literatur: Anthologien,ger,
,Das Zimmer des Pascal,Überarbeitete Neuauflage,Kassel,Eigenverlag,2020,29,"Marschall, Felix",,,,,Anthologie; Erzählende Literatur: Anthologien,ger,
,Dein Herz hat tausend Fenster,,Ahlen,Matthias Könning,2020,177,"Könning, Matthias",,,,,Fiktionale Darstellung; Erzählende Literatur; Vorlesebücher,ger,
,Der alte Gott,Privatdruck,Gießen,Robert N. Bloch,2020,111,"Fürth, Jacob",,,,,Anthologie; Erzählende Literatur: Anthologien,ger,
,Der Schlangengürtel und andere Erzählungen,,Fulda,Michael Steffens c/o AutorenServices.de,2020,310,"Steffens, Michael",,,,,Anthologie; Erzählende Literatur: Anthologien,ger,
,Des Glückes Streben,,Koblenz,April Wynter,2020,24,"Wynter, April",,,,,Fiktionale Darstellung; Erzählende Literatur,ger,
,Dhormenghruul,1. Auflage,Herne,KOVD,2020,284,"Sembten, Malte S.",,,,,Fiktionale Darstellung; Horror,ger,
,Die Heilige,,"Nottingham, UK",Black Library,2020,2,"Abnett, Dan",,"Jentzsch, Christian",,,Fiktionale Darstellung; Science Fiction,ger,eng
,Die Pantherbraut und andere selsame Geschichten,Privatdruck,Gießen,Robert N. Bloch,2020,164,"Wildberg, Bodo",,,,,Anthologie; Erzählende Literatur,ger,
,Die schönsten Bergromane,,Köln,Bastei Lübbe GmbH & Co. KG,2020,,,,,,,,ger,
,Die Tänzerin,1. Auflage,Nortorf,Johannes Michael Wagner,2020,79,"Wagner, Isabel Griseldis",,,,,"Anthologie; Unterhaltung, Gemischte Anthologien",ger,
,Die Traumapotheke,1. Auflage,Leipzig,Edition Braatz & Mayrhofer,2020,421,"Kraft, Robert",,,"Kraft, Robert; Kraft, Robert",,Fiktionale Darstellung; Erzählende Literatur: Hauptwerk vor 1945,ger,
,Die Zeitdiebin und andere Kurzgeschichten,,Wolfsburg,Arne Schöfert,2020,410,"Starny, Elvira von",,,,,Anthologie; Erzählende Literatur: Anthologien,ger,
,Drei Deka Germ und andere Geschichten,Erstauflage,Horn,Edition Thurnhof,2020,36,"Kurrent, Friedrich",,,,,Anthologie; Erzählende Literatur: Anthologien,ger,
,Ein Callgirl packt aus,"Vollständige Taschenbuchausgabe, Originalausgabe",Hamburg,Blue Panther Books,2020,,"Wiles, Simona",,,,,Fiktionale Darstellung; Erzählende Literatur,ger,
,"Ein Kuss aus Rache, Blut und Liebe",Deutschsprachige Erstausgabe,Gorxheimertal,Uta Maier,2020,518,"Olsen, Mila",,,,,Fiktionale Darstellung; Erzählende Literatur,ger,
,Eine Sammlung ungewöhnlicher Geschichten,,Hamburg,Book King,2020,96,"Spitznagel, Marie Christin",,,,,"Anthologie; Erzählende Literatur: Anthologien; Humor, Satire",ger,
,Emotion(s)-Los! und was man dazu gedichten und geschichten kann,1. Auflage,Lingen/Ems,Evangelische Gefängnisseelsorge der JVA Lingen,2020,112,,"Gotthilf, Thomas David",,,,Anthologie; Gemischte Anthologien,ger,
,Erzählungen 1990 bis 2020,,München,Golkonda,2020,2,"Chiang, Ted",,,,,Anthologie; Erzählende Literatur: Anthologien,ger,eng
,Fahrenheit 145,,Leipzig,FKSFL e.V.,2020,290,,,,,,Konferenzschrift,ger,
,Femme Fatale – das weibliche Böse,"Originalausgabe, 2. Auflage",Steinburg OT Eichede,Mary Sardarjan,2020,169,"Sardarjan, Mary; Winter, Liliana",,,,,Anthologie; Erzählende Literatur: Anthologien,ger,
,Freitag der 13. und andere wahre Geschichten,1. Auflage,Meißen,Selbstverlag Margot Wende,2020,35,"Wende, Margot",,,,,Fiktionale Darstellung; Erzählende Literatur,ger,
,Fussnoten,Einmaliger Privatdruck,Kirchseeon,Peter Ludewig,2020,7,"Goering, Reinhard; Kirsten, Wulf",,,,,Fiktionale Darstellung; Erzählende Literatur,ger,
,Gänseblümchenglück,,Leipzig,"Silke Heinig, Literatur Treff Grünau",2020,40,"Krüger, Elke",,,,,Anthologie; Erzählende Literatur: Anthologien,ger,
,Gaunts Geister - Sammelband,,"Nottingham, UK",Black Library,2020,,"Abnett, Dan",,"Jentzsch, Christian",,,Fiktionale Darstellung; Science Fiction,ger,eng
,Gedanken Reise,,Clausthal-Zellerfeld,PAPIERFLIEGER VERLAG GmbH,2020,,"Kupke, Uwe",,,,,Anthologie; Gemischte Anthologien,ger,
,"Gedichte und Geschichten zum Vortragen, leise Lesen, zum Nachdenken",,Borsdorf,edition winterwork,2020,,"Henkel, Werner",,,,,Anthologie; Gemischte Anthologien,ger,
,Gemalte Fensterscheiben,,Willich,Eigenverlag Dr. Spallek,2020,265,"Spallek, Joachim",,,,,Anthologie; Lyrik,ger,
,Gemischter Frauenchor,1. Auflage,Aurich,Canto - Verlag für Chormusik,2020,55,"Herlyn, Heinrich",,,,,Anthologie; Erzählende Literatur: Anthologien,ger,
,Geschichten von Ben und Frederick,1. Auflage,"Hamburg, Deutschland",F.R. King,2020,61,"Russell, Ben; Russell, Frederick",,,,,Anthologie; Erzählende Literatur: Anthologien,ger,
,"Geschichten zum Einschlafen, Wachwerden und für Zwischendurch",,Rheine,"Heimdall Verlag, Digital Edition",2020,,"Mau, Siegfried",,,,,"Fiktionale Darstellung; Erzählende Literatur; Vorlesebücher, Märchen, Sagen, Reime, Lieder",ger,
,Gleichgültigkeit,,Innsbruck,Limbus Verlag,2020,2,,,,,,Anthologie; Erzählende Literatur: Anthologien,ger,ita
,Heimatliche Anekdoten und Erzählungen,,Kirchberg am Wechsel,Reinhard Gangsterer,2020,183,"Gansterer, Reinhard",,,,,Anthologie; Erzählende Literatur: Anthologien,ger,
,Heimatliche Weihnacht,,Hannover,"BdV, Bund der Vertriebenen, Landesverband Niedersachsen",2020,26,,,,,,"Anthologie; Unterhaltung, Gemischte Anthologien",ger,
,Heiße Geschichte für heiße Nächte,"Vollständige Taschenbuchausgabe, Originalausgabe",Hamburg,Blue Panther Books,2020,,"Amato, Ricarda",,,,,Anthologie; Erzählende Literatur: Anthologien; Erzählende Literatur,ger,
,Heiteres,,Augsburg,"Bischöfliches Seelsorgeamt, Fachbereich Altenseelsorge",2020,103,,,,,"Sommerreißer, Sabine",Anthologie; Gemischte Anthologien,ger,
,Hornauer Märchen und Geschichten,,"Frankfurt, M.",Reinhold Reuss,2020,38,"Reuss, Reinhold",,,,,Anthologie; Erzählende Literatur: Anthologien,ger,
,Jahres.Ringe,,Leipzig,"Silke Heinig, Literatur Treff Grünau",2020,40,"Pamuk, Angelika",,,,,Anthologie; Erzählende Literatur: Anthologien,ger,
,Jetzt unser 13.,,Puchheim,Seniorenschreibtisch der Stadt Puchheim,2020,203,,,,,,"Fiktionale Darstellung; Unterhaltung, Gemischte Anthologien",ger,
,Jules 2020,1. Aufl.,Wetzlar,Phantastische Bibliothek Wetzlar,2020,72,,"Le Blanc, Thomas",,,,Anthologie; Erzählende Literatur: Anthologien,ger,
,Karawane des Menschen,,Toronto,PerNi Publishing Unlimited,2020,97,"Poenaru, Vasile V.",,,,,Fiktionale Darstellung; Erzählende Literatur,ger,
,Kurzgeschichten,,München,Literareon im utzverlag,2020,,"Mayer-Reibel, Helga",,,,,Anthologie; Erzählende Literatur: Anthologien,ger,
,Lavender love stories,1. Auflage,Hamburg,Rebel Stories,2020,243,"Delphy, Emely",,,,,Anthologie; Erzählende Literatur: Anthologien,ger,
,Leise Töne - stille Zeiten,,Laax,Ruth Günthart-Naef,2020,179,"Günthart-Naef, Ruth",,,,,Anthologie; Gemischte Anthologien,ger,
,Lernende Maschinen,"Originalausgabe, 1. Aufl.",Wetzlar,Phantastische Bibliothek,2020,211,"Le Blanc, Thomas","Le Blanc, Thomas",,,,Anthologie; Erzählende Literatur: Anthologien,ger,
,MILFS,"Vollständige Taschenbuchausgabe, Originalausgabe",Hamburg,Blue Panther Books,2020,,"Wiles, Simona",,,,,Anthologie; Erzählende Literatur,ger,
,Mir glääwen noch ant Kreschdkinnjen,,Dillingen-Pachten,Lucusrivus-Eigenverlag,2020,168,"Driesch, Hildegard",,,"Driesch, Hildegard; Driesch, Hildegard",,Anthologie; Gemischte Anthologien,ger,
,Muleta,,Techin,Holger Schnitgerhans,2020,155,"Schnitgerhans, Holger",,,,,Anthologie; Erzählende Literatur: Anthologien,ger,
,"myNOTES Notizbuch A4: Das Leben schreibt die schönsten Geschichten - notebook large, dotted - für Träume, Pläne und Ideen/ ideal als Bullet Journal oder Tagebuch",,München,arsEdition,2020,,,,,,,"Geschenkbücher, Alben, Immerwährende Kalender, Postkartenbücher",ger,
,Neue Seldwyler Geschichten,,Zürich,JuLl Junges Literaturlabor,2020,8,,,,,,Anthologie; Erzählende Literatur: Anthologien,ger,
,Neuengland in dunklen Zeiten,Erste Auflage,Gelsenkirchen,Almut Oetjen,2020,146,"Jewett, Sarah Orne",,"Oetjen, Almut",,,Fiktionale Darstellung; Erzählende Literatur: Hauptwerk vor 1945,ger,eng
,Sämtliche Erzählungen,,München,Penguin Verlag,2020,,"Lispector, Clarice","Moser, Benjamin","Ruby, Luis",,,Anthologie; Erzählende Literatur: Anthologien,ger,por
,"Sagen, Märchen, Geschichten",,Bochum,MKB,2020,104,"Kotte, Gernot",,,,,Anthologie; Erzählende Literatur: Anthologien,ger,
,Schattenreich,,Ulmen,"Tahja E. Bennet, Sabine Ruzanski",2020,,"Bennet, Tahja E.",,,,,Fiktionale Darstellung; Fantasy,ger,
,Statt Geschichte fünf Geschichten,,Frauenfeld,Edition Breitfeld,2020,43,"Fürer, Robert",,,,,Fiktionale Darstellung; Erzählende Literatur: Gegenwartsliteratur ab 1945,ger,
,Stepmom,"Vollständige Taschenbuchausgabe, Originalausgabe",Hamburg,Blue Panther Books,2020,,"Wiles, Simona",,,,,Anthologie; Erzählende Literatur,ger,
,Sturm im Wasserglas,,Konstanz,Rosgarten Museum Konstanz,2020,43,,,,,,Anthologie; Erzählende Literatur: Anthologien,ger,
,Suicide Hotline,"1. Auflage, deutsche Erstausgabe",Leipzig,Festa,2020,267,"Miller, Tim",,"Ulmer, René",,,Fiktionale Darstellung; Horror,ger,eng
,Systemrelevanter Stinkekäse,,München,Manuela Merl,2020,194,"Merl, Manuela",,,,,Anthologie; Erzählende Literatur: Anthologien,ger,
,Tanz der Hormone,,Bismark,Block,2020,,"Wartenberg, Dieter",,,,,Fiktionale Darstellung; Erzählende Literatur: Gegenwartsliteratur ab 1945,ger,
,Vom Kullerrad und vom Krippenesel,,Dresden,"NaturFreunde Deutschlands, Ortsgruppe Dresden e.V.",2020,95,"Lehmann, Werner",,,,,Anthologie; Gemischte Anthologien,ger,
,Wie das?,"Erstausgabe, 1. Auflage",Berlin,Silvia Steinmann,2020,72,"Steinmann, Silvia",,,,,"Anthologie; Unterhaltung, Gemischte Anthologien",ger,
,"Wiesen, Blumen",,Leipzig,"Silke Heinig, Literatur Treff Grünau",2020,40,"Rosenkranz, Susanne",,,,,Anthologie; Gemischte Anthologien,ger,
,Wissenswertes und Erstaunliches über Fürstenwalde/Spree in Geschichten und Gedichten,,Fürstenwalde,Freundeskreis Museum im Fürstenwalder Kulturverein e.V.,2020,48,,,,,,,ger,
,Wundersame Geschichten,,Münster/Westf.,Principal Verlag,2020,,"Stäcker, Detlev",,,,,Fiktionale Darstellung; Erzählende Literatur: Gegenwartsliteratur ab 1945; Erzählende Literatur,ger,
,11 Krimi-Kurzgeschichten aus dem Burgwald,,Cölbe,rohumedia,2019,120,,,,,,"Anthologie; Krimis, Thriller, Spionage",ger,
,36 mehrschichtige Geschichten und Betrachtungen,Erstausgabe,Versam,Heinz Weidkuhn,2019,92,"Weidkuhn, Heinz",,,,,Anthologie; Erzählende Literatur: Anthologien,ger,
,Agile Short Stories,,Wangen im Allgäu,peppair GmbH,2019,,"Sasse, Miriam","Sasse, Miriam",,,,Anthologie; Erzählende Literatur: Gegenwartsliteratur ab 1945,ger,
,Am Nachmittag,,Leipzig,Nadja Lanart,2019,1,"Lanart, Nadja",,,,,Fiktionale Darstellung; Erzählende Literatur,ger,
,Anthologie Seeschreiber,,Haltern am See,pünktchen Kinderbuchverlag,2019,,,,,,,Anthologie; Erzählende Literatur: Anthologien,ger,
,Behemoth 2333,Lizenzausgabe,Tübingen,BE Belle Époque Verlag,2019,2,"Tree, Joshua",,,,,Fiktionale Darstellung; Science Fiction,ger,
,Cheshire,,Leipzig,Nadja Lanart,2019,1,"Lanart, Nadja",,,,,Fiktionale Darstellung; Erzählende Literatur,ger,
,Das blaue Kleid und weitere unglaubliche Geschichten,1. Auflage,Berlin,Elvira Surrmann,2019,16,"Surrmann, Elvira",,,,,Anthologie; Erzählende Literatur: Anthologien,ger,
,Das Buch der fünf Worte,,Bremen,Janne Rognlid Krause und Torsten Zemke,2019,,"Krause, Janne Rognlid; Zemke, Torsten",,,,,Anthologie; Erzählende Literatur: Anthologien,ger,
,Das Elixier des Lebens und andere fast verschollene phantastische Kurzgeschichten,Originalausgabe,Zirndorf,Florian Jung und Lars Dangel,2019,199,,"Jung, Florian; Dangel, Lars",,,,Anthologie; Erzählende Literatur: Anthologien,ger,
,Der freie Wille,,Leipzig,Nadja Lanart,2019,1,"Lanart, Nadja",,,,,Fiktionale Darstellung; Erzählende Literatur,ger,
,Der goldrote Goldfisch,1. Auflage,Göllheim,Donnersberger Literaturverein e.V.,2019,80,,,,,,Anthologie; Gemischte Anthologien,ger,
,Der Luparo,2. Auflage,Cölbe,rohumedia,2019,164,"Naumann, Karl Heinrich",,,,,Fiktionale Darstellung; Erzählende Literatur,ger,
,Der Obere Mittelrhein,,Aachen,Ammianus-Verlag,2019,,"Höffling, Michael",,,,,Fiktionale Darstellung; Historische Romane und Erzählungen,ger,
,Die besten Erzählungen,,Berlin,Golkonda Verlag,2019,,"Marrak, Michael",,,,,"Fiktionale Darstellung; Science Fiction, Fantasy",ger,
,Die Erzählungen,,Berlin,Suhrkamp,2019,4,"Cortázar, Julio",,,,,Fiktionale Darstellung; Erzählende Literatur,ger,spa
,Die magische Uhr,,Buchholz,meer! Karin Buchholz,2019,17,"Buchholz, Karin",,,,,Fiktionale Darstellung; Erzählende Literatur,ger,
,"""Die steinerne Brücke"" und 38 weitere Kurzgeschichten und Gedichte über den Regionalpark Osthavelland-Spandau",1. Auflage,Schönwalde-Glien,Schreibwerkstatt Schönwalde-Glien,2019,327,,,,,,Anthologie; Erzählende Literatur: Anthologien,ger,
,Dös fränkischá Mundartfeuerwárk,,Sonneberg,Eigenverlag des AK Mundart Südthüringen e. V.,2019,272,,"Großmann, Karl-Heinz",,,,Anthologie; Gemischte Anthologien,ger,
,Ein Gigant mit der Nummer 18,,Leipzig,Nadja Lanart,2019,1,"Lanart, Nadja",,,,,Fiktionale Darstellung; Erzählende Literatur,ger,
,Einen Kopf kürzer,Deutsche Erstausgabe,Berlin,Stefan Barth,2019,302,"Barth, Stefan",,,,,Fiktionale Darstellung; Spannung,ger,
,Einmal ... den Mond berühren ...,1. Auflage,Neuendettelsau,Verlag Leben Gestalten,2019,101,"Schuh, Christiane",,,,,Anthologie; Erzählende Literatur: Anthologien; Erzählende Literatur: Anthologien,ger,
,Entitäten,,Leipzig,Nadja Lanart,2019,1,"Lanart, Nadja",,,,,Fiktionale Darstellung; Erzählende Literatur,ger,
,Erzählungen,,Wien,Septime Verlag,2019,2,"Herbst, Alban Nikolai",,,,,Fiktionale Darstellung; Erzählende Literatur: Gegenwartsliteratur ab 1945,ger,
,Erzählungen und Reden,Nachdruck,Büchenbach,Gerd Cramer,2019,122,"Lavant, Rudolf",,,,,Anthologie; Erzählende Literatur: Anthologien,ger,
,Feuer,,Berlin,Ach je Verlag,2019,41,"Richter, Lena",,,"Richter, Lena; Richter, Lena",,"Anthologie; Erzählende Literatur: Gegenwartsliteratur ab 1945; Science Fiction; Science Fiction, Fantasy",ger,
,Freundesbande,Privatdruck,Bad Kreuznach,Peter Fuchß,2019,248,"Fuchß, Peter",,,,,Anthologie; Erzählende Literatur: Anthologien,ger,
,Gänsehaut-Geschichten,,Kassel,NVV,2019,57,,,,,,Anthologie; Gemischte Anthologien,ger,
,Geburt,Erste Auflage,Cadolzburg,ars vivendi,2019,12,,,,,,Anthologie; Lyrik,ger,
,Geschichten aus dem Chiemgau,1. Auflage,Oberhochstätt,Manfred Kluger Verlag,2019,98,"Kluger, Manfred",,,,,,ger,
,Geschichten und Gedichte um die Stunde Null,,Leipzig,OsirisDruck,2019,,,,,,,Anthologie; Gemischte Anthologien,ger,
,Grossstadtsterben,,Framersheim,Brighton Verlag,2019,,"Cuntz, Dietmar",,,,,"Fiktionale Darstellung; Krimis, Thriller, Spionage",ger,
,Hasen überholen und andere unglaubliche Geschichten,1. Auflage,Berlin,Elvira Surrmann,2019,19,"Surrmann, Elvira",,,,,Anthologie; Erzählende Literatur: Anthologien,ger,
,Heimat?,,Armsheim,Rheinhessische Autorengruppe Landschreiber,2019,103,"Bormet, Gerdy",,,,,Anthologie; Erzählende Literatur: Anthologien,ger,
,Hinter den Schleiern,Originalausgabe,Bruckmühl,Verlag: ich zeige mich mit Constantin,2019,94,"Finfera, Ute",,,,,Anthologie,ger,
,Horizont,,Leipzig,Nadja Lanart,2019,1,"Lanart, Nadja",,,,,Fiktionale Darstellung; Erzählende Literatur,ger,
,Ich hab wieder Eine,Erste Auflage,Eschwege,edition heinemann,2019,119,"Sadowsky, Matthias",,,,,Anthologie,ger,
,Krasse Kurze,,Berlin,Sascha Dinse,2019,,"Dinse, Sascha",,,,,Fiktionale Darstellung; Horror,ger,
,Kulturregion Frankenstein,,Bad Salzungen,Literaturkreis Bad Salzungen,2019,55,,,,,,Anthologie; Erzählende Literatur: Anthologien,ger,
,Lebendige Erinnerungen,,Potsdam,"Landeshauptstadt Potsdam, Seniorenbeirat der Arbeitsgruppe ""Zeitzeugen""",2019,96,,,,,,Anthologie; Erzählende Literatur: Anthologien,ger,
,Lesbische Liebe,"Vollständige Taschenbuchausgabe, Originalausgabe",Hamburg,Blue Panther Books,2019,,,,,"Rose, Holly",,Anthologie; Erzählende Literatur,ger,
,Letzte Besuche,1. Auflage,Stuttgart,Eigenverlag PAS,2019,58,"Schur, Peter A.",,,,,Fiktionale Darstellung; Erzählende Literatur,ger,
,Märchen,2. Auflage der Neuausgabe,Hannover,Meistersprung Literatur,2019,180,"Fugger, Nora; Ludwig Salvator; Wallersee-Larisch, Marie Louise von",,,,,Anthologie; Erzählende Literatur: Anthologien,ger,
,Man up stories,,Mettingen,Dead Soft Verlag,2019,,"Stevens, Felice",,,,,Fiktionale Darstellung; Erzählende Literatur: Gegenwartsliteratur ab 1945,ger,eng
,Meister Magirus,Privatdruck,Gießen,Robert N. Bloch,2019,173,"Diener von Schönberg, Alfons",,,,,Anthologie,ger,
,"myNOTES Notizbuch Mit Mut fangen die schönsten Geschichten an - Notizbuch mit Spiralbindung für Träume, Pläne und Ideen/ ideal als Bullet Journal oder Tagebuch",,München,arsEdition,2019,,,,,,,"Geschenkbücher, Alben, Immerwährende Kalender, Postkartenbücher",ger,
,Na so was!,"Erstausgabe, 1. Auflage",Berlin,Silvia Steinmann,2019,83,"Steinmann, Silvia",,,,,"Anthologie; Unterhaltung, Gemischte Anthologien",ger,
,Neue Stimmen,,Frankfurt am Main,Büchergilde Gutenberg,2019,64,"Anselm, Doris",,,,,,ger,
,Oder mit den Händen,,Leipzig,Nadja Lanart,2019,1,"Lanart, Nadja",,,,,Fiktionale Darstellung; Erzählende Literatur,ger,
,Oldschool Horror,,Aachen,Eldur,2019,,,"Lancaster, Peter",,,,Fiktionale Darstellung; Horror,ger,
,On Fire,,Hamburg,Edition Birnstiel,2019,101,"Burnstyle, Bart",,,,,Anthologie,ger,
,Orange,1. Aufl.,Wetzlar,Phantastische Bibliothek,2019,76,,"Le Blanc, Thomas",,,,Anthologie; Fantastische Literatur,ger,
,Pierre-Jean,Sonderausgabe für den Jules-Verne-Club,Berlin,Edition Dornbrunnen,2019,130,"Verne, Jules",,"Frank, Gerd; Ehrhardt, Anne","Verne, Jules; Verne, Jules",,Fiktionale Darstellung; Erzählende Literatur: Hauptwerk vor 1945; Erzählende Literatur,ger,fre
,Püppchen,,Leipzig,Nadja Lanart,2019,1,"Lanart, Nadja",,,,,Fiktionale Darstellung; Erzählende Literatur,ger,
,Ramaza Geschichten,,Unterrabnitz,OSR Lang Josef,2019,27,"Rys, Jan",,,,,Fiktionale Darstellung; Erzählende Literatur,ger,
,Ressentiment,,Innsbruck,Limbus Verlag,2019,2,,,,,,Anthologie; Erzählende Literatur: Anthologien,ger,
,Rêves à contre-courant,,Wien,PerNi Publishing Unlimited,2019,93,"Poenaru, Vasile V.",,,,,Fiktionale Darstellung; Erzählende Literatur,ger,
,Riegel,,Leipzig,Nadja Lanart,2019,1,"Lanart, Nadja",,,,,Fiktionale Darstellung; Erzählende Literatur,ger,
,Rocker Geschichten,,Hamburg,blue panther books,2019,,"Wiles, Simona",,,,,Fiktionale Darstellung; Erzählende Literatur: Anthologien,ger,
,Rückkehr aus dem All,1. Auflage,Euskirchen,Alexander Hengstler,2019,38,,,,"Hengstler, Alexander",,Fiktionale Darstellung; Science Fiction,ger,
,Sammelband phantastischer Kriminalromane,,Karlsfeld,Raposa Verlag,2019,,"Fuchs, Ruth M.",,,,,"Fiktionale Darstellung; Krimis, Thriller, Spionage",ger,
,Sehr kurze Geschichten,,Leipzig,Nadja Lanart,2019,1,"Lanart, Nadja",,,,,,ger,
,Seitenweise,,Salach,Art Skript Phantastik Verlag & Design,2019,,,,,,,Anthologie; Fantasy; Erzählende Literatur: Anthologien,ger,
,Shoutout,,Leipzig,Nadja Lanart,2019,,"Lanart, Nadja",,,,,Fiktionale Darstellung; Erzählende Literatur,ger; spa; eng,
,Story Bashing,,Friedberg,Ashan Delon,2019,,"Arenth, Akira; Emerald, Kaiden; Delon, Ashan",,,,,Anthologie; Erzählende Literatur: Gegenwartsliteratur ab 1945,ger,
,Tante Pollack,,Buchholz,meer! Karin Buchholz,2019,16,"Buchholz, Karin",,,,,Fiktionale Darstellung; Erzählende Literatur,ger,
,Telling stories,,Nacogdoches TX,Ingo R. Stoehr,2019,372,,"Stoehr, Ingo Roland",,,,Anthologie; Gemischte Anthologien,eng; ger,
,Texte und Kurzgeschichten,,Remscheid,Rediroma-Verlag,2019,,"Sester, Jürgen",,,,,Anthologie; Erzählende Literatur: Anthologien,ger,
,Textkonfetti,"2. Auflage, Version 29.06.2019",Laatzen,Rebecca-Lea Glauche,2019,100,"Glauche, Rebecca-Lea",,,,,Anthologie; Erzählende Literatur: Anthologien,ger,
,Textsorbet,,Villingen-Schwenningen,Dichterwettstreit deluxe,2019,,,"Raatz, Elias",,,,Anthologie; Gemischte Anthologien,ger,
,Trees of life,,Frankfurt am Main,Frankfurter Kunstverein,2019,63,"Nori, Franziska",,,,,Ausstellungskatalog; Bildband; Anthologie; Erzählende Literatur: Anthologien,ger,
,Unterm orangenen Baum,,Kronach-Neuses,Anton Hauguth-Verlag e.K.,2019,263,"Durynek, Achim",,,,"Durynek, Achim",Anthologie; Gemischte Anthologien,ger,
,Vierzehn denkwürdige Geschichten über den Sinn und Unsinn des Lebens und eine verrückte Spezies namens Mensch,,Fulda,Maik Lindner,2019,155,"Lindner, Maik",,,,,Anthologie; Erzählende Literatur,ger,
,Virus - die neue Hoffnung,,Zwickau,Rogue Books,2019,464,"Tormento, Tessa",,,,,Fiktionale Darstellung; Erzählende Literatur: Gegenwartsliteratur ab 1945,ger,
,VollLust,"Vollständige Taschenbuchausgabe, Originalausgabe",Hamburg,Blue Panther Books,2019,,"Cuentame, Enrique",,,,,Anthologie; Erzählende Literatur: Anthologien,ger,
,Wir bitten um Verständnis,,Stuttgart,Dr. Carsten Rabe,2019,132,"Rabe, Carsten",,,,,Anthologie; Erzählende Literatur: Anthologien,ger,
,"""Wir können's auch KOMISCH""",,Leipzig,"Silke Heinig, Literatur Treff Grünau",2019,40,,,,,,Anthologie; Gemischte Anthologien,ger,
,Woll,,Leipzig,Nadja Lanart,2019,1,"Lanart, Nadja",,,,,Fiktionale Darstellung; Erzählende Literatur,ger,
,A Winterroas mit dem Hausruckviertler Mundartkreis,,Frankenburg a.H.,Hausruckviertler Mundartkreis,2018,192,,,,,,Anthologie; Lyrik,ger,
,Aha?,2. Auflage,Berlin,Silvia Steinmann,2018,56,"Steinmann, Silvia",,,,,"Anthologie; Unterhaltung, Gemischte Anthologien",ger,
,Alle seine Tode,,Leipzig,Nadja Lanart,2018,1,"Lanart, Nadja",,,,,Fiktionale Darstellung; Erzählende Literatur,ger,
,Alles was heiter ist,,Wien,Dr. Erich Schmölz,2018,194,"Schmölz, Erich",,,,,Anthologie; Erzählende Literatur: Anthologien,ger,
,"""... als jeder Nachmittag noch nach Sonntag schmeckte ...""",,Essen,Cordula Schlößer-Braun,2018,365,"Schlößer-Braun, Cordula",,,,,Fiktionale Darstellung; Erzählende Literatur,ger,
,... Anthologie der Wortfinder,,Berlin,Silvia Steinmann,2018,,,"Steinmann, Silvia",,,,Anthologie; Gemischte Anthologien,ger,
,Appetit auf Leben,,Neustadt Sachsen,Neustädter Autoren e.V,2018,305,,,,,,Anthologie; Festschrift; Gemischte Anthologien,ger,
,Aquileria,,Chemnitz,Skalatar Media,2018,,,,,"Büttner, Alexander",,Fiktionale Darstellung; Erzählende Literatur,ger,
,Aus dem Rahmen gefallen,,Bonn,Dichtungsring e.V.,2018,115,,"Schnabel, Sigune",,,,Anthologie; Gemischte Anthologien,ger,
,Barista,,Buchholz,meer! Karin Buchholz,2018,15,"Buchholz, Karin",,,,,Fiktionale Darstellung; Erzählende Literatur,ger,
,"Bücher lieben, schreiben wollen, schreiben können",,Bad Salzungen,Literaturkreis Bad Salzungen,2018,85,,,,,,Anthologie; Festschrift; Gemischte Anthologien,ger,
,Das Erbe von Bayview Village,,Wien,PerNi Publishing Unlimited,2018,115,"Poenaru, Vasile V.",,,,,Anthologie; Erzählende Literatur,ger,
,Das Nichts,,Wetzlar,Phantastische Bibliothek,2018,73,,"Le Blanc, Thomas",,,,Anthologie; Fantastische Literatur,ger,
,Der Anfang,,Leipzig,Nadja Lanart,2018,1,"Lanart, Nadja",,,,,Fiktionale Darstellung; Erzählende Literatur,ger,
,Der ewige Anfang,,München,Katharina Glück,2018,101,"Glück, Katharina",,,,,Anthologie; Erzählende Literatur: Anthologien,ger,
,Der Raum ist normalerweise ein Wort,,Leipzig,Nadja Lanart,2018,1,"Lanart, Nadja",,,,,Fiktionale Darstellung; Erzählende Literatur,ger; mul,
,Der Wolf,,Neckarbischofsheim,Verlag und Druckerei Ziegler,2018,42,"Joneleit, Siegfried",,,,,Fiktionale Darstellung; Erzählende Literatur,ger,
,Die Autobiographie,Erste Auflage,Berlin,Suhrkamp,2018,579,"Bernhard, Thomas","Huber, Martin",,,,Fiktionale Darstellung; Erzählende Literatur: Gegenwartsliteratur ab 1945,ger,
,Die Erzählungen,Salzburger Ausgabe,Wien,Paul Zsolnay Verlag,2018,3,"Zweig, Stefan",,,,,Fiktionale Darstellung; Erzählende Literatur: Hauptwerk vor 1945,ger,
,Die pure Lust in dir,"Vollständige Taschenbuchausgabe, Originalausgabe",Hamburg,Blue Panther Books,2018,,"Light, Millicent",,,,,Fiktionale Darstellung; Erzählende Literatur,ger,
,Die Serapionsbrüder,,Fürstenfeldbruck,"Fritzikatz Productions, Verlag Buch & Design",2018,2,"Hoffmann, E. T. A.",,,,"Hosemann, Theodor",Erzählende Literatur,ger,
,Die Sherlock Holmes Detektiv-Romane & -Geschichten,Leipziger Ausgabe,Leipzig,Haffmans Verlag bei Zweitausendeins,2018,,"Doyle, Arthur Conan","Haffmans, Gerd",,,,Fiktionale Darstellung; Historische Kriminalromane,ger,eng
,Edition Erzählungen,,Wien,PerNi Publishing Unlimited,2018,,"Poenaru, Vasile V.",,,,,Anthologie; Erzählende Literatur,ger,
,Emotional baggage,1. Auflage,Bonn,Anna M. Thinius,2018,120,"Thinius, Anna M.",,,,,Anthologie; Erzählende Literatur: Anthologien,ger,
,Erotische Kurzgeschichten,,Berlin,Cleya,2018,,"Wittmann, Sabine",,,,,Fiktionale Darstellung; Erzählende Literatur,ger,
,Ersonnen und versponnen,,Puchheim,Seniorenschreibtisch der Stadt Puchheim,2018,180,,,,,,Anthologie; Gemischte Anthologien,ger,
,Erzählungen,Erste Auflage,Berlin,Suhrkamp,2018,376,"Bernhard, Thomas","Huber, Martin",,,,,ger,
,Erzählungen,Erste Auflage,Berlin,Suhrkamp,2018,376,"Bernhard, Thomas","Höller, Hans",,,,,ger,
,Erzählungen,Erste Auflage,Berlin,Suhrkamp,2018,372,"Bernhard, Thomas","Höller, Hans",,,,,ger,
,Erzählungen,,Berlin,Suhrkamp,2018,3,"Bernhard, Thomas",,,,,Anthologie; Erzählende Literatur: Gegenwartsliteratur ab 1945,ger,
,Erzählungen,Kritische Ausgabe,Reinbek bei Hamburg,Rowohlt Verlag GmbH,2018,,"Borchardt, Rudolf","Schuster, Gerhard",,,,Erzählende Literatur: Hauptwerk vor 1945,ger,
,"Erzählungen, Kurzprosa",Erste Auflage,Berlin,Suhrkamp,2018,603,"Bernhard, Thomas","Höller, Hans",,,,Anthologie; Erzählende Literatur: Gegenwartsliteratur ab 1945,ger,
,Federprobe,,Leipzig,Nadja Lanart,2018,1,"Lanart, Nadja",,,,,Fiktionale Darstellung; Erzählende Literatur,ger,
,Ferne Welten,,Leipzig,FKSFL e.V.,2018,255,,"Berger, Dirk",,,,Konferenzschrift,ger,
,Flügelzauber,,Kiel,Hartmut Kietzmann,2018,85,"Kietzmann, Hartmut",,,,,Anthologie,ger,
,Flugautomate,,Leipzig,Nadja Lanart,2018,1,"Lanart, Nadja",,,,,Fiktionale Darstellung; Erzählende Literatur,ger,
,Geschichten aus alter Zeit,,Stuttgart,Uwe Klein,2018,169,,"Klein, Uwe",,,,Fiktionale Darstellung; Erzählende Literatur,ger,
,Geschichten aus Bad Neuenahr-Ahrweiler,,Bad Neuenahr-Ahrweiler,Werner Schüller,2018,,"Schüller, Werner",,,,,Anthologie; Erzählende Literatur: Anthologien,ger,
,Geschichten aus dem Chiemgau,1. Auflage,Oberhochstätt,Manfred Kluger Verlag,2018,98,"Kluger, Manfred",,,,,,ger,
,Geschichten aus dem Chiemgau,,Oberhochstätt,Manfred Kluger Verlag,2018,,"Kluger, Manfred",,,,,Anthologie; Gemischte Anthologien,ger,
,Geschichten aus dem Garten,,Hamburg,G + J Food & Living GmbH & Co. KG,2018,30,,,,,,Anthologie; Erzählende Literatur: Anthologien,ger,
,Geschichten aus dem Weingartener Sagenschatz,Zweite Auflage,Weingarten,Bürger- und Heimatverein Weingarten,2018,124,"Hartmann, Klaus",,,,,Anthologie; Erzählende Literatur: Anthologien,ger,
,Geschichten aus der Nachbarschaft,,Hamburg,G + J Food & Living GmbH & Co. KG,2018,30,"Capus, Alex",,,,,Anthologie; Erzählende Literatur: Anthologien,ger,
,Geschichten aus Parchims Vergangenheit,1. Reprint der Ausgabe von 1910,Parchim,Heimatbund Parchim e.V.,2018,122,"Rech, Robert",,,,,Fiktionale Darstellung; Historische Romane und Erzählungen,ger,
,"""Geschichten nicht nur aus dem Düsseldorfer Süden""",Dritte Auflage,Düsseldorf,Roswitha Kolvenbach-Klewe,2018,100,"Klewe, Reinhard Michael",,,,,Fiktionale Darstellung; Romanhafte Biographien,ger,
,Geschichten unter der Haube,,Ostermundigen,www.hairfashionplus.ch,2018,3,"Stettler, Monica",,,,,Fiktionale Darstellung; Erzählende Literatur,ger,
,"Gottschedstraße 2, 15. Aug. 18",,Leipzig,Nadja Lanart,2018,1,"Lanart, Nadja",,,,,Fiktionale Darstellung; Erzählende Literatur,ger,
,Grenzlinien,,Zwenkau,Deutsches Rotes Kreuz Kreisverband Leipzig-Land e.V.,2018,,,,,,,Anthologie; Gemischte Anthologien,ger,
,Herzerfrischende Atempausen,, Luzern,Ernst Schnellmann,2018,,,,,"Schnellmann, Ernst",,Fiktionale Darstellung; Erzählende Literatur,ger,
,Ida's Geschichten und Erlebnisse,,Deutschland,Ida Briegel,2018,103,"Briegel, Ida",,,,,Anthologie; Gemischte Anthologien,ger,
,In a nutshell,,Leipzig,Nadja Lanart,2018,1,"Lanart, Nadja",,,,,Fiktionale Darstellung; Erzählende Literatur,ger,
,In der Stille der Einsamkeit,,Gera,Spurenkreis Verlag,2018,,"Rehahn, R.",,,,,Fiktionale Darstellung; Erzählende Literatur,ger,
,In flagranti im Verkehr,Taschenbuchausgabe,Lauda,"""LoRo"" Lothar Rosenberg",2018,3,"Rosenberg, Lothar",,,,,Fiktionale Darstellung,ger,
,Kallis' Handel,,Freital,Melanie Neubert,2018,41,"Neubert, Melanie",,,,,Fiktionale Darstellung; Erzählende Literatur: Gegenwartsliteratur ab 1945,ger,
,Kein deutscher Land,,Hamburg,Helmut-Schmidt-Gymnasium,2018,63,,"Bouden, Hédi",,,,"Anthologie; Unterhaltung, Gemischte Anthologien",ger,
,Kinderspiel,,Leipzig,Nadja Lanart,2018,1,"Lanart, Nadja",,,,,Fiktionale Darstellung; Erzählende Literatur,ger,
,Klausener Geschichte(n) - Eberhardslegenden,1. Auflage,Klausen,Wallfahrtskirche Maria Heimsuchung,2018,88,"Seul, Albert",,,,,,ger,
,Kühl,,Leipzig,Nadja Lanart,2018,1,"Lanart, Nadja",,,,,Fiktionale Darstellung; Erzählende Literatur,ger,
,Kurzgeschichten zum Auftanken,"2., geänderte Auflage",Wittgenstein,Manfred B. Heinzelmann,2018,80,"Heinzelmann, Manfred B.",,,,,Anthologie; Erzählende Literatur: Anthologien,ger,
,Lesen,Erste Auflage,Cadolzburg,ars vivendi,2018,12,,,,,,Anthologie; Lyrik,ger,
,Lous Sammelband,,Bornheim,"Mila Olsen c/o Autoren.Services, Herr Reiner Dieterich",2018,764,"Olsen, Mila",,,,,Fiktionale Darstellung; Spannung,ger,
,Märchenhafte Geschichten,,Hamburg,G + J Food & Living GmbH & Co. KG,2018,30,"Wilde, Oscar",,"Blei, Franz",,,Anthologie; Erzählende Literatur: Anthologien,ger,eng
,Magnet Mit Mut fangen die schönsten Geschichten an.,,"Germering, Oberbay",Groh,2018,,,"Groh, Joachim",,,,Geschenkbücher,ger,
,Mensch ist Mensch,,Zürich,JULL Junges Literaturlabor,2018,87,,,,,,Anthologie; Erzählende Literatur: Anthologien,ger,
,Neue Stimmen,,Frankfurt am Main,Büchergilde Gutenberg,2018,59,"Gamillscheg, Marie",,,,,,ger,
,Nimm mit,,Leipzig,Nadja Lanart,2018,1,"Lanart, Nadja",,,,,Fiktionale Darstellung; Erzählende Literatur,ger,
,"Notizbuch ""Geschichten aus Deinem Leben"" Jungen (Hardcover A4, Blankoseiten)",1. Auflage,Regensburg,Logbuch-Verlag,2018,148,,,,,,Geschenkbücher,ger,
,"Notizbuch ""Geschichten aus Deinem Leben"" Mädchen (Hardcover A4, Blankoseiten)",1. Auflage,Regensburg,Logbuch-Verlag,2018,136,,,,,,Geschenkbücher,ger,
,Phantastische Weihnacht,,Stuttgart,Uwe Klein,2018,60,,"Klein, Uwe",,,,Fiktionale Darstellung; Erzählende Literatur,ger,
,Reiche Ernte und andere Makabre Geschichten,,Windeck,Blitz,2018,177,"Bauer, Matthias",,,,,Fiktionale Darstellung; Horror,ger,
,Rennsteiggeschichte(n),,Zella-Mehlis,Selbstverlag C.B.M.,2018,,"Bader, Christoph",,,,,Fiktionale Darstellung; Erzählende Literatur,ger,
,Romane und Erzählungen,,Köln,Kiepenheuer & Witsch,2018,2,"Schickele, René",,,,,Fiktionale Darstellung; Erzählende Literatur,ger,
,Rosenmärchen,Erstveröffentlichung,Fellbach,Marlies Lüer,2018,430,"Lüer, Marlies",,,,,Fiktionale Darstellung; Erzählende Literatur,ger,
,Ruhestand,Erste Auflage,Cadolzburg,ars vivendi,2018,12,,,,,,Anthologie; Lyrik,ger,
,"Schneller weg, als du gucken kannst",,Leipzig,Nadja Lanart,2018,1,"Lanart, Nadja",,,,,Fiktionale Darstellung; Erzählende Literatur,ger,
,Schon gehört?,,Witten,Helmut Rinke,2018,87,,"Rinke, Helmut",,,,"Anthologie; Humor, Satire",ger,
,Schule für Mehrfach-Erzählungen,,Zürich,JuLl,2018,30,,,,,"Schweikert, Ruth",Anthologie; Gemischte Anthologien,ger,
,Science-Fiction Kurzgeschichten,,Traunstein,Amrûn Verlag,2018,,,,,,,,ger,
,Sehr kurze Geschichten,,Leipzig,Nadja Lanart,2018,1,"Lanart, Nadja",,,,,,ger,
,Sei wachsam - auf der Suche nach Achtsamkeit und Frieden,,"Bubendorf, Schweiz",Buchatelier Markus und Birgit Müller,2018,21,,,,,,Anthologie; Gemischte Anthologien,ger,
,"Star wars - the old republic, Sammelband",Deutsche Ausgabe,Stuttgart,Panini Verlags GmbH ,2018,,,,,,,Fiktionale Darstellung; Science Fiction,ger,eng
,Südmährische Geschichten,,Laa an der Thaya,Heimat- und Museumsverein Thayaland,2018,,"Landsgesell, Hans",,,,,Fiktionale Darstellung; Erzählende Literatur,ger,
,The darker stories,,Rastede,Sarah Baines c/o madera GmbH,2018,,"Baines, Sarah",,,,,Fiktionale Darstellung; Erzählende Literatur: Gegenwartsliteratur ab 1945,ger,
,Traumfragmente,,Freising,Peter Hohmann,2018,195,"Hohmann, Peter",,,,,Anthologie; Fantasy,ger,
,Überleben,,Leipzig,Nadja Lanart,2018,1,"Lanart, Nadja",,,,,Fiktionale Darstellung; Erzählende Literatur,ger,
,Überlebensprogramm,,Augsburg,SPB,2018,182,"Rieken, Dieter",,,,,Anthologie; Science Fiction,ger,
,Ummanzer Geschichten,,Rügeninsel Ummanz,Gemeinde Ummanz,2018,119,"Hoff, Rita",,,,,Fiktionale Darstellung; Erzählende Literatur,ger; nds,
,Underground,1. Auflage,Berlin,Selbstverlag,2018,39,"Rollmann, Niko",,,,,Fiktionale Darstellung; Erzählende Literatur: Gegenwartsliteratur ab 1945,ger,
,Veilchen-Anthologie,,Stuttgart,Andrea Herrmann,2018,,,"Herrmann, Andrea",,,,Anthologie; Erzählende Literatur: Anthologien,ger,
,Verblüffen,,Leipzig,Nadja Lanart,2018,1,"Lanart, Nadja",,,,,Fiktionale Darstellung; Erzählende Literatur,ger,
,Verschiedene Geschichten,,Köln,Ulrich Blortz,2018,53,"Blortz, Ulrich Ch.",,,,,Fiktionale Darstellung; Erzählende Literatur: Gegenwartsliteratur ab 1945,ger,
,Wege zueinander,Private Auflage,Stuttgart,Im Eigenverlag,2018,150,PAS,,,,,Anthologie; Erzählende Literatur: Anthologien,ger,
,"Wieder am Leben, sozusagen",,Zürich,JULL Junges Literaturlabor,2018,51,,,,,,Anthologie; Erzählende Literatur: Anthologien,ger,
,Wien schreibt Geschichten,,Wien,"Music & Art Department Buch-, Kunst- und Musikverlag",2018,,,,,,,Anthologie; Erzählende Literatur: Anthologien,ger,
,Zauberhafte Märchen,1. Ausgabe,Schwetzingen,"Karl-Wörn-Haus, Museum der Stadt Schwetzingen",2018,128,,,,,,Anthologie; Erzählende Literatur: Anthologien,ger,
,Zebras,,Leipzig,Nadja Lanart,2018,1,"Lanart, Nadja",,,,,Fiktionale Darstellung; Erzählende Literatur,ger,
,Zimmerservice,,Bockenem,Qindie,2018,282,,,,,,Anthologie; Horror,ger,
,10 Krimi-Kurzgeschichten aus dem Burgwald und der Region,,Rosenthal,Kulturherbst Burgwald e.V.,2017,118,,,,,,"Anthologie; Krimis, Thriller, Spionage",ger,
,111 1seitige Geschichten,,Wien,Werkkreis Literatur der Arbeitswelt - Werkstatt Wien,2017,249,"Weiss, Alexander",,,,,Fiktionale Darstellung; Erzählende Literatur: Gegenwartsliteratur ab 1945,ger,
,500 Jahre Lommatzscher Pflege,2. Auflage,Lommatzsch,Förderverein für Heimat und Kultur in der Lommatzscher Pflege e.V.,2017,50,"Gerlach, Thomas",,,,"Hänsel, Thilo",Fiktionale Darstellung; Historische Romane und Erzählungen,ger,
,Ach jieh (gieh) nur,,Schlöben,Klaus Biedermann,2017,84,"Biedermann, Klaus",,,,,Anthologie; Erzählende Literatur: Anthologien,ger,
,Affe,,Hohen Viecheln,Edition Schlitzohr,2017,18,"Matthies, Horst",,,,,Fiktionale Darstellung; Erzählende Literatur,ger,
,Angstblüte,,Ramsen,Heribert Tenschert Bibermühle,2017,328,"Walser, Martin",,,,,Fiktionale Darstellung; Erzählende Literatur: Gegenwartsliteratur ab 1945,ger,
,"Auge um Auge, Zahn um Zahn",,Hohen Viecheln,Edition Schlitzohr,2017,14,"Matthies, Horst",,,,,Fiktionale Darstellung; Erzählende Literatur,ger,
,Beckingen o sei Spròòch,,Beckingen,Eigenverlag,2017,95,"Spelz, Hans-Peter",,,,,Anthologie,ger,
,Betten-Wechsel,,Hohen Viecheln,Edition Schlitzohr,2017,18,"Matthies, Horst",,,,,Fiktionale Darstellung; Erzählende Literatur,ger,
,Bildbeschreibung,,Leipzig,Nadja Lanart,2017,1,"Lanart, Nadja",,,,,Fiktionale Darstellung; Erzählende Literatur,ger,
,Brief an Lord Liszt,,Ramsen,Heribert Tenschert Bibermühle,2017,607,"Walser, Martin",,,,,Fiktionale Darstellung; Erzählende Literatur: Gegenwartsliteratur ab 1945,ger,
,Coco Lavie,2. Auflage,Gorxheimertal,Uta Maier,2017,698,"Maier, Uta",,,,,Fiktionale Darstellung; Fantasy,ger,
,Das Blut der Ratte,,Halblech,AndreBuchVerlag,2017,,"Buchwald, Andreas H.",,,,,"Fiktionale Darstellung; Krimis, Thriller, Spionage",ger,
,"""Das Christkind bittet um Einlass""",,Bregenz,"Vorarlberg VP, Österreichische Post AG",2017,29,,"Fischer, Kurt",,,,,ger,
,Das dreizehnte Kapitel,,Ramsen,Heribert Tenschert Bibermühle,2017,509,"Walser, Martin",,,,,Fiktionale Darstellung; Erzählende Literatur: Gegenwartsliteratur ab 1945,ger,
,Das Einhorn,,Ramsen,Heribert Tenschert Bibermühle,2017,635,"Walser, Martin",,,,,Fiktionale Darstellung; Erzählende Literatur: Gegenwartsliteratur ab 1945,ger,
,"Davor, danach, nacher",,Hohen Viecheln,Edition Schlitzohr,2017,14,"Matthies, Horst",,,,,Fiktionale Darstellung; Erzählende Literatur,ger,
,Demon´s diaries,,Fulda,Cathryn C. Holister c/o AutorenServices.de,2017,,"Holister, Cathryn C.",,,,,Fiktionale Darstellung; Erzählende Literatur: Gegenwartsliteratur ab 1945,ger,
,Der andere in mir,,Bad Salzungen,Literaturkreis Bad Salzungen,2017,61,"Riedel, Liselotte; Spengler, Annegret",,,"Drescher, Peter",,Anthologie; Gemischte Anthologien,ger,
,Der Lebenslauf der Liebe,,Ramsen,Heribert Tenschert Bibermühle,2017,448,"Walser, Martin",,,,,Fiktionale Darstellung; Erzählende Literatur: Gegenwartsliteratur ab 1945,ger,
,Der Schweriner Schlossgeist Petermännchen,,Pinnow,EDITION digital,2017,,"Borchardt, Erika; Borchardt, Jürgen",,,,,Anthologie,ger,
,Der Stuhl steht beim Fenster,,Leipzig,Nadja Lanart,2017,1,"Lanart, Nadja",,,,,Fiktionale Darstellung; Erzählende Literatur,ger,
,Deutschstunde,,Leipzig,Nadja Lanart,2017,1,"Lanart, Nadja",,,,,Fiktionale Darstellung; Erzählende Literatur,ger,
,Die Frau mit dem Leberfleck,,Hohen Viecheln,Edition Schlitzohr,2017,14,"Matthies, Horst",,,,,Fiktionale Darstellung; Erzählende Literatur,ger,
,Die Grünen einst und jetzt,1. Auflage,Berlin,Thomas Fricke,2017,76,"Fricke, Thomas",,,,,Anthologie; Gemischte Anthologien,ger,
,Die Kurden waren sehr überrascht,,Zürich,JULL Junges Literaturlabor,2017,27,"Cabdullahi, Axmed",,,,,Anthologie; Erzählende Literatur: Anthologien,ger,
,Die Ostereier,Nachdruck der Originalausgabe von 1901-1923 nach einem Exemplar aus Privatbesitz,Wolfenbüttel,"Melchior, Historischer Verlag",2017,109,"Schmid, Christoph von","Hofmann, Emil",,"Schmid, Christoph von; Schmid, Christoph von",,Anthologie,ger,
,Die Rückkehr des grünen Kometen,1. Aufl.,Wetzlar,Phantastische Bibliothek,2017,186,,"Le Blanc, Thomas",,,"Franke, Herbert W.",Anthologie; Fantastische Literatur,ger,
,Die Sieben,,Leipzig,Nadja Lanart,2017,1,"Lanart, Nadja",,,,,Fiktionale Darstellung; Erzählende Literatur,ger,
,Die Verteidigung der Kindheit,,Ramsen,Heribert Tenschert Bibermühle,2017,423,"Walser, Martin",,,,,Fiktionale Darstellung; Erzählende Literatur: Gegenwartsliteratur ab 1945,ger,
,Dieser Eingang ist nur für dich bestimmt,,Wolfsburg, Metagraφo,2017,173,"Heiseler, Ingrid von",,,,,Anthologie; Erzählende Literatur: Anthologien,ger,
,Ehen in Philippsburg,,Ramsen,Heribert Tenschert Bibermühle,2017,262,"Walser, Martin",,,,,Fiktionale Darstellung; Erzählende Literatur: Gegenwartsliteratur ab 1945,ger,
,Ein Flugzeug über dem Haus und andere Geschichten,,Ramsen,Heribert Tenschert Bibermühle,2017,427,"Walser, Martin",,,,,Anthologie; Erzählende Literatur: Gegenwartsliteratur ab 1945,ger,
,Ein liebender Mann,,Ramsen,Heribert Tenschert Bibermühle,2017,494,"Walser, Martin",,,,,Fiktionale Darstellung; Historische Romane und Erzählungen,ger,
,Ein springender Brunnen,,Ramsen,Heribert Tenschert Bibermühle,2017,316,"Walser, Martin",,,,,Fiktionale Darstellung; Erzählende Literatur: Gegenwartsliteratur ab 1945,ger,
,Eine Stadt schreibt ein Buch,"1. Auflage, 100 Exemplare",Ellwangen,Stadt Ellwangen,2017,140,,,,,,Anthologie; Erzählende Literatur: Anthologien,ger,
,Eine voll-kommen skurrile Geschichte,,Hohen Viecheln,Edition Schlitzohr,2017,18,"Matthies, Horst",,,,,Fiktionale Darstellung; Erzählende Literatur,ger,
,Eine Zeit und zwei Zeiten und eine halbe Zeit,,Bonn,Dichtungsring e.V.,2017,157,,"Hofner, Franz",,,,Anthologie; Gemischte Anthologien,ger,
,Emmis Klopse,,Hohen Viecheln,Edition Schlitzohr,2017,14,"Matthies, Horst",,,,,Fiktionale Darstellung; Erzählende Literatur,ger,
,Entführt - Sammelband,1. Auflage,Bornheim,"Mila Olsen c/o Autoren.Services, Herr Reiner Dieterich",2017,672,"Olsen, Mila",,,,,Fiktionale Darstellung,ger,
,Erzählungen und Schwänke,Nachdruck der Originalausgabe von 1901-1923 nach einem Exemplar aus Privatbesitz,Wolfenbüttel,"Melchior, Historischer Verlag",2017,96,"Hebel, Johann Peter","Fraungruber, Hans",,,"Czeschka, Carl Otto",Anthologie,ger,
,Es war einmal ein Mann,,Hohen Viecheln,Edition Schlitzohr,2017,14,"Matthies, Horst",,,,,Fiktionale Darstellung; Erzählende Literatur,ger,
,Estrellea,,Hohen Viecheln,Edition Schlitzohr,2017,14,"Matthies, Horst",,,,,Fiktionale Darstellung; Erzählende Literatur,ger,
,Fäden ziehen,,Leipzig,Nadja Lanart,2017,1,"Lanart, Nadja",,,,,Fiktionale Darstellung; Erzählende Literatur,ger,
,Fantastische Erzählungen,Erste Ausgabe,Augsburg,Albert Mößmer,2017,226,"Baxner, Albert",,,,,Anthologie; Erzählende Literatur: Anthologien,ger,
,"Feldweg, nach dem Gewitter",,Leipzig,Nadja Lanart,2017,1,"Lanart, Nadja",,,,,Fiktionale Darstellung; Erzählende Literatur,ger,
,Fernreisen,,Leipzig,Nadja Lanart,2017,1,"Lanart, Nadja",,,,,Fiktionale Darstellung; Erzählende Literatur,ger,
,Feuchte Früchtchen,,Köln,Letterotik,2017,,"Wixxx, Kim",,,,,Anthologie; Erzählende Literatur: Anthologien,ger,
,Fokus,,Leipzig,Nadja Lanart,2017,1,"Lanart, Nadja",,,,,Fiktionale Darstellung; Erzählende Literatur,ger,
,Frauen schreiben wundervoll,,München,Apollon Tempel Verlag,2017,3,,"Biela, Karin",,,,Anthologie; Gemischte Anthologien,ger,
,Freundschaft,,Koblenz,Lotto Rheinland-Pfalz,2017,100,,"Häfner, Jürgen",,,,Anthologie; Erzählende Literatur: Anthologien,ger,
,Friedberger Straße,,Leipzig,Nadja Lanart,2017,1,"Lanart, Nadja",,,,,Fiktionale Darstellung; Erzählende Literatur,ger,
,Gedichte und Geschichten,,Bad Langensalza,Verlag Rockstuhl,2017,,"Wagner, Manfred",,,,,Anthologie; Lyrik,ger,
,Gefüllte Wein-Blätter,,Hohen Viecheln,Edition Schlitzohr,2017,18,"Matthies, Horst",,,,,Fiktionale Darstellung; Erzählende Literatur,ger,
,Ge(h)-danken,,Essen,Cordula Schlößer-Braun,2017,207,,,,,,,ger,
,Ge(h)-danken,,Essen,Cordula Schlößer-Braun,2017,2,"Schlößer-Braun, Cordula",,,,,Anthologie; Gemischte Anthologien,ger,
,Geschichten des Dreißigjährigen Krieges,,Hamburg,acabus,2017,,"Olbrich, Jörg",,,,,Fiktionale Darstellung; Historische Romane und Erzählungen,ger,
,Geschichten in Leichter Sprache,,Bremen,Lebenshilfe Bremen e.V.,2017,,,,,,,Fiktionale Darstellung; Erzählende Literatur,ger,
,Geschichten über die Liebe,,Hamburg,G + J Food & Living GmbH & Co. KG,2017,,"Anselm, Doris",,,,,Anthologie; Erzählende Literatur: Anthologien,ger,
,Geschichten voller Spannung,,Hamburg,G + J Food & Living GmbH & Co. KG,2017,31,"Klönne, Gisa",,,,,Anthologie; Erzählende Literatur: Anthologien,ger,
,"""Geschichten zum Schmunzeln""",,Saarlouis,Katholische Erwachsenenbildung Saar-Hochwald,2017,140,,"Berners, Waltraud",,,,Erzählende Literatur: Anthologien,ger,
,"Geschichten, die Marinka erzählt","Erstausgabe, limitiert",Wolfsburg,M. Meyer,2017,166,"Meyer, Marina",,,,,Fiktionale Darstellung; Erzählende Literatur,ger,
,Gierig und unersättlich,"Vollständige Taschenbuchausgabe, Originalausgabe",Hamburg,Blue Panther Books,2017,,"Walker, Amy",,,,,Fiktionale Darstellung; Erzählende Literatur,ger,
,Graffiti-Geschichten,,Zürich,JuLl,2017,39,,,,,"Alves, Katja",Anthologie; Gemischte Anthologien,ger,
,Gustav,,Hohen Viecheln,Edition Schlitzohr,2017,18,"Matthies, Horst",,,,,Fiktionale Darstellung; Erzählende Literatur,ger,
,Halbzeit,,Ramsen,Heribert Tenschert Bibermühle,2017,653,"Walser, Martin",,,,,Fiktionale Darstellung; Erzählende Literatur: Gegenwartsliteratur ab 1945,ger,
,Hauffs Märchen Update,,Haselünne,Machandel Verlag,2017,,,"Erpenbeck, Charlotte",,,,Anthologie; Erzählende Literatur: Anthologien,ger,
,"Hilfe, mein Mann schlägt mich...hoffentlich hört er damit nicht auf und weitere, heitere Geschichten",Erstauflage,Brüggen,Eigenverlag/Selbstverlag,2017,92,"Schwarz, Volker",,,,,Anthologie; Erzählende Literatur: Anthologien,ger,
,Hotel Nannsen,,Kierspe,Geschichtenschmiede der Volkshochschule Volmetal,2017,205,,,,,,Anthologie; Erzählende Literatur: Anthologien,ger,
,Hunsrücker,,Gödenroth,Verlag Hunsrücker,2017,,"Riemann, Leona",,,,,Anthologie; Erzählende Literatur,ger,
,Im Nachthemd tanzen,,Überlingen,Judith Manok-Grundler,2017,65,"Manok-Grundler, Judith",,,,,Anthologie; Erzählende Literatur: Anthologien,ger,
,iMago,,Schwaderloch/Schweiz,Verlag fischueberalles.ch,2017,2,"Möbus, Frank",,,,,Anthologie; Erzählende Literatur: Anthologien,ger,
,Janos Süß ist Sweet Baby Jane,,"Babenhausen, Süd-Hessen",Verlag im Institut Drachenhaus,2017,3,"Michaels, Adi Mira",,,,,Fiktionale Darstellung; Erzählende Literatur: Gegenwartsliteratur ab 1945,ger,
,Jenseits der Liebe,,Ramsen,Heribert Tenschert Bibermühle,2017,573,"Walser, Martin",,,,,Fiktionale Darstellung; Erzählende Literatur: Gegenwartsliteratur ab 1945,ger,
,Karda-mom und Bocks-horn-klee,,Hohen Viecheln,Edition Schlitzohr,2017,18,"Matthies, Horst",,,,,Fiktionale Darstellung; Erzählende Literatur,ger,
,Keine Chance zur Flucht,,Hohen Viecheln,Edition Schlitzohr,2017,14,"Matthies, Horst",,,,,Fiktionale Darstellung; Erzählende Literatur,ger,
,Kellergärung,"Originalausgabe, 2. Auflage",Karlsruhe,Literatenrunde e.V.,2017,234,,,,,,Anthologie; Gemischte Anthologien,ger,
,Klappe,,Hohen Viecheln,Edition Schlitzohr,2017,14,"Matthies, Horst",,,,,Fiktionale Darstellung; Erzählende Literatur,ger,
,Kleine schwarze Taschen,,Hohen Viecheln,Edition Schlitzohr,2017,18,"Matthies, Horst",,,,,Fiktionale Darstellung; Erzählende Literatur,ger,
,Königlich bayerische Slam-Anthologie,Originalausgabe,Reichertshofen-Hög,Bayerischer Poeten- & Belletristik-Verlag,2017,,,"Simon, Pascal",,,,Anthologie,ger,
,Könnte man,,Hohen Viecheln,Edition Schlitzohr,2017,18,"Matthies, Horst",,,,,Fiktionale Darstellung; Erzählende Literatur,ger,
,Koreanische Anthologie,,Euskirchen,Chidher Verlag,2017,56,,"Jentzsch, Bernd",,,,Anthologie; Lyrik,ger,kor
,Koriander,,Hohen Viecheln,Edition Schlitzohr,2017,14,"Matthies, Horst",,,,,Fiktionale Darstellung; Erzählende Literatur,ger,
,Kurzgeschichten,,Neunkirchen,Heimat- und Geschichtsverein Neunkirchen am Sand,2017,76,"Scharrer, Adam",,,,,Anthologie; Erzählende Literatur: Anthologien,ger,
,Lady Jane,Jugendfreie Version,"Babenhausen, Süd-Hessen",Verlag im Institut Drachenhaus,2017,3,"Michaels, Adi Mira",,,,,,ger,
,Lady Jane,,"Babenhausen, Süd-Hessen",Verlag im Institut Drachenhaus,2017,3,"Michaels, Adi Mira",,,,,,ger,
,Läuten,,Leipzig,Nadja Lanart,2017,1,"Lanart, Nadja",,,,,Fiktionale Darstellung; Erzählende Literatur,ger,
,Lebkuchen ans Hirn,,München,Manuela Merl,2017,152,"Merl, Manuela",,,,,Anthologie; Erzählende Literatur: Anthologien,ger,
,"Lieder, Gedichte und Geschichten aus dem alten Baumberg",1. Auflage,Monheim am Rhein,Monheimer Bürgerstiftung,2017,88,"Ahlemeyer, Herbert",,,,,"Anthologie; Unterhaltung, Gemischte Anthologien",ger,
,Marita,,Hohen Viecheln,Edition Schlitzohr,2017,18,"Matthies, Horst",,,,,Fiktionale Darstellung; Erzählende Literatur,ger,
,Mausekind,,Hohen Viecheln,Edition Schlitzohr,2017,14,"Matthies, Horst",,,,,Fiktionale Darstellung; Erzählende Literatur,ger,
,Mein Weihnachtsstern,,Frankenheim/Rhön,"DG-Eigenverlag, Dieter Geißler",2017,88,"Geißler, Dieter",,,,,Anthologie; Gemischte Anthologien,ger,
,Messe,,Leipzig,Nadja Lanart,2017,1,"Lanart, Nadja",,,,,Fiktionale Darstellung; Erzählende Literatur,ger,
,Mit fremden Augen,1. Aufl.,Wetzlar,Phantastische Bibliothek,2017,69,,"Le Blanc, Thomas",,,,Anthologie; Erzählende Literatur: Anthologien,ger,
,Mortaler Ausgang,Gekürzte Fassung,Hohen Viecheln,Edition Schlitzohr,2017,13,"Matthies, Horst",,,,,Fiktionale Darstellung; Erzählende Literatur,ger,
,Nachklang?,,Mansfeld,Im Eigenverlag,2017,191,"Eisner, Irmgard Lydia",,,,,Anthologie; Gemischte Anthologien,ger,
,Nachtprotokolle,"Exklusive Sammlerauflage, Originalveröffentlichung",Windeck,Blitz,2017,159,"Laufer, Anke",,,,,Fiktionale Darstellung; Fantastische Literatur,ger,
,Nebelfäden,,Leipzig,Carolin Geißler,2017,140,"Greene, Carolina",,,,,Anthologie; Erzählende Literatur: Anthologien,ger,
,Neue Sagen und Geschichten aus dem Taunusgebiet,,Oberursel,Josef Venino,2017,59,"Venino, Josef",,,,,,ger,
,Nicht dran rühren,,Hohen Viecheln,Edition Schlitzohr,2017,14,"Matthies, Horst",,,,,Fiktionale Darstellung; Erzählende Literatur,ger,
,Nicht gucken,,Hohen Viecheln,Edition Schlitzohr,2017,18,"Matthies, Horst",,,,,Fiktionale Darstellung; Erzählende Literatur,ger,
,Nuttentanz,1. Auflage,Stuttgart,Uwe Klein,2017,91,"Hymes, Henry/van",,,,,Fiktionale Darstellung; Erzählende Literatur,ger,
,Ohne einander,,Ramsen,Heribert Tenschert Bibermühle,2017,332,"Walser, Martin",,,,,Fiktionale Darstellung; Erzählende Literatur: Gegenwartsliteratur ab 1945,ger,
,Operation act of grace and other stories and essays from the wide area of German science fiction 2017,,Hannover,Science Fiction Club Deutschland e.V.,2017,103,,,,,,Science Fiction,ger,
,Penaten,,Leipzig,Nadja Lanart,2017,1,"Lanart, Nadja",,,,,Fiktionale Darstellung; Erzählende Literatur,ger,
,Porn on the road - Sex Stories,1. Auflage,Stuttgart,Uwe Klein,2017,88,"Hymens, Henry van",,,,,Fiktionale Darstellung; Erzählende Literatur,ger,
,Regenbogentänzer,2. Auflage,Buchholz,meer! Karin Buchholz,2017,22,"Buchholz, Karin",,,,,Fiktionale Darstellung; Erzählende Literatur,ger,
,Sauna,,Hohen Viecheln,Edition Schlitzohr,2017,14,"Matthies, Horst",,,,,Fiktionale Darstellung; Erzählende Literatur,ger,
,Scheu Reh,,Hohen Viecheln,Edition Schlitzohr,2017,18,"Matthies, Horst",,,,,Fiktionale Darstellung; Erzählende Literatur,ger,
,Schmucke Geschichten,,Zürich,JuLl,2017,26,,,,,"Dill, Daniela",Anthologie; Gemischte Anthologien,ger; eng,
,Schneestürmchen & Glühweinwürmchen,,Werdau,Tschök & Tschök GbR,2017,223,,,,,,Anthologie; Erzählende Literatur: Anthologien,ger,
,Schöner Urlaub,,Hohen Viecheln,Edition Schlitzohr,2017,18,"Matthies, Horst",,,,,Fiktionale Darstellung; Erzählende Literatur,ger,
,Schraps hat den Hut verloren,,Hohen Viecheln,Edition Schlitzohr,2017,16,"Matthies, Horst",,,,,Fiktionale Darstellung; Erzählende Literatur,ger,
,Sehr kurze Geschichten,,Leipzig,Nadja Lanart,2017,1,"Lanart, Nadja",,,,,,ger,
,Sherlock Holmes und der blaue Rubin,Den Bühnen gegenüber als Handschrift gedruckt,Weinheim,Deutscher Theaterverlag,2017,49,"Bachmann, Marion",,,,,Theaterstück; Dramatik,ger,
,Sherlock Holmes und die Farben des Verbrechens,"Limitierte und exklusive Sammler-Edition, deutsche Erstveröffentlichung",Windeck,Blitz,2017,173,"Krohn, Rolf",,,,,"Fiktionale Darstellung; Krimis, Thriller, Spionage",ger,
,Sie wackelte mit dem Arsch,1. Auflage,Stuttgart,Uwe Klein,2017,68,"Muller, Nick",,,,,Fiktionale Darstellung; Erzählende Literatur,ger,
,Sieger wird man nicht mit Träumen,,Hohen Viecheln,Edition Schlitzohr,2017,18,"Matthies, Horst",,,,,Fiktionale Darstellung; Erzählende Literatur,ger,
,"Studenten und Schüler aus Ost und West setzen sich mit Erzählungen aus ""Jungfern im Grünen"" und dem Gedicht ""Der Ort"" aus ""Quartiermachen"" auseinander 1974, 1975, 1984, 1993",,Euskirchen,Prof. Bernd Jentzsch,2017,216,,,,,,Anthologie; Erzählende Literatur: Anthologien,ger,
,Tambacher Mundartbuch,,Bad Langensalza/Thüringen,Verlag Rockstuhl,2017,,"Frank, Harry",,,,,Anthologie; Erzählende Literatur: Anthologien,ger,
,Tatort Grätzl,,Wien,echomedia buchverlag,2017,,,,,,,"Fiktionale Darstellung; Krimis, Thriller, Spionage",ger,
,Telefonfürsorge,,Hohen Viecheln,Edition Schlitzohr,2017,14,"Matthies, Horst",,,,,Fiktionale Darstellung; Erzählende Literatur,ger,
,Tod eines Kritikers,,Ramsen,Heribert Tenschert Bibermühle,2017,333,"Walser, Martin",,,,,Fiktionale Darstellung; Erzählende Literatur: Gegenwartsliteratur ab 1945,ger,
,Verrückte Träume,,Berlin,Deutsche Literaturgesellschaft,2017,,"Schröder, Ernst-Lutz",,,,,Fiktionale Darstellung; Erzählende Literatur: Gegenwartsliteratur ab 1945,ger,
,Virus - die neue Welt,,Paderborn,Katharina Tiemann,2017,487,"Tormento, Tessa",,,,,Fiktionale Darstellung; Erzählende Literatur: Gegenwartsliteratur ab 1945,ger,
,Von Züscher Originalen und anderen Geschichten,,Kriftel,Severin Leber,2017,144,"Leber, Severin",,,,,Anthologie; Erzählende Literatur: Anthologien,ger,
,Waldheimat,,"Graz, Austria",Edition Strahalm,2017,,"Rosegger, Peter",,,,,Fiktionale Darstellung; Erzählende Literatur: Hauptwerk vor 1945,ger,
,Was für ein Leben!,,Hohen Viecheln,Edition Schlitzohr,2017,18,"Matthies, Horst",,,,,Fiktionale Darstellung; Erzählende Literatur,ger,
,Was i fast vergessa hab,1. Auflage,Nähermemmingen,Eigenverlag Mährle Hans,2017,101,"Mährle, Hans-Helmut",,,,,Anthologie; Gemischte Anthologien,ger,
,Was nicht vergessen werden sollte,,Potsdam,"Seniorenbeirat der Landeshauptstadt Potsdam, Stadtverwaltung, Fachbereich 3 für Soziales, Jugend, Gesundheit, Ordnung und Umweltschutz",2017,100,,,,,,Anthologie; Anthologie; Erzählende Literatur: Anthologien,ger,
,Wechsel-Jahre,,Hohen Viecheln,Edition Schlitzohr,2017,18,"Matthies, Horst",,,,,Fiktionale Darstellung; Erzählende Literatur,ger,
,Wenn du frierst,,Leipzig,Nadja Lanart,2017,1,"Lanart, Nadja",,,,,Fiktionale Darstellung; Erzählende Literatur,ger,
,Wildbahn,,Leipzig,Nadja Lanart,2017,1,"Lanart, Nadja",,,,,Fiktionale Darstellung; Erzählende Literatur,ger,
,Winterlust,"Vollständige Taschenbuchausgabe, Originalausgabe",Hamburg,Blue Panther Books,2017,,"Walker, Amy",,,,,Anthologie; Erzählende Literatur: Anthologien,ger,
,Wörter beflügeln die Fantasie,,Rüsselsheim,AVH,2017,106,,,,,,Anthologie; Gemischte Anthologien,ger,
,Zug nach Prag,,Leipzig,Nadja Lanart,2017,1,"Lanart, Nadja",,,,,Fiktionale Darstellung; Erzählende Literatur,ger,
,Alles möglich,,Leipzig,Nadja Lanart,2016,1,"Lanart, Nadja",,,,,Fiktionale Darstellung; Erzählende Literatur,ger,
,Allgäu Romantik,,Oberreute,Susanne N. Bahro,2016,,"Bahro, Susanne N.",,,,,Fiktionale Darstellung; Erzählende Literatur,ger,
,Amintor in der U-Bahn,,Leipzig,Nadja Lanart,2016,1,"Lanart, Nadja",,,,,Fiktionale Darstellung; Erzählende Literatur,ger,
,Aus dem Altpapier,,Leipzig,Nadja Lanart,2016,1,"Lanart, Nadja",,,,,Fiktionale Darstellung; Erzählende Literatur,ger,
,Aus unserem Leben,,Potsdam,Seniorenbeirat der Landeshauptstadt Potsdam,2016,100,,,,,,Anthologie; Erzählende Literatur: Anthologien,ger,
,BeSINNliche Geschichten,2. Auflage,Lindau,seme - independent-publishing,2016,48,"Kieslich, Sabine; Gabele, Beate","Kieslich, Sabine; Gabele, Beate",,,,Anthologie; Erzählende Literatur: Anthologien,ger,
,BioPunk'd,"Exklusive Sammlerauflage, Originalveröffentlichung",Windeck,Blitz,2016,266,"Zwengel, Andreas",,,,,Anthologie; Fantastische Literatur,ger,
,Blaupause,,Kirchlindach,"Südhang, Kompetenzzentrum für Mensch und Sucht",2016,71,,,,,,Anthologie; Erzählende Literatur: Anthologien,ger,
,Delikatessen für die Sinne,,Leipzig,Engelsdorfer Verlag,2016,,"Dethlefsen, Jutta",,,,,Fiktionale Darstellung; Erzählende Literatur,ger,
,Der gläserne Mensch,,Leipzig,FKSFL e.V.,2016,266,,"Berger, Dirk",,,,Konferenzschrift,ger,eng
,Der Ochsenfurter Novellen ... Band,,Theilheim bei Würzburg,Gemma,2016,,"Fischer, Achim",,,,,Anthologie; Erzählende Literatur: Anthologien,ger,
,"Die ""Ästhetik der konstruktiven Dissonanz"" - Prežihov Voranc und der Kosovél-Kreis",,Klagenfurt,Edition Rapial,2016,152,,"Strutz, Jozej",,,,Anthologie; Gemischte Anthologien,slv; ger,
,Die Anthologie der Gesegneten,,Ohlsbach,Christa Maria Buß,2016,,"Buß, Christa Maria",,,,,Fiktionale Darstellung; Fantasy,ger,
,Die Flucht nach Ägypten,,Mechernich-Bleibuir,Kodex.Kulturverein e.V.,2016,192,"Mehler, Ulrich",,,,"Mehler, Ruth",Anthologie; Erzählende Literatur: Anthologien,ger,
,Die Quallen,,Zürich,JuLl,2016,30,,,,,"Weber, Peter",Anthologie; Gemischte Anthologien,ger,
,Die Sprachen der anderen,,Leipzig,Nadja Lanart,2016,1,"Lanart, Nadja",,,,,Fiktionale Darstellung; Erzählende Literatur,ger,
,Die Zaubernuss,,Kiel,Hartmut Kietzmann,2016,81,"Kietzmann, Hartmut",,,,,Anthologie; Lyrik,ger,
,"Diessbacher Anekdoten, Geschichten und Müschterli",,Büren a/A,Vereinigung für Heimatpflege Büren,2016,131,,,,,"Schneider, Peter",Anthologie; Erzählende Literatur: Anthologien,ger,
,Dimensionen,,Fürfeld,Thomas S. Dietsch,2016,179,"Dietsch, Thomas S.",,,,,Anthologie; Gemischte Anthologien,ger; eng,
,Drachenzeit,,Leipzig,Nadja Lanart,2016,1,"Lanart, Nadja",,,,,Fiktionale Darstellung; Erzählende Literatur,ger,
,Du weisst nicht wer ich bin,,Zürich,JuLl,2016,38,,,,,"Gottheil, Lea",Anthologie; Gemischte Anthologien,ger,
,Ein-Kauf-Zettwitz,,Leipzig,Nadja Lanart,2016,1,"Lanart, Nadja",,,,,Fiktionale Darstellung; Erzählende Literatur,ger,
,Eine Dame,,Leipzig,Nadja Lanart,2016,1,"Lanart, Nadja",,,,,Fiktionale Darstellung; Erzählende Literatur,ger,
,Eine Reise zum Träumen bis zum Horizont mit ...,,Potsdam,Esch Verlag,2016,2,"Oest Haecks, Gudrun",,,,,Erzählende Literatur,ger,
,Eine Tentakelporn-Anthologie,Limitierte Sonderausgabe,Traunstein,Amrûn Verlag,2016,166,"Turini, Simona; Kastenholz, Markus; Exter, Torsten; Landvogt, Leonie; Rummel, Mark G.; Theobald, Isa; Schlüter, Sascha; Paulus, Germaine; Milano, Doctores; Williams, Thomas","Rapp, Claudia",,,,Anthologie; Erzählende Literatur: Anthologien,ger,
,Einigspiarn,,Frankenburg am Hausruck,Hausruckviertler Mundartkreis,2016,192,,,,,,Anthologie; Lyrik,ger,
,Feder-Striche,,Armsheim,"Rheinhessische Autorengruppe Landschreiber, Eigenverlag",2016,102,,,,,,Anthologie; Erzählende Literatur: Anthologien,ger,
,Fluchten,,Bümpliz,Reformierte Kirchgemeinde Bümpliz,2016,39,"Koenig, Philipp",,,,,Fiktionale Darstellung; Erzählende Literatur,ger,
,"Frankfurt, Hauptstadt des Verbrechens u. a. Kurzgeschichten",,Nidderau,Weteschnik,2016,70,"Weteschnik, Martin",,,,,Anthologie; Erzählende Literatur: Anthologien,ger,
,Fünf-Minuten-Geschichten,,Kremkau,Block,2016,,"Uibel, Bodo",,,,,Fiktionale Darstellung; Erzählende Literatur,ger,
,Ganz kalt,,Leipzig,Nadja Lanart,2016,1,"Lanart, Nadja",,,,,Fiktionale Darstellung; Erzählende Literatur,ger,
,Gedichte und Aphorismen erzählen Geschichten,3. Auflage,Aspach,Horst Reiner Menzel,2016,194,"Menzel, Horst Reiner",,,,,Anthologie; Gemischte Anthologien,ger,
,Gedichte und Geschichten,,Graz,Literaris Verlag,2016,,,"Wilflinger, Anton",,,,Anthologie; Gemischte Anthologien,ger,
,Gesammelte Erzählungen in fünf Bänden,,Wien,Löcker,2016,5,"Adler, H. G.","Adler, Jeremy D.",,,,Fiktionale Darstellung; Erzählende Literatur,ger,
,Geschichte in Geschichten,,Oranienburg,Tourismus und Kultur Oranienburg gGmbH,2016,123,,"Lehmann, Günther",,,,Anthologie; Erzählende Literatur: Anthologien,ger,
,Geschichten aus dem Leben,,"Innsbruck, Austria",MED-EL Medical Electronics,2016,32,,,,,,Fiktionale Darstellung,ger,
,Geschichten aus der heißen Zone,,Heimsheim,Printsystem Medienverlag,2016,,"Anders-Frey, ALAn",,,,,Fiktionale Darstellung; Erzählende Literatur,ger,
,Geschichten aus der Nightside,,Köln,Feder & Schwert,2016,,"Green, Simon R.",,,,,Fiktionale Darstellung; Fantastische Literatur,ger,eng
,"""Geschichten nicht nur aus dem Düsseldorfer Süden""",Zweite Auflage,Düsseldorf,Roswitha Kolvenbach-Klewe,2016,76,"Klewe, Reinhard Michael",,,,,,ger,
,Geschichten und Gedichte zum Besinnen und zum Schmunzeln,,Witten,Helmut Rinke,2016,,"Rinke, Helmut","Rinke, Helmut",,,,Anthologie; Gemischte Anthologien,ger,
,Geschichten von der Insel,,Frankfurt,MAIN Verlag,2016,,"Flavian, Eve; Faye, Neela",,,,,Fiktionale Darstellung; Erzählende Literatur: Gegenwartsliteratur ab 1945,ger,
,Geschichten von hier... im Schatten der Halde,,Sangerhausen,Matthias Strehlau,2016,210,"Strehlau, Matthias",,,,,Fiktionale Darstellung; Erzählende Literatur,ger,
,Gesichter des Todes,,Limburg,Eva Lirot,2016,,"Lirot, Eva",,,,,"Fiktionale Darstellung; Krimis, Thriller, Spionage",ger,
,Glaubwürdig,,Leipzig,Nadja Lanart,2016,1,"Lanart, Nadja",,,,,Fiktionale Darstellung; Erzählende Literatur,ger,
,Hartmut und Gottlieb reden über Gott und die Welt,,Langscheid,Dr. Constantin Pana Buchverlag,2016,,"Licht, Christian; Peiker, Dieter",,,,,Anthologie; Erzählende Literatur: Anthologien,ger,
,Heinerichs Erzählungen,,Aachen,Karin Fischer Verlag,2016,,"Thurn, Bernhard",,,,,Fiktionale Darstellung; Erzählende Literatur,ger,
,"""Heute tanzen alle Sterne ...""",,Bregenz,"VP, Vorarlberg",2016,22,,,,,,Anthologie; Lyrik,ger,
,Hinter dem Quecksilber,Originalausgabe,Neustadt i. Sa.,Edition CL,2016,288,,"Dangel, Lars",,,,Fiktionale Darstellung; Fantastische Literatur,ger,
,"Ich bin das Wilde, Dumpfe, das man schlug ...",,Bonn,Dichtungsring e.V.,2016,121,,"Alsum, Cornelius van",,,,Zeitschrift,ger,
,Im Bauch,,Leipzig,Nadja Lanart,2016,1,"Lanart, Nadja",,,,,Fiktionale Darstellung; Erzählende Literatur,ger,
,In der letzten Zeit,,Leipzig,Nadja Lanart,2016,1,"Lanart, Nadja",,,,,Fiktionale Darstellung; Erzählende Literatur,ger,
,Jutta Haar erzählt Drei zauberhafte Geschichten,,Hamburg,Verlag Magische Welt,2016,14,"Haar, Jutta",,,,,Festschrift; Anthologie; Erzählende Literatur: Anthologien,ger,
,Kommissar Prisma löst den Fall,,Leipzig,Nadja Lanart,2016,1,"Lanart, Nadja",,,,,Fiktionale Darstellung; Erzählende Literatur,ger,
,Kopfkino-Sammelband,,Hilden,KopfKino-Verlag,2016,,,,,,,Fiktionale Darstellung; Erzählende Literatur: Gegenwartsliteratur ab 1945,ger,
,Kurzgeschichte,,Leipzig,Nadja Lanart,2016,1,"Lanart, Nadja",,,,,Fiktionale Darstellung; Erzählende Literatur,ger,
,Kurzstrecken Geschichten,"Deutsche Erstveröffentlichung, 2. überarbeitete Auflage",Ratingen,Michael Schönberg,2016,116,"Schönberg, Michael",,,,,"Fiktionale Darstellung; Erzählende Literatur; Comic, Cartoon, Humor, Satire",ger,
,Laager Geschichten,,Laage,Verein der Natur- und Heimatfreunde Laage und Umgebung e.V.,2016,,,,,,,Fiktionale Darstellung; Erzählende Literatur,ger,
,Labyrinth,,Bonn,Dichtungsring e.V.,2016,117,,"Hagemeyer, Ines",,,,Zeitschrift,ger,
,"Lustiges und Nachdenkliches, in über 250 Geschichten und Episoden, in Rab'ser Mundart",,Schlöben,Klaus Biedermann,2016,2,"Biedermann, Klaus",,,,,Anthologie; Erzählende Literatur: Anthologien,ger,
,Mach mich an,Genehmigte Lizenzausgabe,Augsburg,Weltbild,2016,317,"Gordon, Lindsay",,"Meyer, Melanie",,,Fiktionale Darstellung; Erzählende Literatur,ger,eng
,März,,Leipzig,Nadja Lanart,2016,1,"Lanart, Nadja",,,,,Fiktionale Darstellung; Erzählende Literatur,ger,
,Magische Kurzgeschichten,,Blumberg,Schwarzer Drachen Verlag,2016,,,"Schwarzer, Sandra",,,,Anthologie; Fantasy,ger,
,Magische Momente,,Köln,Edition Roter Pinguin,2016,156,"Greis, Utz Peter",,,,"Meissner, Dirk",Fiktionale Darstellung; Erzählende Literatur,ger,
,Manhattan love stories,,München,BookRix,2016,,"Summers, Mila",,,,,Fiktionale Darstellung; Erzählende Literatur,ger,
,Maritime Erzählungen,,Leipzig,Engelsdorfer Verlag,2016,,"Sakautzky, Detlev",,,,,Fiktionale Darstellung; Erzählende Literatur,ger,
,Me(h)rseburger Grüne Geschichten!,,Merseburg,Stadt Merseburg,2016,180,"Wiesner, Nils","Wiesner, Nils",,,,Anthologie; Erzählende Literatur: Anthologien,ger,
,Meine Ziegenrücker Geschichten oder: Fünfzehn Jahre in Ziegenrück,,Ziegenrück,Espero-Verlag,2016,,"Rein, Gisela",,,,,Fiktionale Darstellung; Erzählende Literatur: Anthologien,ger,
,Michaels Kurzgeschichten,Überarbeitete Auflage,Ratingen,Michael Schönberg,2016,116,"Schönberg, Michael",,,,,Fiktionale Darstellung; Erzählende Literatur,ger,
,Milchmädchen und Cleverles,,Beckingen,Hans-Peter Spelz,2016,49,"Spelz, Hans-Peter",,,,,Anthologie,ger,
,Mit anderen Worten,,Ratingen,ERA e.V.,2016,123,,,,,,Anthologie; Gemischte Anthologien,ger,
,Mit Bedacht ins Buch gebracht,,Puchheim,Seniorenschreibtisch der Stadt Puchheim,2016,204,,,,,,Anthologie; Gemischte Anthologien,ger,
,"Na, woas wirschten denke",,Rabis,Klaus Biedermann,2016,70,"Biedermann, Klaus",,,,,Anthologie; Erzählende Literatur: Anthologien,ger,
,Nehmen Sie sich in Acht vor Perserteppichen,,Bonn,Bundesverband Junger Autoren und Autorinnen,2016,108,,,,,,Anthologie; Erzählende Literatur: Anthologien,ger,
,Ohne Hirn bist halt ein Depp,Erstauflage,Julbach,Johann Eckerl,2016,168,"Eckerl, Johann",,,,,Anthologie; Erzählende Literatur: Anthologien,ger,
,Oh!,5. Auflage,Hamburg,Andere Zeiten e.V.,2016,47,,,,,"Camus, Ariane",Anthologie; Erzählende Literatur: Anthologien,ger,
,Orchideenspiel,,München,Nannette Schellenberg eBooks,2016,235,"Meyne, Alex",,,,,Anthologie; Erzählende Literatur: Anthologien,ger,
,Perlen der Weihnacht,,Weißkirchen in Steiermark,Eigenverlag,2016,47,"Haring, Margit",,,,,Anthologie; Gemischte Anthologien,ger,
,Radelwetter,,Leipzig,Nadja Lanart,2016,1,"Lanart, Nadja",,,,,Fiktionale Darstellung; Erzählende Literatur,ger,
,Russische Märchen,,Haselünne,Machandel Verlag,2016,,,"Erpenbeck, Charlotte",,,,Anthologie; Erzählende Literatur: Anthologien,ger,
,Sagen und Geschichten aus dem Raum Bonndorf-Stühlingen-Wutach,,Bonndorf-Brunnadern,Emil Kümmerle,2016,268,"Kümmerle, Emil",,,,,,ger,
,Schattenflüsterer,1. Auflage,München,Alice Andres,2016,320,,,,,,Fiktionale Darstellung; Fantasy,ger,
,Schwarz auf Weiß,,Merchweiler,Selbstverlag der Schreibwerkstatt in der VHS Merchweiler,2016,358,,,,,"Tiefenbrunner, Peter",Anthologie,ger,
,Schweizer Politik zum Lachen,Originalausgaben,Olten,Weltbild,2016,,,,,,"Hildbrand, René","Anthologie; Humor, Satire",ger,
,Sehr kurze Geschichten,,Leipzig,Nadja Lanart,2016,1,"Lanart, Nadja",,,,,,ger,
,Sehr kurze Geschichten,,Leipzig,Nadja Lanart,2016,,"Lanart, Nadja",,,,,Fiktionale Darstellung; Erzählende Literatur,ger,
,Sherlock Holmes im Périgord und andere Erzählungen,Originalausgabe,Hannover,"Elms & Oaks, Verlag Jens Arne Klingsöhr",2016,192,"Willscher, Andreas",,,,,Anthologie; Erzählende Literatur: Anthologien,ger,
,Sir Orfeo,,Leipzig,Nadja Lanart,2016,1,"Lanart, Nadja",,,,,Fiktionale Darstellung; Erzählende Literatur,ger,
,Sonderbar & eigenartig,,Witten,Verlag Frank Verhoeven,2016,98,"Matena, Konnie",,,,,Fiktionale Darstellung; Erzählende Literatur: Gegenwartsliteratur ab 1945,ger,
,Spuren,"Neue, erweiterte und komplett überarbeitete Ausgabe, 2. Auflage",Schmelz,Oliver Walbach,2016,153,"Walbach, Oliver",,,,,Anthologie,ger,
,"Star Wars: Geschichten aus einer weit, weit entfernten Galaxis, Spezies",Deutsche Ausgabe,Stuttgart,Panini  Books,2016,,"Walker, Landry Q.",,"Dinter, Jan",,,"Anthologie; Science Fiction; Science Fiction, Fantasy",ger,eng
,Südsee-Geschichten,,Hornburg,Selbstverlag Günthers Bücher,2016,324,"Machalett, Günther",,,,,Anthologie; Historische Romane und Erzählungen,ger,
,Sunny city,,Leipzig,Nadja Lanart,2016,1,"Lanart, Nadja",,,,,Fiktionale Darstellung; Erzählende Literatur,ger,
,Tanz in Grün,,Zürich,Emil Zopfi,2016,203,"Zopfi, Emil",,,,,Anthologie; Erzählende Literatur: Anthologien,ger,
,Tiefer Schafsee und andere Erzählungen,Einmalige Auflage,Leipzig,Leipziger Bibliophilen-Abend,2016,88,"Schmidt, Kathrin",,,,"Heublein, Madeleine; Stabe, Helmut",,ger,
,Überwiegend wechselhaft,,Witten,Helmut Rinke,2016,154,,"Rinke, Helmut",,,,Anthologie; Erzählende Literatur: Anthologien,ger,
,Unbedingt Schiller,,Leipzig,Nadja Lanart,2016,1,"Lanart, Nadja",,,,,Fiktionale Darstellung; Erzählende Literatur,ger,
,Von monochromen Momenten & magischen Fluchten,Originalausgabe,Hessen?,Mbook Verlag,2016,39,,"Pioch, Yvonne",,,,Anthologie; Erzählende Literatur: Anthologien,ger,
,Was bleibt,,Berlin-Adlershof,Marlies Schmidl,2016,70,"Schmidl, Marlies",,,,,Fiktionale Darstellung; Erzählende Literatur: Gegenwartsliteratur ab 1945,ger,
,Was der Heimat erspart blieb,,Idstein,Peter Faust,2016,81,"Faust, Peter",,,,,Anthologie; Erzählende Literatur: Anthologien,ger,
,Weiße Hölle,1. Aufl.,Wetzlar,Phantastische Bibliothek,2016,70,,"Schneidewind, Friedhelm",,,,Anthologie; Fantasy,ger,
,Wie dae Herrgott de Welt erschaff hat o watt draus génn éss,,Beckingen,Hans-Peter Spelz,2016,107,"Spelz, Hans-Peter",,,,,Anthologie,ger,
,Winkel,,Leipzig,Nadja Lanart,2016,1,"Lanart, Nadja",,,,,Fiktionale Darstellung; Erzählende Literatur,ger,
,"Wo Hessen beginnt, italienisch zu werden ...",,Jugenheim,Edition Tintenfass,2016,32,"Wuttge, Dagmar",,,,,Anthologie; Erzählende Literatur: Anthologien,ger,
,Xenophobia,"Exklusive Sammlerauflage, Originalveröffentlichung",Windeck,Blitz,2016,221,"Korb, Markus K.",,,,,Anthologie; Erzählende Literatur: Anthologien,ger,
,Zwischen gestern und morgen - mein heute,2. Auflage,Waltrop,Paul Reding,2016,125,"Reding, Paul",,,,,Anthologie; Gemischte Anthologien,ger,
,4 gesammelte Kurzgeschichten,1. Auflage,Nienhagen,Edition LASENECA,2015,350,"Svenson, Sven",,,"Svenson, Sven; Svenson, Sven; Svenson, Sven; Svenson, Sven",,Anthologie; Erzählende Literatur: Anthologien,ger,
,800 Jahre Roßlau,,Kleingießhübel,Verlag Jürgen Ritschel,2015,118,,,,,,Anthologie; Anthologie; Erzählende Literatur: Anthologien,ger,
,Abschied der letzten Segelschiffe,,Hornburg,Selbstverlag Günthers Bücher,2015,272,"Machalett, Günther",,,,,Fiktionale Darstellung; Erzählende Literatur: Gegenwartsliteratur ab 1945,ger,
,Armenische Erzählungen,,Berlin,Bedros Dikiciyan,2015,90,"Aharonean, Awetis",,,,,Anthologie; Erzählende Literatur: Anthologien,ger,arm
,Aus vielen Jahren,,Rastdorf,Thekla Brinker,2015,208,"Brinker, Thekla","Brinker, Thekla",,,,Anthologie; Erzählende Literatur: Anthologien,ger,
,Bittersüss und zartbitter,,Bern,mooh!,2015,257,"Stöckli, Susanne",,,,,Fiktionale Darstellung; Erzählende Literatur,ger,
,"Buerlein, Buerlein, wat löppst du so?",,Bartenshagen,Hanna Sauder,2015,83,"Sauder, Hanna",,,,,Fiktionale Darstellung; Erzählende Literatur: Gegenwartsliteratur ab 1945,ger,
,Das Kirschhörnchen,,Kiel,Hartmut Kietzmann,2015,59,"Kietzmann, Hartmut",,,,,Anthologie; Gemischte Anthologien,ger,
,Das Tal ohne Namen,,Klagenfurt,Edition Rapial edicija,2015,100,Prežihov Voranc,,"Strutz, Jozej",Prežihov Voranc; Prežihov Voranc; Prežihov Voranc; Prežihov Voranc; Prežihov Voranc,,Theaterstück; Dramatik,ger,slv
,Dein Traum von der Zukunft,,Stuttgart,Baden-Württemberg Stiftung gGmbH,2015,66,,,,,,Anthologie; Erzählende Literatur: Anthologien,ger,
,Der alte Dichter und der junge Kritikus,,Leipzig,Leipziger Bibliophilen-Abend,2015,103,"Gellert, Christian Fürchtegott",,,,"Münzner, Rolf; Grau, André",Fiktionale Darstellung; Erzählende Literatur: Hauptwerk vor 1945,ger,
,Der Blumen-Lobgesang,,Langnau i.E.,Hermann AG,2015,24,"Kirchhofer, Maria",,,,,Anthologie; Gemischte Anthologien,ger,
,Der Dichter und der Phlox,,Langendorf,Hans Erhard Gerber,2015,140,"Gerber, Hans Erhard",,,,,Fiktionale Darstellung; Erzählende Literatur,ger,
,Der Dichtung eine Bresche,,Berlin,dahlemer verlagsanstalt,2015,,,"Stonet, Walther",,,,Anthologie; Lyrik,ger,
,Der gefräßige Gigant,1. Ausg.,Melle,H. Dammeyer,2015,169,"Dammeyer, Heinz",,,,,Erzählende Literatur: Gegenwartsliteratur ab 1945,ger,
,Der König im Don Léon und fünf weitere Erzählungen,1. Auflage,Zürich,Martin Hotz,2015,97,"Hotz, Martin",,,,,Anthologie; Erzählende Literatur: Anthologien,ger,
,"""Der Mensch ein Egoist ... das Tier, ein echter Lebenspartner""",,Oberwangen,H. Huber,2015,19,"Huber, Hugo",,,,,Fiktionale Darstellung; Erzählende Literatur,ger,
,Die Dreiteilung der Winkelspinne,,Markkleeberg,Ekkehard Meister,2015,152,"Meister, Ekkehard",,,,,Anthologie; Lyrik,ger,
,Die Eulin,1. Aufl.,Heidelberg,B. Hieber,2015,157,"Hieber, Brigitte",,,,,Erzählende Literatur: Anthologien,ger,
,Die Flieger,,Neckenmarkt,Novum pro,2015,,"Clain, H. C.",,,,,"Fiktionale Darstellung; Krimis, Thriller, Spionage",ger,
,Die Flöhe von Poujol,,Köln,Edition Roter Pinguin,2015,147,"Greis, Utz Peter",,,,"Meissner, Dirk",Fiktionale Darstellung; Erzählende Literatur,ger,
,Die kleine Insel unserer Fantasie,,Leipzig,Engelsdorfer Verlag,2015,,"Zeitz, Susanne",,,,,Fiktionale Darstellung; Anthologie; Erzählende Literatur,ger,
,Die Max und Moritz Geschichten in drei Varianten Münsterer Mundart ; heute-gestern-vorgestern,"Erste Auflage, Stand: 24.1.2015 zum 3. Geburtstag meines Enkels Jan Karl Piwowar",Lockstädt,Jürgen Piwowar,2015,84,,,,,"Piwowar, Jürgen",,ger,
,Die Struwwelpeter-Geschichten in drei in sich abgeschlossenen und deshalb flüssig lesbaren Varianten Münsterer Mundart,"1. Auflage, Stand: 25.6.2015",Laubach-Münster,Jürgen Piwowar,2015,88,,,,,"Piwowar, Jürgen",Fiktionale Darstellung; Erzählende Literatur: Hauptwerk vor 1945,ger,
,Die Struwwelpeter-Geschichten in drei Varianten Münsterer Mundart,"1. Auflage, Stand: 25.6.2015",Laubach-Münster,Jürgen Piwowar,2015,86,,,,,"Piwowar, Jürgen",Fiktionale Darstellung; Erzählende Literatur: Hauptwerk vor 1945,ger,
,Die ungewöhnlichen Untersuchungen des Doktor Yao,,Berlin,L. Gausepohl,2015,346,"Gausepohl, Ludger",,,,,"Krimis, Thriller, Spionage",ger,
,Dütt und datt upp Platt,,Bad Bevensen,C. F. Bautsch,2015,39,"Bautsch, Carl Friedrich",,,,,Erzählende Literatur: Anthologien,ger,
,Einen Sommer lang,,Bad Mergentheim,G. Rübsaat,2015,336,,"Rübsaat, Gitta",,,,Erzählende Literatur: Anthologien,ger,
,Endlich Zeit für Kurzgeschichten rund um die Bahn,,München,"Süddeutsche Zeitung GmbH, SZ Edition",2015,79,,,,,,Anthologie; Erzählende Literatur: Anthologien,ger,
,Erzählchen von und mit Adelbert aus Ölkstein-Rotenitz,,Bad Langensalza,Verlag Rockstuhl,2015,,"Manthey, Christine; Manthey, Fred",,,,"Rockstuhl, Harald",Fiktionale Darstellung; Erzählende Literatur,ger,
,Gedichte und Geschichten aus dem Leben in und um Niederwetz,,Schöffengrund-Niederwetz,Heimat- und Kulturverein Niederwetz e. V.,2015,,"Diehl, Margit",,,,,Anthologie; Lyrik,ger,
,Gefangen in der Freiheit,,Göttingen,Jugenhilfe Göttingen,2015,137,,"Haupt, Anja",,,Murat,Erzählende Literatur: Anthologien,ger,
,Gefangen mit Buddha,,Berlin,Mischa Naue ,2015,,"Naue, Mischa",,,,,Fiktionale Darstellung; Erzählende Literatur,ger,
,Geschichten und Gedichte,Aufl. von signierten und nummerierten Ex.,Berlin,Aphaia-Verl.,2015,26,"Kiefer, Peter",,,,"Carbenay, Christophe G.",Lyrik,ger,
,Ge(s)tammelte Verse und Geschichten,,Derendingen,Urs Schaad,2015,189,"Schaad, Urs",,,,,Anthologie; Lyrik,ger,
,"Gezwitschert, gegackert ... un druff gepiffe",1. Auflage,Martinsthal,Ulrike Neradt,2015,92,"Neradt, Ulrike",,,,,Anthologie; Erzählende Literatur: Anthologien,ger,
,Hamburger Sternschnuppen,1. Auflage,Buchholz,meer! Karin Buchholz,2015,17,"Buchholz, Karin",,,,,Fiktionale Darstellung; Erzählende Literatur,ger,
,Heroes - Kurzgeschichten-Sammelband,,Berching,S. Brom,2015,419,"Hunt, Susan B.",,,,,Erzählende Literatur: Anthologien,ger,
,Hinter den Kulissen - wenn Worte zu Geschichten werden,1. Auflage,Berlin,"Medusa Mabuse, c/o Papyrus Autoren-Club, R.O.M. Logicware GmbH",2015,278,,,,,,Anthologie; Erzählende Literatur: Anthologien,ger,
,"""Hobelspöh""",,Tägerig,Kurt Oldani,2015,294,"Oldani, Kurt",,,,,Anthologie; Erzählende Literatur: Anthologien,ger,
,Ich schenk dir ein Buch,1. Auflage,Duisburg,"Elke Bockamp ""Tausendundeine Geschichte""",2015,259,,"Bockamp, Elke",,,,Anthologie; Erzählende Literatur: Anthologien,ger,
,"""Kinder - ihre Welt, ihr Glück, ihr Leid""",,Koblenz,Lotto Rheinland-Pfalz,2015,119,,"Häfner, Jürgen",,,,Anthologie; Erzählende Literatur: Anthologien,ger,
,Klara Leopoldina Morgengold,Zweite stark veränderte Auflage,Kleingießhübel,Verlag Jürgen Ritschel,2015,46,"Ritschel, Jürgen",,,,,Fiktionale Darstellung; Erzählende Literatur,ger,
,Kleine Geschichten für grosse Leute,,Feldbrunnen,HLV,2015,134,,,,,,,ger,
,Kleine Geschichten für grosse Leute,,Feldbrunnen,HLV,2015,140,,,,,,,ger,
,Krippenfiguren,,,,2015,66,"Pfitzenmaier, Peter",,,,,Anthologie; Erzählende Literatur: Anthologien,ger,
,Kurzgeschichten für unterwegs,,Bad Berlaburg,Manfred B. Heinzelmann,2015,80,"Heinzelmann, Manfred B.",,,,,Anthologie; Erzählende Literatur: Anthologien,ger,
,Laute und Gitarre in der deutschsprachigen Lyrik,,Leipzig,Engelsdorfer Verlag,2015,,,"Dittrich, Raymond",,,,Anthologie; Lyrik,ger,
,Laute und leise Geschichten,,Kleingieshübel,Verlag Jürgen Ritschel,2015,,"Schubert, Ursula",,,,,Anthologie; Gemischte Anthologien,ger,
,Liebeswirren,Jubiläumsausgabe,Stuttgart,Mona Frick,2015,368,,,,,,Fiktionale Darstellung; Erzählende Literatur: Gegenwartsliteratur ab 1945,ger,
,Menschenskinder,,Aindling,Edition Trailer Spot - Der Verlag,2015,,"Schmahl, Stefan",,,,,Anthologie; Horror,ger,
,Midnight stories,,Duisburg,Alexa Kim,2015,,"Kim, Alexa",,,,,Anthologie; Erzählende Literatur: Anthologien,ger,
,"Mila, Mira und Marie",2. Auflage,Bad Soden,Ankisch Verlag,2015,264,"Prinz, Walter",,,,,Anthologie; Erzählende Literatur: Anthologien,ger,
,Nebel - Streif - Zug der Literatur 2015,,Neckenmarkt,novum pro,2015,453,,"Bader, Wolfgang",,,,Anthologie; Anthologie,ger,
,O du gnadenreiche Zeit,,Bregenz,Vorarlberg ÖVP,2015,26,,,,,,Anthologie; Gemischte Anthologien,ger,
,"""Oberpfälzer Schmankerln""",,Schwandorf,Stadtarchiv Schwandorf,2015,,,,,,"Stich, Lisl","Anthologie; Humor, Satire",ger,
,Oh!,,Hamburg,Andere Zeiten e.V.,2015,48,,,,,"Camus, Ariane",Erzählende Literatur: Anthologien,ger,
,Osterhasen küsst man nicht,1. Aufl.,Erkerode,H.-D. Vonau,2015,106,"Vonau, Heinz-Dieter",,,,,Erzählende Literatur: Anthologien,ger,
,Pantheon,1. Auflage,Nienhagen,Edition LASENECA,2015,100,"Svenson, Sven",,,,,Anthologie; Erzählende Literatur: Anthologien,ger,
,"""Polyamoroso"" oder Maries Liebhaber",,Kempten,B. Wolfart,2015,59,"Wolfart, Barbara",,,,,Gemischte Anthologien,ger,
,"Psychologische Gedichte, Monologe, Prosa",,Klagenfurt am Wörthersee,Kriemhilde Natmessing,2015,790,"Natmessnig, Kriemhilde",,,,,Anthologie; Lyrik,ger,
,Quer durchs Leben!,,Borsdorf,edition winterwork,2015,,,,,"Grylla, Ehrentraut",,Fiktionale Darstellung; Erzählende Literatur: Gegenwartsliteratur ab 1945,ger,
,Rötha - Geschichten finden Stadt,,Markkleeberg,Kulturbahnhof e.V.,2015,47,,,,,"Schmutz, Ida; Putz, Mandy; Gehrt, Mandy",Anthologie; Erzählende Literatur: Anthologien,ger,
,Sammelband GayLe Stories,,"Babenhausen, Süd-Hessen",Verlag im Institut Drachenhaus,2015,,"Michaels, Adi Mira",,,,,Fiktionale Darstellung; Erzählende Literatur: Gegenwartsliteratur ab 1945,ger,
,Schreibwettbewerb Telfs,,Telfs,Telfer Kultur- und Bildungsforum,2015,60,,,,,,Anthologie; Gemischte Anthologien,ger,
,Sir Arnold - Detektiv der Vergangenheit,,Babenhausen,Verlag des Instituts Drachenhaus,2015,,"Hamani, Yōko; Michaels, Adi Mira",,,,,"Krimis, Thriller, Spionage",ger,
,Sophia oder Der Anfang aller Geschichten,Lizenzausgabe,Frankfurt am Main,Büchergilde Gutenberg,2015,475,"Schami, Rafik",,,,,Fiktionale Darstellung; Erzählende Literatur: Gegenwartsliteratur ab 1945,ger,
,Sprachfeuer,Sonderedition anlässlich des Ehrengastauftrittes Indonesiens bei der Frankfurter Buchmesse 2015,Berlin,Regiospectra,2015,342,,"Damshäuser, Berthold","Damshäuser, Berthold",,,Anthologie; Lyrik,ger,ind
,Stern auf vier Pfoten,,Berlin,Mona Silver c/o Papyrus Autoren-Club,2015,44,"Silver, Mona",,,,,Fiktionale Darstellung; Erzählende Literatur,ger,
,Syntagma schreiben Texte 2015,,Frankfurt am Main,Syntagma,2015,135,,,,,,Anthologie; Gemischte Anthologien,ger,
,Tabu-Geschichten,,Küps,Edition Combes im Verlag Frank de la Porte,2015,,,,,,,Erzählende Literatur,ger,
,Tom - himmlische Geschichten,Deutsche Erstausgabe,Sprakensehl,Asaro Verlag,2015,,"Schmidt, Sigrid",,,,,Fiktionale Darstellung; Erzählende Literatur: Gegenwartsliteratur ab 1945,ger,
,Typisch!,"13., korr. Auflage",Hamburg,Andere Zeiten e.V.,2015,47,,,,,"Jakobs, Günther",Anthologie; Erzählende Literatur: Anthologien,ger,
,"Von Busfahrten, Katakomben und Notaren",1. Auflage,Frauenfeld,Edition Hartmann,2015,162,"Hartmann, Jürg",,,,,Fiktionale Darstellung; Erzählende Literatur,ger,
,Wer oder was ist Nabucco? und andere Kurzgeschichten für schlaflose Nächte,Erste Auflage,Oppenweiler,Renate Wagner,2015,112,"Wagner, Renate",,,,,Anthologie; Erzählende Literatur: Anthologien,ger,
,Werkausgabe,,Frankfurt am Main,Fischer Taschenbuch Verlag,2015,3,"Pasternak, Boris Leonidovič","Fischer, Christine",,,,Anthologie; Gemischte Anthologien,ger,rus
,Wie es damals war,,Potsdam,"Seniorenbeirat der Landeshauptstadt Potsdam, Stadtverwaltung, Fachbereich 3 für Soziales, Jugend, Gesundheit, Ordnung und Umweltschutz",2015,104,,,,,,Anthologie; Erzählende Literatur: Anthologien,ger,
,Am Ende der Wels,"2., korrigierte Aufl.",Hannover,Jmb-Verl.,2014,98,"Kühn, Totte",,,,,Erzählende Literatur: Anthologien,ger,
,Auf Erlebtes zurück geschaut,,Potsdam,"Seniorenbeirat in der Landeshauptstadt Potsdam, Stadtverwaltung, Fachbereich 3 für Soziales, Jugend, Gesundheit, Ordnung und Umweltschutz",2014,104,,,,,,Anthologie; Erzählende Literatur: Anthologien,ger,
,Australia,Limited Edition,Wien,Society for the Study of the Short Story in English,2014,115,,"Petter, Sylvia",,,,Anthologie; Erzählende Literatur: Anthologien,ger,
,Bitte weiter lesen!,,Puchheim,Seniorenschreibtisch der Stadt Puchheim,2014,217,,"Lüddecke, Gerhard",,,,Erzählende Literatur: Gegenwartsliteratur ab 1945,ger,
,Chance eins zu hundert,,Korntal-Münchingen,Licht im Osten,2014,19,"Polozov, Vitalij",,"Wiens, Maria","Polozov, Vitalij",,Erzählende Literatur,ger,rus
,Christian Ernst Wunnerlich,1. Auflage,Schlettau,Förderverein Schloss Schlettau e.V.,2014,28,"Gehler, Georg",,,,,Fiktionale Darstellung,ger,
,"Das Mädchen, das Geschichten fängt",Ungekürzte Lizenzausg.,Rheda-Wiedenbrück,RM-Buch-und-Medien-Vertrieb {u.a.,2014,431,"Schwab, Victoria",,"Walther, Julia","Schwab, Victoria",,Fantasy,ger,eng
,De kranken Höhner,,Horndorf,Irene Sander,2014,136,"Sander, Irene",,,,,Anthologie; Erzählende Literatur: Anthologien,ger,
,Der Baum,,Wien,Saudi-Arabisches Kulturbüro,2014,96,"Nāṣir, ʿAbdallāh Muḥammad an-",,,,,,ger,
,Der dritte Versuch,1. Aufl.,Nienhagen,Ed. Laseneca,2014,99,"Svenson, Sven",,,,,Science Fiction,ger,
,Der herbe Duft der Kamille,,Dresden,Dresdner Seniorenakademie Wissenschaft und Kunst,2014,152,,,,,,Anthologie; Erzählende Literatur: Anthologien,ger,
,Der Koffer und einundzwanzig andere Geschichten,,Einsiedeln,Ailenroc,2014,117,Ailenroc,,,,,Fiktionale Darstellung; Erzählende Literatur,ger,
,"""... der stinkt durch's ganze Land""",,Markkleeberg,Verein der Freunde und Förderer der Fahrradkirche Zöbigker e.V.,2014,59,"Diestel, Ingrid",,,,"Bückner, Ursula",Fiktionale Darstellung; Erzählende Literatur: Anthologien,ger,
,Der Werra-Meißner-Kreis 3.0 (im Jahr 2025),,Eschwege,Verein für Regionalentwicklung Werra-Meißner e.V.,2014,71,,,,,,Anthologie; Erzählende Literatur: Anthologien,ger,
,Die Erzählerin,,"Aalen, Württ.",Opferkuch,2014,,"Mangold, Ursel",,,,,Erzählende Literatur: Anthologien; Erzählende Literatur,ger,
,Die Fremden von der Erde,1. Aufl.,Nienhagen,Ed. Laseneca,2014,65,"Svenson, Sven",,,,,Science Fiction,ger,
,Die Gewerkschaft der Gespenster,,Bellheim,Ed. Phantasia,2014,163,,"Körber, Joachim",,,,Fantastische Literatur,ger,
,Die magische Uhr,,Buchholz,meer! Karin Buchholz,2014,17,"Buchholz, Karin",,,,,Fiktionale Darstellung; Erzählende Literatur,ger,
,Die Marquise von O...,Sonderausgabe,Frankfurt,DB Fernverkehr AG,2014,87,"Kleist, Heinrich von",,,"Kleist, Heinrich von; Kleist, Heinrich von",,Fiktionale Darstellung; Erzählende Literatur: Hauptwerk vor 1945,ger,
,Die Schatten-Anthologie,,München,Alice Andres,2014,,,,,,,Fiktionale Darstellung; Fantasy,ger,
,Die unmögliche Leiche,1. Auflage,Frankfurt,Charles Verlag,2014,29,"Müller, Meddi M.",,,,,"Fiktionale Darstellung; Krimis, Thriller, Spionage",ger,
,Dünnschiss gegen Putin und andere Unannehmlichkeiten im neuen Kalten Krieg,2. Auflage,Marburg,Ralf Schrader,2014,116,"Schrader, Ralf",,,,,Anthologie,ger,
,Ein bunter Strauss kleiner Geschichten,,Wettingen,Anita Volker,2014,72,"Volker, Anita",,,,,Fiktionale Darstellung; Erzählende Literatur: Gegenwartsliteratur ab 1945,ger,
,Ein Licht in der Dunkelheit,,Bad Mergentheim,G. Rübsaat,2014,346,,"Rübsaat, Gitta",,,,Erzählende Literatur: Anthologien,ger,
,Ein Pförtner im Himmel,1. Auflage,Frankfurt,Charles Verlag,2014,14,"Müller, Meddi M.",,,,,"Fiktionale Darstellung; Krimis, Thriller, Spionage",ger,
,Einsteins Schaukel,,Bellheim,Ed. Phantasia,2014,187,,"Körber, Joachim",,,,Science Fiction,ger,
,Erschieß den verdammten Hund!,,Bonn,Bundesverb. Junger Autoren und Autorinnen,2014,67,,"Kootz, Anja",,,"Gebhardt, Ralf",,ger,
,Expedition zum Wortpol,,Ratingen,ERA e.V.,2014,129,,,,,,Anthologie; Gemischte Anthologien,ger,
,Fien & Groff,2. Auflage,Wohlerst,Petra Bredehöft,2014,,"Junge, Gerhard",,,,"Junge, Gerhard",Anthologie; Gemischte Anthologien,ger,
,Fleisch,,Wuppertal,Eldur Verlag,2014,,,,,,,Fiktionale Darstellung; Horror,ger,
,Frei Körper Kolumnen ,,Bergen auf Rügen,Art Photo Archiv Klaus Ender,2014,3,"Ender, Klaus",,,,"Ender, Klaus",Anthologie; Bildband; Erzählende Literatur: Anthologien,ger,
,Gedankenflüge,,Merchweiler,Selbstverlag der Schreibwerkstatt in der VHS Merchweiler,2014,359,"Gorny, Lara","Tiefenbrunner, Peter",,,"Dewes, Esther","Anthologie; Unterhaltung, Gemischte Anthologien",ger,
,Gemeinsame Geschichte(n),,Düsseldorf,Migrationsberatung Diakonie Düsseldorf,2014,87,,,,,,,ger,
,Gemeinsame Geschichte(n),,Düsseldorf,Migrationsberatung Diakonie Düsseldorf,2014,4,,"Annoussi, Antonia; Hillmanns, Robert",,,,Anthologie; Erzählende Literatur: Anthologien,ger,
,Geschichten,,Solothurn,Engeler,2014,2,"Camenisch, Arno",,,,,Erzählende Literatur,ger,
,Geschichten-Erfinder,,Frankfurt am Main,Edition Büchergilde,2014,,,,,,"Brömse, Kathrin",Geschenkbücher,ger,
,Geschichten zur Geschichte oder wie der Zufall so spielt,Unvollendetes Ms.,Bern,Maxime,2014,60,"Winter, Gerhard",,,,,Erzählende Literatur: Gegenwartsliteratur ab 1945,ger,
,Geschichte(n) über Kalbe (Milde),,Kalbe (Milde),Henning Krüger,2014,60,,,,,"Krüger, Henning",,ger,
,Geschichte(n) über Kalbe (Milde),,Kalbe (Milde),Henning Krüger,2014,,,,,,"Krüger, Henning",Anthologie; Gemischte Anthologien,ger,
,Hall Dich munder!,,Lingenfeld,Edition Palatina,2014,144,"Schneider, Norbert",,,,"Werkhäuser, Helmut",,ger,
,Hallo Saarland - wahre Geschichten von der Saar,,Mandelbachtal,M. Kühr,2014,272,,"Kühr, Michael",,,,Erzählende Literatur: Anthologien,ger,
,Henndorf vazöht,1. Auflage,Henndorf,Tourismusverband Henndorf,2014,120,,,,,,Anthologie; Gemischte Anthologien,ger,
,Himmelslöcher,,Buchholz,meer! Karin Buchholz,2014,11,"Buchholz, Karin",,,,,Fiktionale Darstellung; Erzählende Literatur,ger,
,Hin und weg,,Waldbröl,Pro Futura,2014,119,,"Würth, Petra",,,,Anthologie; Erzählende Literatur: Anthologien,ger,
,Hoamatvabundn,1. Auflage,Eugendorf,Eigenverlag,2014,71,"Fenninger, Maria-Theresia",,,,,Erzählende Literatur: Anthologien,ger,
,Hobbit-Geschichten,1. Aufl.,Erkrath,Uhrwerk-Verlag,2014,,,,,,,Fantasy,ger,
,"""Hofili kunnt's Liecht""",,Bregenz,Vorarlberg ÖVP,2014,26,,"Fischer, Kurt",,,,Anthologie; Gemischte Anthologien,ger,
,Jak podanie ręki,,Poznań,"Związek Literatów Polskich, Oddział w Poznaniu",2014,,,"Bartosz, Danuta",,,,Anthologie; Lyrik,pol; ger,pol
,Janusz Korczak,,Berlin,Ariella-Verl.,2014,92,,,,,"Härtling, Peter",Anthologie; Anthologie; Erzählende Literatur: Anthologien,ger,
,Jedes Wort ein Atemzug,,Vienna,Karina-Verlag,2014,,,,,,,Anthologie; Erzählende Literatur: Anthologien,ger,
,Josh,,Brake,T. Bock,2014,122,"Bock, Thomas",,,,,Erzählende Literatur: Anthologien,ger,
,Kill the ill,,Chemnitz,Selbstverlag Dr. Benita Martin,2014,,"Martin, Benita",,,,"Martin, Benita",Anthologie; Erzählende Literatur: Anthologien,ger,
,Kurze Geschichten aus meinem Leben,1. Auflage,Prien am Chiemsee,Eigenverlag Fritz Gebhardt-Seele,2014,214,"Gebhardt-Seele, Fritz",,,,,Anthologie; Erzählende Literatur: Anthologien,ger,
,Legenden aus Gwindtera - Nebelmond,Aufl. 1,Homburg,S. Osman,2014,152,"Osman, Sabine",,,,,Fantasy,ger,
,Mein Waldviertel,,St. Pölten,Literaturedition Niederösterreich,2014,,,"Kühn, Wolfgang",,,,Anthologie; Erzählende Literatur: Anthologien,ger,
,Mords Elfenbein,,Reinheim,Sieben-Verl.,2014,179,,,,,,Erzählende Literatur: Anthologien,ger,
,Mosaik,1. Auflage,Wien,Selbstverlag,2014,156,"Schernhammer, Astrid",,,,,Anthologie; Erzählende Literatur: Anthologien,ger,
,Multitasking short stories,Auflage 1,Bonn,Deutscher Verkehrssicherheitsrat e.V.,2014,76,,,,,,Fiktionale Darstellung; Erzählende Literatur: Anthologien,ger,
,Neue Geschichten,,Bischofswiesen,Hellinger Publications,2014,,"Hellinger, Bert",,,,,Anthologie; Erzählende Literatur: Anthologien,ger,
,Oberweißbach im Thüringer Wald ist eine Reise wert,Erw. Aufl.,Leipzig,R. Mey,2014,40,"Fitzlibutzli, Fritz",,,,,Erzählende Literatur: Anthologien,ger,
,Pay for love,,Friedberg,A. Delon,2014,181,"Delon, Ashan",,,,,Erzählende Literatur: Gegenwartsliteratur ab 1945,ger,
,Plan B,1. Aufl.,Nienhagen,Ed. Laseneca,2014,94,"Svenson, Sven",,,,,,ger,
,"Platt- und hochdeutsche Anekdoten, platt- und hochdeutsche Gedichte",,Altenbeken,Heimat- und Geschichtsverein Altenbeken e.V.,2014,60,"Niggemeier, Anton",,,,,Anthologie; Gemischte Anthologien,ger,
,"Sag, wie lange haben deine Füße ...",,Erfurt,Evangelische Kirche in Mitteldeutschland,2014,48,,,,,,Anthologie; Gemischte Anthologien,ger,
,Schattenweber,1. Aufl.,Leipzig,F. Hänisch,2014,256,,"Hänisch, Felix",,,,Fiktionale Darstellung; Fantasy,ger,
,Tatort Zukunft,,Leipzig,FKSFL,2014,313,,"Berger, Dirk",,,,Konferenzschrift,ger,eng
,Tierische Geschichten,,Marzling,Verlagsallianz,2014,2,,"Wiede, Martina",,,,Anthologie; Erzählende Literatur: Anthologien,ger,
,Twitteratur,,Bad Mülheim,"Ed. Das Labor, Verl. der Artisten",2014,64,,"Hagedorn, Matthias",,,,Erzählende Literatur: Anthologien,ger,
,... und den Kopf zur Wand gedreht,,Bonn,Dichtungsring e.V.,2014,135,,"Ricinski-Marienfeld, Francisca",,,,,ger,
,Vögellaune,,Hamburg,Blue Panther Books,2014,,"Cranford, Paula",,,,,Anthologie; Erzählende Literatur: Anthologien,ger,
,Vom Sylterkellerkind zum Gast-Arbeiter,1. Neuaufl.,S.l. @,S. Schulz,2014,203,"Schulz, Silke",,,,,Erzählende Literatur: Anthologien,ger,
,"Von Gören und Ganoven, starken Frauen und Männern und anderen",,Laax,Günthart Eigenverlag,2014,215,"Günthart-Naef, Ruth",,,,,Fiktionale Darstellung; Erzählende Literatur,ger,
,Was du nicht wissen willst ...,,Tirol,Silvia Flür-Vonstadl,2014,120,"Flür-Vonstadl, Silvia",,,,,Fiktionale Darstellung; Erzählende Literatur: Gegenwartsliteratur ab 1945,ger,
,Wer rastet der rostet,"2. Aufl., überarb.",Sehmatal-Sehma,M. Schubert,2014,56,"Schubert, Mandy",,,,,Anthologie; Erzählende Literatur: Anthologien,ger,
,Zeitenlese,,Gelnhausen,Autorengruppe Gelnhäuser Blütenlese,2014,,,,,,,Anthologie; Gemischte Anthologien,ger,
,...alles wird gut?,3. Auflage,Schmelz,Oliver Walbach,2013,80,"Walbach, Oliver",,,,,Anthologie,ger,
,An der Erlenstraße,,Bad Goisern,Herbert Ellmer,2013,43,"Ellmer, Herbert",,,"Ellmer, Herbert; Ellmer, Herbert",,Fiktionale Darstellung; Erzählende Literatur,ger,
,Arbeitsmaterialien für Plattdeutsch in Grundschulen im Oldenburger Münsterland,Überarbeitete und ergänzte Auflage,Lohne,Hildegard Tölke,2013,54,"Tölke, Hildegard",,,,,,ger,
,Bahn-Geschichten,,Lavin,Bistro Staziun Lavin,2013,51,"Perl, Andri",,,,,Anthologie; Erzählende Literatur: Anthologien,ger,
,"Ballade, Oden, Sonette",,Berlin,G. Plessow,2013,40,"Keats, John",,,,,Lyrik,ger; eng,
,Beziehungen,"Privatdr., 1. Aufl.","Frankfurt, M.",Schreibatelier Frölich,2013,132,,"Frölich, Michaela",,,"Baumert, Georg",Lyrik,ger,
,Da lacht der Grönegau,,Buer,Heimat- und Verschönerungsverein Buer,2013,249,"Will, Willy",,,,,Erzählende Literatur: Anthologien,ger,
,Das Geheimnis des Glücks,,Ahrensburg,Christian Knudsen,2013,239,"Knudsen, Christian",,,,,Anthologie; Erzählende Literatur: Anthologien,ger,
,Das Kind der Hölle,,Kerpen-Türnich,Romantruhe-Buchversand,2013,68,"Morton, Frank",,,,,Horror,ger,
,Das Leben der Schärenleute,1. Aufl.,Hamburg,Mare,2013,213,"Strindberg, August",,"Gundlach, Angelika","Strindberg, August",,Erzählende Literatur,ger,swe
,Das steinerne Herz,1. - 2. Tsd. der korrigierten Neuausg.,Berlin,Suhrkamp,2013,186,"Schmidt, Arno",,,,,Erzählende Literatur: Gegenwartsliteratur ab 1945,ger,
,Das umgekehrte Auge,,"Charleston, SC",CreateSpace,2013,196,"Jäger, Richard",,,,,Erzählende Literatur: Gegenwartsliteratur ab 1945,ger,
,Das Werkzeug des Bösen,,Kerpen-Türnich,Romantruhe-Buchversand,2013,68,"Collins, Bob",,,,,Horror,ger,
,Der Henker aus dem Totenreich,,Kerpen-Türnich,Romantruhe-Buchversand,2013,68,"Collins, Bob",,,,,Horror,ger,
,Der Murmler und andere Gestalten,Originalausgabe,Konstanz,Emmerich Books & Media,2013,459,"Sullivan, Michael",,,,,Anthologie; Erzählende Literatur: Anthologien,ger,
,Der Sehnsuchtskäfig,1. Auflage,Blaustein-Bermaringen,Dotschka Meteorowa,2013,113,"Meteorowa, Dotschka",,,,,Anthologie; Erzählende Literatur: Anthologien,ger,
,Der tote Lord von Torver Mansion,,Kerpen-Türnich,Romantruhe-Buchversand,2013,66,"Lorca, Brian de",,,,,Horror,ger,
,Die Buchstaben meines Lebens,,"Vaz, Obervaz",Museum local Vaz,2013,151,"Schwarz, Lili",,,,,Anthologie; Gemischte Anthologien,ger,
,Die Tür ins Nichts,,Kerpen-Türnich,Romantruhe-Buchversand,2013,66,"Morland, Jack",,,,,Horror,ger,
,Draußen ist's glatt und innen ist Weihnachten,,Bregenz,Vorarlberg ÖVP,2013,21,,"Fischer, Kurt",,,,Anthologie; Gemischte Anthologien,ger,
,Du jour au lendemain,,Leer,Rademacher,2013,37,"Broussard, Yves",,"Rademacher, Jörg W.",,,,ger; fre,fre
,Eigentlich wollt' ich Blumen kaufen,Ungekürzte Lizenzausg.,Rheda-Wiedenbrück,RM-Buch-und-Medien-Vertrieb {u.a.,2013,188,"Sanders, Evelyn",,,,,Erzählende Literatur: Gegenwartsliteratur ab 1945,ger,
,Ein Leben in den Bergen,2. Auflage,Bad Goisern,Herbert Ellmer,2013,59,"Ellmer, Herbert",,,"Ellmer, Herbert; Ellmer, Herbert",,Fiktionale Darstellung; Erzählende Literatur,ger,
,Ein Wassermann-Lesebuch,1. Aufl.,"Charleston, SC",CreateSpace,2013,172,"Wassermann, Jakob",,,,,,ger,
,Ein weiteres Wassermann-Lesebuch,,"Charleston, SC",CreateSpace,2013,130,"Wassermann, Jakob",,,,,Erzählende Literatur: Gegenwartsliteratur ab 1945,ger,
,Ein wenig Liebe nur,,Stützerbach,Heimat- und Geschichtsverein Stützerbach,2013,61,"Kühn, Bodo",,,,,Fiktionale Darstellung; Erzählende Literatur,ger,
,Eine kleine Geschichte über das Leben,1. Auflage,Blankenheim,edition ginga,2013,71,"Baumgart, Swantje",,,,,Fiktionale Darstellung; Erzählende Literatur,ger,
,Eine Sammlung sinnreicher okkulter Geschichten,,"Raleigh, NC",Lulu,2013,338,,,,,,,ger,
,Eine Sammlung sinnreicher okkulter Geschichten,,"Raleigh, NC",Lulu,2013,325,,,,,,,ger,
,Enthymesis,1. - 2. Tsd. der korrigierten Neuausg.,Berlin,Suhrkamp,2013,259,"Schmidt, Arno",,,,,Fiktionale Darstellung; Erzählende Literatur: Gegenwartsliteratur ab 1945,ger,
,Erinnerungen sind gehobene Schätze,,Potsdam,"Seniorenbeirat in der Landeshauptstadt Potsdam, Stadtverwaltung, Fachbereich 3 für Soziales, Jugend, Gesundheit, Ordnung und Umweltschutz",2013,96,,,,,,Anthologie; Erzählende Literatur: Anthologien,ger,
,Erzählungen,,"Frankfurt, M.",Ed. C & H,2013,135,"Curtius, Mechthild",,,,,,ger,
,Erzählungen nach wahren Begebenheiten,,Kelbra am Kyffhäuser,F. Dittmann,2013,134,"Dittmann, Fred",,,,,Erzählende Literatur: Anthologien,ger,
,Für dich,1. Auflage,Klein St. Paul,Eigenverlag R. M. Leitner ,2013,188,"Leitner, Renate Maria",,,,,Anthologie; Gemischte Anthologien,ger,
,Gedanken in Gedichten und Geschichten,,Amstetten,Leo Baumann,2013,49,"Baumann, Leo",,,,,Anthologie; Lyrik,ger,
,Gedichte,,Berlin,G. Plessow,2013,72,"Shelley, Percy Bysshe",,"Plessow, Günter",,,Lyrik,ger; eng,
,Geschichten aus der Gruselgruft,,Kerpen-Türnich,Romantruhe-Buchversand,2013,68,,,,,"Morton, Frank",,ger,
,Geschichten aus der Gruselgruft,,Kerpen-Türnich,Romantruhe-Buchversand,2013,68,,,,,"Sinclair, Frederic",,ger,
,"""Geschichten nicht nur aus dem Düsseldorfer Süden""",1. Aufl.,Düsseldorf,Roswitha Kolvenbach-Klewe,2013,104,"Klewe, Reinhard Michael",,,,,,ger,
,"""Geschichten nicht nur aus dem Düsseldorfer Süden""",,Düsseldorf,Roswitha Kolvenbach-Klewe,2013,,"Klewe, Reinhard Michael",,,,,Fiktionale Darstellung; Romanhafte Biographien,ger,
,Geschichten und Dichtungen,,Binningen,Ortsmuseum Binningen,2013,,"Breitenstein, Jonas",,,,"Samimi-Eidenbenz, Maja; Socin, Adolf","Anthologie; Unterhaltung, Gemischte Anthologien",ger,
,Geschichten vom Mudlark,,Kloten,Stadt Kloten,2013,61,,,,,,Anthologie; Erzählende Literatur: Anthologien,ger,
,Goethe,1. - 2. Tsd. der korrigierten Neuausg.,Berlin,Suhrkamp,2013,191,"Schmidt, Arno",,,,,Erzählende Literatur: Gegenwartsliteratur ab 1945,ger,
,Gratwanderung,2. Aufl.,Basel,Neolectura,2013,231,"Billeter, Marc R.",,,,,,ger,
,Haarebrööker Stöckskes on Söetelsche Vertääl,,Viersen,H. Allen,2013,160,"Allen, Heribert",,,,,Fiktionale Darstellung; Erzählende Literatur: Anthologien,ger,
,Herzberühren,,Weitra,Verl. Bibliothek der Provinz,2013,215,,,,,"Trompeter, Georgios Theodosios",Erzählende Literatur,ger,
,"Ich wollt' ich wäre Du ... und zwei andere Geschichten, in denen es darum geht, sich in andere hineinzuversetzen",,"VS-Villingen Villingen-Schwenningen, Ortsteil Villingen",8f-Schülerfirma der Karl-Brachat-Realschule,2013,34,,,,,"Akdeniz, Muhammed; Bencetic, Martina; Grießhaber, Lara; Hamurcu, Beyza; Hellwig, Michelle; Lanzone, Sofia; Neufeld, Ines; Oberst, Julia; Ruhl, Nelli; Steiner, Angela; Strobel, Florian; Ungefug, Karina; Wöhrle, Johannes; Breithaupt, Matthias",,ger,
,Im Licht des Mondes,1. ed.,Capri Leone (Messina),Ed. Universum,2013,100,"Svatek, Kurt F.",,"Campisi, Giovanni",,,Erzählende Literatur,ger; ita,ger
,Im Reich der mordenden Schatten,,Kerpen-Türnich,Romantruhe-Buchversand,2013,68,"Sinclair, Frederic",,,,,Horror,ger,
,Im Schacht der vergessenen Geister,,Kerpen-Türnich,Romantruhe-Buchversand,2013,67,"Sinclair, Frederic",,,,,Horror,ger,
,Im Zirkelschwung,,Neustadt,Neustädter Autoren e.V.,2013,231,,,,,,Anthologie; Erzählende Literatur: Anthologien,ger,
,Juvenilia,1. - 2. Tsd. der korrigierten Neuausg.,Berlin,Suhrkamp,2013,187,"Schmidt, Arno",,,,,Erzählende Literatur: Gegenwartsliteratur ab 1945,ger,
,Kaff auch Mare Crisium,1. - 2. Tsd. der korrigierten Neuausg.,Berlin,Suhrkamp,2013,276,"Schmidt, Arno",,,,,Erzählende Literatur: Gegenwartsliteratur ab 1945,ger,
,Kalendergeschichten,,Berlin,Deutsche Literaturgesellschaft,2013,,"Dittrich, Otmar",,,,,Erzählende Literatur: Anthologien,ger,
,Karlsruher Geschichten,,Heidelberg,WaRo-Verlag,2013,,"Schnaibel, Herbert",,,,,Fiktionale Darstellung,ger,
,Kleinere Erzählungen,1. - 2. Tsd. der korrigierten Neuausg.,Berlin,Suhrkamp,2013,181,"Schmidt, Arno",,,,,Erzählende Literatur: Gegenwartsliteratur ab 1945,ger,
,"""Krieg ich schulfrei, wenn du stirbst?""",Ungekürzte Lizenzausg.,Rheda-Wiedenbrück,RM-Buch-und-Medien-Vertrieb {u.a.,2013,158,"Jochimsen, Jess",,,,,Fiktionale Darstellung; Belletristische Darstellung; Erzählende Literatur: Gegenwartsliteratur ab 1945,ger,
,Kunterbunt durch die Jahre,,Schwandorf,"KEB Schwandorf, Kath. Erwachsenenbildung im Landkreis Schwandorf e.V.",2013,48,,,,,,Anthologie,ger,
,Kurzgeschichten,Aufl. von signierten und nummerierten Ex.,Berlin,Aphaia-Verl.,2013,24,"Rill, Wolfgang",,,,"Bergner, Ralf",Erzählende Literatur,ger,
,Ländliche Geschichten,1. - 2. Tsd. der korrigierten Neuausg.,Berlin,Suhrkamp,2013,281,"Schmidt, Arno",,,,,Erzählende Literatur: Gegenwartsliteratur ab 1945,ger,
,Liebeserklärung an Pommern in Anekdoten und Erzählchen,1. Aufl.,Alfter,F. C. Rustemeyer,2013,219,"Rustemeyer, Otto","Rustemeyer, Friedrich Christoph",,,,Erzählende Literatur: Anthologien,ger,
,Männer haben den IQ eines Grabsteins,,Oberkrämer,Edition Bärenklau,2013,244,"Peters, Stephan",,,,,Anthologie; Erzählende Literatur: Anthologien,ger,
,Märchen und Geschichten zur Weihnachtszeit von Andersen bis Ringelnatz,Ungekürzte Lizenzausg.,Rheda-Wiedenbrück,RM-Buch-und-Medien-Vertrieb {u.a.,2013,367,,"Ackermann, Erich",,,"Andersen, Hans Christian; Ringelnatz, Joachim",Anthologie; Anthologie; Erzählende Literatur: Anthologien,ger,
,"Märchen, Fabeln, Sagen und andere Erzählungen",,Türkheim,Alois Epple,2013,,"Aurbacher, Ludwig","Epple, Alois",,,,Erzählende Literatur: Hauptwerk vor 1945,ger,
,Märchenhaft!,,Sondershausen,Städtenetz SEHN,2013,99,,,,,,Anthologie; Erzählende Literatur: Anthologien,ger,
,Mahrani,,Kerpen-Türnich,Romantruhe-Buchversand,2013,68,"Barlas, Ber",,,,,Horror,ger,
,Mein Bruder: der letzte Säumer vom Ballenberg,"2., erw. Aufl.",Worben,M. Eggler,2013,224,"Eggler, Mathieu",,,,,Erzählende Literatur: Anthologien,ger,
,Oberweißbach im Thüringer Wald ist eine Reise wert,,Leipzig,R. Mey,2013,36,"Fitzlibutzli, Fritz",,,,,Erzählende Literatur: Gegenwartsliteratur ab 1945,ger,
,Ogüst,,Bösingen,Henry Rhyn,2013,86,"Rhyn, Henrik",,,,,Fiktionale Darstellung; Erzählende Literatur,ger,
,Originale im Heidedorf,,Winsen,Heimat- und Museumverein Winsen (L.) und Umgebung e.V.,2013,56,"Gäckeri, Klas",,,,,Anthologie; Gemischte Anthologien,ger,
,Räuber Daneil,,Magdeburg,M. Hentrich,2013,76,,"Hentrich, Martin",,,"Hildebrandt, Johann Andreas Karl; Claudius, Martin",Erzählende Literatur: Gegenwartsliteratur ab 1945,ger,
,"Sammelband psychologische Gedichte, Monologe, Prosa",,Klagenfurt am Wörthersee,Kriemhilde Natmessing,2013,790,"Natmessnig, Kriemhilde",,,,,Lyrik,ger,
,Sprachen einer Stadt,,Potsdam,Hoffbauer Berufsakademie,2013,108,,,,,,Anthologie; Erzählende Literatur: Anthologien,ger,
,Tee,,Bern,Länggass-Tee Familie Lange AG,2013,52,,,,,,Festschrift; Anthologie; Erzählende Literatur: Anthologien,ger,
,"... Träume, die ein jeder von uns noch hat ...",1. Aufl.,Castrop-Rauxel,U. Beushausen,2013,21,"Beushausen, Ursel",,,,,,ger,
,Umsiedler,1. - 2. Tsd. der korrigierten Neuausg,Berlin,Suhrkamp,2013,263,"Schmidt, Arno",,,,,Erzählende Literatur: Gegenwartsliteratur ab 1945,ger,
,Urban-Fantasy Anthologie,,Frankfurt am Main,A. Fritz Verlag,2013,,,"Schnell, Andreas",,,,Anthologie; Fantasy,ger,
,Vom frechen Affen und ungleichen Brüdern,"Nachdruck 2013, Stand: April 2011",München,Nord Süd Forum München e.V.,2013,55,,,"Schulze, Heinz",,,,ger,arw
,Weggeworfen wird nichts!,1. Auflage,Schwerin,Hanne Luhdo,2013,95,"Luhdo, Hanne",,,,,Anthologie; Gemischte Anthologien,ger,
,"Wer, was, wie, wo, wann",,Merchweiler,Selbstverlag der Schreibwerkstatt in der VHS Merchweiler,2013,394,,"Tiefenbrunner, Peter",,,"Dewes, Esther",Anthologie,ger,
,Winterhausen,Fünfte Auflage,Winterhausen,Verein für Ortsgeschichte Winterhausen,2013,54,"Geringer, Karl",,,,,Anthologie; Gemischte Anthologien,ger,
,Wissenswertes und Erstaunliches über Fürstenwalde/Spree in Geschichten und Gedichten,,Fürstenwalde,Freundeskreis Museum im Fürstenwalder Kulturverein e.V.,2013,60,,,,,,Anthologie,ger,
,Wissenswertes und Erstaunliches über Fürstenwalde/Spree in Geschichten und Gedichten,,Fürstenwalde,Freundeskreis Museum im Fürstenwalder Kulturverein e.V.,2013,2,"Erdmann, Dorothea",,,,,Anthologie; Gemischte Anthologien,ger,
,"Wohlgemuts heitere Geschichten als Bergmann, Lehrer, Rentner",,Ahaus,Kurt Kuhle,2013,152,"Kuhle, Kurt",,,,,,ger,
,Zu viel Glück,Ungekürzte Lizenzausg.,Rheda-Wiedenbrück,RM-Buch-und-Medien-Vertrieb {u.a.,2013,362,"Munro, Alice",,"Zerning, Heidi","Munro, Alice",,Erzählende Literatur: Gegenwartsliteratur ab 1945,ger,eng
,Abschied im Sommer,,Endingen,F.X. Haefliger,2012,92,"Harries, Gert",,,,,Erzählende Literatur: Anthologien,ger,
,Anthologie 2012,1. Aufl.,Ronnenberg,Calenberger Autorenkreis,2012,144,,,,,,Erzählende Literatur: Anthologien,ger,
,Anthologie l'humour noir: a ceremony,,Frankfurt am Main,MMK Museum für Moderne Kunst,2012,18,"Riedel, Michael S.",,,,"Jacobi, Sébastien; Affutu, Kudjoe; Jörissen, Henrike",Anthologie; Lyrik,ger; eng; fre,
,Aufbrüche,,Weitra,Verl. Bibliothek der Provinz,2012,200,"Jerschowa, Marion","Pils, Richard",,,,Erzählende Literatur,ger,
,Aufgeschrieben im Vogtland,Autoren-Ausg.,Triebel,H. Schönekerl,2012,47,"Schönekerl, Henning",,,,,Lyrik,ger,
,Aus dem Leben ...,,Weitra,Bibliothek der Provinz,2012,74,,"Unterköfler, Katja",,,"Unterköfler, Katja; Hölderlin, Friedrich; Hansjakob, Heinrich; Hensel, Luise; Goethe, Johann Wolfgang von",Erzählende Literatur,ger,
,Aus dem Leben eines Weißenfelsers,,Weißenfels,Pro Print,2012,117,,"Günther, Ingo",,,"Günther, Fritz Albert",Lyrik,ger,
,Begegnungen,,Würzburg,B. Versl,2012,42,"Versl, Bernhard",,,,,Erzählende Literatur: Anthologien,ger,
,"Bilder, Vaarschle un Geschichten",,Aue,Rockstroh,2012,55,"Trültzsch, Roland",,,,,,ger,
,"Bilder, Vaarschle un Geschichten",,Aue,Rockstroh,2012,86,"Trültzsch, Roland",,,,,,ger,
,Blaue Fahrt,Erstdr.,Bayreuth,The Bear Press,2012,75,"Jünger, Friedrich Georg",,,,"Sommerauer, Hubert",Erzählende Literatur: Hauptwerk vor 1945,ger,
,"Bunte Hunde, wilde Vögel",1. Aufl.,Dresden,Windlustverl.,2012,58,"Seim, René",,,,,,ger,
,Danke für den Fisch,,Mechernich,Kodex.Kulturverein e.V.,2012,40,"Mehler, Ulrich",,,,"Mehler, Ruth",Fiktionale Darstellung; Erzählende Literatur: Gegenwartsliteratur ab 1945,ger,
,"Danke, gut",,Aarau,Kantonsspital Aarau,2012,99,"Aeberhard, Christian",,,,,Fiktionale Darstellung; Erzählende Literatur,ger,
,Das Familien-Idyll und andere Geschichten,,Stuttgart,M. Hora-Verderber,2012,69,"Hora, Mareli",,,,,Erzählende Literatur: Anthologien,ger,
,Das kleine lila Pony und andere Toleranz-Geschichten,,Remagen,Hauffes Buchsalon,2012,120,,"Hauffe, Andreas",,,,Konferenzschrift; Anthologie; Erzählende Literatur: Anthologien,ger,
,Der tote Hahn,,Horndorf,Irene Sander,2012,141,"Sander, Irene",,,,,Anthologie,ger,
,Die Maske,Ungekürzte Lizenzausg.,Rheda-Wiedenbrück,RM-Buch-und-Medien-Vertrieb {u.a.,2012,122,"Lenz, Siegfried",,,,,,ger,
,Die richtige Frau im falschen Auto,,Neckenmarkt,Novum Pro,2012,120,"Böck, Hannes",,,,,Erzählende Literatur: Anthologien,ger,
,Die schönsten Erzählungen,Ungekürzte Lizenzausg.,Rheda-Wiedenbrück,RM-Buch-und-Medien-Vertrieb {u.a.,2012,457,"Hesse, Hermann","Michels, Volker",,,,Erzählende Literatur: Anthologien,ger,
,Erfahrungen - Erkenntnisse,,Potsdam,"Seniorenbeirat der Landeshauptstadt Potsdam, Stadtverwaltung, Fachbereich 3 für Soziales, Jugend, Gesundheit, Ordnung und Umweltschutz",2012,104,,,,,,Anthologie; Erzählende Literatur: Anthologien,ger,
,Erzählungen in Prosa und Lyrik und in Bildern,,"Eschborn am Taunus, Eckener Str. 8",H. Ziegler,2012,69,"Wadhwani, Helma",,,,,Gemischte Anthologien,ger,
,Erzählungen und Gedichte,,Röderhof,Kunstverein Röderhof e.V.,2012,23,"Sattler, Renate",,,,,Anthologie; Gemischte Anthologien,ger,
,Fenitschka. Eine Ausschweifung,,Weitra,Bibliothek der Provinz,2012,138,"Andreas-Salomé, Lou","Peball, Roland Wolfgang",,,,Erzählende Literatur,ger,
,Frühschoppen-Geschichten,,"Breidenbach, Siedlungsstraße 30",H.-D. Thomä,2012,135,"Thomä, Hans-Dieter",,,,,Erzählende Literatur: Anthologien,ger,
,Gemols in Stetzerboch,,Stützerbach,Brandtdruck,2012,56,,,,,,Anthologie; Erzählende Literatur: Anthologien,ger,
,Geschichten aus der Gruselgruft,,Kerpen-Türnich,Romantruhe-Buchversand,2012,66,,,,,"Collins, Bob",,ger,
,Geschichten aus der Gruselgruft,,Kerpen-Türnich,Romantruhe-Buchversand,2012,66,,,,,"Morland, Jack",,ger,
,Geschichten aus der Gruselgruft,,Kerpen-Türnich,Romantruhe-Buchversand,2012,68,,,,,"Morton, Frank",,ger,
,Geschichten aus der Gruselgruft,,Kerpen-Türnich,Romantruhe-Buchversand,2012,70,,,,,"Collins, Bob",,ger,
,Geschichten aus der Gruselgruft,,Kerpen-Türnich,Romantruhe-Buchversand,2012,69,,,,,"Collins, Bob",,ger,
,Geschichten aus der Gruselgruft,,Kerpen-Türnich,Romantruhe-Buchversand,2012,66,,,,,"Morton, Frank",,ger,
,Geschichten aus der Gruselgruft,,Kerpen-Türnich,Romantruhe-Buchversand,2012,64,,,,,"Collins, Bob",,ger,
,Geschichten aus der Gruselgruft,,Kerpen-Türnich,Romantruhe-Buchversand,2012,68,,,,,"Morland, Jack",,ger,
,Geschichten aus der Gruselgruft,,Kerpen-Türnich,Romantruhe-Buchversand,2012,68,,,,,"Collins, Bob",,ger,
,Geschichten vom Wildschwein Wilhelm in den Königshainer Bergen,,Krobnitz,Schlesisch-Oberlausitzer Museumsverbund gGmbH,2012,42,"Idziaschek, Karl",,,,,,ger,
,Geschichten von Katzen und anderen Tieren,,Stuttgart,M. Hora-Verderber,2012,75,"Hora, Mareli",,,,,Erzählende Literatur: Anthologien,ger,
,Geschichten zur Geschichte,1. Aufl.,Reichenbach,Stiftung ESRA,2012,150,,"Steps, Petra",,,,Erzählende Literatur: Anthologien,ger,
,Gezeitenwechsel,1. Sonderdr.,Marburg,Verl. Blaues Schloss,2012,87,"Henke-Reinarz, Annegrete",,,,,Lyrik,ger,
,Gross muss er sein und schwarz,,Hasselbach,im Tal - Stiftung Wortelkamp,2012,96,"Wortelkamp, Ulla",,,,"Herzog, Frank",Anthologie; Erzählende Literatur: Anthologien,ger,
,"Gschichten, döi es Lem´ gschriebn hout",4. Aufl.,Erlbach,Heimat- und Geschichtsverein Erlbach,2012,82,"Götz, Alfred",,,,,Erzählende Literatur: Gegenwartsliteratur ab 1945,ger,
,Häuslerkindheit,,Berndorf,KRAL,2012,132,"Weber, Therese",,,,,Romanhafte Biographien,ger,
,"Hoasebrut und andere Gedichte und Geschichten ""voo ganz froiher bis hau"" ; in Mundart mit Übersetzung in Hochdeutsch",,Ehringshausen,R.-M. Schütz,2012,440,"Schütz, Rose-Marie",,,,,Gemischte Anthologien,ger,
,Im Hochhaus und andere Geschichten,,Stuttgart,M. Hora-Verderber,2012,53,"Hora, Mareli",,,,,Erzählende Literatur: Anthologien,ger,
,"""Integration""",,Koblenz,Lotto Rheinland-Pfalz,2012,116,,"Schössler, Hans-Peter",,,,Anthologie; Gemischte Anthologien,ger,
,Kinder schreiben für Kinder,Limitierte Aufl.,Buchs,River of Hope,2012,53,,,,,,,ger,
,Krimi-Anthologie,1. Aufl.,Fulda,Parzeller,2012,180,,"Kohlheyer, Ralph",,,,,ger,
,Kurzgeschichten,,Dulliken,S. Hahn,2012,54,,,,,,,ger,
,Kurzgeschichtenwettbewerb Schreiben gegen den Weltuntergang 2012,1. Aufl.,Berlin,Epubli,2012,76,,"Sokolowski, Andre",,,,Anthologie; Anthologie; Erzählende Literatur: Anthologien,ger,
,Leben in Geschichten,Großdruckversion,München,Edition Exovo,2012,2,"Kullnick, Uwe",,,,,Anthologie; Erzählende Literatur: Anthologien,ger,
,Lederstrumpf,,Augsburg,Weltbild,2012,318,"Höcker, Paul Oskar",,,,,Erzählende Literatur: Hauptwerk vor 1945,ger,
,Männerparkplätze,,Triberg,Selbstverlag,2012,24,"Stein, Dieter",,,,,,ger,
,Märchenhafte Geschichten,,Norden/Ostfriesland,Em Huisken Musik und Wort,2012,40,"Huisken, Carl em",,,,,,ger,
,Matilaberg-Geschichten,Stand September 2012,Triesen,Bürgergenossenschaft Triesen,2012,25,,,,,,Anthologie; Erzählende Literatur: Anthologien,ger,
,Mein liebstes Spielzeug,,Halle,Förderkreis der Schriftsteller in Sachsen-Anhalt,2012,47,"Wein, Margarete",,,,,Anthologie; Gemischte Anthologien,ger,
,Mir hat's g'fall'n,,Heideck,R. Wechsler,2012,79,"Wechsler, Reinhard",,,,,Gemischte Anthologien,ger,
,Mit offenen Augen sieht man besser,1. Aufl.,Berlin,Epubli,2012,158,,,,,"Herron, Steven; Pech, Sebastian",Erzählende Literatur: Anthologien,ger,
,Mörderische Geschichten in und um Osnabrück,,Vechta,Geest-Verlag,2012,,"Koch-Gosejacob, Anne",,,,,"Fiktionale Darstellung; Krimis, Thriller, Spionage",ger,
,Mutti geht's gut,Ungekürzte Lizenzausg.,Rheda-Wiedenbrück,RM-Buch-und-Medien-Vertrieb {u.a.,2012,268,"Windmann, Laura",,,,,,ger,
,Nichts war passiert,1. Aufl.,Halle,Projekte-Verl. Cornelius,2012,103,"Seelig, Monika",,,,,Erzählende Literatur,ger,
,"""Nur für Mitglieder""",,Berlin,Kiezbündnis Klausenerplatz,2012,11,"Hesse, Wilhelm",,,,,"Humor, Satire",ger,
,Rohrfrei,,Hamburg,Angela Pundschus Verlag,2012,,,,,,,Anthologie; Erzählende Literatur: Anthologien,ger,
,Samantha's Geschichten,,Neckenmarkt,United P.C.,2012,497,"Moeller, Hans A. H.",,,,,Erzählende Literatur: Anthologien,ger,
,Schattenbilder,,Buchholz,meer! Karin Buchholz,2012,9,"Buchholz, Karin",,,,,Fiktionale Darstellung; Erzählende Literatur,ger,
,"""Sind armastan"" heißt ""ich liebe dich""",,Icking bei München,A. Malinova,2012,75,"Malinova, Alina",,,,,Erzählende Literatur: Gegenwartsliteratur ab 1945,ger,
,"Sommer, Sonne & Tod",,"Charleston, SC",CreateSpace,2012,122,"Schmitt-Egner, Isabell; Morus, Xander",,,,,Erzählende Literatur: Gegenwartsliteratur ab 1945,ger,
,Stammtischlatein,,Frauenfeld,A. Hux,2012,59,"Hux, Angelus",,,,,Fiktionale Darstellung; Erzählende Literatur,ger,
,Stories aus Tanger,1. Aufl.,Zürich,Ed. Sacre,2012,55,"Mrabet, Mohammed",,"Vetsch, Florian",,,Erzählende Literatur: Gegenwartsliteratur ab 1945,ger,fre
,Tödliches Halloween,1. Aufl.,München,T. Schwenk,2012,89,"Moon, Bella",,,,,Horror,ger,
,Tödliches Halloween,1. Aufl.,München,A. Agic,2012,88,Sole e Luna,,,,,Horror,ger,
,Transparenz,,Kappelrodeck-Waldulm,R. Volz,2012,130,,,,,"Volz, Rosemarie; Volz, Sabrina",Lyrik,ger,
,Unfall oder Mord,,Schlettau,Förderverein Schloss Schlettau e.V.,2012,38,"Gehler, Georg",,,,,Fiktionale Darstellung,ger,
,Unheimlich kurze Geschichten,,"Charleston, SC",CreateSpace,2012,180,"Schmitt-Egner, Isabell",,,,,,ger,
,Vom Dorf im Märzenbechertal,,Neustadt,Neustädter Autoren e.V.,2012,150,,,,,,Anthologie; Erzählende Literatur: Anthologien,ger,
,Was im Leben zählt ...,,Klagenfurt,Kärntner Bildungswerk,2012,100,"Pichler-Corona, Grete",,,,,Lyrik,ger,
,Wege durch Dampf und Rauch,,Leipzig,FKSFL,2012,249,,"Berger, Dirk","Wolf, Tanja; Eiben, Ralf",,,Konferenzschrift,ger,eng
,Weihnachten mit der ganzen Familie,"Ungekürzte Lizenzausg., Sonderausg.",Rheda-Wiedenbrück,RM-Buch-und-Medien-Vertrieb {u.a.,2012,144,,,,,,Anthologie; Anthologie; Gemischte Anthologien,ger,
,Weihnachtswundernacht,,Moers,Brendow. Verlag,2012,,,"Klappstein, Thomas",,,,Anthologie; Erzählende Literatur: Gegenwartsliteratur ab 1945,ger,
,Wortsetzung folgt,,Ratingen,ERA e.V.,2012,127,,,,,,Anthologie; Gemischte Anthologien,ger,
,Zeit in Stücken,,Halle,Förderkreis der Schriftsteller in Sachsen-Anhalt,2012,47,"Heide, Siegfried von der",,,,,Anthologie; Erzählende Literatur: Anthologien,ger,
,Zurückwinken,,Bordenau,San-Marco-Handpresse,2012,50,"Bulla, Hans Georg",,,,,,ger,
,"""20/20""©",,Schönbühl-Urtenen,Migros Aare,2011,198,"Bornhauser, Thomas",,,,"Sigel, Beat",Anthologie,ger,
,"Alles, was passieren kann, passiert auch tatsächlich",,München,Münchener Provinz der Redemptoristen,2011,91,,"Steinle, Josef",,,,,ger,
,Anatolien und andere Kurzgeschichten,,Wien,Dorothea Salzer,2011,69,"Salzer, Dorothea",,,,,Anthologie,ger,
,Anekdoten und Ereignisse,,Markgröningen,Freiwillige Feuerwehr,2011,134,,"Beck, Heinrich",,,,,ger,
,"Anekdoten, Erzählungen, Geschichten und Sagen aus Dammbach und Umgebung",,Dammbach,Heimatverein Dammbach-Geishöhe,2011,78,"Schmitt, Karl",,,,,Anthologie,ger,
,Another Jesse Owens,,Niederkorn,CCD,2011,115,"Meder, Cornel",,,,,,ger,
,Außerhalb,,Darmstadt,Regionalgalerie Südhessen,2011,46,"Jung, Arno",,,,,Erzählende Literatur: Anthologien,ger,
,Beim tausendfachen Sang der Vögel,,Kleingießhübel,Ritschel,2011,184,,,,,,Gemischte Anthologien,ger,
,Berührt,,Norderstedt,Books on Demand GmbH,2011,100,,,,,,Anthologie,ger,
,Bilder und Geschichten zum Träumen,1. Auflage,Blaustein-Bermaringen,D. Meteorowa,2011,41,"Meteorowa, Dotschka",,,,"Meteorowa, Dotschka",Bildband; Anthologie; Erzählende Literatur: Anthologien,ger,
,"Bilder, Vaarschle un Geschichten",,Aue,Rockstroh,2011,58,"Trültzsch, Roland",,,,,,ger,
,C'est la vie. So ist das Leben,,Chemnitz,Christine Heyne,2011,3,"Heyne, Christine",,,,,Anthologie; Gemischte Anthologien,ger,
,"Dann spür ich, wie mir Flügel wachsen...",,Neustadt,Neustädter Autoren e.V.,2011,167,,,,,,Anthologie,ger,
,Das Gesetz,Ungekürzte Lizenzausg.,Rheda-Wiedenbrück,RM-Buch-und-Medien-Vertrieb {u.a.,2011,383,"Grisham, John",,"Dorn-Ruhl, Kristiana","Grisham, John",,"Anthologie; Anthologie; Krimis, Thriller, Spionage",ger,eng
,Das ist also Sehnsucht,,Trubschachen,Landverl.,2011,152,,,,,,Anthologie; Anthologie; Erzählende Literatur: Anthologien,ger,
,Delphine sind keine Fische,,München,Warmstrand Verl.,2011,160,"Mohr, Irene",,,,,Erzählende Literatur: Anthologien,ger,
,Der Alte vom Himmelsberg,,Bad Ems,VGDL,2011,28,"Fischer, Gaby; Gresch, Diethelm",,,,,,ger,
,Die Abenteuer des Morris von Ser-Në,,Zürich,Rebel Racoon Ed.,2011,749,,,,,"Michel, Matthias",Erzählende Literatur,ger,
,Die Angst perfekter Schwiegersöhne,1. Aufl.,Neheim,"Ed. Das Labor, Verl. der Artisten",2011,128,"Hieronymus, Haimo",,,,,Erzählende Literatur: Anthologien,ger,
,Die ... große Anthologie unseres Verlages,,Dresden,Edition Freiberg,2011,,,,,,,Anthologie; Anthologie; Gemischte Anthologien,ger,
,Durst und andere dringende Dinge,Neuausg.,Zürich,Kein & Aber,2011,228,"O'Brien, Flann",,"Rowohlt, Harry","O'Brien, Flann",,Erzählende Literatur,ger,eng
,Emotio,Dt. Erst-Ausg.,Nittendorf,Wurdack,2011,285,,"Rößler, Armin; Jänchen, Heidrun",,,,,ger,
,"Entführt, vergewaltigt, verstoßen ... und andere Geschichten aus der ehemaligen Sowjetunion und dem Nahen und Mittleren Osten",3. Aufl.,Wetzlar,Internat. Gideonbund,2011,95,"Koch, Paul J.",,,,,,ger,
,Erzählungen,,Rum,S. Isser-Plawenn,2011,94,,,,,,,ger,
,Erzählungen,,Rum,S. Isser-Plawenn,2011,116,,,,,,,ger,
,Erziehungsbuch für Prinzen und Prinzessinnen,2. Aufl.,Abtsgmünd,H. Dittrich,2011,89,"Dittrich, Hannelore",,,,,Erzählende Literatur: Anthologien,ger,
,Familienalbum,1. Aufl.,Wien,Braumüller,2011,205,"Marková, Marta",,,,,Anthologie; Anthologie,ger,
,Flüsterpausen,,Kammerstein,Karl-Gustav Hirschmann,2011,184,"Hirschmann, Karl-Gustav",,,,,Anthologie,ger,
,Gesammelte Erzählungen,,Leipzig,Festa,2011,6,"Smith, Clark Ashton",,"Sembten, Malte S.",,,Anthologie; Erzählende Literatur: Anthologien,ger,eng
,"""Geschenkte Zeit""",,Felixdorf,B. Matuschka,2011,106,"Matuschka, Brunhilde",,,,,,ger,
,Geschichten,1. Aufl.,"Hamburg, Max-Klinger-Str. 26",T. Kunde,2011,352,"Kunde, Thorsten",,,,,,ger,
,Geschichten aus der Gruselgruft,,Kerpen-Türnich,Romantruhe-Buchversand,2011,68,,,,,"Collins, Bob",,ger,
,Geschichten aus der Gruselgruft,,Kerpen-Türnich,Romantruhe-Buchversand,2011,70,,,,,"Collins, Bob",,ger,
,Geschichten aus der Gruselgruft,,Kerpen-Türnich,Romantruhe-Buchversand,2011,68,,,,,"Morton, Frank",,ger,
,Geschichten aus der Gruselgruft,,Kerpen-Türnich,Romantruhe-Buchversand,2011,69,,,,,"Morland, Jack",,ger,
,Geschichten aus der Gruselgruft,,Kerpen-Türnich,Romantruhe-Buchversand,2011,66,,,,,"Morland, Jack",,ger,
,Geschichten aus der Gruselgruft,,Kerpen-Türnich,Romantruhe-Buchversand,2011,66,,,,,"Collins, Bob",,ger,
,Geschichten aus der Gruselgruft,,Kerpen-Türnich,Romantruhe-Buchversand,2011,66,,,,,,,ger,
,Geschichten aus der Gruselgruft,,Kerpen-Türnich,Romantruhe-Buchversand,2011,67,,,,,"Morton, Frank",,ger,
,Geschichten aus der Gruselgruft,,Kerpen-Türnich,Romantruhe-Buchversand,2011,65,,,,,"Morland, Jack",,ger,
,"Geschichten, die das Leben schreibt",,Aschersleben,Das etwas andere Antiquariat,2011,16,"Malcherek, Bernd",,,,,,ger,
,Geschichte(n) für Pistoleros und Sportschützen,,Wien,Eigenverlag Hans Jachim,2011,70,"Jachim, Hans",,,,,Fiktionale Darstellung,ger,
,Grimmige Nachlese,,Cölbe-Schönstadt,Burgwald-Verlag + Druck GmbH,2011,132,,"Naumann, Karl-Heinrich",,,,Anthologie; Erzählende Literatur: Anthologien,ger,
,Heiliger Strom und himmlische Hügel,,Bedheim,Schloss-Verlag Bedheim,2011,457,"Kirfel, Bernhard",,,,,Anthologie; Erzählende Literatur: Anthologien,ger,
,Heimat,Historischer Nachdruck,Ottersweier-Hatzenweier,Verlag Roland Klöpfer GmbH,2011,228,"Wunsch, Johannes",,,,,,ger,
,... hellauf gelacht!,Privatdr.,Neustadt an der Aisch,C. Schmidt,2011,157,,,,,,,ger,
,Innviertler Triptychon und Geschichten aus der weiten Welt,,Berlin,VerkanntenVerl.,2011,186,"Scheuringer, Karl",,,,,Erzählende Literatur: Gegenwartsliteratur ab 1945,ger,
,Jahreszeiten im Mosaik,,Alfeld,Schreibfreunde der Senioren-Akad.,2011,90,,,,,,,ger,
,Kinder schreiben für Kinder,Limitierte Aufl.,Buchs,River of Hope,2011,50,,,,,,,ger,
,Krimi-Geschichten,Originalausgabe,Oberhausen/Obb.,Noel-Verlag,2011,,,,,,,Anthologie; Erzählende Literatur: Anthologien,ger,
,Lubalin-Buch,1. Aufl.,Berlin,Lubalin-Verl.,2011,179,"Backhus, Lutz",,,,,,ger,
,Magische Geschichten,Genehmigte Lizenzausgabe,Köln,Helmut Lingen Verlag GmbH & Co. KG,2011,,,"Bradley, Marion Zimmer",,,,Anthologie; Fantastische Literatur,ger,eng
,"Mein Heimatbuch & zwei Geschichten aus ""Auf dem Heimwege""",,Regis-Breitingen,Katzbach Verlag,2011,251,"Braeutigam, Ludwig",,,,,Fiktionale Darstellung,ger,
,"Menschen, Mörder, Mondscheinkinder",,Oldenburg,Oldenburger Schreibwerkstatt,2011,78,,"Hadjeres, Liane",,,"Faske, Julia",,ger,
,"Miss Verständnis und andere ganz, halb oder gar nicht lustige Geschichten",,Weitra,Verl. Bibliothek der Provinz,2011,148,"Nastl, Andreas",,,,,,ger,
,Neue Fälle für Sherlock Holmes,Den Bühnen gegenüber als Hs. gedr.,Weinheim,Dt. Theaterverl.,2011,83,"Wagner, Cornelia",,,,,,ger,
,Ohne Ablaufdatum,, Salzburg,Salzburger Autorengruppe,2011,186,,"Ehtreiber, Ewald",,,,,ger,
,Prenzlauer Geschichten,,"Prenzlau, Sternberg 5",H. Kassube,2011,24,,,,,,,ger,
,Rückblicke auf Erlebtes,,Potsdam,"Seniorenbeirat der Landeshauptstadt Potsdam, Stadtverwaltung, Fachbereich 3 für Soziales, Jugend, Gesundheit, Ordnung und Umweltschutz",2011,104,,,,,,Anthologie,ger,
,Silberschwester,Genehmigte Lizenzausgabe,Köln,Helmut Lingen Verlag GmbH & Co. KG,2011,362,,"Bradley, Marion Zimmer","Müller, Wolfgang F.",,,Anthologie; Fantastische Literatur,ger,eng
,So bunt wie das Leben,,Eschbach,Verl. am Eschbach,2011,26,,,,,,,ger,
,T.C. Boyle,,Leipzig,"Klasse für Ill., HGB",2011,44,,,,,,,ger,
,Von Drachen und Menschen,,Halle,Förderkreis der Schriftsteller in Sachsen-Anhalt,2011,47,"Scheufler, Sylke",,,,,,ger,
,Wann is' Zeit,,Sandl,Rudolf Wagner,2011,159,"Wagner, Rudolf",,,,,Anthologie; Gemischte Anthologien,ger,
,Warchzor Geschichdn,,Würchwitz,Kleefestverein Würchwitz 1851,2011,32,"Löffler, Lena",,,,,,ger,
,Weihnacht wieder vor der Tür!,,Felixdorf,B. Matuschka,2011,59,"Matuschka, Brunhilde",,,,,,ger,
,Weihnachten,,Rudersberg,Editionnova,2011,141,,"Menzel, Kristina",,,,Anthologie; Anthologie,ger,
,Weihnachten drham,,Zschorlau,P. Bartella,2011,136,"Bartella, Petra",,,,,,ger,
,Weihnachtsgeschichten,Ungekürzte Lizenzausg.,Rheda-Wiedenbrück,RM-Buch-und-Medien-Vertrieb {u.a.,2011,112,,,,,,,ger,
,Wer andern eine Grube gräbt,5. Auflage,Diez,Gerhard Pons,2011,49,"Pons, Gerhard",,,,,Fiktionale Darstellung,ger,
,Wie man wahre Größe beweist,,Oldenburg,Oldenburger Schreibwerkstatt,2011,61,,"Hadjeres, Liane",,,"Améfiohoun, Afi Dédé Sylvie",Erzählende Literatur: Anthologien,ger,
,Wiesbadener Anthologie,,Wiesbaden,b.i.t. Verlag GmbH,2011,760,,,,,,,ger,
,Wir kommen von weit her,,Norderstedt,Books on Demand GmbH,2011,74,"Mosler, Guido Mario",,,,,,ger,
,Wo Schmetterlinge Lieder singen,,"Kappelrodeck-Waldulm, Weinstr. 62",R. Volz,2011,132,,,,,"Volz, Rosemarie; Volz, Sabrina",Gemischte Anthologien,ger,
,Wunder geschehen immer wieder,,Mechernich,Kodex.Kulturverein e.V.,2011,40,"Mehler, Ulrich",,,,,Fiktionale Darstellung; Erzählende Literatur: Gegenwartsliteratur ab 1945,ger,
,Zauberort,,Halle,Förderkreis der Schriftsteller in Sachsen-Anhalt,2011,47,"Penk, Antje",,,,,,ger,
,14 Tage Bex-Grenoble,,Zürich,R. Kaul,2010,72,"Kaul, Reinhard",,,,,,ger,
,"""2010""",,Schönbühl-Urtenen,Migros Aare,2010,96,"Bornhauser, Thomas",,,,"Sigel, Beat",,ger,
,"Advent, Nikolaus un Wiehnachten up Plattdütsch",,Lohne,Hildegard Tölke,2010,44,"Tölke, Hildegard",,,,,Anthologie; Gemischte Anthologien,ger,
,Arabische Nächte,Ungekürzte Lizenzausg.,Rheda-Wiedenbrück,RM-Buch-und-Medien-Vertrieb {u.a.,2010,415,,"Schellenberg, Ernst Ludwig",,,"Dulac, Edmund",Anthologie; Anthologie,ger,ara
,Auf der Seifenblase,,Berlin,Epilogmedia,2010,19,"Laßwitz, Kurd",,,,,,ger,
,Ausgewählte Kurzgeschichten und Gedichte,,Jakarta,Goethe-Institut Indonesien,2010,100,"Sukanta, Putu Oka",,"Schneebeli, Brigitte",,,Anthologie; Erzählende Literatur: Anthologien,ger,ind
,Autorenbegegnungen,,Bonn,Bundesverb. Junger Autoren und Autorinnen,2010,167,,"Flade, Tatjana",,,,,ger,
,Berliner Geschichten,,Zierenberg,Die oHo-Schreibstube,2010,15,"Brede, Horst",,,,,,ger,
,Best of Sherlock Holmes,Ungekürzte Lizenzausg.,Rheda-Wiedenbrück,RM-Buch-und-Medien-Vertrieb {u.a.,2010,320,"Doyle, Arthur Conan",,,,"Kilian, Kai","Anthologie; Anthologie; Krimis, Thriller, Spionage",ger; eng,eng
,Bethlehem ist nebenan,,"Eschbach, Markgräflerl",Verlag am Eschbach,2010,4,"Kubelka, Margarete",,,,,,ger,
,"Bilder, Vaarschle un Geschichten",,Aue,Rockstroh,2010,58,"Trültzsch, Roland",,,,,,ger,
,Christmas stories,Ungekürzte Lizenzausg.,Rheda-Wiedenbrück,RM-Buch-und-Medien-Vertrieb {u.a.,2010,425,"Dickens, Charles",,"Fuchs, Isabelle",,,Anthologie; Anthologie,ger,eng
,Dark vampire,Originalausgabe,Kerpen-Türnich,Romantruhe,2010,246,,,,,,Fiktionale Darstellung,ger,
,Das Fliegenfischer-Forums-Buch [Fliegenfischer-Forum-Buch],,Riehen/Schweiz,Verlag fischueberalles.ch,2010,2,,"Möbus, Frank",,,,Anthologie; Anthologie,ger,
,Das graue Haus,,"Maintal, Hermann-Löns-Strasse 5",S. Quint,2010,60,"Quint, Sabine",,,,,,ger,
,Der entführte Mond ,"Dt. Erstausg., 1. Aufl.",Basel,Lisan-Verl.,2010,87,"Mazrūʿī, Fāṭima Ḥamad al-",,"Grundhöfer, Marei",,,,ger,ara
,Der neue Candide,,Zürich,Zürich Versicherungsges.,2010,67,,,,,,,ger,
,Der Schriftsteller,,Würzburg,Eigenverlag Margarete Gilge,2010,156,"Gilge, Margarete",,,,,Anthologie,ger,
,Der Weinberg-Hahn,,Bernburg,B. Gremler,2010,35,"Gremler, Bernhard",,,,,,ger,
,Deutsche Kurzgeschichten,Učebnoe izd.,Solikamsk,SGPI,2010,96,,"Popova, Tatʹjana Valentinovna",,,,Erzählende Literatur: Gegenwartsliteratur ab 1945,ger,
,Die Essenz des Bösen,"3., überarb. Fassung",Hamm,Meckerer-Verl.,2010,102,"Reißner, Annelie",,,,,Erzählende Literatur: Anthologien,ger,
,Die Glocke im Nebel,"Dt. Erstausg., 1. Tsd.",Butjadingen,"Achilla-Presse, Verl.-Buchh.",2010,242,"Atherton, Gertrude Franklin Horn",,"Schmidt, Rainer G.","Atherton, Gertrude Franklin Horn","Schädel, Mirko",,ger,eng
,Die Insulaner,,Berlin,W. Jenik,2010,56,"Jenik, Wolfgang",,,,,,ger,
,Die Königin der Nacht,,Diez,Gerhard Pons,2010,22,"Pons, Gerhard",,,,,Fiktionale Darstellung,ger,
,Ein ganz besonderer Weihnachtsstern,,"Eschbach, Markgräflerl",Verlag am Eschbach,2010,4,"Neunert, Waltraud",,,,,,ger,
,Eine Weihnachtsüberraschung,,"Eschbach, Markgräflerl",Verlag am Eschbach,2010,4,"Bewernitz, Doris",,,,,,ger,
,Einfach weihnachtlich werden,,"Eschbach, Markgräflerl",Verlag am Eschbach,2010,4,"Baudet, Walter",,,,,,ger,
,Erlebnisse im Fundbüro,3. Auflage,Diez,Gerhard Pons,2010,33,"Pons, Gerhard",,,,,Fiktionale Darstellung; Erzählende Literatur,ger,
,Erzählungen und Gedichte,,"Eschborn am Taunus, Eckener Str. 8",H. Ziegler,2010,92,"Wadhwani, Helma",,,,,,ger,
,Es muss nicht immer Lametta sein,,"Eschbach, Markgräflerl",Verlag am Eschbach,2010,4,"Wolff, Angelika",,,,,,ger,
,Facetten,,"Chur, Aspermontstr. 18",W. Bansi,2010,43,"Bansi, Waldtraut",,,,,,ger,
,Frauen telefonieren länger,,Neckenmarkt,Novum Pocket,2010,196,"Koch, Erich",,,,,,ger,
,Fundstücke,,Darmstadt,Evang. Erwachsenenbildung,2010,147,,,,,"Bayer, Rena",,ger,
,Geheimnisvolle Geschichten,,Erlangen,Wunderwaldverlag,2010,,,"Schreiber, Erik",,,,Fantastische Literatur; Erzählende Literatur: Anthologien,ger,
,Geschichten aus der Gruselgruft,,Kerpen-Türnich,Romantruhe-Buchversand,2010,68,,,,,"Collins, Bob",,ger,
,Geschichten aus Fuerteventura,,Überlingen,S. Kuebler,2010,253,"Kuebler, Siegfried",,,,,Erzählende Literatur: Anthologien,ger,
,Geschichten und Bilder aus dem Wechselgebiet,Neuaufl.,"Kirchberg am Wechsel, Ofenbach 41",R. Gansterer,2010,223,"Wüsinger, Joseph",,,,"Gansterer, Reinhard",,ger,
,Geschichten zum Bild,,Tangerhütte,Net-Verlag,2010,,,,,,,Anthologie; Erzählende Literatur: Anthologien,ger,
,"Geschichten, die das Leben schreibt",,Aschersleben,Das etwas andere Antiquariat,2010,28,"Malcherek, Bernd",,,,,,ger,
,"Geschichten, die das Leben schreibt",,Aschersleben,Das etwas andere Antiquariat,2010,19,"Malcherek, Bernd",,,,,,ger,
,Grenzüberschreitungen,1. Aufl.,Köln,Tauland-Verl.,2010,157,,"Danne, Christoph",,,"Eymess, Wiebke",,ger,
,Habt ihr so was schon gesehen?,,Oldenburg,Oldenburger Schreibwerkstatt,2010,76,,"Hadjeres, Liane",,,"Cordes, Rieke",,ger,
,Haste Worte - Geschichten und Gedichte gegen den wilden Müll,,Messel,"ZAW, Zweckverband Abfall- und Wertstoffeinsammlung für den Landkreis Darmstadt-Dieburg",2010,63,,,,,,Anthologie,ger,
,Helles Licht in dunkler Nacht,,"Eschbach, Markgräflerl",Verlag am Eschbach,2010,4,"Nagorni, Klaus",,,,,,ger,
,In Isrogant,,Overath bei Köln,Xin e.V.,2010,,,,,,,Fiktionale Darstellung; Fantasy,ger,
,Keiner kann je verloren gehen,,Norderstedt,Books on Demand GmbH,2010,127,"Schumann-Effenberger, Sibylle",,,,,,ger,
,Kinder machen,1. Auflage,Münzenberg,"Initiative ""Kinder machen.Geschichten"", Frank Schaba",2010,96,,"Schaba, Frank",,,,Anthologie,ger,
,Kökenleven,,Verden/Aller,Theaterverl. Mahnke,2010,78,"Krappweis, Sabine",,"Christophersen, Arne","Krappweis, Sabine",,Dramatik,ger,eng
,Kollektion Hoffmann,,Lüneburg,Dieter von Reeken,2010,,"Hoffmann, Oskar","Reeken, Dieter von",,,"Brändel, Fritz",,ger,
,"Meran, das Psairermandl und sein Geißlein",,St. Leonhard in Passeier,MuseumPasseier,2010,47,"Oberschmied, Luis",,,,"Oberschmied, Luis",Fiktionale Darstellung,ger,
,Mittagszauber,,"Winterthur, Amelenweg 7",J. Hasler,2010,22,Rosenquarz,,,,,,ger,
,Mondträume,Orig.-Ausg.,Rheda-Wiedenbrück,RM-Buch-und-Medien-Vertrieb {u.a.,2010,415,,"Grädler, Iris",,,,Anthologie; Anthologie,ger,
,Nauchu - das homöopathische Fegefeuer,4. Aufl.,Weidenbach,Pretzl,2010,138,"Rauh-Pretzl, Barbara",,,,,Fiktionale Darstellung; Belletristische Darstellung,ger,
,Nordeifel Mordeifel,Originalausgabe,Hillesheim,KBV,2010,,,"Kramp, Ralf; Pistor, Elke",,,,"Anthologie; Krimis, Thriller, Spionage",ger,
,Ort,1. Aufl.,Wien,Braumüller,2010,139,"Goubran, Alfred",,,,,,ger,
,Pakettage,,Berlin,Epilogmedia,2010,19,"Slawig, Barbara",,,,,,ger,
,Papa hängt ein Bild auf,,Diez,Gerhard Pons,2010,15,"Pons, Gerhard",,,,,Fiktionale Darstellung,ger,
,Prenzlauer Geschichten,,"Prenzlau, Sternberg 5",H. Kassube,2010,25,,,,,,,ger,
,Querschnitte Frühjahr 2010,,Neckenmarkt,Novum Pro,2010,295,,"Bader, Wolfgang",,,,Anthologie; Anthologie,ger,
,Sektperlen,,Neunkirchen,Literarischer Stammtisch,2010,114,,,,,,,ger,
,Türmers Feierobndgeschichten,1. Aufl.,Schwarzenberg,Türmer-Verl.,2010,22,"Schlesinger, Gerd",,,,,,ger,
,Unerzählte Geschichten jüdischer Frauen,,Berlin,Gedenkstätte Deutscher Widerstand,2010,,,,,,"Pécsi-Pollner, Katalin",,ger,hun
,Unheimliche Geschichten,,Berlin,Verlagshaus Jacoby & Stuart GmbH,2010,2,"Poe, Edgar Allan",,"Schmidt, Arno",,,Anthologie; Erzählende Literatur,ger,eng
,Unverdientes Weihnachtsglück,,"Eschbach, Markgräflerl",Verlag am Eschbach,2010,4,"Nöstlinger, Christine",,,,,,ger,
,Vergangenes - Gegenwärtiges,,Potsdam,"Seniorenbeirat in der Landeshauptstadt Potsdam, Stadtverwaltung, Fachbereich 3 für Soziales, Jugend, Gesundheit, Ordnung und Umweltschutz",2010,104,,,,,,Anthologie,ger,
,"""Vo Härdepfel-Gschlirgg und Härrigrinde""",2. Aufl.,Erstfeld,K. Gisler,2010,148,"Gisler, Karl A.",,,,,,ger,
,Vom Geschenk des Kerzenlichts,,"Eschbach, Markgräflerl",Verlag am Eschbach,2010,4,"Böse, Werner",,,,,,ger,
,Wenn sich der Himmel öffnet,,"Eschbach, Markgräflerl",Verlag am Eschbach,2010,4,"Wolff, Angelika",,,,,,ger,
,Wenn sich die Herzen öffnen,,"Eschbach, Markgräflerl",Verlag am Eschbach,2010,4,"Schley, Renate",,,,,,ger,
,Wer lacht da?,,München,Münchener Provinz der Redemptoristen,2010,77,"Steinle, Josef",,,,,,ger,
,Wie de Schnaawel iwackse es!,,Neuwied,Verein Niederbieberer Bürger,2010,35,,,,,,,ger,
,Wie ein Schmetterling,,Freiburg,Martin Čaveliš,2010,191,"Čaveliš, Martin",,,,,Fiktionale Darstellung; Erzählende Literatur,ger,
,Wiesbadener Anthologie,,Wiesbaden,b.i.t. Verlag GmbH,2010,681,,,,,,,ger,
,Wintergeschichten,Ungekürzte Lizenzausg.,Rheda-Wiedenbrück,RM-Buch-und-Medien-Vertrieb {u.a.,2010,112,,"Tress, Sylvia",,,,,ger,
,Wirrwarr der Welten,,Oldenburg,Oldenburger Schreibwerkstatt,2010,90,,"Hadjeres, Liane",,,"Driefholt, Wibke",,ger,
,Wortwechsel,,Ratingen,ERA e.V.,2010,145,,,,,,Anthologie; Gemischte Anthologien,ger,
,"30 ausgewählte Geschichten des Schreibaufrufes ""Schreib auf"" von Menschen von neun bis dreizehn Jahren",,Suhl,Suhler Verlagsgesellschaft mbH & Co. KG,2009,98,,,,,,,ger,
,Amalia Hinterwäldlerin vor Gericht und andere Geschichten,Sonderdr.,"Ottobrunn, Goethestr. 25",G. Wiesholler,2009,76,"Haverbeck, Ursula",,,,,,ger,
,Anthologie 62,,Flamersheim,Chidher-Verl.,2009,496,,,,,"Jentzsch, Bernd",,ger,
,"Bilder, Vaarschle un Geschichten",,Aue,Rockstroh,2009,62,"Trültzsch, Roland",,,,,,ger,
,"Bilder, Vaarschle un Geschichten",,Aue,Rockstroh,2009,34,"Trültzsch, Roland",,,,,,ger,
,Brünner Erzählungen,1. Aufl.,Wien,Braumüller,2009,210,"Kratochvil, Jiří",,"Posset, Johanna","Kratochvil, Jiří",,Anthologie; Anthologie,ger,cze
,Das Dschungelbuch,Als unverkäufliches Ms. vervielfältigt,Norderstedt,Vertriebsstelle und Verl. Dt. Bühnenschriftsteller und Bühnenkomponisten,2009,60,"Pinkus, Frank",,,,"Kipling, Rudyard",,ger,
,Das Familienfoto,,Diez,Gerhard Pons,2009,21,"Pons, Gerhard",,,,,Fiktionale Darstellung,ger,
,Der Diavortrag,,Diez,Gerhard Pons,2009,17,"Pons, Gerhard",,,,,Fiktionale Darstellung,ger,
,Der letzte Hunt,,Klagenfurt,Kärntner Druck- und Verl.-Ges.,2009,303,"Wulz, Hans",,,,,,ger,
,Dialog mit einer blauen Katze,,Dresden,Dresdner Seniorenakademie Wissenschaft und Kunst,2009,136,,,,,,Anthologie,ger,
,Dichtung und Torheit,,Diez,Gerhard Pons,2009,22,"Pons, Gerhard",,,,,Fiktionale Darstellung,ger,
,Die Aumühle,,"Rosenthal-Bielatal, Rosenthalerstr. 19",G. Jörgens,2009,102,"Jörgens, Gisela",,,,,,ger,
,Die Familie Grünschnabel,,Ipswich,Queen Bee,2009,59,,,,,"Bond, Elisabeth; Duszczak, Richard",,ger,
,"Die Fenster auf, die Herzen auf!",,Offenbach,van Haersolte,2009,282,,,,,,Anthologie; Anthologie; Lyrik,ger,
,Die Legende von Aspalon,,Bernburg,Förderverein Bildung und Arbeit,2009,47,"Thäder, Olaf",,,,,,ger,
,"Die ""wilde Hilde"" und andere amüsante Geschichten",2. Aufl.,Reinheim,F. W. Schuchmann,2009,96,"Schuchmann, Friedrich Wilhelm",,,,,,ger,
,Dollartgold,,Weener,Verlag H. Risius KG,2009,144,,"Hanken, Kai-Uwe",,,,Anthologie; Erzählende Literatur: Anthologien,ger,
,"""Dr Sachse iss ooch nur e Mensch""",,Leipzig,Pätzold & Völker,2009,64,"Kutzscher, M. Wolfram",,,,,,ger,
,Dschingel bellt,,Norderstedt,Books on Demand GmbH,2009,68,"Schürer, Gregor",,,,,Erzählende Literatur: Gegenwartsliteratur ab 1945,ger,
,Een Fall för Paster Braun,Als unverkäufliches Ms. vervielfältigt,Norderstedt,Vertriebsstelle und Verl. Dt. Bühnenschriftsteller und Bühnenkomponisten,2009,118,"Battermann, Florian; Bodinus, Jan",,,"Battermann, Florian","Chesterton, G. K.",,ger,
,Eginhard und Emma,,Diez,Gerhard Pons,2009,15,"Pons, Gerhard",,,,,Fiktionale Darstellung,ger,
,Ein Schloss aus Geschichten,,Elsbethen bei Salzburg,Private Mädchenhauptschule Goldenstein,2009,75,,"Brudl, Wolfgang",,,,Anthologie; Erzählende Literatur: Anthologien,ger,
,Erzählungen,,"Graz, Mandellstr. 27",I. Sieber,2009,112,"Sieber, Irene",,,,,,ger,
,Ewige Liebe,,"Füllinsdorf, Im Mättli 2",T. Schweizer,2009,24,"Schweizer, Thomas",,,,,,ger,
,Fröhliches Sauerland,,Sankt Augustin,Selbstverlag Fröhlich,2009,2,,"Freiburg, Friedrich",,,"Freiburg, Friedrich",Fiktionale Darstellung; Erzählende Literatur,ger,
,Für heute und morgen,,Marburg,Stiftung Marburger Medien,2009,18,"Plate, Margarete",,,,,,ger,
,"Gedichte, Geschichten",,"Hamburg, Lengerckestr. 50",G. Coldewey,2009,134,"Coldewey, Gerold",,,,,,ger,
,Geschichten aus dem Meer der Erinnerungen,,Potsdam,"Seniorenbeirat in der Landeshauptstadt Potsdam, Stadtverwaltung, Fachbereich 3 für Soziales, Jugend, Gesundheit, Ordnung und Umweltschutz",2009,104,,,,,,Anthologie,ger,
,Geschichten aus der Dunkelwelt,,"Emmendingen, Theodor-Fontane-Weg 10",Burgmann Ideenschmiede c/o. D. J. Lohmann,2009,69,"Lohmann, Dirk-Jürgen",,,,,,ger,
,Geschichten des Grauens,,Kerpen-Türnich,Romantruhe-Buchversand,2009,148,"Tippner, Thomas",,,,,,ger,
,Geschichten und alte Erzählungen aus Familie und Umgebung,,Sandl,Rudolf Wagner,2009,124,"Wagner, Rudolf",,,,,,ger,
,"Geschichten, die das Leben schreibt",,Aschersleben,Das etwas andere Antiquariat,2009,24,"Malcherek, Bernd",,,,,,ger,
,Glück kann man lernen!,,Eichenau,Solon-Verl.,2009,147,"Lind, Christine",,,,,,ger,
,Hans Gentzfleisch an der Pleisse und andere phantastische Geschichten um Gutenberg,,Leipzig,Birkner-Stiftung,2009,52,"Kapr, Albert",,,,"Sönning, Magnus; Illner, Torsten; Stabe, Helmut; Lass, Rita; Mahn, Jule Claudia",,ger,
,"""Helfen""",,Koblenz,Lotto Rheinland-Pfalz,2009,119,,"Schössler, Hans-Peter",,,,Anthologie; Gemischte Anthologien,ger,
,In Jerusalem schließt sich der Kreis,,Norderstedt,Books on Demand GmbH,2009,131,"Schumann-Effenberger, Sibylle",,,,,Erzählende Literatur: Anthologien,ger,
,Jugendmuth,Nachdruck der Ausgabe Leipzig 1824,Hildesheim,Georg Olms Verlag,2009,,"Huber, Therese",,,,,Fiktionale Darstellung,ger,
,Kindermund,"Überarb. Neuaufl., 6. Aufl.","Eichstetten, Bötzingerstr. 3",H. Kern,2009,62,,,,,,,ger,
,Kindermund,Überarb. Neuaufl.,"Eichstetten, Bötzingerstr. 3",H. Kern,2009,60,,,,,,,ger,
,Kraut & Rüben,,Merchweiler,Selbstverlag bei den AutorInnen der Schreibwerkstatt in der VHS Merchweiler,2009,281,,,,,,Anthologie; Gemischte Anthologien,ger,
,Kurpfälzer Dialektik,,"Walldorf, Rennbahnstraße 15",W. Kögel,2009,80,"Kögel, Werner",,,,,,ger,
,Kurzgeschichten,,Baden-Baden,Atelier Raab,2009,82,"Raab, Wilhelm",,,,,,ger,
,Lebenserinnerungen und Erzählungen,,Potsdam,"Seniorenbeirat in der Landeshauptstadt Potsdam, Stadtverwaltung, Fachbereich 3 für Soziales, Jugend, Gesundheit, Ordnung und Umweltschutz der Landeshauptstadt Potsdam",2009,,,,,,,Anthologie; Erzählende Literatur: Anthologien,ger,
,Liebesgeflüster,,"Stolberg, Aachener Str. 58",B. Bernd,2009,80,"Bernd, Beate",,,,,,ger,
,Meine erste Pizza,,Diez,Gerhard Pons,2009,15,"Pons, Gerhard",,,,,Fiktionale Darstellung; Erzählende Literatur,ger,
,Mord(s)taten,"1. Aufl., Orig.-Ausg., Erstdr.",Kerpen-Türnich,Romantruhe,2009,236,"Hasch, Bernd",,,,,,ger,
,Mühlheim zum Schmunzeln,"2. Ausg., vollst. Neufassung",Mühlheim am Main,Geschichtsverein Mühlheim am Main,2009,48,,"Boll, Richard",,,,,ger,
,Nauchu - das homöopathische Fegefeuer,3. Aufl.,Weidenbach,Pretzl,2009,112,"Rauh-Pretzl, Barbara",,,,,Fiktionale Darstellung; Belletristische Darstellung,ger,
,Nicht nur Schokoladenseiten,,"Brakel, Ruprecht-Ewald-Weg 5",G. Thier,2009,86,"Thier, Gerta",,,,,,ger,
,"""Nichts ist mehr wie früher ...""",,Schönbühl-Urtenen,Migros Aare,2009,88,"Bornhauser, Thomas",,,,"Sigel, Beat",,ger,
,Paradiesische Zustände,2. Auflage,Diez,Gerhard Pons,2009,41,"Pons, Gerhard",,,,,Fiktionale Darstellung; Erzählende Literatur,ger,
,Pegasus schlägt Funken,,München,Pegasus-Verein für Kreatives Schreiben,2009,146,,,,,,,ger,
,"Pfundssachen, Fundsachen",,"Maintal, Hermann-Löns-Strasse 5",S. Quint,2009,52,"Quint, Sabine",,,,,,ger,
,"Piano, forte ...",,"Frankfurt, M.",Hessisches Literaturforum im Mousonturm,2009,64,,,,,"Schmidt, Uve",,ger,
,"Roter Schrei, Leben",,"Wien, Wattmanng. 93",B. Pixner,2009,246,"Pixner, Brigitte",,,,,,ger,
,Ruhm,Ungekürzte Lizenzausg.,Rheda-Wiedenbrück,RM-Buch- und Medien-Vertrieb {u.a.,2009,202,"Kehlmann, Daniel",,,,,Fiktionale Darstellung; Belletristische Darstellung; Erzählende Literatur: Gegenwartsliteratur ab 1945,ger,
,Seit ein Gespräch wir sind,,Bordenau,San-Marco-Handpresse,2009,112,,,,,"Ansull, Oskar; Marggraf, Peter",,ger,
,So war es in Gutten J,Nachdruck der Originalausgabe 1998,Barmstedt,Ulf Wöbcke,2009,,"Timmann, Waltraut","Timmann, Waltraut",,,,Anthologie; Erzählende Literatur: Anthologien,ger,
,Sonnenstrahlen - tröstende Wärme,1. Aufl.,Castrop-Rauxel,U. Beushausen,2009,35,"Beushausen, Ursel",,,,,,ger,
,Sonntagnachmittag zu Hause,,Diez,Gerhard Pons,2009,21,"Pons, Gerhard",,,,,Fiktionale Darstellung; Erzählende Literatur,ger,
,Späte Geschichten,,"Aidhausen, Braugasse 11",H. Hector,2009,7,"Hector, Heinz",,,,,,ger,
,Stichelreden,,"Frankfurt, M.",Ed. Büchergilde,2009,65,,,,,"Voigtmann, Kay",Anthologie; Anthologie,ger,
,Sunset,Ungekürzte Lizenzausg.,Rheda-Wiedenbrück,RM-Buch-und-Medien-Vertrieb {u.a.,2009,479,"King, Stephen",,"Bergner, Wulf","King, Stephen",,,ger,eng
,Suppengeschichte,,Diez,Gerhard Pons,2009,17,"Pons, Gerhard",,,,,Fiktionale Darstellung,ger,
,Tante Semra im Leberkäseland,Ungekürzte Lizenzausg.,Rheda-Wiedenbrück,RM-Buch-und-Medien-Vertrieb {u.a.,2009,254,"Akgün, Lale",,,,,Fiktionale Darstellung; Belletristische Darstellung,ger,
,Taschenbuch,Orig.-Ausg.,"Köln, Im Krahnenhof 5 - 7",F. J. Andrzejewski,2009,136,,,,,"Andrzejewski, Fritz Johann",,ger,
,Termagls dil temps,,Zürich,editionmevinapuorger,2009,172,"Deplazes, Lothar",,,,,Fiktionale Darstellung; Erzählende Literatur,roh; ger,
,The fall of the House of Usher,Ungekürzte Lizenzausg.,Rheda-Wiedenbrück,RM-Buch-und-Medien-Vertrieb {u.a.,2009,379,"Poe, Edgar Allan",,"Kilian, Kai",,,,ger; eng,eng
,Utopien,,Kufstein,Klaus Reitberger,2009,294,"Reitberger, Klaus",,,,,Science Fiction,ger,
,Verborgene Wesen,,Wasungen,Twilight-Line Verlag GbR,2009,,,,,,,Fiktionale Darstellung; Anthologie; Erzählende Literatur: Anthologien,ger,
,Verschiedene Erzählungen,,Augsburg,R. Peter,2009,39,,,,,,,ger,
,"Von Dämonen, Maustern und anderen Phantasiegestalten ...",,Oldenburg,Oldenburger Schreibwerkstatt,2009,58,,"Hadjeres, Liane",,,"Gerdes, Tabea",,ger,
,"Wechselnde Pfade, Schatten und Licht ...",,Bad Salzungen,Literaturkreis,2009,118,,,,,,Anthologie; Gemischte Anthologien,ger,
,Weltenkreuzer,,Berlin,epubli,2009,138,,"Rohner, Viola",,,,,ger,
,"""Wenn der Christbaum blüht ...""",,Bregenz,ÖVP Voralberg,2009,22,,"Fischer, Kurt",,,,,ger,
,Werkausgabe,,Aachen,A. Keil,2009,138,,,,,,,ger,
,Wie man ein Regal baut oder: Handwerk hat nicht immer goldenen Boden,,Diez,Gerhard Pons,2009,17,"Pons, Gerhard",,,,,Fiktionale Darstellung,ger,
,Wiesbadener Anthologie,,Wiesbaden,b.i.t. Verlag GmbH,2009,350,,,,,,,ger,
,Wos me ölles su delabt,,Mengersgereuth-Hämmern,Geschichts- und Köhlerverein,2009,78,"Langbein, Nilla",,,,,,ger,
,Zahnarztgeschichten,,Goldach,Bezugsadresse:www.goldacherhof.ch,2009,,,"Buchinger, Wolf",,,,,ger,
,17,,Schönbühl-Urtenen,Migros Aare,2008,100,"Bornhauser, Thomas",,,,"Sigel, Beat",,ger,
,Bermang xalal orzularımga,,Freiburg,Deutsch-Usbekische Wissenschaftliche Gesellschaft e.V. (DUWG),2008,162,,"Rachimov, Churram","Rachimov, Churram",,,Anthologie; Lyrik,ger; uzb,uzb
,"Bilder, Vaarschle un Geschichten",,Aue,Rockstroh,2008,58,"Trültzsch, Roland",,,,,,ger,
,Billige Geschichten,,Wien,Verein zur Unterstützung Märchenhaften Theaters,2008,26,"Cikán, Ondřej",,,,,,ger,
,Blumen im Regen,Ungekürzte Lizenzausg.,Rheda-Wiedenbrück,RM-Buch-und-Medien-Vertrieb {u.a.,2008,349,"Pilcher, Rosamunde",,,"Pilcher, Rosamunde",,,ger,eng
,Dark future,Originalausgabe,Kerpen-Türnich,Romantruhe,2008,240,,,,,,Fiktionale Darstellung,ger,
,Das Fest auf der Ritterburg und andere Geschichten,,Hückeswagen,"CSV, Verl. Christliche Schriftenverbreitung",2008,79,,"Waltersbacher, Paul",,,,,ger,
,Das Festessen,3. Auflage,Diez,Gerhard Pons,2008,29,"Pons, Gerhard",,,,,Fiktionale Darstellung,ger,
,Das Frühstücksei,Ungekürzte Lizenzausg.,Rheda-Wiedenbrück,RM-Buch-und-Medien-Vertrieb {u.a.,2008,285,Loriot,,,,,,ger,
,Das Rathaus zieht um,,Diez,Gerhard Pons,2008,2,"Pons, Gerhard",,,,,Fiktionale Darstellung; Erzählende Literatur,ger,
,De Karmse,,Kayna,"Heimatverein ""Barbarossa"" Kayna und Umgebung",2008,32,,"Thurm, Volker",,,,,ger,
,Dem Himmel so nah,,"Herzberg, Bremkestraße 2",W. Rusteberg,2008,432,"Rusteberg, Wilhelm",,,,,,ger,
,Der Leuchtturm und andere Geschichten,,Hückeswagen,"CSV, Verl. Christliche Schriftenverbreitung",2008,79,,"Waltersbacher, Paul",,,,,ger,
,Der Philosoph und das Mädchen,,Eutin,Eigenverlag Harald Breede,2008,79,"Breede, Harald",,,,,Anthologie,ger,
,Die Abenteuer des Sherlock Holmes,,Augsburg,Weltbild,2008,495,"Doyle, Arthur Conan",,"Haefs, Gisbert","Doyle, Arthur Conan",,,ger,eng
,Die Memoiren des Sherlock Holmes,,Augsburg,Weltbild,2008,407,"Doyle, Arthur Conan",,"Stingl, Nikolaus","Doyle, Arthur Conan",,,ger,eng
,Die mit den Dschungelaugen,"3., erw. Aufl.",Varel,ella,2008,53,"Lorenz, Lothar",,,,,,ger,
,"Die Nacht, die Lichter",,Hamburg,Zeitverl. Bucerius,2008,48,"Meyer, Clemens",,,,,Anthologie; Anthologie,ger,
,"Die Nacht, die Lichter",Ungekürzte Lizenzausg.,Rheda-Wiedenbrück,RM-Buch-und-Medien-Vertrieb {u.a.,2008,265,"Meyer, Clemens",,,,,Anthologie; Anthologie,ger,
,Die Rückkehr des Sherlock Holmes,,Augsburg,Weltbild,2008,536,"Doyle, Arthur Conan",,"Schmitz, Werner","Doyle, Arthur Conan",,,ger,eng
,Die schönsten Geschichten aus fünf Jahren Oldenburger Schreibwerkstatt,,Oldenburg,Oldenburger Schreibwerkstatt,2008,99,,"Hadjeres, Liane",,,"Bauch, Marcel",,ger,
,Die Zeitspalte von Abydos,1. Aufl.,Dresden,Löffelschnitzer-Verl.,2008,401,"Sperl, Jürgen W. K.",,,,,,ger,
,Engelgeschichten,,Walldürn,K.-H. Becker,2008,8,"Becker, Karl-Heinz",,,,,,ger,
,Erzählungen,,"Frankfurt, M.",Ed. C & H,2008,129,"Curtius, Mechthild",,,,,,ger,
,Erzählungen,,"Frankfurt, M.",Ed. C & H,2008,128,"Curtius, Mechthild",,,,,,ger,
,"Erzählungen, Novellen",,Zürich,Unionsverl.,2008,527,"Ajtmatov, Čingiz",,,,,,ger,rus
,... es muss kein Bestseller sein!,,Hamburg,HerJo-Verl.,2008,42,"Storck-Duvenbeck, Katharina",,,,,,ger,
,Es weihnachtet,1. Auflage,Laa an der Thaya,Janca,2008,100,"Janca, Kurt",,,,,Anthologie,ger,
,"Fernando Aramburu, Claudia Larragutíbel, Ignacio Jáuregui",,Madrid,NH Hoteles,2008,123,"Aramburu, Fernando",,"Strien-Bourmer, Petra",,,Fiktionale Darstellung; Erzählende Literatur,ger,
,Fröhliche Jahreszeiten im Hof,,Weissbad,Hotel Hof Weissbad,2008,32,"Rüeger, Max",,,,,,ger,
,Geschichten und Sagen des Meißner Landes,1. Aufl.,Oschatz,"Verl.-, Werbe- und Philaservice Schmidt",2008,50,"Pohl, Hans-Jürgen",,,,,,ger,
,Geschichten von Schloss Bedheim,,Bedheim,Schloss-Verlag Bedheim,2008,247,"Kirfel, Bernhard",,,,,Fiktionale Darstellung,ger,
,Gneppt ond gmobbt,1. Aufl.,"Langenargen, Amthausstraße 53",G. Kraft,2008,64,"Kraft, Günther",,,,,,ger,
,Heiter aus der Luft gegriffen,,"Wien, Wattmanngasse 93",B. Pixner,2008,260,"Pixner, Brigitte",,,,,,ger,
,Heitere Gedichte und Geschichten,1. Aufl.,"Murrhardt, Bergstr. 44",P. M. Anderlik,2008,146,"Anderlik, Paula M.",,,,,,ger,
,Ich wünsche meiner Stadt ...,,Neustadt,Neustädter Autoren e.V.,2008,248,,,,,,Anthologie,ger,
,Leben auf dem Mars,3. Auflage,Diez,Gerhard Pons,2008,43,"Pons, Gerhard",,,,,Fiktionale Darstellung; Erzählende Literatur,ger,
,Märchenhaft und mittendrin,,Grohnde i.e. Wunstorf,Fährhaus-Verl.,2008,45,,"Bertram, Peter",,,,,ger,
,Mein erstes Honorar,,Eichgraben,Ed. Graph. Zirkel,2008,24,"Rosegger, Peter",,,,,,ger,
,Mongolische Edelsteine,,Darchan,Urlakh Erdem,2008,98,"Hennig, Andrea",,,,,,ger,
,Mord in den Stangenbohnen,,Ottweiler,Michel Verlag GmbH,2008,120,"Gonsior, Doris",,,,,Anthologie; Erzählende Literatur: Anthologien,ger,
,Mühsal am Montagmorgen,4. Auflage,Diez,Gerhard Pons,2008,23,,,,,,Fiktionale Darstellung,ger,
,Nauchu - das homöopathische Fegefeuer,1. Aufl.,Weidenbach,Pretzl,2008,72,"Rauh-Pretzl, Barbara",,,,,Fiktionale Darstellung; Belletristische Darstellung,ger,
,Paradiesgarten und Selbstfindung,1. Aufl.,"Au, Hauptstr. 86",G. Untersee,2008,49,"Untersee, Güst",,,,,,ger,
,Pinocchio,Als unverkäufliches Ms. vervielfältigt,Norderstedt,Vertriebsstelle und Verl. Dt. Bühnenschriftsteller und Bühnenkomponisten,2008,80,"Pinkus, Frank",,,,,,ger,
,Pößnecker Riesenleporello,,Pößneck,Kulturamt der Stadt Pößneck,2008,15,"Melle, Ursula",,,,,,ger,
,Prenzlauer Geschichten,,"Prenzlau, Sternberg 5",H. Kassube,2008,25,,,,,,,ger,
,Projekt Mensch,,Leipzig,FKSFL,2008,211,,"Berger, Dirk",,,,Konferenzschrift,ger,und
,Salto wortale,,Ratingen,ERA e.V.,2008,143,,,,,,Anthologie; Gemischte Anthologien,ger,
,Samîra,,Zürich,SJW,2008,39,,"Fähndrich, Hartmut",,,"Safsâf, Muhammad",,ger; ara,
,Seine Abschiedsvorstellung,,Augsburg,Weltbild,2008,350,"Doyle, Arthur Conan",,"Giger, Leslie","Doyle, Arthur Conan",,,ger,eng
,Sherlock Holmes' Buch der Fälle,,Augsburg,Weltbild,2008,414,"Doyle, Arthur Conan",,"Wolf, Hans","Doyle, Arthur Conan",,,ger,eng
,Sou hon isch gesääd,1. Aufl.,Niedernberg,Geschichtsverein Niedernberg,2008,143,,"Fecher, Monika",,,,,ger,
,Tierische Helden,Orig.-Ausg.,Rheda-Wiedenbrück,RM-Buch-und-Medien-Vertrieb {u.a.,2008,365,,"Grädler, Iris",,,,Anthologie; Anthologie,ger,
,Turban und Talisman,,Birmensdorf,Wolfsberg-Verl.,2009,106,"Baumgartner, Amedeo",,,,,Anthologie; Anthologie,ger,
,Überall ist Bethlehem,,Schwandorf,Kath. Erwachsenenbildung im Landkreis Schwandorf e.V.,2008,71,,,,,,,ger,
,...überwiegend Sonnenschein,,Tating,Speeldeel St. Peter-Ording,2008,98,,,,,"Jensen, Olaf",,ger,
,Vun Schullehrer unn annere Spezjalischde,,Rehborn,N. Schneider,2008,143,,,,"Schneider, Norbert",,Anthologie,ger,
,Wahre Geschichten,,Flawil,I. Steiger,2008,79,"Steiger-Mittelholzer, Idel",,,,,,ger,
,Wie de Schnaawel iwackse es!,,Neuwied,Verein Niederbieberer Bürger,2008,54,,,,,,,ger,
,Wiehnachtstied,,Stade,Kreissparkasse Stade,2008,86,,"Kiekebusch, Renate",,,,Anthologie,ger,
,Wo das Grauen lauert,,Zweibrücken,Hary-Production,2008,218,,,,,,,ger,
,Zeit zum Lesen,"Orig.-Ausg., dt. Erstveröff.",Rheda-Wiedenbrück,RM-Buch-und-Medien-Vertrieb {u.a.,2008,157,,"Grädler, Iris",,,,,ger,
,"Bilder, Vaarschle un Geschichten",,Aue,Rockstroh,2007,11,"Trültzsch, Roland",,,,,,ger,
,Art of books collection,Original-Erstausgabe,Forchheim,Verlag art of arts,2006,,,,,,,,ger,
,"Wohlgemuts heitere Geschichten als Bergmann, Lehrer, Rentner",,Ahaus,Kurt Kuhle,2000,2,"Kuhle, Kurt",,,,,Fiktionale Darstellung; Erzählende Literatur,ger,
