ISBN,Buchtitel,Auflage,Publikationsort,Publisher,Publikationsjahr,Seitenzahl,Verfasser,Herausgeber,Übersetzer,keineRolle,sonstigeRolle,Gattung_Genre,Sprache,SpracheOriginal
9783990293959; 9783854359364; 9788871743523; 3990293958,Abschieblinge,,Klagenfurt,Wieser Verlag,2023,201,Prežihov Voranc,,"Strutz, Jozej",,,Fiktionale Darstellung; Erzählende Literatur,ger,slv
9783423148788; 3423148780,Alissa kauft ihren Tod,Lizenzausgabe mit Genehmigung der Carl Hanser Verlag GmbH & Co. KG,München,dtv,2023,301,"Ulickaja, Ljudmila Evgenʹevna",,"Braungardt, Ganna-Maria",,,Anthologie; Erzählende Literatur: Gegenwartsliteratur ab 1945,ger,rus
9783990254394; 3990254391,Auf den Spuren der Fledermaus und andere Erzählungen,,Engerwitzdorf/Mittertreffling,Freya,2023,129,"Solís-Haje, Claudia Inés",,,,,Fiktionale Darstellung; Erzählende Literatur,ger,spa
9783863561710; 3863561716,Awarische Prosa,"Zweite, erweiterte Auflage","Ludwigsburg,",Pop Verlag Literatur,2023,303,"Musajasul, Chalil-Bek; Zadassa, Gamsat; Gamsatow, Rassul; Chatschalow, Abdulmashid; Murtusalijewa, Patimat; Tajmas’chanow, Tadshudin; Alijewa, Fasu; Muchamad, Ghabasil; Gadshijew, Gusejn; Mashidow, Muchomad; Galbazow, Gasimagomed; Magomedowa, Patimat; Ganijewa, Alissa","Chotiwari-Jünger, Steffi; Sagitova, Patimat; Traian, Pop",,,,Anthologie; Erzählende Literatur: Anthologien,ger,ava
9783311101062; 3311101065,Bacacay,,Zürich,Kampa,2023,280,"Gombrowicz, Witold",,"Kühl, Olaf; Tiel, Walter",,,Fiktionale Darstellung; Erzählende Literatur,ger,pol
9783962006037; 3962006036,Bärenschau,,Pliening,Verlagshaus Schlosser,2023,175,"Murányi, Sándor Olivér",,,,,Anthologie; Erzählende Literatur,ger,hun
9783257072709; 3257072708,"Bruno, Chef de cuisine und andere Geschichten aus dem Périgord",,Zürich,Diogenes,2023,329,"Walker, Martin",,"Windgassen, Michael",,,"Fiktionale Darstellung; Krimis, Thriller, Spionage",ger,eng
9783423095624; 3423095628,Cuentos de la selva ,,München,dtv,2023,175,"Quiroga, Horacio",,"Düker, Brit",,,Anthologie; Zweisprachige Ausgaben: Deutsch / Spanisch,ger; spa,spa
9783424154573; 3424154571,Das Buch der Mythen und Märchen,1. Auflage,München,Irisiana,2023,175,"Yoshitani, Yoshi",,"Beier, Sven",,,Anthologie,ger,eng
9783875128581; 3875128583,Das Erbe der Menschheit und andere Geschichten,Originalausgabe,Augsburg,MaroVerlag,2023,143,"Chi, Hui",,"Meyer zu Venne, Felix; Dubro, Lukas",,"Wenker, Marius",Anthologie; Erzählende Literatur: Anthologien,ger,chi
9783499001680; 3499001683,Das Exil und das Reich,Neuausgabe,Hamburg,ROWOHLT Taschenbuch,2023,204,"Camus, Albert",,"Meister, Guido G.",,,Anthologie; Erzählende Literatur: Gegenwartsliteratur ab 1945,ger,fre
9783423218795; 3423218797,Das Glück der Geschichtensammlerin,Deutsche Erstausgabe,München,dtv,2023,413,"Page, Sally",,"Müller, Carolin",,,Fiktionale Darstellung; Erzählende Literatur,ger,eng
9783453274587; 345327458X,Das Grauen von Dunwich,Deutsche Erstausgabe,München,Heyne,2023,64,"Lovecraft, H. P.",,"Artmann, H. C.",,"Baranger, François",Fiktionale Darstellung; Horror,ger,eng
9783947831487; 394783148X,Das kleine Buch der Sufi-Geschichten,1. Auflage,Berlin,Der Erzählverlag,2023,208,"Douglas-Klotz, Neil",,,,,Anthologie; Gemischte Anthologien,ger,eng
9783835355545; 3835355546,Das Lachen der Götter,,Göttingen,Wallstein Verlag,2023,222,"Šteger, Aleš",,"Göritz, Matthias",,,Anthologie; Erzählende Literatur: Gegenwartsliteratur ab 1945; Erzählende Literatur,ger,slv
9789534904343,"Das Leben ist schön, wenn man weiß, wie man es lebt",,Split,Safari duha d.o.o.,2023,230,"Bučević, Ana",,,,,Fiktionale Darstellung; Erzählende Literatur,ger,hrv
9783257072600; 3257072600,Das Spiel mit der Angst und andere Geschichten,,Zürich,Diogenes,2023,223,"Markarēs, Petros",,"Prinzinger, Michaela",,,"Fiktionale Darstellung; Krimis, Thriller, Spionage",ger,gre
9783312012848; 3312012848,Das Unerwartete,"1. Auflage, ungekürzte Taschenbuchausgabe",Hamburg,HarperCollins Taschenbuch,2023,380,"Oates, Joyce Carol",,"Morawetz, Silvia",,,Anthologie; Erzählende Literatur: Gegenwartsliteratur ab 1945,ger,eng
9783039260539; 3039260537,Denk an die Tage und Nächte,,Zürich,Limmat Verlag,2023,194,"De Marchi, Pietro",,"Sauser, Barbara",,,Fiktionale Darstellung; Erzählende Literatur,ger,ita
9783825153472; 3825153479,Der Boulevard,Deutsche Erstausgabe,Stuttgart,Urachhaus,2023,160,"Jansson, Tove",,"Kicherer, Birgitta",,,Anthologie; Erzählende Literatur,ger,swe
9783833243301; 3833243309,Der Fluss aus Silber,1. Auflage,Stuttgart,Panini Verlags GmbH,2023,300,"Chakraborty, S. A.",,"Fricke, Kerstin",,,Fiktionale Darstellung; Fantasy,ger,eng
9783455015034; 3455015034,Der Hund des Todes,1. Auflage,Hamburg,Atlantik,2023,317,"Christie, Agatha",,"Berger, Marfa; Meinert, Maria; Walter, Edith",,,"Fiktionale Darstellung; Krimis, Thriller, Spionage",ger,eng
9783518243602; 3518243608,Der Ingenieur von Babel,Erste Auflage,Berlin,Suhrkamp Verlag,2023,196,"Bufalino, Gesualdo",,"Pflug, Maja",,,Fiktionale Darstellung; Erzählende Literatur,ger,ita
9783832167103; 3832167102,"Der längste, strahlendste Tag",,Köln,DuMont,2023,267,"Myers, Benjamin",,"Wasel, Ulrike; Timmermann, Klaus",,,Fiktionale Darstellung; Erzählende Literatur: Gegenwartsliteratur ab 1945,ger,eng
9783442758678; 344275867X,Der Spielzeug-Sammler,1. Auflage,München,btb,2023,315,"McBride, James",,"Löcher-Lawrence, Werner",,,Fiktionale Darstellung; Erzählende Literatur,ger,eng
9783752007312; 3752007311,Der strahlende Berg,,Wiesbaden,Reichert Verlag,2023,145,"Gen'yū, Sōkyū",,"Arndt-Kunimoto, Frauke; Fuchs, Mariko",,,Anthologie; Erzählende Literatur: Anthologien,ger,jpn
9783730614068; 3730614061,Der Untergang des Hauses Usher,,München,Anaconda,2023,383,"Poe, Edgar Allan",,"Etzel, Gisela",,,Fiktionale Darstellung; Erzählende Literatur: Hauptwerk vor 1945; Erzählende Literatur,ger,eng
9783847704683; 3847704680,Der verwunschene Fels und andere Erzählungen,Originalausgabe,Berlin,Die Andere Bibliothek,2023,321,"Cather, Willa","Krup, Agnes","Krup, Agnes",,,Fiktionale Darstellung; Erzählende Literatur: Hauptwerk vor 1945,ger,eng
9783730611661; 3730611666,Die besten Geschichten,,München,Anaconda,2023,223,"Dickens, Charles",,"Holtsch, Heike; Samland, Bernd",,,Fiktionale Darstellung; Erzählende Literatur: Hauptwerk vor 1945,ger,eng
9783730613078; 3730613073,Die besten Geschichten,,München,Anaconda,2023,319,"Stevenson, Robert Louis",,"Conrad, Heinrich; Pannwitz, Max; Thesing, Marguerite",,,Fiktionale Darstellung; Erzählende Literatur: Hauptwerk vor 1945,ger,eng
9783730613313,Die besten Geschichten,,München,Anaconda,2023,605,"Twain, Mark",,"Conrad, Heinrich","Twain, Mark; Twain, Mark",,Fiktionale Darstellung; Erzählende Literatur: Hauptwerk vor 1945,ger,eng
9783969992630; 396999263X,Die Diamantlinse,Deutsche Erstausgabe,Göttingen,Steidl Verlag,2023,149,"O'Brien, Fitz-James","Nohl, Andreas","Nohl, Andreas",,,Anthologie; Erzählende Literatur,ger,eng
9783965090637; 3965090631,Die große Stille ,Inhaltlich unveränderte Neuausgabe,München,Golkonda,2023,390,"Chiang, Ted",,"molosovsky; Schmidt, Jacob; Will, Karin",,,Anthologie; Erzählende Literatur: Anthologien,ger,eng
9783986760878; 3986760873,Die Lotterie und andere dunkle Erzählungen,"1. Auflage, deutsche Erstausgabe",Leipzig,Festa,2023,361,"Jackson, Shirley",,"Ruf, Martin",,,Fiktionale Darstellung; Horror,ger,eng
9783038201342; 3038201340,Die Rose im Sand,Neuübersetzung,Zürich,Dörlemann,2023,280,"Glaspell, Susan",,"Bochert, Henning",,,Fiktionale Darstellung; Erzählende Literatur: Gegenwartsliteratur ab 1945; Erzählende Literatur,ger,eng
9783150144213; 3150144213,Die Schneekönigin,,Ditzingen,Reclam,2023,61,"Andersen, Hans Christian",,"Detering, Heinrich",,,Fiktionale Darstellung; Erzählende Literatur,ger,dan
9783150144244; 3150144248,Die schwarze Katze,,Ditzingen,Reclam,2023,95,"Poe, Edgar Allan",,"Etzel, Gisela",,,Anthologie; Erzählende Literatur: Hauptwerk vor 1945; Erzählende Literatur,ger,eng
9783548291055; 3548291058,Die Stadt antwortete nicht,1. Auflage,Berlin,Ullstein,2023,142,"De Luca, Erri",,"Künzler, Anette",,,Fiktionale Darstellung; Erzählende Literatur: Gegenwartsliteratur ab 1945,ger,ita
9783950531039; 3950531033,Die Tapferkeit der Zugvögel und andere Erzählungen,1. Auflage,Wien,Sonata Book,2023,571,"Fan, Xiaoqing; Ye, Zi; Pan, Jun; Chi, Zijian; Wang, Xiangfu; Lin, Sen; Guo, Shuang; Yi, Kang; Zhang, Chu; Man, Xiansheng","Wang, Jing",,,,Anthologie; Erzählende Literatur: Anthologien,ger,chi
9783730612811; 3730612816,Die Welt mit anderen Augen sehen,,München,Anaconda,2023,223,,"Reps, Paul","Olvedi, Ulli",,,Quelle,ger,eng
9783633543243; 3633543244,Die Welt möge Zeuge sein,Erste Auflage,Berlin,"Suhrkamp Verlag, Jüdischer Verlag",2023,458,"Bergelson, Daṿid","Koller, Sabine; Poljan, Aleksandra","Koller, Sabine; Comans, Peter; Klingenstein, Susanne; Wurbs, Janina",,,Anthologie; Erzählende Literatur: Anthologien,ger,yid
9783943117240; 3943117243,Diese verdammten Sauen,"1. Auflage, Neuedition",Saarbrücken,Calambac Verlag ,2023,95,"Montgomery, L. M.","Moreno Sobrino, Elena","Tubb, Edwin C.",,"Aron, Nele",Fiktionale Darstellung; Zweisprachige Ausgaben: Deutsch / Englisch,eng; ger,eng
9783328109815; 3328109811,Ein Puppenheim,1. Auflage,München,Penguin Verlag ,2023,107,"Strindberg, August",,"Oplatka-Steinlin, Helen",,"Oplatka-Steinlin, Helen",Anthologie; Erzählende Literatur,ger,swe
9781800268944; 1800268947,Eisenhorn,,Nottingham,Black Library,2023,1020,"Abnett, Dan",,"Behrenbruch, Stefan",,,Fiktionale Darstellung; Science Fiction,ger,eng
9798391611295,Erzählungen,,Halle (Saale),Andre Höhn,2023,158,"T̕owmanyan, Hovhannes",,,,,Fiktionale Darstellung; Erzählende Literatur,ger,arm
9783982485249; 398248524X,Erzählungen 1924-1933,1. Auflage,Hamburg,Edition Kentavros,2023,132,"Lapathiōtēs, Napoleōn","List, Markus","List, Markus",,,Anthologie; Erzählende Literatur,ger,gre
9783866602939; 3866602936,Erzählungen vom Balkan,1. Auflage,Leipzig,Leipziger Literaturverlag,2023,353,"Stanković, Borisav",,"Hodel, Robert",,,Fiktionale Darstellung; Erzählende Literatur: Hauptwerk vor 1945,ger,srp
9783890866147,Flecken im leeren,,Aachen,Rimbaud Verlag,2023,207,"Arp, Hans",,"Becker, Heribert",,"Arp, Hans",Anthologie; Gemischte Anthologien,ger,fre
9783944359687; 3944359682,Fremde Helden,,Berlin,Schruf & Stipetic,2023,302,"Pavičić, Jurica",,"Böhm-Milosavljević, Susanne; Stipetić, Blanka",,,Fiktionale Darstellung; Erzählende Literatur,ger,hrv
9783518243497; 3518243497,Fremder Mond,Erste Auflage dieser Ausgabe,Berlin,Suhrkamp Verlag,2023,195,"Aiken, Conrad",,"Kaiser, Ernst; Pörtner, Marlis; Schlüter, Marguerite Valerie; Weil, Grete",,,Fiktionale Darstellung; Erzählende Literatur: Gegenwartsliteratur ab 1945,ger,eng
9783492319966; 3492319963,Funken in der Dunkelheit,Taschenbuchsonderausgabe,München,Piper,2023,237,"Ahern, Cecelia",,"Strüh, Christine; Christ, Barbara",,,Fiktionale Darstellung; Erzählende Literatur: Gegenwartsliteratur ab 1945,ger,eng
9783945713952; 3945713951,Furcht und andere Geschichten,1. Auflage,Zossen,Edition SOLAR-X,2023,215,"Abdullah, Achmed",,"Müller, Wilko",,,Fiktionale Darstellung; Erzählende Literatur: Hauptwerk vor 1945,ger,eng
9783968910765; 3968910761,Geschichten aus Lateinamerika,Deutsche Fassung,Hannover,Schinken Verlag,2023,135,"Delgado, Carlos",,"Wrana, Magali",,,Anthologie; Erzählende Literatur,ger,spa
9783751809399; 3751809392,Geschichten der Nacht,Erste Auflage,Berlin,Matthes & Seitz Berlin,2023,510,"Mauvignier, Laurent",,"Kalscheuer, Claudia",,,"Fiktionale Darstellung; Krimis, Thriller, Spionage; Erzählende Literatur: Gegenwartsliteratur ab 1945",ger,fre
9783910563063,Geschichten der Niedertracht,1. Auflage,Lübeck,Rote Katze Verlag,2024,283,"Piątkowska, Monika",,"Schulz-Gruner, Paulina",,,"Fiktionale Darstellung; Krimis, Thriller, Spionage",ger,pol
9783986664169; 3986664165,Geschichten des Grauens,,Ludwigsburg,Cross Cult,2023,335,,,"Gore, Isabelle",,,Anthologie; Science Fiction,ger,eng
9783958033498; 3958033490,Geschichten sind das Kleid der Wahrheit,,München,Scorpio,2023,445,"Lyu, Si hwa",,"Dirks, Jan Henrik",,"Hajek, Olaf",Anthologie; Erzählende Literatur: Anthologien,ger,kor
9783458243410; 3458243410,Geschichten vom Hulanfluss,Erste Auflage dieser Ausgabe,Berlin,Insel Verlag,2023,283,"Xiao, Hong",,"Keen, Ruth",,"Keen, Ruth",Fiktionale Darstellung; Erzählende Literatur,ger,chi
9783964281913; 3964281913,Geschichten von Samurai-Frauen,1. Auflage,Berlin,Verlagshaus Jacoby & Stuart,2023,166,"Pérez, Sébastien",,,,"Lacombe, Benjamin; Hayek, Mathias",Fiktionale Darstellung; Historische Romane und Erzählungen,ger,fre
9783311150701; 3311150708,"Geschichten, die erfrischen",,Zürich,Kampa,2023,256,,"Sidney, Aleksia",,,,Anthologie; Erzählende Literatur: Anthologien,ger,eng; mul
9783965090644; 396509064X,Geteilt durch null,Inhaltlich unveränderte Neuausgabe,München,Golkonda,2023,360,"Chiang, Ted",,"molosovsky; Will, Karin",,,Anthologie; Erzählende Literatur: Anthologien,ger,eng
9783446279889; 3446279881,Greasy Lake und andere Geschichten,1. Auflage,München,Hanser,2023,288,"Boyle, T. Coraghessan",,"Bandini, Ditte; Bandini, Giovanni",,,Anthologie; Erzählende Literatur: Gegenwartsliteratur ab 1945,ger,eng
9783455015294; 3455015298,Hercule Poirot schläft nie,1. Auflage,Hamburg,Atlantik,2023,317,"Christie, Agatha",,"Mundhenk, Michael",,,"Fiktionale Darstellung; Krimis, Thriller, Spionage",ger,eng
9783991140276; 3991140276,Himmelskäfig und andere Erzählungen,1. Auflage,"Schiedlberg, Austria",BACOPA VERLAG,2023,292,,"Wang, Jing",,,,Anthologie; Erzählende Literatur: Anthologien,ger,chi
9798851768422,Horror am Flussufer,,Hildesheim,Benu Krimi Edition,2023,200,"Zagat, Arthur Leo",,"Schneider, Bernward",,,Anthologie; Erzählende Literatur: Anthologien,ger,eng
9783869712802,Im Paradies,1. Auflage,Köln,Galiani Berlin,2023,101,"Nielsen, Asta; Menschik, Kat",,,,,Fiktionale Darstellung; Romanhafte Biographien; Erzählende Literatur,ger,dan
9783150144237; 315014423X,Im Tunnel,,Ditzingen,Reclam,2023,87,"Dickens, Charles",,"Heichen, Paul",,,Anthologie; Erzählende Literatur: Hauptwerk vor 1945,ger,eng
9783103974959; 3103974957,Im Wahn der Anderen,,Frankfurt am Main,S. Fischer,2023,255,"Krasznahorkai, László",,"Flemming, Heike",,"Neumann, Max",Fiktionale Darstellung; Erzählende Literatur: Gegenwartsliteratur ab 1945,ger,hun
9783518431191; 3518431196,Kanus,"Erste Auflage, deutsche Erstausgabe",Berlin,Suhrkamp,2023,163,"Kerangal, Maylis de",,"Spingler, Andrea",,,Fiktionale Darstellung; Erzählende Literatur; Erzählende Literatur: Gegenwartsliteratur ab 1945,ger,fre
9783835354685; 383535468X,Kaum ein Tag ohne Spektakel,,Göttingen,Wallstein Verlag,2023,232,"Pontoppidan, Henrik","Hastenplug, Marlene; Sonnenberg, Ulrich",,,,Anthologie; Erzählende Literatur: Anthologien,ger,dan
9783792002803; 3792002809,Keine Heiligen,,Düsseldorf,Karl Rauch,2023,113,"Koritzinsky, Roskva",,"Donat, Andreas",,,Fiktionale Darstellung; Erzählende Literatur,ger,nor
9783981103977; 3981103971,Kilometer 101,,Augsburg,Verlag an der Wertach,2023,223,"Weber, Waldemar",,,,,Anthologie; Erzählende Literatur,ger,rus
9783406798122; 3406798128,Klingende Einsamkeit,,München,C.H.Beck,2023,187,,"Koppenfels, Martin von; Lange, Susanne",,,,Anthologie; Lyrik,ger; spa,spa
9798399282404,Kujtime nga Kosova,,"Marienheide, Deutschland",Adrian Kuqi,2023,176,"Kuqi, Adrian",,,,,Fiktionale Darstellung; Erzählende Literatur,ger; alb; eng,alb
9789941851704,Lyrik aus Marburg,Exklusive Ausgabe,Marburg,Ludwig Legge,2023,45,,"Legge, Ludwig","Megrelischwili, Kessaria",,,Anthologie; Lyrik,ger,geo; ger
9783518431375; 3518431374,Mädchen und Institutionen,"Erste Auflage, deutsche Erstausgabe",Berlin,Suhrkamp,2023,191,"Serenko, Darʹja",,"Körner, Christiane",,,Fiktionale Darstellung; Erzählende Literatur: Gegenwartsliteratur ab 1945,ger,rus
9783990296271; 9783991380672; 9788871743530; 3990296272; 9783854350675; 3854350678,Maiglöckchen,,Klagenfurt,Wieser Verlag,2023,97,Prežihov Voranc,,"Olof, Klaus Detlef",,"Gauß, Karl-Markus",Fiktionale Darstellung; Erzählende Literatur,ger,slv
9783462005813; 3462005812,Malinverno oder Die Bibliothek der verlorenen Geschichten,1. Auflage,Köln,Kiepenheuer & Witsch,2023,407,"Dara, Domenico",,"Mehrmann, Anja",,,Fiktionale Darstellung; Erzählende Literatur; Erzählende Literatur: Gegenwartsliteratur ab 1945,ger,ita
9783103971538; 3103971532,Mann im Mond,Deutsche Erstausgabe,Frankfurt am Main,S. Fischer,2023,202,"Bastašić, Lana",,"Zeinzinger, Rebekka",,,Anthologie; Erzählende Literatur: Anthologien; Erzählende Literatur: Gegenwartsliteratur ab 1945,ger,bos
9783518243770; 3518243772,Marjams Geschichten,Erste Auflage dieser Ausgabe,Berlin,Suhrkamp Verlag,2023,474,"Ṣubḥ, ʿAlawīya",,"Chammaa, Leila",,,Fiktionale Darstellung; Erzählende Literatur: Gegenwartsliteratur ab 1945,ger,ara
9783499013508; 3499013509,Miss Camerons Weihnachtsfest,,Hamburg,Rowohlt Taschenbuch VErlag,2023,157,"Pilcher, Rosamunde",,"Asendorf, Dorothee; Längsfeld, Margarete",,,Anthologie; Erzählende Literatur: Gegenwartsliteratur ab 1945,ger,eng
9783442772087; 3442772087,Morden mit Maud,"1. Auflage, genehmigte Taschenbuchausgabe",München,btb,2023,206,"Tursten, Helene",,"Rieck-Blankenburg, Antje",,,"Anthologie; Krimis, Thriller, Spionage; Spannung",ger,swe
9783423148412; 3423148411,Nach der Sonne,,München,dtv,2023,154,"Eika, Jonas",,"Allenstein, Ursel",,,Fiktionale Darstellung; Erzählende Literatur: Gegenwartsliteratur ab 1945,ger,dan
9783946711599; 3946711596,Nicht immer singt ein Schwan,,Babenhausen,Verlag des Instituts Drachenhaus,2023,280,"Porten, Adrian Gill",,"Michaels, Adi Mira",,,Erzählende Literatur,ger,eng
9783753916934; 3753916935,NieR: Automata - lange Geschichten,"Deutsche Ausgabe, 1. Auflage",Hamburg,Altraverse GmbH,2023,334,"Eishima, Jun; Yokoo, Tarō",,,,,Fiktionale Darstellung; Science Fiction,ger,jpn
9783753916927; 3753916927,NieR: Automata™ - kurze Geschichten,"Deutsche Ausgabe, 1. Auflage",Hamburg,Altraverse GmbH,2023,292,"Eishima, Jun; Yokoo, Tarō",,"Gstöttner, Julia",,,Anthologie; Erzählende Literatur: Anthologien,ger,jpn
9783426279175; 3426279177,Nimm meinen Schmerz,Originalausgabe,München,Droemer,2023,348,"Gordeeva, Katerina",,"Seitz, Jennie",,,Fiktionale Darstellung; Erzählende Literatur: Anthologien,ger,rus
9783518470473; 3518470477,Sämtliche Erzählungen,1. Auflage,Berlin,Suhrkamp,2023,579,"Onetti, Juan Carlos","Becker, Svenja; Dormagen, Jürgen","Becker, Svenja; Dormagen, Jürgen; Botond, Anneliese; Muster, Wilhelm; Poppenberg, Gerhard; Strien, René",,,Fiktionale Darstellung; Erzählende Literatur; Erzählende Literatur: Gegenwartsliteratur ab 1945,ger,spa
9783832182106; 3832182101,Schaurige Nächte,1. Auflage,Köln,DuMont,2023,285,"Collins, Bridget; Gowar, Imogen Hermes; Hargrave, Kiran Millwood; Hurley, Andrew Michael; Kidd, Jess; Macneal, Elizabeth; Pulley, Natasha; Purcell, Laura",,"Löcher-Lawrence, Werner",,,Anthologie; Erzählende Literatur; Erzählende Literatur: Gegenwartsliteratur ab 1945,ger,eng
9783311100454; 331110045X,Sonnenstich,1. Auflage,Zürich,Kampa,2023,155,"Hadley, Tessa",,"Hertle, Marion; Bodmer, Thomas",,,Fiktionale Darstellung; Erzählende Literatur: Gegenwartsliteratur ab 1945,ger,eng
9783832168162; 3832168168,Sprechen lernen,Erste Auflage,Köln,DuMont,2023,156,"Mantel, Hilary",,"Löcher-Lawrence, Werner",,,Anthologie; Erzählende Literatur: Anthologien; Erzählende Literatur: Gegenwartsliteratur ab 1945,ger,eng
9783150145524; 315014552X,Stadtführer Berlin,,Ditzingen,Reclam,2023,106,"Nabokov, Vladimir Vladimirovič",,"Zimmer, Dieter E.; Gerhardt, Renate",,"Müller-Schmitt, Richard",Anthologie; Erzählende Literatur: Hauptwerk vor 1945,ger,eng
9783833244124; 3833244127,Star Wars: die Hohe Republik - Geschichten von Licht und Leben,1. Auflage,Stuttgart,Panini Verlags GmbH,2023,349,,,"Toneguzzo, Tobias",,,"Anthologie; Science Fiction, Fantasy",ger,eng
9783423283212; 3423283211,Stories,2. Auflage,München,dtv,2023,303,"Williams, Joy",,"Jakobeit, Brigitte; Walz, Melanie",,,Anthologie; Erzählende Literatur: Gegenwartsliteratur ab 1945,ger,eng
9781800267794; 1800267797,The Horus Heresy,,"Nottingham, UK",Black Library,2023,890,"Wraight, Chris; McNeill, Graham; Annendale, David",,"Gehart, Sebastian; Roesner, Tobias",,,,ger,eng
9781800268937; 1800268939,The Horus Heresy,,"Nottingham, UK",Black Library,2023,1033,"Kyme, Nick","Goulding, Laurie","Knackstedt, Jan; Gerbrecht, Sabrina; Gehart, Sebastian",,,,ger,eng
9781800269255; 1800269250,The Horus Heresy,,"Nottingham, UK",Black Library,2023,888,,"Haley, Guy; Goulding, Laurie; Wraight, Chris","Knackstedt, Jan; Gehart, Sebastian; Schüpstuhl, Mark; Behrenbruch, Stefan",,,,ger,eng
9783958233614; 3958233619,Thomas Elkin Sammelband 1-3,Deutsche Erstausgabe,Eching,Cursed Verlag,2023,405,"Walker, N. R.",,"Ahrens, Susanne",,,Fiktionale Darstellung; Erzählende Literatur,ger,eng
9783103975222; 3103975228,Titan oder die Gespenster der Vergangenheit,,Frankfurt am Main,S. FISCHER,2023,299,"Lebedev, Sergej",,"Zwerg, Franziska",,,Fiktionale Darstellung; Erzählende Literatur: Gegenwartsliteratur ab 1945,ger,rus
9783966623810; 3966623811,"Tolldreiste Geschichten, Erster Band","Der Text des vorliegenden Neusatzes folgt der Ausgabe von 1908, erschienen im Piper Verlag München, sowie der revidierten Ausgabe von 1981",München,Boer Verlag,2023,436,"Balzac, Honoré de",,"Rüttenauer, Benno",,"Doré, Gustave",Erzählende Literatur: Hauptwerk vor 1945,ger,fre
9783966623827; 396662382X,"Tolldreiste Geschichten, Zweiter Band","Der Text des vorliegenden Neusatzes folgt der Ausgabe von 1908, erschienen im Piper Verlag München, sowie der revidierten Ausgabe von 1981",München,Boer Verlag,2023,420,"Balzac, Honoré de",,"Rüttenauer, Benno",,"Doré, Gustave",Erzählende Literatur: Hauptwerk vor 1945,ger,fre
9783630876641; 3630876641,"Tun, was getan werden muss",1. Auflage,München,Luchterhand,2023,286,"MacLeod, Alexander",,"Ahrens, Henning",,,Fiktionale Darstellung; Erzählende Literatur,ger,eng
9783935535472; 3935535473,Unheimlich,"Deutsche Erstausgabe, 1. Auflage",Frankfurt am Main,Literaturca Verlag,2023,263,"Gülsoy, Murat",,"Zeytinoğlu, Gülperi",,,Fiktionale Darstellung; Erzählende Literatur,ger,tur
9783835354760; 3835354760,Unter die Oberfläche,,Göttingen,Wallstein Verlag,2023,260,"Kumerdej, Mojca",,"Köstler, Erwin; Linde, Liza; Almasy, Karin; Hafner, Fabjan",,,Anthologie; Erzählende Literatur: Gegenwartsliteratur ab 1945; Erzählende Literatur,ger,slv
9783982025025; 3982025028,Volksmärchen aus Indien,,Volkach,Märchen-Stiftung Walter Kahn,2023,376,,"Ramanujan, A. K.","Janning, Jürgen",,,Anthologie,ger,eng
9783518243589; 3518243586,Vorhut,Erste Auflage dieser Ausgabe,Berlin,Suhrkamp Verlag AG,2023,230,"Haupt, Zygmunt",,"Kinsky, Esther",,"Kinsky, Esther",Fiktionale Darstellung; Erzählende Literatur,ger,pol
9783948825126; 3948825122,Wandler Weird Anthologie,"Deutsche Erstveröffentlichung, Originalausgabe",Wendorf,Wandler Verlag,2023,460,,"Schmitt, Michael","Bauche-Eppers, Eva; Körber, Joachim; Siefener, Michael",,,Anthologie; Horror,ger,eng
9783455017717; 3455017711,Weihnachten mit Agatha Christie,1. Auflage,Hamburg,Atlantik,2023,268,"Christie, Agatha",,"Eichel, Günter",,,"Anthologie; Krimis, Thriller, Spionage",ger,eng
9783868207552; 3868207554,Weihnachtsmärchen & Erzählungen,"Neue, durchgesehene Ausgabe, 1. Auflage",Hamburg,Nikol Verlag,2023,620,"Dickens, Charles",,"Kolb, Carl",,,Anthologie; Erzählende Literatur: Hauptwerk vor 1945,ger,eng
9783596708673; 3596708672,Wie wir jetzt leben,Lizenzausgabe mit freundlicher Genehmigung der Carl Hanser Verlag GmbH,Frankfurt am Main,FISCHER Taschenbuch,2023,123,"Sontag, Susan",,"Razum, Kathrin",,"Lueken, Verena",Anthologie; Erzählende Literatur: Gegenwartsliteratur ab 1945,ger,eng
9783990293942; 9783854359340; 9788871743516; 399029394X,"Wien, Paris, Saualm",,Klagenfurt,Wieser Verlag,2023,177,Prežihov Voranc,,"Strutz, Jozej",,,Fiktionale Darstellung; Erzählende Literatur,ger,slv
9783990293935; 3990293931,Wildwüchslinge,,Klagenfurt,Wieser Verlag,2023,221,Prežihov Voranc,,"Messner, Janko",,,Fiktionale Darstellung; Erzählende Literatur,ger,slv
9783518128046; 3518128043,Zekamerone,Erste Auflage,Berlin,Suhrkamp,2023,241,"Znak, Maxim",,"Weichsel, Volker; Weiler, Thomas",,,Fiktionale Darstellung; Erzählende Literatur: Gegenwartsliteratur ab 1945,ger,rus
9783945370421; 3945370426,Zwei Monde,Erste Auflage,Berlin,Guggolz Verlag,2023,249,"Kuncewiczowa, Maria",,"Loew, Peter Oliver",,"Artwińska, Anna",Fiktionale Darstellung; Erzählende Literatur,ger,pol
9783423290227; 3423290226,23 Uhr 12,Deutsche Erstausgabe,München,dtv,2022,170,"Dieudonné, Adeline",,"Malafosse, Sina de",,,Fiktionale Darstellung; Erzählende Literatur: Gegenwartsliteratur ab 1945,ger,fre
9783446269651; 3446269657,Alissa kauft ihren Tod,1. Auflage,München,Hanser,2022,301,"Ulickaja, Ljudmila Evgenʹevna",,"Braungardt, Ganna-Maria",,,Anthologie; Erzählende Literatur: Gegenwartsliteratur ab 1945,ger,rus
9783962020996; 3962020993,An den Regen,2. Auflage,Bremen,Sujet Verlag,2022,210,"Wafī, Farībā",,"Himmelreich, Jutta",,,Anthologie; Erzählende Literatur: Gegenwartsliteratur ab 1945,ger,per
9783039250233; 303925023X,"Anderswo, daheim",Erste Auflage,Basel,Lenos Verlag,2022,238,"Aboulela, Leila",,"Wehrli, Irma",,,Fiktionale Darstellung; Erzählende Literatur: Gegenwartsliteratur ab 1945,ger,eng
9783499006494; 3499006499,Ankommen,,Hamburg,Rowohlt Taschenbuch Verlag,2022,345,"Pilcher, Rosamunde",,"Thiesmeyer, Ulrike",,,Anthologie; Erzählende Literatur: Gegenwartsliteratur ab 1945,ger,eng
9783035805246; 3035805245,Asylstück und andere Geschichten,1. Auflage,Zürich,Diaphanes,2022,157,"Kavan, Anna",,"Schleif, Helma",,,Fiktionale Darstellung; Erzählende Literatur: Gegenwartsliteratur ab 1945,ger,eng
9783959781022; 3959781024,Aus Traum und Tränen - sechs Dichterinnen aus Spanien,,Kassel, Jenior,2022,429,"Atencia, María Victoria; Luque, Aurora; Salas, Ada; Castaño, Yolanda; Ramón, Esther; Sánchez, María","Gómez-Montero, Javier",,,"Gómez-Montero, Javier",Anthologie; Lyrik,ger; spa,spa
9783462001709; 3462001701,Bretonisches Lied,1. Auflage,Köln,Kiepenheuer & Witsch,2022,185,"Le Clézio, J. M. G.",,"Wittmann, Uli",,,Fiktionale Darstellung; Erzählende Literatur,ger,fre
9783747203507; 3747203507,Church Ladies,"Deutsche Originalausgabe, 1. Auflage",Cadolzburg,ars vivendi,2022,195,"Philyaw, Deesha",,"Lohmann, Hans-Martin; Roth, Sabine",,,Fiktionale Darstellung; Erzählende Literatur: Gegenwartsliteratur ab 1945,ger,eng
9781800260498; 1800260490,Das dunkle Imperium,,Nottingham,Black Library,2022,823,"Haley, Guy",,"Friemann-Kleinow, David; Pigulla, Alexander; Hausmayer, Birgit",,,Fiktionale Darstellung; Science Fiction,ger,eng
9783423263191; 3423263199,Das Erbe des Weißen Wolfs,Deutsche Erstausgabe,München,dtv,2022,412,,"Górska, Danuta; Zwierzchowski, Marcin","Simon, Erik",,,Fiktionale Darstellung; Fantasy,ger,pol
9783803128539; 3803128536,Das heimliche Spiel und andere Erzählungen,,Berlin,Verlag Klaus Wagenbach,2022,301,"Morante, Elsa",,"Hurni-Maehler, Susanne; Pflug, Maja",,,Fiktionale Darstellung; Erzählende Literatur,ger,ita
9783038201113; 3038201111,Das Leben ist kein Abgrund,,Zürich,Dörlemann,2022,330,"Stafford, Jean",,"Dormagen, Adelheid; Dormagen, Jürgen",,"Dormagen, Jürgen",Fiktionale Darstellung; Erzählende Literatur,ger,eng
9783865328076; 3865328075,Das Monster und andere Geschichten,,Bielefeld,Pendragon,2022,267,"Crane, Stephen","Butkus, Günther","Deprijck, Lucien",,,Fiktionale Darstellung; Erzählende Literatur: Hauptwerk vor 1945,ger,eng
9783453322035; 3453322037,Das Protomolekül,Deutsche Erstausgabe,München,Wilhelm Heyne Verlag,2022,494,"Corey, James S. A.",,"Häußler, Marcel",,,Fiktionale Darstellung; Science Fiction,ger,eng
9783753000671; 3753000671,Das Unerwartete,1. Auflage,Hamburg,Ecco,2022,381,"Oates, Joyce Carol",,"Morawetz, Silvia",,,Fiktionale Darstellung; Erzählende Literatur: Gegenwartsliteratur ab 1945,ger,eng
9783956195075,Das Zeichen der Vier,Genehmigte Sonderausgabe,Stuttgart,Reader's Digest,2022,415,"Doyle, Arthur Conan",,"Ahrens, Henning; Gliener, Adolf; Jacobi, Margarete; Lautenbach, Rudolf; Ottmann, Louis","Doyle, Arthur Conan; Doyle, Arthur Conan; Doyle, Arthur Conan",,"Fiktionale Darstellung; Krimis, Thriller, Spionage",ger,eng
9783596706150; 3596706157,Der Friedhof der vergessenen Bücher,,Frankfurt am Main,FISCHER Taschenbuch,2022,224,"Ruiz Zafón, Carlos",,"Grüneisen, Lisa; Schwaar, Peter",,,Anthologie; Erzählende Literatur: Anthologien; Erzählende Literatur: Gegenwartsliteratur ab 1945,ger,spa
9783906311982; 3906311988,Der gefrorene Zulu im Diemtigtal und andere Geschichten,1. Auflage,Olten,Knapp,2022,166,"Jaccoud, Antoine",,,,,Fiktionale Darstellung; Erzählende Literatur,ger,fre
9783943117196; 3943117197,Der Kuchen,1. Auflage,Saarbrücken,Calambac Verlag,2022,131,"Maupassant, Guy de","Moreno Sobrino, Elena","Oppeln-Bronikowski, Friedrich von",,"Schmor, Olag",Anthologie; Erzählende Literatur,fre; ger,fre
9783832181765; 3832181768,"Der längste, strahlendste Tag",Erste Auflage,Köln,DuMont,2022,267,"Myers, Benjamin",,"Wasel, Ulrike; Timmermann, Klaus",,,Fiktionale Darstellung; Erzählende Literatur: Gegenwartsliteratur ab 1945,ger,eng
9783608987003; 3608987002,Der Untergang von Númenor und andere Geschichten aus dem Zweiten Zeitalter von Mittelerde,,Stuttgart,Klett-Cotta,2022,430,"Tolkien, J. R. R.","Sibley, Brian; Tolkien, Christopher","Pesch, Helmut W.",,"Lee, Alan",Fiktionale Darstellung; Fantasy,ger,eng
9783730610992; 3730610996,Die besten Geschichten,,München,Anaconda,2022,190,"Henry, O.",,"Berlina, Alexandra",,,Fiktionale Darstellung; Erzählende Literatur: Hauptwerk vor 1945,ger,eng
9798438168850,Die graue Katze und andere unheilvolle Geschichten,,Erscheinungsort nicht ermittelbar,Detlef Eberwein,2022,127,"Pain, Barry","Eberwein, Detlef",,,,Fiktionale Darstellung; Erzählende Literatur,ger,eng
9783957260727; 3957260728,Die Liebe zum Fahrrad,1. Taschenbuchausgabe,Bielefeld,Covadonga,2022,181,"Fournel, Paul",,"Mälzer, Nathalie; Rodecurt, Stefan",,,Fiktionale Darstellung; Erzählende Literatur: Gegenwartsliteratur ab 1945,ger,fre
9783492318792; 3492318797,Die perfekte Freundin,1.. Auflage,München,Piper,2022,160,"Shriver, Lionel",,"Richter-Nilsson, Christine",,,Erzählende Literatur: Gegenwartsliteratur ab 1945,ger,eng
9783462053708; 3462053701,Die rote Pyramide,1. Auflage,Köln,Kiepenheuer & Witsch,2022,190,"Sorokin, Vladimir",,"Tretner, Andreas; Trottenberg, Dorothea",,,Fiktionale Darstellung; Erzählende Literatur,ger,rus
9781781935569; 1781935564,Die Söhne des Imperators,,"Nottingham, UK",Black Library,2022,280,,,"Hausmayer, Birgit; Jensen, Bent",,,Fiktionale Darstellung; Science Fiction,ger,eng
9783903124202; 3903124206,Ein Dichter bei Nacht,1. Auflage,Wien,Ketos,2022,221,"Nezval, Vítězslav; Čapek, Karel; Apollinaire, Guillaume","Cikán, Ondřej","Cikán, Ondřej",,,Anthologie; Gemischte Anthologien,cze; fre; ger,cze; fre
9783499010835; 3499010836,Ein ganzes Herz voll Weihnachten,Originalausgabe,Hamburg,Rowohlt Taschenbuch Verlag,2022,346,"Bartels, Inken; Caplin, Julie; Eder, Rebekka; Inusa, Manuela; Gabriel, Micaela A.; Georg, Miriam; Helland, Liv; Herzog, Katharina; Lüpkes, Sandra; Mohn, Kira; Moninger, Kristina; Moran, Kelly; Thorn, Ines; Wolf, Lena","Daume, Lea",,,,Anthologie; Erzählende Literatur: Anthologien,ger,eng
9783835350564; 3835350560,"Ein kleines Menschlein, ein stummes Vögelchen, ein Käfig und die Welt",,Göttingen,Wallstein Verlag,2022,190,"Wojdowski, Bogdan",,"Wolff, Karin; Quinkenstein, Lothar",,,Anthologie; Erzählende Literatur: Gegenwartsliteratur ab 1945,ger,pol
9783959781039; 3959781032,El abrazo del ser más simple,,Kassel,Jenior,2022,221,"González Iglesias, Juan Antonio",,"Otto, André",,,Anthologie; Lyrik,ger; spa,spa
9783548291321,Endstation Leichenschauhaus,"Neuausgabe im Ullstein Taschenbuch, 1. Auflage",Berlin,Ullstein,2022,491,"Ellroy, James",,"Tree, Stephen",,,"Fiktionale Darstellung; Krimis, Thriller, Spionage",ger,eng
9783442772148; 3442772141,Erste Person Singular,"1. Auflage, genehmigte Taschenbuchausgabe",München,btb,2022,216,"Murakami, Haruki",,"Gräfe, Ursula",,,Fiktionale Darstellung; Erzählende Literatur: Gegenwartsliteratur ab 1945,ger,jpn
9783442771684; 3442771684,"Es ist, wie's ist","1. Auflage, genehmigte Taschenbuchausgabe",München,btb,2022,169,"Davis, Lydia",,"Hoffer, Klaus",,,Fiktionale Darstellung; Erzählende Literatur: Gegenwartsliteratur ab 1945,ger,eng
9783960894988; 3960894988,Frankie - unvergesslich,1. Auflage,Mettingen,dead soft verlag,2022,336,"Stevens, Felice",,"Knybel, Elena",,,Fiktionale Darstellung; Erzählende Literatur: Gegenwartsliteratur ab 1945,ger,eng
9783257071825; 3257071825,Frühlingsgefühle,,Zürich,Diogenes,2022,268,"Čechov, Anton Pavlovič","Stemmermann, Christine","Urban, Peter",,,Fiktionale Darstellung; Erzählende Literatur: Hauptwerk vor 1945; Erzählende Literatur: Anthologien,ger,rus
9783446272774; 3446272771,Gekrümmte Zeit in Krems,1. Auflage,München,Hanser,2022,93,"Magris, Claudio",,"Leube, Anna",,,Anthologie; Erzählende Literatur: Gegenwartsliteratur ab 1945,ger,ita
9783453274143; 3453274148,Geschichten aus der Heimat,Deutsche Erstausgabe,München,Heyne,2022,445,"Gluchovskij, Dmitrij Alekseevič",,"Pöhlmann, Christiane; Drevs, David; Zwerg, Franziska",,,Anthologie; Erzählende Literatur: Anthologien,ger,rus
9783863371944; 3863371941,Geschichten der übelsten Sorte,,Berlin,Weissbooks,2022,282,"Lutz, Garielle",,"Fricker, Christophe",,,Fiktionale Darstellung; Erzählende Literatur: Gegenwartsliteratur ab 1945,ger,eng
9783865327857; 3865327850,Geschichten eines New Yorker Künstlers,,Bielefeld,Pendragon,2022,286,"Crane, Stephen",,"Jacober, Norbert",,,Fiktionale Darstellung; Erzählende Literatur: Hauptwerk vor 1945,ger,eng
9783755300366; 3755300362,Geschichten zu Weihnachten,,Königswinter,Petersberg,2022,255,"Lagerlöf, Selma",,"Franzos, Marie",,,Fiktionale Darstellung; Erzählende Literatur: Hauptwerk vor 1945,ger,swe
9783963115721; 3963115726,Gjak,1. Auflage,Halle (Saale),Mitteldeutscher Verlag,2022,127,"Papamarkos, Dēmosthenēs",,"Gravert, Angelika; Tsingas, Thanassis",,,Fiktionale Darstellung; Erzählende Literatur,ger,gre
9783462003604; 3462003607,Grand Union,1. Auflage,Köln,Kiepenheuer & Witsch,2022,271,"Smith, Zadie",,"Handels, Tanja",,,Fiktionale Darstellung; Erzählende Literatur,ger,eng
9783969991107; 3969991102,Heimweh,Erste Auflage,Göttingen,Steidl,2022,231,"Barrett, Colin",,"Oeser, Hans-Christian",,,Fiktionale Darstellung; Erzählende Literatur,ger,eng
9783946114840,Helden auf Straßen und Plätzen,,Gossenberg,OSTASIEN Verlag,2022,330,"Feng, Jicai",,"Bode, Kathrin",,,Anthologie; Erzählende Literatur: Anthologien,ger,chi
9783406791017; 3406791018,Hotel Seattle,,München,Verlag C.H. Beck oHG,2022,249,"King, Lily",,"Hesse, Hanna",,,Anthologie; Erzählende Literatur,ger,eng
9783961611317; 3961611319,In all deinen Farben,,München,Eisele,2022,319,"Babalola, Bolu",,"Sturm, Ursula C.",,,Fiktionale Darstellung; Erzählende Literatur: Gegenwartsliteratur ab 1945,ger,eng
9783966750530; 3966750538,In Evaristos Apotheke,Erste Auflage,Köln,Kupido,2022,127,"Pessoa, Fernando",,,"Pessoa, Fernando; Pessoa, Fernando",,Fiktionale Darstellung; Erzählende Literatur: Hauptwerk vor 1945,ger; por,por
9783423148306; 3423148306,Irische Passagiere,Lizenzausgabe,München,dtv,2022,285,"Ford, Richard",,"Heibert, Frank",,,Fiktionale Darstellung; Erzählende Literatur: Gegenwartsliteratur ab 1945,ger,eng
9783424632224; 3424632228,Jeder Tag ist ein Geschenk,"1. Auflage, deutsche Erstausgabe",München,Kailash,2022,352,"Xenakēs, Stephanos",,"Lötscher, Susanne",,,Anthologie; Erzählende Literatur: Anthologien,ger,gre
9783935330480; 3935330480,Jenseits des Vergänglichen,Deutsche Ausgabe,Görlitz,Senfkorn,2022,269,"Fedorowicz, Krzysztof",,"Njemz, Hans Gregor",,,Fiktionale Darstellung; Erzählende Literatur: Gegenwartsliteratur ab 1945,ger,pol
9783962691424; 3962691421,Keltische Märchen,Genehmigte Lizenzausgabe,Hamburg,Impian GmbH,2022,1754,,,"Magin, Ulrich",,"Forrester, Kate",Anthologie,ger,eng
9783518472538; 3518472534,Mein Mann,Erste Auflage,Berlin,Suhrkamp,2022,168,"Bužarovska, Rumena",,"Langer, Benjamin",,,Fiktionale Darstellung; Erzählende Literatur: Gegenwartsliteratur ab 1945,ger,mac
9783552073050; 3552073051,Melancolia,1. Auflage,Wien,Paul Zsolnay Verlag,2022,272,"Cărtărescu, Mircea",,"Wichner, Ernest",,,Fiktionale Darstellung; Erzählende Literatur: Gegenwartsliteratur ab 1945,ger,rom
9783866602847; 3866602847,Möge die Nacht nicht enden,1. Auflage,Leipzig,Leipziger Literaturverlag,2022,155,"Polonskaja, Anželina",,"Ahrndt, Erich",,,Fiktionale Darstellung; Erzählende Literatur: Gegenwartsliteratur ab 1945,ger,rus
9783596188123; 3596188121,Mörderische Huren,Lizenzausgabe,Frankfurt am Main,FISCHER Taschenbuch,2022,220,"Bolaño, Roberto",,"Hansen, Christian",,,Anthologie; Erzählende Literatur: Gegenwartsliteratur ab 1945,ger,spa
9783546100205; 3546100204,Objekte des Begehrens,,Berlin,claassen,2022,239,"Sestanovich, Clare",,"Voit, Claudia",,,Fiktionale Darstellung; Erzählende Literatur: Gegenwartsliteratur ab 1945,ger,eng
9783982225296; 3982225299,Papierschiffchen in der Wüste,,Karlsruhe,Edition Converso,2022,143,"Çelik, Ayşegül",,"Adatepe, Sabine",,"Weidner, Stefan",Fiktionale Darstellung; Erzählende Literatur: Gegenwartsliteratur ab 1945,ger,tur
9783455013641; 3455013643,Parker Pyne ermittelt,1. Auflage,Hamburg,Atlantik,2022,234,"Christie, Agatha",,"Aubron-Bülles, Marcel",,,"Fiktionale Darstellung; Krimis, Thriller, Spionage",ger,eng
9783895815904; 389581590X,Pläsier,,Berlin,Alexander Verlag Berlin,2022,148,"Maupassant, Guy de","Edl, Elisabeth","Edl, Elisabeth",,,Fiktionale Darstellung; Erzählende Literatur: Hauptwerk vor 1945; Erzählende Literatur,ger,fre
9783940928214,Priester und Detektiv,,Bickenbach,Scratch Verlag,2022,246,"Chesterton, G. K.",,"Brandner, Sebastian",,,"Fiktionale Darstellung; Krimis, Thriller, Spionage; Historische Kriminalromane",ger,eng
9783293209282; 3293209289,Schiffsfieber,,Zürich,Unionsverlag,2022,309,"Barrett, Andrea",,"Nölle, Karen",,,Anthologie; Erzählende Literatur: Anthologien,ger,eng
9783755600060; 3755600064,Schnee im Mai,1. Auflage,Haar,Nagel & Kimche,2022,301,"Melnik, Kseniya",,"Reese, Hella",,,Anthologie; Erzählende Literatur: Gegenwartsliteratur ab 1945,ger,eng
9783875128567; 3875128567,Science-Fiction aus China,2. überarbeitete Auflage,Augsburg,Maro,2022,160,"Chen, Qiufan; Chi, Hui; Jiang, Bo; Wang, Regina Kanyu; Xia, Jia; Liu, Ken; Engst, Anja; Dorsch, Julia; Kümmel, Anja; Nuss, Rudi; Böhm, Philipp","Dubro, Lukas; Meyer zu Venne, Felix; Dubro, Lukas; Schneider-Vielsäcker, Frederike; Xinmeng Xia, Xinmeng","Meyer zu Venne, Felix; Shen, Chong; Chen, Mengge",,"Wenker, Marius; Hyon, Ezequiel; Schramke, Claudia; Köster, Christoph; Rudek, Isabel; Janjira Meyer, Christine; Emir, Bilge; Weber, Judith",Anthologie; Erzählende Literatur,ger,chi
9783945237533; 394523753X,Sich selber sehen möchte die Welt,,Münster,Kleinheinrich,2022,375,"Christensen, Inger; Jenssen, Olav Christopher","Liedtke, Klaus-Jürgen","Liedtke, Klaus-Jürgen; Grössel, Hanns",,,Anthologie; Gemischte Anthologien,ger,dan
9783328602644; 332860264X,So etwas wie Glück,1. Auflage,München,Penguin Verlag,2022,251,"Burnside, John",,"Robben, Bernhard",,,Anthologie; Erzählende Literatur: Anthologien,ger,eng
9783935597616; 3935597614,Solche wie Sie,Erste Auflage,Berlin,Dağyeli,2022,94,"Ergün, Sine",,"Yapıcı, Sebile",,,Fiktionale Darstellung; Erzählende Literatur: Gegenwartsliteratur ab 1945,ger,tur
9783737412001; 3737412006,Spanische Erzählungen,,Wiesbaden,S. Marix Verlag  ,2022,221,,"Lupette, Léonce W.","Lupette, Léonce W.",,,Anthologie; Erzählende Literatur: Anthologien,ger,spa
9783833242564; 3833242566,Star Wars - Geschichten von Jedi und Sith,1. Auflage,Stuttgart,Panini Books,2022,250,"Dawson, Delilah; Kogge, Michael; Segura, Alex","Heddle, Jennifer","Winter, Marc",,,"Fiktionale Darstellung; Science Fiction, Fantasy",ger,eng
9781800268319; 1800268319,The Horus Heresy,,"Nottingham, UK",Black Library,2022,937,"Dembski-Bowden, Aaron; McNeill, Graham",,"Knackstedt, Jan; Behrenbruch, Stefan",,,,ger,eng
9781800261112; 180026111X,The Horus Heresy,,"Nottingham, UK",Black Library,2022,810,"Kyme, Nick; Abnett, Dan","Goulding, Laurie","Gehart, Sebastian; Knackstedt, Jan; Roesner, Tobias",,,,ger,eng
9783499009389; 3499009382,The stories we write,Deutsche Erstausgabe,Hamburg,Kyss by Rowohlt Polaris,2022,493,"Dade, Olivia",,"Gerstner, Ulrike",,,Fiktionale Darstellung; Erzählende Literatur: Gegenwartsliteratur ab 1945,ger,eng
9783848500833; 3848500833,Tiny love stories,,Germering,Groh,2022,207,,"Jones, Daniel","Bernhardt, Christiane",,,Anthologie; Geschenkbücher,ger,eng
9783948825096; 3948825092,Uraltes Holz und andere Geschichten,Deutsche Erstausgabe,Wendorf,Wandler Verlag,2022,160,"Gavin, Richard",,"Siefener, Michael",,,Fiktionale Darstellung; Erzählende Literatur,ger,eng
9783442770311; 3442770319,Versteckte Wunder,"1. Auflage, deutsche Erstausgabe",München,btb,2022,184,"Kwast, Ernest van der",,"Ecke, Andreas",,,Fiktionale Darstellung; Erzählende Literatur,ger,dut
9783959780360; 3959780362,Voces da terra - seis poetas Galegas,,Kassel,Jenior,2022,389,"Pozo Garza, Luz; Pato, Chus; Pallarés, Pilar; Novo, Olga; Cebreiro, María do; Tembrás, Dores","Gómez-Montero, Javier",,,,Anthologie; Lyrik,ger; glg,glg
9783949262180; 3949262180,Von Hasen und anderen Europäern,,Berlin,edition.fotoTAPETA,2022,255,"Maljarčuk, Tanja",,"Dathe, Claudia",,,Fiktionale Darstellung; Erzählende Literatur,ger,ukr
9783311150466; 3311150465,Wanderlust,,Zürich,Kampa,2022,221,,"Sidney, Aleksia",,,,Anthologie; Gemischte Anthologien,ger,eng; ger
9783950531022; 3950531025,Warten auf Mose und andere Erzählungen,1. Auflage 2022,Wien,SONATA,2022,510,,"Wang, Jing",,,,Erzählende Literatur,ger,chi
9783949554056; 394955405X,"Was mittwochs war, und freitags",Erste Auflage,Leipzig,Akono,2022,203,"Tadjo, Véronique; Baingana, Doreen; Kan, Toni; Gabonewe, Tuelo; Yiga, Eugene; Arac de Nyeko, Monica; Lever, Carla; Vladislavić, Ivan; Barya, Mildred Kiconco; Watson, Mary; Mbao, Wamuwi; Maximus, Howard M.-B.; Acan, Innocent Immaculate; Rachel, Zadok; Smith, Alex","Krützfeld, Jona Elisa; Brückner, Thomas","Brückner, Thomas",,"Emelife, Jennifer Chinenye; Wicomb, Zoë; Ilo, Innocent Chizaram",Anthologie; Erzählende Literatur: Anthologien,ger,eng
9783867302326; 3867302324,"Wie man lebt, so stirbt man",,,,2022,55,"Zola, Émile",,"Noch, Curt",,"Gereke, Vera",Fiktionale Darstellung; Erzählende Literatur: Hauptwerk vor 1945,ger,fre
9783903284197; 390328419X; 9789617165258,Winzige Anomalien,Erstausgabe,Ljubljana,LUD Literatura,2022,222,,,,,,Anthologie; Erzählende Literatur: Anthologien; Erzählende Literatur: Gegenwartsliteratur ab 1945,slv; ger,slv
9783961600762; 3961600767,Wunschtraum in den Wellen,Erste Auflage,Berlin,Elfenbein,2022,251,"Papadiamantēs, Alexandros",,"Schellinger, Andrea",,"Schellinger, Andrea",Fiktionale Darstellung; Erzählende Literatur: Hauptwerk vor 1945,ger,gre
9783328602330; 332860233X,Zwei Schwalben in Paris und andere fabelhafte Geschichten,1. Auflage,München,Penguin Verlag,2022,202,"Lelord, François",,"Pannowitsch, Ralf",,,Anthologie; Erzählende Literatur,ger,fre
9783862055593; 3862055590,Zwischen Himmel und Meer,,München,Iudicium,2022,545,,"Diefenbach, Thilo",,,,Erzählende Literatur: Anthologien,chi; ger,chi
9783442771462; 3442771463,Alter schützt vor Morden nicht,"1. Auflage, genehmigte Taschenbuchausgabe",München,btb,2021,138,"Tursten, Helene",,"Rüegger, Charlotta; Wolandt, Holger",,,Anthologie; Spannung,ger,swe
9783446267879; 3446267875,Always Happy Hour,1. Auflage,München,Hanser Berlin,2021,189,"Miller, Mary",,"Jacobs, Stefanie",,,Fiktionale Darstellung; Erzählende Literatur: Gegenwartsliteratur ab 1945,ger,eng
9783311100669; 3311100662,Am Grunde des Flusses,1. Auflage,Zürich,Kampa Verlag,2021,144,"Kincaid, Jamaica",,"Kirsch, Sarah",,,Erzählende Literatur: Gegenwartsliteratur ab 1945,ger,eng
9783805200882; 3805200889,Ankommen,Deutsche Erstausgabe,Hamburg,Wunderlich,2021,345,"Pilcher, Rosamunde",,"Thiesmeyer, Ulrike",,,Anthologie; Erzählende Literatur: Gegenwartsliteratur ab 1945,ger,eng
9783946142850; 3946142850,Anthologie,,Berlin,Edition Romiosini,2021,201,"Chronopulu, Elisabet; Efstathiadis, Giannis; Phōskolu, Ursula; Oikonomu, Chrēstos; Kougioumtzi, Maria; Kousathanas, Panagiotis; Kyriakopoulos, Giorgos; Kythreotis, Christos; Maurudēs, Kōstas; Mitsou, Andreas; Palavos, Giannis; Papamoschos, Ilias A.; Sōtēropulu, Ersē",,"Hildebrand, Birgit; Klemm, Ulf–Dieter; Prinzinger, Michaela; Palantza, Elena",,,Anthologie; Erzählende Literatur: Anthologien; Erzählende Literatur,ger,gre
9783946142874; 3946142877,Anthologie,1. Auflage,Berlin,Edition Romiosini,2021,202,"Chronopulu, Elisabet; Efstathiadis, Giannis; Phōskolu, Ursula; Oikonomu, Chrēstos; Kougioumtzi, Maria; Kousathanas, Panagiotis; Kyriakopoulos, Giorgos; Kythreotis, Christos; Maurudēs, Kōstas; Mitsou, Andreas; Palavos, Giannis; Papamoschos, Ilias A.; Sotiropoulos, Ersi","Ministerium für Kultur, Republik Griechenland","Klemm, Ulf–Dieter; Hildebrand, Birgit; Prinzinger, Michaela; Palantza, Elena",,,Erzählende Literatur: Gegenwartsliteratur ab 1945; Erzählende Literatur,ger,gre
9783962020750; 3962020756,Anton der Taubenzüchter und andere Geschichten vom Holocaust,1. Auflage,Bremen,Sujet Verlag,2021,291,"Gotfryd, Bernard",,"Lehmann, Michael",,,Anthologie; Erzählende Literatur,ger,eng
9783947132171; 3947132174,Astrale Begegnungen,1. Auflage,Hennef,Starkmuth Publishing,2021,199,"Buhlman, William; Buhlman, Susan",,"Starkmuth, Jörg",,,Fiktionale Darstellung; Erzählende Literatur: Gegenwartsliteratur ab 1945,ger,eng
9783967690613; 396769061X,Ausgewählte Erzählungen,,Hamburg,Buske,2021,213,"Dumbaje, Nodar","Wittek, Lia","Wittek, Lia",,,Anthologie; Erzählende Literatur: Anthologien,geo; ger,geo
9783896676986; 3896676989,Bei Anbruch der Nacht,"Neuausgabe, 1. Auflage",München,Blessing,2021,240,"Ishiguro, Kazuo",,"Schaden, Barbara",,,Fiktionale Darstellung; Erzählende Literatur,ger,eng
9783749902873; 3749902879,Broken,"1. Auflage, ungekürzte Ausgabe",Hamburg,HarperCollins,2021,510,"Winslow, Don",,"Wasel, Ulrike; Timmermann, Klaus; Stefanidis, Joannis; Friedrich, Peter; Fricke, Kerstin",,,"Fiktionale Darstellung; Krimis, Thriller, Spionage",ger,eng
9783955102425; 3955102424,Cardiff am Meer,Erste Auflage,Hamburg,Osburg Verlag,2021,421,"Oates, Joyce Carol",,"Schlüchtermann, Ilka",,,Anthologie; Erzählende Literatur: Gegenwartsliteratur ab 1945; Spannung,ger,eng
9783035804164; 3035804168,Dangeresque,1. Auflage,Zürich,DIAPHANES,2021,116,"Williams, Diane",,"Schulz, Sabine",,,Erzählende Literatur: Gegenwartsliteratur ab 1945,ger,eng
9783968490014; 3968490010,Das Ende der Bücher,,Berlin,Favoritenpresse,2021,48,"Uzanne, Octave",,"Seibert, Marcus",,"von Reiswitz, Steph",Fiktionale Darstellung; Erzählende Literatur: Hauptwerk vor 1945,ger,fre
9783958299795; 3958299792,Das Ende der Eifersucht,Erste Auflage,Göttingen,Steidl Verlag,2021,110,"Proust, Marcel",,"Weiß, Ernst",,,Anthologie; Erzählende Literatur,ger,fre
9783424632187; 342463218X,Das Geschenk,"1. Auflage, deutsche Erstausgabe",München,Kailash,2021,330,"Xenakēs, Stephanos",,"Lötscher, Susanne",,,Anthologie; Erzählende Literatur: Anthologien,ger,gre
9783965214392; 396521439X,Das Gespenst in der Ingenieurburg,,Pinnow,Edition digital,2021,152,,"Möckel, Aljonna","Möckel, Aljonna",,,"Anthologie; Erzählende Literatur: Anthologien; Science Fiction, Fantasy",ger,rus
9783863563493; 3863563492,Das Herz,1. Auflage,Ludwigsburg,Pop Verlag Literatur,2021,237,"Lort̕k̕ip̕anije, Niko","Barbak̕aje, Dat̕o; Breuer, Theo; Pop, Traian","Lisowski, Maja",,,Anthologie; Erzählende Literatur: Hauptwerk vor 1945,ger,geo
9783963114991; 3963114991,Das Mädchen von nebenan und andere Erzählungen,Deutsche Erstausgabe,Halle (Saale),Mitteldeutscher Verlag,2021,196,"Levine, Norman",,"Löschner, Thomas",,,Fiktionale Darstellung; Erzählende Literatur: Gegenwartsliteratur ab 1945,ger,eng
9783935597951; 3935597959,Das stürmische Mädchen und andere Erzählungen,1. Auflage,Berlin,Dağyeli,2021,127,"Erşan, Lider",,"Dağyeli-Bohne, Helga",,,Fiktionale Darstellung; Erzählende Literatur: Gegenwartsliteratur ab 1945,ger,tur
9783868206418; 3868206418,Der berühmte Springfrosch von Calaveras und weitere Erzählungen,"Genehmigte Lizenzausgabe für Nikol Verlagsgesellschaft mbH & Co. KG, Hamburg",Hamburg,Nikol Verlag,2021,176,"Twain, Mark",,"Brock, Ana Maria; Wiemken, Helmut; Wiemken, Christel",,,Anthologie; Erzählende Literatur: Anthologien,ger,eng
9783863563301; 3863563301,Der edle Ritter unseres Landes,1. Auflage,Ludwigsburg,Pop Verlag Literatur,2021,229,"Ninošvili, Egnate","Pop, Traian; Rothfuss, Uli","Lisowski, Maja",,"Barbak̕aje, Dat̕o; Cip̕uria, Bela",Anthologie; Erzählende Literatur: Hauptwerk vor 1945,ger,geo
9783948156299; 3948156298,Der Feigenbaum,,Berlin,KLAK,2021,255,,"Odišaria, Guram","Muskhelishvili, Tamar; Wolters, Katja; Köhler, Olga",,,Anthologie; Erzählende Literatur: Anthologien,ger,geo; abk
9783518243077; 3518243071,Der Fluß und das Boot,Erste Auflage,Berlin,Suhrkamp Verlag,2021,154,"Rodoreda, Mercè",,"Maass, Angelika",,"Maass, Angelika",Anthologie; Erzählende Literatur: Anthologien,ger,cat
9783103970937; 3103970935,Der Friedhof der vergessenen Bücher,Deutsche Erstausgabe,Frankfurt am Main,S. FISCHER,2021,224,"Ruiz Zafón, Carlos",,"Grüneisen, Lisa",,,Fiktionale Darstellung; Erzählende Literatur: Gegenwartsliteratur ab 1945,ger,spa
9783518429723; 3518429728,Der geheimnisvolle Briefschreiber,Erste Auflage,Berlin,Suhrkamp Verlag,2021,174,"Proust, Marcel","Fraisse, Luc","Schwibs, Bernd",,,Fiktionale Darstellung; Erzählende Literatur: Hauptwerk vor 1945; Erzählende Literatur,ger,fre
9783423219587; 3423219580,Der Geist in der British Library und andere Geschichten aus dem Folly,Deutsche Erstausgabe,München,dtv,2021,220,"Aaronovitch, Ben",,"Blum, Christine",,,Anthologie; Erzählende Literatur: Anthologien,ger,eng
9783961600250; 3961600252,Der große Pan und andere Erzählungen,Erste Auflage,Berlin,Elfenbein,2021,174,"Machen, Arthur",,"Kalka, Joachim",,"Kalka, Joachim",Fiktionale Darstellung; Erzählende Literatur: Hauptwerk vor 1945,ger,eng
9783935535403,Der Mann des Tages,Deutsche Erstausgabe 1. Auflage,Frankfurt am Main,Literaturca Verlag,2021,249,"Taner, Haldun",,"Bartsch, Patrick",,,Anthologie; Gemischte Anthologien,ger,tur
9783903182714; 3903182710,Der Nagel an der Wand,,Heidelberg,hochroth,2021,38,"Ortega, Jesús",,"Ebmeyer, Michael",,,Fiktionale Darstellung; Erzählende Literatur,ger,spa
9783924983666; 3924983666,Der Passagier des Winters,,Scheßlitz,Edition Hübscher,2021,98,"Noval, Pablo L.T.",,"Frentiu, Pascal",,,Anthologie; Zweisprachige Ausgaben,ger,spa
9783455010831; 3455010830,Der seltsame Mr Quin,1. Auflage,Hamburg,Atlantik,2021,330,"Christie, Agatha",,"Eichel, Günter",,,"Fiktionale Darstellung; Krimis, Thriller, Spionage",ger,eng
9783866486645; 3866486642,Der Wanderer auf dem Eis,1. Auflage,Hamburg,mare,2021,256,"Kilpi, Volter","Moster, Stefan","Moster, Stefan",,,Anthologie; Erzählende Literatur: Anthologien,ger,fin
9783730610411; 3730610414,Die besten Geschichten,,Köln,Anaconda,2021,192,"Woolf, Virginia",,"Kröning, Christel",,,Fiktionale Darstellung; Erzählende Literatur: Hauptwerk vor 1945,ger,eng
9783150206522; 3150206529,Die besten Pater-Brown-Geschichten,,Ditzingen,Reclam,2021,317,"Chesterton, G. K.","Kuhn-Werner, Stefanie","Kuhn-Werner, Stefanie",,,"Anthologie; Krimis, Thriller, Spionage",ger,eng
9781781935224; 178193522X,Die Chronik des Uriel Ventris,,Nottingham,Black Library,2021,829,"McNeill, Graham",,,,,,ger,eng
9781781935484; 1781935483,Die Chronik des Uriel Ventris,,Nottingham,Black Library,2021,859,"McNeill, Graham",,,,,,ger,eng
9783717524809; 3717524801,Die Erzählungen des Folio Club,,München,Manesse Verlag ,2021,305,"Poe, Edgar Allan","Bunz, Rainer",,,,Fiktionale Darstellung; Erzählende Literatur,ger,eng
9783861509806,Die Erziehung der Gefühle,,Leipzig,Haffmans Verlag bei Zweitausendeins,2021,543,"Flaubert, Gustave",,"Hasting, Cornelia",,,Fiktionale Darstellung; Erzählende Literatur: Hauptwerk vor 1945,ger,fre
9783827014467; 3827014468,Die Kunst des Kochens und Auftragens,,Berlin,Berlin Verlag,2021,351,"Atwood, Margaret",,,,,Fiktionale Darstellung; Erzählende Literatur,ger,eng
9783859904125; 3859904124,Die stachelige Schönheit der Welt,,Zürich,edition 8,2021,240,"González, Tomás",,"Schultze-Kraft, Peter",,,Fiktionale Darstellung; Erzählende Literatur: Gegenwartsliteratur ab 1945,ger,spa
9783868206401; 386820640X,Die Tagebücher von Adam und Eva und weitere Erzählungen,Genehmigte Lizenzausgabe,Hamburg,Nikol Verlag,2021,189,"Twain, Mark",,"Brock, Ana Maria; Wilck, Otto Peter; Klotz, Günther; Wiemken, Helmut; Wiemken, Christel",,,Anthologie; Historische Romane und Erzählungen,ger,eng
9783865327628; 3865327621,Die tristen Tage von Coney Island,,Bielefeld,Pendragon,2021,271,"Crane, Stephen","Hochbruck, Wolfgang","Gockel, Bernd",,,Fiktionale Darstellung; Erzählende Literatur; Erzählende Literatur: Hauptwerk vor 1945,ger,eng
9781781935125; 1781935122,Die Verlorenen,,"Nottingham, UK",Black Library,2021,633,"Abnett, Dan",,,,,,ger,eng
9781781935354; 1781935351,Die Verlorenen,,"Nottingham, UK",Black Library,2021,635,"Abnett, Dan",,"Jentzsch, Christian",,,,ger,eng
9783963181146,Die Versuchung des heiligen Antonius,1. Auflage anlässlich Flauberts 200. Geburtstag am 12.12.2021,Leipzig,Haffmans Verlag bei Zweitausendeins,2021,203,"Flaubert, Gustave",,,,,Fiktionale Darstellung; Erzählende Literatur: Hauptwerk vor 1945,ger,fre
9783630874920; 3630874924,Dinosaurier auf anderen Planeten,Deutsche Erstausgabe,München,Luchterhand,2021,253,"McLaughlin, Danielle",,"Morawetz, Silvia",,,Anthologie; Erzählende Literatur,ger,eng
9783861509820,Drei Erzählungen,,Leipzig,Haffmans Verlag bei Zweitausendeins,2021,126,"Flaubert, Gustave",,"Sprick, Claus",,,Fiktionale Darstellung; Erzählende Literatur: Hauptwerk vor 1945,ger,fre
9783764532673; 376453267X,Dunkelheit im Spiegelland,,München,Penhaligon,2021,365,"Henry, Christina",,"Zühlke, Sigrun",,,Fiktionale Darstellung; Fantasy,ger,eng
9783869712390; 3869712392,Durch den wilden Kaukasus,1. Auflage,Köln,Galiani Berlin,2021,119,"Merzbacher, Gottfried; Korjaia-Samadašvili, Ana; Iašaġašvili, Abo","Menschik, Kat",,,"Menschik, Kat",Anthologie; Erzählende Literatur: Anthologien,ger,geo
9783754936245; 3754936247,Ein Herr mit Melone,3. Auflage,Berlin,Igor Heinrich Schestkow,2021,264,"Schestkow, Igor",,"Kleinmann, Klaus",,,Anthologie; Horror,ger,rus
9783328108252; 3328108254,Ein kleiner Held,1. Auflage,München,Penguin Verlag,2021,205,"Dostoevskij, Fëdor Michajlovič",,"Pöhlmann, Christiane",,"Henscheid, Eckhard",Anthologie; Erzählende Literatur; Erzählende Literatur: Hauptwerk vor 1945,ger,rus
9783946807520; 3946807526,Ein Zaun im Meer,1. Auflage,Berlin,Bübül Verlag,2021,57,,"Bolte, Rike",,,"Vallejo, Ana María",Anthologie; Lyrik,ger; por; spa,por; spa
9783499003813; 3499003813,Einzelheiten eines Sonnenuntergangs,Überarbeitete Neuausgabe,Hamburg,Rowohlt Taschenbuch Verlag,2021,670,"Nabokov, Vladimir Vladimirovič","Zimmer, Dieter E.","Barker, Gisela",,,Anthologie; Erzählende Literatur: Hauptwerk vor 1945,ger,eng
9783730610244; 3730610244,Englische Meistererzählungen - von Scott bis Wilde,Lizenzausgabe,Köln,Anaconda,2021,423,,"Hecht, Ilse","Hecht, Ilse",,,Anthologie; Erzählende Literatur: Anthologien,ger,eng
9783596704064; 3596704065,Erdsee,,Frankfurt am Main,FISCHER Tor,2021,745,"Le Guin, Ursula K.",,"Möhring, Hans-Ulrich",,,,ger,eng
9783945177860; 3945177863,Erinnerungen eines Arbeiters,1. Auflage,Bonn,Free Pen Verlag,2021,154,"Erdoğan, İrfan",,,,,Fiktionale Darstellung; Erzählende Literatur: Gegenwartsliteratur ab 1945,ger,tur
9783832181574; 3832181571,Erste Person Singular,Erste Auflage,Köln,DuMont,2021,216,"Murakami, Haruki",,"Gräfe, Ursula",,,Fiktionale Darstellung; Erzählende Literatur: Gegenwartsliteratur ab 1945,ger,jpn
9783763272693,Erste Person Singular,,Frankfurt am Main,Büchergilde Gutenberg,2021,216,"Murakami, Haruki",,"Gräfe, Ursula",,,Anthologie; Erzählende Literatur: Anthologien,ger,jpn
9783961600533; 3961600538,Exemplarische Erzählungen,Erste Auflage,Berlin,Elfenbein,2021,123,"Andresen, Sophia de Mello Breyner",,"Kegler, Michael",,,Anthologie; Erzählende Literatur: Anthologien,ger,por
9783596035328; 3596035325,Ferne Verabredungen,,Frankfurt am Main,FISCHER Taschenbuch,2021,441,"Munro, Alice",,"Zerning, Heidi",,,Anthologie; Erzählende Literatur: Anthologien; Erzählende Literatur: Gegenwartsliteratur ab 1945,ger,eng
9783887693206; 3887693205,Friedensmorgen,,Tübingen,Konkursbuch Verlag Claudia Gehrke,2021,322,,"An, In gil","An, In gil",,,Anthologie; Erzählende Literatur,ger,kor
9783862056361; 3862056368,Gefährliche Lektüre,,München,Iudicium,2021,285,,"Ahn, In-kyoung","Ahn, In-kyoung",,,Anthologie; Erzählende Literatur: Anthologien,ger,kor
9783945058329; 3945058325,Geschichten von chinesischen Geistern,,Kaarst,Hibarios Verlag,2021,73,"Hearn, Lafcadio",,"Lerch, Klaus",,,Fiktionale Darstellung; Erzählende Literatur: Hauptwerk vor 1945,ger,eng
9783933847362; 3933847362,Glück allein,"Erste Auflage, deutsche Originalausgabe",Engelschoff,Verlag auf dem Ruffel,2021,226,"Çelik, Behçet",,"Schütte, Christel",,,Anthologie; Erzählende Literatur,ger,tur
9783462053760,Grand Union,1. Auflage,Köln,Kiepenheuer & Witsch,2021,271,"Smith, Zadie",,"Handels, Tanja",,,Fiktionale Darstellung; Erzählende Literatur,ger,eng
9783293208452; 3293208452,"Ihr Fall, Inspector Morse",,Zürich,Unionsverlag,2021,247,"Dexter, Colin",,,,,"Fiktionale Darstellung; Krimis, Thriller, Spionage",ger,eng
9783899983760; 3899983769,In unmittelbarer Nähe,,Berlin,Anthea Verlag,2021,175,"Rankov, Pavol",,"Schmieger, Roland",,,Fiktionale Darstellung; Erzählende Literatur,ger,slo
9783981998443; 3981998448,Inseln,Erste Auflage,Landsberg,BALAENA Verlag,2021,296,"Kaprálová, Dora",,"Hadas, Hana",,,Anthologie; Erzählende Literatur,ger,cze
9783426520185; 3426520184,Irische Sehnsucht,Eigenlizenz,München,Knaur,2021,250,"Binchy, Maeve",,"Schönberger, Gabriela",,,Fiktionale Darstellung; Erzählende Literatur: Anthologien; Erzählende Literatur: Gegenwartsliteratur ab 1945,ger,eng
9783990128879; 3990128876,Kilometer 101,,Wien,Hollitzer,2021,348,"Osipov, Maksim Aleksandrovič",,"Veit, Birgit",,,Fiktionale Darstellung; Erzählende Literatur: Gegenwartsliteratur ab 1945,ger,rus
9783945400852; 3945400856,Kleine Festungen,1. Auflage,Frankfurt am Main,Edition Faust,2021,382,,"Fähndrich, Hartmut","Fähndrich, Hartmut",,"Nasrallah, Maha",Anthologie; Erzählende Literatur: Anthologien,ger,ara
9783947564910,Leben - Episode - Schicksal,,Gelsenkirchen,Edita Gelsen,2021,163,"Stroh, Valentina",,,,,Fiktionale Darstellung; Erzählende Literatur,ger,rus
9783862055487; 3862055485,Leuchtfeuer der Hoffnung,,München,Iudicium,2021,202,"Nakamura, Mami",,"Kuhn, Jan Lukas; Oyama, Riho",,"Nakamura, Mami",Anthologie; Zweisprachige Ausgaben: Deutsch / weitere Fremdsprache,ger; jpn,jpn
9783963115240; 3963115246,Licht hinter dem Fenster,1. Auflage,Halle (Saale),Mitteldeutscher Verlag,2021,133,"Geringas, Tatjana",,"Hengevoß, Christine",,,Fiktionale Darstellung; Erzählende Literatur,ger,rus
9783956513107; 395651310X,Licht und Schatten über der Normandie,,Bremen,Kellner Verlag,2021,203,"Kreye, Walter A.",,"Schloendorff, Rita",,,Anthologie; Erzählende Literatur,ger,nds
9783453360822,Lovely - pretty - sexy,Vollständige Taschenbucherstausgabe,München,Diana,2021,413,"Kenner, Julie",,"Rahn, Marie",,,Fiktionale Darstellung; Erzählende Literatur,ger,eng
9783861504948,Madame Bovary,,Leipzig,Haffmans Verlag bei Zweitausendeins,2021,458,"Flaubert, Gustave",,"Vollmann, Caroline",,,Fiktionale Darstellung; Erzählende Literatur: Hauptwerk vor 1945,ger,fre
9783957324740; 3957324742,Mars,"Deutsche Erstausgabe, 1. Auflage",Berlin,Verbrecher Verlag,2021,155,"Bakić, Asja",,"Bremer, Alida",,,Fiktionale Darstellung; Erzählende Literatur; Erzählende Literatur: Gegenwartsliteratur ab 1945,ger,hrv
9783035804096; 3035804095,McSorley's wonderful saloon,,Zürich,Diaphanes,2021,416,"Mitchell, Joseph",,"Koch, Sven",,,Fiktionale Darstellung; Erzählende Literatur,ger,eng
9783895614644; 3895614645,Medaillons,Erste Auflage,Frankfurt am Main,Schöffling & Co,2021,142,"Nałkowska, Zofia",,"Kijowska, Marta",,,Anthologie; Erzählende Literatur: Gegenwartsliteratur ab 1945,ger,pol
9783518429761; 3518429760,Mein Mann,Erste Auflage,Berlin,Suhrkamp,2021,168,"Bužarovska, Rumena",,"Langer, Benjamin",,,Fiktionale Darstellung; Erzählende Literatur: Gegenwartsliteratur ab 1945,ger,mac
9783957713001; 3957713005,Meine fünfzig spanischen Cousinen,1. Auflage,Hamburg,Größenwahn Verlag,2021,96,"Prieto Pardo, Yolanda",,"Rüdiger, Anja",,,Anthologie; Erzählende Literatur: Anthologien; Erzählende Literatur,ger,spa
9783730610404; 3730610406,Meistererzählungen,Zweisprachige Ausgabe,Köln,Anaconda,2021,397,"Dickens, Charles",,"Holtsch, Heike",,,Fiktionale Darstellung; Erzählende Literatur: Hauptwerk vor 1945,ger; eng,eng
9783446272484; 3446272488,Mütter und Söhne,2. Auflage,München,Carl Hanser Verlag ,2021,283,"Tóibín, Colm",,"Bandini, Giovanni; Bandini, Ditte",,,Fiktionale Darstellung; Erzählende Literatur: Anthologien; Erzählende Literatur: Gegenwartsliteratur ab 1945,ger,eng
9783991200048; 399120004X,Orkan,,Wien,Septime,2021,214,"Togonije, Ekaterine",,"Wolters, Katja",,,Fiktionale Darstellung; Erzählende Literatur: Gegenwartsliteratur ab 1945; Erzählende Literatur,ger,geo
9783257071795; 3257071795,Partytime,,Zürich,Diogenes,2021,271,"Fitzgerald, F. Scott","Zanovello, Silvia",,,,Fiktionale Darstellung; Erzählende Literatur: Hauptwerk vor 1945,ger,eng
9783943275582; 3943275582,Pierre-Jean,1. Auflage,Berlin,Edition Dornbrunnen,2021,98,"Verne, Jules; Verne, Michel","Schulz, Sven-R.","Frank, Gerd; Erhardt, Anne","Verne, Jules; Verne, Michel","Benett, Léon; Richert, Meiko",Fiktionale Darstellung; Erzählende Literatur: Hauptwerk vor 1945; Erzählende Literatur,ger,fre
9783867301985; 3867301980,Reise durch mein Zimmer,,Leipzig,Faber & Faber,2021,119,"Biesheuvel, J. M. A.",,"Faure, Ulrich",,"Kirchhof, Peter K.",Fiktionale Darstellung; Erzählende Literatur,ger,dut
9783963181153,Romane & Erzählungen,,Leipzig,Haffmans Verlag bei Zweitausendeins,2021,5,"Flaubert, Gustave",,,,,Fiktionale Darstellung; Erzählende Literatur: Hauptwerk vor 1945,ger,fre
9783861509899,Salambo,,Leipzig,Haffmanns Verlag bei Zweitausendeins,2021,365,"Flaubert, Gustave",,"Räbel, Petra-Susanne",,,Fiktionale Darstellung; Erzählende Literatur: Hauptwerk vor 1945,ger,fre
9783934826793,Schädelgesicht,,Hildesheim,Benu Verlag,2021,197,"Howard, Robert Ervin",,,,,"Anthologie; Krimis, Thriller, Spionage",ger,eng
9789874761798,Schattenfinsternis und andere Geschichten,1. Auflage,Stuttgart,ABRAZOS,2021,194,"García Simon, Diana",,"Grüneisen, Lisa; Marter, Inka",,,Anthologie; Erzählende Literatur,ger,spa
9783446267510; 3446267514,Schwarze Schwäne,1. Auflage,München,Carl Hanser Verlag,2021,270,"Gazdanov, Gajto",,"Tietze, Rosemarie",,,Anthologie; Erzählende Literatur: Anthologien,ger,rus
9783868131116; 3868131116,Schwebebrücken aus Papier,,Berlin,Edition Noack & Block,2021,377,,"Seiler, Hellmut","Seiler, Hellmut",,,Anthologie; Lyrik,ger,rum
9783948156466; 3948156468,Schwestern,,Berlin,KLAK,2021,240,"Zabužko, Oksana Stefanivna",,"Kratochvil, Alexander",,,Fiktionale Darstellung; Erzählende Literatur: Gegenwartsliteratur ab 1945,ger,ukr
9783442759163; 3442759161,Schwierige Frauen,1. Auflage,München,btb,2021,317,"Gay, Roxane",,"Spielmann, Anne",,,Anthologie; Erzählende Literatur: Gegenwartsliteratur ab 1945,ger,eng
9783941295223; 3941295225,Science-Fiction aus China,1. Auflage,Berlin,Fruehwerk,2021,160,"Chen, Qiufan; Xia, Jia","Dubro, Lukas; Meyer zu Venne, Felix","Meyer zu Venne, Felix",,,Anthologie; Science Fiction,ger,chi
9783866486089; 3866486081,Selbst der beste Plan,1. Auflage,Hamburg,mare ,2021,366,"Ó Grianna, Séamus",,"Haefs, Gabriele; Haefs, Julian",,,Anthologie; Erzählende Literatur: Hauptwerk vor 1945,ger,gle
9783730610275; 9783730610275; 3730610279,Sherlock Holmes,,München,Anaconda,2021,603,"Doyle, Arthur Conan",,,,,Spannung,ger,eng
9783730610275; 9783730610275,Sherlock Holmes,,München,Anaconda,2021,848,"Doyle, Arthur Conan",,,,,,ger,eng
9783596522767; 3596522765,Sherlock Holmes - die Memoiren des Sherlock Holmes,,Frankfurt am Main,FISCHER Taschenbuch,2021,494,"Doyle, Arthur Conan",,"Ahrens, Henning",,,Fiktionale Darstellung; Historische Kriminalromane,ger,eng
9783423148122; 3423148128,Sind wir nicht Menschen,Lizenzausgabe,München,dtv,2021,396,"Boyle, T. Coraghessan",,"Grube, Anette",,,Anthologie; Erzählende Literatur: Gegenwartsliteratur ab 1945,ger,eng
9783943117141; 3943117146,Skeptische Weihnacht,1. Auflage,Saarbrücken,Calambac Verlag,2021,76,"Dostoevskij, Fëdor Michajlovič; Maupassant, Guy de; Laforgue, Jules; Thackeray, William Makepeace; Swift, Jonathan; Fitzgerald, Francis Scott Key","Moreno Sobrino, Elena",,,"Grafikdesign, MAGA",Anthologie; Erzählende Literatur,ger,mul
9783426790502; 3426790505,Solange es leicht ist,Vollständige Taschenbuchausgabe,München,Knaur,2021,239,"Veen, Herman van",,"Woitkewitsch, Thomas",,,Fiktionale Darstellung; Romanhafte Biographien; Erzählende Literatur: Anthologien,ger,dut
9783833240140; 3833240148,Star Wars,1. Auflage,Stuttgart,Panini Verlags GmbH,2021,282,"Anders, Lou; Angleberger, Tom","Heddle, Jennifer",,,,Anthologie; Science Fiction,ger,eng
9783982225227; 3982225221,Stark wie nur eine Frau,Deutsche Erstausgabe,Bad Herrenalb,Edition CONVERSO,2021,152,"Attanasio, Maria",,"Krieg, Judith",,,Fiktionale Darstellung; Erzählende Literatur,ger,ita
9781781935378; 1781935378,The Horus Heresy,,"Nottingham, UK",Black Library,2021,917,,,,,,,ger,eng
9781781935798; 1781935793,The Horus Heresy,,"Nottingham, UK",Black Library,2021,954,,,,,,,ger,eng
9783499005367; 3499005360,The nothing man,Deutsche Erstausgabe,Hamburg,Rowohlt Taschenbuch Verlag,2021,395,"Howard, Catherine Ryan",,"Möller, Jan",,,"Fiktionale Darstellung; Krimis, Thriller, Spionage",ger,eng
9783311350026; 3311350022,Und was ich dir noch erzählen wollte,1. Auflage,Zürich,AKI Verlag,2021,128,"Gallagher, Dorothy",,,,"Scheynius, Lina",Erzählende Literatur: Gegenwartsliteratur ab 1945,ger,eng
9783963114724,Untergrund Fürsten,,Halle (Saale),Mitteldeutscher Verlag,2021,127,"Szőcs, Géza",,"Paetzke, Hans-Henning",,,Fiktionale Darstellung; Erzählende Literatur,ger,hun
9783887473860; 3887473868,Urubus,,Berlin,Transit,2021,110,"Bessa, Carla",,"Hübner, Lea",,,Fiktionale Darstellung; Erzählende Literatur: Gegenwartsliteratur ab 1945,ger,por
9783863003241; 3863003241,Verrückt nach Vincent,1. Auflage,Berlin,Albino,2021,149,"Guibert, Hervé",,"Schlegel, J. J.","Guibert, Hervé; Guibert, Hervé",,Fiktionale Darstellung; Erzählende Literatur: Gegenwartsliteratur ab 1945,ger,fre
9783865529060; 3865529062,Vollgas und andere Erzählungen,1. Auflage,Leipzig,Festa,2021,683,"Hill, Joe",,,,,Fiktionale Darstellung; Horror; Erzählende Literatur: Gegenwartsliteratur ab 1945,ger,eng
9783945191583; 3945191580,Von Menschen und Kamelen,,Heidelberg,Draupadi Verlag,2021,151,"Ould Breideleil, Mohamed Yehdhih","Wüst, Helmut","Wüst, Helmut",,,Anthologie; Erzählende Literatur,ger,fre
9783897335592; 389733559X,Von Wahrsagern und Technofrauen,,Bochum,projektverlag,2021,286,,"Hsu, An-Nie","Hermann, Marc; Höhenrieder, Brigitte; Hoffmann, Hans Peter",,,Anthologie; Erzählende Literatur: Anthologien,ger,chi
9783518225196; 3518225197,Wahre Geschichten,Erste Auflage,Berlin,Suhrkamp Verlag,2021,141,"Calle, Sophie",,"Erbrich, Sabine",,,Fiktionale Darstellung; Erzählende Literatur: Gegenwartsliteratur ab 1945,ger,fre
9783956194719,Wallanders erster Fall und andere Erzählungen,,Stuttgart,Reader's Digest,2021,415,"Mankell, Henning; Butt, Wolfgang",,,,,"Fiktionale Darstellung; Krimis, Thriller, Spionage",ger,swe
9783868206586; 3868206582,Weihnachtsmärchen & Erzählungen,"Neue, durchgesehene Ausgabe, 4. Auflage",Hamburg,Nikol Verlag,2021,620,"Dickens, Charles",,,,,Anthologie; Erzählende Literatur: Anthologien,ger,eng
9783949045110; 3949045112,Wenn das Herz zu klein wird,,Passau,Schenk Verlag,2021,131,"Szabó, Imola Julianna",,"Draskóczy, P. Dietlinde",,"Maros, Krisztina",Anthologie; Erzählende Literatur,ger,hun
9783548065915; 3548065910,"Wir erzählen uns Geschichten, um zu leben","Neuausgabe im Ullstein Taschenbuch, 1. Auflage",Berlin,Ullstein,2021,300,"Didion, Joan",,"Strubel, Antje Rávik",,,Fiktionale Darstellung; Erzählende Literatur: Gegenwartsliteratur ab 1945,ger,eng
9783855463800; 3855463808,Wo Berge das Sagen haben,,Glarus,Baeschlin,2021,109,"Thorgevskaja, Maria",,"Wiener, Dan",,,Fiktionale Darstellung; Erzählende Literatur: Gegenwartsliteratur ab 1945,ger,rus
9783492316620; 349231662X,Wo Geschichten neu beginnen,Deutsche Erstausgabe,München,Piper,2021,512,"Colgan, Jenny",,"Hagemann, Sonja",,,Fiktionale Darstellung; Erzählende Literatur: Gegenwartsliteratur ab 1945,ger,eng
9783499003820; 3499003821,"Wolke, Burg, See",Überarbeitete Neuausgabe,Hamburg,Rowohlt Taschenbuch Verlag,2021,608,"Nabokov, Vladimir Vladimirovič","Zimmer, Dieter E.","Gerhardt, Renate; Zimmer, Dieter E.",,,Anthologie; Erzählende Literatur: Hauptwerk vor 1945,ger,eng
9783861760627; 3861760622,Zwei Welten,1. Auflage,Berlin,Lotos Werkstatt,2021,121,"Cūṭāmaṇi, R.",,"Mahesh, Hem",,,Fiktionale Darstellung; Erzählende Literatur,ger,tam
9783962020873; 396202087X,Zwischen zwei Türen,1. Auflage,Bremen,Sujet Verlag,2021,209,"Ḫāksār, Nasīm",,"Marzban, Gorji; Geldner, Thomas",,,Fiktionale Darstellung; Erzählende Literatur,ger,per
9783328600954; 3328600957,Aber es wird regnen,1. Auflage,München,Penguin Verlag,2020,281,"Lispector, Clarice","Moser, Benjamin","Ruby, Luis",,,Anthologie; Erzählende Literatur: Anthologien; Erzählende Literatur,ger,por
9783946114598; 3946114598,Alles für Hindia!,1. Auflage,Gossenberg,OSTASIEN Verlag,2020,186,"Banu, Iksaka",,"Müller, Sabine",,,Anthologie; Erzählende Literatur: Anthologien,ger,ind
9781781934586; 1781934584,Alpha Legion,1. Auflage,"Nottingham, UK",Black Library,2020,795,"Counter, Ben; Abnett, Dan; McNeill, Graham",,"Remberg, Stephan; Hummel, Ralph","Abnett, Dan; Counter, Ben; McNeill, Graham",,Anthologie; Science Fiction,ger,eng
9783518242285; 3518242288,Beleuchtungswechsel,Erste Auflage,Berlin,Suhrkamp,2020,693,"Cortázar, Julio",,"Wittkopf, Rudolf",,,Fiktionale Darstellung; Erzählende Literatur: Gegenwartsliteratur ab 1945,ger,spa
9783825152505; 3825152502,Briefe von Klara,,Stuttgart,Urachhaus,2020,137,"Jansson, Tove",,"Kicherer, Birgitta",,,Anthologie; Erzählende Literatur: Gegenwartsliteratur ab 1945,ger,swe
9783959674898; 3959674899,Broken,Deutsche Erstausgabe,Hamburg,HarperCollins,2020,510,"Winslow, Don",,"Wasel, Ulrike; Timmermann, Klaus; Stefanidis, Joannis; Friedrich, Peter; Fricke, Kerstin",,,"Anthologie; Krimis, Thriller, Spionage",ger,eng
9783446265578; 3446265570,Cowboygräber,1. Auflage,München,Carl Hanser Verlag,2020,186,"Bolaño, Roberto",,"Hansen, Christian; Ruby, Luis",,,Fiktionale Darstellung; Erzählende Literatur: Gegenwartsliteratur ab 1945,ger,spa
9783453534988; 3453534980,Cthulhus Ruf,Deutsche Erstausgabe,München,Heyne,2020,64,"Lovecraft, H. P.",,"Artmann, H. C.",,"Baranger, François",Fiktionale Darstellung; Science Fiction,ger,eng
9783958297821; 395829782X,Das Geisterschiff,Erste Auflage,Göttingen,Steidl Verlag,2020,127,"Middleton, Richard","Nohl, Andreas","Nohl, Andreas",,,Anthologie; Erzählende Literatur,ger,eng
9783499291791; 3499291797,Das grosse Experiment,1. Auflage,Hamburg,Rowohlt Taschenbuch Verlag,2020,331,"Eugenides, Jeffrey",,"Hens, Gregor",,,Fiktionale Darstellung; Erzählende Literatur: Gegenwartsliteratur ab 1945,ger,eng
9783866602670; 3866602677,Das Haus in Baiting Hollow,1. Auflage,Leipzig,Leipziger Literaturverlag,2020,211,"Machno, Vasylʹ Ivanovyč",,"Weise, Christian",,,Fiktionale Darstellung; Erzählende Literatur: Gegenwartsliteratur ab 1945,ger,ukr
9783865750778; 386575077X,Das Leben an sich ist das geringste aller Übel,1. Auflage,Berlin,AphorismA,2020,113,"Majerantz, Erez",,,,,Fiktionale Darstellung; Erzählende Literatur: Gegenwartsliteratur ab 1945,ger,heb; eng
9783596522729; 3596522722,Das weingetränkte Notizbuch,,Frankfurt am Main,FISCHER Taschenbuch,2020,462,"Bukowski, Charles",,"Krutzsch, Malte",,,Anthologie; Erzählende Literatur: Gegenwartsliteratur ab 1945,ger,eng
9783961459377; 3961459371,Das Zauberplateau-Pešter,,Leipzig,Engelsdorfer Verlag,2020,78,"Boškailo, Bisera",,,,,Fiktionale Darstellung; Erzählende Literatur,ger,bos
9783867813310,Dem Leben vertrauen,3. Auflage,Freiburg im Breisgau,Arbor Verlag,2020,315,"Remen, Rachel Naomi",,,,,Anthologie; Erzählende Literatur: Anthologien,ger,eng
9783946839064,Der ferkelfarbene Himmel über Osteuropa,,Stuttgart,Akademie Schloss Solitude,2020,116,"Papp-Zakor, Ilka",,"Kalász, Orsolya",,,Anthologie; Erzählende Literatur: Anthologien,ger,hun
9781781934425; 1781934428,Der Flug der Eisenstein,1. Auflage,Nottingham,Black Library,2020,836,,,"Knackstedt, Jan","Swallow, James; McNeill, Graham; Scanlon, Mitchel",,Fiktionale Darstellung; Science Fiction,ger,eng
9783453471665; 3453471660,Der Himmel auf Erden,Deutsche Erstausgabe,München,Heyne,2020,286,"Archer, Jeffrey",,"Ruf, Martin; Plassmann, Jens",,,Anthologie; Erzählende Literatur,ger,eng
9783423147415; 3423147415,Der letzte Schrei,"Lizenzausgabe des Hanser Verlags, München",München,dtv  ,2020,208,"Kennedy, A. L.",,"Herzke, Ingo",,,Fiktionale Darstellung; Erzählende Literatur: Gegenwartsliteratur ab 1945,ger,eng
9783311100317,"Der Mann, der gerne Frauen küsste",,Zürich,Kampa,2020,279,"Boyd, William",,"Thiesmeyer, Ulrike",,,Fiktionale Darstellung; Erzählende Literatur,ger,eng
9783865528575; 3865528570,Der Mythos des Cthulhu,"Eine Festa Originalausgabe, 1. Auflage",Leipzig,Festa,2020,316,"Smith, Clark Ashton",,,,,Fiktionale Darstellung; Horror,ger,eng
9783311210146; 331121014X,Der Schrank,1. Auflage,Zürich,Gatsby,2020,140,"Tokarczuk, Olga",,,,,Fiktionale Darstellung; Erzählende Literatur: Gegenwartsliteratur ab 1945,ger,pol
9783961600236; 3961600236,Der Schrecken,Erste Auflage,Berlin,Elfenbein,2020,157,"Machen, Arthur",,"Kalka, Joachim",,"Kalka, Joachim",Fiktionale Darstellung; Erzählende Literatur: Hauptwerk vor 1945,ger,eng
9783751806060; 3751806067,Der Stern von Bethlehem,Erste Auflage dieser Ausgabe,Berlin,Friedenauer Presse,2020,37,"Vaginov, Konstantin",,"Urban, Peter",,,Fiktionale Darstellung; Erzählende Literatur: Hauptwerk vor 1945,ger,rus
9783896886590; 3896886592,Der Trauerschnäpper,,Münster,agenda Verlag,2020,121,"Ufkes, Tonko",,,,,Anthologie; Zweisprachige Ausgaben: Deutsch / weitere Fremdsprache,ger,dut
9783730608623; 3730608622,Die besten Geschichten,,Köln,Anaconda,2020,255,"Gogolʹ, Nikolaj Vasilʹevič",,,,,Fiktionale Darstellung; Erzählende Literatur: Hauptwerk vor 1945,ger,rus
9783453423657; 3453423658,Die Geflüchteten,Vollständige deutsche Taschenbuchausgabe,München,Wilhelm Heyne Verlag,2020,222,"Nguyen, Viet Thanh",,"Müller, Wolfgang",,,Fiktionale Darstellung; Erzählende Literatur,ger,eng
9783960271246; 3960271247,Die Geschichtenerzählerin,,Barnstorf,Verlag 28 Eichen,2020,322,"Montgomery, L. M.",,"Erler, Nadine",,,Anthologie; Erzählende Literatur: Hauptwerk vor 1945,ger,eng
9783965090354; 3965090356,Die große Stille,Neuausgabe,München,Golkonda,2020,390,"Chiang, Ted",,"molosovsky; Schmidt, Jacob; Will, Karin",,,Anthologie; Erzählende Literatur: Anthologien,ger,eng
9783499274176; 3499274175,Die Großzügigkeit der Meerjungfrau,1. Auflage,Hamburg,Rowohlt Taschenbuch Verlag,2020,221,"Johnson, Denis",,"Abarbanell, Bettina",,,Anthologie; Erzählende Literatur: Gegenwartsliteratur ab 1945,ger,eng
9781781934968; 1781934967,Die Gründung,1. Auflage,Nottingham,Black Library,2020,955,"Abnett, Dan",,"Jentzsch, Christian",,,Fiktionale Darstellung; Science Fiction,ger,eng
9783946046172; 3946046177,Die grünen Brüste,,Ulm,danube books,2020,183,"Iaru, Florin",,"Klenke, Manuela",,,Anthologie; Erzählende Literatur: Gegenwartsliteratur ab 1945,ger,rum
9781781934982; 1781934983,Die Heilige,1. Auflage,"Nottingham, UK",Black Library,2020,613,"Abnett, Dan; Abnett, Dan",,"Kujamäki, Pekka",,,,ger,eng
9781781935026; 1781935025,Die Heilige,,"Nottingham, UK",Black Library,2020,622,"Abnett, Dan",,,,,,ger,eng
9783293208735; 3293208738,Die himmlische Begegnung,,Zürich,Unionsverlag,2020,186,"Maḥfūẓ, Naǧīb",,"Enderwitz, Susanne",,,Fiktionale Darstellung; Erzählende Literatur: Gegenwartsliteratur ab 1945,ger,ara
9783961600243; 3961600244,Die leuchtende Pyramide und andere Erzählungen,Erste Auflage,Berlin,Elfenbein,2020,197,"Machen, Arthur",,"Kalka, Joachim",,"Kalka, Joachim",Fiktionale Darstellung; Erzählende Literatur: Hauptwerk vor 1945,ger,eng
9783150206089; 3150206081,Die Morde in der Rue Morgue und andere Erzählungen,,Ditzingen,Reclam,2020,393,"Poe, Edgar Allan",,,,,Fiktionale Darstellung; Erzählende Literatur: Hauptwerk vor 1945,ger,fre
9783946922520; 394692252X,Die Prinzessin und der Schlüssel,2. Auflage,Neu-Anspach,Schreibstark,2020,140,"Greening, David J.",,"Knöll, Charlotte",,,Anthologie; Erzählende Literatur: Anthologien; Märchen und Sagen für Kinder und Jugendliche,ger,eng
9783942764124; 3942764121,Die Saga von Gösta Berling,,Fürstenfeldbruck,"Fritzikatz Productions, Verlag Buch & Design",2020,447,"Lagerlöf, Selma",,"Klaiber-Gottschau, Pauline",,"Pauli, Georg",Fiktionale Darstellung; Erzählende Literatur,ger,swe
9783518242858; 3518242857,Die Tänzerin,Erste Auflage,Berlin,Suhrkamp Verlag,2020,59,"Mori, Ōgai",,"Schamoni, Wolfgang",,,Fiktionale Darstellung; Erzählende Literatur,ger,jpn
9783442770052; 344277005X,Die Tiefe,"1. Auflage, genehmigte Taschenbuchausgabe",München,btb,2020,265,"Doerr, Anthony",,"Löcher-Lawrence, Werner",,,Anthologie; Erzählende Literatur,ger,eng
9783943275445; 3943275442,Die Wilden von Papua,1. Auflage,Berlin,Edition Dornbrunnen,2020,35,"Salgari, Emilio",,"Frank, Gerd",,,Fiktionale Darstellung; Erzählende Literatur: Hauptwerk vor 1945; Erzählende Literatur,ger,ita
9798554728877,Ein Schmuckreiher,Erste Auflage,Gelsenkirchen,Selbstverlag,2020,111,"Jewett, Sarah Orne",,"Oetjen, Almut",,,Fiktionale Darstellung; Erzählende Literatur: Hauptwerk vor 1945,ger,eng
9783518471135; 3518471139,Ein Tag des Glücks und andere Geschichten von der Liebe,Erste Auflage,Berlin,Suhrkamp,2020,383,"Singer, Isaac Bashevis",,"Otten, Ellen",,,Fiktionale Darstellung; Erzählende Literatur: Gegenwartsliteratur ab 1945,ger,eng
9783707606911; 3707606910,Eine Katze im Ghetto und andere Erzählungen,,Wien,Czernin Verlag,2020,206,"Briḳs, Yerahmiʾel",,"Fiedermutz, Andrea",,,Fiktionale Darstellung; Erzählende Literatur; Historische Romane und Erzählungen,ger,yid
9783442719808; 3442719801,Einfache Rezepte,"1. Auflage, Taschenbuch-Sonderausgabe",München,btb,2020,285,"Thien, Madeleine",,"Carstens, Almuth",,,Anthologie; Erzählende Literatur,ger,eng
9783596702671; 3596702674,Emerald City,,Frankfurt am Main,FISCHER Taschenbuch,2020,218,"Egan, Jennifer",,"Ruschmeier, Sigrid",,,Anthologie; Erzählende Literatur: Gegenwartsliteratur ab 1945,ger,eng
9783981999884; 3981999886,Emet und andere Geschichten,1. Auflage,Berlin,eta Verlag,2020,208,"Šojat, Ivana",,"Veselinović, Elvira",,,Fiktionale Darstellung; Erzählende Literatur,ger,hrv
9783518242292; 3518242296,Ende der Etappe,Erste Auflage,Berlin,Suhrkamp,2020,981,"Cortázar, Julio",,"Wittkopf, Rudolf",,,Fiktionale Darstellung; Erzählende Literatur: Gegenwartsliteratur ab 1945,ger,spa
9783293208773; 3293208770,Endlose Felder,1. Auflage,Zürich,Unionsverlag,2020,253,Nguyễn Ngọc Tư,,,,,Anthologie; Erzählende Literatur: Anthologien,ger,vie
9783706911030; 3706911035,Entenbootweltbürger und andere Erzählungen aus Südkorea,,Wien,Praesens Verlag,2020,289,"Bag, Min gyu",,"Schirmer, Andreas",,,Anthologie; Erzählende Literatur: Anthologien,ger,kor
9781781935002; 1781935009,Erzählungen des Verrats,,Nottingham,Black Library,2020,912,,,,"Lee, Mike; McNeill, Graham",,Fiktionale Darstellung; Science Fiction,ger,eng
9783990590577; 399059057X,"Es ist, wie's ist",2. Auflage,Graz,Literaturverlag Droschl,2020,169,"Davis, Lydia",,"Hoffer, Klaus",,,Fiktionale Darstellung; Erzählende Literatur: Gegenwartsliteratur ab 1945,ger,eng
9783423262743; 3423262745,"Etwas endet, etwas beginnt",Neuausgabe,München,dtv,2020,426,"Sapkowski, Andrzej",,"Simon, Erik",,,Fiktionale Darstellung; Fantasy,ger,pol
9783963112478; 3963112476,Fantasie in Blau,1. Auflage,Halle (Saale),Mitteldeutscher Verlag,2020,207,"Geringas, Tatjana",,"Hengevoß, Christine; Kleinbub, Thomas",,"Tretyakova, Svetlana; Brachmann, Jan",Anthologie; Erzählende Literatur: Anthologien,ger,rus
9783446267589; 3446267581,Fremde Hochzeit,1. Auflage 2020,München,Carl Hanser Verlag,2020,267,"Moore, Lisa",,"Razum, Kathrin",,,Anthologie; Erzählende Literatur: Gegenwartsliteratur ab 1945,ger,eng
9783946114581; 394611458X,Freundin vom Ende der Welt,1. Auflage,Gossenberg,OSTASIEN Verlag,2020,201,"Gim, Yeon su",,"Lee, Heike",,,Anthologie; Erzählende Literatur: Gegenwartsliteratur ab 1945,ger,kor
9783649636502; 3649636506,Frohes Fest!,,Münster,Coppenrath,2020,239,,,,,"Bastin, Marjolein",Anthologie; Erzählende Literatur: Anthologien,ger,mul
9788365913210,Garść słów,,Pelplin,Wydawnictwo Tadeusz Serocki,2020,191,,,"Płoszewska, Małgorzata",,,Anthologie; Lyrik,ger; pol,pol
9783844071641; 3844071644,Gedichte,,Düren,Shaker Verlag,2020,345,Ajitakumāra,"Kapp, Dieter B.","Kapp, Dieter B.; Prümm, Albert",,,Anthologie; Lyrik,ger; hin,hin
9783945634233; 3945634237,"Gelächter, das Mauern überwindet",,Duisburg,"Trikont Duisburg, Dialog-Edition",2020,106,"Güvenli, Asiye Müjgan",,"Rentzsch, Oswald",,,Fiktionale Darstellung; Erzählende Literatur,ger,tur
9783965090378; 3965090372,Geteilt durch Null,Neuausgabe,München,Golkonda,2020,360,"Chiang, Ted",,"molosovsky; Will, Karin",,,Anthologie; Erzählende Literatur: Anthologien,ger,eng
9783852568041; 3852568048,Grün wie ich dich liebe grün,1. Auflage,Wien,Folio,2020,174,"Schnabl, Ana",,"Olof, Klaus Detlef",,,Fiktionale Darstellung; Erzählende Literatur: Gegenwartsliteratur ab 1945,ger,slv
9783462054712; 3462054716,"Gutenachtgeschichten für alle, die sich vor Populisten gruseln",1. Auflage,Köln,Kiepenheuer & Witsch,2020,165,"Heritage, Stuart",,"Regul, Eva",,,"Fiktionale Darstellung; Humor, Satire",ger,eng
9783442223039; 3442223032,Hühnersuppe für die Seele,"Deutsche Erstausgabe,  1. Auflage",München,Goldmann,2020,408,"Canfield, Jack; Hansen, Mark Victor; Newmark, Amy",,"Radünz, Christiane; Rahn-Huber, Ursula",,,Anthologie; Erzählende Literatur: Anthologien,ger,eng
9783902951441; 3902951443,In meinem Bart versteckte Geschichten,Originalausgabe,Wien,Edition Korrespondenzen,2020,87,"ʿAbūd, Ḥamad",,"Bender, Larissa; Wilsch, Kerstin",,,Fiktionale Darstellung; Erzählende Literatur: Gegenwartsliteratur ab 1945,ara; ger,ara
9783426226667; 3426226669,Irische Hoffnung,Deutsche Erstausgabe,München,Knaur,2020,224,"Binchy, Maeve",,"Schönberger, Gabriela",,,Fiktionale Darstellung; Erzählende Literatur: Gegenwartsliteratur ab 1945,ger,eng
9783446265882; 3446265880,Irische Passagiere,1. Auflage 2020,München,Hanser Berlin,2020,285,"Ford, Richard",,"Heibert, Frank",,,Fiktionale Darstellung; Erzählende Literatur,ger,eng
9783737411493; 3737411492,Kanadische Erzählungen,,Wiesbaden,marix Verlag,2020,265,,"Schmidt, Andreas Udo","Schmidt, Andreas Udo; Klapper, Annika; Münch, Niels-Arne",,,Anthologie; Erzählende Literatur: Anthologien,ger,eng
9783596522712; 3596522714,Kaputt in Hollywood,Lizenzausgabe,Frankfurt am Main,FISCHER Taschenbuch,2020,185,"Bukowski, Charles",,"Weissner, Carl",,,Anthologie; Erzählende Literatur: Gegenwartsliteratur ab 1945,ger,eng
9783257071528; 3257071523,Ladies,,Zürich,Diogenes,2020,308,"Highsmith, Patricia",,"Walz, Melanie; Gunsteren, Dirk van; Pociao",,,Fiktionale Darstellung; Erzählende Literatur: Gegenwartsliteratur ab 1945,ger,eng
9783990980620; 3990980629,"Lauf, kleiner Bruder, lauf!",,Wien,Löcker,2020,210,,"Li, Jingze; Shi, Zhanjun","Schnut-Hainz, Daria",,,Anthologie; Erzählende Literatur: Anthologien,ger,eng
9783839871324; 3839871328,Lehrjahre der Männlichkeit,"1. Auflage, Ungekürzte Ausgabe, ungekürzte Ausgabe",Berlin,Parlando ein Imprint von Argon,2020,3,"Flaubert, Gustave",,"Edl, Elisabeth",,"Brückner, Christian",Erzählende Literatur: Hauptwerk vor 1945,ger,fre
9783038200734; 3038200735,Leichter Atem,,Zürich,Dörlemann,2020,286,"Bunin, Ivan Alekseevič",,,,,Fiktionale Darstellung; Erzählende Literatur: Hauptwerk vor 1945; Historische Romane und Erzählungen; Erzählende Literatur,ger,rus
9783311100300,Letzte Geschichten,,Zürich,Kampa,2020,286,"Tokarczuk, Olga",,"Kinsky, Esther",,,Fiktionale Darstellung; Erzählende Literatur: Gegenwartsliteratur ab 1945,ger,pol
9783948865207; 3948865205,Liebe und Widerstand im Dritten Reich,,München,Marion Kummerow,2020,607,"Kummerow, Marion",,"Spratte, Annette",,,Fiktionale Darstellung; Erzählende Literatur; Romanhafte Biographien,ger,eng
9783963113765; 3963113766,Mein Vietnam,1. Auflage,Halle (Saale),Mitteldeutscher Verlag,2020,220,,"Eckstein, Wilfried","Tran Thi Hoa Binh, Tran Thi Hoa; Nguyen Xuan Hang, Nguyen Xuan; Cu Huy Phan Tao, Cu Huy Phan",,,Anthologie; Erzählende Literatur: Anthologien,ger,vie
9783943603767; 3943603768,Miniaturen,,Schönebeck (Elbe),Moloko Print,2020,139,"Epshṭain, Aleks",,"Pociao; Zepp, Susanne",,"Gordinsḳi, Naṭashah",Fiktionale Darstellung; Erzählende Literatur: Gegenwartsliteratur ab 1945,ger,heb
9783899303902; 3899303903,Mit den Augen von Inana,"Deutsche Erstausgabe, 1. Auflage",Berlin,Schiler & Mücke,2020,111,,"Nussairi, Amal Ibrahim al-; Svensson, Birgit","Milich, Stephan; Orth, Günther",,,Anthologie; Erzählende Literatur: Anthologien,ger,ara
9783857918940; 3857918942,Neptunjahre,1. Auflage,Zürich,Limmat Verlag,2020,139,"Ruchat, Anna",,"Sauser, Barbara",,,Fiktionale Darstellung; Erzählende Literatur: Gegenwartsliteratur ab 1945,ger,ita
9783423282154; 3423282150,Neue unheimliche Geschichten,Neuübersetzung,München,dtv,2020,391,"Poe, Edgar Allan","Baudelaire, Charles","Nohl, Andreas",,,Anthologie; Erzählende Literatur: Hauptwerk vor 1945,ger,eng
9781781935446; 1781935440,Nexus + andere Geschichten,,Nottingham,Black Library,2020,694,"Parrott, Thomas",,,,,Anthologie; Science Fiction,ger,eng
9783518471128; 3518471120,Old love,Erste Auflage,Berlin,Suhrkamp,2020,349,"Singer, Isaac Bashevis",,,,,Fiktionale Darstellung; Erzählende Literatur: Gegenwartsliteratur ab 1945,ger,eng
9788365913166,Oswajanie jarzębiny,,Pelplin,Wydawnictwo Tadeusz Serocki,2020,193,,,"Płoszewska, Małgorzata",,,Anthologie; Lyrik,ger; pol,ger; pol
9783423095525; 3423095520,"Pareil, mais différent",Originalausgabe,München,dtv Verlagsgesellschaft,2020,220,,"Dummer, Jennifer",,,,Anthologie; Erzählende Literatur: Gegenwartsliteratur ab 1945,ger; fre,fre
9783328105176; 3328105174,Pariser Symphonie,1. Auflage,München,Penguin Verlag ,2020,214,"Némirovsky, Irène",,"Röckel, Susanne",,"Kegel, Sandra",Fiktionale Darstellung; Erzählende Literatur,ger,fre
9783948114039; 394811403X,Permafrost,1. Auflage,Berlin,Edition A.B. Fischer,2020,111,"Botofte, Eva",,"Botofte, Eva",,,Fiktionale Darstellung; Erzählende Literatur,ger,dan
9783453319042; 3453319044,Quantenträume,Deutsche Erstausgabe,München,Wilhelm Heyne Verlag,2020,509,"Hao, Jingfang; Chen, Qiufan; Wang, Jinkang","Bartz, Jing","Betz, Karin; Hermann, Marc; Fiederling, Johannes; Lüdi Kong, Eva; Kahn-Ackermann, Michael",,,Anthologie; Science Fiction,ger,chi
9783730609194; 373060919X,Russische Meistererzählungen,Lizenzausgabe,Köln,Anaconda,2020,463,,"Marx, Rudolf","Jäkel, Ekkehard",,,Anthologie; Erzählende Literatur: Hauptwerk vor 1945,ger,rus
9781781935460; 1781935467,Sakrosankt & andere Geschichten,,Nottingham,Black Library,2020,585,"Werner, C L",,,,,Fiktionale Darstellung; Fantasy,ger,eng
9783830679936; 3830679939,Schneeweg,"1. Auflage, deutsche Erstausgabe",St. Ottilien,EOS,2020,424,"I, Cheong jun",,"Chang, Young-Suk; Nohejl, Regine",,,Fiktionale Darstellung; Erzählende Literatur,ger,kor
9783730609248; 3730609246,Sherlock Holmes,,Köln,Anaconda,2020,1492,"Doyle, Arthur Conan",,"Darnoc, Heinrich; Gleiner, Adolf; Herzog, H. O.; Jacobi, Margarete; Ottmann, Louis; Lautenbach, Rudolf",,,Fiktionale Darstellung; Spannung,ger,eng
9783446265585; 3446265589,Sind wir nicht Menschen,1. Auflage,München,Carl Hanser Verlag,2020,396,"Boyle, T. Coraghessan",,"Grube, Anette; Gunsteren, Dirk van",,,Fiktionale Darstellung; Erzählende Literatur: Gegenwartsliteratur ab 1945,ger,eng
9783737411295; 3737411298,Sing,1. Auflage,Wiesbaden,marix verlag,2020,199,"Hempel, Amy",,"Lux, Christian; Kühn, Annette",,,Anthologie; Erzählende Literatur: Gegenwartsliteratur ab 1945,ger,eng
9783492316057; 3492316050,"So viele Hähne, so nah beim Haus",Ungekürzte Taschenbuchausgabe,München,Piper,2020,284,"Hart, Maarten 't",,"Seferens, Gregor",,,Fiktionale Darstellung; Erzählende Literatur: Gegenwartsliteratur ab 1945,ger,dut
9783990900147; 3990900145,Stillleben eines frühen Abends,1. Auflage,Strasshof,Pilum Literatur Verlag,2020,174,"Farkašová, Etela",,"Ehrgangová, Elena",,,Fiktionale Darstellung; Erzählende Literatur,ger,slo
9783293208919; 3293208916,Tagebuch eines Verrückten,,Zürich,Unionsverlag,2020,250,"Lu, Xun",,,,,Fiktionale Darstellung; Erzählende Literatur: Hauptwerk vor 1945,ger,chi
9783963113819; 3963113812,Taiga,Deutsche Erstausgabe,Halle (Saale),Mitteldeutscher Verlag,2020,302,"Maksimov, Sergej Sergeevič",,"Hengevoß, Christine",,"Ljubimov, Andrej",Fiktionale Darstellung; Erzählende Literatur: Gegenwartsliteratur ab 1945; Erzählende Literatur,ger,rus
9781781935200; 1781935203,The Horus Heresy,,"Nottingham, UK",Black Library,2020,923,,,,,,,ger,eng
9783730608562; 3730608568,Unheimliche und phantastische Geschichten,,Köln,Anaconda,2020,1503,"Poe, Edgar Allan",,,,,Anthologie; Erzählende Literatur: Hauptwerk vor 1945; Horror,ger,eng
9783772530210; 3772530214,Untreuen,1. Auflage,Stuttgart,Oktaven,2020,216,"Gunn, Kirsty",,"Strätling, Uda",,,Fiktionale Darstellung; Erzählende Literatur: Gegenwartsliteratur ab 1945,ger,eng
9783805200844; 3805200846,Versteckt,Originalausgabe,Hamburg,Wunderlich,2020,136,"Beckett, Simon",,"Längsfeld, Sabine; Witthuhn, Karen",,,"Anthologie; Krimis, Thriller, Spionage",ger,eng
9783862056088; 3862056082,Von Amaterasu bis Olympia,,München,Iudicium,2020,97,"Nakamura, Mami",,"Hashimoto, Takashi",,"Nakamura, Mami",Anthologie,ger; jpn,jpn
9783730608661; 3730608665,Von Trollen und Menschen,,Köln,Anaconda,2020,191,"Lagerlöf, Selma",,"Dranzos, Mario",,,Fiktionale Darstellung; Erzählende Literatur: Hauptwerk vor 1945,ger,swe
9783803133298; 3803133297,Weihnachten,,Berlin,Verlag Klaus Wagenbach,2020,76,,,,,,Anthologie; Erzählende Literatur: Anthologien,ger,ita
9783404183791; 3404183797,Weihnachtszauber im Cottage,Vollständige Taschenbuchausgabe,Köln,Lübbe,2020,365,"Fforde, Katie",,"Werner-Richter, Ulrike",,,Fiktionale Darstellung; Erzählende Literatur: Gegenwartsliteratur ab 1945; Erzählende Literatur,ger,eng
9783518429099; 3518429094,Weiter atmen,Erste Auflage,Berlin,Suhrkamp Verlag,2020,173,"Bán, Zsófia",,"Mora, Terézia",,,Fiktionale Darstellung; Erzählende Literatur: Gegenwartsliteratur ab 1945,ger,hun
9783257245455; 3257245459,Wenn alle anderen schlafen,Originalausgabe,Zürich,Diogenes,2020,282,,"Schoknecht, Martha",,,,Anthologie; Erzählende Literatur: Anthologien,ger,mul
9783293005624; 3293005624,Wer nicht?,,Zürich,Unionsverlag,2020,181,"Piñeiro, Claudia",,,,,Fiktionale Darstellung; Erzählende Literatur: Gegenwartsliteratur ab 1945,ger,spa
9783446267640; 3446267646,Wie wir jetzt leben,1. Auflage,München,Carl Hanser Verlag,2020,123,"Sontag, Susan",,"Razum, Kathrin",,"Lueken, Verena",Anthologie; Erzählende Literatur: Gegenwartsliteratur ab 1945,ger,eng
9783763272570,Wie wir jetzt leben,Lizenzausgabe,"Frankfurt am Main, Zürich, Wien",Büchergilde Gutenberg,2020,123,"Sontag, Susan",,"Razum, Kathrin",,,Anthologie; Erzählende Literatur: Anthologien,ger,eng
9783453320581; 3453320581,Zerbrochene Sterne,Deutsche Erstausgabe,München,Wilhelm Heyne Verlag,2020,669,"Liu, Cixin; Hao, Jingfang; Chen, Qiufan","Liu, Ken","Betz, Karin; Hermann, Marc; Fiederling, Johannes; Dubro, Lukas; Meyer zu Venne, Felix; Shen, Chong; Kurz, Kristof",,,Anthologie; Science Fiction,ger,chi; eng
9783990980613; 3990980610,Zuckerbläser,,Wien,Löcker,2020,237,,"Li, Jingze; Shi, Zhanjun",,,,Anthologie; Erzählende Literatur: Anthologien,ger,eng
9783944850825; 3944850823,Zweithorn,,Passau,Schenk Verlag,2020,196,"Orosz, István",,,,,Anthologie; Erzählende Literatur,ger,hun
9783748576747; 3748576749,13 shadows: das Zeichen der Angst,,München,Apex-Verlag,2019,720,,,"Dörge, Christian",,,Fiktionale Darstellung; Horror,ger,eng
9783932338779; 3932338774,A taste of honey,1. Auflage,Berlin,AvivA,2019,397,"Delaney, Shelagh","Schwarck, André","Schwartz, Tobias",,,Theaterstück; Dramatik,ger,eng
9783608501551; 360850155X,"Alan, der Glückspilz",,Stuttgart,Tropen,2019,170,"Lethem, Jonathan",,"Maass, Johann Christoph",,,Anthologie; Erzählende Literatur: Gegenwartsliteratur ab 1945,ger,eng
9783453359673; 3453359674,Always Nikki & Damien,Taschenbuchausgabe,München,Diana,2019,303,"Kenner, Julie",,"Beck, Charlotte; Malz, Janine",,,Fiktionale Darstellung; Erzählende Literatur,ger,eng
9783442716364; 3442716365,"Am selben Tag, später",1. Auflage,München,btb,2019,262,"Paley, Grace",,"Bonné, Mirko",,,Fiktionale Darstellung; Erzählende Literatur,ger,eng
9783803113450; 3803113458,An den Flüssen,,Berlin,Verlag Klaus Wagenbach,2019,139,"Driessen, Martin Michael",,"Busse, Gerd",,,Fiktionale Darstellung; Erzählende Literatur,ger,dut
9783963241680; 3963241683,Angekommen im Glück,"1. Auflage, Taschenbuchausgabe",Kriftel,Ylva Verlag,2019,93,Jae,,,,,Anthologie; Erzählende Literatur: Gegenwartsliteratur ab 1945,ger,eng
9783596522378; 3596522374,Aufzeichnungen eines Dirty Old Man,,Frankfurt am Main,FISCHER Taschenbuch,2019,364,"Bukowski, Charles",,"Weissner, Carl",,,Anthologie; Erzählende Literatur: Gegenwartsliteratur ab 1945,ger,eng
9783518428580; 3518428586,Aus dem Schatten,Erste Auflage,Berlin,Suhrkamp,2019,125,"Martins, Geovani",,"Schweder-Schreiner, Nicolai von",,,Fiktionale Darstellung; Erzählende Literatur: Gegenwartsliteratur ab 1945,ger,por
9783960893066; 396089306X,Austin,1. Auflage,Mettingen,Dead Soft Verlag,2019,384,"Stevens, Felice",,"Weyers, Marcel","Stevens, Felice; Stevens, Felice",,Fiktionale Darstellung; Erzählende Literatur: Gegenwartsliteratur ab 1945,ger,eng
9783958354708; 395835470X,Cold Kills,Deutsche Erstausgabe,Borgdorf-Seedorf,Luzifer-Verlag,2019,249,"Shaw, Alex",,"Lohse, Tina",,,"Fiktionale Darstellung; Krimis, Thriller, Spionage; Spannung",ger,eng
9783833237669; 383323766X,Das Buch der Schmuggler,1. Auflage,Stuttgart,Panini Verlags GmbH,2019,159,"Wallace, Daniel",,"Kasprzak, Andreas; Toneguzzo, Tobias",,,"Fiktionale Darstellung; Science Fiction, Fantasy",ger,eng
9783939771746; 3939771740,Das Halsband der Geschichten,,Meldorf,elbaol verlag hamburg,2019,163,"Darko, Amma",,"Bouillon, Regina",,,Fiktionale Darstellung; Erzählende Literatur,ger,eng
9783499291746; 3499291746,Das rote Notizbuch,1. Auflage,Hamburg,Rowohlt Taschenbuch Verlag,2019,105,"Auster, Paul",,"Schmitz, Werner",,,Erzählende Literatur: Gegenwartsliteratur ab 1945,ger,eng
9783492313926; 3492313922,Denunziation,Ungekürzte Taschenbuchausgabe,München,Piper,2019,220,Bandi,,"I, Gi hyang",,"Reichart, Thomas",Anthologie; Erzählende Literatur: Gegenwartsliteratur ab 1945,ger,kor
9781781934272; 1781934274,Der Aufstieg des Horus,1. Auflage,"Nottingham, UK",Black Library,2019,773,"Abnett, Dan; McNeill, Graham; Counter, Ben",,"Behrenbruch, Stefan","Abnett, Dan; McNeill, Graham; Behrenbruch, Stefan",,Fiktionale Darstellung; Science Fiction,ger,eng
9783518242049,Der Herr der Finsternis,Erste Auflage,Berlin,Suhrkamp,2019,169,"Adnan, Etel",,"Dormagen, Christel",,"Adnan, Etel",Fiktionale Darstellung; Erzählende Literatur: Gegenwartsliteratur ab 1945,ger,eng
9783446263642; 3446263640,Der Kabbalist vom East Broadway,1. Auflage,München,Carl Hanser Verlag,2019,313,"Singer, Isaac Bashevis",,"Otten, Ellen",,,Anthologie; Erzählende Literatur,ger,eng
9783426282175; 3426282178,Der Mistelzweig-Mord,,München,Droemer,2019,189,"James, P. D.",,"Wallbaum, Susanne; Seibicke, Christa E.",,,"Anthologie; Krimis, Thriller, Spionage",ger,eng
9783257244922; 3257244924,Der schönste Busen der Welt,,Zürich,Diogenes,2019,307,"Topor, Roland",,"Vogel, Ursula",,,Fiktionale Darstellung; Erzählende Literatur: Gegenwartsliteratur ab 1945,ger,fre
9783946114550; 3946114555,Der Wundergeiger auf der Palliativstation,1. Auflage,Gossenberg,OSTASIEN Verlag,2019,221,"Gim, Yeon su",,"Lee, Heike; Riggers, Ok-Hee",,,Anthologie; Erzählende Literatur: Anthologien; Erzählende Literatur,ger,kor
9783596522316; 3596522315,Die Abenteuer des Sherlock Holmes,,Frankfurt am Main,FISCHER Taschenbuch,2019,459,"Doyle, Arthur Conan",,"Ahrens, Henning",,,"Fiktionale Darstellung; Historische Kriminalromane; Krimis, Thriller, Spionage",ger,eng
9783730607176; 3730607170,Die besten Geschichten,,Köln,Anaconda,2019,381,"Puškin, Aleksandr Sergeevič",,,,,Anthologie; Erzählende Literatur: Anthologien,ger,rus
9783150094976,Die Bibliothek von Babel,,Ditzingen,Reclam,2019,92,"Borges, Jorge Luis","Friedl Zapata, José Antonio","Horst, Karl August; Meyer-Clason, Curt",,"Friedl Zapata, José Antonio",Anthologie; Erzählende Literatur: Anthologien,ger,spa
9783944543840; 394454384X,Die Erfindung der deutschen Grammatik,Neuauflage,Berlin,mikrotext,2019,149,"Abbas, Rasha",,"Hetzl, Sandra",,,Fiktionale Darstellung; Erzählende Literatur,ger,ara
9783903081321; 3903081329,Die kennen keine Trauer,1. Auflage,Wien,Luftschacht Verlag,2019,85,"Breiteig, Bjarte",,"Strobel, Bernhard",,,Fiktionale Darstellung; Erzählende Literatur; Erzählende Literatur: Gegenwartsliteratur ab 1945,ger,nor
9783423147033; 3423147032,Die Leute von Privilege Hill,Lizenzausgabe,München,dtv ,2019,347,"Gardam, Jane",,"Bogdan, Isabel",,,Anthologie; Erzählende Literatur: Gegenwartsliteratur ab 1945,ger,eng
9783518242261; 3518242261,Die Nacht auf dem Rücken,Erste Auflage,Berlin,Suhrkamp,2019,329,"Cortázar, Julio",,"Wittkopf, Rudolf; Promies, Wolfgang; Wittkopf, Rudolf",,"Vargas Llosa, Mario",Fiktionale Darstellung; Erzählende Literatur: Gegenwartsliteratur ab 1945,ger,spa
9783423146609; 3423146605,Die schönen Fremden,"Lizenzsausgabe mit Genehmigung des Paul Zsolnay-Verlags, Wien",München,dtv,2019,300,"Cărtărescu, Mircea",,"Wichner, Ernest",,,Anthologie; Erzählende Literatur: Gegenwartsliteratur ab 1945,ger,rum
9783492315517; 3492315518,Die Sirene,Ungekürzte Taschenbuchausgabe,München,Piper,2019,287,"Tomasi di Lampedusa, Giuseppe",,"Kahn, Moshe",,,Anthologie; Erzählende Literatur: Gegenwartsliteratur ab 1945; Erzählende Literatur; Erzählende Literatur: Anthologien,ger,ita
9783453319240; 3453319249,Die wandernde Erde,Deutsche Erstausgabe,München,Wilhelm Heyne Verlag,2019,683,"Liu, Cixin",,"Betz, Karin; Hermann, Marc; Fiederling, Johannes",,,Anthologie; Science Fiction,ger,chi
9783772530128; 3772530125,Die Wartenden,1. Auflage,Stuttgart,Oktaven,2019,192,"Mauguin, Marc",,"Unewisse, Cordula",,,Anthologie; Erzählende Literatur: Gegenwartsliteratur ab 1945,ger,fre
9783000625589; 3000625585,Die Welt von morgen,,Modautal,Helen Hartnagel,2019,74,"Hartnagel, Helen",,,,"Hartnagel, Helen","Anthologie; Science Fiction, Fantasy",ger,eng
9783423146951; 3423146958,Drei Geschichten,Neuübersetzung,München,dtv,2019,315,"Flaubert, Gustave","Edl, Elisabeth","Edl, Elisabeth",,,Anthologie; Erzählende Literatur: Hauptwerk vor 1945,ger,fre
9783903223264; 3903223263,Eigen-Art-ige Erzählungen aus dem Japanischen,1. Auflage,Graz,SoralPRO Verlag,2019,223,"Zapatero, I. M.",,,,,Fiktionale Darstellung; Erzählende Literatur,ger,ger; jpn
9783446266377; 3446266372,Ein Bräutigam und zwei Bräute,3. Auflage,München,Carl Hanser Verlag,2019,216,"Singer, Isaac Bashevis",,"List, Sylvia",,,Anthologie; Erzählende Literatur: Gegenwartsliteratur ab 1945,ger,eng
9783518428337; 3518428330,Ein Haus für die Müden,Erste Auflage,Berlin,Suhrkamp Verlag,2019,233,"Karahasan, Dževad",,"Wolf-Grießhaber, Katharina",,,Fiktionale Darstellung; Erzählende Literatur: Gegenwartsliteratur ab 1945,ger,bos
9783981900293,Ein Herr mit Melone,,Berlin,irrgarten verlag,2019,222,"Schestkow, Igor",,"Kleinmann, Klaus",,,Anthologie; Erzählende Literatur: Gegenwartsliteratur ab 1945; Horror,ger,rus
9783036959887; 3036959882,Ein Vorhang aus Grün,1. Auflage,Zürich,Kein & Aber,2019,367,"Welty, Eudora",,"Hutten, Katrine von; Carstens, Almuth",,,Anthologie; Erzählende Literatur: Anthologien,ger,eng
9783150111987; 3150111986,Eine indiskrete Reise und andere Erzählungen,,Ditzingen,Reclam,2019,199,"Mansfield, Katherine",,"Grawe, Ursula",,"Grawe, Ursula",Fiktionale Darstellung; Erzählende Literatur: Hauptwerk vor 1945,ger,eng
9783863562328; 3863562321,Eine Krähe für zwei,1. Auflage,Ludwigsburg,Pop Verlag Literatur,2019,171,"Č̕oxeli, Goderji","Barbak̕aje, Dat̕o","Lisowski, Maja",,,Erzählende Literatur: Anthologien,ger,geo
9783955653415; 3955653412,Eine Träne in die Ewigkeit,"Deutsche Erstausgabe, 1. Auflage",Leipzig,Hentrich & Hentrich,2019,317,"Marder, Samuel","Seeberg, Ulrich","Seeberg, Ulrich",,"Greenberg, Irving; Yuter, Alan Y.",Anthologie; Gemischte Anthologien,ger; eng,eng
9783328104735; 3328104739,Elf Arten der Einsamkeit,1. Auflage,München,Penguin Verlag,2019,284,"Yates, Richard",,"Grube, Anette; Wolf, Hans",,,Anthologie; Anthologie; Erzählende Literatur,ger,eng
9783453316300; 3453316304,Entführung in die Zukunft,Überarbeitete Neuausgabe,München,Wilhelm Heyne Verlag,2019,320,"Heinlein, Robert A.",,"Bergner, Wulf; Hundertmarck, Rosemarie; Martin, Alexander",,,Fiktionale Darstellung; Science Fiction,ger,eng
9783939240419; 3939240419,Erzählungen aus Russland,,Ottersberg,jürgensendesign,2019,242,"Korolenko, Vladimir Galaktionovič","Jürgensen, Peter Joachim","Grünberg, Julius",,"Flau, Karlheinz",Anthologie; Erzählende Literatur,ger,rus
9783293208209; 3293208207,Feuerland,3. Auflage,Zürich,Unionsverlag,2019,217,"Coloane, Francisco",,"Zurbrüggen, Willi",,,Fiktionale Darstellung; Erzählende Literatur: Gegenwartsliteratur ab 1945,ger,spa
9783446264106; 3446264108,Florida,1. Auflage,München,Hanser Berlin,2019,284,"Groff, Lauren",,"Jacobs, Stefanie",,,Anthologie; Erzählende Literatur,ger,eng
9783944359458; 3944359453,Fremde Helden,,Berlin,Schruf & Stipetic,2019,309,"Pavičić, Jurica",,"Böhm-Milosavljević, Susanne; Stipetić, Blanka",,,Anthologie; Erzählende Literatur: Anthologien,ger,hrv
9783596906383; 3596906385,Frühling,Lizenzausgabe,Frankfurt am Main,FISCHER Taschenbuch,2019,284,"Bunin, Ivan Alekseevič","Grob, Thomas","Trottenberg, Dorothea",,"Grob, Thomas",Anthologie; Erzählende Literatur: Gegenwartsliteratur ab 1945,ger,rus
9783596522361; 3596522366,Fuck machine,,Frankfurt am Main,FISCHER Taschenbuch,2019,175,"Bukowski, Charles",,"Teichmann, Wulf",,,Anthologie; Anthologie; Erzählende Literatur: Gegenwartsliteratur ab 1945; Erzählende Literatur,ger,eng
9783257244885; 3257244886,Für dich würde ich sterben,1. Auflage,Zürich,Diogenes,2019,548,"Fitzgerald, F. Scott",,,,,Fiktionale Darstellung; Erzählende Literatur: Hauptwerk vor 1945,ger,eng
9783960271215; 3960271212,Geschichten aus Avonlea,,Barnstorf,Verlag 28 Eichen,2019,232,"Montgomery, L. M.",,"Erler, Nadine",,,Anthologie; Erzählende Literatur: Hauptwerk vor 1945,ger,eng
9783608964493; 3608964495,Geschichten aus dem gefährlichen Königreich,Zweite Auflage,Stuttgart,Klett-Cotta,2019,333,"Tolkien, J. R. R.",,"Uthe-Spencker, Angela",,"Lee, Alan",Fiktionale Darstellung; Fantasy,ger,eng
9783446250611; 3446250611,Geschichten zu Bildern,1. Auflage,München,Carl Hanser Verlag,2019,249,"Tabucchi, Antonio",,"Fleischanderl, Karin",,,Anthologie; Erzählende Literatur: Gegenwartsliteratur ab 1945,ger,ita
9783784434841; 3784434843,Geschichten zur Weihnachtszeit,Neuausgabe,Stuttgart,LangenMüller,2019,208,"Lagerlöf, Selma",,,,,Anthologie; Erzählende Literatur: Anthologien,ger,swe
9783423147170; 3423147172,Good home,Lizenzausgabe,München,dtv,2019,428,"Boyle, T. Coraghessan",,"Grube, Anette; Gunsteren, Dirk van",,,Fiktionale Darstellung; Erzählende Literatur: Gegenwartsliteratur ab 1945,ger,eng
9783446262331; 3446262334,Good Night Stories for Rebel Girls - 50 Postkarten,,München,"Hanser, Carl",2019,,"Favilli, Elena; Cavallo, Francesca",,"Bargmann, Kai",,,Geschenkbücher,ger,eng
9783446261822; 3446261826,Grand Tour,1. Auflage,München,Carl Hanser Verlag,2019,581,,"Italiano, Federico; Wagner, Jan",,,,Anthologie; Lyrik,ger; mul,mul
9783963210266; 3963210265,Griechische Erzählungen,Deutsche Erstausgae,Wachtendonk,Edition Hagia Sophia,2019,211,"Papadiamantēs, Alexandros",,"Makedos, Geōrgios",,,Anthologie; Erzählende Literatur,ger,gre
9783860390429; 3860390422,Gute Nacht Geschichten zum Aufwachen,1. Auflage,Bielefeld,AJZ-Verlag,2019,183,"Henderson, Julie",,,,,Fiktionale Darstellung; Erzählende Literatur,eng; ger,eng
9783328106036; 3328106030,Harun und das Meer der Geschichten,,München,Penguin,2019,256,"Rushdie, Salman",,"Stege, Gisela",,,Erzählende Literatur,ger,eng
9783630876085; 3630876080,Heimatland und andere Geschichten aus Norwegen,1. Auflage,München,Luchterhand,2019,323,,"Mette-Marit; Gulliksen, Geir","Berf, Paul; Sonnenberg, Ulrich; Kronenberger, Ina; Aumüller, Uli; Haefs, Gabriele; Ranzinger, Elke; Schmidt-Henkel, Hinrich",,,Anthologie; Erzählende Literatur,ger,nor
9783328103295; 3328103295,Himbeeren mit Sahne im Ritz,1. Auflage,München,Penguin Verlag,2019,215,"Fitzgerald, Zelda",,"Bonné, Eva",,"Lovenberg, Felicitas von",Fiktionale Darstellung; Erzählende Literatur,ger,eng
9783548291307; 3548291309,Hollywood Nachtstücke,"Neuausgabe im Ullstein Taschenbuch, 1. Auflage",Berlin,Ullstein,2019,277,"Ellroy, James",,"Mohr, Thomas",,,Fiktionale Darstellung; Anthologie; Erzählende Literatur: Gegenwartsliteratur ab 1945,ger,eng
9783792002605; 3792002604,Ich habe die Welt noch nicht gesehen,1. Auflage,Düsseldorf,Karl Rauch,2019,91,"Koritzinsky, Roskva",,,,,Anthologie; Erzählende Literatur: Gegenwartsliteratur ab 1945,ger,nor
9783608503975; 3608503978,Ihr Körper und andere Teilhaber,1. Auflage,Stuttgart,Tropen,2019,299,"Machado, Carmen Maria",,"Kroll, Anna-Nina",,,Anthologie; Erzählende Literatur: Gegenwartsliteratur ab 1945,ger,eng
9783945191439; 3945191432,Im Labyrinth,,Heidelberg,Draupadi Verlag,2019,190,"Rāya, Sārā",,"Hahn, Johanna",,,Anthologie; Erzählende Literatur,ger,hin
9783458241713; 345824171X,Im Umbau,Erste Auflage,Berlin,Insel Verlag,2019,227,"Mori, Ōgai","Schamoni, Wolfgang","Schamoni, Wolfgang",,,Anthologie; Erzählende Literatur: Anthologien,ger,jpn
9783832164805; 3832164804,Immergleiche Wege,1. Auflage,Köln,DuMont Buchverlag,2019,301,"Russo, Richard",,"Köpfer, Monika",,,Fiktionale Darstellung; Erzählende Literatur: Gegenwartsliteratur ab 1945,ger,eng
9783596906444; 359690644X,Keinem schlägt die Stunde,2. Auflage,Frankfurt am Main,FISCHER Taschenbuch,2019,363,"Bukowski, Charles",,"Krutzsch, Malte",,,Fiktionale Darstellung; Erzählende Literatur: Gegenwartsliteratur ab 1945,ger,eng
9783748585855; 3748585853,Kleopatras Kuss,Zweite Auflage,Berlin,Igor Heinrich Schestkow,2019,737,"Schestkow, Igor",,"Saalmann, Günter",,,Fiktionale Darstellung; Erzählende Literatur,ger,rus
9783863912345; 3863912349,Leben,1. Auflage,Berlin,Verlag Voland & Quist,2019,111,"Sencov, Oleh Hennadijovyč",,"Bondas, Irina",,,Fiktionale Darstellung; Romanhafte Biographien,ger,rus
9783446263635; 3446263632,Leidenschaften,1. Auflage,München,Carl Hanser Verlag,2019,282,"Singer, Isaac Bashevis",,"Otten, Ellen",,,Anthologie; Erzählende Literatur,ger,eng
9789605652791,Liebe im Schnee und andere Erzählungen,,Athēna,Andy's publishers,2019,78,"Papadiamantēs, Alexandros",,,,,Fiktionale Darstellung; Erzählende Literatur,ger,gre
9783863371791; 3863371798,Liebe ist Nuttengerede,Erste Auflage der Sonderausgabe,Zürich,weissbooks.w,2019,216,"Pancake, Breece D'J",,"Böhmer, Katharina",,,Fiktionale Darstellung; Erzählende Literatur: Gegenwartsliteratur ab 1945,ger,eng
9783150112489,Märchen und Geschichten,,Ditzingen,Reclam,2019,423,"Andersen, Hans Christian",,"Detering, Heinrich",,,Anthologie; Erzählende Literatur: Anthologien,ger,dan
9783311131021; 3311131029,Maigret und der Mann auf der Straße,1. Auflage,Zürich,Kampa,2019,103,"Simenon, Georges",,"Walz, Melanie",,"García Márquez, Gabriel","Fiktionale Darstellung; Krimis, Thriller, Spionage",ger,fre
9783550050558; 3550050550,Mothers,Deutsche Erstausgabe,Berlin,Ullstein,2019,287,"Power, Chris",,"Robben, Bernhard",,,Fiktionale Darstellung; Erzählende Literatur: Gegenwartsliteratur ab 1945,ger,eng
9783932109959; 3932109953,Neapel liegt nicht am Meer,Erste Auflage,Berlin,Friedenauer Presse,2019,231,"Ortese, Anna Maria",,"Schneider, Marianne",,"Haas, Franz",Anthologie; Erzählende Literatur: Anthologien,ger,ita
9783960271222; 3960271220,Neues aus Avonlea,Deutsche Erstausgabe,Barnstorf,Verlag 28 Eichen,2019,240,"Montgomery, L. M.",,"Erler, Nadine",,,Anthologie; Erzählende Literatur: Hauptwerk vor 1945,ger,eng
9783737411196; 3737411190,Norwegische Erzählungen,,Wiesbaden,marix Verlag,2019,237,,"Stilzebach, Daniela","Stilzebach, Daniela",,,Anthologie; Erzählende Literatur: Anthologien,ger,nor
9783963112164; 3963112166,Notlandung,1. Auflage,Halle (Saale),Mitteldeutscher Verlag,2019,302,"Böszörményi, Zoltán",,"Paetzke, Hans-Henning",,,Anthologie; Gemischte Anthologien; Erzählende Literatur,ger; hun,hun
9783453319455; 3453319451,Obelisk,Deutsche Erstausgabe,München,Wilhelm Heyne Verlag,2019,512,"Baxter, Stephen",,"Robert, Peter",,,Fiktionale Darstellung; Science Fiction,ger,eng
9783518804308; 3518804308,Sanfter Schrecken,1. Auflage,Berlin,Suhrkamp,2019,302,"Schmidt, Arno","Rauschenbach, Bernd","Schmidt, Arno","Ellin, Stanley; Schmidt, Arno","Queen, Ellery",Fiktionale Darstellung; Spannung,ger,eng
9783492314145; 3492314147,Schräge Typen,Ungekürzte Taschenbuchausgabe,München,Piper,2019,344,"Hanks, Tom",,"Löcher-Lawrence, Werner",,,Anthologie; Erzählende Literatur: Gegenwartsliteratur ab 1945; Erzählende Literatur: Anthologien,ger,eng
9783596905447; 3596905443,Schwierige Liebschaften,"Lizenzausgabe  des Carl Hanser-Verlags, München",Frankfurt am Main,FISCHER Taschenbuch,2019,858,"Calvino, Italo",,"Erné, Nino; Kroeber, Burkhart; Nostitz, Oswalt von; Riedt, Heinz; Kirchner, Julia Marianne; Moser, Helene; Rymarowicz, Caesar",,,Anthologie; Erzählende Literatur: Anthologien,ger,ita
9783423095440; 342309544X,See you later,,München,dtv,2019,166,,"Lindenberger, Raimund",,,,Anthologie; Zweisprachige Ausgaben: Deutsch / Englisch,eng; ger,eng
9783730608074; 373060807X,Sherlock Holmes - die besten Geschichten,,Köln,Anaconda Verlag,2019,416,"Doyle, Arthur Conan",,"Gleiner, Adolf; Herzog, H. O.; Jacobi, Margarete; Ottmann, Louis; Lautenbach, Rudolf",,,Fiktionale Darstellung; Spannung,ger,eng
9783596298990; 3596298997,Sherlock Holmes' Buch der Fälle,,Frankfurt am Main,FISCHER Taschenbuch,2019,317,"Doyle, Arthur Conan",,"Ahrens, Henning",,,Fiktionale Darstellung; Historische Kriminalromane,ger,eng
9783492059138; 3492059139,"So viele Hähne, so nah beim Haus",,München,Piper,2019,282,"Hart, Maarten 't",,"Seferens, Gregor",,,Anthologie; Erzählende Literatur: Gegenwartsliteratur ab 1945,ger,dut
9783426214626; 3426214628,Solange es leicht ist,Deutsche Erstausgabe,München,Knaur,2019,239,"Veen, Herman van",,"Woitkewitsch, Thomas",,,Anthologie; Erzählende Literatur: Anthologien; Romanhafte Biographien,ger,dut
9783981511642,Spirals of breath,,Kronberg im Taunus,Tranzlit,2019,99,"Kemp, Jan",,,,,Anthologie; Erzählende Literatur: Anthologien,eng; ger,eng
9783959813846; 3959813848,"Star Trek - 3 Captains, 3 Geschichten",,Ludwigsburg,Cross Cult ,2019,384,"Cox, Greg; Swallow, James; Miller, John Jackson",,"Picard, Susanne",,,"Fiktionale Darstellung; Science Fiction; Science Fiction, Fantasy",ger,eng
9783748585329; 3748585322,Subows ewiges Leben,2. Auflage,Berlin,Igor Heinrich Schestkow,2019,467,"Schestkow, Igor",,,,,Anthologie; Erzählende Literatur,ger,rus
9783518242278; 351824227X,Südliche Autobahn,Erste Auflage,Berlin,Suhrkamp,2019,289,"Cortázar, Julio",,"Wittkopf, Rudolf; Fries, Fritz Rudolf; Promies, Wolfgang",,,Fiktionale Darstellung; Erzählende Literatur,ger,spa
9783328600947; 3328600949,Tagtraum und Trunkenheit einer jungen Frau,1. Auflage,München,Penguin Verlag,2019,413,"Lispector, Clarice","Moser, Benjamin","Ruby, Luis",,,Anthologie; Erzählende Literatur: Anthologien; Erzählende Literatur,ger,por
9783596702862; 3596702860,Telefongespräche,"Lizenzausgabe des Hanser-Verlags, München",Frankfurt am Main,FISCHER Taschenbuch,2019,234,"Bolaño, Roberto",,"Hansen, Christian",,,Fiktionale Darstellung; Erzählende Literatur: Gegenwartsliteratur ab 1945,ger,spa
9783947185900; 3947185901,Till Eulenspiegel,1. Auflage,Münster,Spaß am Lesen Verlag,2019,72,"Hoefnagel, Marian",,"Zindler, Frederike",,,Fiktionale Darstellung; Erzählende Literatur,ger,dut
9783764532383; 3764532386,T.I.M.E Stories - Jagd durch die Zeit,1. Auflage,München,Penhaligon,2019,317,"Lambert, Christophe",,"Gerwig, Karen",,,Fiktionale Darstellung; Fantasy,ger,fre
9783492314527; 349231452X,Tod am Fjord,Ungekürzte Taschenbuchausgabe,München,Piper,2019,350,,"Wolandt, Holger","Haefs, Gabriele; Hartmann, Kerstin; Hildebrandt, Christel; Krummacher, Annika; Rüegger, Charlotta; Wolandt, Holger",,,"Anthologie; Anthologie; Erzählende Literatur: Anthologien; Krimis, Thriller, Spionage",ger,nor
9783730607961; 3730607960,Tolldreiste Geschichten,,Köln,Anaconda,2019,845,"Balzac, Honoré de",,"Rüttenauer, Benno",,"Doré, Gustave",Fiktionale Darstellung; Erzählende Literatur: Hauptwerk vor 1945,ger,fre
9783608981476; 3608981470,Überfallen,1. Auflage,Stuttgart,Klett-Cotta,2019,299,"Hearne, Kevin",,"Mader, Friedrich",,,Anthologie; Fantasy,ger,eng
9783964280145; 3964280143,Unheimliche Geschichten,1. Auflage,Berlin,Verlagshaus Jacoby & Stuart GmbH,2019,179,"Poe, Edgar Allan",,,,"Lacombe, Benjamin",,ger,eng
9783451384622; 3451384620,Warum der Vogel singt,,Freiburg,Herder,2019,142,"De Mello, Anthony",,"Schottelius, Ursula",,,Anthologie; Geschenkbücher,ger,eng
9783927648678; 3927648671,Was? Leslie Cheung ist tot?,,Stuttgart,Edition Delta,2019,205,"Gim, Gyeong ug","Burghardt, Juana","Gim, Hyeog sug; Selzer, Manfred",,,Anthologie; Erzählende Literatur,ger,kor
9783311134305; 3311134303,Weihnachten in Paris,1. Auflage,Zürich,Kampa,2019,153,"Simenon, Georges",,"Becker, Julia; Edl, Elisabeth; Matz, Wolfgang",,,"Fiktionale Darstellung; Krimis, Thriller, Spionage",ger,fre
9783785726587; 3785726589,Weihnachtszauber im Cottage,1. Auflage,Köln,Ehrenwirth,2019,365,"Fforde, Katie",,,,,Fiktionale Darstellung; Erzählende Literatur,ger,eng
9783451384615; 3451384612,Wer bringt das Pferd zum Fliegen?,,Freiburg,Herder,2019,208,"De Mello, Anthony",,"Schottelius, Ursula",,,Anthologie; Geschenkbücher,ger,eng
9783927648685; 392764868X,"Wer glücklich ist, schaut nicht auf die Uhr",,Stuttgart,Edition Delta,2019,225,"Eun, Hui gyeong","Burghardt, Juana","Gim, Hyeog sug; Selzer, Manfred",,,Anthologie; Erzählende Literatur,ger,kor
9783868205220,Werke in drei Bänden,,Hamburg,Nikol Verlag,2019,756,"Wilde, Oscar",,"Zoozmann, Richard",,,,ger,eng
9783257244588; 3257244584,Wie man es vermasselt,1. Auflage,Zürich,Diogenes,2019,333,"Watsky, George",,"Merling, Jenny",,,Fiktionale Darstellung; Erzählende Literatur: Gegenwartsliteratur ab 1945,ger,eng
9783499271861; 3499271869,"Wie spät ist es jetzt dort, wo du bist?",,Reinbek bei Hamburg,Rowohlt Taschenbuch Verlag,2019,250,"McCann, Colum",,"Gunsteren, Dirk van",,,Anthologie; Erzählende Literatur: Gegenwartsliteratur ab 1945,ger,eng
9783492502788; 3492502784,"Wildes Feuer, scharfe Krallen",,München,Piper,2019,544,"Laurenston, Shelly",,"Gerwig, Karen; Hummel, Doris; Link, Michaela",,,"Fiktionale Darstellung; Fantasy; Science Fiction, Fantasy",ger,eng
9783518469699; 351846969X,Wo die Schakale heulen,Erste Auflage,Berlin,Suhrkamp,2019,316,"ʿOz, Amos",,"Pressler, Mirjam",,,Fiktionale Darstellung; Erzählende Literatur: Gegenwartsliteratur ab 1945,ger,heb
9783869151908; 3869151900,Worum es wirklich geht,"Lizenzausgabe der Verlage Hoffmann und Campe, Hamburg und Klett Cotta, Stuttgart, 1. Auflage",Berlin,Ebersbach & Simon,2019,191,"Lessing, Doris",,"Christ, Barbara; Dormagen, Adelheid; Grube, Anette",,"Simone, Frieling",Fiktionale Darstellung; Erzählende Literatur: Gegenwartsliteratur ab 1945,ger,eng
9783442718450; 3442718457,Zehnter Dezember,"1. Auflage, Taschenbuch-Sonderausgabe",München,btb,2019,345,"Saunders, George",,"Heibert, Frank",,,Anthologie; Erzählende Literatur,ger,eng
9783847906551; 3847906550,Zerbrechliche Dinge,1. Auflage,Köln,Eichborn,2019,411,"Gaiman, Neil",,"Leò, Ruggero; Riffel, Hannes; Riffel, Sara; Schmidt, Dietmar",,,Anthologie; Erzählende Literatur: Anthologien; Erzählende Literatur: Gegenwartsliteratur ab 1945,ger,eng
9783596701995; 3596701996,Ab morgen wird alles anders,,Frankfurt am Main,Fischer Taschenbuch,2018,297,"Gavalda, Anna",,"Kronenberger, Ina",,,Fiktionale Darstellung; Erzählende Literatur: Gegenwartsliteratur ab 1945,ger,fre
9783518468579; 351846857X,Alle meine Freunde haben wen umgebracht,"Erste Auflage, deutsche Erstausgabe",Berlin,Suhrkamp,2018,212,"Dawkins, Curtis",,"Meyer, Hannes",,,Fiktionale Darstellung; Erzählende Literatur: Gegenwartsliteratur ab 1945,ger,eng
9783946839019; 3946839010,"Alles, was ich über Zahlen weiss",,Stuttgart,Akademie Schloss Solitude,2018,135,"Wigfall, Clare",,"Frühauf, David",,,Anthologie; Erzählende Literatur,ger,eng
9783552058866; 3552058869,Als die Welt ganz war,1. Auflage,Wien,Paul Zsolnay Verlag,2018,332,"Vosganian, Varujan",,"Wichner, Ernest",,,Fiktionale Darstellung; Erzählende Literatur; Erzählende Literatur: Gegenwartsliteratur ab 1945,ger,rum
9783942527064,Aus heiterem Himmel,,Potsdam,edition tethys,2018,74,"Aḫlāqī, Taqī",,"Baghestani, Susanne",,,Fiktionale Darstellung; Erzählende Literatur,ger; per,per
9783492550024; 3492550029,Beute und andere Erzählungen,,München,Piper,2018,253,"Gordimer, Nadine",,"Schaden, Barbara",,,Anthologie; Erzählende Literatur: Anthologien,ger,eng
9783956316654; 3956316657,Beziehungen,1. Auflage,Aachen,Shaker Media,2018,264,"Hendus, Galina",,"Dyck, Larissa; Aristanov, Nelly",,,Fiktionale Darstellung; Erzählende Literatur,ger,rus
9783942374934; 3942374935,Bittere Bonbons,"1. Auflage, Originalausgabe",Gräfelfing,edition fünf,2018,256,,"Gratzfeld, Rachel",,,,Anthologie; Erzählende Literatur; Erzählende Literatur: Gegenwartsliteratur ab 1945,ger,geo
9783944751177; 3944751175,Bruchstücke,Erste Auflage,Löhne,Cass,2018,156,"Aoyama, Nanae",,"Busson, Katja; Lommatzsch, Frieder",,,Fiktionale Darstellung; Erzählende Literatur,ger,jpn
9783596299928; 3596299926,Bumerang,1. Auflage,Frankfurt am Main,FISCHER Taschenbuch,2018,604,"Ḳeret, Etgar",,"Linner, Barbara",,,Anthologie; Erzählende Literatur: Gegenwartsliteratur ab 1945,ger,heb
9783492312103,Charisma,ungekürzte Taschenbuchausgabe,München,Piper,2018,367,"Salter, James",,"Howeg, Beatrice; Friedrich, Malte; Hansen, Nikolaus",,,Anthologie; Erzählende Literatur: Anthologien,ger,eng
9783955561505; 395556150X,D9E - der loganische Krieg,,Nittendorf,Wurdack Verlag,2018,279,"Bicker, Veronika; Cernohuby, Stefan; Reß, Alessandra",,,,,,ger,eng
9783717524229; 3717524224,Das babylonische Wörterbuch,,München,Manesse Verlag,2018,245,Machado de Assis,,"Gareis, Marianne; Strasser, Melanie",,,Anthologie; Erzählende Literatur,ger,por
9783943562637; 3943562638,Das Buch der entbehrlichen Gedanken,"1. Auflage, deutsche Erstausgabe",Berlin,binooki,2018,168,"Demir, Ömür İklim",,,,,Fiktionale Darstellung; Erzählende Literatur,ger,tur
9783596521692; 3596521696,Das Gegenteil von Einsamkeit,,Frankfurt am Main,FISCHER Taschenbuch,2018,315,"Keegan, Marina",,"Jakobeit, Brigitte",,,Anthologie; Erzählende Literatur: Gegenwartsliteratur ab 1945,ger,eng
9783455004694; 3455004695,Das Geheimnis des Weihnachtspuddings,1. Auflage,Hamburg,Atlantik Verlag,2018,173,"Christie, Agatha","Kampa, Daniel",,,,"Anthologie; Krimis, Thriller, Spionage",ger,eng
9783498016753; 349801675X,Das große Experiment,1. Auflage,Reinbek,Rowohlt ,2018,331,"Eugenides, Jeffrey",,"Hens, Gregor",,,Anthologie; Erzählende Literatur: Anthologien; Erzählende Literatur: Gegenwartsliteratur ab 1945,ger,eng
9783741300936,Das letzte Rätsel,Vollständige ePub-to-Print-Ausgabe,Köln,beThrilled,2018,364,"Costello, Matthew; Richards, Neil",,,"Costello, Matthew; Costello, Matthew; Costello, Matthew",,"Fiktionale Darstellung; Krimis, Thriller, Spionage",ger,eng
9783426282137; 3426282135,Das Mädchen mit dem Fächer,Deutsche Erstausgabe,München,Droemer,2018,351,,"Block, Lawrence","Czwikla, Frauke",,,Anthologie; Erzählende Literatur: Anthologien,ger,eng
9783426277270; 3426277271,"Das Mädchen, das Perlen lächelte",Deutsche Erstausgabe,München,Droemer,2018,315,"Wamariya, Clemantine; Weil, Elizabeth",,"Strerath-Bolz, Ulrike",,,Erlebnisbericht; Romanhafte Biographien,ger,eng
9783426292907; 3426292904,Das magische Café,Deutsche Erstausgabe,München,O.W. Barth,2018,239,"Kawaguchi, Toshikazu",,"Thiele, Sabine",,,Fiktionale Darstellung; Erzählende Literatur,ger,jpn
9783943208467; 394320846X,Das Parfum von Ägypten und andere seltsame Geschichten,,München,Verlag Heliakon,2018,204,"Leadbeater, Charles W.",,"Syring, Osmar Henry",,,Anthologie; Fantasy,ger,eng
9783825151706; 3825151700,Das Puppenhaus,,Stuttgart,Urachhaus,2018,185,"Jansson, Tove",,"Kicherer, Birgitta",,"Rothfos & Gabler, Rothfos &.",Anthologie; Erzählende Literatur,ger,swe
9783498074029; 3498074024,Das rote Notizbuch,"Neuausgabe, 1. Auflage",Reinbek bei Hamburg,Rowohlt,2018,105,"Auster, Paul",,"Schmitz, Werner",,,Anthologie; Erzählende Literatur: Gegenwartsliteratur ab 1945,ger,eng
9783938375938; 3938375930,Das Samtkleid,,Wuppertal,Arco,2018,247,"J̌avaxišvili, Mixeil","Lichtenfeld, Kristiane","Lichtenfeld, Kristiane",,,Fiktionale Darstellung; Erzählende Literatur,ger,geo
9783406725272; 3406725279,Denn sie sterben jung,,München,C.H. Beck,2018,205,"Ruiz-Camacho, Antonio",,"Maass, Johann Christoph",,,Fiktionale Darstellung; Erzählende Literatur,ger,eng
9783462401981; 346240198X,Der achte Tag der Woche,Unveränderter Reprint einer älteren Ausgabe,Köln,Kiepenheuer & Witsch,2018,228,"Hłasko, Marek",,"Cerny, Vera; Goerke, Hans",,,Fiktionale Darstellung; Erzählende Literatur,ger,pol
9783763269907,"Der Jude, der am Sabbat nicht betet",1. Auflage,Frankfurt am Main,Büchergilde Gutenberg,2018,314,"Samokovlija, Isak",,,,,Anthologie; Erzählende Literatur: Anthologien,ger,hrv; srp
9783947853007; 3947853009,Der Sternenwald,1. Auflage,Kaltental,Wind Child Publishing ,2018,24,"Jacobsen, Ole",,,,,Fiktionale Darstellung; Geschenkbücher,ger,swe
9783965450028; 3965450026,Der Wanderer,"1. Auflage, illustrierte Ausgabe",Weimar,aionas Verlag,2018,71,"Ǧibrān, Ǧibrān Ḫalīl",,"Varell, Alexander",,,Fiktionale Darstellung; Erzählende Literatur: Hauptwerk vor 1945,ger,eng
9783730606087; 3730606085,Die besten Geschichten,,Köln,Anaconda,2018,319,"Dostoevskij, Fëdor Michajlovič",,,,,Fiktionale Darstellung; Erzählende Literatur: Hauptwerk vor 1945,ger,rus
9783730606643; 3730606646,Die besten Geschichten,,Köln,Anaconda,2018,317,"Turgenev, Ivan Sergeevič",,,,,Fiktionale Darstellung; Erzählende Literatur: Hauptwerk vor 1945,ger,rus
9783835331945; 3835331949,Die Entführung aus dem Serail,1. Auflage,Göttingen,Wallstein Verlag,2018,219,,"Stănescu, Bogdan-Alexandru; Aescht, Georg; Wichner, Ernest",,,,Anthologie; Erzählende Literatur: Anthologien,ger,rum
9783940524744; 3940524743,Die Erfindung des Ostens,,Berlin,Edition.fotoTAPETA,2018,140,"Tavelije, Irma",,"Guruli, Iunona",,,Anthologie; Erzählende Literatur: Anthologien,ger,geo
9783596188024,"Die Frau, die nicht lieben wollte und andere wahre Geschichten über das Unbewusste",,Frankfurt am Main,FISCHER Taschenbuch,2018,235,"Grosz, Stephen",,,,,Anthologie; Erzählende Literatur: Anthologien,ger,eng
9783442713547; 3442713544,Die ganze Geschichte und andere Geschichten,"1. Auflage, genehmigte Taschenbuchauflage",München,btb,2018,204,"Smith, Ali",,"Morawetz, Silvia",,,Anthologie; Erzählende Literatur,ger,eng
9783896676412; 3896676415,Die Geflüchteten,1. Auflage,München,Blessing,2018,222,"Nguyen, Viet Thanh",,"Müller, Wolfgang",,,Fiktionale Darstellung; Erzählende Literatur,ger,eng
9783498073992; 3498073990,Die Grosszügigkeit der Meerjungfrau,1. Auflage,Reinbek bei Hamburg,Rowohlt,2018,221,"Johnson, Denis",,"Abarbanell, Bettina",,,Anthologie; Erzählende Literatur: Gegenwartsliteratur ab 1945,ger,eng
9783763269884,Die Leute von Privilege Hill,,Frankfurt am Main,Büchergilde Gutenberg,2018,347,"Gardam, Jane",,,,,Anthologie; Erzählende Literatur; Erzählende Literatur: Anthologien,ger,eng
9783499291630; 3499291630,Die Liebe schreibt die schönsten Geschichten,Deutsche Erstausgabe,Reinbek bei Hamburg,Rowohlt Taschenbuch Verlag,2018,329,"Platt, Jo",,"Naumann, Katharina",,,Fiktionale Darstellung; Erzählende Literatur: Gegenwartsliteratur ab 1945,ger,eng
9783596191567; 3596191564,Die Liebenden von Allerheiligen,Lizenzausgabe,Frankfurt am Main,FISCHER Taschenbuch,2018,258,"Vásquez, Juan Gabriel",,"Lange, Susanne",,,Anthologie; Erzählende Literatur: Gegenwartsliteratur ab 1945; Erzählende Literatur,ger,spa
9783103973846; 3103973845,Die Rache der Vergebung,1. Auflage,Frankfurt am Main,S. Fischer,2018,316,"Schmitt, Éric-Emmanuel",,"Frucht, Marlene",,,Erzählende Literatur: Gegenwartsliteratur ab 1945,ger,fre
9783518469927; 3518469924,Die so gefürchtete Hölle,Erste Auflage,Berlin,Suhrkamp,2018,174,"Onetti, Juan Carlos","Becker, Svenja; Dormagen, Jürgen","Muster, Wilhelm; Poppenberg, Gerhard",,,Fiktionale Darstellung; Erzählende Literatur: Gegenwartsliteratur ab 1945,ger,spa
9783492311748,Die steinerne Matratze,Ungekürzte Taschenbuchausgabe,München,Piper,2018,303,"Atwood, Margaret",,"Baark, Monika",,,Anthologie; Erzählende Literatur: Anthologien,ger,eng
9783940435248; 3940435244,Die verzauberte Schaufensterpuppe,"Erste Auflage, ungekürzte Ausgabe",Trier,Litradukt,2018,138,"Phelps, Anthony",,"Schmutte, Ingeborg",,,Anthologie; Erzählende Literatur: Gegenwartsliteratur ab 1945,ger,fre
9783458363217; 3458363211,Die Vögel,"Originalausgabe, Neuübersetzung",Berlin,Insel Verlag,2018,144,"Du Maurier, Daphne",,"Dormagen, Christel; Heinrich, Brigitte","Du Maurier, Daphne; Du Maurier, Daphne",,Fiktionale Darstellung; Erzählende Literatur: Hauptwerk vor 1945,ger,eng
9783847740346; 3847740342,Dies ist keine Erzählung,1. Auflage,Berlin,AB - Die Andere Bibliothek,2018,237,"Diderot, Denis",,,,,Fiktionale Darstellung; Erzählende Literatur: Hauptwerk vor 1945,ger,fre
9783763269792,Drei Geschichten,Lizenzausgabe,Frankfurt am Main,Büchergilde Gutenberg,2018,315,"Flaubert, Gustave",,"Edl, Elisabeth",,,Anthologie; Erzählende Literatur: Anthologien,ger,fre
9783956193361; 3956193369,Drei Mann und ein Hai und andere Erzählungen,,Stuttgart,Reader's Digest,2018,303,"Hašek, Jaroslav",,"Just, Gustav",,,Anthologie; Erzählende Literatur,ger,cze
9783940435279; 3940435279,Dreizehn Voodoo-Erzählungen,"Erste Auflage, ungekürzte Ausgabe",Trier,litradukt,2018,140,"Victor, Gary",,"Schmutte, Ingeborg; Wüllenkemper, Cornelius",,,Erzählende Literatur: Gegenwartsliteratur ab 1945,ger,fre
9783958295322; 9783958295339; 3958295320,Dubliner Geschichten,1. Auflage,Göttingen,Steidl,2018,592,"Brennan, Maeve",,"Oeser, Hans-Christian",,,Anthologie; Erzählende Literatur: Anthologien,ger,eng
9783981778939; 3981778936,Ein Becher Blut,"Deutsche Erstausgabe, 1. Auflage",Berlin,Edition Monhardt,2018,248,"Leschawa, Surab",,"Muskhelishvili, Tamar",,"Andronikashvili, Zaal",Fiktionale Darstellung; Erzählende Literatur: Gegenwartsliteratur ab 1945,ger,geo
9783868068801; 9783868068818; 3868068805,Ein brasilianisches Juwel,,Willebadessen,Zwiebelzwerg Verlag,2018,123,"Freudenthal, Hans",,,,"Laufenburg, Heike",Fiktionale Darstellung; Erzählende Literatur: Gegenwartsliteratur ab 1945,ger,por
9783958295216; 3958295215,Ein Spiegelbild im Wasser,Erste Auflage,Göttingen,Steidl GmbH & Co. OHG,2018,461,Halldór Laxness,,"Seelow, Hubert",,,Anthologie; Erzählende Literatur: Gegenwartsliteratur ab 1945,ger,ice
9783328102762; 3328102760,Eine letzte Liebschaft,1. Auflage,München,Penguin Verlag,2018,192,"Yates, Richard",,"Gunkel, Thomas",,,Anthologie; Erzählende Literatur,ger,eng
9783596321988; 3596321980,Eine Liebe,1. Auflage,Frankfurt am Main,FISCHER Taschenbuch,2018,106,"Presciuttini, Paola",,"Gabler, Irmengard",,,Erzählende Literatur,ger,ita
9783963180262; 3963180269,Eine Studie in Scharlachrot,1. Auflage,Leipzig,Haffmans Verlag bei Zweitausendeins,2018,206,"Doyle, Arthur Conan",,,,,"Fiktionale Darstellung; Historische Kriminalromane; Krimis, Thriller, Spionage",ger,eng
9783833236303; 3833236302,Eine unheilvolle Allianz,1. Auflage,Stuttgart,Panini Verlags GmbH,2018,761,"Williams, Sean; Kemp, Paul S.",,"Dinter, Jan","Williams, Sean; Williams, Sean",,Fiktionale Darstellung; Science Fiction,ger,eng
9783944543550; 3944543556,"Eine Zusammenfassung von allem, was war",1. Auflage,Berlin,mikrotext,2018,167,"Abbas, Rasha",,"Hetzl, Sandra",,,Fiktionale Darstellung; Erzählende Literatur; Historische Romane und Erzählungen; Erzählende Literatur: Gegenwartsliteratur ab 1945,ger,ara
9783596906703; 3596906709,Electric dreams,Originalausgabe,Frankfurt am Main,FISCHER Taschenbuch,2018,238,"Dick, Philip K.",,"Mohr, Thomas; Wohl, Bela; Timmermann, Klaus; Wasel, Ulrike",,,"Anthologie; Science Fiction, Fantasy",ger,eng
9783945713600; 3945713609,Elf künftige Zeiten,1. Auflage,Zossen,Edition SOLAR-X,2018,194,"Suchowolski, Carlos",,"Oberacker-Pilick, Pia",,,Fiktionale Darstellung; Fantastische Literatur,ger,spa
9783423146166; 3423146168,England und andere Stories,,München,dtv,2018,302,"Swift, Graham",,"Höbel, Susanne",,,Anthologie; Erzählende Literatur: Gegenwartsliteratur ab 1945,ger,eng
9783257300567; 3257300565,Erinnerungen aus der Sackgasse,1. Auflage,Zürich,Diogenes,2018,278,"Yoshimoto, Banana",,"Ortmanns, Annelie",,,Fiktionale Darstellung; Erzählende Literatur: Gegenwartsliteratur ab 1945,ger,jpn
9783890607474; 3890607470,Erlas Elfen,2. Auflage,Saarbrücken,Neue Erde,2018,123,Erla Stefánsdóttir,,,,,Anthologie; Erzählende Literatur: Anthologien,ger,ice
9783957070630; 3957070635,Erzählungen aus dem Mesnewi,Erstauflage,Köln,Erol Medien GmbH,2018,388,Ǧalāl-ad-Dīn Rūmī,"Fidan, Ahmet Kasım",,,,Fiktionale Darstellung; Erzählende Literatur,ger,per
9788378662563; 837866256X,Erzählungen aus dem toten Städtchen,,Kraków,Verlag Austeria,2018,277,"Segal, Kalman",,"Jankowska, Agnieszka",,"Ruta, Magdalena, 1964-",Fiktionale Darstellung; Erzählende Literatur,ger,pol
9783954903238,Erzählungen aus Georgien,,Wiesbaden,Reichert Verlag,2018,233,"Čavčavaje, Ilia","Tandaschwili, Manana","Lichtenfeld, Kristiane",,,Anthologie; Erzählende Literatur: Anthologien,ger,geo
9783962020149; 3962020144,Flüchtlingscafé,1. Auflage,Bremen,Sujet Verlag,2018,187,"Kišāwarz, Nāhīd",,"Matzke, Monika",,,Anthologie; Erzählende Literatur: Gegenwartsliteratur ab 1945,ger,per
9783935597913; 3935597916,Gärtnern im Kriegsgebiet und andere Erzählungen,1. Auflage,Berlin,Dağyeli,2018,127,"P̕xakaje, T̕amri",,"Guruli, Iunona",,,Fiktionale Darstellung; Erzählende Literatur: Gegenwartsliteratur ab 1945,ger,geo
9783945867167; 3945867169,Gebirgspass,Erste Auflage,Berlin,ciconia ciconia,2018,199,"Pepperštejn, Pavel Viktorovič",,"Rajer, Maria",,"Razumov, Ivan; Velminski, Wladimir",Fiktionale Darstellung; Erzählende Literatur,ger,rus
9783442486618; 3442486610,"Geheime Geschichten für Frauen, die Saris tragen","1. Auflage, deutsche Erstveröffentlichung",München,Goldmann,2018,478,"Jaswal, Balli Kaur",,"Retterbush, Stefanie",,,Fiktionale Darstellung; Erzählende Literatur: Gegenwartsliteratur ab 1945,ger,eng
9783965450035; 3965450034,Gesammelte Gleichnisse und Geschichten,"1. Auflage, illustrierte Ausgabe",Weimar,aionas Verlag,2018,167,"Ǧibrān, Ǧibrān Ḫalīl",,,,,Fiktionale Darstellung; Erzählende Literatur: Hauptwerk vor 1945,ger,eng
9783492550253; 3492550258,Geschichten ohne Liebe,,München,Piper,2018,113,"Cela, Camilo José",,"Specht, Rainer",,,Anthologie; Erzählende Literatur: Gegenwartsliteratur ab 1945,ger,spa
9783455406221; 345540622X,Geschichten von anderswo,,Hamburg,Hoffmann und Campe,2018,285,"Shakespeare, Nicholas",,"Deggerich, Georg",,,Erzählende Literatur: Gegenwartsliteratur ab 1945,ger,eng
9781977070852,"Geschichten, die Mut machen",,Wolfsburg,Metagraφo,2018,233,"Fischer, Dietrich",,,,,Anthologie; Erzählende Literatur: Anthologien,ger,eng
9783763270255,Good home,Lizenzausgabe,Frankfurt am Main,Büchergilde Gutenberg,2018,428,"Boyle, T. Coraghessan",,"Grube, Anette; Gunsteren, Dirk van",,,Anthologie; Erzählende Literatur: Anthologien; Erzählende Literatur: Gegenwartsliteratur ab 1945,ger,eng
9783446258082; 3446258086,Good home,1. Auflage,München,Carl Hanser Verlag,2018,428,"Boyle, T. Coraghessan",,"Grube, Anette; Gunsteren, Dirk$cvan",,,Fiktionale Darstellung; Erzählende Literatur: Gegenwartsliteratur ab 1945,ger,eng
9783446261051; 3446261052,Good Night Stories for Rebel Girls - Ausmalbuch,2. Auflage,München,"Hanser, Carl",2018,24,"Favilli, Elena; Cavallo, Francesca",,,,,Geschenkbücher,ger,eng
9783462402001; 3462402005,Happy days?,Unveränderter Reprint einer älteren Ausgabe,Köln,Kiepenheuer & Witsch,2018,255,"Howland, Chris",,"Fritz, Franca; Koop, Heinrich",,,Fiktionale Darstellung; Erzählende Literatur,ger,eng
9783688112364; 3688112369,Heiß und hemmungslos,1. Auflage,Reinbek,ROWOHLT Repertoire,2018,288,,,,"Mason, Kit; Thiesmeyer, Ulrike",,Anthologie; Erzählende Literatur: Gegenwartsliteratur ab 1945,ger,eng
9783962000981; 3962000984,Hier habe ich gelebt,1. Auflage,Kirchheim,Verlagshaus Schlosser,2018,308,"Popov, Gennadij",,"Opfermann, Josef Meinolf",,,Anthologie; Erzählende Literatur,ger,rus
9783958294332; 3958294332,Hilaire Bellocs Klein-Kinder-Bewahr-Anstalt,1. Auflage,Göttingen,L.S.D.,2018,62,"Belloc, Hilaire",,"Enzensberger, Hans Magnus",,,Anthologie; Lyrik,ger,eng
9783962610296; 3962610294,His Royal Highness Sammelband,Auflage: 1,Köln,Angelwing Verlag,2018,432,"Taylor, Drucie Anne",,,,,Fiktionale Darstellung; Erzählende Literatur,ger,eng
9783518428061; 3518428063,"""Ich schicke meinen Schatten voraus""",1. Auflage,Berlin,Suhrkamp,2018,729,"Cvetaeva, Marina","Rakusa, Ilma","Angarowa, Hilde; Erb, Elke; Rakusa, Ilma; Schubert, Margret; Bott, Marie-Luise",,,Anthologie; Erzählende Literatur: Hauptwerk vor 1945,ger,rus
9783857877957; 3857877952,Ich tötete - ich blutete,Erste Auflage,Basel,Lenos Verlag,2018,183,"Cendrars, Blaise","Zweifel, Stefan",,,,Fiktionale Darstellung; Erzählende Literatur,ger,fre
9783832198855; 3832198857,Immergleiche Wege,Erste Auflage,Köln,DuMont,2018,301,"Russo, Richard",,"Köpfer, Monika",,,Fiktionale Darstellung; Erzählende Literatur: Gegenwartsliteratur ab 1945,ger,eng
9783737410830; 3737410836,Isländische Erzählungen,,Wiesbaden,marix verlag,2018,203,,"Klumpp, Eva-Maria","Klumpp, Eva-Maria",,,Anthologie; Erzählende Literatur: Anthologien; Gemischte Anthologien,ger,ice
9783942374958; 3942374951,Jedes Ding an seinem Platz,"Originalausgabe, 1. Auflage",Gräfelfing,edition fünf,2018,192,"Timmerije, Anneloes",,"Bach, Bettina",,,Erzählende Literatur,ger,dut
9788085874860; 8085874865,Ještědské květy,"Druhé, opravené a doplněné knižní vydání",Liberec,Krajská vědecká knihovna v Liberci,2018,235,"Sekyra, Marek; Simm, Otokar",,"Drugová, Lenka; Šidlofová, Kateřina",,,Anthologie; Gemischte Anthologien,cze; ger,cze; ger
9783257261400; 3257261403,Katzengeschichten,1. Auflage,Zürich,Diogenes,2018,123,"Highsmith, Patricia",,,,,Fiktionale Darstellung; Erzählende Literatur; Erzählende Literatur: Gegenwartsliteratur ab 1945,ger,eng
9783596034109; 3596034108,Keine Liebe mehr,,Frankfurt am Main,FISCHER Taschenbuch,2018,508,"Marías, Javier",,"Lange, Susanne; Wehr, Elke; Zuniga, Renate",,,Anthologie; Erzählende Literatur: Gegenwartsliteratur ab 1945,ger,spa
9783905752601; 3905752603,Kinder der Erde,Deutsche Erstausgabe,Winterthur,Edition Spuren,2018,139,"Burkhalter, Didier",,"Schuhmacher, Maike; Schuhmacher, Stephan",,,Fiktionale Darstellung; Erzählende Literatur,ger,fre
9783865526328; 3865526322,Köder,1. Auflage,Borsdorf,Festa,2018,147,"Palahniuk, Chuck",,,,,Fiktionale Darstellung; Erzählende Literatur: Gegenwartsliteratur ab 1945,ger,eng
9783868204889,Kurzgeschichten,,Hamburg,Nikol Verlag,2018,972,"Lovecraft, H. P.",,"Eisenhofer, Hannelore",,,Anthologie; Horror,ger,und
9783981969504,Laternen,,Köln,Mnemosina-Domisdat,2018,235,"Gazdanov, Gajto",,"Wiebe, Marianne; Kollenbach, Dorothea; Raupach, Helga",,"Kravecʹ, Viktor V.",Anthologie,ger,rus
9788380889484; 8380889487; 9788380889491; 8380889495,Literatura w cieniu fabrycznych kominów,Wydamie 1,Łódź,Wydawnictwo Uniwersytetu Łódzkiego,2018,457,,"Kucner, Monika; Riecke, Jörg","Półrola, Małgorzata",,,Anthologie; Erzählende Literatur: Anthologien,ger; pol,pol
9783423095396; 3423095393,Love is a funny thing,,München,dtv,2018,223,,"Fenzl, Richard","Fenzl, Richard",,,Anthologie; Zweisprachige Ausgaben: Deutsch / Englisch,eng; ger,eng
9783596322169; 3596322162,Madonna Stories,1. Auflage,Frankfurt am Main,FISCHER Taschenbuch,2018,88,"Paulsen, Gary",,"Jakobeit, Brigitte",,,Erzählende Literatur,ger,eng
9783990293089; 3990293087,Marines Engel,,Klagenfurt,Wieser Verlag,2018,65,"Melašvili, T̕amt̕a",,"Rek-Kotrikaje, T̕amar",,,Fiktionale Darstellung; Erzählende Literatur,ger,geo
9783730606070; 3730606077,Mark Twain - die besten Geschichten,,Köln,Anaconda,2018,320,"Twain, Mark",,"Conrad, Heinrich",,,Fiktionale Darstellung; Erzählende Literatur: Hauptwerk vor 1945,ger,eng
9783741300929,Morden will gelernt sein,Vollständige ePub-to-Print-Ausgabe,Köln,beTHRILLED,2018,366,,,"Schilasky, Sabine","Costello, Matthew; Costello, Matthew; Costello, Matthew",,"Fiktionale Darstellung; Krimis, Thriller, Spionage",ger,eng
9783596320080; 3596320089,Mutter macht Geschichten,1. Auflage,Frankfurt am Main,FISCHER Taschenbuch,2018,168,"Troy, Una",,"Lepsius, Susanne",,,Erzählende Literatur,ger,eng
9783036957777; 3036957774,Nächste Station,Deutsche Erstausgabe,Zürich,Kein & Aber,2018,205,"Simpson, Helen",,"Grabinger, Michaela",,,Fiktionale Darstellung; Erzählende Literatur,ger,eng
9783688111183; 3688111184,Nächte in Samt und Seide,1. Auflage,Reinbek,ROWOHLT Repertoire,2018,320,,,,"Sabinski, Johannes",,Anthologie; Erzählende Literatur: Gegenwartsliteratur ab 1945,ger,eng
9783293207950; 3293207952,Neun Nächte mit Violeta,1. Auflage,Zürich,Unionsverlag,2018,250,"Padura, Leonardo",,"Hartstein, Hans-Joachim",,,Fiktionale Darstellung; Erzählende Literatur: Gegenwartsliteratur ab 1945,ger,spa
9783958295315; 9783958295339; 3958295312,New Yorker Geschichten,1. Auflage,Göttingen,Steidl,2018,576,"Brennan, Maeve",,"Oeser, Hans-Christian",,,Anthologie; Erzählende Literatur: Anthologien,ger,eng
9783933847546; 3933847540,"""Ni kaza en Turkiya""","Erste Auflage, deutsche Originalausgabe",Engelschoff,Verlag auf dem Ruffel,2018,149,,"Riemann, Wolfgang","Riemann, Wolfgang",,,Anthologie; Erzählende Literatur,ger,tur
9783854099024; 3854099029,Parallelexistenzen,,Wien,Löcker,2018,155,,"Frenzel, Sonja; Kreiner, Stefanie",,,,Anthologie; Erzählende Literatur: Anthologien,ger,eng
9783959881098; 3959881096,Paul Temple - die verschollenen Fälle,Erste Auflage,Hamburg,PIDAX,2018,191,"Durbridge, Francis",,"Pagitz, Georg",,,"Anthologie; Krimis, Thriller, Spionage; Historische Kriminalromane",ger,eng
9783596906697; 3596906695,Presence,1. Auflage,Frankfurt am Main,FISCHER Taschenbuch,2018,416,"Miller, Arthur",,"Strätling, Uda",,,Erzählende Literatur: Gegenwartsliteratur ab 1945,ger,eng
9783404177585; 3404177584,Rendezvous zum Weihnachtsfest,Vollständige Taschenbuchausgabe der bei Lübbe Ehrenwirth erschienenen Hardcoverausgabe,Köln,Bastei Lübbe Taschenbuch,2018,318,"Fforde, Katie",,"Werner-Richter, Ulrike",,,Fiktionale Darstellung; Erzählende Literatur: Gegenwartsliteratur ab 1945,ger,eng
9783833236495; 3833236493,Revan,1. Auflage,Stuttgart,Panini Verlags GmbH,2018,623,"Karpyshyn, Drew",,"Dinter, Jan","Karpyshyn, Drew; Karpyshyn, Drew",,Fiktionale Darstellung; Science Fiction,ger,eng
9783958292093,Sämtliche Erzählungen,Gewebeausgabe,Göttingen,Steidl,2018,2,"Brennan, Maeve",,"Oeser, Hans-Christian",,,Anthologie; Erzählende Literatur: Anthologien,ger,eng
9783688109197; 3688109198,Schmutzige Spiele,1. Auflage,Reinbek,ROWOHLT Repertoire,2018,256,,,,"Pita, Maria Isabel; Peters, Julia",,Erzählende Literatur: Gegenwartsliteratur ab 1945,ger,eng
9783492057172,Schräge Typen,,München,Piper,2018,344,"Hanks, Tom",,"Löcher-Lawrence, Werner",,,Anthologie; Erzählende Literatur: Gegenwartsliteratur ab 1945,ger,eng
9783940357694; 3940357693,Schuld und Gewissensbiss,1. Auflage,Düsseldorf,Lilienfeld Verlag,2018,174,"Bove, Emmanuel",,"Laux, Thomas",,"Laux, Thomas",Fiktionale Darstellung; Erzählende Literatur; Erzählende Literatur: Hauptwerk vor 1945,ger,fre
9783596035649; 3596035643,Seine Abschiedsvorstellung,,Frankfurt am Main,FISCHER Taschenbuch,2018,252,"Doyle, Arthur Conan",,"Ahrens, Henning",,,Fiktionale Darstellung; Historische Kriminalromane,ger,eng
9783518428047; 3518428047,Sieben leere Häuser,Erste Auflage,Berlin,Suhrkamp,2018,149,"Schweblin, Samanta",,"Gareis, Marianne",,,Fiktionale Darstellung; Erzählende Literatur: Gegenwartsliteratur ab 1945,ger,spa
9783596321452; 359632145X,Soweto Stories,1. Auflage,Frankfurt am Main,FISCHER Taschenbuch,2018,166,"Tlali, Miriam",,"Seckendorff-Kourgierakis, Brigitte von",,"Ngcobo, Lauretta",Erzählende Literatur,ger,eng
9783741300943,Spur aus der Vergangenheit,Vollständige ePub-to-Print-Ausgabe,Köln,beThrilled,2018,377,,,"Schilasky, Sabine","Costello, Matthew; Costello, Matthew; Costello, Matthew",,"Fiktionale Darstellung; Krimis, Thriller, Spionage",ger,eng
9783943314533; 3943314537,Stadtleben,1. Auflage,Esslingen,Drachenhaus Verlag,2018,173,,"Shi, Zhanjun; Bartz, Jing","Betz, Karin",,,Anthologie; Erzählende Literatur,ger,chi
9783902711700; 3902711701,Stimmen in der Nacht,,Wien,Septime Verlag,2018,397,"Millhauser, Steven; Gmeiner, Sabrina",,,,,Fiktionale Darstellung; Erzählende Literatur: Gegenwartsliteratur ab 1945; Erzählende Literatur,ger,eng
9783741300950,Tödliche Melodie,Vollständige ePub-to-Print-Ausgabe,Köln,beThrilled,2018,383,,,"Schilasky, Sabine","Costello, Matthew; Costello, Matthew; Costello, Matthew",,"Fiktionale Darstellung; Krimis, Thriller, Spionage",ger,eng
9783943810226; 3943810224,Überschneidungen,,München,VoG Verlag ohne Geld e.K.,2018,203,"Cecere, Ester",,"Andergassen, Dominikus",,,Anthologie; Zweisprachige Ausgaben: Deutsch / Italienisch; Erzählende Literatur: Gegenwartsliteratur ab 1945,ger; ita,ita
9783863912116; 386391211X,Unerledigte Geschichten,"1. Auflage, deutsche Erstausgabe",Dresden,Voland & Quist,2018,239,"Č'k'vanava, Gela",,"Kihm, Susanne; Lomtadze, Nikoloz",,,Fiktionale Darstellung; Romanhafte Biographien,ger,geo
9783869711676; 3869711671,Unheimliche Geschichten,1. Auflage,Köln,Verlag Galiani Berlin,2018,89,"Poe, Edgar Allan","Dostoevskij, Fëdor Michajlovič","Jacobs, Steffen",,"Dostoevskij, Fëdor Michajlovič; Menschik, Kat",Fiktionale Darstellung; Anthologie; Erzählende Literatur; Erzählende Literatur: Hauptwerk vor 1945,ger,eng
9783730605943,Unheimliche und phantastische Geschichten,,Köln,Anaconda,2018,544,"Poe, Edgar Allan",,,,,,ger,eng
9783866482715; 386648271X,Vier Begegnungen,1. Auflage,Hamburg,mare,2018,271,"James, Henry",,"Bonné, Mirko",,,Anthologie; Erzählende Literatur: Hauptwerk vor 1945,ger,eng
9783442717064; 344271706X,"Von Männern, die keine Frauen haben","1. Auflage, Taschenbuch-Sonderausgabe",München,btb,2018,342,"Murakami, Haruki",,"Gräfe, Ursula",,,Anthologie; Erzählende Literatur; Erzählende Literatur: Gegenwartsliteratur ab 1945,ger,jpn
9783990292884; 3990292889,Wahrsagen durch Marmelade,,Klagenfurt,Wieser Verlag,2018,144,"Anp̕imiadi, Diana",,"Rek-Kotrikaje, T̕amar",,,Fiktionale Darstellung; Erzählende Literatur,ger,geo
9783866602298; 3866602294,Wie ein Fleck zurückblieb,1. Auflage,Leipzig,Leipziger Literaturverlag,2018,386,"Mihailović, Dragoslav",,"Hodel, Robert",,,Fiktionale Darstellung; Erzählende Literatur,ger,srp
9783957712202; 3957712203,Wie tötet man Billy Elliot?,Erste Auflage,Frankfurt am Main,Größenwahn Verlag,2018,179,"Abašije, Zura",,"Guruli, Iunona",,,Anthologie; Erzählende Literatur: Anthologien; Lyrik,ger,geo
9783854097969; 3854097964,Wie weit ist die Ewigkeit?,,Wien,Löcker,2018,326,,"He, Xiangyang","Niederle, Helmuth A.",,,Anthologie; Erzählende Literatur: Anthologien,ger,eng
9783548291703; 3548291708,Winterdunkel,1. Auflage,Berlin,Ullstein,2018,348,"Edwardson, Åke",,,,,"Fiktionale Darstellung; Krimis, Thriller, Spionage",ger,swe
9783518425947; 3518425943,Wo die Schakale heulen,Erste Auflage,Berlin,Suhrkamp,2018,316,"ʿOz, Amos",,"Pressler, Mirjam",,,Fiktionale Darstellung; Erzählende Literatur: Gegenwartsliteratur ab 1945,ger,heb
9783868130485; 3868130489,Wo ist Bulgarien?,,Berlin,Edition Noack & Block,2018,169,"Dragostinova, Žanina",,,,,Fiktionale Darstellung; Erzählende Literatur: Gegenwartsliteratur ab 1945,ger,bul
9783455000054,Zum Lügen ist es nie zu spät,1. Auflage,Hamburg,Hoffmann und Campe,2018,635,"Dische, Irene",,"Bayer, Otto",,,Anthologie; Erzählende Literatur: Anthologien; Erzählende Literatur: Gegenwartsliteratur ab 1945,ger,eng
9783867622592; 3867622590,Zwischenfälle,1. Auflage,Köln,Feder & Schwert,2018,512,"Green, Simon R.",,"Hoffmann, Oliver",,,Fiktionale Darstellung; Fantastische Literatur,ger,eng
9783957575173; 3957575176, Schiffbrüche,Erste Auflage,Berlin,Matthes & Seitz Berlin,2017,244,"Dumas, Alexandre",,"Denis, Nicola",,"Denis, Nicola",Anthologie; Erzählende Literatur: Hauptwerk vor 1945,ger,fre
9783446250499; 3446250492,Ab morgen wird alles anders,,München,Carl Hanser Verlag,2017,297,"Gavalda, Anna",,"Kronenberger, Ina",,,Fiktionale Darstellung; Erzählende Literatur: Gegenwartsliteratur ab 1945,ger,fre
9783763269518,Ab morgen wird alles anders,Lizenzausgabe für die Büchergilde Gutenberg,Frankfurt am Main,Büchergilde Gutenberg,2017,297,"Gavalda, Anna",,"Kronenberger, Ina",,,Anthologie; Erzählende Literatur: Anthologien; Erzählende Literatur: Gegenwartsliteratur ab 1945,ger,fre
9783793423157,Als Buddha noch ein Elefant war,,Berlin,Allegria,2017,107,"McGinnis, Mark W.",,,,"McGinnis, Mark W.; Stein, Gabriel",Anthologie; Erzählende Literatur: Anthologien,ger,eng
9783423281126; 342328112X,Am Ende der Via Condotti,Deutsche Erstausgabe,München,dtv,2017,347,"Lenard, Alexander",,"Zeltner, Ernő",,,Fiktionale Darstellung; Erzählende Literatur: Gegenwartsliteratur ab 1945,ger,ita
9783596906413; 3596906415,Am Ursprung der Tage,1. Auflage,Frankfurt am Main,Fischer Taschenbuch,2017,285,"Bunin, Ivan Alekseevič","Grob, Thomas","Trottenberg, Dorothea",,"Grob, Thomas",Anthologie; Erzählende Literatur: Hauptwerk vor 1945,ger,rus
9783328102359; 3328102353,Babettes Fest und andere Erzählungen,1. Auflage,München,Penguin Verlag,2017,265,"Blixen, Tania",,"Süskind, Wilhelm E.",,,Fiktionale Darstellung; Erzählende Literatur,ger,eng
9783945191194; 394519119X,Bananenblätter und Straßenstaub,,Heidelberg,Draupadi Verlag,2017,137,,"Masilamani-Meyer, Eveline; Rageth, Nina",,,,Fiktionale Darstellung; Erzählende Literatur,ger,tam
9783867622585; 3867622582,Blutsbande,1. Auflage,Köln,Feder & Schwert,2017,871,"Green, Simon R.",,"Hoffmann, Oliver",,,Fiktionale Darstellung; Fantastische Literatur,ger,eng
9783945035115; 3945035112,Coo-ee,"4., überarbeitete Auflage",Hamburg,Balladine,2017,142,,"Lawrence, Shawnee","Lawrence, Shawnee",,,Anthologie; Erzählende Literatur: Anthologien,ger,eng
9783737410519; 3737410518,Damals in Kasrilewke,,Wiesbaden,Marixverlag,2017,300,Sholem Aleykhem,"Jonas, Gernot","Jonas, Gernot",,,Fiktionale Darstellung; Erzählende Literatur: Hauptwerk vor 1945,ger,yid
9783492501064; 3492501060,Das Bankett für Tillotson,Neuauflage einer früheren Ausgabe,München,Piper,2017,56,"Huxley, Aldous",,"Herlitschka, Herberth E.","Huxley, Aldous; Huxley, Aldous",,Fiktionale Darstellung; Erzählende Literatur: Hauptwerk vor 1945,ger,eng
9783861760597; 3861760592,Das Brautkleid,2. Auflage,Berlin,Lotos Werkstatt,2017,199,"Čuġtāʾī, ʿIṣmat",,"Oesterheld, Christina; Monte, Axel; Rothen-Dubs, Ursula",,,Fiktionale Darstellung; Erzählende Literatur,ger,urd
9783608981179; 3608981179,Das Duell der Bösen,1. Aufl.,Stuttgart,Klett-Cotta,2017,196,"Ryan, Anthony",,"Riffel, Sara",,,Fiktionale Darstellung; Fantasy,ger,eng
9783929345759; 3929345757,Das Geheimnis,1. Auflage,"Baku, Aserbaidschan",Aserbaidschanisches Übersetzungszentrum,2017,387,,"Hartmann, Sieglinde",,,,Anthologie; Erzählende Literatur: Anthologien,ger,aze
9783929345827; 392934582X,Das Geheimnis,,"Baku, Aserbaidschan",Aserbaidschanisches Übersetzungszentrum,2017,387,,"Hartmann, Sieglinde",,,,Anthologie; Erzählende Literatur: Anthologien,ger,aze
9783854098270; 3854098278,Das Klagelied des Wasserspeichers,,Wien,Löcker,2017,187,"Śyāmala, Gōgu","Kreiner, Stephanie",,,,Fiktionale Darstellung; Erzählende Literatur,ger,eng
9783431040784,Das Winterbuch,,Köln,Lübbe,2017,222,"Jansson, Tove",,"Kicherer, Birgitta",,,Anthologie; Erzählende Literatur: Anthologien; Erzählende Literatur: Gegenwartsliteratur ab 1945,ger,swe
9783462401158; 3462401157,Das Zauberfaß und andere Geschichten,Unveränderter Reprint einer älteren Ausgabe,Köln,Kiepenheuer & Witsch,2017,251,"Malamud, Bernard",,"Böll, Annemarie",,,Fiktionale Darstellung; Erzählende Literatur,ger,eng
9783492313407; 349231340X,Das Zelt,Ungekürzte Taschenbuchausgabe,München,Piper,2017,150,"Atwood, Margaret",,"Friedrich, Malte",,,Anthologie; Erzählende Literatur: Gegenwartsliteratur ab 1945,ger,eng
9783492058223,Denunziation,,München,Piper,2017,220,Bandi,,"I, Gi hyang",,,Anthologie; Erzählende Literatur: Gegenwartsliteratur ab 1945,ger,kor
9783742501394,Denunziation,"Sonderausgabe der Bundeszentrale für politische Bildung, 2. Auflage",Bonn,Bundeszentrale für politische Bildung,2017,220,Bandi,,"I, Gi hyang",,"Reichart, Thomas",Fiktionale Darstellung; Erzählende Literatur: Gegenwartsliteratur ab 1945,ger,kor
9783940435231; 3940435236,Der Blutchor,"Zweite, überarbeitete Auflage, ungekürzte Ausgabe",Trier,Litradukt,2017,116,"Victor, Gary",,"Trier, Peter",,,Anthologie; Erzählende Literatur: Gegenwartsliteratur ab 1945,ger,fre
9783865525734; 3865525733,Der doppelte Schatten,Originalausgabe,Leipzig,Festa,2017,408,"Smith, Clark Ashton",,"Siefener, Michael",,,Fiktionale Darstellung; Horror,ger,eng
9783150017449,Der Mantel,Veränderte Ausgabe,Stuttgart,Reclam,2017,90,"Gogolʹ, Nikolaj Vasilʹevič","Reißner, Eberhard","Reißner, Eberhard","Gogolʹ, Nikolaj Vasilʹevič; Gogolʹ, Nikolaj Vasilʹevič",,Fiktionale Darstellung; Erzählende Literatur: Hauptwerk vor 1945,ger,rus
9783442733989; 3442733987,Der Muschelsammler,"Genehmigte Taschenbuchausgabe, 1. Auflage",München,btb,2017,253,"Doerr, Anthony",,"Rojahn-Deyk, Barbara",,,Anthologie; Anthologie; Erzählende Literatur; Erzählende Literatur: Gegenwartsliteratur ab 1945,ger,eng
9783945191217; 3945191211,Der Nagalinga-Baum,,Heidelberg,Draupadi Verlag,2017,160,"Cūṭāmaṇi, R.","Kapp, Dieter B.","Kapp, Dieter B.",,,Anthologie; Erzählende Literatur,ger,tam
9783861760603; 3861760606,Der Preis eines Huhns,2. Auflage,Berlin,Lotos Werkstatt,2017,197,"Sāhanī, Bhīṣma","Bauhaus-Lötzke, Hannelore",,,,Fiktionale Darstellung; Erzählende Literatur,ger,hin
9783492500197; 3492500196,Der Radfahrer vom San Cristóbal,,München,Piper,2017,200,"Skármeta, Antonio",,"Zurbrüggen, Willi",,,Fiktionale Darstellung; Erzählende Literatur: Gegenwartsliteratur ab 1945,ger,spa
9783954628131; 3954628139,Der Regengott und andere Erzählungen,Deutsche Erstausgabe,Halle (Saale),Mitteldeutscher Verlag,2017,189,"Šlepikas, Alvydas",,"Roduner, Markus",,,Anthologie; Erzählende Literatur; Erzählende Literatur: Anthologien,ger,lit
9783257244137; 3257244134,Der Tod des Odysseus,1. Auflage,Zürich,Diogenes,2017,213,"Markarēs, Petros",,"Prinzinger, Michaela",,,"Fiktionale Darstellung; Krimis, Thriller, Spionage; Erzählende Literatur: Gegenwartsliteratur ab 1945; Erzählende Literatur: Anthologien",ger,gre
9783462050318; 3462050311,Der Zitronentisch,1. Auflage,Köln,Kiepenheuer & Witsch,2017,268,"Barnes, Julian",,"Krueger, Gertraude",,,Fiktionale Darstellung; Erzählende Literatur: Gegenwartsliteratur ab 1945,ger,eng
9783730604809; 3730604805,Die besten Geschichten,,Köln,Anaconda,2017,396,"Čechov, Anton Pavlovič",,,,,Anthologie; Erzählende Literatur: Anthologien,ger,rus
9783937129761; 9783963210617; 3937129766,Die Einsiedelei im Wald und andere Erzählungen,Deutsche Erstausgabe,Wachtendonk,Edition Hagia Sophia,2017,159,"Šipov, Jaroslav Alekseevič",,,,,Fiktionale Darstellung; Erzählende Literatur,ger,rus
9783946142263; 3946142265,Die Exekution des Mythos,1. Auflage,Berlin,Edition Romiosini,2017,351,,"Coulmas, Danae","Nielsen-Stokkeby, Nonna; Heyer, Georg Walther",,,Fiktionale Darstellung; Erzählende Literatur: Anthologien,ger,gre
9783423217002; 3423217006,Die Küche ist zum Tanzen da,Ungekürzte Ausgabe,München,dtv ,2017,189,"Roger, Marie-Sabine",,"Kalscheuer, Claudia",,,Anthologie; Erzählende Literatur: Anthologien,ger,fre
9783741300547,Die Leiche im See,Vollständige ePub-to-Print-Ausgabe,Köln,beTHRILLED,2017,383,,,"Schilasky, Sabine","Costello, Matthew; Costello, Matthew; Costello, Matthew",,Fiktionale Darstellung; Erzählende Literatur: Gegenwartsliteratur ab 1945,ger,eng
9783446256811; 3446256814,Die Leute von Privilege Hill,,München,Hanser Berlin,2017,347,"Gardam, Jane",,"Bogdan, Isabel",,,Anthologie; Erzählende Literatur,ger,eng
9783596035625; 3596035627,Die Rückkehr des Sherlock Holmes,1. Auflage,Frankfurt am Main,Fischer Taschenbuch,2017,399,"Doyle, Arthur Conan",,"Ahrens, Henning",,,Anthologie; Historische Kriminalromane,ger,eng
9783716027639; 3716027634,Die Schuldigen von Rotten Row,"Deutsche Erstausgabe, 1. Auflage",Zürich,Arche,2017,382,"Gappah, Petina",,"Klobusiczky, Patricia",,,Fiktionale Darstellung; Erzählende Literatur: Gegenwartsliteratur ab 1945,ger,eng
9783492057868,Die Sirene,Überarbeitete und erweiterte Neuausgabe,München,Piper,2017,287,"Tomasi di Lampedusa, Giuseppe","Polo, Nicoletta","Kahn, Moshe",,,Anthologie; Erzählende Literatur: Anthologien; Erzählende Literatur,ger,ita
9783406692512; 3406692516,Die Tiefe,,München,C.H. Beck ,2017,265,"Doerr, Anthony",,"Löcher-Lawrence, Werner",,,Anthologie; Erzählende Literatur,ger,eng
9781781932247; 1781932247,Die Wacht des Imperators,,Nottingham,Black Library,2017,440,,"Goulding, Laurie","Gehart, Sebastian; Behrenbruch, Stefan; Schüpstuhl, Mark",,,Fiktionale Darstellung; Science Fiction,ger,eng
9783825151164; 3825151166,Die Zuhörerin,,Stuttgart,Urachhaus,2017,157,"Jansson, Tove",,"Kicherer, Birgitta",,,Fiktionale Darstellung; Erzählende Literatur,ger,swe
9783945035122; 3945035120,Digger,"2., überarbeitete Auflage",Hamburg,Balladine,2017,140,,"Lawrence, Shawnee","Lawrence, Shawnee",,,Anthologie; Erzählende Literatur: Anthologien,ger,eng
9783446256590; 3446256598,Drei Geschichten,,München,Carl Hanser Verlag,2017,315,"Flaubert, Gustave","Edl, Elisabeth","Edl, Elisabeth",,,Anthologie; Erzählende Literatur: Hauptwerk vor 1945,ger,fre
9783981840834,Ein fremder Freund,Erste Auflage,Berlin,eta Verlag,2017,251,,"Vidinski, Emanuil A.",,,,Anthologie; Erzählende Literatur; Erzählende Literatur: Gegenwartsliteratur ab 1945; Gemischte Anthologien,ger,bul
9783103972788; 3103972784,Ein Haus in Spanien,1. Auflage,Frankfurt am Main,S. Fischer,2017,59,"Coetzee, J. M.",,"Böhnke, Reinhild",,,Anthologie; Erzählende Literatur: Gegenwartsliteratur ab 1945,ger,eng
9783038200475; 3038200476,Ein Herr aus San Francisco,1. Auflage,Zürich,Dörlemann,2017,239,"Bunin, Ivan Alekseevič","Grob, Thomas","Trottenberg, Dorothea",,,Fiktionale Darstellung; Erzählende Literatur,ger,rus
9783943275230; 394327523X,Ein Maskenball,1. Auflage,Berlin,Edition Dornbrunnen,2017,104,"Dumas, Alexandre",,"Wesché, Wilhelm Ludwig; Zoller, August; Richert, Meiko","Dumas, Alexandre",,"Fiktionale Darstellung; Erzählende Literatur: Hauptwerk vor 1945; Science Fiction, Fantasy",ger,fre
9783688106783; 3688106784,Eine altmodische Liebesgeschichte und andere sentimentale Stories,1. Auflage,Reinbek,ROWOHLT Repertoire,2017,184,"Colwin, Laurie",,"Goridis, Uta",,,Erzählende Literatur: Gegenwartsliteratur ab 1945,ger,eng
9781973148005,Erinnerungen aus einem afghanischen Dorf,,Bonn,Afghanic,2017,134,"Ancūr, Zarīn",,"Heiseler, Ingrid von",,,Anthologie; Erzählende Literatur: Anthologien,ger,pus
9783462401486; 3462401483,Erzählungen,Unveränderter Reprint einer älteren Ausgabe,Köln,Kiepenheuer & Witsch,2017,526,"James, Henry",,"Braem, Helmut M.; Braem-Kaiser, Elisabeth",,,Anthologie; Erzählende Literatur,ger,eng
9781781932582; 1781932581,Erzählungen des Verrats,,Nottingham,Black Library,2017,346,"Abnett, Dan; McNeill, Graham","Kyme, Nick",,,,Fiktionale Darstellung; Science Fiction,ger,eng
9783730604649; 3730604643,Erzählungen von der Alhambra,,Köln,Anaconda,2017,367,"Irving, Washington",,,,,Fiktionale Darstellung; Erzählende Literatur: Hauptwerk vor 1945; Erzählende Literatur,ger,eng
9783944342917; 3944342917,Father Girdlestone’s Geschichte in: Ein Spiegel von Shalott ; das ist: Eine Sammlung von Geschichten erzählt auf einem unfachmännischen Symposium :-1907-,1. Auflage,Hannover,JMB Verlag,2017,56,"Benson, Robert Hugh",,"Postma, Heiko",,,Fiktionale Darstellung; Fantastische Literatur,ger,eng
9783442713554; 3442713552,Freie Liebe und andere Geschichten,"1. Auflage, deutsche Erstausgabe, genehmigte Taschenbuchausgabe",München,btb,2017,158,"Smith, Ali",,"Morawetz, Silvia",,,Anthologie; Erzählende Literatur,ger,eng
9783455000078; 345500007X,Für dich würde ich sterben,1. Auflage,Hamburg,Hoffmann und Campe,2017,491,"Fitzgerald, F. Scott",,"Runge, Gregor; Walz, Melanie",,,Anthologie; Erzählende Literatur,ger,eng
9783858697417; 3858697419,Für immer Juliette,1. Auflage,Zürich,"Edition Blau, Belletristik im Rotpunktverlag",2017,289,"Bille, S. Corinna",,"Künzli, Lis",,,Fiktionale Darstellung; Erzählende Literatur: Gegenwartsliteratur ab 1945,ger,fre
9783442713561; 3442713560,Ganz andere Geschichten,"1. Ausgabe, genehmigte Taschenbuchausgabe",München,btb,2017,156,"Smith, Ali",,"Morawetz, Silvia",,,Anthologie; Erzählende Literatur,ger,eng
9783862887651; 3862887650,Geschichten der vormodernen japanischen Literatur,,Muenchen,LINCOM GmbH,2017,243,,"Katsuki-Pestemer, Noriko",,,,Erzählende Literatur: Anthologien,ger,jpn
9783861505600,Gute Nackt-Geschichten,2. Auflage,Leipzig,Haffmans Verlag bei Zweitausendeins,2017,669,"Sedaris, David",,"Rowohlt, Harry; Deggerich, Georg",,,Fiktionale Darstellung; Erzählende Literatur,ger,eng
9783492500982; 3492500986,Heldenleben,Neuauflage einer früheren Ausgabe,München,Piper,2017,159,"Solženicyn, Aleksandr Isaevič",,"Pross-Weerth, Heddy",,,Anthologie; Erzählende Literatur: Anthologien; Erzählende Literatur: Gegenwartsliteratur ab 1945,ger,rus
9783462400755; 3462400754,Hotel der Heiligen,Unveränderter Reprint eine älteren Ausgabe,Köln,Kiepenheuer & Witsch,2017,188,"Hegi, Ursula",,"Goga-Klinkenberg, Susanne",,,Fiktionale Darstellung; Erzählende Literatur: Gegenwartsliteratur ab 1945,ger,eng
9783887698133; 3887698134,Ihre Art des Weinens,1. Auflage,Tübingen,Konkursbuch Verlag Claudia Gehrke,2017,251,"Cheon, Un yeong",,"Gang, Seung hui",,,Anthologie; Erzählende Literatur: Gegenwartsliteratur ab 1945,ger,kor
9783941120266; 3941120263,Im Schatten der Sehnsucht nach Freiheit...,,Hamburg,Shoebox House Verlag,2017,31,"Sagastume, Jorge R. G.",,"Rachowski, Utz; Ritterson, Michael",,,Anthologie; Erzählende Literatur,ger,eng
9783453420038; 3453420039,Imagines,Deutsche Erstausgabe,München,Wilhelm Heyne Verlag,2017,781,"Todd, Anna",,"Hölsken, Nicole",,,Anthologie; Erzählende Literatur,ger,eng
9783945796696; 3945796695,In der Südsee,,Tübingen,"BE, Belle Époque Verlag",2017,248,"Stevenson, Robert Louis",,"Siemer, Heinrich",,,Erzählende Literatur,ger,eng
9783859903173; 3859903179,In einer Kirche hast du nichts verloren,1. Auflage,Zürich,edition 8,2017,142,"Fleisacher, Esther",,"Schultze-Kraft, Peter",,,Fiktionale Darstellung; Erzählende Literatur,ger,spa
9783498039370; 3498039377,Jungfrau und andere Storys,1. Auflage,Reinbek bei Hamburg,Rowohlt,2017,206,"Lawson, April Ayers",,"Carlsson, Maria",,,Anthologie; Erzählende Literatur: Gegenwartsliteratur ab 1945,ger,eng
9783946142256; 3946142257,Kalamas und Acheron,1. Auflage,Berlin,Edition Romiosini,2017,116,"Mēliōnēs, Christophoros",,"Eideneier, Hans; Votsos, Theo",,"Kotzia, Elisavet",Fiktionale Darstellung; Erzählende Literatur: Gegenwartsliteratur ab 1945; Erzählende Literatur,ger,gre
9783596906680,Katzen und Gespenster,,Frankfurt am Main,Fischer Taschenbuch,2017,478,,"Niffenegger, Audrey",,,,Anthologie; Erzählende Literatur: Anthologien,ger,eng
9783805200172; 380520017X,Kleine Fluchten,1. Auflage,Reinbek bei Hamburg, Wunderlich,2017,136,"Moyes, Jojo",,"Fell, Karolina",,,Fiktionale Darstellung; Erzählende Literatur: Gegenwartsliteratur ab 1945,ger,eng
9783423095334; 3423095334,La Cuba desconocida,Originalausgabe,München,dtv,2017,191,,"Pardo Lazo, Orlando Luis","Petermann, Enno",,,Anthologie; Zweisprachige Ausgaben: Deutsch / Spanisch,ger; spa,spa
9783946046097; 3946046096,Langsame Bogenschützin,,Ulm,danube books,2017,185,"Haugová, Mila",,"Rude-Porubská, Slávka",,,Anthologie; Lyrik,ger; slo,slo
9783920564920; 3920564928,Legendas,1. Auflage,Berlin,v.Kloeden,2017,156,"Bécquer, Gustavo Adolfo",,,,,Fiktionale Darstellung; Erzählende Literatur: Hauptwerk vor 1945; Erzählende Literatur,ger,spa
9783730605301; 3730605305,"Legenden, Sagen und Geschichten aus dem Norden",,Köln,Anaconda,2017,541,"Lagerlöf, Selma",,,,,Anthologie,ger,swe
9783902711625; 3902711620,Liebe aus zweiter Hand,,Wien,Septime Verlag,2017,262,"Serna, Enrique",,"Gruhn, Dorit Heike",,,Fiktionale Darstellung; Erzählende Literatur: Gegenwartsliteratur ab 1945; Erzählende Literatur,ger,spa
9783958293731; 3958293735,Liebe im hohen Gras,Erste Auflage,Göttingen,Steidl,2017,343,"Keegan, Claire",,"Oeser, Hans-Christian; Leipold, Inge",,,Anthologie; Lyrik,ger,eng
9783446256507; 3446256504,Liebe wird überschätzt,,München,Carl Hanser Verlag,2017,139,"Parrella, Valeria",,"Kopetzki, Annette",,,Anthologie; Erzählende Literatur,ger,ita
9783423261456; 3423261455,Macadam oder das Mädchen von Nr. 12,Deutsche Erstausgabe,München,dtv ,2017,154,"Didierlaurent, Jean-Paul",,"Malafosse, Sina de",,,Anthologie; Erzählende Literatur: Anthologien; Erzählende Literatur: Gegenwartsliteratur ab 1945,ger,fre
9783944122304; 3944122305,Madeleine,1. Auflage,Leipzig,Open House,2017,237,"Bomer, Paula",,"Höltschl, Rainer",,,Fiktionale Darstellung; Erzählende Literatur: Gegenwartsliteratur ab 1945,ger,eng
9783863561727; 3863561724,Man spricht nicht über den Tod,1. Auflage,Ludwigsburg,Pop Verlag Literatur,2017,173,"Alek̕sije, Mika; Rothfuss, Uli","Barbak̕aje, Dat̕o; Pop Traian, Traian","Lisowski, Maja",,,Anthologie; Erzählende Literatur: Gegenwartsliteratur ab 1945,ger,geo
9783854209911; 3854209916,Nicht für immer,,Graz,Literaturverlag Droschl,2017,350,"Shofman, Gershon","Lamprecht, Gerald","Achlama, Ruth",,,Fiktionale Darstellung; Erzählende Literatur: Hauptwerk vor 1945,ger,heb
9783426281642,Nighthawks,Deutsche Erstausgabe,München,Droemer,2017,319,,"Block, Lawrence",,,,Anthologie; Erzählende Literatur: Anthologien,ger,eng
9783453359529; 3453359526,Nikki & Damien forever,Taschenbucherstausgabe,München,Diana,2017,320,"Kenner, Julie",,"Malz, Janine",,,Anthologie; Erzählende Literatur,ger,eng
9783596319428; 3596319420,Notizen zu Lebensläufen,1. Auflage,Frankfurt am Main,FISCHER Taschenbuch,2017,186,"Fink, Ida",,"Kinsky, Esther",,,Erzählende Literatur,ger,pol
9788685413834,Prisma des Lebens,1. Auflage,Kostolac,Klub ljubitelja knjige Majdan,2017,253,,,,,"Schröder, Dragica",Anthologie; Erzählende Literatur: Anthologien,ger; srp,srp
9783946467410; 3946467415,Qualitätszeichen Made in UdSSR,1. Auflage,Berlin,Buchwerkstatt Berlin,2017,160,"Ėpštejn, Nikolaj",,"Geburek, Konrad",,,Anthologie; Erzählende Literatur,ger,rus
9783442485383; 344248538X,Rebus,"1. Auflage, Taschenbuchausgabe",München,Goldmann,2017,766,"Rankin, Ian",,"Bandini, Giovanni; Bandini, Ditte; Lösch, Conny",,,"Fiktionale Darstellung; Krimis, Thriller, Spionage",ger,eng
9783596318452; 3596318459,Rechenschaft und andere Erzählungen,1. Auflage,Frankfurt am Main,FISCHER Taschenbuch,2017,204,"Déry, Tibor",,"Ujlaky, Charlotte",,,Erzählende Literatur,ger,hun
9783462401103; 3462401106,Rembrandts Hut,Unveränderter Reprint einer älteren Ausgabe,Köln,Kiepenheuer & Witsch,2017,224,"Malamud, Bernard",,"Böll, Annemarie",,,Fiktionale Darstellung; Erzählende Literatur,ger,eng
9783990590041; 3990590049,Samuel Johnson ist ungehalten,,Graz,Literaturverlag Droschl,2017,213,"Davis, Lydia",,"Hoffer, Klaus",,,Fiktionale Darstellung; Erzählende Literatur: Gegenwartsliteratur ab 1945,ger,eng
9783518241363; 3518241362,Schneeglöckchenfeste,Erste Auflage,Berlin,Suhrkamp Verlag,2017,199,"Hrabal, Bohumil",,"Šimon, Petr",,,Fiktionale Darstellung; Erzählende Literatur: Gegenwartsliteratur ab 1945,ger,cze
9783257244090; 3257244096,Schneller als das Auge,,Zürich,Diogenes,2017,326,"Bradbury, Ray",,"Oeser, Hans-Christian",,,Anthologie; Erzählende Literatur: Anthologien; Erzählende Literatur: Gegenwartsliteratur ab 1945,ger,eng
9783462401127; 3462401122,Schwarz ist meine Lieblingsfarbe und andere Erzählungen,Unveränderter Reprint einer älteren Ausgabe,Köln,Kiepenheuer & Witsch,2017,175,"Malamud, Bernard",,"Böll, Annemarie",,,Fiktionale Darstellung; Erzählende Literatur,ger,eng
9783688100378; 3688100379,Schwestern,"Wiederveröffentlichung, 1. Auflage",Reinbek bei Hamburg,Rowohlt Repertoire,2017,190,"Ravera, Lidia",,"Dürr, Bettina",,,Anthologie; Erzählende Literatur: Gegenwartsliteratur ab 1945,ger,ita
9783861760580; 3861760584,Sonnenpferdchen und andere Erzählungen,1. Auflage,Berlin,Lotos Werkstatt,2017,194,"Anantamurthy, U. R.",,"Brückner, Heidrun",,,Anthologie; Erzählende Literatur: Gegenwartsliteratur ab 1945,ger,kan
9783945812112; 9789639886360; 3945812119,"Töchter, Mütter",,Budapest,Novella,2017,375,,"Stiepani, Ute","Fischer, Doris",,"Pécsi-Pollner, Katalin",Fiktionale Darstellung; Erzählende Literatur: Gegenwartsliteratur ab 1945,ger,hun
9783492550062; 3492550061,Tremolino,Neuauflage einer früheren Ausgabe,München,Piper,2017,54,"Conrad, Joseph",,"Hoffer, Klaus",,,Fiktionale Darstellung; Erzählende Literatur: Hauptwerk vor 1945,ger,eng
9783716027578; 371602757X,Und außerdem machen die Leute heutzutage so seltsame Dinge,"Deutsche Erstausgabe, 1. Auflage",Zürich,Arche,2017,221,"Foster, Åsa",,"Allenstein, Ursel; Pluschkat, Stefan",,,Fiktionale Darstellung; Erzählende Literatur: Gegenwartsliteratur ab 1945,ger,swe
9783423281188; 3423281189,Unheimliche Geschichten,Neuübersetzung,,,2017,421,"Poe, Edgar Allan","Baudelaire, Charles","Nohl, Andreas",,,Anthologie; Erzählende Literatur: Hauptwerk vor 1945,ger,eng
9783946839002; 3946839002,Unterwasserstädte,1. Auflage,Stuttgart,Akademie Schloss Solitude,2017,141,"Dunajcsik, Mátyás",,"Tankó, Tímea; Kornitzer, Laszlo",,,Erzählende Literatur,ger,hun
9783596906390; 3596906393,Vera,1. Auflage,Frankfurt am Main,Fischer Taschenbuch,2017,157,"Bunin, Ivan Alekseevič","Grob, Thomas","Trottenberg, Dorothea",,,Anthologie; Erzählende Literatur: Hauptwerk vor 1945,ger,rus
9783293207646; 3293207642,Von Istanbul nach Hakkâri,"1. Auflage, neue Ausgabe",Zürich,Unionsverlag,2017,411,,"Turan, Tevfik",,,,Anthologie; Erzählende Literatur: Anthologien,ger,tur
9783943810165; 394381016X,Von Sizilien in die Toskana,1. Auflage,München,VoG Verlag ohne Geld e.K.,2017,164,"Rotondi, Lorella; Zapperi Zucker, Ada",,"Andergassen, Dominikus",,,Fiktionale Darstellung; Zweisprachige Ausgaben; Erzählende Literatur,ger; ita,ita
9783866602199; 3866602197,Von weiß bis schwarz,"1. Auflage, ungekürzte Ausgabe",Leipzig,Leipziger Literaturverlag,2017,228,,"Nunes, Ângela Maria Pereira; Sieber, Cornelia; Hendrich, Yvonne","Nunes, Ângela Maria Pereira",,,Anthologie; Erzählende Literatur: Gegenwartsliteratur ab 1945,ger,por
9783596317714; 3596317711,Vor Eltern sei gewarnt!,1. Auflage,Frankfurt am Main,FISCHER Taschenbuch,2017,186,"Nesvadba, Josef",,"Ripota, Roswitha",,,Erzählende Literatur,ger,cze
9783550081606,Was wir im Feuer verloren,,Berlin,Ullstein,2017,238,"Enríquez, Mariana",,"Brandt, Kirsten",,,Anthologie; Erzählende Literatur: Anthologien; Erzählende Literatur: Gegenwartsliteratur ab 1945,ger,spa
9783716027653,"Was wirst du tun, wenn du gehst","Deutsche Erstausgabe, 1. Auflage",Zürich,Arche,2017,175,"Berlin, Lucia",,"Strubel, Antje Rávik",,,Anthologie; Erzählende Literatur: Anthologien,ger,eng
9783869351476; 3869351470,Wege und Umwege nach Compostela,,Kiel,Ludwig,2017,274,,"Gómez-Montero, Javier","Bischoff, Christina Johanna",,,Anthologie; Gemischte Anthologien,ger,spa
9783963180033,Weihnachtliche Lustbarkeit & andere Festtags-Geschichten,,Leipzig,Haffmans Verlag bei Zweitausendeins,2017,93,Saki,,,,,Fiktionale Darstellung; Erzählende Literatur: Gegenwartsliteratur ab 1945,ger,eng
9783942901260; 3942901269,Weniger eine Leiche als vielmehr eine Figur,1. Auflage,Leipzig,Reinecke & Voß c/o Betram Reinecke,2017,230,"Ahola, Jukka; Backlund, Iris; Ehin, Kristiina; Kaldmaa, Hanneleele; Fonn, Maria Kjos; Lövdahl, Einar; Jarvoll, Svein; Auður Jónsdóttir; Mäki, Anna Maria; Rosenbæk, Karl Emil; Rutkēviča, Agnese; Saul, Alana; Šerelytė, Renata; Šlepikas, Alvydas; Snjadanko, Natalka; Thörn, Pär; Kári Tulinius","Friedrich, Matthias; Kozakova, Slata",,,,Fiktionale Darstellung; Erzählende Literatur: Gegenwartsliteratur ab 1945,ger,und
9783596950225,Wenn es aufklart,Originalausgabe,Frankfurt am Main,Fischer Taschenbuch,2017,559,"Pasternak, Boris Leonidovič","Fischer, Christine",,,,Anthologie; Gemischte Anthologien; Erzählende Literatur: Hauptwerk vor 1945,ger,rus
9783956141980; 3956141989,Wie es ist und war,,München,Verlag Antje Kunstmann,2017,331,"Constantine, David",,"Gunsteren, Dirk van",,,Anthologie; Erzählende Literatur: Gegenwartsliteratur ab 1945,ger,eng
9783257070071; 3257070071,Wie man es vermasselt,1. Auflage,Zürich,Diogenes,2017,333,"Watsky, George",,"Merling, Jenny",,,Fiktionale Darstellung; Erzählende Literatur: Gegenwartsliteratur ab 1945; Erzählende Literatur: Gegenwartsliteratur ab 1945,ger,eng
9783498045326; 3498045326,"Wie spät ist es jetzt dort, wo du bist?",1. Auflage,Reinbek bei Hamburg,Rowohlt,2017,250,"McCann, Colum",,"Gunsteren, Dirk van",,,Anthologie; Erzählende Literatur: Gegenwartsliteratur ab 1945,ger,eng
9783036959627; 3036959629,Wo die Welt anfängt,1. Auflage,Zürich,Kein & Aber,2017,146,"Capote, Truman","Roshani (Hg.), Anuschka","Blumenbach, Ulrich",,,Fiktionale Darstellung; Erzählende Literatur,ger,eng
9783103973082,Wölfe in der Nacht,,Frankfurt am Main,S. Fischer,2017,269,"Santiesteban Prats, Ángel",,"Brovot, Thomas",,,Anthologie; Erzählende Literatur: Anthologien; Erzählende Literatur: Gegenwartsliteratur ab 1945,ger,spa
9783336547852; 3336547857,Wunderweisse Tage,1. Auflage,München,Wunderraum,2017,349,"Winterson, Jeanette",,"Rawlinson, Regina",,,Anthologie; Erzählende Literatur: Gegenwartsliteratur ab 1945,ger,eng
9783854209485; 3854209487,8 Minuten und 19 Sekunden,1. Aufl.,Graz,Literaturverlag Doschl,2016,144,"Gospodinov, Georgi",,"Sitzmann, Alexander",,,Fiktionale Darstellung; Erzählende Literatur: Gegenwartsliteratur ab 1945,ger,bul
9783926385888,Abseits der Balkanroute,,Weimar (Lahn),Bernd E. Scholz,2016,114,"Gjorgjevski, Branislav",,"Beermann, Erika",,,Anthologie; Erzählende Literatur: Anthologien,ger,mac
9783940524485; 3940524484,Alessandro und Assunta ,,Berlin,edition.fotoTAPETA,2016,157,"Asor Rosa, Alberto",,"Rostek, Andreas",,,Erzählende Literatur: Gegenwartsliteratur ab 1945,ger,ita
9783902871787; 3902871784,Anthologie de la musique bulgare vol. 2,,Wiesenburg,Hochroth Verlag,2016,27,"Forte, Frédéric",,"Kraus, Dagmara",,,Anthologie; Lyrik,fre; ger,fre
9786082322087,Anthologie der mazedonischen Erzählung,,Skopje,"Nationale Universitäts bibliothek ""St. Kliment von Ohrid""",2016,537,,"Cvetkovski, Branko","Gulevska, Maja",,,Anthologie; Erzählende Literatur,ger,mac
9786082322117,Anthologie des zeitgenössischen mazedonischen Dramas,,Skopje,"Nationale Universitäts bibliothek ""St. Kliment von Ohrid""",2016,,,"Luzina, Yelena",,,,Anthologie; Theaterstück; Dramatik,ger,mac
9786082322094,Anthologischer Querschnitt durch die mazedonische Literatur für Kinder,,Skopje,"Nationale Universitäts bibliothek ""St. Kliment von Ohrid""",2016,599,,"Smilevski, Wele",,,,Anthologie; Erzählende Literatur; Kinderbücher bis 11 Jahre,ger,mac
9783257069761; 3257069766,Auch Miststücke können einem leidtun,1. Auflage,Zürich,Diogenes,2016,298,"Tokareva, Viktorija Samojlovna",,"Schneider, Angelika",,,Fiktionale Darstellung; Erzählende Literatur: Gegenwartsliteratur ab 1945,ger,rus
9783857918025; 3857918020,Auf der Suche nach dem verlorenen Schnee,1. Auflage,Zürich,Limmat Verlag,2016,218,"Tuor, Leo",,"Spescha, Claudio; Spescha, Flurin; Tuor-Kurth, Christina; Caduff, Renzo; Decurtins, Michel; Peyer, Elisabeth",,,Fiktionale Darstellung; Erzählende Literatur: Anthologien,ger; roh,roh
9789759961428,"Ausgewählte Geschichten aus ""Kelile und Dimne""",,Istanbul,Mavi Agac Kültür Sanat Yayincilik,2016,48,,,"Açba, Dilruba Leyla",,,Fiktionale Darstellung; Erzählende Literatur,ger,tur
9783827013279; 3827013275,Charisma,,München,Berlin Verlag,2016,367,"Salter, James",,"Howeg, Beatrice; Hansen, Nikolaus; Friedrich, Malte",,"Banville, John",Fiktionale Darstellung; Erzählende Literatur: Gegenwartsliteratur ab 1945,ger,eng
9783730604199,Christmas stories,,Köln,Anaconda,2016,425,"Dickens, Charles",,"Fuchs, Isabelle",,,Anthologie; Erzählende Literatur: Hauptwerk vor 1945,ger; eng,eng
9783945035429,Coo-ee,3. Auflage,Hamburg,Balladine,2016,143,,"Lawrence, Shawnee","Lawrence, Shawnee",,,Anthologie; Erzählende Literatur: Anthologien,ger,eng
9783737410090; 3737410097,Das Gartenfest und andere Erzählungen,,Wiesbaden,Marixverlag,2016,253,"Mansfield, Katherine",,"Wenner, Claudia",,,Anthologie; Erzählende Literatur: Anthologien,ger,eng
9783596032426; 3596032423,Das Gegenteil von Einsamkeit,1. Aufl.,Frankfurt am Main,Fischer Taschenbuch,2016,284,"Keegan, Marina",,"Jakobeit, Brigitte",,,Fiktionale Darstellung; Erzählende Literatur: Gegenwartsliteratur ab 1945,ger,eng
9783455600551; 3455600557,Das Geheimnis des Weihnachtspuddings,1. Auflage,Hamburg,Atlantik,2016,173,"Christie, Agatha","Kampa, Daniel",,,,"Anthologie; Krimis, Thriller, Spionage",ger,eng
9783442749294; 3442749298,Das Große-Schwestern-Handbuch,"1. Auflage, genehmigte Taschenbuchausgabe",München,btb,2016,270,"Wilson, Kevin",,"Osthelder, Xenia",,,Anthologie; Erzählende Literatur: Anthologien,ger,eng
9783940482907,Das Heimatland im Herzen,"Erste Auflage, limitierte Auflage",Bonn,Verlag Frauen Museum,2016,82,"Kostadinovski, Savo",,,,,Fiktionale Darstellung; Erzählende Literatur,ger,mac
9783596311811; 3596311810,Das Messer und andere Erzählungen,1. Auflage,Frankfurt am Main,FISCHER Taschenbuch,2016,302,"Jones, James",,"Stiehl, Hermann",,,Erzählende Literatur,ger,eng
9783866482630; 3866482639,Das offene Boot und andere Erzählungen,1. Auflage,Hamburg,mare,2016,238,"Crane, Stephen","Deprijck, Lucien","Deprijck, Lucien",,,Fiktionale Darstellung; Erzählende Literatur: Hauptwerk vor 1945,ger,eng
9783943810127; 3943810127,Das Unbehagen der Sora Elsa,,München,Verlag ohne Geld,2016,213,"Zapperi Zucker, Ada",,"Andergassen, Dominikus",,,Fiktionale Darstellung; Erzählende Literatur,ger,ita
9783803113191; 3803113199,Das weinfarbene Meer,,Berlin,Verlag Klaus Wagenbach,2016,164,"Sciascia, Leonardo",,"Vagt, Sigrid",,,Anthologie; Erzählende Literatur: Anthologien,ger,ita
9783928085694; 3928085697,Der Drachen von Kao Tsu und andere Geschichten mit Wild Bill Clanton,,Wiesbaden,Thorsten Reiß Verlag,2016,163,"Howard, Robert Ervin",,"Monzel, Andrea; Reiß, Thorsten",,,Fiktionale Darstellung; Historische Romane und Erzählungen,ger,eng
9783944524047; 3944524047,Der Geschmack der Träume,"Deutsche Erstausgabe, 1. Auflage",Badenweiler,Edition Alea,2016,335,"Krúdy, Gyula",,"Buda, György",,"Darvasi, László",Anthologie; Erzählende Literatur: Hauptwerk vor 1945,ger,hun
9783943275131; 3943275132,Der Humbug,Neuauflage,Berlin,Edition Dornbrunnen,2016,127,"Verne, Jules; Verne, Michel",,"Krauth, Bernhard; Ehrhardt, Anne; Schwarz, Gilbert",,"Benett, Léon; Roux, George",Fiktionale Darstellung; Erzählende Literatur: Hauptwerk vor 1945,ger,fre
9783950422429,"Der Hund, der zum Bankräuber wurde und mehr irische Stories","Originalausgabe, 1. Auflage",Wien,Songdog Verlag,2016,107,"Fitzgerald, Mick",,"Haefs, Gabriele",,,Fiktionale Darstellung; Erzählende Literatur,ger,eng
9783518425596; 3518425595,Der letzte beste Ort,Erste Auflage,Berlin,Suhrkamp,2016,280,"Wink, Callan",,"Meyer, Hannes",,,Fiktionale Darstellung; Erzählende Literatur: Gegenwartsliteratur ab 1945,ger,eng
9783257069792; 3257069790,Der Tod des Odysseus,,Zürich,Diogenes,2016,213,"Markarēs, Petros",,"Prinzinger, Michaela",,,"Fiktionale Darstellung; Krimis, Thriller, Spionage",ger,gre
9783938836064; 3938836067,Der unbekannte Nachbar,1. Auflage,Herten,Exil Verlag,2016,118,"Gemici, Bahattin",,,,,Fiktionale Darstellung; Erzählende Literatur,ger,tur
9781523764570,Der Untergang des Hauses Usher und drei weitere Geschichten,,Zeuthen,Beate Ziebell,2016,71,"Poe, Edgar Allan",,,,,Fiktionale Darstellung; Erzählende Literatur: Hauptwerk vor 1945,ger; eng,eng
9781523990986,Der Untergang des Hauses Usher und drei weitere Geschichten,,Zeuthen,Beate Ziebell,2016,72,"Poe, Edgar Allan",,,,,Fiktionale Darstellung; Erzählende Literatur: Hauptwerk vor 1945,ger; fre,eng
9783596905423; 3596905427,Der Weg nach San Giovanni und andere Geschichten,1. Aufl.,Frankfurt am Main,Fischer Taschenbuch,2016,131,"Calvino, Italo",,"Kroeber, Burkhart",,,Fiktionale Darstellung; Erzählende Literatur: Gegenwartsliteratur ab 1945,ger,ita
9783453527966; 3453527968,Der Zweihundertjährige,,München,Wilhelm Heyne Verlag,2016,287,"Asimov, Isaac",,"Simon, Elisabeth",,,Fiktionale Darstellung; Science Fiction,ger,eng
9783596035601; 3596035600,Die Abenteuer des Sherlock Holmes,1. Aufl.,Frankfurt am Main,Fischer Taschenbuch,2016,361,"Doyle, Arthur Conan",,"Ahrens, Henning",,,Fiktionale Darstellung; Historische Kriminalromane,ger,eng
9783730603536; 3730603531,Die besten Geschichten,,Köln,Anaconda,2016,399,"Lovecraft, H. P.","Marzin, Florian F.","Marzin, Florian F.",,,Fiktionale Darstellung; Horror,ger,eng
9783730603529; 3730603523,Die besten Geschichten,,Köln,Anaconda,2016,319,"London, Jack",,"Schnierle-Lutz, Herbert",,,Fiktionale Darstellung; Erzählende Literatur: Hauptwerk vor 1945,ger,eng
9783950368321; 3950368329,Die Blauäugige,1. Auflage,Perchtoldsdorf,Martinek Verlag,2016,74,"Osmani, Mërgim",,,,,Anthologie; Erzählende Literatur,ger,alb
9783730604052; 3730604058,Die Erzählungen,,Köln,Anaconda,2016,796,"Dostoevskij, Fëdor Michajlovič",,,,,Fiktionale Darstellung; Erzählende Literatur,ger,rus
9783957711083; 3957711088,Die Frauen von Istanbul,Erste Auflage,Frankfurt am Main,Größenwahn Verlag,2016,185,"Boralıoğlu, Gaye",,"Riemann, Wolfgang",,,Anthologie; Erzählende Literatur: Anthologien,ger,tur
9783943941678; 3943941671,Die gläserne Heimat,1. Auflage,Weilerswist-Metternich,Dittrich,2016,194,"Farsāyī, Fahīma",,,,,Fiktionale Darstellung; Erzählende Literatur: Gegenwartsliteratur ab 1945; Erzählende Literatur,ger,per
9783868275933; 3868275932,Die Hüterin der Geschichten,1. Auflage,Marburg an der Lahn,Francke,2016,380,"Wingate, Lisa",,"Lutz, Silvia",,,Fiktionale Darstellung; Erzählende Literatur,ger,eng
9783596032624; 3596032628,Die Jupitermonde,1. Aufl.,Frankfurt am Main,Fischer Taschenbuch,2016,317,"Munro, Alice",,"Zerning, Heidi",,,Fiktionale Darstellung; Erzählende Literatur: Gegenwartsliteratur ab 1945,ger,eng
9783596313433; 3596313430,Die Katze auf dem Dachboden,1. Auflage,Frankfurt am Main,FISCHER Taschenbuch,2016,126,"Martin, Valerie",,"Aichele, Rose",,,Erzählende Literatur,ger,eng
9783717523963; 3717523961,Die Komödie von Charleroi,,Zürich,Manesse Verlag,2016,274,"Drieu La Rochelle, Pierre",,"Spingler, Andrea; Moldenhauer, Eva",,"Laux, Thomas",Fiktionale Darstellung; Erzählende Literatur,ger,fre
9783455600285; 345560028X,Die Küche ist zum Tanzen da,1. Auflage,Hamburg,Atlantik,2016,189,"Roger, Marie-Sabine",,"Kalscheuer, Claudia",,,Anthologie; Erzählende Literatur: Anthologien; Erzählende Literatur,ger,fre
9783596035618; 3596035619,Die Memoiren des Sherlock Holmes,1. Aufl.,Frankfurt am Main,Fischer Taschenbuch,2016,303,"Doyle, Arthur Conan",,"Ahrens, Henning",,,"Fiktionale Darstellung; Historische Kriminalromane; Krimis, Thriller, Spionage",ger,eng
9783741300080; 374130008X,Die Nacht der Langfinger,Vollständige e-Pub-to-Print-Ausgabe,Köln,Bastei Entertainment,2016,341,"Costello, Matthew",,"Schilasky, Sabine","Costello, Matthew; Costello, Matthew; Costello, Matthew",,"Fiktionale Darstellung; Krimis, Thriller, Spionage",ger,eng
9783960142102; 3960142102,Die schiefe Brille und andere Erzählungen,1. Auflage,Borsdorf,edition winterwork,2016,116,"Babaev, Akšin",,,,,Fiktionale Darstellung; Erzählende Literatur: Gegenwartsliteratur ab 1945,ger,aze
9783552057647; 3552057641,Die schönen Fremden,,Wien,Paul Zsolnay Verlag,2016,300,"Cărtărescu, Mircea",,"Wichner, Ernest",,,Anthologie; Erzählende Literatur,ger,rum
9783827013187; 3827013186,Die steinerne Matratze,,Berlin,Berlin Verlag,2016,303,"Atwood, Margaret",,"Baark, Monika",,,Anthologie; Erzählende Literatur: Gegenwartsliteratur ab 1945,ger,eng
9783865524645; 3865524648,Die Totenbeschwörer von Naat,Originalausgabe,Leipzig,Festa,2016,574,"Smith, Clark Ashton",,,,,Fiktionale Darstellung; Fantastische Literatur,ger,eng
9783630874791; 3630874797,Die Unerwünschten,1. Auflage,München,Luchterhand,2016,141,"Verhulst, Dimitri",,"Kersten, Rainer",,,Fiktionale Darstellung; Erzählende Literatur,ger,dut
9783940964236; 3940964239,Die Weisheiten des Eremiten,1. Auflage,Werlenbach,Eich-Verlag,2016,233,"Pauli, Ebba",,,,"Körner, Bernd",Anthologie; Erzählende Literatur: Anthologien; Historische Romane und Erzählungen,ger,swe
9783548287096; 3548287093,Edinburgh love stories,"Deutsche Erstausgabe im Ullstein Taschenbuch, 1. Auflage",Berlin,Ullstein,2016,565,"Young, Samantha",,"Bader, Nina; Uplegger, Sybille",,,Fiktionale Darstellung; Erzählende Literatur: Gegenwartsliteratur ab 1945,ger,eng
9783596905430; 3596905435,Ein General in der Bibliothek,Lizenzausgabe,Frankfurt am Main,Fischer Taschenbuch,2016,284,"Calvino, Italo",,"Kroeber, Burkhart",,,Fiktionale Darstellung; Erzählende Literatur: Gegenwartsliteratur ab 1945,ger,ita
9783596905676; 3596905672,Ein kleines Trostpflaster für uns Temponauten,"Originalausgabe, 1. Aufl.",Frankfurt am Main,Fischer Taschenbuch,2016,395,"Dick, Philip K.",,,,,Fiktionale Darstellung; Erzählende Literatur: Gegenwartsliteratur ab 1945,ger,eng
9783421046185; 3421046182,Eine letzte Liebschaft,,München,Deutsche Verlags-Anstalt,2016,192,"Yates, Richard",,"Gunkel, Thomas",,,Anthologie; Erzählende Literatur: Anthologien,ger,eng
9783868130324; 3868130322,Einladung nach Rumänien,,Berlin,Edition Noack & Block,2016,355,,"Lüder, Elsa","Lüder, Elsa",,,Anthologie; Erzählende Literatur: Anthologien,ger,rum
9783423280723; 3423280727,England and other stories,Deutsche Erstausgabe,München,dtv,2016,302,"Swift, Graham",,"Höbel, Susanne",,,Anthologie; Erzählende Literatur: Gegenwartsliteratur ab 1945,ger,eng
9783737410045; 3737410046,Erste Liebe und andere Erzählungen,,Wiesbaden,Marixverlag,2016,189,"Turgenev, Ivan Sergeevič",,"Bodenstedt, Friedrich",,,Anthologie; Lyrik,ger,rus
9783990291832; 3990291831,"Erzählungen, Dramen",,Klagenfurt,Wieser Verlag,2016,307,"Gruša, Jiří",,,,,Fiktionale Darstellung; Erzählende Literatur,ger,cze
9783100024848; 3100024842,Ferne Verabredungen,,Frankfurt am Main,S. FISCHER,2016,441,"Munro, Alice",,"Zerning, Heidi",,,Fiktionale Darstellung; Erzählende Literatur: Gegenwartsliteratur ab 1945,ger,eng
9783038200314; 303820031X,Frühling,1. Auflage,Zürich,Dörlemann,2016,300,"Bunin, Ivan Alekseevič",,,,,Anthologie; Erzählende Literatur,ger,rus
9783847906117; 3847906119,Fünf von fünf Sternen,1. Aufl.,Köln,Eichborn,2016,301,"Eisenberg, Jesse",,,,,Fiktionale Darstellung; Erzählende Literatur: Gegenwartsliteratur ab 1945,ger,eng
9783453528437; 3453528433,Geliebter Roboter,,,,2018,207,"Asimov, Isaac",,"Brumm, Walter",,,Fiktionale Darstellung; Science Fiction,ger,eng
9783875487749; 3875487745,Georgische Kurzgeschichten,,Hamburg,Buske,2016,200,,"Chotiwari-Jünger, Steffi","Chotiwari-Jünger, Steffi",,"Xotivari, Arč̕il",Anthologie; Erzählende Literatur: Anthologien,geo; ger,geo
9783730603413; 3730603418,Gesammelte Werke,,Köln,Anaconda,2016,830,"Tolstoj, Lev Nikolaevič",,"Eliasberg, Alexander; Goldbaum, Julie; Löwenfeld, Raphael; Nötzel, Karl; Röhl, Hermann; Scholz, August",,,Fiktionale Darstellung; Erzählende Literatur: Hauptwerk vor 1945,ger,rus
9783458194170; 3458194177,Gesammelte Werke (und andere Geschichten),Erste Auflage,Berlin,Insel Verlag,2016,120,"Monterroso, Augusto",,"Becker, Svenja",,"Mahler, Nicolas",Fiktionale Darstellung; Erzählende Literatur: Gegenwartsliteratur ab 1945,ger,spa
9783860344132; 3860344137,Geschichte eines Wahnsinnigen,Deutsche Erstausgabe,Berlin,Edition diá,2016,149,"Bove, Emmanuel",,"Zingg, Martin",,,Fiktionale Darstellung; Erzählende Literatur; Erzählende Literatur: Hauptwerk vor 1945,ger,fre
9783945191088; 3945191084,Geschichten aus dem Dschungel,Erste Auflage,Heidelberg,Draupadi Verlag,2016,58,,"Prabhu, Pradip","Laping, Johannes",,,Anthologie; Erzählende Literatur,ger,eng
9783518240281; 3518240285,Geschichten der Cronopien und Famen,Erste Auflage,Berlin,Suhrkamp Verlag,2016,156,"Cortázar, Julio",,"Promies, Wolfgang",,,Fiktionale Darstellung; Erzählende Literatur: Gegenwartsliteratur ab 1945,ger,spa
9783596906147; 3596906148,Gespräch in der Nacht,Lizenzausgabe,Frankfurt am Main,Fischer Taschenbuch,2016,258,"Bunin, Ivan Alekseevič","Grob, Thomas","Trottenberg, Dorothea",,,Anthologie; Erzählende Literatur: Hauptwerk vor 1945,ger,rus
9783981586398; 3981586395,Grenzenlos,1. Auflage,Karlsruhe,Arara Verlag,2016,187,"Nocelli, Marcelo; Ferrer, André; Alves Pires, Andréia; Amaro, Bethânia; Langer, Daniela; Meniche Cruz, Danielle; Ferraz, Débora; Torres, Flavio; Vieira, Glauber; Hallaj, Hassim; Botelho, Joaquim Maria; Braga, Kakao; Guenther, Leila; Bras, Luiz; Maluf, Marcelo; Mei, Mariela; Steinberg, Paco; Mendes, Rafael; Martens, Rennan; Mélega Cortizo, Roberta; Domit, Rodrigo; Rosp, Rodrigo; Lancman, Thais; Fantoni, Veronica; Cesar, Zoraya","Nocelli, Marcelo","Augustin, Wiebke; Köser, Carla Martins de Barros",,,Fiktionale Darstellung; Erzählende Literatur: Anthologien,ger,por
9783906309088,Großmutter macht Geschichte(n),2. Auflage,Zürich,Advent-Verlag,2016,198,"Robinson, Ella M.",,,,,Fiktionale Darstellung; Erzählende Literatur: Gegenwartsliteratur ab 1945,ger,eng
9783596185979; 3596185971,Heimsuchungen,,Frankfurt am Main,Fischer Taschenbuch,2016,300,"Adichie, Chimamanda Ngozi",,"Böhnke, Reinhild",,,Anthologie; Anthologie; Erzählende Literatur: Gegenwartsliteratur ab 1945,ger,eng
9783952440155; 3952440159,Hier unten im Tal,1. Auflage,Zürich,Kommode Verlag,2016,478,"Ó Maolchataigh, Séamas",,"O'Neill, Christine",,,Fiktionale Darstellung; Erzählende Literatur,ger,gle
9783717524007; 3717524003,Himbeeren mit Sahne im Ritz,,Zürich,Manesse Verlag,2016,215,"Fitzgerald, Zelda",,"Bonné, Eva",,"Lovenberg, Felicitas von",Fiktionale Darstellung; Erzählende Literatur,ger,eng
9783453528420; 3453528425,"Ich, der Roboter",,München,Wilhelm Heyne Verlag,2016,303,"Asimov, Isaac",,"Schrag, Otto",,,Fiktionale Darstellung; Science Fiction,ger,eng
9783957710819; 3957710812,Immer die Nacht,Erste Auflage,Frankfurt am Main,Größenwahn Verlag,2016,157,"Todorov, Todor P.",,"Bormann-Nassonowa, Elvira",,,Anthologie; Erzählende Literatur: Gegenwartsliteratur ab 1945; Fantastische Literatur,ger,bul
9783596315062; 3596315069,In die Wüste,1. Auflage,Frankfurt am Main,FISCHER Taschenbuch,2016,190,"Palm, Anna-Karin",,"Reichel, Verena",,,Erzählende Literatur: Gegenwartsliteratur ab 1945,ger,swe
9783036957388; 3036957383,Jetzt alles sofort,Deutsche Erstausgabe,Zürich,Kein & Aber,2016,361,"Ulman, Abigail",,"Kramer, Anna-Christin",,,Fiktionale Darstellung; Erzählende Literatur: Anthologien,ger,eng
9783865525024; 3865525024,Jetzt bist du dran!,1. Auflage,Leipzig,Festa,2016,414,"Palahniuk, Chuck",,,,,Fiktionale Darstellung; Erzählende Literatur: Gegenwartsliteratur ab 1945,ger,eng
9783518466988; 3518466984,Ka,Erste Auflage,Frankfurt am Main,Suhrkamp,2016,567,"Calasso, Roberto",,"Fröhlich, Anna Katharina; Schneider, Marianne",,,Fiktionale Darstellung; Erzählende Literatur: Gegenwartsliteratur ab 1945,ger,ita
9783100024442; 3100024443,Keine Liebe mehr,,Frankfurt am Main,S. Fischer,2016,508,"Marías, Javier",,"Lange, Susanne; Wehr, Elke; Zuniga, Renate",,,Fiktionale Darstellung; Erzählende Literatur: Gegenwartsliteratur ab 1945,ger,spa
9783596313662; 359631366X,Kirschbombe,1. Auflage,Frankfurt am Main,FISCHER Taschenbuch,2016,240,,,,"Clair, Maxine; Torberg, Peter",,Erzählende Literatur,ger,eng
9783257069648; 3257069642,Kleine Feste,1. Aufl.,Zürich,Diogenes,2016,204,"Serra, Michele",,"Brandestini, Julika",,,Fiktionale Darstellung; Erzählende Literatur: Gegenwartsliteratur ab 1945,ger,ita
9783860344149; 3860344145,Kleine Monster,,Berlin,Edition diá,2016,117,"Abreu, Caio Fernando",,"Gareis, Marianne; Hilger, Gerd; Hummitzsch, Maria; Küppers, Gabriele; Schön, Gotthardt",,,Fiktionale Darstellung; Erzählende Literatur; Erzählende Literatur: Gegenwartsliteratur ab 1945,ger,por
9783936246193; 393624619X,König Akbar und seine Tochter,1. Auflage,Weinstadt,Verlag Heilbronn,2016,163,"Inayat Khan, Noor-un-Nisa",,"Reimert, Karla",,"Koizumi, Natsuyo",Anthologie; Erzählende Literatur: Anthologien,ger,fre; eng
9783865524621; 9783865524614; 3865524621,"Kull, verbannt aus Atlantis",1. Auflage,Leipzig,Festa,2016,410,"Howard, Robert Ervin",,"Schmitz, Klaus",,,"Fiktionale Darstellung; Science Fiction, Fantasy",ger,eng
9781523355105,Kurdische Volksmärchen,Bearbeitete Version,Göttingen,Bahman Bahrami,2016,369,,"Bahrami, Bahman",,,,,ger,kur
9783518425343; 351842534X,Letztes Lied einer vergangenen Welt,Erste Auflage,Berlin,Suhrkamp,2016,341,"Marra, Anthony",,"Jacobs, Stefanie; Blumenbach, Ulrich",,,Fiktionale Darstellung; Erzählende Literatur: Gegenwartsliteratur ab 1945,ger,eng
9783518241158; 351824115X,Liebe und Trennung,Erste Auflage,Berlin,Suhrkamp Verlag,2016,187,"ʿAgnon, Shemuʾel Yosef",,"Glatzer, Nahum Norbert",,"Necker, Gerold",Fiktionale Darstellung; Erzählende Literatur: Gegenwartsliteratur ab 1945,ger,heb
9783875124750; 3875124758,Little Italy,1. Auflage,Augsburg,MaroVerlag,2016,364,"Fante, John",,"Pohl, Kurt; Wehlen, Rainer",,,Anthologie; Erzählende Literatur,ger,eng
9783596036769; 3596036763,Mehr Feminismus!,1. Auflage,Frankfurt am Main,Fischer Taschenbuch,2016,111,"Adichie, Chimamanda Ngozi",,"Grube, Anette",,,Erzählende Literatur,ger,eng
9783865692382; 3865692389,Meine Liebe ist meine Religion,Erste Auflage,Aschaffenburg,Alibri Verlag,2016,268,"Nesin, Aziz",,"Liebe-Harkort, Klaus",,,Anthologie; Erzählende Literatur: Gegenwartsliteratur ab 1945,ger,tur
9783857917868,Miló,,Zürich,Limmat Verlag,2016,229,"Nessi, Alberto",,,,"Pflug, Maja Übers.",Fiktionale Darstellung; Erzählende Literatur: Gegenwartsliteratur ab 1945,ger,ita
9783741300073; 3741300071,Mord an der Themse,Vollständige ePub-to-Print-Ausgabe,Köln,Bastei Entertainment,2016,363,"Costello, Matthew",,"Schilasky, Sabine","Costello, Matthew; Costello, Matthew; Costello, Matthew",,"Fiktionale Darstellung; Krimis, Thriller, Spionage",ger,eng
9783596311293; 3596311292,Mord aus Liebe,1. Auflage,Frankfurt am Main,FISCHER Taschenbuch,2016,174,"Curtiss, Ursula",,"Sandberg-Ciletti, Mechtild",,,"Krimis, Thriller, Spionage",ger,eng
9783763269273,Mr. und Mrs. Derdon,"Lizenzausgabe für die Büchergilde Gutenberg Verlagsges. mbH, Frankfurt am Main, Zürich, Wien",Frankfurt am Main,Büchergilde Gutenberg,2016,188,"Brennan, Maeve",,"Oeser, Hans-Christian",,,Fiktionale Darstellung; Erzählende Literatur: Gegenwartsliteratur ab 1945,ger,eng
9783293207455; 3293207456,Mr. und Mrs. Derdon,1. Auflage,Zürich,Unionsverlag,2016,188,"Brennan, Maeve",,"Oeser, Hans-Christian",,,Fiktionale Darstellung; Erzählende Literatur: Gegenwartsliteratur ab 1945,ger,eng
9783293005051; 3293005055,Neun Nächte mit Violeta,1. Auflage,Zürich,Unionsverlag,2016,250,"Padura, Leonardo",,"Hartstein, Hans-Joachim",,,Fiktionale Darstellung; Erzählende Literatur: Gegenwartsliteratur ab 1945,ger,spa
9783036959511; 3036959513,New Yorker Geschichten,1. Auflage,Zürich,Kein & Aber,2016,416,"Parker, Dorothy",,"Biermann, Pieke; Mössner, Ursula-Maria",,"Heidenreich, Elke",Fiktionale Darstellung; Erzählende Literatur,ger,eng
9783293207349; 3293207340,"New York, New York",1. Auflage,Zürich,Unionsverlag,2016,279,"Brennan, Maeve",,"Oeser, Hans-Christian",,,Fiktionale Darstellung; Erzählende Literatur: Gegenwartsliteratur ab 1945,ger,eng
9783453359048,Nikki & Damien,Taschenbucherstausgabe,München,Diana,2016,367,"Kenner, Julie",,"Burkhardt, Christiane",,,Fiktionale Darstellung; Erzählende Literatur,ger,eng
9783328100652; 3328100652,Nordische Nächte,1. Auflage,München,Penguin Verlag,2016,319,"Blixen, Tania",,"Lauinger, Horst",,,Anthologie; Erzählende Literatur,ger,dan; eng
9783716027370; 3716027375,Papagei über Bord,1. Auflage,Zürich,Arche,2016,287,"Jin, Ha",,"Hornfeck, Susanne",,,Fiktionale Darstellung; Erzählende Literatur: Gegenwartsliteratur ab 1945,ger,eng
9783717524120; 3717524127,Pariser Symphonie,,Zürich,Manesse Verlag,2016,223,"Némirovsky, Irène",,"Röckel, Susanne",,"Kegel, Sandra",Fiktionale Darstellung; Erzählende Literatur: Hauptwerk vor 1945,ger,fre
9783596033195; 3596033195,Reise über die stille Seite,Lizenzausgabe,Frankfurt am Main,Fischer Taschenbuch,2016,290,"Davis, Lydia",,"Hoffer, Klaus",,"Hoffer, Klaus",Anthologie; Erzählende Literatur: Gegenwartsliteratur ab 1945,ger,eng
9783431039689; 3431039685,Rendezvous zum Weihnachtsfest,1. Aufl.,Bergisch Gladbach,Ehrenwirth,2016,318,"Fforde, Katie",,"Werner-Richter, Ulrike",,,Fiktionale Darstellung; Erzählende Literatur: Gegenwartsliteratur ab 1945,ger,eng
9783442713349; 344271334X,Revolution,"1. Auflage, genehmigte Taschenbuchausgabe",München,btb,2016,351,"Ejersbo, Jakob",,"Sonnenberg, Ulrich",,,Anthologie; Erzählende Literatur: Anthologien; Erzählende Literatur,ger,dan
9783423145367; 3423145366,Rock Springs,,München,dtv,2016,309,"Ford, Richard",,"Goland, Harald",,,Anthologie; Erzählende Literatur: Gegenwartsliteratur ab 1945,ger,eng
9783730603307; 3730603302,Sämtliche Erzählungen,,Köln,Anaconda,2016,727,"Cervantes Saavedra, Miguel de",,"Uslar, Gerda von; Grossmann, Rudolf",,"Fries, Fritz Rudolf",Fiktionale Darstellung; Erzählende Literatur: Hauptwerk vor 1945,ger,spa
9783867622578; 3867622574,Schattenspiele,1. Auflage,Köln,Feder & Schwert,2016,630,"Green, Simon R.",,"Hoffmann, Oliver",,,Fiktionale Darstellung; Fantastische Literatur,ger,eng
9783946142232; 3946142230,Schiffbrüchige und weitere Erzählungen,1. Auflage,Berlin,Edition Romiosini,2016,180,"Nollas, Dēmētrēs Ath.",,"Hildebrand, Birgit",,"Kotzia, Elisabet",Fiktionale Darstellung; Erzählende Literatur: Gegenwartsliteratur ab 1945; Erzählende Literatur,ger,gre
9783000523298; 3000523294,Segeln mit kleinen Booten,1. Auflage,Maasholm,Ostsee-Segelschul-Verlag,2016,121,,"Friße, Thomas","Friße, Thomas",,,Anthologie; Erzählende Literatur,ger,eng
9783730604335,Sherlock Holmes,,Köln,Anaconda,2016,846,"Doyle, Arthur Conan",,,,,,ger,eng
9783596906116; 3596906113,Stalky & Co.,1. Aufl.,Frankfurt am Main,Fischer Taschenbuch,2016,460,"Kipling, Rudyard",,"Haefs, Gisbert",,,Anthologie; Erzählende Literatur: Hauptwerk vor 1945,ger,eng
9783596306954; 3596306957,Tante Parnettas elektrische Wunden,1. Auflage,Frankfurt am Main,FISCHER Taschenbuch,2016,152,,,,"Glancy, Diane; Walser, Alissa",,Erzählende Literatur,ger,eng
9783442484379; 3442484375,Tinderella,"1. Auflage, deutsche Erstveröffentlichung",München,Goldmann,2016,414,"Edwards, Rosy",,"Retterbush, Stefanie",,,Fiktionale Darstellung; Erzählende Literatur: Gegenwartsliteratur ab 1945,ger,eng
9783944751092; 3944751094,"Vom Versuch, einen Glücksgott loszuwerden",Erste Auflage,Löhne,Cass,2016,171,"Machida, Kō",,"Cassing, Katja; Stalph, Jürgen",,,Fiktionale Darstellung; Erzählende Literatur,ger,jpn
9783463406275; 3463406276,Von der Liebe und anderen Körperteilen,1. Auflage,Reinbek bei Hamburg,Kindler,2016,284,"Palma, Félix J.",,"Zurbrüggen, Willi",,,Fiktionale Darstellung; Erzählende Literatur: Gegenwartsliteratur ab 1945,ger,spa
9783442714254; 3442714257,"Von Männern, die keine Frauen haben","Genehmigte Taschenbuchausgabe, 1. Auflage",München,btb,2016,253,"Murakami, Haruki",,"Gräfe, Ursula",,,Fiktionale Darstellung; Erzählende Literatur; Erzählende Literatur: Gegenwartsliteratur ab 1945,ger,jpn
9783942374750; 3942374757,Wär mein Klavier doch ein Pferd,"1. Auflage, Originalausgabe",Gräfelfing,Edition fünf,2016,200,,"Hermanns, Doris","van Beuningen, Helga; Carstens, Anna; Kluitmann, Andrea; Kuby, Christiane",,"Dermoût, Maria; Mendels, Josepha; Augustin, Elisabeth; Schmidt, Annie M. G.; Minco, Marga; Ruebsamen, Helga; de Moor, Margriet; Ombre, Ellen; Stolk, Jill; Timmerije, Anneloes; Uphoff, Manon; van Hassel, Sanneke; Gerritsen, Esther; Wortel, Maartje",Anthologie; Erzählende Literatur: Anthologien; Erzählende Literatur,ger,dut
9783957572288; 9783966750660; 3957572282,Wahnsinn,Erste Auflage,Berlin,Matthes & Seitz,2016,231,"Sá-Carneiro, Mário de",,"Henseleit, Frank",,,Fiktionale Darstellung; Erzählende Literatur: Hauptwerk vor 1945,ger,por
9783716027424; 3716027421,Was ich sonst noch verpasst habe,"Deutsche Erstausgabe, 1. Auflage",Zürich,Arche,2016,381,"Berlin, Lucia",,"Strubel, Antje Rávik",,,Fiktionale Darstellung; Erzählende Literatur: Gegenwartsliteratur ab 1945,ger,eng
9783746632681; 3746632684,Whiskey für den Weihnachtsmann,1. Auflage,Berlin,Aufbau Taschenbuch,2016,205,"Keane, John B.",,"Brandstädter, Irmhild; Brandstädter, Otto",,,Anthologie; Erzählende Literatur: Anthologien; Historische Romane und Erzählungen,ger,eng
9783854357766; 3854357761,"Wien, Paris, Saualm",,Klagenfurt,Drava,2016,198,Prežihov Voranc,,"Strutz, Jozej",,,Fiktionale Darstellung; Erzählende Literatur,ger,slv
9783492269674; 3492269672,"Wildes Feuer, scharfe Krallen",Deutsche Erstausgabe,München,Piper,2016,543,"Aiken, G. A.",,"Gerwig, Karen; Hummel, Doris",,,Fiktionale Darstellung; Fantasy,ger,eng
9783518240144; 3518240145,"Winesburg, Ohio",1. Auflage,Berlin,Suhrkamp Verlag,2016,259,"Anderson, Sherwood",,"Nossack, Hans Erich",,,Fiktionale Darstellung; Erzählende Literatur: Hauptwerk vor 1945,ger,eng
9783446250642; 3446250646,Wozu macht man das alles?,,München,Carl Hanser Verlag,2016,221,"Sjöberg, Fredrik",,"Berf, Paul",,,Anthologie; Erzählende Literatur: Anthologien,ger,swe
9783462047691; 3462047698,Zehn Wahrheiten,1. Auflage,Köln,Kiepenheuer & Witsch,2016,215,"July, Miranda",,"Drechsler, Clara; Hellmann, Harald",,,Fiktionale Darstellung; Erzählende Literatur,ger,eng
9783596950218; 359695021X,Zweite Geburt,1. Aufl.,Frankfurt am Main,Fischer Taschenbuch,2016,476,"Pasternak, Boris Leonidovič","Fischer, Christine",,,,Anthologie; Gemischte Anthologien,ger,rus
9783455600544; 3455600549,Zwischen hier und hier,1. Auflage,Hamburg,Atlantik,2016,334,"Bloom, Amy",,"Dormagen, Adelheid; Razum, Kathrin",,,Erzählende Literatur,ger,eng
9783868202663,1001 Nacht,,Hamburg,Nikol,2015,366,,,"Weil, Gustav",,,Anthologie; Anthologie,ger,ara
9783902711458,Acht Leben,Dt. Ausg.,Wien,Septime-Verl.,2015,294,"Gim, Hun",,"Yun, Seon yeong","Gim, Hun",,Erzählende Literatur,ger,kor
9783717523789; 3717523783,Angst vor dem Glück,,Zürich,Manesse Verl.,2015,249,"Pirandello, Luigi",,"Hinterhäuser, Hans",,"Weichelt, Matthias",Erzählende Literatur,ger,ita
9783854097457,Auf in die Stadt,,Wien,Löcker,2015,312,,"Zhang, Yiwu","Strasser, Jürgen",,,Erzählende Literatur,ger,eng
9783833310331; 3833310332,Auf leisen Pfoten,,Berlin,Berlin Verlag Taschenbuch,2015,313,"Greif, Hans-Jürgen",,"Greif, Hans-Jürgen",,,Fiktionale Darstellung; Erzählende Literatur: Gegenwartsliteratur ab 1945,ger,fre
9783854097402,Aus dem Zwielicht,,Wien,Löcker,2015,160,"Maṅgalam, Harīśa","Kreiner, Stefanie",,,,Anthologie; Erzählende Literatur,ger,eng; guj
9783596309566; 3596309565,Aus der Mitte entspringt ein Fluss,1. Auflage,Frankfurt am Main,FISCHER Taschenbuch,2015,194,"Maclean, Norman",,"Samland, Bernd",,,Erzählende Literatur: Gegenwartsliteratur ab 1945,ger,eng
9783943537024; 3943537021,Contes,1. Auflage,Hamburg,Lehmweg Verlag,2015,223,"Català, Víctor",,"Kalász, Claudia; Patz Sievers, Evelyn",,,Erzählende Literatur: Hauptwerk vor 1945,ger; cat,cat
9783596030958; 3596030951,Das Bettlermädchen,,"Frankfurt, M.",Fischer Taschenbuch,2015,335,"Munro, Alice",,"Petry, Hildegard","Munro, Alice",,Erzählende Literatur: Gegenwartsliteratur ab 1945,ger,eng
9783596520480; 3596520487,Das Bettlermädchen,,Frankfurt am Main,Fischer Taschenbuch,2015,411,"Munro, Alice",,"Petry, Hildegard",,,Fiktionale Darstellung; Erzählende Literatur: Gegenwartsliteratur ab 1945,ger,eng
9783608939767,Das Buch der verschollenen Geschichten,21.  Auflage,Stuttgart,Klett-Cotta,2015,445,"Tolkien, J. R. R.",,,,,,ger,eng
9783150076286,Das Ende von Etwas,"Lizenzausgabe, erste Auflage dieser Ausgabe",Stuttgart,Reclam,2015,71,"Hemingway, Ernest",,"Horschitz-Horst, Annemarie",,,Anthologie; Erzählende Literatur: Anthologien,ger,eng
9783100022769; 3100022769,Das Gegenteil von Einsamkeit,,"Frankfurt, M.",S. Fischer  ,2015,284,"Keegan, Marina",,"Jakobeit, Brigitte","Keegan, Marina",,Erzählende Literatur: Gegenwartsliteratur ab 1945,ger,eng
9783940597458,Das Grauen,Dt. Erstveröff.,Barnstorf,Verl. 28 Eichen,2015,308,"Doyle, Arthur Conan","Spittel, Olaf R.","Fischer, Detlef",,,Erzählende Literatur: Hauptwerk vor 1945,ger,eng
9783717523628; 3717523627,Das Krokodil,,Zürich,Manesse-Verl.,2015,448,"Dostoevskij, Fëdor Michajlovič",,"Pöhlmann, Christiane",,,Erzählende Literatur,ger,rus
9783857874598,Das Land der traurigen Orangen,Sonderausg.,Basel,Lenos,2015,138,"Kanafānī, Ġassān",,"Fähndrich, Hartmut",,,Erzählende Literatur: Gegenwartsliteratur ab 1945,ger,ara
9783717523062; 3717523066,Das Tagebuch eines Mannes von fünfzig Jahren,,Zürich,Manesse-Verl.,2015,403,"James, Henry",,"Rathjen, Friedhelm",,"Albath, Maike",Erzählende Literatur,ger,eng
9783492280181; 3492280188,Das Vermächtnis von Erdsee,Ungekürzte Taschenbuchausg.,München,Piper,2015,382,"Le Guin, Ursula K.",,"Kleiner, Barbara","Le Guin, Ursula K.",,"Science Fiction, Fantasy",ger,eng
9783596904853; 3596904854,Das weingetränkte Notizbuch,,"Frankfurt, M.",Fischer Taschenbuch,2015,351,"Bukowski, Charles","Calonne, David Stephen","Krutzsch, Malte","Bukowski, Charles",,Erzählende Literatur: Gegenwartsliteratur ab 1945,ger,eng
9783943906141,Den Lebenden kann geholfen werden,1. Aufl.,Nümbrecht,Kirsch,2015,277,"Bachilo, Alexander",,"Grodskij, Alexander; Kollenbach, Dorothea",,,Fantasy,ger,rus
9783730602300; 3730602306,Der Garten des Bösen,,Köln,Anaconda,2015,159,"Hawthorne, Nathaniel",,"Blei, Franz",,,Spannung,ger,eng
9783446247208; 3446247203,Der letzte Schrei,,München,Hanser,2015,200,"Kennedy, A. L.",,"Herzke, Ingo","Kennedy, A. L.","Hassiepen, Peter-Andreas",Erzählende Literatur: Gegenwartsliteratur ab 1945,ger,eng
9783596032457; 3596032458,Der Mond über der Eisbahn,,"Frankfurt, M.",Fischer Taschenbuch,2015,413,"Munro, Alice",,"Huisgen, Helga","Munro, Alice",,Erzählende Literatur: Gegenwartsliteratur ab 1945,ger,eng
9783596520886; 3596520886,Der Mond über der Eisbahn,,Frankfurt  am Main,Fischer Taschenbuch,2015,572,"Munro, Alice",,"Huisgen, Helga",,,Fiktionale Darstellung; Erzählende Literatur: Gegenwartsliteratur ab 1945,ger,eng
9783956322600,Der Politiker und andere Geschichten aus Thailand,1. Aufl.,Schweinfurt,Wiesenburg-Verl.,2015,235,Lāo Khamhō̜m,"Regenberg, Anton",,,,Erzählende Literatur,ger,tha
9783861760542; 3861760541,Der Preis eines Huhns,,Berlin,Lotos Werkstatt,2015,194,"Sāhanī, Bhīṣma","Bauhaus-Lötzke, Hannelore",,,,Fiktionale Darstellung; Erzählende Literatur,ger,hin
9783518465776; 3518465775,Der Stich im Herzen,"Dt. Erstausg., 1. Aufl.",Berlin,Suhrkamp,2015,207,"Stasiuk, Andrzej",,"Schmidgall, Renate","Stasiuk, Andrzej",,Erzählende Literatur: Gegenwartsliteratur ab 1945,ger,pol
9783945353042,Der Turm des Elefanten und andere Geschichten,,Neuwied,Die Tintenschmiede,2015,649,"Howard, Robert Ervin",,"Schmitz, Klaus",,,Fantasy,ger,eng
9783956191084,Der Untergang des Hauses Usher und andere Erzählungen,,Stuttgart,Reader's Digest,2015,447,"Poe, Edgar Allan",,"Etzel, Gisela",,"Rackham, Arthur",Erzählende Literatur: Anthologien,ger,eng
9783956140587; 3956140583,Der Verrückte vom Freiheitsplatz und andere Geschichten über den Irak,,München,Kunstmann,2015,255,"Balāsim, Ḥasan",,"Fähndrich, Hartmut",,,Erzählende Literatur: Anthologien,ger,ara
9783150110454; 3150110459,Die Ausrottung der Praktikanten der Speditionsfirma Kobkán,,Stuttgart,Reclam,2015,423,"Hašek, Jaroslav",,"Brousek, Antonín",,,Anthologie; Erzählende Literatur: Hauptwerk vor 1945,ger,cze
9783863561178; 3863561171,Die Beichte,1. Auflage,Ludwigsburg,Pop Verlag,2015,183,"Lomt̕at̕ije, Čola","Barbak̕aje, Dat̕o","Chotiwari-Jünger, Steffi; Xotivari, Arč̕il",,,Anthologie; Erzählende Literatur: Anthologien,ger,geo
9783518240403; 3518240404,Die Berg-Azaleen auf dem Hira-Gipfel,Erste Auflage,Berlin,Suhrkamp Verlag,2015,205,"Inoue, Yasushi",,"Benl, Oscar","Inoue, Yasushi",,Fiktionale Darstellung; Erzählende Literatur: Gegenwartsliteratur ab 1945,ger,jpn
9783730602386; 3730602381,Die besten Geschichten,,Köln,Anaconda Verlag,2015,640,"Tolstoj, Lev Nikolaevič",,"Eliasberg, Alexander; Röhl, Hermann",,,Erzählende Literatur: Hauptwerk vor 1945,ger,rus
9783730602393; 373060239X,Die besten Geschichten,,Köln,Anaconda,2015,317,"Wilde, Oscar",,"Lothar, Rudolf; Uhl, Frida",,,Erzählende Literatur: Hauptwerk vor 1945,ger,eng
9783730602928; 3730602926,Die besten Geschichten,,Köln,Anaconda,2015,223,"Fitzgerald, F. Scott",,"Abramowitz, Elga",,,Erzählende Literatur: Anthologien; Historische Romane und Erzählungen,ger,eng
9783730602935; 3730602934,Die besten Geschichten aus den indischen Bergen,,Köln,Anaconda,2015,316,"Kipling, Rudyard",,"Thesing, Marguerite","Kipling, Rudyard",,Erzählende Literatur: Anthologien,ger,eng
9783257069426,Die Dame mit dem Hündchen,,Zürich,Diogenes,2015,632,"Čechov, Anton Pavlovič",,"Urban, Peter",,,Fiktionale Darstellung; Erzählende Literatur: Hauptwerk vor 1945,ger,rus
9783832163372; 3832163379,Die Ermordung Margaret Thatchers,,Köln,DUMONT,2015,187,"Mantel, Hilary",,"Löcher-Lawrence, Werner",,,Fiktionale Darstellung; Erzählende Literatur: Gegenwartsliteratur ab 1945,ger,eng
9783854097143,Die Hochzeit in Gummistiefeln,,Wien,Löcker,2015,295,,"Shi, Zhanjun","Belaunde, Rodrigo",,,Erzählende Literatur,ger,eng
9783492056984; 3492056989,Die jungen Leute,,München,Piper,2015,66,"Salinger, Jerome D.",,"Schönfeld, Eike","Salinger, Jerome D.",,Erzählende Literatur: Gegenwartsliteratur ab 1945,ger,eng
9783937603995,Die Mauern von Delhi,,Heidelberg,Draupadi-Verl.,2015,95,Udaya Prakāśa,,"Petersdorf, Anna; Lotz, Barbara",,,Erzählende Literatur,ger,hin
9783957340566; 395734056X,"Die Nacht, in der die Himmelstür offen stand ... und andere wahre Geschichten, die das Herz berühren",,Asslar,GerthMedien,2015,191,,"Pingry, Patricia A.",,,,Erzählende Literatur: Anthologien,ger,eng
9783100384195; 3100384199,Die Schleierkarawane,,"Frankfurt, M.",S. Fischer,2015,207,"Kadare, Ismail",,"Röhm, Joachim",,,Erzählende Literatur: Anthologien; Erzählende Literatur: Gegenwartsliteratur ab 1945,ger,alb
9783868738735; 3868738738,Die Schneekönigin,Deutsche Erstausgabe,München,Knesebeck,2015,88,"Andersen, Hans Christian",,,,"Annukka, Sanna; Hesse-Hujber, Martina",Fiktionale Darstellung; Geschenkbücher,ger,dan
9783596950263; 3596950260,Die späten Erzählungen,,"Frankfurt, M.",Fischer Taschenbuch,2015,460,"Kipling, Rudyard",,"Haefs, Gisbert",,,Erzählende Literatur: Anthologien; Erzählende Literatur: Gegenwartsliteratur ab 1945,ger,eng
9783945353066,Die Stunde des Drachen und andere Geschichten,,Neuwied,Die Tintenschmiede,2015,686,"Howard, Robert Ervin",,"Schmitz, Klaus",,,Fantasy,ger,eng
9783937129426; 9783963210372; 3937129421,Die Überfahrt und andere Erzählungen,,Wachtendonk,Edition Hagia Sophia,2015,159,"Šipov, Jaroslav Alekseevič",,"Bannack, Roman",,"Fernbach, Gregor",Anthologie; Erzählende Literatur,ger,rus
9783446247710; 3446247718,Die Unamerikanischen,,München,Hanser Berlin,2015,318,"Antopol, Molly",,"Klobusiczky, Patricia","Antopol, Molly",,Erzählende Literatur: Gegenwartsliteratur ab 1945,ger,eng
9783861760511,Drahtseilakt,1. Aufl.,Berlin,Lotos Werkstatt,2015,128,,"Ghuznavi, Farah","Wenner, Claudia",,"Nadiya, Shabnam; Muhaddes, Tisa; Ahmed, Sharbari; Bari, S.; Patel, Brijesh",Erzählende Literatur,ger,eng
9783861509820; 3861509822,Drei Erzählungen,1. Aufl.,Leipzig,Haffmans bei Zweitauseneins,2015,126,"Flaubert, Gustave",,"Sprick, Claus; Hasting, Cornelia","Flaubert, Gustave",,Fiktionale Darstellung; Erzählende Literatur: Hauptwerk vor 1945,ger,fre
9783869309446; 386930944X,Ein Angelausflug ins Gebirge,1. Aufl.,Göttingen,Steidl,2015,167,Halldór Laxness,,"Seelow, Hubert",Halldór Laxness,,Erzählende Literatur,ger,ice
9783854097167,Ein gefallenes Blatt und andere Miniatur-Erzählungen,Dt. Ausg.,Wien,Löcker,2015,267,,Bingfeng,"Niederle, Helmuth A.",,,Anthologie; Erzählende Literatur,ger,eng
9783857877773,Ein Paradies aus Nichts,1. Aufl.,Basel,Lenos-Verl.,2015,256,,,"Badeen, Edward; Becker, Petra; Fähndrich, Hartmut; Forst, Nuha; Karachouli, Regina; Kilias, Doris; Rahmer, Angelika; Stock, Kristina",,"Aswānī, ʿAlāʾ al-; Bišāra, ʿAzmī; Ǧabrā, Ǧabrā Ibrāhīm; Kanafānī, Ġassān; Kūnī, Ibrāhīm al-; Munīf, ʿAbd-ar-Raḥmān; Mūsā, Ṣabrī; Mustaǧāb, Muḥammad; Naṣr, Ḥasan; Ṣāliḥ, aṭ-Ṭaiyib; Ṭāhir, Bahāʾ",Erzählende Literatur: Anthologien,ger,ara
9783981762204; 3981762207,Erzählungen für unsere Zeit,,Forchheim,Artodrome GmbH,2015,184,"Friggieri, Joe",,"Kunkler, Christine",,,Anthologie; Erzählende Literatur: Anthologien,ger,mlt
9783944934235,Es war so,Literarisch-künstlerische Ausg.,Berlin,Univers-Verl.,2015,217,"Fajn, Aleksandr",,"Lichtenfeld, Natalija",,,Erzählende Literatur,ger,rus
9783940527899,Fünf Arten von Glück,1. Aufl.,Gossenberg,Ostasien-Verl.,2015,153,,"Schwarz, Rainer",,,,Erzählende Literatur: Anthologien,ger,chi
9783421040015; 342104001X,Gartenlektüre,1. Aufl.,München,Dt. Verl.-Anst.,2015,271,,"Wheeler, David","Arlinghaus, Claudia",,,Anthologie; Erzählende Literatur: Anthologien,ger,eng
9783865522825; 3865522823,Gesammelte Erzählungen,Orig.-Ausg.,Leipzig,Festa,2015,462,"Smith, Clark Ashton",,,,,,ger,eng
9783596520985; 3596520983,Geschichten zum Nachdenken,,"Frankfurt, M.",Fischer Taschenbuch,2015,136,"Bucay, Jorge",,"Harrach, Stephanie von","Bucay, Jorge",,Erzählende Literatur: Gegenwartsliteratur ab 1945,ger,spa
9783633542727; 3633542728,Gezeichnete,1. Aufl.,Berlin,Jüdischer Verl.,2015,171,"ʿAmiʾel, Irit",,"Zibaso, Magali","ʿAmiʾel, Irit",,Erzählende Literatur,ger,pol
9783455405477; 3455405479,"Glücklich, vielleicht",,Hamburg,Hoffmann und Campe,2015,254,"Heiny, Katherine",,"Hertle, Marion","Heiny, Katherine",,Erzählende Literatur,ger,eng
9783943839449; 3943839443,Glühwürmchen,,Frankfurt,Angkor Verlag,2015,138,"Rangkuti, Hamsad",,"Keller, Guido",,,Anthologie; Erzählende Literatur: Anthologien,ger,ind
9783423143851; 3423143851,Greasy Lake und andere Geschichten,,München,Dt. Taschenbuch-Verl.,2015,288,"Boyle, T. Coraghessan",,"Bandini, Ditte; Bandini, Giovanni","Boyle, T. Coraghessan",,Erzählende Literatur: Gegenwartsliteratur ab 1945,ger,eng
9783596905232; 3596905230,Held außer Betrieb,,"Frankfurt, M.",Fischer Taschenbuch,2015,349,"Bukowski, Charles",,"Krutzsch, Malte","Bukowski, Charles",,Erzählende Literatur: Gegenwartsliteratur ab 1945,ger,eng
9783550080999; 3550080999,Honeydew,,Berlin,Ullstein,2015,313,"Pearlman, Edith",,"Höbel, Susanne","Pearlman, Edith",,Erzählende Literatur: Gegenwartsliteratur ab 1945,ger,eng
9783518466049; 3518466046,Horror-Stories,1. Aufl.,Berlin,Suhrkamp,2015,519,"Lovecraft, H. P.","Hohlbein, Wolfgang","Artmann, H. C.; Hermstein, Rudolf; von Klickowstroem, Charlotte Gräfin",,"Hohlbein, Wolfgang",Horror,ger,eng
9783442341856; 344234185X,Hühnersuppe für die Seele,"Sonderausgabe, 1. Auflage",München,Arkana,2015,331,,,"Radünz, Christiane",,"Canfield, Jack; Hansen, Mark Victor",Anthologie; Anthologie; Erzählende Literatur: Anthologien,ger,eng
9783940527752,Ich bin ein Phantomschriftsteller,1. Auflage,Gossenberg,OSTASIEN Verlag,2015,235,"Gim, Yeon su",,"Lee, Heike; Yi, T'ae-hun",,"Lee, Heike",Erzählende Literatur,ger,kor
9783442175505; 344217550X,"""Ich habe nach dir gewonnen""","Vollständige Taschenbuchausgabe, 1. Auflage",München,Goldmann ,2015,159,"Reftel, Kristina",,"Schneider, Gabriele",,,Anthologie; Erzählende Literatur: Anthologien,ger,swe
9783869135830; 3869135832,Im Käfig und andere Erzählungen,"Originalausgabe, erste Auflage",Cadolzburg,ars vivendi,2015,404,"James, Henry",,"Röckelein, Gottfried",,,Fiktionale Darstellung; Belletristische Darstellung; Historische Romane und Erzählungen; Erzählende Literatur: Gegenwartsliteratur ab 1945,ger,eng
9783854097891; 3854097891,Jadelicht und Liebesknoten,,Wien,Löcker,2015,292,,"Zhang, Yiwu","Strasser, Jürgen",,,Fiktionale Darstellung; Erzählende Literatur,ger,eng
9783630874647; 3630874649,Jemand wird dafür bezahlen müssen,1. Aufl.,München,Luchterhand,2015,314,"Percy, Benjamin",,"Berr, Klaus","Percy, Benjamin",,Erzählende Literatur,ger,eng
9783861509196,Kannibalismus im Zug und andere Erzählungen,5. Aufl.,Leipzig,Zweitausendeins,2015,335,"Twain, Mark","Haffmans, Gerd","Raykowski, Harald",,,Erzählende Literatur: Gegenwartsliteratur ab 1945,ger,eng
9783847703716; 3847703714,Kolokolamsk und andere unglaubliche Geschichten,1. Aufl.,Berlin,AB - Die Andere Bibliothek,2015,330,"Ilʹf, Ilʹja; Petrov, Evgenij",,"Ettinger, Helmut",,,Fiktionale Darstellung; Erzählende Literatur: Hauptwerk vor 1945,ger,rus
9783423260671; 342326067X,Kurze Begegnungen mit Che Guevara,Dt. Erstausg.,München,Dt. Taschenbuch-Verl.,2015,272,"Fountain, Ben",,"Biermann, Pieke","Fountain, Ben",,Erzählende Literatur: Gegenwartsliteratur ab 1945,ger,eng
9783857917738,Ländlicher Schmerz,Limitierte Jubiläums-Ed.,Zürich,Limmat,2015,203,"Bille, S. Corinna",,"Dütsch, Elisabeth","Bille, S. Corinna",,Erzählende Literatur: Gegenwartsliteratur ab 1945,ger,fre
9783596520619; 3596520614,Liebes Leben,,Frankfurt am Main,Fischer  Taschenbuch ,2015,445,"Munro, Alice",,"Zerning, Heidi",,,Anthologie; Erzählende Literatur: Gegenwartsliteratur ab 1945,ger,eng
9783863561123; 3863561120,Magdanas Esel,1. Auflage,Ludwigsburg,Pop Verlag,2015,171,"Gabašvili, Ekaterine","Chotiwari-Jünger, Steffi","Chotiwari-Jünger, Steffi; Xotivari, Arč̕il",,,Anthologie; Erzählende Literatur: Hauptwerk vor 1945,ger,geo
9783940524348,Mamas wunderbares Herz,,Berlin,Ed. fotoTAPETA ,2015,117,"Vetri, Nino",,"Rostek, Andreas","Vetri, Nino",,Erzählende Literatur,ger,ita
9783596905416; 3596905419,Marcovaldo oder Die Jahreszeiten in der Stadt,1. Auflage,Frankfurt am Main,FISCHER Taschenbuch,2015,224,"Calvino, Italo",,"Erné, Nino",,,Erzählende Literatur: Gegenwartsliteratur ab 1945,ger,ita
9783866002432,Münchhausens Abenteuer,,Frankfurt am Main,Stroemfeld,2015,266,"Raspe, Rudolf Erich; Wiebel, Bernhard",,"Howald, Stefan",,"Howald, Stefan",Anthologie; Erzählende Literatur: Anthologien,ger,eng
9783406682261; 340668226X,"Nasreddin Hodscha, 666 wahre Geschichten",4. Aufl.,München,Beck,2015,318,,,"Marzolph, Ulrich",,,Anthologie; Anthologie; Erzählende Literatur: Anthologien,ger,ara; per; eng; fre
9781781931165; 178193116X,Night Lords,Dt. Erstausg.,Nottingham,Black Library,2015,1021,"Dembski-Bowden, Aaron",,"Gehart, Sebastian; Behrenbruch, Stefan","Dembski-Bowden, Aaron",,Science Fiction,ger,eng
9783931109677,Niki oder Die Geschichte eines Hundes,,Berlin,Verlag Das Arsenal,2015,141,"Déry, Tibor",,"Nagel, Ivan","Déry, Tibor; Déry, Tibor",,Fiktionale Darstellung; Erzählende Literatur: Gegenwartsliteratur ab 1945,ger,hun
9783518425008; 3518425005,Nirvana,1. Aufl.,Berlin,Suhrkamp,2015,265,"Johnson, Adam",,"Burger, Anke Caroline","Johnson, Adam",,Erzählende Literatur: Gegenwartsliteratur ab 1945,ger,eng
9783737409544; 3737409544,Pater-Brown-Geschichten,,Wiesbaden,Marixverl.,2015,188,"Chesterton, G. K.",,,,,Geschenkbücher; Historische Kriminalromane,ger,eng
9783737409506; 3737409501,Petersburger Erzählungen,,Wiesbaden,Marixverl.,2015,219,"Gogolʹ, Nikolaj Vasilʹevič",,"Eliasberg, Alexander","Gogolʹ, Nikolaj Vasilʹevič",,Geschenkbücher; Fantastische Literatur,ger,rus
9788085874778; 8085874776,Ploučnické květy,První knižní vydání,Liberec,Krajská vědecká knihovna v Liberci,2015,186,"Sekyra, Marek; Simm, Otokar; Cidlina, Tomáš",,,,"Drugová, Lenka,, 1982-",Anthologie; Gemischte Anthologien,cze; ger,cze; ger
9783596950195; 3596950198,Presence,,"Frankfurt, M.",Fischer Taschenbuch,2015,413,"Miller, Arthur",,"Strätling, Uda","Miller, Arthur",,Erzählende Literatur: Gegenwartsliteratur ab 1945,ger,eng
9783737407229; 3737407223,"Rom, andere Stadt",2. veränderte Auflage,Wiesbaden,Corso,2015,111,"Pasolini, Pier Paolo",,"Kopetzki, Annette; Prammer, Theresia",,,Bildband; Anthologie,ger,ita
9783938305706,Roter Vogel erzählt,"Deutsche Erstausgabe, 1. Auflage",Chemnitz,Palisander,2015,397,Zitkala-Ša,,"Elstner, Frank; Grafe, Ulrich",,,Fiktionale Darstellung; Historische Romane und Erzählungen; Erzählende Literatur,ger,eng
9783257069419,Rothschilds Geige,1. Aufl.,Zürich,Diogenes,2015,452,"Čechov, Anton Pavlovič",,"Urban, Peter",,,Fiktionale Darstellung; Erzählende Literatur: Hauptwerk vor 1945,ger,rus
9783902711373,Sämtliche Erzählungen,,Wien,Septime-Verl.,2015,522,"Tiptree, James",,"Bauche-Eppers, Eva; Warnken, Margo Jane; Gmeiner, Sabrina; Stumpf, Andrea; Böhmert, Frank; Bittner, Elvira",,"Silverberg, Robert",,ger,eng
9783902711335,Sämtliche Erzählungen,,Wien,Septime-Verl.,2015,517,"Tiptree, James",,"Bauche-Eppers, Eva; Stumpf, Andrea; Scheifinger, Laura; Bittner, Elvira",,,,ger,eng
9783518425022; 3518425021,Sämtliche Erzählungen,Erste Auflage,Berlin,Suhrkamp,2015,579,"Onetti, Juan Carlos","Becker, Svenja; Dormagen, Jürgen","Becker, Svenja; Botond, Anneliese; Dormagen, Jürgen; Muster, Wilhelm; Poppenberg, Gerhard; Strien, René",,,Fiktionale Darstellung; Erzählende Literatur: Gegenwartsliteratur ab 1945; Erzählende Literatur: Gegenwartsliteratur ab 1945,ger,spa
9786082322100,Schatzhaus der Poesie,,Skopje,"Nationale Universitäts bibliothek ""St. Kliment von Ohrid""",2015,529,,"Stoychevski, Sande",,,,Anthologie; Lyrik,ger,mac
9783902878502,Sie kamen vor Tagesanbruch,,Klagenfurt,Kitab,2015,160,"Beksultanov, Musa",,"Herold, Marianne",,,Erzählende Literatur: Gegenwartsliteratur ab 1945,ger,che
9783957710291,Sieben Arten den Sari zu binden,1. Aufl.,"Frankfurt, M.",Größenwahn-Verl.,2015,161,"Radeva, Todora",,"Bormann-Nassonowa, Elvira","Radeva, Todora",,Erzählende Literatur; Erzählende Literatur: Gegenwartsliteratur ab 1945,ger,bul
9783940132741; 3940132748,Sprachfeuer,1. Auflage,Berlin,Regiospectra,2015,373,,"Damshäuser, Berthold; Sarjono, Agus R.",,,,Anthologie; Lyrik,ger,ind
9783854097853; 3854097859,Straßenzauberer,,Wien,Löcker,2015,297,,"Liu, Tao",,,,Fiktionale Darstellung; Erzählende Literatur,ger,eng
9783293207073,Tanz der Dienstmädchen,1. Auflage,Zürich,Unionsverlag,2015,231,"Brennan, Maeve",,"Oeser, Hans-Christian",,,Fiktionale Darstellung; Erzählende Literatur: Gegenwartsliteratur ab 1945,ger,eng
9783944155050; 394415505X,Taubenfüttern,Deutsche Erstausgabe,Neusäß,Fruit Dove Press,2015,94,"Pierides, Stella",,"Müller, Hermann J.",,,Anthologie; Erzählende Literatur: Anthologien,ger,eng
9783902871626,The automnic stories,Neue Ausgabe,Berlin,hochroth,2015,29,"Ivaniv, Viktor","Kurlenina, Vera","Jackson, Hendrik",,,Fiktionale Darstellung; Erzählende Literatur,ger,rus
9783150077443,The Canterbury tales,Bibliogr. erg. Ausg.,Stuttgart,Reclam,2015,566,"Chaucer, Geoffrey","Bergner, Heinz",,,,,ger; eng,eng
9783423095273; 342309527X,The curious case of Benjamin Button and other stories,Originalausgabe,München,dtv,2015,166,"Fitzgerald, F. Scott",,"Wolff, Lutz-W.",,,Fiktionale Darstellung; Zweisprachige Ausgaben: Deutsch / Englisch,ger; eng,eng
9783943810110,Über Frauen und andere Geschöpfe,,München,Verl. ohne Geld,2015,128,"Zapperi Zucker, Ada",,"Hampp, Rosalie",,,Zweisprachige Ausgaben: Deutsch / Italienisch,ger; ita,ita
9783431039214; 3431039219,Ungleiche Freunde,,Köln,Lübbe,2015,47,"Holland, Jennifer S.",,"Schumacher-Hernández, Tobias","Holland, Jennifer S.",,Geschenkbücher,ger,eng
9783431039207; 3431039200,Ungleiche Freunde,,Köln,Lübbe,2015,47,"Holland, Jennifer S.",,"Schumacher-Hernández, Tobias","Holland, Jennifer S.",,Geschenkbücher,ger,eng
9783431039252; 3431039251,Ungleiche Freunde,,Köln,Lübbe,2015,47,"Holland, Jennifer S.",,"Schumacher-Hernández, Tobias","Holland, Jennifer S.",,Geschenkbücher,ger,eng
9783791726588; 3791726587,Unterwegs,,Regensburg,Pustet,2015,187,,,,,,Zweisprachige Ausgaben: Deutsch / weitere Fremdsprache,ger; cze,cze; ger
9783935535366,"Von Heuverkäufern, Glücksvögeln und Steinmörsern","Deutsche Erstausgabe, 1. Auflage",Frankfurt am Main,Literaturca Verlag,2015,200,"Esendal, Memduh Şevket",,"Babadostu, Attila; Gül, Dimitri; Kantemur, Iskender; Langsenlehner, Melanie; Margiol, Julia; Teichmann, Lisa",,,Fiktionale Darstellung; Erzählende Literatur: Anthologien,ger; tur,tur
9783763267804,"Von Männern, die keine Frauen haben",,"Frankfurt, M.",Büchergilde Gutenberg,2015,253,"Murakami, Haruki",,"Gräfe, Ursula","Murakami, Haruki",,Erzählende Literatur: Gegenwartsliteratur ab 1945,ger,jpn
9783518241042; 3518241044,Warum wir die Frauen lieben,1. Auflage,Berlin,Suhrkamp,2015,175,"Cartarescu, Mircea",,"Wichner, Ernest",,,Erzählende Literatur: Gegenwartsliteratur ab 1945,ger,rup
9783945550069,Was uns treibt,,Wiesbaden,Luxbooks,2015,105,"Hempel, Amy",,"Mesch, Stefan","Hempel, Amy",,Erzählende Literatur,ger,eng
9783406683497; 3406683495,Wie der Leopard zu seinen Flecken kam,,München,C.H. Beck,2015,175,"Kipling, Rudyard",,,,,Anthologie; Erzählende Literatur: Anthologien,ger,eng
9783442749430; 3442749433,"Winesburg, Ohio","Genehmigte Taschenbuchausg., 1. Aufl.",München,btb ,2015,299,"Anderson, Sherwood",,"Schönfeld, Eike","Anderson, Sherwood","Kehlmann, Daniel",Anthologie; Anthologie; Erzählende Literatur,ger,eng
9783518466384; 3518466380,Wir erschossen auch Hunde,1. Aufl.,Berlin,Suhrkamp,2015,300,"Klay, Phil",,"Meyer, Hannes","Klay, Phil",,Erzählende Literatur: Gegenwartsliteratur ab 1945,ger,eng
9783852081212,Wolfsjagd in Russland,,Wien,Österr. Jagd- und Fischerei-Verl.,2015,159,,"Natmessnig, Ingolf",,,,Erzählende Literatur: Anthologien,ger,rus
9783863320249,Wortrotation,1. Aufl.,Lindlar,Schweitzerhaus-Verl.,2015,118,,,"Schmale-Özbey, Jutta",,"Gaag, Velina Van der; Atug, Mirza",Gemischte Anthologien,ger,tur
9783442713035; 344271303X,Zehnter Dezember,"Genehmigte Taschenbuchausgabe, 1. Auflage",München,btb Verlag (TB),2015,269,"Saunders, George",,"Heibert, Frank",,,Anthologie; Erzählende Literatur,ger,eng
9783465039075,Zukunftsarchäologie,,"Frankfurt, M.",Klostermann,2015,82,,"Ṭiḳotsḳi, Gidʿon; Barouch, Lina",,,"Heuberger, Rachel; Shaham, Dan",Lyrik,heb; ger,heb
9783742022950; 3742022954,Zwischen Lutherberg und Löbauer Wasser,1. nakł.,Bautzen,Domowina-Verl.,2015,335,,"Grojlich, Marko",,,,Anthologie; Zweisprachige Ausgaben: Deutsch / weitere Fremdsprache,ger; hsb,hsb
9783869414362,10.000 Zombies,,Köln,Komet,2014,51,,,,,"Hartman, David; Cox, Alexander; Zombie, Rob",Horror; Horror,ger,eng
9783990283707,1989 - 7 tschechische und 7 österreichische Texte,,Weitra,Verl. Bibliothek der Provinz,2014,163,,"Kohl, Walter; Weber, Andreas","Jähn, Karl-Heinz",,,Erzählende Literatur: Anthologien,ger,cze
9788495856821; 8495856824,3 Erzählungen von der Alhambra,,"Granada, Spanien",Edilux,2014,94,"Garrido Yserte, Rubén; Irving, Washington",,"Eberhardt, Tanja",,"Garrido Yserte, Rubén",Fiktionale Darstellung; Erzählende Literatur,ger,spa
9783863560881,Abasinische Prosa,1. Aufl.,Ludwigsburg,Pop,2014,176,,"Rothfuss, Uli","Chotiwari-Jünger, Steffi",,"Tschikatujew, Michail; Dsugow, Pawel; Tchajzuchow, Bemursa; Kopsergenowa, Walentina; Apsa, Fatḩimat; Tschkala, Pita; Kischmachow, Medshid; Adshibekow, Chadshisamail; Dshegutanow, Kali; Dagushiew, Muchadin; Fisikow, Schachimbi",Gemischte Anthologien,ger,cau
9783499268137; 3499268132,Alle Erzählungen,Neuausg.,Reinbek bei Hamburg,Rowohlt-Taschenbuch-Verl.,2014,668,"Pilcher, Rosamunde",,"Längsfeld, Margarete; Altrichter, Ingrid; Asendorf, Dorothee",,,Erzählende Literatur: Gegenwartsliteratur ab 1945,ger,eng
9783942374446,Alles absolut bestens bei mir,"Orig.-Ausg., 1. Aufl.",Gräfelfing,Ed. Fünf,2014,174,,"Moster, Helen",,,"Malkamäki, Sari; Hauru, Hanna; Kilpi, Eeva; Liksom, Rosa; Jotuni, Maria; Paltto, Kirste; Ringell, Susanne; Schoultz, Solveig von",Erzählende Literatur: Anthologien,ger,und
9783943999150,Alles beginnt und endet im Kentucky Club,1. Aufl.,Berlin,Ripperger & Kremers,2014,237,"Sáenz, Benjamin Alire",,"Hedinger, Sabine","Sáenz, Benjamin Alire",,Erzählende Literatur: Gegenwartsliteratur ab 1945,ger,eng
9781781930663; 178193066X,Architekt des Schicksals,Dt. Erstausg.,Nottingham,Black Library,2014,450,,,"Sander, Ralph",,"Cawkwell, S. P.",Science Fiction,ger,eng
9783442748600; 3442748607,Auf der Couch,"Genehmigte Taschenbuchausg., 1. Aufl.",München,btb,2014,254,"Rolón, Gabriel",,"Kultzen, Peter","Rolón, Gabriel",,Erzählende Literatur,ger,spa
9783944122083,Baby,1. Aufl.,Leipzig,Open House,2014,187,"Bomer, Paula",,"Koschmieder, Christine; Höltschl, Rainer","Bomer, Paula",,Erzählende Literatur: Gegenwartsliteratur ab 1945; Erzählende Literatur,ger,eng
9783036959207; 3036959203,Baum der Nacht,,Zürich,Kein & Aber,2014,452,"Capote, Truman",,"Mössner, Ursula-Maria","Capote, Truman",,Erzählende Literatur,ger,eng
9783854209515,Betriebsferien und andere Umstände,,Graz,Droschl,2014,223,"I, Sang",,"Yang, Han ju; Feldhoff, Heiner; Kneifel, Gerda",,,Erzählende Literatur: Hauptwerk vor 1945,ger,kor
9783803132659; 3803132657,Black Vodka,,Berlin,Wagenbach,2014,122,"Levy, Deborah",,"Schaden, Barbara","Levy, Deborah",,Erzählende Literatur,ger,eng
9783453315105; 3453315103,Blutseele,Dt. Erstausg.,München,Heyne,2014,847,"Harrison, Kim",,"Lamatsch, Vanessa","Harrison, Kim",,Fantasy,ger,eng
9783936603217,Brasilien mit Hanf und Herz,,Altshausen,Bech,2014,104,"Belsky, Tomas",,"Bech, Lone","Belsky, Tomas","Kopf, Petra [Übers.]",Erzählende Literatur; Erzählende Literatur: Gegenwartsliteratur ab 1945,ger,eng
9783423095235; 3423095237,Cuentos míticos latinoamericanos,Orig.-Ausg.,München,Dt. Taschenbuch-Verl.,2014,143,,"Calle Quiñonez, Osvaldo","Petermann, Enno",,,Anthologie; Anthologie,ger; spa,spa
9783100022202; 3100022203,Das Bettlermädchen,,"Frankfurt, M.",S. Fischer,2014,335,"Munro, Alice",,"Petry, Hildegard","Munro, Alice",,Erzählende Literatur: Gegenwartsliteratur ab 1945,ger,eng
9783942955447,Das gelbe Stück Stoff,1. Aufl.,Berlin,Ed. Rugerup,2014,205,"Rajs, Jovan",,"Tietz, Christian","Rajs, Jovan","Rahe, Thomas",Erzählende Literatur,ger,swe
9783453410336; 3453410335,"Das Mädchen, das Geschichten fängt",Dt. Erstausg.,München,Heyne,2014,431,"Schwab, Victoria",,"Walther, Julia","Schwab, Victoria",,Fantasy,ger,eng
9783866601802,Der Geschmack von Asche,1. Aufl.,Leipzig,Leipziger Literaturverl.,2014,142,"Xvedelije, Beso",,"Kamarauli, Anastasia",,,Erzählende Literatur: Anthologien,ger,geo
9783865393562; 386539356X,Der Goldkäfer,1. Aufl.,Wiesbaden,Marixverl.,2014,256,"Poe, Edgar Allan",,"Cremer, Wilhelm",,,Erzählende Literatur: Hauptwerk vor 1945; Spannung,ger,eng
9783902711267,Der Himmel,,Wien,Septime-Verl.,2014,162,"Fernández, Nona",,"Gentz, Anna","Fernández, Nona",,Erzählende Literatur,ger,spa
9783956500749,Der Jungbrunnen und andere Geschichten aus aller Welt,,Würzburg,Ergon-Verl.,2014,122,,"Schmidt, Ruth; Schmidt, Otto Anton",,,"Hainlein, Gerhard",Erzählende Literatur,ger,und
9783492304009; 3492304001,Der kleine Trommler,Ungekürzte Taschenbuchausg.,München,Piper,2014,150,"Dai, Sijie",,"Findeisen, Eike","Dai, Sijie",,Erzählende Literatur: Gegenwartsliteratur ab 1945,ger,fre
9783943275100,Der Löwe der Wildnis,1. Aufl.,Berlin,Ed. Dornbrunnen,2014,111,"Aimard, Gustave",,"Wießner, A.","Aimard, Gustave",,Erzählende Literatur: Hauptwerk vor 1945,ger,fre
9783937603926,Der Ruf der weiten Welt,,Heidelberg,Draupadi-Verl.,2014,127,"Tagore, Rabindranath",,"Sarkar, Nirmalendu",,,Erzählende Literatur: Anthologien,ger,ben
9783940597472,Der Skandal im Regiment,,Barnstorf,Verl. 28 Eichen,2014,314,"Doyle, Arthur Conan","Spittel, Olaf R.",,"Doyle, Arthur Conan",,Erzählende Literatur: Hauptwerk vor 1945,ger,eng
9783596503773; 3596503779,Der Traum meiner Mutter,,"Frankfurt, M.",Fischer Taschenbuch,2014,267,"Munro, Alice",,"Zerning, Heidi","Munro, Alice",,Erzählende Literatur: Anthologien; Erzählende Literatur: Gegenwartsliteratur ab 1945,ger,eng
9783865523143; 3865523145,Der Wahnsinn aus der Gruft,1. Aufl.,Leipzig,Festa **91946,2014,268,"Campbell, Ramsey",,"Amberg, Alexander",,,Fantastische Literatur,ger,eng
9783730601099; 3730601091,Die 1000000 Pfund-Note und andere Erzählungen und Skizzen,,Köln,Anaconda,2014,254,"Twain, Mark",,"Conrad, Heinrich; Jacobi, Margarete","Twain, Mark",,Erzählende Literatur,ger,eng
9783832197681; 3832197680,Die Ermordung Margaret Thatchers,1. Aufl.,Köln,DuMont,2014,157,"Mantel, Hilary",,"Löcher-Lawrence, Werner","Mantel, Hilary",,Erzählende Literatur: Gegenwartsliteratur ab 1945,ger,eng
9783901928185,Die Kumpel vom Tío,1. Aufl.,Oberndorf,Verl. für Kommunikation Guggenberger,2014,136,"Poppe, René",,"Castellanos, Helga",,"Wicky, Jean-Claude",Erzählende Literatur: Anthologien,ger,spa
9783423143004; 3423143002,Die Mächte des Bösen,Orig.-Ausg.,München,Dt. Taschenbuch-Verl.,2014,190,"Hawthorne, Nathaniel",,"Blei, Franz",,,Erzählende Literatur: Hauptwerk vor 1945,ger,eng
9783865522764; 3865522769,Die Offenbarungen des Glaaki,1. Aufl.,Leipzig,Festa,2014,313,"Campbell, Ramsey",,"Amberg, Alexander",,,Horror,ger,eng
9783945058053,Die Versöhnung des Samurai,,Kaarst,Hibarios,2014,112,"Hearn, Lafcadio","Lerch, Klaus",,,,Erzählende Literatur: Anthologien; Horror,ger,eng
9783865919915,"Die Weihnachtsrose und andere Geschichten, die das Herz berühren","Sonderausg., 1. Aufl.",Aßlar,GerthMedien,2014,142,,"Gray, Alice","Schnöbbe, Jokim",,,Erzählende Literatur: Anthologien,ger,eng
9783423143400; 3423143401,Die Zigarette und andere Stories,,München,Dt. Taschenbuch-Verl. ,2014,254,"Fox, Paula",,"Nölle, Karen; Möhring, Hans-Ulrich","Fox, Paula",,Erzählende Literatur: Gegenwartsliteratur ab 1945,ger,eng
9783864253126,Doctor Who,1. Aufl.,Ludwigsburg,Cross cult ,2014,493,,,"Döpke, Susanne; Humberg, Christian; Klüver Anika, Klüver; Pannen, Stephanie; Kern, Claudia",,"Colfer, Eoin; Gaiman, Neil; Mead, Richelle; Higson, Charlie","Science Fiction; Science Fiction, Fantasy",ger,eng
9783894017965,Dunkle Wolken über Damaskus,"Dt. Erstausg., 1. Aufl.",Hamburg,Ed. Nautilus,2014,125,"Wannūs, Dīma",,"Bender, Larissa","Wannūs, Dīma",,Erzählende Literatur; Erzählende Literatur: Gegenwartsliteratur ab 1945,ger,ara
9783293206694,Durch die blauen Felder,,Zürich,Unionsverl.,2014,190,"Keegan, Claire",,"Oeser, Hans-Christian","Keegan, Claire",,Erzählende Literatur: Gegenwartsliteratur ab 1945,ger,eng
9783498000868; 3498000861,Ein besserer Engel,1. Aufl.,Reinbek bei Hamburg,Rowohlt,2014,299,"Adrian, Chris",,"Piltz, Thomas","Adrian, Chris",,Erzählende Literatur: Gegenwartsliteratur ab 1945,ger,eng
9783990291115,Ein bißchen Glück für später,,Klagenfurt,Wieser,2014,333,"Rančev, Palmi",,"Sitzmann, Alexander","Rančev, Palmi",,Historische Romane und Erzählungen; Erzählende Literatur; Erzählende Literatur: Gegenwartsliteratur ab 1945,ger,bul
9783854097273,Ein ganz gewöhnlicher Tag und andere Erzählungen,,Wien,Löcker,2014,189,"Farkašová, Etela",,"Becker, Zdenka",,,Fiktionale Darstellung; Erzählende Literatur,ger,slo
9783717523185; 371752318X,Ein gelungener Streich,,Zürich,Manesse-Verl.,2014,475,"Svevo, Italo",,"Kleiner, Barbara",,"Treichel, Hans-Ulrich",Erzählende Literatur,ger,ita
9783936973914,Ein Mann und sein Rad,,Bielefeld,Covadonga,2014,254,"Jong, Wilfried de",,"Braun, Ilja",,,Erzählende Literatur: Gegenwartsliteratur ab 1945,ger,dut
9783943810073,Ein Tag in Bozen,,München,Verl. ohne Geld,2014,220,"Zapperi Zucker, Ada",,"Andergassen, Dominikus","Zapperi Zucker, Ada","Delle Cave, Ferruccio",Erzählende Literatur,ger,ita
9783865919519,"Eine Kerze für Sarah und andere Geschichten, die das Herz berühren",1. Aufl. der Jub.-Ausg.,Asslar,GerthMedien,2014,239,,"Gray, Alice","Weyandt, Eva",,,Erzählende Literatur: Anthologien,ger,eng
9783596193677; 3596193672,Eine Sache der Ehre,,"Frankfurt, M.",Fischer Taschenbuch,2014,182,"Camilleri, Andrea",,"Lustig, Monika","Camilleri, Andrea",,Erzählende Literatur: Gegenwartsliteratur ab 1945,ger,ita
9783492306164; 3492306160,Elche unterm Weihnachtsbaum,Ungekürzte Taschenbuchausg.,München,Piper,2014,227,,"Drolshagen, Ebba D.; Elsässer, Regine",,,,Anthologie; Anthologie; Erzählende Literatur: Anthologien,ger,mul
9783150086193,Erzählungen,,Stuttgart,Reclam,2014,453,"Poe, Edgar Allan","Pütz, Manfred",,,,Erzählende Literatur: Anthologien,ger,eng
9783442481897; 3442481899,FaceOff - doppeltes Spiel,"Dt. Erstveröff., 1. Aufl.",München,Goldmann,2014,444,,"Baldacci, David","Strohm, Leo",,,"Krimis, Thriller, Spionage",ger,eng
9783596905829; 3596905826,Falsche Dämmerung,,"Frankfurt, M.",Fischer Taschenbuch,2014,349,"Kipling, Rudyard",,"Haefs, Gisbert","Kipling, Rudyard",,Erzählende Literatur: Hauptwerk vor 1945,ger,eng
9783431038880; 3431038883,Familienglück,,Köln,Lübbe,2014,192,"Rogak, Lisa",,"Strerath-Bolz, Ulrike","Rogak, Lisa",,"Anthologie; Anthologie; Geschenkbücher, Alben, Immerwährende Kalender, Postkartenbücher",ger,eng
9783446246799; 3446246797,Familienzirkus,,München,Hanser,2014,907,"Kiš, Danilo","Rakusa, Ilma","Ivanji, Ivan; Hamm, Anton; Wolf-GrießHaber, Katharina",,,Erzählende Literatur: Gegenwartsliteratur ab 1945,ger,und
9783293206755,Genau-so-Geschichten oder wie das Kamel seinen Höcker kriegte,,Zürich,Unionsverl.,2014,251,"Kipling, Rudyard","Haefs, Gisbert",,"Kipling, Rudyard",,Erzählende Literatur: Anthologien,ger,eng
9783498046651; 3498046659,Gesammelte Werke,"Überarb. und erw. Neuausg., 1. Aufl.",Reinbek bei Hamburg,Rowohlt,2014,795,"Nabokov, Vladimir Vladimirovič",,"Barker, Gisela; Neuberger, Jochen; Schwappach, Blanche; Tietze, Rosemarie; Urban, Thomas; Wiebe, Marianne; Zimmer, Dieter E.",,,,ger,eng
9783498046989; 3498046985,Gesammelte Werke,"Überarb. Neuausg., 1. Aufl.",Reinbek bei Hamburg,Rowohlt,2014,610,"Nabokov, Vladimir Vladimirovič",,"Gerhardt, Renate; Neuberger, Jochen; Zimmer, Dieter E.",,,,ger,eng
9783956300189,Geschichten der Fürstentümer der östlichen Zhou-Dynastie,1. Aufl.,Gelnhausen,Wagner,2014,510,"Feng, Menglong",,,,,,ger,chi
9783943562408,Gezi - eine literarische Anthologie,"Dt. Erstausg., 1. Aufl.",Berlin,Binooki,2014,128,,"Adatepe, Sabine","Demirel, Monika",,"Ümit, Ahmet; Baydar, Oya; Boralıoğlu, Gaye; Canıgüz, Alper; Günday, Hakan; Budaci, Firat; Çeviker, Turgut; Çapan, Cevat; Erdoğan, Fatih; Fişekçi, Turgay; Suzan, Geridönmez; Karakaşlı, Karin; Kulin, Ayşe; Menteş, Murat; Müstecaplıoğlu, Barış; Sönmez, Burhan; Tunç, Ayfer; Uygur, Barış; Uyurkulak, Murat; Yıldırım, Nermin",Erzählende Literatur: Anthologien,ger,tur
9783596520503; 3596520509,"Glaubst du, es war Liebe?",,"Frankfurt, M.",Fischer Taschenbuch,2014,463,"Munro, Alice",,"Nölle, Karen","Munro, Alice",,Erzählende Literatur: Anthologien; Erzählende Literatur: Gegenwartsliteratur ab 1945,ger,eng
9783955100704; 3955100707,Handkantenschlag,1. Aufl.,Hamburg,"Osburg, Murmann",2014,169,"Nors, Dorthe",,"Sonnenberg, Ulrich","Nors, Dorthe",,Erzählende Literatur: Gegenwartsliteratur ab 1945,ger,dan
9783442747474; 3442747473,Harun und das Meer der Geschichten,"Genehmigte Taschenbuchausg., 1. Aufl.",München,btb,2014,254,"Rushdie, Salman",,"Stege, Gisela","Rushdie, Salman",,Erzählende Literatur,ger,eng
9783596950034; 3596950031,Held ausser Betrieb,,"Frankfurt, M.",Fischer Taschenbuch,2014,349,"Bukowski, Charles",,"Krutzsch, Malte",,,Erzählende Literatur: Gegenwartsliteratur ab 1945,ger,eng
9783462045833; 3462045830,Hot water music,1. Aufl.,Köln,Kiepenheuer & Witsch,2014,285,"Bukowski, Charles",,"Weissner, Carl","Bukowski, Charles",,Erzählende Literatur: Gegenwartsliteratur ab 1945,ger,eng
9783453315570; 345331557X,Ich muss schreien und habe keinen Mund,Orig.-Ausg.,München,Heyne,2014,670,"Ellison, Harlan","Mamczak, Sascha",,,,Science Fiction,ger,eng
9783857874451,Ich tötete - ich blutete,1. Aufl.,Basel,Lenos-Verl.,2014,199,"Cendrars, Blaise","Zweifel, Stefan",,,,Erzählende Literatur: Hauptwerk vor 1945,ger,fre
9789605041182; 9605041189,(Ihr) Weinen,Erste Auflage,Athen,Nefeli,2014,67,"Amanatidēs, Basilēs",,"Hildebrand, Birgit",,,Anthologie; Erzählende Literatur: Anthologien,ger,gre
9783943275087,In der Eiswüste,1. Aufl.,Berlin,Ed. Dornbrunnen,2014,102,"Salgari, Emilio",,"Frank, Gerd",,,Erzählende Literatur: Hauptwerk vor 1945,ger,ita
9783423095204; 3423095202,Jeeves takes charge,,München,Dt. Taschenbuch-Verl.,2014,155,"Wodehouse, Pelham G.",,"Raykowski, Harald",,,Zweisprachige Ausgaben: Deutsch / Englisch,ger; eng,eng
9783943562323,Junge Verlierer,"Dt. Erstausg., 1. Aufl.",Berlin,Binooki,2014,167,"Serbes, Emrah",,,"Serbes, Emrah","Kontny, Oliver",Erzählende Literatur,ger,tur
9783442481378; 3442481376,Kalte Schatten,"Dt. Erstausg., Taschenbuchausg., 1. Aufl.",München,Goldmann,2014,409,,"Holmberg, John-Henri","Allenstein, Ursel; Berf, Paul; Dahmann, Susanne; Haefs, Gabriele; Hildebrandt, Christel; Kuhn, Wibke; Schöps, Kerstin",,,"Krimis, Thriller, Spionage",ger,swe
9783935535342,Kleinigkeiten,"Dt. Erstausg., 1. Aufl.","Frankfurt, M.",Literaturca-Verl.,2014,99,Samipaşazade Sezai,,"Lacour, Eva",Samipaşazade Sezai,"Caner, Beatrix; Törenek, Mehmet",Erzählende Literatur,ger,tur
9783945058046,Kwaidan,,Kaarst,Hibarios,2014,125,"Hearn, Lafcadio",,"Franzos, Berta",,,Erzählende Literatur: Gegenwartsliteratur ab 1945,ger,eng
9783944751023,"Lauf, Vater, lauf",1. Aufl.,Löhne,Cass,2014,222,"Gim, Ae ran",,"Bag, In won",,,Erzählende Literatur,ger,kor
9783596186914; 3596186919,Liebes Leben,1. Aufl.,"Frankfurt, M.", Fischer Taschenbuch,2014,366,"Munro, Alice",,"Zerning, Heidi","Munro, Alice",,Erzählende Literatur: Gegenwartsliteratur ab 1945,ger,eng
9783876804002,Liliths Höhle,1. Aufl.,Tüchersfeld,Röth,2014,412,"Schwartz, Howard",,"Moosdorf, Reinhard W.","Schwartz, Howard","Shulevitz, Uri",Anthologie; Anthologie,ger,eng
9783939512639,Märchen und andere Erzählungen aus Ruanda,,Speyer,Verlagshaus Speyer GmbH,2014,384,,"Bigirumwami, Aloys; Möller, Lenelotte",,,,Anthologie,ger,kin
9783868202298,Märchen und Erzählungen,,Hamburg,Nikol,2014,238,"Wilde, Oscar",,"Zoozmann, Richard",,,Erzählende Literatur,ger,eng
9783038300632,Mäusefälle und andere Erzählungen,,Frankfurt am Main,Paramon Verlag,2014,68,Važa-P̕šavela,,"Bregadze, Giorgi",,,Anthologie; Erzählende Literatur: Anthologien,ger,geo
9783446243453; 3446243453,Mein Taubenschlag,,München,Hanser,2014,851,"Babelʹ, Isaak Ėmmanuilovič","Heftrich, Urs","Kaibach, Bettina; Urban, Peter",,,Erzählende Literatur: Hauptwerk vor 1945,ger,rus
9783446245938; 3446245936,Mörderische Huren,,München,Hanser,2014,220,"Bolaño, Roberto",,"Hansen, Christian","Bolaño, Roberto",,Erzählende Literatur: Gegenwartsliteratur ab 1945,ger,spa
9783954411993,Mörderisches Moseltal,Originalausgabe,Hillesheim,KBV,2014,296,,"Kramp, Ralf",,,,Anthologie; Erzählende Literatur: Anthologien,ger,fre
9783423095211; 3423095210,Nasreddin Hoca'dan en iyi fıkralar,Orig.-Ausg.,München,Dt. Taschenbuch-Verl.,2014,155,,,"Seuß, Rita",,"Özcan, Celal; Seeberg, Ina",Zweisprachige Ausgaben: Deutsch / weitere Fremdsprache,ger; tur,tur
9783596030965; 359603096X,Offene Geheimnisse,,"Frankfurt, M.",Fischer Taschenbuch,2014,345,"Munro, Alice",,"Nölle, Karen","Munro, Alice",,Erzählende Literatur: Gegenwartsliteratur ab 1945,ger,eng
9783442746613; 3442746612,"Osten, Westen","Genehmigte Taschenbuchausg., 1. Aufl.",München,btb,2014,188,"Rushdie, Salman",,"Stege, Gisela","Rushdie, Salman",,Erzählende Literatur,ger,eng
9783945035344,Outback,1. Aufl.,Hamburg,Balladine,2014,140,,"Lawrence, Shawnee",,,,Erzählende Literatur: Anthologien,ger,eng
9783854097150,Pflaumen regenfeucht,,Wien,Löcker,2014,318,,"Xie, Youshun",,,,Erzählende Literatur,ger,eng
9783865992338; 3865992331,Poststationen,,Berlin,Kulturverl. Kadmos,2014,272,"Čechov, Anton Pavlovič","Velminski, Wladimir",,,,Erzählende Literatur: Hauptwerk vor 1945,ger,rus
9783423095198; 3423095199,Profumo d'Italia,Orig.-Ausg.,München,Dt. Taschenbuch-Verl.,2014,157,"Vairo, Valeria",,"Martens, Ina-Maria",,,Zweisprachige Ausgaben: Deutsch / Italienisch,ger; ita,ita
9783868587883,Relatos,1. span.-dt. Ausg. zum 100. Geburtstag des Autors,Aachen,Shaker Media,2014,337,"Arguedas, José María",,"Plöger, Elfriede",,,Zweisprachige Ausgaben: Deutsch / Spanisch,ger; spa,spa
9783803113061; 3803113067,"Rom, Rom",,Berlin,Wagenbach,2014,117,"Pasolini, Pier Paolo",,"Glückler, Hans-Peter; Kopetzki, Annette",,,Erzählende Literatur,ger,ita
9783981535471; 3981535472,Sabil al-schachs,1. Aufl.,Bad König,Vantage-Point-World-Verl.,2014,137,"Ǧubair, ʿAbduh",,"Lahmar, Hatem",,,Erzählende Literatur: Anthologien,ger,ara
9783902711236,Sämtliche Erzählungen,,Wien,Septime-Verl.,2014,463,"Tiptree, James",,"Böhmert, Frank; Warnken, Margo Jane; Stumpf, Andrea; Scheifinger, Laura; Wohl, Samuel N. D.; Bittner, Elvira",,,,ger,eng
9783902711298,Sämtliche Erzählungen,,Wien,Septime-Verl.,2014,333,"Tiptree, James",,"Bauche-Eppers, Eva; Böhmert, Frank",,,,ger,eng
9783902172273,"Sage, ich bin du",,Koppl,Verlag Dietrich,2014,140,Ǧalāl-ad-Dīn Rūmī,,"Dietrich, Reinhold",,,Anthologie; Lyrik,ger,per
9783404169177; 3404169174,Schamlos,"Dt. Erstveröff., dt. Erstausg., vollst. Taschenbuchausg., 1. Aufl.",Köln,Bastei Lübbe Taschenbuch,2014,220,"Lloyd, Joan Elizabeth",,"Arnold, Jacqueline","Lloyd, Joan Elizabeth",,Erzählende Literatur: Gegenwartsliteratur ab 1945,ger,eng
9783844028065,Sehnsuchtsklang,,Aachen,Shaker,2014,436,,,"Fähnrich, Heinz",,,Gemischte Anthologien; Erzählende Literatur,ger,geo
9783730601044; 3730601040,Shakespeare-Geschichten,Uveränd. Nachdr.,Köln,Anaconda,2014,396,"Lamb, Charles; Lamb, Mary","Klotz, Günther","Keck, Karl Heinrich Christian","Lamb, Charles",,Erzählende Literatur,ger,eng
9783730601556,Sherlock Holmes,,Köln,Anaconda,2014,603,"Doyle, Arthur Conan",,"Giger, Leslie",,,,ger,eng
9783844030242,Snehmayī Caudhrī,,Aachen,Shaker,2014,506,,"Kapp, Dieter B.; Prümm, Albert",,,,Lyrik,ger; hin,hin
9783875124637,Tales of Two Cities,1. Aufl.,Augsburg,Maro-Verl.,2014,163,,"Nohl, Andreas; Seidel, Sebastian","Meinshausen, Frank",,,Erzählende Literatur: Anthologien,ger,chi
9783423143158; 3423143150,Tausend Jahre frommes Beten,,München,Dt. Taschenbuch-Verl.,2014,223,"Li, Yiyun",,"Grube, Anette","Li, Yiyun",,Anthologie; Anthologie; Erzählende Literatur: Anthologien,ger,eng
9783863200329,Telegramm an Fatima,Dt. Erstausg.,"Frankfurt, M.",Hay-Media-Verl.,2014,87,"Hambardzowmyan, Diana",,"Ginoyan, Gayane; Engler, Valerie",,,Historische Romane und Erzählungen,ger,arm
9783596905782; 3596905788,Total Recall revisited,,"Frankfurt, M.",Fischer Taschenbuch,2014,345,"Dick, Philip K.",,,,,Erzählende Literatur: Gegenwartsliteratur ab 1945,ger,eng
9783763266883,Tricks,,"Frankfurt, M.",Büchergilde Gutenberg,2014,379,"Munro, Alice",,"Zerning, Heidi","Munro, Alice",,Erzählende Literatur: Anthologien,ger,eng
9783717523406; 3717523406,Über den Feldern,,Zürich,Manesse-Verl.,2014,782,,"Lauinger, Horst",,,,Anthologie; Anthologie; Erzählende Literatur,ger,mul
9783431039122; 343103912X,Unbändige Liebe,,Bergisch Gladbach,Lübbe Ehrenwirth,2014,303,"Holland, Jennifer S.",,"Mill, Maria","Holland, Jennifer S.",,Anthologie; Anthologie; Geschenkbücher,ger,eng
9783596905379; 3596905370,Unter der Jaguar-Sonne,,"Frankfurt, M.",Fischer Taschenbuch,2014,101,"Calvino, Italo",,"Kroeber, Burkhart","Calvino, Italo",,Erzählende Literatur: Gegenwartsliteratur ab 1945,ger,ita
9783608980158; 3608980156,Unterm Lagerfeuer,,Stuttgart,Klett-Cotta,2014,318,"Butler, Nickolas",,"Merkel, Dorothee","Butler, Nickolas",,Erzählende Literatur: Anthologien; Erzählende Literatur,ger,eng
9783038200093,Vera,,Zürich,Dörlemann,2014,157,"Bunin, Ivan Alekseevič","Grob, Thomas","Trottenberg, Dorothea",,,Erzählende Literatur,ger,rus
9781477822968; 1477822968,Volle Ladung,Deutsche Erstveröffentlichung,Luxembourg,AmazonCrossing,2014,173,"Crouch, Blake",,"Fricke, Kerstin",,,"Fiktionale Darstellung; Krimis, Thriller, Spionage",ger,eng
9783954640232,Vom Wolf getroffen und andere wilde Geschichten von Hunden und Wölfen,,Nerdlen/Daun,Kynos-Verl.,2014,200,"Wilde, Nicole",,"Rau, Gisela","Wilde, Nicole",,Erzählende Literatur; Romanhafte Biographien,ger,eng
9783940524300,Von Hasen und anderen Europäern,,Berlin,Ed. FotoTAPETA,2014,255,"Maljarčuk, Tanja",,"Dathe, Claudia","Maljarčuk, Tanja",,Erzählende Literatur,ger,ukr
9783832197810; 3832197818,"Von Männern, die keine Frauen haben",1. Aufl.,Köln,DuMont,2014,253,"Murakami, Haruki",,"Gräfe, Ursula","Murakami, Haruki",,Erzählende Literatur: Gegenwartsliteratur ab 1945,ger,jpn
9783792003619,Wahnsinnig traurige Geschichten,,Düsseldorf,Rauch,2014,138,"Boučková, Tereza",,"Hauck, Raija","Boučková, Tereza",,Erzählende Literatur,ger,cze
9783596188765; 3596188768,Was ich dir schon immer sagen wollte,,"Frankfurt, M.",Fischer Taschenbuch,2014,377,"Munro, Alice",,"Zerning, Heidi","Munro, Alice",,Erzählende Literatur: Anthologien,ger,eng
9783596503780; 3596503787,Was ich dir schon immer sagen wollte,,"Frankfurt, M.",Fischer Taschenbuch,2014,407,"Munro, Alice",,"Zerning, Heidi","Munro, Alice",,Erzählende Literatur: Anthologien,ger,eng
9783868202359,Weihnachtsmärchen & Erzählungen,"Neue, durchges. Ausg.",Hamburg,Nikol,2014,620,"Dickens, Charles",,"Zoozmann, Richard",,,Erzählende Literatur: Hauptwerk vor 1945,ger,eng
9783518465431; 3518465430,Wir erschossen auch Hunde,"Dt. Erstausg., 1. Aufl.",Berlin,Suhrkamp,2014,300,"Klay, Phil",,"Meyer, Hannes","Klay, Phil",,Erzählende Literatur: Gegenwartsliteratur ab 1945,ger,eng
9783887697211,Wo Europa anfängt,,Tübingen,Konkursbuch-Verl. Gehrke,2014,159,"Tawada, Yōko",,"Pörtner, Peter",,,Erzählende Literatur: Anthologien; Erzählende Literatur: Gegenwartsliteratur ab 1945,ger,jpn
9783442747610; 3442747619,"Worüber wir reden, wenn wir über Anne Frank reden","Genehmigte Taschenbuchausg., 1. Aufl.",München,btb  ,2014,233,"Englander, Natan",,"Löcher-Lawrence, Werner","Englander, Natan",,Erzählende Literatur: Anthologien,ger,eng
9783849303402; 3849303403,Wuchernde Paradiese,1. Aufl.,Berlin,Metrolit,2014,286,"Bergman, Megan Mayhew",,"Stegers, Thomas","Bergman, Megan Mayhew",,Erzählende Literatur: Gegenwartsliteratur ab 1945,ger,eng
9783630874272; 3630874274,Zehnter Dezember,1. Aufl.,München,Luchterhand,2014,269,"Saunders, George",,"Heibert, Frank","Saunders, George",,Erzählende Literatur,ger,eng
9783956302770,Zhong guo xiao gu shi yi bai pian,1. Aufl.,Gelnhausen,Wagner,2014,133,,"Lochmann, Klaus",,,"Zang, Ran",Erzählende Literatur: Anthologien,ger,chi
9783717523468; 3717523465,Zoja,,Zürich,Manesse-Verl.,2014,397,"Schildt, Runar",,"Jänicke, Gisbert",,,Erzählende Literatur,ger,swe
9783865150585,Zwei Welten,,Berlin,Europ. Univ.-Verl.,2014,137,"Taraqqī, Gulī",,"Haschemi, Faranak",,,Erzählende Literatur: Gegenwartsliteratur ab 1945,ger; per,per
9783455404814; 3455404812,Zwischen Menschen,1. Aufl.,Hamburg,Hoffmann und Campe,2014,207,"Guterson, David",,"Deggerich, Georg; Schermer-Rauwolf, Gerlinde","Guterson, David",,Erzählende Literatur,ger,eng
9789533045658; 9788679983022,"13 Geschichten für und gegen die Liebe, die 14. kommt per EU-Post",,Zagreb,VBZ,2013,148,"Glumac, Branislav",,"Roset, Erika","Glumac, Branislav",,Erzählende Literatur: Gegenwartsliteratur ab 1945,ger,hrv
9783404607235; 3404607236,Als ich mich nackt auf die Haarbürste setzte,"Orig.-Ausg., dt. Erstausg., vollst. Taschenbuchausg., 1. Aufl.",Köln,Bastei Lübbe Taschenbuch,2013,250,,,,,"Dreben, Rich E.; Knight, Murdoc; Sindhian, Marty A.","Humor, Satire",ger,eng
9783730600016; 373060001X,Amerikanische Meistererzählungen,,Köln,Anaconda,2013,348,,,"Biermann, Pieke",,,Zweisprachige Ausgaben: Deutsch / Englisch,ger; eng,eng
9783455403367; 3455403360,An Land gehen,1. Aufl.,Hamburg,Hoffmann und Campe,2013,398,"Marcus, Ben",,"Henschel, Gerhard","Marcus, Ben",,Erzählende Literatur: Anthologien,ger,eng
9783805346627,Antike mit Biss,,Darmstadt,von Zabern,2013,128,,"Hartz, Cornelius",,,Homerus,Anthologie; Anthologie; Horror,ger,grc; lat
9783442753895; 3442753899,Auf der Couch,1. Aufl.,München,btb,2013,254,"Rolón, Gabriel",,"Kultzen, Peter","Rolón, Gabriel",,Erzählende Literatur,ger,spa
9783442746187; 3442746183,Babettes Fest und andere Erzählungen,"Genehmigte Taschenbuchausg., 1. Aufl.",München,btb,2013,265,"Blixen, Tania",,"Süskind, Wilhelm E.","Blixen, Tania",,Erzählende Literatur,ger,eng
9783868273748,Bittersüße Schätze Gottes,,Marburg an der Lahn,Francke ,2013,215,"Vredevelt, Pam",,,"Vredevelt, Pam","Wegener, Andrea",Romanhafte Biographien,ger,eng
9783869306643; 3869306645,Bluebell,1. Aufl.,Göttingen,Steidl,2013,109,"Brennan, Maeve",,"Oeser, Hans-Christian","Brennan, Maeve",,Erzählende Literatur: Anthologien,ger,eng
9783453437319; 3453437314,Blut,Völlig überarb. dt. Taschenbuchausg.,München,Heyne,2013,894,"King, Stephen",,"Reinhardt, Alexandra von; Jurkeit, Rolf; Bliesse, Martin; Körber, Joachim; Hahn, Monika","King, Stephen",,Spannung,ger,eng
9783981586336,Brasilianische Kurzgeschichten,1. Aufl.,Karlsruhe,Arara-Verl.,2013,192,,"Botelho, Joaquim Maria","Köser, Carla Martins de Barros",,"Martins, Ana Maria; Dantas, Audálio; Porfírio Carneiro, Caio; da Silva, Deonísio; Lucas, Fábio; Betto, Frei; Basbaum, Hersch; Rozsas, Jeannette; Bucalem Ferrari, Levi; Avelima, Luís; Fagundes Telles, Lygia; Lajolo, Marisa; Braff, Menalton; Sena, Nicodemos; Possidônio Sampaio, Antonio; Pallottini, Renata; Konder, Rodolfo; Jatobá, Roniwalter; Guimarães, Ruth",Erzählende Literatur: Anthologien,ger,por
9783596905539; 3596905532,Das Delta der Venus,,"Frankfurt, M.",Fischer Taschenbuch,2013,326,"Nin, Anaïs",,"Bornemann, Eva","Nin, Anaïs",,Erzählende Literatur: Gegenwartsliteratur ab 1945,ger,eng
9783730810019,Das Gewitter und andere Erzählungen,,Oldenburg,Isensee,2013,29,"Chopin, Kate","Fleischmann, Uta","Osthelder, Xenia",,,Erzählende Literatur: Anthologien,ger,eng
9783630874081; 3630874088,Das Große-Schwestern-Handbuch,1. Aufl.,München,Luchterhand,2013,270,"Wilson, Kevin",,"Osthelder, Xenia","Wilson, Kevin",,Erzählende Literatur: Anthologien,ger,eng
9783596905133,Das Leben und Sterben im Uncle-Sam-Hotel,,"Frankfurt, M.",Fischer Taschenbuch,2013,118,"Bukowski, Charles",,"Weissner, Carl","Bukowski, Charles",,Erzählende Literatur,ger,eng
9783746629667; 3746629667,Das Mysterium der Zeit,1. Aufl.,Berlin,Aufbau-Taschenbuch,2013,859,"Monaldi, Rita; Sorti, Francesco",,"Kopetzki, Annette",,,Historische Romane und Erzählungen,ger,ita
9783939795216,Das Spukhaus,1. Aufl.,Pfungstadt,Manzara-Verl.,2013,79,Ömer Seyfeddin,,"Neuner, Johannes",Ömer Seyfeddin,,Historische Romane und Erzählungen,ger,tur
9783426653401; 3426653400,Das Weihnachtskind und andere Geschichten zur stillen Zeit,,München,Knaur,2013,299,"Binchy, Maeve",,"Schermer-Rauwolf, Gerlinde; Weiß, Robert A.; Schönberger, Gabriela","Binchy, Maeve",,Erzählende Literatur: Gegenwartsliteratur ab 1945,ger,eng
9783868202120,Der berühmte Springfrosch von Calaveras und über 70 weitere Erzählungen,Genehmigte Lizenzausg.,Hamburg,Nikol,2013,783,"Twain, Mark",,,,"Shaw, Elizabeth",Erzählende Literatur,ger,eng
9783854494003,Der blaue Affe und andere brasilianische Erzählungen,,Wien,Sonderzahl,2013,117,,"Jürgens, Uli",,,"Azevedo, Aluísio; Lima Barreto; Machado de Assis; Sartingen, Kathrin",Erzählende Literatur: Hauptwerk vor 1945,ger,por
9783899139945,Der glückliche Prinz und andere Geschichten aus Irland,,Würzburg,Ergon-Verl.,2013,83,,"Schmidt, Otto Anton","Schmidt, Ruth",,"Hainlein, Gerhard",Erzählende Literatur: Anthologien,ger,eng
9783940666444,Der grüne Esel,1. Aufl.,München,A1-Verl.,2013,192,"Mosbahi, Hassouna",,"Karachouli, Regina",,,Erzählende Literatur: Gegenwartsliteratur ab 1945,ger,ara
9783895813061,Der Kreis der Lügner,,Berlin Köln,Alexander-Verl.,2013,502,,"Carrière, Jean-Claude","Rahn, Marie",,,Erzählende Literatur,ger,fre
9783037344248; 3037344245,Der Marodeur von Oxford und andere Geschichten aus dem Fallbuch von Henry St. Liver,1. Aufl.,Zürich,Diaphanes,2013,283,"Dexter, Gary",,"Beck, Zoë","Dexter, Gary","Wörtche, Thomas",Historische Kriminalromane,ger,eng
9783717522461; 3717522469,Der schwarze Handschuh,,Zürich,Manesse-Verl.,2013,379,"Odoevskij, Vladimir",,"Urban, Peter",,,Erzählende Literatur,ger,rus
9783730600382; 3730600389,Der Seewolf,,Köln,Anaconda,2013,416,"London, Jack",,"Horstmann, Ulrich","London, Jack",,Erzählende Literatur,ger,eng
9783980858847,Der Struwwel-Gaucho oder lustige Geschichten zu drolligen argentinischen Traditionen,,"Frankfurt, M.",Struwwelpeter-Museum,2013,40,,,"Zekorn-von Bebenburg, Beate",,"Pedreira, Max; Fuente, María Virginia","Anthologie; Humor, Satire",ger; spa,spa
9783036959108; 3036959106,Der taubenblaue Drache,,Zürich,Kein & Aber,2013,392,"Vonnegut, Kurt",,"Rowohlt, Harry","Vonnegut, Kurt",,Erzählende Literatur,ger,eng
9783852862309,Der Tod in Paris,,Wien,Milena-Verl.,2013,142,"Weissner, Carl","Penzel, Matthias; Wieser, Vanessa","Hartmann, Walter",,"Penn, Sean",Erzählende Literatur: Gegenwartsliteratur ab 1945,ger,eng
9783462045604; 3462045601,Der Yama-Baum und andere Geschichten,1. Aufl.,Köln,Kiepenheuer & Witsch,2013,358,"Le Clézio, J. M. G.",,"Wittmann, Uli","Le Clézio, J. M. G.",,Erzählende Literatur,ger,fre
9783833225505,Diablo III - Helden und Höllen,1. Aufl.,Stuttgart,Panini Books,2013,281,,,"Kasprzak, Andreas",,"Neilson, Micky","Science Fiction, Fantasy",ger,eng
9783939557722,Die Ernte,Dt. Ausg.,Wiesbaden,Luxbooks,2013,115,"Hempel, Amy",,,"Hempel, Amy","Jung, Jakob",Erzählende Literatur; Erzählende Literatur: Gegenwartsliteratur ab 1945,ger,eng
9783932109805,Die Erzählungen,,Berlin,Friedenauer Presse,2013,216,"Dobyčin, Leonid I.",,"Urban, Peter",,,Erzählende Literatur,ger,rus
9783939557753,Die Fakten des Winters,1. Aufl.,Wiesbaden,Luxbooks,2013,240,"LaFarge, Paul; Poissel, Paul",,"Schröder, Simone","LaFarge, Paul",,Erzählende Literatur,ger,eng
9783930761838,Die falschen Schuhe des Propheten,1. Aufl.,"Frankfurt, M.",Glaré,2013,88,,"Ismail, Abdel Salam",,,"Bremer, Edith",Erzählende Literatur: Anthologien,ger,ara
9789960621616,"Die Geschichte des Jungen, der den Schlaf gesehen hat",1. Auflage,Riad,Nādī ar-Riyāḍ al-Adabī,2013,180,"Ḥirbiš, ʿAdī Ǧāsir al-",,,,,Fiktionale Darstellung; Erzählende Literatur,ger,ara
9783779504368,"Die Kröte, der Marabut und der Storch und andere Geschichten aus der Savanne",,Wuppertal,Hammer,2013,127,"Bâ, Amadou Hampâté",,"Honke, Gudrun; Honke, Otto",,"Steinbach, Juliane; Krumbeck, Magdalene",Anthologie; Anthologie,ger,fre
9783596194643; 3596194644,Die Lästigen,,"Frankfurt, M.",Fischer Taschenbuch ,2013,359,"Oates, Joyce Carol","Jaskulla, Gabriela","Röckel, Susanne",,,Erzählende Literatur: Gegenwartsliteratur ab 1945,ger,eng
9783950321418; 9783950321401,Die Legende vom Tio,,Bergheim bei Salzburg,Mackinger,2013,125,"Montoya, Víctor",,"Wente, Claudia","Montoya, Víctor",,Erzählende Literatur: Anthologien,ger,spa
9783442269150; 3442269156,Die Legende von Drizzt,,München,Blanvalet,2013,412,"Salvatore, R. A.",,,,,,ger,eng
9783442746279; 3442746272,Die Liebe und ihr Henker & andere Geschichten aus der Psychotherapie,"Taschenbuch-Sonderausg., 1. Aufl.",München,btb,2013,566,"Yalom, Irvin D.",,"Heckler, Hans-Jürgen","Yalom, Irvin D.",,Erzählende Literatur,ger,eng
9783895610073; 3895610070,Die Liebenden von Allerheiligen,"Dt. Erstausg., 1. Aufl.","Frankfurt, M.",Schöffling,2013,258,"Vásquez, Juan Gabriel",,"Lange, Susanne","Vásquez, Juan Gabriel",,Erzählende Literatur: Gegenwartsliteratur ab 1945,ger,spa
9783865919083,"Die Nacht, in der die Sterne sangen und andere wahre Geschichten, die das Herz berühren",,Aßlar,Gerth Medien,2013,176,,"Pingry, Patricia A.","Hahne-Waldscheck, Bettina",,,Erzählende Literatur: Anthologien,ger,eng
9783359026228; 3359026225,Die Perle,1. Aufl. dieser Ausg.,Berlin,Olympia Press,2013,285,,,,,,,ger,und
9781781930304; 1781930309,Die Primarchen,Dt. Erstausg.,Nottingham,Black Library,2013,415,,"Dunn, Christian","Knackstedt, Jan",,"McNeill, Graham",Science Fiction,ger,eng
9783442753918; 3442753910,Die Tage danach,1. Aufl.,München,btb,2013,508,"Fatland, Erika",,"Kronenberger, Ina","Fatland, Erika",,Erzählende Literatur: Gegenwartsliteratur ab 1945,ger,nor
9783596905324; 359690532X,Die unendliche Bibliothek,,"Frankfurt, M.",Fischer Taschenbuch,2013,382,"Borges, Jorge Luis","Manguel, Alberto","Haefs, Gisbert; Hirte, Chris; Horst, Karl August; Meyer-Clason, Curt",,,Erzählende Literatur: Gegenwartsliteratur ab 1945,ger,spa
9783423142175; 3423142170,Die Zeit altert schnell,,München,Dt. Taschenbuch-Verl.,2013,168,"Tabucchi, Antonio",,"Fleischanderl, Karin","Tabucchi, Antonio",,Erzählende Literatur: Gegenwartsliteratur ab 1945,ger,ita
9783100744395; 310074439X,Drehtage,,"Frankfurt, M.",S. Fischer,2013,312,"Shepard, Sam",,"Strätling, Uda","Shepard, Sam",,Erzählende Literatur: Gegenwartsliteratur ab 1945,ger,eng
9783803132499; 3803132495,Drosseln begraben,,Berlin,Wagenbach,2013,155,"Pitol, Sergio",,"Ammar, Angelica","Pitol, Sergio",,Erzählende Literatur,ger,spa
9783943275063,Ein Drama in den Lüften,1. Aufl.,Berlin,Ed. Dornbrunnen,2013,101,,,"Lion, Martha; Longhi, Nardina",,"Verne, Jules; Salgari, Emilio; May, Karl; Bayard, Emile-Antoine; Bergen, Fritz; Bar, Alexandre de",Erzählende Literatur: Hauptwerk vor 1945; Erzählende Literatur; Erzählende Literatur: Gegenwartsliteratur ab 1945,ger,fre; ita
9783941021266,Ein Tiger in Barcelona,,Berlin,Patchworld,2013,160,"Freudenthal, Hans",,"Cocozza, Mario",,,Erzählende Literatur: Anthologien,ger,por
9789533045634,Engel im Abseits,,Zagreb,VBZ,2013,223,"Ferić, Zoran",,"Olof, Klaus Detlef","Ferić, Zoran",,Erzählende Literatur: Anthologien,ger,hrv
9783827011770; 3827011779,Erlebte Zeiten,,Berlin,Berlin-Verl.,2013,729,"Gordimer, Nadine",,"Bohn, Inken",,,Erzählende Literatur: Gegenwartsliteratur ab 1945,ger,eng
9783150202821; 3150202825,Erzählungen,,Stuttgart,Reclam,2013,334,"Čechov, Anton Pavlovič",,"Borowsky, Kay",,"Müller, Ludolf",Erzählende Literatur: Hauptwerk vor 1945,ger,rus
9783950321487,Erzählungen der Grausamkeit,"1., dt.-sprachige Aufl.",Bergheim bei Salzburg,Mackinger,2013,97,"Montoya, Víctor",,,"Montoya, Víctor","Wente, Claudia",Romanhafte Biographien,ger,spa
9783866479364; 3866479360,Fantastische Erzählungen,,Köln,Anaconda,2013,383,"Poe, Edgar Allan",,"Etzel, Gisela; Ewers, Maria; Keller, Emmy",,,Fantasy,ger,eng
9783827010247; 3827010241,Friedhof der Riesen,,Berlin,Berlin-Verl.,2013,272,"Wood, Lucy",,"Herzke, Ingo","Wood, Lucy",,Erzählende Literatur: Gegenwartsliteratur ab 1945,ger,eng
9783939795438,Frühling und Schmetterlinge,1. Aufl.,Pfungstadt,Manzara-Verl.,2013,79,Ömer Seyfeddin,,"Neuner, Johannes",Ömer Seyfeddin,,Historische Romane und Erzählungen,ger,tur
9783423141918; 3423141913,Für Fortgeschrittene,,München,Dt. Taschenbuch-Verl.,2013,281,"Popov, Alek",,"Sitzmann, Alexander",,,Erzählende Literatur: Gegenwartsliteratur ab 1945,ger,bul
9783455404470; 3455404472,Geborgtes Glück,1. Aufl.,Hamburg,Hoffmann und Campe,2013,127,"Trevor, William","Zischler, Hanns","Gunkel, Thomas; Oeser, Hans-Christian",,,Erzählende Literatur,ger,eng
9783865521286; 3865521282,Gesammelte Erzählungen,Orig.-Ausg.,Leipzig,Festa,2013,411,"Smith, Clark Ashton",,,,,,ger,eng
9783902878045,Geschichten aus dem Herzen Indiens,,Klagenfurt,Kitab,2013,191,"Bond, Ruskin",,"Schein, Reinhold",,,Erzählende Literatur,ger,eng
9783867621656,Geschichten aus der Nightside,1. Aufl.,Mannheim,Feder & Schwert,2013,352,"Green, Simon R.",,,,,,ger,eng
9783867621670,Geschichten aus der Nightside,1. Aufl.,Mannheim,Feder & Schwert,2013,367,"Green, Simon R.",,"Becker, Julia",,,,ger,eng
9783862797578,Geschichten der Fürstentümer der östlichen Zhou-Dynastie,1. Aufl.,Gelnhausen,Wagner,2013,603,"Feng, Menglong",,,,,,ger,chi
9783867811064,Geschichten des Herzens,"Gesamtausg., 1., brosch. Ausg.","Freiburg, Br.",Arbor-Verl.,2013,349,,"Feldman, Christina; Kornfield, Jack",,,"Valentin, Lienhard; Kabat-Zinn, Jon",Anthologie; Anthologie,ger,eng
9783908777892,Gespräch in der Nacht,,Zürich,Dörlemann,2013,258,"Bunin, Ivan Alekseevič","Grob, Thomas","Trottenberg, Dorothea",,,Erzählende Literatur,ger,rus
9783925165368,Gute Geschichten,2. Aufl.,Hamburg,Islamisches Zentrum Hamburg,2013,326,"Āḏar Yazdī, Mahdī",,,,,Erzählende Literatur,ger,per
9783940527714,Heimatlos,1. Aufl.,Gossenberg,Ostasien-Verl.,2013,287,"I, Ho cheol",,"Lee, Heike; Lee, Tae Hoon",,,Erzählende Literatur: Gegenwartsliteratur ab 1945,ger,kor
9783950329599,Illyricum,Dt. Erstausg.,Perchtoldsdorf,Plattform,2013,112,,"Xhelili, Besim","Gostentschnigg, Kurt",,,Erzählende Literatur: Anthologien,ger,alb
9783453409859; 345340985X,In den Straßen von Los Angeles,Vollst. dt. Taschenbuchausg.,München,"Heyne, W",2013,351,"Cooder, Ry",,"Dobler, Franz","Cooder, Ry",,Erzählende Literatur,ger,eng
9783351035273; 3351035276,In der Ferne das Glück,1. Aufl.,Berlin,Aufbau,2013,503,,"Jacobsen, Wolfgang; Klapdor, Heike","Schröder, Gesine",,"Baum, Vicki",Erzählende Literatur: Anthologien,ger,eng
9783940132499,In der Wildnis,,Berlin,Regiospectra,2013,183,"Hahn, Johanna",,,,"Rāya, Sārā",Erzählende Literatur: Gegenwartsliteratur ab 1945,ger,hin
9783596190157; 3596190150,In einem freien Land,,"Frankfurt, M.",Fischer-Taschenbuch,2013,326,"Naipaul, V. S.",,"Zedlitz, Ursula von; Gleba, Kerstin","Naipaul, V. S.",,Erzählende Literatur: Gegenwartsliteratur ab 1945,ger,eng
9783854494010,Inmitten der Nacht,,Wien,Sonderzahl,2013,233,"Rio, João do",,"König, Ingo","Rio, João do",,Erzählende Literatur: Hauptwerk vor 1945,ger,por
9783406644917; 3406644910,Jugend,,München,Beck,2013,143,"Conrad, Joseph",,"Fenzl, Richard","Conrad, Joseph","Trojanow, Ilija",Erzählende Literatur: Hauptwerk vor 1945; Historische Romane und Erzählungen,ger,eng
9783596905126; 3596905125,Kaputt in Hollywood,Neuausg.,"Frankfurt, M.",Fischer Taschenbuch,2013,120,"Bukowski, Charles",,"Weissner, Carl","Bukowski, Charles",,Erzählende Literatur: Anthologien,ger,eng
9783852566283,Kokain,,Wien,Folio-Verl.,2013,173,,,"Fleischanderl, Karin",,"Carlotto, Massimo; Carofiglio, Gianrico; De Cataldo, Giancarlo","Krimis, Thriller, Spionage",ger,ita
9783518464212; 3518464213,Kurzes Buch über das Sterben,1. Aufl.,Berlin,Suhrkamp,2013,110,"Stasiuk, Andrzej",,"Schmidgall, Renate","Stasiuk, Andrzej",,Erzählende Literatur: Gegenwartsliteratur ab 1945,ger,pol
9783351035327; 3351035322,Lautstärke beweist gar nichts,1. Aufl.,Berlin,Aufbau,2013,192,"Twain, Mark","Holdack, Nele",,,,Erzählende Literatur,ger,eng
9783442379996; 3442379997,Leicht zu haben,"Dt. Erstveröff., 1. Aufl.",München,Blanvalet,2013,253,,"Kramer Bussel, Rachel","Müller, Claudia",,,Erzählende Literatur,ger,eng
9783100488329; 3100488326,Liebes Leben,4. Aufl.,"Frankfurt, M.",S. Fischer,2013,366,"Munro, Alice",,"Zerning, Heidi","Munro, Alice",,Erzählende Literatur: Gegenwartsliteratur ab 1945,ger,eng
9783763266845,Liebes Leben,,"Frankfurt, M.",Büchergilde Gutenberg,2013,366,"Munro, Alice",,"Zerning, Heidi","Munro, Alice",,Erzählende Literatur: Gegenwartsliteratur ab 1945,ger,eng
9783940597700,Lord Barrymore,"2., veränd. Aufl.",Barnstorf,Verl. 28 Eichen,2013,221,"Doyle, Arthur Conan","Spittel, Olaf R.","Gleiner, Adolf; Spittel, Olaf R.; Koch, Anne; Lautenbach, Rudolf; Meyer, Jürgen",,,Erzählende Literatur: Hauptwerk vor 1945,ger,eng
9783458362425; 3458362428,Märchen und Erzählungen,1. Aufl.,Berlin,Insel-Verl.,2013,279,"Wilde, Oscar",,"Blei, Franz; Hoeppener, Christine",,,Erzählende Literatur: Hauptwerk vor 1945,ger,eng
9783293205994,Mafeking Road,,Zürich,Unionsverl.,2013,201,"Bosman, Herman Charles",,"Kleeberg, Michael","Bosman, Herman Charles","Kleeberg, Michael",Anthologie; Anthologie; Erzählende Literatur: Hauptwerk vor 1945,ger,eng
9783423249966; 342324996X,Meine Cousine Emilia,Dt. Erstausg.,München,Dt. Taschenbuch-Verl.,2013,235,"Uroševiḱ, Vlada",,"Langer, Benjamin","Uroševiḱ, Vlada",,Historische Romane und Erzählungen; Erzählende Literatur: Gegenwartsliteratur ab 1945,ger,mac
9783857917172,Meine Seele hat kein Geschlecht,,Zürich,Limmat-Verl.,2013,315,"Storni, Alfonsina",,"Keller, Hildegard Elisabeth",,,Erzählende Literatur: Hauptwerk vor 1945,ger,spa
9783499251511; 3499251515,Neun Erzählungen,,Reinbek bei Hamburg,Rowohlt-Taschenbuch-Verl.,2013,223,"Salinger, Jerome D.",,"Schönfeld, Eike","Salinger, Jerome D.",,Erzählende Literatur: Gegenwartsliteratur ab 1945,ger,eng
9783990270349,Oh Bumerang,,Salzburg,Jung und Jung,2013,125,"Nagy, Ildikó Noémi",,"Buda, György","Nagy, Ildikó Noémi",,Erzählende Literatur: Gegenwartsliteratur ab 1945,ger,hun
9783902871213,Ohne Lied: Gedichte von Gewalt,,Leipzig,Hochroth,2013,21,,"Michalski, Christian",,,,Lyrik,ger; spa,spa
9783902844170,Phantomschmerzen,,Wien,Luftschacht-Verl.,2013,132,"Breiteig, Bjarte",,"Strobel, Bernhard","Breiteig, Bjarte",,Historische Romane und Erzählungen,ger,nor
9783859901865,Reise an die Küste,1. Aufl.,Zürich,Ed. 8,2013,344,,"Schultze-Kraft, Peter","Hackl, Erich",,,Erzählende Literatur: Anthologien,ger,spa
9783518421918,Romane und Erzählungen,1. Aufl.,Berlin,Suhrkamp,2013,1227,"Nooteboom, Cees",,"Beuningen, Helga van",,,Erzählende Literatur: Anthologien,ger,dut
9783902711076,Sämtliche Erzählungen,,Wien,Septime-Verl.,2013,485,"Tiptree, James",,"Wohl, Bela",,"Eschbach, Andreas",,ger,eng
9783423142588; 3423142588,Samba goal,Dt. Erstausg.,München,Dt. Taschenbuch-Verl.,2013,142,,,"Brandt, Kirsten; Kegler, Michael; Petermann, Enno; Sahr, Markus; Kultzen, Peter; Ruby, Luis",,,Erzählende Literatur: Anthologien,ger,por
9783150108925; 3150108926,Sancta Lucia,,Stuttgart,Reclam,2013,95,"Lagerlöf, Selma","Hildebrandt, Christel; Haefs, Gabriele",,,,Erzählende Literatur: Hauptwerk vor 1945,ger,swe
9783050060163; 3050060166,Satyrische Geschichten,,Berlin,Akad.-Verl.,2013,435,Petronius,"Holzberg, Niklas",,,,Erzählende Literatur: Gegenwartsliteratur ab 1945,ger; lat,lat
9783446241671; 3446241671,Schnurren und Kratzen,,München,Hanser,2013,249,,"Michl, Reinhard",,,,Erzählende Literatur: Anthologien,ger,mul
9783404167203; 3404167201,Schwarzes Feuer des Verlangens,"Dt. Erstveröff., dt. Erstausg., vollst. Taschenbuchausg., 1. Aufl.",Köln,Bastei Lübbe Taschenbuch,2013,541,"Feehan, Christine",,"Moreno, Ulrike","Feehan, Christine",,Fantastische Literatur; Erzählende Literatur: Gegenwartsliteratur ab 1945,ger,eng
9783446243255; 3446243259,Schwierige Liebschaften,,München,Hanser,2013,858,"Calvino, Italo",,"Erné, Nino",,,Erzählende Literatur: Hauptwerk vor 1945,ger,ita
9783100108500; 3100108507,Sechzehn Frauen,,"Frankfurt, M.",S. Fischer,2013,317,"Cardoso, Rafael",,"Kultzen, Peter","Cardoso, Rafael",,Erzählende Literatur: Anthologien; Erzählende Literatur: Gegenwartsliteratur ab 1945,ger,por
9783746629582; 3746629586,Shakespeare für Eilige,1. Aufl.,Berlin,Aufbau-Taschenbuch,2013,396,"Lamb, Mary; Lamb, Charles","Klotz, Günther","Keck, Karl Heinrich Christian","Lamb, Mary",,Erzählende Literatur: Gegenwartsliteratur ab 1945,ger,eng
9783863652951,Sherlock Holmes,,Augsburg,Weltbild,2013,495,"Doyle, Arthur Conan",,"Haefs, Gisbert",,,,ger,eng
9783746237183,Sonnenseiten für die Seele,,Leipzig,Benno,2013,143,,,,,,Geschenkbücher,ger,mul
9783833226687,Star Wars - der letzte Jedi,1. Aufl.,Stuttgart,Panini,2013,302,"Watson, Jude",,"Kuhn, Dominik",,,"Science Fiction, Fantasy",ger,eng
9783833226151,StarCraft II - War stories,1. Aufl.,Stuttgart,Panini Books,2013,667,,,,,"Dayton, Cameron","Science Fiction, Fantasy",ger,eng
9783000417917,Stimmen,Limitierte Ausg.,Emmelsbüll-Horsbüll,Edition ReJoyce,2013,111,"Stevenson, Robert Louis","Rathjen, Friedhelm",,,,Erzählende Literatur,ger,eng
9783499109898,... und noch ein Küßchen!,49. Aufl.,Reinbek bei Hamburg,Rowohlt-Taschenbuch-Verl.,2013,271,"Dahl, Roald",,"Wellmann, Hans-Heinrich","Dahl, Roald",,Erzählende Literatur,ger,eng
9783942787093,Unheimliche Geschichten,"4., erw. Aufl.",Berlin,Verlagshaus Jacoby & Stuart GmbH,2013,184,"Poe, Edgar Allan",,"Wollschläger, Hans",,"Lacombe, Benjamin",Anthologie; Anthologie,ger,eng
9783036956749; 3036956743,Vampire im Zitronenhain,Dt. Erst.-Ausg.,Zürich,Kein & Aber,2013,315,"Russell, Karen",,"Krutzsch, Malte","Russell, Karen",,Erzählende Literatur,ger,eng
9783406654688; 3406654681,Vier Erzählungen,,München,Beck,2013,127,"Diderot, Denis",,"Rütten, Raimund",,,Erzählende Literatur,ger,fre
9783359023784; 3359023781,Von armen Schnorrern und weisen Rabbis,1. Aufl. dieser Ausg.,Berlin,Eulenspiegel-Verl.,2013,190,,"Janke, Jutta",,,,"Anthologie; Anthologie; Humor, Satire",ger,yid; pol
9783406647055; 3406647057,"Warte nur, es passiert schon was",,München,Beck,2013,255,"Oikonomu, Chrēstos",,"Hildebrand, Birgit","Oikonomu, Chrēstos",,Erzählende Literatur: Anthologien,ger,gre
9783942374330,Wenn der Hahn kräht,"Dt. Erstausg., 1. Aufl.",Gräfelfing,Ed. Fünf,2013,159,,"Jakob, Wanda; Costa Hölzl, Luísa","Bichler, Barbara; Gareis, Marianne; Heß, Renata; Hummitzsch, Maria; Schweder-Schreiner, Karin von; Stein, Claudia",,"Fuego, Andréa del; Montenegro, Tércia; Giannetti, Cecilia; Faro, Augusta; Garcia Roza, Livia; Bracher, Beatriz; Maia, Ana Paula; Moscovich, Cíntia; Leite, Ivana Arruda; Levy, Tatiana Salem; Taitelbaum, Paula; Lage, Claudia",Erzählende Literatur,ger,por
9783943941227,Wenn es Liebe ist,,Berlin,Dittrich,2013,184,"Pantić, Mihajlo",,"Jugo, Margit","Pantić, Mihajlo",,Erzählende Literatur: Gegenwartsliteratur ab 1945,ger,srp
9789674303846,"Willkommen zu Hause, Juita",,Kuala Lumpur,Institut Terjemahan & Buku Malaysia,2013,139,Muhammad Haji Salleh,,,,,Anthologie; Lyrik,ger; may,may
9783833226168,World of Warcraft - Legenden,"1. Aufl., Dt. Ausg.",Stuttgart,Panini Books,2013,635,,,"Kasprzak, Andreas",,"Waugh, James","Science Fiction, Fantasy",ger,eng
9783036956794; 3036956794,Yachten und dergleichen,,Zürich,Kein & Aber,2013,174,"Capote, Truman",,"Mössner, Ursula-Maria",,,Erzählende Literatur,ger,eng
9783939876014,Yuhi & andere Erzählungen,,Hamburg,Abera,2013,223,"Yi, Yang-ji","Klopfenstein, Eduard","Nakamura-Methfessel, Verena","Yi, Yang-ji",,Erzählende Literatur: Gegenwartsliteratur ab 1945,ger,jpn
9783596186860; 3596186862,Zu viel Glück,,"Frankfurt, M.",Fischer Taschenbuch,2013,362,"Munro, Alice",,"Zerning, Heidi","Munro, Alice",,Erzählende Literatur: Gegenwartsliteratur ab 1945,ger,eng
9783596513000; 3596513006,Zu viel Glück,,"Frankfurt, M.",Fischer Taschenbuch,2013,495,"Munro, Alice",,,"Munro, Alice","Zerning, Heidi",Erzählende Literatur: Gegenwartsliteratur ab 1945,ger,eng
9783100015433; 3100015436,Zwei Geschichten von der See,,"Frankfurt, M.",S. Fischer,2013,397,"Amado, Jorge",,"Ruby, Luis",,,Erzählende Literatur: Gegenwartsliteratur ab 1945,ger,por
9783901899577,A fool's journey,,Wien,Ed. Exil,2012,107,"Weiss, Ruth",,"Ahorner, Peter",,,Zweisprachige Ausgaben: Deutsch / Englisch,ger; eng,eng
9783950323337,A parallel planet of people and places,,Zirl,Ed. Baes,2012,93,"Weiss, Ruth",,"Schneider, Jürgen",,"Schneitter, Elias; Kluy, Alexander",Lyrik,eng; ger,eng
9783866477483; 3866477481,"Aj, wie klug war unser Rebbe",,Köln,Anaconda,2012,189,,,"Kelm, Kurt",,"Safrin, Horacy; Hussel, Horst","Anthologie; Anthologie; Humor, Satire",ger,pol
9783499266461; 3499266466,Alle Küsschen!,Sonderausg.,Reinbek bei Hamburg,Rowohlt-Taschenbuch-Verl.,2012,622,"Dahl, Roald",,"Mülbe, Wolfheinrich von der; Wellmann, Hans-Heinrich",,,Erzählende Literatur: Gegenwartsliteratur ab 1945,ger,eng
9783423141680; 3423141689,Als der Zirkus kam,,München,Dt. Taschenbuch-Verl.   ,2012,139,"Odojewski, Włodzimierz",,"Schaefer, Barbara","Odojewski, Włodzimierz",,Erzählende Literatur: Gegenwartsliteratur ab 1945,ger,pol
9783423253291,"Als ich heute Morgen aufwachte, war alles weg, was ich mal hatte ; die besten Stories",,München,Dt. Taschenbuch-Verl.,2012,300,"Boyle, T. Coraghessan",,"Bandini, Giovanni",,"Adler, Karoline",,ger,eng
9783902715449,Anar,1. Aufl.,Wien,RRV,2012,209,Anar,,"Grimm, Liliane",,,Erzählende Literatur: Gegenwartsliteratur ab 1945,ger,aze
9783765512346; 3765512346,Apfelsinen aus Jaffa,,Giessen,Brunnen-Verl.,2012,126,"Oren, Ram",,"Hausen, Elisabeth",,"Johannson, Olaf",Erzählende Literatur: Gegenwartsliteratur ab 1945,ger,heb
9789643062101,Ausgewählte Geschichten aus dem Masnawi und Ghaselen aus dem Diwan Schams Tabrisi,Čāp-i suwwum,Tihrān,Yassavoli,2012,162,Ǧalāl-ad-Dīn Rūmī,,"Pīrāyiš, Pūrānduẖt",,,Lyrik,ger; per,per
9783940357229,Begegnung und andere Erzählungen,1. Aufl.,Düsseldorf,Lilienfeld-Verl.,2012,444,"Bove, Emmanuel",,"Laux, Thomas","Bove, Emmanuel",,Erzählende Literatur: Anthologien,ger,fre
9783423141208; 3423141204,Bernice schneidet ihr Haar ab,Neuübers. 2012,München,Dt. Taschenbuch-Verl.,2012,282,"Fitzgerald, F. Scott",,"Wolff, Lutz-W.",,,Erzählende Literatur: Hauptwerk vor 1945,ger,eng
9783803112903; 3803112907,"Chronik einer Liebe, die es nie gab",2. Aufl. der erw. Ausg.,Berlin,Wagenbach,2012,163,"Antonioni, Michelangelo",,"Vagt, Sigrid","Antonioni, Michelangelo","Seidl, Claudius",Anthologie; Anthologie; Erzählende Literatur,ger,ita
9783518463697; 3518463691,Cold hard love,"Dt. Erstausg., 1. Aufl.",Berlin,Suhrkamp,2012,268,"Bill, Frank",,"Lösch, Conny",,,Erzählende Literatur: Gegenwartsliteratur ab 1945,ger,eng
9783036956473; 3036956476,Das Butterkremherz,,Zürich,Kein & Aber,2012,222,"Parker, Dorothy",,"Biermann, Pieke",,,Erzählende Literatur: Anthologien,ger,eng
9783942656405,Das Delta der Venus,,Berlin,A. Springer,2012,322,"Nin, Anaïs",,"Bornemann, Eva","Nin, Anaïs",,Erzählende Literatur,ger,eng
9783940597465,Das Duell,,Barnstorf,Verl. 28 Eichen,2012,292,"Doyle, Arthur Conan","Spittel, Olaf R.","Limke-Bollweg, Ilona",,,Erzählende Literatur: Anthologien,ger,eng
9783453436152,Das Gesetz,"Vollst., dt. Taschenbuchausg.",München,Heyne,2012,382,"Grisham, John",,"Dorn-Ruhl, Kristiana; Reiter, Bea; Walsh-Araya, Imke","Grisham, John",,"Anthologie; Anthologie; Krimis, Thriller, Spionage",ger,eng
9783941524132,Das große Spiel,"Orig.-Ausg., 1. Aufl.",Berlin,PalmArtPress,2012,273,"Lederer, Michael","Nicely, Catharine J.",,"Lederer, Michael","Chef, Genia",Erzählende Literatur,ger,eng
9783830675662,Das Schöne verschmäht mich und andere Erzählungen,,Sankt Ottilien,EOS,2012,264,"Eun, Hui gyeong",,"Gim, Hyeog sug; Selzer, Manfred",,,Erzählende Literatur: Anthologien,ger,kor
9783865917195,"Das Weihnachtslächeln und andere wahre Geschichten, die das Herz berühren",1. Aufl.,Asslar,GerthMedien,2012,220,,"Hollingsworth, Mary",,,,Erzählende Literatur: Anthologien,ger,eng
9783596950003; 3596950007,Das weingetränkte Notizbuch,,"Frankfurt, M.",S. Fischer,2012,349,"Bukowski, Charles","Calonne, David Stephen","Krutzsch, Malte","Bukowski, Charles",,Erzählende Literatur: Gegenwartsliteratur ab 1945,ger,eng
9783937603728,Der Alte und die Affen,,Heidelberg,Draupadi-Verl.,2012,189,,"Pandey, Indu Prakash; Pandey, Heidemarie",,,,Erzählende Literatur: Anthologien,ger,hin
9783866477971; 386647797X,Der Baumeister von Norwood,,Köln,Anaconda,2012,159,"Doyle, Arthur Conan",,"Lautenbach, Rudolf",,,"Krimis, Thriller, Spionage",ger,eng
9783462044584; 3462044583,Der Engel Esmeralda,1. Aufl.,Köln,Kiepenheuer & Witsch,2012,246,"DeLillo, Don",,"Heibert, Frank",,,Erzählende Literatur,ger,eng
9783492054935; 3492054935,Der kleine Trommler,,München,Piper,2012,150,"Dai, Sijie",,"Findeisen, Eike","Dai, Sijie",,Erzählende Literatur: Gegenwartsliteratur ab 1945,ger,fre
9783257241846; 3257241844,Der letzte Kuss,,Zürich,Diogenes,2012,531,"Fitzgerald, F. Scott","Zanovello, Silvia","Hotz, Christa",,,Erzählende Literatur: Hauptwerk vor 1945,ger,eng
9783939795186,Der Pferdestriegel,1. Aufl.,Pfungstadt,Manzara-Verl.,2012,75,Ömer Seyfeddin,,"Oruç, Bülent",Ömer Seyfeddin,,Erzählende Literatur: Anthologien,ger,tur
9783940597441,Der Silberspiegel,,Barnstorf,Verl. 28 Eichen,2012,207,"Doyle, Arthur Conan","Spittel, Olaf R.","Erler, Nadine",,,Erzählende Literatur: Hauptwerk vor 1945,ger,eng
9783570580349,Der wandernde Turm,"Dt. Erstausg., 1. Aufl.",München,Bertelsmann,2012,191,"Prokofʹev, Sergej Sergeevič","Plessner, Lucian",,,,Erzählende Literatur: Anthologien,ger,rus
9783902878038,Der Weg zurück zum Anfang,,Klagenfurt,Kitab,2012,272,"Beksultanov, Musa",,"Herold, Marianne",,,Erzählende Literatur: Anthologien,ger,che
9783627100209,Die Bibel der Träume,Neuaufl.,"Frankfurt, M.",Frankfurter Verl.-Anst.,2012,240,"Plath, Sylvia",,"Bachstein, Julia","Plath, Sylvia",,Erzählende Literatur: Anthologien,ger,eng
9783442744213; 3442744210,Die erste Person,"Dt. Erstveröff., 1. Aufl.",München,btb,2012,171,"Smith, Ali",,"Morawetz, Silvia","Smith, Ali",,Anthologie; Anthologie; Erzählende Literatur,ger,eng
9783932109737; 9783932109775,Die Erzählungen,"4., durchges. und verm. Aufl.",Berlin,Friedenauer Presse,2012,589,"Puškin, Aleksandr Sergeevič","Urban, Peter",,,,Erzählende Literatur: Hauptwerk vor 1945,ger,rus
9783939795162,Die hohen Absätze,,Pfungstadt,Manzara-Verl.,2012,79,Ömer Seyfeddin,,"Riemann, Wolfgang",Ömer Seyfeddin,,Historische Romane und Erzählungen,ger,tur
9783442477623; 344247762X,Die Illusion der Weisheit,"Dt. Erstveröff., 1. Aufl.",München,Goldmann,2012,21,"Carofiglio, Gianrico",,"Koskull, Verena von","Carofiglio, Gianrico",,Erzählende Literatur: Gegenwartsliteratur ab 1945,ger,ita
9783943810028,Die Katakombenschule,,München,Verl. ohne Geld,2012,244,"Zapperi Zucker, Ada",,"Hornung, Sabine","Zapperi Zucker, Ada","Heiss, Hans",Erzählende Literatur; Erzählende Literatur: Gegenwartsliteratur ab 1945,ger,ita
9783257241822; 3257241828,Die letzte Schöne des Südens,,Zürich,Diogenes,2012,776,"Fitzgerald, F. Scott","Zanovello, Silvia","Abarbanell, Bettina",,,Erzählende Literatur: Hauptwerk vor 1945,ger,eng
9783847703327,Die Paradoxe des Mr. Pond und andere Überspanntheiten,,Berlin,AB - Die Andere Bibliothek,2012,393,"Chesterton, G. K.",,"Greff, Boris; Marx, Matthias","Chesterton, G. K.","Feyll, Cornelia; Forssman, Friedrich",Fantastische Literatur; Erzählende Literatur: Hauptwerk vor 1945,ger,eng
9783442474714; 344247471X,Die Saat der Lüge,"Dt. Erstveröff., 1. Aufl.",München,Goldmann,2012,348,"Jones, Beverley",,"Kilchling, Verena","Jones, Beverley",,"Krimis, Thriller, Spionage",ger,eng
9783861249153; 3861249154,Die Teufel des Tsurugi-Bergs,,Berlin,be.bra-Verl.,2012,174,"Dazai, Osamu",,"Werner, Verena","Dazai, Osamu",,Erzählende Literatur: Hauptwerk vor 1945,ger,jpn
9783499258879; 3499258870,Die Tränen meines Vaters und andere Erzählungen,,Reinbek bei Hamburg,Rowohlt-Taschenbuch-Verl.,2012,366,"Updike, John",,"Carlsson, Maria","Updike, John",,,ger,eng
9783100540171; 3100540174,"Die Zeit, die uns bleibt",,"Frankfurt, M.",S. Fischer,2012,158,"Okada, Toshiki",,"Patzschke, Heike","Okada, Toshiki",,Erzählende Literatur: Gegenwartsliteratur ab 1945,ger,jpn
9788872231913; 9783854356936,Drei schöne Geschichten,,Meran,"AB, TravenBooks",2012,200,"Roat, Francesco",,"Merkel-Bertoldi, Frank-Volker","Roat, Francesco",,Erzählende Literatur: Gegenwartsliteratur ab 1945,ger,ita
9783406639593; 3406639593,Dr. Gloss und die Seelenwanderung,,München,Beck  ,2012,126,"Maupassant, Guy de","Walz, Melanie",,,,Erzählende Literatur: Anthologien,ger,fre
9783854207931,Dunkelheit am Ende des Tunnels,,Graz,Literaturverl. Droschl,2012,133,"Ulven, Tor",,"Strobel, Bernhard","Ulven, Tor",,,ger,nor
9783843601801; 3843601801,Ein Brief aus dem Paradies,,Ostfildern,Patmos-Verl.,2012,110,"Kostinskij, Aleksandr M.",,"Braungardt, Ganna-Maria",,,,ger,rus
9783954100088; 3954100088,Ein Denkmal für Itzik Rachmiels und andere Erzählungen aus dem Raschkewer Schtetl,,Berlin,Be.bra-Wiss.-Verl.,2012,191,"Shraybman, Yekhiel","Dähnhardt, Ernst-Harald",,,,Erzählende Literatur: Hauptwerk vor 1945,ger,yid
9783100628114; 310062811X,Ein Mann mit einer Tür,,"Frankfurt, M.",S. Fischer,2012,300,"Raikh, Asher",,"Achlama, Ruth",,,Erzählende Literatur: Gegenwartsliteratur ab 1945,ger,heb
9783887697761,Ein seltsamer Verein,,Tübingen,Konkursbuch-Verl. Gehrke,2012,285,"Gim, Yeong ha",,"Seelmann, Hoo Nam; Bussmann, Rudolf",,,Spannung,ger,kor
9783548283715; 3548283713,Ein Spiel mit Lust und Liebe,"Dt. Erstausg., 1. Aufl.",Berlin,Ullstein,2012,172,Madame S.,,"Nagel, Nadine",Madame S.,,Erzählende Literatur: Gegenwartsliteratur ab 1945,ger,eng
9783899139297,Eine Frage des Muts und andere Geschichten aus den USA,,Würzburg,Ergon-Verl.,2012,101,,,"Schmidt, Ruth; Schmidt, Otto Anton",,"Hainlein, Gerhard",Erzählende Literatur: Anthologien,ger,eng
9783257068214; 3257068212,Eine Rose für Emily und andere Meistererzählungen,,Zürich,Diogenes,2012,435,"Faulkner, William",,"Schnack, Elisabeth","Faulkner, William",,Erzählende Literatur: Anthologien,ger,eng
9783922825029,Einfach so,,Berlin,Ed. Orient,2012,52,,"Auwad, Fouad el-",,,"Draesner, Ulrike; Taufiq, Suleman; Steinherr, Ludwig; Leisten, Christoph; Frings, Gabriele; Kiefer, Reinhard; Osman, Nedjo; Habasch, Hussein; Mahmoud, Fatima; Fouad, Emad; Al Jallawi, Ali; Al Rais, Hayet",Konferenzschrift; Zweisprachige Ausgaben: Deutsch / weitere Fremdsprache,ger; ara,ara
9783895613371,Einfache Freuden,1. Aufl,"Frankfurt, M.",Schöffling,2012,201,"Bowles, Jane",,"Walitzek, Brigitte","Bowles, Jane",,,ger,eng
9783933995957,Eingeborne zuerst!,1. Aufl.,Bremen,Sujet-Verl.,2012,99,"Diome, Fatou",,"Dörner, András","Diome, Fatou",,Erzählende Literatur: Anthologien,ger,fre
9783866478145; 3866478143,Englische Meistererzählungen,,Köln,Anaconda ,2012,315,,,"Samland, Bernd; Frisch, Marianne; Puchwein, Walther",,,Zweisprachige Ausgaben: Deutsch / Englisch,ger; eng,eng
9783150202487; 3150202485,Erzählungen,,Stuttgart,Reclam,2012,375,"Gogolʹ, Nikolaj Vasilʹevič",,"Reißner, Eberhard",,,,ger,rus
9788660290894,Erzählungen der Winde,,Novo Miloševo,BKC,2012,89,"Latinović, Miloš",,"Lavundi, Johann","Latinović, Miloš",,Erzählende Literatur: Gegenwartsliteratur ab 1945,ger,srp
9783931933784,Erzählungen und Märchen,Einmalige nummerierte Aufl.,Oberursel,Verl. Buch + Bild,2012,294,"Wilde, Oscar",,,,"Herb, Elfriede; Herb, Klaus Robert",Erzählende Literatur,ger,eng
9783455404135; 3455404138,"Es geht schnell, das Leben!",1. Aufl.,Hamburg,Hoffmann und Campe,2012,159,"Maupassant, Guy de",,"Ott, Karl-Heinz",,,Erzählende Literatur: Anthologien; Erzählende Literatur,ger,fre
9783707603972,Fahrt ins Blaue und andere Geschichten aus dem New Yorker,,Wien,Czernin,2012,167,"Berczeller, Richard",,,,,Anthologie; Anthologie; Romanhafte Biographien,ger,eng
9783596905119; 3596905117,Fuck machine,Neuausg.,"Frankfurt, M.",Fischer-Taschenbuch-Verl.,2012,126,"Bukowski, Charles",,"Teichmann, Wulf","Bukowski, Charles",,Anthologie; Anthologie; Erzählende Literatur,ger,eng
9783453529458; 3453529456,Gaunts Geister,Dt. Erstausg.,München,Heyne,2012,1248,"Abnett, Dan",,"Jentzsch, Christian","Abnett, Dan",,Science Fiction,ger,eng
9783550088827; 3550088825,"Geister, Cowboys",,Berlin,Ullstein,2012,299,"Watkins, Claire Vaye",,"Gunsteren, Dirk van","Watkins, Claire Vaye",,Erzählende Literatur: Gegenwartsliteratur ab 1945,ger,eng
9783865915870,"Genug Liebe für ein ganzes Leben und andere wahre Geschichten, die das Herz berühren",1. Aufl.,Asslar,Gerth Medien,2012,271,,"Pingry, Patricia A.","Krämer, Thorsten",,,,ger,eng
9783865520890; 3865520898,Gesammelte Erzählungen,Orig.-Ausg.,Leipzig,Festa,2012,415,"Smith, Clark Ashton",,,,,,ger,eng
9783596903832; 3596903831,Gesammelte Erzählungen,Orig.-Ausg.,"Frankfurt, M.",Fischer-Taschenbuch-Verl.  ,2012,269,"Lagerlöf, Selma","Erb, Astrid","Franzos, Marie",,,,ger,swe
9783896622693,Geschichten aus dem anderen Mallorca,"3., erw. Aufl.",Westerstede,Reise-Know-How-Verl. Grundmann,2012,237,"Graves, Robert","Ihnenfeldt, Hartmut",,,,Anthologie; Anthologie,ger,eng
9783867620758,Geschichten aus der Nightside,1. Aufl.,Mannheim,Feder & Schwert,2012,267,"Green, Simon R.",,"Gengnagel, Jana",,,,ger,eng
9783717522881; 3717522884,Geschichten aus Istanbul,,Zürich,Manesse-Verl.,2012,379,"Abasıyanık, Sait Faik",,"Meier, Gerhard",,,Erzählende Literatur,ger,tur
9783902792938,Geschichten um Mitternacht,,Graz,Ed. Geheimes Wissen,2012,141,"Poe, Edgar Allan",,,,"Eggeler, Stefan",Fantastische Literatur,ger,eng
9783257241921; 3257241925,Geschichten von natürlichen und unnatürlichen Katastrophen,,Zürich,Diogenes,2012,359,"Highsmith, Patricia",,"Jendis, Matthias","Highsmith, Patricia",,"Krimis, Thriller, Spionage",ger,eng
9783518224687; 3518224689,Geschichten von Shem und Shaun,"Dt. Erstausg., 1. Aufl.",Berlin,Suhrkamp,2012,100,"Joyce, James",,"Rathjen, Friedhelm","Joyce, James",,Zweisprachige Ausgaben: Deutsch / Englisch,ger; eng,eng
9783458358497; 3458358498,Glück und andere Erzählungen,"Orig.-Ausg., 1. Aufl.",Berlin,Insel-Verl.,2012,244,"Mansfield, Katherine",,"Steiner, Heide",,,Erzählende Literatur: Hauptwerk vor 1945,ger,eng
9783499258046; 3499258048,"Goodbye, Columbus",,Reinbek bei Hamburg,Rowohlt-Taschenbuch-Verl.,2012,365,"Roth, Philip",,"Haas, Herta","Roth, Philip",,Anthologie; Anthologie,ger,eng
9783100006257; 3100006259,Heimsuchungen,,"Frankfurt, M.",S. Fischer,2012,300,"Adichie, Chimamanda Ngozi",,"Böhnke, Reinhild","Adichie, Chimamanda Ngozi",,Anthologie; Anthologie,ger,eng
9783404167067; 3404167066,Heißes Blut,"Dt. Erstausg., vollst. Taschenbuchausg., 1. Aufl.",Köln,Bastei Lübbe Taschenbuch,2012,510,,,,,"Feehan, Christine; Moreno, Ulrike; Holly, Emma; Knight, Angela; Shayne, Maggie",Fantasy,ger,eng
9783942223171,"Hexen, Mörder, Nixen, Dichter ...",1. Aufl.,"Frankfurt, M.",Größenwahn-Verl.,2012,91,"Todorov, Todor P.",,"Petrova, Svetlana","Todorov, Todor P.",,Erzählende Literatur: Anthologien,ger,bul
9783036956244; 3036956247,Hundert-Dollar-Küsse,Dt. Erstausg.,Zürich,Kein & Aber,2012,297,"Vonnegut, Kurt",,"Rowohlt, Harry","Vonnegut, Kurt",,Erzählende Literatur,ger,eng
9783935890892,I can speak!,,München,Liebeskind,2012,269,"Saunders, George",,"Müller, Matthias","Saunders, George",,,ger,eng
9783857877551,"Ich wollt', ich würd' Ägypter",1. Aufl.,Basel,Lenos-Verl.,2012,262,"Aswānī, ʿAlāʾ al-",,"Fähndrich, Hartmut",,,,ger,ara
9783862883301,"""Ijapa tiroko"" die Schildkröte und andere Tiere",,Muenchen,LINCOM Europa,2012,82,,"Olagunju, Ezekiel Oludare; Oyedele, Olajumoke C.; Fakayode, Omotayo I.",,,,,ger,yor
9783893201648,In den Straßen von Los Angeles,"Dt. Erstveröff., 1. Aufl.",Berlin,Ed. Tiamat,2012,287,"Cooder, Ry","Bittermann, Klaus","Dobler, Franz","Cooder, Ry",,Anthologie; Anthologie,ger,eng
9783940274601,Inocencia,,Berlin,Kulturmaschinen,2012,141,"Riquelme Lagos, Juan",,"Zuckschwerdt, Alexander",,,Erzählende Literatur,ger,spa
9783942656498,Kaputt in Hollywood,,Berlin,A. Springer,2012,137,"Bukowski, Charles",,"Weissner, Carl",,,Erzählende Literatur: Anthologien,ger,eng
9783596903894; 3596903890,Kathedrale,,"Frankfurt, M.",Fischer-Taschenbuch-Verl.,2012,258,"Carver, Raymond",,"Frielinghaus, Helmut","Carver, Raymond",,Anthologie; Anthologie,ger,eng
9783492052917; 3492052916,Ladies & Gentlemen,Dt. Ausg.,München,Piper,2012,235,"Ross, Adam",,"Bonné, Eva","Ross, Adam",,Erzählende Literatur: Gegenwartsliteratur ab 1945,ger,eng
9783442379705; 3442379709,Lass mich deine Sklavin sein,"Dt. Erstausg., dt. Erstveröff., 1. Aufl.",München,Blanvalet,2012,253,,"Kramer Bussel, Rachel","Müller, Claudia",,,Erzählende Literatur: Anthologien,ger,eng
9783150004616,Les précieuses ridicules,Nachdr.,Stuttgart,Reclam,2012,210,Molière,"Baader, Renate",,,,Zweisprachige Ausgaben: Deutsch / Französisch,ger; fre,fre
9783518463895; 3518463896,Liebe,1. Aufl.,Berlin,Suhrkamp,2012,83,"Inoue, Yasushi",,"Bollinger, Richmod",,,Erzählende Literatur: Gegenwartsliteratur ab 1945,ger,jpn
9783442743179,Liebe und Hindernisse,"Genehmigte Taschenbuchausg., 1. Aufl.",München,btb,2012,254,"Hemon, Aleksandar",,"Hermstein, Rudolf","Hemon, Aleksandar",,Erzählende Literatur,ger,eng
9783453528789,Machine of death,Dt. Erstausg.,München,Heyne,2012,636,,"North, Ryan; Bennardo, Matthew; Malki, David","Morisse, Jörn",,,,ger,eng
9783150107614; 315010761X,Märchen und Geschichten,,Stuttgart,Reclam,2012,511,"Andersen, Hans Christian",,"Detering, Heinrich",,,Anthologie; Anthologie; Erzählende Literatur: Hauptwerk vor 1945,ger,dan
9783937158617,Mein Großvater konnte fliegen,,Stuttgart,Akad. Schloss Solitude,2012,156,"Nagy Koppány, Zsolt",,"Kalász, Orsolya; Rinck, Monika","Nagy Koppány, Zsolt",,,ger,hun
9783936922219,Melville auf Iapetus,"Einmalige, limitierte Aufl.",Bergneustadt,Ed. Irle,2012,308,"McDevitt, Jack",,"Irle, Andreas",,,Science Fiction,ger,eng
9783924652388,Minotaurus 504,,Mannheim,Persona-Verl.,2012,92,"Daoud, Kamel",,"Finck, Sonja","Daoud, Kamel",,Erzählende Literatur,ger,fre
9783423095037,Molodaja russkaja literatura,Orig.-Ausg.,München,Dt. Taschenbuch-Verl.,2012,127,,"Senft, Kristina",,,,,ger; rus,rus
9783827010964; 3827010969,Museum für tote Fische,,Berlin,Berlin-Verl.,2012,298,"D'Ambrosio, Charles",,"Detje, Robin","D'Ambrosio, Charles",,Erzählende Literatur: Gegenwartsliteratur ab 1945,ger,eng
9783462043822; 346204382X,Neun Erzählungen,1. Aufl.,Köln,Kiepenheuer & Witsch,2012,223,"Salinger, Jerome D.",,"Schönfeld, Eike","Salinger, Jerome D.",,,ger,eng
9783942396240,Nimmèrÿa,Überarb. Neuausg.,Berlin,Golkonda,2012,,"Delany, Samuel R.",,"Charpentier, Annette",,,,ger,eng
9788393498505,Opowiadania nie z tej wyspy,Wydanie 1,Wrocław,Isabella Degen,2012,120,"Degen, Izabella",,,,,Fiktionale Darstellung; Erzählende Literatur,ger,pol
9783939321422,Ostjüdische Geschichten,1. Aufl.,München,Salon-LiteraturVerl.,2012,329,"Katz, Dovid",,"Depner, Melitta",,,Anthologie; Anthologie; Erzählende Literatur,ger,yid
9783847900092; 3847900099,Palo Alto,,Köln,Eichborn,2012,221,"Franco, James",,"Meyer, Hannes","Franco, James",,Erzählende Literatur: Gegenwartsliteratur ab 1945,ger,eng
9783100495211; 3100495217,Plötzlich klopft es an der Tür,,"Frankfurt, M.",S. Fischer,2012,265,"Ḳeret, Etgar",,"Linner, Barbara",,,Anthologie; Anthologie; Erzählende Literatur: Anthologien,ger,heb
9785738004049,Pritočnaja trava i drugie rasskazy,Literaturno-chudošestvennoe izd.,Moskva,Centr Knigi Rudomino,2012,254,"Paustovskij, Konstantin Georgievič","Lopatina, Natalʹja Ilʹinična",,,,,ger; rus,rus
9783442752874; 3442752876,Revolution,1. Aufl.,München,btb,2012,351,"Ejersbo, Jakob",,"Sonnenberg, Ulrich","Ejersbo, Jakob",,Erzählende Literatur: Anthologien,ger,dan
9783257068399,Sämtliche Erzählungen,,Zürich,Diogenes,2012,523,"Mansfield, Katherine",,,,"Mansfield, Katherine",,ger,eng
9783902711069,Sämtliche Erzählungen,,Wien,Septime-Verl.,2012,539,"Tiptree, James",,"Schott-Hagedorn, Christiane; Böhmert, Frank",,,,ger,eng
9783000360107,Sämtliche Gedichte,1. Aufl.,Magdeburg,Knorr von Wolkenstein,2012,228,"Crane, Stephen",,,,,,ger; eng,eng
9783882217018; 3882217014,Schiffbrüche,1. Aufl.,Berlin,Matthes & Seitz ,2012,263,,,"Denis, Nicola",,"Dumas, Alexandre; Altwasser, Volker",Erzählende Literatur; Erzählende Literatur: Hauptwerk vor 1945,ger,fre
9783312005352; 3312005353,Schwarze Erdbeeren,,München,Nagel & Kimche,2012,171,"Bille, S. Corinna","von Matt, Peter","Schwander, Marcel","Bille, S. Corinna","Schwitter, Monique",Erzählende Literatur: Anthologien,ger,fre
9783803112873; 3803112877,Schweinkram,,Berlin,Wagenbach,2012,138,"Bennett, Alan",,"Herzke, Ingo","Bennett, Alan",,Erzählende Literatur,ger,eng
9783596183975; 3596183979,Seiobo auf Erden,,"Frankfurt, M.",Fischer-Taschenbuch-Verl.,2012,461,"Krasznahorkai, László",,"Flemming, Heike","Krasznahorkai, László",,Erzählende Literatur: Gegenwartsliteratur ab 1945,ger,hun
9783942732000,Serbische Erzählungen,,Karlsruhe,GolubBooks,2012,104,,"Weiss, Sophia","Hille, Franz; Zeremski, Sava; Roda, Roda",,"Glišić, Milovan Đ.; Kočić, Petar; Lazarević, Laza; Matavulj, Simo; Nušić, Branislav; Stankovic, Borislav",Erzählende Literatur: Anthologien,ger,srp
9783843601818; 384360181X,Sinfonie für einen Seevogel,Neuausg.,Ostfildern,Patmos-Verl.,2012,159,Zhuangzi,"Merton, Thomas",,,,Gemischte Anthologien,ger,chi
9783423095051; 3423095059,Snapshots of Britain,"12., überarb. Aufl.",München,Dt. Taschenbuchverl.,2012,185,"Browning, Joy",,"Martens, Ina-Maria",,"Wiegand, Frieda",Zweisprachige Ausgaben: Deutsch / Englisch,ger; eng,eng
9783810501493; 3810501492,Solange du mich siehst,,"Frankfurt, M.",Krüger,2012,122,"Ahern, Cecelia",,"Strüh, Christine; Christ, Barbara","Ahern, Cecelia",,,ger,eng
9783596512508; 3596512506,Steinfisch,,"Frankfurt, M.",Fischer-Taschenbuch-Verl.,2012,264,"Hulme, Keri",,"Dormagen, Christel","Hulme, Keri",,Erzählende Literatur: Gegenwartsliteratur ab 1945,ger,eng
9783442377930,Stunden der Lust,"Dt. Erstveröff., 1. Aufl.",München,Blanvalet,2012,285,,"Gordon, Lindsay","Müller, Claudia",,,,ger,eng
9783596188758; 359618875X,Tanz der seligen Geister,,"Frankfurt, M.",Fischer-Taschenbuch-Verl.,2012,378,"Munro, Alice",,"Zerning, Heidi","Munro, Alice",,,ger,eng
9783596512195,Tanz der seligen Geister,,"Frankfurt, M.",Fischer-Taschenbuch-Verl.,2012,373,"Munro, Alice",,"Zerning, Heidi","Munro, Alice",,,ger,eng
9783854356813,Tod im Museum für Moderne Kunst,,Klagenfurt,Drava,2012,119,"Lazarevska, Alma",,"Messner, Elena","Lazarevska, Alma",,Erzählende Literatur: Anthologien,ger,bos
9785905626333,Tri povesti,,Moskva,Centr Knigi Rudomino,2012,333,"Gončarov, Ivan Aleksandrovič","Lopatina, Natalʹja Ilʹinična",,,,,ger; rus,rus
9783442744114; 3442744113,Über die Liebe und den Hass,"Dt. Erstveröff., 1. Aufl.",München,btb,2012,286,"Lamrabet, Rachida",,"Baryga, Heike","Lamrabet, Rachida",,Erzählende Literatur: Anthologien,ger,dut
9783868734461; 3868734465,Unheimliche und fantastische Geschichten,Dt. Erstausg.,München,Knesebeck,2012,135,,,"Müller-Wallraf, Gundula",,"Poe, Edgar Allan; Grimly, Gris",,ger,eng
9783833308383; 3833308389,Unsere Geschichte beginnt,,Berlin,Bloomsbury Taschenbuch,2012,223,"Wolff, Tobias",,"Heibert, Frank","Wolff, Tobias",,,ger,eng
9783865914347,"Vergiss nie, wer dich liebt",1. Aufl.,Asslar,GerthMedien,2012,207,"Cox, Michelle; Perrodin, Jon",,,"Cox, Michelle",,Erzählende Literatur: Anthologien,ger,eng
9783866478619; 3866478615,Von Trollen und Menschen,,Köln,Anaconda   ,2012,191,"Lagerlöf, Selma",,"Franzos, Marie","Lagerlöf, Selma",,Erzählende Literatur,ger,swe
9783908777564,Was ich dir schon immer sagen wollte,,Zürich,Dörlemann,2012,377,"Munro, Alice",,"Zerning, Heidi","Munro, Alice",,,ger,eng
9783596189533; 3596189535,Was wird,,"Frankfurt, M.",Fischer-Taschenbuch-Verl.,2012,219,"Kennedy, A. L.",,"Herzke, Ingo","Kennedy, A. L.",,Erzählende Literatur: Gegenwartsliteratur ab 1945,ger,eng
9783861249139; 3861249138,Wasabi zum Frühstück,,Berlin,be.bra-Verl.,2012,191,"Kometani, Fumiko",,"Giannoulis, Elena","Kometani, Fumiko",,,ger,jpn
9783630873237; 3630873235,"Wenn ich Sie liebte, würde ich Ihnen die Wahrheit sagen",1. Aufl.,München,Luchterhand,2012,319,"Black, Robin",,"Heinrich, Brigitte","Black, Robin",,Erzählende Literatur: Anthologien,ger,eng
9783455400717; 345540071X,Werkauswahl,1. Aufl.,Hamburg,Hoffmann und Campe,2012,445,"Lessing, Doris",,"Christ, Barbara",,,,ger,eng
9783455400724; 3455400728,Werkauswahl,1. Aufl.,Hamburg,Hoffmann und Campe,2012,383,"Lessing, Doris",,"Christ, Barbara",,,,ger,eng
9783746628387; 3746628385,Whiskey für alle,"Dt. Erstausg., 1. Aufl.",Berlin,Aufbau-Taschenbuch,2012,249,"Keane, John B.",,"Brandstädter, Irmhild; Brandstädter, Otto","Keane, John B.",,Erzählende Literatur: Gegenwartsliteratur ab 1945,ger,eng
9783717522706; 3717522701,Wie alles kam,,Zürich,Manesse-Verl.,2012,475,"James, Henry",,"Rein, Ingrid",,"Schader, Angela",Erzählende Literatur,ger,eng
9783257241839; 3257241836,Wiedersehen mit Babylon,,Zürich,Diogenes,2012,663,"Fitzgerald, F. Scott","Zanovello, Silvia","Abarbanell, Bettina",,,Erzählende Literatur: Hauptwerk vor 1945,ger,eng
9783895612329; 3895612324,"Winesburg, Ohio",1. Aufl.,"Frankfurt, M.",Schöffling,2012,309,"Anderson, Sherwood",,"Bonné, Mirko","Anderson, Sherwood",,Anthologie; Anthologie,ger,eng
9783717522683; 371752268X,"Winesburg, Ohio",,Zürich,Manesse-Verl.,2012,299,"Anderson, Sherwood",,"Schönfeld, Eike","Anderson, Sherwood","Kehlmann, Daniel",Anthologie; Anthologie,ger,eng
9783257241815; 325724181X,Winterträume,,Zürich,Diogenes,2012,962,"Fitzgerald, F. Scott","Zanovello, Silvia","Abarbanell, Bettina",,,Erzählende Literatur: Hauptwerk vor 1945,ger,eng
9788490155127,Wohin geht Russland,,Neckenmarkt,Vindobona-Verl.,2012,210,"Schiffner, Ljubov",,,,,Romanhafte Biographien,ger,rus
9783630873992; 3630873995,"Worüber wir reden, wenn wir über Anne Frank reden",1. Aufl.,München,Luchterhand,2012,233,"Englander, Natan",,"Löcher-Lawrence, Werner","Englander, Natan",,Erzählende Literatur: Anthologien,ger,eng
9783596903887; 3596903882,"Wovon wir reden, wenn wir von Liebe reden",,"Frankfurt, M.",Fischer-Taschenbuch-Verl.,2012,164,"Carver, Raymond",,"Frielinghaus, Helmut","Carver, Raymond",,,ger,eng
9783596903900; 3596903904,"Würdest du bitte endlich still sein, bitte",,"Frankfurt, M.",Fischer-Taschenbuch-Verl.,2012,291,"Carver, Raymond",,"Frielinghaus, Helmut","Carver, Raymond",,Anthologie; Anthologie,ger,eng
9783627100216,Zungen aus Stein,Neuaufl.,"Frankfurt, M.",Frankfurter Verl.-Anst.,2012,265,"Plath, Sylvia",,"Bachstein, Julia","Plath, Sylvia",,Erzählende Literatur: Anthologien,ger,eng
9783406616082,Ali Baba und vierzig Räuber,,München,Beck,2011,390,,"Wieckenberg, Ernst-Peter","Voß, Johann Heinrich",,,,ger,ara
9783257067965; 3257067968,Alle meine Feinde,,Zürich,Diogenes,2011,242,"Tokareva, Viktorija Samojlovna",,"Schneider, Angelika",,,Erzählende Literatur: Gegenwartsliteratur ab 1945,ger,rus
9783453408937,Alles auf Anfang,Vollst. dt. Taschenbuchausg.,München,Heyne,2011,267,"Benioff, David",,"Mössner, Ursula-Maria","Benioff, David",,,ger,eng
9783442742257,"Alles, was du wünschst","Genehmigte Taschenbuchausg., 1. Aufl.",München,btb,2011,265,"Enright, Anne",,"Oeser, Hans-Christian; Schneider, Jürgen","Enright, Anne",,Anthologie; Anthologie,ger,eng
9783807710839,Anthologie des schwarzen Humors,1. Aufl.,Berlin,Rogner & Bernhard,2011,554,,"Breton, André",,,,Anthologie; Anthologie,ger,fre
9783442472963,Auf das Leben!,,München,Goldmann Verlag,2011,256,"Rothschild, Walter",,"Pressler, Mirjam","Rothschild, Walter","Weiss, Oliver",,ger,eng
9783803112781; 3803112788,Aus Richtung der unsichtbaren Wälder,,Berlin,Wagenbach,2011,139,"Buzzati, Dino",,,,"Wagenbach, Klaus",,ger,ita
9783859901667,Bei den Heiden,1. Aufl.,Zürich,Ed. 8,2011,143,"Ruiz Gómez, Darío",,"Schultze-Kraft, Peter; Schultze-Kraft, Rainer; Loschütz, Gert; Strausfeld, Michi; Weiz, Jan",,,Fiktionale Darstellung; Belletristische Darstellung,ger,spa
9783442375660,Best of sex,"Dt. Erstveröff., 1. Aufl.",München,Blanvalet ,2011,287,,"Sharp, Kerri","Müller, Claudia",,,,ger,eng
9783518126301,Big Mac,,Berlin,Suhrkamp,2011,226,"Žadan, Serhij",,"Dathe, Claudia",,,,ger,ukr
9783940868763,Brauenschwärze,"2., verb. Aufl.",Heppenheim,Hierophant-Verl.,2011,117,,"Sano-Gerber, Änne; Sano, Kazuhiko; Peters, Bettina",,,"Kawabata-Sano, Harue; Ogawa, Iku; Peters, Torsten",,ger,jpn
9783941930612,Bunte Berliner Skizzen,Dt. Erstausg.,Sprakensehl,Asaro,2011,256,"Arinštejn, Natalʹja",,"Schnura, Renate",,"Kurtu, Valeriu",,ger,rus
9783608939767; 9783608938616,Das Buch der verschollenen Geschichten,"17., verb. Aufl.",Stuttgart,Klett-Cotta,2011,445,"Tolkien, J. R. R.",,,,,,ger,eng
9783608939767; 9783608938630; 9783608960884,Das Buch der verschollenen Geschichten,,Stuttgart,Klett-Cotta,2011,2,"Tolkien, J. R. R.","Tolkien, Christopher","Schütz, Hans J.",,,Fiktionale Darstellung; Fantasy,ger,eng
9783499256455,Das Ende der Geschichten,Dt. Erstausg.,Reinbek bei Hamburg,Rowohlt-Taschenbuch-Verl.,2011,477,"Thomas, Scarlett",,"Handels, Tanja","Thomas, Scarlett",,Fiktionale Darstellung; Belletristische Darstellung; Belletristische Darstellung; Erzählende Literatur: Gegenwartsliteratur ab 1945,ger,eng
9783935890755,Das Ende des Bengalischen Tigers,,München,Liebeskind,2011,220,"Ogawa, Yōko",,"Mangold, Sabine","Ogawa, Yōko",,,ger,jpn
9783868008487,Das Gesetz,,Augsburg,Weltbild,2011,383,"Grisham, John",,"Dorn-Ruhl, Kristiana","Grisham, John",,"Anthologie; Anthologie; Krimis, Thriller, Spionage",ger,eng
9783550088728; 3550088728,Das goldene Joch,,Berlin,Ullstein,2011,365,"Zhang, Ailing",,"Hornfeck, Susanne; Jue, Wang; Baus, Wolf; Hermann, Marc; Grosse-Ruyken, Xiaoli; Begrich, Wulf",,,Erzählende Literatur: Gegenwartsliteratur ab 1945,ger,chi
9783940609434,Das leere Fenster,1. Aufl.,Regensburg,Spielberg,2011,504,,"Tao, Jin",,,"Vom Hofe, Gerhard",Anthologie; Anthologie; Erzählende Literatur: Anthologien,ger,chi
9783351033736; 3351033737,Das Mysterium der Zeit,1. Aufl.,Berlin,Aufbau,2011,859,"Monaldi, Rita; Sorti, Francesco",,"Kopetzki, Annette",,,Fiktionale Darstellung; Belletristische Darstellung,ger,ita
9783869950068; 3869950064,Das traurige Ende des Austernjungen und andere Geschichten,,Berlin,Quadriga,2011,121,"Burton, Tim",,"Sämann, Katja","Burton, Tim",,,ger,eng
9783939483199,Der Club für bizarre Berufe,1. Aufl.,Coesfeld,Elsinor-Verl.,2011,159,"Chesterton, G. K.",,"Vandenberg, Jakob","Chesterton, G. K.",,,ger,eng
9783943275001,Der Humbug,1. Aufl.,Berlin,Ed. Dornbrunnen,2011,103,,,"Krauth, Bernhard; Ehrhardt, Anne; Schwarz, Gilbert",,"Verne, Jules; Verne, Michel; Benett, Léon; Roux, George",,ger,fre
9783905804348,Der Mond zu Gast,,Basel,Baobab,2011,102,"Andō, Mikie",,,"Andō, Mikie","Sachiyo, Shimowada",,ger,jpn
9783596188710,Der Raub des königlichen Schlafs,Erw. Ausg.,"Frankfurt, M.",Fischer-Taschenbuch-Verl.,2011,516,"Kadare, Ismail",,"Röhm, Joachim",,,Erzählende Literatur: Gegenwartsliteratur ab 1945,ger,alb
9783899138801,Der Schuss in den Kamin und andere Geschichten aus England,,Würzburg,Ergon-Verl.,2011,76,,,"Schmidt, Ruth; Schmidt, Otto Anton",,"Hainlein, Gerhard",,ger,eng
9783453405783,Der Schwimmer,Vollst. dt. Taschenbuchausg.,München,Heyne,2011,348,"Cheever, John",,"Gunkel, Thomas","Cheever, John",,Anthologie; Anthologie,ger,eng
9783852528458; 3852528453,"Der sterbliche Unsterbliche und andere Erzählungen der Autorin des ""Frankenstein""",,Weitra,Verl. Bibliothek der Provinz,2011,163,"Shelley, Mary",,"Pechmann, Alexander",,,,ger,eng
9783423094979,Deseo y otras realidades,,München,Dt. Taschenbuch-Verl.,2011,135,"Isusi y Zubía, Aranzazu de","Reategui, Petra",,,,,spa; ger,spa
9783862375554,Die Geschichte der Traurigkeit,1. Aufl.,Halle,Projekte-Verl. Cornelius,2011,240,"Chaproll, Madelaine",,"Henger, Herlinde",,,Anthologie; Anthologie,ger,rum
9783941657335,Die glücklichste Nation unter der Sonne,,Saarbrücken,Conte-Verl.,2011,155,Þórarinn Eldjárn,,"Bürling, Coletta",,,Anthologie; Anthologie,ger,ice
9783882215496,Die Jeunes-France,1. Aufl.,Berlin,Matthes & Seitz,2011,316,"Gautier, Théophile",,"Grundmann, Melanie",,,,ger,fre
9783833307164,Die Kinder anderer Leute,,Berlin,Berliner Taschenbuch-Verl.,2011,222,"Garner, Helen",,"Falkner, Lina Phyllis","Garner, Helen",,,ger,eng
9783821861531; 9783895615153,Die Kuh ist ein einsames Tier,1. Aufl.,"Frankfurt, M.",Eichborn,2011,143,"Albahari, David",,"Wittmann, Mirjana; Wittmann, Klaus","Albahari, David","Hucke, Christina",,ger,srp
9783821862378,Die Lästigen,1. - 6. Tsd.,"Frankfurt, M.",Eichborn,2011,378,"Oates, Joyce Carol","Jaskulla, Gabriela","Röckel, Susanne",,,Anthologie; Anthologie,ger,eng
9783630873336; 3630873332,Die Nachmittagsvorstellung,1. Aufl.,München,Luchterhand,2011,269,"Ḳenaz, Yehoshuaʿ",,"Linner, Barbara",,,Anthologie; Anthologie,ger,heb
9783458358077; 3458358072,Die neuen Abenteuer des Sherlock Holmes,1. Aufl.,Berlin,Insel-Verl.,2011,197,"Doyle, Arthur Conan",,,,,,ger,eng
9783498068899,Die Tränen meines Vaters und andere Erzählungen,1. Aufl.,Reinbek bei Hamburg,Rowohlt,2011,366,"Updike, John",,"Carlsson, Maria","Updike, John",,,ger,eng
9783865913609,"Die Weihnachtsrose und andere Geschichten, die das Herz berühren",1. Aufl.,Asslar,GerthMedien,2011,141,,"Gray, Alice","Schnöbbe, Jokim",,,,ger,eng
9783406612893,Die Zigarette und andere Stories,,München,Beck,2011,254,"Fox, Paula",,"Nölle, Karen","Fox, Paula",,Erzählende Literatur,ger,eng
9783850402859,Don Camillo und der Unaussprechliche,,Horitschon,Vindobona-Verl.,2011,59,"Vigano, Luigi Tonino","Galehr, Herbert","Blasl, Klaudia",,"Kahlhammer, Stefan",,ger,ita
9783596903207; 3596903203,Drei Erzählungen,Ungekürzte Ausg.,"Frankfurt, M.",Fischer-Taschenbuch-Verl.,2011,142,"Flaubert, Gustave",,"Hasting, Cornelia; Sprick, Claus","Flaubert, Gustave",,,ger,fre
9783857172151,Drei Erzählungen,,Stäfa,Gut,2011,48,"Henry, O.",,,,"Ziegler, Cornelia",,ger,eng
9783869304083,Ein Spiegelbild im Wasser,1. Aufl.,Göttingen,Steidl,2011,310,Halldór Laxness,,"Seelow, Hubert",,,Erzählende Literatur,ger,ice
9783936018790,Einspruch der Dekadenz,,"Frankfurt, M.",Angkor-Verl.,2011,192,"Dazai, Osamu",,"Wolmeringer, Alexander",,,,ger,jpn
9783462043310; 3462043315,Erzählungen,1. Aufl.,Köln,Kiepenheuer & Witsch,2011,821,"Bellow, Saul",,"Hasenclever, Walter","Bellow, Saul",,,ger,eng
9783411145522; 3411145528,Erzählungen,,Mannheim,Bibliogr. Inst.,2011,781,"Poe, Edgar Allan",,"Bosse, A. von",,,,ger,eng
9783631610985,"Fabeln, Erzählungen und Fegefeuerfahrt des hl. Patrick",,"Frankfurt, M.",Lang,2011,170,Marie,"Jehle, Peter","Müller, Franz Walter",,,,ger,fre
9783950292237,Farbfernsehen und sterben,1. Aufl.,Wien,Zaglossus,2011,154,"Tratnik, Suzana",,"Leben, Andreas",,,Erzählende Literatur: Gegenwartsliteratur ab 1945,ger,slv
9783423094955,Father Brown stories,,München,Dt. Taschenbuch-Verl.,2011,168,"Chesterton, G. K.",,"Fenzl, Richard",,,,ger; eng,eng
9783854207849,Formen der Verstörung,,Graz,Literaturverl. Droschl,2011,273,"Davis, Lydia",,"Hoffer, Klaus","Davis, Lydia",,,ger,eng
9783869303604,Gaben des Himmels,1. Aufl.,Göttingen,Steidl,2011,173,,"Haraldsdóttir, Kolbrún; Seelow, Hubert",,,,Anthologie; Anthologie,ger,ice
9783293004375,Genau-so-Geschichten oder wie das Kamel seinen Höcker kriegte,,Zürich,Unionsverl.,2011,251,"Kipling, Rudyard","Haefs, Gisbert",,"Kipling, Rudyard",,Anthologie; Anthologie,ger,eng
9783865520838; 3865520839,Gesammelte Erzählungen,Orig.-Ausg.,Leipzig,Festa,2011,395,"Smith, Clark Ashton",,,,,,ger,eng
9783865521217,Geschichten aus dem Cthulhu-Mythos,"1. Aufl., Orig.-Ausg.",Leipzig,Festa,2011,333,"Thomas, Jeffrey",,"Dellemann, Fabian",,,Horror,ger,eng
9783608938265,Geschichten aus dem gefährlichen Königreich,,Stuttgart,Klett-Cotta,2011,333,"Tolkien, J. R. R.",,"Uthe-Spencker, Angela; Carroux, Margaret","Tolkien, J. R. R.","Lee, Alan",,ger,eng
9787119072357,Geschichten aus dem Traum der Roten Kammer,1. Aufl.,Beijing,Verl. für Fremdsprachige Literatur,2011,214,"Cao, Xueqin",,"Tan, Lei","Cao, Xueqin","Behrendt, Michael",Zweisprachige Ausgaben: Deutsch / weitere Fremdsprache,ger; chi,chi
9783518462096,Geschichten aus Tel Ilan,1. Aufl.,Berlin,Suhrkamp,2011,187,"ʿOz, Amos",,"Pressler, Mirjam",,,Fiktionale Darstellung; Belletristische Darstellung,ger,heb
9783442739837,Geschichten aus Wyoming,1. Aufl.,München,btb,2011,253,"Proulx, Annie",,,,,,ger,eng
9783775152891; 377515289X,Geschichten für zwischendurch,1. Aufl. (5. Gesamtaufl.),Holzgerlingen,SCM Hänssler,2011,79,"Haaften, Noor van",,"Merckel-Braun, Martina","Haaften, Noor van",,,ger,dut
9783981439601,Geschichten von einer griechischen Insel,,Bad Vilbel,γ-Ed. Galini,2011,189,"Jinkinson, Roger",,"Beck, Helga",,,,ger,eng
9783828942165,Hühnersuppe für die Seele,,Augsburg,Weltbild,2011,220,,,"Radünz, Christiane",,"Canfield, Jack; Hansen, Mark Victor",,ger,eng
9783852565569,Im Ministerium für Mamas Angelegenheiten,,Wien,Folio-Verl.,2011,160,"Ćosić, Bora",,"Wolf-Grießhaber, Katharina",,,Fiktionale Darstellung; Belletristische Darstellung,ger,srp
9783596903504; 3596903505,In einem fernen Land,,"Frankfurt, M.",Fischer-Taschenbuch-Verl.,2011,312,"London, Jack","Willemsen, Roger","Savigny, Rainer von; Sandner, Renate",,,Anthologie; Anthologie,ger,eng
9783865915672,Jeder Tag ist voller Wunder,1. Aufl.,Asslar,GerthMedien,2011,223,"Gordon, Arthur",,,,,,ger,eng
9783596187614; 3596187613,Jetlag Café,Orig.-Ausg.,"Frankfurt, M.",Fischer-Taschenbuch-Verl.,2011,288,,,,,,,ger,mul
9783643112835,Jordi de Sant Jordi: Der letzte Trobador,,Berlin,Lit,2011,114,Jordi,"Radatz, Hans-Ingo",,,,,ger,cat
9783898127967,Kleine Tragödien,Dt. Erstausg.,Halle (Saale),Mitteldt. Verl.,2011,342,Lê Minh Khuê,,"Giesenfeld, Günter; Ngo, Marianne",,"Riethmann, Joachim",Anthologie; Anthologie,ger,vie
9783941037724,Lauter liebe Leute,,Weilerswist,Liebe,2011,71,"Josse, Jacques",,"Werf, Fritz",,,,ger,fre
9783851298765,Libero,,Klagenfurt,Wieser,2011,200,"Longo, Gaetano",,"Grünzweig, Walter",,,Anthologie; Anthologie,ger,ita
9783869302324,Liebe,1. Aufl.,Göttingen,Steidl,2011,187,"McCloskey, Molly",,"Oeser, Hans-Christian",,,,ger,eng
9783492263726,Liebesbisse,Ungekürzte Taschenbuchausg.,München,Piper,2011,154,"Castillon, Claire",,"Wurster, Gaby","Castillon, Claire",,,ger,fre
9783442375646,Mach mich an,"Dt. Erstausg., 1. Aufl.",München,Blanvalet   ,2011,333,,"Gordon, Lindsay","Meyer, Melanie",,,,ger,eng
9783827009906,Meine sieben Namen und ich,,Berlin,Berlin-Verl.,2011,223,"Biller, Rada",,"Frank, Alfred",,,,ger,rus
9783854356530,Milan und Milena,,Klagenfurt,Drava,2011,261,"Cankar, Ivan",,"Köstler, Erwin",,,,ger,slv
9783455402834,Mogeln beim Canasta,1. Aufl.,Hamburg,Hoffmann und Campe,2011,237,"Trevor, William",,"Oeser, Hans-Christian","Trevor, William",,Erzählende Literatur,ger,eng
9783630873329,Morgenschwimmer,1. Aufl.,München,Luchterhand,2011,222,"Donovan, Gerard",,"Hermstein, Rudolf","Donovan, Gerard",,Anthologie; Anthologie; Erzählende Literatur,ger,eng
9783036956169; 3036956166,Morgenstund hat Gift im Mund,,Zürich,Kein & Aber,2011,206,"Parker, Dorothy",,"Biermann, Pieke; Mössner, Ursula-Maria","Parker, Dorothy",,,ger,eng
9783499131561,Nahezu klassische Stories,3. Aufl.,Reinbek bei Hamburg,Rowohlt-Taschenbuch-Verl.,2011,456,"Brodkey, Harold",,,,,,ger,eng
9783866476356,Pater Brown - das Paradies der Diebe,,Köln,Anaconda,2011,158,"Chesterton, G. K.",,"Fuchs, Isabelle",,,,ger,eng
9783866477186; 386647718X,"Pater Brown, die besten Geschichten",Zweisprachige Ausg.,Köln,Anaconda,2011,383,"Chesterton, G. K.",,"Fuchs, Isabelle",,,,ger; eng,eng
9783036955902,Pure Anarchie,,Zürich,Kein & Aber,2011,238,"Allen, Woody",,"Krutzsch, Malte","Allen, Woody",,,ger,eng
9783518462461,Roter Regen,1. Aufl.,Berlin,Suhrkamp,2011,239,"Nooteboom, Cees",,"Beuningen, Helga van","Nooteboom, Cees","Vanriet, Jan",,ger,dut
9783902711045,Sämtliche Erzählungen,,Wien,Septime-Verl.,2011,158,"Tiptree, James",,"Böhmert, Frank",,"Koenen, Anne",,ger,eng
9783453545472,Scharfe Spiele,Vollst. dt. Erstausg.,München,Heyne,2011,253,,"Blue, Violet","Fehrlein, Sara",,,,ger,eng
9783865251794,Schatten klopfen ans Fenster,1. Aufl.,Hannover,Wehrhahn,2011,119,"Shpiglblaṭ, Aleksander",,"Schweigmann-Greve, Kay",,,Anthologie; Anthologie,ger,yid
9783866477193; 3866477198,"Sherlock Holmes, die besten Geschichten",Zweisprachige Ausg.,Köln,Anaconda,2011,320,"Doyle, Arthur Conan",,"Kilian, Kai",,,"Anthologie; Anthologie; Krimis, Thriller, Spionage",ger; eng,eng
9783865916068,Solange du mich brauchst,1. Sonderaufl.,Aßlar,GerthMedien,2011,224,,"Gray, Alice",,,,,ger,eng
9783150202234,Sommerfreuden,,Stuttgart,Reclam,2011,236,"Bang, Herman",,"Keel, Ingeborg; Keel, Aldo",,,,ger,dan
9783940888105,Stories,1. Aufl.,"Frankfurt, M.",Weissbooks.w,2011,216,"Pancake, Breece D'J",,"Böhmer, Katharina",,,,ger,eng
9783548283616; 3548283616,Sündige Geheimnisse,"Dt. Erstausg., 1. Aufl.",Berlin,Ullstein,2011,170,Madame S.,,"Nagel, Nadine",Madame S.,,Erzählende Literatur: Gegenwartsliteratur ab 1945,ger,eng
9783596182015,Sweet Land Stories,,"Frankfurt, M.",Fischer-Taschenbuch-Verl.,2011,187,"Doctorow, E. L.",,"Praesent, Angela","Doctorow, E. L.",,Anthologie; Anthologie,ger,eng
9783931140182,Tagebuch von nem schlimmen Schlingel,1. Aufl.,Asperg,Killroy Media,2011,206,"Victor, Metta Victoria Fuller",,"Gudix, Ní","Victor, Metta Victoria Fuller",,,ger,eng
9783446237452; 3446237453,Tausend Jahre frommes Beten,,München,Hanser,2011,223,"Li, Yiyun",,"Grube, Anette","Li, Yiyun",,Anthologie; Anthologie; Erzählende Literatur: Gegenwartsliteratur ab 1945,ger,eng
9783833222535,The new dead,1. Aufl.,Stuttgart,Panini-Verl.-GmbH,2011,476,,"Golden, Christopher","Akhavan-Zandjani, Firouzeh",,"Brooks, Max",,ger,eng
9783940888112,Trolleybus nach Osten,1. Aufl.,"Frankfurt, M.",Weissbooks.w,2011,213,"Abuzjarov, Ilʹdar",,"Umbreit, Hannelore",,,,ger,rus
9783446236318,Typisch irisch,,München,Hanser,2011,285,"Doyle, Roddy",,"Orth-Guttmann, Renate","Doyle, Roddy",,Anthologie; Anthologie,ger,eng
9783404163403; 3404163400,Übersinnliche Nächte,"Vollst. Taschenbuchausg., Dt. Erstausg., Dt. Erstveröff., 1. Aufl.",Köln,Bastei Lübbe Taschenbuch,2011,348,,,"Winter, Jule",,"Douglas, Kate; Page, Sharon; Dante, Kathleen",,ger,eng
9783901722196,Una breve storia e altre storie,,Schwanenstadt,Aichmayr,2011,83,"Ermirio, Andrea",,"Pogatschnigg, Gustav-Adolf",,"Aichmayr, Michael",Zweisprachige Ausgaben: Deutsch / Italienisch,ger; ita,ita
9783902585813,Und die Kerze brannte im Wind,,Klagenfurt,Kitab,2011,208,"Achmadov, Musa",,"Herold, Marianne",,,Anthologie; Anthologie,ger,che
9783899140163; 9783899140170,Und immer ist es Liebe ...,1. Aufl.,Neufahrn,Hyperion-Verl.,2011,126,,,,,"Zweig, Stefan; Tagore, Rabindranath; Čechov, Anton Pavlovič",,ger,rus
9783763264711,Unheimliche Geschichten,,"Frankfurt, M.",Büchergilde Gutenberg,2011,152,"Poe, Edgar Allan",,"Schmidt, Arno",,"Lacombe, Benjamin",Anthologie; Anthologie; Erzählende Literatur: Hauptwerk vor 1945; Erzählende Literatur,ger,fre
9783866477216,Unheimliche Geschichten,Sonderausg.,Augsburg,Jokers-Ed.,2011,447,"Poe, Edgar Allan",,"Beyer, Werner",,,Anthologie; Anthologie; Fantastische Literatur,ger,eng
9783827008527,Unsere Geschichte beginnt,,Berlin,Berlin-Verl.,2011,223,"Wolff, Tobias",,"Heibert, Frank","Wolff, Tobias",,,ger,eng
9783932109706,Vom Meer,,Berlin,Friedenauer Presse,2011,30,"Strindberg, August",,"Liedtke, Klaus-Jürgen",,,,ger,swe
9783882216288,Vorvorgestern,1. Aufl.,Berlin,Matthes & Seitz,2011,104,"Aleksić, Dragan",,"Wittmann, Mirjana",,,Erzählende Literatur: Gegenwartsliteratur ab 1945; Erzählende Literatur,ger,srp
9783453528062,Was aus den Menschen wurde,Dt. Erstausg.,München,Heyne,2011,1052,"Smith, Cordwainer",,,,,Science Fiction,ger,eng
9783150108314; 3150108314,Weihnachten im hohen Norden,,Stuttgart,Reclam,2011,95,,"Haefs, Gabriele; Hildebrandt, Christel; Mißfeldt, Dagmar",,,,Anthologie; Anthologie,ger,mul
9783941056015,Weil heute Samstag ist,,Berlin,Tzuica-Verl.,2011,176,"Dovženko, Otar","Dathe, Claudia; Kratochvil, Alexander",,,,,ger,ukr
9783942211024,Wir aus Neukolaiken,,Uetersen,Ostendorf,2011,109,"Tuszyński, Kris",,,,,Erzählende Literatur,ger,und
9783596511761; 3596511763,Wozu wollen Sie das wissen?,,"Frankfurt, M.",Fischer-Taschenbuch-Verl.,2011,533,"Munro, Alice",,"Zerning, Heidi","Munro, Alice",,,ger,eng
9783627001766,Zehn Geschichten übers Rauchen,,"Frankfurt, M.",Frankfurter Verl.-Anst.,2011,191,"Evers, Stuart",,"Fischer, Andrea","Evers, Stuart",,Anthologie; Anthologie,ger,eng
9783100488336; 3100488334,Zu viel Glück,,"Frankfurt, M.",S. Fischer  ,2011,362,"Munro, Alice",,"Zerning, Heidi","Munro, Alice",,,ger,eng
9783423140331,Zwischen den Attentaten,,München,Dt. Taschenbuch-Verl.,2011,375,"Adiga, Aravind",,"Modick, Klaus","Adiga, Aravind",,Anthologie; Anthologie; Anthologie,ger,eng
9783862680375,09.09.09,,Leipzig,Engelsdorfer Verl.,2010,219,,"Kluckert, Matthias",,,,,ger,mul
9780982351802,All und Alles,,"New York, NY",Triangle Ed.,2010,435,"Gurdjieff, Georges I.",,,,,,ger,eng
9780982351819,All und Alles,,"New York, NY",Triangle Ed.,2010,439,"Gurdjieff, Georges I.",,,,,,ger,eng
9780982351826,All und Alles,,"New York, NY",Triangle Ed.,2010,867,"Gurdjieff, Georges I.",,,,,,ger,eng
9783896673954,Alles auf Anfang,1. Aufl.,München,Blessing,2010,267,"Benioff, David",,"Mössner, Ursula-Maria","Benioff, David",,,ger,eng
9783905950038,Alzheimer,"Dt. Erstausg., 1. Aufl.",Basel,Lisan-Verl.,2010,50,"ʿUbaid, Ṣāliḥa",,"Kleinhaus, Michaela",,,,ger,ara
9783492252447,Am Ende des Winters,Ungekürzte Taschenbuchsonderausg.,München,Piper,2010,156,"Adam, Olivier",,"Enzenberg, Carina von","Adam, Olivier",,,ger,fre
9783908777601,Am Ursprung der Tage,,Zürich,Dörlemann,2010,285,"Bunin, Ivan Alekseevič","Grob, Thomas","Trottenberg, Dorothea",,,,ger,rus
9783150187791,Anthologia Graeca,,Stuttgart,Reclam,2010,262,,"Holzberg, Niklas",,,,,grc; ger,grc
9783867301176; 9783867301183,Arabische Nächte,,Leipzig,Faber & Faber,2010,415,,"Schellenberg, Ernst Ludwig",,,"Dulac, Edmund",Anthologie; Anthologie,ger,ara
9783534238125,Arabische Nächte,,Darmstadt,Wiss. Buchges.,2010,415,,"Schellenberg, Ernst Ludwig",,,"Dulac, Edmund",Anthologie; Anthologie,ger,ara
9783865572288,Armenische Erzählungen,1. Aufl.,Berlin,NoRa,2010,147,,,,,,,ger,rus; arm
9789619294604; 9789619294505,"Berlin, Odisej in noč",1. izd.,Vnanje Gorice,Kulturno-umetniško društvo Police Dubove,2010,95,,"Kovač, Hana; Jamnik Pocajt, Tatjana","Wakounig, Metka; Šerc, Slavo, 1959-",,,Anthologie; Gemischte Anthologien,slv; ger,slv
9783940331052,Brief eines Seelenverkäufers,,München,Litteraturverl. Hoffmann,2010,215,"Smærup Sørensen, Jens",,"Hoffmann, Roland","Smærup Sørensen, Jens",,Erzählende Literatur,ger,dan
9783899752199,Das Gesamtwerk,,München,Martin Meidenbauer,2010,503,"Palacio, Pablo",,"Haar, Jannike Marie",,,,ger; spa,spa
9783453266537,Das Gesetz,,München,Heyne,2010,383,"Grisham, John",,"Dorn-Ruhl, Kristiana","Grisham, John",,"Anthologie; Anthologie; Krimis, Thriller, Spionage",ger,eng
9783869019192,Das Pferd am Fallschirm,,Leipzig,Engelsdorfer Verl.,2010,79,"Hruška, Emil",,"Lindemann, Hans",,,Anthologie; Anthologie; Erzählende Literatur,ger,cze
9783861509653,Das Werk,"Neue, durchges. Ausg.","Frankfurt, M.",Zweitausendeins,2010,1070,"Poe, Edgar Allan",,"Eulenberg, Hedda",,,,ger,eng
9783899662948,Der Drachen,,Berlin,Europ. Univ.-Verl.,2010,302,,,"Woesler, Martin",,"Lu, Xun",Anthologie; Anthologie,ger; chi,chi
9783717521983,Der Ehemann erfährt's zuletzt,,Zürich,Manesse-Verl.,2010,410,"Roïdēs, Emmanuēl D.","Schellinger, Andrea","Blümlein, Gerhard",,,,ger,gre
9783803112743,Der Goldschmied,,Berlin,Wagenbach,2010,138,"Piglia, Ricardo",,"Regling, Carsten",,,,ger,spa
9783453527089,Der große Basar,Dt. Erstausg.,München,Heyne,2010,237,"Brett, Peter V.",,"Herrmann-Nytko, Ingrid","Brett, Peter V.",,,ger,eng
9783455402919,Der Schneesturm,1. Aufl.,Hamburg,Hoffmann und Campe,2010,127,"Tolstoj, Lev Nikolaevič","Grob, Thomas",,,,,ger,rus
9783746626505,Der seltsame Fall des Dr. Jekyll und Mr. Hyde,1. Aufl.,Berlin,Aufbau-Taschenbuch,2010,187,"Stevenson, Robert Louis",,,,,Erzählende Literatur,ger,eng
9783830672203,Der Sohn des Dieners und andere Erzählungen,,Sankt Ottilien,EOS,2010,156,"Na, Do hyang","Huwe, Albrecht","Golchert-Jung, Elke; Ganter-Richter, Sabine; Kim-Hölzlein, Hyang",,,,ger,kor
9783897710368,Die anderen Geschichten,1. Aufl.,Münster,Unrast-Verl.,2010,98,,,,,,,ger; spa,spa
9783596152490,Die Angel meines Großvaters,,"Frankfurt, M.",Fischer-Taschenbuch-Verl.,2010,206,"Gao, Xingjian",,"Gentz, Natascha",,,Anthologie; Anthologie,ger,chi
9783630872698,Die Brunnen,1. Aufl.,München,Luchterhand,2010,286,"Herbjørnsrud, Hans",,"Sonnenberg, Ulrich","Herbjørnsrud, Hans",,,ger,nor
9783862051397,Die Fluten des Sumida,,München,Iudicium,2010,214,"Akutagawa, Ryūnosuke",,"Stein, Armin",,,,ger,jpn
9783538076082,Die großen Erzählungen,,Mannheim,Albatros,2010,724,"Tolstoj, Lev Nikolaevič",,"Hahn, Josef",,,,ger,rus
9783293004214,Die himmlische Begegnung,"1., Aufl.",Zürich,Unionsverl.,2010,186,"Maḥfūẓ, Naǧīb",,"Enderwitz, Susanne",,,,ger,ara
9783940350145,Die Kinokarawane,"Dt. Erstausg., 1. Tsd.",Butjadingen,Achilla-Presse,2010,252,"Groşan, Ioan",,"Moosdorf, Stefan","Groşan, Ioan",,,ger,rum
9783630621876,Die Liebe in London und anderswo,1. Aufl.,München,Luchterhand-Literaturverl.,2010,174,"Soriga, Flavio",,"Schirach, Viktoria von","Soriga, Flavio",,Anthologie; Anthologie,ger,ita
9783351033156,Die schönsten Erzählungen,1. Aufl.,Berlin,Aufbau,2010,329,"Tolstoj, Lev Nikolaevič","Juhnke, Marlies","Asemissen, Hermann",,,,ger,rus
9783351033040,Die schönsten Erzählungen,1. Aufl.,Berlin,Aufbau,2010,316,"Twain, Mark","Pechmann, Alexander","Brock, Ana Maria",,,Erzählende Literatur,ger,eng
9783596511587,Die unendliche Bibliothek,Limitierte Sonderausg.,"Frankfurt, M.",Fischer-Taschenbuch-Verl.,2010,521,"Borges, Jorge Luis","Manguel, Alberto",,,,,ger,spa
9783895287985,Die Verbannten und andere Erzählungen,,Bielefeld,Aisthesis-Verl.,2010,238,"Quiroga, Horacio","Berens, Roland",,"Quiroga, Horacio",,,ger,spa
9783518421420,Die Wahrheit über die Zukunft,1. Aufl.,Berlin,Suhrkamp,2010,129,"Schweblin, Samanta",,"Ammar, Angelica","Schweblin, Samanta",,,ger,spa
9783100631022,Die Wildnis des Lebens,,"Frankfurt, M.",S. Fischer,2010,428,"Quiroga, Horacio","Ammar, Angelica",,"Quiroga, Horacio",,,ger,spa
9783446235656,Die Zeit altert schnell,,München,Hanser,2010,168,"Tabucchi, Antonio",,"Fleischanderl, Karin","Tabucchi, Antonio",,Anthologie; Anthologie,ger,ita
9783446241152; 3446241159,Die Zeit altert schnell,,München,"Hanser, Carl",2010,,"Tabucchi, Antonio",,"Fleischanderl, Karin",,,Erzählende Literatur,ger,ita
9783423138895,Ein Bräutigam und zwei Bräute,,München,Dt. Taschenbuch-Verl.,2010,215,"Singer, Isaac Bashevis",,"List, Sylvia","Singer, Isaac Bashevis",,Anthologie; Anthologie,ger,eng; heb
9783518461990,Ein diskretes Wunder,"Dt. Erstausg., 1. Aufl.",Berlin,Suhrkamp,2010,124,"Allende, Isabel",,"Kolanoske, Lieselotte",,,Erzählende Literatur: Gegenwartsliteratur ab 1945,ger,spa
9783036955766,Ein dreifach Hoch auf die Milchstrasse!,Dt. Erstausg.,Zürich,Kein & Aber,2010,286,"Vonnegut, Kurt",,"Rowohlt, Harry","Vonnegut, Kurt",,,ger,eng
9783821858371,Ein Paradies für Ethnographen,1. Aufl.,"Frankfurt, M.",Eichborn,2010,172,"Kapuściński, Ryszard",,"Pollack, Martin","Kapuściński, Ryszard",,Anthologie; Anthologie,ger,pol
9783869350363,"Ein Rosenfeuer, das uns verstört",,Kiel,Ludwig,2010,126,,"Gómez-Montero, Javier; Rodríguez Gómez, Luciano","Strien-Bourmer, Petra",,,,ger; glg,glg
9783950275049,Ein schwarzer Tag für die Gerechtigkeit,,Bad Vöslau,Stockmann,2010,287,"Walsh, Rodolfo J.",,"Kliche, Lutz",,,,ger,spa
9783455402636,Eine Bagatelle,1. Aufl.,Hamburg,Hoffmann und Campe,2010,128,"Čechov, Anton Pavlovič",,"Eliasberg, Alexander",,,,ger,rus
9783492259699,Elche unterm Weihnachtsbaum,Ungekürzte Taschenbuchausg.,München,Piper,2010,227,,"Drolshagen, Ebba D.; Elsässer, Regine",,,,Anthologie; Anthologie,ger,mul
9783862560028,Engel singen nicht für Geld,,Schwarzenfeld,Neufeld-Verl.,2010,156,"Trocmé, André",,"Schott, Hanna",,"Güthoff, Anja",,ger,fre
9783150202111,Erzählungen,,Stuttgart,Reclam,2010,469,"Tolstoj, Lev Nikolaevič",,"Heitkam, Barbara",,,,ger,rus
9783866474727,Famous American short stories,,Köln,Anaconda,2010,348,,,"Biermann, Pieke",,,Anthologie; Anthologie,ger; eng,eng
9783866475007,Fantastische Erzählungen,,Köln,Anaconda,2010,192,"Turgenev, Ivan Sergeevič",,"Eliasberg, Alexander",,,Anthologie; Anthologie,ger,rus
9783902585585,Ferne Gestade des Lebens,,Klagenfurt,Kitab,2010,193,"Beksultanov, Musa",,"Herold, Marianne",,,Anthologie; Anthologie,ger,che
9783499248399,Fremde Erde,Dt. Erstausg.,Reinbek bei Hamburg,Rowohlt-Taschenbuch-Verl.,2010,302,"Lahiri, Jhumpa",,"Krueger, Gertraude","Lahiri, Jhumpa",,Anthologie; Anthologie,ger,eng
9783629104915,Freundinnen,,München,Pattloch,2010,128,,"Schachner, Michaela",,,,,ger,eng; fre
9783423094917,Funny stories,Orig.-Ausg.,München,Dt. Taschenbuch-Verl.,2010,180,,"Raykowski, Harald",,,,,ger; eng,eng
9783895007767,Georgische Gegenwartsliteratur,,Wiesbaden,Reichert,2010,394,,,,,"Tandaschwili, Manana",Anthologie; Anthologie,ger; geo,geo
9783867620703,Geschichten aus der Nightside,1. Aufl.,Mannheim,Feder & Schwert,2010,217,"Green, Simon R.",,"Heinrici, Dominik",,,,ger,eng
9783867620710,Geschichten aus der Nightside,1. Aufl.,Mannheim,Feder & Schwert,2010,249,"Green, Simon R.",,"Heinrici, Dominik",,,,ger,eng
9783150201954,Geschichten aus Tausendundeiner Nacht,,Stuttgart,Reclam,2010,852,,"Bürgel, Johann Christoph","Henning, Max",,,Anthologie; Anthologie,ger,ara
9783821861159,Gewaltige Hölle,1. Aufl.,"Frankfurt, M.",Eichborn,2010,194,"Martínez, Guillermo",,"Ammar, Angelica","Martínez, Guillermo",,,ger,spa
9783036955551,"Gleich, Schätzchen",Dt. Erstausg.,Zürich,Kein & Aber,2010,239,"Simpson, Helen",,"Bodmer, Thomas","Simpson, Helen",,,ger,eng
9783446230651,"Goodbye, Columbus",,München,Hanser,2010,328,"Roth, Philip",,"Haas, Herta","Roth, Philip",,Anthologie; Anthologie,ger,eng
9783833221255,Halo-Evolutionen,1. Aufl.,Stuttgart,Panini-Verl.-GmbH,2010,539,,,"Kern, Claudia",,,,ger,eng
9783442375530,Heiße Befehle,"Dt. Erstveröff., 1. Aufl.",München,Blanvalet,2010,316,,"Sharp, Kerri","Müller, Claudia",,,,ger,eng
9783499254192,Hingabe,,Reinbek bei Hamburg,Rowohlt-Taschenbuch-Verl.,2010,267,"Haslett, Adam",,Pociao,"Haslett, Adam",,,ger,eng
9783942584005,Hotel China,1. Aufl.,Aachen,EPIDU-Verl.,2010,253,,,"Giesselmann, Ulrike",,"Rövekamp, Frank",Anthologie; Anthologie; Erzählende Literatur: Anthologien,ger,eng
9783906739601,"Ich, zwischen Leben und Tod",1. Aufl.,Zürich,KaMeRu Verlag,2010,180,"Kulikova, Ludmila",,"Madovcik, Katarina","Kulikova, Ludmila",,,ger,rus
9783934673908; 3934673902,Ihre schönsten Erzählungen,1. Aufl.,Greiz,König,2010,237,"Lagerlöf, Selma",,,,,,ger,swe
9783934673939; 3934673937,Ihre schönsten Erzählungen,1. Aufl.,Greiz,König,2010,223,"Lagerlöf, Selma",,,,,,ger,swe
9783942396080,Im Schatten des Jaguars,,Berlin,Golkonda,2010,183,"Gorodischer, Angélica",,,,,,ger,spa
9783404164523,Im Verborgenen,"Dt. Erstausg., vollst. Taschenbuchausg., 1. Aufl.",Köln,Bastei Lübbe Taschenbuch,2010,507,"Ajvide Lindqvist, John",,"Berf, Paul","Ajvide Lindqvist, John",,Erzählende Literatur: Hauptwerk vor 1945,ger,swe
9783902585479,Inmitten von fremden Ernten,,Klagenfurt,Kitab,2010,216,"Palej, Marina A.",,"Engel, Christine",,,,ger,rus
9783936708738,Ins Röckchen gezwungen,"4., erw. Aufl.",Nehren,Marterpfahl-Verl.,2010,180,,,,,"Dunnit, Glynis; Happ, Rüdiger",,ger,eng
9783499222863,Jonas oder der Künstler bei der Arbeit,2. Aufl.,Reinbek bei Hamburg,Rowohlt-Taschenbuch-Verl.,2010,269,"Camus, Albert",,"Meister, Guido G.","Camus, Albert",,,ger,fre
9783895862403,Kabba short stories,,Muenchen,LINCOM Europa,2010,664,,"Moser, Rosmarie",,,,Anthologie; Anthologie,fre; eng; ger,und
9783499253416,"Küsschen, Küsschen!",Sonderausg.,Reinbek bei Hamburg,Rowohlt-Taschenbuch-Verl.,2010,301,"Dahl, Roald",,"Mülbe, Wolfheinrich von der","Dahl, Roald",,,ger,eng
9783939416463,Kurzgeschichten,,Bremen,M-haditec,2010,102,"Ṣadr, Amīna Ḥaidar aṣ-",,"Mehrabi, Nima",,,Erzählende Literatur: Anthologien,ger,ara
9783813503302,Liebe und Hindernisse,1. Aufl.,München,Knaus,2010,254,"Hemon, Aleksandar",,"Hermstein, Rudolf","Hemon, Aleksandar",,,ger,eng
9783257239461,Liebesterror und andere Erzählungen,,Zürich,Diogenes,2010,216,"Tokareva, Viktorija Samojlovna",,"Schneider, Angelika",,,Erzählende Literatur: Gegenwartsliteratur ab 1945,ger,rus
9783867891097,Lob der Trägheit gefolgt von Die Panikveteranen,"Dt. Erstausg., 1. Aufl.",Berlin,Rotbuch-Verl.,2010,123,"Casas, Fabián",,"Berger, Timo","Casas, Fabián",,Fiktionale Darstellung; Belletristische Darstellung,ger,spa
9783763262984,Mafeking Road und andere Erzählungen,"Dt. Erstausg., 1. Aufl.","Frankfurt, M.",Büchergilde Gutenberg,2010,201,"Bosman, Herman Charles",,"Kleeberg, Michael","Bosman, Herman Charles",,Anthologie; Anthologie,ger,eng
9783940111678,Mafeking Road und andere Erzählungen,,"Frankfurt, M.",Ed. Büchergilde,2010,201,"Bosman, Herman Charles",,"Kleeberg, Michael","Bosman, Herman Charles",,Anthologie; Anthologie,ger,eng
9783518421437,Marjams Geschichten,1. Aufl.,Berlin,Suhrkamp,2010,474,"Ṣubḥ, ʿAlawīya",,,"Ṣubḥ, ʿAlawīya","Chammaa, Leila",Fiktionale Darstellung; Belletristische Darstellung,ger,ara
9783257067514,Mein Körper weiß alles,,Zürich,Diogenes,2010,203,"Yoshimoto, Banana",,"Ortmann, Annemarie","Yoshimoto, Banana",,,ger,jpn
9783869398013,Messias' Zeiten,,Rudolstadt,Greifenverl.,2010,202,,"Elias, Holger","Eliasberg, Alexander",,"Peretz, Isaac Leib; Sholem Aleykhem; Frischmann, Dowid",Anthologie; Anthologie,ger,yid
9783453526846,Metatropolis,Dt. Erstausg.,München,Heyne,2010,412,,"Scalzi, John","Kempen, Bernhard",,,,ger,eng
9783717522584,Mr. Harrisons Bekenntnisse,,Zürich,Manesse-Verl.,2010,371,"Gaskell, Elizabeth Cleghorn",,"Ott, Andrea",,,,ger,eng
9783423139281,Mütter und Söhne,,München,Dt. Taschenbuch-Verl.,2010,283,"Tóibín, Colm",,"Bandini, Giovanni; Bandini, Ditte","Tóibín, Colm",,Anthologie; Anthologie,ger,eng
9783596179824,Muntere Geschichten für müde Menschen,,"Frankfurt, M.",Fischer-Taschenbuch-Verl.,2010,254,"Gellhorn, Martha",,"Mandelkow, Miriam","Gellhorn, Martha",,,ger,eng
9783941668027,Nachdenkliche Geschichten,,Berlin,Brünne,2010,215,"Yılmaz, Hasan",,"Taxidis, Ingrid",,,Anthologie; Anthologie,ger,tur
9783518461945,Nachts kommen die Füchse,1. Aufl.,Berlin,Suhrkamp,2010,152,"Nooteboom, Cees",,"Beuningen, Helga van","Nooteboom, Cees",,Erzählende Literatur: Gegenwartsliteratur ab 1945,ger,dut
9783927069985,Nachts unterm Jasmin,,Mainz,Kinzelbach,2010,163,"Bey, Maïssa",,"Belakhdar, Christine","Bey, Maïssa",,,ger,fre
9783899417982,Perlen der Leidenschaft,"Dt. Erstveröff., 1. Aufl.",Hamburg,Cora-Verl.,2010,542,,,"Winter, Jule",,"Bacarr, Jina; Bradley, Eden; Hart, Megan; McCarty, Sarah",,ger,eng
9783453526396,Ravenor,Dt. Erstausg.,München,Heyne,2010,1408,"Abnett, Dan",,"Jentzsch, Christian","Abnett, Dan",,,ger,eng
9783293204768,Reise nach Indonesien,,Zürich,Unionsverl.,2010,189,,"Leitess, Lucien",,,,Anthologie; Anthologie,ger,mul
9783293205086,Reise nach Kanada,,Zürich,Unionsverl.,2010,220,,"Burger, Anke Caroline",,,,Anthologie; Anthologie,ger,mul
9783630621807,Römische Erzählungen,1. Aufl.,München,Luchterhand-Literaturverl.,2010,476,"Moravia, Alberto",,"Killisch-Horn, Michael von","Moravia, Alberto",,Anthologie; Anthologie,ger,ita
9783862600014,"Rom, andere Stadt",1. Aufl.,Hamburg,Corso,2010,111,"Pasolini, Pier Paolo",,"Kopetzki, Annette; Prammer, Theresia",,"List, Herbert; Dieckmann, Dorothea",Bildband; Anthologie; Bildband; Anthologie,ger,ita
9783518461884,Rückkehr aus der Nacht,1. Aufl.,Berlin,Suhrkamp,2010,264,"Cortázar, Julio",,"Wittkopf, Rudolf","Cortázar, Julio",,,ger,spa
9783150202043,Russische Erzählungen,,Stuttgart,Reclam,2010,410,,"Graf, Christian",,,"Puškin, Aleksandr Sergeevič; Pelevin, Viktor",Anthologie; Anthologie,ger,rus
9783518461914,Sackgasse mit Ausgang,"Dt. Erstausg., 1. Aufl.",Berlin,Suhrkamp,2010,149,"Osorio, Elsa",,"Gerhold, Stefanie","Osorio, Elsa",,,ger,spa
9783926082398,Salziger Kaffee,,Berlin,Gedenkstätte Dt. Widerstand,2010,235,,,,"Pécsi-Pollner, Katalin","Pécsi-Pollner, Katalin",,ger,eng; hun
9783798604209,Sammelband dreier Klassiker erotischer Literatur,"Sondered., 1. Aufl.",Flensburg,Stephenson,2010,398,,,,,"Effendi, Màhmed Ben Chérif; Droz, Eduard; Musset, Alfred de",,ger,fre
9783442370535,Scharf und zügellos,"Dt. Erstveröff., 1. Aufl.",München,Blanvalet,2010,271,,"Sharp, Kerri","Müller, Claudia",,,,ger,eng
9783935535243,Schatten der Zeit,Orig.-Ausg.,"Frankfurt, M.",Literaturca-Verl.,2010,199,"Bengi, Yiğit Değer",,"Caner, Beatrix","Bengi, Yiğit Değer",,,ger,tur
9783100744388,Schiffe aus Feuer,,"Frankfurt, M.",S. Fischer,2010,415,,"Strausfeld, Michi",,,,Anthologie; Anthologie; Erzählende Literatur: Anthologien,ger,spa
9783905950045,Second life,"Dt. Erstausg., 1. Aufl.",Basel,Lisan-Verl.,2010,87,"Ǧabrī, Ḫālid al-",,,,,,ger,ara
9783100422040,Seiōbo auf Erden,,"Frankfurt, M.",S. Fischer,2010,461,"Krasznahorkai, László",,"Flemming, Heike","Krasznahorkai, László",,,ger,hun
9783950289039,Session,"Orig.-Ausg., 2. Aufl.",Wien,Songdog-Verl.,2010,83,"Fitzgerald, Mick",,"Haefs, Gabriele",,,,ger,eng
9783868007930,Solange du mich siehst,,Augsburg,Weltbild,2010,112,"Ahern, Cecelia",,"Strüh, Christine",,,,ger,eng
9783150080900,Stadtführer Berlin,"Lizenzausgabe, Nachdruck",Stuttgart,Philipp Reclam jun.,2010,86,"Nabokov, Vladimir Vladimirovič",,"Zimmer, Dieter E.",,,Anthologie; Erzählende Literatur: Anthologien,ger,eng
9783869300788,Tanz der Dienstmädchen,1. Aufl.,Göttingen,Steidl,2010,232,"Brennan, Maeve",,"Oeser, Hans-Christian","Brennan, Maeve",,Anthologie; Anthologie,ger,eng
9783908777557,Tanz der seligen Geister,Dt. Erstausg.,Zürich,Dörlemann,2010,378,"Munro, Alice",,"Zerning, Heidi","Munro, Alice",,Erzählende Literatur,ger,eng
9783423138468,Tod des Professors,,München,Dt. Taschenbuch-Verl.,2010,270,"Trevor, William",,"Oeser, Hans-Christian","Trevor, William",,Anthologie; Anthologie,ger,eng
9783929181838,Trauer über einen Schmetterling und andere Erzählungen,,Thunum/Ostfriesland,Ed. Peperkorn,2010,142,"Yi, Ok",,"Wall, Barbara",,,,ger,kor
9783941787032,Unheimliche Geschichten,,Berlin,Verlagshaus Jacoby & Stuart GmbH,2010,152,"Poe, Edgar Allan",,,,,Anthologie; Anthologie,ger,eng
9783833306624,Verlangen und Vergeltung,,Berlin,Berliner Taschenbuch-Verl.,2010,93,"Reyes, Alina",,"Wurster, Gaby",,,,ger,fre
9783902373526,Von nun an,,Wien,Luftschacht-Verl.,2010,106,"Breiteig, Bjarte",,"Strobel, Bernhard","Breiteig, Bjarte",,,ger,nor
9783423212113,Wallanders erster Fall,Ungekürzte Ausg.,München,Dt. Taschenbuch-Verl.,2010,425,"Mankell, Henning",,"Butt, Wolfgang","Mankell, Henning",,"Anthologie; Anthologie; Krimis, Thriller, Spionage",ger,swe
9783423247498,Was ist in dieser Nacht so anders?,Dt. Erstausg.,München,Dt. Taschenbuch-Verl.,2010,215,"Albert, Elisa",,"Mandelkow, Miriam","Albert, Elisa",,Anthologie; Anthologie,ger,eng
9783036955773,Weihnachtserinnerungen,,Zürich,Kein & Aber,2010,121,"Capote, Truman",,"Mössner, Ursula-Maria",,,,ger,eng
9783937603469,Weißer Hibiskus,,Heidelberg,Draupadi-Verl.,2010,85,Gītāñjali Śrī,,"Petersdorf, Anna",,,,ger,hin
9783876300931,"Wer das Leben liebt, der liebt auch Gott",,Hünfelden,Präsenz,2010,111,"Tolstoj, Lev Nikolaevič","Mattejiet, Ulrich","Löwenfeld, Raphael",,"Kandinsky, Wassily",,ger,rus
9783854356264,Wo verstecken sich die Schmetterlinge vor dem Regen,,Klagenfurt,Drava,2010,341,"Frančič, Franjo",,"Köstler, Erwin","Frančič, Franjo",,Anthologie; Anthologie,ger,slv
9783596169696,Wozu wollen Sie das wissen?,,"Frankfurt, M.",Fischer-Taschenbuch-Verl.,2010,380,"Munro, Alice",,"Zerning, Heidi","Munro, Alice",,,ger,eng
9783865915290,Wunder geschehen,1. Sonderaufl.,Asslar,GerthMedien,2010,172,"Kingsbury, Karen",,"Balters, Antje","Kingsbury, Karen",,,ger,eng
9783423211949,Zähne und Klauen,Ungekürzte Ausg.,München,Dt. Taschenbuch-Verl.,2010,377,"Boyle, T. Coraghessan",,"Grube, Anette","Boyle, T. Coraghessan",,,ger,eng
9783821861128,Zehn,1. Aufl.,"Frankfurt, M.",Eichborn,2010,153,"Longo, Andrej",,"Neumann, Constanze","Longo, Andrej",,Anthologie; Anthologie,ger,ita
9783608938760,Zerbrechliche Dinge,,Stuttgart,Klett-Cotta,2010,329,"Gaiman, Neil",,"Riffel, Hannes","Gaiman, Neil",,,ger,eng
9783421043832,"Alles, was du wünschst",1. Aufl.,München,Dt. Verl.-Anst. ,2009,265,"Enright, Anne",,"Oeser, Hans-Christian","Enright, Anne",,Anthologie; Anthologie,ger,eng
9783596180714,"Als sie seine Schuhe sah, wusste sie, dass sie ihren Mann verlassen würde",,"Frankfurt, M.",Fischer-Taschenbuch-Verl.,2009,188,"Miller, Rebecca",,"Bandini, Giovanni","Miller, Rebecca",,Anthologie; Anthologie,ger,eng
9783423138338,Ariadna,,München,Dt. Taschenbuch-Verl.,2009,565,"Čechov, Anton Pavlovič",,"Bischitzky, Vera",,,,ger,rus
9783423590815,Ariadna,,München,Dt. Taschenbuch-Verl.,2009,565,"Čechov, Anton Pavlovič",,"Bischitzky, Vera",,,,ger,rus
9783630621838,Arztgeschichten,1. Aufl.,München,Luchterhand-Literaturverl.,2009,141,"Bulgakov, Michail",,"Reschke, Thomas",,,Anthologie; Anthologie,ger,rus
9783421044228,Aus dem Schattenreich,1. Aufl.,München,Dt. Verl.-Anst.,2009,169,"Uchida, Hyakken",,"Gebhardt, Lisette","Uchida, Hyakken",,Anthologie; Anthologie,ger,jpn
9783895614958,Bang crunch,"Dt. Erstausg., 1. Aufl.","Frankfurt, M.",Schöffling,2009,291,"Smith, Neil",,"Haefs, Gabriele","Smith, Neil",,,ger,eng
9783442469055,Baum der Nacht,"Taschenbuchausg., 1. Aufl.",München,Goldmann,2009,446,"Capote, Truman",,"Mössner, Ursula-Maria","Capote, Truman",,,ger,eng
9783717521761; 9783717521778,Benvolio,,Zürich,Manesse-Verl.,2009,413,"James, Henry",,"Rein, Ingrid",,,,ger,eng
9783866473799,Best of Sherlock Holmes,,Köln,Anaconda,2009,320,"Doyle, Arthur Conan",,"Kilian, Kai",,,"Anthologie; Anthologie; Krimis, Thriller, Spionage",ger; eng,eng
9783763262168,Billy Budd,,"Frankfurt, M.",Büchergilde Gutenberg,2009,568,"Melville, Herman",,"Walter, Michael",,,,ger,eng
9783423211697,"Chinesische Witze, Anekdoten und Weisheiten",Neuausg.,München,Dt. Taschenbuch-Verl.,2009,127,,"Xiao, Xiao",,,,"Anthologie; Anthologie; Humor, Satire",ger,chi
9783423093101,Classical detective stories,9. Aufl.,München,Dt. Taschenbuch-Verl.,2009,300,,"Nohl, Andreas",,,,"Anthologie; Anthologie; Krimis, Thriller, Spionage",ger; eng,eng
9783423094870,Crime stories,"Orig.-Ausg., 1. Aufl.",München,Dt. Taschenbuch-Verl.,2009,201,,"Raykowski, Harald",,,,"Anthologie; Anthologie; Krimis, Thriller, Spionage",ger; eng,eng
9783518125786,Daraus lassen sich ein paar Geschichten machen,Dt. Erstausg.,"Frankfurt, M.",Suhrkamp,2009,124,"Prochasʹko, Taras",,"Weissenböck, Maria","Prochasʹko, Taras",,,ger,ukr
9783898402774,Das Äquinoktium der Wahnsinnigen und andere Erzählungen,,Windeck,Blitz-Verl.,2009,208,"Baconsky, Anatol E.",,"Peyfuss, Max Demeter",,,,ger,rum
9783100735645,Das alte China,,"Frankfurt, M.",S. Fischer,2009,345,,"Schestag, Eva",,,,,ger,chi
9783952337080,Das Café der Engel,1. Aufl.,Basel,Lisan-Verl.,2009,124,"Nāṣir, Maryam",,"Wilsch, Kerstin",,,,ger,ara
9783868053425,Das Ende des Professors Tschesnokow,1. Aufl.,Berlin,Pro Business,2009,393,"Schestkow, Igor",,,,,,ger,rus
9783952337073,Das Gesicht der reizenden Witwe,1. Aufl.,Basel,Lisan-Verl.,2009,101,"Mazrūʿī, Fāṭima Ḥamad al-",,,,"Kassem, Amr",,ger,ara
9783939542728,Das künftige Leben,1. Aufl.,Hamburg,Männerschwarm-Verl.,2009,205,"Forster, E. M.",,"Wunnicke, Christine",,,,ger,eng
9783423137867,Das Maß der Schönheit,,München,Dt. Taschenbuch-Verl.,2009,147,"Levi, Primo",,"Riedt, Heinz",,,,ger,ita
9783936271478,Das Osterfeuer,1. Aufl.,Wenzendorf,Stadtlichter-Presse,2009,35,"Huldén, Lars",,"Schellbach-Kopra, Ingrid",,,,ger,swe
9783423211727,Das Tor zur Roten Gasse,Dt. Erstausg.,München,Dt. Taschenbuch-Verl.,2009,220,"Qiu, Xiaolong",,"Hornfeck, Susanne","Qiu, Xiaolong",,Anthologie; Anthologie,ger,fre
9783293004085,Das trunkene Land,,Zürich,Unionsverl.,2009,250,"Lu, Xun",,"Cremerius, Ruth",,,Anthologie; Anthologie,ger,chi
9783257239980,Das unbekannte Meisterwerk  und andere Erzählungen,,Zürich,Diogenes,2009,434,"Balzac, Honoré de",,"Jacob, Heinrich Eduard",,,,ger,fre
9783803126115,Das weinfarbene Meer,2. Aufl. der Neuausg.,Berlin,Wagenbach,2009,155,"Sciascia, Leonardo",,"Vagt, Sigrid",,,Anthologie; Anthologie,ger,ita
9783938305102,Das Wunder vom Little Bighorn Erzählungen aus der Welt der alten Lakota,1. Aufl.,Chemnitz,Palisander,2009,353,"Okute Sica, John",,"Elstner, Frank",,,Anthologie; Anthologie,ger,eng
9788872231142; 9783854355649,Dem Duke Ellington gefiel Hitchcock nicht und andere Geschichten vom Jazz,,Meran,"AB, TravenBooks",2009,187,"Gianolio, Aldo",,"Merkel-Bertoldi, Frank-Volker",,,Anthologie; Anthologie,ger,ita
9783980648035,"Der Gardasee - ach, der Gardasee",,Kieselbronn,Windrose-Verl.,2009,74,"Schostack, Renate",,,,,Erzählende Literatur: Anthologien,ger,eng
9783596163250,Der gefälschte König,,"Frankfurt, M.",Fischer-Taschenbuch-Verl.,2009,239,"Archer, Jeffrey",,"Kruse, Tatjana","Archer, Jeffrey",,,ger,eng
9783746625621,Der Hibiskushimmel,1. Aufl.,Berlin,Aufbau-Taschenbuch,2009,362,"Edwards, Kim",,"Schröder, Gesine","Edwards, Kim",,Fiktionale Darstellung; Belletristische Darstellung; Erzählende Literatur: Gegenwartsliteratur ab 1945,ger,eng
9783257067248,Der letzte Kuss,,Zürich,Diogenes,2009,531,"Fitzgerald, F. Scott",,"Hotz, Christa",,,,ger,eng
9783865218803,Der Morgen nach dem großen Feuer,1. Aufl.,Göttingen,Steidl,2009,156,"Brennan, Maeve",,"Oeser, Hans-Christian",,,,ger,eng
9783898126335,Der pensionierte General,Dt. Erstausg.,Halle (Saale),Mitteldt. Verl.,2009,287,Nguyễn-huy-Thiệp,,"Giesenfeld, Günter",,,,ger,vie
9783037403815,Der Schatz,,Frauenfeld,Waldgut,2009,254,"Roberts, Kate",,"Schamoni, Wolfgang",,,Anthologie; Anthologie,ger,wel
9783832180317,Der Schwimmer,1. Aufl.,Köln,DuMont,2009,348,"Cheever, John",,"Gunkel, Thomas","Cheever, John",,Anthologie; Anthologie,ger,eng
9783036955391,Der taubenblaue Drache,Dt. Erstausg.,Zürich,Kein & Aber,2009,392,"Vonnegut, Kurt",,"Rowohlt, Harry","Vonnegut, Kurt",,,ger,eng
9783423345354,Der Wanderer,Dt. Erstausg.,München,Dt. Taschenbuch-Verl.,2009,78,"Ǧibrān, Ǧibrān Ḫalīl",,,"Ǧibrān, Ǧibrān Ḫalīl",,,ger,eng
9783453525627,Der widerspenstige Planet,Orig.-Ausg.,München,Heyne,2009,700,"Sheckley, Robert",,,,,,ger,eng
9783150216989,Die besten Pater-Brown-Geschichten,,Stuttgart,Reclam,2009,312,"Chesterton, G. K.",,"Kuhn-Werner, Stefanie",,,,ger,eng
9783423138345,Die Dame mit dem Hündchen,,München,Dt. Taschenbuch-Verl.,2009,522,"Čechov, Anton Pavlovič",,"Bischitzky, Vera",,,,ger,rus
9783924652364,Die Engelspuppe,1. Aufl.,Mannheim,Persona-Verl.,2009,252,"Kočergin, Ėduard Stepanovič",,"Braungardt, Ganna-Maria",,,,ger,rus
9783630873107,Die erste Person,1. Aufl.,München,Luchterhand,2009,171,"Smith, Ali",,"Morawetz, Silvia","Smith, Ali",,Anthologie; Anthologie,ger,eng
9783423138321,Die Fürstin,,München,Dt. Taschenbuch-Verl.,2009,482,"Čechov, Anton Pavlovič",,"Bischitzky, Vera",,,,ger,rus
9783100096487,Die goldene Truhe,,"Frankfurt, M.",S. Fischer,2009,493,,"Bauer, Wolfgang",,,,,ger,chi
9783929181821,Die letzten viereinhalb Sekunden meines Lebens und andere Erzählungen,,Thunum/Ostfriesland,Ed. Peperkorn,2009,287,"Seong, Seog je",,"Bag, In won",,,,ger,kor
9783763259670,Die Morde in der Rue Morgue und andere Erzählungen,1. Aufl.,"Frankfurt, M.",Büchergilde Gutenberg,2009,255,"Poe, Edgar Allan",,"Schmidt, Arno",,,,ger,eng
9783924283865,Die neugierigen alten Frauen und andere Geschichten,Ausg. C,Hamburg,Svato-Verl.,2009,55,"Charms, Daniil",,"Urban, Peter",,,Anthologie; Anthologie,ger,rus
9783940597335,Die rote Lampe,Dt. Erstveröff.,Barnstorf,Verl. 28 Eichen,2009,189,"Doyle, Arthur Conan","Spittel, Olaf R.","Erler, Nadine","Doyle, Arthur Conan",,,ger,eng
9783458351511,Die Sage von Sleepy Hollow und andere unheimliche Geschichten,1. Aufl.,"Frankfurt, M.",Insel-Verl.,2009,157,"Irving, Washington",,"Gröger, Erika",,,,ger,eng
9783416032612,Die Schelte des Tigers,,Bonn,Bouvier,2009,131,"Bag, Ji won",,"Golchert-Jung, Elke",,,,ger,kor
9783351032784,Die schönsten Erzählungen,1. Aufl.,Berlin,Aufbau,2009,315,"Čechov, Anton Pavlovič","Bräuer, Margit","Dick, Gerhard",,,,ger,rus
9783351032661,Die schönsten Erzählungen,1. Aufl.,Berlin,Aufbau,2009,299,"Gogolʹ, Nikolaj Vasilʹevič","Salmen, Christina","Schwarz, Georg",,,,ger,rus
9783351032654,Die schönsten Geschichten,1. Aufl.,Berlin,Aufbau,2009,300,"Hašek, Jaroslav","Böll, Viktor","Feigl, Rudolf",,,,ger,cze
9783894033484,Die weiße Pagode und andere Erzählungen,,Salzhausen,Iskopress,2009,159,"Cheng, Wei",,,,,,ger,chi
9783894016029,Die Windsbraut,"Erstausg., 1. Aufl.",Hamburg,Ed. Nautilus,2009,255,"Carrington, Leonora","Becker, Heribert",,,,Anthologie; Anthologie,ger,fre; eng; spa
9783518461013,¡Ehemänner!,"Dt. Erstausg., 1. Aufl.","Frankfurt, M.",Suhrkamp,2009,201,"Mastretta, Ángeles",,"Strien-Bourmer, Petra","Mastretta, Ángeles",,,ger,spa
9783630621555,Ein schöner Ort,"Dt. Erstveröff., 1. Aufl.",München,Luchterhand-Literaturverl.,2009,287,"Askildsen, Kjell",,"Schmidt-Henkel, Hinrich",,,,ger,nor
9783036955452,Ein Vorhang aus Grün,,Zürich,Kein & Aber,2009,367,"Welty, Eudora",,"Hutten, Katrine von",,,Anthologie; Anthologie,ger,eng
9783859901384,Eine Reisebekanntschaft,1. Aufl.,Zürich,Ed. 8,2009,141,"Paredes, Julio",,"Gross, Richard",,,,ger,spa
9783442740284,Einfache Rezepte,"Genehmigte Taschenbuchausg., 1. Aufl.",München,btb  ,2009,204,"Thien, Madeleine",,"Carstens, Almuth","Thien, Madeleine",,Anthologie; Anthologie; Erzählende Literatur,ger,eng
9783866122420,Elche unterm Weihnachtsbaum,,München,Pendo,2009,227,,"Drolshagen, Ebba D.",,,,Anthologie; Anthologie,ger,mul
9783423094863,En Méditerranée,"Orig.-Ausg., 1. Aufl.",München,Dt. Taschenbuch-Verl.,2009,158,,"Passelaigue, Martine",,,,Anthologie; Anthologie,ger; fre,fre
9783351032807,Erotische Geschichten aus China,1. Aufl.,Berlin,Aufbau,2009,220,,"Blinn, Hansjürgen","Baar, Adrian",,,Anthologie; Anthologie,ger,mis
9783866472884,Famous English short stories,,Köln,Anaconda,2009,317,,,"Samland, Bernd",,,Anthologie; Anthologie,ger; eng,eng
9783423137454,Fausto Coppis Engel,,München,Dt. Taschenbuch-Verl.,2009,201,"Riccarelli, Ugo",,"Höfer, Sylvia","Riccarelli, Ugo",,Fiktionale Darstellung; Belletristische Darstellung,ger,ita
9783896561640,Frauen und andere Raubtiere,1. Aufl.,Berlin,Querverl.,2009,189,"Califia, Pat",,"Wagner, Antje",,,,ger,eng
9783423137515,Fromme Lügen,,München,Dt. Taschenbuch-Verl. ,2009,303,"Dische, Irene",,"Bayer, Otto",,,Anthologie; Anthologie,ger,eng
9783442470525,Fürchte dich nicht,"Dt. Erstveröff., 1. Aufl.",München,Goldmann,2009,414,"Faletti, Giorgio",,"Splinter, Helmut","Faletti, Giorgio",,,ger,ita
9783548609171,Gefahr und Begierde,"Ungekürzte Ausg., 1. Aufl.",Berlin,List,2009,247,"Zhang, Ailing",,"Hornfeck, Susanne",,,Erzählende Literatur: Hauptwerk vor 1945,ger,chi
9783832282202,Georgischer Wein,,Aachen,Shaker,2009,275,,,"Fähnrich, Heinz",,,Anthologie; Anthologie; Erzählende Literatur: Anthologien,ger,geo
9783867620451,Geschichten aus der Nightside,1. Aufl.,Mannheim,Feder & Schwert,2009,282,"Green, Simon R.",,"Hoffmann, Oliver",,,,ger,eng
9783867620512,Geschichten aus der Nightside,1. Aufl.,Mannheim,Feder & Schwert,2009,271,"Green, Simon R.",,"Hoffmann, Oliver",,,,ger,eng
9783867620611,Geschichten aus der Nightside,1. Aufl.,Mannheim,Feder & Schwert,2009,256,"Green, Simon R.",,"Hoffmann, Oliver",,,,ger,eng
9783518420676,Geschichten aus Tel Ilan,1. Aufl.,"Frankfurt, M.",Suhrkamp,2009,187,"ʿOz, Amos",,"Pressler, Mirjam",,,Fiktionale Darstellung; Belletristische Darstellung,ger,heb
9783442740383,Geschichten aus Wyoming,1. Aufl.,München,btb,2009,367,"Proulx, Annie",,,,,,ger,eng
9783442736409,Geschichten aus Wyoming,1. Aufl.,München,btb,2009,253,"Proulx, Annie",,,,,,ger,eng
9783630872865,Geschichten aus Wyoming,1. Aufl.,München,Luchterhand,2009,253,"Proulx, Annie",,,,,,ger,eng
9783458174639,Geschichten vom Hulanfluss,1. Aufl.,Berlin,Insel-Verl.,2009,283,"Xiao, Hong",,"Keen, Ruth",,,Fiktionale Darstellung; Belletristische Darstellung,ger,chi
9783803126184,Geschichten von meiner Tante (und anderen Verwandten),Dt. Erstausg.,Berlin,Wagenbach,2009,140,"Cornia, Ugo",,"Schneider, Marianne","Cornia, Ugo",,Anthologie; Anthologie,ger,ita
9783981327014,Geschichten von Nasreddin Hodscha,,Münster,Spaß-am-Lesen-Verl.,2009,96,"Veelen, Remke van",,,,,Anthologie; Anthologie,ger,dut
9783596176915,Geschichten zum Nachdenken,,"Frankfurt, M.",Fischer-Taschenbuch-Verl.,2009,136,"Bucay, Jorge",,"Harrach, Stephanie von","Bucay, Jorge",,Erzählende Literatur: Gegenwartsliteratur ab 1945,ger,spa
9783416032568,Getroffen vom Wirklichen,,Bonn,Bouvier,2009,180,"Aarnes, Asbjørn",,,,,,ger,nor
9783492253956,Giftspritzen,Ungekürzte Taschenbuchausg.,München,Piper,2009,164,"Castillon, Claire",,"Wurster, Gaby","Castillon, Claire",,Anthologie; Anthologie,ger,fre
9783423082273,Guten Flug,,München,Dt. Taschenbuch-Verl.,2009,92,"Boyle, T. Coraghessan",,"Richter, Werner",,,,ger,eng
9783423138017,Hagars Kinder,,München,Dt. Taschenbuch-Verl.,2009,460,"Jones, Edward P.",,"Oeser, Hans-Christian","Jones, Edward P.",,Anthologie; Anthologie,ger,eng
9783442370511,Heiß und sündig,"Dt. Erstveröff., dt. Erstausg., 1. Aufl.",München,Blanvalet,2009,284,,"Sharp, Kerri","Müller, Claudia",,,,ger,eng
9783442370528,Heiße Fantasien,"Dt. Erstveröff., dt. Erstausg., 1. Aufl.",München,Blanvalet,2009,251,,"Sharp, Kerri","Müller, Claudia",,,,ger,eng
9783257239393,Herbstfeuer,,Zürich,Diogenes,2009,232,"Kurkov, Andrij Jurijovyč",,"Schneider, Angelika",,,Erzählende Literatur: Gegenwartsliteratur ab 1945,ger,rus
9783940666079,I love dollars und andere Geschichten aus China,1. Aufl.,München,A1-Verl.,2009,359,"Zhu, Wen",,"Meinshausen, Frank",,,Anthologie; Anthologie,ger,chi
9783442170555,"""Ich habe nach dir gewonnen""","Vollst. Taschenbuchausg., 1. Aufl.",München,Goldmann,2009,159,,"Reftel, Kristina",,,,,ger,swe
9783939905127,Ich hütete die Kuh für einen Kommunisten,,München,Verl. St. Michaelsbund,2009,102,"Twardowski, Jan",,"Schramm, Godehard",,,,ger,pol
9783940233141,Ihr glaubt mir nicht?,1. Aufl.,München,Münchner-Frühling-Verl.,2009,111,,,"Uhly, Steven",,"Jasīmauddīna; Möltgen, Ulrike",,ger,ben
9783423138314,In der Sommerfrische,,München,Dt. Taschenbuch-Verl.,2009,499,"Čechov, Anton Pavlovič",,"Bischitzky, Vera",,,,ger,rus
9783630621548,In Gesellschaft von Männern,"Dt. Erstausg., 1. Aufl.",München,Luchterhand-Literaturverl.,2009,283,"Krasikov, Sana",,"Morawetz, Silvia","Krasikov, Sana",,,ger,eng
9783875485387,Japanischer Alltag,,Hamburg,Buske,2009,179,"Akagawa, Jirō","Bierwirth, Gerhard",,"Akagawa, Jirō",,,jpn; ger,jpn
9783596901630,Jugend,,"Frankfurt, M.",Fischer-Taschenbuch-Verl.,2009,361,"Conrad, Joseph",,"Allié, Manfred","Conrad, Joseph",,Fiktionale Darstellung; Belletristische Darstellung; Belletristische Darstellung,ger,eng
9783940666093,Kaffee trinken anderswo,1. Aufl.,München,A1-Verl.,2009,277,"Packer, ZZ",,"Bandini, Giovanni","Packer, ZZ",,,ger,eng
9783940597311,Lord Barrymore,,Barnstorf,Verl. 28 Eichen,2009,221,"Doyle, Arthur Conan","Spittel, Olaf R.",,,,,ger,eng
9783940357106,Lüge,1. Aufl.,Düsseldorf,Lilienfeld-Verl.,2009,214,"Gofman, Viktor V.",,"Nitzberg, Alexander",,,,ger,rus
9783952337066,Mariam und das Glück,1. Aufl.,Basel,Lisan-Verl.,2009,116,"Sāʿidī, Maryam",,"Humeid, Bashar",,,,ger,ara
9783763262564,Mauern,,"Frankfurt, M.",Büchergilde Gutenberg,2009,87,,"Reynolds, Michael",,,"Daeninckx, Didier; Wagenbreth, Henning",Anthologie; Anthologie,ger,mul
9783900552428,Mein geliebtes Griechenland,,Schrems,Ed. Kunstmuseum Waldviertel,2009,216,"Warlamis, Efthymios",,"Hildebrand, Birgit",,,,ger,gre
9783423082310,Morgendämmerung,,München,Dt. Taschenbuch-Verl.,2009,61,"Moor, Margriet de",,"Keller, Rotraut",,,,ger,dut
9783865218933,Mr. und Mrs. Derdon,,Göttingen,Steidl,2009,185,"Brennan, Maeve",,"Oeser, Hans-Christian","Brennan, Maeve",,Fiktionale Darstellung; Belletristische Darstellung,ger,eng
9783446230637,Mütter und Söhne,,München,Hanser,2009,283,"Tóibín, Colm",,"Bandini, Giovanni","Tóibín, Colm",,Anthologie; Anthologie; Erzählende Literatur: Gegenwartsliteratur ab 1945,ger,eng
9783929181814,Mujin im Nebel,,Thunum/Ostfriesland,Ed. Peperkorn,2009,223,"Kim, Sŭng-ok",,"Bag, Gyeong hui",,,,ger,kor
9783905513486,Mulliner schenkt ein,1. Aufl.,Zürich,Ed. Epoca,2009,235,"Wodehouse, Pelham G.",,"Schlachter, Thomas","Wodehouse, Pelham G.",,,ger,eng
9783832276171,Nachtrag zur Reise des Kolumbus und andere Erzählungen,,Aachen,Shaker,2009,325,"Mertens, Pierre",,"Begenat-Neuschäfer, Anne",,,,ger,fre
9783518420669,Nachts kommen die Füchse,1. Aufl.,"Frankfurt, M.",Suhrkamp,2009,152,"Nooteboom, Cees",,"Beuningen, Helga van","Nooteboom, Cees",,,ger,dut
9783905930009,Nicht nur der Sterne wegen gefällt mir die Nacht,1. Aufl.,St. Gallen,Ed. Latines,2009,134,"Giron, Manuel",,"Wagner, Claudia","Giron, Manuel",,,ger,spa
9783935890649,Nocturnes,,München,Liebeskind,2009,92,"Wajsbrot, Cécile",,"Fock, Holger","Wajsbrot, Cécile",,Anthologie; Anthologie,ger,fre
9783880073517,Nü lachi jens!,,Bräist/Bredstedt,Nordfriisk Inst.,2009,63,,"Pinnow, Heinz-Jürgen",,,,,fry; ger,fry
9783596177561,Odette Toulemonde und andere Geschichten,,"Frankfurt, M.",Fischer-Taschenbuch-Verl.,2009,233,"Schmitt, Éric-Emmanuel",,"Koebel, Inés","Schmitt, Éric-Emmanuel",,Anthologie; Anthologie,ger,fre
9783423082235,Opfer der Telefonitis,,München,Dt. Taschenbuch-Verl.,2009,60,"Bukowski, Charles",,"Weissner, Carl",,,,ger,eng
9783596901647,Petersburger Erzählungen,,"Frankfurt, M.",Fischer-Taschenbuch-Verl.,2009,233,"Gogolʹ, Nikolaj Vasilʹevič",,"Eliasberg, Alexander",,,Erzählende Literatur: Hauptwerk vor 1945,ger,rus
9783453406483,Pure Anarchie,Vollst. dt. Taschenbuchausg.,München,Heyne,2009,187,"Allen, Woody",,"Krutzsch, Malte","Allen, Woody",,,ger,eng
9783257066821,Sämtliche Maigret-Geschichten,,Zürich,Diogenes,2009,1085,"Simenon, Georges",,"Altrichter, Ingrid",,,,ger,fre
9783861508267,Sämtliche Werke,"Neued. und Neuübers., 1. Aufl.","Frankfurt, M.",Haffmans bei Zweitausendeins,2009,1049,"Mansfield, Katherine",,"Arntz, Heiko",,,,ger,eng
9783716026021,Sanfte Landung,,Zürich,Arche,2009,159,"Campert, Remco",,"Holberg, Marianne",,,,ger,dut
9783895613920,Sarajevo Marlboro,1. Aufl.,"Frankfurt, M.",Schöffling,2009,191,"Jergović, Miljenko",,"Döbert, Brigitte","Jergović, Miljenko",,Anthologie; Anthologie; Erzählende Literatur,ger,hrv
9783423138048,Schauderhafte Wunderkinder,,München,Dt. Taschenbuch-Verl.,2009,155,"Quilt, Linda",,"Kaiser, Reinhard",,,,ger,eng
9783499248740,Schmutzige Spiele,Dt. Erstausg.,Reinbek bei Hamburg,Rowohlt-Taschenbuch-Verl.,2009,254,"Pita, Maria Isabel",,"Peters, Julia",,,,ger,eng
9783499249914,Schwarzer Frühling,Neuausg.,Reinbek bei Hamburg,Rowohlt-Taschenbuch-Verl.,2009,252,"Miller, Henry",,"Wagenseil, Kurt","Miller, Henry",,Fiktionale Darstellung; Belletristische Darstellung,ger,eng
9783423137577,Schwimmen lernen,,München,Dt. Taschenbuch-Verl.,2009,249,"Swift, Graham",,"Rojahn-Deyk, Barbara",,,Anthologie; Anthologie,ger,eng
9783929889802,Sechzehn kleine griechische Verbrechen,,Köln,Romiosini,2009,194,,"Georgallidis, Sophia",,,,,ger,gre
9783940597212,Sherlock Holmes,,Barnstorf,Verl. 28 Eichen,2009,179,"Doyle, Arthur Conan",,,,,,ger,eng
9783940597229,Sherlock Holmes,,Barnstorf,Verl. 28 Eichen,2009,232,"Doyle, Arthur Conan",,,,,,ger,eng
9783940597243,Sherlock Holmes,,Barnstorf,Verl. 28 Eichen,2009,295,"Doyle, Arthur Conan",,,,,,ger,eng
9783940597267,Sherlock Holmes,,Barnstorf,Verl. 28 Eichen,2009,184,"Doyle, Arthur Conan",,,,,,ger,eng
9783940597274,Sherlock Holmes,,Barnstorf,Verl. 28 Eichen,2009,231,"Doyle, Arthur Conan",,,,,,ger,eng
9783866474383,Sherlock Holmes,,Köln,Anaconda,2009,160,"Doyle, Arthur Conan",,"Kilian, Kai",,,"Anthologie; Anthologie; Krimis, Thriller, Spionage",ger,eng
9783491962378,Sleepy hollow,,Düsseldorf,Albatros,2009,345,"Irving, Washington",,"Schmitz, Siegfried","Irving, Washington",,,ger,eng
9783857877254,"So, meine Herren",1. Aufl.,Basel,Lenos,2009,204,"Ṣāliḥ, aṭ-Ṭaiyib",,"Karachouli, Regina",,,,ger,ara
9783499134814,Spätzünder,3. Aufl.,Reinbek bei Hamburg,Rowohlt-Taschenbuch-Verl.,2009,232,"Pynchon, Thomas",,"Piltz, Thomas","Pynchon, Thomas",,,ger,eng
9783833219375,Star wars - Boba Fett,1. Aufl.,Stuttgart,Panini-Verl.-GmbH,2009,445,,,"Kuhn, Dominik",,,,ger,eng
9783833218750,Star-Wars-Sammelband,1. Aufl.,Stuttgart,Panini-Verl.-GmbH,2009,462,"Watson, Jude",,"Kuhn, Dominik",,,,ger,eng
9783404159956,Strand der Sünde,"Dt. Erstveröff., dt. Erstausg., vollst. Taschenbuchausg., 1. Aufl.",Bergisch Gladbach,Bastei Lübbe,2009,332,,"Sharp, Kerri","Berg, Markus",,,,ger,eng
9783907643099,Sufi-Geschichten,1. Auf.,Zürich,Verl. Petama Project,2009,76,Ǧalāl-ad-Dīn Rūmī,,,,,,ger,eng
9783828995369,Sunset,,Augsburg,Weltbild,2009,479,"King, Stephen",,"Bergner, Wulf","King, Stephen",,,ger,eng
9783980790949,Tausendundein Tag,1. Aufl.,Bonn,Goethe & Hafis,2009,457,"Pétis de la Croix, François",,"Steinberg, Jörn","Pétis de la Croix, François",,Anthologie; Anthologie,ger,fre
9783865321084,Teilweise abwesend,Dt. Erstausg.,Bielefeld,Pendragon,2009,190,"Ambjørnsen, Ingvar",,"Haefs, Gabriele",,,,ger,nor
9783833305856,Thomas Mann mampft Kebab am Fuße des Holstentors,,Berlin,Berliner Taschenbuch-Verl.,2009,168,"Esterházy, Péter",,"Gahse, Zsuzsanna",,,,ger,hun
9783546004374,Tiergarten,,Berlin,Claassen,2009,312,"Grossman, Vasilij",,"Narbutovič, Katharina",,,,ger,rus
9783827006226,Über dem Strom,,Berlin,Berlin-Verl.,2009,221,"Itani, Frances",,"Klobusiczky, Patricia","Itani, Frances",,Fiktionale Darstellung; Belletristische Darstellung,ger,eng
9783868001389,Unheimliche Geschichten,Orig.-Ausg.,Augsburg,Weltbild,2009,399,"Poe, Edgar Allan",,"Eulenberg, Hedda",,,Anthologie; Anthologie,ger,eng
9783865391995,Unheimliche Geschichten,Neu gesetzte und korrigierte Ausg.,Wiesbaden,Marix-Verl.,2009,256,"Poe, Edgar Allan",,"Cremer, Wilhelm",,,Anthologie; Anthologie,ger,eng
9783548606668,Unter Glas,"Ungekürzte Ausg., 1. Aufl.",Berlin,List,2009,306,"Atwood, Margaret",,"Pfetsch, Helga","Atwood, Margaret",,,ger,eng
9783442739448,Verliebte Lügner,"Genehmigte Taschenbuchausg., 1. Aufl.",München,btb,2009,315,"Yates, Richard",,"Grube, Anette","Yates, Richard",,Anthologie; Anthologie,ger,eng
9783866474420,Von der Liebe,,Köln,Anaconda,2009,160,"Čechov, Anton Pavlovič",,"Eliasberg, Alexander",,,Anthologie; Anthologie,ger,rus
9783937896526,Von Engeln und Eseln,4. Aufl.,Schwarzenfeld,Neufeld,2009,159,"Trocmé, André",,,"Trocmé, André",,Anthologie; Anthologie,ger,fre
9783100096494,Von Kaiser zu Kaiser,,"Frankfurt, M.",S. Fischer,2009,327,,"Schestag, Eva",,,,,ger,chi
9783868055016,Von Tieren und Menschen,1. Aufl.,Berlin,Pro Business,2009,68,"Ould Badi, Mohamed",,,,"Mamozai, Martha",,ger,und
9783548280318,Wahre Lust,"Dt. Erstausg., 1. Aufl.",Berlin,Ullstein,2009,184,,,"Kuppler, Lisa",,S.,,ger,eng
9783882217438,"Was geschah, während wir schliefen",1. Aufl.,Berlin,Matthes & Seitz ,2009,182,"Kiss, Noémi",,"Relle, Agnes","Kiss, Noémi","Nordmann, Falk",Erzählende Literatur: Gegenwartsliteratur ab 1945; Erzählende Literatur,ger,hun
9783803132239,Was wird,,Berlin,Wagenbach,2009,219,"Kennedy, A. L.",,"Herzke, Ingo","Kennedy, A. L.",,,ger,eng
9783442738731,Weite Welt,"Genehmigte Taschenbuchausg., 1. Aufl.",München,btb,2009,348,"Winton, Tim",,"Berr, Klaus","Winton, Tim",,Anthologie; Anthologie,ger,eng
9783895812088,Wie meine Frau dem Wahnsinn verfiel,,Berlin,Alexander-Verl.,2009,421,"Johnstone, Keith",,"Franzen, Anja",,,,ger,eng
9783866474437,Wieviel Erde braucht der Mensch?,,Köln,Anaconda,2009,96,"Tolstoj, Lev Nikolaevič",,"Eliasberg, Alexander",,,,ger,rus
9783458193227,Winter,1. Aufl.,"Frankfurt, M.",Insel-Verl.,2009,59,"Stasiuk, Andrzej",,"Kühl, Olaf","Stasiuk, Andrzej",,Anthologie; Anthologie,ger,pol
9783548608914,"Wir erzählen uns Geschichten, um zu leben","Ungekürzte Ausg., 1. Aufl.",Berlin,List,2009,300,"Didion, Joan",,"Strubel, Antje Rávik",,,Erzählende Literatur: Gegenwartsliteratur ab 1945,ger,eng
9783257239386,Zehn Wahrheiten,,Zürich,Diogenes,2009,252,"July, Miranda",,"Drechsler, Clara","July, Miranda",,Erzählende Literatur: Gegenwartsliteratur ab 1945,ger,eng
9783406592706,Zwischen den Attentaten,,München,Beck,2009,383,"Adiga, Aravind",,"Modick, Klaus","Adiga, Aravind",,Anthologie; Anthologie; Anthologie; Erzählende Literatur: Gegenwartsliteratur ab 1945,ger,eng
9789536700219,Zwischen Fluch und Toleranz,,Rijeka,Neograf,2009,232,"Polić Kamov, Janko",,"Simonić, Igor",,"Urem, Mladen",,ger,hrv
9783257236569; 3257236565,100 zu 1,,Zürich,Diogenes,2008,225,"Djian, Philippe",,,"Djian, Philippe",,,ger,fre
9783453545212,69 erotische Erzählungen,Vollständige dt. Erstausg.,München,Heyne,2008,301,"Tyler, Alison",,,"Tyler, Alison",,,ger,eng
9783932994517,Abraham,1. Aufl. der Reprint-Ausg.,Düsseldorf,VIS-Medien,2008,363,"Traylor, Ellen Gunderson",,"Neumann, Karl-Heinz","Traylor, Ellen Gunderson",,Fiktionale Darstellung; Belletristische Darstellung,ger,eng
9783929181807; 3929181800,Ahbes Familie und andere Erzählungen,,Thunum/Ostfriesland,Ed. Peperkorn,2008,238,"Chŏn, Sang-guk",,,,,,ger,kor
9783423136983,"Alles Blaue, alles Grüne dieser Welt",Orig.-Ausg.,München,Dt. Taschenbuch-Verl.,2008,255,,"Caner, Beatrix",,,,Anthologie; Anthologie,ger,tur
9783492250146,Als wir unsterblich waren,Ungekürzte Taschenbuchausg.,München,Piper,2008,429,"Parsons, Tony",,,"Parsons, Tony",,Fiktionale Darstellung; Belletristische Darstellung,ger,eng
9783865913418,An deiner Seite,1. Aufl.,Asslar,GerthMedien,2008,63,,"Gray, Alice",,,,,ger,eng
9783837202724; 9781846986581,Anthologie des Schmerzes,,"Frankfurt, M.",August-von-Goethe-Literaturverl.,2008,68,"Jovanović, Aleksandar Sascha",,,,,,ger,hrv
9783499332555,Auf den Hund gekommen,"Ungekürzte Ausg., Neuausg.",Reinbek bei Hamburg,Rowohlt-Taschenbuch-Verl.,2008,445,"Herriot, James",,,"Herriot, James",,Anthologie; Anthologie,ger,eng
9783941056008,Auftrieb,,Berlin,Tzuica-Verl.,2008,137,"Sowula, Katarzyna",,"Voelkel, Benjamin","Sowula, Katarzyna",,,ger,pol
9783492242615,Aufzeichnungen aus einem Totenhaus und drei Erzählungen,"Ungekürzte Taschenbuchausg., 2. Aufl.",München,Piper,2008,878,"Dostoevskij, Fëdor Michajlovič",,"Rahsin, E. K.",,,,ger,rus
9783865391704,Aufzeichnungen eines Jägers und andere phantastische Erzählungen,Neugesetzte Ausg.,Wiesbaden,Marixverl.,2008,477,"Turgenev, Ivan Sergeevič",,"Eliasberg, Alexander",,,Fiktionale Darstellung; Anthologie; Belletristische Darstellung; Anthologie,ger,rus
9789759961398,Ausgewaehlte Anekdoten von Karagöz und Hacivat,1. Ausg.,İstanbul,Profil,2008,48,,"Üstün, Zeynep",,,,,ger,tur
9789759961350,"Ausgewählte Anekdoten von Nasreddin Hoca, Nasreddin dem Gelehrten",1. Ausg.,İstanbul,Profil,2008,46,,"Küçüt, Demet",,,,,ger,tur
9783257066548; 3257066546,Ausgewählte Erzählungen,,Zürich,Diogenes,2008,661,"Bradbury, Ray","Keel, Daniel",,,,Erzählende Literatur: Gegenwartsliteratur ab 1945,ger,eng
9789759961367,Ausgewählte Geschichten,1. Ausg.,İstanbul,Profil,2008,48,Ömer Seyfeddin,"Küçüt, Demet",,,,,ger,tur
9789759961336,Ausgewaehlte Geschichten aus dem Epos Dede Korkut,1. Ausg.,İstanbul,Profil,2008,47,,"Küçük, Demet",,,,,ger,tur
9789759961381,Ausgewaehlte Geschichten aus dem Mesnewi,1. Ausg.,İstanbul,Profil,2008,47,Ǧalāl-ad-Dīn Rūmī,,"Açba, Dilruba Leyla",Ǧalāl-ad-Dīn Rūmī,,,ger,per
9789759961435,Ausgewählte Geschichten aus Safahat,1. Ausg.,İstanbul,Profil,2008,47,,"Üstün, Zeynep",,,,,ger,tur
9783827008039,Beethoven war ein Sechzehntel schwarz,,Berlin,Berlin-Verl.,2008,172,"Gordimer, Nadine",,,"Gordimer, Nadine",,,ger,eng
9783866472341,Best of father Brown,,Köln,Anaconda,2008,383,"Chesterton, G. K.","Fuchs, Isabelle",,,,"Anthologie; Anthologie; Krimis, Thriller, Spionage",ger; eng,eng
9783453811645,Black Box,"Dt. Erstausg., Orig.-Ausg.",München,Heyne,2008,509,"Hill, Joe",,"Riffel, Hannes","Hill, Joe",,,ger,eng
9783833305191; 3833305193,Dämmerung und andere Erzählungen,,Berlin,Berliner Taschenbuch-Verl.,2008,174,"Salter, James",,,"Salter, James",,,ger,eng
9783499247415; 3499247410,Das Armband,Neuausg.,Reinbek bei Hamburg,Rowohlt-Taschenbuch-Verl.,2008,348,,,"Orth-Guttmann, Renate",,"Slaughter, Karin","Anthologie; Anthologie; Anthologie; Krimis, Thriller, Spionage",ger,eng
9783867300766; 9783867300773,Das blaue Leben und andere Erzählungen,,Leipzig,Faber & Faber,2008,275,"Gorʹkij, Maksim",,"Scholz, August",,"Gubig, Matthias",,ger,rus
9783492254571,Das Fieber,Ungekürzte Taschenbuchausg.,München,Piper,2008,222,"Le Clézio, J. M. G.",,,"Le Clézio, J. M. G.",,,ger,fre
9783935535212,Das große Türkei-Lesebuch,1. Aufl.,"Frankfurt, M.",Literaturca,2008,366,,"Caner, Mesut",,,,Anthologie; Anthologie,ger,tur
9783866345577,Das Mondmetall,2. Aufl.,Halle,Projekte-Verl. Cornelius,2008,160,,"Müller, Wilko",,,,,ger,eng; rus
9783426663547,Das Weihnachtskind und andere Geschichten zur stillen Zeit,,München,Knaur,2008,299,"Binchy, Maeve",,,"Binchy, Maeve",,,ger,eng
9783939542308,Den Jungs geht's gut,1. Aufl.,Hamburg,Männerschwarm-Verl. ,2008,155,"Preston, John",,,"Preston, John",,,ger,eng
9783257237931,Der Büchersack und andere Erzählungen,,Zürich,Diogenes,2008,473,"Maugham, William Somerset",,,,,Erzählende Literatur: Hauptwerk vor 1945,ger,eng
9783492242646,Der Doppelgänger,"Ungekürzte Taschenbuchausg., 2. Aufl.",München,Piper,2008,951,"Dostoevskij, Fëdor Michajlovič",,"Rahsin, E. K.",,,,ger,rus
9783499245398,Der erfundene Freund,,Reinbek bei Hamburg,Rowohlt-Taschenbuch-Verl.,2008,138,"Parrella, Valeria",,,"Parrella, Valeria",,Anthologie; Anthologie,ger,ita
9783423191203; 3423191201,Der Freund des Menschen,,München,Dt. Taschenbuch-Verl.,2008,350,"Levi, Primo",,,,,,ger,ita
9783502180951,Der gefälschte König,,"Frankfurt, M.",Scherz,2008,239,"Archer, Jeffrey",,,"Archer, Jeffrey",,,ger,eng
9783458174059,Der goldene Apfel,1. Aufl.,"Frankfurt, M.",Insel-Verl.,2008,675,,"Schroeder, Michael",,,,,ger,lat; gre
9783866600522; 3866600526,Der große Koffer,1. Aufl.,Leipzig,Erata-Literaturverl.,2008,81,"Dodovski, Ivan",,,,,,ger,mac
9783378006874,Der Hibiskushimmel,1. Aufl.,Berlin,Kiepenheuer,2008,344,"Edwards, Kim",,,"Edwards, Kim",,Fiktionale Darstellung; Belletristische Darstellung,ger,eng
9783257066524,Der illustrierte Mann,Vollst. überarb. Neuausg.,Zürich,Diogenes,2008,334,"Bradbury, Ray",,,"Bradbury, Ray",,,ger,eng
9783423252836; 3423252839,Der Mann am Strand,,München,Dt. Taschenbuch-Verl. ,2008,126,"Mankell, Henning",,,"Mankell, Henning",,"Anthologie; Anthologie; Krimis, Thriller, Spionage",ger,swe
9783861508038; 3861508036,Der Philip-K.-Dick-Companion,"Neuausg., 1. Aufl.","Frankfurt, M.",Haffmans bei Zweitausendeins,2008,93,,"Arntz, Heiko",,,"Dick, Philip K.",,ger,eng
9783250600480,Der Raub des königlichen Schlafs,1. Aufl.,Zürich,Ammann,2008,478,"Kadare, Ismail",,,,,,ger,alb
9783765519840,Der Traum des jungen Zaren und andere Erzählungen,,Gießen,Brunnen-Verl.,2008,90,"Tolstoj, Lev Nikolaevič",,,,,,ger,rus
9783596900312; 359690031X,Der Untergang des Hauses Usher und andere Erzählungen,Ungekürzte Ausg.,"Frankfurt, M.",Fischer-Taschenbuch-Verl.,2008,180,"Poe, Edgar Allan",,"Etzel, Gisela",,,Erzählende Literatur: Hauptwerk vor 1945,ger,eng
9783499245640,Der verführerische Teufel,Dt. Erstausg.,Reinbek bei Hamburg,Rowohlt-Taschenbuch-Verl.,2008,139,"Camilleri, Andrea",,"Kahn, Moshe","Camilleri, Andrea",,Fiktionale Darstellung; Belletristische Darstellung; Belletristische Darstellung,ger,ita
9783423094795,Detective stories,,München,Dt. Taschenbuch-Verl.,2008,131,,,"Schumacher, Theo",,"Wallace, Edgar; Christie, Agatha; Sayers, Dorothy L.","Anthologie; Anthologie; Krimis, Thriller, Spionage",ger; eng,eng
9783100245021,Die Angel meines Großvaters,,"Frankfurt, M.",S. Fischer,2008,206,"Gao, Xingjian",,,,,Anthologie; Anthologie,ger,chi
9783858698971; 3858698970,Die beiden Türen der Welt,2. Auflage 2020,Zürich,Rotpunktverlag,2008,110,"Ruchat, Anna",,"Kristen, Franziska",,,Erzählende Literatur,ger,ita
9783866472174,Die Canterbury-Erzählungen,,Köln,Anaconda,2008,794,"Chaucer, Geoffrey",,,"Chaucer, Geoffrey",,,ger,eng
9783833305283; 3833305282,Die Damen von Grace Adieu,,Berlin,Berliner Taschenbuch-Verl.,2008,244,"Clarke, Susanna",,,"Clarke, Susanna",,,ger,eng
9783406568374; 3406568378,Die Edda,,München,Beck,2008,141,,"Simek, Rudolf",,,Snorri,Erzählende Literatur,ger,ice
9783453522763,Die Elbenhandtasche,Dt. Erstausg.,München,Heyne,2008,416,"Link, Kelly",,"Brammertz, Ute","Link, Kelly",,Anthologie; Anthologie,ger,eng
9783462040456,Die Erzählungen,,Köln,Kiepenheuer & Witsch,2008,351,"García Márquez, Gabriel",,,,,,ger,spa
9783458352228,Die Erzählungen und Märchen,1. Aufl.,"Frankfurt, M.",Insel-Verl.,2008,254,"Wilde, Oscar",,"Grove, Frederick Philip",,,,ger,eng
9783458350996,Die großen Erzählungen,1. Aufl.,"Frankfurt, M.",Insel-Verl.,2008,238,"Gogolʹ, Nikolaj Vasilʹevič",,,,,,ger,rus
9783866600355,Die Großkapitäne,1. Aufl.,Leipzig,"Erata, Literaturverl.",2008,225,"Sena, Jorge de",,,"Sena, Jorge de",,,ger,por
9783940597052,Die grüne Flagge,,Barnstorf,Verl. 28 Eichen,2008,287,"Doyle, Arthur Conan","Spittel, Olaf R.","Hillich, Reinhard","Doyle, Arthur Conan",,Anthologie; Anthologie,ger,eng
9783940111241; 3940111244,Die Insel der Stimmen,1. Aufl.,"Frankfurt, M.",Ed. Büchergilde,2008,148,"Stevenson, Robert Louis",,"Mummendey, Richard",,,Anthologie; Anthologie,ger,eng
9783442737659,Die japanische Couch,"Dt. Erstveröff., 1. Aufl.",München,btb,2008,252,"Okuda, Hideo",,,"Okuda, Hideo",,Fiktionale Darstellung; Belletristische Darstellung,ger,jpn
9783596510535,Die Liebe einer Frau,Limitierte Sonderausg.,"Frankfurt, M.",Fischer-Taschenbuch-Verl.,2008,285,"Munro, Alice",,,,,Erzählende Literatur: Gegenwartsliteratur ab 1945,ger,eng
9783312004072; 3312004071,Die Lyrik der Romandie,,München,Nagel & Kimche,2008,261,,"Jaccottet, Philippe",,,,,ger; fre,fre
9783257066531,Die Mars-Chroniken,Vollst. überarb. Neuausg.,Zürich,Diogenes,2008,372,"Bradbury, Ray",,,"Bradbury, Ray",,,ger,eng
9783257237955,Die romantische junge Dame und andere Erzählungen,,Zürich,Diogenes,2008,359,"Maugham, William Somerset",,,,,Erzählende Literatur: Hauptwerk vor 1945,ger,eng
9783455401127,Die Schmuckschatulle,1. Aufl.,Hamburg,Hoffmann und Campe,2008,143,"Lessing, Doris",,"Christ, Barbara",,,,ger,eng
9783351032494,Die schönsten Erzählungen,1. Aufl.,Berlin,Aufbau,2008,318,"Poe, Edgar Allan","Salmen, Christina","Beyer, Werner",,,,ger,eng
9783763258291,Die Tür in der Mauer,1. Aufl.,"Frankfurt, M.",Büchergilde Gutenberg,2008,155,"Wells, H. G.",,,,,Anthologie; Anthologie,ger,eng
9783257237962,Die Winterkreuzfahrt und andere Erzählungen,,Zürich,Diogenes,2008,381,"Maugham, William Somerset",,,,,Erzählende Literatur: Hauptwerk vor 1945,ger,eng
9783937158389,Dream homes,,Stuttgart,Merz & Solitude,2008,118,"Rose-Innes, Henrietta",,,,,,ger,eng
9783865216649; 3865216641,Durch die blauen Felder,1. Aufl.,Göttingen,Steidl,2008,190,"Keegan, Claire",,,"Keegan, Claire",,,ger,eng
9783928637411,Eigenheiten eines blonden Mädchens,,Köln,Ed. Sisyphos,2008,105,"Queirós, Eça de",,"Haehnel, Gisela",,,,ger,por
9783851298161,Ein bißchen Glück für später,,Klagenfurt,Wieser,2008,411,"Rančev, Palmi",,"Sitzmann, Alexander",,,,ger,bul
9783518125397,Ein Schritt weiter,"Orig.-Ausg., 1. Aufl.","Frankfurt, M.",Suhrkamp,2008,293,,,"Vennemann, Kevin",,,Anthologie; Anthologie,ger,eng
9783928788656,Ein Stück trockenes Brot,,Winsen/Luhe,Boldt,2008,48,"Burg, Josef",,,,,,ger,yid
9783257237948,Eine flüchtige Beziehung und andere Erzählungen,,Zürich,Diogenes,2008,329,"Maugham, William Somerset",,,,,Erzählende Literatur: Hauptwerk vor 1945,ger,eng
9783827007872; 3827007879,"Eine, zwei, noch eine Geschichte-n",,Berlin,Berlin-Verl.,2008,94,,,,,"Kertész, Imre; Esterházy, Péter; Schulze, Ingo; Reichert, Josua",Anthologie; Anthologie; Anthologie; Erzählende Literatur: Anthologien,ger,hun
9783630872605; 3630872603,Einfache Rezepte ,1. Aufl.,München,Luchterhand,2008,204,"Thien, Madeleine",,,"Thien, Madeleine",,Anthologie; Anthologie,ger,eng
9783499244698; 3499244691,Eisblumen,,Reinbek bei Hamburg,Rowohlt-Taschenbuch-Verl.,2008,90,"Pilcher, Rosamunde",,,,,Anthologie; Anthologie,ger,eng
9783932109546,Ende der Sonntage,1. Aufl.,Berlin,Friedenauer Presse,2008,144,"Vigevani, Alberto","Schneider, Marianne",,,,,ger,ita
9783882216011,Erzählungen aus Kolyma,1. Aufl.,Berlin,Matthes & Seitz ,2008,318,"Šalamov, Varlam Tichonovič",,,,,,ger,rus
9783854207351,Fast keine Erinnerung,,Graz,Literaturverl. Droschl,2008,182,"Davis, Lydia",,,"Davis, Lydia",,,ger,eng
9783458350286; 3458350284,Father Browns Einfalt,1. Aufl.,"Frankfurt, M.",Insel-Verl.,2008,355,"Chesterton, G. K.",,"Haefs, Hanswilhelm","Chesterton, G. K.",,"Anthologie; Anthologie; Krimis, Thriller, Spionage",ger,eng
9783458350613,Father Browns Geheimnis,1. Aufl.,"Frankfurt, M.",Insel-Verl.,2008,282,"Chesterton, G. K.",,"Haefs, Hanswilhelm","Chesterton, G. K.",,,ger,eng
9783458350620,Father Browns Skandal,1. Aufl.,"Frankfurt, M.",Insel-Verl.,2008,341,"Chesterton, G. K.",,"Haefs, Hanswilhelm","Chesterton, G. K.",,"Anthologie; Anthologie; Krimis, Thriller, Spionage",ger,eng
9783458350309; 3458350306,Father Browns Ungläubigkeit,1. Aufl.,"Frankfurt, M.",Insel-Verl.,2008,308,"Chesterton, G. K.",,"Haefs, Hanswilhelm","Chesterton, G. K.",,"Anthologie; Anthologie; Krimis, Thriller, Spionage",ger,eng
9783458350293; 3458350292,Father Browns Weisheit,1. Aufl.,"Frankfurt, M.",Insel-Verl.,2008,321,"Chesterton, G. K.",,"Haefs, Hanswilhelm","Chesterton, G. K.",,"Anthologie; Anthologie; Krimis, Thriller, Spionage",ger,eng
9783854355588,Feuer am Wort,,Klagenfurt,Drava,2008,291,"Valenzuela, Luisa",,"Lion, Helga",,,,ger,spa
9783499237744; 3499237741,Frühe Erzählungen,,Reinbek bei Hamburg,Rowohlt-Taschenbuch-Verl.,2008,248,"Updike, John",,,,,,ger,eng
9783950243710,Fünfunddreißig,Dt. Erstausg.,Wien,BüroAbrasch,2008,183,"Jónás, Tamás",,"Prinz, Clemens",,,Anthologie; Anthologie,ger,hun
9783257237924,Fußspuren im Dschungel und andere Erzählungen,,Zürich,Diogenes,2008,583,"Maugham, William Somerset",,,,,Erzählende Literatur: Hauptwerk vor 1945,ger,eng
9783861879145; 386187914X,Gay and the City,,Berlin,Gmünder,2008,254,"Mordden, Ethan",,,"Mordden, Ethan",,,ger,eng
9783455401011,Geborgtes Glück,2. Aufl.,Hamburg,Hoffmann und Campe,2008,128,"Trevor, William","Zischler, Hanns",,,,Anthologie; Anthologie,ger,eng
9783546004299; 3546004299,Gefahr und Begierde,,Berlin,Claassen,2008,248,"Zhang, Ailing",,,,,,ger,chi
9783442077595,Gesammelte Erzählungen,,München,Goldmann,2008,668,"Bowles, Paul",,,,,,ger,eng
9783442468461,Gesammelte Erzählungen,1. Aufl.,München,Goldmann,2008,444,"Bowles, Paul",,,,,,ger,eng
9783940597007,Geschichten am Kamin,,Barnstorf,Verl. 28 Eichen,2008,295,"Doyle, Arthur Conan","Spittel, Olaf R.",,"Doyle, Arthur Conan",,,ger,eng
9787119055718,Geschichten aus den historischen Aufzeichnungen,1. Aufl.,Beijing,Verl. für fremdsprachige Literatur,2008,275,,"Tang, Xiaoqing","Zhong, Yingjie",,,Anthologie; Anthologie,ger,chi
9783867620277,Geschichten aus der Nightside,1. Aufl.,Mannheim,Feder & Schwert,2008,251,"Green, Simon R.",,"Hoffmann, Oliver",,,,ger,eng
9783939621065,Geschichten & Gedichte: made in USA,,Bergisch Gladbach,Breuer & Wardin,2008,127,"Birkenbihl, Vera F.",,,"Birkenbihl, Vera F.",,,ger; eng,eng
9783257064285,Geschichten von natürlichen und unnatürlichen Katastrophen,,Zürich,Diogenes,2008,359,"Highsmith, Patricia",,,"Highsmith, Patricia",,,ger,eng
9783833305542,Ghost Town ,,Berlin,Berliner Taschenbuch-Verl.,2008,205,"McGrath, Patrick",,,"McGrath, Patrick",,Anthologie; Anthologie,ger,eng
9783902640444,Gibt es eine Wiederkehr?,,Graz,Ed. Geheimes Wissen,2008,188,"Leadbeater, Charles W.",,,,,,ger,eng
9783933673367; 3933673364,Goodbye America!,,Bonn,Literaturkreis der Deutschen aus Russland,2008,132,"Felde, Swetlana",,"Heinz, Viktor",,,,ger,rus
9783852514222,Goosch der Cellist und andere Geschichten aus Japan,,Neckenmarkt,Ed. Nove,2008,72,"Miyazawa, Kenji",,,,"Wittwer, Rainer",,ger,jpn
9783257066494; 325706649X,Grüne Insel,,Zürich,Diogenes,2008,267,,"Keel, Daniel",,,,Anthologie; Anthologie,ger,eng
9783455036978; 345503697X,Hagars Kinder,1. Aufl.,Hamburg,Hoffmann und Campe,2008,460,"Jones, Edward P.",,,"Jones, Edward P.",,Anthologie; Anthologie,ger,eng
9783453524446,Helix,Überarb. Neuausg.,München,Heyne,2008,398,"Simmons, Dan",,,"Simmons, Dan",,,ger,eng
9783442736164; 3442736161,Herzenslieder,"Genehmigte Taschenbuchausg., 1. Aufl.",München,btb,2008,252,"Proulx, Annie",,,"Proulx, Annie",,Anthologie; Anthologie,ger,eng
9783596510702,Himmel und Hölle,Limitierte Sonderausg.,"Frankfurt, M.",Fischer-Taschenbuch-Verl.,2008,380,"Munro, Alice",,,"Munro, Alice",,,ger,eng
9783257237917,Honolulu und andere Erzählungen,,Zürich,Diogenes,2008,521,"Maugham, William Somerset",,,,,Erzählende Literatur: Hauptwerk vor 1945,ger,eng
9783518459676,Horror-Stories,1. Aufl.,"Frankfurt, M.",Suhrkamp,2008,519,"Lovecraft, H. P.","Hohlbein, Wolfgang",,,,,ger,eng
9783442169849,Hühnersuppe für die Seele - das neue Kochbuch,"Dt. Erstausg., 1. Aufl.",München,Goldmann,2008,400,,"Reulein, Dunja",,,"Canfield, Jack; Hansen, Mark Victor; Von Welanetz Wentworth, Diana",,ger,eng
9783596510696,"Ich wünsche mir, daß irgendwo jemand auf mich wartet",Limitierte Sonderausg.,"Frankfurt, M.",Fischer-Taschenbuch-Verl.,2008,167,"Gavalda, Anna",,,"Gavalda, Anna",,Anthologie; Anthologie,ger,fre
9783546004428,Im Boot,,Berlin,Claassen,2008,332,Nam Le,,,,,,ger,eng
9783257237368,Im Frühling und andere Geschichten von Lust und Leidenschaft,,Zürich,Diogenes,2008,148,"Maupassant, Guy de","Keel, Daniel",,,,Anthologie; Anthologie,ger,fre
9783866600485; 3866600488,Im Geheimzentrum,1. Aufl.,Leipzig,Erata-Literaturverl.,2008,122,"Kuprijanov, Vjačeslav",,,,,,ger,rus
9783423136846,Im Labyrinth der Stadt,,München,Dt. Taschenbuch-Verl.,2008,319,"Jones, Edward P.",,,"Jones, Edward P.",,Anthologie; Anthologie,ger,eng
9783932994524,Johannes,1. Aufl. der Reprint-Ausg.,Düsseldorf,VIS-Medien,2008,325,"Traylor, Ellen Gunderson",,"Neumann, Karl-Heinz","Traylor, Ellen Gunderson",,Fiktionale Darstellung; Belletristische Darstellung,ger,eng
9783257236613,Junger Mann aus reichem Haus,,Zürich,Diogenes,2008,163,"Fitzgerald, F. Scott",,"Abarbanell, Bettina","Fitzgerald, F. Scott",,Erzählende Literatur: Hauptwerk vor 1945,ger,eng
9783550086694; 3550086695,Karma und andere Stories,,Berlin,Ullstein,2008,219,"Reddi, Rishi",,,,,,ger,eng
9783499108358,"Küsschen, Küsschen!",62. Aufl.,Reinbek bei Hamburg,Rowohlt-Taschenbuch-Verl.,2008,301,"Dahl, Roald",,,"Dahl, Roald",,,ger,eng
9783835302419; 3835302418,Kurve und Gerade,,Göttingen,Wallstein-Verl.,2008,223,"Yi, Yun-gi",,,,,,ger,kor
9783940597182,Lady Sannox,,Barnstorf,Verl. 28 Eichen,2008,199,"Doyle, Arthur Conan","Spittel, Olaf R.","Hillich, Reinhard",,,,ger,eng
9783896025494,"Lara, Jill & Lea",,Berlin,Schwarzkopf & Schwarzkopf,2008,399,,,,,"Burton, Jaci; Stacey, Shannon; Hardin, Ann Wesley",Erzählende Literatur: Gegenwartsliteratur ab 1945,ger,eng
9783423136655,Lieben,,München,Dt. Taschenbuch-Verl.,2008,283,"Dische, Irene",,,,,Anthologie; Anthologie,ger,eng
9783492271509,Liebesbisse,Dt. Erstausg.,München,Piper,2008,154,"Castillon, Claire",,"Wurster, Gaby","Castillon, Claire",,,ger,fre
9783257066432; 3257066430,Liebesterror und andere Erzählungen,,Zürich,Diogenes,2008,216,"Tokareva, Viktorija Samojlovna",,"Schneider, Angelika",,,,ger,rus
9783941025028,Lob der Einsamkeit,,Erlangen,Sardes,2008,164,"Tosuner, Necati",,"Pazarkaya, Yüksel",,,,ger,tur
9783763258307,Lord Arthur Saviles Verbrechen,1. Aufl.,Frankfurt am Main,Büchergilde Gutenberg,2008,156,"Wilde, Oscar",,,,,Erzählende Literatur,ger,eng
9783630621067; 3630621066,Mein erster Krieg,"Dt. Erstausg., 1. Aufl.",München,Luchterhand-Literaturverl.,2008,175,"Ashkenazi, Yiftaḥ",,,,,Anthologie; Anthologie,ger,heb
9783940597069,Mein Freund der Mörder,,Barnstorf,Verl. 28 Eichen,2008,255,"Doyle, Arthur Conan","Spittel, Olaf R.","Erler, Nadine","Doyle, Arthur Conan",,,ger,eng
9783852564005; 385256400X,"Mein Vater, der Widder",,Wien,Folio-Verl.,2008,152,,,,,"Zigaina, Giuseppe; Panza, Alberto",,ger,ita
9783763258284,Mikromegas,1. Aufl.,"Frankfurt, M.",Büchergilde Gutenberg,2008,205,Voltaire,,,,,Anthologie; Anthologie,ger,fre
9783499246678,Mögliche Nebenwirkungen,Dt. Erstausg.,Reinbek bei Hamburg,Rowohlt-Taschenbuch-Verl.,2008,364,"Burroughs, Augusten",,,"Burroughs, Augusten",,,ger,eng
9783717521624,Mond überm Dachfirst,,Zürich,Manesse-Verl.,2008,316,"Higuchi, Ichiyō",,"Stein, Michael",,,,ger,jpn
9783908777441; 3908777445,Muntere Geschichten für müde Menschen,Dt.-sprachige Erstausg.,Zürich,Dörlemann,2008,254,"Gellhorn, Martha",,,"Gellhorn, Martha",,Erzählende Literatur,ger,eng
9783423246293; 3423246294,Nachtschwimmen im Rhein,Orig.-Ausg.,München,Dt. Taschenbuch-Verl.,2008,177,"Luo, Lingyuan",,,,,Anthologie; Anthologie,ger,chi
9783417262278; 3417262275,Neue Geschichten für zwischendurch,,Witten,R. Brockhaus,2008,75,"Haaften, Noor van",,,,,,ger,dut
9783351032531,Nimm mich,1. Aufl.,Berlin,Aufbau,2008,315,,"Blinn, Hansjürgen",,,,Anthologie; Anthologie,ger,mul
9783932994500,Noah,1. Aufl. der Reprint-Ausg.,Düsseldorf,VIS-Medien,2008,317,"Traylor, Ellen Gunderson",,"Neumann, Karl-Heinz","Traylor, Ellen Gunderson",,Fiktionale Darstellung; Belletristische Darstellung,ger,eng
9783442737161; 3442737168,Olgas Haus,"Genehmigte Taschenbuchausg., 1. Aufl.",München,btb,2008,255,"Ulickaja, Ljudmila Evgenʹevna",,,,,Anthologie; Anthologie,ger,rus
9783518125199; 3518125192,Orange,"Dt. Erstausg., Orig.-Ausg., 1. Aufl.","Frankfurt, M.",Suhrkamp,2008,272,"Fahey, John",,,,,,ger,eng
9783865913371,Perlen der Erinnerung,1. Aufl.,Asslar,GerthMedien,2008,127,"Oke, Janette",,,,,,ger,eng
9783446209978; 3446209972,Rache der Dinosaurier,,München,Hanser,2008,218,"Eisenberg, Deborah",,,"Eisenberg, Deborah",,,ger,eng
9783852529332,Ritalin Baby,,Weitra,Verl. Bibliothek der Provinz,2008,199,,"Kohl, Walter","Kügel, Stefan",,"Becker, Zdenka",Anthologie; Anthologie; Anthologie,ger,cze
9783717521662; 9783717521679,Rosabels Tagtraum,,Zürich,Manesse-Verl.,2008,361,"Mansfield, Katherine",,"Schirmer, Ruth",,,,ger,eng
9783442555277,Roter Satin,Einmalige Sonderausg.,München,Goldmann,2008,184,"Gray, Marie",,,"Gray, Marie","Schott-Hagedorn, Christiane",,ger,eng
9783257237467; 3257237464,Ruckzuck,Orig.-Ausg.,Zürich,Diogenes,2008,205,,"Kampa, Daniel",,,,Anthologie; Anthologie,ger,mul
9783861508083; 3861508087,Sämtliche 118 SF-Geschichten,"Neuausg., 1. Aufl.","Frankfurt, M.",Haffmans bei Zweitausendeins,2008,638,"Dick, Philip K.",,,,,,ger,eng
9783861508090; 3861508095,Sämtliche 118 SF-Geschichten,"Neuausg., 1. Aufl.","Frankfurt, M.",Haffmans bei Zweitausendeins,2008,623,"Dick, Philip K.",,,,,,ger,eng
9783861508106; 3861508109,Sämtliche 118 SF-Geschichten,"Neuausg., 1. Aufl.","Frankfurt, M.",Haffmans bei Zweitausendeins,2008,614,"Dick, Philip K.",,,,,,ger,eng
9783861508113; 3861508117,Sämtliche 118 SF-Geschichten,"Neuausg., 1. Aufl.","Frankfurt, M.",Haffmans bei Zweitausendeins,2008,623,"Dick, Philip K.",,,,,,ger,eng
9783861508120; 3861508125,Sämtliche 118 SF-Geschichten,"Neuausg., 1. Aufl.","Frankfurt, M.",Haffmans bei Zweitausendeins,2008,631,"Dick, Philip K.",,,,,,ger,eng
9783458069164; 9783458350767,Sämtliche Erzählungen,1. Aufl.,Frankfurt am Main,Insel-Verl.,2008,397,"Poe, Edgar Allan",,,,,,ger,eng
9783458069164; 9783458350774,Sämtliche Erzählungen,1. Aufl.,Frankfurt am Main,Insel-Verl.,2008,385,"Poe, Edgar Allan",,,,,,ger,eng
9783458069164; 9783458350781,Sämtliche Erzählungen,1. Aufl.,Frankfurt am Main,Insel-Verl.,2008,382,"Poe, Edgar Allan",,,,,,ger,eng
9783458069164; 9783458350798,Sämtliche Erzählungen,1. Aufl.,Frankfurt am Main,Insel-Verl.,2008,376,"Poe, Edgar Allan",,,,,,ger,eng
9783868400007,Schaum und Asche,1. Aufl.,Marburg,Vertaal & Verlaat,2008,146,"Slauerhoff, Jan Jacob",,"Sternsdorff, Jürgen",,,,ger,dut
9783036955131; 3036955135,Schlafanstalt für Traumgestörte,Dt. Erstausg.,Zürich,Kein & Aber,2008,298,"Russell, Karen",,,"Russell, Karen",,,ger,eng
9783257011388,Schorschi schrumpft,,Zürich,Diogenes,2008,191,"Heide, Florence Parry",,"Wollschläger, Hans",,"Gorey, Edward",,ger,eng
9783717540694; 3717540696,Schreie der Liebe,,Zürich,Manesse-Verl.,2008,91,"Highsmith, Patricia",,,,,,ger,eng
9783937158396,Schule,,Stuttgart,Merz & Solitude,2008,77,"Bankovskis, Pauls",,"Knoll, Matthias","Bankovskis, Pauls",,,ger,lav
9783905707168; 3905707160,Sechs Tiger in Basel,,Lengwil-Oberhofen,Libelle,2008,221,"Weil, Jiří","Heftrich, Urs",,,,,ger,cze
9783257237825,"Sei wie ein Fluß, der still die Nacht durchströmt",,Zürich,Diogenes,2008,268,"Coelho, Paulo",,,,,Erzählende Literatur: Gegenwartsliteratur ab 1945,ger,por
9783866600553,Sieben Mädchenblicke auf dieselbe Landschaft,1. Aufl.,Leipzig,Erata-Literaturverl.,2008,201,"Tusquets, Esther",,,"Tusquets, Esther",,,ger,spa
9783257237733,Späte Liebe,,Zürich,Diogenes,2008,116,"Singer, Isaac Bashevis",,,,,,ger,eng
9783404158522; 3404158520,Spielfeld der Lust,"Dt. Erstausg., vollst. Taschenbuchausg., 1. Aufl.",Bergisch Gladbach,Bastei Lübbe,2008,299,"Sharp, Kerri",,,"Sharp, Kerri",,,ger,eng
9783837046328,Spuren des Morgens,,Norderstedt,Books on Demand GmbH,2008,83,,,,,"Romanos, Makis",,ger; eng; fre; grc,eng; fre; grc
9783833217326,Star wars - Episode I - III,1. Aufl.,Stuttgart,Panini-Verl.-Gmbh,2008,511,"Wrede, Patricia C.",,,,,,ger,eng
9783442542161,Stranger than fiction,"Dt. Erstveröff., 1. Aufl.",München,Goldmann,2008,285,"Palahniuk, Chuck",,,"Palahniuk, Chuck",,,ger,eng
9783907643068,Sufi-Geschichten,2. Aufl.,Zürich,Verl. Petama Project,2008,141,Ǧalāl-ad-Dīn Rūmī,,,,,,ger,eng
9783548607726; 3548607721,Sugars Gabe,"Ungekürzte Ausg., 1. Aufl.",Berlin,List,2008,183,"Faber, Michel",,,"Faber, Michel",,Anthologie; Anthologie,ger,eng
9783453266049,Sunset,,München,Heyne,2008,479,"King, Stephen",,"Bergner, Wulf","King, Stephen",,"Krimis, Thriller, Spionage",ger,eng
9783940111265; 3940111260,Tausendundeine Nacht,1. Aufl.,"Frankfurt, M.",Ed. Büchergilde,2008,184,,,"Burton, Richard Francis",,,Anthologie; Anthologie,ger,ara
9783763258260,Tausendundeine Nacht,1. Aufl.,"Frankfurt, M.",Büchergilde Gutenberg,2008,184,,,"Burton, Richard Francis",,,Anthologie; Anthologie,ger,ara
9783940111258; 3940111252,Tausendundeine Nacht,1. Aufl.,"Frankfurt, M.",Ed. Büchergilde,2008,181,,,"Galland, Antoine",,,,ger,ara
9783763258253,Tausendundeine Nacht,1. Aufl.,"Frankfurt, M.",Büchergilde Gutenberg,2008,181,,,"Galland, Antoine",,,,ger,ara
9783423136693,Telefongespräche,Ungekürzte Ausg.,München,Dt. Taschenbuch-Verl.,2008,234,"Bolaño, Roberto",,,"Bolaño, Roberto",,,ger,spa
9783257220322,The show must go on?,Orig.-Ausg.,Zürich,Diogenes,2008,397,,,,,"Arjouni, Jakob",Anthologie; Anthologie,ger,mul
9783150106631,Tierische Weihnachtsgäste,,Stuttgart,Reclam,2008,205,,"Prilop, Sabine",,,"Knoll, Eva",Anthologie; Anthologie,ger,mul
9783596168187; 359616818X,Tricks,,"Frankfurt, M.",Fischer-Taschenbuch-Verl.,2008,379,"Munro, Alice",,,"Munro, Alice",,,ger,eng
9783596510474,Tricks,Limitierte Sonderausg.,"Frankfurt, M.",Fischer-Taschenbuch-Verl.,2008,527,"Munro, Alice",,"Zerning, Heidi","Munro, Alice",,,ger,eng
9783939407898,"... und Bosnien, nicht zu vergessen",,Wuppertal,Bosanska Riječ,2008,213,,"Friesel, Uwe",,,,Anthologie; Anthologie; Anthologie,ger,bos
9783442369317,Unersättlich,"Dt. Erstveröff., 1. Aufl.",München,Blanvalet,2008,280,,"Sharp, Kerri",,,,,ger,eng
9783423136440; 3423136448,Unheimliche Geschichten,Neuausg.,München,Dt. Taschenbuch-Verl.,2008,235,"Turgenev, Ivan Sergeevič",,"Baer, Ena von",,,,ger,rus
9783596168620,Unheimliche Gesellschaft,,"Frankfurt, M.",Fischer-Taschenbuch-Verl.,2008,302,"Fuentes, Carlos",,,"Fuentes, Carlos",,,ger,spa
9783596181094,Vicky und der Weihnachtsengel,,"Frankfurt, M.",Fischer-Taschenbuch-Verl.,2008,287,"Ibbotson, Eva",,,"Ibbotson, Eva",,Anthologie; Anthologie,ger,eng
9783293204355,Von Istanbul nach Hakkâri,1. Aufl.,Zürich,Unionsverl.,2008,411,,,,,"Turan, Tevfik",Anthologie; Anthologie,ger,tur
9783548606675; 3548606679,Wahre Geschichten,"Ungekürzte Ausg., 1. Aufl.",Berlin,List,2008,108,"Atwood, Margaret",,,"Atwood, Margaret",,,ger,eng
9783518419618; 3518419617,Warum wir die Frauen lieben,1. Aufl.,"Frankfurt, M.",Suhrkamp,2008,171,"Cărtărescu, Mircea",,,"Cărtărescu, Mircea",,,ger,rum
9783833305023; 3833305029,Wasser und Blut,,Berlin,Berliner Taschenbuch-Verl.,2008,254,"McGrath, Patrick",,,"McGrath, Patrick",,Anthologie; Anthologie; Anthologie,ger,eng
9783150106747,Weihnachtsbescherung,,Stuttgart,Reclam,2008,110,,"Winter, Dorette",,,,Anthologie; Anthologie,ger,eng
9783458174165,Werke,1. Aufl.,"Frankfurt, M.",Insel-Verl.,2008,1088,"Poe, Edgar Allan",,"Schmidt, Arno",,,,ger,eng
9783442218196,Wie fließendes Wasser,"Dt. Erstausg., 1. Aufl.",München,Goldmann,2008,187,"Taehaeng, K'ŭnsŭnim",,,,,Anthologie; Anthologie,ger,kor
9783627001537,"Wie man in eine Zitrone beißt, ohne das Gesicht zu verziehen",Dt. Erstausg.,"Frankfurt, M.",Frankfurter Verl.-Anst.,2008,109,"Pàmies, Sergi",,,"Pàmies, Sergi","Gerlach, Laura J.",Erzählende Literatur,ger,cat
9783442368938,Wild und hemmungslos,"Dt. Erstveröff., 1. Aufl.",München,Blanvalet,2008,284,,"Sharp, Kerri",,,,,ger,eng
9783546004091; 3546004094,"Wir erzählen uns Geschichten, um zu leben",,Berlin,Claassen,2008,300,"Didion, Joan",,,"Didion, Joan",,,ger,eng
9783100488275,Wozu wollen Sie das wissen?,,"Frankfurt, M.",S. Fischer,2008,380,"Munro, Alice",,"Zerning, Heidi","Munro, Alice",,,ger,eng
9783453351738; 3453351738,Wüste Meere,Taschenbucherstausg.,München,Diana-Verl.,2008,158,"Domínguez, Carlos María",,,"Domínguez, Carlos María",,Anthologie; Anthologie,ger,spa
9783446209954,Zähne und Klauen,,München,Hanser,2008,317,"Boyle, T. Coraghessan",,"Grube, Anette","Boyle, T. Coraghessan",,,ger,eng
9783763259199,Zähne und Klauen,,"Frankfurt, M.",Büchergilde Gutenberg,2008,317,"Boyle, T. Coraghessan",,,"Boyle, T. Coraghessan",,,ger,eng
9783257066050; 3257066058,Zehn Wahrheiten,,Zürich,Diogenes,2008,252,"July, Miranda",,,"July, Miranda",,,ger,eng
9783552060715; 3552060715,Zirkus Bulgarien,,Wien,Deuticke,2008,232,"Enev, Dejan",,,,,,ger,bul
9783630621357,Zur Linderung unerträglichen Verlangens,"Genehmigte Taschenbuchausg., 1. Aufl.",München,Luchterhand-Literaturverl.,2008,238,"Englander, Natan",,,"Englander, Natan",,,ger,eng
9783933043184,Zwei Erzählungen,2. Aufl.,Göttingen,Peust & Gutschmidt,2008,267,"Bizyēnos, Geōrgios M.",,"Sidera-Lytra, Paraskeuē",,,,gre; ger,gre
