ISBN,Buchtitel,Auflage,Publikationsort,Publisher,Publikationsjahr,Seitenzahl,Verfasser,Herausgeber,Übersetzer,keineRolle,sonstigeRolle,Gattung_Genre,Sprache,SpracheOriginal
9783757537609; 3757537602,100% Marcels Reime von A-Z,10. Auflage,Berlin,epubli,2023,220,"stuemer, marcellinus",,,,,"Lyrik, Dramatik",ger,
9783757512262; 375751226X,100% Marcels Reime von A-Z,1. Auflage,Berlin,epubli,2023,144,"stuemer, marcellinus",,,,,"Lyrik, Dramatik",ger,
9783985381302; 3985381305,42 verlorene Geschichten,Originalausgabe,Düsseldorf,KLHE,2023,164,"Aygün, Azad",,,,,Fiktionale Darstellung; Romanhafte Biographien,ger,
9783985381319; 3985381313,51 verlorene Geschichten vom 2. Weltkrieg,Originalausgabe,Düsseldorf,KLHE,2023,213,"Aygün, Azad",,,,,Fiktionale Darstellung; Romanhafte Biographien,ger,
9783758319242; 3758319242,75 Jahre,1. Auflage,Norderstedt,BoD – Books on Demand,2023,154,"Klassen, Wilhelm",,,,,Romanhafte Biographien,ger; rus,
9783755766780; 3755766787,77,2. Auflage,Norderstedt,BoD – Books on Demand,2023,84,"Wurzer, Peter",,,,,Lyrik,ger,
9783750431072; 3750431078,Abflugbereit,1. Auflage,Norderstedt,BoD – Books on Demand,2023,124,"von der Way, Bettina",,,,,Lyrik,ger,
9783384033109; 3384033108,Adventskalendergeschichten,,Ahrensburg,tredition,2023,76,"Hale, Talea",,,,,Erzählende Literatur; Erzählende Literatur: Hauptwerk vor 1945,ger,
9783949902154; 3949902155,Als ich Kind war …,1. Auflage,Dortmund,OCM GmbH,2023,145,"Meißner-Johannknecht, Doris",,,,,Fiktionale Darstellung; Anthologie; Lyrik,ger,
9783643511713; 364351171X,Als ich noch der Bauernbub war,,Wien,LIT,2023,165,"Mann, Erwin",,,,,Fiktionale Darstellung; Romanhafte Biographien,ger,
9783757538569; 3757538560,Anderwelt,1. Auflage,Berlin,epubli,2023,172,"Steinberg, Anna",,,,,Romanhafte Biographien,ger,
9783757538576; 3757538579,Anderwelt,2. Auflage,Berlin,epubli,2023,172,"Steinberg, Anna",,,,,Romanhafte Biographien,ger,
9783351042110; 3351042116,Auf der Suche,1. Auflage,Berlin,Aufbau,2023,143,"Fontane, Theodor","D'Aprile, Iwan-Michelangelo",,,,Fiktionale Darstellung; Erzählende Literatur: Hauptwerk vor 1945,ger,
9783748141488; 3748141483,Auf der Zugspitze,1. Auflage,Norderstedt,BoD – Books on Demand,2023,256,"Frischko, Kati; Birnmeyer, Florian; Berger, Birgit",,,,,Lyrik,ger,
9783347906723; 3347906721,AUF UND DAVON,,Ahrensburg,tredition,2023,256,"Mazzei-Karl, Uta",,,,,Romanhafte Biographien,ger,
9783347906730; 334790673X,AUF UND DAVON,,Ahrensburg,tredition,2023,256,"Mazzei-Karl, Uta",,,,,Romanhafte Biographien,ger,
9783990981528; 3990981528,Aus meinem Leben,,Wien,Löcker,2023,202,"Lubomirski, Karl",,,,,Fiktionale Darstellung; Romanhafte Biographien,ger,
9783034017251; 3034017251,Ausgewählte Erzählungen,,Zürich,Chronos,2023,247,"Haller, Lilli","Zeltner, Loriana",,,,Fiktionale Darstellung; Erzählende Literatur: Hauptwerk vor 1945,ger,
9783947083619; 3947083610,Bad Old Low,,Schrobenhausen,Kelebek Verlag,2023,340,"Zurawczak, Sascha","Verlag, Kelebek",,,,"Fiktionale Darstellung; Krimis, Thriller, Spionage; Historische Kriminalromane",ger,
9783969820612; 3969820618,Bahnwärter Thiel,1. Auflage,Berlin,Quintus,2023,87,"Hauptmann, Gerhart",,,"Hauptmann, Gerhart; Hauptmann, Gerhart",,Fiktionale Darstellung; Erzählende Literatur: Hauptwerk vor 1945; Erzählende Literatur,ger,
9783757555139; 3757555139,Beate Hilker Diagnose Morbus Parkinson/Zeit für Tango? Herr Parkinson,6. Auflage,Berlin,epubli,2023,208,"Hilker, Beate",,,,,Romanhafte Biographien,ger,
9783757554415; 3757554418,Beate Hilker Diagnose Morbus Parkinson/Zeit für Tango? Herr Parkinson,5. Auflage,Berlin,epubli,2023,208,"Hilker, Beate",,,,,Romanhafte Biographien,ger,
9783000768125; 3000768122,Bunter Hund,,Regensburg,Dr. Hubert Treml,2023,112,"Treml, Hubert",,,,"Kuran, Klaus",Anthologie; Lyrik,ger,
9783868131161; 3868131167,Celan und die Anderen,,Berlin,Edition Noack & Block,2023,226,,"Gutenberg, Norbert",,,,Anthologie; Lyrik,ger,
9783384031228; 3384031229,Claras Vater,,Ahrensburg,tredition,2023,296,"Liebl, Hildegard",,,,,Erzählende Literatur; Erzählende Literatur: Gegenwartsliteratur ab 1945; Erzählende Literatur: Hauptwerk vor 1945,ger,
9783384031235; 3384031237,Claras Vater,,Ahrensburg,tredition,2023,296,"Liebl, Hildegard",,,,,Erzählende Literatur; Erzählende Literatur: Gegenwartsliteratur ab 1945; Erzählende Literatur: Hauptwerk vor 1945,ger,
9783835353367; 3835353365,Comische Erzählungen,Erste Auflage,Göttingen,Wallstein Verlag,2023,213,"Wieland, Christoph Martin","Nowitzki, Hans-Peter",,,,Anthologie; Lyrik,ger,
9783902928238; 3902928239,Dalebt und dalost,,Pottenbrunn,L & L Verlag,2023,183,"Girsch, Veronika",,,,"Funk, Margit",Anthologie; Lyrik,ger,
9783947435579; 3947435576,Damals in Bühne,1. Auflage,Borgentreich-Bühne,Verlag der Ostwestfalen-Akademie,2023,127,"Guss, Kurt",,,,,Fiktionale Darstellung; Romanhafte Biographien,ger,
9783965770508; 3965770500,Das alte Leben,"Originalausgabe, 1. Auflage",Marburg,Verlag Blaues Schloss,2023,202,"Pfürtner-Bloos, Irmgard",,,,,Anthologie; Lyrik,ger,
9783746014722; 3746014727,Das blaue Pferd,2. Auflage,Norderstedt,BoD – Books on Demand,2023,256,"Tesch, Gerd",,,,,Lyrik,ger,
9783758413483; 3758413486,Das Kaleidoskop der Erzählungen,1. Auflage,Berlin,epubli,2023,76,"Manucci-Belmonte, Emilio",,,,,"Lyrik, Dramatik",ger,
9783943275704; 3943275701,Das Seegespenst und andere sonderbare Geschichten,1. Auflage,Berlin,Edition Dornbrunnen,2023,198,"Bethlen, Graf Nikolaus; Blaul, Friedrich; Brand, Karl; Bruhl, Leo am; Gabelentz, Georg von der; Hammer, Ernst; Heller, Frank; Krug, A. C.; Müller, Beat von; Otto, Friedrich; Reh, Karl Christian; Rice, James; Ringelnatz, Joachim; Schumacher, Fritz; Schwarzkopf, Gustav; Watzlik, Hans","Dangel, Lars",,,,Anthologie; Erzählende Literatur: Hauptwerk vor 1945,ger,
9783596709595; 3596709598,Das Urteil,,Frankfurt am Main,FISCHER Taschenbuch,2023,109,"Kafka, Franz",,,"Kafka, Franz; Kafka, Franz",,Fiktionale Darstellung; Erzählende Literatur: Hauptwerk vor 1945; Erzählende Literatur,ger,
9783757815349; 3757815343,Das Weihnachtslachen,1. Auflage,Norderstedt,BoD – Books on Demand,2023,76,"von Oepen, Ulrike",,,,,Lyrik,ger,
9783758404283; 3758404282,"Davor war alles anders, danach auch",1. Auflage,Berlin,epubli,2023,400,"Ehbauer, Isis",,,,,Romanhafte Biographien,ger,
9783757812331; 3757812336,Der herbe Geschmack von Kaffee,1. Auflage,Norderstedt,BoD – Books on Demand,2023,102,"Aman, M.",,,,,Lyrik,ger,
9783150143940; 3150143942,Der Kondor,,Ditzingen,Reclam,2023,85,"Stifter, Adalbert",,,"Stifter, Adalbert; Stifter, Adalbert","Ruttmann, Irene",Fiktionale Darstellung; Erzählende Literatur: Hauptwerk vor 1945,ger,
9783949979217; 3949979212,Der Mond vor dem astronomisch-poetischen Fernrohr,,Bonn,Kid Verlag,2023,119,"Dautel, Ernst",,,,,Anthologie; Lyrik,ger,
9783757828721; 3757828720,Der Welt ein Augenzwinkern,1. Auflage,Norderstedt,BoD – Books on Demand,2023,184,"Ballerstaller, Max",,,,,Lyrik,ger,
9783757524845; 3757524845,Deutschsprachige Gedichte - Eine Anthologie,1. Auflage,Berlin,epubli,2023,292,"Straetling, Renate","Straetling, Renate",,,,"Lyrik, Dramatik",ger,
9783406809057; 3406809057,Die Erzählungen,6. Auflage,München,C.H. Beck,2023,512,"Doderer, Heimito von","Schmidt-Dengler, Wendelin",,,,Anthologie; Erzählende Literatur: Anthologien; Erzählende Literatur: Hauptwerk vor 1945,ger,
9783406809057,Die Erzählungen,6. Auflage,München,Verlag C.H. Beck,2023,512,"Doderer, Heimito von","Schmidt-Dengler, Wendelin",,,,Fiktionale Darstellung; Erzählende Literatur; Erzählende Literatur: Hauptwerk vor 1945; Erzählende Literatur: Anthologien,ger,
9783757552190; 3757552199,Die Reise nach Alzheim,2. Auflage,Berlin,epubli,2023,232,"Schatz, Andrea",,,,,Romanhafte Biographien,ger,
9783257072525; 325707252X,Die schwarze Spinne und andere Erzählungen,,Zürich,Diogenes,2023,551,"Gotthelf, Jeremias","Theisohn, Philipp",,,,Fiktionale Darstellung; Erzählende Literatur: Hauptwerk vor 1945,ger,
9783940206961; 3940206962,Die verhexten Spatzen,,Bad Kleinen,Lexikus Verlag,2023,130,"Kloerss, Sophie",,,,,Erzählende Literatur: Hauptwerk vor 1945,ger,
9783744835008; 3744835006,Dies und Das,1. Auflage,Norderstedt,BoD – Books on Demand,2023,68,"Wacker, Brigitte Anna Lina",,,,,Lyrik,ger,
9783753435596; 3753435597,Dreizehn Geschichten aus aller Welt,3. Auflage,Norderstedt,BoD – Books on Demand,2023,180,"Flor, Ana",,,,,Lyrik,ger,
9783940206923; 394020692X,Ein Kränzlein fein,,Bad Kleinen,Lexikus Verlag,2023,230,"Kloerss, Sophie",,,,,Erzählende Literatur: Hauptwerk vor 1945,ger,
9783940206770; 3940206776,Eine lustige Gesellschaft,,Bad Kleinen,Lexikus Verlag,2023,280,"Kloerss, Sophie",,,,,Erzählende Literatur: Hauptwerk vor 1945,ger,
9783347991026; 3347991028,Einmal Twitter und zurück,,Ahrensburg,tredition,2023,208,Hopper,,,,,Romanhafte Biographien,ger,
9783347991033; 3347991036,Einmal Twitter und zurück,,Ahrensburg,tredition,2023,208,Hopper,,,,,Romanhafte Biographien,ger,
9783757854324; 3757854322,Einzelheiten,1. Auflage,Norderstedt,BoD – Books on Demand,2023,84,"Brühl, Ruth",,,,,Lyrik,ger,
9783959780377; 3959780370,Erzählungen 1883-1920,,Kassel,Jenior,2023,258,"Pardo Bazán, Emilia","Gómez-Montero, Javier","Ammar, Angelica; Bischoff, Christina; Blum, Svenja; Otto, André; Römer, Sara-Maria; Strien-Bourmer, Petra; Weber, Florian",,,Anthologie; Erzählende Literatur: Hauptwerk vor 1945,ger,
9783596709649; 3596709644,Erzählungen von Tieren,,Frankfurt am Main,FISCHER Taschenbuch,2023,190,"Kafka, Franz","Stach, Reiner",,,"Stach, Reiner",Anthologie; Erzählende Literatur: Hauptwerk vor 1945,ger,
9783758408687; 3758408687,"Es weihnachtet sehr, oder?",4. Auflage,Berlin,epubli,2023,140,"Micheel, Reinhard",,,,,Romanhafte Biographien,ger,
9783347901247; 334790124X,"FARBGLEICHGEWICHT - Ein Gedichtband und kurze Geschichten aus dem Leben. Liebe, Verlust, Glück, Freude, innere Zerrissenheit. Burnout und Corona inklusive.",,Ahrensburg,tredition,2023,112,"Richard, Stefan",,,,,Romanhafte Biographien,ger,
9783347901230; 3347901231,"FARBGLEICHGEWICHT - Ein Gedichtband und kurze Geschichten aus dem Leben. Liebe, Verlust, Glück, Freude, innere Zerrissenheit. Burnout und Corona inklusive.",,Ahrensburg,tredition,2023,124,"Richard, Stefan",,,,,Romanhafte Biographien; Gemischte Anthologien,ger,
9783757546564; 3757546563,FLUCH & SEGEN,1. Auflage,Berlin,epubli,2023,128,"Novy, Michael",,,,,Romanhafte Biographien,ger,
9783757542085; 3757542088,Forever Punkerin/Forever Punkerin I &amp; II,12. Auflage,Berlin,epubli,2023,192,"Schlagowski, Alexandra",,,,,Romanhafte Biographien,ger,
9783947674497,Frau Wirtin und noch mehr wahre Geschichten,,Berlin,Treibgut Verlag,2023,127,,,,"Röhricht, Reinhard",,Anthologie; Lyrik,ger,
9783757891893; 3757891899,Frieders letztes Lachen,1. Auflage,Norderstedt,BoD – Books on Demand,2023,216,"Fischer, Achim",,,,,Romanhafte Biographien,ger,
9783757570828; 3757570820,Fussel_21 on Tour - Vom Straßenhund zum Punky Dog -,3. Auflage,Berlin,epubli,2023,84,"Kutzer, Jacinta",,,,,Romanhafte Biographien,ger,
9783757562717; 3757562712,Fussel_21 on Tour - Vom Straßenhund zum Punky Dog -,2. Auflage,Berlin,epubli,2023,52,"Kutzer, Jacinta",,,,,Romanhafte Biographien,ger,
9783757570842; 3757570847,Fussel_21 on Tour - Vom Straßenhund zum Punky Dog,3. Auflage,Berlin,epubli,2023,82,"Kutzer, Jacinta",,,,,Romanhafte Biographien,ger,
9783757564223; 3757564227,Fussel_21 on Tour - Vom Straßenhund zum Punky Dog,1. Auflage,Berlin,epubli,2023,84,"Kutzer, Jacinta",,,,,Romanhafte Biographien,ger,
9783757568108; 3757568109,Fussel_21 on Tour - Vom Straßenhund zum Punky Dog,2. Auflage,Berlin,epubli,2023,82,"Kutzer, Jacinta",,,,,Romanhafte Biographien,ger,
9783757568047; 3757568044,Fussel_21 on Tour - Vom Straßenhund zum Punky Dog,2. Auflage,Berlin,epubli,2023,84,"Kutzer, Jacinta",,,,,Romanhafte Biographien,ger,
9783757570835; 3757570839,Fussel_21 on Tour - Vom Straßenhund zum Punky Dog,2. Auflage,Berlin,epubli,2023,84,"Kutzer, Jacinta",,,,,Romanhafte Biographien,ger,
9783757569143; 3757569148,Fussel_21 on Tour/Mit Fussel_21 on Tour durch den Advent,1. Auflage,Berlin,epubli,2023,56,"Kutzer, Jacinta",,,,,Romanhafte Biographien,ger,
9783968370217; 396837021X,Ganz normale Tage,1. Auflage,Hamburg,Marta Press,2023,237,"Jäger, Anna Irmgard",,,,,Fiktionale Darstellung; Romanhafte Biographien,ger,
9783949143298; 3949143297,Geboren im Tausendjährigen Reich,1. Auflage,Lengenfeld,Edition scribere & legere,2023,144,"Erbler, Gertrud",,,,,Fiktionale Darstellung; Romanhafte Biographien,ger,
9783743151703; 3743151707,"Gedanken, Gedichte und Geschichten",1. Auflage,Norderstedt,BoD – Books on Demand,2023,42,"Westig, Klaus",,,,,Lyrik,ger,
9783734710612; 3734710618,Gedankensplitter,1. Auflage,Norderstedt,BoD – Books on Demand,2023,204,"Lisiecki, Frank",,,,,Lyrik,ger,
9783758302077; 3758302072,Gedankenwelt-inTime Anthologie,1. Auflage,Norderstedt,BoD – Books on Demand,2023,232,"Bodany, Christian","Kämmle, Bodo",,,,Lyrik,ger,
9783753440156; 3753440159,Gedichte und Aphorismen erzählen Geschichten,5. Auflage,Norderstedt,BoD – Books on Demand,2023,246,"Menzel, Horst Reiner",,,,,Lyrik,ger,
9783989130623; 3989130625,"Gedichte und Geschichten zum Vortragen, leise Lesen, zum Nachdenken",,Borsdorf,edition winterwork,2023,192,"Henkel, Werner",,,,,Lyrik,ger,
9783989130586; 3989130587,Gedichte und Kurzgeschichten,,Borsdorf,edition winterwork,2023,133,"Exner, Adelheid",,,,,Anthologie; Lyrik,ger,
9783758312120; 3758312124,"Gedichte, Gedanken, Geschichten",1. Auflage,Norderstedt,BoD – Books on Demand,2023,194,"Hollendohner, Erwin Emin",,,,,Lyrik,ger,
9783758319396; 3758319390,Geschichten die von Herzen kommen und zu Herzen gehen,1. Auflage,Norderstedt,BoD – Books on Demand,2023,44,"Hachenberger, Marlies",,,,,Romanhafte Biographien,ger,
9783758300448; 3758300444,Geschichten für die dunkle Jahreszeit,1. Auflage,Norderstedt,BoD – Books on Demand,2023,98,"Seyhan, Monika",,,,,Lyrik,ger,
9783869332949; 3869332948,Geschichten von Fliegern und anderen Durchgeknallten,,Aachen,Helios,2023,180,"Laube, Heinz S.",,,,,Fiktionale Darstellung; Romanhafte Biographien,ger,
9783990162514; 3990162519,Gläsern und Glänzen,Erste Auflage,Oberwart,edition lex liszt 12,2023,143,,"Untner, Laura; Handl, Julius",,,,Anthologie; Lyrik,ger,
9783757860301; 3757860306,Glück und andere Momente,1. Auflage,Norderstedt,BoD – Books on Demand,2023,146,"Jahnel, Johanna",,,,,Lyrik,ger,
9783384259721; 3384259726,Gute Besserung - Steffen Kersken - 2023,,Ahrensburg,tredition,2023,76,"Kersken, Steffen",,,,,Erzählende Literatur: Hauptwerk vor 1945,ger,
9783384259752; 3384259750,Gute Besserung - Steffen Kersken - 2023,Großdruckausgabe,Ahrensburg,tredition,2023,76,"Kersken, Steffen",,,,,Erzählende Literatur: Hauptwerk vor 1945,ger,
9783384259738; 3384259734,Gute Besserung - Steffen Kersken - 2023,,Ahrensburg,tredition,2023,76,"Kersken, Steffen",,,,,Erzählende Literatur: Hauptwerk vor 1945,ger,
9783758401923; 3758401925,Heilsame Trauma-Geschichten,1. Auflage,Berlin,epubli,2023,280,"Mularczyk, Sandra",,,,,Romanhafte Biographien,ger,
9783347985124; 3347985125,Heiter oder Tödlich - Alles ist Möglich - Kurzgeschichten von lustigen Erlebnissen im Rheingau bis zu gemeiner Rache und tödlichen Entschlüssen,,Ahrensburg,tredition,2023,180,"Brunn, Imke",,,,,Erzählende Literatur: Hauptwerk vor 1945; Spannung; Erzählende Literatur,ger,
9783037631478; 3037631473,I mag eifach nid!,,Lachen,Wörterseh,2023,232,"Hemmi, Hardy; Schmid, Rolf",,,,,Fiktionale Darstellung; Romanhafte Biographien,ger,
9783932713118; 3932713117,Ich bin … da,Erste Auflage,Schömberg,Edition Musica Poetica,2023,92,Johannes Christoph,,,,,Lyrik,ger,
9783948156732; 3948156735,Ich will alles von der Welt,,,,2023,204,,"Polinske, Jürgen",,,,Anthologie; Lyrik,eng; ger; spa,
9783945634776; 3945634776,Ihrerseitz - Anekdoten,,Duisburg,Verlag Dialog-Edition,2023,110,"Seitz, Nicola",,,,,Anthologie; Lyrik,ger,
9783757563202; 3757563204,Im Chemokarussell,2. Auflage,Berlin,epubli,2023,220,"Kramberger, Nives",,,,,Romanhafte Biographien,ger,
9783937211527; 3937211527,Im Zwischenland,"Ungekürzte Ausgabe nach der Erstpublikation als Novellensammlung 1902 (2. korr. u. erg. Auflage; neu hinzugekommen sind drei zeitgenössische Rezensionen), mit Erläuterungen, zeitgenössischen Rezensionen)",Taching,MedienEdition Welsch,2023,466,"Andreas-Salomé, Lou","Benert, Britta",,,"Benert, Britta",Fiktionale Darstellung; Erzählende Literatur: Hauptwerk vor 1945,ger,
9783757974985; 3757974980,Jahre des Sturms: Sammelband 10-12,,München,tolino media,2023,620,"Kendall, Irvin L.",,,,,Romanhafte Biographien,ger,
9783757546540; 3757546547,KEIN LEICHTES SPIEL,1. Auflage,Berlin,epubli,2023,232,"Novy, Michael",,,,,Romanhafte Biographien,ger,
9783757808648; 3757808649,Ketten der Gerechtigkeit,1. Auflage,Norderstedt,BoD – Books on Demand,2023,148,"Kosmos, Rosa Justitia",,,,,Lyrik,ger,
9783757823948; 375782394X,"Kirschblüten, Vollmond, Zeitoasen",1. Auflage,Norderstedt,BoD – Books on Demand,2023,24,"Steinkoenig, Gerd",,,,,Lyrik,ger,
9783758316241; 3758316243,Kokin wakashû,1. Auflage,Norderstedt,BoD – Books on Demand,2023,414,"Adelmeier, Björn",,,,,Lyrik,ger,
9783150143384; 3150143381,Krambambuli und andere Erzählungen,,Ditzingen,Reclam,2023,80,"Ebner-Eschenbach, Marie von",,,,,Anthologie; Erzählende Literatur: Hauptwerk vor 1945; Erzählende Literatur,ger,
9783758444586; 3758444586,Kurze Geschichten aus dem geschlachteten Syrien,6. Auflage,Berlin,epubli,2023,180,"Alibrahim, Dichter Kusai",,,,,"Lyrik, Dramatik",ger,
9783347745216; 3347745213,Kurzum - Kurzgeschichten,Großdruckausgabe,Ahrensburg,tredition,2023,236,"Kleber, Bernd",,,,,Erzählende Literatur; Erzählende Literatur: Gegenwartsliteratur ab 1945; Erzählende Literatur: Hauptwerk vor 1945,ger,
9783991370543; 3991370549,Lachen hilft (fast immer),,Horn,"Berger & Söhne, Ferdinand",2023,151,"Panagl, Helga",,,,,Lyrik,ger,
9783749453641; 3749453640,Lauras Geschichten,1. Auflage,Norderstedt,BoD – Books on Demand,2023,58,"Busse, Claudia",,,,,Lyrik,ger,
9783758317286; 3758317282,Lebensglück,1. Auflage,Norderstedt,BoD – Books on Demand,2023,64,"Albert, Conny",,,,,Lyrik,ger,
9783751983945; 3751983945,Leinwandpoesie,1. Auflage,Norderstedt,BoD – Books on Demand,2023,564,"Weiss, Alex C.",,,,,Lyrik,ger,
9783757822217; 3757822218,Leise Töne,1. Auflage,Norderstedt,BoD – Books on Demand,2023,132,"Penn, Julia",,,,,Lyrik,ger,
9783738635775; 3738635777,Lichtermeer,2. Auflage,Norderstedt,BoD – Books on Demand,2023,444,"van Keuk, Lars",,,,,Lyrik,ger,
9783347970106; 3347970101,lichtstreifen,,Ahrensburg,tredition,2023,152,"thaller, jürgen",,,,,Erzählende Literatur; Erzählende Literatur: Hauptwerk vor 1945,ger,
9783758418952; 375841895X,"Liebe, Leid und Turbulenzen",1. Auflage,Berlin,epubli,2023,140,"Stadtmüller, Erika",,,,,"Lyrik, Dramatik",ger,
9783855464104; 3855464103,Luchsinger Weihnachtsspiele,,Glarus,Baeschlin,2023,208,"Schiltknecht, Roland",,,,,Theaterstück; Dramatik,ger; gsw,
9783985279579; 3985279578,Lyrik am Effner,,Remscheid,Rediroma-Verlag,2023,55,,"Beurer, Jessica",,,,Anthologie; Lyrik,ger,
9783757553227; 3757553225,Lyrik und Sex,1. Auflage,Berlin,epubli,2023,128,"Vogt, Pit",,,,,"Lyrik, Dramatik",ger,
9783758304392; 3758304393,Maloche,1. Auflage,Berlin,Edition Dorettes,2023,43,"Rahe, Sabine-Simmin; Donner, Maria; Eichler, Thomas; Nettesheim, Andreas; Pätzold, Dr. Christian G.; Pfund, Richard; Sigurd, Dan K.; Wagner, Christian; Weber, Wolfgang","Rahe, Sabine-Simmin",,,,Anthologie; Lyrik,ger,
9783758420436; 3758420431,Mein Leben lustig bis skurril - Persönliche Erlebnisse,1. Auflage,Berlin,epubli,2023,104,"Newton, Adora",,,,,Romanhafte Biographien,ger,
9783758308390; 3758308399,Menschen wie ich du er sie es,1. Auflage,Norderstedt,BoD – Books on Demand,2023,166,"Zeuch, Christa",,,,,Romanhafte Biographien,ger,
9783757570798; 3757570790,Mit Fussel_21 on Tour durch den Advent,2. Auflage,Berlin,epubli,2023,56,"Kutzer, Jacinta",,,,,Romanhafte Biographien,ger,
9783757570781; 3757570782,Mit Fussel_21 on Tour durch den Advent,3. Auflage,Berlin,epubli,2023,56,"Kutzer, Jacinta",,,,,Romanhafte Biographien,ger,
9783757570767; 3757570766,Mit Fussel_21 on Tour durch den Advent,4. Auflage,Berlin,epubli,2023,56,"Kutzer, Jacinta",,,,,Romanhafte Biographien,ger,
9783757569174; 3757569172,Mit Fussel_21 on Tour durch den Advent,3. Auflage,Berlin,epubli,2023,56,"Kutzer, Jacinta",,,,,Romanhafte Biographien,ger,
9783757569150; 3757569156,Mit Fussel_21 on Tour durch den Advent,2. Auflage,Berlin,epubli,2023,56,"Kutzer, Jacinta",,,,,Romanhafte Biographien,ger,
9783757525811; 3757525817,Notizen vom Lago und anderen Orten,1. Auflage,Berlin,epubli,2023,68,"Bölck, Wolf-Rüdiger",,,,,"Lyrik, Dramatik",ger,
9783966623506; 3966623501,Novellen und Erzählungen Band 1,"Der Neusatz des Textes folgt der Ausgabe von 1925, erschienen im Georg Müller Verlag, München.",München,Boer Verlag,2023,320,"de Musset, Alfred",,"Neumann, Alfred",,"Montégut, Louis",Erzählende Literatur: Hauptwerk vor 1945,ger,
9783966623513; 396662351X,Novellen und Erzählungen Band 2,"Der Neusatz des Textes folgt der Ausgabe von 1925, erschienen im Georg Müller Verlag, München.",München,Boer Verlag,2023,276,"de Musset, Alfred",,"Neumann, Alfred",,"Montégut, Louis",Erzählende Literatur: Hauptwerk vor 1945,ger,
9783739249087; 3739249080,Nur du,1. Auflage,Norderstedt,BoD – Books on Demand,2023,432,"Schlüter, Frank Ulrich",,,,,Lyrik,ger,
9783738612936; 3738612939,"Oh Rose, Zauberblume",1. Auflage,Norderstedt,BoD – Books on Demand,2023,100,"Hewener, Vera",,,,,Lyrik,ger,
9783937507866; 3937507868,Oma senge kleene Jong,,Grevenbroich,Heiner Labonde Verlag,2023,136,"Schmitz, Dieter Hermann",,,,"Kuehn-Velten, Jessika",Fiktionale Darstellung; Romanhafte Biographien,ger,
9783910480032; 3910480039,psst ...,"1. Auflage, gekürzte Ausgabe",Unterdießen,wtp-verlag,2023,,"Reber, Roland",,,,"Reber, Roland; Gittner, Mira; Mönning, Antje Nikola",Lyrik,ger,
9783758311963; 3758311969,Schatten hinter dem Fenster,1. Auflage,Norderstedt,BoD – Books on Demand,2023,200,"Niemann, Jörg",,,,,Romanhafte Biographien,ger,
9783384085597; 3384085590,SCHEITERHAUFEN,,Ahrensburg,tredition,2023,232,JANUS,,,,,Erzählende Literatur; Erzählende Literatur: Hauptwerk vor 1945,ger,
9783936399325; 3936399328,Schmunzel-Lyrik,1. Auflage,Berlin,Berlin Concert Verlag,2023,72,"Insterburg, Ingo",,,,,Anthologie; Lyrik,ger,
9783945807859,Seifenblasen,"Neuausgabe des 5. und 6. Tsd. (1909) der erstmals 1890 erschienenen Erzählungssammlung, 2. Auflage",Lüneburg,Dieter von Reeken,2023,190,"Laßwitz, Kurd","Reeken, Dieter von",,,,Anthologie; Erzählende Literatur: Hauptwerk vor 1945,ger,
9783755777519; 3755777517,Seine Geschichte ist meine Geschichte,2. Auflage,Norderstedt,BoD – Books on Demand,2023,176,"McKee, Elke","Gehre, Corinna",,,,Romanhafte Biographien,ger,
9783739219783; 3739219785,Seit iech e Ruheständler bie,,Zwönitz,Uwe Schneider,2023,86,"Schneider, Uwe",,,,,Fiktionale Darstellung; Erzählende Literatur; Romanhafte Biographien,ger,
9783757808402; 3757808401,Sepiaherz,1. Auflage,Norderstedt,BoD – Books on Demand,2023,58,"Feuerstein, Leonie",,,,,Lyrik,ger,
9783384040657; 3384040651,Shemale Geschichten 1,,Ahrensburg,tredition,2023,72,"Kelly, Aiden",,,,,Erzählende Literatur; Romanhafte Biographien,ger,
9783384037633; 3384037634,Shemale Geschichten 2,,Ahrensburg,tredition,2023,40,"Kelly, Aiden",,,,,Erzählende Literatur; Romanhafte Biographien,ger,
9783384037992; 3384037995,Shemale Geschichten 3,,Ahrensburg,tredition,2023,85,"Kelly, Aiden",,,,,Erzählende Literatur; Romanhafte Biographien,ger,
9783384038029; 3384038029,Shemale Geschichten 4,,Ahrensburg,tredition,2023,58,"Kelly, Aiden",,,,,Erzählende Literatur; Romanhafte Biographien,ger,
9783758431197; 3758431190,Shirin und ihr Esel,1. Auflage,Berlin,epubli,2023,112,"Klar, Günter",,,,,Romanhafte Biographien,ger,
9783757542016; 3757542010,SONGS TO REMEMBER/SONGS TO REMEMBER Vol. 1,2. Auflage,Berlin,epubli,2023,184,"Ramsauer, Günter",,,,,Romanhafte Biographien,ger,
9783757567460; 3757567463,Später Aufbruch ...,9. Auflage,Berlin,epubli,2023,168,"Wolf, Winfried",,,,,Romanhafte Biographien,ger,
9783748159759; 3748159757,Strich für Strich,2. Auflage,Norderstedt,BoD – Books on Demand,2023,436,"Rixmann, Gisela",,,,,Erzählende Literatur: Gegenwartsliteratur ab 1945; Romanhafte Biographien,ger,
9783981460650,Süß und sauer war die Zeit,"3. verbesserte Auflage, Originalausgabe",Thallwitz,Wolfgang Genedl,2023,374,"Genedl, Wolfgang",,,,,Fiktionale Darstellung; Romanhafte Biographien,ger,
9783347993044; 3347993047,TEXTLAND OBERÖSTERREICH,,Ahrensburg,tredition,2023,158,KUvée,,,,,Erzählende Literatur: Hauptwerk vor 1945,ger,
9783347993037; 3347993039,TEXTLAND OBERÖSTERREICH,,Ahrensburg,tredition,2023,158,KUvée,,,,,Erzählende Literatur: Hauptwerk vor 1945,ger,
9783926800565; 3926800569,Tinnitusch,1. Auflage,Kaarst,Gill-Verlag,2023,80,,"Kahlen, Nikolaus Josef",,,,Anthologie; Lyrik,ger,
9788396582393,Ulotność chwili,,Krefeld,Kazimierz Linda,2023,367,,"Orlowski, Barbara",,,,Anthologie; Lyrik,pol; ger,
9783902964618; 3902964618,Umwelt und Natur,,Bergheim,Mackingerverlag,2023,100,,"Ostertag, Heiger; Wiertz, Cleo A.",,,,Anthologie; Lyrik,ger,
9783943275711; 394327571X,Unterm Tannenbaum,1. Auflage,Berlin,Edition Dornbrunnen,2023,213,"Baum, Lyman Frank; Bergen, E. von; Brehm, Alfred; Busch, Wilhelm; Collodi, Carlo; Dahn, Felix; Eulenburg, Philipp Graf zu; Ganghofer, Ludwig; Goethe, Johann Wolfgang von; d’Ivoy, Paul; Kraft, Robert; London, Jack; May, Karl; Rückert, Friedrich; Sacher-Masoch, Leopold von; Sachse, Max; Stark, Adolf; Stevenson, Robert Louis; Verne, Jules; Wallace, Edgar","Schulz, Sven-R.",,,,Anthologie; Erzählende Literatur: Hauptwerk vor 1945,ger,
9783756202041; 3756202046,Unterwegs zu DIR,1. Auflage,Norderstedt,BoD – Books on Demand,2023,120,"Joos, Peter",,,,,Lyrik,ger,
9783757847302; 375784730X,Vivaldi für den Marder,1. Auflage,Norderstedt,BoD – Books on Demand,2023,92,"Over, Jutta",,,,,Lyrik,ger,
9783758300998; 3758300991,Vorsicht! Ansteckend!,1. Auflage,Norderstedt,BoD – Books on Demand,2023,114,"Lipski, Edeltraud; Hartung-Czaja, Christine; Peters, Joachim; Weinrich, Silva; Pelz, Gisela; Müller, Gero",,,,,Lyrik,ger,
9783756815081; 3756815080,Welt der Heimatsagen,1. Auflage,Norderstedt,BoD – Books on Demand,2023,260,"Hahmann, Ernst-Ulrich",,,,,Lyrik,ger,
9783347994300; 3347994302,"Weltenbummler-Anekdoten, besondere, persönliche Erlebnisse im Kontakt mit den Menschen vor Ort und ihrer Kultur.",,Ahrensburg,tredition,2023,136,"Möbius, Karin",,,,,Romanhafte Biographien,ger,
9783869712772,Wilde Geschichten,1. Auflage,Köln,Galiani Berlin,2023,284,"Tieck, Ludwig","Bong, Jörg; Borgards, Roland",,,,Fiktionale Darstellung; Erzählende Literatur: Hauptwerk vor 1945,ger,
9783741275357; 3741275352,Wind von Achtern,1. Auflage,Norderstedt,BoD – Books on Demand,2023,272,"Spanuth, Thorsten",,,,,Romanhafte Biographien,ger,
9783757515386; 3757515382,Wo die Strothe einen Bogen macht,,München,Martin Lüning,2023,303,"Lüning, Martin",,,,,Anthologie; Romanhafte Biographien,ger,
9783902964519; 3902964510,Wortwellen,,Bergheim bei Salzburg,Mackingerverlag,2023,119,"Strauß-Synesiou, Sybille; Löhe, Sara; Heselschwerdt, Elke",,,,,Anthologie; Lyrik,ger,
9783757883249; 3757883241,zuckersüß & knüppelhart,1. Auflage,Norderstedt,BoD – Books on Demand,2023,76,"Naber, Jörg Wilhelm",,,,,Lyrik,ger,
9783757885922; 3757885929,Zwischen Stress und Sternenglitzer,1. Auflage,Norderstedt,BoD – Books on Demand,2023,136,"Lenz-Tichai, Ruth; Wagener, Lydia",,,,,Lyrik,ger,
9783982477367; 3982477360,Adventskalender-Geschichten,1. Auflage,Ettlingen,Rosenpark Geschichten,2022,96,"Alaina, Buffalo",,,,"Petra, Bloch",Romanhafte Biographien,ger; ger,
9783740716547; 3740716541,Alles muss raus,1. Auflage,Norderstedt,TWENTYSIX CRIME,2022,208,"Herrmann, Helmut",,,,,Historische Kriminalromane,ger,
9791220126762,Alles nur Geschwätz,Erstausgabe,Berlin,Europa Buch,2022,317,"Simon, Lothar",,,,,Anthologie; Lyrik,ger,
9783756504749; 3756504743,als die Götter sterben mussten,3. Auflage,Berlin,epubli,2022,212,"Brünjes, Hermann",,,,,Romanhafte Biographien,ger,
9783969403075; 3969403073,Alter Wein in Poesie,,Leipzig,Engelsdorfer Verlag,2022,146,"Ehl, Karin",,,,,Anthologie; Lyrik,ger,
9783756557554; 3756557553,Am Ende des Tages,1. Auflage,Berlin,epubli,2022,64,"Kubat, Mona",,,,,"Lyrik, Dramatik",ger,
9783969820377; 3969820375,An des Abgrunds schmalem Saume,1. Auflage,Berlin,Quintus,2022,480,"Leifhelm, Hans","Czapla, Ralf Georg",,,,Anthologie; Erzählende Literatur: Hauptwerk vor 1945,ger,
9783966375054; 3966375052,An diesem Dienstag,1. Auflage,Hamburg,Gröls Verlag,2022,104,"Borchert, Wolfgang","Gröls-Verlag, Redaktion",,,,Dramatik,ger,
9786067995626,Antologie de poezie popularǎ,,Cluj,Limes,2022,306,,"Blaga, Lucian",,,,Anthologie; Lyrik,ger; rum,
9783936980592,Atempause,,Freiberg (Sachsen),Drei Birken Verlag,2022,102,"Walter, Ursula",,,,,Anthologie; Lyrik,ger,
9783932005954; 3932005953,Auf Abwegen,,Bonn,Arachne Verlag,2022,168,"Falaki, Kamiab",,,,,Fiktionale Darstellung; Erzählende Literatur: Hauptwerk vor 1945,ger,
9783754936948; 3754936948,Aus der Luft gegriffen,1. Auflage,Berlin,epubli,2022,304,"Klimke, Ulf","Klimke, Sonja",,,,Romanhafte Biographien,ger,
9783988284488; 3988284483,Ausgewählte Erzählungen,1. Auflage,Hamburg,Gröls Verlag,2022,124,"Tolstoi, Leo","Gröls-Verlag, Redaktion",,,,Dramatik,ger,
9783988283481; 3988283487,Ausgewählte Erzählungen,1. Auflage,Hamburg,Gröls Verlag,2022,124,"Tolstoi, Leo","Gröls-Verlag, Redaktion",,,,Dramatik,ger,
9783902928214; 3902928212,Ausm Lebn griffa,,Pottenbrunn,L & L Verlag,2022,143,"Girsch, Veronika",,,,"Funk, Margit",Anthologie; Lyrik,ger,
9783756206087; 3756206084,Begrenzt beglückt - und grenzenlos genervt,1. Auflage,Norderstedt,BoD – Books on Demand,2022,136,"Conrad, Ulrich; Rodenberg, Karl",,,,,Romanhafte Biographien,ger,
9783756202539; 3756202534,Beim Verleger,1. Auflage,Norderstedt,BoD – Books on Demand,2022,104,"Johler, Jens",,,,,Romanhafte Biographien,ger,
9783902061348; 3902061340,Bisamberg und seine Vororte,,Langenzersdorf,Edition Weinviertel,2022,196,"Steiner, Hannes",,,,,Fiktionale Darstellung; Romanhafte Biographien,ger,
9783756295012; 375629501X,Da können Sie was erleben,1. Auflage,Norderstedt,BoD – Books on Demand,2022,98,"Waldner, Barbara",,,,,Romanhafte Biographien,ger,
9783150183021,Das Meer,Veränderter Nachdruck,Ditzingen,Reclam,2022,132,,"Wüstner, Andrea",,,,Anthologie; Lyrik,ger,
9783986480165; 3986480161,Das verflixte WEG,1. Auflage,Bernau,Verlag Andrea Schröder,2022,72,"Richter, Wolfgang",,,,,Anthologie; Lyrik,ger,
9783948540227,Dazwischen das Leben,1. Auflage,Düren,Puput Books,2022,66,"Schildgen, Sabine",,,,,Anthologie; Lyrik,ger,
9783756822645; 3756822648,Dem Alltag,1. Auflage,Norderstedt,BoD – Books on Demand,2022,64,"Eiselt, Vincent Alexander",,,,,Lyrik,ger,
9783944122380; 3944122380,Der Sandmann,1. Auflage,Leipzig,OPEN HOUSE,2022,288,"Hoffmann, E.T.A.; Freud, Sigmund","Höltschl, Rainer",,,,Erzählende Literatur: Hauptwerk vor 1945,ger,
9783988281234; 3988281239,Der Schneesturm,1. Auflage,Hamburg,Gröls Verlag,2022,152,"Puškin, Aleksandr Sergeevič","Gröls-Verlag, Redaktion",,,,Dramatik,ger,
9783988282231; 3988282235,Der Schneesturm,1. Auflage,Hamburg,Gröls Verlag,2022,152,"Puškin, Aleksandr Sergeevič","Gröls-Verlag, Redaktion",,,,Dramatik,ger,
9783903406001; 3903406007,Der Tag ohne Abend,Lizenzausgabe mit Genehmigung des Paul Zsolnay Verlages Wien,Wien,Brot und Spiele Verlag,2022,61,"Perutz, Leo",,,,,Fiktionale Darstellung; Erzählende Literatur: Hauptwerk vor 1945,ger,
9783730611692; 3730611690,Der Torso,,Köln,Anaconda,2022,143,"Langgässer, Elisabeth",,,,,Fiktionale Darstellung; Erzählende Literatur; Erzählende Literatur: Hauptwerk vor 1945; Erzählende Literatur: Gegenwartsliteratur ab 1945,ger,
9783150142660; 3150142660,Deutsche Gedichte,,Ditzingen,Reclam,2022,432,,"Bode, Dietrich",,,,Anthologie; Lyrik,ger,
9783863563509; 3863563506,Die Bewegung der Antillen unter der Schädeldecke,"Erweiterte, kritische Neuauflage 2022 mit einem einleitenden Essay von Prof. Dr. Waldemar Fromm und einer soziokulturellen Kontextualisierung von Prof. Dr. Anton Sterbling",Ludwigsburg,Pop Verlag Literatur,2022,281,"Wagner, Richard; Söllner, Werner; Bossert, RolfFranz Hodjak; Hodjak, Franz; Totok, William; Seiler, Hellmut; Hensel, Klaus; Samson, Horst; Britz, Helmut; Lippet, Johann","Fromm, Walter; Pop Traian, Traian",,,"Sterbling, Anton; Fromm, Waldemar",Anthologie; Lyrik,ger,
9783988281906; 3988281905,Die Edda,1. Auflage,Hamburg,Gröls Verlag,2022,332,"Simrock, Karl","Gröls-Verlag, Redaktion",,,,Dramatik,ger,
9783756844456; 3756844455,Die Ente auf der Wäscheleine,1. Auflage,Norderstedt,BoD – Books on Demand,2022,104,"Bröcker-Wagner, Karin",,,,,Romanhafte Biographien,ger,
9783966375061; 3966375060,Die Hundeblume,1. Auflage,Hamburg,Gröls Verlag,2022,100,"Borchert, Wolfgang","Gröls-Verlag, Redaktion",,,,Dramatik,ger,
9783966373661; 3966373661,Die Hundeblume,1. Auflage,Hamburg,Gröls Verlag,2022,100,"Borchert, Wolfgang","Gröls-Verlag, Redaktion",,,,Dramatik,ger,
9783966622240; 3966622246,"Die Lüge, Erzählungen",Der Neusatz des Textes folgt der Ausgabe Dresden und Leipzig 1902.,Berlin,Boer Verlag,2022,144,"Andrejew, Leonid",,"Hornstein, Nadja",,,Erzählende Literatur: Hauptwerk vor 1945,ger,
9783966375535; 3966375532,Die Märchenwiese,1. Auflage,Hamburg,Gröls Verlag,2022,128,"Dauthendey, Elisabeth","Gröls-Verlag, Redaktion",,,,Dramatik,ger,
9783966374132; 3966374137,Die Märchenwiese,1. Auflage,Hamburg,Gröls Verlag,2022,128,"Dauthendey, Elisabeth","Gröls-Verlag, Redaktion",,,,Dramatik,ger,
9783780220042; 3780220040,Die Rose von Ernstthal,Erste Auflage,Bamberg,Karl-May-Verlag,2022,511,"May, Karl","Biermann, Joachim; Sperveslage, Gunnar",,,,Anthologie; Erzählende Literatur: Anthologien; Erzählende Literatur: Hauptwerk vor 1945; Erzählende Literatur,ger,
9783756217113; 3756217116,Dort wo mein Herz stehen bleibt,1. Auflage,Norderstedt,BoD – Books on Demand,2022,158,"Kosmos, Rosa Justitia",,,,,Lyrik,ger,
9783756214822; 3756214826,Ein Brief an Satan,1. Auflage,Norderstedt,BoD – Books on Demand,2022,100,"Aman, M.",,,,,Lyrik,ger,
9783756886487; 3756886484,Ein Held in der Buttermilch,1. Auflage,Norderstedt,BoD – Books on Demand,2022,124,"Bunjes, Ulrich",,,,,Lyrik,ger,
9783755781882; 3755781883,Ein kleines Baum- und Natur-Büchlein,1. Auflage,Norderstedt,BoD – Books on Demand,2022,30,"Sültz, Renate; Sültz, Uwe H.",,,,,Lyrik,ger,
9783966623179; 396662317X,Ein Stück Lebensgeschichte,"Der Text des vorliegenden Neusatzes folgt der Ausgabe von 1909 und 1920, erschienen im Albert Langen Verlag München.",Berlin,Boer Verlag,2022,300,"Lagerlöf, Selma",,"Franzos, Marie",,,Erzählende Literatur: Hauptwerk vor 1945,ger,
9783756861538; 3756861538,Erinnerungen,2. Auflage,Norderstedt,BoD – Books on Demand,2022,52,"Grimm, Traute",,,,,Lyrik,ger,
9783756292165; 3756292169,Erzähl' doch keine Geschichten,1. Auflage,Norderstedt,BoD – Books on Demand,2022,180,"Erlenwein, Peter",,,,,Romanhafte Biographien,ger,
9783988284808; 3988284807,Erzählungen,1. Auflage,Hamburg,Gröls Verlag,2022,192,"Tschechow, Anton","Gröls-Verlag, Redaktion",,,,Dramatik,ger,
9783988283801; 3988283800,Erzählungen,1. Auflage,Hamburg,Gröls Verlag,2022,192,"Tschechow, Anton","Gröls-Verlag, Redaktion",,,,Dramatik,ger,
9783966622646; 3966622645,"Erzählungen, Band 1","Der Text des Neusatzes folgt den Erstausgaben, Revision nach der Ausgabe von 1961.",Berlin,Boer Verlag,2022,440,"Schnitzler, Arthur",,,,,Erzählende Literatur: Hauptwerk vor 1945,ger,
9783966622653; 3966622653,"Erzählungen, Band 2","Der Text des Neusatzes folgt den Erstausgaben, Revision nach der Ausgabe von 1961.",Berlin,Boer Verlag,2022,432,"Schnitzler, Arthur",,,,,Erzählende Literatur: Hauptwerk vor 1945,ger,
9783966622660; 3966622661,"Erzählungen, Band 3","Der Text des Neusatzes folgt den Erstausgaben, Revision nach der Ausgabe von 1961.",Berlin,Boer Verlag,2022,456,"Schnitzler, Arthur",,,,,Erzählende Literatur: Hauptwerk vor 1945,ger,
9783756802425; 3756802426,Essig und Öl wie das Leben,2. Auflage,Norderstedt,BoD – Books on Demand,2022,240,"Hackl, Gernot",,,,,Lyrik,ger,
9783945896037; 3945896037,Fallobst,2. überarbeitete Auflage,Kempten,manï Verlag,2022,125,"Weixler, Annemaria",,,,,Anthologie; Lyrik,ger,
9783754963395; 3754963392,FLUCH &amp; SEGEN,1. Auflage,Berlin,epubli,2022,128,"Novy, Michael",,,,,Romanhafte Biographien,ger,
9783837225341; 3837225348,Frankfurter Geschichten in Gedichten,,Frankfurt a.M.,August von Goethe Literaturverlag,2022,77,"Chaffin-Schäfer, Nicole",,,,"Chaffin-Schäfer, Nicole",Anthologie; Lyrik,ger,
9783755756637; 3755756633,"Für Führer, Volk und Vaterland - Erinnerungen an einen Krieg",1. Auflage,Norderstedt,BoD – Books on Demand,2022,548,"Grabowski, Hans-Ludwig",,,,,Romanhafte Biographien,ger,
9783756861040; 375686104X,Gedankenwelt - inTime,,Norderstedt,BoD – Books on Demand,2022,232,"Bodany, Christian","Kämmle, Bodo",,,,Anthologie; Lyrik,ger,
9783756546510; 3756546519,Gedichte und Geschichten aus dem Leben,2. Auflage,Berlin,epubli,2022,48,"Diburger, Jens",,,,,"Lyrik, Dramatik",ger,
9783985277773; 398527777X,Gedichteband 4,,Remscheid,Rediroma-Verlag,2022,283,"Rehmann, Horst",,,,,Anthologie; Lyrik,ger,
9783985273942; 3985273944,"Gedichte, Gedanken, Geschichten",,Remscheid,Rediroma-Verlag,2022,281,"Kurze, Werner",,,,,Anthologie; Lyrik,ger,
9783988280367; 3988280364,Geschichte vom heiligen Trinker,1. Auflage,Hamburg,Gröls Verlag,2022,148,"Roth, Joseph","Gröls-Verlag, Redaktion",,,,Dramatik,ger,
9783988280947; 3988280941,Geschichte vom heiligen Trinker,1. Auflage,Hamburg,Gröls Verlag,2022,148,"Roth, Joseph","Gröls-Verlag, Redaktion",,,,Dramatik,ger,
9783966376587; 396637658X,Geschichten aus dem Wiener Wald,1. Auflage,Hamburg,Gröls Verlag,2022,112,"von Horváth, Ödön","Gröls-Verlag, Redaktion",,,,Dramatik,ger,
9783966378581; 3966378582,Geschichten aus dem Wiener Wald,1. Auflage,Hamburg,Gröls Verlag,2022,112,"von Horváth, Ödön","Gröls-Verlag, Redaktion",,,,Dramatik,ger,
9783969210130; 3969210135,Geschichten aus der Medizin,1. Auflage,Gerolzhofen,Wiesenburg Verlag,2022,229,"Kozák, Joachim",,,,"Kozák, Joachim",Anthologie; Lyrik,ger,
9783903303607; 3903303607,Geschichten aus Radenthein und Umgebung,,Glödnitz,Memoiren-Verlag Bauschke,2022,204,"Schwaiger, Gottlieb","Schwaiger, Gottfried",,,,Anthologie; Lyrik,ger,
9783756212385; 3756212386,Geschichten der Welt,1. Auflage,Norderstedt,BoD – Books on Demand,2022,116,"von Holt, Hans",,,,,Lyrik,ger,
9783988281364; 3988281360,Geschichten vom lieben Gott,1. Auflage,Hamburg,Gröls Verlag,2022,120,"Rilke, Rainer Maria","Gröls-Verlag, Redaktion",,,,Dramatik; Erzählende Literatur: Hauptwerk vor 1945,ger,
9783988282361; 3988282367,Geschichten vom lieben Gott,1. Auflage,Hamburg,Gröls Verlag,2022,120,"Rilke, Rainer Maria","Gröls-Verlag, Redaktion",,,,Dramatik,ger,
9783737409896,Geschichten vom lieben Gott und weitere Novellen,3. Auflage,Wiesbaden,S. Marix Verlag,2022,173,"Rilke, Rainer Maria",,,,,Anthologie; Lyrik,ger,
9783756275762; 3756275760,Geschichten zum Vorlesen,1. Auflage,Norderstedt,BoD – Books on Demand,2022,92,,"Geiger-Käsmeier, Gabi",,,,Lyrik,ger,
9783754329764; 3754329766,Glück gehabt,2. Auflage,Norderstedt,BoD – Books on Demand,2022,104,"Haas, Peter",,,,,Lyrik,ger,
9783966623148; 3966623145,Gösta Berling,"Der Text des vorliegenden Neusatzes folgt der zweibändigen Ausgabe von 1919, erschienen im Insel Verlag Leipzig.",Berlin,Boer Verlag,2022,520,"Lagerlöf, Selma",,"Mann, Mathilde",,,Fiktionale Darstellung; Erzählende Literatur: Hauptwerk vor 1945,ger,
9783947373796; 3947373791,Goethe und Tschechow - kühler Kopf und warmes Herz,,Weilerswist-Metternich,Dittrich,2022,169,"Laufenberg, Walter",,,,,Fiktionale Darstellung; Erzählende Literatur: Gegenwartsliteratur ab 1945; Romanhafte Biographien; Erzählende Literatur,ger,
9783757502089; 3757502086,Gott &amp; die Welt,1. Auflage,Berlin,epubli,2022,148,"Göttel, Carsten",,,,,"Lyrik, Dramatik",ger,
9783988286710; 3988286710,Grusel-Geschichten,1. Auflage,Hamburg,Gröls Verlag,2022,124,"Poe, Edgar Allan","Gröls-Verlag, Redaktion",,,,Dramatik,ger,
9783988285713; 3988285714,Grusel-Geschichten,1. Auflage,Hamburg,Gröls Verlag,2022,124,"Poe, Edgar Allan","Gröls-Verlag, Redaktion",,,,Dramatik,ger,
9783948592530; 3948592535,Gut behütet von Mord zu Mord,Erste Auflage,Desloch,Ashera Verlag,2022,292,"Carpenter, Tanya",,,,,Fiktionale Darstellung; Historische Kriminalromane,ger,
9783754385340; 3754385348,Gute und schlechte Tage,2. Auflage,Norderstedt,BoD – Books on Demand,2022,156,"Schleidt, Elke",,,,,Romanhafte Biographien,ger,
9783756826346; 3756826341,Hein und Hinnerk,1. Auflage,Norderstedt,BoD – Books on Demand,2022,44,"Bliss, Hans-Joachim",,,,,Lyrik,ger,
9783988283528; 3988283525,Herr und Knecht & Iljas,1. Auflage,Hamburg,Gröls Verlag,2022,128,"Tolstoi, Leo","Gröls-Verlag, Redaktion",,,,Dramatik,ger,
9783988282491; 3988282499,Humor - Lustige Geschichten,1. Auflage,Hamburg,Gröls Verlag,2022,192,"Schmidt, Maximilian","Gröls-Verlag, Redaktion",,,,Dramatik,ger,
9783988281494; 3988281492,Humor - Lustige Geschichten,1. Auflage,Hamburg,Gröls Verlag,2022,192,"Schmidt, Maximilian","Gröls-Verlag, Redaktion",,,,Dramatik,ger,
9783755791737; 3755791730,Ich schreibe auf ein Stück Papier,1. Auflage,Norderstedt,BoD – Books on Demand,2022,124,"Ambros, Jürgen",,,,,Lyrik,ger,
9783966378956; 3966378957,Indische Erzählungen,1. Auflage,Hamburg,Gröls Verlag,2022,124,"Kipling, Rudyard","Gröls-Verlag, Redaktion",,,,Dramatik,ger,
9783966376952; 3966376954,Indische Erzählungen,1. Auflage,Hamburg,Gröls Verlag,2022,124,"Kipling, Rudyard","Gröls-Verlag, Redaktion",,,,Dramatik,ger,
9783948750947; 3948750947,Jemandsland,,Schönebeck (Elbe),Moloko Print,2022,260,"Steiner, Theo; Giard, Sevrina; Schulze, Detlef",,,,"Steiner, Theo; Giard, Sevrina",Bildband,ger,
9783347463813; 3347463811,""" ... jetzt bräuchten wir 'nen Pflegedienst""",,Hamburg,tredition,2022,136,"Pflegedienst, Rückenwind; Andrae, Helga; blumenleere; Borchers, Ulrich; Grüner, Camilla; Hagen, Jo; Lorenzen, Finn; Müller, Dörte; Rauch, Marco; Schätte, Lena; Schmidt, Johanna; Schnabel, Sigune; Scholze, Faye; Schrapper, Heike; Sonnberger, Birgit; Tucholski, Tobias; Jennerjahn-Hakenes, Birgit; Garcia Beier, Susanne; Vidal, Marleen; Wareka, Michaela; Weippert, Sabine; Zech, Andrea; Schwarz, Angela","Pflegedienst, Rückenwind",,,"Stern, Monika","Unterhaltung, Gemischte Anthologien; Erzählende Literatur: Hauptwerk vor 1945; Erzählende Literatur",ger,
9783347463851; 3347463854,""" ... jetzt bräuchten wir 'nen Pflegedienst""",,Hamburg,tredition,2022,136,"Pflegedienst, Rückenwind; Andrae, Helga; blumenleere; Borchers, Ulrich; Grüner, Camilla; Hagen, Jo; Lorenzen, Finn; Müller, Dörte; Rauch, Marco; Schätte, Lena; Schmidt, Johanna; Schnabel, Sigune; Scholze, Faye; Schrapper, Heike; Sonnberger, Birgit; Tucholski, Tobias; Jennerjahn-Hakenes, Birgit; Garcia Beier, Susanne; Vidal, Marleen; Wareka, Michaela; Weippert, Sabine; Zech, Andrea; Schwarz, Angela","Pflegedienst, Rückenwind",,,"Stern, Monika","Unterhaltung, Gemischte Anthologien; Erzählende Literatur: Hauptwerk vor 1945; Erzählende Literatur",ger,
9783347463875; 3347463870,""" ... jetzt bräuchten wir 'nen Pflegedienst""",Großdruckausgabe,Hamburg,tredition,2022,168,"Pflegedienst, Rückenwind; Andrae, Helga; blumenleere; Borchers, Ulrich; Grüner, Camilla; Hagen, Jo; Lorenzen, Finn; Müller, Dörte; Rauch, Marco; Schätte, Lena; Schmidt, Johanna; Schnabel, Sigune; Scholze, Faye; Schrapper, Heike; Sonnberger, Birgit; Tucholski, Tobias; Jennerjahn-Hakenes, Birgit; Garcia Beier, Susanne; Vidal, Marleen; Wareka, Michaela; Weippert, Sabine; Zech, Andrea; Schwarz, Angela","Pflegedienst, Rückenwind",,,"Stern, Monika","Unterhaltung, Gemischte Anthologien; Erzählende Literatur: Hauptwerk vor 1945; Erzählende Literatur",ger,
9783633543151; 3633543155,Jüdische Erzählungen und Legenden,Erste Auflage,Berlin,Jüdischer Verlag,2022,319,"Zweig, Stefan","Liṭ, Sṭefan",,,,Fiktionale Darstellung; Erzählende Literatur: Hauptwerk vor 1945,ger,
9783708612454; 3708612450,Kärnten Poesie,,Klagenfurt,Hermagoras,2022,238,,"Raffer, Harald; Schmidauer, Günter",,,,Anthologie; Lyrik,ger,
9783347588110; 3347588118,Kajaks und Gewässer,,Hamburg,tredition,2022,92,"Hahn, Steffen",,,,"Siffermann, Udo","Erzählende Literatur; Romanhafte Biographien; Vorlesebücher, Märchen, Sagen, Reime, Lieder",ger,
9783756231638; 3756231631,Kesselgeschichten,2. Auflage,Norderstedt,BoD – Books on Demand,2022,196,"Schönberg, Michael",,,,,Lyrik,ger,
9783756537624; 3756537625,Kölner Köpfe. 150 Rätsel-Stories aus der Kölner Stadtgeschichte,8. Auflage,Berlin,epubli,2022,276,"Althoetmar, Kai",,,,,"Romanhafte Biographien; Geschenkbücher, Alben, Immerwährende Kalender, Postkartenbücher",ger,
9783756537662; 3756537668,Kölner Köpfe. 150 Rätsel-Stories aus der Kölner Stadtgeschichte,9. Auflage,Berlin,epubli,2022,276,"Althoetmar, Kai",,,,,Romanhafte Biographien,ger,
9783763273171,Kreisleriana,"Ausgabe für die Mitglieder der Büchergilde Gutenberg, 1. Auflage",Frankfurt am Main,Büchergilde Gutenberg,2022,235,"Hoffmann, E. T. A.",,,"Hoffmann, E. T. A.; Hoffmann, E. T. A.; Hoffmann, E. T. A.","Gralingen, Christian; Gomringer, Nora",Fiktionale Darstellung; Erzählende Literatur: Hauptwerk vor 1945,ger,
9783756808991; 3756808998,Kurzgeschichten,1. Auflage,Norderstedt,BoD – Books on Demand,2022,100,"Trümper, Georg",,,,,Lyrik,ger,
9783754955338; 3754955330,Kurzgeschichtenpoesie/Retro Poesie,1. Auflage,Berlin,epubli,2022,56,"Meusel, Olaf",,,"Meusel, Olaf",,"Lyrik, Dramatik",ger,
9783966379113; 3966379112,Legenden & Erzählungen,1. Auflage,Hamburg,Gröls Verlag,2022,156,"Lagerlöf, Selma","Gröls-Verlag, Redaktion",,,,Dramatik,ger,
9783966377119; 396637711X,Legenden & Erzählungen,1. Auflage,Hamburg,Gröls Verlag,2022,156,"Lagerlöf, Selma","Gröls-Verlag, Redaktion",,,,Dramatik,ger,
9783948682279; 3948682275,Litbiss Anthologie,,Weilerswist,Verlag Ralf Liebe,2022,240,"Ulbrich, Bernhard R. M.",,,,,Anthologie; Lyrik,ger,
9783985275762; 3985275769,Lyrik am Effner,,Remscheid,Rediroma-Verlag,2022,565,,"Notz, Martina",,,,Anthologie; Lyrik,ger,
9783756238965; 3756238962,Lyrik am Kamin,1. Auflage,Norderstedt,BoD – Books on Demand,2022,58,,"Weber, Ernst Günther",,,,Lyrik,ger,
9783985275632; 3985275637,Lyrik aus Bogen,,Remscheid,Rediroma-Verlag,2022,50,,"Spiegelhauer, Tom",,,,Anthologie; Lyrik,ger,
9783755783961; 3755783967,"Mama, die Strumpfhose kratzt!",1. Auflage,Norderstedt,BoD – Books on Demand,2022,276,"Dorn-Hoffmann, Helga",,,,,Romanhafte Biographien,ger,
9783897933545; 3897933543,Mauerbau und Mauerfall und 28 Geschichten dazwischen,,Berlin,verlag am park,2022,179,"Mrazek, Johann",,,,,Fiktionale Darstellung; Romanhafte Biographien,ger,
9783943275636; 3943275639,Mehr Dramen in der Luft,1. Auflage,Berlin,Edition Dornbrunnen,2022,294,"Barach, Moritz; Blanford, Amelia Ann; Brixius, Albert; Castelli, Ignaz Franz; Drobisch, Theodor; Heinzmann, Johann Georg; Hoffmann, Oskar; Hood, Thomas; May, Karl; Mouton, Eugène; Pasig, Paul; Rödiger, Dr.; Emilio, Salgari; Schirmer, Adolf; Verne, Jules","Schulz, Sven-Roger",,,,Anthologie; Erzählende Literatur: Hauptwerk vor 1945,ger,
9783756817658; 3756817652,Mehr Liebe und Poesie,1. Auflage,Norderstedt,BoD – Books on Demand,2022,56,"Frederking, Jan",,,,,Lyrik,ger,
9783757500269; 3757500261,Mein Prickelndes Verlangen Nach Dir - 13 Erotische Kurzgeschichten - FSK 18,1. Auflage,Berlin,epubli,2022,76,"Rose, Marie",,,,,"Lyrik, Dramatik",ger,
9783754976531; 3754976532,Mein Traum frei zu sein,9. Auflage,Berlin,epubli,2022,636,"Stollin, Jürgen",,,,,Romanhafte Biographien,ger,
9783990392218; 3990392212,Meine Qualen und Wonnen im Jenseits,,Innsbruck,Limbus Verlag,2022,87,"Meyrink, Gustav",,,,,Fiktionale Darstellung; Erzählende Literatur: Hauptwerk vor 1945; Erzählende Literatur,ger,
9783754956168; 3754956167,Meine Reime-Schmiede,2. Auflage,Berlin,epubli,2022,104,"Bauer, Ingolf G. S.",,,,,"Lyrik, Dramatik",ger,
9783754963951; 3754963953,Meine Reime-Schmiede,3. Auflage,Berlin,epubli,2022,104,"Bauer, Ingolf G. S.",,,,,"Lyrik, Dramatik",ger,
9783754970478; 375497047X,Mio's Traum,1. Auflage,Berlin,epubli,2022,116,"Stern, Mio",,,,,"Lyrik, Dramatik",ger,
9783755767299; 3755767295,"Nacht, mein stilles Meer ... ...",1. Auflage,Norderstedt,BoD – Books on Demand,2022,64,"George, Günter",,,,,Lyrik,ger,
9783038201045; 3038201049,Nachts auf dem Meer,,Zürich,Dörlemann,2022,333,"Bunin, Ivan Alekseevič","Grob, Thomas","Geier, Swetlana; Trottenberg, Dorothea",,,Fiktionale Darstellung; Erzählende Literatur: Hauptwerk vor 1945,ger,
9783966378970; 3966378973,Nur so Märchen,1. Auflage,Hamburg,Gröls Verlag,2022,108,"Kipling, Rudyard","Gröls-Verlag, Redaktion",,,,Dramatik,ger,
9783756821365; 3756821366,Oos Ahweile Platt,1. Auflage,Norderstedt,BoD – Books on Demand,2022,136,"Nischalke, Margret",,,,,Lyrik,ger,
9783865328298; 3865328296,Orkan in Hamburch,Originalausgabe,Bielefeld,Pendragon,2022,211,"Herbst, Hans",,,,,Fiktionale Darstellung; Romanhafte Biographien,ger,
9783756852437; 3756852431,Reimeschmiede,1. Auflage,Norderstedt,BoD – Books on Demand,2022,300,"Diwisch, Wille",,,,,Lyrik,ger,
9783756851683; 3756851680,Reimwerker,1. Auflage,Norderstedt,BoD – Books on Demand,2022,244,"Diwisch, Wille",,,,,Lyrik,ger,
9783754943410; 3754943413,Sammelband III - Meine Haiku 2013 bis 2021,4. Auflage,Berlin,epubli,2022,132,"Straetling, Renate",,,,,"Lyrik, Dramatik",ger,
9783552059351; 3552059350,Schachnovelle,1. Auflage,Wien,"Zsolnay, Paul",2022,656,"Zweig, Stefan","Erdem, Elisabeth; Renoldner, Klemens",,,,Erzählende Literatur: Hauptwerk vor 1945,ger,
9783966378987; 3966378981,Schlichte Geschichten aus den indischen Bergen,1. Auflage,Hamburg,Gröls Verlag,2022,264,"Kipling, Rudyard","Gröls-Verlag, Redaktion",,,,Dramatik,ger,
9783756887835; 3756887839,Schrift-Gut,1. Auflage,Norderstedt,BoD – Books on Demand,2022,332,"L. Pfeiffer, Johannes I.",,,,,Lyrik,ger,
9783864670251; 386467025X,Seelenspiegelungen,,Gera,Spurenkreis Verlag,2022,59,"Rehahn, R.",,,,"Rehahn, Masami",Anthologie; Lyrik,ger,
9783864670244; 3864670241,Seelenspiegelungen,1. Auflage,Gera,Spurenkreis Verlag,2022,60,"Rehahn, R.",,,,"Rehahn, Masami",Lyrik,ger,
9783347731110; 3347731115,"""So geht Freiheit"" - Wie aus Angst und Verzweiflung die Chance deines Lebens wird",,Ahrensburg,tredition,2022,508,"Schönthaler, Manuel; Erhard, Andrea; Seuberling, Lilian; Quiring, Walter; Stamos, Veronika; Langer, Markus; Pappalardo, Lucila; Schaller, Bastian; Goette, Flo; Hirschring, Leon; Lachner, Winnifred; Reimer, Tina","LLC, #justfuckindoit","Weber, Swenja; Erhard, Andrea",,"Schönthaler, Manuel; Schönthaler, Manuel; Weber, Swenja; Pappalardo, Lucila; Weber, Swenja; Schönthaler, Manuel; Stamos, Veronika; Schönthaler, Manuel; Erhard, Andrea; Erhard, Andrea",Romanhafte Biographien,ger,
9783347731127; 3347731123,"""So geht Freiheit"" - Wie aus Angst und Verzweiflung die Chance deines Lebens wird",,Ahrensburg,tredition,2022,458,"Schönthaler, Manuel; Erhard, Andrea; Seuberling, Lilian; Quiring, Walter; Stamos, Veronika; Langer, Markus; Pappalardo, Lucila; Schaller, Bastian; Goette, Flo; Hirschring, Leon; Lachner, Winnifred; Reimer, Tina","LLC, #justfuckindoit","Weber, Swenja; Erhard, Andrea",,"Schönthaler, Manuel; Schönthaler, Manuel; Weber, Swenja; Pappalardo, Lucila; Weber, Swenja; Schönthaler, Manuel; Stamos, Veronika; Schönthaler, Manuel; Erhard, Andrea; Erhard, Andrea",Romanhafte Biographien,ger,
9783966377386; 3966377381,Südsee-Geschichten,1. Auflage,Hamburg,Gröls Verlag,2022,136,"London, Jack","Gröls-Verlag, Redaktion",,,,Dramatik,ger,
9783966379380; 3966379384,Südsee-Geschichten,1. Auflage,Hamburg,Gröls Verlag,2022,136,"London, Jack","Gröls-Verlag, Redaktion",,,,Dramatik,ger,
9783755701934; 3755701936,Tagebuch aus dem Schloss Weckelsdorf,4. Auflage,Norderstedt,BoD – Books on Demand,2022,102,"Faltis, Gertie","Baron, Beate",,,,Lyrik,cze; ger,
9783985680504; 3985680507,Trotzig lächeln und das Weltall streicheln,1. Auflage,Berlin,Kanon Verlag,2022,271,"Rathenow, Lutz","Martin, Marko",,,,Fiktionale Darstellung; Romanhafte Biographien,ger,
9783991261216; 3991261219,Und draußen ist die Welt,,Weitra,Verlag Bibliothek der Provinz,2022,124,"Schlüter, Manfred",,,,"Schlüter, Manfred",Anthologie; Lyrik,ger,
9783351039509; 3351039506,Und habt ihr denn etwa keine Träume,1. Auflage,Berlin,Aufbau,2022,334,"Seghers, Anna","Schulze, Ingo",,,,Fiktionale Darstellung; Erzählende Literatur; Erzählende Literatur: Hauptwerk vor 1945,ger,
9783966623186; 3966623188,Unsichtbare Bande,"Der Text des vorliegenden Neusatzes folgt der Ausgabe o. J., erschienen im Hesse & Becker Verlag Leipzig",Berlin,Boer Verlag,2022,304,"Lagerlöf, Selma",,"Franzos, Marie",,,Erzählende Literatur: Hauptwerk vor 1945,ger,
9783756536139; 3756536130,Von Menschen und Zahlen,2. Auflage,Berlin,epubli,2022,216,"Begrich, Thomas",,,,,Romanhafte Biographien,ger,
9783755786290; 375578629X,Wandel ist das Zauberwort,1. Auflage,Norderstedt,BoD – Books on Demand,2022,134,"Lensch, Arnhild",,,,,Lyrik,ger,
9783754948958; 3754948954,Was ich noch weiß,3. Auflage,Berlin,epubli,2022,192,"Eigenbrodt, Alexander Ferdinand",,,,,Romanhafte Biographien,ger,
9783754948972; 3754948970,Was ich noch weiß,2. Auflage,Berlin,epubli,2022,192,"Eigenbrodt, Alexander Ferdinand",,,,,Romanhafte Biographien,ger,
9783756858774; 3756858774,Weihnachten: Ein Geschenk.,1. Auflage,Norderstedt,BoD – Books on Demand,2022,130,"Nagel, Jochen",,,,,Lyrik,ger,
9783756808489; 3756808483,Weihnachtsbüchlein,1. Auflage,Norderstedt,BoD – Books on Demand,2022,104,"Acksteiner, Barbara",,,,,Lyrik,ger,
9783596370757; 3596370752,"Weißenstein, der Weltverbesserer",1. Auflage,Frankfurt am Main,FISCHER Taschenbuch,2022,231,"Werfel, Franz",,,,,Erzählende Literatur: Hauptwerk vor 1945,ger,
9783906919164; 3906919161,Welch ein Glücksfall!,1. Auflage,Nidau,Verlag Das Archiv,2022,32,"Schriber, Susanne",,,,,Fiktionale Darstellung; Romanhafte Biographien,ger,
9783755734468; 375573446X,"Wellen, Wogen, Himmelsbogen",1. Auflage,Norderstedt,BoD – Books on Demand,2022,146,"Hewener, Vera",,,,,Lyrik,ger,
9783755795322; 3755795329,Welt der Heimatsagen,1. Auflage,Norderstedt,BoD – Books on Demand,2022,320,"Hahmann, Ernst-Ulrich",,,,,Lyrik,ger,
9783347757875; 3347757874,wenn du mich liebst,,Ahrensburg,tredition,2022,648,"Gerken, Stefanie",,,,,Historische Kriminalromane; Spannung,ger,
9783347757868; 3347757866,wenn du mich liebst,,Ahrensburg,tredition,2022,648,"Gerken, Stefanie",,,,,Historische Kriminalromane; Spannung,ger,
9783347530317; 3347530314,"Wenn Hexen reisen, gibt es viel zu erzählen. In 29, zum Teil bebilderten, Kurzgeschichten berichten die beiden Autorinnen humorvoll von ihren persönlichen Reiseerlebnissen.",,Hamburg,tredition,2022,260,"Köhlein, Beate; Steiner, Stefanie",,,,,Erzählende Literatur; Erzählende Literatur: Hauptwerk vor 1945,ger,
9783347530324; 3347530322,"Wenn Hexen reisen, gibt es viel zu erzählen. In 29, zum Teil bebilderten, Kurzgeschichten berichten die beiden Autorinnen humorvoll von ihren persönlichen Reiseerlebnissen.",,Hamburg,tredition,2022,260,"Köhlein, Beate; Steiner, Stefanie",,,,,Erzählende Literatur; Erzählende Literatur: Hauptwerk vor 1945,ger,
9783756822294; 375682229X,Wetterleuchten,2. Auflage,Norderstedt,BoD – Books on Demand,2022,200,"D'Ortona, Luca",,,,,Lyrik,ger,
9783756504756; 3756504751,wie aus Schafen Hirten wurden,3. Auflage,Berlin,epubli,2022,212,"Brünjes, Hermann",,,,,Romanhafte Biographien,ger,
9783947884742; 3947884745,Wie schnell iss nix bassierd,1. Auflage,Worms,Worms Verlag,2022,74,"Diefenbach, Thomas",,,,,Anthologie; Lyrik,ger,
9783982393605; 3982393604,Willi das Küstenkind,Originalausgabe,Berlin,Trend-Setter Verlag,2022,215,"W., Uli",,,,,Fiktionale Darstellung; Romanhafte Biographien,ger,
9783969403822; 3969403820,Worte,,Leipzig,Engelsdorfer Verlag,2022,393,"Seidel, Gisela",,,,,Anthologie; Lyrik,ger,
9783756221370; 3756221377,Wortgewandt 2020-2022,1. Auflage,Norderstedt,BoD – Books on Demand,2022,162,"Herbstritt, Jessica","jh, autemnreader",,,,Lyrik,ger,
9783756223848; 3756223841,WortSchattenGeflüster,1. Auflage,Norderstedt,BoD – Books on Demand,2022,112,"Bee, Brigitte",,,,,Lyrik,ger,
9783756885695; 3756885690,Zeit der Entspannung,1. Auflage,Norderstedt,BoD – Books on Demand,2022,148,"Ritter, Petruta",,,,,Lyrik,ger,
9783756200634; 3756200639,"Zitronen, die Geschichten singen",1. Auflage,Norderstedt,BoD – Books on Demand,2022,106,"Müller-Tiburtius, Renata",,,,,Lyrik,ger,
9783966622806; 3966622807,Zum blauen Affen,"Der Text des Neusatzes folgt der Ausgabe von 1921, erschienen im Paul Steegemann Verlag, Hannover.",Berlin,Boer Verlag,2022,188,"Serner, Walter",,,,,Erzählende Literatur: Hauptwerk vor 1945; Erzählende Literatur,ger,
9783837225020; 383722502X,Zur blauen Stunde - Gedichte Gedanken Zwei Erzählungen,1. Auflage,Offenbach,Frankfurter Literaturverlag,2022,120,"Wildenhain, Luise von",,,,,Lyrik,ger,
9783756856077; 3756856070,Zwergenland,1. Auflage,Norderstedt,BoD – Books on Demand,2022,24,"Behrbalk, Diandra; Nettesheim, Andreas; Paarmann, Reinhild; Rahe, Sabine-Simmin; Sigurd, Dan K.; Weber, Wolfgang",,,,,Lyrik,ger,
9783754134191; 3754134191,20 Jahre Taxifahrer,1. Auflage,Berlin,epubli,2021,60,"Gröschke, Christian",,,,,Romanhafte Biographien,ger,
9783754139820; 3754139827,20 Jahre Taxifahrer,2. Auflage,Berlin,epubli,2021,60,"Gröschke, Christian",,,,,Romanhafte Biographien,ger,
9783754149492; 3754149490,20 Jahre Taxifahrer,2. Auflage,Berlin,epubli,2021,56,"Gröschke, Christian",,,,,Erzählende Literatur; Romanhafte Biographien,ger,
9783754149508; 3754149504,20 Jahre Taxifahrer,2. Auflage,Berlin,epubli,2021,56,"Gröschke, Christian",,,,,Erzählende Literatur; Romanhafte Biographien,ger,
9783940627339; 394062733X,Allzeit (aber nicht zu allem) bereit,"1. Auflage, Originalausgabe",Bielefeld,Dirk-Laker-Verlag,2021,223,"Schmitt-Kilian, Jörg",,,,,Fiktionale Darstellung; Romanhafte Biographien,ger,
9783985273195; 3985273197,Alt und lebendig,,Remscheid,Rediroma-Verlag,2021,143,"Boo, Anna-Lisa",,,,,Anthologie; Lyrik,ger,
9783754132937; 3754132938,ANGST,3. Auflage,Berlin,epubli,2021,124,"Kohler, Ben",,,,,"Lyrik, Dramatik",ger,
9783754132906; 3754132903,ANGST,1. Auflage,Berlin,epubli,2021,124,"Kohler, Ben",,,,,"Lyrik, Dramatik",ger,
9783753435190; 3753435198,Anthologie 2021,1. Auflage,Norderstedt,BoD – Books on Demand,2021,184,,"Autorinnenvereinigung e.V., Netzwerk",,,,Lyrik,ger,
9786178024130,Antolohija sučasnoï nimecʹkomovnoï poeziï zi Švejcariï v ukraïnsʹkych ta rosijsʹkych perekladach,Literaturno-chudožnje vydannja,Černivci,Meridian Czernowitz,2021,378,,"Lopata, Jevhenija",,,,Anthologie; Lyrik,ger; ukr,ger
9783753162294; 3753162299,Aufzeichnungen eines Jägers,2. Auflage,Berlin,epubli,2021,392,"Turgenev, Iwan",,,,,Erzählende Literatur; Erzählende Literatur: Hauptwerk vor 1945,ger,
9783755738541; 3755738546,Augenblicksein,3. Auflage,Norderstedt,BoD – Books on Demand,2021,288,"Hara, Esteva",,,,,Lyrik,ger,
9783828036116; 3828036112,Beim (Ein)topf bleibt es nicht,1. Auflage,Berlin,Frieling,2021,132,"Herber, Claudia",,,,,Fiktionale Darstellung; Romanhafte Biographien; Erzählende Literatur: Gegenwartsliteratur ab 1945,ger,
9783904068468; 3904068466,Bubensommer,,Salzburg,Edition Tandem,2021,81,"Größing, Stefan",,,,,Fiktionale Darstellung; Romanhafte Biographien,ger,
9783753482217; 3753482218,"Buchteln, Baunzen und Baguette",1. Auflage,Norderstedt,BoD – Books on Demand,2021,106,"Saulnier, Michel; Hierdeis, Irmgard",,,,,Romanhafte Biographien,ger,
9783981865189; 3981865189,Chase,"Zweite überarbeitete und gebundene Ausgabe, 2. Auflage",Hilden,KopfKino-Verlag,2021,300,"Dellenbusch, Thomas",,,,,"Fiktionale Darstellung; Krimis, Thriller, Spionage; Spannung; Historische Kriminalromane",ger,
9783753165011; 3753165018,Corona-Gedichte | gereimte Gedanken und Geschichten,7. Auflage,Berlin,epubli,2021,124,"Neumeier, Franz",,,,,"Lyrik, Dramatik",ger,
9783753165035; 3753165034,Corona-Gedichte | gereimte Gedanken und Geschichten,8. Auflage,Berlin,epubli,2021,124,"Neumeier, Franz",,,,,"Lyrik, Dramatik",ger,
9783946114826; 3946114822,Corona-Rhythmen,1. Auflage,Gossenberg,OSTASIEN Verlag,2021,208,,"Beyer, Uwe; Liu, Huiru","Liu, Huiru; Gottheiner, Klaus",,"Luti, Christiane Maria; Li, Xinmo",Anthologie; Lyrik,chi; ger,
9783755751489; 3755751488,Das Geheimnis der Insel,1. Auflage,Norderstedt,BoD – Books on Demand,2021,88,"Heuser, Peter J.",,,,,Lyrik,ger,
9783754909430; 3754909436,Das Geheimnis mentaler Stärke,2. Auflage,Berlin,epubli,2021,232,"Chapoutier, Marc","Chapoutier, Marc",,,,Romanhafte Biographien,ger,
9783754909416; 375490941X,Das Geheimnis mentaler Stärke,3. Auflage,Berlin,epubli,2021,232,"Chapoutier, Marc","Chapoutier, Marc",,,,Romanhafte Biographien,ger,
9783754906606; 3754906607,Das Geheimnis mentaler Stärke,2. Auflage,Berlin,epubli,2021,232,"Chapoutier, Marc","Chapoutier, Marc",,,,Romanhafte Biographien,ger,
9783754906590; 3754906593,Das Geheimnis mentaler Stärke,1. Auflage,Berlin,epubli,2021,232,"Chapoutier, Marc","Chapoutier, Marc",,,,Romanhafte Biographien,ger,
9783990392096; 3990392093,Das gräfliche Milchgeschäft,,Innsbruck,Limbus Verlag,2021,86,"Reventlow, Franziska zu",,,,"Wendt, Gunna",Fiktionale Darstellung; Erzählende Literatur: Hauptwerk vor 1945,ger,
9783903406032; 3903406031,Das Grillenspiel,,Wien,Brot und Spiele Verlag,2021,133,"Meyrink, Gustav",,,,,Fiktionale Darstellung; Erzählende Literatur: Hauptwerk vor 1945,ger,
9783754324349; 3754324349,Das kleine ABS der Scherzdichtung,1. Auflage,Norderstedt,BoD – Books on Demand,2021,188,"Heini, Heinrich",,,,,Lyrik,ger,
9783869712369; 3869712368,Das Lalebuch,1. Auflage,Berlin,Galiani Berlin,2021,239,,"Kaiser, Reinhard",,,,Fiktionale Darstellung; Erzählende Literatur: Hauptwerk vor 1945,ger,
9783740754112; 3740754117,Das rauchende Klassenzimmer,3. Auflage,Norderstedt,TWENTYSIX,2021,170,,,,"Schoßwald, Volker",,Romanhafte Biographien,ger,
9783944360201; 3944360206,Der Papagei im Handgepäck und weitere (kleine) Geschichten in Reimen,,Karlsruhe,SingLiesel Verlag,2021,111,"Busch, Egon",,,,,Anthologie; Lyrik,ger,
9783753151144; 3753151149,Der rote Mantel (Kurzgeschichte),1. Auflage,Berlin,epubli,2021,36,,,,"Walter, Dominik",,"Lyrik, Dramatik",ger,
9783753155609; 3753155608,Der rote Mantel (Kurzgeschichte),3. Auflage,Berlin,epubli,2021,40,"Walter, Dominik",,,,,"Lyrik, Dramatik",ger,
9783982358918,"Der Turm, die Türme",,Berlin,KWR-Produktion,2021,198,"Reinert, Gerhard",,,,"Reinert, Gerhard",Anthologie; Lyrik,ger,
9783462001327; 3462001329,Der Weihnachtskarpfen,1. Auflage,Köln,Kiepenheuer & Witsch,2021,147,"Baum, Vicki",,,,,Fiktionale Darstellung; Erzählende Literatur: Hauptwerk vor 1945,ger,
9783754313114; 3754313118,Deutsche Winterreise,1. Auflage,Norderstedt,BoD – Books on Demand,2021,92,"Weiller, Stefan; Müller, Wilhelm",,,,,Lyrik,ger,
9783150140789; 3150140781,Die Bergwerke zu Falun,,Ditzingen,Reclam,2021,101,"Hoffmann, E. T. A.",,,"Hoffmann, E. T. A.; Hoffmann, E. T. A.","Liebrand, Claudia",Anthologie; Erzählende Literatur: Hauptwerk vor 1945,ger,
9783730610022; 3730610023,Die Erzählungen,Sonderausgabe,München,Anaconda,2021,606,"Kafka, Franz",,,,,Fiktionale Darstellung; Erzählende Literatur: Hauptwerk vor 1945,ger,
9783755701699; 3755701693,Die Leiche im Pool,1. Auflage,Norderstedt,BoD – Books on Demand,2021,200,"Jopp, Robert",,,,,Romanhafte Biographien,ger,
9783960421153; 396042115X,Die Riesin,2st ed.,Münster,edition assemblage,2021,284,"Kray, Lydia; Gratz, Mandy",,,,,Anthologie; Lyrik,ger; eng; spa,
9783985270262; 3985270260,Die Sache mit ...,,Remscheid,Rediroma-Verlag,2021,175,"Bail, Christian",,,,,Fiktionale Darstellung; Romanhafte Biographien,ger,
9783754304488; 3754304488,Die Sonne reifer Äpfel,1. Auflage,Norderstedt,BoD – Books on Demand,2021,156,,"Haiku-Gesellschaft, Deutsche",,,,Lyrik,ger,
9783755713456; 3755713454,Die Thoraner-Saga,1. Auflage,Norderstedt,BoD – Books on Demand,2021,106,"Kasor, Rewa",,,,,Lyrik,ger,
9783754123423; 3754123424,Ein Kessel Buntes,3. Auflage,Berlin,epubli,2021,180,"Heizmann, Jeanpiere",,,,,"Lyrik, Dramatik",ger,
9783754339220; 3754339222,Ein König,1. Auflage,Norderstedt,BoD – Books on Demand,2021,32,"Pastorella, La",,,,,Lyrik,ger,
9783754374320; 375437432X,Eine Reise zum Regenbogen,1. Auflage,Norderstedt,BoD – Books on Demand,2021,98,"Schumann-Effenberger, Sybille",,,,,Lyrik,ger,
9783753168104; 3753168106,Einfach nicht nur Tennis,38. Auflage,Berlin,epubli,2021,208,"Jaeckle, Rainer",,,,,Romanhafte Biographien,ger,
9783754920060; 3754920065,"Einmal Formentera, immer Formentera?",4. Auflage,Berlin,epubli,2021,300,"Prüter, Dirk",,,,,Romanhafte Biographien,ger,
9783991256137; 3991256134,EMBRACE - Fühle die Umarmung des Lebens 2,1. Auflage,Großebersdorf,myMorawa,2021,216,"Strong, Lesley B.",,,,,Lyrik,ger,
9783991256120; 3991256126,EMBRACE - Fühle die Umarmung des Lebens 2,1. Auflage,Großebersdorf,myMorawa,2021,216,"Strong, Lesley B.",,,,,Lyrik,ger,
9783755761167; 3755761165,Empörende Geschichten,1. Auflage,Norderstedt,BoD – Books on Demand,2021,164,"König, Franziska",,,,,Romanhafte Biographien,ger,
9783865258823; 3865258824,Erzählungen und Briefe,1. Auflage,Hannover,Wehrhahn Verlag,2021,298,"Berg, Amalie","Ananieva, Anna",,,,Anthologie; Erzählende Literatur: Hauptwerk vor 1945,ger,
9783752620627; 3752620625,Es gebe Engel unter uns!,1. Auflage,Norderstedt,BoD – Books on Demand,2021,60,"Aman, M.",,,,,Lyrik,ger,
9783754357767; 375435776X,Es gebe Engel unter uns!,2. Auflage,Norderstedt,BoD – Books on Demand,2021,60,"Aman, M.",,,,,Lyrik,ger,
9783753164076; 3753164070,Es war eimal in Köln,6. Auflage,Berlin,epubli,2021,72,"Althoetmar, Kai",,,,,Romanhafte Biographien,ger,
9783754307380; 375430738X,Evas Schlange und viele Äpfel,1. Auflage,Norderstedt,BoD – Books on Demand,2021,248,"Koke, Jeanette A.",,,,,Romanhafte Biographien,ger,
9783754142189; 3754142186,Evergreens,3. Auflage,Berlin,epubli,2021,148,"Fuchs, Karl-Heinz",,,,,Romanhafte Biographien,ger,
9783754125496; 3754125494,Evil Bedtime Stories,2. Auflage,Berlin,epubli,2021,584,"Frenkler, Sabrina",,,,,"Lyrik, Dramatik",ger,
9783753156750; 3753156752,Evil Bedtime Stories,1. Auflage,Berlin,epubli,2021,584,"Frenkler, Sabrina",,,,"Bouzrou Bouzrou, Christine","Lyrik, Dramatik",ger,
9783945896013; 3945896010,Fallobst,1. Auflage,Kempten,manï Verlag,2021,125,"Weixler, Annemaria",,,,,Anthologie; Lyrik,ger,
9783941905382; 3941905384,Forschungen eines Hundes,1. Auflage,Hamburg,Input-Verlag,2021,158,"Kafka, Franz",,,"Kafka, Franz; Kafka, Franz",,Fiktionale Darstellung; Erzählende Literatur: Hauptwerk vor 1945,ger,
9783862879632,Fritz Typewriter oder Eine Reise mit Fritz Levy um die Welt und andere Geschichten von Heimatsuchenden,1. Auflage,Bremen,Fuego,2021,248,"Harjes, Eckhard",,,,,Fiktionale Darstellung; Romanhafte Biographien,ger,
9783754151136; 3754151134,Gedankliche Wege,1. Auflage,Berlin,epubli,2021,132,"Kirchhof Gräfin von Mainau, Heidi",,,,,Romanhafte Biographien,ger,
9783743119901; 3743119900,Gedichte & Geschichten vom runden Tisch,1. Auflage,Norderstedt,BoD – Books on Demand,2021,134,"Allemann, Emil",,,,,Lyrik,ger,
9783985274314; 3985274312,Gedichteband 3,,Remscheid,Rediroma-Verlag,2021,255,"Rehmann, Horst",,,,,Anthologie; Lyrik,ger,
9783753178455; 3753178454,Geplant war Ewigkeit,16. Auflage,Berlin,epubli,2021,364,"Glumm, Andreas",,,,,"Lyrik, Dramatik",ger,
9783754375457; 3754375458,Geschichten aus Herties KaDeWe 2,1. Auflage,Norderstedt,BoD – Books on Demand,2021,86,"Nickert, Benjamin",,,,,Lyrik,ger,
9783753443409; 3753443409,Geschichten aus unserer Welt,2. Auflage,Norderstedt,BoD – Books on Demand,2021,142,"Siegbert, Michael",,,,,Lyrik,ger,
9783754120293; 3754120298,Geschichten der Propheten im Islâm,2. Auflage,Berlin,epubli,2021,120,"Publishing, B. L.",,,,,Romanhafte Biographien,ger,
9783754100226; 375410022X,Geschichten der Propheten im Islâm,1. Auflage,Berlin,epubli,2021,120,"Publishing, B. L.",,,,,Romanhafte Biographien,ger,
9783754325766; 3754325760,"Geschichten, nichts als Geschichten ...",1. Auflage,Norderstedt,BoD – Books on Demand,2021,118,"Schindera, Ingo",,,,,Romanhafte Biographien,ger,
9783959763547; 3959763549,Gott in Kurzgeschichten,1. Auflage,Lindenberg i. Allgäu,Kunstverlag Josef Fink,2021,208,"Roßmaier, Josef",,,,"Roßmaier, Josef",Bildband; Anthologie; Lyrik,ger,
9783753498751; 3753498750,Häuschen mit Herz ...,8. Auflage,Norderstedt,BoD – Books on Demand,2021,178,"Salzmann, Hartmut",,,,,"Humor, Satire; Lyrik",ger,
9783754312704; 3754312707,Heimat auf Zeit,1. Auflage,Norderstedt,BoD – Books on Demand,2021,152,"Moosbrugger, Georg",,,,,Romanhafte Biographien,ger,
9783949596001; 3949596003,Hermann Vogel,,Plauen,Vogtlandmuseum,2021,128,"Vogel, Hermann",,,,"Vogel, Hermann; Salesch, Martin",Anthologie; Erzählende Literatur: Hauptwerk vor 1945,ger,
9783967170375; 3967170373,Hinter Deich und Dünen,,"Husum, Nordsee",Husum Druck- und Verlagsgesellschaft,2021,268,"Andresen, Ingeborg",,,,,Fiktionale Darstellung; Erzählende Literatur: Hauptwerk vor 1945,ger,
9783943863604; 3943863603,Ich hätte dich gern lachen sehen,3. Auflage,Wuppertal,Verlag Das Bosnische Wort,2021,149,,"Čabaravdić-Kamber, Emina; Friesel, Uwe",,,,Anthologie; Lyrik,ger,
9783753143439; 375314343X,"Ich helfe, also bin ich!",3. Auflage,Berlin,epubli,2021,236,,,,"Jammeh, Suraya",,Romanhafte Biographien,ger,
9783949302015; 3949302018,"Ich lehne es ab, meine Zunge im Zaum zu halten",1. Auflage,Berlin,AvivA,2021,271,"Behn, Aphra","Schwartz, Tobias","Schwartz, Tobias",,,Anthologie; Erzählende Literatur: Hauptwerk vor 1945,ger,ger
9783755752110; 3755752115,Ich weiß es doch auch nicht,1. Auflage,Norderstedt,BoD – Books on Demand,2021,140,"Bruns, Oliver",,,,,Lyrik,ger,
9798770229127,Ich will doch nur ...,,Speyer,Gabriele Gail,2021,50,"Gail, Gabriele",,,,,Anthologie; Lyrik,ger,
9783754325780; 3754325787,In Nektar geschrieben,2. Auflage,Norderstedt,BoD – Books on Demand,2021,264,,"Kulow, Gesine",,,,Lyrik,ger,
9783831622597; 3831622590,Innere Berührung,,München,Literareon,2021,39,"Schmitt, Barbara",,,,,Anthologie; Lyrik,ger,
9783754152010; 3754152017,„Kablow“,2. Auflage,Berlin,epubli,2021,180,"Wullstein, Renate",,,,,Romanhafte Biographien,ger,
9783034016018; 3034016018,Kiltabend-Geschichten,,Zürich,Chronos,2021,405,"Hartmann, Alfred","Reiling, Jesko",,,"Reiling, Jesko",Fiktionale Darstellung; Erzählende Literatur: Hauptwerk vor 1945,ger,
9783831622788; 3831622787,Kindheit im Krieg und andere Kurzgeschichten,,München,Literareon,2021,102,"Steppuhn, Irmgard",,,,,Anthologie; Romanhafte Biographien,ger,
9783943009453,Kirchweihpredigten,,Bad Rodach,Rückertkreis Bad Rodach e.V.,2021,60,"Gilbert, Christa",,,,,Anthologie; Lyrik,ger,
9783754129999; 3754129996,Kurzgeschichten/Geschichten 2,2. Auflage,Berlin,epubli,2021,116,"Maranius, Frank",,,,,"Lyrik, Dramatik",ger,
9783869354088; 3869354089,La hora interior,,Kiel,Verlag Ludwig,2021,228,"Colinas, Antonio",,"Strien-Bourmer, Petra",,,Anthologie; Lyrik,spa; ger,
9783347392441; 3347392442,Lachen und Weinen - Mein Dank an das Leben,1. Auflage,Hamburg,tredition,2021,104,"Hahn-Wiechert, Petra",,,,,Lyrik,ger,
9783347392458; 3347392450,Lachen und Weinen - Mein Dank an das Leben,1. Auflage,Hamburg,tredition,2021,104,"Hahn-Wiechert, Petra",,,,,Lyrik,ger,
9783347410503; 3347410505,Lachen und Weinen - Mein Dank an das Leben,2. Auflage,Hamburg,tredition,2021,108,"Hahn-Wiechert, Petra",,,,,Lyrik,ger,
9783347410497; 3347410491,Lachen und Weinen - Mein Dank an das Leben,2. Auflage,Hamburg,tredition,2021,108,"Hahn-Wiechert, Petra",,,,,Lyrik,ger,
9783351038823; 3351038828,Lilly und ihr Sklave,1. Auflage,Berlin,Aufbau,2021,269,"Fallada, Hans","Preuß-Wössner, Johanna",,,,Fiktionale Darstellung; Erzählende Literatur: Hauptwerk vor 1945,ger,
9783985271641; 398527164X,Lyrik am Effner,,Remscheid,Rediroma-Verlag,2021,53,,"Notz, Martina",,,,Anthologie; Lyrik,ger,
9783985270880; 3985270880,Lyrik aus Bogen,,Remscheid,Rediroma-Verlag,2021,50,,"Spiegelhauer, Tom",,,,Anthologie; Lyrik,ger,
9783868206319; 3868206310,Märchen und Erzählungen,,Hamburg,Nikol Verlag,2021,238,"Wilde, Oscar",,"Zoozmann, Richard",,,Anthologie; Erzählende Literatur: Anthologien; Erzählende Literatur: Hauptwerk vor 1945,ger,
9783754120743; 3754120743,Märchenhafte Reimereien,3. Auflage,Berlin,epubli,2021,228,"Lutz, Andrea",,,,,"Lyrik, Dramatik",ger,
9783754128138; 3754128132,Manchmal schweigt es im Morgengrauennn,1. Auflage,Berlin,epubli,2021,72,"Angst, Ulla",,,,,"Lyrik, Dramatik",ger,
9783752667165; 3752667168,Mauerfälle,1. Auflage,Norderstedt,BoD – Books on Demand,2021,196,"Hoang, Dang Lanh",,,,,Romanhafte Biographien,ger,
9783347289642; 3347289641,Meine zwei linken Griechen,1. Auflage,Hamburg,tredition,2021,236,"Willms, Hildegard",,,,,Romanhafte Biographien,ger,
9783347289635; 3347289633,Meine zwei linken Griechen,1. Auflage,Hamburg,tredition,2021,236,"Willms, Hildegard",,,,,Romanhafte Biographien,ger,
9783864651601; 3864651603,"Menschen, Leben und Geschichten in Gedanken und Gedichten",1. Auflage,Berlin,trafo,2021,255,"Grohs, Norbert",,,,,Anthologie; Lyrik,ger,
9783754356364; 3754356364,Milchschattengewächse,1. Auflage,Norderstedt,BoD – Books on Demand,2021,168,"Busch, Peter",,,,,Lyrik,ger,
9791220113564,Mund spitz machen gilt nicht!,Erstausgabe,Berlin,Europa Buch,2021,361,"Meywirth, Jürgen",,,,,Fiktionale Darstellung; Romanhafte Biographien,ger,
9783753164700; 3753164704,Mundart Geschichten aus dem Zürcher Oberland/En Chranz,1. Auflage,Berlin,epubli,2021,200,"Widmer, Johann",,,,,Romanhafte Biographien,ger,
9783754319130; 3754319132,Mundartprosa aus den Zeitschriften Trutznachtigall und Heimwacht 1919-1932,1. Auflage,Norderstedt,BoD – Books on Demand,2021,484,,"Bürger, Peter; Fiebig, Magdalene",,,,Lyrik,ger,
9783753477794; 3753477796,Mutterschmerzen,3. Auflage,Norderstedt,BoD – Books on Demand,2021,132,"Black, Jillian",,,,,Romanhafte Biographien,ger,
9783956318900; 3956318900,"""Nehmen Sie doch schwarze, Herr Professor, die sind erotischer ... """,,Düren,Shaker Media,2021,159,"Decker-Voigt, Hans-Helmut",,,,,Fiktionale Darstellung; Romanhafte Biographien,ger,
9783752621952; 3752621958,Nikos erzählt ... ..,1. Auflage,Norderstedt,BoD – Books on Demand,2021,100,"Papadakis, Niko",,,,,Lyrik,ger,
9783754109786; 3754109782,Nord-Süd,7. Auflage,Berlin,epubli,2021,156,"Kluge, Sven",,,,,Romanhafte Biographien,ger,
9783754117064; 3754117068,Nord-Süd,7. Auflage,Berlin,epubli,2021,156,"Kluge, Sven",,,,,Romanhafte Biographien,ger,
9783753408644; 3753408646,Novellen und Erzählungen,1. Auflage,Norderstedt,BoD – Books on Demand,2021,104,"Mann, Heinrich",,,,,Erzählende Literatur: Hauptwerk vor 1945,ger,
9783753408668; 3753408662,Novellen und Erzählungen,1. Auflage,Norderstedt,BoD – Books on Demand,2021,200,"Mann, Heinrich",,,,,Erzählende Literatur: Hauptwerk vor 1945,ger,
9783753408682; 3753408689,Novellen und Erzählungen,1. Auflage,Norderstedt,BoD – Books on Demand,2021,172,"Mann, Heinrich",,,,,Erzählende Literatur: Hauptwerk vor 1945,ger,
9783753408699; 3753408697,Novellen und Erzählungen,1. Auflage,Norderstedt,BoD – Books on Demand,2021,176,"Mann, Heinrich",,,,,Erzählende Literatur: Hauptwerk vor 1945,ger,
9783753408712; 3753408719,Novellen und Erzählungen,1. Auflage,Norderstedt,BoD – Books on Demand,2021,104,"Mann, Heinrich",,,,,Erzählende Literatur: Hauptwerk vor 1945,ger,
9783033082892,Nur Menschen,1. Auflage,Grenchen,editioev,2021,71,"Künzi-Faruchinger, Max",,,,,Anthologie; Lyrik,ger,
9783753462349; 3753462349,Oh je - ein Golfspieler!,5. Auflage,Norderstedt,BoD – Books on Demand,2021,108,"Salzmann, Hartmut",,,,,Lyrik,ger,
9783754139264; 3754139266,Opa erzähle mal ...,1. Auflage,Berlin,epubli,2021,188,"Eltus, Wolfgang",,,,,Romanhafte Biographien,ger,
9783753463612; 3753463612,Ost West RaskaSagen-Kurzgeschichten für Kinder und Senioren,1. Auflage,Norderstedt,BoD – Books on Demand,2021,144,"Reimer, Hermann",,,,,Lyrik,ger; rus,
9783939643258; 3939643254,Ostholsteinische Schriftstellerinnen des 19. Jahrhunderts,,Eutin,Stiftung Eutiner Landesbibliothek,2021,505,,"Walter, Axel E.",,,,Fiktionale Darstellung; Erzählende Literatur: Hauptwerk vor 1945,ger,
9783959780162; 3959780168,Querungen,,Kassel,Jenior,2021,151,"Provencio, Pedro",,"Strien-Bourmer, Petra",,,Anthologie; Lyrik,ger; spa,
9783981990119; 3981990110,Rosentrost,,Espelkamp,"Kalbhenn, Marlies",2021,86,"Kalbhenn, Marlies",,,,,Anthologie; Lyrik,ger,
9783868131109; 3868131108,Rumänische Lyrik,,Berlin,Edition Noack & Block,2021,444,,"Merlan, Aurelia",,,,Anthologie; Lyrik,ger; rum,
9783755739043; 3755739046,Sauerländische Mundart-Anthologie XII,1. Auflage,Norderstedt,BoD – Books on Demand,2021,256,,"Fiebig, Magdalene; Bürger, Peter",,,,Lyrik,ger,
9783867301930; 386730193X,Schischyphusch oder Der Kellner meines Onkels,,Leipzig,Faber & Faber,2021,47,"Borchert, Wolfgang",,,,"Hoffboll, Jonathan",Fiktionale Darstellung; Erzählende Literatur: Hauptwerk vor 1945,ger,
9783759770134; 3759770134,Schriftkram,2. Auflage,Norderstedt,BoD – Books on Demand,2021,294,"Pfeiffer, Johannes I. L.",,,,,Lyrik,ger,
9783740782283; 3740782285,Schwarz auf weiß,1. Auflage,Norderstedt,TWENTYSIX,2021,120,"Stroh, Sven",,,,,Lyrik,ger,
9783948675219; 394867521X,Shitsingle,"1. Auflage, Originalausgabe",Berlin,Hirnkost,2021,246,"Wolff, Reinhard",,,,,Fiktionale Darstellung; Romanhafte Biographien; Erzählende Literatur: Anthologien,ger,
9783940784506; 3940784508,Sonette über das Sonett,1. Auflage,Passau,Schuster ,2021,332,,"Hänselmann, Matthias Clemens",,,,Anthologie; Lyrik,ger,
9783100483270; 3100483278,Späte Erzählungen 1919-1953,1. Auflage,Frankfurt am Main,S. FISCHER,2021,544,"Mann, Thomas","Vaget, Hans Rudolf",,,,Erzählende Literatur: Hauptwerk vor 1945,ger,
9783969402672; 3969402670,Suche - Geschichten aus einem anderen Land,,Leipzig,Engelsdorfer Verlag,2021,162,"Fircks, Christoph von",,,,,Fiktionale Darstellung; Romanhafte Biographien; Erzählende Literatur,ger,
9783754106105; 3754106104,Süsse Stute,3. Auflage,Berlin,epubli,2021,168,"Salzgitter, Print & Lettershop",,,,,"Lyrik, Dramatik",ger,
9783754104859; 3754104853,Süsse Stute,2. Auflage,Berlin,epubli,2021,288,"Salzgitter, Print & Lettershop",,,,,"Lyrik, Dramatik",ger,
9783753173962; 3753173967,Tohuus in Oostpreußen,1. Auflage,Berlin,epubli,2021,88,"Kabela, Steffen",,,,,Romanhafte Biographien,ger,
9783754120170; 3754120174,Tohuus in Ostpreußen - Kurzgeschichten/Tohuus in Oostpreußen,2. Auflage,Berlin,epubli,2021,68,"Kabela, Steffen",,,,,Romanhafte Biographien,ger,
9783936980585,Traumzeit,,Freiberg,Drei Birken Verlag,2021,112,"Walter, Ursula",,,,,Anthologie; Lyrik,ger,
9783754327654; 3754327658,und unsern kranken Nachbarn auch,1. Auflage,Norderstedt,BoD – Books on Demand,2021,68,"Weiller, Stefan",,,,,Dramatik,ger,
9783866996694,Unter Menschen,5. überarbeitete Auflage,Bielefeld,Christliche Literatur-Verbreitung e.V.,2021,115,"Busch, Wilhelm",,,,,Fiktionale Darstellung; Erzählende Literatur: Hauptwerk vor 1945,ger,
9783347299696; 3347299698,Verspielte Liebe,1. Auflage,Hamburg,tredition,2021,212,"Kolvenbach, Hans Jürgen",,,,,Lyrik,ger,
9783347299702; 3347299701,Verspielte Liebe,1. Auflage,Hamburg,tredition,2021,212,"Kolvenbach, Hans Jürgen",,,,,Lyrik,ger,
9783751977456; 3751977457,Vier Erzählungen,3. Auflage,Norderstedt,BoD – Books on Demand,2021,100,"Levy, Juan",,,,,Romanhafte Biographien,ger,
9783753161518; 3753161519,Von Menschen und Zahlen,1. Auflage,Berlin,epubli,2021,204,"Begrich, Thomas",,,,,Romanhafte Biographien,ger,
9783753177380; 3753177385,Von Menschen und Zahlen,3. Auflage,Berlin,epubli,2021,208,"Begrich, Thomas",,,,,Romanhafte Biographien,ger,
9783842247987; 3842247982,Wahre Geschichten,,Aachen,deutscher lyrik verlag (dlv),2021,168,"Hackstock, Roger",,,,,Anthologie; Lyrik,ger,
9783754315408; 3754315404,Warme Träume,1. Auflage,Norderstedt,BoD – Books on Demand,2021,120,"Aman, M.",,,,,Lyrik,ger,
9783150140819; 3150140811,Warnung vor Büchern,,Ditzingen,Reclam,2021,384,"Fallada, Hans","Gansel, Carsten",,,,Anthologie; Erzählende Literatur: Hauptwerk vor 1945,ger,
9783754137574; 3754137573,Was ich noch weiß,2. Auflage,Berlin,epubli,2021,192,"Eigenbrodt, Alexander Ferdinand",,,,,Romanhafte Biographien,ger,
9783754137239; 3754137239,Was ich noch weiß,1. Auflage,Berlin,epubli,2021,192,"Eigenbrodt, Alexander Ferdinand",,,,,Romanhafte Biographien,ger,
9783754344811; 3754344811,Weihnachtswumms - Klingelingeling,1. Auflage,Norderstedt,BoD – Books on Demand,2021,102,"Mai-Schoger, Yasmin",,,,,Lyrik,ger,
9783754357125; 3754357123,Weihnachtszeit,1. Auflage,Norderstedt,BoD – Books on Demand,2021,60,"Hahmann, Ernst-Ulrich",,,,,Lyrik,ger,
9783985272266; 3985272263,Wir Kinder aus Stade-Süd,,Remscheid,Rediroma-Verlag,2021,182,"Renner, Ulrich C.",,,,,Fiktionale Darstellung; Romanhafte Biographien,ger,
9783869294865; 3869294868,Wolfs Fährten,,Cottbus,Regia-Co-Work,2021,152,"Hartmann, Wolf D.; Zucker, Gertrud",,,,,Fiktionale Darstellung; Romanhafte Biographien,ger,
9783754333228; 3754333224,Worms-Horchheimer und andere Geschichten in Reimen und Gedichten,1. Auflage,Norderstedt,BoD – Books on Demand,2021,340,"Denschlag, Walter",,,,,Lyrik,ger,
9783745511031; 3745511034,"Wortschäume, Schaumworte, Traumräume",1. Auflage,Oberhausen,ATHENA-Verlag,2021,67,"Vildebrand, Reina Ilona",,,,,Anthologie; Lyrik,ger,
9783753439013; 3753439010,Zeit kritisch,1. Auflage,Norderstedt,BoD – Books on Demand,2021,74,"Tropschug, Eva",,,,,Lyrik,ger,
9783754334027; 3754334026,Zurück zum alten Sternenplatz,1. Auflage,Norderstedt,BoD – Books on Demand,2021,172,"Gundel, Matthias",,,,,Lyrik,ger,
9783751904193; 3751904190,A troubled life,1. Auflage,Norderstedt,BoD – Books on Demand,2020,372,,,,"Werner, Alexander",,Romanhafte Biographien,ger,
9783752606096; 3752606096,"Ach, Alm - G'schichta rond om d'Achel",1. Auflage,Norderstedt,BoD – Books on Demand,2020,96,,,,"Mai-Schoger, Yasmin",,Lyrik,ger,
9783347131194; 3347131193,Acht Monate unseres Lebens im afrikanischen Busch,1. Auflage,Hamburg,tredition,2020,120,,,,"Kott, Elizabeth",,Romanhafte Biographien,ger,
9783347131200; 3347131207,Acht Monate unseres Lebens im afrikanischen Busch,1. Auflage,Hamburg,tredition,2020,120,,,,"Kott, Elizabeth",,Romanhafte Biographien,ger,
9783750433786; 375043378X,Als die Milch noch von der Kuh kam,1. Auflage,Norderstedt,BoD – Books on Demand,2020,152,,,,"Krämer, Josef",,Lyrik,ger,
9783902589880; 3902589884,Als ich in Bisamberg die Ewigkeit auslöschte,,Langenzersdorf,Edition Weinviertel,2020,240,"Steiner, Hannes",,,,,Fiktionale Darstellung; Romanhafte Biographien,ger,
9788868394950; 8868394952,Als wir noch Kinder waren,,Bozen,Athesia Verlag,2020,207,"Steger, Konrad",,,,,Fiktionale Darstellung; Romanhafte Biographien,ger,
9783752894981; 3752894989,Anna - Geschichten,1. Auflage,Norderstedt,BoD – Books on Demand,2020,180,,,,"Bauer, Ingeborg",,Romanhafte Biographien,ger,
9783751931014; 3751931015,Anthologie des Lebens Band 1,1. Auflage,Norderstedt,BoD – Books on Demand,2020,184,,,,"Hofmann, Christian",,Lyrik,ger,
9783751936200; 3751936203,Anthologie des Lebens Band 2,1. Auflage,Norderstedt,BoD – Books on Demand,2020,184,,,,"Hofmann, Christian",,Lyrik,ger,
9783751957243; 3751957243,Anthologie des Lebens Band 3,1. Auflage,Norderstedt,BoD – Books on Demand,2020,148,,,,"Hofmann, Christian",,Lyrik,ger,
9783903303218; 3903303216,Auf den Spuren meines Großvaters Albin Auer,,Glödnitz,Memoiren-Verlag Bauschke,2020,163,"Auer, Anna",,,,,Fiktionale Darstellung; Romanhafte Biographien,ger,
9783945807415; 3945807417,Auf zwei Planeten,Vollständige und unbearbeitete Neuausgabe des 9. bis 11. Tsd. (1908) des erstmals 1897 erschienenen Romans in einem Band mit 35 Illustrationen von Walter Zeeden,Lüneburg,Dieter von Reeken,2020,607,"Laßwitz, Kurd",,,,"Zeeden, Walter",Fiktionale Darstellung; Erzählende Literatur: Hauptwerk vor 1945,ger,
9783752972207; 3752972203,Augen auf in den Kurven des Lebens,1. Auflage,Berlin,epubli,2020,220,,,,"Saager, Franz-Josef",,Romanhafte Biographien,ger,
9783750456341; 3750456348,Aus dem Miteinander,1. Auflage,Norderstedt,BoD – Books on Demand,2020,140,,,,"Tank, Wulfhild",,Lyrik,ger,
9783750284227; 3750284229,"Beck's Erzählungen - ""Unsere Jugend - Zeit um 1960, in Duchroth""",4. Auflage,Berlin,epubli,2020,184,"Beck, Eduard",,,,,Fiktionale Darstellung; Romanhafte Biographien,ger,
9783753140780; 3753140783,Bilder und Geschichten aus Deutsch-Neuguinea erlebt von weißen Siedlern 1884-1922,1. Auflage,Berlin,epubli,2020,708,,,,"Baumann, Karl",,Romanhafte Biographien,ger,
9783751953283; 3751953280,Bitte keine Weiterbildung,1. Auflage,Norderstedt,BoD – Books on Demand,2020,88,,,,"Drechsel, Juliane",,Lyrik,ger,
9783752609844; 3752609842,Briefe aus dem Leben,2. Auflage,Norderstedt,BoD – Books on Demand,2020,52,,,,"Storto, Katja; Mumm, Kerstin",,Romanhafte Biographien,ger,
9783966980913; 3966980916,"Bruder, hab Loch! Im Auto",2. überarbeitete Auflage,Vienna,Karina-Verlag,2020,190,"Nuri, Jack",,,,,Fiktionale Darstellung; Romanhafte Biographien,ger,
9783751953344; 3751953345,"Bühnentexte von Gottfried Heine, Jost Hennecke, Johannes Schulte und Franz Rinsche",1. Auflage,Norderstedt,BoD – Books on Demand,2020,312,,,,"Heine, Gottfried; Fiebig, Magdalene; Hennecke, Jost; Schulte, Johannes; Rinsche, Franz",,Dramatik,ger,
9783751981323; 3751981322,Corona-Logbuch,1. Auflage,Norderstedt,BoD – Books on Demand,2020,120,,,,"Paplewski, Heike",,Lyrik,ger,
9783751918374; 375191837X,Dante in Pomposa,1. Auflage,Norderstedt,BoD – Books on Demand,2020,112,,,,"Lindscheid, Karl Richard",,Lyrik,ger,
9783743971684; 3743971682,Das Büchlein für Wartende!,1. Auflage,Hamburg,tredition,2020,176,,,,"Kersken, Steffen; Klein, Petra",,Lyrik,ger,
9783743971691; 3743971690,Das Büchlein für Wartende!,1. Auflage,Hamburg,tredition,2020,176,,,,"Kersken, Steffen; Klein, Petra",,Lyrik,ger,
9783750275485; 3750275483,Das Kükendings - und andere Geschichten aus Schönhausen a.d.Elbe,1. Auflage,Berlin,epubli,2020,156,,,,"Eifert, Rudi",,Romanhafte Biographien,ger,
9783347056107; 3347056108,Das Leben ist ENTWICKLUNG …,1. Auflage,Hamburg,tredition,2020,80,,,,"Wüst, Siegfried",,Romanhafte Biographien,ger,
9783347056091; 3347056094,Das Leben ist ENTWICKLUNG …,1. Auflage,Hamburg,tredition,2020,80,,,,"Wüst, Siegfried",,Romanhafte Biographien,ger,
9783347029439; 3347029437,Das Ufer am Boot,1. Auflage,Hamburg,tredition,2020,128,,,,"Kirch, Rode",,Lyrik,ger,
9783347029422; 3347029429,Das Ufer am Boot,1. Auflage,Hamburg,tredition,2020,128,,,,"Kirch, Rode",,Lyrik,ger,
9783347006676; 3347006674,Dat is Heimat!,1. Auflage,Hamburg,tredition,2020,96,,,,"Kersken, Steffen; Deubel, Peter",,Lyrik,ger,
9783347006683; 3347006682,Dat is Heimat!,1. Auflage,Hamburg,tredition,2020,96,,,,"Kersken, Steffen; Deubel, Peter",,Lyrik,ger,
9783752937336; 3752937335,Der abenteuerliche Pfad des Herzens,1. Auflage,Berlin,epubli,2020,80,,,,"Sönmez, Gönül",,"Lyrik, Dramatik",ger,
9783965423763; 3965423762,Der gestohlene Bazillus und andere Geschichten,"LIWI Verlag, Göttingen 2020",Göttingen,LIWI Literatur- und Wissenschaftsverlag,2020,188,"Wells, H. G.",,,,,Erzählende Literatur: Hauptwerk vor 1945,ger,
9783991182092; 3991182092,Der Kastanienbaum,Erste Auflage,Österreich?,Elisabeth Walter,2020,187,"Walter, Elisabeth",,,,,Fiktionale Darstellung; Romanhafte Biographien,ger,
9783838214528; 3838214528,Der Künstler,,Stuttgart,ibidem-Verlag,2020,121,"Rose-Heine, Wolfgang",,,"Rose-Heine, Wolfgang; Rose-Heine, Wolfgang",,Anthologie; Romanhafte Biographien,ger,
9783257230543; 9783257293050,Der Mitmacher,(Neufassung 1980),Zürich,Diogenes,2020,337,"Dürrenmatt, Friedrich",,,,,Theaterstück; Dramatik,ger,
9783730609316; 3730609319,Die besten Geschichten,,Köln,Anaconda,2020,318,"Roth, Joseph","Graf, Maximilian",,,,Fiktionale Darstellung; Erzählende Literatur: Hauptwerk vor 1945,ger,
9783596904082; 3596904080,Die Geschichten Jaakobs,In der Fassung der Großen kommentierten Frankfurter Ausgabe,Frankfurt am Main,FISCHER Taschenbuch,2020,658,"Mann, Thomas","Assmann, Jan; Borchmeyer, Dieter; Huber, Peter; Stachorski, Stephan",,"Mann, Thomas; Mann, Thomas",,Fiktionale Darstellung; Erzählende Literatur: Hauptwerk vor 1945,ger,
9783347034457; 3347034457,Die kleine Poetix-Anthologie,7. Auflage,Hamburg,tredition,2020,188,,,,"Liegener, Christoph-Maria",,Lyrik,ger,
9783347034440; 3347034449,Die kleine Poetix-Anthologie,7. Auflage,Hamburg,tredition,2020,188,,,,"Liegener, Christoph-Maria",,Lyrik,ger,
9783750499430; 3750499438,Die Nachtigall,1. Auflage,Norderstedt,BoD – Books on Demand,2020,56,,,,"Höver, Anne",,Lyrik,ger,
9783945715826; 3945715822,Die Pannschüppe,1. Auflage,Meine,Reiffer ,2020,397,"Welt, Wolfgang","Willems, Martin",,,,Fiktionale Darstellung; Romanhafte Biographien,ger,
9783752674637; 3752674636,Die Schere,2. Auflage,Norderstedt,BoD – Books on Demand,2020,176,,,,"Höchsmann-Maly, Irmgard; Höchsmann, Frank",,Lyrik,ger,
9783734724190; 3734724198,Die schwarzen Schafe,1. Auflage,Norderstedt,BoD – Books on Demand,2020,368,,,,"Alldag, Rolf",,Romanhafte Biographien,ger,
9783751917605; 3751917608,Die schwarzen Schafe,1. Auflage,Norderstedt,BoD – Books on Demand,2020,368,,,,"Alldag, Rolf",,Romanhafte Biographien,ger,
9783730608555; 373060855X,Die Serapionsbrüder,,Köln,Anaconda,2020,1232,"Hoffmann, E. T. A.",,,,,Fiktionale Darstellung; Erzählende Literatur: Hauptwerk vor 1945,ger,
9783150205969; 3150205964,Die Verwandlung und andere Erzählungen,,Ditzingen,Reclam,2020,237,"Kafka, Franz",,,,"Müller, Michael",Anthologie; Erzählende Literatur: Hauptwerk vor 1945,ger,
9783751902946; 3751902945,Die Welt dahinter,2. Auflage,Norderstedt,BoD – Books on Demand,2020,356,,,,"Ziegelmeir, Jürgen",,Lyrik,ger,
9783752609431; 3752609435,Dirig-Enten und ihre Sänger,1. Auflage,Norderstedt,BoD – Books on Demand,2020,84,,,,"Götte, Hans-Helmut",,Lyrik,ger,
9783839227084; 3839227089,Donaumelodien - morbide Geschichten,1. Auflage,Meßkirch,Gmeiner-Verlag,2020,249,"Zach, Bastian",,,,,Anthologie; Historische Kriminalromane,ger,
9783741209123; 3741209120,Düsseldorf - Meiningen und zurück!,2. Auflage,Norderstedt,BoD – Books on Demand,2020,76,,,,"Nimtz-Schiel, Karin",,Romanhafte Biographien; Erzählende Literatur,ger,
9783750297784; 3750297789,Ein Hungerkünstler,1. Auflage,Berlin,epubli,2020,48,,,,"Kafka, Franz",,Erzählende Literatur; Erzählende Literatur: Hauptwerk vor 1945,ger,
9783751978033; 3751978038,Ein Rest von gestern,1. Auflage,Norderstedt,BoD – Books on Demand,2020,188,,,,"Meisriemler, Gudrun Elisabeth",,Lyrik,ger,
9783751996969; 3751996966,Ein Schelm auf Abwegen,1. Auflage,Norderstedt,BoD – Books on Demand,2020,108,,,,"Rauner, Robert",,Lyrik,ger,
9783944990552; 3944990552,Ein Stich - ein Schrei,1. Auflage,Bernau,Verlag Andrea Schröder,2020,136,"Denck, Wolfram",,,,,Anthologie; Lyrik,ger,
9783753125299; 3753125296,Eine Anthologie meiner Lyrik,2. Auflage,Berlin,epubli,2020,252,,,,"Wagner, Yvonne",,"Lyrik, Dramatik",ger,
9783751950787; 3751950788,Eine kleine Sammlung,3. Auflage,Norderstedt,BoD – Books on Demand,2020,52,,,,"Papenfuß, Timo",,Lyrik,ger,
9783752693973; 3752693975,Einfache Geschichten,1. Auflage,Norderstedt,BoD – Books on Demand,2020,64,,,,"Schrey, Gisela",,Lyrik,ger,
9783347050891; 3347050894,Erinnerungen an Menschen und Ereignisse,1. Auflage,Hamburg,tredition,2020,108,,,,"Möbus, Hannelore",,Romanhafte Biographien,ger,
9783347050907; 3347050908,Erinnerungen an Menschen und Ereignisse,1. Auflage,Hamburg,tredition,2020,108,,,,"Möbus, Hannelore",,Romanhafte Biographien,ger,
9783750430969; 3750430969,Erlebnisreiche Geschichten eines plattdeutschen Russlanddeutschen in Deutsch,3. Auflage,Norderstedt,BoD – Books on Demand,2020,172,,,,"Reimer, Hermann",,Romanhafte Biographien; Erzählende Literatur,ger,
9783750469297; 3750469296,"Erlebnisreiche Geschichten eines Plattdeutschen, Russlanddeutschen in Deutsch.",1. Auflage,Norderstedt,BoD – Books on Demand,2020,178,,,,"Reimer, Hermann",,Romanhafte Biographien,ger,
9783966373005; 3966373009; 9783966374408,Erzählungen,1. Auflage,Hamburg,Gröls Verlag,2020,100,"Arnim, Achim von","Gröls-Verlag, Redaktion",,,,Dramatik,ger,
9783966621311; 3966621312,Erzählungen,"Der Text des vorliegenden Neusatzes folgt der Ausgabe »Heinrich Kleist’s ausgewählte Schriften«, hrsg. von Ludwig Tieck, Berlin 1846/47 im Verlag G. Reimer.",Tegernsee,"Boer, K",2020,340,"Kleist, Heinrich von",,,,,Erzählende Literatur: Hauptwerk vor 1945,ger,
9783835361034; 3835361031,Erzählungen 1,1. Auflage,Göttingen,Wallstein Verlag,2020,1356,"Borchardt, Rudolf","Schuster, Gerhard",,,,Erzählende Literatur: Hauptwerk vor 1945,ger,
9783730609255; 3730609254,Erzählungen und Romane,Dünndruckausgabe,Köln,Anaconda,2020,1503,"Kafka, František",,,,,Fiktionale Darstellung; Erzählende Literatur: Hauptwerk vor 1945,ger,
9783753138312; 3753138312,Evil Bedtime Stories,1. Auflage,Berlin,epubli,2020,584,,,,"Frenkler, Sabrina; Bouzrou Bouzrou, Christine",,"Lyrik, Dramatik",ger,
9783753138305; 3753138304,Evil Bedtime Stories,1. Auflage,Berlin,epubli,2020,584,,,,"Frenkler, Sabrina; Bouzrou Bouzrou, Christine",,"Lyrik, Dramatik",ger,
9783751900393; 375190039X,Fantastische Island-Stories,1. Auflage,Norderstedt,BoD – Books on Demand,2020,204,,,,"Kersten, Winfried",,Lyrik,ger,
9783751981170; 3751981179,Franz Tauber´s Erzählungen,1. Auflage,Norderstedt,BoD – Books on Demand,2020,180,,,,"Tauber, Franz",,Lyrik,ger,
9783750437722; 3750437726,Frau Wirbelwusch,1. Auflage,Norderstedt,BoD – Books on Demand,2020,96,,,,"Mai-Schoger, Yasmin",,Lyrik,ger,
9783959150590; 3959150598,Fremdgefahren,1. Auflage,Mildenau,Telescope Verlag,2020,149,"Wechsler, Andrea",,,,,Fiktionale Darstellung; Romanhafte Biographien,ger,
9783752689266; 3752689269,Füßebaumelnd am Horizont sitzend,1. Auflage,Norderstedt,BoD – Books on Demand,2020,212,,,,"Pape, Annie Greta; Voigt, Annegret",,Lyrik,ger,
9783750496576; 3750496579,Gedanken werden geboren,2. Auflage,Norderstedt,BoD – Books on Demand,2020,204,,,,"Stehle, Elfride",,Lyrik,ger,
9783982209500; 3982209501,Gedankenschätze - für Junggebliebene,3. Auflage,Pabstorf,Huyland-Verlag,2020,1,,"Packebusch, Katrin",,,"Packebusch, Katrin",Bildband; Anthologie; Geschenkbücher,ger,
9789178519699; 9178519691,Gedichte & Kurzgeschichten,1. Auflage,Norderstedt,BoD – Books on Demand – Schweden,2020,204,"Schlereth, Einar",,,,,Lyrik,ger,
9783751959704; 375195970X,Gegen die Langeweile,1. Auflage,Norderstedt,BoD – Books on Demand,2020,84,,,,"Harth, Brigitte",,Lyrik,ger,
9783941935761; 3941935763,Gersche Lausbuben Geschichten,1. Auflage,Leipzig,adakia Verlag UG,2020,268,"Lemke, Manfred",,,,,Fiktionale Darstellung; Romanhafte Biographien,ger,
9783750495838; 3750495831,Gesamtausgabe der Theaterstücke von Friedrich Wilhelm Grimme 1861 - 1885,1. Auflage,Norderstedt,BoD – Books on Demand,2020,456,,,,"Grimme, Friedrich Wilhelm; Bürger, Peter",,Dramatik,ger,
9783796539978; 3796539971,Geschichten,,Basel,Stroemfeld,2020,221,"Walser, Robert","Reibnitz, Barbara von; Socha-Wartmann, Caroline",,,,Fiktionale Darstellung; Erzählende Literatur: Hauptwerk vor 1945,ger,
9783750422711; 3750422710,Geschichten,2. Auflage,Norderstedt,BoD – Books on Demand,2020,212,,,,"Meyer, Ekkehard",,Romanhafte Biographien; Erzählende Literatur,ger,
9783934991163; 3934991165,Geschichten am See und Meer,,Tübingen,Momentum,2020,22,"Brunke Sack, Helga",,,,,Anthologie; Lyrik,ger,
9783751956505; 3751956506,Geschichten aus dem Pflegeheim,2. Auflage,Norderstedt,BoD – Books on Demand,2020,80,,,,"Windisch, Birgid",,Romanhafte Biographien,ger,
9783347006775; 3347006771,Geschichten aus der Heimat!,1. Auflage,Hamburg,tredition,2020,112,,,,"Kersken, Steffen",,Lyrik,ger,
9783347006768; 3347006763,Geschichten aus der Heimat!,1. Auflage,Hamburg,tredition,2020,112,,,,"Kersken, Steffen",,Lyrik,ger,
9783751968737; 3751968733,Geschichten aus der Provinz,1. Auflage,Norderstedt,BoD – Books on Demand,2020,116,,,,"Sielaff, Jörg",,Romanhafte Biographien,ger,
9783952439180; 3952439185,Geschichten aus rechter Hand,,Huttwil,Edition.Schürch,2020,115,"Lanz, Rudolf",,,,,Fiktionale Darstellung; Romanhafte Biographien,ger,
9783753135205; 3753135208,Geschichten aus Schweden,2. Auflage,Berlin,epubli,2020,132,,,,"Monheim, Heinz",,Romanhafte Biographien,ger,
9783752644982; 3752644982,Geschichten to Schmunzeln un to högen,1. Auflage,Norderstedt,BoD – Books on Demand,2020,88,,,,"Labrenz, Kai",,Lyrik,ger,
9783740765989; 3740765984,Geschichten und Gedichte,1. Auflage,Norderstedt,TWENTYSIX,2020,150,,,,"Hörning, Znika",,Lyrik,ger,
9783753130118; 3753130117,Geschichten vom lieben Gott,1. Auflage,Berlin,epubli,2020,112,,,,"Rilke, Rainer Maria",,Erzählende Literatur; Erzählende Literatur: Hauptwerk vor 1945,ger,
9783907146989; 3907146980,Geschichten vom Meer,,Basel,Münster Verlag,2020,120,"Betts, Peter J.",,,,,Fiktionale Darstellung; Romanhafte Biographien,ger,
9788881915347; 8881915340,Glaube Liebe Hoffnung,Auflage 2020,Pregassona,Fontana Edizioni SA,2020,148,"Weitnauer, Max",,,,,Lyrik,ger,
9783751981668; 3751981667,Häuschen mit Herz ...,7. Auflage,Norderstedt,BoD – Books on Demand,2020,168,,,,"Salzmann, Hartmut",,"Lyrik; Humor, Satire",ger,
9783750480032; 3750480036,Harzschnipsel,1. Auflage,Norderstedt,BoD – Books on Demand,2020,92,,,,"Mai-Schoger, Yasmin",,Lyrik,ger,
9783751996372; 3751996370,Himmel und Erde,1. Auflage,Norderstedt,BoD – Books on Demand,2020,192,,,,"Pense, Diethard",,Lyrik,ger,
9783943275513; 3943275515,Im Glanz des Mondes,1. Auflage,Berlin,Verlag Dornbrunnen,2020,158,"Croker, Thomas Crofton; Dumas, Alexandre; Guttmann, Richard; Langer, Johann; Mercier, Louis-Sébastien; Oettinger, Eduard Maria; Poe, Edgar Allan; Salgari, Emilio; Sanders, Ella; Schmidt, Heinrich; Stump, F.","Schulz, Sven-R.","Frank, Gerd",,,Anthologie; Erzählende Literatur: Hauptwerk vor 1945,ger,
9783752646634; 3752646632,Im Hinterzimmer des Lebens,1. Auflage,Norderstedt,BoD – Books on Demand,2020,136,,,,"Miziolek, Karl",,Lyrik,ger,
9783751979887; 3751979883,Im Schulzimmer des Lebens,1. Auflage,Norderstedt,BoD – Books on Demand,2020,102,,,,"Lindt, Nicolas",,Romanhafte Biographien,ger,
9783749721276; 3749721270,"""In den Wind geschrieben?",1. Auflage,Hamburg,tredition,2020,172,,,,"Mainkova, Elke",,Lyrik,ger,
9783749721269; 3749721262,"""In den Wind geschrieben?",1. Auflage,Hamburg,tredition,2020,172,,,,"Mainkova, Elke",,Lyrik,ger,
9783751921060; 3751921060,In der Saar tanzen die Schwäne,1. Auflage,Norderstedt,BoD – Books on Demand,2020,192,,,,"Hewener, Vera",,Lyrik,ger,
9783752894660; 3752894660,Irische Geschichten - By the Barrow River und andere,1. Auflage,Norderstedt,BoD – Books on Demand,2020,300,,,,"Meine, Thomas M.",,Lyrik,ger,
9783947884216; 3947884214,Isch saahs mol so,1. Auflage,Worms,Worms Verlag,2020,48,"Diefenbach, Thomas",,,,,Anthologie; Lyrik,ger,
9783750292789; 3750292787,Jahre auf See,1. Auflage,Berlin,epubli,2020,328,,,,"Teichmann, Peter Polonius",,Romanhafte Biographien,ger,
9783751941549; 3751941541,Käfergeschichten - Aus dem Leben eines Autos,1. Auflage,Norderstedt,BoD – Books on Demand,2020,96,,,,"Weber, Rosemarie",,Romanhafte Biographien,ger,
9783948682033; 3948682038,Kinder des Widerstands,,Weilerswist,Verlag Ralf Liebe,2020,63,"Gallé, Ayshe",,,,,Anthologie; Lyrik,ger; eng,
9783752608120; 3752608129,Kinder im Pott,1. Auflage,Norderstedt,BoD – Books on Demand,2020,202,,,,"Baltus, Michael",,Romanhafte Biographien,ger,
9783750495074; 3750495076,Kleine Texte,2. Auflage,Norderstedt,BoD – Books on Demand,2020,68,,,,"Baerens, Lea",,Romanhafte Biographien; Erzählende Literatur,ger,
9783752677232; 3752677236,Kleinere und größere Probleme im Alltag,1. Auflage,Norderstedt,BoD – Books on Demand,2020,128,,,,"Tank, Wulfhild",,Lyrik,ger,
9783946307211; 3946307213,Kopfarbeit,,Warendorf,Elke und Hans-Hermann Beier,2020,161,"Beier, Hans-Hermann",,,,"Beier, Elke",Bildband; Anthologie; Gemischte Anthologien,ger,
9783752884760; 3752884762,Kratzer im Lack,1. Auflage,Norderstedt,BoD – Books on Demand,2020,208,,,,"Fischer, Hans-Jürgen",,Lyrik,ger,
9783752975161; 3752975164,Kurzgeschichten-Sammlung,1. Auflage,Berlin,epubli,2020,284,,,,"Pan, Luzie",,"Lyrik, Dramatik",ger,
9783750276925; 3750276927,Kurzgeschichten/ Die Flut 1962,2. Auflage,Berlin,epubli,2020,16,,,,"Klein, Angelika Helga",,Romanhafte Biographien,ger,
9783750292963; 3750292965,Kurzgeschichtenreihe/Gefallen,1. Auflage,Berlin,epubli,2020,20,,,,"Golsabahi, Shoka",,"Lyrik, Dramatik",ger,
9783752966565; 3752966564,Langweilig war's nie,2. Auflage,Berlin,epubli,2020,216,,,,"Hundek, Lilly",,Romanhafte Biographien,ger,
9783752942170; 3752942177,Lauter seltsame wahre Geschichten,1. Auflage,Berlin,epubli,2020,144,,,,"Dr. Schiffter, Roland",,Romanhafte Biographien,ger,
9783751978200; 3751978208,Lebensgedichte,1. Auflage,Norderstedt,BoD – Books on Demand,2020,98,,,,"Sunitsch, Nicole",,Lyrik,ger,
9783751921572; 3751921575,LiebeSünde - AmorPecado,2. Auflage,Norderstedt,BoD – Books on Demand,2020,240,,,,"Polinske, Jürgen",,Lyrik,ger,
9783347178182; 3347178181,Lilli und ihre Geschichten,1. Auflage,Hamburg,tredition,2020,176,,,,"Schäfer, Monika",,Romanhafte Biographien,ger,
9783347178175; 3347178173,Lilli und ihre Geschichten,1. Auflage,Hamburg,tredition,2020,176,,,,"Schäfer, Monika",,Romanhafte Biographien,ger,
9783961037865; 3961037868,Lyrik am Effner,,Remscheid,Rediroma-Verlag,2020,47,,"Spiegelhauer, Tom",,,,Anthologie; Lyrik,ger,
9783751976190; 3751976191,Mal so und mal so,1. Auflage,Norderstedt,BoD – Books on Demand,2020,188,,,,"Fuhrmann, Klaus F.",,Lyrik,ger,
9783751989848; 3751989846,Mal so und mal so,2. Auflage,Norderstedt,BoD – Books on Demand,2020,150,,,,"Fuhrmann, Klaus F.",,Lyrik,ger,
9783751970471; 3751970479,Mein altes Viertel - Episoden aus den 1970ern,,Trier,"Bungert, Klauspeter",2020,184,"Bungert, Klauspeter",,,,,Fiktionale Darstellung; Romanhafte Biographien; Erzählende Literatur: Gegenwartsliteratur ab 1945,ger,
9783753123196; 3753123196,Meine Haiku und Tanka V bis IX - Sammelband II,2. Auflage,Berlin,epubli,2020,84,,,,"Straetling, Renate",,"Lyrik, Dramatik",ger,
9783752669183; 3752669187,Meine Interzone,1. Auflage,Norderstedt,BoD – Books on Demand,2020,64,,,,"Liebusch, Michael",,Lyrik,ger,
9783947639038,Meine Schwabegger,1. Auflage,Schwabegg,Schwabegger Blättle,2020,250,"Grotz, August","Mundl, Renate; Mai, Uschi; Krauß, Thomas",,,,Anthologie; Lyrik,ger,
9783751990080; 3751990089,Momente im Hier und Jetzt,1. Auflage,Norderstedt,BoD – Books on Demand,2020,88,,,,"Peißert, Annika",,Lyrik,ger,
9783751995238; 3751995234,Momente im Hier und Jetzt,1. Auflage,Norderstedt,BoD – Books on Demand,2020,106,,,,"Peißert, Annika",,Lyrik,ger,
9783752672190; 3752672196,Mystische Geschichten,1. Auflage,Norderstedt,BoD – Books on Demand,2020,68,,,,"Sabernak, Carmen",,Lyrik,ger,
9783934991132; 3934991130,Mythologie und Sagenwelt,,Tübingen,Momentum,2020,43,"Brunke Sack, Helga",,,,"Brunke Sack, Helga; Dubowik-Baradoy, Ewa",Anthologie; Lyrik,ger,
9783750450967; 375045096X,Nackt durch die Nacht,1. Auflage,Norderstedt,BoD – Books on Demand,2020,148,,,,"Köhler-Terz, Iris",,Lyrik,ger,
9783200069909; 3200069902,Nur nit untakriagn loss'n,Zweitausgabe,Schladming,Sigrid Schwab,2020,108,"Schwab, Sigrid",,,,"Schwab, Sigrid",Anthologie; Lyrik,ger,
9783753128238; 3753128236,Pair Bonds,1. Auflage,Berlin,epubli,2020,488,,,,"Masuoka, Mariko",,"Lyrik, Dramatik",ger,
9783750462083; 3750462089,Playlist meines Lebens,1. Auflage,Norderstedt,BoD – Books on Demand,2020,276,,,,"Marenski, Jörg",,Romanhafte Biographien,ger,
9783837079821; 3837079821,Playlist meines Lebens 2.0,1. Auflage,Norderstedt,BoD – Books on Demand,2020,288,"Marenski, Jörg",,,,,Romanhafte Biographien,ger,
9789536298372,Pod jednim zvonom dva jezika,,Križevci,Ogranak Matica hrvatska u Križevcima,2020,899,"Pomper, Nada",,,,,Anthologie; Lyrik,hrv; ger,
9783752672374; 3752672374,Radio-Anthologie,1. Auflage,Norderstedt,BoD – Books on Demand,2020,200,,,,"Gänsrich, Rolf",,Lyrik,ger,
9783752625240; 3752625244,Salzige Kurzgeschichten,1. Auflage,Norderstedt,BoD – Books on Demand,2020,170,,,,"Salz, Berd",,Lyrik,ger,
9783752619911; 3752619910,Salzige Kurzgeschichten,1. Auflage,Norderstedt,BoD – Books on Demand,2020,118,,,,"Salz, Berd",,Lyrik,ger,
9783936980516,Seelenfenster - Fenster zur Seele,,Freiberg (Sachsen),Drei Birken Verlag,2020,180,"Walter, Ursula",,,,,Anthologie; Lyrik,ger,
9783751920865; 3751920862,Seelenkost Band 1,1. Auflage,Norderstedt,BoD – Books on Demand,2020,196,,,,"Nützi, Peter",,Lyrik,ger,
9783865152718; 3865152716,Seemansgarn,,Berlin,Europäischer Universitätsverlag,2020,72,"Geers, Dietmar",,,,,Anthologie; Lyrik,ger,
9783750437425; 3750437424,Sehnsucht,1. Auflage,Norderstedt,BoD – Books on Demand,2020,52,,,,"Jäger, Dirk",,Lyrik,ger,
9783753129570; 3753129577,SHORTCUTS,21. Auflage,Berlin,epubli,2020,84,,,,"Naas, Matthias",,"Lyrik, Dramatik",ger,
9783753103822; 3753103829,Später Aufbruch ...,7. Auflage,Berlin,epubli,2020,248,,,,"Wolf, Winfried",,Romanhafte Biographien,ger,
9783753100852; 3753100854,Später Aufbruch ...,6. Auflage,Berlin,epubli,2020,232,,,,"Wolf, Winfried",,Romanhafte Biographien,ger,
9783753121598; 3753121592,Sprachlos,69. Auflage,Berlin,epubli,2020,568,,,,"Bade, Robin",,"Lyrik, Dramatik",ger,
9783751932141; 3751932143,Sterne in dunkler Nacht,1. Auflage,Norderstedt,BoD – Books on Demand,2020,72,,,,"Wacker, Brigitte Anna Lina",,Romanhafte Biographien,ger,
9783752643701; 3752643706,Sternenlagerfeuer,2. Auflage,Norderstedt,BoD – Books on Demand,2020,190,,,,"Mäder, Sascha; Michels, Gaby",,Lyrik,ger,
9783753128344; 3753128341,Sucht und Ordnung,1. Auflage,Berlin,epubli,2020,160,,,,"Matussek, Matthias",,Romanhafte Biographien,ger,
9783750400030; 3750400032,"Tannen, Lobgesang, Weihnachtsklang",2. Auflage,Norderstedt,BoD – Books on Demand,2020,136,,,,"Hewener, Vera",,Lyrik,ger,
9783753112695; 3753112690,TAXI! Nachtschicht in -Saarbrücken,5. Auflage,Berlin,epubli,2020,184,,,,"Leidinger, Vera",,Romanhafte Biographien,ger,
9783753117935; 3753117935,U-Schule: Kindheit in der Nachkriegszeit,1. Auflage,Berlin,epubli,2020,80,,,,"Patz, Sirje",,Romanhafte Biographien,ger,
9783000677021,"Û∞ - Berlîn, eine kreativ-anarchistische urbane Flucht-Chronik",1. Auflage,Berlin,Abdulkadir Musa,2020,67,,"Musa, Abdulkadir; Sala, Marta",,,,Bildband,ger; mul,
9783751968898; 375196889X,Unterm Regenbogen,2. Auflage,Norderstedt,BoD – Books on Demand,2020,40,,,,"Sprotte, Michael",,Romanhafte Biographien,ger,
9783487158495; 3487158493,Venetianische Novellen und italienische Erzählungen,,Hildesheim,Georg Olms Verlag,2020,423,"Gaudy, Franz von","Fouquet-Plümacher, Doris",,,,Anthologie; Erzählende Literatur: Hauptwerk vor 1945,ger,
9783752671773; 3752671777,Verschwunden,1. Auflage,Norderstedt,BoD – Books on Demand,2020,136,,,,"Fischer, Anke",,Lyrik,ger,
9783948371708; 3948371709,Visionen,,Niederstetten,Günther Emigs Literatur-Betrieb,2020,244,"Panizza, Oskar",,,,,Anthologie; Erzählende Literatur: Hauptwerk vor 1945,ger,
9783752805062; 3752805064,Vom artistischen Umgang mit der Sentimentalität,1. Auflage,Norderstedt,BoD – Books on Demand,2020,104,,,,"Schmitz, Peter",,Lyrik,ger,
9783753126777; 3753126772,Von Frauen und Kindern,2. Auflage,Berlin,epubli,2020,180,,,,"Čechov, Anton Pavlovič",,Erzählende Literatur; Erzählende Literatur: Hauptwerk vor 1945,ger,
9783751919654; 3751919651,Von Krieg und Frieden,1. Auflage,Norderstedt,BoD – Books on Demand,2020,170,,,,"Lorenz, Kai",,Lyrik,ger,
9783942732307; 3942732300,Vor dem neuen Morgen,,Karlsruhe,GolubBooks,2020,229,"Montgomery, L. M.","Keller, Konstanze","Schlüchtermann, Ilka",,"Spengler, Constanze",Anthologie; Erzählende Literatur: Hauptwerk vor 1945,ger,
9783948305079; 3948305072,Weltbetrachter,Erste Auflage,"Leipzig, Germany",Poetenladen,2020,287,"Beyer, Marcel; Preiwuß, Kerstin; Kolbe, Uwe; Kunze, Reiner; Braun, Volker; Kirsten, Wulf; Lentz, Michael; Tellkamp, Uwe; Grünbein, Durs; Erb, Elke","Domašcyna, Róža; Helbig, Axel",,,,Anthologie; Lyrik,ger,
9783751999946; 3751999949,Wer spürt die Freude noch?,1. Auflage,Norderstedt,BoD – Books on Demand,2020,108,,,,"Rosteck, Alfred L.",,Lyrik,ger,
9783752674699; 3752674695,Worte bewegen,1. Auflage,Norderstedt,BoD – Books on Demand,2020,98,,,,"Pflügler, Hildegard",,Lyrik,ger,
9783752687347; 3752687347,Zauberhafte Advents- und Weihnachtszeit,1. Auflage,Norderstedt,BoD – Books on Demand,2020,178,,,,"Acksteiner, Barbara",,Lyrik,ger,
9783752606409; 3752606401,Zaubervolle Weihnachtswelt,1. Auflage,Norderstedt,BoD – Books on Demand,2020,144,,,,"Hewener, Vera",,Lyrik,ger,
9783750244665; 3750244669,200 Stufen über der Stadt,12. Auflage,Berlin,epubli,2019,160,,,,"Heinig, Silke",,Romanhafte Biographien,ger,
9783746795072,200 Stufen über der Stadt,3. überarbeitete Auflage,Leipzig,Silke Heinig,2019,152,"Heinig, Silke",,,,,Fiktionale Darstellung; Romanhafte Biographien,ger,
9783750208643; 3750208646,"42 Winter-, Advent- und Weihnachtsgedichte",1. Auflage,Berlin,epubli,2019,92,,,,"Straetling, Renate",,"Lyrik, Dramatik",ger,
9789549646481,Adaptierte Erzählungen,,Sofija,Izdatelstvo Vesi,2019,219,"Goethe, Johann Wolfgang von",,,,,Anthologie; Erzählende Literatur: Hauptwerk vor 1945,ger; bul,ger
9783748106180; 3748106181,"Ärgere dich nicht, wundere dich nur",1. Auflage,Norderstedt,Books on Demand,2019,84,,,,"Frei S., Christa",,Lyrik,ger,
9783752894110; 3752894113,Alles heile Welt?,1. Auflage,Norderstedt,BoD – Books on Demand,2019,92,,,,"Mayer, Mario",,Lyrik,ger,
9783000639906; 300063990X,Alles nur ein Wimpernschlag,1. Auflage,St. Ingbert,Wolfsgrub-Verlag,2019,216,"Wagner, Franz",,,,,Fiktionale Darstellung; Romanhafte Biographien,ger,
9783750482807; 3750482802,An der Panke und anderswo ...,1. Auflage,Norderstedt,BoD – Books on Demand,2019,120,,,,"Wehlitz, Ursula",,Romanhafte Biographien,ger,
9783750426207; 3750426201,Anekdoten von hüben und drüben,1. Auflage,Norderstedt,BoD – Books on Demand,2019,128,,,,"Linz, Helmut",,Romanhafte Biographien,ger,
9786185286989,Anthologia neōn germanōn poiētōn,Prōtē ekdosē,Athēna,Ekdoseis Bakchikon,2019,149,,,"Pallantza, Elena",,,Anthologie; Lyrik,gre; ger,ger
9783750416536; 3750416532,Augen Blicke,2. Auflage,Norderstedt,BoD – Books on Demand,2019,244,"Finckh, Ruth; Sondermann, Hansi; Kirchner, Manfred; Lehmann, Lore I.; Schweizer, Margarita; Diehl, Gerhard; Margenburg, Helga; Seitz, Wilfried; Mattie-Seibt, Claire; Richter, Jonas",,,,,Lyrik,ger,
9783749451081; 3749451087,bass blooß uff!,1. Auflage,Norderstedt,BoD – Books on Demand,2019,188,,,,"Wüst, Heinz",,Lyrik,ger,
9783886613984; 3886613984,Bayrische Trilogie,1. Auflage,Frankfurt am Main,Verlag der Autoren,2019,271,"Sperr, Martin",,,"Sperr, Martin; Sperr, Martin; Sperr, Martin",,Theaterstück; Dramatik,ger,
9783748569640; 3748569645,"Beck`s Erzählungen; Das Leben auf dem Lande anno 1960, hier Duchroth",3. Auflage,Berlin,epubli,2019,184,,,,"Beck, Eduard Heinrich",,Romanhafte Biographien,ger,
9783750431799; 3750431795,Beziehungsschnitze,1. Auflage,Norderstedt,BoD – Books on Demand,2019,136,,,,"Lenz, Cora",,Lyrik,ger,
9783749455300; 3749455309,Blättersammlung,1. Auflage,Norderstedt,BoD – Books on Demand,2019,420,,,,"Kermas, Dieter",,Lyrik,ger,
9783748543572; 3748543573,Das Alter (n) - Eine Anthologie,2. Auflage,Berlin,epubli,2019,76,,,,"Straetling, Renate",,"Lyrik, Dramatik",ger,
9783748585343; 3748585349,Das Kind des Mörders,1. Auflage,Berlin,epubli,2019,204,,,,"Safar, Ursula",,Romanhafte Biographien,ger,
9783748504160; 3748504160,Das Lächeln eines Augenblicks,5. Auflage,Berlin,epubli,2019,136,,,,"Becker-Kavan, Dr. Ingo",,Romanhafte Biographien,ger,
9783732299034; 3732299031,Delikatessen,1. Auflage,Norderstedt,BoD – Books on Demand,2019,124,,,,"Ambros, Jürgen",,Lyrik,ger,
9783961458684; 3961458685,Denk Salat,1. Auflage,Leipzig,Engelsdorfer Verlag,2019,266,"Hildebrandt, Arno",,,,,Anthologie; Lyrik,ger,
9783750413252; 3750413258,Der Aufstand der Noten,1. Auflage,Norderstedt,BoD – Books on Demand,2019,64,,,,"Götte, Hans-Helmut",,Lyrik,ger,
9783732298914; 3732298914,Der Hausberg,1. Auflage,Norderstedt,BoD – Books on Demand,2019,48,,,,"Mai-Schoger, Yasmin",,Lyrik,ger,
9783701181223; 3701181225,Der Hundekönig,,Graz,Leykam,2019,413,"Petz, Georg",,,,,Anthologie; Lyrik,ger,
9783750246553; 3750246556,Der Kriegspilot,2. Auflage,Berlin,epubli,2019,96,,,,"Castell, Alexander",,"Lyrik, Dramatik",ger,
9783981151039; 3981151038,Der Turmuhrenschlosser,,Tübingen,Edition J.J. Heckenhauer,2019,72,"Hesse, Hermann; Vollmann, Rolf",,,,,Anthologie; Erzählende Literatur: Hauptwerk vor 1945,ger,
9783749408740; 3749408742,Die 4 Jahreszeiten,1. Auflage,Norderstedt,BoD – Books on Demand,2019,76,,,,"Dillenburg, Christel",,Lyrik,ger,
9783749468515; 3749468516,Die Achalm,1. Auflage,Norderstedt,BoD – Books on Demand,2019,92,,,,"Mai-Schoger, Yasmin",,Lyrik,ger,
9783903182455; 3903182451,Die Anthologie der Gedichte betrunkener Frauen,1. Auflage,München,hochroth,2019,54,"Jeschke, Lisa",,,,,"Anthologie; Lyrik, Dramatik",ger,
9783966370394; 3966370395,Die besten Erzählungen,1. Auflage,Hamburg,Gröls Verlag,2019,172,,,,"Daudet, Alphonse",,"Lyrik, Dramatik",ger,
9783966370400; 3966370409,Die besten Erzählungen,1. Auflage,Hamburg,Gröls Verlag,2019,172,"Daudet, Alphonse",,,,,"Lyrik, Dramatik",ger,
9783750248755; 3750248753,Die blaue Reihe/Granny+Opa auf dem Jakobsweg,5. Auflage,Berlin,epubli,2019,144,,,,"Zschocke, Jörg",,Romanhafte Biographien,ger,
9783946810551; 3946810551,Die Frau neben dir,,München,Vindobona Verlag,2019,82,"Frankl, Liesl",,,,,Fiktionale Darstellung; Romanhafte Biographien,ger,
9783750240711; 375024071X,Die geheimen Rezepte meiner Schwiegermutter,1. Auflage,Berlin,epubli,2019,140,,,,"Leopardi, Margot",,Romanhafte Biographien; Erzählende Literatur: Anthologien,ger,
9783749717217; 3749717214,Die kleine Poetix-Anthologie,6. Auflage,Hamburg,tredition,2019,148,,,,"Liegener, Christoph-Maria",,Lyrik,ger,
9783749717224; 3749717222,Die kleine Poetix-Anthologie,6. Auflage,Hamburg,tredition,2019,148,,,,"Liegener, Christoph-Maria",,Lyrik,ger,
9783741293146; 3741293148,Die Not kennt keine Bahnhöfe,1. Auflage,Norderstedt,BoD – Books on Demand,2019,460,,,,"Mannschatz, Dirk",,Romanhafte Biographien,ger,
9783947618828; 3947618824,Die russischen Bauern,Der Neusatz des Textes folgt der Ausgabe München 1920,Grafrath,"Boer, K",2019,196,,,,"Čechov, Anton Pavlovič; Eliasberg, Alexander",,Erzählende Literatur: Hauptwerk vor 1945,ger,
9783938946299; 3938946296,Die Sanduhr hektisch tickt,1. Aufl.,Heuchelheim,Longtai Verlag,2019,117,"Weyrauch, Thomas",,,,"Weyrauch, Thomas",Anthologie; Lyrik,ger,
9783750252943; 3750252947,Die Wand ist das Ziel,1. Auflage,Berlin,epubli,2019,312,,,,"Zopfi, Emil",,Romanhafte Biographien,ger,
9783743115095; 3743115093,Die Welt erzählt - schon gewusst?,1. Auflage,Norderstedt,BoD – Books on Demand,2019,120,,,,"Treitler, Hans-Jörg",,Lyrik,ger,
9783966372077; 396637207X,Drei Frauen,1. Auflage,Hamburg,Gröls Verlag,2019,100,,,,"Musil, Robert",,"Lyrik, Dramatik",ger,
9783966372084; 3966372088,Drei Frauen,1. Auflage,Hamburg,Gröls Verlag,2019,100,,,,"Musil, Robert",,Dramatik,ger,
9783966371599; 3966371596,Drei Geschichten,1. Auflage,Hamburg,Gröls Verlag,2019,108,,,,"Flaubert, Gustave",,"Lyrik, Dramatik",ger,
9783966371605; 396637160X,Drei Geschichten,1. Auflage,Hamburg,Gröls Verlag,2019,108,,,,"Flaubert, Gustave",,Dramatik,ger,
9783941306929; 3941306928,Du wächst für den Galgen,1. Auflage,Viechtach,edition lichtung,2019,125,"Konecny, Jaromir",,,,,"Fiktionale Darstellung; Erzählende Literatur: Gegenwartsliteratur ab 1945; Romanhafte Biographien; Humor, Satire",ger,
9783748191254; 3748191251,E Stick vum Glick,1. Auflage,Norderstedt,BoD – Books on Demand,2019,80,,,,"Ohl, Barbara",,Lyrik,ger,
9783750265790; 3750265798,Eine Anthologie meiner Lyrik,1. Auflage,Berlin,epubli,2019,252,,,,"Wagner, Yvonne",,"Lyrik, Dramatik",ger,
9783748519812; 3748519818,erotisch sinnliche ganzheitliche SEX Geschichten,1. Auflage,Berlin,epubli,2019,130,"Schmidt, Egon",,,,,"Lyrik, Dramatik",ger,
9783899983159; 3899983157,Erzählungen aus Norwegen,,Berlin,Anthea Verlag,2019,207,"Kielland, Alexander Lange","Völker, Martin A.",,,,Fiktionale Darstellung; Erzählende Literatur: Hauptwerk vor 1945,ger,
9783701717248; 3701717249,Erzählungen und Aphorismen,,Salzburg,Residenz Verlag,2019,437,"Ebner-Eschenbach, Marie von","Polt-Heinzl, Evelyne; Strigl, Daniela; Tanzer, Ulrike",,,,Fiktionale Darstellung; Erzählende Literatur: Hauptwerk vor 1945,ger,
9783865256782; 3865256783,"Erzählungen und Novellen, Essays, vermischte Gedanken und Skizzen sowie Zoroaster",1. Auflage,Hannover,Wehrhahn Verlag,2019,359,"Kotzebue, August von","Mauch, Fabian",,,,Anthologie; Erzählende Literatur: Hauptwerk vor 1945,ger,
9783750401426; 375040142X,Etwas ist immer,1. Auflage,Norderstedt,BoD – Books on Demand,2019,152,,,,"Greve, Andreas",,Romanhafte Biographien,ger,
9783748291596; 3748291590,Fliehendes Flüchtiges,1. Auflage,Hamburg,tredition,2019,136,"Weise, Eckhard",,,,,Romanhafte Biographien,ger,
9783750408302; 3750408300,Frauen sind nicht von dieser Welt oder Mit einem Alien im Schuhgeschäft,1. Auflage,Norderstedt,BoD – Books on Demand,2019,176,,,,"Kammigan, Ulli",,Lyrik,ger,
9783750403086; 3750403082,Gedankenkarussell,2. Auflage,Norderstedt,BoD – Books on Demand,2019,84,,,,"Bielecka, Klaudia",,Lyrik,ger,
9783982209517; 398220951X,Gedankenschätze aus dem schönen Huy,1. Auflage,Pabstorf,Huyland-Verlag,2019,1,,"Packebusch, Katrin",,,"Packebusch, Katrin",Bildband; Anthologie; Geschenkbücher,ger,
9783982209548; 3982209544,"Gedankenschätze aus Halberstadt, von J.W.L. Gleim",1. Auflage,Pabstorf,Huyland-Verlag,2019,1,"Gleim, Johann Wilhelm Ludwig",,,,"Packebusch, Katrin",Bildband; Anthologie; Geschenkbücher,ger,
9783749467877; 3749467870,Gedankenspiele aus der Retorte oder die organisierte Flucht ins Wochenende,1. Auflage,Norderstedt,BoD – Books on Demand,2019,408,,,,"Arndt, Peter",,Lyrik,ger,
9783946231318; 3946231314,Ge(h)schichten und Geschichten,,Remchingen,J.S. Klotz Verlagshaus,2019,139,"Neef, Martin W.",,,,,Anthologie; Lyrik,ger,
9783966371261; 396637126X,Geschichten aus der Murkelei,1. Auflage,Hamburg,Gröls Verlag,2019,128,,,,"Fallada, Hans",,"Lyrik, Dramatik",ger,
9783966371278; 3966371278,Geschichten aus der Murkelei,1. Auflage,Hamburg,Gröls Verlag,2019,128,"Fallada, Hans",,,,,Dramatik,ger,
9783000631931; 3000631933,Geschichten aus Norberts Welt,1. Auflage,Duisburg,Norbert Zajac,2019,223,"Zajac, Norbert; Holtrop, Mirja",,,,,Fiktionale Darstellung; Romanhafte Biographien,ger,
9783947618842; 3947618840,Geschichten in Grau,Der Neusatz des Textes folgt der Ausgabe München 1920,Grafrath,"Boer, K",2019,200,,,,"Čechov, Anton Pavlovič; Eliasberg, Alexander",,Erzählende Literatur: Hauptwerk vor 1945,ger,
9783749429271; 3749429278,"Geschichten über Gott, Engel und Menschen",1. Auflage,Norderstedt,BoD – Books on Demand,2019,104,,,,"Justen, Josef F.",,Lyrik,ger,
9783749471942; 3749471940,"Geschichten über Gott, Engel und Menschen",1. Auflage,Norderstedt,BoD – Books on Demand,2019,104,,,,"Justen, Josef F.",,Lyrik,ger,
9783947618880; 3947618883,Geschichten vom Alltag,Der Neusatz des Textes folgt der Ausgabe Berlin 1938,Grafrath,"Boer, K",2019,292,,,,"Čechov, Anton Pavlovič; Borchard, Leo",,Erzählende Literatur: Hauptwerk vor 1945,ger,
9783748259220; 3748259220,Geschichten vom Rande des Lebens betrachtet oder aus einer verkorksten Ecke heraus!,1. Auflage,Hamburg,tredition,2019,136,,,,"Wiewiora, Thomas",,Lyrik,ger,
9783748259213; 3748259212,Geschichten vom Rande des Lebens betrachtet oder aus einer verkorksten Ecke heraus!,1. Auflage,Hamburg,tredition,2019,136,"Wiewiora, Thomas",,,,,Lyrik,ger,
9783944122373; 3944122372,"Geschichten, die keine sind",1. Auflage,Leipzig,Open House,2019,191,"Musil, Robert; Mach, Ernst","Höltschl, Rainer",,,,Fiktionale Darstellung; Erzählende Literatur: Hauptwerk vor 1945,ger,
9783780211385; 3780211386,Halbblut und andere Erzählungen,Taschenbuchausgabe,Bamberg,Karl-May-Verlag,2019,509,"May, Karl","Schmid, Lothar; Schmid, Bernhard",,,,Fiktionale Darstellung; Erzählende Literatur: Hauptwerk vor 1945,ger,
9781073637942,Hegels Mantel und andere Geschichten,1. Auflage,Herrischried,Nee Popelubu,2019,82,"Popelubu, Nee",,,,"Popelubu, Nee",Bildband; Anthologie; Gemischte Anthologien,ger,
9783750261365; 3750261369,Heimat früher und heute/Begegnungen des Adam Lessek,11. Auflage,Berlin,epubli,2019,128,,,,"Kessel, Hans-Werner",,Romanhafte Biographien,ger,
9783943810233; 3943810232,Herta und andere Geschichten,,München,VoG Verlag ohne Geld e.k.,2019,248,"Zapperi Zucker, Ada",,"Andergassen, Dominikus",,,Anthologie; Erzählende Literatur; Romanhafte Biographien,ger; ita,
9783446265851; 3446265856,Im Grunde wäre ich lieber Gedicht,1. Auflage,München,Carl Hanser Verlag ,2019,427,,"Krüger, Michael; Pils, Holger",,,,Anthologie; Lyrik,ger,
9783750200456; 3750200459,Im Schatten der Dunkelheit,4. Auflage,Berlin,epubli,2019,304,,,,"Connor, Elias J.",,"Lyrik, Dramatik",ger,
9783961457434; 3961457433,Jacobs Erzählungen,1. Auflage,Leipzig,Engelsdorfer Verlag,2019,67,"Schumann, Günther",,,,,Fiktionale Darstellung; Romanhafte Biographien,ger,
9783746636108; 3746636108,Junge Liebe zwischen Trümmern,"1. Auflage, vollständige Taschenbuchausgabe",Berlin,Aufbau Taschenbuch,2019,298,"Fallada, Hans","Walther, Peter",,,"Walther, Peter",Fiktionale Darstellung; Erzählende Literatur: Hauptwerk vor 1945,ger,
9783748534747; 3748534744,Jungenhymnen,3. Auflage,Berlin,epubli,2019,200,,,,"Knoppka, Reinhard",,Romanhafte Biographien,ger,
9783748509400; 3748509405,Jungenhymnen,3. Auflage,Berlin,epubli,2019,200,,,,"Knoppka, Reinhard",,Romanhafte Biographien,ger,
9783947618972; 3947618972,Kaukasische Erzählungen,"Der Neusatz des Textes folgt der Ausgabe Leipzig 1901, erschienen im Eugen Diederichs Verlag.",Grafrath,"Boer, K",2019,116,"Tolstoj, Lev Nikolaevič",,"Löwenfeld, Raphael",,,Erzählende Literatur: Hauptwerk vor 1945,ger,
9783960960997; 3960960999,Kennt man dich?,1. Auflage,Köln,Community Editions,2019,238,Timon,,,,,"Fiktionale Darstellung; Humor, Satire; Erzählende Literatur; Romanhafte Biographien; Comic, Cartoon, Humor, Satire; Biographien für Kinder und Jugendliche; Bilderbücher; Märchen und Sagen für Kinder und Jugendliche",ger,
9783738629682; 3738629688,"Kerzen, Wunder, Himmels-Zunder",2. Auflage,Norderstedt,BoD – Books on Demand,2019,116,,,,"Hewener, Vera",,Lyrik,ger,
9783707606713; 3707606716,Kieselsteine,1. Auflage,Wien,Czernin Verlag,2019,120,"Welsh, Renate",,,,,Fiktionale Darstellung; Romanhafte Biographien; Historische Romane und Erzählungen; Erzählende Literatur,ger,
9783749427130; 3749427135,Kleopatra und Violette,1. Auflage,Norderstedt,BoD – Books on Demand,2019,52,,,,"Engelhardt, Barbara Frida Helene",,Romanhafte Biographien,ger,
9783966370998; 3966370999,Krambambuli,1. Auflage,Hamburg,Gröls Verlag,2019,100,,,,"Ebner-Eschenbach, Marie von",,"Lyrik, Dramatik",ger,
9783966371001; 3966371006,Krambambuli,1. Auflage,Hamburg,Gröls Verlag,2019,100,,,,"Ebner-Eschenbach, Marie von",,Dramatik,ger,
9783748541363; 3748541368,Kreislauf des Lebens,2. Auflage,Berlin,epubli,2019,112,,,,"Borchelt, Helga",,"Lyrik, Dramatik",ger,
9783746799742; 3746799740,Kreislauf des Lebens,1. Auflage,Berlin,epubli,2019,108,,,,"Borchelt, Helga",,"Lyrik, Dramatik",ger,
9783750419209; 3750419205,Lacha is gesund,2. Auflage,Norderstedt,BoD – Books on Demand,2019,100,,,,"Pflügler, Hildegard",,Lyrik,ger,
9783748576167; 3748576161,Leben nach Mitternacht,7. Auflage,Berlin,epubli,2019,64,,,,"Klingenberg, Axel; Schlagowski, Alexandra",,Romanhafte Biographien,ger,
9783746061535; 3746061539,Lebenspfade,2. Auflage,Norderstedt,BoD – Books on Demand,2019,224,,,,"Kühnapfel, Bernd A.",,Romanhafte Biographien; Erzählende Literatur,ger,
9783748240884; 3748240880,Ledaweg 62,1. Auflage,Hamburg,tredition,2019,216,"Reincke, Bernd",,,,,Romanhafte Biographien,ger,
9783899982947; 3899982940,Lenin - Hitler - Ulbricht,1. Auflage,Berlin,Anthea-Verlag,2019,200,"Saltner, Lutz",,,,,Fiktionale Darstellung; Romanhafte Biographien,ger,
9783748141082; 3748141084,Licht im Licht,1. Auflage,Norderstedt,BoD – Books on Demand,2019,64,,,,"Höver, Anne",,Lyrik,ger,
9783944360584; 3944360583,Lücken-Geschichten in Reimen,1. Auflage,Karlsruhe,SingLiesel GmbH,2019,111,"Mallek, Natali",,,,,Anthologie; Lyrik,ger,
9783750257580; 3750257582,Luftwurzeln,1. Auflage,Berlin,epubli,2019,184,"Zopfi, Emil",,,,,Romanhafte Biographien,ger,
9783947618859; 3947618859,Lustige Geschichten,Der Neusatz des Textes folgt der Ausgabe München 1920,Grafrath,"Boer, K",2019,160,,,,"Čechov, Anton Pavlovič; Eliasberg, Alexander",,Erzählende Literatur: Hauptwerk vor 1945,ger,
9783961035854; 3961035857,Lyrik am Effner,,Remscheid,Rediroma-Verlag,2019,46,,"Spiegelhauer, Tom",,,,Anthologie; Lyrik,ger,
9783966372312; 3966372312,Märchen und Erzählungen,1. Auflage,Hamburg,Gröls Verlag,2019,96,,,,"Wilde, Oscar",,"Lyrik, Dramatik",ger,
9783966372329; 3966372320,Märchen und Erzählungen,1. Auflage,Hamburg,Gröls Verlag,2019,96,,,,"Wilde, Oscar",,Dramatik,ger,
9786069880418,Mariendorf,,Temeswar,Cosmopolitan Art Verlag,2019,149,"Waitz, Balthasar",,,,,Fiktionale Darstellung; Romanhafte Biographien,ger,
9783748579854; 3748579853,maritime gelbe Reihe bei Jürgen Ruszkowski/Erinnerungen an die Seefahrt damals - Anthologie,2. Auflage,Berlin,epubli,2019,328,"Feith, Emil","Ruszkowski, Jürgen",,,,Romanhafte Biographien,ger,
9783746024356; 3746024358,"Matoke, Mangos und Moskitos",1. Auflage,Norderstedt,Books on Demand,2019,208,,,,"Schwidergall, Johanna Maria",,Romanhafte Biographien,ger,
9783734788826; 373478882X,Mein Erbe wirkt in mir,1. Auflage,Norderstedt,BoD – Books on Demand,2019,76,,,,"Dillenburg, Christel",,Lyrik,ger,
9783750420618; 3750420610,Meine schönen Kleider,1. Auflage,Norderstedt,BoD – Books on Demand,2019,258,,,,"Hölscher, Anna-Katharina",,Romanhafte Biographien,ger,
9783748538332; 3748538332,Mok mol Börgermeester,1. Auflage,Berlin,epubli,2019,200,,,,"Jennrich, Jörg",,Romanhafte Biographien,ger,
9783748523802; 3748523807,Mok mol Börgermeester,1. Auflage,Berlin,epubli,2019,200,,,,"Jennrich, Jörg",,Romanhafte Biographien,ger,
9783766626356; 3766626353,Muckefuck und Bohnenkaffee,"1. Auflage, Großdruckausgabe",Kevelaer,Butzon & Bercker,2019,144,"Dopatka, Renate",,,,,Fiktionale Darstellung; Romanhafte Biographien,ger,
9783748546740; 3748546742,Mystische Welten,4. Auflage,Berlin,epubli,2019,72,,,,"Seifert, Elke; Yuva, Anja",,"Lyrik, Dramatik",ger,
9783735737175; 373573717X,Nachts flogen die Gomuli,3. Auflage,Norderstedt,BoD – Books on Demand,2019,184,,,,"Ruf, Joachim",,Lyrik,ger,
9783749430253; 374943025X,Oh je - ein Golfspieler!,5. Auflage,Norderstedt,BoD – Books on Demand,2019,104,,,,"Salzmann, Hartmut",,Lyrik,ger,
9783749407941; 3749407940,Schicksalswege,1. Auflage,Norderstedt,Books on Demand,2019,140,,,,"Seherin, Waldseelen",,Lyrik,ger,
9783748519287; 3748519281,Schizzo!,1. Auflage,Berlin,epubli,2019,40,,,,"Blume, Barbara",,"Lyrik, Dramatik",ger,
9783749428021; 3749428026,Shortstories von Tara D,1. Auflage,Norderstedt,BoD – Books on Demand,2019,88,,,,"Tiedt, Claudia",,Lyrik,ger,
9783761563809,"So hatte Gott sich das gedacht und fand: ""Das hab ich gut gemacht""",2. Auflage,Neukirchen-Vluyn,Neukirchener Verlagsgesellschaft,2019,155,"Wolf, Christoph",,,,,Anthologie; Lyrik,ger,
9783868069433; 3868069437,Spirituelle Geschichten,,Willebadessen,Zwiebelzwerg,2019,74,"Weindel, Marion",,,,"Laufenburg, Heike",Romanhafte Biographien,ger,
9783784355832; 3784355838,Stallschwalben,1. Auflage,Münster,Landwirtschaftsverlag GmbH,2019,192,"Siegel, Ulrike",,,,,Fiktionale Darstellung; Erzählende Literatur: Gegenwartsliteratur ab 1945; Romanhafte Biographien,ger,
9783945807323; 3945807328,Sternentau,Nachdruck der 1909 erschienenen Erstausgabe im Neusatz,Lüneburg,Dieter von Reeken,2019,238,"Laßwitz, Kurd","Reeken, Dieter von",,,,Fiktionale Darstellung; Erzählende Literatur: Hauptwerk vor 1945; Erzählende Literatur,ger,
9783750257597; 3750257590,Tanz in Grün,1. Auflage,Berlin,epubli,2019,204,"Zopfi, Emil",,,,,Romanhafte Biographien,ger,
9783750403024; 3750403023,Trauergedichte und Trostgedanken,1. Auflage,Norderstedt,BoD – Books on Demand,2019,88,,,,"Sunitsch, Nicole",,Lyrik,ger,
9783750252349; 3750252343,Traumreisen,1. Auflage,Berlin,epubli,2019,192,,,,"Schimpff, Hans Jürgen",,"Romanhafte Biographien; Lyrik, Dramatik",ger,
9783750257177; 3750257175,Unbehagliche Geschichten,7. Auflage,Berlin,epubli,2019,240,,,,"Krispin, Angela",,"Lyrik, Dramatik",ger,
9783749423866; 3749423865,Unsichtbar in deiner Gewalt,1. Auflage,Norderstedt,BoD – Books on Demand,2019,48,,,,"Stark, Christin-Isabell",,Lyrik,ger,
9783748163275; 3748163274,Vater hat nie geschossen,2. Auflage,Norderstedt,BoD – Books on Demand,2019,296,,,,"Hülskemper, Michel",,Romanhafte Biographien,ger,
9783749771219; 3749771219,Verheiratet mit der Zeitung,1. Auflage,Hamburg,tredition,2019,212,,,,"Steinmetz, Jo",,Romanhafte Biographien,ger,
9783552058750; 3552058753,Verwirrung der Gefühle,1. Auflage,Wien,Paul Zsolnay Verlag,2019,832,"Zweig, Stefan","Erdem, Elisabeth; Renoldner, Klemens",,,,Fiktionale Darstellung; Erzählende Literatur: Hauptwerk vor 1945,ger,
9783749723195; 3749723192,Vom Heldentum verschont geblieben,1. Auflage,Hamburg,tredition,2019,348,"Harhues, Dieter",,,,,Romanhafte Biographien,ger,
9783749723201; 3749723206,Vom Heldentum verschont geblieben,1. Auflage,Hamburg,tredition,2019,348,,,,"Harhues, Dieter",,Romanhafte Biographien,ger,
9783947618835; 3947618832,Von Frauen und Kindern,Der Neusatz des Textes folgt der Ausgabe München 1920,Grafrath,"Boer, K",2019,172,,,,"Čechov, Anton Pavlovič; Eliasberg, Alexander",,Erzählende Literatur: Hauptwerk vor 1945,ger,
9783746075761; 3746075769,Wann wachsen Dir Flügel?,1. Auflage,Norderstedt,BoD – Books on Demand,2019,88,,,,"Ebner, Martin; Weise-Ney, Friedel; Fellner, Karin; Freude, Manfred H.; Heuser, Peter J.; Hurková, Klára; Mauritz, Hartwig; Seo-Dornbach, Anita; Witkowski, Tom; Wolf, Ralf",,Lyrik,ger,
9783746067957; 3746067952,Wann wachsen Dir Flügel?,1. Auflage,Norderstedt,BoD – Books on Demand,2019,88,,,,"Ebner, Martin; Weise-Ney, Friedel; Fellner, Karin; Freude, Manfred H.; Heuser, Peter J.; Hurková, Klára; Mauritz, Hartwig; Orlikowsky, Thorsten; Witkowski, Tom; Wolf, Ralf",,Lyrik,ger,
9783749471379; 3749471371,Warom lachsch denn so saudomm?,1. Auflage,Norderstedt,BoD – Books on Demand,2019,80,,,,"Wagenbrenner, Manfred A.; Folk, Hans",,Lyrik,ger,
9783748576136; 3748576137,Weiberhumor trifft ins Schwarze,4. Auflage,Berlin,epubli,2019,136,,,,"Schmittmann, Johanna",,Romanhafte Biographien,ger,
9783749498819; 3749498814,"Wer sich noch freuen kann, ist besser dran",1. Auflage,Norderstedt,BoD – Books on Demand,2019,104,,,,"Tzschoppe, Angelika",,Lyrik,ger,
9783748533009; 3748533004,Wie eine Schneeflocke im Wind,4. Auflage,Berlin,epubli,2019,172,,,,"Klein, Holger Olaf",,"Lyrik, Dramatik",ger,
9783750407350; 3750407355,Wortgezwitscher,1. Auflage,Norderstedt,BoD – Books on Demand,2019,56,,,,"Prusseit, Luisa",,Lyrik,ger,
9783748550488; 3748550480,Zanderman: Die wahnsinnigen Geschichten eines Nichtwahnsinnigen,1. Auflage,Berlin,epubli,2019,132,,,,"Zander, Ronald Ronny",,Romanhafte Biographien,ger,
9783750409682; 3750409684,Zirinis Zauberstube,1. Auflage,Norderstedt,BoD – Books on Demand,2019,112,,,,"Gundel, Matthias",,Lyrik,ger,
9783748543350; 3748543352,Zugfahrten ins depressive Milieu,10. Auflage,Berlin,epubli,2019,164,,,,"Bury, Kevin",,Romanhafte Biographien,ger,
9783748500254; 3748500254,Zugfahrten ins depressive Milieu,2. Auflage,Berlin,epubli,2019,160,,,,"Bury, Kevin",,Romanhafte Biographien,ger,
9783961035588; 396103558X,Zweimal getroffen und doch daneben!,,Remscheid,Rediroma-Verlag,2019,306,"Christl, Joh. R. M.",,,,,Fiktionale Darstellung; Romanhafte Biographien,ger,
9783746795072; 3746795079,200 Stufen über der Stadt,8. Auflage,Berlin,epubli,2018,152,,,,"Heinig, Silke",,Romanhafte Biographien,ger,
9783200054646; 3200054646,3000 Tonnen Kieselerde reichen nicht aus die Welt zu verbessern und viele weitere Geschichten,1. Auflage,Wien,Christian Seirer,2018,274,Lunfisch,,,,Lunfisch,"Bildband; Fiktionale Darstellung; Humor, Satire",ger,
9783748184980; 3748184980,Allerlei Geschichten mit Fotos und Gedichten,1. Auflage,Norderstedt,Books on Demand,2018,88,,,,"Bögl, Helga",,Lyrik,ger,
9783746724492; 374672449X,Alles außer Sanssouci,5. Auflage,Berlin,epubli,2018,180,,,,"Wullstein, Renate",,Romanhafte Biographien,ger,
9783752820713; 3752820713,Alles Mögliche,1. Auflage,Norderstedt,Books on Demand,2018,96,,,,"Händler, Melanie H.",,Lyrik,ger,
9783939604730; 3939604739,Alte Eisenacher Geschichten,"illustrierte Ausgabe, bearbeitete Ausgabe",Eisenach,Lorenz.Publishing,2018,52,"Rasch, Marie","Demmler-Lorenz, Gabriele",,,,Fiktionale Darstellung; Erzählende Literatur: Hauptwerk vor 1945,ger,
9783746778488; 3746778484,"Anthologie ""Nacht der Poesie"" Oderlandautoren/22. Nacht der Poesie 2018",5. Auflage,Berlin,epubli,2018,112,"Ruhlig, Lothar; Marchand, Peter","Marchand, Peter",,,,"Lyrik, Dramatik",ger,
9783200053427,Auf den Weg kommen,2. Auflage,Wien,Brigitte Hellebrand,2018,72,"Hellebrand, Brigitte",,,,,Anthologie; Lyrik,ger,
9783200056343,Aus mir heraus,1. Auflage,Wien,Brigitte Hellebrand,2018,51,"Hellebrand, Brigitte",,,,,Anthologie; Lyrik,ger,
9783752896503; 3752896507,Blütenlese,1. Auflage,Norderstedt,Books on Demand,2018,120,,,,"Stern, Carmen K.",,Lyrik,ger,
9783746705538; 3746705533,Blumfeld ein älterer Junggeselle,1. Auflage,Berlin,epubli,2018,176,,,,"Kafka, Franz; Skrziepietz, Andreas",,Erzählende Literatur; Erzählende Literatur: Hauptwerk vor 1945,ger,
9783746795492; 3746795494,Blutende Liebe,5. Auflage,Berlin,epubli,2018,132,,,,"Nash, Bridget",,"Lyrik, Dramatik",ger,
9783746780214; 3746780217,"""Das Dinner der verborgenen Lüste"", ist der Sammelband zu diesen Geschichten/ Das Dinner der verborgenen Lüste",1. Auflage,Berlin,epubli,2018,56,,,,"Grau, Andrea",,"Lyrik, Dramatik",ger,
9783784434407; 3784434401,Das Leben ein Skandal,3. Auflage,Stuttgart,Langen-Müller,2018,288,"Fischer, Ottfried",,,,,Romanhafte Biographien,ger,
9783898013567; 3898013561,Das Leben schreibt Geschichten,,Zell/Mosel,Rhein-Mosel-Verlag,2018,208,"Becker, Edmund",,,,,Anthologie; Lyrik,ger,
9783752840629; 3752840625,Das waren Zeiten!,1. Auflage,Norderstedt,Books on Demand,2018,468,,,,"Tanwic, DoKo",,Romanhafte Biographien,ger,
9783752857856; 3752857854,Denke positiv!,2. Auflage,Norderstedt,Books on Demand,2018,112,,,,"Sunitsch, Nicole",,Lyrik,ger,
9783746634708; 3746634709,Der Ausflug der toten Mädchen und andere Erzählungen,1. Auflage,Berlin,Aufbau Taschenbuch,2018,150,"Seghers, Anna",,,,,Fiktionale Darstellung; Erzählende Literatur: Hauptwerk vor 1945,ger,
9783150089903,Der Kondor,,Ditzingen,Reclam,2018,77,"Stifter, Adalbert",,,"Stifter, Adalbert; Stifter, Adalbert",,Anthologie; Erzählende Literatur: Hauptwerk vor 1945,ger,
9783746743820; 3746743826,Der Kriegspilot,1. Auflage,Berlin,epubli,2018,64,,,,"Castell, Alexander",,"Lyrik, Dramatik",ger,
9783929433845; 3929433842,Der poetische Dreh,1. Auflage,"Weßling bei München, DE",Anton G. Leitner Verlag,2018,85,"Arzenheimer, Melanie; Leitner, Anton G.; Bhatt, Sujata; Kolbe, Uwe; Krausser, Helmut; Kunert, Günter; Maar, Paul; Rühm, Gerhard; Hummelt, Norbert; Minkwitz, Sabine; Bundi, Markus; Necker, Katja; Breitenbach, Anna; Schlüter, Manfred; Schweiggert, Alfons; Gutzschhahn, Uwe-Michael; Noga, Andreas","Arzenheimer, Melanie; Leitner, Anton G.",,,,Anthologie; Lyrik,ger; eng,
9783150111840; 3150111846,Deutsche Gedichte,Erweiterte Neuausgabe,Ditzingen,Reclam,2018,439,,"Bode, Dietrich",,,,Anthologie; Lyrik,ger,
9783000610875; 3000610871,D'Huimat leabe,1. Auflage,Reichertshofen,Dr. Elisabeth Kukral,2018,129,"Maurus, Kathi",,,,,Anthologie; Lyrik,ger,
9783745085099; 3745085094,Die Angst ist dein Feind,9. Auflage,Berlin,epubli,2018,616,,,,"Dee, Ana",,"Krimis, Thriller, Spionage; Lyrik, Dramatik",ger,
9783752888010; 3752888016,Die Anthologie zum dreißigsten Geburtstag der Deutschen Haiku-Gesellschaft,1. Auflage,Norderstedt,Books on Demand,2018,160,,,,"Haiku-Gesellschaft, Deutsche",,Lyrik,ger,
9783730606551; 3730606557,Die besten Geschichten,,Köln,Anaconda,2018,318,"Kafka, Franz",,,,,Fiktionale Darstellung; Erzählende Literatur: Hauptwerk vor 1945,ger,
9783945441428; 3945441420,Die falsche Straße,,Ganderkesee,EPLA-Verlag,2018,173,"Wascher, Uwe",,,,,Fiktionale Darstellung; Erzählende Literatur: Hauptwerk vor 1945,ger,
9783946598107,Die Furcht ist gelöscht,,Bietigheim-Bissingen,LiteraFreakPress,2018,79,"Jung, Inge; Preusker, Ralf",,,,,Anthologie; Lyrik,ger,
9783947618286; 394761828X,Die Hugenottin,"Der Text des Neusatzes folgt der Ausgabe »Erzählungen, Band 2«, erschienen 1922 im Haessel Verlag Leipzig; mit Ergänzungen",Grafrath,"Boer, K",2018,248,"Huch, Ricarda",,,,,Erzählende Literatur: Hauptwerk vor 1945,ger,
9783458363224; 345836322X,Die kleine Berlinerin,"1. Auflage, Originalausgabe",Berlin,Insel Verlag,2018,217,"Walser, Robert","Dietiker, Pino; Sorg, Reto",,,"Setz, Clemens J.",Fiktionale Darstellung; Erzählende Literatur; Erzählende Literatur: Hauptwerk vor 1945,ger,
9783752889932; 3752889934,Die traut sich was!,1. Auflage,Norderstedt,Books on Demand,2018,316,,,,"Huß, Katrin",,Romanhafte Biographien,ger,
9783746746494; 3746746493,Drei Betten für zwei Kranke,1. Auflage,Berlin,epubli,2018,36,,,,"Heikamp, J. Heinrich",,"Lyrik, Dramatik",ger,
9783899195903; 3899195906,Ein Landarzt,,Haselbach,Vitalis,2018,99,"Kafka, Franz",,,,"Hruška, Karel; Fuchs, Elisabeth",Anthologie; Erzählende Literatur: Hauptwerk vor 1945,ger,
9783748139966; 3748139969,Eine bunte Reise durch das Land der Fantasie,1. Auflage,Norderstedt,Books on Demand,2018,44,,,,"Hübschmann, Steffi",,Lyrik,ger,
9783752829761; 3752829761,Eine Handvoll Mondschein,1. Auflage,Norderstedt,Books on Demand,2018,144,,,,"Deol, Navika",,Lyrik,ger,
9783947674008,Einmal Florida und zurück,1. Auflage,Berlin,Treibgut Verlag,2018,125,"Reinsch, Rudolf",,,,,Anthologie; Lyrik,ger,
9783746763804; 3746763800,Erstes Erlebnis,1. Auflage,Berlin,epubli,2018,100,,,,"Zweig, Stefan",,Erzählende Literatur; Romanhafte Biographien,ger,
9783150061442,Erzählungen,Veränderte Ausgabe,Ditzingen,Reclam,2018,751,"Storm, Theodor","Frommholz, Rüdiger",,,,Anthologie; Erzählende Literatur: Hauptwerk vor 1945,ger,
9783835361058; 3835361058,Erzählungen 2,1. Auflage,Göttingen,Wallstein Verlag,2018,1200,"Borchardt, Rudolf","Schuster, Gerhard",,,,Erzählende Literatur: Hauptwerk vor 1945,ger,
9783961521951; 3961521956,Fietje und ich,"Originalausgabe, Erstdruck",Oldenburg,Schardt Verlag,2018,106,"Barkhausen, Manfred",,,,,Anthologie; Erzählende Literatur; Romanhafte Biographien,ger,
9783746757247; 374675724X,Forever Punkerin,9. Auflage,Berlin,epubli,2018,72,,,,"Schlagowski, Alexandra",,Romanhafte Biographien,ger,
9783746747712; 3746747716,Forever Punkerin,5. Auflage,Berlin,epubli,2018,72,,,,"Schlagowski, Alexandra",,Romanhafte Biographien,ger,
9783752855005; 3752855002,Gedanken am Rande,1. Auflage,Norderstedt,Books on Demand,2018,116,,,,"Ohl, Barbara",,Lyrik,ger,
9783982209524; 3982209528,Gedankenschätze aus Halberstadt,2. Auflage,Pabstorf,Huyland-Verlag,2018,1,"Goethe, Johann Wolfgang von",,,,"Packebusch, Katrin",Bildband; Anthologie; Geschenkbücher,ger,
9783982209531; 3982209536,Gedankenschätze aus Quedlinburg,2. Auflage,Pabstorf,Huyland-Verlag,2018,1,"Goethe, Johann Wolfgang von",,,,"Packebusch, Katrin",Bildband; Anthologie; Geschenkbücher,ger,
9783746006598; 3746006597,Gedichte und Geschichten,1. Auflage,Norderstedt,Books on Demand,2018,140,,,,"Krentz, Ulrich",,Lyrik,ger,
9783960145295; 3960145292,Gekämpft wurde immer,1. Auflage,Borsdorf,edition winterwork,2018,130,"Probst, Thoralf",,,,,Fiktionale Darstellung; Romanhafte Biographien,ger,
9783735778925; 3735778925,Geschichten aus Hanakien,1. Auflage,Norderstedt,Books on Demand,2018,520,,,,"Hanak, Gerd",,Erzählende Literatur: Hauptwerk vor 1945,ger,
9783746931203; 3746931207,Geschichten der Liebe,1. Auflage,Hamburg,tredition,2018,96,,,,"Polosek, Pascal; Zirke, Juliane",,"Lyrik; Lyrik, Dramatik",ger,
9783746931210; 3746931215,Geschichten der Liebe,1. Auflage,Hamburg,tredition,2018,96,,,,"Polosek, Pascal; Zirke, Juliane",,Lyrik,ger,
9783746967820; 3746967821,Geschichten und Rezepte längst vergangener Tage,1. Auflage,Hamburg,tredition,2018,96,,,,"Baumschäfer, Isabel",,Romanhafte Biographien,ger,
9783746967837; 374696783X,Geschichten und Rezepte längst vergangener Tage,1. Auflage,Hamburg,tredition,2018,96,,,,"Baumschäfer, Isabel",,Romanhafte Biographien,ger,
9783746750873; 3746750873,Heart over Head,1. Auflage,Berlin,epubli,2018,436,,,,"Wide, Melody",,"Lyrik, Dramatik",ger,
9783737582292; 3737582297,Herzen,6. Auflage,Berlin,epubli,2018,80,,,,"Wild, Johannes",,"Lyrik, Dramatik",ger,
9783746747491; 374674749X,Herzen,1. Auflage,Berlin,epubli,2018,88,"Wild, Johannes",,,,,"Lyrik, Dramatik",ger,
9783746756516; 3746756510,Herzen,2. Auflage,Berlin,epubli,2018,88,,,,"Wild, Johannes",,"Lyrik, Dramatik",ger,
9783862826858; 3862826856,Historisches aus dem Westerwald. 2 Kurzgeschichten-Bände (Das Mirakelbuch. Historische Kurzgeschichten/ Kalt ruht die Nacht. Historische Kriminalgeschichten),1. Originalausgabe,Hamburg,Acabus Verlag,2018,428,"Abresch, Michaela",,,,,Historische Kriminalromane,ger,
9783752860993; 3752860995,I mag s'grantln ned,1. Auflage,Norderstedt,Books on Demand,2018,168,,,,"Mostbauer, Grete",,Lyrik,ger,
9783746774688; 3746774683,Im Schatten der Dunkelheit,3. Auflage,Berlin,epubli,2018,300,,,,"Connor, Elias J.",,"Lyrik, Dramatik",ger,
9783746791326; 3746791324,In Geschichten leben,2. Auflage,Berlin,epubli,2018,128,,,,"Pfaffhausen, Cynthia",,"Lyrik, Dramatik",ger,
9783946732334; 394673233X,Jahreskinder,1. Auflage,Neubrandenburg,Spica Verlag GmbH,2018,139,"Lange, Gerlinde",,,,,Fiktionale Darstellung; Romanhafte Biographien,ger,
9783746715445; 374671544X,Jahrmarkt in der Stadt/Kleine Lichter,7. Auflage,Berlin,epubli,2018,220,,,,"Klammer, Nikolaus",,Romanhafte Biographien,ger,
9783763270408,Junge Liebe zwischen Trümmern,Lizenzausgabe,Frankfurt am Main,Büchergilde Gutenberg,2018,298,"Fallada, Hans","Walther, Peter",,,,Anthologie; Erzählende Literatur: Hauptwerk vor 1945,ger,
9783351037093; 3351037090,Junge Liebe zwischen Trümmern,1. Auflage,Berlin,Aufbau,2018,298,"Fallada, Hans","Walther, Peter",,,"Walther, Peter",Fiktionale Darstellung; Erzählende Literatur: Hauptwerk vor 1945,ger,
9783746702490; 3746702496,Jungenhymnen,2. Auflage,Berlin,epubli,2018,204,,,,"Knoppka, Reinhard",,Romanhafte Biographien,ger,
9783752826111; 3752826118,Kleine Geschichten am Rande,1. Auflage,Norderstedt,Books on Demand,2018,124,,,,"Müller, Christa",,Romanhafte Biographien,ger,
9783150195543; 3150195543,Konkrete Poesie,"15., erw. und aktual. Ausgabe, erweiterte Ausgabe",Ditzingen,Reclam,2018,271,,"Gomringer, Eugen",,,,Anthologie; Lyrik,ger,
9783717524762; 3717524763,Landpartie,Originalausgabe,München,Manesse,2018,739,"Keyserling, Eduard von","Lauinger, Horst",,,"Illies, Florian",Anthologie; Erzählende Literatur: Hauptwerk vor 1945; Erzählende Literatur,ger,
9783940210845; 3940210846,Leben in Kurzgeschichten,,Kaufering,Verlag des Biographiezentrums,2018,147,"Wolf, Helga",,,,,Fiktionale Darstellung; Romanhafte Biographien,ger,
9783752829242; 3752829249,Lebensfaden,1. Auflage,Norderstedt,Books on Demand,2018,136,,,,"Waldseelen Seherin, Waldseelen",,Lyrik,ger,
9783746743417; 3746743419,Lebensgeschichten,2. Auflage,Berlin,epubli,2018,60,,,,"Lorenz-Ridderbecks, Angela",,Romanhafte Biographien,ger,
9783746743462; 374674346X,Lebensgeschichten,3. Auflage,Berlin,epubli,2018,60,,,,"Lorenz-Ridderbecks, Angela",,Romanhafte Biographien,ger,
9783947618279; 3947618271,Lebenslauf des heiligen Wonnebald Pück,"Der Text des Neusatzes folgt der Ausgabe »Erzählungen, Band 1«, erschienen 1922 im Haessel Verlag Leipzig; mit Ergänzungen",Grafrath,"Boer, K",2018,240,"Huch, Ricarda",,,,,Erzählende Literatur: Hauptwerk vor 1945,ger,
9783752891874; 3752891874,Lebkuchengasse,1. Auflage,Norderstedt,Books on Demand,2018,196,,,,"Gundel, Matthias",,Lyrik,ger,
9783942764117; 3942764113,Letzte Erzählungen,,Fürstenfeldbruck,"Fritzikatz Productions, Verlag Buch & Design",2018,407,"Hoffmann, E. T. A.",,,,"Hosemann, Theodor",Anthologie; Erzählende Literatur: Anthologien; Erzählende Literatur; Erzählende Literatur: Hauptwerk vor 1945,ger,
9783944360560; 3944360567,Lücken-Geschichten in Reimen,2. Auflage,Karlsruhe,SingLiesel GmbH,2018,109,"Mallek, Natali",,,,,Anthologie; Lyrik,ger,
9783961033591; 3961033595,Lyrik am Effner,,Remscheid,Rediroma Verlag,2018,52,,"Spiegelhauer, Tom",,,,Anthologie; Lyrik,ger,
9783752815641; 3752815647,Mädchen am Käsestand,1. Auflage,Norderstedt,Books on Demand,2018,84,,,,"Held, Reiner",,Lyrik,ger,
9783954629961; 3954629968,Märchenstrasse 4 wohnt Familie Wir,1. Auflage,Halle (Saale),Mitteldeutscher Verlag,2018,63,"Färber, Detlef",,,,"Leibe, Thomas",Anthologie; Lyrik,ger,
9783746778457; 374677845X,maritime gelbe Reihe bei Jürgen Ruszkowski/Seefahrerportraits und Erlebnisberichte von See - Anthologie,1. Auflage,Berlin,epubli,2018,380,"Ruszkowski, Jürgen","Ruszkowski, Jürgen",,,,Romanhafte Biographien,ger,
9783990391310,Mauerlängs durch die Nacht,1. Auflage,Innsbruck,Limbus Verlag,2018,93,"Bissig, Florian",,,,,Anthologie; Lyrik,ger,
9783740751135; 3740751134,Mein Traum frei zu sein,1. Auflage,Norderstedt,TWENTYSIX,2018,632,,,,"Stollin, Juergen",,Romanhafte Biographien,ger,
9783746776538; 3746776538,Meine Kurz-Autobiographie,2. Auflage,Berlin,epubli,2018,56,,,,"Möbius, Nelly",,Romanhafte Biographien,ger,
9783900044596; 3900044597,Meine Mama ist in einem Lager,1. Auflage,Wien,POSS Verlag,2018,130,"Urban, Leopold",,,,,Fiktionale Darstellung; Romanhafte Biographien,ger,
9783886613915; 3886613917,Minenfeld,1. Auflage,Frankfurt am Main,Verlag der Autoren,2018,109,"Arias, Lola",,,,,Theaterstück; Dramatik,ger,
9783746771090; 3746771099,Miss.Artepon,2. Auflage,Berlin,epubli,2018,36,,,,"Gant, John",,"Lyrik, Dramatik",ger,
9783748185093; 374818509X,Moritz,1. Auflage,Norderstedt,Books on Demand,2018,224,,,,"Hess, Udo",,Romanhafte Biographien,ger,
9783955877385; 3955877388,Mystisches Niederbayern,1. Auflage,Regenstauf,SüdOst Verlag,2018,139,"Kiesl, Gabriele",,,,"Cizek, Michael",Bildband; Anthologie; Spannung,ger,
9783746751801; 3746751802,Oliver,1. Auflage,Berlin,epubli,2018,180,,,,"Brünjes, Hermann",,Romanhafte Biographien,ger,
9783944643878; 3944643879,Poesiefeldambulanz,,Buxtehude,Verlag Rote Zahlen,2018,86,"Griebe, Hans-Joachim; Borowski, Uwe; Burma, Imke; Dillenberger, Kai; Domas, Michael; Endres-Häusler, Ingeborg; Friedrich, Jörg; Graf, Magda; Grotewohlt, Barbara; Grüneberger, Ralph; Hahn, Felicitas; Hartman, Mone; Krause, David; Lalee, Fara; Marqua, Jürgen; Meissner-Spannaus, Christoph; Menrath, Rolf; Pirrot, Maria; Schmid, Roman; Schröck, Petra; Servene, Klaus; Wilkens, Simon; Zander, Stefan","Griebe, Hans-Joachim",,,,Anthologie; Lyrik,ger,
9783752806342; 3752806346,Rainer Maria Rilkes Prosa,1. Auflage,Berlin,Orlando Syrg,2018,351,"Rilke, Rainer Maria","Sommermeyer, Joerg",,,,Anthologie; Erzählende Literatur: Hauptwerk vor 1945,ger,
9783746783079; 3746783070,Rauenthaler Geschichte(n)/ Nicolaus Gompe von Rauenthal Reformator in Südnassau,1. Auflage,Berlin,epubli,2018,92,"Geißler, Hermann Otto",,,,,Romanhafte Biographien,ger,
9783423146258; 3423146257,Sämtliche Erzählungen,,München,dtv Verlagsgesellschaft,2018,1648,"Stifter, Adalbert","Matz, Wolfgang",,,,Erzählende Literatur: Hauptwerk vor 1945,ger,
9783748184201; 3748184204,Sanft und anders,1. Auflage,Norderstedt,Books on Demand,2018,52,,,,"van Marviok, Margarete",,Lyrik,ger,
9783458177760; 3458177760,Sankt Nikolaus in Not und andere Erzählungen,Erste Auflage,Berlin,Insel Verlag,2018,62,"Timmermans, Felix",,"Valeton, Anna",,"Timmermans, Felix",Fiktionale Darstellung; Erzählende Literatur: Hauptwerk vor 1945,ger,
9783730606650,Schachnovelle und andere Erzählungen,Sonderausgabe,Köln,Anaconda,2018,413,"Zweig, Stefan",,,,,Fiktionale Darstellung; Erzählende Literatur: Hauptwerk vor 1945,ger,
9783961113996; 3961113998,Schläft ein Lied in allen Dingen,,Bückeburg,ContraPunkt,2018,52,"Goethe, Johann Wolfgang von; Rilke, Rainer Maria; Fontane, Theodor; Ringelnatz, Joachim; Morgenstern, Christian","Suchland, Frank",,,,Anthologie; Lyrik,ger,
9783961454174; 3961454175,Sei still und sitz gerade!,1. Auflage,Leipzig,Engelsdorfer Verlag,2018,228,,"Hildebrand, Erny",,,,Anthologie; Romanhafte Biographien,ger,
9783744885928; 3744885925,"""Short Stories To Go""",1. Auflage,Norderstedt,Books on Demand,2018,304,,,,"Rösner-Langener, Anne",,Lyrik,ger,
9783960145165; 3960145160,Sonntags gingen wir spazieren,1. Auflage,Borsdorf,edition winterwork,2018,166,"Nell, Elisabeth",,,,,Fiktionale Darstellung; Romanhafte Biographien,ger,
9783935526340,"""Spekelöres""",,Krefeld,Stefan Kronsbein,2018,205,"Schäfer, Jupp",,,,,Anthologie; Lyrik,ger,
9789549643886,Stefan Zweig,,Sofija,Izdatelstvo Vesi,2018,151,"Zweig, Stefan",,,,"Jordanov, Galin",Fiktionale Darstellung; Erzählende Literatur: Hauptwerk vor 1945,ger; bul,
9783752877205; 3752877200,Stilles Erzählen,1. Auflage,Norderstedt,Books on Demand,2018,136,,,,"Poganiuch-Flören, Elisabeth; Sill, Bernhard",,Lyrik,ger,
9783938776476; 3938776471,Streiflichter,,München,Stiftung Lyrik Kabinett,2018,217,,,"Schiff, Julia",,"Kalász, Orsolya; Hudy, Árpád; Jancsó, Daniella",Anthologie; Lyrik,ger; hun,
9783748166184; 3748166184,TIERISCH MENSCHLICHES,2. Auflage,Norderstedt,Books on Demand,2018,172,,,,"Boensch, Peter",,Lyrik,ger,
9783752877755; 3752877758,Tierisches und mehr,3. Auflage,Norderstedt,Books on Demand,2018,144,,,,"Abt, Elke",,Lyrik,ger,
9783746996998; 3746996996,Trauer Sehnsucht Liebe,1. Auflage,Hamburg,tredition,2018,60,,,,"ENGEL, NINO",,Lyrik,ger,
9783746996981; 3746996988,Trauer Sehnsucht Liebe,1. Auflage,Hamburg,tredition,2018,60,,,,"ENGEL, NINO",,Lyrik,ger,
9783746707709; 3746707706,... und es war doch nicht alles schlecht ... Geschichten aus dem Leben der DDR,1. Auflage,Berlin,epubli,2018,44,,,,"Quasdorf, Helga",,Romanhafte Biographien,ger,
9783745097238; 3745097238,Unter dem Himmel,1. Auflage,Berlin,epubli,2018,228,,,,"Diringer, Lilith",,"Lyrik, Dramatik",ger,
9783746792187; 3746792185,Veilchen-Anthologie/Veilchen-Anthologie Band 1,1. Auflage,Berlin,epubli,2018,112,"Herrmann, Andrea",,,,,"Lyrik, Dramatik",ger,
9783552058743; 3552058745,Vergessene Träume,1. Auflage,Wien,Paul Zsolnay Verlag,2018,591,"Zweig, Stefan","Erdem, Elisabeth; Renoldner, Klemens",,,,Fiktionale Darstellung; Erzählende Literatur: Hauptwerk vor 1945; Erzählende Literatur,ger,
9783957202437; 3957202434,Verrückte große Welt,Erste Auflage,Chemnitz,net-Verlag,2018,136,"Goerke, Heike; Daxer, Matthias; Koin, Vera C.; Bruskolini, Oliver; Müller, Dörte; Aeberhard, Christian; Bannister, Saskia; Barth, Juliane; Berger, Regina; Bogner-Raab, Stefanie; Brunke, Henning; Buggenhagen, Ramona Ina; Dr. Künzler-Behncke, Rosemarie; Filbeck, Patrick; Glatz, Helmut; Grom, Nicole; Hablitzel, Nicole; Häcker, Bruna; Heßler, Christina; Hügel, Xenia; Schmidt, Rosemai M.; Kretschmann, Karsten; van den Boom, Eusebius; Laß, Michael; Menne, Larissa; Merten, Barbara; Merz, Ernst; Messerschmidt, Annette; Miller, Oliver; Müller, Dörte; Pfeiffer, Angie; Pompowski, Anja; Radkiewicz, Marie; Rapp, Sandra; Röck, Johanna; Rödig, Wolfgang; Glanz, Andreas; Sandner, Carolin; Schmidt, Ulrike; Schulz, Miria; Schulzke-Riha, Susanne; Weinsanto, Susanne; May, Melissa; Wright, Karen",,,,"Aeberhard, Nicole; Buggenhagen, Ramona Ina; Daxer, Matthias; Grafenstein, Charlotte; Häcker, Bruna; Hablitzel, Nicole; Müller, Dörte; Paradis, Susanne; Rucks, Ference; Schneider, Jenny; Stezura, Tatjana",Anthologie; Lyrik,ger,
9783746797670; 3746797675,Von Bremerhaven bis Kiel,1. Auflage,Berlin,epubli,2018,384,,,,"Reich, Wolfgang Max",,Romanhafte Biographien,ger,
9783746756127; 374675612X,"Von Träumen, Prinzen und weißen Pferden",3. Auflage,Berlin,epubli,2018,224,,,,"de Bricassardt, Jennifer",,Romanhafte Biographien,ger,
9783746756110; 3746756111,"Von Träumen, Prinzen und weißen Pferden",3. Auflage,Berlin,epubli,2018,222,,,,"de Bricassardt, Jennifer",,Romanhafte Biographien,ger,
9783746756141; 3746756146,"Von Träumen, Prinzen und weißen Pferden",4. Auflage,Berlin,epubli,2018,224,,,,"de Bricassardt, Jennifer",,Romanhafte Biographien,ger,
9783746711041; 3746711045,Vonn Grunne uff,6. Auflage,Berlin,epubli,2018,112,,,,"Hutschenreuther, Gisela",,"Lyrik, Dramatik",ger,
9783744885522; 3744885526,Weil Du es wert bist,1. Auflage,Norderstedt,Books on Demand,2018,92,,,,"Bruns, Oliver; Wanschura, Sylke",,Lyrik,ger,
9783948413088; 3948413088,"Wer denn, wenn nicht wir beide",2. Auflage,Berlin,Berliner Kreis,2018,108,"Löffler, Anneliese","Tolzien, Eike-Jürgen; Löffler, Anneliese",,,"Tolzien, Eike-Jürgen",Romanhafte Biographien,ger,
9783752887860; 3752887869,Worte wie Bilder - Worte zum Leben,1. Auflage,Norderstedt,Books on Demand,2018,164,,,,"Grünig, Simone",,Lyrik,ger,
9783740749385; 3740749385,Yuan Phai Khlong Dan,1. Auflage,Norderstedt,TWENTYSIX,2018,196,,,,"Hirsekorn, Peter M.; Phaetjanla-Hirsekorn, Thewee",,Lyrik,ger,
9783746729879; 3746729874,Zwillingsopfer,11. Auflage,Berlin,epubli,2018,552,,,,"Dee, Ana",,"Lyrik, Dramatik",ger,
9783741898655; 3741898651,1/2 und vielleicht 3 aber man munkelt noch/Nicht verrotbare Einfälle 1,1. Auflage,Berlin,epubli,2017,48,,,,"Degner, Carsten",,"Lyrik, Dramatik",ger,
9783835331280; 3835331280; 9791027801282,Achterbahn,,Göttingen,Wallstein Verlag,2017,151,,"Hohmann, Michael; Lance, Alain",,,,Anthologie; Lyrik,fre; ger,
9783959662673; 395966267X,Aus der Fülle der Gedanken,1. Auflage,Bad Langensalza,Verlag Rockstuhl,2017,197,"Wagner, Manfred",,,,,Anthologie; Lyrik,ger,
9783730604724; 3730604724,Bahnwärter Thiel und andere frühe Erzählungen,,Köln,Anaconda Verlag,2017,96,"Hauptmann, Gerhart",,,,,Fiktionale Darstellung; Erzählende Literatur: Hauptwerk vor 1945,ger,
9783944953533; 3944953533,Bis zum absoluten Nullpunkt des Seins,1. Auflage,Berlin,ebooknews press Verlag Dr. Ansgar Warner,2017,153,"Laßwitz, Kurd","Warner, Ansgar",,,,Fiktionale Darstellung; Science Fiction; Erzählende Literatur: Hauptwerk vor 1945,ger,
9783945441343; 394544134X,Blumen des Unerwarteten,,Ganderkesee,EPLA-Verlag,2017,212,"Böhning, Gabriele",,,,,"Anthologie; Lyrik, Dramatik",ger,
9783037841389; 3037841389,Boulevard Basel,1. Auflage,Basel,Verlag Johannes Petri,2017,167,"Schweizer, Thomas",,,,,Fiktionale Darstellung; Romanhafte Biographien,ger,
9783937507804; 3937507809,Da war mehr als bitter Feld,,Grevenbroich,Heiner Labonde Verlag,2017,271,"Scharfenorth, Ulrich",,,,,Fiktionale Darstellung; Romanhafte Biographien; Erzählende Literatur,ger,
9783423145879; 3423145870,Das Dschungelbuch,Neuübersetzung,München,dtv,2017,285,"Kipling, Rudyard",,"Nohl, Andreas",,,Fiktionale Darstellung; Erzählende Literatur: Hauptwerk vor 1945; Erzählende Literatur; Kinderbücher bis 11 Jahre,ger,
9783200048911,Der kornblumenblaue Königspudel,,Rohrbach-Berg,Silvia Rohm,2017,244,"Rhom, Silvia",,,,,Anthologie; Lyrik,ger,
9783850287869; 3850287866,"Des einen Lust, des andern Frust",1. Auflage,Horn,Verlag Berger,2017,150,"Schröckenfuchs, Norbert Christoph",,,,,Fiktionale Darstellung; Lyrik,ger,
9783945465394; 3945465397,Dichter am Abgrund,Neuausgabe,Hamburg,KJM Buchverlag,2017,96,"Greve, Andreas",,,,,Anthologie; Lyrik,ger,
9783947503124,Die 60 unerhörtesten Geschichten heiliger Jungfrauen,,Neckargerach,Lauerskreuzer Sommertage,2017,76,"Lauerskreuz, Urban von",,,,"Lauerskreuz, Urban von",Bildband; Anthologie; Gemischte Anthologien,ger,
9783863371159; 3863371151,Die Dame mit den Bernsteinaugen und andere Erzählungen,Erste Auflage,Frankfurt am Main,weissbooks.w,2017,228,"Bauer, Dieter",,,,,Anthologie; Erzählende Literatur: Gegenwartsliteratur ab 1945; Romanhafte Biographien,ger,
9783150111062; 3150111064,Erzählungen,Jubiläumsausgabe,Stuttgart,Reclam,2017,367,"Kafka, Franz","Müller, Michael",,,,Anthologie; Erzählende Literatur: Hauptwerk vor 1945,ger,
9783150094266,Erzählungen,Veränderte Ausgabe,Ditzingen,Reclam,2017,367,"Kafka, Franz","Müller, Michael",,,,Anthologie; Erzählende Literatur: Hauptwerk vor 1945,ger,
9781548048020,Eusebius' Gedichtekiste,,Duisburg,Uwe Kurz,2017,179,"Boom, Eusebius van den",,,,,Anthologie; Lyrik,ger,
9783937211718; 3937211713,Fenitschka,Ungekürzte Ausgabe nach der Erstpublikation als Erzählband 1898,Taching am See,MedienEdition Welsch,2017,200,"Andreas-Salomé, Lou","Schäfer, Iris",,"Andreas-Salomé, Lou; Andreas-Salomé, Lou",,Anthologie; Erzählende Literatur: Hauptwerk vor 1945,ger,
9783745065442; 3745065441,Flaschenpost aus vergangenen Tagen,1. Auflage,Berlin,epubli,2017,26,,,,"Celik, Andrea",,Romanhafte Biographien,ger,
9783743927384; 3743927381,Frei zu lieben,1. Auflage,Hamburg,tredition,2017,108,,,,"Hülkenberg, Josef",,Lyrik,ger,
9783741898297; 3741898295,Frieda die große Vertreibung/Mein Vater war ein Kavallerist,1. Auflage,Berlin,epubli,2017,36,"Eisel, Sabine",,,,,"Lyrik, Dramatik",ger,
9783942106542; 394210654X,Gedankenstücke,"2., erweiterte Auflage",Berlin,xenomoi,2017,221,"Sohst, Wolfgang",,,,,Anthologie; Lyrik,ger,
9783745049534; 3745049535,Geschichten aus der Schulsteinzeit,1. Auflage,Berlin,epubli,2017,180,"Riegler, Thomas",,,,,Romanhafte Biographien,ger,
9783745049718; 3745049713,Geschichten aus der Schulsteinzeit,2. Auflage,Berlin,epubli,2017,180,"Riegler, Thomas",,,,,Romanhafte Biographien,ger,
9783745049527; 3745049527,Geschichten aus der Schulsteinzeit,1. Auflage,Berlin,epubli,2017,180,"Riegler, Thomas",,,,,Romanhafte Biographien,ger,
9783961032044; 3961032041,"Geschichten, die sich dichten",,Remscheid,Rediroma-Verlag,2017,128,"Neumeister, Alois",,,,,"Fiktionale Darstellung; Lyrik, Dramatik",ger,
9783746083629; 3746083621,Handverlesene Kurz-Geschichten und Liedertexte aus fünf Jahrzehnten,1. Auflage,Norderstedt,BoD - Books on Demand,2017,696,"Schönberger, Gerhard",,,,,Fiktionale Darstellung; Lyrik,ger,
9783746250588; 3746250587,Hier stehe ich in Luther-Socken,,Leipzig,Benno,2017,125,"Piechota, Ulrike",,,,,Anthologie; Romanhafte Biographien,ger,
9783743908130; 3743908131,"Hilfe, et Weihnachtet!",1. Auflage,Hamburg,tredition,2017,164,,,,"Kersken, Steffen",,Lyrik,ger,
9783981665192; 3981665198,Hubertus lacht ... nicht immer!,1. Auflage,Hamm,Neue Buchschmiede,2017,104,"Funke, Karl-Heinz",,,,,Anthologie; Lyrik,ger,
9783943275278; 3943275272,In Eis und Schnee,1. Auflage,Berlin,Edition Dornbrunnen,2017,237,"Gerstäcker, Friedrich; Howard, Robert Ervin; Kraft, Robert; London, Jack; May, Karl; Pajeken, Friedrich J.; Sachse, Otto Max; Salgari, Emilio; Treller, Franz; Verne, Jules",,,,,Anthologie; Erzählende Literatur: Hauptwerk vor 1945,ger,
9789874536365,La flora de los escombros,"Edición bilingüe, 1a edición",Buenos Aires,El jardín de las delicias,2017,131,"Braun, Volker",,"Franzetti, Silvana",,,Anthologie; Lyrik,spa; ger,ger
9783869370798,Lebensimpressionen und Träume,3. Auflage,Friedberg,Verlagshaus Schlosser,2017,120,"Loewel, Regina",,,,,Anthologie; Lyrik,ger,
9783861106319; 3861106310,Lieder der alten Afrikaner,,St. Ingbert,Röhrig Universitätsverlag,2017,368,,"Djomo, Esaïe",,,,Anthologie; Lyrik,ger,
9783944360553; 3944360559,Lücken-Geschichten in Reimen,,Karlsruhe,SingLiesel GmbH,2017,109,"Mallek, Natali",,,,,Anthologie; Lyrik,ger,
9783946509011; 3946509010,Martin Lersch's Bilder zu Theodor Storm's Erzählungen,Erstauflage,Goch,Pagina Verlag GmbH,2017,24,,,,,"Lersch, Martin",Bildband,ger,
9783741898341; 3741898341,Mein Vater war ein Kavallerist,2. Auflage,Berlin,epubli,2017,4,"Eisel, Sabine",,,,,"Lyrik, Dramatik",ger,
9783745075984; 3745075986,Mein Vater war ein Kavallerist,2. Auflage,Berlin,epubli,2017,36,"Eisel, Sabine",,,,,"Lyrik, Dramatik",ger,
9783745066555; 3745066553,Mein Vater war ein Kavallerist band 1/Mein Vater war ein Kavallerist,1. Auflage,Berlin,epubli,2017,36,"brauner, Urlike",,,,"Eisel, Sabine","Lyrik, Dramatik",ger,
9783150111123; 3150111129,Monat für Monat,Jubiläumsausgabe,Stuttgart,Reclam,2017,176,,"Polt-Heinzl, Evelyne; Schmidjell, Christine",,,,Anthologie; Lyrik,ger,
9783902990723; 3902990724,Mosaiksteine eines Lebens,,Glödnitz,Memoiren-Verlag Bauschke,2017,227,"Kreiger, Gerlinde",,,,,Fiktionale Darstellung; Romanhafte Biographien,ger,
9783518804100; 3518804103,New Orleans,1. Auflage,Berlin,Suhrkamp Verlag,2017,235,,"Rauschenbach, Bernd","Schmidt, Arno","Faulkner, William; Schmidt, Arno","Rauschenbach, Bernd",Fiktionale Darstellung; Erzählende Literatur: Hauptwerk vor 1945,ger,
9783940911728; 3940911720,Nobby‘s Erzählungen,,Presseck,Verlag Leben in der Sprache,2017,185,"Maisel, Norbert",,,,,Anthologie; Lyrik,ger,
9783950441215; 3950441212,"Pepi, Punsch & Nikolaus!",,Stainz,Ewald Dworak,2017,144,"Dworak, Ewald",,,,,Fiktionale Darstellung; Lyrik,ger,
9783960143772; 396014377X,Polaroids,1. Auflage,Borsdorf,edition winterwork,2017,62,"Digwa, Markus",,,,,Anthologie; Lyrik,ger,
9783745049398; 374504939X,Rockstars in Love,3. Auflage,Berlin,epubli,2017,368,"Gold, Callie",,,,,"Lyrik, Dramatik",ger,
9783745049381; 3745049381,Rockstars in Love,3. Auflage,Berlin,epubli,2017,368,"Gold, Callie",,,,,"Lyrik, Dramatik",ger,
9783150111338; 3150111331,Sancta Lucia,,Ditzingen,Reclam,2017,95,"Lagerlöf, Selma","Hildebrandt, Christel; Haefs, Gabriele",,,,Anthologie; Erzählende Literatur: Hauptwerk vor 1945,ger,
9783743921283; 3743921286,Schlüssel zwischen Tod und Liebe,2. Auflage,Hamburg,tredition,2017,228,,,,"Köhler, Ulrike Christa",,Lyrik,ger,
9783957534125; 3957534127,Singlefrau Fritzi von Frankfurt sucht online die Liebe,Erstauflage,Radeberg,DeBehr,2017,174,"Crisan, Andrea",,,,,Fiktionale Darstellung; Romanhafte Biographien,ger,
9783956316210,Sprach-Los,1. Auflage,Aachen,Shaker Media GmbH,2017,200,"Züll, Andreas",,,,,Anthologie; Lyrik,ger,
9783941093225; 3941093223,Störtebeker,"1. Auflage, Originalausgabe",Stralsund,Strandläufer Verlag,2017,486,"Fleck, Wilhelmine",,,"Fleck, Wilhelmine; Fleck, Wilhelmine","Hoffmann, Peter; Kummerow, Holger",Fiktionale Darstellung; Historische Kriminalromane,ger,
9783903111417; 3903111414,Theaterstücke und Erzählungen,,Stolzalpe,Wolfgang Hager Verlag,2017,277,"Stadlob, Rudolf",,,,,"Fiktionale Darstellung; Theaterstück; Lyrik, Dramatik",ger,
9783866467781; 3866467788,Tod im Wald,3. Auflage,Regenstauf,SüdOst Verlag,2017,112,"Dachs, Johann",,,,,"Anthologie; Krimis, Thriller, Spionage; Historische Kriminalromane",ger,
9783741899829; 3741899828,Träume im Wind - Gedichte VI,1. Auflage,Berlin,epubli,2017,200,"Sander, Anya Johanna",,,,,"Lyrik, Dramatik",ger,
9783745072075; 3745072073,... und was ich noch sagen wollte ...,3. Auflage,Berlin,epubli,2017,104,,,,"Klein, Holger Olaf",,"Lyrik, Dramatik",ger,
9783745006513; 3745006518,"Vorsicht, Mäharbeiten",2. Auflage,Berlin,epubli,2017,108,"Zelch, Regina",,,,,Romanhafte Biographien,ger,
9783743982055; 3743982056,Wahre Geschichten,1. Auflage,Hamburg,tredition,2017,104,"Mockenhaupt, Werner",,,,,Romanhafte Biographien,ger,
9783743982062; 3743982064,Wahre Geschichten,1. Auflage,Hamburg,tredition,2017,104,,,,"Mockenhaupt, Werner",,Romanhafte Biographien,ger,
9783737409889; 3737409889,Walpurgisnacht und andere seltsame Erzählungen,,Wiesbaden,marixverlag,2017,377,"Meyrink, Gustav","Frenschkowski, Marco",,,,Anthologie; Erzählende Literatur: Hauptwerk vor 1945,ger,
9783946467403; 3946467407,Wenn die Blätter von den Bäumen fallen,1. Auflage,Berlin,Edition AVRA,2017,98,,"Huffmann, Johann-Friedrich",,,,Anthologie; Lyrik; Lyrik,ger,
9783942104753; 394210475X,Wilde Rosen,1. Auflage,Schlüsselfeld,Sperling Verlag,2017,101,"Stahr, Frank; Kalies, Eva; Bauer, Franziska",,,,,Anthologie; Lyrik,ger,
9783941818347; 3941818341,Word Sharing,1. Auflage,Tübingen,"Universitätsstadt Tübingen, Fachbereich Kunst und Kultur",2017,179,,"Armstrong, Keith; Murphey Melchers, Carolyn; Raffel, Michael",,,,Anthologie; Lyrik,eng; ger,
3744870995; 9783744870993,Zaubervolle Jahreszeiten - der Sommer,1. Ausgabe,Püttlingen,Edition Calamus,2017,140,"Hewener, Vera",,,,,Anthologie; Lyrik,ger,
9783737592079; 3737592071,1. Erlebte Gschichtli un Erinnerunge/2. Erlebte Geschichten und Erinnerungen,1. Auflage,Berlin,epubli,2016,236,"Lehmann, Gunther",,,,,Romanhafte Biographien,ger,
9783797707284; 3797707282,"Abek, der Handfischer",1. Auflage,Konstanz,Verlag Stadler,2016,219,"Burkart, Albert",,,,,Anthologie; Romanhafte Biographien,ger,
9783946534174; 3946534171,"Able to love, find & forgive",,Köln,Booklover Verlag Nadine Kapp,2016,468,"Kapp, Nadine; Andrews, D. L.",,,,,Fiktionale Darstellung; Dramatik,ger,
9783937445809; 3937445803,"All dies hier, Majestät, ist deins",1. Auflage,Berlin,kookbooks,2016,333,,"Bayer, Anja Thea; Seel, Daniela",,,"Töpfer, Andreas",Anthologie; Lyrik,ger,
9783946053040; 3946053041,Am Abend ein Stündchen bei Goethe,,Winsen,HuM-Verlag,2016,200,"Eckermann, Johann Peter","Hinkfoth, Helmuth",,,,Anthologie; Erzählende Literatur: Hauptwerk vor 1945,ger,
9783939829683; 3939829684,Amüsante Reime und Erzählungen,1. Auflage,Lohmar,Ratio Books,2016,285,"Jansen, Hans-Jürgen",,,,,Anthologie; Lyrik,ger,
9786176141532,Anthologie der zeitgenössischen österreichischen Lyrik,Literaturno-chudožnė vydannja,Černivci,Knyhy - XXI,2016,229,,,"Rychlo, Petro Vasylʹovyč",,,Anthologie; Lyrik,ukr; rus; ger,
9783741861413; 3741861413,"Anthologie ""Nacht der Poesie"" Oderlandautoren/Nacht der Poesie 2016",3. Auflage,Berlin,epubli,2016,80,"Marchand, Peter","Marchand, Peter; Ruhlig, Lothar",,,,"Lyrik, Dramatik",ger,
9783000538612,Arbeite und Reise,,Bremen,Bernhard Hoppe,2016,101,"Hoppe, Bernhard",,,,,"Anthologie; Lyrik, Dramatik",ger,
9783033058903; 3033058906,Augustos Füsse,,Bern,Edition bianchi-neri,2016,82,"Gerber, Iris",,,,,Anthologie; Lyrik,ger,
9783864650758,Berlin ist auch eine schöne Gegend ...,1. Auflage,Berlin,trafo,2016,244,,"Kühnel, Klaus",,,,Anthologie; Lyrik,ger,
9783734550492; 3734550491,Bitter Moon Poetry,,Hamburg,tredition,2016,208,"Bretschneider, Hagen",,,,,Lyrik,ger,
9783837217919; 3837217914,Blätter im Wind,,Frankfurt a. M.,Weimarer Schiller Presse ,2016,132,Garnuszek,,,,,Anthologie; Lyrik,ger,
9783890863511; 3890863515,Chilenische Lyrik im bewegten 20. Jahrhundert,,Aachen,Rimbaud,2016,135,"Hahn, Óscar; Hernández, Sergio; Huidobro, Vicente; Mistral, Gabriela; Neruda, Pablo","Markus, Mario","Markus, Mario",,"Müller-Salo, Johannes; Rojas, Gonzalo; Barquero, Efráin; Bolton, Carlos; Díaz Casanueva, Humberto; Harris, Tomás; Kay, Ronald; Lihn, Enrique; Lisboa, Venancio; Massís, Mahfud; Molina, Paz; Oyarzún, Mila; Parra, Nicanor; Peralta, María Isabel; Pereira, Ulises; de Rokha, Pablo; Rossenmann Taub, David; Teillier, Jorge; Teitelboim, Volodia; Torres, Aldo; Uribe Arce, Armando; Valdivieso, Jaime; Valle, Juvencio; Vera, Luis Roberto; Zurita, Raúl",Anthologie; Lyrik,ger,
9783596297542; 3596297540,Das Katzen-Ausmalbuch mit Geschichten zum Entspannen,Originalausgabe,Frankfurt am Main,Fischer,2016,80,,,,,"Blam, Gaby",Anthologie; Bildband; Gemischte Anthologien,ger,
9783902960344; 3902960345,Das Kind der tausend Jahre,1. Auflage,Strasshof,Pilum Literatur Verlag,2016,132,"Erbler, Gertrud",,,,,Fiktionale Darstellung; Romanhafte Biographien,ger,
9783958280946; 3958280943,Das Wort in viele Worte fassen,1. Auflage,Gelnhausen-Roth,TRIGA - Der Verlag,2016,61,"Ihmann, Georg",,,,,Anthologie; Lyrik,ger,
9783741852350; 374185235X,Der hellste Stern am Himmel,1. Auflage,Berlin,epubli,2016,36,"Kenn, Gustav",,,,,"Lyrik, Dramatik",ger,
9783946366072; 3946366074,Der Herr der 7 Dörfer,1. Auflage zum 150. Geburtstag von Hermann Löns am 29. August 2016,Dortmund,synergenVerlag,2016,208,"Löns, Hermann",,,,,Fiktionale Darstellung; Erzählende Literatur: Hauptwerk vor 1945,ger,
9783150088913,Der Verbrecher aus verlorener Ehre und andere Erzählungen,Durchgesehene Ausgabe,Stuttgart,Reclam,2016,75,"Schiller, Friedrich",,,,,Anthologie; Erzählende Literatur: Anthologien; Erzählende Literatur: Hauptwerk vor 1945,ger,
9783902808912; 3902808918,Die Ahnungslosen oder Der Untergang der Zweiten Republik in Anekdoten,,Wien,Arovell Verlag,2016,292,"Soxberger, Thomas",,,,,Anthologie; Lyrik,ger,
9783730604182; 373060418X,Die besten Geschichten,,Köln,Anaconda Verlag,2016,413,"Zweig, Stefan",,,,,Fiktionale Darstellung; Erzählende Literatur: Hauptwerk vor 1945,ger,
9783406701306; 3406701302,Die Erzählungen,5. Auflage,München,Verlag C.H. Beck,2016,512,"Doderer, Heimito von","Schmidt-Dengler, Wendelin",,,,Anthologie; Erzählende Literatur: Anthologien; Erzählende Literatur: Hauptwerk vor 1945,ger,
9783901602702; 3901602704,Die Liebe kennt alle Sprachen der Welt,,Wien,Theodor Kramer Gesellschaft,2016,,,"Bagheri-Goldschmied, Nahid",,,,Lyrik,ger; per,
9783990573389; 3990573381,Die Oma war´s - wer sonst...,,Wien,Morawa Lesezirkel,2016,96,"Zlabinger, Andrea",,,,,Lyrik,ger,
9783960080909; 3960080905,Die Speckbemme und Konrads Radtouren,1. Auflage,Leipzig,Engelsdorfer Verlag,2016,177,"Thümmler, Kurt",,,,,Fiktionale Darstellung; Erzählende Literatur; Romanhafte Biographien,ger,
9783866855540; 3866855540,Du sollst kein unbeteiligter Zuschauer sein,,Vechta-Langförden,Geest-Verlag,2016,172,,"Hölscher, Stefan; Büngen, Alfred; Brunn, Franziska",,,,Anthologie; Lyrik,ger,
9783743118560; 3743118564,Eifelbilder,1. Auflage,Norderstedt,Books on Demand,2016,188,"Ameling, Hermann; Neumann, Paula",,,,,Lyrik,ger,
9783110195675; 3110195674,Fragmente,,Berlin,De Gruyter,2016,2,"Fontane, Theodor","Hehle, Christine",,,,Fiktionale Darstellung; Erzählende Literatur: Hauptwerk vor 1945,ger,
9783898768405; 3898768406,"Fresenhof, ein Stück von mir",,Husum,Husum,2016,399,"Kiesewetter, Knut",,,,,Fiktionale Darstellung; Romanhafte Biographien,ger,
9783890863856,Gedichte,,Aachen,Rimbaud,2016,149,"George, Stefan",,,,,Anthologie; Lyrik,ger,
9783737589284; 3737589283,Gedichte und Geschichten,1. Auflage,Berlin,epubli GmbH,2016,44,"Mathis, Gabriel",,,,,"Lyrik, Dramatik",ger,
9783944478050; 3944478053,Gedichte von jetzt,1. Auflage,Leipzig,Ed(ition).cetera,2016,107,,"Velten, Robert; Chiyad, Sarah",,,"Heimbucher, Florentine",Anthologie; Lyrik,ger,
9783741803994; 3741803995,Geschichten von Edda und Martin,1. Auflage,Berlin,Neopubli,2016,132,"Waas, Martin",,,,,Romanhafte Biographien,ger,
9783741802041; 3741802042,"Geschichten, die das Leben schreibt",1. Auflage,Berlin,Neopubli,2016,156,"Walther, Susanne",,,,,Romanhafte Biographien,ger,
9783734538872; 3734538874,Heimat,,Hamburg,tredition,2016,144,"Kaupp, Erhard",,,,,Lyrik,ger,
9783957710901; 3957710901,Heimat,Erste Auflage,Frankfurt am Main,Größenwahn Verlag,2016,261,,"Sampsounis, Sevastos P.",,,,Anthologie; Erzählende Literatur: Anthologien; Romanhafte Biographien,ger,
9783852852928; 3852852927,Im Oberstübchen,1. Auflage,Neuhofen/Kr.,Resistenz,2016,157,"Fischer, Eva",,,,,"Theaterstück; Lyrik, Dramatik",ger,
9783945441220; 3945441226,Im Schatten der Zeit,1. Auflage,Ganderkesee,EPLA-Verlag,2016,122,"Heim, Ferdinand Christoph",,,,,Anthologie; Lyrik,ger,
9783842244252; 3842244258,Lebensvoll,"Originalausgabe, 1. Auflage",Aachen,Deutscher Lyrik Verlag,2016,72,"Stieglitz, Manfred",,,,,Anthologie; Lyrik,ger,
9783946801009; 9783946801023; 3946801021,Liebesgedichte,"1. Auflage, neue Ausgabe",Grevenbroich,Wilhelm R. Wolf Verlag ,2016,63,"Wolf, Lisa",,,,,Anthologie; Lyrik,eng; fre; ger,
9783737598446; 3737598444,Mein Leben mit Schatzi,1. Auflage,Berlin,Neopubli,2016,160,"Müller, Arno E.",,,,,Romanhafte Biographien,ger,
9783734577765; 3734577764,Mein Name ist René,,Hamburg,tredition,2016,192,"Eichenberger, René",,,,,Romanhafte Biographien,ger,
9783737584913; 3737584915,Mein Traum frei zu sein,5. Auflage,Berlin,Neopubli,2016,632,"Stollin, Jürgen",,,,,Romanhafte Biographien,ger,
9783741870996; 3741870994,Meine Geschichten,1. Auflage,Berlin,epubli,2016,252,"Preloznik, Wilhelm",,,,,Romanhafte Biographien,ger,
9783957470348; 395747034X,Menschenskinder!,1. Auflage,Schwäbisch Gmünd,Einhorn,2016,48,"Hirschauer, Traudl",,,,,Anthologie; Lyrik,ger,
9783956314834; 3956314832,Mit Hoffnung durch das Leben,1. Auflage,Aachen,Shaker Media,2016,65,"Maro, Rena",,,,,Anthologie; Lyrik,ger,
9783955510886; 3955510883,Namen,1. Auflage,,,2016,52,"Münkel, Anna",,,,"Münkel, Anna; Münkel, Maren",Anthologie; Lyrik,ger,
9783981844900; 3981844904,"Riewekooche, Glonk un Alldaachsläwe",1. Auflage,Siegen,Buch-Juwel,2016,50,"Hainer, Georg",,,,,Anthologie; Lyrik,ger,
9783946308423; 3946308422,Rudolf mit der blassen Nase ... und andere Weihnachtsgedichte und -geschichten,1. Auflage,Aindling,Edition Trailer Spot - der Verlag,2016,100,"Haupt, Linda Marie",,,,,Anthologie; Lyrik,ger,
9783942525077; 3942525070,Rufe vom Urgrund des Seins,,Gelsenkirchen,Verlag PanOmnia,2016,32,o'mura,,,,,Anthologie; Lyrik,ger,
9783946425069; 3946425062,Stationen,1. Auflage,Remda-Teichel,Edition Roter Drache,2016,237,"Boom, Eusebius van den",,,,,Fiktionale Darstellung; Romanhafte Biographien,ger,
9783734565625; 3734565626,Streifzüge,,Hamburg,tredition,2016,140,"Schlesiger, Marco",,,,,Lyrik,ger,
9783959051095; 3959051093,The Bauhaus files - silent partners,1. Auflage,Leipzig,Spector Books,2016,46,"Kaiser, Marian","Nicolai, Olaf",,,"Märtson-Wilson, Eva; Bremer, Fabian; Storz, Pascal",Theaterstück; Dramatik,ger,
9783932207822; 3932207823,Und nehme ER uns nicht den Glauben,1. Auflage,"Babenhausen, Süd-Hessen",Verlag des Instituts Drachenhaus,2016,652,"Hamani, Yōko; Michaels, Adi Mira",,,,"Andor, Nemenyi; Michael, Hoffmann","Fiktionale Darstellung; Krimis, Thriller, Spionage; Historische Kriminalromane",ger,
9783734507052; 3734507057,"Verse, Gedichte und Geschichten",,Hamburg,tredition,2016,112,"Götze-W., H.",,,,,Lyrik,ger,
9783732361274; 3732361276,Volle Fahrt voraus!,,Hamburg,tredition,2016,508,"Passmanns, Thorben",,,,,Lyrik,ger,
9783842244641; 3842244649,"Vom Schwamm, der im Schlamm schwamm","Originalausgabe, 1. Auflage",Aachen,Edition Anthrazit im Deutschen Lyrik Verlag (dlv),2016,46,"Först, Helmut Michael",,,,,Anthologie; Lyrik,ger,
9783960083948; 3960083947,Was mir so eingefallen ist ...,1. Auflage,Leipzig,Engelsdorfer Verlag,2016,173,"Hildebrandt, Arno",,,,,Anthologie; Lyrik,ger,
9783746632414; 3746632412,Weihnachtsmann - was nun?,1. Auflage,Berlin,Aufbau Taschenbuch,2016,160,"Fallada, Hans",,,,,Anthologie; Anthologie; Erzählende Literatur: Hauptwerk vor 1945,ger,
9783946801009; 3946801005,Where is the pleasure? oder Wo bleib denn ich?,1. Auflage,Grevenbroich,The Family Publishers,2016,53,"Wolf, Sandra",,,,,Anthologie; Lyrik,eng; ger,
9783853332825; 385333282X,"Wo man alt wird, wird man Alltag?",1. Auflage,Graz,Vehling Verlag,2016,85,"Sumper, Michael Gernot",,,,,"Anthologie; Lyrik, Dramatik",ger,
9783990574645; 9783990574560; 3990574647,Wort auf dem Weg ins Gedicht,,Wien,myMorawa Lesezirkel GmbH,2016,129,"Schrattenholzer, Elisabeth",,,,,Anthologie; Lyrik,ger,
9789549640724,Zweisprachige Erzählungen,,Sofija,Izdatelstvo Vesi,2016,140,"Hauff, Wilhelm",,,,,Fiktionale Darstellung; Erzählende Literatur: Hauptwerk vor 1945,ger; bul,
9783864688737; 3864688736,3 x 10,,Borsdorf,Ed. Winterwork,2015,71,"Kottschoth, André; Digwa, Markus; Gerngroß, Uwe",,,,,Lyrik,ger,
9783857240508; 3857240504,A-Z,1. Aufl.,Kaltbrunn,Edition Erni,2015,184,"Ammann, Renate",,,,"Risi, Franz X.",Anthologie; Romanhafte Biographien,ger,
9783000513992; 300051399X,Abartig,,Ostfildern,Eva Engel,2015,245,"Engel, Eva",,,,,Fiktionale Darstellung; Romanhafte Biographien,ger,
9783939848431,Adam Richwien (1889 - 1928),1. Aufl.,Heiligenstadt,Cordier,2015,256,"Richwien, Adam","Krebs, Oliver",,,"Josef, Keppler",Erzählende Literatur: Hauptwerk vor 1945,ger,
9783828032316,Alltägliches und Traumwelten,1. Aufl.,Berlin,Frieling,2015,64,"Adler, Reiner",,,,,"Lyrik, Dramatik",ger,
9783499629211; 3499629216,Als Max noch Dietr war,Orig.-Ausg.,Reinbek bei Hamburg,Rowohlt-Taschenbuch-Verl.,2015,286,"Moor, Max",,,,,Romanhafte Biographien,ger,
9783990482636; 3990482637,Anekdoten und Schnurren,,Neckenmarkt,novum pro,2015,116,"Huber, Robert",,,,,Anthologie; Lyrik,ger,
9783950228991,"Anthologie - Erzählungen, Märchen, Gedichte",,Wien,Helga Helnwein,2015,172,,"Helnwein, Helga",,,,Anthologie; Lyrik,ger,
9783864550270; 3864550270,Augenblicke sind überall,,Frankfurt/Main,Edition Fischer in der Verlags- und Imprintgruppe R.G. Fischer,2015,140,"Ehlermann, Sylvia",,,,,Anthologie; Lyrik,ger,
9783899151114,Aus dem Leben eines Taugenichts und andere Erzählungen,,Stuttgart,"Reader's Digest Deutschland, Schweiz, Österreich",2015,303,"Eichendorff, Joseph von",,,,,Erzählende Literatur: Hauptwerk vor 1945,ger,
9783737409698; 3737409692,Das grüne Gesicht und andere okkulte Geschichten,,Wiesbaden,Marixverl.,2015,384,"Meyrink, Gustav","Frenschkowski, Marco",,,,Erzählende Literatur: Hauptwerk vor 1945,ger,
9783943168730,Das Halbe-Buch,1. Aufl.,Neubrandenburg,Spica-Verl.,2015,229,,,,,"Halbe, Jürgen; Halbe, Ursula",Lyrik,ger,
9783960080404; 3960080409,Das Pötenbuch,,Leipzig,Engelsdorfer Verlag,2015,97,"Pflügner, Wolfgang",,,,"Sänger, Irene",Lyrik,ger,
9783945187258; 3945187257,Das ungarische Dilemma,,Berlin,verlag am park,2015,229,"Csongár, Almos",,,,,Fiktionale Darstellung; Erzählende Literatur: Hauptwerk vor 1945,ger,
9783990387290; 3990387294,Dem Alltag lauschend,,Neckenmarkt,Novum Pro,2015,104,"Mathys, Marianne",,,,,"Lyrik, Dramatik; Lyrik",ger,
9783901745430,Der Diener Gottes,1. Aufl.,Vöcklabruck,Kilian-Verl.,2015,388,"Bauer, Josef",,,,,Romanhafte Biographien,ger,
9783905910575,Der Graben,,Zürich,Wolfbach,2015,112,"Moser, János",,,,,Lyrik,ger,
9783936103434; 3936103437,Der Mann mit dem Kneifer,1. Auflage,Berlin,Beggerow,2015,366,"Zemke, Helmut",,,,,Fiktionale Darstellung; Romanhafte Biographien,ger,
9783150185698,Der Struwwelpeter oder lustige Geschichten und drollige Bilder,Nachdr.,Stuttgart,Reclam,2015,78,"Hoffmann, Heinrich","Matt, Peter von",,,,Erzählende Literatur: Hauptwerk vor 1945,ger,
9783868708493; 3868708499,Die Quandlers - verliebt,,Remscheid,Rediroma-Verlag,2015,99,"Herzberger, Dana",,,,,"Anthologie; Lyrik, Dramatik",ger,
9783945550120,"""Die Signatur deiner Augen""",,Wiesbaden,Luxbooks,2015,173,,"Drawert, Kurt",,,,Lyrik,ger; tur,
9783956313080,Erste Gedichte und Geschichten,,Aachen,Shaker Media,2015,81,"Bolz, Laura",,,,,Lyrik,ger,
9783868155976,Erzählungen,2. Auflage,Hamburg,Igel Verlag Literatur & Wissenschaft,2015,266,"Ungar, Hermann","Sudhoff, Dieter",,,,Fiktionale Darstellung; Erzählende Literatur: Hauptwerk vor 1945,ger,
9783960550259; 3960550251,Erzählungen,,Braunschweig,Ideenbrücke Verlag,2015,112,"Kafka, Franz",,,,,Erzählende Literatur: Hauptwerk vor 1945,ger,
9783701716319,Erzählungen und Aphorismen,1. Aufl.,St. Pölten,Residenz Verlag,2015,437,"Ebner-Eschenbach, Marie von","Polt-Heinzl, Evelyne; Strigl, Daniela; Tanzer, Ulrike",,,,Anthologie; Erzählende Literatur: Hauptwerk vor 1945,ger,
9783981550092,Franz Tunichtgut,1. Auflage,Obing,Scholastika Verlag,2015,437,"Schattschneider, Udo",,,,,Fiktionale Darstellung; Romanhafte Biographien,ger,
9783941072176; 394107217X,Frauenzimmer,,Wiesbaden,Edition 6065,2015,136,"Rosen, Rita",,,,"Willkens, Silvia",Anthologie; Lyrik,ger,
9783708405469,Frische Luft,,Klagenfurt,Heyn,2015,120,"Pöllmann, Renate",,,,"Frischmuth, Barbara",Lyrik,ger,
9783849810528,Gedichte des Krieges,,Bielefeld,Aisthesis-Verl.,2015,506,,"Maxwill, Arnold",,,"Ashauer, Willy; Bäte, Ludwig; Bruns, Max; Buschmann, Aloys; Cramer, Emma; von Delius, Rudolf; Droop, Fritz; Findeklee, Maria; Fischer-Friesenhausen, Friedrich; Flaskamp, Christoph; Grisar, Erich; Hatzfeld, Adolf von; Henke, Joseph Anton; Holtmann, Bernhard; Huelsenbeck, Richard; Jüngst, Antonie; Kalhle, Maria; Kiesekamp, Hedwig; Koester, Hugo; Korte, Theodora; Lennemann, Wilhelm; Linde, Otto zur; Löns, Hermann; Meyer-Rotermund, Kurt; Stolzenburg, Wilhelm; Stramm, August; Wagenfeld, Karl; Weddigen, Otto; Wette, Hermann; Wibbelt, Augustin",Anthologie; Anthologie; Erzählende Literatur: Hauptwerk vor 1945,ger,
9781508711605,Gedichte und Aphorismen erzählen Geschichten,2. Aufl.,Aspach,H. R. Menzel,2015,178,"Menzel, Horst Reiner",,,,,Lyrik,ger,
9783957447289,Geschichten aus dem Neuen Testament,,Leipzig,Engelsdorfer Verl.,2015,319,"Hildebrandt, Arno",,,,,Lyrik,ger,
9783033051225,Geschichten die das Leben schreibt,,Bern,"tintenfrisch.net, T. Hänsel",2015,135,"Lademann, Christa",,,,,Fiktionale Darstellung; Romanhafte Biographien,ger,
9783940524331,Geschichten erzählen,,Berlin,edition.fotoTAPETA,2015,254,,"Breuer, Marlena",,,,Fiktionale Darstellung; Erzählende Literatur: Hauptwerk vor 1945,ger,
9783200043725; 3200043725,Herbarium,1. Auflage,Graz,Edition Brudertwist,2015,96,"Hartwig, Georg; Hartwig, Gerald",,,,"Hartwig, Gerald",Bildband,ger,
9783863561246; 3863561244,„Ich aber will dem Kaukasos zu ...“,1. Auflage,Ludwigsburg,Pop Verlag,2015,576,,,"Chotiwari-Jünger, Steffi; Lisowski, Maja; Popiašvili, Nino; Schamanadse, Schorena; Sieger, Tamara",,"Abaschidse, Irakli; Anfimiadi, Diana; Aghmaschenebeli, Dawit; Alchasischwili, Giwi; Amaglobeli, Rati; Assatiani, Lado; Bakradse, Eka; Bakuradse, Schalwa; Barataschwili, Nikolos; Barbakadse, Zira; Barbak̕aje, Dat̕o; Charanauli, Bessik; Depʿi, Davitʿ; Dschawachischwili, Kato; Dschawachadse, Wachtang; Dschordschaneli, Nika; Eristawi, Rapiel; Gabaschwili, Bessarion; Gamsachurdia, Konstatine; Gaprindaschwili, Walerian; Gegetschkori, Giwi; Gelašvili, Naira; Gelowani, Mirsa; Getiaschwili, Reso; Graneli, Terenti; Gomelauri, Niko; Guramischwili, Dawit; Iaschwili, Paolo; Iataschwili, Schota; Kakabadse, Irakli; Kalandadse, Anna; Katscharawa, Karlo; Kewanischwili, Eka; Kuraschwili, Zira; Lebanidse, Murman; Leonidse, Giorgi; Likokeli, Lia; Magradse, Dato; Matschawariani, Muchran; Nadiradse, Kolau; Nachuzrischwili, Gaga; Nischnianidse, Schota; Noneschwili, Iosseb; Odischaria, Guram; Oniani, Esma; Orbeliani, Grigol; Ordschonikidse, Isa; Pozchischwili, Moris; Pschawela, Wascha; Ratiani, Swiad; Robak'ije, Grigol; Rtweliaschwili, Surab; Rustaweli, Schota; Sadgobelaschwili, Nino; Samadaschwili, Niko; Samniaschwili, Lela; Schamugia, Paata; Shiolashvili, Irma; Sossime, Ioane; Sturua, Lia; Tabidse, Galaktion; Tabidse, Tizian; Tschachruchadse, Ilia; Č̕antlaje, Šot̕a; Tschanturia, Tariel; Tscharkwiani, Dschanssugh; Tscharkwiani, Irakli; Tschawtschawadse,, Aleksandre; Tschawtschawadse, Ilia; Tschekurischwili, Bela; Tschelidse, Otar; Tschikowani, Simon; Tschigwinadse, Alex; Tschiladse, Otar; Tschiladse, Tamas; Tutberidse, Keti; Zereteli, Akaki; Grünert, Gert Robert",Anthologie; Lyrik,geo; ger,
9783791726533; 3791726536,"""In Dornbüschen hat Zeit sich schwer verfangen""",,Regensburg,Pustet,2015,340,,"Markel, Michael",,,,Anthologie; Anthologie; Erzählende Literatur: Hauptwerk vor 1945; Gemischte Anthologien,ger,
9783034012775,In und um Italien,,Zürich,Chronos,2015,356,"Federer, Heinrich","Fattori, Anna; Jäger-Trees, Corinna; Zumsteg, Simon",,,,Anthologie; Erzählende Literatur: Hauptwerk vor 1945,ger,
9783664604203; 3664604202,Karl May 2016 – Amerika-Erzählungen I (Wandkalender 2016 DIN A3 hoch),"1., Auflage 2015",Unterhaching,Calvendo,2015,14,"May, Karl",,,,,Erzählende Literatur: Hauptwerk vor 1945,ger,
9783664604210; 3664604210,Karl May 2016 – Amerika-Erzählungen I (Wandkalender 2016 DIN A4 hoch),"1., Auflage 2015",Unterhaching,Calvendo,2015,14,"May, Karl",,,,,Erzählende Literatur: Hauptwerk vor 1945,ger,
9783664604227; 3664604229,Karl May 2016 – Amerika-Erzählungen II (Wandkalender 2016 DIN A3 hoch),"1., Auflage 2015",Unterhaching,Calvendo,2015,14,"May, Karl",,,,,Erzählende Literatur: Hauptwerk vor 1945,ger,
9783664604234; 3664604237,Karl May 2016 – Amerika-Erzählungen II (Wandkalender 2016 DIN A4 hoch),"1., Auflage 2015",Unterhaching,Calvendo,2015,14,"May, Karl",,,,,Erzählende Literatur: Hauptwerk vor 1945,ger,
9783664609154; 3664609158,Karl May 2016 – Amerika-Erzählungen III (Wandkalender 2016 DIN A3 hoch),"1., Auflage 2015",Unterhaching,Calvendo,2015,14,"May, Karl",,,,,Erzählende Literatur: Hauptwerk vor 1945,ger,
9783664609161; 3664609166,Karl May 2016 – Amerika-Erzählungen III (Wandkalender 2016 DIN A4 hoch),"1., Auflage 2015",Unterhaching,Calvendo,2015,14,"May, Karl",,,,,Erzählende Literatur: Hauptwerk vor 1945,ger,
9783664604258; 3664604253,Karl May 2016 – Orient-Erzählungen II (Wandkalender 2016 DIN A3 hoch),"1., Auflage 2015",Unterhaching,Calvendo,2015,14,"May, Karl",,,,,Erzählende Literatur: Hauptwerk vor 1945,ger,
9783664604241; 3664604245,Karl May 2016 – Orient-Erzählungen II (Wandkalender 2016 DIN A4 hoch),"1., Auflage 2015",Unterhaching,Calvendo,2015,14,"May, Karl",,,,,Erzählende Literatur: Hauptwerk vor 1945,ger,
9783664604364; 3664604369,Karl May 2016 – Orient-Erzählungen III (Wandkalender 2016 DIN A3 hoch),"1., Auflage 2015",Unterhaching,Calvendo,2015,14,"May, Karl",,,,,Erzählende Literatur: Hauptwerk vor 1945,ger,
9783664604357; 3664604350,Karl May 2016 – Orient-Erzählungen III (Wandkalender 2016 DIN A4 hoch),"1., Auflage 2015",Unterhaching,Calvendo,2015,14,"May, Karl",,,,,Erzählende Literatur: Hauptwerk vor 1945,ger,
9783981722604,Kein Tag unbeschrieben,Erstausg.,Tholey,Etaina-Verl.,2015,109,,,"Merks-Krahforst, Martina",,,Lyrik,ger; fre,
9783866855441; 3866855443,Kopf unterm Arm,,Vechta,Geest-Verlag,2015,311,"Michailova-Simeonova, Vanja",,,,,Anthologie; Lyrik,ger,
9783905910698,Kroetzer,,Zürich,Wolfbach,2015,63,"Gerber, Ulrich",,,,,Lyrik,ger,
9783842243361,Lebensspiel,"Orig.-Ausg., 1. Aufl.",Aachen,Fischer,2015,46,"Schreyer, Gertrud",,,,,Lyrik,ger,
9783941209350,Lesebuch für Ruhelose,1. Aufl.,Dresden,Typostudio SchumacherGebler,2015,114,"Willenberg, Georg",,,,,Lyrik,ger,
9783862890941,Lichtruf,,Oschersleben,Ziethen,2015,108,"Trausch, Christel",,,,,Lyrik,ger,
9783849810535,Literarische Mobilmachung,,Bielefeld,Aisthesis-Verl.,2015,718,,"Maxwill, Arnold",,,"Ashauer, Willy; Breitenbeck, Wilhelm; Delius, Rudolf von",Anthologie; Anthologie; Erzählende Literatur: Hauptwerk vor 1945,ger,
9783945769065,Meer der Zeit,1. Aufl.,Stuttgart,SWB-Media-Publ.,2015,93,"Theisen, Markus",,,,,Lyrik,ger,
9783937275031; 3937275037,Miltenberger Geschichten in Reim und Dialekt,1. Auflage,Miltenberg,Piemontanus-Verlag,2015,95,"Reuling, Eugen; Reuling, Werner",,,,,Anthologie; Lyrik,ger,
9783867853194,"Nasreddin Hodscha, der türkische Eulenspiegel","Nachdr. der Ausg. Magdeburg, Zacharias, 1907",Rostock,BS-Verl.-Rostock,2015,285,"Schleiff, V.","Breuer, Bernd",,,,Erzählende Literatur: Hauptwerk vor 1945,ger; nds,
9783865573704,Neues vom Globus,,Berlin,NoRa,2015,169,"Haas, Monika",,,,,Lyrik,ger,
9783990483640; 3990483641,Nie wieder Ferien,,Neckenmarkt,novum pro,2015,96,"Sutterlüty, Udo",,,,,Fiktionale Darstellung; Erzählende Literatur; Romanhafte Biographien,ger,
9783738628333; 3738628339; 9783732244799; 3732244792,Ningboer Anthologie,"2., erweiterte Auflage",Norderstedt,BoD - Books on Demand,2015,75,"Utermark, Aljoscha",,,,,Anthologie; Lyrik,ger,
9781935902287; 9783960260202,Prayer after the slaughter,Neue Ausgabe,New York,Berlinica,2015,109,"Tucholsky, Kurt","Schweitzer, Eva","Appelbaum, Peter; Scott, James",,"Isenberg, Noah",Anthologie; Lyrik,eng; ger,ger
9783864689031; 3864689031,Prosa & Lyrik für dich,,Borsdorf,Ed. Winterwork,2015,82,"Dorsch, John W.",,,,,Lyrik,ger,
9783868708424; 9783868708189,Sanft und anders,,Remscheid,Re-Di-Roma-Verl.,2015,50,"Marvik, Margarete van",,,,,Anthologie; Lyrik,ger,
9783957449320; 3957449324,Schlichte Wahrheiten,,Leipzig,Engelsdorfer Verlag,2015,96,"Ruile, Grete",,,,,Anthologie; Lyrik,ger,
9783462048421; 3462048422,Schlump,1. Auflage,Köln,Kiepenheuer & Witsch,2015,347,"Grimm, Hans Herbert",,,,,Fiktionale Darstellung; Belletristische Darstellung; Erzählende Literatur: Hauptwerk vor 1945,ger,
9783865121417; 3865121411,So bunt wie ein Leben,,Grafenau,Morsak Verlag,2015,151,"Poxleitner, Margit",,,,,Anthologie; Lyrik,ger,
9783831618101; 3831618100,Spuren überall,,München,Literareon,2015,139,"Zistl, Monika Lucia",,,,,Lyrik,ger,
9783903798144,Tewje der Milchhändler,1. Aufl.,Wien,Edition Ausblick,2015,200,"Alejchem, Scholem",,"Eliasberg, Alexander",,"Deutsch, Reinhard",Erzählende Literatur: Hauptwerk vor 1945,ger,
9783868709308; 3868709304,Unbestechlich ist die Zeit,,Remscheid,Rediroma-Verlag,2015,180,"Riedl, Hans",,,,,"Anthologie; Lyrik, Dramatik",ger,
9783837216400,Unterwegs in Raum und Zeit,,"Frankfurt, M.",August-von-Goethe-Literaturverl. ,2015,144,"Görz, Richmuth",,,,,Romanhafte Biographien,ger,
9783865121387; 3865121381,Von grünen Riesen und anderen Helden,,Grafenau,Morsakverlag,2015,151,"Morawetz, Karin",,,,,Anthologie; Lyrik,ger,
9783864689109; 3864689104,Was ich noch erzählen wollte,2. Aufl.,Borsdorf,Ed. Winterwork,2015,110,"Schwarz, Frank",,,,,Romanhafte Biographien,ger,
9783956454967; 3956454960,Was wird denn hier gespielt?,,Münster,Verl.-Haus Monsenstein und Vannerdat,2015,83,"Kensche, Elviera",,,,,Lyrik,ger,
9783944176871; 9783944176864; 3944176871,Wenn die Heimat schlafen geht,,Frauensee,NEPA Verlag,2015,189,"Heiden, Anita",,,,"Heiden, Anita",Anthologie; Lyrik,ger,
9783864688645; 3864688647,"Wenn Stille leuchtet, atmen die Gedanken",,Borsdorf,Ed. Winterwork,2015,107,"Wolf, Anke",,,,,Lyrik,ger,
9783710321719; 3710321719,Woodys 39 Kurzgeschichten & drei Gedichte,,Neckenmarkt ,United P.C.,2015,543,"Hermann, E. A.",,,,,"Lyrik, Dramatik",ger,
9783888645440,Zwischen Firmament und Federbett,,Bad Homburg v.d.H.,VAS - Verlag für Akademische Schriften,2015,123,"Scherf, Dagmar",,,,,Anthologie; Lyrik,ger,
9783909154715,Abenteuer eines Globetrotters,,Schmidrüti,Wassermannzeit-Verl.,2014,320,"Meier, Eduard Albert",,,,,Romanhafte Biographien,ger,
9783842242142,Alltägliche Geschichten festgehalten in Gedichten,"Orig.-Ausg., 1. Aufl.",Aachen,Dt. Lyrik-Verl. (dlv),2014,96,"Gilsbach, Dieter",,,,,Lyrik,ger,
9783943168679,Alltagslust,1. Aufl.,Neubrandenburg,Spica-Verl.,2014,111,"Weitbrecht, Andreas",,,,"Patel-Missfeldt, Ute",Lyrik,ger,
9783950228984,Anthologie - Jubiläumsausgabe - Bertha von Suttner,,Wien,H. Helnwein,2014,204,,"Helnwein, Helga",,,,Romanhafte Biographien,ger,
9783000482717,As Leb'n is a Gedicht,1. Aufl.,Ingolstadt,M. Lengfelder,2014,96,"Lengfelder, Martin",,,,"Graf, Arnold",Lyrik,ger,
9783981639001,Auf Entdeckungsreise durch Thüringen,,Weinböhla,Dieter Höntsch,2014,39,"Höntsch, Dieter",,,,"Frenzel, Britta",Bildband; Anthologie; Geschenkbücher,ger,
9783897742574,Bilanzen des Lebens,1. Aufl.,Gründau-Rothenbergen,TRIGA - der Verl.,2014,78,"Ihmann, Georg",,,,,Lyrik,ger,
9783940465061,Bin unterwegs,,Potsdam,Arke-Verl.,2014,38,"Neumann, Lonny","Wiesener, Barbara",,,,Romanhafte Biographien,ger,
9783928832465,Brandschatz,,Berlin,Dahlemer Verl.-Anst.,2014,225,,"Schildberger, Rainer",,,,Romanhafte Biographien,ger,
9783710310713; 3710310717,Briefe an Frau Schmidt,,Neckenmarkt,United P.C.,2014,109,"Connors, Emily",,,,,"Lyrik, Dramatik",ger,
9783426655443; 3426655446,Dann ist es einfach passiert,,München,Knaur,2014,199,"Doubek, Anna",,,,,Anthologie; Anthologie; Erzählende Literatur: Anthologien; Romanhafte Biographien,ger,
9783890863955,Das Alte Ägypten im deutschen Gedicht,,Aachen,Rimbaud,2014,51,,"Albers, Bernhard",,,,Lyrik,ger,
9783850287036; 3850287033,Das Tor zur Vergangenheit,1. Aufl.,Horn,Berger,2014,124,"Lukits-Wally, Martina",,,,,Lyrik,ger,
9783890864242,Denkwürdigkeiten eines Antisemiten,Rev. Ausg.,Aachen,Rimbaud,2014,337,"Rezzori, Gregor von",,,,,Romanhafte Biographien,ger,
9783746629865; 3746629861,"Der Bettler, der Glück bringt",1. Aufl.,Berlin,Aufbau Taschenbuch,2014,333,"Fallada, Hans",,,,,Erzählende Literatur: Hauptwerk vor 1945; Erzählende Literatur: Gegenwartsliteratur ab 1945,ger,
9783596904730; 3596904730,Der Oberst und der Dichter oder das menschliche Herz,,"Frankfurt, M.",Fischer Taschenbuch,2014,317,"Döblin, Alfred",,,,,Erzählende Literatur: Hauptwerk vor 1945,ger,
9783863692322,Der Rüpel,,"Frankfurt, M.",Public-Book-Media-Verl.,2014,54,"Mehlhorn, Henning",,,,,Romanhafte Biographien,ger,
9783936904680,Der schmale Berg,,München,Publ.-Service Zupan,2014,95,"Arndt, Marko",,,,,Lyrik,ger,
9783952363874,Der türkise Quell,1. Auflage,Römerswil,AnOA edition,2014,290,"Elfman, Fiona Flora",,,,,Fiktionale Darstellung; Erzählende Literatur: Hauptwerk vor 1945,ger,
9783954887392,"Die drei Geschichten: am Rande von Bethlehem, der Rattenfänger, die Chinesische Nachtigall",Überarb. Neuaufl.,Leipzig,Engelsdorfer Verl.,2014,109,"Schneider, Peter",,,,"Schneider, Nicole",Dramatik,ger,
9783552075900; 3552075909,Die Erzählungen,1. Auflage,S.l. @,"Zsolnay, Paul",2014,384,"Drach, Albert","Cella, Ingrid; Millner, Alexandra; Schobel, Eva",,,,Erzählende Literatur: Hauptwerk vor 1945,ger,
9783943768312,Die fünfte Dimension,,Bucha bei Jena,QV,2014,116,,"Dwars, Jens-Fietje",,,,Anthologie; Anthologie; Lyrik,ger,
9783423142977,Die großen Erzählungen,Orig.-Ausg.,München,Dt. Taschenbuch-Verl.,2014,206,"Roth, Joseph",,,,,Erzählende Literatur: Anthologien; Erzählende Literatur: Hauptwerk vor 1945,ger,
9783920564685,Die Karawane,,Berlin,v. Kloeden,2014,136,"Hauff, Wilhelm",,,,,Erzählende Literatur: Hauptwerk vor 1945,ger,
9783944615028,Die schwebenden Gärten von Neuland,,Roßdorf,Synergia,2014,108,"La-ut, Ni-tsu",,,,,Lyrik,ger,
9783981578072,Die Wirren der Welt,Erstausg.,Tholey,Ed. Etaina,2014,114,,,"Merks-Krahforst, Martina",,,Lyrik,ger; fre,
9783710313578; 3710313570,Die Zeit erzählt ihre Geschichten,,Neckenmarkt,United P.C.,2014,250,"Richter, Margit",,,,,"Lyrik, Dramatik",ger,
9783837214376,Ein bunter Strauss von Blumen mit und ohne Dornen,,"Frankfurt, M.",August-von-Goethe-Literaturverl. ,2014,92,"Emch, Werner",,,,,Romanhafte Biographien,ger,
9783943487572,Ein Dorf am Rande der großen Welt,2. Aufl.,Angermünde,Verl.-Buchh. Ehm Welk,2014,214,"Stahl, Hans-Joachim",,,,,Anthologie; Anthologie; Romanhafte Biographien,ger,
9783837214680,Ein Seemann erinnert sich,,"Frankfurt, M.",August-von-Goethe-Literaturverl.,2014,145,"Dönnecke, Hans-Günther",,,,,Romanhafte Biographien,ger,
9783939442851,Eine musikalische Kindheit,,Wetzlar,Renaissance-Verl.,2014,71,"Mädler, Fritz",,,,,Romanhafte Biographien,ger,
9783954887422,Erinnerungen an ein schicksalhaftes Leben,,Leipzig,Engelsdorfer Verl.,2014,113,"Renk, Anni",,,,,Romanhafte Biographien; Historische Romane und Erzählungen,ger,
9783956451447; 3956451449,Es war einmal ...,,Münster,Verl.-Haus Monsenstein und Vannerdat,2014,101,"Wahl, Agnes",,,,,Romanhafte Biographien,ger,
9783943052671,Fingerfoodpralinen,,Neckarsteinach,Ed. Tintenfaß,2014,80,,,,,"Kürschner, Gertrud",Romanhafte Biographien,ger,
9783942468213,Flug nach Uluru,,Hildesheim,Arete-Verl. ,2014,106,"Angelroth, Dirk",,,,,Romanhafte Biographien; Erzählende Literatur,ger,
9783939610809,Frühlingsgefühle,neue Ausg.,Berlin,Aurora Buchverlag,2014,106,,"Huchler, Bettina",,,,Lyrik,ger,
9783850287043,FrustWende,1. Aufl.,Horn,Berger,2014,80,"Bulant, Rudolf",,,,,Lyrik,ger,
9783868065619; 9783868065602,Gedanken auf dem Weg,,Willebadessen,Zwiebelzwerg Verlag,2014,65,"Reffler, Gisela",,,,"Laufenburg, Heike",Anthologie; Lyrik,ger,
9783940911438,"Gedichte und Geschichten aus dem Buch des Lebens und ""Der gordische Knoten""",,Presseck,Verl. Leben in der Sprache,2014,420,"Hueber-Sesselmann, Maria Anna",,,,,Lyrik,ger,
9783956300905,Geschichten aus dem Mansfelder Land,1. Aufl.,Gelnhausen,Wagner,2014,416,"Mohr, Mathias; Mohr, Harald",,,,,Romanhafte Biographien,ger,
9783864688287,"Geschichten, die das Leben schreibt",,Borsdorf,Ed. Winterwork,2014,63,"Eckert, Marianne",,,,,Romanhafte Biographien,ger,
9783866854987,Glück häff väle Gesichter,,Vechta-Langförden,Geest-Verl. ,2014,157,"Blauth, Renate",,,,,Lyrik,ger,
9783863340063,Glücklich der Mensch,1. Aufl.,Asslar,adeo,2014,175,"Müller, Titus",,,,"Münch, Eberhard",Fiktionale Darstellung; Belletristische Darstellung; Romanhafte Biographien,ger,
9783837214468,"Heimat, deine Trümmer",,"Frankfurt, M.",August-von-Goethe-Literaturverl. ,2014,191,"Hagenbach, Dietrich von",,,,,Romanhafte Biographien,ger,
9783942138314,Hühnerblut und Coca Cola,,Gräfelfing,"GRÄV, Verl. der GRÄGS",2014,112,"Ast, Anneliese",,,,,Romanhafte Biographien,ger,
9783936980417,Im Schwingen der Seele,,Freiberg (Sachsen),Drei-Birken-Verl.,2014,477,"Walter, Ursula",,,,,Lyrik,ger,
9783944981024,In meiner Tasche aus Gedanken,"Erw. Ausg., 1. Aufl.",Köln,J. Feuerstein,2014,113,"Feuerstein, Jenny",,,,,Lyrik,ger,
9783710313530; 3710313538,Johanna Schellenbaum,,Neckenmarkt,United P.C.,2014,134,"Ferenz, Rela",,,,,"Lyrik, Dramatik",ger,
9783660962826; 3660962821,Karl May 2015 – Amerika-Erzählungen (Wandkalender 2015 DIN A3 hoch),"1., Auflage 2014",Unterhaching,Calvendo,2014,14,"May, Karl",,,,,Erzählende Literatur: Hauptwerk vor 1945,ger,
9783660962413; 3660962414,Karl May 2015 – Amerika-Erzählungen (Wandkalender 2015 DIN A3 hoch),"1., Auflage 2014",Unterhaching,Calvendo,2014,14,"May, Karl",,,,,Erzählende Literatur: Hauptwerk vor 1945,ger,
9783660962833; 366096283X,Karl May 2015 – Amerika-Erzählungen (Wandkalender 2015 DIN A4 hoch),"1., Auflage 2014",Unterhaching,Calvendo,2014,14,"May, Karl",,,,,Erzählende Literatur: Hauptwerk vor 1945,ger,
9783660962420; 3660962422,Karl May 2015 – Amerika-Erzählungen (Wandkalender 2015 DIN A4 hoch),"1., Auflage 2014",Unterhaching,Calvendo,2014,14,"May, Karl",,,,,Erzählende Literatur: Hauptwerk vor 1945,ger,
9783660962840; 3660962848,Karl May 2015 – Orient-Erzählungen (Wandkalender 2015 DIN A3 hoch),"1., Auflage 2014",Unterhaching,Calvendo,2014,14,"May, Karl",,,,,Erzählende Literatur: Hauptwerk vor 1945,ger,
9783660962475; 3660962473,Karl May 2015 – Orient-Erzählungen (Wandkalender 2015 DIN A3 hoch),"1., Auflage 2014",Unterhaching,Calvendo,2014,14,"May, Karl",,,,,Erzählende Literatur: Hauptwerk vor 1945,ger,
9783660962857; 3660962856,Karl May 2015 – Orient-Erzählungen (Wandkalender 2015 DIN A4 hoch),"1., Auflage 2014",Unterhaching,Calvendo,2014,14,"May, Karl",,,,,Erzählende Literatur: Hauptwerk vor 1945,ger,
9783660962468; 3660962465,Karl May 2015 – Orient-Erzählungen (Wandkalender 2015 DIN A4 hoch),"1., Auflage 2014",Unterhaching,Calvendo,2014,14,"May, Karl",,,,,Erzählende Literatur: Hauptwerk vor 1945,ger,
9783664604265; 3664604261,Karl May 2016 – Orient-Erzählungen I (Wandkalender 2016 DIN A3 hoch),"1., Auflage 2014",Unterhaching,Calvendo,2014,14,"May, Karl",,,,,Erzählende Literatur: Hauptwerk vor 1945,ger,
9783664604272; 366460427X,Karl May 2016 – Orient-Erzählungen I (Wandkalender 2016 DIN A4 hoch),"1., Auflage 2014",Unterhaching,Calvendo,2014,14,"May, Karl",,,,,Erzählende Literatur: Hauptwerk vor 1945,ger,
9783850028714; 3850028712,"Katze, was schnurrst du",,Wien,Amalthea,2014,222,,,,,"Ott, Elfriede",Romanhafte Biographien,ger,
9783940249890,Kebehsenuf,1. Aufl.,Berlin,Verl.-Haus Frank,2014,119,"Graeff, Alexander",,,,,Lyrik,ger,
9783150093504,Konkrete Poesie,Nachdr.,Stuttgart,Reclam,2014,176,,"Gomringer, Eugen",,,,Anthologie; Lyrik,ger,
9783937416458,Kurzgeschichten und Essais,"1., Kurzgeschichten und Essais - achter Band, neue Ausg.",Berlin,consassis.de,2014,120,"Höllriegel, Arnold","Schmitt Scheubel, Robert",,,,Erzählende Literatur: Hauptwerk vor 1945,ger,
9783937416489,Kurzgeschichten und Essais,"1., Kurzgeschichten und Essais - elfter Band, neue Ausg.",Berlin,consassis.de,2014,120,"Höllriegel, Arnold","Schmitt Scheubel, Robert",,,,Erzählende Literatur: Hauptwerk vor 1945,ger,
9783937416366,Kurzgeschichten und Essais,"1., Kurzgeschichten und Essais - fünfter Band, neue Ausg.",Berlin,consassis.de,2014,120,"Höllriegel, Arnold","Schmitt Scheubel, Robert",,,,Erzählende Literatur: Hauptwerk vor 1945,ger,
9783937416465,Kurzgeschichten und Essais,"1., Kurzgeschichten und Essais - neunter Band, neue Ausg.",Berlin,consassis.de,2014,120,"Höllriegel, Arnold","Schmitt Scheubel, Robert",,,,Erzählende Literatur: Hauptwerk vor 1945,ger,
9783937416373,Kurzgeschichten und Essais,,Berlin,consassis.de,2014,120,"Höllriegel, Arnold","Schmitt Scheubel, Robert",,,,Erzählende Literatur: Hauptwerk vor 1945,ger,
9783937416441,Kurzgeschichten und Essais,"1., Kurzgeschichten und Essais - siebter Band, neue Ausg.",Berlin,consassis.de,2014,120,"Höllriegel, Arnold","Schmitt Scheubel, Robert",,,,Erzählende Literatur: Hauptwerk vor 1945,ger,
9783937416359,Kurzgeschichten und Essais,"1. Aufl., neue Ausg.",Berlin,consassis.de,2014,120,"Höllriegel, Arnold","Schmitt Scheubel, Robert",,,,Erzählende Literatur: Hauptwerk vor 1945,ger,
9783937416472,Kurzgeschichten und Essais,"1., Kurzgeschichten und Essais - zehnter Band, neue Ausg.",Berlin,consassis.de,2014,120,"Höllriegel, Arnold","Schmitt Scheubel, Robert",,,,Erzählende Literatur: Hauptwerk vor 1945,ger,
9783937416496,Kurzgeschichten und Essais,"1., Kurzgeschichten und Essais - zwölfter Band, neue Ausg.",Berlin,consassis.de,2014,120,"Höllriegel, Arnold","Schmitt Scheubel, Robert",,,,Erzählende Literatur: Hauptwerk vor 1945,ger,
9783906064314,Lebenslicht,,Glarus/Chur,Sodemia-Buchverl.,2014,208,"Vogel, Andrea",,,,,Lyrik,ger,
9783847703563; 3847703560,Lustmord einer Schildkröte und weitere Erzählungen,Orig.-Ausg.,Berlin,AB - Die Andere Bibliothek,2014,431,"Ewers, Hanns Heinz","Born, Marcus Andreas; Brömsel, Sven",,,,Erzählende Literatur: Hauptwerk vor 1945,ger,
9783864687525; 3864687527,Lyrik trifft Prosa,,Borsdorf,Ed. Winterwork,2014,86,"Dorsch, John W.",,,,,Lyrik,ger,
9783932338588,Mädchenhimmel!,1. Aufl.,Berlin,AvivA,2014,188,"Grün, Lili","Heimberg, Anke",,,,Erzählende Literatur: Hauptwerk vor 1945,ger,
9783150191156,Mai,,Ditzingen,Reclam,2014,96,,"Polt-Heinzl, Evelyne; Schmidjell, Christine",,,,Anthologie; Lyrik,ger,
9783981619836,Mit Fußfesseln bin ich nicht so flott,,Quickborn,Trolsen,2014,199,"Ludwig, Florian",,,,,Romanhafte Biographien,ger,
9783865253941,Mord,1. Aufl.,Hannover,Wehrhahn,2014,147,"Lemm, Alfred","Gelker, Nils",,,,Erzählende Literatur: Hauptwerk vor 1945,ger,
9783954886869,Nest der Störche,,Leipzig,Engelsdorfer Verl.,2014,139,"Zurbrügg, Gottfried",,,,,Erzählende Literatur; Romanhafte Biographien,ger,
9783943487565,Neues aus dem Dorf am Rande der großen Welt,1. Aufl.,Angermünde,Verl.-Buchh. Ehm Welk,2014,230,"Stahl, Hans-Joachim",,,,"Brachmann, Monika",Anthologie; Anthologie; Romanhafte Biographien,ger,
9783954886951,Nimm’s an und lebe!,,Leipzig,Engelsdorfer Verl.,2014,132,"Gebhard, Gisela",,,,,Romanhafte Biographien,ger,
9783944643304,Poesiefeldambulanz,1. Aufl.,Buxtehude,Verlag Rote Zahlen,2014,83,,"Griebe, Hans-Joachim",,,"Grüneberger, Ralph; Servene, Klaus; Meissner-Spannaus, Christoph; Endres-Häusler, Ingeborg; Burma, Imke; Borowski, Uwe; Dillenberger, Kai; Domas, Michael; Friedrich, Jörg; Graf, Magda; Grotewohlt, Barbara; Hartman, Mone; Krause, David; Marqua, Jürgen; Schröck, Petra; Schmid, Roman; Wilkens, Simon; Zander, Stefan; Pirrot, Maria; Menrath, Rolf; Friedrich, Michaela; Hahn, Felicitas",Anthologie; Lyrik,ger,
9783945033401,Rotwein und Cracker,1. Aufl.,Ober-Flörsheim,Brighton-Verl.,2014,85,"Weidner, Jasmin N.",,,,,Romanhafte Biographien,ger,
9783462046090; 3462046098,Schlump,1. Aufl.,Köln,Kiepenheuer & Witsch,2014,347,"Grimm, Hans Herbert",,,,,Fiktionale Darstellung; Belletristische Darstellung; Erzählende Literatur: Hauptwerk vor 1945,ger,
9783000479533,Seelenflügel,,Waren,Lilagrün Krause,2014,95,"Krause, Bernd",,,,,Lyrik,ger,
9783710316180; 3710316189,Sichtbar nicht da,,Neckenmarkt,United P.C.,2014,149,"Toso, Karoline",,,,,"Lyrik, Dramatik; Lyrik",ger,
9783990380154; 399038015X,So tröste ich dich,,Neckenmarkt,novum pro Verlag,2014,140,"Holstein, Hans Peter",,,,,"Lyrik, Dramatik",ger,
9783864401428,Spätes Echo,1. Aufl.,Wismar,Persimplex Verl.,2014,207,"Bulwin, Ruth",,,,,Romanhafte Biographien,ger,
9783887784089,"Sprichwörter, Gedichte und Geschichten",1. Aufl.,Baunach,Spurbuchverl.,2014,64,"Kirsch, Angelika",,,,,Lyrik,ger,
9783905910490,Stechwetter,,Zürich,Wolfbach,2014,80,"Steiner, Arthur",,,,,Lyrik,ger,
9783981578034,Über die Hügel wehen Verse,Erstausg.,Tholey,Etaina,2014,146,,,,,"Kühn, Johannes; Merks-Krahforst, Martina",Lyrik,ger,
9783957440471,Unvergessene Gedanken - die das ganze Leben begleiten,,Leipzig,Engelsdorfer Verl.,2014,67,"Bieber, Waltraud",,,,,Romanhafte Biographien,ger,
9783150189917; 3150189918,Vereinigungen,,Stuttgart,Reclam,2014,143,"Musil, Robert","Mehigan, Tim",,,,Erzählende Literatur: Hauptwerk vor 1945,ger,
9783710315565; 3710315565,Von gestern nach morgen ist nur ein Tag,,Neckenmarkt,United P.C.,2014,174,"Wedelstedt, Kuno Georg von",,,,,"Lyrik, Dramatik",ger,
9783944896328,Von mir - über mich - zu mir,1. Aufl.,Essen,Traumstunden-Verl.,2014,66,"Bricassardt, Jennifer de",,,,,"Lyrik; Lyrik, Dramatik",ger,
9783710317385; 371031738X,Von Vers und Reim sind die Geschichten in Versform und Gedichten,,Neckenmarkt,United P.C.,2014,127,"Seiffert, Edmund",,,,,Lyrik,ger,
9783981446470,"Vorn rein, hinten raus","3., stark erw. Aufl.",Regensburg,Zieglhof,2014,175,"Schießl, Robert","Kopelent, Maria",,,,Romanhafte Biographien,ger,
9783499628740; 3499628740,"Was wir nicht haben, brauchen Sie nicht. Lieber einmal mehr als mehrmals weniger",,Reinbek,Rowohlt Taschenbuch,2014,592,"Moor, Dieter",,,,,Romanhafte Biographien,ger,
9783766618115,Weihnachten in unseren Herzen,,Kevelaer,Butzon & Bercker,2014,96,,"Dicks, Eva",,,,"Anthologie; Anthologie; Lyrik, Dramatik",ger,
9783351034177; 3351034172,Weihnachtsmann - was nun?,1. Aufl.,Berlin,Aufbau,2014,160,"Fallada, Hans",,,,,Anthologie; Anthologie; Erzählende Literatur: Hauptwerk vor 1945,ger,
9783945480038,Wessen Zeit?,,Saarbrücken,BookFab,2014,162,"Ehrenberg, Friedrich",,,,,Lyrik,ger,
9783475542534,Zu dritt im Ehebett,,Rosenheim,Rosenheimer,2014,270,"Gruber, Roswitha",,,,,Fiktionale Darstellung; Belletristische Darstellung; Romanhafte Biographien; Erzählende Literatur,ger,
9789549641899,Zweisprachige Erzählungen,,Sofija,Izdatelstvo Vesi,2014,119,,"Grimm, Jacob; Grimm, Wilhelm",,,,Fiktionale Darstellung; Erzählende Literatur: Hauptwerk vor 1945,ger; bul,
9783939025429,Advent im Schloss,,Dresden,Hille,2013,65,"Rick, Hans",,,,,Lyrik,ger,
9783905910384,Ailleurs peut-être,,Zürich,Wolfbach,2013,111,"Krähenbühl, Claire",,"Hediger, Markus",,,Lyrik,ger; fre,
9783940760425,Anekdoten,,Kordel,Verl. S.MO,2013,308,"Wennmacher, Rita",,,,,Romanhafte Biographien,ltz; ger,
9783000422836,Atempause,,Gudensberg,U. Waldow,2013,180,"Waldow, Ute",,,,"Seibel, Werner",Lyrik,ger,
9783854387909; 3854387903,Auch der halbe Mond ist schön,,Neckenmarkt,United P.C.,2013,102,"Külp, Lilo",,,,,"Lyrik, Dramatik",ger,
9783939207207,AugenBlicke,,Berlin,Queich Verlag,2013,350,"Kelletat, Andreas F.",,,,,Romanhafte Biographien,ger,
9783906095257,Bruderklaus Erzählungen,,Galgenen,Wortfeger,2013,53,"Federer, Heinrich",,,,"Holzer, Tanja Alexa",Erzählende Literatur: Hauptwerk vor 1945,ger,
9783411160266; 3411160268,"Das Bildnis des Dorian Gray und Märchen, Erzählungen, Essays",3. Aufl.,Mannheim,Artemis & Winkler,2013,734,"Wilde, Oscar","Apel, Friedmar","Schmitz, Siegfried","Wilde, Oscar",,Erzählende Literatur: Hauptwerk vor 1945,ger,
9783864400827,Das Buch der Liebe,1. Aufl., Wismar,Persimplex-Verl.-Gruppe,2013,139,"Wahl, Rüdiger; Tretter, Ingeborg",,,,,Lyrik,ger,
9783000427923,"Das Grau, die Tage",2. Aufl.,Berlin,"156kr,co/D.M. Kraft ",2013,176,Horst; Hund; Brodt,"Kraft, D. M.",,,,Lyrik,ger,
9783898416726,Deine Achilles-Verse und allerlei Ungereimtes,"Orig.-Ausg., Erstdr., 1. Aufl.",Oldenburg,Schardt,2013,152,"Mertins, Ulrich",,,,,Lyrik,ger,
9783868705928,Dem Alter die Ehre,,Remscheid,Re-Di-Roma-Verl.,2013,256,"Bettisch, Johannes",,,,,"Lyrik, Dramatik",ger,
9783981372687,Dem Wort eine Heimat,,Hamburg,Schümann,2013,96,"Möbius, Eberhard",,,,,Lyrik,ger,
9783707604368,Der Fall der Baronin Bibu und andere Geschichten aus dem Leben,,Wien,Czernin,2013,165,"Rode, Walther","Noll, Alfred J.",,,,Erzählende Literatur: Hauptwerk vor 1945,ger,
9783746235790,Der Frühling hat sich eingestellt,,Leipzig,Benno,2013,159,,"Bauch, Volker",,,,Anthologie; Anthologie; Lyrik,ger,
9783902950024,Der Herr auf der Galgenleiter,,Wien,Milena-Verl.,2013,139,"Bettauer, Hugo",,,,,Erzählende Literatur: Hauptwerk vor 1945,ger,
9783899159950,Der Schimmelreiter und andere Erzählungen,,Stuttgart,"Reader's Digest Deutschland, Schweiz, Österreich",2013,567,"Storm, Theodor",,,,,Erzählende Literatur: Hauptwerk vor 1945,ger,
9783943519082; 9783943519075,Der verhinderte Tänzer,"2., durchges. Ausg.",Leuna,Pkp-Verl.,2013,252,"Kynast, Pierre",,,,,Romanhafte Biographien,ger,
9783150080122,Deutsche Gedichte,"Erw. Neuausg. 2010, Nachdr.",Stuttgart,Reclam,2013,392,,"Bode, Dietrich",,,,Anthologie; Anthologie; Lyrik,ger,
9783000423420,Diagnose 303,,Staßfurt,H. W. Winkelmann,2013,160,"Winkelmann, Hartmut W.",,,,,Lyrik,ger,
9783922618324,Dichter am Abgrund,,Braunschweig,Hinz & Kunst,2013,94,"Greve, Andreas",,,,,Lyrik,ger,
9783596904594; 3596904595,Die Ermordung einer Butterblume,,"Frankfurt, M.",Fischer Taschenbuch,2013,651,"Döblin, Alfred",,,,,Erzählende Literatur: Hauptwerk vor 1945,ger,
9783954884766,Die Frau von hinter dem Eisernen Vorhang,,Leipzig,Engelsdorfer Verl.,2013,144,"Zarándi, Eszter",,,,,Fiktionale Darstellung; Belletristische Darstellung; Erzählende Literatur; Romanhafte Biographien,ger,
9783423142366; 3423142367,Die großen Erzählungen,Orig.-Ausg.,München,Dt. Taschenbuch-Verl.,2013,318,"Zweig, Stefan","Ziegler, Edda",,,,Erzählende Literatur: Hauptwerk vor 1945,ger,
9783150202777; 3150202779,Die großen Erzählungen,,Stuttgart,Reclam,2013,317,"Zweig, Stefan","Scheffel, Michael",,,,Erzählende Literatur: Hauptwerk vor 1945,ger,
9783150080023,Die Marquise von O ...,"Durchges. Ausg., Nachdr.",Stuttgart,Reclam,2013,87,"Kleist, Heinrich von",,,,,Dramatik,ger,
9783861425496,Die Reichenau im Gedicht,,Eggingen,Ed. Isele,2013,125,,,,,"Hierholzer, Christel",Lyrik,ger,
9783411160273; 3411160276,Die schaurigsten und spannendsten Erzählungen,,Berlin,Artemis & Winkler,2013,734,"Hoffmann, E. T. A.",,,,,Erzählende Literatur: Hauptwerk vor 1945,ger,
9783937310312,Die schönsten Erzählungen,1. Aufl.,Steinenbronn,Scribo-Verl.,2013,207,"Dickens, Charles",,,,,Erzählende Literatur: Hauptwerk vor 1945,ger,
9783784460444,Die Tante Jolesch oder der Untergang des Abendlandes in Anekdoten und Die Erben der Tante Jolesch,"Einbändige Sonderausg., Sonderproduktion, 1. Aufl.",München,Langen-Müller,2013,649,"Torberg, Friedrich",,,,,Anthologie; Anthologie; Anthologie; Erzählende Literatur: Hauptwerk vor 1945,ger,
9783945028025; 3945028027,Ein Engel für dich,Zweite Auflage,Koblenz,WortLausch Kulturpuls,2013,45,"Wickert-Merg, Christa",,,,,Anthologie; Lyrik,ger,
9783956210860,Ein Sammelband,,Bad Schmiedeberg,Renovamen Verlag,2013,219,"Sternheim, Carl",,,,,Fiktionale Darstellung; Erzählende Literatur: Hauptwerk vor 1945,ger,
9783980878494,Em Siegerland,,Siegen,Verl. BuchJuwel,2013,46,"Hainer, Georg",,,,,Lyrik,ger,
9788373581425,EntZEITlicht,,Warszawa,Wydawn. Ksiazkowe IBiS,2013,62,,"Zajonz, Stefan",,,,Lyrik,ger; pol,
9783708405148,Erde - Ähren - Ernte,,Klagenfurt,Heyn,2013,156,,,,,"Brandstätter, Katharina; Enne, Silvia; Grossinger, Veronika; Hochegger, Maria; Höfler, Maria Magdalena; Koska, Adele; Raith, Wilhelmine; Raggam, Hilde; Reiter, Karl; Schneider, Maria",Lyrik,ger,
9783150190609; 3150190606,Erzählungen,Studienausg.,Stuttgart,Reclam,2013,378,"Kleist, Heinrich von","Bartl, Andrea",,,,Erzählende Literatur: Hauptwerk vor 1945,ger,
9783710305221; 3710305225,Es könnte auch Ihre Geschichte sein,,Neckenmarkt,United P.C.,2013,40,"Isabeau, Melany",,,,,"Lyrik, Dramatik",ger,
9783864683053,Gedicht-Bände - Sammelband,Erstaufl.,Borsdorf,Ed. Winterwork,2013,244,"Fritsche, Herbert","Zachmann, Werner",,,,Lyrik,ger,
9783955741112,Gedichte und Aphroismen erzählen Geschichten,,Saarbrücken,OEM,2013,154,"Menzel, Horst Reiner",,,,,Lyrik,ger,
9783150087701,Geschichten aus dem alten Prag,Nachdr.,Stuttgart,Reclam,2013,160,"Neruda, Jan","Měšt'an, Antonín","Mühlberger, Josef",,,Erzählende Literatur: Hauptwerk vor 1945,ger,
9783000371691,Geschichten aus dem Blaubeerhimmel,,Walsrode,Scheibner,2013,228,"Scheibner, Andreas H.",,,,,Lyrik,ger,
9783458359746; 3458359745,Geschichten vom lieben Gott,1. Aufl.,Berlin,Insel-Verl.,2013,120,"Rilke, Rainer Maria",,,,,Erzählende Literatur: Hauptwerk vor 1945; Erzählende Literatur,ger,
9783930877454,Geschichten vom Studiosus Faß,,Herzogenaurach,Studentengeschichtliche Vereinigung des Coburger Convents,2013,166,"Wrege, Reinhold","Frische, Detlef; Zinn, Holger",,,,Erzählende Literatur: Hauptwerk vor 1945,ger,
9783944050072,"Heimat, meine Liebe!",1. Aufl.,Flörsbachtal,Klecks-Verl.,2013,76,"Gülzow, Anni",,,,,Lyrik,ger,
9783940857071,Ih bee ja vo Stoihoi,1. Aufl.,Ochsenhausen,Angele,2013,86,"Angele, Manfred",,,,"Angele, Gerhard",Lyrik,ger,
9783937211299,Im Zwischenland,Ungekürzte Ausg.,Taching am See,MedienEd. Welsch,2013,455,"Andreas-Salomé, Lou","Benert, Britta",,,,Erzählende Literatur: Hauptwerk vor 1945,ger,
9783944729251; 9783944729251,In Blut und Liebe,1. Aufl.,Traunstein,Amrûn,2013,135,"Dupien, Constantin",,,,"Stoll, Melanie; Takagi, Julia",Fantastische Literatur; Lyrik; Horror,ger,
9782841161928,Invitation à une tasse de thé au jasmin,,Le Chambon-sur-Lignon,Cheyne,2013,195,"Kunze, Reiner",,"Feuillet, Muriel",,,Lyrik,fre; ger,ger
9781627840828,Janus-Geschichten,,Cheyenne,Windsor Verlag,2013,88,"Zuviel, Heribert",,,,,Lyrik,ger,
9783660405422; 3660405426,Karl May 2014 - Amerika-Erzählungen (Wandkalender 2014 DIN A3 hoch),"1., Auflage 2013",Unterhaching,Calvendo,2013,14,"- Heye Digital, Karl-May-Verlag",,,,,Erzählende Literatur: Hauptwerk vor 1945,ger,
9783660405439; 3660405434,Karl May 2014 - Amerika-Erzählungen (Wandkalender 2014 DIN A4 hoch),"1., Auflage 2013",Unterhaching,Calvendo,2013,14,"- Heye Digital, Karl-May-Verlag",,,,,Erzählende Literatur: Hauptwerk vor 1945,ger,
9783660405453; 3660405450,Karl May 2014 - Orient-Erzählungen (Wandkalender 2014 DIN A3 hoch),"1., Auflage 2013",Unterhaching,Calvendo,2013,14,"- Heye Digital, Karl-May-Verlag",,,,,Erzählende Literatur: Hauptwerk vor 1945,ger,
9783660405446; 3660405442,Karl May 2014 - Orient-Erzählungen (Wandkalender 2014 DIN A4 hoch),"1., Auflage 2013",Unterhaching,Calvendo,2013,14,"- Heye Digital, Karl-May-Verlag",,,,,Erzählende Literatur: Hauptwerk vor 1945,ger,
9783710302510; 371030251X,... kopfüber und mittendrin ...,,Neckenmarkt,United P.C.,2013,108,"Stehle, Elfride",,,,,"Lyrik, Dramatik",ger,
9783942378550,Krambambuli und andere Erzählungen,1. Aufl.,Berlin,Omnium-Verl.,2013,64,"Ebner-Eschenbach, Marie von",,,,,Erzählende Literatur: Hauptwerk vor 1945,ger,
9783937416342,Kurzgeschichten und Essais,"1. Aufl., neue Ausg.",Berlin,consassis.de,2013,120,"Höllriegel, Arnold","Schmitt Scheubel, Robert",,,,Erzählende Literatur: Hauptwerk vor 1945,ger,
9783937416328,Kurzgeschichten und Essais,"1. Aufl., neue Ausg.",Berlin,consassis.de,2013,113,"Höllriegel, Arnold","Schmitt Scheubel, Robert",,,,Erzählende Literatur: Hauptwerk vor 1945,ger,
9783937416335,Kurzgeschichten und Essais,"1. Aufl., neue Ausg.",Berlin,consassis.de,2013,120,"Höllriegel, Arnold","Schmitt Scheubel, Robert",,,,Erzählende Literatur: Hauptwerk vor 1945,ger,
9783981476798,Land der Unverwundbarkeit,,Erfurt,Millennium Verl.,2013,69,"Horlitz, Heiner",,,,,"Lyrik, Dramatik",ger,
9783940554864,Leicht ums Herz,,Ganderkesee,EPLA-Verl. ,2013,28,"Werner, Heide",,,,,Lyrik,ger,
9783886273423; 3886273423,Liebeszauber,,Reutlingen,Oertel + Spörer,2013,175,"Kurz, Hermann","Ströbele, Werner; Vogt, Andreas",,,,Anthologie; Anthologie; Erzählende Literatur: Hauptwerk vor 1945,ger,
9783863864651; 3863864654,Literarische Eigenblicke,1. Aufl.,Berlin,Pro Business,2013,145,"Fürkus, Jürgen",,,,,Lyrik,ger,
9783902786258,Love is on air,neue Ausg.,Linz,Kehrwasser Verlag,2013,200,"Hill, Constanze",,,,,Romanhafte Biographien,ger,
9783863691240,Mäuschen im Gelee und andere wahre Geschichten,,"Frankfurt, M.",Public-Book-Media-Verl.,2013,131,"Welge-Wolff, Christa",,,,,Lyrik,ger,
9783926339294,Mazurka,1. Aufl.,Saarbrücken,SCW Auer-Sällef,2013,96,"Klinkner, Hans-Guido",,,,"Buly, Wolfgang; Weszkalnys, Stefan; Klinkner, Ingeborg; Stigulinszky, Roland; Klinkner, Martin",Lyrik,ger,
9783955960117,Nackt Geschichten,,Berlin,Ed. Lithaus,2013,278,"Albert, Inge Maria",,,,"Jahoda, Lutz",Romanhafte Biographien,ger,
9783942024266,Niemals oder für immer,1. Aufl.,Schutterwald,Testudoverl.,2013,51,"Otto, Ele",,,,,Fantasy; Dramatik,ger,
9783900044404,Phantasönlich,1. Aufl.,Wien,Poss,2013,113,"Mayer, Thomas",,,,,"Lyrik, Dramatik",ger,
9783000447877,Platt hat wat,,Braunschweig,F.-J. Wolter,2013,130,"Wolter, Fritz-Joachim",,,,,Anthologie; Lyrik,ger; nds,
9783944643052,Poesiefeldambulanz,"2., verb. Aufl.",Buxtehude,Verl. Rote Zahlen,2013,92,,"Griebe, Hans-Joachim",,,"Menrath, Rolf",Lyrik,ger,
9783935873536,Reine Glaubenssachen,1. Aufl.,Köln,Gaasterland-Verl.,2013,256,,,,,"Everts, Evert","Lyrik, Dramatik",ger,
9783941688476; 3941688472,"Schade, dass du Jude bist",,Münster,Prospero,2013,353,"Kaufmann, Walter",,,,,Fiktionale Darstellung; Belletristische Darstellung; Romanhafte Biographien,ger,
9783897737075,Schaurige Geschichten aus Berlin,"Erw. und aktualisierte Neuausg., 1. Aufl. dieser Ausg.",Berlin,Jaron,2013,238,"Eik, Jan",,,,,Anthologie; Anthologie; Anthologie; Spannung; Historische Kriminalromane,ger,
9783869992006,Schnurrige Geschichten in plattdeutschen Gedichten,"4., erw. Ausg.",Dülmen,"Vier-JahreszeitenHaus, Verl. im Münsterland",2013,326,,"Schütte, Gerhard; Baumann, Paul",,,"Rieke, Anton; Bauer, Tyll",Erzählende Literatur: Hauptwerk vor 1945,ger; nds,
9783955090265,Spätsommerlicht,Dt. Erstausg.,Sprakensehl,Asaro,2013,96,"Baumeler, Markus P.",,,,,Lyrik,ger,
9783902676702,Spottbuch,Überarb. Ausg.,Wien,Der Drehbuchverl.,2013,240,"Zenker, Helmut",,,,,Lyrik,ger,
9783862798834,Tanzende Steine,1. Aufl.,Gelnhausen,Wagner,2013,93,"Fey, Monika",,,,,Lyrik,ger,
9783837213270,"Texte, die nichts bewirken",,"Frankfurt, M.",Weimarer Schiller-Presse,2013,108,"Kelle, Antje",,,,,Lyrik,ger,
9783902498830,Travestie der Liebe und andere Erzählungen,,Wien,Ed. Atelier,2013,139,"Feldmann, Else","Kluy, Alexander",,,,Erzählende Literatur; Erzählende Literatur: Hauptwerk vor 1945,ger,
9783900044381,"Tschuppi, ein Wiener Spatz",1. Aufl.,Wien,Poss,2013,89,"Reischütz, Rudolf",,,,,Lyrik,ger,
9783954881468,Über Stock und Stein und die Welt,,Leipzig,Engelsdorfer Verl.,2013,158,"Bellermann, Erhard H.",,,,,Lyrik,ger,
9782918444190; 2918444197,"Une semaine, sept vies",,Cassaniouze,ErosOnyx éditions,2013,103,"Wirz, Mario",,"Banoun, Bernard; Fritsch, Kai Stefan",,"Steinert, Hannes",Anthologie; Lyrik,fre; ger,ger
9783865253248,"""Varinka, oder: die rothe Schenke"" und andere Erzählungen",1. Aufl.,Hannover,Wehrhahn,2013,145,"Schiff, Hermann",,,,"Briese, Olaf",Erzählende Literatur: Hauptwerk vor 1945,ger,
9783863691561,Verschattetes,,"Frankfurt, M.",Public-Book-Media-Verl.,2013,191,"Ulrich, Nathalie Verena",,,,,"Lyrik, Dramatik",ger,
9783954884797,Vom Windfang,,Leipzig,Engelsdorfer Verl.,2013,81,"Thiel, Andrea C.",,,,,Lyrik,ger,
9783932737596,Weihnachtsduft und Kerzenschimmer,1. Aufl.,Gemünden a. Main,Hofmann,2013,160,"Kemptner, Brigitte",,,,,Lyrik,ger,
9783902873323,Zirl.Innweg 8,1. Aufl.,Innsbruck,Kyrene,2013,63,"Schneitter, Elias",,,,,Erzählende Literatur; Romanhafte Biographien,ger,
9783864037726,Abende auf dem Vorwerke bei Dikanjka und andere Erzählungen,,Bremen,outlook Verlag,2012,404,"Gogolʹ, Nikolaj Vasilʹevič",,,,,Erzählende Literatur: Hauptwerk vor 1945,ger,
9783937436388,Am Schaumberg daheim,1. Aufl.,Saarbrücken-Dudweiler,Pirrot,2012,244,"Rauber, Helmut",,,,,Romanhafte Biographien,ger,
9783942767088,"Anthologie ""MundART""",ungek. Ausg.,"Dillingen, Saar",Kelkel Verlag,2012,488,,"Spoo, Manfred",,,,Lyrik,ger,
9783000376016,Aoide,1. Aufl.,Magdeburg,Knorr von Wolkenstein,2012,100,"Mantel, Inés","Knorr, Robert Ch.",,,,Lyrik,ger,
9783902808158,Auf den Punkt,,Gosau,Arovell-Verl.,2012,119,"Reutterer, Peter",,,,,Lyrik,ger,
9783861961642,Auf einmal war es wieder Leben,1. Aufl.,Sigmarszell,"ToMa, Papierfresserchens MTM-Verl.",2012,49,"Hoge, Britta",,,,,Lyrik,ger,
9788490159644; 8490159645,Barfuss durch den Tau,,Palma de Mallorca,United P.C.,2012,182,"Schiffner, Karl",,,,,"Lyrik, Dramatik",ger,
9783869150611,Berliner Luft - Pariser Leben,1. Aufl.,Berlin,Ed. Ebersbach,2012,144,"Hörner, Unda",,,,"Dugué, Julien",Anthologie; Anthologie; Romanhafte Biographien,ger,
9783850285513,Bieber und Henriette,,Horn,Berger,2012,111,"Groiss, Wolfgang",,,,,Anthologie; Lyrik,ger,
9783866853676,Bleibe im Wind,,Vechta,Geest-Verl.,2012,88,"Oesterheld, Lisa F.",,,,,Lyrik,ger,
9783868705232,Blumen am Wegesrand,,Remscheid,Re-Di-Roma-Verl.,2012,95,"Schneider, Michael",,,,,Lyrik,ger,
9783941941052,"""Currywurst, extra scharf !""",1. Aufl.,Landshut,Kwalae-Verl.,2012,144,"Hard, Ron",,,,,Lyrik,ger,
9783828945296,Das Karl-May-Lesebuch,Genehmigte Sonderausg.,Augsburg,Weltbild,2012,415,"May, Karl",,,,,Erzählende Literatur: Hauptwerk vor 1945,ger,
9783850408172; 3850408175,Daydream,,Neckenmarkt,United P.C.,2012,390,"Rogalla, Peter",,,,,"Lyrik, Dramatik",ger,
9783954723058,Der fliegende Händler und mehrere andere nützliche Erzählungen,1. Aufl.,Paderborn,Salzwasser Verlag,2012,108,"France, Anatole",,,,,Erzählende Literatur: Hauptwerk vor 1945,ger,
9783954800254,Der Purimgeiger,1. Aufl.,Rudolstadt,Der Neue Morgen,2012,165,"Perez, Jizchok L.","Elias, Holger",,,,Erzählende Literatur: Hauptwerk vor 1945,ger,
9783534256716,Deutsche Balladen,,Darmstadt,Wiss. Buchges.,2012,885,,"Segebrecht, Wulf",,,,Anthologie; Anthologie; Lyrik,ger,
9783446239951; 3446239952,Deutsche Balladen,,München,Hanser,2012,885,,"Segebrecht, Wulf",,,,Anthologie; Anthologie; Lyrik,ger,
9783828031012,Die Antwort der Rose,1. Aufl.,Berlin,Frieling,2012,54,"Schreiner, Irmgard",,,,,Lyrik,ger,
9783862689033,Die gibt es nicht Geschichten ... aus 40 Jahren,,Leipzig,Engelsdorfer Verl.,2012,132,"Köhler, Richard",,,,,Lyrik,ger,
9783423140942,Die großen Erzählungen,Orig.-Ausg.,München,Dt. Taschenbuch-Verl.,2012,358,"Schnitzler, Arthur",,,,,Erzählende Literatur: Hauptwerk vor 1945,ger,
9783942560054,Die letzte Fahrt der Württemberg,1. Aufl.,Leipzig,VentVerl. Vent-Schmidt,2012,199,"Ebersbach, Volker",,,,,Romanhafte Biographien,ger,
9783862792993,Die schönsten Geschichten aus dem Leben,1. Aufl.,Gelnhausen,Wagner,2012,272,"Schuler, Gesine",,,,,Lyrik,ger,
9783150080030,Die Verlobung in St. Domingo,"Durchges. Ausg. 2002, Nachdr.",Stuttgart,Reclam,2012,71,"Kleist, Heinrich von",,,,,Erzählende Literatur: Hauptwerk vor 1945,ger,
9783850406253; 3850406253,Echo der Seele,,Horitschon,Vindobona-Verl.,2012,365,"Schiffner, Karl",,,,,"Lyrik, Dramatik",ger,
9783864037511,Ehemalige Leute und andere Erzählungen,,Bremen,outlook Verlag,2012,256,"Gorki, Maxim",,,,,Erzählende Literatur: Hauptwerk vor 1945,ger,
9783943509014,Ein bisschen Goethe,,Rudolstadt,Burghügel ,2012,160,"Kaufmann, Ernst",,,,,Fiktionale Darstellung; Belletristische Darstellung; Romanhafte Biographien,ger,
9783927795600,Ein Penis stirbt immer zuletzt,,Berlin,Schmitz,2012,204,"Praunheim, Rosa von",,,,,Lyrik,ger,
9783831616077; 3831616078,Ein Stück Himmelszelt,,München,Literareon,2012,227,"Fischer, Regina Franziska",,,,,Lyrik,ger,
9783863862206; 3863862201,Einiges richtig gemacht,1. Aufl.,Berlin,Pro Business,2012,237,"Wichelmann, Frank",,,,,Romanhafte Biographien,ger,
9783850285704,Einst fiel ich aus den Sternen,1. Aufl,Horn,Berger,2012,103,"Fibich-Brunner, Karin",,,,,Lyrik,ger,
9783863690915,"Erotik, Sex und Lebenslust bewohnen jedes Menschen Brust",,"Frankfurt, M.",Public-Book-Media-Verl.,2012,144,"Dorsch, Johannes",,,,,Lyrik,ger,
9783864037702,Fantastische Geschichten,,Bremen,outlook Verlag,2012,140,"Gogolʹ, Nikolaj Vasilʹevič",,,,,Erzählende Literatur: Hauptwerk vor 1945,ger,
9783906739830,Fill,1. Aufl.,Zürich,KaMeRu-Verl.,2012,120,"Rudin, Angelika",,,,,Lyrik,ger,
9783842240902,Florina die kleine Gartenfee und andere Geschichten und Gedichte ; mit Bildern zum Ausmalen,"Orig.-Ausg., 1. Aufl.",Aachen,Fischer,2012,54,"Emrich, Therese",,,,,Lyrik,ger,
9783596904051; 3596904056,Frühe Erzählungen,,"Frankfurt, M.",Fischer-Taschenbuch-Verl.,2012,610,"Mann, Thomas",,,,,Erzählende Literatur: Hauptwerk vor 1945,ger,
9783942688352,"Frühlings Farben, Frühlings Duft",Orig.-Ausg.,Weiden,Wendepunkt-Verl.,2012,246,,"Killmer, Doris",,,,Lyrik,ger,
9783927708679,Gassi-Impressionen,,Berlin,Mariposa-Verl.,2012,77,"Nics, Hannelore",,,,,Lyrik,ger,
9783200026599,Gedankenwolken,,Stockerau,E. Grün,2012,105,,,,,"Grün, Erika; Allraun, Heinz",Lyrik,ger,
9783981551136,Gedichte mit Tieren,,Hamburg,Hanseatic Publ.,2012,104,,"Ulfig, Norbert",,,"Rilke, Rainer Maria; Morgenstern, Christian; Ringelnatz, Joachim; Hebbel, Friedrich; Tucholsky, Kurt",Lyrik; Lyrik,ger,
9783940868985,Geschichten aus dem Alten Testament,1. Aufl.,Heppenheim,Hierophant-Verl.,2012,357,"Hildebrandt, Arno","Peters, Bettina",,,,Lyrik,ger,
9783850404648; 3850404641,Geschichten aus dem Leben mit dem Krieg,,Neckenmarkt,Vindobona-Verl.,2012,107,"Jarosch, Mathias; Röding, Ingo",,,,,Romanhafte Biographien,ger,
9783990077245; 3990077244,Geschichten aus dem Nichts,,Neckenmarkt,Novum Eco,2012,174,"Ferenz, Rela",,,,,"Lyrik, Dramatik",ger,
9783499627972; 3499627973,Hier kann man gut sitzen,Orig.-Ausg.,Reinbek bei Hamburg,Rowohlt-Taschenbuch-Verl.,2012,235,"Krause, Pierre M.",,,,,Fiktionale Darstellung; Belletristische Darstellung; Romanhafte Biographien,ger,
9783926512482,Ich möcht ein Clown sein,3. Aufl.,Düsseldorf,tvd-Verl.,2012,112,"Hüsch, Hanns Dieter",,,,,Lyrik,ger,
9783934268975,"Ist es Freude, ist es Schmerz?",1. Aufl.,Düsseldorf,Ed. XIM Virgines,2012,1279,,"Schmidt, Herbert; Beiermann, Lea; Aehling, Georg",,,"Kruse, Joseph A.; Richter, Gerhard; Hessel, Stéphane",Anthologie; Anthologie; Lyrik,ger,
9783844888058; 3844888055,Jahr greift in Jahr,,Wiesbaden,Ed. Mattiacum,2012,191,Orlando M.,,,,,Lyrik,ger,
9783939322900,Kindheiten,,Stuttgart,Opus magnum,2012,104,"Hermann-Röttgen, Marion",,,,,Erzählende Literatur: Anthologien; Romanhafte Biographien,ger,
9783898466639,"Kleine Geschichten, mal so, mal anders",,Hanau,Haag + Herchen,2012,69,"Thurow, Astrid",,,,,Lyrik,ger,
9783864037658,Knaben und Mörder,,Bremen,outlook Verlag,2012,80,"Ungar, Hermann",,,,,Erzählende Literatur: Hauptwerk vor 1945; Erzählende Literatur,ger,
9783746628530; 3746628539,Köstliche Zeiten,1. Aufl.,Berlin,Aufbau-Taschenbuch,2012,152,"Fallada, Hans","Lange, Sabine",,,"Schmidt, Herta",Anthologie; Anthologie; Erzählende Literatur: Hauptwerk vor 1945,ger,
9783942946148,Kopf hoch und durch,,Crivitz,Wiedenverl.,2012,142,"Sanguinette, Ursel",,,,,Romanhafte Biographien,ger,
9783150078877,Krambambuli und andere Erzählungen,"Durchges. Ausg. 2001, Nachdr.",Stuttgart,Reclam,2012,64,"Ebner-Eschenbach, Marie von",,,,,Erzählende Literatur; Erzählende Literatur: Hauptwerk vor 1945,ger,
9783429034986,Lesebuch,,Würzburg,Echter,2012,283,"Le Fort, Gertrud von","Harand, Gundula; Trausmuth, Gudrun",,,,Romanhafte Biographien,ger,
9783981259469; 9783945634080,Let's go Güzel!,,Duisburg,Dialog Ed.,2012,83,"Güzel, Lütfiye",,,,,Lyrik,ger,
9783863863968,Liebe ist so viel,1. Aufl.,Berlin,Pro Business,2012,364,"Burg, Inge",,,,,Romanhafte Biographien,ger,
9783940294210,Literarische Wanderbaustelle,1. Aufl.,Senftenberg,Wache,2012,60,"Wache, Wolfgang",,,,,Lyrik,ger,
9783499628030; 3499628031,Marmelade im Zonenrandgebiet,Orig.-Ausg.,Reinbek bei Hamburg,Rowohlt-Taschenbuch-Verl.,2012,252,"Buddenbohm, Maximilian",,,,,Fiktionale Darstellung; Belletristische Darstellung; Romanhafte Biographien,ger,
9783864037528,Mein Weggenosse und andere Erzählungen,,Bremen,outlook Verlag,2012,172,"Gorki, Maxim",,,,,Erzählende Literatur: Hauptwerk vor 1945,ger,
9783939300144,Meine Stadt - unsere Stadt,1. Aufl.,Esslingen,Civitas-Imperii-Verl.,2012,81,,"Berg, Ben",,,,Lyrik,ger,
9783864037535,Meister-Erzählungen,,Bremen,outlook Verlag,2012,204,"Gorki, Maxim",,,,,Erzählende Literatur: Hauptwerk vor 1945; Erzählende Literatur,ger,
9783868062878,"Monika Meyers Anthologie zum Thema ""Nähe"" und ""Ich und Du""",,Willebadessen,Zwiebelzwerg-Verl.,2012,53,,"Meyer, Monika",,,"Laufenburg, Heike",Lyrik,ger,
9783862689880,Poetenträume,,Leipzig,Engelsdorfer Verl.,2012,93,"Pflügner, Wolfgang",,,,,Lyrik,ger,
9783150023525,Sämtliche Erzählungen,Bibliogr. erg. Ausg.,Stuttgart,Reclam,2012,654,"Eichendorff, Joseph von","Schultz, Hartwig",,,,Dramatik,ger,
9783943755015,Sammelsurium,,Berlin,Westkreuz-Verl.,2012,126,"Müller, Hans-Georg",,,,,Lyrik,ger,
9783943768060,Schachbordelle,,Bucha bei Jena,QV,2012,118,,"Dwars, Jens-Fietje",,,"Hirsch, Karl-Georg",Anthologie; Anthologie; Lyrik,ger,
9783981067132,Seelengarten,1. Aufl.,Windesheim,Archai,2012,62,"Nießing, Crystal",,,,,Lyrik,ger,
9783939300182,Stadt neben Fluss,1. Aufl.,Esslingen,Civitas-Imperii-Verl.,2012,107,,"Berg, Ben",,,,Lyrik,ger,
9783864034381,Tom Playfair,,Bremen,outlook Verlag,2012,336,"Finn, Francis J.",,,,,Erzählende Literatur: Hauptwerk vor 1945,ger,
9783862378470,Und als ein Fremdling geblieben,1. Aufl.,Halle (Saale),Projekte-Verl. Cornelius,2012,168,"Ebersbach, Volker",,,,,Erzählende Literatur; Romanhafte Biographien,ger,
9783150093511,Visuelle Poesie,,Stuttgart,Reclam,2012,153,,"Gomringer, Eugen",,,,Lyrik,ger,
9783033038165,Vor dem Rohr des Dampfabzugs,,Hefenhofen,R. Schlegel,2012,81,"Schlegel, Rolf",,,,,Lyrik,ger,
9783000387050,Waidmannsheil,,Bad Berleburg,Horst Hartmann,2012,128,"Hartmann, Horst",,,,,Anthologie; Lyrik,ger,
9783990241226,"Was auf den Tisch kommt, wird gegessen",,Berndorf,KRAL,2012,208,"Ehrmann, Jürgen",,,,,Romanhafte Biographien,ger,
9783842512207,Weihnachda auf Schwäbisch,1. Aufl.,Tübingen,Silberburg-Verl.,2012,199,,"Graf, Edi",,,"Gleis, Uli",Lyrik,ger,
9783981358728,"Westfalen, sonst nichts?","Orig.-Ausg., 1. Aufl.",Aachen,(SIC)-Literaturverl. + Parasitenpresse,2012,194,,"Kasnitz, Adrian; Wenzel, Christoph",,,"Bauer, Katharina; Brunner, Eva; Buchzik, Dana; Bülhoff, Andreas; Crauss; Granderath, Greta; Heinrich, Paul; Himstedt, Sebastian; Hulpe, Marius; Jackson, Hendrik; Ketteler, Daniel; Kobus, Nicolai; Kraus, Dagmara; Kunkel, Ivette Vivien; Leß, Georg; Lubina, Vesna; Reich, Stephan; Römer, Xaver; Rost, Hendrik; Sanmann, Angela; Schneider, Bastian; Scho, Sabine; Schröder, Elisabeth; Skudlarek, Jan; Trojan, Sandra; Trompeter, Julia; Vom Brocke, Sonja; Warsen, Charlotte; Weber, Philipp; Wilden, Patrick",Anthologie; Anthologie; Lyrik,ger,
9783862689873,Wie Sommerwind,,Leipzig,Engelsdorfer Verl.,2012,86,"Gebhardt, Veronika",,,,,Lyrik,ger,
9783942688468,"Winternarren, Winters Weisen",Orig.-Ausg.,Weiden,Wendepunkt-Verl.,2012,258,,"Killmer, Doris",,,,Lyrik,ger,
9783954722525,Wolfs Geschichten um ein Bürgerhaus,1. Aufl.,Paderborn,Salzwasser Verlag,2012,344,"Langewiesche, Wilhelm",,,,,Erzählende Literatur: Hauptwerk vor 1945,ger,
9783940031020,Zedern und Tannen,,Karlsruhe,Abd el Baki,2012,86,"Abd el Baki, Afif",,,,,Lyrik,ger,
9783877078600,Zum Rhodter Advent gesammelte Geschichten & Gedichte um den Rhodter Engel,1. Aufl.,Neustadt an der Aisch,Schmidt,2012,64,,"Matterne, Anne; Haberkern, Claudia",,,,Lyrik,ger,
9783862685950,Auf meinen Lebensstufen,,Leipzig,Engelsdorfer Verl.,2011,183,"Hampel, Erhard",,,,,Romanhafte Biographien,ger,
9783862674619,Der Taugenichts,1. Aufl.,Bremen,Europäischer Literaturverlag,2011,220,"Tschechow, Anton Pawlowitsch",,,,,Erzählende Literatur: Hauptwerk vor 1945,ger,
9783869914725; 3869914726,Echt blind,,Münster,Verl.-Haus Monsenstein und Vannerdat,2011,92,"Wunsch, Ruth; Brömmelhaus, Matthias",,,,,Romanhafte Biographien,ger,
9783862674626,Eine schreckliche Nacht,1. Aufl.,Bremen,Europäischer Literaturverlag,2011,200,"Čechov, Anton Pavlovič",,,,,Erzählende Literatur: Hauptwerk vor 1945,ger,
9783200024373,Entfesselt im Rollstuhl,1. Aufl.,Feldkirchen bei Graz,Equicane,2011,148,,,,,"Höfer, Hanna; Hirschmugl-Fuchs, Monika; Fischer, Leo; Fischer, Andrea; Höfer-Wegan, Martina",Romanhafte Biographien,ger,
9783981155952,Geschichten und Gedichte,,Zerbst,Verl. Extrapost,2011,76,"Mohs, Irmgard",,,,,Lyrik,ger,
9783458357360,Im Taumel wunderbar verwirrter Sinne,1. Aufl.,Berlin,Insel-Verl.,2011,330,"Kleist, Heinrich von",,,,,Erzählende Literatur: Hauptwerk vor 1945,ger,
9783940640574,"Liebe Liebe, alles Liebe!",,Berlin,Verein zur Förderung des Literaturschaffens und des Kulturellen Austauschs zwischen Deutschen und Polen e.V.,2011,124,,"Otlewska-Dräger, Dominika; Stell, Wolfgang",,,,"Lyrik, Dramatik",ger,
9783907668917; 9783907668832,Meer der Tusche,Unveränd. Neuaufl. der Erstausg.,Zürich,Elster-Verl.,2011,117,"Weihe, Richard",,,,,Fiktionale Darstellung; Belletristische Darstellung; Romanhafte Biographien,ger,
9783990032565,Otto erinnert sich. Otto hat nachgedacht,,Neckenmarkt,Novum Pro,2011,199,"Pinternagel, Ernst-Karl",,,,,Romanhafte Biographien,ger,
9783981411041,Prachtstraßen und Hinterhöfe,Erstausg.,Tholey,Etaina,2011,116,,,"Merks-Krahforst, Martina",,,Anthologie; Anthologie; Lyrik; Zweisprachige Ausgaben: Deutsch / Französisch,fre; ger,
9783902757425,So wird's nie wieder sein,,Glödnitz,Memoiren-Verl.,2011,123,"Ebner, Regina",,,,,Lyrik,ger,
9783868062564,Struwwelpeters Papa hat schon wieder eine neue Freundin,,Willebadessen,Zwiebelzwerg-Verl.,2011,75,"Schmidt, Fritz Otto",,,,"Conrad, Jens",Lyrik,ger,
9783746627885; 3746627885,Wir hatten mal ein Kind,1. Aufl.,Berlin,Aufbau-Taschenbuch,2011,607,"Fallada, Hans",,,,,Fiktionale Darstellung; Belletristische Darstellung; Erzählende Literatur; Erzählende Literatur: Hauptwerk vor 1945,ger,
9783943269000,Wir sind im Krieg und haben es vergessen,,Stuttgart,Gegen-Kultur-Verl.,2011,148,"Rahmann, Thomas","Schadt, Peter",,,,Lyrik,ger,
9783934634565,Barfuß begegnen dem Atem der Nacht,1. Aufl.,Mannheim,Azur,2010,141,,"Roland, Oliver",,,,Anthologie; Anthologie; Lyrik,ger,
9783837208634,Bedingungslos lieben statt wertefrei zu leben,,"Frankfurt, M.",Weimarer Schiller-Presse,2010,75,"Deckart, Petra",,,,,Lyrik,ger,
9783150107539,Deutsche Gedichte,Erw. Neuausg.,Stuttgart,Reclam,2010,429,,"Bode, Dietrich",,,,Anthologie; Anthologie; Lyrik,ger,
9781445722108,Die Illusion des Anfangs,1. Aufl.,Würzburg,R. Pordzik,2010,102,"Pordzik, Ralph",,,,,Lyrik,ger,
9783932696824,Erzählungen,,Neumünster,von Bockel,2010,153,"Beutin, Wolfgang",,,,,Erzählende Literatur: Hauptwerk vor 1945,ger,
9783596902682,Leutnant Gustl,,"Frankfurt, M.",Fischer-Taschenbuch-Verl.,2010,133,"Schnitzler, Arthur",,,,,Erzählende Literatur: Hauptwerk vor 1945,ger,
9783839132357,"Verheiratet, alleinerziehend",,Norderstedt,Books on Demand GmbH,2010,116,Buchstabensalat,,,,,Romanhafte Biographien,ger,
9783596901371,Das Erdbeben in Chili und andere Erzählungen,,"Frankfurt, M.",Fischer-Taschenbuch-Verl.,2009,204,"Kleist, Heinrich von",,,,,Erzählende Literatur: Hauptwerk vor 1945,ger,
9783780201843,Der Riesenochsenfrosch und andere humoristische Erzählungen,,Bamberg,Karl-May-Verl.,2009,460,"May, Karl","Eckardt, Karlheinz",,,,Anthologie; Anthologie; Erzählende Literatur: Hauptwerk vor 1945,ger,
9783596901654,Der Verbrecher aus verlorener Ehre und andere Erzählungen,,"Frankfurt, M.",Fischer-Taschenbuch-Verl.,2009,255,"Schiller, Friedrich",,,,,Erzählende Literatur: Hauptwerk vor 1945,ger,
9783869312903,Drei Monde und das Kreuz des Südens,,Berlin,Epubli,2009,386,,"Tracer, Thor",,,,Erzählende Literatur: Hauptwerk vor 1945,ger,
9783940086525,Erzählungen,,Tübingen,Klöpfer & Meyer,2009,292,"Kurz, Hermann","Schmoll, Friedemann",,,,Anthologie; Anthologie; Erzählende Literatur: Hauptwerk vor 1945,ger,
9783150186138,Geschichten aus dem Wiener Wald,,Stuttgart,Reclam,2009,243,"Horváth, Ödön von",,,,,Dramatik,ger,
9783499624759,"Was wir nicht haben, brauchen Sie nicht",Orig.-Ausg.,Reinbek bei Hamburg,Rowohlt-Taschenbuch-Verl.,2009,297,"Moor, Max",,,,,Fiktionale Darstellung; Belletristische Darstellung; Romanhafte Biographien,ger,
9783981223439,"Wasserzauber, Feuertanz",Erstausg.,Tholey,Etaina,2009,107,,,"Merks-Krahforst, Martina",,,Anthologie; Anthologie; Anthologie; Lyrik; Zweisprachige Ausgaben: Deutsch / Französisch,ger,
9783837044386,Alpujarras Geschichten,,Norderstedt,Books on Demand GmbH,2008,60,"Colbin, Joseph Heinrich","Bickenbach, Matthias; Stolzke, Michael",,,,Erzählende Literatur: Hauptwerk vor 1945,ger,
9783837028089,Bilder schweigen nicht,1. Aufl.,Norderstedt,Books on Demand GmbH,2008,85,"Ullmann, Wolfgang M.",,,,,Bildband; Bildband,ger,
9783980918831,Blumen,,Wiesbaden,Luhmann,2008,61,,"Luhmann, Horst",,,,Bildband; Bildband,ger,
9783518460207,Geschichten aus dem Wiener Wald,1. Aufl.,"Frankfurt, M.",Suhrkamp,2008,112,"Horváth, Ödön von",,,,,Dramatik,ger,
9783865827340,Jeder Friedensgedanke ein Gedicht,,Münster,Verl.-Haus Monsenstein und Vannerdat,2008,325,,"Talis, Christin van",,,,Anthologie; Anthologie; Lyrik,ger,
9783868581225,Junger Wein,,Aachen,Shaker Media,2008,194,,"Erics, Sigmar",,,,Anthologie; Anthologie; Lyrik,ger,
9783981109771,Lebens-Landschaften,Erstausg.,Tholey,Etaina,2008,117,,,"Merks-Krahforst, Martina",,,Anthologie; Anthologie; Anthologie; Lyrik; Zweisprachige Ausgaben: Deutsch / Französisch,ger; fre,
9783837026764,Polen - meine zweite Haut,,Norderstedt,Books on Demand GmbH,2008,179,,,"Bochenek, Bożena",,"Erdmann, Barbara",Bildband; Bildband,ger; pol,ger
9783837058833,Posen - meine zweite Haut,,Norderstedt,Books on Demand GmbH,2008,179,"Erdmann, Barbara",,,,,Bildband; Bildband,ger; pol,
9783981109788,"Rasende, ruhende Zeit",Erstausg.,Tholey,Etaina,2008,105,,,"Merks-Krahforst, Martina",,,Anthologie; Anthologie; Anthologie; Lyrik; Zweisprachige Ausgaben: Deutsch / Französisch,ger; fre,
9783837202649; 9781846986505,Reisegedichte von A bis Z und andere Impressionen,,"Frankfurt, M.",August-von-Goethe-Literaturverl.,2008,70,"Deckart, Petra",,,,,Lyrik,ger,
9783596900886,Traumnovelle und andere Erzählungen,Orig.-Ausg.,"Frankfurt, M.",Fischer-Taschenbuch-Verl.,2008,415,"Schnitzler, Arthur",,,,,Erzählende Literatur: Hauptwerk vor 1945,ger,
9783406568398; 3406568394,Tristan und Isolde,,München,Beck ,2008,142,Gottfried,,"Kurz, Hermann",Gottfried,"Mohr, Wolfgang",Erzählende Literatur: Hauptwerk vor 1945; Erzählende Literatur,ger,
9783981109795,Wenn die Nacht den Tag umarmt,Erstausg.,Tholey,Etaina-Verl.,2008,105,,,"Merks-Krahforst, Martina",,,Anthologie; Anthologie; Anthologie; Lyrik; Zweisprachige Ausgaben: Deutsch / Französisch,ger; fre,
