koerperschaft_id;koerperschaft_name
1;"""Grüne Aue"""
2;#BerlinAuthors
3;/
4;175er Verlag
5;1Druck, DIVO
6;27amigos
7;2A-Verlag, Akademie Freier Autoren e.V.
8;3. Oktober – Deutschland singt und klingt
9;360 Grad Verlag GmbH
10;3VerSchreiber
11;7Sterne-Ed.
12;A. Agic
13;A. Amsler
14;A. Büttner
15;A. Delon
16;A. F. W. Sommer
17;A. Fritz Verlag
18;A. Gasser
19;A. Hennig
20;A. Hovestadt
21;A. Jochim Vela-Verlag
22;A. Langkath
23;A. Springer
24;A. Thorn
25;A. Tschirner
26;A. Wellbrock
27;A. Westermann
28;A. Zmyj
29;A.E. Johann-Gesellschaft e.V.
30;A.P.P.
31;A.P.P. Verlag
32;A.P.P.-Verl.
33;A1 Verlag
34;A1-Verl.
35;A7L Thrilling Books Limited
36;AAVAA Verlag
37;AAVAA-Verl.
38;AB - Die Andere Bibliothek
39;AB - Die Andere Bibliothek GmbH & Co. KG
40;AB, TravenBooks
41;AB1-Dr. & Verl.
42;ABLIT-Verl.
43;AGIRO Verlag
44;AGMA - Christlicher Buchverl.
45;AIKA Consulting GmbH
46;AJSP
47;AJZ-Dr. & Verl.
48;AME Stöpel
49;ANTHEA VERLAG
50;APOLLON TEMPEL VERLAG
51;APRYCOT
52;AQUENSIS Verlag Pressebüro Baden-Baden GmbH
53;ARW
54;AS Verlag
55;AT-Verl.
56;ATE
57;ATHENA
58;ATHENA-Verlag
59;AUMAYER
60;AVM
61;AWS Literatur
62;Aagenda-Verl.
63;Aaronis Coll.
64;Abera
65;Abl Verlag
66;Abl-Verl.
67;Acabus
68;Acabus Verlag
69;Acabus-Verl.
70;Achertäler Druckerei
71;Achter Verl.
72;Achter Verlag
73;Achterland
74;Adakia-Verl.
75;Adalbert-Stifter-Institut des Landes Oberösterreich / StifterHaus
76;Adlerstein Verlag
77;Adlerstein-Verl.
78;Adlerstein-Verlag
79;Adlibri-Verl.
80;Adolf Dahlfeld Erben
81;Adonia
82;Advent-Wohlfahrtswerk Seniorenheim Neandertal gmbH
83;Adwork Köln - Halven Hahn Produktion
84;Afra-Sonnensturm-Verl.
85;AfricAvenir - Exchange & Dialogue
86;Afusoft
87;Agade Publ. House
88;Agenda Verlag
89;Agenda-Verl.
90;Agentur des Rauhen Hauses Hamburg
91;Agiro
92;Agon-Sportverl.
93;Agroplant
94;Ahead and Amazing
95;Aisthesis Verlag
96;Aisthesis-Verl.
97;Akad.-Verl.
98;Akademie der Künste
99;Akademie der Künste Berlin
100;Akademos
101;Akazia Verlag
102;Akazien Verlag
103;Alba Trust
104;Albatros
105;Alcorde Verlag
106;Alcorde-Verl.
107;Alea Libris Verlag
108;Aleph Verlag
109;Alexander, Darleen
110;Alfa-Veda Verlag
111;Alfa-Veda-Verl.
112;Alfa-Veda-Verlag
113;Alfred Kröner Verlag
114;Alfred Starch
115;Ali Hensel
116;Alibri
117;Alibri-Verl.
118;Alkyon-Buchverl.
119;Allegria
120;Allitera Verlag
121;Allitera-Verl.
122;Almadinah gUG
123;Almanach-Ed.
124;Almus-Verl.
125;Almáriom
126;Alois Epple
127;Alpenpost Verl.
128;Alpha Litart
129;Alphabeta
130;Altan
131;Alte-Jeetzel-Buchh. und Verl.
132;Altis-Verl.
133;Altis-Verlag
134;Altius
135;Alwine Mews
136;Amalthea
137;Amalthea Signum
138;Amanda Johnson
139;Amardi-Verl.
140;Amative Publ.***5246918
141;Amazon Distribution
142;Amazon Media EU S.à r.l.
143;Ambaum-Verl.
144;Ambiente-Krimis
145;Amdora-Verlag
146;Amicus
147;Ammann
148;Ammersee Verlag
149;Ammianus-Verl.
150;Ammianus-Verlag
151;Amonja Publishing
152;Amrei Laforet
153;Amrûn
154;Amrûn Verlag
155;Amrûn-Verl.
156;AnOA edition
157;Anaconda
158;Ancient Mail Verlag Werner Betz
159;Anderland Books
160;Anderslieben Verlag Heckmann & Meinzer
161;Andiamo
162;Andra-Danu-Verl.
163;AndreBuch-Verl.
164;AndreBuchVerlag
165;Andrea Herrmann
166;Andrea Yildiz
167;Andreas Dölling
168;Andreas Frey
169;Andreas Herbert Meier
170;Andres
171;Andresen
172;Angela Suter
173;Angele
174;Angelika Bohn, c/o Papyrus Autoren-Club
175;Angelika Horn
176;Angelika Lenz Verlag
177;Angst & Schrecken
178;Angst&Schrecken
179;Anikkänbrö & Knetemelk
180;Anja M. Kast
181;Anke Redhead
182;Ankerherz
183;Annegret Achner
184;Anno-Verl.
185;Anno-Verlag
186;Anselm Eder
187;Ansichtssache - Agentur für Gestaltung
188;Anthea Verlag
189;Anthea-Verl.
190;Anthea-Verlag
191;Antje Meeser
192;Anton H. Konrad Verlag
193;Anton Launer
194;Antonia Löschner
195;Antonia Wimmer
196;Anuschka Weyand Buchverlag
197;Aphaia-Verl.
198;AphorismA
199;Apollon Tempel Verlag
200;Apollon-Verl.
201;Appenzeller Verl.
202;Appenzeller Verlag
203;Appenzeller Verlag AG
204;Appenzeller Volksfreund
205;Appenzeller-Verl.
206;April G. Dark c/o Gabriela Schmid
207;Aquensis
208;Aquensis Verlag Pressebüro Baden-Baden GmbH
209;Aquensis-Verl.
210;Arachne Verlag
211;Arachne-Verl.
212;Arbeitsgemeinschaft Selbstständiger Migranten e.V.
213;Arbeitskreis für Dorfentwicklung und Heimatpflege
214;Arcanum Fantasy Verlag
215;Arche
216;Archipel
217;Arco
218;Arcos-Verl.
219;Ardey-Verlag
220;Arete-Verl.
221;Argument Verlag
222;Arkade
223;Arkani Verlag
224;Armin Andrä
225;Armin-T-Wegner-Ges.
226;Arne Stoll
227;Arnshaugk
228;Arovell Verlag
229;Arovell-Verl.
230;Ars Una
231;Ars Vivendi
232;Ars et Unitas
233;Ars vivendi
234;ArsEd.
235;Art In Flow
236;Art Skript Phantastik
237;Art Skript Phantastik Verlag & Design
238;Art Skript Phantastik, Verl. & Design
239;Art- Skript-Phantastik-Verl.
240;Art-Skript-Phantastik-Verl.
241;ArteMedia
242;Artemis & Winkler
243;Artemis und Winkler
244;Artio Wortkunstverlag
245;Artpress
246;Arunya-Verlag
247;Asaro
248;Asaro Verlag
249;Asaro-Verl.
250;Aschenbeck-Verl.
251;Aschendorff
252;Aschendorff Verlag
253;Ashera Verlag
254;Askan - Familienforschung & Heimatkunde, Bärbel und Beatrice Barnehl GbR
255;Asmussen
256;Asoka
257;Aspera* Verlag für Kunst, Kultur und Hoffnung
258;Asphalt-&-Anders-Verl.
259;Astrid Verlag
260;Atelier & Verlag Reinhard Fritz
261;Atelier Coaching & Training
262;Atelier Colorwaves
263;Atelier Margits Art
264;Atelier Monika Stocker
265;Athena
266;Athene Media
267;Athesia Verlag
268;Atlantik
269;Atlantik Verlag
270;Atlantis
271;Atlantis-Verl.
272;Aton
273;Atrioc-Verl.
274;Atrium Verlag
275;Atrium-Verl.
276;Attenkofer
277;Attoverl.
278;Audio-To-Go Publishing Ltd.
279;Aufbau
280;Aufbau TB
281;Aufbau Taschebuch
282;Aufbau Taschenbuch
283;Aufbau-Taschenbuch
284;Aufbau-Verl.
285;Aufland-Verl.
286;Augen Auf Verlag
287;Augen-Auf-Verl.
288;August von Goethe Literaturverlag
289;August-von Goethe-Literaturverl.
290;August-von-Goethe-Literaturverl.
291;Augusta Presse- und Verlags GmbH
292;Aumayer
293;Aurinia
294;Auslesen-Verl.
295;Aussaat
296;Authal-Verl.
297;Autoren-Feder-Verl.
298;Autorengruppe Märkischer Kreis
299;Autorengruppe Wortspieler
300;Autorenkollektiv Nord c/o Sören Steding
301;Autorenkreis Ruhr-Mark e.V. mit Sitz in Hagen (NRW)
302;Autorenquelle Limburg
303;Autumnus Verlag
304;Ava Innings / Violet Truelove
305;Avanti-Verl.
306;Ave
307;Avinus
308;AvivA
309;Avocado Verlag
310;Aws-Literatur, Verlag des Kulturvereins Alles wird schön
311;Axel Dielmann Verlag
312;Axiomy Verlag
313;Axon
314;Ayon-Verlag
315;Ayurveda-Verein Nexenhof
316;Azur
317;B. Dethloff
318;B. E. Bohmann
319;B. Krauß
320;B. Kühlen Verlag
321;B. Leuz
322;B. Luipold
323;B. Mastori
324;B. Montua
325;B. Pallina/Natalie Milke c/o Autorenglück
326;B. Schwarz
327;B. Stählin-Tschanz
328;B.R. Filtec GmbH c/o Tahja Bennet
329;BACOPA VERLAG
330;BAR-Verl.
331;BAUER-VERLAG
332;BC Publications
333;BE, Belle Epoque Verlag
334;BE, Belle Époque Verlag
335;BELLA triste e.V.
336;BGG-Verlag
337;BHN Books, Verlag Alexander Hinz
338;BJ-Autorenservice.de
339;BLB
340;BMV-Verl. Burau
341;BOAS-Verl.
342;BOKEN Regionalverlag
343;BOOKSun-Limited
344;BOOKSun-Limited, Niederlassung Dt.
345;BROTLOS Verlag
346;BS Verlag Rostock
347;BS motor Vertriebs und Verlags GmbH
348;BS-Verl.
349;BS-Verl. Rostock
350;BS-Verl.-Rostock
351;BS-Verl.-Rostock Bruhn
352;BS-Verlag
353;BS-Verlag-Rostock
354;BS-Verlag-Rostock Angelika Bruhn
355;BSH-Verl.
356;BUCHER
357;BVK, Buch-Verl. Kempen
358;BVK, Buchverl. Krefeld
359;BVjA e.V.
360;Baaltis Austria
361;Baar
362;Bachem
363;Bachem, J P
364;Bachem, J. P., Verlag GmbH
365;Bacopa Verlag
366;Badischer Landwirtschafts-Verl.
367;BadnerBuch-Verl.
368;Baeschlin Verlag
369;Bahnmayer
370;Baier
371;Baier-BPB-Verl.
372;Balaena-Verlag
373;BaltArtGmbH Switzerland
374;Balthasar-Verl.
375;Baltica-Verl. Glücksburg
376;Barbara Leuenberger
377;Barbara Seelk
378;Bartels & Bleil, Verlag für ästhetischen Widerstand
379;Bartlmüllner
380;Barton Verlag
381;BasisDruck
382;BasisDruck Verlag
383;Bassermann
384;Bastei Entertainment
385;Bastei Lübbe
386;Bastei Lübbe Taschenbuch
387;Bauer
388;Bauer, Hilde
389;Bauer-Verlag
390;Baumann Verlag
391;Bautz
392;Bayer Verlag
393;BayerVerlag
394;Bayerischer Poeten- & Belletristik-Verl.
395;Bayerischer Poeten- & Belletristik-Verlag
396;Bayerischer Poeten- und Belletristik-Verl.
397;Bayerland
398;Bayerverl.
399;Be & Be
400;Be + Be
401;Be+Be-Verlag
402;Be+Be-Verlag Heiligenkreuz
403;Be.bra-Verl.
404;BeJot
405;Beck
406;Beck, C H
407;Begedia
408;Begedia Verlag
409;Begedia-Verl.
410;Begegnungen - Verlag für Natur und Leben
411;Beggerow
412;Belletris-Verl.
413;Belser
414;Beltz
415;Beluga-Verl.
416;Benedetto-Verl.
417;Benevento
418;Benguela Publ.
419;Benno
420;Benno Paglia
421;Benno-Verl.
422;Benteli
423;Berchtesgadener Anzeiger
424;Berchtold-Haller-Verl.
425;Berenkamp
426;Berger
427;Bergischer Verlag
428;Bergmann Verlag
429;Bergstadtverl. Korn
430;Bergverein zu Hüttenrode e.V.
431;Berlin Univ. Press
432;Berlin Verlag
433;Berlin-Verl.
434;Berlin-Verl. Taschenbuch
435;Berliner Kreis
436;Berliner Taschenbuch-Verl.
437;Bernardus
438;Bernardus-Verl.
439;Bernd Apel
440;Bernewitz, Paul
441;Bernstein
442;Bernstein-Verl.
443;Bernstein-Verlag
444;Bertelsmann
445;Bertram
446;Bertuch
447;Bertuch Verlag GmbH
448;Best-Off-Verl.
449;Best-Off-Verlag
450;Betz
451;Beurenia-Verl. Joos
452;Beyond-Affinity-Verl.
453;Biberacher Verl.-Dr.
454;Biberacher Verlagsdr.
455;Biberacher Verlagsdruckerei
456;Biberacher Verlagsdruckerei GmbH & Co. KG
457;Bibliogr. Inst.
458;Bibliothek der Provinz
459;Bibliothek der Provinz GmbH
460;Biggi Berchtold
461;Bild und Heimat
462;BildSpracheWortLaut
463;Bilderstöckchen-Buchvertrieb
464;Birgit Otten
465;Birgit Otten c/o Papyrus Autoren-Club
466;Birkhäuser
467;Birnbaum
468;Bjela Schwenk
469;Black Library
470;Black Umbrella Publisching
471;Black Umbrella Publishing
472;Blackelephant Publishing
473;Blaetterhaus
474;Blaetterhaus, Verl. für Buch, Kunst & Mehr
475;Blanvalet
476;Blatt-Verl.
477;Blattlaus Verlag
478;Blattlaus-Verl.
479;Blattlaus-Verlag
480;Blauer Punkt Verlag Fasson M
481;Blaukreuz Verlag
482;Blaulicht-Verl.
483;Blaulicht-Verlag
484;Blaulicht-Verlag, Edition Kiezpoesie
485;Blitz
486;Blix - der neue Selbstverl.
487;Block
488;Block-Verlag
489;Blohn
490;Bloomsbury Taschenbuch
491;Blue Panther Books
492;Blue Panther books
493;BlueStar-Verl.
494;Blumenbar
495;Blumenbar-Verl.
496;BoD
497;BoD - Books on Demand
498;BoD -Books on Demand
499;BoD Books on Demand
500;BoD GmbH
501;BoD – Books on Demand
502;BoD – Books on Demand – Dänemark
503;BoD, Books on Demand
504;BoD, Books on demand GmbH
505;BoD-Books on Demand
506;Bock + Herchen
507;Bodan
508;Boder
509;Bodner
510;Boer Verlag
511;Boesche
512;Boje
513;Boldt
514;Boldt-Literaturverl.
515;Bon-say-Verl.
516;Bonifatius
517;BookRix
518;BookRix GmbH & Co. KG
519;Booklover
520;Bookmundo Osiander
521;Books on Demand
522;Books on Demand GmbH
523;Books on Demand Verlag GmbH
524;Books-and-bytes
525;Bookspot Edition 211
526;Bookspot-Verl.
527;Bouvier
528;Bouvier Verlag
529;Bovis-Verl.
530;Boxan
531;Brack Verlag
532;"Brandenburgische Genealogische Ges. ""Roter Adler"""
533;Brandes
534;Brandes & Apsel
535;Brandstätter Verlag
536;Braumüller
537;Braun
538;Bremer Tageszeitungen AG
539;Brendel
540;Brendle
541;Brendow
542;Brendow Verlag
543;Brendow.
544;Brighton GROUP GmbH
545;Brighton Verlag
546;Brighton Verlag GmbH
547;Brighton-Verl.
548;Brigitte Hellebrand
549;Brigitte Regitz
550;Brigitte van Hattem
551;Brimborium Verlag
552;Brinkmann & Bose
553;Brita Linde
554;Britta Bendixen
555;Brockhaus
556;Brockmeyer
557;Brockmeyer Verlag
558;Brot & Spiele Verlag
559;Brot & Spiele Verlag e.U.
560;Brot und Spiele
561;Brot und Spiele Verlag
562;Brot und Spiele Verlag e.U.
563;Brot und Spiele, der Kurzgeschichtenverlag
564;Brune-Mettcker
565;Brune-Mettcker Druck- und Verlags-GmbH
566;Brunnen
567;Brunnen Verlag
568;Brunnen Verlag GmbH
569;Brunnen-Verl.
570;Brunner Medien AG
571;Bruno Moebius
572;Brückenbauer Verlag
573;Brückenschreiber Koblenz
574;Buch & Bild Verlag
575;Buch & Media
576;Buch & Stabe Verlag
577;Buch & Stabe Verlag Henning Albrecht
578;Buch Edition Berlin
579;Buch Salon Walbach
580;Buch und Ich Tara Dierck
581;Buch&Media
582;Buch- & Kunstverlag Oberpfalz
583;Buch- und Kunst-Verl. Oberpfalz
584;Buch- und Kunstverlag Oberpfalz
585;Buch-Verl. Kempen
586;Buch.Macher
587;BuchHandelsGesellschaft
588;BuchHaus-Verl.
589;BuchVerlag Leipzig GmbH
590;BuchWerkstatt Berlin
591;Bucher
592;Bucher GmbH & Co. Druck Verlag Netzwerk
593;Bucher Verlag GmbH
594;Buchet Chastel
595;Buchhandlung Beim Augarten
596;Buchhandlung Grimpe
597;Buchkontor Teltow
598;Buchlader
599;Buchmodul.ch
600;Buchschmiede
601;Buchschmiede von Dataform Media GmbH
602;Buchverlag Andrea Schmitz
603;Buchverlag Andrea Stangl
604;Buchverlag Peter Hellmund
605;Buchwerft-Verl.
606;Buchwerk Verlag
607;Buchwerkstatt
608;Buchwerkstatt Berlin
609;Budde-Haus – Soziokulturelles Zentrum Leipzig-Gohlis
610;Bund für Dt. Schrift und Sprache
611;Bundesverb. Alphabetisierung und Grundbildung
612;Bundesverband Junger Autoren und Autorinnen e.V.
613;Bundesverband junger Autoren und Autorinnen (BVjA)
614;Bundeswettbewerbe der Berliner Festspiele
615;Burg Verlag
616;Burg-Verl.
617;Burgenländisch-Hianzische Gesellschaft
618;Burgenwelt-Verl.
619;Burghügel
620;Burghügelverl.
621;Burkana-Verl.
622;Busch Books
623;Butze
624;Butzon & Bercker
625;Bvv, Buchvolkverl.
626;Bächtold
627;Bäßler
628;Böhland & Schremmer Verlag
629;Böhlau-Verlag
630;Böhme
631;Bübül Verlag
632;Büchergilde Gutenberg
633;Bücherplantage UG
634;Büchner
635;Büchner-Verlag
636;Büchse d. Pandora
637;Büchse der Pandora
638;Bürger- und Heimatverein Barßel e.V.
639;Bürgerstiftung Düren
640;Büro Wilhelm Verlag
641;C & N
642;C&C - Contact & Creation
643;C. A. Vinandy
644;C. Anastassiou c/o Atelier am Alsterfleet
645;C. Bertelsmann
646;C. Gansen-Hainze
647;C. Greene, c/o autorenglück.de
648;C. M. Brendle Verlag
649;C. Schartner
650;C. Simon
651;C. Wachsmann
652;C.-P. Peters
653;C.A. Raaven, c/o Papyrus Autoren Club R.O.M. Logicware GmbH
654;C.F. Portmann Verlag
655;C.H. Beck
656;C.W. Leske Verlag
657;CARDAMINA VERLAG Susanne Breuel
658;CARE Deutschland e.V
659;CAT creativ + Papierfresserchens MTM-Verlag
660;CBK Productions
661;CBK-Productions
662;CH. SCHROER
663;CHORA
664;CINDIGO
665;CLIO
666;CLV, Christliche Literatur-Verbreitung
667;CM Medienverlag
668;CM-Medienverl.
669;CMS Verlagsgesellschaft
670;CMS-Verl.-Ges.
671;CMZ
672;COD-Verl.
673;CSV, Christliche Schriftenverbreitung
674;CSV, Verl. Christliche Schriftenverbreitung
675;CTM Lesekultur, Christine Reiter
676;CW Niemeyer
677;CW Niemeyer Buchverlag GmbH
678;CW Niemeyer Buchverlage GmbH
679;Calambac Verlag
680;Calderan
681;Callwey
682;Calvendo
683;Cameo
684;Candela
685;Candela-Verl.
686;Caput Musikverlag
687;Capybarabooks
688;Caracol Verlag
689;Cardamina-Verl. Breuel
690;Care-Line
691;Carin Müller c/o Die Bücherfee Karina Reiß
692;Carinus Rotlinde c/o autorenglück.de
693;Carl Hanser Verlag
694;Carl Schünemann Verlag
695;Carl Stephenson Verlag GmbH & Co. KG
696;Carl-Auer Verlag GmbH
697;Carl-Auer-Verl.
698;Carla Eisfeldt c/o Block Services
699;Carlesso
700;Carlesso Verlag
701;Carlesso-Verl.
702;Carmen Mayer
703;Carmen Silvia Gratias, Baroness von Dornberg
704;Carola Heine
705;Caroline Raven
706;Carow Verlag
707;CarpeGusta
708;Carsten Nichte
709;Cartagena
710;CeS V
711;Celtic Rose
712;Cenarius
713;Centre National de Littérature
714;Ch. Möllmann
715;Chaospony Verlag
716;Chaotic Revelry Verl.
717;Chaotic-Revelry-Verl.
718;Charles Verlag
719;CharlesVerlag
720;Charlotte Prang
721;Chasa Editura Rumantscha
722;Chat Noir
723;Chawila
724;Cherrytea Verlag
725;Chiliverl.
726;Chiliverlag
727;Chill Media
728;China Fan Verlag
729;Christa Maria Buß
730;Christa Schloßmacher
731;Christel Gilberg
732;Christel Göttert Verlag
733;Christian Grimm
734;Christian Piesch
735;Christiane Kromp
736;Christine Schwarzmüller
737;Christliche Schriftenverbreitung
738;Christliche Verlagsgesellschaft
739;Christoph Merian Verlag
740;Christoph-Merian-Verl.
741;Chronos
742;Civitas Imperii Verlag
743;Claassen
744;ClauS-Verl.
745;Claudia Berwert, diasign.ch
746;Claudia C. Strauß
747;Claudia Cliff
748;Claudia Freyer
749;Claudia Otte
750;Claudia Wendt
751;Claudia Wollny Edition
752;Claudius
753;Claus Beese
754;Cleo Rivers c/o Gwendolyn Wynter Autorenimpressum
755;Cleo Rivers, c/o Gwendolyn Wynter Autorenimpressum
756;Cleya
757;Club der Sinne
758;CoCon
759;CoCon-Verl.
760;CoCon-Verlag GmbH
761;Cobra
762;Cobra Verlag
763;Coburger Autorengemeinschaft Schreibsand
764;Cocon
765;Codi-Verl.
766;Cogitare Verlag
767;Cogitare-Verl.
768;Colorama
769;Community Editions
770;Compact
771;Con-Text, Bronisch
772;Conabru-Verl.
773;Concepcion Seidel
774;Concepcion Seidel OHG
775;Concept Leben, Werbe- und Einkaufsgesellschaft für den konfessionellen Buchhandel mbH
776;Connewitzer Verl.-Buchh. Hinke
777;Connewitzer Verlagsbuchandlung
778;Connewitzer Verlagsbuchhandlung
779;Connewitzer Vlgsbuchhdlg
780;Conte
781;Conte Verlag
782;Conte-Verl.
783;Conte-Verlag
784;Contessa-Verl.
785;ContraPunkt
786;Cool-Verl.
787;Coppenrath
788;Coppenrath Verlag GmbH & Co. KG
789;Copy-us-Verl.-GmbH
790;Cornelia-Goethe-Literaturverl.
791;Cornelsen
792;Corso
793;Cortex Unit
794;Cosmopolitan-Art-Verl.
795;Cosmos Verlag
796;Cosmos-Verl.
797;Crago-Verl.
798;Crearta
799;Creastro Verlag
800;Creastro-Verlag
801;CreateSpace
802;CreateSpace Indipendent Publishing Platform
803;Crespo Foundation
804;Cross Cult
805;Culex-Verl.
806;CulturTainment
807;Cupido Books
808;Custos-Verl.
809;Cuvillier
810;Cyber Publishing e-Verlag GmbH
811;Czernin
812;Czernin Verlag
813;D. Hartung
814;D. Rauskolb
815;D. Sargon
816;D. von Reeken
817;DAS GRAMM e.K.
818;DAS SYNDIKAT – Autorengruppe deutschsprachige Kriminalliteratur A.I.E.P.
819;DCS
820;DEMMLER VERLAG
821;DG-Eigenverlag
822;DHBW Mannheim
823;DIWAN
824;DIWAN Verlag
825;DNMP, Daniel Neumann Medienproduktion
826;DOBU-Verl.
827;DREIERLEI
828;DRP Rosenkreuz Verlag
829;DRW-Verl. Weinbrenner, Braun
830;Dabbelju-Verl.
831;Daedalus Verlag
832;Daedalus-Verl.
833;Dahlemer Verl.-Anst.
834;Daidalos DruckWerke
835;Dana Müller
836;Daniel Osthoff Verlag
837;Daniela Vogel
838;Daphne Bühner c/o Autorenbetreuung Carole Minn
839;Dark-Empire-Verlag
840;Das Entlebucher Medienhaus
841;Das Erotische Sekretariat
842;Das Goldene Tor
843;Das Neue Berlin
844;Das Verlag
845;Das Wetter – Magazin für Text und Musik
846;Das erotische Sekretariat
847;Dağyeli
848;Db-Verl.
849;De Gruyter
850;DeBehr
851;DeWinter Waldorf Glass
852;Dead-Soft-Verl.
853;Debras-Verl.
854;Dein-Lieblingsbuch
855;Dein-Lieblingsbuch Atelier & Verlag
856;Delta X Verlag e.U.
857;Deltus
858;Demmler
859;Demosthenes-Verl.
860;Dendron
861;Denkmayr
862;Dennerlein, Irmgard
863;Der Doppeldaumenmann c/o Block Services
864;Der Erzählverlag
865;Der Fabrik Verlag
866;Der Kleine Buch Verlag
867;Der Kleine Buch-Verl.
868;Der Neue Morgen
869;Der Starke Verl.
870;Der Verlag Dr. Snizek
871;Der Wolf Verlag
872;Der gesunde Menschenversand
873;Der gesunde Menschenversand GmbH
874;Derk Janßen Verlag
875;Design Pavoni Verlag
876;Deuticke
877;Deutsche Literaturgesellschaft
878;Deutsche Verlags-Anstalt
879;Deutscher Taschenbuch-Verl.
880;Deutscher Theaterverlag
881;Dgv, Digitalverl.
882;Dialog-Edition
883;Dialogverlag
884;Diana Brandstetter
885;Diana TB
886;Diana-Verl.
887;Diaphanes
888;DichtFest GbR
889;DichterSchreibenverl.
890;Dichterwettstreit deluxe
891;Die 7 Zwerge e.V.
892;Die Andere Bibliothek
893;Die Geschichtenfabrik
894;Die Glücksoase
895;Die Gruppe 48 e.V.
896;Die Phantasten
897;Die Provinz GmbH - Gemeinnützige Gesellschaft für Kulturprojekte
898;Die Provinz GmbH - Kulturprojekte
899;Die Provinz GmbH - gemeinnützige Gesellschaft für Kulturprojekte
900;Die Provinz GmbH – Kulturprojekte
901;Die Schatzkiste
902;Die experimenta erscheint bei EDITION MAYA
903;Die2 Verlag
904;Diederichs
905;Dielmann
906;Dielmann, Axel
907;Dieter von Reeken
908;Dietrich, Gabriella
909;Dietschi
910;Digitalreprint
911;Dillmann Verlag
912;Diogenes
913;Diotima Verlag
914;Dirk-Laker-Verlag
915;Distillery
916;Dittrich
917;Docupoint
918;Docupoint-Verl.
919;Doering
920;Dokumentationsstelle für Neuere Österr. Literatur
921;Dominikanerkloster Prenzlau
922;Dominoplan
923;Domowina-Verlag
924;Donat
925;Donat Verlag
926;Donauschwäbische Kulturstiftung
927;Donny-Stieven-Verl.
928;DoplPack
929;Dorante Ed.
930;Dorante Edition
931;Dorante-Ed.
932;Dorferneuerungsverein Prigglitz
933;Doris Maria Scholz
934;Doris Mock-Kamm
935;Dorise
936;Dorise-Verl.
937;Dorise-Verlag
938;Doro Koch
939;Dortmund-Verl.
940;Dortmund-Verl.de
941;Dortmunder Buch
942;Dosse-Verl.
943;Dover Publ.
944;Dover Publications, Inc.
945;Dr. Agnes Innerhofer, Hubert Loinichler
946;Dr. Constantin Pana Buchverlag
947;Dr. Gisela Lermann Verlag
948;Dr. Jürgen Oberle
949;Dr. Maria Zaffarana
950;Dr. Martin Bethke Storyvents
951;Dr. Thorsten Menke, terra autistica
952;Dr. Ziethen Verlag
953;Drachen-Verl.
954;DrachenStern Verlag
955;Drachenhaus Verlag
956;Drachenmond Verlag
957;Drachenmond-Verl.
958;Drachenstern Verlag
959;Draconis Books
960;Draksal Fachverlag
961;Draksal Fachverlag GmbH
962;Draufhau-Verl.
963;Draupadi
964;Draupadi Verlag
965;Draupadi-Verl.
966;Draupadi-Verlag
967;Drava
968;Drava-Verl.
969;Dreambook-Verl.
970;Drei Birken Verlag
971;Drei Kastanien Verlag
972;Drei-Birken-Verl.
973;Drei-Eichen-Verl.
974;Drei-Punkte-Verlag
975;Dresdner Verl.
976;Dresdner Verlag
977;Drey-Verl.
978;Driesch Verlag
979;Droemer
980;Droemer Knaur
981;Droemer Taschenbuch
982;Dromos-Verl.
983;Droste
984;Druck-Team
985;Druckerei Odenwälder
986;Druckerpresse-Verlag UG
987;Druckmedienzentrum
988;Druckwerkstatt-Kollektiv-Verl.
989;Dryas-Verl.
990;Dt. Literaturges.
991;Dt. Literaturverl.
992;Dt. Lyrik-Verl. (dlv)
993;Dt. Rotes Kreuz, Ortsverein Hameln
994;Dt. Schillerges.
995;Dt. Taschenbuch-Verl.
996;Dt. Taschenbuch-Verl. 5106842
997;Dt. Taschenbuchverl.
998;DuMont
999;DuMont Buchverlag
1000;Duensing
1001;Duktus-Verl.
1002;Duncker & Humblot
1003;Dup
1004;Durchblick-Siegen Information und Medien
1005;Dutschke-Verl.
1006;Dörfler
1007;Dörlemann
1008;E. Adler
1009;E. Blaich
1010;E. Frieko
1011;E. Schuster
1012;E. Truninger
1013;E. Weber Verlag
1014;EDITION ALLGÄU im Verlag HEPHAISTOS
1015;EDITION SIGNAThUR
1016;EDITION XXL
1017;EDITION digital
1018;EINBUCH Buch- und Literaturverlag
1019;ELMAR Verlag
1020;ELV, Eifeler Literaturverlag
1021;ELVEA
1022;ELYSION
1023;ELYSION-BOOKS
1024;ELfA-Verlag
1025;EOS
1026;EPLA-Verl.
1027;EPLA-Verlag
1028;EPV
1029;EPV Elektronik-Praktiker-Verlagsgesellschaft mbH
1030;EPV, Elektronik-Praktiker Verl.-Ges.
1031;ERNi Druck und Media AG
1032;EROSTEPOST- Verein für Literatur und Literaturzeitschrift
1033;ERZDRUCK
1034;ERZDRUCK GmbH
1035;ETAINA
1036;EU, Ed. Unbuch
1037;EWK-Verl.
1038;Easy Readers
1039;EasyOriginal Verlag
1040;Eberhard Brunier Verlag
1041;Eberl
1042;Ebersbach & Simon
1043;Ebner
1044;Echomedia-Buchverl.
1045;Echter
1046;Echtzeit-Verl.
1047;Eckelt Consultants GmbH
1048;Eckermann-Verl.
1049;Eckhard Bodner
1050;Eckhart Schmidt Publishing
1051;Eckharts Verlag
1052;Eckhaus Verlag
1053;Ed.  Büchergilde
1054;Ed. 333
1055;Ed. 6065
1056;Ed. 8
1057;Ed. A
1058;Ed. ALFA
1059;Ed. Alpha-Beta-Verl.
1060;Ed. Andrann
1061;Ed. Aramo
1062;Ed. Art Science
1063;Ed. Atelier
1064;Ed. Augenblick
1065;Ed. Auvidarte
1066;Ed. Baes
1067;Ed. Binsfeld
1068;Ed. Blaes
1069;Ed. Blaue Feder
1070;Ed. Bruder
1071;Ed. Buchbar
1072;Ed. Buntehunde
1073;Ed. Bärenklau
1074;Ed. Büchergilde
1075;Ed. Ch
1076;Ed. Contra-Bass
1077;Ed. Cultura 3,14
1078;Ed. Diesbach
1079;Ed. Dorante
1080;Ed. Dornbrunnen
1081;Ed. Dudenhöffer
1082;Ed. Ebersbach
1083;Ed. Einhorn
1084;Ed. Eizenbergerhof
1085;Ed. Exil
1086;Ed. Fetzer
1087;Ed. Filidor
1088;Ed. Fischer
1089;Ed. Forsbach
1090;Ed. Freiberg
1091;Ed. Fünf
1092;Ed. Galerie Vevais
1093;Ed. Garamond
1094;Ed. Gedankenreise
1095;Ed. Geheimes Wissen
1096;Ed. Gelsen
1097;Ed. Godewind
1098;Ed. Hartmann, AutorInnenverl.
1099;Ed. Howeg
1100;Ed. Hü & Hott
1101;Ed. Hübscher
1102;Ed. Hüne
1103;Ed. Innsalz
1104;Ed. Isele
1105;Ed. Jera
1106;Ed. K
1107;Ed. Kalliope
1108;Ed. Keiper
1109;Ed. Ki
1110;Ed. KoCheck
1111;Ed. Koch
1112;Ed. Kopfsalat
1113;Ed. Köndgen
1114;Ed. Lagarto
1115;Ed. Lepidoptera
1116;Ed. Leserunde
1117;Ed. Libri Kami
1118;Ed. Linz, Bibliothek der Provinz
1119;Ed. Litera
1120;Ed. Litera im R.-G.-Fischer-Verl.
1121;Ed. Literaturgarten
1122;Ed. Lithaus
1123;Ed. Lumière
1124;Ed. M
1125;Ed. M&S
1126;Ed. Meerauge
1127;Ed. Memoria
1128;Ed. Mokka
1129;Ed. Musagetes
1130;Ed. Märkische LebensArt
1131;Ed. Märkische Lebensart
1132;Ed. Nachtgänge
1133;Ed. Narrenflug
1134;Ed. Nautilus
1135;Ed. Noack & Block
1136;Ed. Nord
1137;Ed. Nordwindpress
1138;Ed. Nove
1139;Ed. Oberkassel
1140;Ed. Paashaas
1141;Ed. Paashaas-Verl.
1142;Ed. PaperONE
1143;Ed. PaperOne
1144;Ed. Pongratz
1145;Ed. Prowinzling
1146;Ed. Punktuell
1147;Ed. Pächterhaus
1148;Ed. Rester
1149;Ed. Roesner
1150;Ed. Roter Drache
1151;Ed. Rugerup
1152;Ed. SOLAR-X
1153;Ed. Saarländisches Künstlerhaus
1154;Ed. Schaumberg
1155;Ed. Schwarzdr.
1156;Ed. Signathur
1157;Ed. Silberflügel
1158;Ed. Sisyphos
1159;Ed. Solitär
1160;Ed. Sonnberg
1161;Ed. Sonne & Mond
1162;Ed. Splitter
1163;Ed. Stadtcafé
1164;Ed. Subkultur
1165;Ed. Tandem
1166;Ed. Temmen
1167;Ed. Terra
1168;Ed. Text und Media
1169;Ed. Thaleia
1170;Ed. Thurnhof
1171;Ed. Tiamat
1172;Ed. Tintenfass
1173;Ed. Tintenfaß
1174;Ed. Tirol
1175;Ed. Trèves
1176;Ed. Töpfl
1177;Ed. Va Bene
1178;Ed. Wartenau
1179;Ed. Wendepunkt
1180;Ed. Wilderermuseum
1181;Ed. Winddruck
1182;Ed. Winkler-Hermaden
1183;Ed. Winterwork
1184;Ed. Wort
1185;Ed. Wort Werk
1186;Ed. Zweihorn
1187;Ed. Zwiefach
1188;Ed. Zwischen Wetterstein und Bodensee
1189;Ed. altavilla
1190;Ed. an der Spree
1191;Ed. artexlibris
1192;Ed. fotoTAPETA
1193;Ed. lex liszt 12
1194;Edel
1195;Eden Books
1196;Edika
1197;Edita Gelsen
1198;Edition 6065
1199;Edition 8
1200;Edition A.B. Fischer
1201;Edition AV
1202;Edition AVL
1203;Edition AVRA
1204;Edition Abel
1205;Edition Allgäu
1206;Edition Allgäu im Verlag HEPHAISTOS
1207;Edition Altlasten im Schreibgarten bei Lulu
1208;Edition Art Science
1209;Edition Atelier
1210;Edition Aurum
1211;Edition Aurum Verlag
1212;Edition Ausblick
1213;Edition Avra
1214;Edition Baes
1215;Edition Benu
1216;Edition Blaes
1217;Edition Blau
1218;Edition Blau, Belletristik im Rotpunktverlag
1219;Edition Blau, Rotpunktverlag
1220;Edition Blaue Feder
1221;Edition Blume
1222;Edition Bücher Beckwermert
1223;Edition Büchergilde
1224;Edition Calamus
1225;Edition Combes
1226;Edition Combes im Verlag Frank de la Porte
1227;Edition Contra-Bass
1228;Edition Denzstraße, Frank Osthoff
1229;Edition Dichtungsring
1230;Edition Dornbrunnen
1231;Edition Dr. Strahalm
1232;Edition Eigenfarben
1233;Edition Eizenbergerhof
1234;Edition Epoca
1235;Edition Exovo
1236;Edition FZA
1237;Edition Falkenberg
1238;Edition Faust
1239;Edition Federleicht
1240;Edition Fichter
1241;Edition Fischer
1242;Edition Flaschenpost
1243;Edition Forsbach
1244;Edition Freiberg
1245;Edition Garamond
1246;Edition Geheimes Wissen
1247;Edition Groschengrab
1248;Edition Hamouda
1249;Edition Heinemann
1250;Edition Howeg
1251;Edition Hübscher
1252;Edition Irrsee
1253;Edition Isele
1254;Edition J.J. Heckenhauer
1255;Edition JP
1256;Edition Jo Strauß
1257;Edition Kalk
1258;Edition Karl H. Pfob
1259;Edition Keiper
1260;Edition Kinemathek im Ruhrgebiet
1261;Edition Kleine Zeitung
1262;Edition Korrespondenzen
1263;Edition Krautgarten
1264;Edition Köndgen
1265;Edition Kürbis
1266;Edition LASENECA
1267;Edition LEU
1268;Edition Lagarto
1269;Edition Laurin
1270;Edition Lempertz
1271;Edition Lükk Nösens
1272;Edition MOTOR
1273;Edition Marbuelis
1274;Edition Maulhelden
1275;Edition Meerauge
1276;Edition Michel Forêt
1277;Edition Miromente
1278;Edition Monhardt
1279;Edition Märkische LebensArt
1280;Edition Märkische Reisebilder
1281;Edition NarrARE
1282;Edition Narrenflug
1283;Edition Nautilus
1284;Edition Nautilus GmbH
1285;Edition Noack & Block
1286;Edition Octopus
1287;Edition Osiris MIC GmbH
1288;Edition Outbird
1289;Edition Paashaas Verlag
1290;Edition Pauer
1291;Edition Pommern
1292;Edition QVV
1293;Edition R. G. Fischer
1294;Edition R.G. Fischer
1295;Edition Raetia
1296;Edition Regensburg
1297;Edition Region + Geschichte
1298;Edition Reichlin
1299;Edition Roesner
1300;Edition Roter Drache
1301;Edition SOLAR-X
1302;Edition Saarländisches Künstlerhaus
1303;Edition Schlitzohr
1304;Edition Schreibkraft, Graz
1305;Edition Schwarzdruck
1306;Edition Signathur
1307;Edition Sprach-Los
1308;Edition Spörlstein
1309;Edition Staub
1310;Edition Subkultur
1311;Edition TIAMAT
1312;Edition Tandem
1313;Edition Temmen
1314;Edition Text und Media
1315;Edition Thomas Seng in der Werkstattgalerie & Verlag
1316;Edition Thurnhof
1317;Edition Tintenfass
1318;Edition Tintenfaß
1319;Edition Tirol
1320;Edition Trailer Spot
1321;Edition Töpfl
1322;Edition Virgines
1323;Edition Vorgelweide
1324;Edition W
1325;Edition Wasserburg
1326;Edition Weinviertel
1327;Edition Weinviertel / Edition Neue Wege / Regionalverlag.at
1328;Edition Wendepunkt
1329;Edition Weserhaus
1330;Edition Widar
1331;Edition Wilderermuseum
1332;Edition Winterwork
1333;Edition Wittchen
1334;Edition Wundergrün
1335;Edition Zeitblende
1336;Edition anderswo
1337;Edition fabrik.transit
1338;Edition soziologie heute
1339;EditionArtScience
1340;Editionnova
1341;Editions Leonis
1342;Editions Saint-Paul
1343;Editora Girabrasil
1344;Effecteve-Verl.
1345;Effekt! - Buchverlag
1346;Ehe Familie Buch
1347;Ehrenberg-Verl.
1348;Eichborn
1349;Eichenspinner Verlag
1350;Eichenspinner-Verl.
1351;Eifelbildverlag
1352;Eifeler Literaturverlag
1353;Eigen-Verlag, J.-C. Sermond
1354;Eigenart-Verlag
1355;Eigenverlag
1356;Eigenverlag (Kindle Direct Publishing)
1357;Eigenverlag Bernd Michael Hanel
1358;Eigenverlag Karl Mader
1359;Eigenverlag Manfred Strolz
1360;Eigenverlag Max und Ruth Künzi-Frauchiger
1361;Eigenverlag Micha Fuchs
1362;Eigenverlag Rolf Barkhorn
1363;Eigenverlag S. Philipp
1364;Eigenverlag Wolfgang Domma
1365;Eigenverlag-Liweitari Publishing
1366;Einbuch Buch- und Literaturverlag
1367;Einbuch, Buch- und Literaturverl.
1368;Einfach Lesen
1369;Einhorn-Verl.
1370;Eire Verlag
1371;Eire-Verl.
1372;Eisenhut-Verl.
1373;El Faro Verlag
1374;ElIbiary
1375;Elbaol Verlag Hamburg
1376;Elbaol-Verl.
1377;Elbufer Verlag
1378;Elbverl.
1379;Elbverl. Rossi
1380;Elbverlag
1381;Elbverlag Magdeburg
1382;Eldur
1383;Eldur Verlag
1384;Elf-Uhr-Verl.
1385;Elfenbein
1386;Elif Verlag
1387;Eligia Goroncy Verlag
1388;Elisabeth Decesso
1389;Elisabeth Rüdinger
1390;Elke Bockamp
1391;Elke Krys
1392;Ellert & Richter
1393;Ellert & Richter Verlag
1394;Ellie Harding c/o Steffen TextArt
1395;Elmar Langenbacher Verlag
1396;Elmar S. Hruby
1397;Elsengold
1398;Elsinor
1399;Elsinor Verlag
1400;Elsinor-Verl.
1401;Elster
1402;Elster & Salis AG
1403;Elster Verlag
1404;Elster-Verl.
1405;Elvea Verlag
1406;Elvea-Verl.
1407;Elysion
1408;Elysion-Books
1409;Em Huisken Musik und Wort
1410;Emmerich Book & Media
1411;Emmerich Books & Media
1412;Emons
1413;Emons Verlag
1414;Endres-Editionshaus
1415;Engeldorfer Verl.
1416;Engeler
1417;Engeler-Verlag
1418;Engelportal-Verl.
1419;Engelsdorfer Verl.
1420;Engelsdorfer Verl.***89586
1421;Engelsdorfer Verlag
1422;Engelsdorfer-Verl.
1423;Engstler
1424;Ennsthaler
1425;Entenpress
1426;Epla-Verlag
1427;Epospresse-Verl.
1428;Eppe
1429;Epubli
1430;Epubli, Verl.-Gruppe Holtzbrinck
1431;Erata-Literaturverl.
1432;Erfurter Herbstlese e.V.
1433;Ergon
1434;Ergon-Verl.
1435;Erich Weiß Verlag
1436;Eridanus Verlag
1437;Erika Hörzer
1438;Ernst Reinhardt Verlag
1439;Ernst Schnellmann
1440;Ernst-Moritz-Arndt-Gymnasium
1441;Esch Verlag
1442;Espenlaub-Verl.
1443;Espero-Verlag
1444;Esras.net
1445;Ess
1446;Esslinger
1447;Etaina
1448;Etaina-Verl.
1449;Eugen Füner
1450;Eugen Grinschuk
1451;Eulenspiegel
1452;Eulenspiegel Verlag
1453;Eulenspiegel-Verl.
1454;Europ. Univ.-Verl.
1455;Europa Buch
1456;Europa Verlagsgruppe
1457;Europäischer Hochschulverlag
1458;Europäischer Literaturverlag
1459;Europäischer Universitätsverlag
1460;Eva Lirot
1461;Eva Maria Klima
1462;Eva Saunders
1463;Evang. Ges.
1464;Evang. Verl.-Anst.
1465;Evangelische Verlagsanstalt
1466;Evangelischer Presseverband
1467;Even Terms Press
1468;Ewald Dworak
1469;Exchange and Dialogue
1470;F. Irmscher
1471;F. Sargus
1472;F. Westermann
1473;F.W. Becker GmbH
1474;FABW Verlag
1475;FAW-Verlag
1476;FH Joanneum, Studiengang Informationsdesign
1477;FHL-Taschenbuch-Verl.
1478;FISCHER Taschenbuch
1479;FRED & OTTO - Der Hundeverlag
1480;FV, FahnauerVerlag
1481;Faber & Faber
1482;Fabrik.transit
1483;Fabuloso
1484;Fabuloso Verlag
1485;Fabuloso Verlag Gudrun Strüber
1486;Fabuloso-Verl.
1487;Fabuloso-Verl. Strüber
1488;Fabuloso-Verl. Stübner
1489;Fabylon
1490;Factum Coloniae
1491;Facultas
1492;Fagulon-Verlag
1493;Fahner
1494;Fakriro GbR
1495;Fantastic Shades
1496;Fantasy-Welt-Zone-Verl.
1497;Faro
1498;Fe-Medien
1499;Fechner-Sabo
1500;Feder & Schwert
1501;Feder-Ed.
1502;Federblau-Verl.
1503;Federfrei
1504;Fehnland Verlag
1505;Fehnland-Verlag
1506;Feiyr
1507;Fel!x
1508;Feldhaus Verlag GmbH & Co. KG
1509;Feldmann
1510;Felicitaris, Felix Marschall
1511;Felix Marschall
1512;Festa
1513;Feuertanz-Verlag
1514;Filidor-Verl.
1515;Fink
1516;Fireflies Press
1517;First-Minute-Taschenbuchverl.
1518;Fischer
1519;Fischer & Fischer Medien
1520;Fischer Digital
1521;Fischer Krüger
1522;Fischer Taschenbuch
1523;Fischer, R. G.
1524;Fischer-&-Fischer-Medien
1525;Fischer-Taschenbuch-Verl.
1526;Fischerinsel-Eigenverl.
1527;Fischern
1528;Flying Grandpa
1529;Fohrmann Verlag
1530;Folio Verlag
1531;Folio-Verl.
1532;Fondation Servais pour la littérature luxembourgeoise
1533;Fontaine Verlag
1534;Fontana Edizioni
1535;Fontana edizioni
1536;Fontis
1537;Fontis Brunnen Basel
1538;Format
1539;Format Druckerei & Verlagsgesellschaft mbH
1540;Forum Gundernhausen
1541;Forum Stadtkirche Wunstorf
1542;Forumhelden GmbH
1543;Fouqué-Literaturverl.
1544;Francke
1545;Frank
1546;Frank Baranowski
1547;Frank-Thomas Mitschke
1548;Franke Verlag
1549;Frankfurter Allg.  Buch
1550;Frankfurter Literaturverl.
1551;Frankfurter Literaturverlag
1552;Frankfurter Societäts-Medien
1553;Frankfurter Verl.-Anst.
1554;Franz Greno
1555;Franzbrötchen-Verlag
1556;FrauenMuseum
1557;Frauenmuseum
1558;Frauenzimmer Verlag
1559;Free Pen Verlag
1560;Free-Pen-Verl.
1561;Freiburger-Echo-Verl. Duda
1562;Freiwillige Feuerwehr Haiterbach, Abt. Haiterbach
1563;Frenzongs Publ.
1564;Freunde der Literatur in Bayern e.V.
1565;Freundeskreis des Literaturhauses Schleswig-Holstein
1566;Freya
1567;Freya-Verl.
1568;Frick
1569;Friedenauer Presse
1570;Friedmann
1571;Friedrich
1572;Friedrich Reinhardt Verlag
1573;Frieling
1574;Frieling-Verlag
1575;Frieling-Verlag Berlin
1576;Friesische Philologie/Nordfriesische Wörterbuchstelle, Christian-Albrechts-Universität zu Kiel
1577;Fritz Ucik
1578;Fritzsche
1579;Fuchs
1580;Fundus-Verl.
1581;Fölbach
1582;Förderverein Amtliche Vermessung im Kanton Bern
1583;Förderverein Stadtmuseum Hattingen
1584;Förderverein für das Erich Kästner Museum
1585;Förderverein für das Erich-Kästner-Museum
1586;Förderwerk Elbinseln
1587;Förster
1588;G-Medien GmbH
1589;G. Braun Buchverlag
1590;G. Grob
1591;G. Perkams
1592;G. Pils
1593;G.-D. Witt
1594;GDruck-Verl.
1595;GEDOK Brandenburg
1596;GEROJOKO
1597;GEV
1598;GGSV
1599;GNN Verlag
1600;GOYA
1601;GPW-Medienverl.
1602;GRÄV, Verl. der Gräfelfinger Gelegenheitsschreiber
1603;GRÄV, Verlag der GRÄGS
1604;GUC
1605;Gabriela Hofmann
1606;Gabriele Kaltofen
1607;Gabriele Schäfer Verlag
1608;Gala-Ed.
1609;Galiani
1610;Galiani Berlin
1611;Galli
1612;Gallimard
1613;Gangan Verlag
1614;Gans Verlag
1615;Ganymed Edition
1616;Garamond, der Wissenschaftsverlag
1617;Garant
1618;Gardez!-Verl.
1619;Gareis Marketing Kommunikation
1620;Gareis Marketing. Media
1621;Gareis Marketing.Media
1622;Garnies
1623;GartenWEden Verlag
1624;Gebr. Nadelmann
1625;GedankenReich
1626;Geest
1627;Geest-Verl.
1628;Geest-Verlag
1629;Gehrke
1630;Geiger
1631;Geiger-Verlag
1632;Geistkirch
1633;Geistkirch Verlag
1634;Geistkirch-Verl.
1635;GeistkirchVerlag
1636;Gelsing & Hoch Literaturverlag GbR
1637;Gemeinde Kemmern
1638;Gemeinde Wardenburg
1639;Gemeinnütziger Verein zur Förderung des Literaturschaffens und des kulturellen Austauschs zwischen Deutschen und Polen e.V.
1640;Gemma
1641;Genniges
1642;Gentner
1643;Georg Olms Verlag
1644;Georg-Britting-Stiftung
1645;Georg-von-Toyberg-Verl.
1646;Gerhard Hess Verlag
1647;Gerhard Oppel
1648;Gerhard Staflinger
1649;Gerhard W.H. Köhn
1650;Gerhard-Hess-Verlag
1651;Gerlinger, Stefan
1652;Gernot Kröger
1653;Gerth Medien
1654;Gerth Medien GmbH
1655;GerthMedien
1656;Gietl
1657;Gilgamesch-Verlag
1658;Gilles & Francke
1659;Gipfelbuch-Verl.
1660;Girgis
1661;Girgis Verlag
1662;Gisela Hess-Hatting
1663;Gisela Rieger
1664;Gisler Medien, Gisler 1843 AG
1665;Glaré
1666;Glentorf
1667;Glentorf-Verl.
1668;Glossabooks
1669;Glückskindverl.
1670;Gmeiner
1671;Gmeiner-Verlag
1672;Gmeiner-Verlag GmbH
1673;Gmünder
1674;Goa Kana & Waratfy Ztaia
1675;Goedeke
1676;Goethe Universität Frankfurt
1677;Goethe-Werkstatt
1678;Goki
1679;Goldegg Medienakademie
1680;Goldegg Verlag
1681;Goldegg-Verl.
1682;Golden Luft Verlag
1683;Goldene Rakete Verlag für Belletristik
1684;Goldmacher
1685;Goldmann
1686;Goldschmidt GmbH
1687;Goldstaub Verlag
1688;Goldwaage-Verl.
1689;Golkonda Verlag
1690;Gollenstein
1691;Gollenstein Verlag
1692;Gollenstein-Verl.
1693;Golos-Press
1694;GolubBooks
1695;Goskonzept
1696;Graf
1697;Grafische Anstalten Hassa & Karl GbR
1698;Grafit
1699;Grafotlac Soltys
1700;Grafotlač Šoltys
1701;Gralsverl.
1702;Graph. Werkstätten
1703;Graphiti
1704;Grass Publishers
1705;Greifenverl.
1706;Greifenverlag
1707;Grenda
1708;Greta Arend
1709;Gretus Verlag
1710;Greven
1711;Groh
1712;Groh Verlag, ein Imprint der Verlagsgruppe Droemer Knaur GmbH & Co. KG
1713;Grolitsch
1714;Grote
1715;Grubbe
1716;Grubbe Media
1717;Gruber
1718;Grundblick-Verl.
1719;Grupello
1720;Gryphon-Verl.
1721;Gräfe und Unzer Verlag GmbH
1722;Gröls Verlag
1723;Größenwahn Verlag
1724;Größenwahn-Verl.
1725;Grünberg
1726;Grüne Aue
1727;Grünkreuzverl.
1728;Gudrun Schultheiss
1729;Gudruns Töchter
1730;GuideMedia Verlag GbR
1731;Guido Bruggmann
1732;Gulde Druck
1733;Gunda-Werner-Institut
1734;Gunny Catell
1735;Gyadu - Ed. Isis
1736;Górnośląskie Centrum Kultury i Spotkań im. Eichendorffa
1737;Göttert
1738;Günther Emigs Literatur-Betrieb
1739;Günther Paffrath
1740;Gütersloher Verl.-Haus
1741;Gütersloher Verlagshaus
1742;H. Deinhammer
1743;H. Fleischle
1744;H. Gaicher
1745;H. Ganz
1746;H. Glatte
1747;H. Haßlauer
1748;H. Heinze
1749;H. Helnwein
1750;H. Markert
1751;H. Peter Bunks
1752;H. Pooschke
1753;H. Schaper
1754;H. Steinborn
1755;H. W. Fichter Kunsthandel und Ed.
1756;H. Weisenfeld
1757;H.-P. Lorang
1758;H.-U. Meisel
1759;HILLE Druckerei & Verlag
1760;HKL-Verl.
1761;HKL-Verlag
1762;HR-Verl.
1763;HS-Literaturverl.
1764;HW-Verl.
1765;Haag + Herchen
1766;Haffmans Verl. bei Zweitausendeins
1767;Haffmans Verlag bei Zweitausendeins
1768;Haffmans bei Zweitausendeins
1769;Haffnitz Verlag
1770;Hagebutte Verlag
1771;Hager
1772;Hager, Wolfgang
1773;Hai-tec Verlags- und Autorenservice
1774;Hai-tec-Verl.-und-Autorenservice
1775;Haileiht-Verlag
1776;Haileiht-Verlag vom Hai-tec Verlags- und Autorenservice
1777;Hajo Blum
1778;Halbhoch Verlag
1779;Hamburger Elbsommer
1780;Hamburger Haiku-Verl.
1781;Hamburger Lesehefte Verlag
1782;Hamburger-Lesehefte-Verl.
1783;Hammer
1784;Hamsah-Verl.
1785;Hanani-Verl.
1786;Hannah Winkler
1787;Hanno Herbst Musik & Buch
1788;Hans-Peter Bauer
1789;Hans-Werner Kulinna c/o Autorenglück.de
1790;Hansa-Verl.
1791;Hanser
1792;Hanser Berlin
1793;Hanser, Carl
1794;Hansi' sches Dr.-  und Verl.-Haus
1795;Hansisches Dr.- und Verl.-Haus
1796;Hansisches Druck- und Verlagshaus
1797;Harald Brettner
1798;Harald Grunder
1799;Harald Wiesmann
1800;Hardt & Wörner
1801;Harenberg, KV&H-Verl.
1802;Harrassowitz
1803;Harrassowitz,
1804;Hartmann
1805;Hartmut Krüpe-Silbersiepe
1806;Hartung-Gorre
1807;Hasenverl.
1808;Hassa & Karl Grafische Anstalten
1809;Hatje Cantz
1810;Hauptverb. des Österr. Buchhandels
1811;Hauptverband des Österreichischen Buchhandels
1812;Haus am Nepomuk
1813;Haus für Poesie
1814;Hawkify Books
1815;Haymon
1816;Haymon Taschenbuch
1817;Haymon Verlag
1818;Haymon-Taschenbuch
1819;Haymon-Verl.
1820;Hedwig Trinkler
1821;Heel
1822;Hegarda-Verl.
1823;Heiber
1824;Heike Rosa Maria Gaudenti
1825;Heimat- u. Geschichtsverein
1826;Heimat- und Kulturverein Dahme
1827;Heimat- und Museumsverein Thayaland
1828;Heimat- und Verschönerungsverein Bad Salzuflen e.V.
1829;Heimatbote Schwalmtal
1830;Heimatfreunde Winterbach
1831;Heimatkundlicher Verein für Südböhmen e.V.
1832;Heimatverein der Grafschaft Bentheim e.V.
1833;Heimatverl. Schrage
1834;Heimdall Verlag
1835;Heimdall Verlag, Digital Edition
1836;Heimdall-Verl. Digital Ed.
1837;Hein-Verlag
1838;Heiner Labonde Verlag
1839;Heinrich Thein
1840;Heinrich Tüffers Verlag GmbH
1841;Heinrichs-Verl.
1842;Heinz-Hermann Draab
1843;Heinz-Josef Scherer
1844;Heinz-Willi Dammers
1845;Helga Demuth
1846;Helga Helnwein
1847;Helios
1848;Hellinger Publ.
1849;Hellinger Publications
1850;Hellmund
1851;Helmer
1852;Helms
1853;Helmut P. Fleischhauer
1854;Helmut Schlaiß Verlag
1855;Helmut-Maletzke-Stiftung
1856;Hemmer
1857;Henrich-Ed.
1858;Henselowsky Boschmann
1859;Henss
1860;Hentrich & Hentrich
1861;Herausgeber Verlag
1862;Herausgeber.ch
1863;HerausgeberInnengemeinschaft Irrliche
1864;Herbert Schnaibel
1865;Herbert Wetterauer
1866;Herbst Medien
1867;Herder
1868;Herkules-Verl.
1869;Hermagoras
1870;Hermann Rath
1871;Hermann Scheffler
1872;Herramhof Verlag
1873;Herta Ahrenzmann c/o AutorenServices.de
1874;Herzsprung Verlag
1875;Herzsprung-Verlag
1876;Herzstückverlag
1877;Hess
1878;Hess Verlag
1879;Hesse & Becker
1880;Hessel
1881;Hessisches Literaturforum im Mousonturm e. V.
1882;HeuwägelchenBücher
1883;Heydär Äliyev Stiftung
1884;Heyn
1885;Heyne
1886;Heyne, W
1887;Hibarios
1888;Hierax Medien
1889;Hierophant-Verl.
1890;Hierophant-Verlag
1891;Hierreth
1892;Hildegard Tölke
1893;Hildesheimer Literaturverl.
1894;Hille Verlag
1895;Hiller, Jakob
1896;Himmel-Erde-Mensch-Verl.
1897;Himmelstürmer Verlag
1898;Hinstorff
1899;Hinterländer Geschichtsverein
1900;Hippomonte
1901;Hippomonte Publishing e.K.
1902;Hirmer
1903;Hirn Kastl & Herz
1904;Hirn-Kastl & Herz
1905;Hirnkastl & Herz
1906;Hirnkost
1907;Hirnkost KG
1908;Hirschberger
1909;Hirt
1910;Hkl-Verl.
1911;Hober Verlag
1912;Hochroth
1913;Hoepli
1914;Hoermann
1915;Hoffe Markenmanufaktur, WOLL Selbstverlag
1916;Hoffmann und Campe
1917;Hofmann
1918;Hohe-Dorst, Inka Maria
1919;Hohenheim-Verl.
1920;Holder
1921;Hollitzer
1922;Holzheimer
1923;HolzheimerVerlag
1924;HomeBooks
1925;Homo Littera
1926;Hora-Verl.
1927;Horizont Media Verlag
1928;Horlemann
1929;Hottenstein Buchverlag
1930;Hottenstein-Buchverl.
1931;House of the Poets
1932;Huber
1933;Hummelshain Verlag
1934;Hunold, Konstanze
1935;Hunter Verlag
1936;Husum
1937;Husum Druck- und Verlagsgesellschaft
1938;Hybrid Verlag
1939;Hydre Editions
1940;Hydre Éd.
1941;Hydre Éditions
1942;Hydre éditions
1943;Häusser-Media-Verl.
1944;Höchlerbach
1945;Höll
1946;Höll Verlag
1947;Hüsch & Hüsch
1948;Hüsch & Hüsch GmbH
1949;I. Reen Bow
1950;I. Rössl
1951;I. Welzig
1952;IATROS-Verlag und Services GmbH
1953;IDEA
1954;IDV AG
1955;IFB Verl. Dt. Sprache
1956;IFB-Verl. Dt. Sprache
1957;IKGS Verlag
1958;IKGS-Verl.
1959;IKOS
1960;IKOS-Verl.
1961;IL-Verlag
1962;ILV
1963;IMT-Verlag der SIMB e.U.
1964;INKAS
1965;INNSALZ
1966;IO-Verl.
1967;ISB-Verl.
1968;Iatros
1969;Iatros Verlag
1970;Iatros-Verl.
1971;Ibera
1972;Ibera-Verl.
1973;Ibidem-Verl.
1974;IchZwei-Verlag
1975;Ida Universum
1976;Idea, Ed. Pega
1977;Idee & Produkt Verlag
1978;Ideenbrücke Verlag
1979;Ideos
1980;Igel-Verl.
1981;Igel-Verl. Literatur
1982;Ihleo-Verl.-Büro
1983;Ikon-Verl.-GesmbH
1984;Ille & Riemer
1985;Ilona Bürgel
1986;ImPrint
1987;ImPrint Verlag
1988;ImPrint-Verl.
1989;In Farbe und Bunt
1990;Incubus Verlag
1991;Incubus-Verl.
1992;Independent Bookworm
1993;Independent Bookworm Verlag
1994;Independent Bookworm, c/o Dr. Kolata
1995;Indian-Summer-Edition
1996;Infinite Monkeys' Press
1997;Info & Idee Medien-Verlag
1998;Info Verlag GmbH
1999;Info-Verl.
2000;Inform-Verl.
2001;Inge Ivy Wassenberg
2002;Ingo Koch Verlag
2003;Ingo Stauch
2004;Ingrid Heim
2005;Initiative DarkSky Nord
2006;Inkitt Inc.
2007;Innsalz
2008;Innsbruck Univ. Press
2009;Input-Verl.
2010;Input-Verlag
2011;Insel
2012;Insel Verlag
2013;Insel-Verl.
2014;Institut für Digitale Ethik
2015;Institut für deutsche Sprache und Literatur I, Universität zu Köln
2016;Interforum e.V.
2017;Internat. Literatur- und Lyrik-Verl.
2018;Internat. Literatur- und Lyrik-Verl.***5238795
2019;Internationale Buchverlage
2020;Internet-Buchverl.
2021;Ioma-Verl.
2022;Irisiana
2023;Isele
2024;Isensee
2025;Isensee Verlag
2026;Isensee, Florian, GmbH
2027;Iskopress
2028;Iudicium
2029;Izdatelstvo Vesi
2030;J. Flume
2031;J. Gottanka
2032;J. Heinze
2033;J. Kartheiser
2034;J. Kissel
2035;J. Münch
2036;J. Reichelt
2037;J. Richtzenhain
2038;J. S. Klotz Verlagshaus
2039;J. Walther
2040;J.F. Hagenlocher Verlag
2041;J.H. Röll
2042;J.S. Klotz Verlagshaus
2043;JFF
2044;JKH-Verlag
2045;JOJO
2046;JRP Ringier
2047;JUDITH DESIGN VERLAG
2048;JUHR Verlag
2049;JUHRmade
2050;JWV Wiemann
2051;Jacoby & Stuart
2052;Jagd- und Kulturverl.
2053;Jahreszeiten Verlag GmbH
2054;Jaja Verlag
2055;Jaja-Verl.
2056;Jan Deichmohle c/o AutorenServices.de
2057;Janson
2058;Jaron
2059;Jaron Verlag
2060;Jean Verlag
2061;Jeetzelbuch
2062;Jens Quedens Verlag
2063;Jerkov Verlag
2064;Jerry Media
2065;Jes Schön  c/o WirFinden.Es Naß und Hellie GbR
2066;Jes Schön c/o WirFinden.Es Naß und Hellie GbR
2067;Jes Schön c/o skriptspektor e.U.
2068;Jessica Graves c/o Klaus Zabel
2069;Jessica Graves c/o WirFinden.es Naß und Hellie GbR
2070;Jmb-Verl.
2071;Jo-Strauß-Ed.
2072;Joa Bosch
2073;Joachim Güntzel
2074;Joanmartin Literaturverlag
2075;Johanna Gerhard & Sarah M. Kempen
2076;Johannes Munique
2077;Johannis
2078;Jokers
2079;Jos-Fritz-Verl.
2080;Jose Carlos Contreras
2081;Josef Mugler
2082;Josef Schmaus
2083;Josef Wieser
2084;Josephine Laloi
2085;Joy Edition, Buchverlag E-Books and more
2086;Joy Edition, Buchverlag and more
2087;JuLl - Junges Literaturlabor
2088;JuLl, Junges Literaturlabor
2089;Jud
2090;Julia Fischer
2091;Juliane Pröll
2092;Juliane Reister
2093;Jumbo
2094;Junfermann
2095;Jung und Jung
2096;Junges Literaturforum Hessen-Thüringen
2097;Juno Editions
2098;Juppus Bücher
2099;JustTales Verlag
2100;Justinus-Kerner-Verein und Frauenverein
2101;Justus von Liebig Verlag
2102;Jutta Ch. Braunersreuther
2103;Jörg Weese
2104;Jürgen Berus
2105;Jürgen Hanik
2106;Jürgen Höller Academy
2107;Jürgen Reichardt-Kron
2108;Jürgen Ruszkowski
2109;K & S
2110;K & W
2111;K. E. Schmidt
2112;K. Frings
2113;K. Ganahl
2114;K. Greve
2115;K. Hawkes
2116;K. Kluge
2117;K. Pfaffeneder
2118;K. Sölkner
2119;K. W. Herterich
2120;K.-G. Hirschmann
2121;KBV
2122;KBV, Edition Eyfalia
2123;KBV-Verl.- und Medienges.
2124;KCM-Verl.
2125;KEHI-Verl.
2126;KILLROY media
2127;KITAB
2128;KJM Buchverlag
2129;KKF Buchecke
2130;KLAK
2131;KLECKS-VERLAG
2132;KRAL
2133;KRAL Verlag
2134;KSB-Media
2135;KSB-Media GmbH
2136;KUNSTUNDWERK - Sachbuchverlag
2137;KUNTS e.V.
2138;KUUUK, Verlag mit 3 U
2139;KUUUK-Verl.
2140;KVHS
2141;KW Thörmer
2142;KaMeRu Verl.
2143;KaMeRu Verlag
2144;KaMeRu-Verl.
2145;Kaden
2146;Kadera Verlag
2147;Kadera-Verl.
2148;Kadera-Verlag
2149;Kaisermühlenverlag
2150;Kalbhenn
2151;Kalt Medien AG
2152;Kalt-Zehnder
2153;Kaltenmeier
2154;Kampa
2155;Kampa Verlag
2156;Kampenwand Verlag
2157;Kannemann
2158;Karin Fischer Verlag
2159;Karin Fischer Verlag GmbH
2160;Karin Hackbart
2161;Karin Peter
2162;Karina Publishing
2163;Karina Verlag
2164;Karina-Publishing
2165;Karina-Verlag
2166;Karjas-Verl.
2167;Karl Aßmann
2168;Karl Lappe Verlag
2169;Karl Müller
2170;Karl-Lappe Verlag
2171;Karl-May-Bücherei
2172;Karl-May-Verl.
2173;Karl-May-Verlag
2174;Karlheinz Pilcz
2175;Karolinger
2176;Kassandra-Verl.
2177;Kastel
2178;Kastel, Theodor
2179;Kastner
2180;Kater
2181;Kater Literaturverlag
2182;Kath. Akad.
2183;Katharina Rambeaud
2184;Katharina-Verl.
2185;Kathrin Maier
2186;Kaufmann
2187;Kaufmann Verlag
2188;Kava-Pech
2189;Kawe8
2190;Kawohl
2191;Kay Ganahl
2192;Kein & Aber
2193;Kein & Aber AG
2194;Kein und Aber
2195;Kelebek Verlag
2196;Kelkel-Verl.
2197;Kelkel-Verlag
2198;Kellner
2199;Kellner Verlag
2200;Kelm
2201;Ken Zelenka
2202;Kern
2203;Ketteler
2204;Khorshid-Verl.
2205;Kid Verlag
2206;Kid-Verl.
2207;Kidemus
2208;Kidnap Music
2209;Kiepenheuer & Witsch
2210;Killroy Media
2211;Killroy media
2212;Kindermund Verlag
2213;Kindermund-Verl.
2214;Kinzel
2215;Kinzelbach
2216;Kirchschlager
2217;Kitab
2218;Klarant Verlag
2219;Klartext
2220;Klatschmohn-Verl.
2221;Klaudia Zotzmann-Koch c/o Bianca Kronsteine, impressumservice.net
2222;Klaudia Zotzmann-Koch c/o Bianca Kronsteiner, impressumservice.net
2223;Klaus Becker Verlag
2224;Klauspeter Bungert
2225;Klecks Verlag
2226;Klecks-Verl.
2227;Klecks-Verlag
2228;Klemm + Oelschläger
2229;Klett-Cotta
2230;Klever
2231;Klever Verlag
2232;Klever-Verl.
2233;Klimpke
2234;Kloft
2235;"Klub Ljubitelja Knjiga ""Majdan"""
2236;"Klub Ljubitelja Knjige ""Majdan"""
2237;Klöpfer
2238;Klöpfer & Meyer
2239;Knapp
2240;Knaur
2241;Knaur Taschenbuch
2242;Knaur-Taschenbuch-Verl.
2243;Knaus
2244;Kniphof-Verl.
2245;Knorr von Wolkenstein
2246;Knürr
2247;Kobold Books
2248;Kobold-Books
2249;Koehler
2250;Koha
2251;Koinonia-Oriens e.V.
2252;Kolchis Belletristik
2253;Kolme-K-Verl.
2254;Kommode Verlag
2255;Kommunal- und Schul-Verl.
2256;Komplett-Media
2257;Konkursbuch Verlag Claudia Gehrke
2258;Konkursbuch-Verl. Gehrke
2259;Konserve Verlag
2260;Kontrasp
2261;Kontrast Verlag
2262;Kontrast-Verl.
2263;Konzepta, Agentur und Werbemittel
2264;Kooperative Dürnau
2265;Kopf & Kragen
2266;KopfKino-Verl.
2267;KopfKino-Verlag
2268;Korbinian Verlag
2269;Kosmos
2270;Kovar, R
2271;Krachkultur Verlag
2272;Kral
2273;Kral Verlag
2274;Kral-Verl.
2275;Kranich-Verl.
2276;Kratzke, Verl. für Kunst- und Kulturgeschichte
2277;Krauß
2278;Kreativ-Verlag
2279;Kreativrat der Schreibwerkstatt Feldkirch
2280;Krebs
2281;Kremayr & Scheriau
2282;Kremayr Scheriau
2283;Kremser Literaturforum
2284;Kreuz
2285;Kristin Gruber
2286;Kristina Lieschke
2287;Kruse
2288;Krüger
2289;Kuckuck & Straps im Lichtung-Verl.
2290;Kulmbacher Literaturverein
2291;Kulturbuchverlag
2292;Kulturbuchverlag Herausgeber
2293;Kulturland Niederösterreich
2294;Kulturleben Marktgemeinde Grassau
2295;Kulturmaschinen
2296;Kulturmaschinen Verlag
2297;Kulturmaschinen-Verl.
2298;Kulturstammtisch
2299;Kulturverein Möhnsee e.V.
2300;Kulturverein Schloss Homburg am Main e.V.
2301;Kulturverl. Kadmos
2302;Kulturverlag Kadmos
2303;Kulturzone e.V.
2304;Kunst und Alltag
2305;Kunst- und Textwerk-Verl.
2306;KunstSinn-Verlag
2307;Kunstanstifter-Verl.
2308;Kunstforum Salzkammergut
2309;Kunsthaus-Verl.
2310;Kunsthochschule für Medien Köln
2311;Kunstmann
2312;Kunstmann, A
2313;Kunstverl. Fink
2314;Kunze
2315;Kuqi-Institut für Sprachwissenschaft, Adrian Kuqi
2316;Kurierverlags GmbH & Co. KG
2317;Kurt F. Neubert
2318;Kurt Haberstich
2319;Kurznachzehn
2320;Kurznachzehn Verlag GmbH
2321;Kuschelgang
2322;Kwalae
2323;Kynos-Verl.
2324;Kyrene
2325;Königshausen & Neumann
2326;Kösel
2327;Köthe
2328;Külzer-Schröder
2329;Künstler-Gilde e.V.
2330;Künstlernische-Verl. Singer
2331;Kürbis
2332;L & L-Verlag
2333;L&L Verlag
2334;L&L-Verlag
2335;L.S.D.
2336;L100 Verlag
2337;LAHA-Dr.
2338;LAUNENWEBER
2339;LCERC
2340;LEU
2341;LHDL Self Publ.
2342;LIBRAS Shqipe Sylejmani
2343;LIJEPA RIJEČ
2344;LINCOM GmbH
2345;LIT
2346;LIWI Literatur- und Wissenschaftsverlag
2347;LOTUS PRESS
2348;LV-Buch
2349;LVZ
2350;Labonde
2351;Lach
2352;Lago Imago
2353;Lagrev
2354;Lahn-Verl.
2355;Lahn-Verlag in der Butzon & Bercker GmbH
2356;Lamago-Verl.
2357;Lamuv
2358;Landbeck
2359;Landenberg
2360;Landeshauptstadt Klagenfurt
2361;Landhausverl.
2362;Landhege-Verl.
2363;Landkreis Barnim
2364;Landtwing
2365;Landverl.
2366;Landverlag
2367;Langen Müller
2368;Langen-Müller
2369;LangenMüller
2370;Langenscheidt
2371;Langlhofer
2372;Language Practice Publishing
2373;Lappan
2374;Lardon Media
2375;Larimar Verlag
2376;Larimar-Verl.
2377;Larimar-Verlag
2378;Lars Olsson, c/o Block Services
2379;Latos-Verl.
2380;Latos-Verlag
2381;Laudatio-Verl.
2382;Lauerskreuzer Sommertage
2383;Laufen
2384;Laugwitz Verlag
2385;Lauinger Verlag
2386;Laumann
2387;Laumann-Verlag
2388;Laura Kier
2389;Laura-Marie Andresen
2390;Laurence King Verlag
2391;Laurin
2392;Lauterblätter-Verl.
2393;Lava
2394;Lavori
2395;Laßleben
2396;Lebema.ch
2397;Lebensgeschenke-Verl.
2398;Lebenshilfe Bremen e.V.
2399;Lebenskind Publishing
2400;Lebensweichen-Verl.
2401;Leffotraks Labyrinthe
2402;Legionarion
2403;Lehmanns Media
2404;Lehmstedt
2405;Lehmweg Verlag
2406;Lehnert
2407;Lehnert Verlag
2408;Lehnert, C
2409;Lehr, Jennifer
2410;Leim
2411;Leinbergland-Verl.
2412;Leinpfad Verlag
2413;Leinpfad-Verl.
2414;Leipziger Literaturverl.
2415;Leipziger Literaturverlag
2416;Leipziger Univ.-Verl.
2417;Leipziger Universitätsverlag
2418;Lektora
2419;Lektora GmbH
2420;Lemming-Verl.
2421;Lennestrand. Verlag für Südwestfalen
2422;Lenos Verlag
2423;Lenos Verlag **82083
2424;Lenos-Verl.
2425;Lentner
2426;Leon Gutsche
2427;Leonhard-Thurneysser-Verlag
2428;Leonidas
2429;Lerato-Verl.
2430;Lermann
2431;Lese-Zeichen e.V.
2432;Leseratten Verlag
2433;Leseratten-Verl.
2434;Lesereich-Verlag
2435;Lesewuth
2436;Letterotik
2437;Lettre International Verlags-GmbH
2438;Leuenhagen & Paris
2439;Levia Ortega c/o Papyrus Autoren-Club
2440;Lexikus.de Verlag
2441;Leykam
2442;LiDi EuropEdition
2443;Libelle
2444;Libellen-Verlag
2445;Libretto
2446;Librikon Verlag
2447;Liccaratur Verlag
2448;Lichtland
2449;Lichtschlag Medien und Werbung
2450;Lichtung Verlag GmbH
2451;Lichtung-Verl.
2452;Lichtungen – Verein für Literatur & Kunst
2453;Lichtwanderer Verlag
2454;Liebe
2455;Liebhaber Verlag
2456;Liebig
2457;Lilienfeld Verl.
2458;Liliom-Verl.
2459;Lilly M. Beck c/o Autorenglück.de
2460;Limbus Verlag
2461;Limbus-Verl.
2462;Limmat
2463;Limmat Verlag
2464;Limmat-Verl.
2465;Lindemanns
2466;Lindenstruth
2467;Lindwurm Verlag
2468;Lippe-Verl.
2469;Lisa Hölzle
2470;List
2471;List-Taschenbuch
2472;Lit
2473;LitArt-World
2474;Litac
2475;Litac GmbH
2476;Litera Eurasia
2477;LiteraFreakPress - Ralf Preusker
2478;Literareon
2479;Literareon im Utz-Verl.
2480;Literareon im utzverlag
2481;Literaricum GmbH
2482;Literarische Gesellschaft (LitGes) St. Pölten
2483;Literarische Gesellschaft St. Pölten
2484;Literarischer Verlag Edition Contra-Bass UG
2485;Literates
2486;Literatones Verlag e.K.
2487;Literatur Quickie
2488;Literatur Quickie, Probsthayn
2489;Literatur der Zukunft
2490;Literatur und Bildende Kunst Bad Salzdetfurth und Umgebung e.V.
2491;Literatur-Planet
2492;Literatur-Quickie, Probsthayn
2493;Literatur-Quickie, Probsthayn & Gerlach
2494;LiteraturWissenschaft.de
2495;Literaturca Verlag
2496;Literatured. Niederösterr.
2497;Literatured. Niederösterreich
2498;Literaturedition Niederösterreich
2499;Literaturhaus  und  Museumsges.
2500;Literaturhaus Berlin
2501;Literaturhaus Hamburg
2502;Literaturhaus Salzburg
2503;Literaturhaus Zürich
2504;Literaturhaus e.V
2505;Literaturinstitut Hildesheim
2506;Literaturkreis PromOtheus
2507;Literaturpodium
2508;Literaturverein EDIT e. V.
2509;Literaturverl. Droschl
2510;Literaturverlag Droschl
2511;Literaturwerkstatt Berlin
2512;Littera-Autoren-Verl.
2513;LizzyNet gGmbH
2514;Llux Datenverarbeitung
2515;Loeven
2516;Loewenzahn
2517;Logbuch Verlag
2518;Logo-Verl. Erfurth
2519;Logophon
2520;Longinus
2521;Lontar
2522;Lorbeer-Verlag
2523;Lore-Verl.
2524;Lorenz Göddemeyer
2525;Lothar Rosenberg
2526;Lovemoon Verlag
2527;Low
2528;Luchterhand
2529;Luchterhand-Literaturverl.
2530;Ludwig
2531;Ludwig Krammer
2532;Luftschacht
2533;Luftschacht Verlag
2534;Luftschacht-Verl.
2535;Lukas Böhl
2536;Lumpeter & Lasel
2537;Lunares Selbstverlag
2538;Lusatia-Verl.
2539;Luther-Verl.
2540;Luther-Verlag
2541;Lutherische Verlagsgesellschaft
2542;Lutrina Verlag
2543;Lux, Christian
2544;Luxbooks
2545;Luzie Pan
2546;Luzifer-Verl.
2547;Lychatz Verlag
2548;Lyrika Verlag
2549;Lysandra Books
2550;Lyx Egmont
2551;Längert Verlag
2552;Löcker
2553;Löcker Verlag
2554;LöwenStern Verlag
2555;Lößnitz : GUC
2556;Lübbe
2557;Lütte Verlag
2558;M+N-Medienverl.
2559;M. Belz
2560;M. Berger
2561;M. Cane c/o Werneburg Internet Marketing und Publikations-Service
2562;M. Frenk
2563;M. K. E. Brandl
2564;M. Kraus
2565;M. Mauthe
2566;M. Porta
2567;M. Ritter
2568;M. Schreckenberg, K. @Völlmicke und M. @Lamprecht
2569;M. Winterhalter
2570;M. Zaffarana
2571;M.-G.-Schmitz- Verlag
2572;M.-G.-Schmitz-Verlag
2573;M.A.C Medien Agentur Czellnik
2574;M.A.D. Music & Art Department Verlag
2575;MA-Verlag
2576;MAGENTA Verlag
2577;MAIN Verlag
2578;MAM
2579;MASOU-Verlag
2580;MBS (Mijnbestseller Nederland B.V.)
2581;MCC
2582;MCE Verlagsgesellschaft mbH & Co. KG (Medien Contor Elbe)
2583;MEDU
2584;MEDU-Verl.
2585;MONS
2586;MRAV, ein Kleiner Verl.
2587;MRM-Verl.
2588;MSC
2589;MTA
2590;MYMorawa
2591;MZ Buchverlag
2592;MZ-Buchverl.
2593;MZ-Buchverlag
2594;Maar, Klaus Oliver
2595;Machandel Verlag
2596;Machandel-Verl.
2597;Machandel-Verlag
2598;Machiavelli Edition
2599;Macholdt - der Verlag
2600;Machtwort-Verl.
2601;Machtwortverl.
2602;Mackinger
2603;Mackingerverlag
2604;Madame Saskia
2605;Madeleine Puljic
2606;Magazin SchreibRÄUME
2607;Magic-Buchverl.
2608;Magma-Verl.
2609;Magoria Verlag
2610;Maik Lindner
2611;Mainz
2612;Mairisch-Verl.
2613;Maiwald
2614;Make a Book
2615;Make a book
2616;Malandro Verlag
2617;Manati Herz
2618;Mandelbaum Verlag
2619;Mandy Passehl
2620;Manesse Verlag
2621;Manesse-Verl.
2622;Manhattan
2623;Mantikore Verlag
2624;Manuela Kinzel Verlag
2625;Manuela Thiel
2626;Manuscriptum
2627;Maracuja GmbH
2628;Marcel Kuiper
2629;Marcel Porta
2630;Marco Rochholz
2631;Mare
2632;Margit Helga Hops
2633;Maria Föderl
2634;Maria Meyer
2635;Marianne Kaindl
2636;Marianne Leim Verlag
2637;Marina Gesser Verlag
2638;Marina Ocean
2639;Marina Schuster c/o Block Services
2640;Maringo
2641;Maringo Verl. Ingo Klopfer
2642;Mariposa Verlag
2643;Mariposa-Verl.
2644;Marit Bernson c/o Autoren.Services
2645;Marix-Verl.
2646;Marixverl.
2647;Marixverlag
2648;Mark Moriani
2649;Markus Dosch
2650;Markus Tomshöfer
2651;Marlies Kalbhenn Verlag
2652;Marlis Madani
2653;Marmilin-Verl.
2654;MaroVerl.
2655;MaroVerlag
2656;Marsam
2657;Marsilius
2658;Marta Press
2659;Marterpfahl Verlag
2660;Marterpfahl-Verl.
2661;Marterpfahl-Verl. Happ
2662;Martin Frenk
2663;Martin M. Lindner
2664;Martin Werhand Verlag
2665;Martina Wagner
2666;Martina und Thorsten Meier GbR - Buchverlag und Verlagsauslieferung
2667;Martini & Loersch Verlag
2668;Marzellen Verlag
2669;Masou-Verlag
2670;Matera Verlag
2671;Matt van Bogen
2672;Mattes
2673;Matthes & Seitz
2674;Matthes & Seitz Berlin
2675;Matthias-Grünewald-Verl.
2676;Matussek
2677;Mauer-Verl.
2678;Mauer-Verl. Kriese
2679;Mauerverlag Wilfried Kriese
2680;Maximilian Devantier
2681;Maximilian Dietrich Verlag
2682;Maya Sturm
2683;Mayer
2684;McGinley
2685;McGinley-Verl.
2686;Mecke
2687;Mecke Druck und Verlag
2688;Mecklenburger Buchverl.
2689;Mecklenburger Buchverlag
2690;Media Service Stuttgart
2691;MediaKern
2692;Medien Agentur Czellnik
2693;Medienhaus Rösemeier
2694;Medu
2695;Medu Verlag
2696;Medu-Verl.
2697;Medusenblut
2698;Megalit-Verl.
2699;Mein Verl.
2700;Melissa Ratsch
2701;Memoiren-Verl.
2702;Memoiren-Verlag
2703;Memoiren-Verlag Bauschke
2704;Memoranda
2705;Memoranda Verlag
2706;Mentis
2707;Mephistopheles-Verlag
2708;Mercator
2709;Merkur Verlag Rinteln
2710;Merkur-Verl.
2711;Merlin´s Bookshop
2712;Merquana-Verl.
2713;Merz & Solitude
2714;Merziger Druckerei und Verl.
2715;Merzinger-Pleban
2716;MetaGIS-Verl.
2717;MetaPol Verlag & Medien
2718;Methusalem
2719;Metrolit
2720;Metz, Janos
2721;Meyer & Meyer
2722;Meyer & Meyer Verlag
2723;Mia Montiga
2724;Micha Black c/o be-Agentur Dieter Betz
2725;Michael Düthorn
2726;Michael Klüter
2727;Michael Schuck
2728;Michael Schönberg
2729;Michael Waßmann
2730;Michaels-Verl.
2731;Michason & May
2732;Michel-Verlag GmbH
2733;Mick Verlag
2734;Micks-Verl.
2735;Midas
2736;Miko-Verl.
2737;Milena Verlag
2738;Milena-Verl.
2739;Militzke
2740;Milltown Media Verlag
2741;Mini-Verlag Meisterburg
2742;Minimal Trash Art
2743;Ministère de l'education nationale et de la formation professionnelle
2744;Mirabilis Verlag
2745;Mirabilis-Verl.
2746;Mirko Perschke
2747;Mironde-Verl.
2748;Mischwesen
2749;Mission Ost-West
2750;Misti-Verl.
2751;Mitteldeutscher Verlag
2752;Mitteldt. Verl.
2753;Mitten im Dorf
2754;Mitter
2755;Mitter-Verl.
2756;Mitzkat
2757;MobB e.V. c/o Jenaer Sprachverwender
2758;Modestia-Verl.
2759;Modo
2760;Moenus-Verlag
2761;Moerser Gesellschaft zur Förderung des literarischen Lebens e.V.
2762;Moewig
2763;Mohito Verlag
2764;Mohl
2765;Mohland
2766;Mohland-Verl. Peters
2767;Mohorjeva
2768;Mohorjeva Hermagoras
2769;Mokka
2770;Moloko Print
2771;Momberger
2772;Mona-Elena Popp
2773;Mondwolf
2774;Monia-Verl.
2775;Monika Schweitzer
2776;Monika Tietze
2777;Monolith-Verl.
2778;Monolith-Verl. Luther-Zahn
2779;Monolith-Verl., Luther-Zahn
2780;Monsenstein & Vannerdat
2781;Monsenstein und Vannerdat
2782;Mont Jacques Buchclub & Verlag UG
2783;MontAurum
2784;Montabella-Verl.
2785;Morawa Lesezirkel
2786;Morawa Lesezirkel GmbH
2787;Morgana-Ed.
2788;Morgenroth Media
2789;Morio Verlag
2790;Moritzberg Verlag
2791;Moritzberg-Verl.
2792;Morlant Verlag
2793;Morlant-Verlag
2794;Morre
2795;Morsak Verlag
2796;Morsak-Verl.
2797;Morsakverlag
2798;Moserbauer
2799;Mosers Büro GmbH
2800;Moses
2801;Motibooks.de
2802;MuSingal
2803;Muc-Verl.
2804;MundoNet Publishers
2805;Muravidék Baráti Kör Kulturális Egyesület
2806;Muschel
2807;Museum.BL
2808;MyStory-Verl.
2809;MylinFalkläm
2810;Mylinfalklaem
2811;Mymorawa von Morawa Lesezirkel GmbH
2812;Männerschwarm Verlag
2813;Männerschwarm-Verl.
2814;Möcker
2815;Möllmann
2816;Mönnig
2817;Mönnig-Verlag
2818;Mösche
2819;Mövenort Verlag
2820;Müller
2821;Müller, Otto
2822;Münster Verlag
2823;Münstermann
2824;Münsterverl.
2825;Müry Salzmann
2826;N. Mayr
2827;NIMBUS
2828;NOEL-Verlag
2829;NORA
2830;NORA, Novitäten & Raritäten
2831;NOTschr.-Verl.
2832;NOTschriften
2833;NOTschriften Verlag
2834;NOTschriften-Verlag
2835;NWM
2836;Nacke
2837;Nada-Autorenverl.
2838;Nagel & Kimche
2839;Napoleon Film & Verlag
2840;Narr
2841;Narthex-Buch
2842;Natalie J. Kohler
2843;Natalie Rabengut
2844;Natalie Rabengut c/o Black Umbrella Publishing
2845;Natalie Rabengut, Black Umbrella Publishing
2846;Natascha Roth
2847;Naumann
2848;Naumann & Göbel
2849;Naumann & Göbel Verlagsgesellschaft mbH
2850;Nautilus
2851;Nee Popelubu c/o Wagner
2852;Neisse Verlag
2853;Neisse-Verl.
2854;Neißemünde-Verl.
2855;Nelia Prestel
2856;Neofelis-Verl.
2857;Neopubli
2858;Nepa-Verl.
2859;Neptun-Verl.
2860;Net-Verl.
2861;Net-Verlag
2862;Netteverlag
2863;Neue Erde
2864;Neues Buch
2865;Neues Leben
2866;Neukirchener
2867;Neukirchener Aussaat
2868;Neukirchener Verlag
2869;Neumann-Neudamm
2870;Neun9zig
2871;Nica-Verl.
2872;Nick Rinnert
2873;Nicolai
2874;Nicolas Lindt
2875;Nicole Zaspel
2876;Niebank-Rusch-Fachverl.
2877;Niederland-Verl. Liessel
2878;Niederlandverl. Liessel
2879;Niederlausitzer Verlag
2880;Niedersachsen-Dr.
2881;Niemeyer
2882;Nikol
2883;Nitzsche
2884;NoRa
2885;Noel-Verl.
2886;Noel-Verlag
2887;Noelie Lalie
2888;Nomen-Verl.
2889;Nora
2890;Nora, Novitäten & Raritäten
2891;NordPark
2892;NordStern
2893;Nordleuchten-Verlag
2894;Nordpark
2895;Not Yet Media LTD
2896;Notopolis Ed.
2897;Notschr.-Verl.
2898;Notschriften
2899;Notschriften Verlag
2900;Notschriften-Verl.
2901;Notschriften-Verlag
2902;Nova MD
2903;Nova MD GmbH
2904;Novum Eco
2905;Novum Pocket
2906;Novum Pro
2907;Novum pro
2908;Novum-Verl.
2909;Nußrainer
2910;Nünnerich-Asmus Verlag & Media
2911;O.W. Barth
2912;OCM GmbH
2913;OE, Offenbacher Ed.
2914;OFFIZIN Zürich Verlag
2915;OHNEOHREN
2916;OSL
2917;OSL Verlag
2918;OSL-Verl.
2919;OSTASIEN Verlag
2920;OVIS Deutschland GmbH
2921;Oase-Verl.
2922;Oberbaum
2923;Oberlausitzer Verl.
2924;Oberlausitzer Verl. Nürnberger
2925;Oberlausitzer Verlag
2926;Oberpfalzverlag Laßleben
2927;Oberschlesisches Eichendorff-Kultur- und Begegnungszentrum
2928;Oberschlesisches Joseph-von-Eichendorff-Kultur- und Begegnungszentrum
2929;Oculus Kreativ
2930;Odenwald-Verl.
2931;Odenwald-Verlag
2932;Oeverbos Verlag
2933;Offizin
2934;Offizin Verlag GmbH
2935;Ogham Verlag
2936;Ohetaler Verl.
2937;Ohetaler Verl., Heimatverein d'Ohetaler Riedlhütte
2938;Ohetaler Verlag
2939;Ohetaler-Verl.
2940;Ohneohren-Verl.
2941;Oktober-Verl.
2942;Oldigor-Verl.
2943;Oliver Lutz
2944;Oliver Walter Verlag
2945;Olms
2946;Olms-Weidmann
2947;Omniara
2948;Omnino
2949;Omnino Verlag
2950;Omnium-Verl.
2951;Onomato-Verl.
2952;Op der Lay
2953;Opferkuch Verlag
2954;Opus Magnum
2955;Orange Cursor Verlag
2956;Orlando Syrg
2957;Ornament
2958;Ortsmuseum Binningen
2959;Osburg Verlag
2960;Oschinger, Wolfgang
2961;OsirisDr.
2962;OsirisDruck
2963;Ostendorf Verlag
2964;Ostfalia-Verl.
2965;Ostfriesland Verlag
2966;Ostfriesland Verlag - SKN
2967;Osttiroler Bote Medienunternehmen Ges.m.b.H.
2968;Otto
2969;Otto Lach Verlagsanstalt
2970;Otto Müller Verlag
2971;Otto-Johann Verlag
2972;Otto-Johann-Verl.
2973;P & B
2974;P & L Edition
2975;P. Sorgenfrei
2976;P. Urban
2977;P. Warnecke
2978;PEN Austria
2979;PIDAX
2980;PLV
2981;PMLakeman Verlag
2982;PMLakeman-Verlag
2983;PODIUM – Literaturkreis Schloss Neulengbach
2984;POP-Verlag
2985;PRO LYRICA
2986;PRONG PRESS
2987;PROOF Druck- und Medienproduktion
2988;PROOF Verlag
2989;PROOF Verlag Erfurt
2990;PROverbis
2991;PRovoke Media
2992;PUPUT BOOKS
2993;Paarl Rock Publishers
2994;Palabros de Cologne
2995;Palatinum-Verl.
2996;Pallotti
2997;Palm und Enke
2998;PalmArtPress
2999;Palmyra
3000;Pandion
3001;Pandion Verlag
3002;Pandmonium Verlag
3003;Pandämonium Verlag
3004;Pandämonium-Verl.
3005;Panga-Misi Verlag
3006;Pangai-Misi-Verl.
3007;Panther Power Publ.
3008;Papageienzeit Verlag
3009;Papermoon
3010;Papierflieger
3011;Papierflieger-Verl.
3012;Papierfresserchens MTM-Verl.
3013;Papierfresserchens MTM-Verlag
3014;Papierfresserchens MTM-Verlag + Herzsprung-Verlag
3015;Papierfresserchens MTM-Verlag GbR
3016;Papierverzierer
3017;Paracelsus Buchhandlung & Verlag
3018;Paramon
3019;Paramon Verlag
3020;Paranus-Verl.
3021;Parlez
3022;Parthas
3023;Parzeller
3024;Parzellers Buchverlag
3025;Passage-Verl.
3026;Passage-Verlag
3027;Passagen Verlag
3028;Passagen-Verl.
3029;Passanten Verlag
3030;Passanten-Verl.
3031;Passion Publ.
3032;Pastis-Verl.
3033;Patmos
3034;Patmos Verlag
3035;Patmos-Verl.
3036;Patrick Peters
3037;Patris-Verl.
3038;Pattloch
3039;Pattloch Geschenkbuch
3040;Pattloch Verlag
3041;Pauerstoff
3042;Paul Zsolnay Verlag
3043;Paulinus
3044;Paulo Freire Verlag
3045;Paulus
3046;Paulusverl.
3047;Pax et Bonum
3048;Pectus
3049;Pegasus Verein für kreatives Schreiben e.V.
3050;Pegasus-Verl.
3051;Pendo
3052;Pendragon
3053;Penguin Verlag
3054;Penn-Club 2000 e.V.-Verlag
3055;Pensieri&Confronti Editore
3056;Pep + No-Name-Verl.
3057;PerNi Publishing Unlimited
3058;Pereprava
3059;Periplaneta
3060;Periplaneta Berlin, Edition Subkultur
3061;Pernobilis Edition im Engelsdorfer Verlag
3062;Persimplex-Verl.
3063;Persimplex-Verl.-Gruppe
3064;Petama-Project-Verl.
3065;Peter Braukmann, edition 7eichen
3066;Peter Ehlert
3067;Peter Hammer Verlag
3068;Peter J. Hakenjos
3069;Peter Rathke Verlag
3070;Peter Schmitt
3071;Peter Zörner
3072;Petra Anna Schiener
3073;Petra Martin
3074;Petri
3075;Petrus
3076;Pfeifenberger
3077;Pferdoman
3078;Ph. C.W. Schmidt
3079;Phil Humor
3080;Philipp von Zabern
3081;Phillip Gleichner
3082;Phillip Schmidt Verlag
3083;Picus
3084;Picus Verlag
3085;Picus-Verl.
3086;Piepmatz-Verl.
3087;Pigmentar
3088;Pigmentar GmbH/Verlag
3089;Pilger-Verl.
3090;Pilgerverlag
3091;Pilum Literatur Verlag
3092;Pilum Verlag
3093;Pilum-Literatur-Verl.
3094;Pingpong-Verl.
3095;Pinguletta Verlag
3096;Piper
3097;Pirrot
3098;Plaggenhauer
3099;Plan9
3100;Plattform
3101;Playtime Verlag
3102;Plaza
3103;Plöchl
3104;PoCul
3105;PoCul-Verl. für Politik und Cultur
3106;PoCul-Verlag
3107;Poetenladen
3108;Pohlmann Verlag
3109;Polamedia-Verl.
3110;Polarise
3111;Pomaska-Brand
3112;Pop
3113;Pop Verlag
3114;Pop Verlag  Literatur
3115;Pop Verlag Literatur
3116;Port-Royal-Verl.
3117;Portmann
3118;Poss
3119;Post-Verlag
3120;Praesens
3121;Praesens Verlag
3122;Preface Book
3123;Premio-Verl.
3124;Pressel
3125;Pretty Print
3126;Preußler
3127;Primero-Verl.
3128;Primär Verlag
3129;Principal-Verl.
3130;Printhaus Druck GmbH
3131;Printsystem Medienverlag
3132;Printsystem-Medienverl.
3133;Printsystem-Medienverlag
3134;Privated. Der Brunnen
3135;Priwet Litera
3136;Pro BUSINESS
3137;Pro BUSINESS GmbH
3138;Pro Business
3139;Pro Business digital
3140;Pro Libro
3141;Pro Libro GmbH
3142;Pro Libro Luzern
3143;Pro Lyrica Grundversorgung
3144;Pro Mente Edition
3145;Pro Message
3146;Pro-Business-Verl.
3147;ProKunde-Verl.
3148;ProMÖLLTAL-Initiative für Bildung, Kultur, Wirtschaft und Tourismus
3149;Prof. Oswald M. Klotz
3150;Progressing-Your-Ideas-GmbH
3151;Projekt Verlag
3152;Projekt-Verl.
3153;Projekte Verlag Hahn
3154;Projekte-Verl
3155;Projekte-Verl.
3156;Projekte-Verl. Cornelius
3157;Projekte-Verl. Cornelius***5105763
3158;Projekte-Verl. Cornelsen
3159;Projekte-Verlag Cornelius
3160;Projektverl.
3161;Prolibris Verlag
3162;Promedia
3163;Prospero
3164;Provinz-Verl.
3165;Proyect Wogama
3166;Präsenz
3167;Präsenz Medien & Verlag
3168;Pubbles
3169;Publ.-Textgemeinschaft
3170;Public book media Verlag
3171;Public-Book-Media-Verl.
3172;Puntas Reportagen
3173;Puppen und Masken
3174;Puregraphik
3175;Pustet
3176;Pädagogische Forschungsstelle beim Bund der Freien Waldorfschulen
3177;Péter Pál Meleghy
3178;Q5 Verlag
3179;Qindie
3180;Quadrate TV Evelyn und Hans-Georg Sandmann
3181;Quadratkreis-Autorenverl.
3182;Quadriga
3183;Quartierverein Riesbach
3184;Quartus-Verl.
3185;Queich-Verl.
3186;Quermarken-Verl.
3187;Querverlag
3188;Quetsche, Verl. für Buchkunst
3189;Quickborn
3190;Quickborn Verlag
3191;Quickborn-Verl.
3192;Quickborn-Verlag
3193;Quintus
3194;Quintus-Verlag
3195;Quiqueg
3196;R & W Verlag der Editionen
3197;R. Ansgar Schulz-Mittenzwei
3198;R. G. Fischer, Interbooks
3199;R. Gamperl
3200;R. Hartmann
3201;R. J. Ruprecht
3202;R. Kohlase
3203;R. Mäder
3204;R. Namtel
3205;R. Roos
3206;R. Schley
3207;R. Stumpp
3208;R.G. Fischer
3209;R.G. Fischer Interbooks
3210;R.G. Fischer Verlag
3211;RADIUS
3212;RDI-Verl.
3213;REGIA Verlag
3214;REGIA-CO-WORK
3215;RISSE e.V.
3216;RMd-Verlag
3217;ROPO-Verl.
3218;ROWOHLT Repertoire
3219;RS-Verlag
3220;Rached Kaiser
3221;Radius
3222;Radius Verlag
3223;Radu Pavalache
3224;Raiffeisenbank Baden
3225;Raimund Fellner Verlag
3226;Raimund Kellmann
3227;Ralf Boscher
3228;Ralph Gehrke
3229;Ralph Weibel
3230;Ramlow
3231;Randexistenz
3232;Raposa Verlag
3233;Rasch
3234;Rathke
3235;Ratio-Books
3236;Rauch
3237;Rauhreif-Verl.
3238;Raum Italic
3239;Rautenberg
3240;Rautenberg Media
3241;Rautenberg im Verl.-Haus Würzburg
3242;Razamba
3243;Re-Di-Roma-Verl.
3244;Reader's Digest
3245;Reader's Digest Deutschland, Schweiz, Österreich
3246;Reche
3247;Reclam
3248;Red Rabbit
3249;Redaktion Phantastik
3250;Redieck & Schade
3251;Redieck & Schade GbR
3252;Rediroma-Verl.
3253;Rediroma-Verlag
3254;Regelverlag
3255;Regia
3256;Regia Verlag
3257;Regia-Co-Work
3258;Regia-Verl.
3259;Regina Mars c/o Block Services
3260;Regina Vogel
3261;Regio Energie Solothurn
3262;Regionalia Verlag
3263;Regioverl. Südwest
3264;Reichert
3265;Reiffer
3266;Reimer
3267;Reimheim-Verlag
3268;Reimo-Verl.
3269;Reimo-Verlag
3270;Reinecke & Voß
3271;Reiner Kotulla
3272;Reinhardt
3273;Reinhold Sattlegger
3274;Reischl Roland Verlag
3275;Reise-Know-How Verlag Erika Därr u. Klaus Därr
3276;Reise-Know-How-Verl. Hermann
3277;Reisebuch Verlag
3278;Reisebuchverl. Kastanienhof
3279;RenMai Verlag
3280;Renaissance-Verl.
3281;Renaissance-Verl. Marburg
3282;Renate Roos
3283;Renate Werner
3284;Rendezvous Verlag
3285;Renneritz Verlag
3286;Renáta Baumann-Chybová
3287;Residenz
3288;Residenz Verlag
3289;Residenz-Verl.
3290;Residenzkaufhaus
3291;Resistenz
3292;Resistenz-Verl.
3293;Rhein Wörtlich
3294;Rhein-Mosel-Verl.
3295;Rhein-Mosel-Verlag
3296;Rheingauer Mundartverein e. V.
3297;Rheinischer Landwirtschafts-Verl.
3298;Rheinlandia-Verl.
3299;RiWei-Verl.
3300;Richmond-Verl.
3301;Richter
3302;Rieger, Gisela
3303;Rimbaud
3304;Rimbaud Verlag
3305;Ring of light
3306;Ringelberg Verlag
3307;Ringelbergverlag
3308;Ripperger & Kremers
3309;Ripperger & Kremers Verlag
3310;Ritschel
3311;Ritter
3312;Ritter Klagenfurt
3313;Riva
3314;Riverfield Verlag
3315;RoRo Hand & Kopfwerkstatt
3316;Robin Byron Scholz
3317;Rockstuhl
3318;Roderer
3319;Rodneys Underground Press
3320;Rohans Verlag c/o Block Services
3321;Roki-Art VSH Verlag Schönrock & Heikamp
3322;Roland Klöpfer Verlag
3323;Roland Reischl
3324;Roland Reischl Verlag
3325;Roland Springborn
3326;Roland Wiedenmann
3327;RomanVerl.
3328;Romantruhe
3329;Rombach
3330;Romeon Verlag
3331;Romeon-Verlag
3332;Romowe
3333;Ronny Morgner
3334;Rosamontis-Verl
3335;Rosamontis-Verl.
3336;Rosemarie Schnepel
3337;Rosenfluh Publikationen AG
3338;Rosenheimer
3339;Rosner
3340;Rosspoint
3341;Rostocker Frauenkulturverein Die Beginen e.V.
3342;Rot und Licht
3343;Rotabene Data Service
3344;Rotabene Medienhaus
3345;Rotabene-Medienhaus
3346;Rotary-Verl.
3347;Rotblatt, Kater
3348;Rotbuch-Verl.
3349;Rotenbach-Verl.
3350;Rotpunktverl.
3351;Rotpunktverlag
3352;Rotten Verlag
3353;Rotten Verlags AG
3354;Rotten-Verl.
3355;Rowohl Polaris
3356;Rowohlt
3357;Rowohlt Berlin
3358;Rowohlt Hundert Augen
3359;Rowohlt Repertoire
3360;Rowohlt Taschenbuch
3361;Rowohlt Taschenbuch Verlag
3362;Rowohlt Verlag GmbH
3363;Rowohlt-Taschenbuch-Verl.
3364;Roßdorf : Wolfbach
3365;Rudi Freiherr von Niehuus
3366;Rudolph
3367;Ruhland Verlag
3368;Ruhrkrimi-Verlag
3369;Ruhrkrimi-Verlag Uwe Wittenfeld
3370;Ruhrliteratur
3371;Rupp Grasegger
3372;Ryckschau
3373;Röll
3374;Röser-Presse
3375;Rübenberger Verl. Weiß
3376;Rüger
3377;S. Dukor-Obrist
3378;S. FISCHER
3379;S. Fischer
3380;S. Fischer Verlag
3381;S. Groth
3382;S. H. Raven
3383;S. Hirzel Verlag
3384;S. Köhler
3385;S. Marix Verlag
3386;S. Piehl
3387;S. Richter-Rauch
3388;S. Roderer Verlag
3389;S. Sell Heimat-Verlag
3390;S. Sell Heimat-Verlag Altenburg
3391;S. Steiger
3392;S.Fischer
3393;SALONLiteraturVERLAG
3394;SATYR Verlag
3395;SCALA Verlag
3396;SCM
3397;SCM Coll.
3398;SCM Hänssler
3399;SCM R. Brockhaus
3400;SCRATCH Verlag
3401;SCW Auer-Sällef
3402;SE Stengel
3403;SELLBERG Verlag
3404;SIGNUM e. V. Dresden
3405;SJM-Verl.
3406;SJW
3407;SJW Schweizerisches Jugendschriftenwerk
3408;SJW, Schweizerisches Jugendschriftenwerk
3409;SP-Verlag
3410;SPRACHFLECHTWERK
3411;SSE-Verl.
3412;SUKULTUR
3413;SWB-Verl.
3414;SWB.-Verl.
3415;SWR Media Services GmbH
3416;Saarländisches Künstlerhaus
3417;Sabine Kraechter
3418;Sabine Welsch-Lehmann
3419;Sabrina Kossel, Milchbart Company Leipzig
3420;SadWolf
3421;SadWolf Verlag
3422;Safari-Discoverer-Verlag
3423;Sagner
3424;Said Azami
3425;Salier
3426;Salier Verlag
3427;Salis
3428;Salon LiteraturVerlag
3429;Salon-Literatur-Verl.
3430;Salon-LiteraturVerl.
3431;SalonPresse
3432;Salonlöwe-Verl.
3433;Salsa Verlag
3434;Salsa Verlag Britta Voß
3435;Samenkorn
3436;Samenkorn e.V.
3437;Samples
3438;Sand
3439;Sandra Andrés
3440;Sandra Gottwaldt
3441;Sandra Pulletz
3442;SaniVal
3443;Sankt-Ulrich-Verl.
3444;Saphir im Stahl
3445;Sarah Baines c/o madera GmbH & Co.
3446;Sarah Baines c/o madera GmbH & Co. KG
3447;Sarastro
3448;Sarganserländer Verl.
3449;Sarturia Verlag
3450;Sarturia Verlag e.K. Autoren Service
3451;Sarturia Verlag e.K. Autoren-Service
3452;Sarturia e.K. Verlag Autoren Service
3453;Sarturia-Autoren-Community
3454;Sarturia-Verl.
3455;Sarturia-Verlag e.K. Autoren Service
3456;Sascha Eysoldt Verlag
3457;Sassafras
3458;Satyr Verlag
3459;Satyr-Verl.
3460;Satz und Druck Herrmann AG
3461;Satzwerk-Verl.
3462;Saunar
3463;Sautter, Verlag für Systemische Konzepte
3464;Schadinsky Verlag
3465;Schalita-Verl.
3466;Schalk-Verl. Scherer
3467;Schaltzeit-Verl.
3468;Schardt
3469;Schardt Verlag
3470;Schardt, M
3471;Schattenlicht-Verl.
3472;Scherz
3473;Schibri-Verl.
3474;Schibri-Verlag
3475;Schiermeier
3476;Schiler
3477;Schiler & Mücke
3478;Schiler***5005585
3479;Schiller
3480;Schiller Verlag
3481;Schillinger
3482;Schillinger Verlag
3483;Schillo-Verlag
3484;Schinken Verlag
3485;Schirner Verlag
3486;Schlosser
3487;Schlütersche
3488;Schmenk
3489;Schmetterling Stuttgart
3490;Schmid
3491;Schmid Otreba Seitz Medien
3492;Schmidt
3493;Schmidt & Klaunig
3494;Schmidt von Schwind
3495;Schmitz
3496;Schmöker-Verl.
3497;Schmöker-Verl. Bienert
3498;Schneider
3499;Schneider Hohengehren
3500;Schneider, Michael, u. Nadine Schneider
3501;Schneider-Verl. Hohengehren
3502;Schnell
3503;Schnider
3504;Scholastika Verlag
3505;Scholastika-Verlag
3506;Scholz
3507;SchreibStimme
3508;"Schreibgruppe ""ausgewundert"""
3509;Schreiblust-Verl.
3510;Schreiblust-Verlag
3511;Schreibstark-Verlag
3512;Schreibwaren Wegmann Inh. Janos Metz e. K.
3513;Schreibwerk Ost bei Edition Howeg
3514;Schreibwerkstatt Ost bei Edition Howeg
3515;Schreibwerkstatt SCHRIFT:gut
3516;Schroer
3517;Schruf & Stipetic
3518;Schröder
3519;Schröder Verlag
3520;Schuler
3521;SchumacherGebler
3522;Schuster
3523;Schwab, Jörg
3524;Schwager & Steinlein
3525;Schwalbe
3526;Schwarzbuch Verlag
3527;Schwarze-Zeilen Verlag
3528;Schwarzer Drachen
3529;Schwarzer Drachen Verlag
3530;Schwarzkopf & Schwarzkopf
3531;Schweikert-Bonn-Verl.
3532;Schweitzerhaus Verlag
3533;Schweitzerhaus-Verl.
3534;Schweizer Literaturges.
3535;Schweizer Literaturgesellschaft
3536;Schäfer
3537;Schöffling
3538;Schöffling & Co.
3539;Schöler
3540;Schöningh
3541;Schönrock & Heikamp
3542;Schünemann
3543;Schütze, Engler, Weber
3544;Scribitur
3545;Scribo Verlag
3546;Sebastian Wünsche
3547;Secession Verlag für Literatur
3548;Secession, Verl. für Literatur
3549;Seeling
3550;Seestern Verlag
3551;Segler
3552;Seh-Weg-Verl.
3553;Seidler
3554;Seifert
3555;Seifert Verlag
3556;Seilschaft-Verl.
3557;Seitenblick
3558;Seitenstraßen Verlag
3559;Selbstlesebuch
3560;Selbstverlag
3561;Selbstverlag B.R.
3562;Selbstverlag KUBI
3563;Selbstverlag Peter Vogler
3564;Selbstverlag Susi Streichenberg
3565;Selbstverlag des Autors Wolfgang Bornemann
3566;Sell, Heimat-Verl.
3567;Semann Verlag
3568;Semikolon-Verl.
3569;Semmelroch
3570;Senfkornverlag
3571;Seniorenschreibtisch der Stadt Puchheim
3572;Septime
3573;Septime Verlag
3574;Septime-Verl.
3575;Servitus-Verl.
3576;Servus
3577;Servus Verlag
3578;Severus Verlag
3579;Shadodex - Verlag der Schatten
3580;Shaker Media
3581;Shaker Verlag
3582;Shakti & Sargam
3583;Shayol
3584;Shoebox House
3585;Sich
3586;Sieben-Verl.
3587;SiebenSchreiber
3588;Siebenstern-Dr.
3589;Sigena-Verl.
3590;Silbenflink-Verl.
3591;Silberburg
3592;Silberburg Verlag
3593;Silberburg-Verl.
3594;Silberburg-Verlag
3595;Silberkrone Verlag
3596;Silke Groth
3597;Silver-Horse-Ed.
3598;Silvia Flür-Vonstadl
3599;Silvia Muster
3600;Simon Verlag für Bibliothekswissen
3601;Simonett & Baer
3602;SingLiesel
3603;SingLiesel GmbH
3604;Singliesel GmbH
3605;Sinnbild-Verlag
3606;Sisyphus
3607;Situationspresse
3608;Siva-Natara Verlag
3609;Skarabaeus
3610;Skarabäus
3611;Skopus-Verl.
3612;Skript-Verlag
3613;Skyfood Verlag
3614;Smart & Nett
3615;Smart Storys Verlag
3616;Societäts Verlag
3617;Societäts-Verl.
3618;Societäts-Verlag
3619;Soeste-Verl.
3620;Sokrates & Freunde GmbH
3621;Solar Plexus
3622;Soli Netz
3623;Solibro
3624;Solibro-Verl.
3625;Soll-und-Haben-Verl.
3626;Somedia Buchverlag
3627;Sommerfeld
3628;Sonderpunkt-Verl.
3629;Sonderzahl
3630;Songdog Verlag
3631;Songdog-Verl.
3632;Sonnenberg
3633;Sophie Neumann
3634;SoralPRO Verlag
3635;SoralPro Verlag
3636;SoralPro-Verl.
3637;Space Net
3638;SpaceNet AG
3639;SpaceNet Verlag
3640;Spaß am Lesen
3641;Spaß am Lesen Verlag
3642;Specht, Ulrich
3643;Spector Books
3644;Sperling Verlag
3645;Sperling-Verl.
3646;Sperling-Verlag
3647;Sphera-Verl.
3648;Sphinx Agency
3649;Spica
3650;Spica Verlag GmbH
3651;Spica-Verl.
3652;Spielberg
3653;Spielberg Verlag
3654;Spielberg-Verl.
3655;Spirit-Rainbow-Verl.
3656;Spohr
3657;Springer
3658;Sprudelkiste.com Gleißner
3659;Spurbuchverlag
3660;Sputniks Werbeagentur
3661;St. Benno
3662;St. Benno Verlag
3663;St. Benno Verlag GmbH
3664;St. Johannis-Druckerei
3665;Staackmann
3666;Stadt Erfurt
3667;Stadt Hattingen
3668;Stadt Hilden
3669;Stadt Ostseebad Rerik
3670;Stadt Vechta
3671;Stadtbibliothek Prenzlau
3672;Stadtgemeinde Perg
3673;Stadthaus-Verl.
3674;Stadtlichter-Presse
3675;Stangl & Taubald
3676;Stefan Barth
3677;Stefan Oliver Wlach
3678;Steffen
3679;Steidl
3680;Steidl Verlag
3681;Stein-Medien
3682;Steinmann
3683;Steinverl.
3684;Stekovics
3685;Stella Delaney
3686;Stellwerck-Verl.
3687;Stephan Lill
3688;Stephan Moll Verlag
3689;Stephan Peters
3690;Stephan Wilhelm
3691;Stephanie Feyerabend Verlag
3692;Stephenson
3693;Stephenson, C
3694;Sternensammler-Verl.
3695;Sternensand Verlag
3696;Sternensand Verlag GmbH
3697;Steven Marx
3698;Stickenbütteler Kreisverl.
3699;Stiftung Kantonsbibliothek Uri
3700;Stina Milner
3701;Stocker
3702;Stockwärter Verlag
3703;Storia-Verl.
3704;Stories & Friends
3705;Story Town - Derek Meister & Marion Meister GbR c/o Papyrus Autoren-Club
3706;Storyhouse Verlag
3707;Storyhouse-Verl.
3708;Storyvents
3709;Strandläufer Verlag
3710;StraussEdition
3711;Streifen-Verl.
3712;Strichpunkt-Verl.
3713;Stroemfeld
3714;Strozpress
3715;Struktur Verlag
3716;Studia Universitätsverlag
3717;StudienVerlag
3718;Studio Raster
3719;Stumpp
3720;Stutz Druck AG
3721;Styria Premium
3722;Styria Regional
3723;Styria Verlag
3724;Stämpfli
3725;Subkultur
3726;Subrosa-Verl.
3727;Suhrkamp
3728;Suhrkamp Verlag
3729;Sujet
3730;Sujet Verlag
3731;Sujet-Verl.
3732;Sure-Publishing
3733;Surface Book
3734;Susan Schoch Verlag
3735;Susanne Schnatmeyer
3736;Sutton
3737;Sutton Verlag
3738;Sutton Verlag GmbH
3739;Svato
3740;Sybille Roth
3741;Sylcho Studio
3742;Sylvia Kenner
3743;Synergen-Verl.
3744;SüdOst Service GmbH
3745;SüdOst Verlag
3746;SüdOst-Verl.
3747;Süddt. Zeitung GmbH
3748;Südostschweiz Presse und Print
3749;Südostschweiz-Buchverl.
3750;Südverl.
3751;Südwest
3752;T. Englert
3753;T. Trauf
3754;T. Wiesmann
3755;TAK - Tiroler Autorinnen und Autoren Kooperative
3756;TBT Verlag
3757;TEXT/RAHMEN
3758;TEXT/RAHMEN e.U.
3759;THK Verlag
3760;THK-Verlag UG
3761;THW Österreich
3762;TRIGA - Der Verlag
3763;TRIGA - Der Verlag UG**5107566
3764;TRIGA - der Verl.
3765;TRIGA Der Verlag
3766;TRIGA Der Verlag Gerlinde Heß
3767;TRUANT UG
3768;TVZ, Theologischer Verlag Zürich
3769;TWENTYSIX
3770;TWENTYSIX CRIME
3771;TWENTYSIX EPIC
3772;TWENTYSIX LOVE
3773;TZ-Verl.
3774;Tagwerke Verlag
3775;Talawah Verlag
3776;Tanja Hanika
3777;Tappeiner
3778;Tara Riedman c/o MedienTeam Verlag GmbH & Co KG
3779;Tauber-Verl.
3780;Tauberverl.
3781;Tauberverlag
3782;Tauriska
3783;Tausendschlau-Verl.
3784;TeGe-Verlag
3785;Teaterverl. Elgg
3786;Tectum-Verl.
3787;Tele Entertainment
3788;Telegonos-publishing
3789;Telegramme Verlag
3790;Telescope-Verl.
3791;Telesma
3792;Tennemann
3793;Testudoverl.
3794;Texianer Verlag
3795;Text-Atelier Leipzig
3796;Text-Bild-Ton Verlag Heike Hagenmaier
3797;Text/Rahmen
3798;Text/Rahmen Taschen
3799;TextKontor
3800;TextLustVerl.
3801;Textem Verlag
3802;Textkontor
3803;Textmanufaktur
3804;Thami Verlag
3805;Thanatos Verlag
3806;The Dandy is Dead
3807;The Dreamcatcher
3808;Thekla Verlag GbR
3809;Theo Buff
3810;Theodor Boder Verlag
3811;Theologischer Verlag Zürich
3812;Thesis-Verl.
3813;Thiele & Schwarz
3814;Thielmann
3815;Thomas Karg
3816;Thomas Mann-Gesellschaft Hamburg
3817;Thomas Martin Kirchner
3818;Thomas Rüger Verlag
3819;Thomas Wiens
3820;Thomas-Morus-Bildungswerk
3821;Thon
3822;Thurm Verlag
3823;Thurneysser
3824;Tierbuchverl. Hohe
3825;Tierbuchverlag Irene Hohe
3826;Till Schaap Edition
3827;TimpeTe-Verlag
3828;Tiroler Autorinnen und Autoren Kooperative
3829;Tirom-Verlag
3830;ToMa
3831;ToMa-Ed.
3832;Tom Reichelt
3833;TonStrom-Verl.
3834;Tonn
3835;Tony Linnertz
3836;Topalian & Milani Verlag
3837;Topp + Möller
3838;Tordenfjord-Verl.
3839;Torner
3840;Torsten Hirschberger
3841;Totechöpfli
3842;Trabanten Verlag
3843;Trafo
3844;Traumstunden-Verl.
3845;Traumwelt Verlag
3846;Trauner
3847;Trautmann
3848;Treffen Junger Autoren
3849;Treibgut Verlag
3850;Treibgut-Verl.
3851;Treibhaus e.V.
3852;Trikont
3853;Trikont-Duisburg
3854;Trikont-Duisburg, Dialog-Edition
3855;Tropen
3856;Trottoir Noir
3857;Trotz Verlag
3858;Trotz-Verl.
3859;Truso-Verl.
3860;Trägerverein Werkraum Abersee und Kulturhauptstadt 2024 Salzkammergut
3861;Trötsch Verlag GmbH & Co. KG
3862;Tunkan
3863;Turmschreiber Verlag
3864;Turmschreiber Verlag Ingwert Paulsen jr.
3865;Turmschreiber-Verl.
3866;Turnshare
3867;Turricula Verlag
3868;Twilight-Line
3869;Twilight-Line Medien GbR
3870;Twilight-Line Verlag GbR
3871;Twilight-Line medien GbR
3872;Twilight-Line-Verl.
3873;Two Books
3874;Typo.M
3875;Typostudio Schumacher-Gebler
3876;Tyrolia-Verlag
3877;Tübinger Buchhandlung Wekenmann unter der Schirmherrschaft von Dr. Daniela Hüttig, Erste Landesbeamtin, und in Kooperation mit der Tübinger Museumsgesellschaft
3878;U-Line UG
3879;U-Line-Verl.
3880;U. Misslitz
3881;U. Mißlitz
3882;U. Mrozinski
3883;U. Neubauer
3884;U. Pörschke
3885;U. Serwuschok
3886;UBV
3887;UND-Verl.
3888;UND-Verlag
3889;Ubooks
3890;Ubooks-Verl.
3891;Udo Scharf
3892;Ulenspiegel-Verl.
3893;Ulisses Medien und Spiel Distribution GmbH
3894;Ulisses Spiele
3895;Ulisses Spiele GmbH
3896;Ulli Verlag
3897;Ullstein
3898;Ullstein Taschenbuch Verlag
3899;Ullstein Verlag
3900;Ullstein extra
3901;Ulrich Diehl Verlag
3902;Ulrich Rach
3903;Ulrike Helmer Verlag
3904;Ultimomondo
3905;Ultraviolett Verlag
3906;Umbrella - Fachverl. für Wiss. und Technik
3907;Unartproduktion
3908;Und-Verl.
3909;Undercoverbooks
3910;Undine
3911;UniScripta
3912;UniScripta Verlag
3913;UniScripta-Verl.
3914;Unionsverl.
3915;Unionsverlag
3916;Unipress Verlag
3917;United P. C.
3918;United P.C.
3919;United p.c.
3920;Univ. Palackého
3921;Univ.-Verl. Halle-Wittenberg
3922;Universaar
3923;Universal Frame
3924;Universitätsverlag
3925;Universitätsverlag Chemnitz
3926;Universitätsverlag Potsdam
3927;Universo
3928;Unsichtbar Verlag
3929;Unterdruck Verlag
3930;Urachhaus
3931;Ursus-Verl.
3932;Utrata Fachbuchverlag
3933;Uwe Klein
3934;Uwe Kurz
3935;V. F. Sammler
3936;V. Wendt
3937;VAS
3938;VAT Verlag
3939;VDG
3940;VEG
3941;VERARA-Verl. an der Rabnitz
3942;VERLAG PH. C.W. SCHMIDT
3943;VERRAI-VERLAG
3944;VEVAIS EDITION's
3945;VF Die Fontäne
3946;VGS Verlagsgenossenschaft St. Gallen
3947;VHV Literatur & Kultur Verlag
3948;VHV, Literatur & Kultur Verlag
3949;VNA
3950;VNL, Verl. Neue Literatur
3951;VOLLTEXT – Zeitschrift für Literatur
3952;VS
3953;VSA-Verl.
3954;VSH Verlag Schönrock & Heikamp
3955;VTA
3956;VV, Veltener Verl.-Ges.
3957;Valentin
3958;Valeria Liebermann
3959;Vallentin
3960;Van Helmont, Verlag  für verborgene Talente
3961;Vantage Point World-Verl.
3962;Vantage-Point-World-Verl.
3963;Vehling
3964;Vehling Medienservice & Verlag GmbH
3965;VentVerl.
3966;VentVerl. Vent-Schmidt
3967;Ventil
3968;Ventil-Verl.
3969;Ventura Verlag
3970;Ventura-Verl.
3971;Verbrecher Verlag
3972;Verbrecher-Verl.
3973;Verein ALSO (Anno Literatur Sonntag)
3974;Verein Alltag Verlag
3975;Verein Alltag-Verl.
3976;Verein Glitter
3977;Verein Gruppe Wespennest
3978;Verein Literaturgruppe Perspektive
3979;Verein Salzburger Literaturforum Leselampe
3980;Verein Zeitschrift delirium
3981;Verein zur Förderung der Raumfahrt e.V.
3982;Verein zur Förderung des Literaturschaffens und des Kulturellen Austauschs Zwischen Deutschen und Polen e.V.
3983;Verein zur Förderung des Literaturschaffens und des Kulturellen Austauschs zwischen Deutschen und Polen
3984;Verein zur Förderung des Literaturschaffens und des Kulturellen Austauschs zwischen Deutschen und Polen e. V.
3985;Verein zur Förderung des Literaturschaffens und des kulturellen Austauschs zwischen Deutschen und Polen e.V.
3986;Verein zur Förderung und Vernetzung von Jugendkultur
3987;Verena Sägesser Wittmer
3988;Verl. 28 Eichen
3989;Verl. 3.0
3990;Verl. APE-Ed.
3991;Verl. Alta Silva
3992;Verl. Antilope
3993;Verl. Art of Arts
3994;Verl. Atelier im Bauernhaus
3995;Verl. BBB
3996;Verl. BS
3997;Verl. Begegnungen
3998;Verl. Bibliothek der Provinz
3999;Verl. Blaues Schloss
4000;Verl. Buch + Bild
4001;Verl. BuchJuwel
4002;Verl. Bücherwurm
4003;Verl. CCU
4004;Verl. Casa
4005;Verl. Das Arsenal
4006;Verl. Das Fünfte Tier
4007;Verl. Das Netz
4008;Verl. Der Apfel
4009;Verl. Desertina
4010;Verl. Die Blaue Eule
4011;Verl. Die Brotsuppe
4012;Verl. Die Furt
4013;Verl. Die Werkstatt
4014;Verl. Drei Wege
4015;Verl. Ed. AV
4016;Verl. Einundsiebzig
4017;Verl. Expeditionen
4018;Verl. Federfrei
4019;Verl. Fischueberalles.ch
4020;Verl. Fun Toy
4021;Verl. Galiani
4022;Verl. Gbp Productions
4023;Verl. Harlekination
4024;Verl. Hephaistos
4025;Verl. Herder
4026;Verl. Junger Autoren
4027;Verl. Künstlernische
4028;Verl. Make a Book
4029;Verl. Make a book
4030;Verl. Maria zur Ehre
4031;Verl. Mitternachtsblume
4032;Verl. Neue Literatur
4033;Verl. P & B, Bächtold
4034;Verl. Pi
4035;Verl. Pro Business
4036;Verl. Publ. No 1, Bibliothek der Provinz
4037;Verl. Publ. P No 1, Bibliothek der Provinz
4038;Verl. Razamba
4039;Verl. RegioKom
4040;Verl. Regionalkultur
4041;Verl. Rotabene Medienhaus
4042;Verl. Rotabene-Medienhaus
4043;Verl. Rote Zahlen
4044;Verl. Ruppiner Lesezeichen
4045;Verl. S.MO
4046;Verl. SCW Auer-Sällef
4047;Verl. Sankt Michaelsbund
4048;Verl. Schatzsucher
4049;Verl. St. Michaelsbund
4050;Verl. Thusnelda-Kühl-Ges.
4051;Verl. Unibuch
4052;Verl. Vokal
4053;Verl. Vorwerk 8
4054;Verl. Waldkirch
4055;Verl. Wort im Bild
4056;Verl. Wortspiel Literatur
4057;Verl. ZPV
4058;Verl. am Birkenhain
4059;Verl. am Eschbach
4060;Verl. am Park
4061;Verl. am Schloss
4062;Verl. am Ufer der Schlei
4063;Verl. auf der Warft
4064;Verl. der Ideen
4065;Verl. der Luth. Buchh. Harms
4066;Verl. der Rheinhessischen Druckwerkstätte
4067;Verl. der Schatten
4068;Verl. der Villa Fledermaus
4069;Verl. des Arbeitskreises Regionalgeschichte
4070;Verl. des Biographiezentrums
4071;Verl. die Werkstatt
4072;Verl. für Ethnologie
4073;Verl. für Innovation
4074;Verl. für Kultur und Wiss.
4075;Verl. für Kurzes
4076;Verl. für Ostfriesland, Soltau-Kurier
4077;Verl. im Inst. Drachenhaus
4078;Verl. im Proberaum 3
4079;Verl. im Spitzdach
4080;Verl. infra-text
4081;Verl. und Ed. DaDa-Research-Center
4082;Verl.-Allianz
4083;Verl.-Buchh. Ehm Welk
4084;Verl.-Gemeinschaft Topos Plus
4085;Verl.-Haus El Gato
4086;Verl.-Haus Hernals
4087;Verl.-Haus Monsenstein und Vannerdat
4088;Verl.-Haus Speyer
4089;Verlach
4090;Verlag 28 Eichen
4091;Verlag 3.0
4092;Verlag A. Weger
4093;Verlag Agentur Altepost 2015
4094;Verlag Aichmayr
4095;Verlag Akademie der Abenteuer
4096;Verlag Akademie-der-Abenteuer
4097;Verlag Alte Schule Dr. Bechberger
4098;Verlag Andrea Schröder
4099;Verlag Antje Kunstmann
4100;Verlag Atelier im Bauernhaus
4101;Verlag Attenkofer
4102;Verlag Auf dem Ruffel
4103;Verlag BKWiesli
4104;Verlag BS
4105;Verlag Barbara Budrich
4106;Verlag Begegnungen
4107;Verlag Berger
4108;Verlag Bernhard Bayer
4109;Verlag Bibliothek der Provinz
4110;Verlag Bibliothek der Provinz GmbH
4111;Verlag Bild, Text & Mehr
4112;Verlag Blaues Schloss
4113;Verlag Buchschmiede von Dataform Media GmbH
4114;Verlag C.H. Beck
4115;Verlag Ch. Möllmann
4116;Verlag Co-Buch
4117;Verlag Delp GmbH & Co. KG
4118;Verlag Der Apfel
4119;Verlag Der Raum
4120;Verlag Dialog-Edition
4121;Verlag Die Auslese
4122;Verlag Die Blaue Eule
4123;Verlag Die Blindschleiche
4124;Verlag Die Büchse
4125;Verlag Die Werkstatt
4126;Verlag Donata Kinzelbach
4127;Verlag Dortmunder Buch
4128;Verlag Dr. Frank GmbH
4129;Verlag Dr. Kovač
4130;Verlag Dr. Thomas Balistier
4131;Verlag Eckhard Bodner
4132;Verlag Edition AV
4133;Verlag Edition Bad Wimpfen
4134;Verlag Edition Thaleia
4135;Verlag Einfach Lesen
4136;Verlag Erhard Lemm
4137;Verlag Ernst Vögel
4138;Verlag Expeditionen
4139;Verlag Expeditionen, Edition Hamburger Autorenvereinigung
4140;Verlag FELIX AG
4141;Verlag Frauenmuseum
4142;Verlag Freies Geistesleben
4143;Verlag Georg D.W. Callwey GmbH & Co. KG
4144;Verlag Gueran
4145;Verlag Hannes Hofinger
4146;Verlag Hans Reiter
4147;Verlag Hans Schiler
4148;Verlag Herder
4149;Verlag Ingo Munz
4150;Verlag Iris Förster
4151;Verlag Janos Stekovics
4152;Verlag Joachim Pohlmann
4153;Verlag Johannes Heyn
4154;Verlag Jörg Mitzkat
4155;Verlag Jürgen Rietschel
4156;Verlag Kadera
4157;Verlag Karim Pieritz
4158;Verlag Karl Maria Laufen
4159;Verlag Kern
4160;Verlag Klaus Wagenbach
4161;Verlag Kleine Schritte
4162;Verlag Kremayr & Scheriau
4163;Verlag Kurt Roessler
4164;Verlag Külzer-Schröder
4165;Verlag La Quercia
4166;Verlag Lassleben
4167;Verlag Leben in der Sprache
4168;Verlag M. Boerner
4169;Verlag Mainz
4170;Verlag Martina Nell
4171;Verlag Menne & Töchter
4172;Verlag Merzinger-Pleban
4173;Verlag Michaela Naumann
4174;Verlag Mis Buech, Schaub Medien AG
4175;Verlag Momentaufnahme
4176;Verlag Mondwolf
4177;Verlag Märchenhaft leben
4178;Verlag Nadine Baumann
4179;Verlag Nina Roiter
4180;Verlag Nina Roiter, der oberösterreichische Verlag
4181;Verlag Peter Grohmann Nachfolger
4182;Verlag Peter Hopf
4183;Verlag Plaggenhauer
4184;Verlag Ploder
4185;Verlag Ralf Ave
4186;Verlag Ralf Liebe
4187;Verlag Raven
4188;Verlag Redieck & Schade
4189;Verlag Reinhard Marheinecke
4190;Verlag Renate Brandes
4191;Verlag Rockstuhl
4192;Verlag Roloff
4193;Verlag Roswitha Neumann
4194;Verlag Rotabene Medienhaus
4195;Verlag Rote Zahlen
4196;Verlag SE Stengel
4197;Verlag SPIEL
4198;Verlag Sami
4199;Verlag Schnell
4200;Verlag SchriftStella
4201;Verlag Schönrock & Heikamp
4202;Verlag Schönrock & Heikamp GbR
4203;Verlag Seelenberührungen Eva-Maria Klöhr
4204;Verlag Tasten & Typen
4205;Verlag Thomas Tonn
4206;Verlag Tobias Dannheimer
4207;Verlag Torsten Low
4208;Verlag Traugott Bautz
4209;Verlag Traugott Bautz GmbH
4210;Verlag UMWELTBILD
4211;Verlag Uwe Krebs
4212;Verlag Vitolibro
4213;Verlag Waldkirch
4214;Verlag Walter Leimeier
4215;Verlag Weisse Drei
4216;Verlag Wolfau-Druck AG
4217;Verlag Xvarnah
4218;Verlag am Dom
4219;Verlag am Eschbach
4220;Verlag am Eschbach der Schwabenverlag AG
4221;Verlag am Park
4222;Verlag am Rande
4223;Verlag am Schloss
4224;Verlag am Sipbach
4225;Verlag an der Ruhr
4226;Verlag beim Augarten
4227;Verlag d'Harfleur
4228;Verlag der 9 Reiche
4229;"Verlag der Brandenburgischen Genealogischen Gesellschaft ""Roter Adler"" e. V."
4230;Verlag der Buchhandlung Matussek
4231;Verlag der Donauschwäbischen Kulturstiftung
4232;Verlag der Heimatstube Altenau-Schulenberg
4233;Verlag der Nation
4234;Verlag der Neun Reiche
4235;Verlag der Ostwestfalen-Akademie
4236;Verlag der Schatten
4237;Verlag der Theodor Kramer Gesellschaft
4238;Verlag der Villa Fledermaus
4239;Verlag der neun Reiche
4240;Verlag des Biographiezentrums
4241;Verlag des Institut Drachenhaus
4242;Verlag des Instituts Drachenhaus
4243;Verlag des Landkreises Roth
4244;Verlag deutex
4245;Verlag edition viva
4246;Verlag epubli GmbH
4247;Verlag fischueberalles.ch
4248;Verlag freiheitsbaum, edition Spinoza
4249;Verlag für Geschichte und Kultur
4250;Verlag für Geschriebenes und Druck A.L. Dudov
4251;Verlag für Kultur und Wissenschaft Dr. Thomas Schirrmacher
4252;Verlag für Moderne Phantastik Gehrke
4253;Verlag für Moderne Phantastik Gehrke VPMG
4254;Verlag für fremdsprachige Literatur
4255;Verlag im Institut Drachenhaus
4256;Verlag make a book
4257;Verlag ohneohren
4258;Verlag und Buchhandlung der Evangelischen Gesellschaft GmbH
4259;Verlag und Offsetdruck Eppe GmbH
4260;Verlag von Schröter + Mieg GbR
4261;Verlag xlibri
4262;Verlagsallianz
4263;Verlagsgemeinschaft topos plus
4264;Verlagsgruppe Verlagshaus Schlosser
4265;Verlagshaus Hernals
4266;Verlagshaus Schlosser
4267;Verlagshaus el Gato
4268;Verleysdonk
4269;Veronika Beci
4270;Verrai-Verlag
4271;Versus
4272;Verweiledoch-Verl.
4273;Vesi
4274;Veso Portarsky
4275;Veste-Verl. Roßteutscher
4276;ViCON-Verl.
4277;ViCON-Verlag
4278;Via Regia Verlag
4279;ViaTerra-Verl.
4280;Vidal
4281;Vidal Verlag
4282;Vidal Verlag Winterthur
4283;Vielfalt Verlag
4284;Vier-JahreszeitenHaus, Verl. im Münsterland
4285;Vincent Theodor Thomas
4286;Vincent Theodor Thomas Selbstverlag
4287;Vindobona
4288;Vindobona Verlag
4289;Vindobona Verlag in der Verlags- und Medienhaus WSB GmbH
4290;Vindobona-Verl
4291;Vindobona-Verl.
4292;Viola Plötz alias Ava Innings / Violet Truelove
4293;Viola Plötz alias Ava Innings/Violet Truelove
4294;Violet Truelove
4295;Viros Amat c/o Block Services
4296;Vitalis
4297;Vitolibro
4298;Vittoria Braun
4299;Vja
4300;VoG - Verlag ohne Geld
4301;VoG Verlag ohne Geld e.K.
4302;Vogelgesang Verlag
4303;Vogelherd-Verl.
4304;Vohodi
4305;Voland & Quist
4306;Volk Verlag
4307;Volker Frehsee
4308;Volker Lüdecke
4309;Von Herzen Verlag
4310;Von-Loeper-Literaturverl.
4311;Vonderheit
4312;Voodoo Press
4313;Vögel
4314;W. Loh
4315;W. M. Weist
4316;W. Roth
4317;W. Wurmbrand
4318;W3-Verl.-Ges.
4319;WDL-Verlag
4320;WDS-Verl.
4321;WFB
4322;WFB-Verl.-Gruppe
4323;WHB Verlag
4324;WHK-Verl.
4325;WHK-Verlag
4326;WHV Wolfgang Hager Verlag
4327;WIFA Druck und Verlag
4328;WOA-Verl.
4329;WOLLVerlag
4330;WORTSCHAU Verlag
4331;WaRo-Verlag Heidelberg
4332;Wachholtz
4333;Wado-Verl.
4334;Wage-Verl.
4335;Wagenbach
4336;Wagner
4337;Wagner Verlag
4338;Walde + Graf Verlagsagentur und Verlag
4339;Waldgut
4340;Waldgut Verlag
4341;Waldkirch Verlag
4342;Wallimann
4343;Wallstein
4344;Wallstein Verlag
4345;Wallstein-Verl.
4346;Walter Meier
4347;Walter Reick
4348;WandelWerk Publishing
4349;Wanner Publishing
4350;Wartberg
4351;Wartberg Verlag
4352;Wartberg-Verl.
4353;Wartberg-Verlag GmbH
4354;Wartburg Verlag
4355;Wartburg-Verl.
4356;Wasserburg Rindern
4357;Wattpad corp.
4358;Waxmann
4359;Web-Site-Verl.
4360;Weber
4361;WeberVerlag.ch
4362;Weerts Verlag
4363;Weg und Ziel
4364;Weger
4365;Wehrhahn
4366;Wehrhahn Verlag
4367;Wehrhahn-Verl.
4368;Weidler
4369;WeimarArt
4370;Weimarer Schiller Presse
4371;Weimarer Schiller-Presse
4372;Weimarer Schillerpresse
4373;Weimarer Verlagsgesellschaft
4374;Weimarer-Schiller-Presse
4375;Weishaupt
4376;Weishaupt Verlag
4377;Weiss-Verl.
4378;Weissbooks.w
4379;Weisz auf Schwarz – Literatuzeitschrift
4380;Weitschat
4381;WelkenVerlag
4382;Wellhausen & Marquardt
4383;Wellhöfer
4384;Wellhöfer Verlag
4385;Weltbild
4386;Weltbuch
4387;Weltklasse Miteinander Verlag e.U.
4388;Wendepunkt Verlag
4389;Wendepunkt-Verl.
4390;Wendorf Verlag
4391;Wenn Nicht Jetzt-Verlag
4392;Wenner
4393;Wenng
4394;Wenz
4395;Werd & Weber Verlag
4396;Werd & Weber Verlag AG
4397;Werd Verlag
4398;Werdewelt Verlags- und Medienhaus
4399;WerkdruckEDITION
4400;Werkkreis Literatur der Arbeitswelt - Werkstatt Wien
4401;Werkstätten-Verl.
4402;Werner A. Prochazka
4403;Werner Adams
4404;Werner Jurt
4405;Werner Kurze
4406;Werner Pfeil
4407;Werner Schaarmann
4408;Werner Schüller
4409;Westarp BookOnDemand
4410;Westarp BookOnDemand in der Mediengruppe Westarp
4411;Westermann
4412;Westflügel Verlag
4413;Westflügel-Verl.
4414;Westfälische Wilhelms-Universität Münster, Zentrale Kustodie
4415;Westkreuz-Verl. Berlin/Bonn
4416;WeyTeCon Förlag
4417;WeyTeCon Förlag (WF)
4418;Weyand
4419;WiderWort-Verl.
4420;Wiebers
4421;Wiebers Verlag
4422;Wieden-Verl.
4423;WiedenVerl.
4424;Wiedenverl.
4425;Wiedenverlag
4426;Wiener Volkshochsch.
4427;Wiesenburg
4428;Wiesenburg Verlag
4429;Wiesenburg-Verl.
4430;Wiesengrund Verlag
4431;Wieser
4432;Wieser Verlag
4433;Wifa Verlag GmbH
4434;Wilfried Stubbe
4435;Wilhelm Heyne Verlag
4436;Wind Child Publishing
4437;Wind und Sterne
4438;Windhauch Verlag
4439;Windsor Verlag
4440;Windspiel
4441;WirFinden.Es Naß und Hellie GbR
4442;Wirtschaftsverl. N. W., Verl. für Neue Wiss.
4443;Wirtschaftsverlag W.V. GmbH
4444;Wiss. Buchges.
4445;Wiss. Verl. Bachmann
4446;Wiss.-Verl.
4447;Wissenmedia
4448;Wittaverl.
4449;Wittgenstein Verlag
4450;Wittgenstein-Verl.
4451;Wißner
4452;Wohlrab
4453;Wolbern
4454;Wolf
4455;Wolf Amadeus Gericke
4456;Wolf Präsente
4457;Wolfbach
4458;Wolff Verlag
4459;Wolfgang Görke
4460;Wolfgang Hager Verlag
4461;Wolfgang HagerVerlag
4462;Wolfgang Martin, im Selbstverlag
4463;Wolfgang Pfeifenberger Verlag
4464;Wolfram Jörke
4465;Wolkenreiter-Verl.
4466;Woll Verlag
4467;Worms Verlag
4468;Wort-und-Mensch-Verl.
4469;Wortfeger Media GmbH
4470;Worthandel-Verl.
4471;Wortvergnügen
4472;Wunderhorn
4473;Wunderlich
4474;Wunderraum
4475;Wunderwaldverl.
4476;Wunderwaldverlag
4477;Wurdack
4478;Wurdack Verlag
4479;Wydawnictwo Tadeusz Serocki
4480;Wörterseh
4481;XOXO Verlag
4482;XS-Verl.
4483;Xanthippe
4484;Xenomoi
4485;Xuxelia Verlag
4486;Yantra
4487;Yara-Ed.
4488;Yellow King Productions
4489;Yeotone
4490;Yola Stahl
4491;Youcanprint
4492;Yvonne Kraus
4493;Yvonne Taddeo
4494;ZIEL
4495;ZWIEBOOK
4496;Zaunkönigin-Verl. Müller
4497;Zeitschnur-Verl.
4498;Zenker, Jan M.
4499;Zenkert
4500;Zenos-Verl.
4501;Zero Verlag
4502;Ziebarth Verlag
4503;Ziethen
4504;Zoppelberg-Verl.
4505;Zweitausendeins
4506;Zwiebelzwerg
4507;Zwiebelzwerg Verlag
4508;Zwiebelzwerg-Verl.
4509;Zwiebook
4510;Zytglogge
4511;Zörner, Peter
4512;Zürcher Kantonalbank
4513;[SIC] – Literaturverlag
4514;[kon] Paper e.V.
4515;ab Edizioni Alpha Beta Verlag
4516;acabus
4517;adakia Verlag
4518;adakia Verlag UG
4519;adeo
4520;agenda Verlag
4521;alit - Verein Literaturstiftung
4522;alit - Verein Literaturstiftung Zürich
4523;allbärn-verlag
4524;amardi verlag
4525;amarto
4526;ars vivendi
4527;arsEdition
4528;art & words
4529;"art skript Phantastik ""Verlag & Design"""
4530;artkonzeptkörner
4531;assoverlag
4532;audimax Medien
4533;aws Literatur
4534;awsLiteratur
4535;axel dielmann - verlag
4536;be.bra Verlag
4537;be.bra wissenschaft verlag
4538;beTHRILLED
4539;beingoo
4540;belkastudio
4541;bene! Verlag
4542;benno
4543;blackanist publications by Marco Neumann Verlag
4544;blue panther books
4545;blue rhino verlag
4546;blv
4547;boox-verlag
4548;brennt GmbH
4549;brennt! GmbH
4550;btb
4551;bu-bu der bunte buchladen
4552;buch & media
4553;buch+musik ejw-Service gmbh
4554;buch.ome - Offsetzdruckerei Karl Grammlich GmbH
4555;buchwerft-verlag.de
4556;burgart-presse
4557;c/o autorenglück.de, Stina Milner
4558;cW-Nordwest-Media-Verl.-Ges.
4559;camino
4560;camino.
4561;cap-books
4562;capybarabooks
4563;cbm verlag
4564;ch. falk-verlag
4565;chiliverlag
4566;comediantes
4567;concepcion Seidel OHG
4568;container press
4569;copy-us Verlags GmbH
4570;creomira
4571;cri-ki-Verl.
4572;crimetime
4573;custos verlag
4574;custos verlag e.K.
4575;dahlemer verlagsanstalt
4576;danube books
4577;de La Porte
4578;debux-Verl.
4579;denkhaus Verlag
4580;der blaue reiter
4581;der wolf verlag
4582;destinatio Verlag
4583;deutscher lyrik verlag
4584;dialogverlag
4585;disadorno edition
4586;dissertation.de
4587;dorise-Verlag
4588;dr. ziethen verlag
4589;dt-Verl.
4590;dtv
4591;dtv Verlagsgesellschaft
4592;duotincta
4593;dup, düsseldorf university press
4594;dvg, Digitalverl.
4595;düsseldorf university press
4596;eFeF-Verl.
4597;eFeF-Verlag
4598;ebersbach & simon
4599;echomedia Buchverlag
4600;echomedia buchverlag
4601;echt EMF
4602;edition 8
4603;edition AZUR
4604;edition Friedenauer Brücke
4605;edition TIAMAT
4606;edition Winterwork
4607;edition a
4608;edition assemblage
4609;edition bodoni
4610;edition bücherlese
4611;edition chrismon
4612;edition dreiklein
4613;edition editka
4614;edition exil
4615;edition federleicht
4616;edition fischer
4617;edition fza
4618;edition fünf
4619;edition grundrisse
4620;edition imaginär
4621;edition k&s
4622;edition keiper
4623;edition lex liszt 12
4624;edition libica
4625;edition libica Simone Stefanie Klein
4626;edition lichtung
4627;edition litera im R.G. Fischer Verlag
4628;edition maya
4629;edition mosaik
4630;edition naundob
4631;edition petit
4632;edition promenade
4633;edition punktuell.
4634;edition q im be.bra verlag
4635;edition q im bebra verlag
4636;edition sanderling
4637;edition silbenreich
4638;edition sine
4639;edition sonne & mond
4640;edition sonne und mond
4641;edition talpa mundum ferens
4642;edition winterwork
4643;edition wohlwill
4644;edition worte & werke
4645;edition worte&werke
4646;edition zebra
4647;edition.inspiration
4648;edition.subkultur.de
4649;edition_aixact
4650;editionmevinapuorger
4651;editionsmueller
4652;editionwort
4653;editum
4654;elbaol Verlag
4655;elbaol verlag
4656;elfundzehn
4657;enPunto
4658;epubli
4659;epubli GmbH
4660;epubli-Verlag
4661;erscheint jährlich in der Edition Angewandte bei De Gruyter
4662;es-Verlag
4663;eta Verlag
4664;fabrik.transit
4665;fabula Verlag Hamburg
4666;fallen star
4667;fe-Medienverlags-GmbH
4668;fe-medienverl.
4669;felu
4670;felu Verlag GbR - Ketti Gnida u. Susanne Krebin
4671;fhl Verl. Leipzig UG
4672;fhl-Verl.
4673;fibre
4674;fineBooks
4675;fortfolgendes
4676;frechverlag GmbH
4677;freiraum-verlag
4678;für neues bewusst-sein
4679;ggverlag
4680;hendrik Bäßler verlag
4681;hkk Krankenkasse
4682;hochroth
4683;hockebooks
4684;hockebooks gmbh
4685;holapress
4686;homunculus verlag
4687;hora Verlag
4688;hy-buchedition
4689;ideaFactory Geiler, Thiessen & Uhlig GbR
4690;ihleo Verlag
4691;ihleo verlag
4692;ihleo verlagsbüro - Dr. Oliver Ihle
4693;ikon VerlagsGesmbH
4694;in-Cultura.com
4695;indayi Edition
4696;innsalz
4697;irrgarten Verlag
4698;jmb-Verlag
4699;kbw bibelwerk
4700;klausur-verlag
4701;konkursbuch
4702;konkursbuch Verlag Claudia Gehrke
4703;kuk
4704;kukma - Kunst- und Kulturverein
4705;kunstanstifter
4706;kurz & bündig Verlag
4707;laurin
4708;lebema.ch
4709;lectorbooks
4710;lectorbooks, ein Imprint der Torat GmbH
4711;lehmanns media
4712;lila-verlag.ch
4713;literatur:vorarlberg
4714;luv Verlag
4715;mXpro
4716;mainbook
4717;mandelbaum verlag
4718;manggei verlag
4719;manitu-books
4720;manuskripte-Literaturverein
4721;mare
4722;maringo
4723;mariprosa
4724;marix Verlag
4725;marix verlag
4726;marixverlag
4727;maudrich
4728;mbassador GmbH
4729;mdv Mitteldeutscher Verlag GmbH
4730;mediaKern
4731;medimont
4732;meinbesteller.de
4733;menani GmbH
4734;mgo Fachverlage
4735;mikrotext
4736;mitteldeutscher verlag
4737;modo
4738;morgenroth media
4739;moses Verlag
4740;muc Verlag
4741;mvg verlag
4742;myMorawa
4743;myMorawa Dataform Media GmbH
4744;myMorawa von Dataform Media GmbH
4745;myMorawa von Morawa Lesezirkel
4746;myMorawa von Morawa Lesezirkel GmbH
4747;myshow Verlag
4748;münstermann
4749;münstermitte medienverlag
4750;müry salzmann
4751;neobooks
4752;net-Verl.
4753;net-Verlag
4754;netzbuchladen.de
4755;nicolai
4756;novum Verlag in der Verlags- und Medienhaus WSB
4757;novum eco Verlag
4758;novum pocket
4759;novum pocket Verlag
4760;novum premium
4761;novum premium ein Imprint von novum publishing
4762;novum pro
4763;novum pro Verlag
4764;octOpus
4765;ohneohren Verlag
4766;ohneohren verlag
4767;onomato Verlag
4768;onomato verlag
4769;ostbooks
4770;outlook Verlag
4771;p.l.o.t. e.V.
4772;p.machinery
4773;p.machinery Haitel
4774;p.machinery Haitel***5173734
4775;p.machinery Michael Haitel
4776;parasitenpresse
4777;pavée - peter appeltauer vélo edition
4778;pdk-Verl.
4779;peppair GmbH
4780;piepmatz Verlag
4781;pkp Verlag
4782;pkp Verlag, Pierre Kynast
4783;plV-Media
4784;plattform
4785;pro MESSAGE
4786;pro Monstein
4787;pro mente edition
4788;product verlag
4789;projektverlag
4790;public book media Verlag
4791;public book media verlag
4792;pudelundpinscher
4793;pyjamaguerilleros
4794;pünktchen Kinderbuchverlag
4795;quartus-Verlag
4796;radio 3
4797;ratio-books
4798;rbb
4799;re:sonar verlag
4800;read4joy
4801;riki
4802;riva
4803;rohumedia
4804;rosenheimer
4805;rulSuspense Verlag
4806;rüffer & rub
4807;scius
4808;scribaria
4809;scridelio
4810;servitus Verlag
4811;skript-Verlag
4812;smp, swb media publishing
4813;sonderpunkt Verlag
4814;sonderzahl
4815;sonne & mond
4816;spree-books (spree-media.net GmbH)
4817;steinbach sprechende bücher
4818;stirnholz Verlag
4819;story.one
4820;sujet verlag
4821;swiboo.ch
4822;synergenVerlag
4823;synergenVerlag - Deutscher Bierkulturverlag
4824;telegonos-publishing
4825;thrillercriminal.com Community
4826;tolino media
4827;tosa
4828;tpk-Regionalverlag
4829;tpk-Verlag
4830;trafo
4831;tredition
4832;tredition GmbH
4833;tunkan
4834;tvd
4835;uli-jungbluth-press
4836;unartproduktion
4837;united p.c.
4838;vHVerlag
4839;vabaduse.de
4840;van Aaken
4841;van Eck
4842;van Eck Verlag
4843;vbb, Verlag für Berlin-Brandenburg
4844;verlag am park
4845;verlag der brotsuppe
4846;verlag die brotsuppe
4847;verlag heil.reisen
4848;verlag honigbauch
4849;verlag.marless.de
4850;verlageinundsiebzig
4851;verlagsallianz
4852;viademica.verlag berlin e. Kfm.
4853;vitolibro
4854;vitolibro Vito von Eichborn
4855;vomhörensehen medienagentur
4856;von Bockel
4857;von Reeken
4858;von Zabern
4859;von dem Knesebeck GmbH & Co. Verlag KG
4860;wbg Edition
4861;weissbooks.w
4862;wek-Verl.
4863;wesText Verlag
4864;wesText-Verl.
4865;wespen-kontor
4866;winterwork
4867;wir sind lesenswert – Verein für Literatur
4868;wortbau e.V.
4869;worttransport.de
4870;wtp-verlag
4871;wtv
4872;www.epubli.de
4873;www.hairfashionplus.ch
4874;www.ideenteufel.de
4875;www.stejnar-verlag.com
4876;xlibri
4877;xlibri.de
4878;zebra bw
4879;zepp.text Verlag
4880;zocher & peter
4881;zu Klampen
4882;zuKlampen!
4883;zwiebook
4884;Çizgi Kitabevi
4885;Èditions à la Carte
4886;Éd.  Saint-Paul
4887;Éd. L'Oreille du Loup
4888;Éd. Saint-Paul
4889;Éditions Guy Binsfeld
4890;Írott Szó Alapítvány
4891;ÖBB Personenverkehr AG, Personalmanagement Kärnten
4892;Österr. Kunst- u. Kulturverl.
4893;Österr. Literaturforum
4894;Österreichische Literaturgesellschaft
4895;Österreichischer Schriftsteller/innenverband
4896;Österreichisches Literaturforum
4897;ß Verlag
