koerperschaft_id;koerperschaft_name;koerperschaft_name_gnd;sitz_gnd;gruendungsdatum_gnd;aufloesungsdatum_gnd;gnd_nummer;homepage_gnd;gnd_sachgruppe
1;"""Grüne Aue""";;;;;;;
2;#BerlinAuthors;;;;;;;
3;/;;;;;;;
4;175er Verlag;175er Verlag;;;;1064206646;http://www.schutter-verlag.com;Buchwissenschaft, Buchhandel
5;1Druck, DIVO;;;;;;;
6;27amigos;;;;;;;
7;2A-Verlag, Akademie Freier Autoren e.V.;Akademie freier Autoren e.V. 2A-Verlag;Hamburg;1992;;1064738664;http://www.2a-verlag.de;Buchwissenschaft, Buchhandel
8;3. Oktober – Deutschland singt und klingt;;;;;;;
9;360 Grad Verlag GmbH;360 Grad Verlag;"Schriesheim; Leimen (Rhein-Neckar-Kreis)";2017;;1363176633;;
10;3VerSchreiber;;;;;;;
11;7Sterne-Ed.;;;;;;;
12;A. Agic;;;;;;;
13;A. Delon;;;;;;;
14;A. Fritz Verlag;A. Fritz Verlag;Frankfurt am Main;;;1065355971;http://www.a-fritz-verlag.de;Buchwissenschaft, Buchhandel
15;A. Hennig;;;;;;;
16;A. Jochim Vela-Verlag;Vela Verlag;;;;1066114188;http://www.vela-verlag.de;Buchwissenschaft, Buchhandel
17;A. Springer;A. Springer Verlag AG;;;;1064061044;;Buchwissenschaft, Buchhandel
18;A.E. Johann-Gesellschaft e.V.;;;;;;;
19;A.P.P. Verlag;A.P.P. Verlag;Laichingen;;;1065027834;;Buchwissenschaft, Buchhandel
20;A1 Verlag;A1-Verlag;München;16.02.1971;;4584260-7;http://www.a1-verlag.de;Buchwissenschaft, Buchhandel
21;A7L Thrilling Books Limited;;;;;;;
22;AAVAA Verlag;AAVAA Verlag UG;Hohen Neuendorf;;;1064738710;http://www.aavaa.de;Buchwissenschaft, Buchhandel
23;AB - Die Andere Bibliothek;AB - Die Andere Bibliothek GmbH & Co. KG;Berlin;2012;;1067137653;http://www.die-andere-bibliothek.de;Buchwissenschaft, Buchhandel
24;AB - Die Andere Bibliothek GmbH & Co. KG;AB - Die Andere Bibliothek GmbH & Co. KG;Berlin;2012;;1067137653;http://www.die-andere-bibliothek.de;Buchwissenschaft, Buchhandel
25;AB, TravenBooks;;;;;;;
26;AB1-Dr. & Verl.;AB1 - Druck & Verlag;Alteglofsheim;;;1064731481;http://www.ab1-druck.de;Buchwissenschaft, Buchhandel
27;ABLIT-Verl.;ABLIT Verlag e.K.;München;;;1065495269;http://www.ablitverlag.de;Buchwissenschaft, Buchhandel
28;AGIRO Verlag;Agiro Verlag;Neustadt an der Weinstraße;;;1065487916;;Buchwissenschaft, Buchhandel
29;AGMA - Christlicher Buchverl.;AGMA Christlicher Verlag;Saarlouis;;;1067137254;http://agma-christlicher-buchverlag.de;Buchwissenschaft, Buchhandel
30;AIKA Consulting GmbH;;;;;;;
31;AJSP;AJSP;Berlin;;;1065979312;;Buchwissenschaft, Buchhandel
32;AJZ-Dr. & Verl.;AJZ-Druck und Verlag GmbH;Bielefeld;;;1066116342;http://www.ajzverlag.de;Buchwissenschaft, Buchhandel
33;AKU!;AKU-VERLAG;Meschede;;;1065856180;;Buchwissenschaft, Buchhandel
34;AME Stöpel;AME Stöpel Verlag;Flieden;;;1065503989;;Buchwissenschaft, Buchhandel
35;APOLLON TEMPEL VERLAG;;;;;;;
36;APRYCOT;;;;;;;
37;ARW;Arbeitsgemeinschaft für Religions- und Weltanschauungsfragen;München;1976;;2046014-4;http://www.religio.de/arw;"Buchwissenschaft, Buchhandel; Allgemeine und vergleichende Religionswissenschaft, Nichtchristliche Religionen"
38;AS Verlag;AS Verlag;Zürich;1991;;1064118534;https://asverlag.lesestoff.ch/;Buchwissenschaft, Buchhandel
39;AT-Verl.;AT Verlag;"München; Aarau";1976;;1064053424;http://www.at-verlag.ch;Buchwissenschaft, Buchhandel
40;ATE;Ate;;;;1086834895;;
41;AUMAYER;Aumayer druck + media;Munderfing;;;1064212093;https://aumayer.co.at;Buchwissenschaft, Buchhandel
42;AVM;Akademische Verlagsgemeinschaft München;München;;;1067137009;http://www.avm-verlag.de;Buchwissenschaft, Buchhandel
43;Aaronis Coll.;Aaronis Collection;;2006;;1065982186;http://www.aaronis-collection.com;Buchwissenschaft, Buchhandel
44;Abera;Abera Verlag;Hamburg;;;106412531X;http://www.abera.de;Buchwissenschaft, Buchhandel
45;Abl Verlag;Abl Bauernblatt Verlags-GmbH;;;;1067148825;;Buchwissenschaft, Buchhandel
46;Acabus Verlag;Acabus Verlag;Hamburg;;;1065972490;;Buchwissenschaft, Buchhandel
47;Achertäler Druckerei;Achertäler Druckerei GmbH & Co. KG;Kappelrodeck;;;1065658141;http://www.achertaeler.com;Buchwissenschaft, Buchhandel
48;Achter Verlag;Achter Verlag;;XX.11.2007;;1065528981;http://www.achter-verlag.de;Buchwissenschaft, Buchhandel
49;Achterland;Achterland Verlagscompagnie;Vreden;;;1065790996;;Buchwissenschaft, Buchhandel
50;Adalbert-Stifter-Institut des Landes Oberösterreich / StifterHaus;Adalbert-Stifter-Institut des Landes Oberösterreich;Linz;;;2003604-8;https://stifterhaus.at/;"Archiv, Museum; Literarisches Leben"
51;Adlerstein-Verlag;Adlerstein-Verlag;Wiesmoor;;;1065147198;;Buchwissenschaft, Buchhandel
52;Adlibri-Verl.;adlibri Verlag GmbH & Co. KG;Hamburg;01.11.2001;;1065361637;http://www.adlibri.de;Buchwissenschaft, Buchhandel
53;Adolf Dahlfeld Erben;Adolf Dahlfeld Erben;Barth;;;1066110859;;Buchwissenschaft, Buchhandel
54;Adonia;Adonia (Körperschaft);Brittnau;1979;;16060915-X;http://www.adonia.ch;Gruppe, Organisationssoziologie, Interaktion
55;Advent-Wohlfahrtswerk Seniorenheim Neandertal gmbH;;;;;;;
56;Adwork Köln - Halven Hahn Produktion;;;;;;;
57;Afra-Sonnensturm-Verl.;Afra Sonnensturm Verlag;Neusäß;;;1065169558;http://www.afra-anna-schaefer.de;Buchwissenschaft, Buchhandel
58;AfricAvenir - Exchange & Dialogue;AfricAvenir - Exchange & Dialogue;Berlin;;;1064923186;http://www.exchange-dialogue.com;Buchwissenschaft, Buchhandel
59;Afusoft;AFUSOFT Kommunikationstechnik GmbH;;1986;;1065709994;http://www.afusoft.de;Buchwissenschaft, Buchhandel
60;Agade Publ. House;;;;;;;
61;Agenda Verlag;Agenda-Verlag;;;;1065216955;;Buchwissenschaft, Buchhandel
62;Agentur des Rauhen Hauses Hamburg;Agentur des Rauhen Hauses Hamburg GmbH;Norderstedt;11.02.1842;;1065786999;http://www.agentur-rauhes-haus.de;Buchwissenschaft, Buchhandel
63;Agon-Sportverl.;AGON-Sportverlag (Kassel);Kassel;;;3020655-8;http://www.agon-sportverlag.de;Buchwissenschaft, Buchhandel
64;Agroplant;Agroplant GmbH - Umweltberatung -;Schwedt/Oder;01.06.1992;;1066133085;http://www.agroplant.de;Buchwissenschaft, Buchhandel
65;Ahead and Amazing;Ahead and Amazing Verlag;;;;106570884X;http://www.aheadandamazing.de;Buchwissenschaft, Buchhandel
66;Aisthesis Verlag;AISTHESIS Verlag GmbH & Co. KG;Bielefeld;01.09.1985;;1064726038;http://www.aisthesis.de;Buchwissenschaft, Buchhandel
67;Akad.-Verl.;;;;;;;
68;Akademie der Künste;Akademie der Künste;Berlin;01.10.1993;;2015876-2;https://www.adk.de/;"Kultur, Künste allgemein; Buchwissenschaft, Buchhandel; Wissenschaft"
69;Akademos;akademos Wissenschaftsverlag GmbH;Hamburg;;;1064913547;http://www.akademos.de;Buchwissenschaft, Buchhandel
70;Akazia Verlag;Akazia Verlag;;;;1065104529;http://www.akaziaverlag.at;Buchwissenschaft, Buchhandel
71;Akazien Verlag;Akazien Verlag;Berlin;;;1065658230;http://www.akazien-verlag.de;Buchwissenschaft, Buchhandel
72;Alba Trust;Alba Trust Verlag e.U. Inh. Adelheid Pexa;;;;1065861591;http://www.albatrust.at;Buchwissenschaft, Buchhandel
73;Albatros;;;;;;;
74;Alcorde Verlag;alcorde verlag;Essen;;;1064300111;http://www.alcorde.de;Buchwissenschaft, Buchhandel
75;Alea Libris Verlag;;;;;;;
76;Aleph Verlag;ALEPH VERLAG;;;;1066132062;;Buchwissenschaft, Buchhandel
77;Alexander, Darleen;;;;;;;
78;Alfa-Veda-Verlag;Alfa-Veda-Verlag;Oebisfelde;;;1064300103;;Buchwissenschaft, Buchhandel
79;Alfred Kröner Verlag;Alfred-Kröner-Verlag;"Stuttgart; Leipzig";;;2003759-4;https://www.kroener-verlag.de/impressum/;Buchwissenschaft, Buchhandel
80;Ali Hensel;;;;;;;
81;Alibri-Verl.;;;;;;;
82;Alkyon-Buchverl.;;;;;;;
83;Allegria;Allegria;Berlin;;;1065166176;http://www.ullstein-buchverlage.de;Buchwissenschaft, Buchhandel
84;Allitera Verlag;Allitera Verlag;München;2001;;1065971788;;Buchwissenschaft, Buchhandel
85;Almadinah gUG;;;;;;;
86;Almanach-Ed.;;;;;;;
87;Almus-Verl.;;;;;;;
88;Almáriom;Almáriom Verlag;Bardowick;;;1065164084;http://www.almariom.de;Buchwissenschaft, Buchhandel
89;Alois Epple;Dr. Alois Epple (Firma);;;;1066136106;;Buchwissenschaft, Buchhandel
90;Alpenpost Verl.;;;;;;;
91;Alpha Litart;;;;;;;
92;Alphabeta;AlphaBeta;Singapur;2015;;1257698745;https://alphabeta.com/;
93;Altan;Altan;;1987;;3023177-2;;Musik (Allgemeines), Musikgeschichte
94;Alte-Jeetzel-Buchh. und Verl.;Alte-Jeetzel-Buchhandlung und Verlag GmbH;;;;1065132271;;Buchwissenschaft, Buchhandel
95;Altis-Verlag;Altis-Verlag GmbH;Oranienburg;;;1067147934;;Buchwissenschaft, Buchhandel
96;Altius;Altius Verlag GmbH;Erkelenz;;;106555186X;http://www.altius-verlag.de;Buchwissenschaft, Buchhandel
97;Amalthea;Amalthea Verlag;"Leipzig; Wien; Zürich";1917;;1213349-8;https://amalthea.at/;Buchwissenschaft, Buchhandel
98;Amalthea Signum;Amalthea Signum Verlag;Wien;2002;;1065536127;http://www.herbig.net;Buchwissenschaft, Buchhandel
99;Amative Publ.***5246918;amative publisher;;;;1065145446;;Buchwissenschaft, Buchhandel
100;Amazon Distribution;;;;;;;
101;Amazon Media EU S.à r.l.;;;;;;;
102;Ambaum-Verl.;Ambaum Verlag;Vöhl;;;1066122377;http://www.ambaum.de;Buchwissenschaft, Buchhandel
103;Ambiente-Krimis;ambiente-krimis;;;;1065098383;http://www.ambiente-krimis.de;Buchwissenschaft, Buchhandel
104;Amdora-Verlag;;;;;;;
105;Amicus;Amicus;;2001;2007;10063087-X;http://www.amicustheunion.org;
106;Ammann;Ammann-Verlag;Zürich;XX.XX.1981;30.06.2010;4268699-4;http://www.ammannverlag.ch/;Buchwissenschaft, Buchhandel
107;Ammersee Verlag;;;;;;;
108;Ammianus-Verlag;;;;;;;
109;Amonja Publishing;;;;;;;
110;Amrûn Verlag;Amrûn Verlag;;;;106536380X;http://www.amrun-verlag.de;Buchwissenschaft, Buchhandel
111;Amrûn-Verl.;Amrûn Verlag;;;;106536380X;http://www.amrun-verlag.de;Buchwissenschaft, Buchhandel
112;AnOA edition;;;;;;;
113;Anaconda Verlag;Anaconda Verlag;Köln;2004;;1065133014;https://www.penguinrandomhouse.de/Verlag/Anaconda-Verlag/75000.rhd;Buchwissenschaft, Buchhandel
114;Ancient Mail Verlag Werner Betz;Ancient Mail Verlag;Groß-Gerau;1999;;106552854X;http://www.ancientmail.de;Buchwissenschaft, Buchhandel
115;Anderland Books;;;;;;;
116;Anderslieben Verlag Heckmann & Meinzer;;;;;;;
117;Andiamo;andiamo-verlag;Mannheim;;;1065491611;;Buchwissenschaft, Buchhandel
118;Andra-Danu-Verl.;Andra-Danu-Verlag;;;;1064056377;http://www.andra-danu-verlag.de;Buchwissenschaft, Buchhandel
119;AndreBuch-Verl.;AndreBuchVerlag;Memmingen;31.03.2010;;1065532636;http://www.andrebuchverlag.de;Buchwissenschaft, Buchhandel
120;AndreBuchVerlag;AndreBuchVerlag;Memmingen;31.03.2010;;1065532636;http://www.andrebuchverlag.de;Buchwissenschaft, Buchhandel
121;Andres;;;;;;;
122;Andresen;;;;;;;
123;Angele;Angele-Sippe;;;;10121659-2;;
124;Angelika Lenz Verlag;Angelika Lenz Verlag;Neu-Isenburg;;;1067138803;http://www.lenz-verlag.de;Buchwissenschaft, Buchhandel
125;Angst & Schrecken;Angst&Schrecken Verlag e.K.;Gelsenkirchen;;;1064784909;;Buchwissenschaft, Buchhandel
126;Anikkänbrö & Knetemelk;Anikkänbrö & Knetemelk;Berlin;25.01.1994;;1064206581;http://www.k400.de;Buchwissenschaft, Buchhandel
127;Ankerherz;Ankerherz Verlag GmbH;Hollenstedt;2009;;1058462709;https://www.ankerherz.de/;Buchwissenschaft, Buchhandel
128;Anno-Verlag;Anno-Verlag;Ahlen (Kreis Warendorf);;;1065964366;http://www.anno-verlag.de;Buchwissenschaft, Buchhandel
129;Ansichtssache - Agentur für Gestaltung;;;;;;;
130;Anthea-Verlag;;;;;;;
131;Anton H. Konrad Verlag;Anton-H.-Konrad-Verlag (Weißenhorn);Weißenhorn;01.08.1961;;2000006-6;https://www.konrad-verlag.de/;"Einzelne Branchen der Industrie und des Handwerks; Buchwissenschaft, Buchhandel"
132;Anuschka Weyand Buchverlag;Anuschka Weyand (Firma);;;;1065359004;;Buchwissenschaft, Buchhandel
133;Aphaia-Verl.;Aphaia-Verlag (Berlin);Berlin;1990;;5105440-1;http://www.aphaia-verlag.de;"Buchwissenschaft, Buchhandel; Einzelne Branchen der Industrie und des Handwerks"
134;AphorismA;AphorismA Verlag Antiquariat Agentur Mit angeschl. Versandbuchhandlung gGmbH;Berlin;2004;;1065283407;http://www.aphorisma-verlag.de;Buchwissenschaft, Buchhandel
135;Apollon Tempel Verlag;;;;;;;
136;Apollon-Verl.;;;;;;;
137;Appenzeller Verlag;Appenzeller Verlag;"Herisau; Schwellbrunn";;;10146634-1;http://www.appenzellerverlag.ch;Buchwissenschaft, Buchhandel
138;Appenzeller Volksfreund;Druckerei Appenzeller Volksfreund;Appenzell;1875;;1065038895;https://www.adag.ch/appenzeller-volksfreund.html;Buchwissenschaft, Buchhandel
139;April G. Dark c/o Gabriela Schmid;;;;;;;
140;Aquensis;Cappella Aquensis;;;;10293152-5;;Musik (Allgemeines), Musikgeschichte
141;Arachne Verlag;Arachne Verlag;Gelsenkirchen;11.03.1996;;1064050786;http://www.arachne-verlag.de;Buchwissenschaft, Buchhandel
142;Arbeitsgemeinschaft Selbstständiger Migranten e.V.;Arbeitsgemeinschaft Selbstständiger Migranten e.V.;Hamburg;2007;;16096364-3;https://www.asm-hh.de/;"Bevölkerung, Sozialstruktur, Soziale Situation, Soziale Bewegungen; Arbeit"
143;Arbeitskreis der Gleichstellungsbeauftragten des Märkischen Kreises, Arbeitskreis der Gleichstellungsbeauftragten des Märkischen;;;;;;;
144;Arbeitskreis für Dorfentwicklung und Heimatpflege;Arbeitskreis für Dorfentwicklung und Heimatpflege;Arnsberg-Müschede;;;1121043720;;
145;Arcanum Fantasy Verlag;Arcanum Fantasy Verlag;Hamburg;12.07.2005;;1065027222;http://www.arcanum-fantasy-verlag.de;Buchwissenschaft, Buchhandel
146;Arche;Arche Literatur Verlag;"Zürich; Hamburg";2008;;1048061582;http://www.arche-verlag.com;"Einzelne Branchen der Industrie und des Handwerks; Buchwissenschaft, Buchhandel"
147;Archipel;Archipel Verlag;Ruswil;1990;;1065565437;http://www.archipelverlag.ch;Buchwissenschaft, Buchhandel
148;Arco;Arco Verlag;Wuppertal;2002;;104769185X;"http://www.arco-verlag.com; http://www.arco-verlag.de";Buchwissenschaft, Buchhandel
149;Arcos-Verl.;Arcos Verlag GmbH;Ergolding;;;1064796451;;Buchwissenschaft, Buchhandel
150;Ardey-Verlag;Ardey-Verlag;"Dortmund; Münster (Westf)";1951;;1065368275;https://www.ardey-verlag.de/;Buchwissenschaft, Buchhandel
151;Arete-Verl.;Arete Verlag;Hildesheim;2010;;1065532601;http://www.arete-verlag.de;Buchwissenschaft, Buchhandel
152;Argument Verlag;Argument-Verlag (Hamburg);Hamburg;1986;;2098985-4;;Einzelne Branchen der Industrie und des Handwerks
153;Arkade;;;;;;;
154;Arkani Verlag;;;;;;;
155;Armin-T-Wegner-Ges.;Armin-T.-Wegner-Gesellschaft;;;;2084576-5;http://www.armin-t-wegner.de;
156;Arnshaugk;Arnshaugk Verlag;"München; Neustadt an der Orla";01.08.1986;;1065650922;http://www.arnshaugk.de;Buchwissenschaft, Buchhandel
157;Arovell Verlag;AROVELL Verlag;Gosau;1991;;1065215436;http://www.arovell.at;Buchwissenschaft, Buchhandel
158;Ars Edition;arsEdition;"Zug; Stockholm; München";08.04.1981;;4447034-4;http://www.arsedition.de;"Buchwissenschaft, Buchhandel; Einzelne Branchen der Industrie und des Handwerks"
159;Ars Una;ars una Verlagsgesellschaft mbH;;;;1065859902;http://www.ars-una.de;Buchwissenschaft, Buchhandel
160;Ars Vivendi;ars vivendi verlag;Cadolzburg;27.06.1988;;1065966776;http://www.arsvivendi.com;Buchwissenschaft, Buchhandel
161;Ars et Unitas;ars et unitas Verlagsgesellschaft mbH;;;;1067148558;;Buchwissenschaft, Buchhandel
162;Art In Flow;Art In Flow, Verlag für Zeitgenössische Kunst;Berlin;2007;;1064131840;http://www.artinflow.de;Buchwissenschaft, Buchhandel
163;Art Skript Phantastik;Art Skript Phantastik Verlag;Salach;01.01.2012;;1067151788;http://www.aspverlag.de;Buchwissenschaft, Buchhandel
164;ArteMedia;ARTEMEDIA Verlag;;;;1065655312;http://www.artemedia-verlag.at;Buchwissenschaft, Buchhandel
165;Artemis & Winkler;Artemis & Winkler;"München; Zürich";1971;;1054435901;;
166;Artemis und Winkler;Artemis & Winkler;"München; Zürich";1971;;1054435901;;
167;Artio Wortkunstverlag;Artio Wortkunstverlag;;;;1065104464;http://www.artio-wortkunstverlag.com;Buchwissenschaft, Buchhandel
168;Artpress;;;;;;;
169;Arunya-Verlag;Arunya-Verlag;Lübeck;;;1065423357;http://www.arunya-verlag.de;Buchwissenschaft, Buchhandel
170;Asaro Verlag;Asaro Verlag;;;;1066121265;http://www.asaro-verlag.de;Buchwissenschaft, Buchhandel
171;Aschenbeck-Verl.;;;;;;;
172;Aschendorff Verlag;Aschendorffsche Verlagsbuchhandlung;Münster (Westf);1763;;2005193-1;"https://www.aschendorff.de/; https://www.aschendorff-buchverlag.de";"Buchwissenschaft, Buchhandel; Handel einzelner Branchen, Dienstleistung einzelner Branchen; Papierherstellung, Grafische Technik; Einzelne Branchen der Industrie und des Handwerks"
173;Ashera Verlag;;;;;;;
174;Askan - Familienforschung & Heimatkunde, Bärbel und Beatrice Barnehl GbR;;;;;;;
175;Asmussen;;;;;;;
176;Asoka;;;;;;;
177;Aspera* Verlag für Kunst, Kultur und Hoffnung;;;;;;;
178;Asphalt-&-Anders-Verl.;asphalt & anders Verlag;Hamburg;;;1064730221;;Buchwissenschaft, Buchhandel
179;Astrid Verlag;;;;;;;
180;Atelier & Verlag Reinhard Fritz;;;;;;;
181;Atelier Coaching & Training;;;;;;;
182;Atelier Colorwaves;;;;;;;
183;Atelier Margits Art;;;;;;;
184;Atelier Monika Stocker;;;;;;;
185;Athena-Verlag;Athena-Verlag;;;;1064127371;;Buchwissenschaft, Buchhandel
186;Athene Media;Athene Media Verlag;Dinslaken;16.08.2010;;1064285775;http://www.athene-media.de;Buchwissenschaft, Buchhandel
187;Athesia Verlag;Athesia Tappeiner Verlag;Bozen;2014;;1108557007;https://www.athesia-tappeiner.com/de;
188;Atlantik Verlag;Atlantik Verlag;Hamburg;2014;;1065028059;http://www.hoca.de;Buchwissenschaft, Buchhandel
189;Atlantis;Atlantis Verlag (Stolberg (Rhld.));Stolberg (Rhld.);2002;;1066132496;http://www.atlantis-verlag.de;Buchwissenschaft, Buchhandel
190;Aton;Aton-Saxophonquartett;;;;10367750-1;;Musik (Allgemeines), Musikgeschichte
191;Atrioc-Verl.;Atrioc-Verlag;Bad Mergentheim;;;1065790678;;Buchwissenschaft, Buchhandel
192;Atrium Verlag;Atrium Verlag;"Hamburg; Zürich";1935;;1064057993;http://www.atrium-verlag.com;Buchwissenschaft, Buchhandel
193;Attenkofer;Cl. Attenkofer (Straubing);Straubing;01.04.1900;;1072941252;;
194;Attoverl.;Attoverlag Hans Gerlach e.K.;;;;1064061869;http://www.attoverlag.de;Buchwissenschaft, Buchhandel
195;Audio-To-Go Publishing Ltd.;;;;;;;
196;Aufbau Verlag;Aufbau-Verlag;"Berlin; Weimar; Berlin (Ost)";XX.08.1945;;5058957-X;https://www.aufbau-verlage.de/;Buchwissenschaft, Buchhandel
197;Aufland-Verl.;Aufland Verlag;;2011;;1065787057;http://www.oderbruchverlag.de;Buchwissenschaft, Buchhandel
198;Augen Auf Verlag;Augen Auf Verlag;Trebur;;;1065658184;;Buchwissenschaft, Buchhandel
199;August-von-Goethe-Literaturverl.;August-von-Goethe-Literaturverlag;Offenbach am Main;;;10187841-2;;Einzelne Branchen der Industrie und des Handwerks
200;Augusta Presse- und Verlags GmbH;;;;;;;
201;Aumayer;Aumayer druck + media;Munderfing;;;1064212093;https://aumayer.co.at;Buchwissenschaft, Buchhandel
202;Aurinia;Edition Aurinia Verlag für Hörbücher und Literatur e.K.;Hamburg;;;1065426089;http://www.aurinia.de;Buchwissenschaft, Buchhandel
203;Auslesen-Verl.;Auslesen-Verlag;Kreuzau;;;1065358547;http://www.auslesen-verlag.de;Buchwissenschaft, Buchhandel
204;Aussaat;Neukirchener Aussaat;Neukirchen-Vluyn;;;106502150X;http://www.neukirchener-verlage.de;Buchwissenschaft, Buchhandel
205;Authal-Verl.;Authal Verlag Dr. Karin Halbritter;;;;1065107021;;Buchwissenschaft, Buchhandel
206;Autoren Netzwerk;;;;;;;
207;Autoren-Feder-Verl.;Autoren-Feder Verlag e.K.;;01.01.2006;;1065286236;;Buchwissenschaft, Buchhandel
208;Autorenforum Köln e.V., Autorenforum Köln e.V.;AutorenForum Köln;Köln;2002;;1026157749;;
209;Autorengruppe Märkischer Kreis;;;;;;;
210;Autorenkollektiv Nord c/o Sören Steding;;;;;;;
211;Autorenkreis Ruhr-Mark e.V.;Autorenkreis Ruhr-Mark;Hagen;1961;;2005538-9;https://www.autorenkreis-ruhr-mark.de/;Literarisches Leben
212;Autorenquelle Limburg;;;;;;;
213;Autumnus Verlag;Autumnus Verlag;Berlin;;;1064739695;http://www.autumnus-verlag.de;Buchwissenschaft, Buchhandel
214;Avanti-Verl.;Avanti-Verlag (Neuenburg, Müllheim);Neuenburg am Rhein;;;5083372-8;;Buchwissenschaft, Buchhandel
215;Ave;;;;;;;
216;Avinus;Avinus-Verlag;Berlin;;;1064345050;http://www.avinus.de;Buchwissenschaft, Buchhandel
217;AvivA;AvivA Britta Jürgs GmbH;Berlin;14.09.1995;;1065428731;http://www.aviva-verlag.de;Buchwissenschaft, Buchhandel
218;Avocado Verlag;;;;;;;
219;Axiomy Verlag;Axiomy Verlag;;;;1065963068;http://www.axiomy-verlag.de;Buchwissenschaft, Buchhandel
220;Axon;Axon;;;;10310694-7;;Musik (Allgemeines), Musikgeschichte
221;Ayon-Verlag;;;;;;;
222;Ayurveda-Verein Nexenhof;;;;;;;
223;Azur;;;;;;;
224;B. Kühlen Verlag;B. Kühlen Verlag;Mönchengladbach;01.04.1825;;16278306-1;https://www.kuehlen-verlag.de/cms/stage.profil/;Buchwissenschaft, Buchhandel
225;B. Mastori;;;;;;;
226;B. Montua;;;;;;;
227;B.R. Filtec GmbH c/o Tahja Bennet;;;;;;;
228;BACOPA VERLAG;Bacopa Handels- & Kulturges.m.b.H.;;;;1064743722;http://www.bacopa.at;Buchwissenschaft, Buchhandel
229;BC Publications;BC Publications GmbH;München;;;106412710X;http://www.bc-publications.de;Buchwissenschaft, Buchhandel
230;BE, Belle Epoque Verlag;;;;;;;
231;BE, Belle Époque Verlag;;;;;;;
232;BELLA triste e.V.;BELLA triste e.V.;Hildesheim;2001;;106502844X;http://www.bellatriste.de;Buchwissenschaft, Buchhandel
233;BGG-Verlag;;;;;;;
234;BHN Books, Verlag Alexander Hinz;;;;;;;
235;BJ-Autorenservice.de;;;;;;;
236;BLB;;;;;;;
237;BMV-Verl. Burau;;;;;;;
238;BOAS-Verl.;;;;;;;
239;BOKEN Regionalverlag;;;;;;;
240;BOOKSun-Limited;BOOKSUN Limited Niederlassung Deutschland;Stuttgart;;;1064690599;http://www.booksun.de;Buchwissenschaft, Buchhandel
241;BROTLOS Verlag;;;;;;;
242;BS Verlag Rostock;BS-Verlag Rostock;"Admannshagen-Bargeshagen; Rostock";2000;2020;10085980-X;;"Buchwissenschaft, Buchhandel; Einzelne Branchen der Industrie und des Handwerks"
243;BS motor Vertriebs und Verlags GmbH;BS Motor Vertriebs und Verlags GmbH;;;;1065365195;http://www.bs-motor.de;Buchwissenschaft, Buchhandel
244;BSH-Verl.;;;;;;;
245;BUCHER;;;;;;;
246;BVK, Buch-Verl. Kempen;BVK Buch Verlag Kempen GmbH;;01.02.1996;;1065553943;http://www.buchverlagkempen.de;Buchwissenschaft, Buchhandel
247;BVK, Buchverl. Krefeld;;;;;;;
248;BVjA e.V.;Bundesverband Junger Autoren und Autorinnen;Bonn;1987;;2110933-3;https://jungeautoren.org/;"Literarisches Leben; Arbeit"
249;Baaltis Austria;Autorenverlag Baaltis Austria;Salzburg;1990;;1065229135;http://www.beck-hoellbacher.at;Buchwissenschaft, Buchhandel
250;Baar;;;;;;;
251;Bachem;;;;;;;
252;Bachem, J P;J. P. Bachem (Köln);Köln;04.05.1818;19.12.1920;1072935430;;
253;Bachem, J. P., Verlag GmbH;J. P. Bachem, Verlagsbuchhandlung (Köln);Köln;04.05.1818;;5115971-5;http://www.bachem.de;Buchwissenschaft, Buchhandel
254;Bacopa Verlag;Bacopa Handels- & Kulturges.m.b.H.;;;;1064743722;http://www.bacopa.at;Buchwissenschaft, Buchhandel
255;Badischer Landwirtschafts-Verl.;Badischer Landwirtschafts-Verlag GmbH;Freiburg im Breisgau;;;1139299204;;
256;BadnerBuch-Verl.;BadnerBuch-Verlag;Rastatt;;;1065967780;http://www.badnerbuch.de;Buchwissenschaft, Buchhandel
257;Baeschlin Verlag;Baeschlin Verlag;Glarus;1853;;1064210953;http://www.baeschlin.ch;Buchwissenschaft, Buchhandel
258;Bahnmayer;BAHNMAYER GmbH DRUCK + REPRO;Schwäbisch Gmünd;1977;;1065360533;http://www.bahnmayer.de;Buchwissenschaft, Buchhandel
259;Baier;;;;;;;
260;Baier-BPB-Verl.;;;;;;;
261;Balaena-Verlag;Balaena-Verlag Dr. Heinz Granvogl e.K.;Landsberg am Lech;;;1066113335;http://www.balaena.de;Buchwissenschaft, Buchhandel
262;BaltArtGmbH Switzerland;;;;;;;
263;Balthasar-Verl.;Balthasar Verlag;;;;1065288905;http://www.ug-balthasar.de;Buchwissenschaft, Buchhandel
264;Baltica-Verl. Glücksburg;;;;;;;
265;Bar-Verlag;BAR-Verlag;Lübeck;;;1065853416;http://www.bar-verlag.de;Buchwissenschaft, Buchhandel
266;Bartels & Bleil, Verlag für ästhetischen Widerstand;;;;;;;
267;Bartlmüllner;Bartlmüllner Verlag;Nürnberg;;;1065219148;http://www.bartlmuellner.de;Buchwissenschaft, Buchhandel
268;Barton Verlag;;;;;;;
269;BasisDruck Verlag;BasisDruck Verlag GmbH;Berlin;08.01.1990;;1065433220;http://www.basisdruck.de;Buchwissenschaft, Buchhandel
270;Bassermann;Bassermann-Verlag;München;;;1065502923;https://www.penguinrandomhouse.de/Verlag/Bassermann/22000.rhd;Buchwissenschaft, Buchhandel
271;Bastei Lübbe;Bastei Lübbe AG;Köln;2010;;1043076026;https://bastei-luebbe.de/;Buchwissenschaft, Buchhandel
272;Bauer;Bauer-Verlag (Thalhofen);Stöttwang-Thalhofen;1993;;1156624991;https://www.verlag-bauer.de/index.php?pg=start.php;"Buchwissenschaft, Buchhandel; Einzelne Branchen der Industrie und des Handwerks"
273;Bauer-Verlag;Bauer-Verlag (Thalhofen);Stöttwang-Thalhofen;1993;;1156624991;https://www.verlag-bauer.de/index.php?pg=start.php;"Buchwissenschaft, Buchhandel; Einzelne Branchen der Industrie und des Handwerks"
274;Baumann Verlag;;;;;;;
275;Bautz;Bautz (Saulgau);;;;108671685X;;
276;Bayer Verlag;Bayer Verlag;;;;1065025726;http://www.bayerverlag.at;Buchwissenschaft, Buchhandel
277;Bayerischer Poeten- & Belletristik-Verlag;;;;;;;
278;Bayerland;Druckerei und Verlagsanstalt Bayerland GmbH;Dachau;08.10.1872;;1065369239;https://www.battenberg-gietl.de/;Buchwissenschaft, Buchhandel
279;Be + Be;;;;;;;
280;Be+Be-Verlag;Be&Be-Verlag;Heiligenkreuz;;;1161495800;;
281;Be.bra-Verl.;be.bra verlag;Berlin;08.11.1994;;1065503423;http://www.bebraverlag.de;Buchwissenschaft, Buchhandel
282;BeJot;BeJot-Verlag;Frankfurt am Main;;;106613460X;;Buchwissenschaft, Buchhandel
283;Beck;Verlag C.H. Beck;München;;;1023902869;https://www.beck.de;Buchwissenschaft, Buchhandel
284;Beck, C H;H. W. Beck (C. Tappen) (Firma);Sigmaringen;20.10.1854;XX.03.1859;1072946742;;
285;Begedia Verlag;Begedia Verlag;Mülheim an der Ruhr;;;1064052746;;Buchwissenschaft, Buchhandel
286;Begegnungen - Verlag für Natur und Leben;;;;;;;
287;Beggerow;Beggerow Buchverlag;Ammerbuch;;;1066119899;;Buchwissenschaft, Buchhandel
288;Belletris-Verl.;Belletris-Verlag;Frankfurt am Main;XX.11.2007;;1065425155;http://www.belletris-verlag.de;Buchwissenschaft, Buchhandel
289;Belser;Chr.-Belser-Gesellschaft für Verlagsgeschäfte;Stuttgart;02.01.1975;;16079875-9;http://www.belser-verlag.de;"Buchwissenschaft, Buchhandel; Einzelne Branchen der Industrie und des Handwerks"
290;Beltz;;;;;;;
291;Beluga-Verl.;;;;;;;
292;Benedetto-Verl.;Benedetto Verlag;;20.03.2005;;1065964390;http://www.kathbuch.net;Buchwissenschaft, Buchhandel
293;Benevento;Benevento Publishing;Elsbethen;;;1230887725;https://www.beneventopublishing.com/;
294;Benguela Publ.;;;;;;;
295;Benteli;Benteli Verlag;"Salenstein; Zürich; Wabern (Kanton Bern); Sulgen (Thurgau); Bümpliz; Bern";1902;;2005897-4;https://www.benteli.ch/;Buchwissenschaft, Buchhandel
296;Berchtesgadener Anzeiger;Berchtesgadener Anzeiger KG;Bischofswiesen;;;1064302556;http://www.berchtesgadener-anzeiger.de;Buchwissenschaft, Buchhandel
297;Berchtold-Haller-Verl.;Berchtold Haller Verlag;"Bern; Worblaufen";1848;;1064207154;https://www.egw.ch/berchtold-haller-verlag;Buchwissenschaft, Buchhandel
298;Berenkamp;Berenkamp Verlag;Wattens;;;106528098X;http://www.berenkamp-verlag.at;Buchwissenschaft, Buchhandel
299;Berger;;;;;;;
300;Bergischer Verlag;Bergischer Verlag;Remscheid;;;1066122822;http://www.bergischerverlag.de;Buchwissenschaft, Buchhandel
301;Bergmann Verlag;Bergmann-Verlag;"Unna; Freiburg im Üechtland; Dortmund";1964;1984;116032798X;;Buchwissenschaft, Buchhandel
302;Bergstadtverl. Korn;Bergstadtverlag Wilhelm Gottlieb Korn;"Würzburg; Leipzig; Gera; München; Wien; Breslau";01.04.1914;;2119700-3;;Einzelne Branchen der Industrie und des Handwerks
303;Bergverein zu Hüttenrode e.V.;Bergverein (Hüttenrode);Blankenburg-Hüttenrode;;;16079265-4;;
304;Berlin Univ. Press;Berlin University Press;Wiesbaden;;;1065791631;http://www.verlagshausroemerweg.de;Buchwissenschaft, Buchhandel
305;Berlin Verlag;Berlin Verlag;Berlin;;;1065490968;http://www.berlinverlag.de;Buchwissenschaft, Buchhandel
306;Berliner Kreis;Berliner Kreis;Paderborn;1993;2011;5249859-1;http://www.berlinerkreis.de;
307;Berliner Taschenbuch-Verl.;bvt Berliner Taschenbuch Verlag;Berlin;;;1064134076;;Buchwissenschaft, Buchhandel
308;Bernardus;Bernardus Verlag;Aachen;;;1064792057;http://www.bernardus-verlag.de;Buchwissenschaft, Buchhandel
309;Bernardus-Verl.;Bernardus Verlag;Aachen;;;1064792057;http://www.bernardus-verlag.de;Buchwissenschaft, Buchhandel
310;Berner Schriftstellerinnen- und Schriftsteller-Verein;Berner Schriftstellerinnen- und Schriftsteller-Verein;Bern;1999;;10044255-9;;"Literarisches Leben; Arbeit"
311;Bernewitz, Paul;;;;;;;
312;Bernstein-Verl.;Bernstein Verlag;Borgholzhausen;;;1065712073;;Buchwissenschaft, Buchhandel
313;Bernstein-Verlag;Bernstein Verlag;Borgholzhausen;;;1065712073;;Buchwissenschaft, Buchhandel
314;Bertelsmann;Bertelsmann Buchdruckerei, W. Bertelsmann;Bielefeld;1880;1904;1105579883;;
315;Bertram;;;;;;;
316;Bertuch Verlag GmbH;Bertuch Verlag;Weimar;2003;;106565166X;http://www.bertuch-verlag.com;Buchwissenschaft, Buchhandel
317;Best-Off-Verlag;BEST-Off-Verlag;;02.03.2010;;1065495625;http://www.bestoffverlag.de;Buchwissenschaft, Buchhandel
318;Betz;;;;;;;
319;Beurenia-Verl. Joos;Beurenia-Verlag;;05.09.1990;;1064295762;;Buchwissenschaft, Buchhandel
320;Beyond-Affinity-Verl.;Beyond Affinity Verlag;Ibbenbüren;;;1067145192;http://www.beyond-affinity.de;Buchwissenschaft, Buchhandel
321;Biberacher Verlagsdruckerei;Biberacher Verlagsdruckerei;Biberach an der Riß;;;63372-0;https://bvd.de/wp/;"Buchwissenschaft, Buchhandel; Einzelne Branchen der Industrie und des Handwerks"
322;Biberacher Verlagsdruckerei GmbH & Co. KG;Biberacher Verlagsdruckerei;Biberach an der Riß;;;63372-0;https://bvd.de/wp/;"Buchwissenschaft, Buchhandel; Einzelne Branchen der Industrie und des Handwerks"
323;Bibliogr. Inst.;;;;;;;
324;Bibliothek der Provinz GmbH;Verlag Bibliothek der Provinz;Weitra;;;1068109416;https://www.bibliothekderprovinz.at/;Buchwissenschaft, Buchhandel
325;Bild und Heimat;Verlag Bild und Heimat;"Berlin; Reichenbach im Vogtland";1959;;5527151-0;https://www.bild-und-heimat.de/ueber-uns-2;Buchwissenschaft, Buchhandel
326;BildSpracheWortLaut;;;;;;;
327;Bilderstöckchen-Buchvertrieb;;;;;;;
328;Birgit Otten c/o Papyrus Autoren-Club;;;;;;;
329;Birkhäuser;Birkhäuser (Firma);"Cham (Kanton Zug); Basel";1879;;16113674-6;;Buchwissenschaft, Buchhandel
330;Birnbaum;Birnbaum Verlag e.K.;Leipzig;;;1064066763;http://www.birnbaumverlag.de;Buchwissenschaft, Buchhandel
331;Black Library;Black Library;Nottingham;;;1065215797;;Buchwissenschaft, Buchhandel
332;Black Umbrella Publisching;;;;;;;
333;Black Umbrella Publishing;;;;;;;
334;Blackelephant Publishing;;;;;;;
335;Blaetterhaus;blaetterhaus;Tharandt;24.06.2010;;1064067131;http://www.blaetterhaus.de;Buchwissenschaft, Buchhandel
336;Blanvalet;Blanvalet-Verlag;München;;;4007020-7;http://www.randomhouse.de;Buchwissenschaft, Buchhandel
337;Blatt-Verl.;BLATT-Verlag;Menden (Sauerland);1999;;1065144075;;Buchwissenschaft, Buchhandel
338;Blattlaus Verlag;Blattlaus GmbH;Saarbrücken;;;1066135231;;Buchwissenschaft, Buchhandel
339;Blattlaus-Verlag;Blattlaus GmbH;Saarbrücken;;;1066135231;;Buchwissenschaft, Buchhandel
340;Blauer Punkt Verlag Fasson M;Blauer Punkt Verlag;Magdeburg;;;1064930875;;Buchwissenschaft, Buchhandel
341;Blaukreuz-Verlag;Blaukreuz-Verlag Bern;Bern;1884;;1064206948;http://blaukreuzverlag.ch;Buchwissenschaft, Buchhandel
342;Blaulicht-Verlag;Blaulicht-Verlag GbR;Helmstedt;01.12.2009;;1067136959;http://www.blaulicht-verlag.com;Buchwissenschaft, Buchhandel
343;Blitz;;;;;;;
344;Blix - der neue Selbstverl.;;;;;;;
345;Block-Verlag;Bloeck-Lichtblau Verlag;Frankfurt am Main;;;1263574327;;
346;Blohn;;;;;;;
347;Bloomsbury Taschenbuch;;;;;;;
348;Blue Panther Books;blue panther books oHG;Hamburg;2006;;1065858906;http://www.blue-panther-books.de;Buchwissenschaft, Buchhandel
349;BlueStar-Verl.;BlueStar Verlag & Vertrieb e.K.;Mönchengladbach;;;1064203086;http://www.bluestar-verlag.de;Buchwissenschaft, Buchhandel
350;Blumenbar-Verl.;Blumenbar ein Imprint der Aufbau Verlag GmbH & Co. KG;Berlin;;;1064334148;https://www.aufbau-verlage.de/blumenbar;Buchwissenschaft, Buchhandel
351;BoD - Books on Demand;Books on Demand GmbH;"Norderstedt; Hamburg";01.01.2001;;10068934-6;https://www.bod.de/;"Einzelne Branchen der Industrie und des Handwerks; Buchwissenschaft, Buchhandel"
352;Bock + Herchen;Bock + Herchen Verlag Inh. K. H. Bock;Bad Honnef;01.12.1977;;1065961731;https://www.bock-und-herchen.de/;Buchwissenschaft, Buchhandel
353;Bodan;Bodan Werft;Kressbronn am Bodensee;1919;2011;1022698923;;"Fahrzeugbau, Fördertechnik, Raumfahrttechnik; Einzelne Branchen der Industrie und des Handwerks"
354;Boder;boeder AG;Flörsheim am Main;;2000;139195842X;;Handel allgemein, Dienstleistung allgemein
355;Bodner;Bodner Buchhandlung und Vlg.;Pressath;01.01.1988;;106521197X;https://www.bodner.ebuch.de/;Buchwissenschaft, Buchhandel
356;Boer Verlag;;;;;;;
357;Boesche;;;;;;;
358;Boje;Boje Verlag;Köln;;;1065972229;https://www.luebbe.de/boje;Buchwissenschaft, Buchhandel
359;Boldt-Literaturverl.;Hans Boldt Literaturverlag GmbH;Winsen (Luhe);01.04.1993;;1065539398;http://www.boldt-verlag.de;Buchwissenschaft, Buchhandel
360;Bon-say-Verl.;;;;;;;
361;Bonifatius;Bonifatius GmbH;Paderborn;16.11.1869;;1231240-X;https://www.bonifatius.de/;Buchwissenschaft, Buchhandel
362;BookRix GmbH & Co. KG;BookRix GmbH & Co. KG;München;;;1065796587;;Buchwissenschaft, Buchhandel
363;Booklover Verlag;;;;;;;
364;Bookmundo Osiander;;;;;;;
365;Books-and-bytes;;;;;;;
366;Bookspot-Verl.;Bookspot Verlag GmbH;München;1988;;1064736327;http://www.bookspot.de;Buchwissenschaft, Buchhandel
367;Bouvier Verlag;Bouvier-Verlag Herbert Grundmann;Bonn;;2022;2005985-1;;"Buchwissenschaft, Buchhandel; Einzelne Branchen der Industrie und des Handwerks"
368;Bovis-Verl.;Bovis-Verlag;;;;1064194672;http://www.bovis-verlag.de;Buchwissenschaft, Buchhandel
369;Boxan;Boxan-Verlag;Kassel;;;1065790805;http://www.boxan.de;Buchwissenschaft, Buchhandel
370;Brack Verlag;Brack Verlag GmbH;;;;1064786383;http://www.brack-verlag.de;Buchwissenschaft, Buchhandel
371;"Brandenburgische Genealogische Ges. ""Roter Adler""";"Brandenburgische Genealogische Gesellschaft ""Roter Adler""";Potsdam;29.06.2006;;1065371454;http://www.bggroteradler.de;Buchwissenschaft, Buchhandel
372;Brandes;Verlag Renate Brandes;Altenriet;;;1064743412;"https://www.brandes-verlag.de/; http://www.vms-brandes.de";Buchwissenschaft, Buchhandel
373;Brandes & Apsel;Brandes & Apsel Verlag GmbH;Frankfurt am Main;31.12.1986;;1065858604;http://brandes-apsel.de/;Buchwissenschaft, Buchhandel
374;Brandstätter Verlag;Thiele & Brandstätter Verlag;"Köln; Wien";2007;;1065861931;https://www.thiele-verlag.com/;Buchwissenschaft, Buchhandel
375;Braumüller GmbH;Braumüller GmbH braumüller literaturverlag;Wien;;;1064735029;http://www.lesethek.at;Buchwissenschaft, Buchhandel
376;Braun;;;;;;;
377;Brauseboys;Brauseboys (Künstlervereinigung);Berlin;2003;;16002844-9;http://www.brauseboys.de;"Literarisches Leben; Theater, Tanz"
378;Bremer Tageszeitungen AG;Bremer Tageszeitungen AG;Bremen;;;5240204-6;http://www.weser-kurier.de;Buchwissenschaft, Buchhandel
379;Brendel;Brendel und Brendel;;;;10297230-8;;Musik (Allgemeines), Musikgeschichte
380;Brendle;Christine Brendle (Firma);;2005;;1065791070;http://www.brendle-verlag.de;Buchwissenschaft, Buchhandel
381;Brendow Verlag;Joh. Brendow & Sohn Verlag;"Moers; Rheinkamp";1849;;2016865-2;http://www.brendow-verlag.de;Buchwissenschaft, Buchhandel
382;Brighton GROUP GmbH;;;;;;;
383;Brighton Verlag;Brighton Verlag;"Ober-Flörsheim; Framersheim";2005;;1064690866;https://www.brightonverlag.com/;Buchwissenschaft, Buchhandel
384;Brimborium Verlag;;;;;;;
385;Brinkmann & Bose;Brinkmann & Bose;Berlin;;;16327091-0;http://www.brinkmann-bose.de;Buchwissenschaft, Buchhandel
386;Brockhaus;SCM R. Brockhaus (Firma);"Holzgerlingen; Witten";;;1067146776;;Buchwissenschaft, Buchhandel
387;Brockmeyer Verlag;Universitätsverlag Brockmeyer;Bochum;;;1065858019;http://www.brockmeyer-online.de;Buchwissenschaft, Buchhandel
388;Brot & Spiele Verlag;Brot und Spiele Verlag;Wien;13.07.2021;;1366293746;https://brotundspieleverlag.net;
389;Brune-Mettcker Druck- und Verlags-GmbH;Brune-Mettcker Druck- und Verlagsgesellschaft mbH;"Wilhelmshaven; Jever";01.01.1999;;6007430-9;https://brune-mettcker.de/;"Einzelne Branchen der Industrie und des Handwerks; Buchwissenschaft, Buchhandel"
390;Brunnen Verlag;Brunnen Verlag (Gießen);"Mücke (Vogelsbergkreis); Gießen";1919;;1055959173;http://brunnen-verlag.de/;Buchwissenschaft, Buchhandel
391;Brunner Medien AG;Brunner Medien AG;Kriens;1928;;1064124771;https://www.bag.ch/verlag/buchverlag;Buchwissenschaft, Buchhandel
392;Brückenbauer Verlag;;;;;;;
393;Brückenschreiber Koblenz;Brückenschreiber Koblenz;Koblenz;;;16159364-1;http://brueckenschreiber-koblenz.de/;
394;Buch & Bild Verlag;;;;;;;
395;Buch & Media;Buch & Media GmbH;München;14.12.1999;;1065960964;http://www.buchmedia.de;Buchwissenschaft, Buchhandel
396;Buch & Stabe Verlag;;;;;;;
397;Buch Edition Berlin;;;;;;;
398;Buch Salon Walbach;;;;;;;
399;Buch und Ich Tara Dierck;;;;;;;
400;Buch&Media;Buch & Media GmbH;München;14.12.1999;;1065960964;http://www.buchmedia.de;Buchwissenschaft, Buchhandel
401;Buch- und Kunstverlag Oberpfalz;Buch- & Kunstverlag Oberpfalz Zweign. v. Der neue Tag Oberpfälzischer Kurier Druck- und Verlagshaus GmbH;Amberg;10.09.1990;;1065363664;http://www.buch-und-kunstverlag.de;Buchwissenschaft, Buchhandel
402;Buch-Verl. Kempen;BVK Buch Verlag Kempen GmbH;;01.02.1996;;1065553943;http://www.buchverlagkempen.de;Buchwissenschaft, Buchhandel
403;Buch.Macher;buch.macher autoren.verlag;;;;1065861575;;Buchwissenschaft, Buchhandel
404;BuchHandelsGesellschaft;Buchhandelsgesellschaft;Leipzig;1765;;1072886960;;
405;BuchHaus-Verl.;Buchhaus Verlag;Berlin;01.01.2010;;1065556462;http://www.buchhaus-verlag.de;Buchwissenschaft, Buchhandel
406;BuchVerlag Leipzig GmbH;BuchVerlag Leipzig;Leipzig;2023;;1313494186;https://buchverlag-fuer-die-frau.de/info/Manuskripteinsendungen.html;Buchwissenschaft, Buchhandel
407;BuchWerkstatt Berlin;Buchwerkstatt Berlin;Berlin;;;1065496729;http://www.buchwerkstatt-berlin.de;Buchwissenschaft, Buchhandel
408;Bucher Verlag GmbH;Bucher Verlag;"Hohenems; Zürich; München; Vaduz";01.08.2006;;1065524722;http://www.bucherverlag.com;Buchwissenschaft, Buchhandel
409;Buchet Chastel;;;;;;;
410;Buchhandlung Beim Augarten;Buchhandlung Beim Augarten;Wien;;;1065366205;http://www.buchhandlungbeimaugarten.at;Buchwissenschaft, Buchhandel
411;Buchhandlung Grimpe;Buchhandlung Grimpe;Northeim;1955;;1021753912;http://www.buchhandlung-grimpe.de;Buchwissenschaft, Buchhandel
412;Buchkontor Teltow;Buchkontor Teltow;Teltow;2012;;1065715234;http://www.buchkontor-teltow.de;Buchwissenschaft, Buchhandel
413;Buchlader;Buchlader;Berlin;;;1065170262;http://www.buchlader.de;Buchwissenschaft, Buchhandel
414;Buchmodul.ch;Buchmodul.ch, Zumsteg Druck AG;Frick;;;1064297463;http://www.buchmodul.ch;Buchwissenschaft, Buchhandel
415;Buchschmiede von Dataform Media GmbH;;;;;;;
416;Buchverlag Andrea Schmitz;;;;;;;
417;Buchverlag Andrea Stangl;;;;;;;
418;Buchverlag Peter Hellmund;;;;;;;
419;Buchwerk Verlag;;;;;;;
420;Buchwerkstatt;Buchwerkstatt Berlin;Berlin;;;1065496729;http://www.buchwerkstatt-berlin.de;Buchwissenschaft, Buchhandel
421;Budde-Haus – Soziokulturelles Zentrum Leipzig-Gohlis;Heinrich-Budde-Haus Leipzig;;;;4629621-9;;Ortsgebundene Bauwerke
422;Bund für Dt. Schrift und Sprache;Bund für Deutsche Schrift und Sprache;;1989;;2115377-2;http://www.bfds.de;
423;Bundesverb. Alphabetisierung und Grundbildung;Bundesverband Alphabetisierung und Grundbildung;Münster (Westf);2006;;10155702-4;https://alphabetisierung.de/;
424;Bundesverband Junger Autoren und Autorinnen e.V.;Bundesverband Junger Autoren und Autorinnen;Bonn;1987;;2110933-3;https://jungeautoren.org/;"Literarisches Leben; Arbeit"
425;Bundesverband junger Autoren und Autorinnen (BVjA);Bundesverband Junger Autoren und Autorinnen;Bonn;1987;;2110933-3;https://jungeautoren.org/;"Literarisches Leben; Arbeit"
426;Bundeswettbewerbe der Berliner Festspiele;;;;;;;
427;Burg Verlag;Burg Verlag (Rehau);Rehau;2003;;1064201997;http://www.burg-verlag.com;Buchwissenschaft, Buchhandel
428;Burgenländisch-Hianzische Gesellschaft;Burgenländisch Hianzische Gesellschaft Hianzenverein;Oberschützen;09.10.1996;;1068374152;http://www.hianzenverein.at/;Buchwissenschaft, Buchhandel
429;Burgenwelt Verlag;Burgenwelt Verlag;Bremen;;;1065145012;http://www.burgenweltverlag.de;Buchwissenschaft, Buchhandel
430;Burghügelverl.;BURGHÜGELVERLAG;;;;1065163711;http://www.greifenbuchverlag.de;Buchwissenschaft, Buchhandel
431;Burkana-Verl.;BurkanaVerlag;Borkum;;;1064195040;http://www.burkana-verlag.de;Buchwissenschaft, Buchhandel
432;Busch Books;;;;;;;
433;Butze;Butze Verlag;Uetersen;25.06.2007;;1065036604;http://www.butze-verlag.de;Buchwissenschaft, Buchhandel
434;Butzon & Bercker;Butzon und Bercker GmbH (Kevelaer);Kevelaer;22.11.1870;;2006814-1;http://www.engagementbuch.de;"Buchwissenschaft, Buchhandel; Einzelne Branchen der Industrie und des Handwerks; Papierherstellung, Grafische Technik"
435;Bvv, Buchvolkverl.;;;;;;;
436;Bächtold;;;;;;;
437;Bäßler;hendrik Bäßler verlag;Berlin;1994;;1067142800;https://www.baesslerverlag.de;Buchwissenschaft, Buchhandel
438;Böhland & Schremmer Verlag;Dorothea Böhland u. Dr. Michael Schremmer;Berlin;;;1064916260;;Buchwissenschaft, Buchhandel
439;Böhlau-Verlag;Böhlau-Verlag;"Köln; Graz; Wien; Weimar";1947;;2005806-8;;Buchwissenschaft, Buchhandel
440;Böhme;;;;;;;
441;BördeAutoren e.V.;BördeAutoren;Soest;06.06.2018;;1350505161;;
442;Bübül Verlag;;;;;;;
443;Büchergilde Gutenberg;Büchergilde Gutenberg Verlagsgesellschaft;Frankfurt am Main;1945;;2006281-3;https://www.buechergilde.de;"Buchwissenschaft, Buchhandel; Einzelne Branchen der Industrie und des Handwerks"
444;Bücherplantage UG;;;;;;;
445;Büchner;Büchner-Verlag;"Marburg; Darmstadt";15.02.2008;;1065426178;https://www.buechner-verlag.de/;Buchwissenschaft, Buchhandel
446;Büchner-Verlag;Büchner-Verlag;"Marburg; Darmstadt";15.02.2008;;1065426178;https://www.buechner-verlag.de/;Buchwissenschaft, Buchhandel
447;Büchse der Pandora;Büchse der Pandora Verlags-GmbH;Wetzlar;16.09.1977;;1064300367;;Buchwissenschaft, Buchhandel
448;Bürger- und Heimatverein Barßel e.V.;Bürger- und Heimatverein Barßel;Barßel;;;5227218-7;http://www.bhv-barssel.com;
449;Bürgerstiftung Düren;Bürgerstiftung Düren;Düren;;;16159978-3;;
450;Büro Wilhelm Verlag;Büro Wilhelm. Verlag;Amberg;2002;;1176167537;https://www.buero-wilhelm-verlag.de/;Buchwissenschaft, Buchhandel
451;C & N;;;;;;;
452;C&C - Contact & Creation;;;;;;;
453;C. Bertelsmann;C.-Bertelsmann-Verlag (München);München;;;2029240-5;http://www.randomhouse.de;Buchwissenschaft, Buchhandel
454;C. M. Brendle Verlag;;;;;;;
455;C. Simon;;;;;;;
456;C.-P. Peters;;;;;;;
457;C.F. Portmann Verlag;C.F. Portmann Verlag;Küsnacht (Kanton Zürich);22.12.2004;;1064916945;http://www.cfportmann.ch;Buchwissenschaft, Buchhandel
458;C.H. Beck;Verlag C.H. Beck;München;;;1023902869;https://www.beck.de;Buchwissenschaft, Buchhandel
459;C.W. Leske Verlag;C.W. Leske Verlag;"Opladen; Düsseldorf; Darmstadt";"2010; 1807; 1821";"1811; 1974";404588-9;;Buchwissenschaft, Buchhandel
460;CARDAMINA VERLAG Susanne Breuel;Cardamina Verlag;"Weißenthurm; Plaidt; Koblenz";;;1064206328;https://www.cardamina.net;Buchwissenschaft, Buchhandel
461;CARE Deutschland e.V;CARE Deutschland e.V.;Bonn;"XX.XX.2018; XX.XX.1980";XX.09.2004;405521-4;https://www.care.de/;Sozialarbeit, Sozialhilfe
462;CAT creativ + Papierfresserchens MTM-Verlag;Papierfresserchens MTM-Verlag GbR;Nonnenhorn;28.03.2007;;1065871333;http://www.papierfresserchen.de;Buchwissenschaft, Buchhandel
463;CBK-Productions;;;;;;;
464;CHORA;CHORA;;;;1086517814;;
465;CINDIGO;CindigoFilm GmbH;München;;;1065216122;http://www.cindigofilm.de;Buchwissenschaft, Buchhandel
466;CLIO;Clio;;;;10310221-8;;Musik (Allgemeines), Musikgeschichte
467;CLV, Christliche Literatur-Verbreitung;Christliche Literatur-Verbreitung e.V.;Bielefeld;15.05.1983;;1065286740;http://www.clv.de;"Katechetik, Christliche Erziehung, Kirchliche Bildungsarbeit; Buchwissenschaft, Buchhandel"
468;CM Medienverlag;CM Medienverlag Inh. Christoph Morré;;01.10.2001;;1065039778;http://www.medienverlag.at;Buchwissenschaft, Buchhandel
469;CMS Verlagsgesellschaft;CMS Verlagsgesellschaft;Zug;13.02.2003;;1064733883;;Buchwissenschaft, Buchhandel
470;CMZ;CMZ-Verlag und Versandbuchhandlung Winrich C.-W. Clasen;Rheinbach;01.04.1979;;1065360959;http://www.cmz.de;Buchwissenschaft, Buchhandel
471;COD-Verl.;;;;;;;
472;CSV, Verl. Christliche Schriftenverbreitung;Christliche Schriftenverbreitung e.V.;Hückeswagen;1972;;2055058-3;https://www.csv-verlag.de;Buchwissenschaft, Buchhandel
473;CTM Lesekultur, Christine Reiter;;;;;;;
474;CW Niemeyer Buchverlag GmbH;CW Niemeyer Buchverlage GmbH;Hameln;1797;;1065133723;"https://niemeyer-buch.de/; http://www.niemeyer-buch.de";Buchwissenschaft, Buchhandel
475;Calambac Verlag;Calambac Verlag;"Niederstetten; Saarbrücken";2011;;1065790899;https://www.calambac-verlag.com/;Buchwissenschaft, Buchhandel
476;Calderan;;;;;;;
477;Callwey;Callwey GmbH;München;01.01.1884;;2011509-X;https://www.callwey.de/;"Buchwissenschaft, Buchhandel; Einzelne Branchen der Industrie und des Handwerks"
478;Calvendo Verlag GmbH;Calvendo Verlag GmbH;Unterhaching;30.06.2012;;1065566573;http://www.calvendo.de;Buchwissenschaft, Buchhandel
479;Cameo;Cameo;;;;5128913-1;;Musik (Allgemeines), Musikgeschichte
480;Candela;Candela;;;;5500286-9;;Musik (Allgemeines), Musikgeschichte
481;Caput Musikverlag;Caput Musikverlag Jena;;;;1065281269;http://www.caput-online.de;Buchwissenschaft, Buchhandel
482;Caracol Verlag;Caracol Verlag;Warth-Weiningen;2020;;1238382177;https://caracol-verlag.ch/;
483;Cardamina-Verl. Breuel;Cardamina Verlag;"Weißenthurm; Plaidt; Koblenz";;;1064206328;https://www.cardamina.net;Buchwissenschaft, Buchhandel
484;Care-Line;Care-Line Verlag;Stamsried;;;1065495110;;Buchwissenschaft, Buchhandel
485;Carin Müller c/o Die Bücherfee Karina Reiß;;;;;;;
486;Carinus Rotlinde c/o autorenglück.de;;;;;;;
487;Carl Hanser Verlag;Carl Hanser Verlag;München;01.10.1928;;2007034-2;https://www.hanser.de/;Buchwissenschaft, Buchhandel
488;Carl Schünemann Verlag;Carl Ed. Schünemann KG;Bremen;1810;;2006946-7;http://www.schuenemann-verlag.de;"Einzelne Branchen der Industrie und des Handwerks; Papierherstellung, Grafische Technik; Buchwissenschaft, Buchhandel"
489;Carl Stephenson Verlag;Carl-Stephenson-Verlag (Flensburg);Flensburg;;;2006775-6;;Einzelne Branchen der Industrie und des Handwerks
490;Carl-Auer Verlag GmbH;Carl-Auer-Systeme Verlag und Verlagsbuchhandlung GmbH;Heidelberg;25.09.1989;;1065367953;http://www.carl-auer.com;Buchwissenschaft, Buchhandel
491;Carla Eisfeldt c/o Block Services;;;;;;;
492;Carlesso Verlag;;;;;;;
493;Carow Verlag;Carow Verlag Gruppe;Müncheberg;;;106473930X;;Buchwissenschaft, Buchhandel
494;CarpeGusta;;;;;;;
495;Cartagena;;;;;;;
496;CeS V;;;;;;;
497;Celtic Rose;Celtic Rose Verlag Weinmann KG;Mörfelden-Walldorf;;;106611921X;http://www.celtic-rose-verlag.com;Buchwissenschaft, Buchhandel
498;Cenarius;cenarius Verlag;;;;1065505043;http://www.cenarius-verlag.de;Buchwissenschaft, Buchhandel
499;Centre National de Littérature;Centre National de Littérature;"Mersch; Luxemburg (Stadt)";13.10.1995;;5175927-5;http://www.cnl.public.lu;Literarisches Leben
500;Ch. Möllmann;;;;;;;
501;Chaospony Verlag;;;;;;;
502;Chaotic-Revelry-Verl.;Chaotic Revelry Verlag e.K.;"Köln; Swisttal (Ort)";23.05.2007;01.01.2016;1065495293;http://www.cr-verlag.de;Buchwissenschaft, Buchhandel
503;Charles Verlag;Charles-Verlag;Frankfurt am Main;;;1065859465;http://www.meddimueller.com;Buchwissenschaft, Buchhandel
504;Chasa Editura Rumantscha;Chasa Editura Rumantscha;Chur;;;106586180X;;Buchwissenschaft, Buchhandel
505;Chat Noir;Chat-Noir;Paris;1881;1897;4283522-7;;Kabarett, Zirkus, Varieté
506;Chawila;Chawila Verlag;Berlin;;;1065796706;;Buchwissenschaft, Buchhandel
507;Cherrytea Verlag;;;;;;;
508;Chiliverlag;chiliverlag;Verl;;;1064332730;http://www.chiliverlag.de;Buchwissenschaft, Buchhandel
509;Chill Media;;;;;;;
510;China Fan Verlag;;;;;;;
511;Christel Göttert Verlag;;;;;;;
512;Christliche Schriftenverbreitung;Christliche Schriftenverbreitung e.V.;Hückeswagen;1972;;2055058-3;https://www.csv-verlag.de;Buchwissenschaft, Buchhandel
513;Christliche Verlagsgesellschaft;Christliche Verlagsgesellschaft mbH;Dillenburg;1957;;1065434235;http://www.cv-dillenburg.de;Buchwissenschaft, Buchhandel
514;Christoph Merian Verlag;Christoph Merian Verlag;Basel;1976;;1064062784;https://www.merianverlag.ch/;Buchwissenschaft, Buchhandel
515;Chronos;Chronos Verlag;Zürich;1985;;1064059031;https://www.chronos-verlag.ch/;Buchwissenschaft, Buchhandel
516;CiTi;;;;;;;
517;Civitas Imperii Verlag;Ben Berg - Civitas Imperii Verlag;Plochingen;17.06.2009;;1067148922;http://www.civitas-imperii-verlag.de;Buchwissenschaft, Buchhandel
518;Claassen;Claassen Verlag;Berlin;;;1065361106;http://www.claassen-verlag.de;Buchwissenschaft, Buchhandel
519;ClauS-Verl.;ClauS Verlag GmbH;Chemnitz;;;1066135479;http://www.claus-verlag.de;Buchwissenschaft, Buchhandel
520;Claudia Wollny Edition;;;;;;;
521;Claudius;;;;;;;
522;Cleya;;;;;;;
523;Club der Sinne;Club der Sinne;Berlin;;;106528053X;http://www.club-der-sinne.de;Buchwissenschaft, Buchhandel
524;CoCon-Verlag GmbH;CoCon-Verlag;Hanau;09.01.1990;XX.XX.2022;1065557655;http://www.cocon-verlag.de;Buchwissenschaft, Buchhandel
525;Cobra Verlag;CoBRa-Verlag;Aachen;;;1316958779;;
526;Coburger Autorengemeinschaft Schreibsand;Autorengemeinschaft Schreibsand;Coburg;2010;;1026933897;;
527;Codi-Verl.;CODI Verlag;Westeregeln;;;1065176112;;Buchwissenschaft, Buchhandel
528;Cogitare Verlag;Peter Kusel Cogitare Verlag;;;;1065858477;;Buchwissenschaft, Buchhandel
529;Colorama;Colorama Verlagsgesellschaft mbH;Salzburg;1995;;1065651384;http://www.colorama.at;Buchwissenschaft, Buchhandel
530;Community Editions;;;;;;;
531;Compact;Compact Verlag GmbH;München;03.05.1976;;1065360827;http://www.compactverlag.de;Buchwissenschaft, Buchhandel
532;Con-Text, Bronisch;Con-Text;Warngau;01.06.2006;;1064211011;http://www.con-text.biz;Buchwissenschaft, Buchhandel
533;Conabru-Verl.;Conabru Verlag;Mering;;;1065966644;;Buchwissenschaft, Buchhandel
534;Concepcion Seidel OHG;concepcion Seidel oHG;Muldenhammer-Hammerbrücke;;;1064735037;http://www.concepcion.de;Buchwissenschaft, Buchhandel
535;Concept Leben, Werbe- und Einkaufsgesellschaft für den konfessionellen Buchhandel mbH;;;;;;;
536;Connewitzer Verlagsbuchandlung;;;;;;;
537;Conte Verlag;CONTE Verlag GmbH;Sankt Ingbert;XX.11.2001;;1064134696;http://www.conte-verlag.de;Buchwissenschaft, Buchhandel
538;Contessa-Verl.;Contessa Verlag Wilfrid Lutz;;2000;;1065438559;http://www.contessa-verlag.de;Buchwissenschaft, Buchhandel
539;ContraPunkt;Contrapunkt;;;;16042761-7;;Musik (Allgemeines), Musikgeschichte
540;Cool-Verl.;Cool Verlag;Bergisch Gladbach;XX.11.2006;;1065867220;http://www.cool-verlag.de;Buchwissenschaft, Buchhandel
541;Coppenrath;F.-Coppenrath-Verlag (Münster (Westf));Münster (Westf);;;2010292-6;;
542;Coppenrath Verlag GmbH & Co. KG;F.-Coppenrath-Verlag (Münster (Westf));Münster (Westf);;;2010292-6;;
543;Copy-us-Verl.-GmbH;copy-us Verlags GmbH;Kleve (Kreis Kleve);1999;;1065560931;http://www.edition-anderswo.de;Buchwissenschaft, Buchhandel
544;Cornelia-Goethe-Literaturverl.;Cornelia-Goethe-Literaturverlag (Frankfurt, Main);;;;1087616999;;
545;Cornelsen;Cornelsen Verlag GmbH & Co.;Berlin;1946;;4476868-0;;Buchwissenschaft, Buchhandel
546;Corso;Corso;Wiesbaden;;;1065492499;http://www.verlagshausroemerweg.de;Buchwissenschaft, Buchhandel
547;Cortex Unit;Cortex Unit e.K.;Berlin;;;1065704283;http://www.cortexunit.de;Buchwissenschaft, Buchhandel
548;Cosmopolitan-Art-Verl.;;;;;;;
549;Cosmos Verlag;Cosmos Verlag;Muri bei Bern;1923;;1064053408;http://www.cosmosverlag.ch;Buchwissenschaft, Buchhandel
550;Crago-Verl.;Crago-Verlag;Weikersheim;1994;;1065129971;;Buchwissenschaft, Buchhandel
551;Crearta;;;;;;;
552;Creastro Verlag;Creastro-Verlag;Wasserburg a. Inn;XX.06.2005;;1065027044;http://www.creastro.de;Buchwissenschaft, Buchhandel
553;CreateSpace Independent Publishing Platform;;;;;;;
554;Creativo, Initiationgruppe für Literatur, Wissenschaft und KUnst;;;;;;;
555;Crespo Foundation;Crespo Foundation;Frankfurt am Main;2001;;16057615-5;https://www.crespo-foundation.de/;Kultur, Künste allgemein
556;Cross Cult;Cross Cult (Firma);Ludwigsburg;;;1065438982;https://www.cross-cult.de/;Buchwissenschaft, Buchhandel
557;Culex-Verl.;Culex Verlag;"Bielefeld; Duisburg";;;1065171935;http://www.culex-verlag.de;Buchwissenschaft, Buchhandel
558;CulturTainment;;;;;;;
559;Cupido Books;Cupido Verlag;Köln;;;106585272X;http://www.cupido-books.de;Buchwissenschaft, Buchhandel
560;Cuvillier;Eric Cuvillier (Firma);Göttingen;1989;;1067137041;https://cuvillier.de/de/cuvillier-verlag;Buchwissenschaft, Buchhandel
561;Cyber Publishing e-Verlag GmbH;Cyber Publishing e-Verlag GmbH;Wien;;;106478948X;http://www.cyberpublishing.at;Buchwissenschaft, Buchhandel
562;Czernin Verlag;Czernin Verlag;Wien;1999;;1065659490;http://www.czernin-verlag.com/;Buchwissenschaft, Buchhandel
563;D. Sargon;;;;;;;
564;DAS GRAMM e.K.;;;;;;;
565;DAS SYNDIKAT – Autorengruppe deutschsprachige Kriminalliteratur A.I.E.P.;;;;;;;
566;DCS;DCS;;;;10299990-9;;Musik (Allgemeines), Musikgeschichte
567;DEMMLER VERLAG;Demmler Verlag GmbH;Ribnitz-Damgarten;01.03.1990;;106543488X;http://www.demmlerverlag.de;Buchwissenschaft, Buchhandel
568;DG-Eigenverlag;;;;;;;
569;DHBW Mannheim;Duale Hochschule Baden-Württemberg Mannheim;Mannheim;01.03.2009;;16012636-8;https://www.dhbw-mannheim.de/;"Berufsausbildung; Hochschule"
570;DIWAN;Diwan Verlag;Zürich;;;1064921736;https://diwan.ch/buchverlag/;Buchwissenschaft, Buchhandel
571;DIWAN Verlag;Diwan Verlag;Zürich;;;1064921736;https://diwan.ch/buchverlag/;Buchwissenschaft, Buchhandel
572;DNMP, Daniel Neumann Medienproduktion;;;;;;;
573;DOBU-Verl.;DOBU-Verlag e.K.;Hamburg;;;1066120951;;Buchwissenschaft, Buchhandel
574;DREIERLEI;;;;;;;
575;DRP Rosenkreuz Verlag;DRP Rosenkreuz Verlag GmbH;;;;1065216459;http://www.drp-rosenkreuz-verlag.de;Buchwissenschaft, Buchhandel
576;DRW-Verl. Weinbrenner, Braun;DRW-Verlag Weinbrenner;Leinfelden-Echterdingen;1874;;1065369441;http://www.drw-verlag.de/;Buchwissenschaft, Buchhandel
577;Dabbelju-Verl.;Verlag Dabbelju;Köln;;;1064327567;http://www.dabbelju.de;Buchwissenschaft, Buchhandel
578;Daedalus Verlag;Daedalus Verlag Joachim Herbst;Münster (Westf);23.01.1984;;1065358032;http://www.daedalus-verlag.de;Buchwissenschaft, Buchhandel
579;Dahlemer Verl.-Anst.;dahlemer verlagsanstalt;Berlin;1988;;1065782659;http://www.da-ve.de/;Buchwissenschaft, Buchhandel
580;Daidalos DruckWerke;Daidalos DruckWerke;Groß-Enzersdorf;;;106521541X;;Buchwissenschaft, Buchhandel
581;Daniel Osthoff Verlag;;;;;;;
582;Daphne Bühner c/o Autorenbetreuung Carole Minn;;;;;;;
583;Dark-Empire-Verlag;;;;;;;
584;Das Entlebucher Medienhaus;;;;;;;
585;Das Erotische Sekretariat;Cosar, Sascha, u. Alexandra Gentara. Das erotische Sekretariat;Mülheim an der Ruhr;;;1068103167;;Buchwissenschaft, Buchhandel
586;Das Goldene Tor;Das goldene Tor (Zeitschrift);;;;4219445-3;;"Presse; Literarisches Leben"
587;Das Neue Berlin;Verlag Das Neue Berlin;Berlin (Ost);1946;;5335270-1;;
588;Das Verlag;Das Verlag;Basel;;;1330967585;;
589;Das Wetter – Magazin für Text und Musik;Das Wetter (Zeitschrift);;;;126359705X;;"Literarisches Leben; Presse"
590;Dağyeli;Dağyeli-Verlag (Frankfurt am Main);Frankfurt am Main;1983;1991;1073075559;;
591;Db-Verl.;db-verlag;Horw;;;1064126960;http://www.db-verlag.ch;Buchwissenschaft, Buchhandel
592;De Gruyter;Walter de Gruyter GmbH & Co. KG;"Berlin; Boston, Mass.";1998;;10095502-2;https://www.degruyter.com;Buchwissenschaft, Buchhandel
593;DeBehr;Verlag DeBehr;"Großröhrsdorf; Radeberg";;;1065493134;https://debehr.de/index.php;Buchwissenschaft, Buchhandel
594;DeWinter Waldorf Glass;;;;;;;
595;Dead-Soft-Verl.;Dead Soft Verlag e. K.;;;;1066128774;http://www.deadsoft.de;Buchwissenschaft, Buchhandel
596;Debras-Verl.;Debras Verlag;Konstanz;;;1065712359;http://www.debras-verlag.de;Buchwissenschaft, Buchhandel
597;Dein-Lieblingsbuch Atelier & Verlag;;;;;;;
598;Delta X Verlag e.U.;;;;;;;
599;Deltus;Deltus.de;Leipzig;01.08.2007;;1065033478;;Buchwissenschaft, Buchhandel
600;Demosthenes-Verl.;Demosthenes-Verlag (Köln);Köln;;;10032083-1;;Einzelne Branchen der Industrie und des Handwerks
601;Dendron;Atelier und Editions Dendron;"Chabrey; Lugnorre; Bern";1976;;1064059090;http://www.dendron-edition.ch;Buchwissenschaft, Buchhandel
602;Denkmayr;Denkmayr Druck & Verlag GmbH;Linz;;;1065526598;;Buchwissenschaft, Buchhandel
603;Der Doppeldaumenmann c/o Block Services;;;;;;;
604;Der Erzählverlag;;;;;;;
605;Der Fabrik Verlag;DER FABRIK VERLAG GmbH;Cottbus;;;1065491948;http://www.fabrik-verlag.de;Buchwissenschaft, Buchhandel
606;Der Kleine Buch-Verlag;Der Kleine Buch Verlag;Karlsruhe;;;1064728162;http://www.derkleinebuchverlag.de;Buchwissenschaft, Buchhandel
607;Der Neue Morgen;Verlag Der Neue Morgen UG & Co. KG;Rudolstadt;;;1065654510;http://www.der-neue-morgen.de;Buchwissenschaft, Buchhandel
608;Der Starke Verl.;Der Starke Verlag;Hannover;;;1065169213;http://www.derstarkeverlag.de;Buchwissenschaft, Buchhandel
609;Der Verlag Dr. Snizek;Der Verlag Dr. Snizek e.U.;Wien;;;1065792506;http://www.der-verlag.at;Buchwissenschaft, Buchhandel
610;Der Wolf Verlag;der wolf verlag & agentur;;;;1065364784;http://www.wolf-verlag.com;Buchwissenschaft, Buchhandel
611;Der gesunde Menschenversand GmbH;Der Gesunde Menschenversand GmbH;Luzern;1998;;1065504047;http://www.menschenversand.ch;Buchwissenschaft, Buchhandel
612;Derk Janßen Verlag;Derk Janßen (Firma);Freiburg im Breisgau;13.04.2005;;1064209513;http://www.derk-janssen-verlag.de;Buchwissenschaft, Buchhandel
613;Design Pavoni Verlag;Design Pavoni Verlag;Bocholt;;;106502679X;;Buchwissenschaft, Buchhandel
614;Deuticke;Deuticke Verlag in Paul Zsolnay Verlag Ges.m.b.H.;Wien;;;1067141227;;Buchwissenschaft, Buchhandel
615;Deutsche Literaturgesellschaft;Deutsche Literaturgesellschaft;"Berlin; Zug";;;1065974043;https://deutsche-literaturgesellschaft.de;Buchwissenschaft, Buchhandel
616;Deutsche Verlags-Anstalt;Deutsche Verlags-Anstalt;"München; Stuttgart";1881;;2008416-X;http://www.randomhouse.de/Verlag/DVA/36000.rhd;Buchwissenschaft, Buchhandel
617;Deutscher Lyrik Verlag;;;;;;;
618;Deutscher Taschenbuch Verlag;Deutscher Taschenbuch-Verlag (München);München;1960;;2008574-6;https://www.dtv.de/;Buchwissenschaft, Buchhandel
619;Deutscher Theaterverlag;Deutscher Theaterverlag;Weinheim;1969;;1065359713;http://www.dtver.de;Buchwissenschaft, Buchhandel
620;Dgv, Digitalverl.;;;;;;;
621;Dialog-Edition;Verlag Dialog-Edition;Duisburg;;;1065971311;;Buchwissenschaft, Buchhandel
622;Dialogverlag;Dialogverlag Presse- und Medien Service GmbH;Münster (Westf);04.07.1996;;1065431597;http://www.dialogverlag.de;Buchwissenschaft, Buchhandel
623;Diana TB;Diana TB;München;;;1064195121;http://www.randomhouse.de;Buchwissenschaft, Buchhandel
624;Diana-Verl.;Diana Verlag;;;;106491876X;;Buchwissenschaft, Buchhandel
625;Diaphanes;Diaphanes;"Berlin; Zürich";2001;;1064211070;http://www.diaphanes.net;Buchwissenschaft, Buchhandel
626;DichtFest GbR;;;;;;;
627;DichterSchreibenverl.;dichterSchreibenverlag;Krefeld;06.06.2008;;1066122105;http://www.dichterschreibenverlag.de;Buchwissenschaft, Buchhandel
628;Dichterwettstreit deluxe;;;;;;;
629;Die 7 Zwerge e.V.;;;;;;;
630;Die Andere Bibliothek;AB - Die Andere Bibliothek GmbH & Co. KG;Berlin;2012;;1067137653;http://www.die-andere-bibliothek.de;Buchwissenschaft, Buchhandel
631;Die Geschichtenfabrik;;;;;;;
632;Die Glücksoase;;;;;;;
633;Die Gruppe 48 e.V.;Die Gruppe 48;Kiel;13.02.2016;;1239134304;https://www.die-gruppe-48.net;
634;Die Phantasten;Die Chromatischen Phantasten;;;;10304503-X;;Musik (Allgemeines), Musikgeschichte
635;Die Provinz GmbH – Kulturprojekte;Die Provinz GmbH;Zürich;;;1065791623;http://www.provinz.ch;Buchwissenschaft, Buchhandel
636;Die Schatzkiste;;;;;;;
637;Die experimenta erscheint bei EDITION MAYA;;;;;;;
638;Die2 Verlag;Die2, Verein für Theater- und Konzertaufführungen und Verbreitung Europäischer Kultur;;;;16152887-9;http://www.die2-records.com;
639;Diederichs;Eugen Diederichs Verlag;"Jena; München; Köln; Düsseldorf; Florenz; Leipzig";1896;;2156924-1;https://www.penguinrandomhouse.de/Verlag/Diederichs/52000.rhd;Buchwissenschaft, Buchhandel
640;Dielmann;Axel Dielmann Verlag;Frankfurt am Main;1993;;4663990-1;http://www.dielmann-verlag.de;Buchwissenschaft, Buchhandel
641;Dieselstrasse, Kulturzentrum;Kultur- und Kommunikationszentrum (Esslingen am Neckar);Esslingen am Neckar;;;5555223-7;;
642;Dietrich, Gabriella;;;;;;;
643;Dietschi;Dietschi AG;Olten;1972;2014;1058161512;http://www.dietschi.ch/;"Einzelne Branchen der Industrie und des Handwerks; Presse"
644;Digitalreprint;digitalreprint GmbH;Bad Feilnbach;;;1065171714;;Buchwissenschaft, Buchhandel
645;Dillmann Verlag;;;;;;;
646;Diogenes;Diogenes Verlag;Zürich;1952;;2009154-0;https://www.diogenes.ch/leser.html;Buchwissenschaft, Buchhandel
647;Diotima Verlag;Diotima Verlag;Wuppertal;;;1064924271;http://www.diotimaverlag.de;Buchwissenschaft, Buchhandel
648;Dirk-Laker-Verlag;Dirk Laker (Firma);Bielefeld;01.08.2007;;1065097158;http://www.dirk-laker-verlag.de;Buchwissenschaft, Buchhandel
649;Distillery;Distillery;Berlin;;;1066126615;http://www.distillerypress.de;Buchwissenschaft, Buchhandel
650;Dittrich;Dittrich Verlag;"Berlin; Köln";27.07.1990;;106549470X;http://www.dittrich-verlag.de;Buchwissenschaft, Buchhandel
651;Docupoint-Verlag;docupoint GmbH;"Barleben; Magdeburg";30.09.1998;;1066115958;http://www.docupoint-md.de;Buchwissenschaft, Buchhandel
652;Doering;;;;;;;
653;Dokumentationsstelle für Neuere Österr. Literatur;;;;;;;
654;Dominikanerkloster Prenzlau;Dominikanerkloster Prenzlau - Kulturzentrum und Museum;Prenzlau;;;10082949-1;http://www.dominikanerkloster-prenzlau.de;Liturgik, Frömmigkeit
655;Dominoplan;DominoPlan (Firma);Jena;;;1065295901;http://www.dominoplan.de;Buchwissenschaft, Buchhandel
656;Domowina-Verlag;Domowina-Verlag;Bautzen;1958;;2030845-0;;Buchwissenschaft, Buchhandel
657;Donat Verlag;Helmut Donat Freiherr von Bothmer Donat Verlag;Bremen;11.05.1981;;1065552793;http://www.donat-verlag.de;Buchwissenschaft, Buchhandel
658;Donauschwäbische Kulturstiftung;Donauschwäbische Kulturstiftung;München;17.06.1978;;45944-6;http://www.kulturstiftung.donauschwaben.net;"Buchwissenschaft, Buchhandel; Kultur, Künste allgemein"
659;Donny-Stieven-Verl.;Donny Stieven Verlag;Berlin;06.02.2006;;106421035X;http://www.donny-stieven-verlag.de;Buchwissenschaft, Buchhandel
660;DoplPack;Doplpack Verlag;Hamburg;;;1067139818;http://www.doplpack.de;Buchwissenschaft, Buchhandel
661;Dorante Edition;;;;;;;
662;Dorferneuerungsverein Prigglitz;;;;;;;
663;Dorise Verlag;Dorise Verlag;Erfurt;01.08.2006;;1065971621;http://www.literaturfenster-aktuell.de;Buchwissenschaft, Buchhandel
664;Dortmund Verlag;Dortmund-Verlag.de;Dortmund;2007;;1065538839;http://www.dortmund-verlag.de;Buchwissenschaft, Buchhandel
665;Dortmunder Buch;Dortmunder Buch Verlag;Dortmund;;;106556323X;;Buchwissenschaft, Buchhandel
666;Dosse-Verl.;Dosse Verlag;;1995;;1065709579;http://www.dosseverlag.de;Buchwissenschaft, Buchhandel
667;Dover Publications, Inc.;Dover Publications;New York, NY;1948;;1085778770;;
668;Dr. Constantin Pana Buchverlag;;;;;;;
669;Dr. Gisela Lermann Verlag;;;;;;;
670;Dr. Jürgen Oberle;;;;;;;
671;Dr. Martin Bethke Storyvents;;;;;;;
672;Dr. Ziethen Verlag;Dr. Harry Ziethen (Firma);;05.05.1991;;1065423349;http://www.dr-ziethen-verlag.de;Buchwissenschaft, Buchhandel
673;Drachen-Verl.;Drachen Verlag;Lassan- Klein Jasedow;1991;;1388300990;;
674;DrachenStern Verlag;;;;;;;
675;Drachenhaus Verlag;Drachenhaus Verlag;Esslingen am Neckar;;;1064331831;http://www.drachenhaus-verlag.com;Buchwissenschaft, Buchhandel
676;Drachenmond Verlag;Drachenmond Verlag;"Leverkusen; Hürth";1996;;1064792936;http://www.drachenmond.de;Buchwissenschaft, Buchhandel
677;Draconis Books;;;;;;;
678;Draksal Fachverlag GmbH;Draksal Fachverlag GmbH;Leipzig;1997;;1064123244;http://www.draksal-verlag.de;Buchwissenschaft, Buchhandel
679;Draufhau-Verl.;;;;;;;
680;Draupadi Verlag;Draupadi Verlag;Heidelberg;XX.10.2003;;1065647328;;Buchwissenschaft, Buchhandel
681;Draupadi-Verl.;Draupadi Verlag;Heidelberg;XX.10.2003;;1065647328;;Buchwissenschaft, Buchhandel
682;Draupadi-Verlag;Draupadi Verlag;Heidelberg;XX.10.2003;;1065647328;;Buchwissenschaft, Buchhandel
683;Drava Verlag;Drava Verlag - Založba Drava GmbH;;;;1065527993;http://www.drava.at;Buchwissenschaft, Buchhandel
684;Dreambook-Verl.;Dreambook Verlag;Duisburg;;;1064200303;http://www.dreambookverlag.com;Buchwissenschaft, Buchhandel
685;Drei Birken Verlag;Drei Birken Verlag Charlotte Berger;Flawil;;;1064066062;;Buchwissenschaft, Buchhandel
686;Drei Kastanien Verlag;Drei Kastanien Verlag;Wittenberg;;;1064914144;"http://www.dreikastanienverlag.de; https://www.drei-kastanien-verlag.de/";Buchwissenschaft, Buchhandel
687;Drei-Eichen-Verl.;Drei-Eichen-Verlag (München);"München; Engelberg";1949;;1073076105;;
688;Drei-Punkte-Verlag;Drei-Punkte-Verlag;Duisburg;;;1065788401;http://www.wohlfarth.de;Buchwissenschaft, Buchhandel
689;Dresdner Verlag;Dresdner Verlag;Dresden;1997;;1066124965;;Buchwissenschaft, Buchhandel
690;Drey-Verl.;Drey-Verlag;;04.08.1995;;106596966X;;Buchwissenschaft, Buchhandel
691;Driesch Verlag;Driesch Verlag;Drösing;;;1065169140;http://www.drieschverlag.org;Buchwissenschaft, Buchhandel
692;Droemer;Droemer Verlag;München;;;1065857845;http://www.droemer-knaur.de/;Buchwissenschaft, Buchhandel
693;Droemer Knaur;Verlagsgruppe Droemer Knaur;München;01.12.1998;;1065369247;http://www.droemer-knaur.de;Buchwissenschaft, Buchhandel
694;Droemer Taschenbuch;Droemer Taschenbuch;München;;;1065859694;;Buchwissenschaft, Buchhandel
695;Dromos-Verl.;DROMOS Verlag;Frankfurt am Main;;;1065499019;;Buchwissenschaft, Buchhandel
696;Droste;Droste;;;;10312096-8;;Musik (Allgemeines), Musikgeschichte
697;Druck-Team;DRUCK-TEAM DRUCKGESELLSCHAFT MBH;Hannover;;;1064302637;;Buchwissenschaft, Buchhandel
698;Druckerei Odenwälder;;;;;;;
699;Druckerpresse-Verlag UG;Druckerpresse-Verlag UG;;;;1065654278;http://www.druckerpresse.de;Buchwissenschaft, Buchhandel
700;Druckmedienzentrum;Druckmedienzentrum Gotha;Gotha;;;1064920306;;Buchwissenschaft, Buchhandel
701;Druckwerkstatt-Kollektiv-Verl.;Druckwerkstatt Kollektiv GmbH;Darmstadt;;;1065428847;;Buchwissenschaft, Buchhandel
702;Dryas-Verl.;Dryas Verlag;"Mannheim; Frankfurt am Main";2007;;1064207871;http://www.dryas.de;Buchwissenschaft, Buchhandel
703;Dt. Literaturverl.;;;;;;;
704;Dt. Rotes Kreuz, Ortsverein Hameln;;;;;;;
705;Dt. Schillerges.;Deutsche Schillergesellschaft;Marbach am Neckar;07.10.1943;;2007965-5;https://www.dla-marbach.de/ueber-uns/traegerverein-dsg;"Gruppe, Organisationssoziologie, Interaktion; Literarisches Leben"
706;Dt. Taschenbuch-Verl. 5106842;Deutscher Taschenbuch-Verlag (München);München;1960;;2008574-6;https://www.dtv.de/;Buchwissenschaft, Buchhandel
707;DuMont;DuMont Mediengruppe;Köln;;;1102272043;http://www.dumont.de/index.html;"Presse; Buchwissenschaft, Buchhandel; Rundfunk, Neue Medien"
708;DuMont Buchverlag;DuMont-Buchverlag (Köln);Köln;1979;;2085070-0;https://www.dumont-buchverlag.de/;Buchwissenschaft, Buchhandel
709;Duensing;Marcus Duensing (Firma);Nienburg/Weser;01.05.2006;;106578046X;http://www.verlag-duensing.de;Buchwissenschaft, Buchhandel
710;Duktus-Verl.;Duktus-Verlag;Worpswede;;;1064743919;;Buchwissenschaft, Buchhandel
711;Duncker & Humblot;Duncker & Humblot;"Berlin; München; Leipzig";1809;;5082687-6;https://www.duncker-humblot.de;Buchwissenschaft, Buchhandel
712;Dup;Düsseldorf University Press;Düsseldorf;;;7689503-8;;Buchwissenschaft, Buchhandel
713;Durchblick-Siegen Information und Medien;Durchblick Siegen - Information und Medien e.V.;Siegen;;;1064199666;http://www.durchblick-siegen.de;Buchwissenschaft, Buchhandel
714;Dutschke-Verl.;;;;;;;
715;Dörfler;Dörfler Verlag GmbH;Eggolsheim;;;1064726860;http://www.doerfler-verlag.de;Buchwissenschaft, Buchhandel
716;Dörlemann;Dörlemann Verlag;Zürich;2003;;1048500195;https://doerlemann.com/;Buchwissenschaft, Buchhandel
717;E. Weber Verlag;E. Weber Verlag GmbH;Eisenstadt;;;106555947X;;Buchwissenschaft, Buchhandel
718;EDITION SIGNAThUR;Edition Signathur;Dozwil;1996;;1065214073;http://www.signathur-schweiz.org;Buchwissenschaft, Buchhandel
719;EDITION XXL;EDITION XXL GmbH;;1997;;1066122466;http://www.edition-xxl.de;Buchwissenschaft, Buchhandel
720;EDITION digital;EDITION digital;Pinnow (Landkreis Parchim);14.10.1994;;1065529481;http://www.edition-digital.com;Buchwissenschaft, Buchhandel
721;EDITION, S.M.;;;;;;;
722;EDUTAINMENT GmbH, VISUAL;;;;;;;
723;ELMAR Verlag;;;;;;;
724;ELV, Eifeler Literaturverlag;;;;;;;
725;ELfA-Verlag;;;;;;;
726;EOS;EOS-Verlag;Eresing- Sankt Ottilien;1949;;1073076520;https://eos-verlag.de/;"Katholische Kirche; Buchwissenschaft, Buchhandel"
727;EPLA Verlag;Epla-Verlag;Ganderkesee;18.08.1985;;1064329551;http://www.epla-verlag.de;Buchwissenschaft, Buchhandel
728;EPV Elektronik-Praktiker-Verlagsgesellschaft mbH;EPV Elektronik-Praktiker-Verlagsgesellschaft (Duderstadt);Duderstadt;;;5537820-1;;Einzelne Branchen der Industrie und des Handwerks
729;EPV, Elektronik-Praktiker Verl.-Ges.;EPV Elektronik-Praktiker-Verlagsgesellschaft (Duderstadt);Duderstadt;;;5537820-1;;Einzelne Branchen der Industrie und des Handwerks
730;ERNi Druck und Media AG;Erni Druck und Media AG Verlag zum Hecht;;;;106405370X;http://www.ernidruck.ch;Buchwissenschaft, Buchhandel
731;EROSTEPOST- Verein für Literatur und Literaturzeitschrift;;;;;;;
732;ERZDRUCK GmbH;;;;;;;
733;ETAINA;ETAINA-Verlag;Tholey;2004;;106596255X;http://www.etaina.net;Buchwissenschaft, Buchhandel
734;EU, Ed. Unbuch;;;;;;;
735;EWK-Verl.;EWK-Verlag GmbH;;;;1065528701;;Buchwissenschaft, Buchhandel
736;Easy Readers;;;;;;;
737;EasyOriginal Verlag;;;;;;;
738;Eberhard Brunier Verlag;;;;;;;
739;Eberl;;;;;;;
740;Ebersbach & Simon;;;;;;;
741;Ebner;;;;;;;
742;Echomedia-Buchverl.;echomedia buchverlag;Wien;;;1065701306;https://www.echomedia-buch.at/de/start;Buchwissenschaft, Buchhandel
743;Echter;Echter-Verlag;Würzburg;15.01.1900;;5528813-3;https://www.echter.de/;Buchwissenschaft, Buchhandel
744;Echtzeit-Verl.;Echtzeit Verlag;Basel;09.10.2006;;1028285779;https://echtzeit.ch/verlag/echtzeit-verlag;Buchwissenschaft, Buchhandel
745;Eckelt Consultants GmbH;Eckelt Consultants GmbH;Stuttgart;;;1066121427;http://www.eckelt-consultants.de;Buchwissenschaft, Buchhandel
746;Eckermann-Verl.;Eckermann Verlag;Weimar;;;1065534302;http://www.eckermann-verlag.de;Buchwissenschaft, Buchhandel
747;Eckhard Bodner;Bodner Buchhandlung und Vlg.;Pressath;01.01.1988;;106521197X;https://www.bodner.ebuch.de/;Buchwissenschaft, Buchhandel
748;Eckhart Schmidt Publishing;;;;;;;
749;Eckharts Verlag;;;;;;;
750;Eckhaus Verlag;Eckhaus Verlag;Weimar;;;1256393819;https://eckhaus-verlag.de/;
751;Ed.  Büchergilde;Edition Büchergilde GmbH;Frankfurt am Main;10.01.1997;;1065360819;;Buchwissenschaft, Buchhandel
752;Ed. 333;;;;;;;
753;Ed. 6065;Edition 6065;Wiesbaden;;;1065713223;;Buchwissenschaft, Buchhandel
754;Ed. A;edition a GmbH;Wien;2004;;1065565186;http://www.edition-a.at/;Buchwissenschaft, Buchhandel
755;Ed. ALFA;;;;;;;
756;Ed. Alpha-Beta-Verl.;;;;;;;
757;Ed. Andrann;Edition Andrann Elke Hahn;;;;1064067158;;Buchwissenschaft, Buchhandel
758;Ed. Aramo;Edition Aramo;Krems- Stein an der Donau;;;1250764831;;
759;Ed. Art Science;Edition Art Science;;1998;;1065526296;http://www.editionas.com;Buchwissenschaft, Buchhandel
760;Ed. Atelier;Edition Atelier;Wien;1980;;1065529961;http://www.editionatelier.at;Buchwissenschaft, Buchhandel
761;Ed. Augenblick;;;;;;;
762;Ed. Auvidarte;Edition Auvidarte;Marquartstein;;;1065371977;;Buchwissenschaft, Buchhandel
763;Ed. Baes;edition baes;Zirl;2002;;1064916279;http://www.edition-baes.at;Buchwissenschaft, Buchhandel
764;Ed. Binsfeld;com'unity sarl Edition Guy Binsfeld;Luxemburg;;;1065492065;;Buchwissenschaft, Buchhandel
765;Ed. Bruder;;;;;;;
766;Ed. Buchbar;;;;;;;
767;Ed. Buntehunde;edition buntehunde;Regensburg;14.01.2000;;1065868820;http://www.editionbuntehunde.de;Buchwissenschaft, Buchhandel
768;Ed. Bärenklau;;;;;;;
769;Ed. Büchergilde;Edition Büchergilde GmbH;Frankfurt am Main;10.01.1997;;1065360819;;Buchwissenschaft, Buchhandel
770;Ed. Ch;;;;;;;
771;Ed. Cultura 3,14;;;;;;;
772;Ed. Diesbach;;;;;;;
773;Ed. Dorante;;;;;;;
774;Ed. Dornbrunnen;;;;;;;
775;Ed. Dudenhöffer;;;;;;;
776;Ed. Ebersbach;Edition Ebersbach;"Berlin; Dortmund";1990;2014;1064908179;http://www.ebersbach-simon.de/;Buchwissenschaft, Buchhandel
777;Ed. Einhorn;;;;;;;
778;Ed. Eizenbergerhof;edition eizenbergerhof;Salzburg;;;1065283849;http://www.prolit.at;Buchwissenschaft, Buchhandel
779;Ed. Exil;edition exil;Wien;1996;;1065562608;http://www.editionexil.at;Buchwissenschaft, Buchhandel
780;Ed. Fetzer;;;;;;;
781;Ed. Filidor;Edition Filidor;Reichenbach im Kandertal;;;1064067263;https://www.filidor.ch/default.aspx;Buchwissenschaft, Buchhandel
782;Ed. Fünf;edition fünf;Gräfelfing;2010;;1065429762;http://www.editionfuenf.de/;Buchwissenschaft, Buchhandel
783;Ed. Galerie Vevais;;;;;;;
784;Ed. Gedankenreise;;;;;;;
785;Ed. Gelsen;Edita Gelsen, Verlegender Literaturverein;Gelsenkirchen;;;10028502-8;http://editagelsen2023.com/;
786;Ed. Godewind;;;;;;;
787;Ed. Hartmann, AutorInnenverl.;Edition Hartmann und AutorInnenverlag Bern;Biel;1994;;1066118515;;Buchwissenschaft, Buchhandel
788;Ed. Howeg;Edition Howeg;"Zürich; Hinwil";;;2051417-7;http://www.editionhoweg.ch;Buchwissenschaft, Buchhandel
789;Ed. Hü & Hott;Edition Hü & Hott;Küsnacht (Kanton Zürich);;;1065102488;http://www.hueundhott.ch;Buchwissenschaft, Buchhandel
790;Ed. Hübscher;;;;;;;
791;Ed. Hüne;Edition Hüne;Berlin;;;1065110375;;Buchwissenschaft, Buchhandel
792;Ed. Innsalz;edition innsalz Verlags GmbH;;;;1065436017;http://www.edition-innsalz.at;Buchwissenschaft, Buchhandel
793;Ed. Isele;Edition Isele (Eggingen, Waldshut);Eggingen (Waldshut);1984;;10156950-6;https://www.klausisele.de/;Buchwissenschaft, Buchhandel
794;Ed. Jera;;;;;;;
795;Ed. K;;;;;;;
796;Ed. Kalliope;Edition Kalliope;Gießen;;;1065568770;http://www.edition-kalliope.de;Buchwissenschaft, Buchhandel
797;Ed. Keiper;edition keiper;Graz;XX.04.2008;;1064922368;https://www.editionkeiper.at/shop/;Buchwissenschaft, Buchhandel
798;Ed. Ki;Edition Ki;Zürich;;;1064062997;;Buchwissenschaft, Buchhandel
799;Ed. KoCheck;Edition KoCheck;Innsbruck;;;1066119058;http://www.kocheck.net;Buchwissenschaft, Buchhandel
800;Ed. Koch;;;;;;;
801;Ed. Kopfsalat;;;;;;;
802;Ed. Köndgen;;;;;;;
803;Ed. Lagarto;Edition Lagarto;Bäch (Kanton Schwyz);;;1065172265;http://www.edition-lagarto.ch;Buchwissenschaft, Buchhandel
804;Ed. Lepidoptera;;;;;;;
805;Ed. Leserunde;;;;;;;
806;Ed. Libri Kami;;;;;;;
807;Ed. Litera;;;;;;;
808;Ed. Litera im R.-G.-Fischer-Verl.;;;;;;;
809;Ed. Literaturgarten;;;;;;;
810;Ed. Lithaus;edition lithaus;Berlin;;;1064330800;;Buchwissenschaft, Buchhandel
811;Ed. Lumière;edition lumière;Bremen;1998;;1066124647;http://www.editionlumiere.de;Buchwissenschaft, Buchhandel
812;Ed. M;Edition M;Zürich;;;1333257589;;
813;Ed. M&S;Associazione commercianti ed esercenti Brione s/M;Brione sopra Minusio;;;1267871369;;
814;Ed. Meerauge;;;;;;;
815;Ed. Memoria;edition memoria;;;;1067144102;http://www.edition-memoria.de;Buchwissenschaft, Buchhandel
816;Ed. Mokka;Edition Mokka;Wien;;;1067139982;http://www.edition-mokka.eu;Buchwissenschaft, Buchhandel
817;Ed. Musagetes;edition Musagetes;Wien;;;106514265X;;Buchwissenschaft, Buchhandel
818;Ed. Märkische Lebensart;Edition Märkische LebensArt;;;;1064913083;http://www.maerkische-lebensart.de;Buchwissenschaft, Buchhandel
819;Ed. Nachtgänge;Edition Nachtgänge;Berlin;;;1065145500;;Buchwissenschaft, Buchhandel
820;Ed. Narrenflug;Edition Narrenflug;Kiel;;;1065160488;http://edition-narrenflug.com;Buchwissenschaft, Buchhandel
821;Ed. Noack & Block;;;;;;;
822;Ed. Nord;Edition Nord;Zürich;2007;;1065714483;http://www.editionnord.info;Buchwissenschaft, Buchhandel
823;Ed. Nordwindpress;Edition Nordwindpress;Strausberg;;;1064130631;http://www.nordwindpress.de;Buchwissenschaft, Buchhandel
824;Ed. Nove;edition nove;Neckenmarkt;2005;;1065105312;http://www.editionnove.de;Buchwissenschaft, Buchhandel
825;Ed. Oberkassel;edition oberkassel;Düsseldorf;01.07.2010;;1064060498;https://www.editionoberkassel.de;Buchwissenschaft, Buchhandel
826;Ed. Paashaas Verlag;Edition Paashaas Verlag EPV;;;;1064055265;http://www.verlag-epv.de;Buchwissenschaft, Buchhandel
827;Ed. PaperOne;Edition PaperONE;Leipzig;;;106528781X;;Buchwissenschaft, Buchhandel
828;Ed. Pongratz;Edition Toni Pongratz (Hauzenberg);Hauzenberg;;;16163056-X;;Einzelne Branchen der Industrie und des Handwerks
829;Ed. Prowinzling;;;;;;;
830;Ed. Punktuell;edition punktuell;"Herisau; Schwellbrunn";2005;;1202827632;https://www.verlagshaus-schwellbrunn.ch/wissen/verlagshaus.html;
831;Ed. Pächterhaus;;;;;;;
832;Ed. Rester;editionRester;;;;1065175418;http://www.edition-rester.de;Buchwissenschaft, Buchhandel
833;Ed. Roter Drache;Edition Roter Drache;"Rudolstadt; Remda-Teichel";10.01.2006;;1065295618;http://www.roterdrache.org;Buchwissenschaft, Buchhandel
834;Ed. Rugerup;Nimrod Förlag AB Edition Rugerup;;;;1064200273;http://www.rugerup.de;Buchwissenschaft, Buchhandel
835;Ed. SOLAR-X;Edition SOLAR-X;Zossen;;;1065175426;http://www.edition-sx.wilkomueller.de;Buchwissenschaft, Buchhandel
836;Ed. Saarländisches Künstlerhaus;Saarländisches Künstlerhaus Saarbrücken;Saarbrücken;1985;;2126362-0;http://www.kuenstlerhaus-saar.de;Buchwissenschaft, Buchhandel
837;Ed. Schaumberg;Edition Schaumberg;Marpingen;;;1064926746;;Buchwissenschaft, Buchhandel
838;Ed. Schwarzdr.;Edition Schwarzdruck;"Berlin; Gransee";1990;;1030606242;http://www.edition-schwarzdruck.de/;Einzelne Branchen der Industrie und des Handwerks
839;Ed. Signathur;Edition Signathur;Dozwil;1996;;1065214073;http://www.signathur-schweiz.org;Buchwissenschaft, Buchhandel
840;Ed. Silberflügel;;;;;;;
841;Ed. Sisyphos;Edition Sisyphos;Köln;;;1064346049;http://www.edition-sisyphos.de;Buchwissenschaft, Buchhandel
842;Ed. Solitär;;;;;;;
843;Ed. Sonnberg;Edition Sonnberg;Wien;2005;;1064335721;http://tiny.cc/lrjl9;Buchwissenschaft, Buchhandel
844;Ed. Sonne & Mond;edition sonne und mond Manfred Stangel;Wien;;;1065497075;http://www.sonneundmond.at;Buchwissenschaft, Buchhandel
845;Ed. Splitter;Edition Splitter Galerie Splitter Art;Wien;1991;;1065229690;http://www.splitter.co.at;Buchwissenschaft, Buchhandel
846;Ed. Stadtcafé;;;;;;;
847;Ed. Subkultur;edition subkultur;Berlin;;;1064301649;http://www.edition.subkultur.de;Buchwissenschaft, Buchhandel
848;Ed. Tandem;Edition Tandem;"Salzburg; Wien";2006;;1065130910;https://www.edition-tandem.at;Buchwissenschaft, Buchhandel
849;Ed. Temmen;Edition Temmen;Bremen;14.11.1983;;2165658-7;http://www.edition-temmen.de;Buchwissenschaft, Buchhandel
850;Ed. Terra;;;;;;;
851;Ed. Text und Media;Edition Text und Media;Arlesheim;01.01.2000;;1065648804;http://www.seiberth.ch;Buchwissenschaft, Buchhandel
852;Ed. Thaleia;Edition Thaleia - Interessen- und Förderkreis Literatrur und Kunst e.V.;"Sankt Ingbert; Saarbrücken";1984;;106503816X;http://www.edition-thaleia.de;Buchwissenschaft, Buchhandel
853;Ed. Thurnhof;Galerie und Edition Thurnhof;Horn (Niederösterreich);;;5196798-4;http://www.thurnhof.at/impressum.php;"Buchwissenschaft, Buchhandel; Bildende Kunst"
854;Ed. Tintenfaß;Edition Tintenfaß;Neckarsteinach;2001;;1065282222;http://www.verlag-tintenfass.de;Buchwissenschaft, Buchhandel
855;Ed. Trèves;Éditions Trèves;Trier;1974;;407242-X;;"Buchwissenschaft, Buchhandel; Einzelne Branchen der Industrie und des Handwerks"
856;Ed. Va Bene;Edition Va Bene;Klosterneuburg;1990;;106522947X;http://www.vabene.at;Buchwissenschaft, Buchhandel
857;Ed. Wartenau;EDWE Edition Wartenau GmbH;Hamburg;;;1065425457;http://www.wartenau.de;Buchwissenschaft, Buchhandel
858;Ed. Wendepunkt;;;;;;;
859;Ed. Wilderermuseum;;;;;;;
860;Ed. Winddruck;;;;;;;
861;Ed. Winkler-Hermaden;Edition Winkler-Hermaden;;;;1064129870;http://www.edition-wh.at;Buchwissenschaft, Buchhandel
862;Ed. Wort;edition Wort;Bitburg;;;1065981422;http://www.edition-wort.de;Buchwissenschaft, Buchhandel
863;Ed. Wort Werk;;;;;;;
864;Ed. Zweihorn;edition zweihorn GmbH & Co. KG;Neureichenau;2000;;1066136513;http://www.edition-zweihorn.de;Buchwissenschaft, Buchhandel
865;Ed. Zwiefach;Zwiefach Edition;Potsdam;;;1065862466;;Buchwissenschaft, Buchhandel
866;Ed. Zwischen Wetterstein und Bodensee;;;;;;;
867;Ed. altavilla;;;;;;;
868;Ed. an der Spree;Edition an der Spree;Berlin;;;1065532482;http://cms.basargan.de/;Buchwissenschaft, Buchhandel
869;Ed. artexlibris;;;;;;;
870;Ed. fotoTAPETA;Edition.fotoTAPETA Berlin;Berlin;;;1065172184;http://www.edition-fototapeta.eu;Buchwissenschaft, Buchhandel
871;Ed. lex liszt 12;edition lex liszt 12;Oberwart;05.10.1992;;1065283628;https://www.lexliszt12.at/;Buchwissenschaft, Buchhandel
872;Edel;Edel AG;Hamburg;;;16017209-3;https://www.edel.com/de/home/;Einzelne Branchen der Industrie und des Handwerks
873;Eden Books;Eden Books ein Imprint von Edel Germany GmbH;Hamburg;;;1065038941;http://www.edel.com;Buchwissenschaft, Buchhandel
874;Edika;;;;;;;
875;Edita Gelsen;Edita Gelsen, Verlegender Literaturverein;Gelsenkirchen;;;10028502-8;http://editagelsen2023.com/;
876;Edition 6065;Edition 6065;Wiesbaden;;;1065713223;;Buchwissenschaft, Buchhandel
877;Edition 8;edition 8;Zürich;1998;;1064065473;http://www.edition8.ch;Buchwissenschaft, Buchhandel
878;Edition A.B. Fischer;Edition A.B. Fischer;Berlin;2003;;106511253X;http://www.atelierfischer-berlin.de;Buchwissenschaft, Buchhandel
879;Edition AV;Verlag Edition AV;;1988;;1065028393;http://www.edition-av.de;Buchwissenschaft, Buchhandel
880;Edition AVL;;;;;;;
881;Edition AVRA;;;;;;;
882;Edition Abel;;;;;;;
883;Edition Allgäu im Verlag HEPHAISTOS;;;;;;;
884;Edition Altlasten im Schreibgarten bei Lulu;;;;;;;
885;Edition Art Science;Edition Art Science;;1998;;1065526296;http://www.editionas.com;Buchwissenschaft, Buchhandel
886;Edition Aurum Verlag;;;;;;;
887;Edition Ausblick;Edition Ausblick;Wien;;;1065023200;http://www.edition-ausblick.at;Buchwissenschaft, Buchhandel
888;Edition Avra;;;;;;;
889;Edition Baes;edition baes;Zirl;2002;;1064916279;http://www.edition-baes.at;Buchwissenschaft, Buchhandel
890;Edition Benu;;;;;;;
891;Edition Blaes;;;;;;;
892;Edition Blau, Rotpunktverlag;;;;;;;
893;Edition Blaue Feder;Edition Blaue Feder;"Dieburg; Groß-Umstadt";;;1065498292;;Buchwissenschaft, Buchhandel
894;Edition Blume;EDITION art-management HAMBURG;Hamburg;;;1064791131;http://www.art-management-hamburg.de;Buchwissenschaft, Buchhandel
895;Edition Bücher Beckwermert;;;;;;;
896;Edition Büchergilde;Edition Büchergilde GmbH;Frankfurt am Main;10.01.1997;;1065360819;;Buchwissenschaft, Buchhandel
897;Edition Calamus;;;;;;;
898;Edition Combes;;;;;;;
899;Edition Combes im Verlag Frank de la Porte;;;;;;;
900;Edition Contra-Bass;Edition Contra-Bass UG;Hamburg;;;1065129769;http://www.contra-bass.de;Buchwissenschaft, Buchhandel
901;Edition Denzstraße, Frank Osthoff;;;;;;;
902;Edition Dichtungsring;Dichtungsring e.V.;Bonn;1981;;10042646-3;http://www.dichtungsring-ev.de;
903;Edition Dornbrunnen;;;;;;;
904;Edition Dr. Strahalm;Edition Strahalm;Graz;;;1065023154;;Buchwissenschaft, Buchhandel
905;Edition Eigenfarben;;;;;;;
906;Edition Epoca;Edition Epoca;"Zürich; Bern";;;1064788459;http://www.epoca.ch;Buchwissenschaft, Buchhandel
907;Edition Exovo;;;;;;;
908;Edition Falkenberg;Edition Falkenberg e.K.;Bremen;;;106556421X;;Buchwissenschaft, Buchhandel
909;Edition Faust;Edition Faust in der Faust Kultur GmbH;Frankfurt am Main;2012;;1388304120;https://editionfaust.de/;
910;Edition Fichter;H. W. Fichter Kunsthandel;Frankfurt am Main;;;514740-2;http://www.fichterart.de;"Buchwissenschaft, Buchhandel; Handel einzelner Branchen, Dienstleistung einzelner Branchen; Bildende Kunst"
911;Edition Flaschenpost;Edition Flaschenpost;Frankfurt am Main;;;1065493053;http://www.wunderkammer-verlag.de;Buchwissenschaft, Buchhandel
912;Edition Forsbach;Edition Forsbach;Bamberg;2011;;1065797648;http://www.edition-forsbach.de;Buchwissenschaft, Buchhandel
913;Edition Freiberg;Edition Heinz Freiberg (Leipzig);Dresden;1999;;1073005305;;
914;Edition Garamond;;;;;;;
915;Edition Geheimes Wissen;Verlag Edition Geheimes Wissen;Graz;;;1067151931;http://www.geheimeswissen.com;Buchwissenschaft, Buchhandel
916;Edition Groschengrab;;;;;;;
917;Edition Hamouda;Edition Hamouda;Leipzig;2006;;1064290590;https://edition.hamouda.de/;Buchwissenschaft, Buchhandel
918;Edition Heinemann;;;;;;;
919;Edition Irrsee;;;;;;;
920;Edition J.J. Heckenhauer;;;;;;;
921;Edition JP;;;;;;;
922;Edition Jo Strauß;;;;;;;
923;Edition Kalk;Edition Kalk;Köln;30.11.2000;;1065357427;;Buchwissenschaft, Buchhandel
924;Edition Karl H. Pfob;;;;;;;
925;Edition Kinemathek im Ruhrgebiet;;;;;;;
926;Edition Kleine Zeitung;;;;;;;
927;Edition Korrespondenzen;Edition Korrespondenzen;Wien;2000;;7842638-8;;Buchwissenschaft, Buchhandel
928;Edition Krautgarten;edition KRAUTGARTEN;Sankt Vith;;;1065504063;;Buchwissenschaft, Buchhandel
929;Edition Kürbis;edition kürbis;;1989;;1065525435;http://www.kuerbis.at;Buchwissenschaft, Buchhandel
930;Edition LASENECA;;;;;;;
931;Edition LEU;Edition LEU;"Opfikon; Zürich";1976;2024;106412254X;http://www.edition-leu.ch;Buchwissenschaft, Buchhandel
932;Edition Laurin;Edition Laurin;Innsbruck;;;1064792251;http://www.editionlaurin.at;Buchwissenschaft, Buchhandel
933;Edition Lempertz;Math. Lempertz Edition und Verlagsbuchhandlung;Bonn;;;1066122644;http://www.edition-lempertz.de;Buchwissenschaft, Buchhandel
934;Edition Lükk Nösens;;;;;;;
935;Edition MOTOR;edition motor;Graz;;;1065861311;http://www.kulturinstitut-graz.com;Buchwissenschaft, Buchhandel
936;Edition Marbuelis;;;;;;;
937;Edition Maulhelden;Edition Maulhelden;Zürich;;;1392512301;;
938;Edition Michel Forêt;;;;;;;
939;Edition Miromente;;;;;;;
940;Edition Monhardt;;;;;;;
941;Edition Märkische Reisebilder;Edition Märkische Reisebilder;Potsdam;;;1065556233;;Buchwissenschaft, Buchhandel
942;Edition NarrARE;;;;;;;
943;Edition Nautilus;Edition Nautilus;Hamburg;1977;;1043546898;https://edition-nautilus.de/;Buchwissenschaft, Buchhandel
944;Edition Octopus;Edition Octopus & Okeanos Presse;Ennigerloh;;;1065213522;;Buchwissenschaft, Buchhandel
945;Edition Osiris MIC GmbH;;;;;;;
946;Edition Outbird;Edition Outbird;Gera;2016;;1363919857;https://edition-outbird.de/;Buchwissenschaft, Buchhandel
947;Edition Pauer;;;;;;;
948;Edition Pommern;Edition Pommern;"Elmenhorst (Landkreis Vorpommern-Rügen); Stralsund";2009;;1065703724;https://edition-pommern.com/;Buchwissenschaft, Buchhandel
949;Edition QVV;;;;;;;
950;Edition Raetia;Edition Raetia GmbH;Bozen;;;1065496109;https://www.raetia.com/de/;Buchwissenschaft, Buchhandel
951;Edition Regensburg;;;;;;;
952;Edition Region + Geschichte;;;;;;;
953;Edition Reichlin;;;;;;;
954;Edition Roesner;EDITION ROESNER;Krems an der Donau;2002;;1065109628;http://www.edition-roesner.at;Buchwissenschaft, Buchhandel
955;Edition SOLAR-X;Edition SOLAR-X;Zossen;;;1065175426;http://www.edition-sx.wilkomueller.de;Buchwissenschaft, Buchhandel
956;Edition Schlitzohr;Edition Schlitzohr;Hohen Viecheln;20.02.2007;;1064212883;http://www.editionschlitzohr.de;Buchwissenschaft, Buchhandel
957;Edition Schreibkraft, Graz;edition schreibkraft;Graz;;;1065217404;http://www.schreibkraft.adm.at;Buchwissenschaft, Buchhandel
958;Edition Sprach-Los;;;;;;;
959;Edition Spörlstein;;;;;;;
960;Edition Staub;;;;;;;
961;Edition TIAMAT;Edition Tiamat Klaus Bittermann;"Berlin; Nürnberg";01.02.1982;;405750-8;http://www.edition-tiamat.de;"Einzelne Branchen der Industrie und des Handwerks; Buchwissenschaft, Buchhandel"
962;Edition Thomas Seng in der Werkstattgalerie & Verlag;;;;;;;
963;Edition Thurnhof;Galerie und Edition Thurnhof;Horn (Niederösterreich);;;5196798-4;http://www.thurnhof.at/impressum.php;"Buchwissenschaft, Buchhandel; Bildende Kunst"
964;Edition Tintenfass;Edition Tintenfaß;Neckarsteinach;2001;;1065282222;http://www.verlag-tintenfass.de;Buchwissenschaft, Buchhandel
965;Edition Tirol;Edition Tirol Martin Reiter;Brixlegg;;;1064784429;http://www.edition-tirol.com;Buchwissenschaft, Buchhandel
966;Edition Trailer Spot;;;;;;;
967;Edition Töpfl;;;;;;;
968;Edition Virgines;Edition Virgines;"Lingen (Ems); Düsseldorf";1999;;1064792138;http://www.editionvirgines.de;Buchwissenschaft, Buchhandel
969;Edition Vorgelweide;;;;;;;
970;Edition W;;;;;;;
971;Edition Wasserburg;;;;;;;
972;Edition Weinviertel / Edition Neue Wege / Regionalverlag.at;Edition Weinviertel;Fels- Gösing am Wagram;1995;;1065871090;http://www.edition-weinviertel.at;Buchwissenschaft, Buchhandel
973;Edition Weserhaus;;;;;;;
974;Edition Widar;;;;;;;
975;Edition Winterwork;Edition Winterwork;Borsdorf;;;1064336388;http://www.edition-winterwork.de;Buchwissenschaft, Buchhandel
976;Edition Wittchen;;;;;;;
977;Edition Wundergrün;;;;;;;
978;Edition Zeitblende;;;;;;;
979;Edition anderswo;;;;;;;
980;Edition fabrik.transit;"Literatur- und Kunstverein ""fabrik.transit""";Wien;18.08.2014;;1118403061;https://www.fabriktransit.net/;
981;Edition soziologie heute;;;;;;;
982;Edition, Althea S.M.;;;;;;;
983;Edition, Trio Infernale;;;;;;;
984;EditionArtScience;;;;;;;
985;Editionnova;;;;;;;
986;Editions Leonis;;;;;;;
987;Editora Girabrasil;;;;;;;
988;Effecteve-Verl.;Effecteve Verlag e.K.;München;;;1064916643;http://www.effecteve.com;Buchwissenschaft, Buchhandel
989;Effekt! - Buchverlag;;;;;;;
990;Ehe Familie Buch;Ehe Familie Buch Maria Büchsenmeister;;;;1065537840;http://www.ehefamiliebuch.at;Buchwissenschaft, Buchhandel
991;Ehrenberg-Verl.;Huter & Klimesch GmbH Ehrenberg Verlag;Reutte;;;1065652909;http://www.ehrenberg-verlag.at;Buchwissenschaft, Buchhandel
992;Eichborn;Eichborn-Verlag;"Köln; Frankfurt am Main";28.03.1980;;3003395-0;https://www.luebbe.de/eichborn;Buchwissenschaft, Buchhandel
993;Eichenspinner Verlag;Eichenspinner Verlag;Chemnitz;2006;;1064286097;http://www.eichenspinner.de;Buchwissenschaft, Buchhandel
994;Eifelbildverlag;Eifelbildverlag;Daun;;;1064798632;;Buchwissenschaft, Buchhandel
995;Eigen-Verlag, J.-C. Sermond;;;;;;;
996;Eigenart-Verlag;eigenART Verlag;;;;1065146337;;Buchwissenschaft, Buchhandel
997;Eigenverlag;Eigenverlag;Wiener Neustadt;;;1065023251;;Buchwissenschaft, Buchhandel
998;Eigenverlag (Kindle Direct Publishing);;;;;;;
999;Eigenverlag Bernd Michael Hanel;;;;;;;
1000;Eigenverlag Karl Mader;;;;;;;
1001;Eigenverlag Manfred Strolz;;;;;;;
1002;Eigenverlag Max und Ruth Künzi-Frauchiger;;;;;;;
1003;Eigenverlag Micha Fuchs;;;;;;;
1004;Eigenverlag Rolf Barkhorn;;;;;;;
1005;Eigenverlag S. Philipp;;;;;;;
1006;Eigenverlag Wolfgang Domma;;;;;;;
1007;Eigenverlag-Liweitari Publishing;;;;;;;
1008;Einbuch Buch- und Literaturverlag;EINBUCH Buch- und Literaturverlag Leipzig;"Grimma-Nerchau; Nerchau; Leipzig";XX.03.2010;;1067139931;https://einbuch-verlag.de;Buchwissenschaft, Buchhandel
1009;Einfach Lesen;Verlag Einfach Lesen;Bern;2002;;1064882064;http://www.einfachlesen.ch/;Buchwissenschaft, Buchhandel
1010;Einhorn Verlag;Einhorn-Verlag (Schwäbisch Gmünd);Schwäbisch Gmünd;10.01.1956;XX.10.2002;1121240933;;Buchwissenschaft, Buchhandel
1011;Eire Verlag;Eire Verlag;Salzkotten;;;106429720X;http://www.eire-verlag.de;Buchwissenschaft, Buchhandel
1012;Eisenhut-Verl.;Eisenhut Verlag;;2009;2015;1064730736;http://www.eisenhutverlag.de;Buchwissenschaft, Buchhandel
1013;El Faro Verlag;El Faro Verlag;Hamburg;;;1064794890;http://www.elfaro-verlag-hamburg.de;Buchwissenschaft, Buchhandel
1014;ElIbiary;;;;;;;
1015;Elbaol Verlag;elbaol verlag hamburg;Hamburg;29.11.2004;;1064203698;http://www.elbaol-verlag-hamburg.de;Buchwissenschaft, Buchhandel
1016;Elbufer Verlag;Elbufer Verlag UG (haftungsbeschränkt);Hamburg;1997;;1064118119;http://www.elbufer-verlag.de;Buchwissenschaft, Buchhandel
1017;Elbverlag;Elbverlag Magdeburg;;;;1065024916;http://www.elbverlag.de;Buchwissenschaft, Buchhandel
1018;Eldur Verlag;Eldur-Verlag;Aachen;;;106536881X;http://www.eldur-verlag.de;Buchwissenschaft, Buchhandel
1019;Elf-Uhr-Verl.;Elf Uhr Verlag;Lauterbach (Hessen);;;1065491719;http://www.elf-uhr.de;Buchwissenschaft, Buchhandel
1020;Elfenbein;Elfenbein Verlag;"Heidelberg; Berlin";23.05.1995;;1065532466;http://www.elfenbein-verlag.de;Buchwissenschaft, Buchhandel
1021;Elif Verlag;Elif Verlag;Nettetal;2011;;1065792808;http://www.elifverlag.de;Buchwissenschaft, Buchhandel
1022;Eligia Goroncy Verlag;Eligia Goroncy Verlag;Spirkelbach;;;1065525133;http://www.eligia-goroncy-verlag.de;Buchwissenschaft, Buchhandel
1023;Ellert & Richter Verlag;Ellert & Richter Verlag;Hamburg;15.06.1979;;1065369840;http://www.ellert-richter.de;Buchwissenschaft, Buchhandel
1024;Ellie Harding c/o Steffen TextArt;;;;;;;
1025;Elmar Langenbacher Verlag;;;;;;;
1026;Elsengold;Elsengold Verlag;Berlin;2013;;1065786867;http://www.elsengold.de;Buchwissenschaft, Buchhandel
1027;Elsinor Verlag;Elsinor Verlag;Coesfeld;01.01.2006;;1065358229;http://www.elsinor.de;Buchwissenschaft, Buchhandel
1028;Elster Verlag;Elster-Verlag (Baden-Baden);"Bühl-Moos; Baden-Baden";1984;;1073076423;;
1029;Elvea Verlag;Elvea Verlag;Chemnitz;;;1065871546;;Buchwissenschaft, Buchhandel
1030;Elysion Books;Elysion-Books;Leipzig;09.08.2010;;1064054528;http://www.elysion-books.com;Buchwissenschaft, Buchhandel
1031;Em Huisken Musik und Wort;;;;;;;
1032;Emmerich Books & Media;;;;;;;
1033;Emons Verlag;Emons Verlag;Köln;13.01.1984;;1054319316;;Buchwissenschaft, Buchhandel
1034;Endres-Editionshaus;;;;;;;
1035;Engeler Verlag;Urs Engeler (Firma);"Schupfart; Solothurn";2012;;1065436602;http://www.engeler.de/;Buchwissenschaft, Buchhandel
1036;Engelportal-Verl.;Engelportal Verlag;Gräfelfing;;;106528957X;;Buchwissenschaft, Buchhandel
1037;Engelsdorfer Verlag;Engelsdorfer Verlag;Leipzig;01.05.2004;;1065429614;http://www.engelsdorfer-verlag.de;Buchwissenschaft, Buchhandel
1038;Engstler;Verlag Peter Engstler;"Ostheim v. d. Rhön; Oberwaldbehrungen";;;7609306-2;;Buchwissenschaft, Buchhandel
1039;Ennsthaler;Ennsthaler Verlag;München;;;1064127746;;Buchwissenschaft, Buchhandel
1040;Entenpress;;;;;;;
1041;Epospresse-Verl.;epospresse Verlag;Würselen;;;1067143858;;Buchwissenschaft, Buchhandel
1042;Eppe;EPPE, Verlag und Offsetdruck, GmbH. Abt. Verlag;;10.08.1976;;1068093188;;Buchwissenschaft, Buchhandel
1043;Epubli;epubli GmbH;Berlin;2008;;106492235X;https://www.epubli.de;Buchwissenschaft, Buchhandel
1044;Erata-Literaturverl.;Edition Erata;Leipzig;;;129078132X;;
1045;Erfurter Herbstlese e.V.;Erfurter Herbstlese (Erfurt);;1997;;7626105-0;;Literarisches Leben
1046;Ergon;Ergon-Verlag;"Würzburg; Baden-Baden";21.12.1989;;4755404-6;http://www.ergon-verlag.de;Buchwissenschaft, Buchhandel
1047;Ergon-Verl.;Ergon-Verlag;"Würzburg; Baden-Baden";21.12.1989;;4755404-6;http://www.ergon-verlag.de;Buchwissenschaft, Buchhandel
1048;Erich Weiß Verlag;Erich Weiß Verlag;Bamberg;1991;2025;1064690793;http://www.erich-weiss-verlag.de;Buchwissenschaft, Buchhandel
1049;Eridanus Verlag;;;;;;;
1050;Erika Hörzer;;;;;;;
1051;Ernst Reinhardt Verlag;Ernst Reinhardt Verlag;"Basel; München";21.07.1899;;2041000-1;https://www.reinhardt-verlag.de;Buchwissenschaft, Buchhandel
1052;Ernst-Moritz-Arndt-Gymnasium;Ernst-Moritz-Arndt-Gymnasium Bergen;Bergen auf Rügen;;;4514572-6;;Schule
1053;Esch Verlag;Esch Verlag;Potsdam;;;1067151729;;Buchwissenschaft, Buchhandel
1054;Espenlaub-Verl.;;;;;;;
1055;Espero-Verlag;Espero-Verlag;Ziegenrück;;;1065437978;;Buchwissenschaft, Buchhandel
1056;Esras.net;Esras.net;Niederbüren;;;1064133606;;Buchwissenschaft, Buchhandel
1057;Ess;Verlag Matthias Ess e.K.;Bad Kreuznach;1984;;106543376X;http://www.ess.de;Buchwissenschaft, Buchhandel
1058;Esslinger;;;;;;;
1059;Etaina;ETAINA-Verlag;Tholey;2004;;106596255X;http://www.etaina.net;Buchwissenschaft, Buchhandel
1060;Etaina-Verl.;ETAINA-Verlag;Tholey;2004;;106596255X;http://www.etaina.net;Buchwissenschaft, Buchhandel
1061;Eulenspiegel Verlag;Eulenspiegel-Verlag;Schwaikheim;;;106579097X;;Buchwissenschaft, Buchhandel
1062;Europ. Univ.-Verl.;Europäischer Universitätsverlag GmbH;Dülmen;;;106542602X;http://bou.de/eup;Buchwissenschaft, Buchhandel
1063;Europa Buch;;;;;;;
1064;Europa Verlagsgruppe;;;;;;;
1065;Europäischer Hochschulverlag;;;;;;;
1066;Europäischer Literaturverlag;Europäischer Literaturverlag;Bremen;;;1065854250;http://eh-verlag.de;Buchwissenschaft, Buchhandel
1067;Europäischer Universitätsverlag;Europäischer Universitätsverlag GmbH;Dülmen;;;106542602X;http://bou.de/eup;Buchwissenschaft, Buchhandel
1068;Evang. Ges.;;;;;;;
1069;Evangelische Verlagsanstalt;Evangelische Verlagsanstalt;"Leipzig; Berlin (Ost)";10.05.1946;;2009855-8;http://www.eva-leipzig.de/;"Einzelne Branchen der Industrie und des Handwerks; Buchwissenschaft, Buchhandel"
1070;Evangelischer Presseverband;Evangelischer Presseverband in Österreich;Wien;1925;;2067969-5;;Buchwissenschaft, Buchhandel
1071;Even Terms Press;;;;;;;
1072;Exchange and Dialogue;;;;;;;
1073;F.W. Becker GmbH;F.W. Becker GmbH;;;;1067140794;http://www.becker-druck-verlag.de;Buchwissenschaft, Buchhandel
1074;FABW Verlag;;;;;;;
1075;FAW-Verlag;FAW-Verlag;Bamberg;;;1064930301;http://www.seychellen-inselglueck.de;Buchwissenschaft, Buchhandel
1076;FELiCiTARiS;FELiCiTARiS;;;;1231800186;;
1077;FH Joanneum, Studiengang Informationsdesign;FH JOANNEUM Gesellschaft. Studiengang Informationsdesign;Graz;;;10175523-5;"http://www.fh-joanneum.at/aw/home/Studienangebot/fachbereich_information_design_technologien/~czd/ind/?lan=de; http://ind.fh-joanneum.at";
1078;FHL-Taschenbuch-Verl.;FHL-Taschenbuchverlag;Leipzig;;;1066116180;;Buchwissenschaft, Buchhandel
1079;FRED & OTTO - Der Hundeverlag;FRED & OTTO - Der Hundeverlag;Berlin;;;1065566336;http://www.fredundotto.de;Buchwissenschaft, Buchhandel
1080;FV, FahnauerVerlag;;;;;;;
1081;Faber & Faber;Faber & Faber Verlag;"Berlin; Leipzig";"2019; 05.09.1990";"2024; 31.12.2015";4535630-0;https://www.verlagfaberundfaber.de;Buchwissenschaft, Buchhandel
1082;Fabuloso Verlag;Fabuloso Verlag;Bilshausen;12.04.2001;;1065528957;http://www.fabuloso.de;Buchwissenschaft, Buchhandel
1083;Fabylon;Fabylon-Verlag;"München; Markt Rettenbach";1987;;106513830X;http://www.fabylon-verlag.de;Buchwissenschaft, Buchhandel
1084;Factum Coloniae;;;;;;;
1085;Facultas;Facultas Universitätsverlag (Wien);Wien;;;1072886979;;
1086;Fagulon-Verlag;FAGULON-Verlag;Berlin;;;1064690319;http://www.fagulon-shop.de;Buchwissenschaft, Buchhandel
1087;Fahner;Verlag Hans Fahner GmbH & Co. KG;;11.09.1978;;1065715145;http://www.buchtraum.de;Buchwissenschaft, Buchhandel
1088;Fakriro GbR;;;;;;;
1089;Fantastic Shades;fantastic shades;;;;1065431139;http://www.fantastic-shades-verlag.de;Buchwissenschaft, Buchhandel
1090;Fantasy-Welt-Zone-Verl.;;;;;;;
1091;Faro;FARO Verlag;Lenzburg;2009;;1064346731;http://www.faro-buch.ch;Buchwissenschaft, Buchhandel
1092;Fechner-Sabo;Sigrid Fechner-Sabo (Firma);Mainz;1998;;1066119953;http://www.verlag-fechner-sabo.de;Buchwissenschaft, Buchhandel
1093;Feder & Schwert;Feder & Schwert GmbH;Mannheim;1989;;1065718713;http://www.feder-und-schwert.com;Buchwissenschaft, Buchhandel
1094;Feder-Ed.;;;;;;;
1095;Federblau-Verl.;;;;;;;
1096;Federfrei;Verlag Federfrei;Marchtrenk;2007;;1065163061;http://www.federfrei.at;Buchwissenschaft, Buchhandel
1097;Fehnland Verlag;;;;;;;
1098;Feiyr;;;;;;;
1099;Fel!x;FEL;;;;16147533-4;;
1100;Feldhaus Verlag GmbH & Co. KG;FELDHAUS VERLAG GmbH & Co. KG;Hamburg;01.01.1946;;1065489897;http://www.feldhaus-verlag.de;Buchwissenschaft, Buchhandel
1101;Feldmann;;;;;;;
1102;Festa;Festa Verlag;"Leipzig; Borsdorf";;;1065855117;;Buchwissenschaft, Buchhandel
1103;Feuertanz-Verlag;;;;;;;
1104;Filidor-Verl.;Edition Filidor;Reichenbach im Kandertal;;;1064067263;https://www.filidor.ch/default.aspx;Buchwissenschaft, Buchhandel
1105;Fink;Kunstverlag Josef Fink;Lindenberg i. Allgäu;01.01.1996;;4636939-9;https://kunstverlag-fink.de/;"Buchwissenschaft, Buchhandel; Bildende Kunst"
1106;Fireflies Press;;;;;;;
1107;First-Minute-Taschenbuchverl.;;;;;;;
1108;Fischer Digital;;;;;;;
1109;Fischer Krüger;FISCHER Krüger;Frankfurt am Main;10.03.1976;;106509955X;;Buchwissenschaft, Buchhandel
1110;Fischer Taschenbuch;Athenäum-Fischer-Taschenbuch-Verlag;Frankfurt am Main;;;1144283205;;
1111;Fischer Verlag;Karin-Fischer-Verlag;Aachen;01.01.1992;;10067341-7;https://www.karin-fischer-verlag.de/verlag;"Einzelne Branchen der Industrie und des Handwerks; Buchwissenschaft, Buchhandel"
1112;Fischer-&-Fischer-Medien;FISCHER Medien- und Verlagsgesellschaft;Köln;;;1065212704;;Buchwissenschaft, Buchhandel
1113;Fischerinsel-Eigenverl.;;;;;;;
1114;Fischern;;;;;;;
1115;Flying Grandpa;;;;;;;
1116;Fohrmann Verlag;;;;;;;
1117;Folio Verlag;Folio-Verlag;Breisach am Rhein;;;1067138269;;Buchwissenschaft, Buchhandel
1118;Fondation Servais pour la littérature luxembourgeoise;Fondation Servais pour la Littérature Luxembourgeoise;;01.06.1989;;5346492-8;;
1119;Fontaine Verlag;Fontaine Verlag;Bruchköbel;2006;;1064336698;;Buchwissenschaft, Buchhandel
1120;Fontana Edizioni;Fontana edizioni;Pregassona;;;1201124352;https://www.fontanaedizioni.ch/page.asp?load=3;
1121;Fontis;Fontis AG;"Kreuzlingen; Basel";1996;;1225718252;https://www.fontis-verlag.com/kontakt/;
1122;Format;FORMAT Druckerei & Verlagsgesellschaft mbH;Jena;;;1065289022;;Buchwissenschaft, Buchhandel
1123;Format Druckerei & Verlagsgesellschaft mbH;FORMAT Druckerei & Verlagsgesellschaft mbH;Jena;;;1065289022;;Buchwissenschaft, Buchhandel
1124;Forum Gundernhausen;Forum Gundernhausen;Roßdorf-Gundernhausen;2000;;16106461-9;;
1125;Forum Stadtkirche Wunstorf;Forum Stadtkirche Wunstorf;Wunstorf;;;16048318-9;;
1126;Forumhelden GmbH;;;;;;;
1127;Fotolia;Fotolia Deutschland;;;;10192538-4;http://de.fotolia.com;Einzelne Branchen der Industrie und des Handwerks
1128;Fouqué-Literaturverl.;Fouqué Literaturverlag;"London; Offenbach am Main; New York, NY";;;1172952140;;
1129;Francke;;;;;;;
1130;Frank;;;;;;;
1131;Franke Verlag;;;;;;;
1132;Frankfurter Allg.  Buch;Frankfurter Allgemeine Buch;Frankfurt am Main;;;1065110294;;Buchwissenschaft, Buchhandel
1133;Frankfurter Literaturverlag;Frankfurter Literaturverlag (Frankfurt, Main);Frankfurt am Main;;;10193242-X;"http://www.frankfurter-verlagsgruppe.de; http://www.frankfurter-literaturverlag.de";"Buchwissenschaft, Buchhandel; Einzelne Branchen der Industrie und des Handwerks"
1134;Frankfurter Societäts-Medien;Frankfurter Societäts-Medien GmbH;Frankfurt am Main;;;1065361998;http://www.fs-medien.de;Buchwissenschaft, Buchhandel
1135;Frankfurter Verl.-Anst.;Frankfurter Verlags-Anstalt;"Frankfurt am Main; Berlin";"1920; 1987; 1951";"1953; 1938";65641-0;http://www.frankfurter-verlagsanstalt.de;"Buchwissenschaft, Buchhandel; Einzelne Branchen der Industrie und des Handwerks"
1136;Franz Greno;Greno-Verlagsgesellschaft;Nördlingen;1984;1994;2092195-0;;Buchwissenschaft, Buchhandel
1137;Franzbrötchen-Verlag;Franzbrötchen-Verlag;Hamburg;;;1065491093;http://www.franzbroetchen-verlag.de;Buchwissenschaft, Buchhandel
1138;Frauenmuseum;Frauenmuseum Bonn;Bonn;02.05.1981;;806145-2;https://www.frauenmuseum.de/;"Gruppe, Organisationssoziologie, Interaktion; Kunstgeschichte; Archiv, Museum"
1139;Frauenzimmer Verlag;Frauenzimmer Verlag e.K.;;;;1064212816;;Buchwissenschaft, Buchhandel
1140;Free Pen Verlag;Free Pen Verlag;Bonn;;;1065031998;http://www.freepenverlag.eu;Buchwissenschaft, Buchhandel
1141;Freiburger Echo Verlag;Freiburger Echo Verlag;;1981;;1064728472;http://www.freiburger-echo-verlag.de;Buchwissenschaft, Buchhandel
1142;Freiwillige Feuerwehr Haiterbach, Abt. Haiterbach;Freiwillige Feuerwehr Haiterbach. Abteilung Haiterbach;Haiterbach;1975;;1081566833;http://www.feuerwehr-haiterbach.de;Öffentliche Verwaltung, Öffentlicher Dienst
1143;Frenzongs Publ.;frenzongs publishing;Weil der Stadt;;;1065438621;http://www.frenzongs.de;Buchwissenschaft, Buchhandel
1144;Freunde der Literatur in Bayern e.V.;Verein der Freunde der Literatur in Bayern e.V.;;18.03.1985;;1133383912;;
1145;Freundeskreis des Literaturhauses Schleswig-Holstein;;;;;;;
1146;Freundeskreis, Botanischer Garten;;;;;;;
1147;Freya Verlag;Freya Verlag;"Linz; Engerwitzdorf";;;1065284128;http://www.freya.at;Buchwissenschaft, Buchhandel
1148;Frick;;;;;;;
1149;Friedenauer Presse;Friedenauer Presse;Berlin-Friedenau;1963;;1008746-1;http://www.friedenauer-presse.de;Presse
1150;Friedmann;;;;;;;
1151;Friedrich;;;;;;;
1152;Friedrich Reinhardt Verlag;Friedrich Reinhardt AG;Basel;1900;;1021464-1;https://www.reinhardt.ch;Buchwissenschaft, Buchhandel
1153;Friedrich-Bödecker-Kreis in Sachsen-Anhalt;Friedrich-Bödecker-Kreis in Sachsen-Anhalt;Magdeburg;;;5245907-X;https://www.fbk-lsa.de;
1154;Frieling Verlag;Frieling & Partner;Berlin;01.02.1983;XX.XX.2004;5056618-0;;Buchwissenschaft, Buchhandel
1155;Friesische Philologie/Nordfriesische Wörterbuchstelle, Christian-Albrechts-Universität zu Kiel;;;;;;;
1156;Fritzsche;;;;;;;
1157;Fuchs;;;;;;;
1158;Fundus-Verl.;Fundus Verlag;;;;1067143467;;Buchwissenschaft, Buchhandel
1159;Fölbach;Verlag Dietmar Fölbach;Koblenz;;;106579407X;;Buchwissenschaft, Buchhandel
1160;Förderverein Amtliche Vermessung im Kanton Bern;Förderverein 100 Jahre Amtliche Vermessung im Kanton Bern;Bern;;;1060560232;http://www.100jahreav-be.ch/index.php/foerderverein;
1161;Förderverein Stadtmuseum Hattingen;;;;;;;
1162;Förderverein für das Erich-Kästner-Museum;Förderverein für das Erich Kästner Museum;Dresden;25.01.1999;XX.XX.2004;10049720-2;http://www.erich-kaestner-museum.de/inhalte-rechts/foerderverein/;
1163;Förderwerk Elbinseln;;;;;;;
1164;Förster;Iris Förster (Firma);Waiblingen;;;106578404X;;Buchwissenschaft, Buchhandel
1165;G-Medien GmbH;G-Medien GmbH;Lohr a. Main;;;1064211925;http://www.g-medien.eu;Buchwissenschaft, Buchhandel
1166;G. Braun Buchverlag;;;;;;;
1167;GDruck-Verl.;GDruck-Verlag;;;;1065855362;http://www.gdruck-verlag.de/;Buchwissenschaft, Buchhandel
1168;GEDOK Brandenburg;GEDOK Brandenburg;Rangsdorf;1994;;2150983-9;http://www.gedok-brandenburg.de;"Kultur, Künste allgemein; Bildende Kunst; Literarisches Leben; Buchwissenschaft, Buchhandel; Musik (Allgemeines), Musikgeschichte"
1169;GEROJOKO;;;;;;;
1170;GEV;;;;;;;
1171;GGSV;;;;;;;
1172;GNN Verlag;GNN Verlag Süd GmbH;Stuttgart;;;1065782748;;Buchwissenschaft, Buchhandel
1173;GOYA;;;;;;;
1174;GPW-Medienverl.;GPW Medienverlag;Weinfelden;;;1067149988;;Buchwissenschaft, Buchhandel
1175;GRÄV, Verlag der GRÄGS;;;;;;;
1176;GUC;;;;;;;
1177;Gabriele Schäfer Verlag;Gabriele Schäfer (Firma);;;;1065970463;;Buchwissenschaft, Buchhandel
1178;Gala-Ed.;Gala Edition;Bad Arolsen;22.03.2006;;106566222X;http://www.gala-edition.de;Buchwissenschaft, Buchhandel
1179;Galiani;Verlag Galiani Berlin;Berlin;XX.01.2009;;1065132778;https://www.galiani.de;Buchwissenschaft, Buchhandel
1180;Galiani Berlin;Verlag Galiani Berlin;Berlin;XX.01.2009;;1065132778;https://www.galiani.de;Buchwissenschaft, Buchhandel
1181;Galli;Galli Verlag (Wiesbaden);"Freiburg im Breisgau; Wiesbaden";1992;;5343490-0;http://www.galliverlag.de;"Einzelne Branchen der Industrie und des Handwerks; Buchwissenschaft, Buchhandel"
1182;Gallimard;Editions Gallimard;Paris;31.05.1911;;33669-5;;"Buchwissenschaft, Buchhandel; Einzelne Branchen der Industrie und des Handwerks"
1183;Gangan Verlag;Gangan Verlag;"Stattegg; Graz; Sydney; Wien";1984;;1065528078;http://www.gangan.com;Buchwissenschaft, Buchhandel
1184;Gans Verlag;Edmund Gans Verlag (Lochham);Gräfelfing-Lochham;;;1073077616;;
1185;Ganymed Edition;;;;;;;
1186;Garant;garant Verlag;Renningen;;;1065559909;http://www.garant-verlag.de;Buchwissenschaft, Buchhandel
1187;Gardez!-Verl.;Gardez! Verlag;"Mainz; Sankt Augustin; Remscheid-Lüttringhausen; Remscheid";01.06.1990;;2179090-5;http://www.gardez.de;"Buchwissenschaft, Buchhandel; Einzelne Branchen der Industrie und des Handwerks"
1188;Gareis Marketing;Gareis Marketing Kommunikation;Neustadt an der Weinstraße;;;1065532695;http://www.marketing-gareis.de;Buchwissenschaft, Buchhandel
1189;Garnies;;;;;;;
1190;GartenWEden Verlag;;;;;;;
1191;Gebr. Nadelmann;;;;;;;
1192;GedankenReich;;;;;;;
1193;Geest Verlag;Geest-Verlag GmbH & Co. KG;Vechta;;;1065864221;;Buchwissenschaft, Buchhandel
1194;Gehrke;Konkursbuch Verlag Claudia Gehrke;Tübingen;01.04.1978;;16344015-3;http://www.konkursbuch.com;"Einzelne Branchen der Industrie und des Handwerks; Buchwissenschaft, Buchhandel"
1195;Geiger Verlag;Geiger-Verlag;Horb am Neckar;;;1051113350;;
1196;Geistkirch Verlag;Geistkirch Verlag;Saarbrücken;2005;;1064194842;https://geistkirch.de;Buchwissenschaft, Buchhandel
1197;Gelsing & Hoch Literaturverlag GbR;;;;;;;
1198;Gemeinde Kemmern;;;;;;;
1199;Gemeinde Wardenburg;Gemeinde Wardenburg. Gemeindedirektion;Wardenburg;;;1068109424;http://www.wardenburg.de;Buchwissenschaft, Buchhandel
1200;Gemeinnütziger Verein zur Förderung des Literaturschaffens und des kulturellen Austauschs zwischen Deutschen und Polen e.V.;;;;;;;
1201;Gemma;Gemma-Verlag;Theilheim;;;1065133332;;Buchwissenschaft, Buchhandel
1202;Genniges;;;;;;;
1203;Gentner;A. W. Gentner-Verlag;Stuttgart;1927;;2005586-9;;Buchwissenschaft, Buchhandel
1204;Georg Olms Verlag;Georg Olms Verlag AG;"Oetwil am See; Zürich";;;1065171641;;Buchwissenschaft, Buchhandel
1205;Georg-Britting-Stiftung;Georg-Britting-Stiftung;;;;1064204112;http://www.britting.com;Buchwissenschaft, Buchhandel
1206;Georg-von-Toyberg-Verl.;Georg von Toyberg Verlag;München;;;1064916791;;Buchwissenschaft, Buchhandel
1207;Gerhard, Johanna;;;;;;;
1208;Gerhard-Hess-Verlag;Gerhard Hess Verlag;Bad Schussenried;;;1065494610;;Buchwissenschaft, Buchhandel
1209;Gerlinger, Stefan;;;;;;;
1210;Gernot Kröger;;;;;;;
1211;Gerth Medien;Gerth Medien;München;;;1065488351;http://www.randomhouse.de;Buchwissenschaft, Buchhandel
1212;Gesellschaft Hessischer Literaturfreunde;Gesellschaft Hessischer Literaturfreunde;Darmstadt;1960;;2012291-3;http://www.geheli.de;"Literarisches Leben; Gruppe, Organisationssoziologie, Interaktion"
1213;Gietl;Geschwister Gietl;;;;10288219-8;;Musik (Allgemeines), Musikgeschichte
1214;Gilgamesch-Verlag;;;;;;;
1215;Gilles & Francke;Gilles & Francke;Duisburg;01.10.1900;;1065499779;http://www.gilles-francke.de;Buchwissenschaft, Buchhandel
1216;Gipfelbuch-Verl.;Gipfelbuch-Verlag e.K.;;19.11.2003;;1065523777;http://www.gipfelbuch-verlag.de;Buchwissenschaft, Buchhandel
1217;Girgis Verlag;;;;;;;
1218;Gisler Medien, Gisler 1843 AG;Gisler 1843 AG;Altdorf (Uri);02.11.2016;;1222917068;https://www.gisler1843.ch/;
1219;Glaré;Glaré Verlag;Frankfurt am Main;;;1065217692;http://www.glareverlag.de;Buchwissenschaft, Buchhandel
1220;Glentorf Verlag;;;;;;;
1221;Glossabooks;;;;;;;
1222;Glückskindverl.;;;;;;;
1223;Gmeiner Verlag;Gmeiner-Verlag;Meßkirch;29.12.1986;;16328743-0;https://www.gmeiner-verlag.de/;Buchwissenschaft, Buchhandel
1224;Gmünder;Bruno-Gmünder-Verlag (Berlin);Berlin;;;2117917-7;;Einzelne Branchen der Industrie und des Handwerks
1225;Goa Kana & Waratfy Ztaia;;;;;;;
1226;Goedeke;;;;;;;
1227;Goethe Universität Frankfurt;Goethe-Universität Frankfurt am Main;Frankfurt am Main;16.10.1914;;35074-6;https://www.uni-frankfurt.de;Hochschule
1228;Goethe-Werkstatt;Goethe-Werkstatt;Wetzlar;;;106503363X;http://www.goethe-werkstatt.de;Buchwissenschaft, Buchhandel
1229;Goki Verlag;GOKI-Verlag;Kierspe;;;1064783430;;Buchwissenschaft, Buchhandel
1230;Goldegg Verlag;Goldegg Verlag;"Wien; Berlin";2003;;106552594X;https://www.goldegg-verlag.com/;Buchwissenschaft, Buchhandel
1231;Golden Luft Verlag;;;;;;;
1232;Goldene Rakete Verlag für Belletristik;;;;;;;
1233;Goldmacher;;;;;;;
1234;Goldmann;;;;;;;
1235;Goldschmidt GmbH;;;;;;;
1236;Goldstadt-Autoren e. V., Verein;;;;;;;
1237;Goldstaub Verlag;;;;;;;
1238;Goldwaage-Verl.;Goldwaage-Verlag;Berlin;;;106565801X;;Buchwissenschaft, Buchhandel
1239;Golkonda Verlag;Golkonda Verlag;Berlin;2010;;1065426577;;Buchwissenschaft, Buchhandel
1240;Gollenstein Verlag;Gollenstein Verlag;Saarbrücken;;;1065711417;http://www.oem.de;Buchwissenschaft, Buchhandel
1241;Gollenstein-Verl.;Gollenstein Verlag;Saarbrücken;;;1065711417;http://www.oem.de;Buchwissenschaft, Buchhandel
1242;Golos-Press;;;;;;;
1243;GolubBooks;Golub Books;Karlsruhe;;;106479100X;http://www.golub-books.de;Buchwissenschaft, Buchhandel
1244;Goskonzept;Goskonzept;Stuttgart;;;1065290209;;Buchwissenschaft, Buchhandel
1245;Graf;Graf Verlag;München;;;1065030711;http://www.graf-verlag.de;Buchwissenschaft, Buchhandel
1246;Grafische Anstalten Hassa & Karl GbR;;;;;;;
1247;Grafit;GRAFIT Verlag GmbH;Dortmund;19.05.1989;;1065968442;http://www.grafit.de;Buchwissenschaft, Buchhandel
1248;Grafotlac Soltys;;;;;;;
1249;Grafotlač Šoltys;;;;;;;
1250;Gralsverl.;;;;;;;
1251;Graph. Werkstätten;Graphische Werkstätten Zittau;Zittau;;;10114881-1;;"Buchwissenschaft, Buchhandel; Einzelne Branchen der Industrie und des Handwerks"
1252;Graphiti;GRAPHITI;Toulouse;1990;;108597085X;;
1253;Grass Publishers;;;;;;;
1254;Greifenverl.;Greifenverlag;Rudolstadt;1919;1993;2012641-4;;Buchwissenschaft, Buchhandel
1255;Greifenverlag;Greifenverlag;Rudolstadt;1919;1993;2012641-4;;Buchwissenschaft, Buchhandel
1256;Grenda;;;;;;;
1257;Gretus Verlag;;;;;;;
1258;Greven;;;;;;;
1259;Groh Verlag;Groh Verlag GmbH;;27.03.1928;;1065437633;http://www.groh.de;Buchwissenschaft, Buchhandel
1260;Grolitsch;;;;;;;
1261;Grote;;;;;;;
1262;Grubbe;Grubbe Media GmbH;München;;;1064690777;http://www.grubbemedia.de;Buchwissenschaft, Buchhandel
1263;Grubbe Media;Grubbe Media GmbH;München;;;1064690777;http://www.grubbemedia.de;Buchwissenschaft, Buchhandel
1264;Gruber;;;;;;;
1265;Grundblick-Verl.;Grundblick-Verlag;"Marburg; Ebsdorfergrund";;;1064791824;;Buchwissenschaft, Buchhandel
1266;Grupello;Grupello-Verlag (Düsseldorf);Düsseldorf;01.07.1990;;10126525-6;"http://www.grupello.de/verlag/grupello/session//ident; http://www.grupello.de";Buchwissenschaft, Buchhandel
1267;Gryphon-Verl.;Gryphon Verlagsgruppe KG;München;23.03.1999;;1066129657;http://www.gryphonverlag.de;Buchwissenschaft, Buchhandel
1268;Gräfe und Unzer Verlag GmbH;Gräfe und Unzer;"Marburg; München; Tilsit; Königsberg";1832;;2030564-3;http://www.graefe-und-unzer.de;"Handel einzelner Branchen, Dienstleistung einzelner Branchen; Buchwissenschaft, Buchhandel"
1269;Gröls Verlag;;;;;;;
1270;Größenwahn Verlag;Größenwahn Verlag;Frankfurt am Main;;;1065032935;http://www.groessenwahn-verlag.de;Buchwissenschaft, Buchhandel
1271;Grünberg;;;;;;;
1272;Grüne Aue;Kleingartenverein Grüne Aue (Leipzig);Leipzig;;;16087759-3;;
1273;Grünkreuzverl.;Grünkreuzverlag;Dotzigen;;;1065287119;http://www.gruenkreuzverlag.com;Buchwissenschaft, Buchhandel
1274;Gudruns Töchter;;;;;;;
1275;GuideMedia Verlag GbR;GuideMedia GbR;Bamberg;16.10.2006;;1024527816;http://www.guidemedia.de;Buchwissenschaft, Buchhandel
1276;Gulde Druck;Gulde Druck GmbH & Co. KG;Tübingen;;;1065297459;http://www.gulde-druck.de;Buchwissenschaft, Buchhandel
1277;Gunda-Werner-Institut;Gunda-Werner-Institut;Berlin;XX.06.2007;;10186327-5;https://www.gwi-boell.de/de/;"Wissenschaft; Sozialpolitik, Entwicklungshilfe"
1278;Gyadu - Ed. Isis;Edition Isis;Saarbrücken;;;1064297986;;Buchwissenschaft, Buchhandel
1279;Górnośląskie Centrum Kultury i Spotkań im. Eichendorffa;;;;;;;
1280;Göttert;Christel Göttert (Firma);Rüsselsheim;01.10.1976;;106549890X;http://www.christel-goettert-verlag.de;Buchwissenschaft, Buchhandel
1281;Günther Emigs Literatur-Betrieb;;;;;;;
1282;Gütersloher Verlagshaus;Gütersloher Verlagshaus Gerd Mohn;Gütersloh;1959;;2084301-X;"http://www.randomhouse.de; http://www.gtvh.de";Buchwissenschaft, Buchhandel
1283;H. W. Fichter Kunsthandel und Ed.;H. W. Fichter Kunsthandel;Frankfurt am Main;;;514740-2;http://www.fichterart.de;"Buchwissenschaft, Buchhandel; Handel einzelner Branchen, Dienstleistung einzelner Branchen; Bildende Kunst"
1284;H. Weisenfeld;;;;;;;
1285;HILLE Druckerei & Verlag;Druckerei & Verlag Fabian Hille;Dresden;2017;;1228902550;;
1286;HKL-Verlag;HKL-Verlag;;;;1065140053;;Buchwissenschaft, Buchhandel
1287;HR-Verl.;HR-Verlag;Bruchsal;;;1065035322;;Buchwissenschaft, Buchhandel
1288;HS-Literaturverl.;HS-Literaturverlag Heinz Spicka;;;;1064916228;http://www.hs-verlage.at;Buchwissenschaft, Buchhandel
1289;HW-Verl.;HW Verlag;Mauerstetten;1995;;1278049576;http://hwverlag.com/HW-Verlag;
1290;Haag + Herchen;Haag + Herchen GmbH;Hanau;25.11.1976;;1065505272;http://www.haagundherchen.de;Buchwissenschaft, Buchhandel
1291;Haffmans Verl. bei Zweitausendeins;Haffmans Verlag;Zürich;1982;2001;404624-9;;"Einzelne Branchen der Industrie und des Handwerks; Buchwissenschaft, Buchhandel"
1292;Haffmans Verlag bei Zweitausendeins;Haffmans Verlag;Zürich;1982;2001;404624-9;;"Einzelne Branchen der Industrie und des Handwerks; Buchwissenschaft, Buchhandel"
1293;Haffmans bei Zweitausendeins;Haffmans Verlag;Zürich;1982;2001;404624-9;;"Einzelne Branchen der Industrie und des Handwerks; Buchwissenschaft, Buchhandel"
1294;Haffnitz Verlag;;;;;;;
1295;Hagebutte Verlag;;;;;;;
1296;Hager;;;;;;;
1297;Hager, Wolfgang;Wolfgang Hager Verlag;Murau-Stolzalpe;2002;;1064050182;http://www.wolfgang-hager-verlag.at/impressum/;Buchwissenschaft, Buchhandel
1298;Hai-tec Verlags- und Autorenservice;Hai-tec Verlags- und Autorenservice;;;;106579357X;http://www.hai-tec-autorenservice.de;Buchwissenschaft, Buchhandel
1299;Haileiht-Verlag vom Hai-tec Verlags- und Autorenservice;;;;;;;
1300;Halbhoch Verlag;;;;;;;
1301;Hamburger Elbsommer;Hamburger Elbsommer GmbH;Hamburg;;;1064050441;http://www.hamburgerelbsommer.de;Buchwissenschaft, Buchhandel
1302;Hamburger Haiku-Verl.;Hamburger Haiku Verlag;Hamburg;;;1065961448;http://www.haiku.de;Buchwissenschaft, Buchhandel
1303;Hamburger Lesehefte Verlag;Hamburger Lesehefte Verlag;Hamburg;;;107307885X;;
1304;Hammer;;;;;;;
1305;Hamsah-Verl.;Hamsah Verlag;"Köln; Osnabrück";1987;;1065854161;http://www.buchversand-hamsah.com;Buchwissenschaft, Buchhandel
1306;Hanani-Verl.;Hanani Verlag;Berlin;;;1064286925;http://www.hanani.de;Buchwissenschaft, Buchhandel
1307;Hands Art, Four;;;;;;;
1308;Hanno Herbst Musik & Buch;;;;;;;
1309;Hans-Werner Kulinna c/o Autorenglück.de;;;;;;;
1310;Hansa-Verl.;;;;;;;
1311;Hanser;Carl Hanser Verlag;München;01.10.1928;;2007034-2;https://www.hanser.de/;Buchwissenschaft, Buchhandel
1312;Hanser Berlin;Hanser Berlin;München;;;1065564120;http://www.hanser.de;Buchwissenschaft, Buchhandel
1313;Hansisches Dr.- und Verl.-Haus;Hansisches Druck- und Verlagshaus;Frankfurt am Main;29.11.1949;;1065105355;http://www.chrismon.de;Buchwissenschaft, Buchhandel
1314;Hardt & Wörner;;;;;;;
1315;Harenberg, KV&H-Verl.;;;;;;;
1316;Harrassowitz;Richter & Harrassowitz;Leipzig;1872;1875;1073009335;;Buchwissenschaft, Buchhandel
1317;Harrassowitz,;Richter & Harrassowitz;Leipzig;1872;1875;1073009335;;Buchwissenschaft, Buchhandel
1318;Hartmann;;;;;;;
1319;Hartmut Krüpe-Silbersiepe;;;;;;;
1320;Hartung-Gorre;Hartung-Gorre Verlag;Konstanz;;;1036669971;http://www.hartung-gorre.de/;Buchwissenschaft, Buchhandel
1321;Hasenverl.;Hasenverlag (Halle (Saale));Halle (Saale);22.12.1998;;16017701-7;http://www.hasenverlag.de;"Buchwissenschaft, Buchhandel; Einzelne Branchen der Industrie und des Handwerks"
1322;Hassa & Karl Grafische Anstalten;;;;;;;
1323;Hatje Cantz;Hatje-Cantz-Verlag;"Stuttgart; Berlin; Ostfildern";1999;;10094104-7;http://www.hatjecantz.de;Buchwissenschaft, Buchhandel
1324;Hauptverband des Österreichischen Buchhandels;Hauptverband des Österreichischen Buchhandels;Wien;1965;;2008381-6;http://www.buecher.at/;Buchwissenschaft, Buchhandel
1325;Haus am Nepomuk;Verlag Haus am Nepomuk;Rottenburg am Neckar;;;1024515966;http://www.haus-am-nepomuk.de;Buchwissenschaft, Buchhandel
1326;Haus für Poesie;Haus für Poesie;Berlin;2016;;1120332575;http://www.haus-fuer-poesie.org;
1327;Hawkify Books;;;;;;;
1328;Haymon Verlag;Haymon Verlag;Innsbruck;1982;;1035421550;http://www.haymonverlag.at/;Buchwissenschaft, Buchhandel
1329;Heel;Heel Verlag;Königswinter;04.08.1980;;1065421184;http://www.heel-verlag.de;Buchwissenschaft, Buchhandel
1330;Hegarda-Verl.;Hegarda Verlag;;;;1065141327;http://www.markmann-kawinski.de;Buchwissenschaft, Buchhandel
1331;Heiber;Hartmut Heiber (Firma);Schortens;1986;;1065523300;http://www.heiberdruck.de;Buchwissenschaft, Buchhandel
1332;Heike Rosa Maria Gaudenti;;;;;;;
1333;Heimann-Stiftung, für Völkerverständigung;Heimann Stiftung für Völkerverständigung;Wiesloch;2015;;1256937215;;
1334;Heimat- u. Geschichtsverein;;;;;;;
1335;Heimat- und Kulturverein Dahme;Heimat- und Kulturverein Dahme;Dahme (Holst);;;1261079639;https://www.wirliebendahme.de/;
1336;Heimat- und Museumsverein Thayaland;Heimat- und Museumsverein Thayaland;Laa an der Thaya;;;16166696-6;;
1337;Heimat- und Verschönerungsverein Bad Salzuflen e.V.;Heimat- und Verschönerungsverein Bad Salzuflen;Bad Salzuflen;1876;;2011457-6;https://www.heimatverein-bad-salzuflen.de/;"Brauchtum, Volksglaube; Geografie, Heimat- und Länderkunde (Allgemeines); Raumordnung, Stadtplanung, Landschaftsgestaltung; Gruppe, Organisationssoziologie, Interaktion; Architektur"
1338;Heimatbote Schwalmtal;;;;;;;
1339;Heimatfreunde Winterbach;Heimatfreunde Winterbach;St. Wendel;;;5205398-2;https://www.heimatfreunde-winterbach.de/;
1340;Heimatkundlicher Verein für Südböhmen e.V.;;;;;;;
1341;Heimatverein der Grafschaft Bentheim e.V.;Heimatverein der Grafschaft Bentheim;Bad Bentheim;;;2011436-9;https://heimatverein-grafschaft.de;Buchwissenschaft, Buchhandel
1342;Heimatverl. Schrage;Heimatverlag Josef Schrage;Möhnesee (Ort);;;106479677X;;Buchwissenschaft, Buchhandel
1343;Heimdall Verlag;Heimdall Verlag;;;;1065865023;;Buchwissenschaft, Buchhandel
1344;Hein-Verlag;Hein-Verlag;Petersberg-Ostrau;;;1065500653;http://www.roh-ark-verlag.de;Buchwissenschaft, Buchhandel
1345;Heiner Labonde Verlag;;;;;;;
1346;Heinrich Tüffers Verlag GmbH;Heinrich Tüffers Verlag GmbH;Düsseldorf;;;1066127050;;Buchwissenschaft, Buchhandel
1347;Heinrichs-Verl.;Heinrichs-Verlag GmbH & Co. KG;Hildesheim;01.09.1946;;1065421672;;Buchwissenschaft, Buchhandel
1348;Heinz-Willi Dammers;;;;;;;
1349;Helios;Helios;Karlsruhe;;;1066125775;;Buchwissenschaft, Buchhandel
1350;Hellinger Publ.;;;;;;;
1351;Hellinger Publications;;;;;;;
1352;Hellmund;Peter Hellmund (Firma);Würzburg;;;1065982127;;Buchwissenschaft, Buchhandel
1353;Helmer;Pamela Helmer Verlag;Korbach;;;106552952X;http://www.verlag-pamela-helmer.de;Buchwissenschaft, Buchhandel
1354;Helms;Thomas Helms Verlag;Schwerin;17.08.1994;;1065361416;https://thv.de/;Buchwissenschaft, Buchhandel
1355;Helmut Schlaiß Verlag;Helmut Schlaiß (Firma);;;;1065960700;;Buchwissenschaft, Buchhandel
1356;Helmut-Maletzke-Stiftung;Helmut-Maletzke-Stiftung;;;;16102011-2;;Buchwissenschaft, Buchhandel
1357;Hemmer;Hemmer Verlag;;;;1064203329;http://www.hemmerverlag.at;Buchwissenschaft, Buchhandel
1358;Henrich-Ed.;;;;;;;
1359;Henss;Dr. Ronald Henss (Firma);Saarbrücken;;;1067140670;http://www.ronald-henss-verlag.de;Buchwissenschaft, Buchhandel
1360;Hentrich & Hentrich;Hentrich & Hentrich;"Berlin; Leipzig";;;1065036175;http://www.hentrichhentrich.de;Buchwissenschaft, Buchhandel
1361;Herausgeber Verlag;Kulturbuchverlag Herausgeber;Riedtwil;2002;;1203556659;https://www.herausgeber.ch;
1362;Herausgeber.ch;Herausgeber.ch;Bern;2000;;1065175965;http://www.herausgeber.ch;Buchwissenschaft, Buchhandel
1363;HerausgeberInnengemeinschaft Irrliche;;;;;;;
1364;Herbst Medien;;;;;;;
1365;Herder;;;;;;;
1366;Herkules-Verl.;Herkules Verlag;Kassel;01.01.2004;;1065291515;;Buchwissenschaft, Buchhandel
1367;Hermagoras;Hermagoras-Verlag;Klagenfurt am Wörthersee;"1947; 1882";1920;5208775-X;https://www.mohorjeva.com/zalozba_verlag;Einzelne Branchen der Industrie und des Handwerks
1368;Herramhof Verlag;;;;;;;
1369;Herta Ahrenzmann c/o AutorenServices.de;;;;;;;
1370;Herzensmenschen;;;;;;;
1371;Herzsprung Verlag;;;;;;;
1372;Herzstückverlag;;;;;;;
1373;Hess Verlag;Gerhard Hess Verlag;Bad Schussenried;;;1065494610;;Buchwissenschaft, Buchhandel
1374;Hesse & Becker;Hesse & Becker;Leipzig;;;5556137-8;;"Buchwissenschaft, Buchhandel; Papierherstellung, Grafische Technik; Einzelne Branchen der Industrie und des Handwerks"
1375;Hessel;;;;;;;
1376;Hessisches Literaturforum im Mousonturm e. V.;Hessisches Literaturforum im Mousonturm e.V.;Frankfurt am Main;2002;;10082552-7;https://hlfm.de/;Literarisches Leben
1377;HeuwägelchenBücher;;;;;;;
1378;Heydär Äliyev Stiftung;Heydär Äliyev Fondu;Baku;2004;;16167285-1;http://www.heydar-aliyev-foundation.org/en;
1379;Heyn;Verlag Johannes Heyn;Klagenfurt am Wörthersee;1868;;1065536151;http://www.verlagheyn.at;Buchwissenschaft, Buchhandel
1380;Heyne;Heyne;München;;;1065503806;http://www.randomhouse.de;Buchwissenschaft, Buchhandel
1381;Heyne, W;;;;;;;
1382;Hibarios;Hibarios Verlag;Kaarst;;;106472972X;;Buchwissenschaft, Buchhandel
1383;Hierax Medien;Hierax Medien;Edewecht;;;1065028164;http://www.hoer-cds.de;Buchwissenschaft, Buchhandel
1384;Hierophant Verlag;Hierophant Verlag;Heppenheim (Bergstraße);2007;;1065782624;http://www.hierophant-verlag.de;Buchwissenschaft, Buchhandel
1385;Hierreth;Janine Hierreth (Firma);;;;1065977395;http://www.hierrethverlag.de.tl/;Buchwissenschaft, Buchhandel
1386;Hildegard Tölke;Tölke, Hildegard;;;;124355617;;"Personen zu Malerei, Zeichnung, Grafik; Personen zu Bildungswesen"
1387;Hildesheimer Literaturverl.;Hildesheimer Literaturverlag;Bad Salzdetfurth;;;1064209726;http://www.hildesheimer-literaturverlag.de;Buchwissenschaft, Buchhandel
1388;Hille Verlag;Hille Verlag;Geldern;;;1065710186;;Buchwissenschaft, Buchhandel
1389;Himmel-Erde-Mensch-Verl.;Himmel-Erde-Mensch-Verlag;Lohne (Oldenburg);;;1067139680;;Buchwissenschaft, Buchhandel
1390;Himmelstürmer Verlag;Himmelstürmer Verlag Part of Production House Filmproduktions GmbH;Hamburg;;;1065854242;http://www.himmelstuermer.de;Buchwissenschaft, Buchhandel
1391;Hinstorff;Hinstorff-Verlag;Rostock;1959;;2030901-6;https://www.hinstorff.de/;Buchwissenschaft, Buchhandel
1392;Hinterländer Geschichtsverein;Hinterländer Geschichtsverein;Biedenkopf;;;1052614-6;http://www.hinterländer-geschichtsverein.de/;"Gruppe, Organisationssoziologie, Interaktion; Geografie, Heimat- und Länderkunde (Allgemeines); Geschichte (Allgemeines)"
1393;Hippomonte Publishing e.K.;;;;;;;
1394;Hirmer;Hirmer Verlag;München;24.06.1948;;1065427166;https://www.hirmerverlag.de/;Buchwissenschaft, Buchhandel
1395;Hirn Kastl & Herz;;;;;;;
1396;Hirnkost KG;Hirnkost KG;Berlin;30.10.2015;;1217205349;https://www.hirnkost.de;
1397;Hirschberger;Hirschberger Musikanten;;;;10168433-2;;Musik (Allgemeines), Musikgeschichte
1398;Hirt;;;;;;;
1399;Hober Verlag;;;;;;;
1400;Hoepli;Hoepli (Mailand);Mailand;1870;;5077987-4;http://www.hoepli.it;Buchwissenschaft, Buchhandel
1401;Hoermann;;;;;;;
1402;Hoffe Markenmanufaktur, WOLL Selbstverlag;;;;;;;
1403;Hoffmann und Campe;Hoffmann und Campe Verlag;"Berlin; Hamburg";1816;;2013112-4;https://hoffmann-und-campe.de;Buchwissenschaft, Buchhandel
1404;Hofmann-Buch;;;;;;;
1405;Hohe-Dorst, Inka Maria;;;;;;;
1406;Hohenheim-Verl.;Hohenheim Verlag GmbH;Stuttgart;14.04.2000;;1065862792;;Buchwissenschaft, Buchhandel
1407;Holder;Hoelder!;;;;1229380825;https://hoelder-music.com/start.html;
1408;Hollitzer;Hollitzer Wissenschaftsverlag;Wien;2010;;1064332242;http://www.hollitzer.at;Buchwissenschaft, Buchhandel
1409;Holzheimer Verlag;;;;;;;
1410;HomeBooks;Homebooks;Landau in der Pfalz;;;1065135343;;Buchwissenschaft, Buchhandel
1411;Homo Littera;HOMO Littera (Firma);Gratkorn;XX.12.2011;;1064050492;http://www.homolittera.com;Buchwissenschaft, Buchhandel
1412;Hora-Verl.;Editura Hora (Hermannstadt);Hermannstadt;;;5558437-8;http://www.hora.ro;Buchwissenschaft, Buchhandel
1413;Horizont Media Verlag;;;;;;;
1414;Horlemann;Horlemann Verlag;Berlin;04.01.1988;;1065867255;http://www.horlemann.info;Buchwissenschaft, Buchhandel
1415;Hottenstein Buchverlag;Hottenstein Buchverlag;;;;1065222157;http://www.hottenstein.de;Buchwissenschaft, Buchhandel
1416;House of the Poets;House of the Poets;Paderborn;;;1066130523;http://www.hotpoets.de;Buchwissenschaft, Buchhandel
1417;Huber;;;;;;;
1418;Hummelshain Verlag;Hummelshain Verlag;Essen;;;1064335438;;Buchwissenschaft, Buchhandel
1419;Hunold, Konstanze;;;;;;;
1420;Hunter Verlag;;;;;;;
1421;Husum Druck- und Verlagsgesellschaft;Husum Druck- und Verlagsgesellschaft;Husum (Kreis Nordfriesland);1973;;1073079597;;
1422;Hybrid Verlag;Hybrid Verlag;Homburg (Saarpfalz-Kreis);;;1220528366;https://hybridverlag.de/;
1423;Hydre Éditions;;;;;;;
1424;Hydre éditions;;;;;;;
1425;Häusser-Media-Verl.;;;;;;;
1426;Höchlerbach;;;;;;;
1427;Höll Verlag;Verlag Peter Höll;Darmstadt;1987;;1065705271;http://www.hoellverlag.de;Buchwissenschaft, Buchhandel
1428;Hüsch & Hüsch GmbH;Hüsch & Hüsch GmbH;Aachen;;;1065867034;https://huesch.de/verlag.html;Buchwissenschaft, Buchhandel
1429;I. Reen Bow;;;;;;;
1430;IATROS-Verlag und Services GmbH;IATROS Verlag & Services GmbH;Sonnefeld;XX.06.2001;;1065130147;;Buchwissenschaft, Buchhandel
1431;IDEA;IDEA;Griechenland;;;4345791-5;;Militär
1432;IDV AG;;;;;;;
1433;IFB Verlag Deutsche Sprache;IFB Verlag Deutsche Sprache GmbH;Paderborn;;;1064119220;http://www.ifb-verlag.de;Buchwissenschaft, Buchhandel
1434;IKGS Verlag;IKGS;München;;;1065973292;;Buchwissenschaft, Buchhandel
1435;IKGS-Verl.;IKGS;München;;;1065973292;;Buchwissenschaft, Buchhandel
1436;IKOS Verlag;IKOS-Verlag Silvia Orlando Akagi;;XX.09.1994;;1065283636;;Buchwissenschaft, Buchhandel
1437;IL-Verlag;IL-Verlag;Basel;01.01.2014;;1196710856;https://www.il-verlag.com;
1438;IMT-Verlag der SIMB e.U.;SIMB GmbH & Co. KG IMT Verlag;Kufstein;;;1064346626;http://www.simb.at;Buchwissenschaft, Buchhandel
1439;INKAS;Ecuador Inkas;;;;16170130-9;;Musik (Allgemeines), Musikgeschichte
1440;IO-Verl.;IO Verlag;Köln;;;1065024762;;Buchwissenschaft, Buchhandel
1441;ISB-Verl.;ISB-Verlag;Waltrop;01.01.2007;;1065167792;http://www.isb-verlag.de;Buchwissenschaft, Buchhandel
1442;Iatros Verlag;IATROS Verlag & Services GmbH;Sonnefeld;XX.06.2001;;1065130147;;Buchwissenschaft, Buchhandel
1443;Ibera Verlag;Ibera Verlag;Wien;;;1065973284;;Buchwissenschaft, Buchhandel
1444;IchZwei-Verlag;;;;;;;
1445;Ida Universum;;;;;;;
1446;Idea, Ed. Pega;;;;;;;
1447;Idee & Produkt Verlag;IDEE&PRODUKT Verlag;Bonn;;;1065213395;;Buchwissenschaft, Buchhandel
1448;Ideenbrücke Verlag;ideenbrücke / Braunschweigverlag;Braunschweig;;;1065858841;http://www.braunschweig-verlag.de;Buchwissenschaft, Buchhandel
1449;Ideos;Ideos Verlag AG;Zürich;;;1064335691;;Buchwissenschaft, Buchhandel
1450;Igel Verlag Literatur & Wissenschaft;Igel Verlag Literatur;"Oldenburg (Oldenburg); Paderborn";07.08.1987;;106542289X;;Buchwissenschaft, Buchhandel
1451;Ikon-Verl.-GesmbH;ikon VerlagsGesmbH;Brunn am Gebirge;;;1065864094;http://www.redmonds.cc;Buchwissenschaft, Buchhandel
1452;Ille & Riemer;Verlag Ille & Riemer;"Leipzig; Weißenfels-Pettstädt";01.10.2001;;1064294952;http://www.ilri.de;Buchwissenschaft, Buchhandel
1453;Ilona Bürgel;Bürgel, Ilona;;;;133858812;;
1454;ImPrint Verlag;ImPrint Verlag;Münster (Westf);2001;;1065437358;http://www.imprint-verlag.de;Buchwissenschaft, Buchhandel
1455;In Farbe und Bunt;In Farbe und Bunt (Firma);"Osdorf; Mülheim an der Ruhr";;;1064913415;https://www.ifubshop.com/;Buchwissenschaft, Buchhandel
1456;Incubus Verlag;Incubus Verlag;Dortmund;;;1065712804;http://www.incubusverlag.de;Buchwissenschaft, Buchhandel
1457;Independent Bookworm;Independent Bookworm;Bockenem;;;1065500882;;Buchwissenschaft, Buchhandel
1458;Indian-Summer-Edition;;;;;;;
1459;Infinite Monkeys' Press;Infinite Monkeys' Press KG;;;;1065030460;;Buchwissenschaft, Buchhandel
1460;Info & Idee Medien-Verlag;;;;;;;
1461;Info Verlag;INFO Verlag GmbH;Karlsruhe;1953;;1065436939;http://www.infoverlag.de/;Buchwissenschaft, Buchhandel
1462;Inform-Verl.;Inform Verlag GmbH;Berlin;;;1064067077;;Buchwissenschaft, Buchhandel
1463;Ingo Koch Verlag;Koch, Ingo, Verlag;Rostock;;;1064130976;http://www.ingokochverlag.de;Buchwissenschaft, Buchhandel
1464;Initiative DarkSky Nord;;;;;;;
1465;Inkitt Inc.;;;;;;;
1466;Innerhofer, Agnes;Innerhofer, Agnes;;;;1270543016;"http://www.agnes-innerhofer.at; https://www.seelenvortrag.at";
1467;Innings, Ava;Innings, Ava;;;;1104500434;;
1468;Innsalz;edition innsalz Verlags GmbH;;;;1065436017;http://www.edition-innsalz.at;Buchwissenschaft, Buchhandel
1469;Innsbruck Univ. Press;Universität Innsbruck. innsbruck university press iup;Innsbruck;2005;;106810533X;http://www.uibk.ac.at/iup;Buchwissenschaft, Buchhandel
1470;Input-Verlag;Input-Verlag;Hamburg;14.09.1994;;106549906X;http://www.input-verlag.de;Buchwissenschaft, Buchhandel
1471;Insel;Insel Verlag Frankfurt am Main;Frankfurt am Main;1961;1989;43218-0;;Buchwissenschaft, Buchhandel
1472;Insel Verlag;Insel Verlag Berlin;Berlin;XX.01.2010;;16088280-1;"http://www.insel-verlag.de; https://www.suhrkamp.de/verlage/insel-verlag-s-22; http://www.suhrkamp.de/kontakt_34.html";"Einzelne Branchen der Industrie und des Handwerks; Buchwissenschaft, Buchhandel"
1473;Institut für Digitale Ethik;Institut für Digitale Ethik;Stuttgart;;;1122376200;http://www.digitale-ethik.de/;
1474;Institut für deutsche Sprache und Literatur I, Universität zu Köln;Universität zu Köln. Institut für Deutsche Sprache und Literatur I;Köln;;;1286271916;https://idsl1.phil-fak.uni-koeln.de;
1475;Interforum e.V.;Interforum e.V.;Cottbus;;;5550897-2;http://interforumev.com;
1476;Internationale Buchverlage;;;;;;;
1477;Internationaler Literatur- und Lyrik-Verlag;Internationaler Literatur und Lyrik Verlag;Wien;;;1064296858;;Buchwissenschaft, Buchhandel
1478;Internet-Buchverl.;Internet-Buchverlag;Berlin;2008;;1065035594;http://www.internet-buchverlag.de;Buchwissenschaft, Buchhandel
1479;Ioma-Verl.;Ioma Verlag;Wien;;;1064912869;http://rudimenteloma2011.jimdo.com;Buchwissenschaft, Buchhandel
1480;Irisiana;Irisiana;München;;;1065503822;http://www.randomhouse.de;Buchwissenschaft, Buchhandel
1481;Isensee Verlag;Isensee-Verlag;Oldenburg (Oldenburg);1892;1993;10030954-9;;Einzelne Branchen der Industrie und des Handwerks
1482;Iskopress;iskopress Verlags GmbH;;20.10.1975;;106543667X;http://www.iskopress.de;Buchwissenschaft, Buchhandel
1483;Iudicium;Iudicium Verlag GmbH;München;25.11.1983;;1065436335;https://www.iudicium.de;Buchwissenschaft, Buchhandel
1484;Izdatelstvo Vesi;;;;;;;
1485;J. Flume;;;;;;;
1486;J. Kissel;;;;;;;
1487;J. Münch;;;;;;;
1488;J.F. Hagenlocher Verlag;;;;;;;
1489;J.H. Röll;Verlag J.H. Röll;Dettelbach;1989;;1064797792;https://roell-verlag.de;Buchwissenschaft, Buchhandel
1490;J.S. Klotz Verlagshaus;J.S. Klotz Verlagshaus;Neulingen (Enzkreis);2015;;1270535196;https://www.klotz-verlagshaus.de/;
1491;JFF;;;;;;;
1492;JKH-Verlag;;;;;;;
1493;JOJO;Jojo;;;;10286191-2;;Musik (Allgemeines), Musikgeschichte
1494;JRP Ringier;JRP Ringier Kunstverlag AG;Zürich;2004;2018;106480084X;http://www.jrp-ringier.com;Buchwissenschaft, Buchhandel
1495;JUDITH DESIGN VERLAG;;;;;;;
1496;JUHR Verlag;;;;;;;
1497;JVA Hannover;Justizvollzugsanstalt (Hannover);Hannover;;;2003221-3;;
1498;JWV Wiemann;;;;;;;
1499;Jacoby & Stuart;Verlagshaus Jacoby & Stuart;Berlin;11.03.2008;;16088031-2;https://www.jacobystuart.de/;"Einzelne Branchen der Industrie und des Handwerks; Buchwissenschaft, Buchhandel"
1500;Jagd- und Kulturverl.;Jagd- und Kulturverlag;;;;1065021828;http://www.jagdbuecher.de;Buchwissenschaft, Buchhandel
1501;Jahreszeiten Verlag GmbH;Jahreszeiten-Verlag;Hamburg;1950;;2121506-6;https://jalag.de/;Buchwissenschaft, Buchhandel
1502;Jaja Verlag;Jaja Verlag;Berlin;2011;;1064300804;https://www.jajaverlag.com;Buchwissenschaft, Buchhandel
1503;Jaja-Verl.;Jaja Verlag;Berlin;2011;;1064300804;https://www.jajaverlag.com;Buchwissenschaft, Buchhandel
1504;Jan Deichmohle c/o AutorenServices.de;;;;;;;
1505;Janson;;;;;;;
1506;Jaron Verlag;Jaron Verlag;Berlin;13.06.1996;;1065428553;https://www.jaron-verlag.de/;Buchwissenschaft, Buchhandel
1507;Jean Verlag;Jean Verlag;;;;1067132538;;Buchwissenschaft, Buchhandel
1508;Jeetzelbuch;;;;;;;
1509;Jens Quedens Verlag;;;;;;;
1510;Jerkov Verlag;;;;;;;
1511;Jerry Media;Jerry Media;Zollikon;2008;;1065962193;;Buchwissenschaft, Buchhandel
1512;Jes Schön  c/o WirFinden.Es Naß und Hellie GbR;;;;;;;
1513;Jes Schön c/o WirFinden.Es Naß und Hellie GbR;;;;;;;
1514;Jo-Strauß-Ed.;;;;;;;
1515;Joanmartin Literaturverlag;Joan-Martin-Literaturverlag;Berlin;;;1065496524;http://www.joanmartin.de;Buchwissenschaft, Buchhandel
1516;Johannis;Johannis;Holzgerlingen;;;1065717636;;Buchwissenschaft, Buchhandel
1517;Jokers;Great Jokers;;1993;;10362835-6;http://www.great-jokers.de;Musik (Allgemeines), Musikgeschichte
1518;Jos-Fritz-Verl.;Buchhandlung Jos Fritz (Freiburg im Breisgau);Freiburg im Breisgau;1975;;5045471-7;http://www.josfritz.de;Buchwissenschaft, Buchhandel
1519;Joy Edition;JOY EDITION;Heimsheim;;;1065500629;;Buchwissenschaft, Buchhandel
1520;JuLl – Junges Literaturlabor;Junges Literaturlabor;Zürich;;;1126646512;;
1521;Jud;JUD;;;;10314250-2;http://www.judtv.com;Musik (Allgemeines), Musikgeschichte
1522;Jumbo;Jumbo;;;;10276333-1;;Musik (Allgemeines), Musikgeschichte
1523;Junfermann;Junfermann Verlag;Paderborn;;;1065435851;http://www.junfermann.de;Buchwissenschaft, Buchhandel
1524;Jung und Jung;Jung und Jung;Salzburg;01.11.2000;;7753670-8;https://jungundjung.at/;Buchwissenschaft, Buchhandel
1525;Junges Literaturforum Hessen-Thüringen;Junges Literaturforum Hessen-Thüringen;;1991;;5162321-3;;Literarisches Leben
1526;Juno Editions;;;;;;;
1527;Juppus Bücher;;;;;;;
1528;JustTales Verlag;;;;;;;
1529;Justinus-Kerner-Verein und Frauenverein;Justinus-Kerner-Verein und Frauenverein;Weinsberg;;;301098-3;;"Gruppe, Organisationssoziologie, Interaktion; Literarisches Leben"
1530;Justus von Liebig Verlag;Justus-von-Liebig-Verlag;Darmstadt;1945;;1065433093;https://liebig-verlag.de;Buchwissenschaft, Buchhandel
1531;Jürgen Höller Academy;Jürgen Höller Academy KG;Schweinfurt;;;1065365721;http://www.juergenhoeller.com;Buchwissenschaft, Buchhandel
1532;K & S;;;;;;;
1533;K & W;;;;;;;
1534;KBV Verlag;KBV Klein & Blechinger Verlag GmbH;;31.03.1989;;106542857X;;Buchwissenschaft, Buchhandel
1535;KCM-Verl.;;;;;;;
1536;KEHI-Verl.;;;;;;;
1537;KJM Buchverlag;;;;;;;
1538;KKF Buchecke;KKF Buchecke;Duisburg;;;1067146334;http://www.kkfbuchecke.de;Buchwissenschaft, Buchhandel
1539;KLAK;KLAK Verlag;Berlin;2012;;1067151842;http://www.klak-verlag.de;Buchwissenschaft, Buchhandel
1540;KSB-Media GmbH;KSB-Media GmbH;;01.01.2009;;1067140026;http://www.ksb-media.de;Buchwissenschaft, Buchhandel
1541;KUNSTUNDWERK - Sachbuchverlag;;;;;;;
1542;KUNTS e.V.;Kunts e.V.;Köln;;;1266359281;;
1543;KUUUK-Verl.;KUUUK Verlag und Medien;Königswinter;01.06.2006;;1064196918;http://www.kuuuk.com;Buchwissenschaft, Buchhandel
1544;KVHS;;;;;;;
1545;KW Thörmer;;;;;;;
1546;KaMeRu Verlag;KaMeRu Verlag;Zürich;2000;;1065421109;http://www.kameru.ch;Buchwissenschaft, Buchhandel
1547;Kaden;Kaden + Kaden Holzgestaltung;Neuhausen/Erzgeb.;2014;;1068583851;;
1548;Kadera Verlag;Kadera-Verlag;Norderstedt;08.06.2010;;1065865228;http://kadera-verlag.de;Buchwissenschaft, Buchhandel
1549;Kaisermühlenverlag;;;;;;;
1550;Kalt Medien AG;Kalt Medien AG;Zug;;;1064207456;https://www.kalt.ch;Buchwissenschaft, Buchhandel
1551;Kalt-Zehnder;Kalt-Zehnder-Druck (Zug);Zug;;;2132055-X;;Einzelne Branchen der Industrie und des Handwerks
1552;Kaltenmeier;H. Kaltenmeier Söhne (Krefeld-Hüls);Hüls (Krefeld);;;1073080307;;
1553;Kampa Verlag;Kampa Verlag;Zürich;2018;;1164402587;https://kampaverlag.ch;Buchwissenschaft, Buchhandel
1554;Kampenwand Verlag;;;;;;;
1555;Kannemann;Kannemann & Miko;Hamburg;2011;;1047736241;http://www.kannemann-musik.de/;Musik (Allgemeines), Musikgeschichte
1556;Karin Fischer Verlag;Karin-Fischer-Verlag;Aachen;01.01.1992;;10067341-7;https://www.karin-fischer-verlag.de/verlag;"Einzelne Branchen der Industrie und des Handwerks; Buchwissenschaft, Buchhandel"
1557;Karina Verlag;Karina-Verlag;Wien;;;1065870868;https://www.karinaverlag.at;Buchwissenschaft, Buchhandel
1558;Karjas-Verl.;Karjas Verlag GmbH;Leer (Ostfriesland);01.02.2004;;1065975643;http://www.psychotherapie-hp-kompakt.de;Buchwissenschaft, Buchhandel
1559;Karl-Lappe Verlag;Karl-Lappe Verlag;;;;1065978049;http://www.karl-lappe-verlag.de;Buchwissenschaft, Buchhandel
1560;Karl-May-Bücherei;;;;;;;
1561;Karl-May-Verlag;Karl-May-Verlag;"Bamberg; Radebeul";01.07.1913;;2051382-3;http://www.karl-may.de;Buchwissenschaft, Buchhandel
1562;Karolinger;Karolinger Verlag;Wien;;;1065532938;;Buchwissenschaft, Buchhandel
1563;Kassandra-Verl.;Kassandra Verlag;;;;1065662572;;Buchwissenschaft, Buchhandel
1564;Kastel, Theodor;Theodor Kastel (Firma);Berlin;;;1066111227;http://www.verlag-theokastel.de;Buchwissenschaft, Buchhandel
1565;Kastner;Kastner AG;Wolnzach;;;1257720414;https://kastner.de/;
1566;Kater Literaturverlag;;;;;;;
1567;Kath. Akad.;;;;;;;
1568;Katharina-Verl.;Katharina-Verlag-Ingelheim;Ingelheim am Rhein;;;1065131879;;Buchwissenschaft, Buchhandel
1569;Kaufmann Verlag;Verlag Ernst Kaufmann;Lahr/Schwarzwald;1946;;1064784631;https://www.kaufmann-verlag.de/de-kaufmann/;Buchwissenschaft, Buchhandel
1570;Kava-Pech;;;;;;;
1571;Kawe8;kawe8 Verlag e.K.;;03.02.2005;;1064294480;http://www.kawe8.de;Buchwissenschaft, Buchhandel
1572;Kawohl Verlag;Kawohl Verlag;Wesel;04.04.1970;;1064784054;http://www.kawohl.de;Buchwissenschaft, Buchhandel
1573;Kein & Aber;Kein & Aber AG;"Königstein im Taunus; Zürich";1997;;10074402-3;https://www.keinundaber.ch/;"Buchwissenschaft, Buchhandel; Einzelne Branchen der Industrie und des Handwerks"
1574;Kein & Aber AG;Kein & Aber AG;"Königstein im Taunus; Zürich";1997;;10074402-3;https://www.keinundaber.ch/;"Buchwissenschaft, Buchhandel; Einzelne Branchen der Industrie und des Handwerks"
1575;Kein und Aber;Kein & Aber AG;"Königstein im Taunus; Zürich";1997;;10074402-3;https://www.keinundaber.ch/;"Buchwissenschaft, Buchhandel; Einzelne Branchen der Industrie und des Handwerks"
1576;Kelebek Verlag;;;;;;;
1577;Kelkel Verlag;Kelkel Verlag;;;;1064799442;http://www.kelkel-verlag.de;Buchwissenschaft, Buchhandel
1578;Kellner Verlag;Klaus Kellner Verlag e.K.;Bremen;15.04.1988;;1065867123;http://www.kellner-verlag.de;Buchwissenschaft, Buchhandel
1579;Kelm;Friedrich Kelm (Firma);Troisdorf;;;1065424906;;Buchwissenschaft, Buchhandel
1580;Kempen, Sarah M.;;;;;;;
1581;Kern;;;;;;;
1582;Ketteler;;;;;;;
1583;Khorshid-Verl.;Khorshid Verlag Dr. phil Karin Afshar e.Kfm.;Frankfurt am Main;03.03.2003;;1064923453;http://www.khorshid-verlag.de;Buchwissenschaft, Buchhandel
1584;Kid Verlag;Kid Verlag;Bonn;06.05.1991;;5076581-4;;Buchwissenschaft, Buchhandel
1585;Kidemus;KIDEMUS GmbH;Köln;;;1065701977;;Buchwissenschaft, Buchhandel
1586;Kidnap Music;;;;;;;
1587;Kiepenheuer & Witsch;Verlag Kiepenheuer & Witsch;"Köln; Hagen";1949;;2025675-9;https://www.kiwi-verlag.de/;Buchwissenschaft, Buchhandel
1588;Killroy Media;KILLROY media;;1995;;1065527896;http://www.killroy-media.de;Buchwissenschaft, Buchhandel
1589;Kindermund Verlag;Kindermund Verlag;Karlsruhe;;;1064292046;http://www.kindermund.de;Buchwissenschaft, Buchhandel
1590;Kinzel;Manuela Kinzel Verlag;"Göppingen; Dessau-Roßlau";23.12.1998;;1037971035;https://www.manuela-kinzel-verlag.de/;Buchwissenschaft, Buchhandel
1591;Kinzelbach;Verlag Donata Kinzelbach;Mainz;1987;;1065227043;http://www.kinzelbach-verlag.de;Buchwissenschaft, Buchhandel
1592;Kirchschlager;Verlag Kirchschlager;Arnstadt;;;7667656-0;;Buchwissenschaft, Buchhandel
1593;Kitab;Verlag KITAB;;;;1065218192;http://www.kitab-verlag.com;Buchwissenschaft, Buchhandel
1594;Klarant Verlag;Klarant UG;Bremen;;;1064132944;;Buchwissenschaft, Buchhandel
1595;Klartext;Klartext Verlag;Essen;1983;;7763337-4;https://klartext-verlag.de/;Buchwissenschaft, Buchhandel
1596;Klatschmohn-Verl.;Klatschmohn-Verlag (Bentwisch);Bentwisch;;;10029379-7;;Einzelne Branchen der Industrie und des Handwerks
1597;Klaudia Zotzmann-Koch c/o Bianca Kronsteine, impressumservice.net;;;;;;;
1598;Klaus Becker Verlag;Klaus Becker Verlag;Potsdam;2008;;106543846X;https://klaus-becker-verlag.de;Buchwissenschaft, Buchhandel
1599;Klecks Verlag;KLECKS-VERLAG;Flörsbachtal;;;1065365934;http://www.klecks-verlag.de;Buchwissenschaft, Buchhandel
1600;Klemm + Oelschläger;Klemm+Oelschläger;"Ulm; Münster (Westf)";;;1111812489;;
1601;Klett-Cotta;Klett-Cotta Verlag;Stuttgart;1992;;5174645-1;http://www.klett-cotta.de;Buchwissenschaft, Buchhandel
1602;Klever Verlag;Klever Verlag;Wien;;;1065028857;https://klever-verlag.com/;Buchwissenschaft, Buchhandel
1603;Klever-Verl.;Klever Verlag;Wien;;;1065028857;https://klever-verlag.com/;Buchwissenschaft, Buchhandel
1604;Klimpke;Jürgen Klimpke (Firma);Schleiz;XX.05.1990;;106406082X;http://www.schleizer-heimathefte.de;Buchwissenschaft, Buchhandel
1605;Kloft;Christoph Kloft (Firma);;;;1064739628;http://www.christoph-kloft.de;Buchwissenschaft, Buchhandel
1606;"Klub Ljubitelja Knjiga ""Majdan""";;;;;;;
1607;"Klub Ljubitelja Knjige ""Majdan""";;;;;;;
1608;Klöpfer;Roland Klöpfer GmbH (Ottersweier);Ottersweier;;;10146430-7;;Einzelne Branchen der Industrie und des Handwerks
1609;Klöpfer & Meyer;Klöpfer & Meyer;;;;1065564023;;Buchwissenschaft, Buchhandel
1610;Knapp;Knapp Verlag;Olten;;;1065103646;http://www.verlag-textwerkstatt.ch;Buchwissenschaft, Buchhandel
1611;Knaur Verlag;Knaur Taschenbuch;München;;;1065859686;;Buchwissenschaft, Buchhandel
1612;Knaus;Knaus;München;;;1065503520;http://www.randomhouse.de;Buchwissenschaft, Buchhandel
1613;Kniphof-Verl.;;;;;;;
1614;Knürr;;;;;;;
1615;Kobold Books;;;;;;;
1616;Koehler;;;;;;;
1617;Koha;KOHA-Verlag GmbH;;11.01.1999;;1065138636;http://www.koha-verlag.de;Buchwissenschaft, Buchhandel
1618;Koinonia-Oriens e.V.;Patristisches Zentrum Koinonia-Oriens e.V.;"Schernfeld; Köln";;;1066137161;https://www.ku.de/thf/theologie-des-christlichen-ostens/patristisches-zentrum;Buchwissenschaft, Buchhandel
1619;Kolchis Belletristik;;;;;;;
1620;Kolme-K-Verl.;kolme k-Verlag;Gifhorn;1981;;106473796X;http://www.kolme-k-verlag.de;Buchwissenschaft, Buchhandel
1621;KommPlot, Autorinnengruppe;KommPlot;;;;1329360443;https://kommplot.com/;
1622;Kommode Verlag;Kommode Verlag;Zürich;;;106521961X;https://www.kommode-verlag.ch;Buchwissenschaft, Buchhandel
1623;Kommunal- und Schul-Verl.;Kommunal- und Schul-Verlag;Wiesbaden;15.11.1949;;104628200X;http://www.kommunalpraxis.de;Buchwissenschaft, Buchhandel
1624;Komplett-Media;Komplett-Media GmbH;München;;;1294769960;https://www.komplett-media.de/;
1625;Konserve Verlag;Konserve-Verlag (Leipzig);Leipzig;;;16060850-8;http://konserve-verlag.de;
1626;Kontrasp;;;;;;;
1627;Kontrast Verlag;KONTRAST-VERLAG;;01.12.2000;;1066134030;http://www.kontrast-verlag.com;Buchwissenschaft, Buchhandel
1628;Kontrast-Verl.;KONTRAST-VERLAG;;01.12.2000;;1066134030;http://www.kontrast-verlag.com;Buchwissenschaft, Buchhandel
1629;Konzepta, Agentur und Werbemittel;Konzepta - Agentur und Werbemittel GmbH;Prenzlau;;;1064301495;http://www.konzepta-gmbh.com;Buchwissenschaft, Buchhandel
1630;Kooperative Dürnau;Verlag der Kooperative Dürnau;Dürnau (Landkreis Biberach);29.01.1982;;1064206824;http://www.kooperative.de;Buchwissenschaft, Buchhandel
1631;Kopf & Kragen;;;;;;;
1632;KopfKino-Verl.;KopfKino-Verlag;Hilden;;;1065975155;http://www.meinkopfkino.de;Buchwissenschaft, Buchhandel
1633;KopfKino-Verlag;KopfKino-Verlag;Hilden;;;1065975155;http://www.meinkopfkino.de;Buchwissenschaft, Buchhandel
1634;Korbinian Verlag;Korbinian Verlag;Berlin;2015;;1246092794;https://korbinian-verlag.de/;
1635;Kosmos;Kosmos Verlag;Stuttgart;1997;;5308301-5;https://www.kosmos.de/;"Buchwissenschaft, Buchhandel; Einzelne Branchen der Industrie und des Handwerks"
1636;Kovar, R;;;;;;;
1637;Krachkultur Verlag;Krachkultur;München;;;106552529X;http://www.krachkultur.de;Buchwissenschaft, Buchhandel
1638;Kral Verlag;Kral Ges.m.b.H.;Berndorf;2003;;1065368631;https://www.kral-verlag.at;Buchwissenschaft, Buchhandel
1639;Kranich-Verl.;Kranich-Verlag (Zollikon);Zollikon;1958;;10357812-2;https://www.kranichverlag.com/;"Einzelne Branchen der Industrie und des Handwerks; Buchwissenschaft, Buchhandel"
1640;Kratzke, Verl. für Kunst- und Kulturgeschichte;;;;;;;
1641;Krauß;Krauß Verlag;Freisbach;;;1174850817;;
1642;Kreativ-Verlag;;;;;;;
1643;Kreativrat der Schreibwerkstatt Feldkirch;;;;;;;
1644;Krebs;;;;;;;
1645;Kreisausschuss Odenwaldkreis, Kreisausschuss;Odenwaldkreis. Der Kreisausschuß;;;;106810435X;;Buchwissenschaft, Buchhandel
1646;Kremayr & Scheriau;Verlag Kremayr & Scheriau;Wien;1951;;1065538138;https://www.kremayr-scheriau.at;Buchwissenschaft, Buchhandel
1647;Kremser Literaturforum;;;;;;;
1648;Kreuz;;;;;;;
1649;Kruse;;;;;;;
1650;Krüger;FISCHER Krüger;Frankfurt am Main;10.03.1976;;106509955X;;Buchwissenschaft, Buchhandel
1651;Kuckuck & Straps im Lichtung-Verl.;Kuckuck & Straps;Viechtach;;;1065425961;http://www.lichtung-verlag.de;Buchwissenschaft, Buchhandel
1652;Kulmbacher Literaturverein;Kulmbacher Literaturverein;Kulmbach;1987;;10345561-9;;"Gruppe, Organisationssoziologie, Interaktion; Literarisches Leben; Buchwissenschaft, Buchhandel"
1653;Kulturbuchverlag;Kulturbuchverlag Herausgeber;Riedtwil;2002;;1203556659;https://www.herausgeber.ch;
1654;Kulturbuchverlag Herausgeber;Kulturbuchverlag Herausgeber;Riedtwil;2002;;1203556659;https://www.herausgeber.ch;
1655;Kulturland Niederösterreich;;;;;;;
1656;Kulturleben Marktgemeinde Grassau;;;;;;;
1657;Kulturmaschinen Verlag;Kulturmaschinen e.K.;Ochsenfurt;2007;;1065489013;http://www.kulturmaschinen.de;Buchwissenschaft, Buchhandel
1658;Kulturstammtisch;Kulturstammtisch Kirchstetten;Kirchstetten (Neulengbach);1991;;10107312-4;http://kulturstammtisch.at;Kultur, Künste allgemein
1659;Kulturverein Möhnsee e.V.;;;;;;;
1660;Kulturverein Schloss Homburg am Main e.V.;Kulturverein Schloss Homburg am Main;Triefenstein- Homburg a. Main;2011;;1183022506;;Kultur, Künste allgemein
1661;Kulturverl. Kadmos;Kulturverlag Kadmos Berlin;Berlin;01.11.1995;;1064927831;https://www.kulturverlag-kadmos.de/;Buchwissenschaft, Buchhandel
1662;Kulturverlag Kadmos;Kulturverlag Kadmos Berlin;Berlin;01.11.1995;;1064927831;https://www.kulturverlag-kadmos.de/;Buchwissenschaft, Buchhandel
1663;Kulturzone e.V.;;;;;;;
1664;Kunst und Alltag;Verlag Kunst und Alltag;"München; Wolfratshausen";05.06.1977;;1064209130;;Buchwissenschaft, Buchhandel
1665;Kunst- und Textwerk-Verl.;;;;;;;
1666;KunstSinn-Verlag;;;;;;;
1667;Kunstanstifter-Verl.;Kunstanstifter Verlag e.Kfr.;Mannheim;21.11.2006;;1065095562;http://www.kunstanstifter.de;Buchwissenschaft, Buchhandel
1668;Kunstforum Salzkammergut;;;;;;;
1669;Kunsthaus-Verl.;KUNSTHAUS - VERLAG;;;;1064346901;http://www.kunsthaus-verlag.de;Buchwissenschaft, Buchhandel
1670;Kunsthochschule für Medien Köln;Kunsthochschule für Medien Köln;Köln;15.10.1990;;2128885-9;https://www.khm.de/home/;"Neue Formen der Kunst; Hochschule"
1671;Kunstmann Verlag;Verlag Antje Kunstmann;München;1990;;1024481190;http://www.kunstmann.de/;Buchwissenschaft, Buchhandel
1672;Kunstverl. Fink;Kunstverlag Josef Fink;Lindenberg i. Allgäu;01.01.1996;;4636939-9;https://kunstverlag-fink.de/;"Buchwissenschaft, Buchhandel; Bildende Kunst"
1673;Kunze;;;;;;;
1674;Kuqi-Institut für Sprachwissenschaft, Adrian Kuqi;;;;;;;
1675;Kurierverlags GmbH & Co. KG;Kurierverlags GmbH & Co. KG;Neubrandenburg;;;1034585185;http://www.nordkurier.de/cmlink/nordkurier/das-unternehmen/impressum-www.nordkurier.de-1.341123;
1676;Kurznachzehn Verlag;;;;;;;
1677;Kuschelgang;Kuschelgang (Körperschaft);Düren;;;1335334300;http://www.kuschelgang.de/;
1678;Kwalae Verlag;;;;;;;
1679;Kynos-Verl.;Kynos Verlag Dr. Dieter Fleig;Nerdlen;01.01.1980;;1065489137;http://www.kynos-verlag.de;Buchwissenschaft, Buchhandel
1680;Kyrene;Kyrene Verlag;"Wien; Innsbruck";2003;;1065142153;http://www.kyrene-verlag.com;Buchwissenschaft, Buchhandel
1681;Königshausen & Neumann;Verlag Königshausen & Neumann;Würzburg;11.01.1979;;4778714-4;https://www.verlag-koenigshausen-neumann.de/;Buchwissenschaft, Buchhandel
1682;Kösel;Kösel-Verlag;München;;;30068-8;http://www.koesel.de;"Buchwissenschaft, Buchhandel; Einzelne Branchen der Industrie und des Handwerks"
1683;Köthe;Miriam Köthe (Firma);Kiel;;;1064057381;http://www.koethe-verlag.de;Buchwissenschaft, Buchhandel
1684;Külzer-Schröder;Hans-Christoph Külzer-Schröder (Firma);;2004;;1065027575;http://www.ibsolutions.de;Buchwissenschaft, Buchhandel
1685;Künstler-Gilde e.V.;Are-Künstler-Gilde;;1947;;5129815-6;http://www.are-gilde.de;Bildende Kunst
1686;Künstlernische-Verl. Singer;Verlag künstlernische;München;12.07.2006;;1064196047;http://www.kuenstlernische.de;Buchwissenschaft, Buchhandel
1687;Kürbis;edition kürbis;;1989;;1065525435;http://www.kuerbis.at;Buchwissenschaft, Buchhandel
1688;L & L Verlag;;;;;;;
1689;L.S.D.;;;;;;;
1690;L100 Verlag;;;;;;;
1691;LAHA-Dr.;;;;;;;
1692;LAUNENWEBER;;;;;;;
1693;LCERC;;;;;;;
1694;LEU;;;;;;;
1695;LHDL Self Publ.;;;;;;;
1696;LIBRAS Shqipe Sylejmani;;;;;;;
1697;LIJEPA RIJEČ;;;;;;;
1698;LINCOM GmbH;LINCOM Europa (München);München;;;5300573-9;http://www.lincom.at;"Einzelne Branchen der Industrie und des Handwerks; Buchwissenschaft, Buchhandel"
1699;LIWI Literatur- und Wissenschaftsverlag;LIWI Literatur- und Wissenschaftsverlag Thomas Löding;Göttingen;2018;;1287082785;https://liwi-verlag.de/;
1700;LOTUS PRESS;LOTUS-PRESS;Lohne (Oldenburg);;;1065530765;http://www.lotus-press.com;Buchwissenschaft, Buchhandel
1701;LV-Buch;;;;;;;
1702;LVZ;LVZ-Bäckerei;Zürich;1906;;1087123755;;
1703;Labonde;Heiner Labonde (Firma);Grevenbroich;;;1064740820;http://www.labonde-verlag.de;Buchwissenschaft, Buchhandel
1704;Lach;Otto Lach Verlagsanstalt;Hannover;;;1065171943;;Buchwissenschaft, Buchhandel
1705;Lago Imago;;;;;;;
1706;Lagrev;Lagrev Verlag;München;;;1213250978;;
1707;Lahn Verlag;Lahn-Verlag;Limburg a. d. Lahn;1945;;1026939429;;Buchwissenschaft, Buchhandel
1708;Lamago-Verl.;Lamago Verlag e.K. Inh. Barbara Landes;München;;;1064927610;;Buchwissenschaft, Buchhandel
1709;Lamuv;Lamuv-Verlag (Göttingen);Göttingen;13.06.1988;;1026952034;;Buchwissenschaft, Buchhandel
1710;Landbeck;Dr. Hanne Landbeck (Firma);Berlin;;;1065026633;http://www.landbeck-verlag.de;Buchwissenschaft, Buchhandel
1711;Landenberg;Landenberg-Druck AG;Sarnen;;;1065436769;http://www.landenberg-druck.ch;Buchwissenschaft, Buchhandel
1712;Landeshauptstadt Klagenfurt;Handelsgenossenschaft der Landeshauptstadt Klagenfurt;Klagenfurt;1929;1935;1328543854;;
1713;Landhausverl.;Landhausverlag;"Jena; Berlin; Bad Blankenburg";1916;1928;1051984475;http://www.editionlandhaus.de;Buchwissenschaft, Buchhandel
1714;Landhege-Verl.;Landhege Verlag;;;;1065715110;http://www.landhege-verlag.de;Buchwissenschaft, Buchhandel
1715;Landkreis Barnim;Landkreis Barnim. Kreistag;;;;1095553461;;
1716;Landtwing;Landtwing Verlag;Allenwinden;;;1064063586;https://www.landtwingverlag.ch/;Buchwissenschaft, Buchhandel
1717;Landverlag;Landverlag;Langnau im Emmental;2007;;1055961224;"https://landverlag.ch/; http://www.landverlag.ch";Buchwissenschaft, Buchhandel
1718;Langen Müller;Albert-Langen-Georg-Müller-Verlag;"Berlin; München";1932;;2003805-7;https://www.langenmueller.de/de/content/Footer/%C3%9Cber-den-Verlag;Buchwissenschaft, Buchhandel
1719;Langenscheidt;Langenscheidt KG;"Berlin (West); Berlin; München";1951;2013;4074003-1;;Buchwissenschaft, Buchhandel
1720;Langlhofer;Langlhofer Verlag;Dessau-Roßlau;;;1065132921;http://www.langlhoferverlag.de;Buchwissenschaft, Buchhandel
1721;Language Practice Publishing;;;;;;;
1722;Lappan;Lappan-Verlag;Oldenburg (Oldenburg);01.09.1983;;4465034-6;http://www.lappan.de;Buchwissenschaft, Buchhandel
1723;Lardon Media;;;;;;;
1724;Larimar Verlag;Larimar-Verlag;Hockenheim;;;106597048X;http://www.wolkengeschichten.de;Buchwissenschaft, Buchhandel
1725;Latos Verlag;Latos Verlag;Calbe (Saale);;;1065792980;http://www.latos-verlag.de;Buchwissenschaft, Buchhandel
1726;Laudatio-Verl.;Laudatio-Verlag;Frankfurt am Main;;;1065500807;http://www.laudatio-verlag.de;Buchwissenschaft, Buchhandel
1727;Lauerskreuzer Sommertage;Lauerskreuzer Sommertage;;;;1064327052;;Buchwissenschaft, Buchhandel
1728;Laufen;Papiermühle Laufen (Laufen, Eyach);Laufen an der Eyach;1744;;1037989902;;"Einzelne Branchen der Industrie und des Handwerks; Papierherstellung, Grafische Technik"
1729;Laugwitz Verlag;;;;;;;
1730;Lauinger Verlag;;;;;;;
1731;Laumann Verlag;Laumann Druck und Verlag;Dülmen;1987;;1065363478;;Buchwissenschaft, Buchhandel
1732;Laurence King Verlag;;;;;;;
1733;Lauterblätter-Verl.;Lauterblätter Verlag;;XX.02.2006;;1065703252;http://www.lauterblaetter.de;Buchwissenschaft, Buchhandel
1734;Lava;Lava;;;;10320103-8;;Musik (Allgemeines), Musikgeschichte
1735;Lavori;Lavori Verlag;Freiburg im Breisgau;1999;;1046554433;http://lavori-verlag.de;
1736;Laßleben;Laßleben;;;;5324599-4;;
1737;Lebensgeschenke-Verl.;Lebensgeschenke-Verlag;Graz;;;1065110278;http://www.lebensgeschenke-verlag.com;Buchwissenschaft, Buchhandel
1738;Lebenshilfe Bremen e.V.;Lebenshilfe Bremen;Bremen;1960;;1027593372;https://www.lebenshilfe-bremen.de;Sozialarbeit, Sozialhilfe
1739;Lebenskind Publishing;;;;;;;
1740;Lebensweichen-Verl.;Lebensweichen-Verlag e.K.;Lennestadt;;;1065366337;http://www.lebensweichen-verlag.de;Buchwissenschaft, Buchhandel
1741;Leffotraks Labyrinthe;;;;;;;
1742;Legionarion;;;;;;;
1743;Lehmstedt;Lehmstedt Verlag;Leipzig;03.03.2003;;10081426-8;;Einzelne Branchen der Industrie und des Handwerks
1744;Lehmweg Verlag;Lehmweg Verlag GmbH;Hamburg;02.09.2011;;1065162227;;Buchwissenschaft, Buchhandel
1745;Lehnert Verlag;Ehrenhof-Verlag;Ludwigshafen am Rhein;;;1065705972;;Buchwissenschaft, Buchhandel
1746;Lehr, Jennifer;;;;;;;
1747;Leim;;;;;;;
1748;Leinbergland-Verl.;;;;;;;
1749;Leinpfad Verlag;Leinpfad Verlag;Ingelheim am Rhein;1997;;1064788033;http://www.leinpfad-verlag.de;Buchwissenschaft, Buchhandel
1750;Leipziger Literaturverlag;Leipziger Literaturverlag;Leipzig;;;1065648065;http://www.l-lv.de;Buchwissenschaft, Buchhandel
1751;Leipziger Univ.-Verl.;Leipziger Universitätsverlag;Leipzig;01.01.1992;;1064741770;http://www.univerlag-leipzig.de;Buchwissenschaft, Buchhandel
1752;Leipziger Universitätsverlag;Leipziger Universitätsverlag;Leipzig;01.01.1992;;1064741770;http://www.univerlag-leipzig.de;Buchwissenschaft, Buchhandel
1753;Lektora Verlag;Lektora GmbH;Paderborn;2003;;1064782612;http://www.lektora.de;"Literaturgattung; Literarisches Leben; Buchwissenschaft, Buchhandel"
1754;Lemming-Verl.;;;;;;;
1755;Lennestrand. Verlag für Südwestfalen;;;;;;;
1756;Lenos Verlag;Lenos Verlag;Basel;1978;;1027094872;https://lenos.ch/ueber-uns/verlagsgeschichte;Buchwissenschaft, Buchhandel
1757;Lentner;;;;;;;
1758;Leonhard-Thurneysser-Verlag;Leonhard-Thurneysser-Verlag;Berlin;;;106492218X;http://www.thurneysser-verlag.de;Buchwissenschaft, Buchhandel
1759;Leonidas;LEONIDAS - Bücher wie du und ich;Frankfurt am Main;;;1064735428;http://www.laudatio-verlag.de;Buchwissenschaft, Buchhandel
1760;Lerato-Verl.;LERATO-VERLAG;;;;1064194583;http://www.lerato-verlag.de;Buchwissenschaft, Buchhandel
1761;Lermann;Dr. Gisela Lermann (Firma);Mainz;12.04.1988;;1065098561;http://www.lermann-verlag.de;Buchwissenschaft, Buchhandel
1762;Lese-Zeichen e.V.;Lese-Zeichen e.V.;Jena;1998;;10078033-7;http://www.lesezeichen-ev.de;
1763;Leseratten Verlag;Leseratten Verlag;Backnang;;;1067141294;http://www.leserattenverlag.de;Buchwissenschaft, Buchhandel
1764;Leseratten-Verl.;Leseratten Verlag;Backnang;;;1067141294;http://www.leserattenverlag.de;Buchwissenschaft, Buchhandel
1765;Lesereich-Verlag;Lesereich-Verlag;Bad Bibra;;;106402548X;;Buchwissenschaft, Buchhandel
1766;Lesewuth;;;;;;;
1767;Lesezeichen, Schreibzirkel;;;;;;;
1768;Letterotik;;;;;;;
1769;Lettre International Verlags-GmbH;Lettre International;Berlin;;;1064056040;http://www.lettre.de;Buchwissenschaft, Buchhandel
1770;Leuenhagen & Paris;Leuenhagen & Paris;Hannover;01.04.1949;;1065098588;;Buchwissenschaft, Buchhandel
1771;Levia Ortega c/o Papyrus Autoren-Club;;;;;;;
1772;Lexikus Verlag;Lexikus Verlag;;;;1065031599;http://www.lexikus.de;Buchwissenschaft, Buchhandel
1773;Leykam;Leykam-Buchverlag;Graz;1870;;2103032-7;https://www.leykamverlag.at/;"Buchwissenschaft, Buchhandel; Einzelne Branchen der Industrie und des Handwerks"
1774;LiDi EuropEdition;;;;;;;
1775;Libelle Verlag;Libelle Verlag;"Lengwil; Bottighofen";1991;;1064126278;http://www.libelle.ch;Buchwissenschaft, Buchhandel
1776;Libretto;Libretto Antiquariat;Langnau im Emmental (Region);1995;;1302770446;;
1777;Librikon Verlag;;;;;;;
1778;Liccaratur Verlag;Liccaratur-Verlag;Landsberg am Lech;;;1064059538;http://www.liccaratur-verlag.de;Buchwissenschaft, Buchhandel
1779;Lichtland;Edition Lichtland;Freyung;2009;;1065144237;https://lichtland.eu/die-edition-lichtland/;Buchwissenschaft, Buchhandel
1780;Lichtschlag Medien und Werbung;Lichtschlag Medien und Werbung KG;Grevenbroich;;;1065658095;;Buchwissenschaft, Buchhandel
1781;Lichtung Verlag;Lichtung Verlag GmbH;Viechtach;XX.01.1990;;7546996-0;http://www.kuckuckundstraps.de;Buchwissenschaft, Buchhandel
1782;Lichtungen – Verein für Literatur & Kunst;;;;;;;
1783;Lichtwanderer Verlag;;;;;;;
1784;Liebe;;;;;;;
1785;Liebhaber Verlag;;;;;;;
1786;Liebig;Liebig Verlagsgenossenschaft;Frauenfeld;;;1066117810;http://www.liebig.ch;Buchwissenschaft, Buchhandel
1787;Lilienfeld Verl.;Lilienfeld Verlag;Düsseldorf;24.07.2006;;103629451X;http://www.lilienfeld-verlag.de/;Buchwissenschaft, Buchhandel
1788;Liliom-Verl.;LILIOM Verlag;;18.01.1990;;1064929168;http://www.liliomverlag.de;Buchwissenschaft, Buchhandel
1789;Lilly M. Beck c/o Autorenglück.de;;;;;;;
1790;Limbus Verlag;Limbus Verlag;"Hohenems; Innsbruck";2005;;1065295723;http://www.limbusverlag.at;Buchwissenschaft, Buchhandel
1791;Limmat Verlag;Limmat Verlag;Zürich;1975;;2084293-4;https://www.limmatverlag.ch/;Buchwissenschaft, Buchhandel
1792;Lindemanns;;;;;;;
1793;Lindenstruth;Gerhard Lindenstruth (Firma);Gießen;;;1064789099;http://www.verlag-lindenstruth.de;Buchwissenschaft, Buchhandel
1794;Lindwurm Verlag;Lindwurm Verlag;;;;106516758X;http://www.lindwurm.hierdeis.de;Buchwissenschaft, Buchhandel
1795;Lippe Verlag;;;;;;;
1796;List Verlag;Paul-List-Verlag;"München; Leipzig";1894;;2017650-8;;Buchwissenschaft, Buchhandel
1797;Lit;Lit;;1990;;10317751-6;;Musik (Allgemeines), Musikgeschichte
1798;LitArt-World;;;;;;;
1799;Litac Verlag;;;;;;;
1800;Litera Eurasia;;;;;;;
1801;LiteraFreakPress;;;;;;;
1802;Literareon;;;;;;;
1803;Literaricum GmbH;;;;;;;
1804;Literarische Gesellschaft St. Pölten;Literarische Gesellschaft Sankt Pölten;Sankt Pölten;09.10.1985;;2138772-2;http://www.litges.at/;"Gruppe, Organisationssoziologie, Interaktion; Literarisches Leben"
1805;Literarischer Verlag Edition Contra-Bass UG;;;;;;;
1806;Literarisches Kolloquium Berlin;Literarisches Colloquium Berlin;Berlin;;;2132017-2;http://www.lcb.de;"Literarisches Leben; Buchwissenschaft, Buchhandel; Gruppe, Organisationssoziologie, Interaktion"
1807;Literates;literates-Verlag;;;;1064291562;http://www.literates-verlag.de;Buchwissenschaft, Buchhandel
1808;Literatones Verlag e.K.;;;;;;;
1809;Literatur Quickie;Literatur Quickie;Hamburg;;;1064347371;http://www.literatur-quickie.de;Buchwissenschaft, Buchhandel
1810;Literatur Verein e.V., Linzgau;Linzgau Literatur Verein;Frickingen-Leustetten;17.12.2012;;1046071629;http://www.lili-ve.com;
1811;Literatur der Zukunft;Literatur der Zukunft;;;;1067139087;;Buchwissenschaft, Buchhandel
1812;Literatur und Bildende Kunst Bad Salzdetfurth und Umgebung e.V.;Literatur und Bildende Kunst Bad Salzdetfurth und Umgebung e.V.;Bad Salzdetfurth;15.08.2013;;1065316208;http://libiku-badsalzdetfurth.de;
1813;Literatur-Planet;Literatur-Planet;;XX.08.2008;;1065971591;;Buchwissenschaft, Buchhandel
1814;LiteraturWissenschaft.de;;;;;;;
1815;Literaturca Verlag;Verlag Literaturca;Frankfurt am Main;;;1064063772;http://www.literaturca.de;Buchwissenschaft, Buchhandel
1816;Literaturedition Niederösterreich;Literaturedition Niederösterreich;"Sankt Pölten; Wien";1991;;1068109548;http://literaturedition-noe.at/;Buchwissenschaft, Buchhandel
1817;Literaturhaus  und  Museumsges.;;;;;;;
1818;Literaturhaus Berlin;Literaturhaus Berlin;"Berlin (West); Berlin";1986;;5030178-0;http://www.literaturhaus-berlin.de;"Buchwissenschaft, Buchhandel; Literarisches Leben; Kultur, Künste allgemein"
1819;Literaturhaus Hamburg;Literaturhaus (Hamburg);Hamburg;1989;;5157086-5;;"Literarisches Leben; Kultur, Künste allgemein"
1820;Literaturhaus Salzburg;Literaturhaus (Salzburg);Salzburg;1991;;10028586-7;http://www.literaturhaus-salzburg.at;
1821;Literaturhaus Zürich;Museumsgesellschaft Zürich. Literaturhaus Zürich;Zürich;1999;;16036466-8;"https://literaturhaus.ch/portraet/; https://literaturhaus.ch/verein-museumsgesellschaft/#geschichte";"Literarisches Leben; Kultur, Künste allgemein"
1822;Literaturhaus e.V;;;;;;;
1823;Literaturinstitut Hildesheim;Universität Hildesheim. Institut für Literarisches Schreiben und Literaturwissenschaft;Hildesheim;;;1070885231;https://literaturinstitut-hildesheim.de/;"Literarische Motive, Stoffe, Gestalten; Hochschule"
1824;Literaturkreis PromOtheus;Literaturkreis PromOtheus;"Perg; Linz";XX.06.2005;;1383190372;https://www.promotheus.at/;
1825;Literaturpodium;Literaturpodium;Gosen;;;10162328-8;http://www.literaturpodium.de;Einzelne Branchen der Industrie und des Handwerks
1826;Literaturverein EDIT e. V.;Literaturverein Edit;Leipzig;1993;;1086879694;https://www.editonline.de/;
1827;Literaturverlag Droschl;Literaturverlag Droschl;Graz;1978;;1065532946;http://www.droschl.com;Buchwissenschaft, Buchhandel
1828;Literaturwerkstatt Berlin;Literaturwerkstatt Berlin;Berlin;13.09.1991;12.09.2016;5102692-2;;
1829;Litopian e.V., Literarischer Förderverein;;;;;;;
1830;Littera-Autoren-Verl.;Littera Autoren Verlag Curt Zimmermann;Zürich;01.01.2008;;1065280734;;Buchwissenschaft, Buchhandel
1831;LizzyNet gGmbH;LizzyNet GmbH (Köln);Köln;;;16334870-4;http://www.lizzynet.de;Einzelne Branchen der Industrie und des Handwerks
1832;Llux Datenverarbeitung;Llux Agentur & Verlag e.K.;Ludwigshafen am Rhein;;;106570917X;;Buchwissenschaft, Buchhandel
1833;Loeven;;;;;;;
1834;Loewenzahn;Löwenzahn Verlag in der Studienverlag GesmbH;Innsbruck;;;1065528027;https://www.loewenzahn.at/impressum/;Buchwissenschaft, Buchhandel
1835;Logbuch Verlag;Logbuch Verlag;Bremen;2014;;1072184958;http://www.logbuchladen.de/verlag.html;
1836;Logo-Verl. Erfurth;Logo-Verlag Eric Erfurth;Obernburg a. Main;;;7557207-2;http://www.lvee.de;Buchwissenschaft, Buchhandel
1837;Logophon;Logophon Verlag und Bildungsreisen GmbH;Mainz;18.12.1979;;1065961200;http://www.logophon.de;Buchwissenschaft, Buchhandel
1838;Longinus;Longinus;Coesfeld;;;1067136371;;Buchwissenschaft, Buchhandel
1839;Lontar;Lontar Foundation;Jakarta;;;5315685-7;;
1840;Lorbeer-Verlag;Lorbeer-Verlag;Bielefeld;;;1064201512;http://www.lorbeer-verlag.de;Buchwissenschaft, Buchhandel
1841;Lore-Verl.;;;;;;;
1842;Lovemoon Verlag;;;;;;;
1843;Low;;;;;;;
1844;Luchterhand Literaturverlag;Luchterhand Literaturverlag GmbH;München;;;4617795-4;http://www.randomhouse.de;Buchwissenschaft, Buchhandel
1845;Ludwig;Verlag Ludwig;Kiel;;;1273765729;https://www.verlag-ludwig.de/;
1846;Luftschacht Verlag;Luftschacht Verlag;Wien;2001;;10346254-5;http://www.luftschacht.com;"Buchwissenschaft, Buchhandel; Einzelne Branchen der Industrie und des Handwerks"
1847;Lumpeter & Lasel;Lumpeter & Lasel;Eutin;2005;;1064924972;http://www.lumpeter.de;Buchwissenschaft, Buchhandel
1848;Lunares Selbstverlag;;;;;;;
1849;Lusatia-Verl.;Lusatia Verlag Dr. Stübner & Co. KG;Bautzen;01.04.1992;;1065100353;http://www.lusatiaverlag.de;Buchwissenschaft, Buchhandel
1850;Luther Verlag;Luther-Verlag GmbH;Bielefeld;10.07.1911;;1065096933;;Buchwissenschaft, Buchhandel
1851;Lutherische Verlagsgesellschaft;Lutherische Verlagsgesellschaft mbH;Kiel;15.06.1956;;1065096909;http://www.lutherische-verlag.de;Buchwissenschaft, Buchhandel
1852;Lutrina Verlag;Lutrina Verlag;Kaiserslautern;;;1064742343;;Buchwissenschaft, Buchhandel
1853;Lux, Christian;;;;;;;
1854;Luxbooks;Luxbooks GmbH;Wiesbaden;15.01.2001;;1065859597;http://www.luxbooks.de;Buchwissenschaft, Buchhandel
1855;Luzifer-Verl.;Luzifer Verlag;"Bochum; Paphos; Hamm (Westf)";;;1064301584;https://luzifer-verlag.de/;Buchwissenschaft, Buchhandel
1856;Lychatz Verlag;Lychatz Verlag;Leipzig;;;106434741X;http://www.lychatz.com;Buchwissenschaft, Buchhandel
1857;Lyrika Verlag;;;;;;;
1858;Lysandra Books;;;;;;;
1859;Lyx Egmont;Egmont LYX;Köln;;;1065862911;http://www.egmont-vg.de;Buchwissenschaft, Buchhandel
1860;Längert Verlag;;;;;;;
1861;Löcker Verlag;Löcker-Verlag;Wien;1978;;2128168-3;;Buchwissenschaft, Buchhandel
1862;LöwenStern Verlag;LöwenStern Verlag;Frankfurt am Main;;;1215293941;https://www.loewenstern-verlag.de/;
1863;Lößnitz : GUC;;;;;;;
1864;Lübbe;Verlagsgruppe Lübbe;Bergisch Gladbach;2000;2009;10059022-6;;"Einzelne Branchen der Industrie und des Handwerks; Buchwissenschaft, Buchhandel"
1865;Lütte Verlag;;;;;;;
1866;M+N-Medienverl.;;;;;;;
1867;M. K. E. Brandl;;;;;;;
1868;M. Porta;;;;;;;
1869;M. Schreckenberg, K. @Völlmicke und M. @Lamprecht;;;;;;;
1870;M. Zaffarana;;;;;;;
1871;M.-G.-Schmitz-Verlag;;;;;;;
1872;M.A.C Medien Agentur Czellnik;;;;;;;
1873;M.A.D. Music & Art Department Verlag;;;;;;;
1874;MA-Verlag;;;;;;;
1875;MAGENTA Verlag;MAGENTA Verlag;Krefeld;;;1065039131;http://www.magenta-verlag.de;Buchwissenschaft, Buchhandel
1876;MAIN Verlag;Main-Verlag;Frankfurt am Main;1958;;1027984134;http://www.main-verlag.de;Buchwissenschaft, Buchhandel
1877;MAM;Mam;;;;16043986-3;;Musik (Allgemeines), Musikgeschichte
1878;MBS (Mijnbestseller Nederland B.V.);;;;;;;
1879;MCC;MCC GmbH Luzern Schweiz;Luzern;1996;;1065425686;http://www.mccverlag.ch;Buchwissenschaft, Buchhandel
1880;MCE Verlag;MCE Verlagsgesellschaft mbH & Co. KG;Drochtersen;15.01.2007;;1064126685;http://www.mce-verlag.de;Buchwissenschaft, Buchhandel
1881;MONS;Mons;;;;1086905032;;
1882;MRAV, ein Kleiner Verl.;;;;;;;
1883;MRM-Verl.;;;;;;;
1884;MSC;;;;;;;
1885;MTA;;;;;;;
1886;MZ Buchverlag;MZ Buchverlag;Regenstauf;;;1065139578;http://www.mz-buchverlag.de;Buchwissenschaft, Buchhandel
1887;Machandel Verlag;Machandel-Verlag;Haselünne;2004;;1064206182;;Buchwissenschaft, Buchhandel
1888;Machiavelli Edition;Machiavelli edition;Köln;;;1065030274;;Buchwissenschaft, Buchhandel
1889;Macholdt - der Verlag;;;;;;;
1890;Machtwortverlag;Machtwortverlag;Dessau-Roßlau;XX.12.2001;;1065284926;http://www.machtwortverlag.de;Buchwissenschaft, Buchhandel
1891;Mackingerverlag;Mackingerverlag Dr. Herbert Mackinger;;01.10.2008;;1065437846;https://www.mackingerverlag.at;Buchwissenschaft, Buchhandel
1892;Magazin SchreibRÄUME;;;;;;;
1893;Magic-Buchverl.;Magic Buchverlag;;2002;;1065701136;http://www.e-book-web.de;Buchwissenschaft, Buchhandel
1894;Magma-Verl.;Magma Verlag;;;;1065563477;http://www.magma-verlag.de;Buchwissenschaft, Buchhandel
1895;Magoria Verlag;;;;;;;
1896;Mainz;;;;;;;
1897;Mairisch-Verl.;mairisch Verlag;Hamburg;1999;;1065219288;https://www.mairisch.de/;Buchwissenschaft, Buchhandel
1898;Maiwald;;;;;;;
1899;Make a Book;Make a book;;01.12.2005;;1064930271;;Buchwissenschaft, Buchhandel
1900;Malandro Verlag;Malandro Verlag;Klagenfurt;;;1064743064;http://wwww.malandro.at;Buchwissenschaft, Buchhandel
1901;Manesse Verlag;Manesse-Verlag;"Zürich; München";1944;;2019010-4;;Buchwissenschaft, Buchhandel
1902;Manhattan;Manhattan Verlag;München;1997;2016;1064127479;"https://www.randomhouse.de/Alle-Informationen-zum-Manhattan-Verlag/Der-Verlag/aid55932_11794.rhd; http://www.randomhouse.de";Buchwissenschaft, Buchhandel
1903;Mantikore Verlag;Mantikore-Verlag;Frankfurt am Main;;;1064728642;http://www.mantikore-verlag.de;Buchwissenschaft, Buchhandel
1904;Manuela Kinzel Verlag;Manuela Kinzel Verlag;"Göppingen; Dessau-Roßlau";23.12.1998;;1037971035;https://www.manuela-kinzel-verlag.de/;Buchwissenschaft, Buchhandel
1905;Manuscriptum;Manuscriptum Verlagsbuchhandlung Thomas Hoof;"Neuruppin; Berlin; Waltrop; Lüdinghausen";15.03.1993;;1065715552;"https://www.manuscriptum.de/; http://www.manuscriptum.de";Buchwissenschaft, Buchhandel
1906;Maracuja GmbH;Maracuja GmbH;Wachtendonk;;;1065423438;http://www.feuerwerkeverlag.de;Buchwissenschaft, Buchhandel
1907;Marianne Kaindl;ABB-Verlag;;;;1064796230;http://www.abb-verlag.de;Buchwissenschaft, Buchhandel
1908;Marianne Leim Verlag;Marianne Leim Verlag;Hamburg;;;1065975724;http://www.marianneleimverlag.de;Buchwissenschaft, Buchhandel
1909;Marina Gesser Verlag;;;;;;;
1910;Maringo Verlag;Maringo Verlag;Stuttgart;;;1065432208;http://www.maringoverlag.de;Buchwissenschaft, Buchhandel
1911;Mariposa Verlag;Mariposa Verlag;Berlin;09.05.1989;;1062556895;http://www.mariposa-verlag.de;Buchwissenschaft, Buchhandel
1912;Marix-Verl.;marix Verlag;Wiesbaden;;;1065492138;http://www.verlagshausroemerweg.de;Buchwissenschaft, Buchhandel
1913;Marixverlag;marix Verlag;Wiesbaden;;;1065492138;http://www.verlagshausroemerweg.de;Buchwissenschaft, Buchhandel
1914;Marlies Kalbhenn Verlag;;;;;;;
1915;Marmilin-Verl.;Marmilin-Verlag;Südheide-Hermannsburg;;;1065359853;http://www.marina-millioti.de;Buchwissenschaft, Buchhandel
1916;MaroVerlag;MaroVerlag;Augsburg;1969;;1232468-1;https://www.maroverlag.de;Buchwissenschaft, Buchhandel
1917;Marsam;;;;;;;
1918;Marsilius;Marsilius-Kolleg;Heidelberg;2007;;16052230-4;http://www.marsilius-kolleg.uni-heidelberg.de;Wissenschaft
1919;Marta Press;MARTA PRESS;Hamburg;;;1064344372;http://www.marta-press.com;Buchwissenschaft, Buchhandel
1920;Marterpfahl Verlag;MARTERPFAHL Verlag;;;;1066115362;http://www.marterpfahlverlag.com;Buchwissenschaft, Buchhandel
1921;Martin Werhand Verlag;Martin Werhand Verlag;Melsbach;;;1026193702;http://www.martinwerhandverlag.de/lyrik_impressum/;
1922;Martina und Thorsten Meier GbR - Buchverlag und Verlagsauslieferung;;;;;;;
1923;Martini & Loersch Verlag;martini & loersch;Berlin;;;1064928226;;Buchwissenschaft, Buchhandel
1924;Marzellen Verlag;Marzellen Verlag GmbH;Köln;;;1065100116;http://www.marzellen-verlag.de;Buchwissenschaft, Buchhandel
1925;Masou-Verlag;MASOU Verlag UG;;;;1065365144;;Buchwissenschaft, Buchhandel
1926;Matera Verlag;;;;;;;
1927;Mattes;Mattes Verlag GmbH;Heidelberg;04.08.1989;;106542292X;http://www.mattes.de;Buchwissenschaft, Buchhandel
1928;Matthes & Seitz Berlin;MSB Matthes & Seitz Berlin Verlagsgesellschaft;Berlin;02.01.2004;;1065644817;https://www.matthes-seitz-berlin.de/index.html;Buchwissenschaft, Buchhandel
1929;Matthias-Grünewald-Verl.;Matthias-Grünewald-Verlag;"Mainz; Ostfildern";"21.06.1938; 1918";;2019071-2;http://www.gruenewaldverlag.de;Buchwissenschaft, Buchhandel
1930;Matussek;Matussek, Hans K., & Sohn oHG, Buchhandlung. Abt. Verlag;Nettetal;15.08.1961;;1068092521;http://www.buchhandlung-matussek.de;Buchwissenschaft, Buchhandel
1931;Mauer Verlag;Mauer-Verlag;Rottenburg am Neckar;;;7573594-5;;Buchwissenschaft, Buchhandel
1932;Mauerverlag Wilfried Kriese;;;;;;;
1933;Maximilian Dietrich Verlag;Maximilian Dietrich Verlag;;;;108571506X;;
1934;Mayer;;;;;;;
1935;McGinley Verlag;McGinley-Verlag;;01.05.2008;;1065538383;http://www.mcginleyverlag.de;Buchwissenschaft, Buchhandel
1936;Mecke Verlag;Mecke-Druck und Verlag Inh. Helmut Mecke;Duderstadt;15.10.1901;;106509650X;;Buchwissenschaft, Buchhandel
1937;Mecklenburger Buchverlag;Mecklenburger Buchverlag;Neubrandenburg;XX.01.2008;;7756780-8;;Buchwissenschaft, Buchhandel
1938;Media Service Stuttgart;Media Service Stuttgart;Göppingen;;;1064289266;http://www.medienservice-stuttgart.com;Buchwissenschaft, Buchhandel
1939;Medien Agentur Czellnik;Medien Agentur;Fehmarn;;;1065645422;http://www.medien-agentur-czellnik.de;Buchwissenschaft, Buchhandel
1940;Medienhaus Rösemeier;Medienhaus Rösemeier OHG;Bad Zwischenahn;;;1065646771;http://www.roesemeier.de;Buchwissenschaft, Buchhandel
1941;Medu Verlag;MEDU VERLAG;Dreieich;;;1064199895;"http://www.medu-verlag.de; http://www.wenz-verlag.de";Buchwissenschaft, Buchhandel
1942;Medusenblut;Medusenblut;Berlin;;;1065714084;http://www.medusenblut.de;Buchwissenschaft, Buchhandel
1943;Megalit-Verl.;Megalit Verlag;Schmallenberg;;;1065567324;;Buchwissenschaft, Buchhandel
1944;Mein Verl.;Mein Verlag;Mahlow;;31.12.2015;1065491565;http://www.mein-verlag.de;Buchwissenschaft, Buchhandel
1945;Memoiren-Verlag;Memoiren-Verlag Bauschke;;18.06.2001;;1064120237;;Buchwissenschaft, Buchhandel
1946;Memoranda Verlag;;;;;;;
1947;Mentis;mentis Verlag GmbH;"Paderborn; Münster (Westf)";01.10.1998;;1065718128;http://www.mentis.de;Buchwissenschaft, Buchhandel
1948;Mephistopheles-Verlag;;;;;;;
1949;Mercator;Mercator-Gesellschaft;Duisburg;1950;;1006522-2;https://www.mercator-gesellschaft.de;"Geografie, Heimat- und Länderkunde (Allgemeines); Brauchtum, Volksglaube; Gruppe, Organisationssoziologie, Interaktion; Geschichte (Allgemeines)"
1950;Merkur Verlag;MVR-Merkur-Verlag (Rinteln);Rinteln;15.08.1948;;5250999-0;;"Einzelne Branchen der Industrie und des Handwerks; Buchwissenschaft, Buchhandel"
1951;Merlin´s Bookshop;Merlin's Bookshop;;;;106714207X;http://www.fetishdiscount.com;Buchwissenschaft, Buchhandel
1952;Merquana;Merquana Verlag und Mediadesign;Leipzig;;;1066119236;;Buchwissenschaft, Buchhandel
1953;Merquana-Verl.;Merquana Verlag und Mediadesign;Leipzig;;;1066119236;;Buchwissenschaft, Buchhandel
1954;Merz & Solitude;merz & solitude;;;;1066123616;;Buchwissenschaft, Buchhandel
1955;Merziger-Pleban;;;;;;;
1956;MetaGIS-Verl.;MetaGIS;Mannheim;;;1065438575;http://www.metagis.de;Buchwissenschaft, Buchhandel
1957;MetaPol Verlag & Medien;;;;;;;
1958;Methusalem;Methusalem;;;;10275958-3;;Musik (Allgemeines), Musikgeschichte
1959;Metrolit;Metrolit Verlag GmbH & Co. KG;Berlin;2012;2015;1065651473;http://www.metrolit.de;Buchwissenschaft, Buchhandel
1960;Meyer & Meyer;Meyer & Meyer;;;;1078908052;;
1961;Meyer & Meyer Verlag;Meyer & Meyer;;;;1078908052;;
1962;Michael Düthorn;;;;;;;
1963;Michael, Schneider;;;;;;;
1964;Michaels-Verl.;Michaels Verlag;Peiting;01.09.1984;;1065039972;http://www.michaelsverlag.de;Buchwissenschaft, Buchhandel
1965;Michason & May;Michason & May Verlagsgesellschaft UG;Frankfurt am Main;;;1065969171;http://www.michasonundmay.de;Buchwissenschaft, Buchhandel
1966;Michel-Verlag GmbH;Michel - Verlag KG;;01.11.1966;;1065039883;;Buchwissenschaft, Buchhandel
1967;Mick Verlag;;;;;;;
1968;Micks-Verl.;;;;;;;
1969;Midas;Midas Verlag;Zürich;;;1066131503;http://www.midas.ch;Buchwissenschaft, Buchhandel
1970;Miko-Verl.;Miko-Verlag;;;;106613541X;http://www.miko-verlag.de;Buchwissenschaft, Buchhandel
1971;Milena Verlag;Milena Verlag;;;;1087469759;;
1972;Militzke;Militzke Verlag GmbH;Leipzig;04.07.2007;;106509924X;http://www.militzke.de;Buchwissenschaft, Buchhandel
1973;Milke, Natalie;;;;;;;
1974;Milltown Media Verlag;;;;;;;
1975;Mini-Verlag Meisterburg;Mini-Verlag;Mainz;;;1064336906;;Buchwissenschaft, Buchhandel
1976;Minimal Trash Art;Minimal Trash Art;Hamburg;;;1064741797;http://www.minimaltrashart.de;Buchwissenschaft, Buchhandel
1977;Ministère de l'education nationale et de la formation professionnelle;Ministère de l'Education Nationale et de la Formation Professionnelle;;;;16279406-X;;
1978;Mirabilis Verlag;Mirabilis Verlag;Klipphausen;2011;;1064796362;https://mirabilis-verlag.de;Buchwissenschaft, Buchhandel
1979;Mironde-Verl.;Mironde-Verlag;;01.12.1999;;1065146280;http://www.mironde.com;Buchwissenschaft, Buchhandel
1980;Mischwesen;mischwesen;Neubiberg;;;1064730256;http://www.mischwesen-av.de;Buchwissenschaft, Buchhandel
1981;Mission Ost-West;Mission Ost-West e.V.;Bischoffen;;;1068367903;http://www.mow-ev.de/projekt01/index.php?idcat=5&sid=bcdcd978c425934e0e62a051a4846384;
1982;Misti-Verl.;Misti Verlag;;;;1064301576;;Buchwissenschaft, Buchhandel
1983;Mitteldeutscher Verlag;Mitteldeutscher Verlag;Halle (Saale);1946;;2019288-5;http://www.mitteldeutscherverlag.de;Buchwissenschaft, Buchhandel
1984;Mitten im Dorf;;;;;;;
1985;Mitter Verlag;;;;;;;
1986;Mitzkat;Verlag Jörg Mitzkat;Holzminden;1994;;1255146990;https://www.mitzkat.de/;
1987;MobB e.V. c/o Jenaer Sprachverwender;;;;;;;
1988;Modestia-Verl.;Modestia Verlag;;;;1064792812;;Buchwissenschaft, Buchhandel
1989;Moenus-Verlag;;;;;;;
1990;Moerser Gesellschaft zur Förderung des literarischen Lebens e.V.;;;;;;;
1991;Moewig;Moewig;Hamburg;;;1065704925;http://www.earbooks.net;Buchwissenschaft, Buchhandel
1992;Mohito Verlag;Mohito Verlag;Braunschweig;;;1065970609;;Buchwissenschaft, Buchhandel
1993;Mohl;Dr. Alexa Mohl (Firma);Hannover;;;106503055X;http://www.alexa-mohl.de;Buchwissenschaft, Buchhandel
1994;Mohland Verlag;Mohland-Verlag Detlef Peters;;;;1065136692;;Buchwissenschaft, Buchhandel
1995;Mohorjeva Hermagoras;Private Volksschule Hermagoras-Mohorjeva;Klagenfurt;;;10020095-3;;Schule
1996;Mokka;Edition Mokka;Wien;;;1067139982;http://www.edition-mokka.eu;Buchwissenschaft, Buchhandel
1997;Moloko Print;Moloko Print;Schönebeck (Elbe);;;1064796850;;Buchwissenschaft, Buchhandel
1998;Momberger;Hans-Jürgen Momberger (Firma);Wuppertal;;;106513455X;;Buchwissenschaft, Buchhandel
1999;Mondwolf;Verlag Mondwolf;Wien;01.04.2010;;1064733549;http://www.mondwolf.at;Buchwissenschaft, Buchhandel
2000;Monia-Verl.;Monia Verlag;Pirmasens;1970;;1065368097;;Buchwissenschaft, Buchhandel
2001;Monolith Verlag;Erika Range Monolith Verlag;Oldenburg (Oldenburg);;;1064737625;;Buchwissenschaft, Buchhandel
2002;Monsenstein & Vannerdat;Verlagshaus Monsenstein & Vannerdat OHG;Münster (Westf);17.02.1999;XX.XX.2016;1066130779;http://www.mv-verlag.de;Buchwissenschaft, Buchhandel
2003;Mont Jacques Buchclub & Verlag UG;;;;;;;
2004;MontAurum;MontAurum;Bremen;01.01.2004;;1066118914;http://www.montaurum.de;Buchwissenschaft, Buchhandel
2005;Montabella-Verl.;Montabella Verlag;"Chur; Glarus";20.10.1980;;1065420943;http://www.montabella.ch;Buchwissenschaft, Buchhandel
2006;Morgana-Ed.;Morgana Edition;;;;1064730787;http://www.morgana-edition.de;Buchwissenschaft, Buchhandel
2007;Morio Verlag;Morio Verlag;Bad Ems;;;1064740294;;Buchwissenschaft, Buchhandel
2008;Moritzberg Verlag;Moritzberg Verlag;Hildesheim;1990;;1066114366;http://www.moritzvomberge.de;Buchwissenschaft, Buchhandel
2009;Morlant Verlag;Morlant Verlag;Karben;;;1065280920;;Buchwissenschaft, Buchhandel
2010;Morre;Verlagshaus Morre GmbH;Graz;;;1065104219;http://www.verlagshaus-jakomini.at;Buchwissenschaft, Buchhandel
2011;Morsak Verlag;Morsak Verlag;Grafenau (Landkreis Freyung-Grafenau);1977;;1029588708;"http://morsak-verlag.de/; http://www.morsak.de";Buchwissenschaft, Buchhandel
2012;Moserbauer;Moserbauer Druck & Verlags-GmbH & Co KG;;;;1065222823;http://www.moserbauer.at;Buchwissenschaft, Buchhandel
2013;Mosers Büro GmbH;;;;;;;
2014;Motibooks.de;Motibooks;Aachen;;;106713526X;;Buchwissenschaft, Buchhandel
2015;MuSingal;;;;;;;
2016;Muc Verlag;muc Verlag;München;;;1064121101;http://www.muc-verlag.de;Buchwissenschaft, Buchhandel
2017;MundoNet Publishers;MUNDOnet;Frankfurt am Main;;;1064289444;http://www.mundonet-publishers.com;Buchwissenschaft, Buchhandel
2018;Muravidék Baráti Kör Kulturális Egyesület;Muravidék Baráti Kör Kulturális Egyesület;Pilisvörösvár;;;10048097-4;http://muravidek.eu/;
2019;Muschel;Muschel Verlag;Köln;;;1065496818;http://www.muschelverlag.de;Buchwissenschaft, Buchhandel
2020;Museum.BL;Museum.BL;Liestal;2004;;10094880-7;http://www.baselland.ch/docs/kultur/kantonsmuseum/km_main.htm;Archiv, Museum
2021;MyStory-Verl.;MyStory Verlag;Berlin;;;1065287186;http://www.mystory-verlag.de;Buchwissenschaft, Buchhandel
2022;Mylinfalklaem;Christel Tjoa und Klaus Mühlen GbR Mylinfalkläme Asperger Taschenbücher;Asperg;;;1066114013;;Buchwissenschaft, Buchhandel
2023;Mymorawa von Morawa Lesezirkel GmbH;myMorawa;Großebersdorf;;;1235894746;https://www.mymorawa.com/;
2024;Männerschwarm Verlag;Männerschwarm Verlag;Hamburg;;;1064738141;http://www.maennerschwarm.de;Buchwissenschaft, Buchhandel
2025;Möcker;Voigt & Mocker;Würzburg;1839;1847;1037647394;;
2026;Möllmann;Christoph Möllmann (Firma);Borchen;;;1067149147;http://www.chmoellmann.de;Buchwissenschaft, Buchhandel
2027;Mönnig Verlag;Mönnig-Verlag;Iserlohn;15.03.1978;;1065139683;https://www.mönnig.de;Buchwissenschaft, Buchhandel
2028;Mösche;Kölsche Mösche;;;;10277967-3;;Musik (Allgemeines), Musikgeschichte
2029;Mövenort Verlag;;;;;;;
2030;Müller;;;;;;;
2031;Münster Verlag;Münster Verlag (Zürich);"Basel; Zürich";16.05.2007;;1067145222;https://www.muensterverlag.ch/impressum/;Buchwissenschaft, Buchhandel
2032;N. Mayr;;;;;;;
2033;NIMBUS;Nimbus, Kunst und Bücher;Wädenswil;;;1065220065;http://www.nimbusbooks.ch;Buchwissenschaft, Buchhandel
2034;NOEL-Verlag;NOEL-Verlag;;;;1065023960;;Buchwissenschaft, Buchhandel
2035;NORA Verlag;Nora Verlagsgemeinschaft UG;Berlin;01.01.2002;;1065363079;"http://www.nora-verlag.de; https://www.nora-verlag.de/";Buchwissenschaft, Buchhandel
2036;NOTschriften Verlag;Notschriften Verlag;Radebeul;1996;;1064205887;;Buchwissenschaft, Buchhandel
2037;NWM;;;;;;;
2038;Nacke;Hof Nacke;Bad Salzuflen;;;1283225255;;"Rechtsgeschichte, Verfassungsgeschichte: Mittelalter; Landwirtschaft allgemein"
2039;Nada-Autorenverl.;nADA Autorenverlag e.K.;;02.05.2003;;1065426275;http://www.nada-autorenverlag.de;Buchwissenschaft, Buchhandel
2040;Nagel & Kimche;Nagel & Kimche AG;"Zürich; Frauenfeld";1983;;16083148-9;"http://www.hanser-literaturverlage.de/verlage/nagel-und-kimche.html; http://www.nagel-kimche.ch";"Buchwissenschaft, Buchhandel; Einzelne Branchen der Industrie und des Handwerks"
2041;Napoleon Film & Verlag;;;;;;;
2042;Narr;Gunter-Narr-Verlag;Tübingen;1969;;7749055-1;;Buchwissenschaft, Buchhandel
2043;Narthex-Buch;NARTHEX-Buch;;;;1065864337;;Buchwissenschaft, Buchhandel
2044;Natalie Rabengut, Black Umbrella Publishing;;;;;;;
2045;Naumann & Göbel;Naumann & Göbel Verlagsgesellschaft;Köln;19.01.1983;;1065142587;http://www.naumann-goebel.de;Buchwissenschaft, Buchhandel
2046;Neisse Verlag;Neisse Verlag;"Zittau; Dresden";1998;;1065715951;http://www.neisseverlag.de;Buchwissenschaft, Buchhandel
2047;Neisse-Verl.;Neisse Verlag;"Zittau; Dresden";1998;;1065715951;http://www.neisseverlag.de;Buchwissenschaft, Buchhandel
2048;Neißemünde-Verl.;Neißemünde-Verlag;;01.01.2008;;1064203302;;Buchwissenschaft, Buchhandel
2049;Neofelis-Verl.;Neofelis Verlag;Berlin;XX.03.2011;;1064301177;https://neofelis-verlag.de/;Buchwissenschaft, Buchhandel
2050;Neopubli;;;;;;;
2051;Nepa-Verl.;NEPA Verlag;;;;1065535325;http://www.nepa-verlag.de;Buchwissenschaft, Buchhandel
2052;Neptun-Verl.;Neptun Verlag;"Bern; Kreuzlingen; Interlaken";1946;;2108285-6;;Einzelne Branchen der Industrie und des Handwerks
2053;Net-Verlag;net-Verlag;Tangerhütte;2009;;1052140521;http://www.net-verlag.de/index.html;
2054;Netteverlag;Netteverlag;Nettetal;;;1065024134;http://www.netteverlag.de;Buchwissenschaft, Buchhandel
2055;Neue Erde;Neue Erde GmbH;Saarbrücken;10.01.1990;;1027095593;"http://www.neueerde.de/index.php; http://www.neue-erde.de";Buchwissenschaft, Buchhandel
2056;Neues Buch;Neues Buch Verlag GmbH;;01.03.1996;;106550327X;http://www.neuesbuch.de;Buchwissenschaft, Buchhandel
2057;Neues Leben;Verlag Neues Leben (Berlin);Berlin;;;5034135-2;;Einzelne Branchen der Industrie und des Handwerks
2058;Neukirchener Aussaat;Neukirchener Aussaat;Neukirchen-Vluyn;;;106502150X;http://www.neukirchener-verlage.de;Buchwissenschaft, Buchhandel
2059;Neukirchener Verlag;Neukirchener Verlag;Neukirchen-Vluyn;1888;;5044771-3;;Buchwissenschaft, Buchhandel
2060;Neumann-Neudamm;Neumann - Neudamm gmbh (Melsungen);;;;1086769600;;
2061;Neun9zig;Gunda Jaron und Rüdiger Kurock Verlag neun9zig;Berlin;;;1064785360;http://www.neun9zig.de;Buchwissenschaft, Buchhandel
2062;Nica-Verl.;Nica Verlag;;;;1065853513;http://www.nica-verlag.de;Buchwissenschaft, Buchhandel
2063;Niebank-Rusch-Fachverl.;Kay Niebank u. Stephan Rusch;Bremen;17.02.2006;;1065658036;http://www.nr-verlag.de;Buchwissenschaft, Buchhandel
2064;Niederland Verlag;Niederland Verlag;;;;1064787452;;Buchwissenschaft, Buchhandel
2065;Niederlausitzer Verlag;Niederlausitzer Verlag, Guben;;2000;;1065980019;http://www.niederlausitzerverlag.de;Buchwissenschaft, Buchhandel
2066;Niedersachsen-Dr.;;;;;;;
2067;Niemeyer;C. W. Niemeyer, Buchdruckerei und Verlag (Hameln);Hameln;1797;;2091614-0;;Einzelne Branchen der Industrie und des Handwerks
2068;Nikol;Arbeitsgruppe NIKOL;;;;2058217-1;;
2069;Nitzsche;Dr. Rainar Nitzsche (Firma);Kaiserslautern;13.02.1989;;1064913695;http://www.nitzscheverlag.de;Buchwissenschaft, Buchhandel
2070;NoRa;Nora Verlagsgemeinschaft UG;Berlin;01.01.2002;;1065363079;"http://www.nora-verlag.de; https://www.nora-verlag.de/";Buchwissenschaft, Buchhandel
2071;Noel-Verlag;NOEL-Verlag;;;;1065023960;;Buchwissenschaft, Buchhandel
2072;Nomen-Verl.;Nomen Verlag Joachim Schäfer;Frankfurt am Main;;;1064212689;http://www.nomen-verlag.de;Buchwissenschaft, Buchhandel
2073;NordStern;;;;;;;
2074;Nordleuchten-Verlag;;;;;;;
2075;Nordpark Verlag;NORDPARK Verlag;Wuppertal;2000;;1065495129;http://www.nordpark-verlag.de;Buchwissenschaft, Buchhandel
2076;Not Yet Media LTD;;;;;;;
2077;Notopolis Ed.;;;;;;;
2078;Nova MD;Nova Pharmaceutical Corporation (Baltimore, Md.);;;;1086090942;;
2079;Nußrainer;Franz Nußrainer (Firma);;;;1064295169;http://www.nussrainer-isen.de;Buchwissenschaft, Buchhandel
2080;Nünnerich-Asmus Verlag & Media;Nünnerich-Asmus Verlag & Media GmbH;"Oppenheim; Mainz";;;1066136882;"https://www.na-verlag.de/; http://www.na-verlag.de/";Buchwissenschaft, Buchhandel
2081;O.W. Barth;O.W. Barth;München;;;1065859732;;Buchwissenschaft, Buchhandel
2082;OCM GmbH;;;;;;;
2083;OE, Offenbacher Ed.;;;;;;;
2084;OFFIZIN Zürich Verlag;Offizin Zürich Verlag;Zürich;1989;2018;1064122574;;Buchwissenschaft, Buchhandel
2085;OSL;OSL Verlag;Riehen;2000;;1064730876;;Buchwissenschaft, Buchhandel
2086;OSTASIEN Verlag;OSTASIEN Verlag;Großheirath;01.06.2007;;1065172087;http://www.ostasien-verlag.de;Buchwissenschaft, Buchhandel
2087;OVIS Deutschland GmbH;;;;;;;
2088;Oase-Verl.;Oase Verlag;Badenweiler;01.09.1982;;1031842543;http://www.oaseverlag.de;Buchwissenschaft, Buchhandel
2089;Oberbaum;Oberbaumverlag;"Berlin; Berlin (West)";1965;;1065130392;;Buchwissenschaft, Buchhandel
2090;Oberlausitzer Verlag;Oberlausitzer Verlag;Zittau;;;1064197418;;Buchwissenschaft, Buchhandel
2091;Oberpfalzverlag Laßleben;;;;;;;
2092;Oberschlesisches Eichendorff-Kultur- und Begegnungszentrum;Górnośla̜skie Centrum Kultury i Spotkań Im. Eichendorffa w Łubowicach;Łubowice;;;6043971-3;http://www.eichendorff.pl;
2093;Oculus Kreativ;;;;;;;
2094;Odenwald-Verlag;ODENWALD VERLAG;Frankfurt am Main;;;1065703341;;Buchwissenschaft, Buchhandel
2095;Odenwaldkreis, Kreisausschuss;Odenwaldkreis. Der Kreisausschuß;;;;106810435X;;Buchwissenschaft, Buchhandel
2096;Oeverbos Verlag;;;;;;;
2097;Offizin Verlag;Offizin Zürich Verlag;Zürich;1989;2018;1064122574;;Buchwissenschaft, Buchhandel
2098;Ogham Verlag;Ogham Verlag;"Stuttgart; Dornach";01.05.1979;;1032037598;;Buchwissenschaft, Buchhandel
2099;Ohetaler Verlag;Ohetaler Verlag;;;;1064911897;http://www.ohetaler-verlag.de;Buchwissenschaft, Buchhandel
2100;Ohetaler-Verl.;Ohetaler Verlag;;;;1064911897;http://www.ohetaler-verlag.de;Buchwissenschaft, Buchhandel
2101;Oktober-Verl.;Oktober Verlag;Münster (Westf);01.03.2001;;1065494513;http://www.oktoberverlag.de;Buchwissenschaft, Buchhandel
2102;Oldenburg e.V., Leseforum;Leseforum Oldenburg;Oldenburg (Oldenburg);01.02.2014;;1128253046;http://www.leseforum-oldenburg.de;
2103;Oldigor-Verl.;Oldigor Verlag;;01.01.2011;;1065219369;http://www.oldigor.de;Buchwissenschaft, Buchhandel
2104;Oliver Walter Verlag;;;;;;;
2105;Olms;Edition Olms;"Oetwil am See; Bubikon";1977;;1064053289;http://www.edition-olms.com;Buchwissenschaft, Buchhandel
2106;Olms-Weidmann;;;;;;;
2107;Omniara;Omniara Verlag;München;;;1065036469;http://www.heilpraktikerin-cordes.de;Buchwissenschaft, Buchhandel
2108;Omnino Verlag;;;;;;;
2109;Omnium-Verl.;Omnium Verlag UG;Berlin;;;1065429789;;Buchwissenschaft, Buchhandel
2110;Op der Lay;Op der Lay (Esch-sur-Sûre);Esch-sur-Sûre;;;10357990-4;http://webplaza.pt.lu/~opderlay;Buchwissenschaft, Buchhandel
2111;Opferkuch Verlag;;;;;;;
2112;Opus Magnum;opus magnum;Stuttgart;02.11.2001;;1065105398;http://www.opus-magnum.de;Buchwissenschaft, Buchhandel
2113;Orange Cursor Verlag;Verlag Orange Cursor;Klagenfurt;;;1065022964;;Buchwissenschaft, Buchhandel
2114;Ornament;;;;;;;
2115;Ortsmuseum Binningen;Ortsmuseum Binningen;Binningen;;;1085936880;http://www.ortsmuseum-binningen.ch/;
2116;Osburg Verlag;Osburg Verlag GmbH;Hamburg;21.12.2006;;1065862903;http://www.osburgverlag.de;Buchwissenschaft, Buchhandel
2117;Oschinger, Wolfgang;;;;;;;
2118;OsirisDruck;OsirisDruck;Leipzig;01.04.1999;;1066136866;http://www.osirisdruck.de;Buchwissenschaft, Buchhandel
2119;Ostendorf Verlag;Nordstyle-Verlag;Mölln;;;1065867085;;Buchwissenschaft, Buchhandel
2120;Ostfalia-Verl.;Ostfalia-Verlag;"Osterwieck; Hornburg (Landkreis Wolfenbüttel); Börßum; Lehrte; Peine";1980;;1065705654;https://www.ostfalia-verlag.de/;Buchwissenschaft, Buchhandel
2121;Ostfriesland Verlag;;;;;;;
2122;Osttiroler Bote Medienunternehmen Ges.m.b.H.;Osttiroler Bote;;;;1105681211;http://www.osttirolerbote.at/;Presse
2123;Otto;;;;;;;
2124;Otto Lach Verlagsanstalt;Otto Lach Verlagsanstalt;Hannover;;;1065171943;;Buchwissenschaft, Buchhandel
2125;Otto Müller Verlag;Otto Müller Verlag;Salzburg;1937;;106553826X;https://www.omvs.at;Buchwissenschaft, Buchhandel
2126;Otto-Johann-Verlag;Otto-Johann Verlag;Lubmin;;;1065704690;http://www.otto-johann-verlag.de;Buchwissenschaft, Buchhandel
2127;P & B;;;;;;;
2128;P & L Edition;;;;;;;
2129;PEN Austria;Österreichischer PEN-Club;Wien;1923;;2048779-4;http://penclub.at/;"Arbeit; Literarisches Leben"
2130;PIDAX;;;;;;;
2131;PMLakeman-Verlag;;;;;;;
2132;PODIUM – Literaturkreis Schloss Neulengbach;;;;;;;
2133;POSS Verlag;Eva Poss POSS Verlag;Wien;1997;;1065659369;http://www.poss-verlag.at;Buchwissenschaft, Buchhandel
2134;PRO LYRICA;Stiftung Pro Lyrica;;1988;1995;3012702-6;;
2135;PRONG PRESS;Prong Press;Embrach;;;1196979251;;
2136;PROOF Verlag;;;;;;;
2137;PROverbis;PROverbis e.U. Verlagsservice und Verlag;Wien;;;1064351018;http://www.proverbis.at;Buchwissenschaft, Buchhandel
2138;PRovoke Media;PRovoke Media UG;Osnabrück;;;1064331343;http://www.provoke-media.com;Buchwissenschaft, Buchhandel
2139;Paarl Rock Publishers;;;;;;;
2140;Palabros de Cologne;Palabros de Cologne;Köln;26.06.1998;;1065713509;http://www.palabros.de;Buchwissenschaft, Buchhandel
2141;Palatinum-Verl.;;;;;;;
2142;Pallina, B.;;;;;;;
2143;Pallotti;Pallotti-Verlag;Friedberg (Landkreis Aichach-Friedberg);1929;;1035171996;;Buchwissenschaft, Buchhandel
2144;Palm und Enke;Palm & Enke;Erlangen;1815;;1073001733;;Buchwissenschaft, Buchhandel
2145;PalmArtPress;PalmArtPress;Berlin;2008;;1043796541;http://palmartpress.com/verlag/impressum/;Buchwissenschaft, Buchhandel
2146;Palmyra;Palmyra Verlag;Heidelberg;01.07.1989;;1064194753;http://www.palmyra-verlag.de;Buchwissenschaft, Buchhandel
2147;Pandion Verlag;Pandion-Verlag (Kreuznach);Bad Kreuznach;;;1072887215;;
2148;Pandämonium-Verlag;Pandämonium Verlag;;;;1065166621;;Buchwissenschaft, Buchhandel
2149;Panga-Misi Verlag;PANGAI-MISI-VERLAG;Biberach an der Riß;;;1065659962;http://www.pangai-misi-verlag.de;Buchwissenschaft, Buchhandel
2150;Panther Power Publ.;Panther Power Publishing;Hamburg;;;1065534019;http://www.pantherpower.de;Buchwissenschaft, Buchhandel
2151;Papageienzeit Verlag;;;;;;;
2152;Papermoon;Papermoon;;;;10300000-8;;Musik (Allgemeines), Musikgeschichte
2153;Papierflieger;Papierflieger Verlag;Clausthal-Zellerfeld;;;1064204619;http://www.papierflieger-verlag.de/;Buchwissenschaft, Buchhandel
2154;Papierfresserchens MTM-Verlag;Papierfresserchens MTM-Verlag GbR;Nonnenhorn;28.03.2007;;1065871333;http://www.papierfresserchen.de;Buchwissenschaft, Buchhandel
2155;Papierverzierer;Papierverzierer Verlag;Essen;;;106570786X;http://www.papierverzierer.de;Buchwissenschaft, Buchhandel
2156;Paracelsus Buchhandlung & Verlag;Paracelsus Buchhandlung & Verlag;Salzburg;1999;;1065421389;http://www.parabuch.at;Buchwissenschaft, Buchhandel
2157;Paramon Verlag;Paramon Verlag;Zug;;;1065785798;http://www.europaeische-verlagsgesellschaften.ch;Buchwissenschaft, Buchhandel
2158;Paranus-Verl.;Paranus Verlag Brücke Neumünster;Neumünster;;;1065130422;http://www.bruecke-ggmbh.de;Buchwissenschaft, Buchhandel
2159;Parlez;;;;;;;
2160;Parthas;Parthas Verlag GmbH;Berlin;1990;;1065427395;;Buchwissenschaft, Buchhandel
2161;Parzellers Buchverlag;Parzellers Buchverlag und Werbemittel GmbH & Co. KG;Fulda;1873;;1065129947;;Buchwissenschaft, Buchhandel
2162;Passage-Verlag;Passage-Verlag;Leipzig;1990;;1064344798;http://www.passageverlag.de;Buchwissenschaft, Buchhandel
2163;Passanten Verlag;Passanten Verlag (Berlin);"Berlin; Casekow";;;106570691X;https://www.passanten-verlag.de;Buchwissenschaft, Buchhandel
2164;Passion Publ.;Passion Publishing Limited;Königswinter;;;1065287127;;Buchwissenschaft, Buchhandel
2165;Pastis-Verl.;Pastis Verlags GmbH;Berlin;;;1064923089;http://www.pastis-verlag.de;Buchwissenschaft, Buchhandel
2166;Patmos Verlag;Patmos-Verlag;"Ostfildern; Düsseldorf";03.05.1910;;2017697-1;https://www.patmos.de/;Buchwissenschaft, Buchhandel
2167;Patris-Verl.;Patris-Verlag (Vallendar);Vallendar;01.01.1970;;10011886-0;http://www.patris-verlag.de;"Einzelne Branchen der Industrie und des Handwerks; Buchwissenschaft, Buchhandel"
2168;Pattloch Verlag;Paul Pattloch Buchhandlung und Verlag;Aschaffenburg;10.04.1827;;1035315246;;Buchwissenschaft, Buchhandel
2169;Pauerstoff;Pauerstoff Verlag;Hamburg;;;1064917437;;Buchwissenschaft, Buchhandel
2170;Paul Zsolnay Verlag;Paul-Zsolnay-Verlag (Wien);"Darmstadt; Wien";"1946; 1923";1933;2017722-7;;Buchwissenschaft, Buchhandel
2171;Paulinus;Paulinus Verlag;Trier;01.09.1998;;10082026-8;https://www.paulinus-verlag.de/;"Einzelne Branchen der Industrie und des Handwerks; Buchwissenschaft, Buchhandel"
2172;Paulo Freire Verlag;Paulo Freire Verlag - Dialogische Erziehung;Oldenburg (Oldenburg);02.03.2004;;1064118178;http://www.paulo-freire-verlag.de;Buchwissenschaft, Buchhandel
2173;Paulusverlag;Paulusverlag (Einsiedeln);"Freiburg im Üechtland; Einsiedeln";1873;;1035317141;https://www.herder.de/unternehmen/verlage/paulusverlag/;Buchwissenschaft, Buchhandel
2174;Pax et Bonum;Pax et Bonum e.K.;Berlin;;;1067139435;http://www.pax-et-bonum.net;Buchwissenschaft, Buchhandel
2175;Pectus;;;;;;;
2176;Pegasus Verein für kreatives Schreiben e.V.;Pegasus Verein für Kreatives Schreiben;München;05.10.1988;;10068770-2;http://www.pegasus-schreiben.de;Buchwissenschaft, Buchhandel
2177;Pegasus-Verl.;;;;;;;
2178;Pendo;Pendo Verlag;Zürich;1971;;1064211208;;Buchwissenschaft, Buchhandel
2179;Pendragon;Pendragon;;;;10295350-8;;Musik (Allgemeines), Musikgeschichte
2180;Penguin Verlag;Penguin Verlag;München;2015;;1112961321;;
2181;Penn-Club 2000 e.V.-Verlag;Penn-Club 2000 e.V.;Pforzheim;;;1064292674;;Buchwissenschaft, Buchhandel
2182;Pensieri&Confronti Editore;;;;;;;
2183;Pep + No-Name-Verl.;;;;;;;
2184;PerNi Publishing Unlimited;;;;;;;
2185;Pereprava;Pereprava Verlagsges.m.b.H.;Wien;2002;;1065426615;;Buchwissenschaft, Buchhandel
2186;Periplaneta;Periplaneta Verlag und Mediengruppe;Berlin;XX.09.2007;;1065370989;http://www.periplaneta.com;Buchwissenschaft, Buchhandel
2187;Pernobilis Edition im Engelsdorfer Verlag;;;;;;;
2188;Persimplex-Verlag;Persimplex Verlagsgruppe;;01.10.2006;;1065097778;http://www.persimplex.de;Buchwissenschaft, Buchhandel
2189;Petama-Project-Verl.;Verlag Petama Project;Zürich;;;1065558333;;Buchwissenschaft, Buchhandel
2190;Peter Hammer Verlag;Peter Hammer Verlag;Wuppertal;18.07.1966;;2017795-1;http://www.peter-hammer-verlag.de/;Buchwissenschaft, Buchhandel
2191;Peter Rathke Verlag;;;;;;;
2192;Petri;Petri-Presse;Basel;;;1085800466;;
2193;Petrus;;;;;;;
2194;Pfeifenberger;Wolfgang Pfeifenberger (Firma);Tamsweg;;;1065432658;http://www.pfeifenberger.at;Buchwissenschaft, Buchhandel
2195;Pferdoman;Pferdoman;;;;106405501X;http://www.pferdoman.de;Buchwissenschaft, Buchhandel
2196;Philipp von Zabern;Verlag Philipp von Zabern;"Darmstadt; Mainz";1879;;1084034-5;https://www.wbg-wissenverbindet.de/ueber-uns/der-verlag/verlagsprogramme/;Buchwissenschaft, Buchhandel
2197;Phillip Schmidt Verlag;;;;;;;
2198;Picus Verlag;Picus-Verlag;Wien;XX.06.1984;;4465052-8;http://www.picus.at;Buchwissenschaft, Buchhandel
2199;Piepmatz-Verl.;piepmatz Verlag;;26.03.2010;;1064741274;http://www.piepmatz-verlag.de;Buchwissenschaft, Buchhandel
2200;Pigmentar Verlag;Pigmentar GmbH;Bad Sassendorf;;;1065793618;http://www.pigmentar.com;Buchwissenschaft, Buchhandel
2201;Pilgerverlag;Pilgerverlag;"Speyer; Annweiler am Trifels";;;1067145249;https://www.pilgerverlag.de/;Buchwissenschaft, Buchhandel
2202;Pilum Literatur Verlag;Pilum Literatur Verlag;Strasshof an der Nordbahn;;;1065435509;https://www.pilumliteratur.at/;Buchwissenschaft, Buchhandel
2203;Pingpong-Verl.;Pingpong-Verlag Buchinger;;;;1065790988;;Buchwissenschaft, Buchhandel
2204;Pinguletta Verlag;;;;;;;
2205;Piper;Piper Verlag;München;;;10078672-8;https://www.piper.de/;Buchwissenschaft, Buchhandel
2206;Pirrot;Digitaldruck Pirrot GmbH;Saarbrücken;;;1064205615;http://www.pirrot.de;Buchwissenschaft, Buchhandel
2207;Plaggenhauer;PLAGGENHAUER Verlag e.K.;Buxtehude;;;1065498772;http://www.plaggenhauer.de;Buchwissenschaft, Buchhandel
2208;Plan9;;;;;;;
2209;Playtime Verlag;;;;;;;
2210;Plaza;;;;;;;
2211;Plöchl;;;;;;;
2212;PoCul-Verlag;PoCul- Politik und Cultur e.V.;Saarbrücken;;;1065144644;http://www.pocul.de;Buchwissenschaft, Buchhandel
2213;Poetenladen;Poetenladen;Leipzig;2007;;1066136599;http://www.poetenladen.de;Buchwissenschaft, Buchhandel
2214;Pohlmann Verlag;Venusberg Verlag Pohlmann KG;Dortmund;;;1065656505;;Buchwissenschaft, Buchhandel
2215;Polamedia-Verl.;polamedia Verlag;Essen (Oldenburg);;;1064060552;http://www.polamedia.de;Buchwissenschaft, Buchhandel
2216;Polarise;;;;;;;
2217;Pomaska-Brand;Druck und Verlag Pomaska-Brand GmbH;Schalksmühle;;;1065781938;http://www.pomaska-brand-verlag.de;Buchwissenschaft, Buchhandel
2218;Pop Verlag;Pop Verlag;Ludwigsburg;18.12.2003;;1065972555;;Buchwissenschaft, Buchhandel
2219;Port-Royal-Verl.;Port Royal Verlag;Kaufbeuren;;;1064795390;;Buchwissenschaft, Buchhandel
2220;Portmann;;;;;;;
2221;Post-Verlag;;;;;;;
2222;Praesens;Praesens VerlagsgesmbH;Wien;1989;;1065229615;http://www.praesens.at;Buchwissenschaft, Buchhandel
2223;Praesens Verlag;Praesens VerlagsgesmbH;Wien;1989;;1065229615;http://www.praesens.at;Buchwissenschaft, Buchhandel
2224;Preface Book;;;;;;;
2225;Premio-Verl.;Premio Verlag GmbH;Münster (Westf);04.04.2006;;1065647867;http://www.premio-verlag.de;Buchwissenschaft, Buchhandel
2226;Pressel;Pressel & Kusch;Stuttgart;;;1123972869;;
2227;Pretty Print;Pretty Print;Mainz;;;1064743196;;Buchwissenschaft, Buchhandel
2228;Preußler;Preußler Druck + Versand;Nürnberg;;31.12.2022;1296081001;http://www.preussler-verlag.de;Buchwissenschaft, Buchhandel
2229;Primero-Verl.;PRIMERO VERLAG GMBH;München;;;1065565941;http://www.primeroverlag.de;Buchwissenschaft, Buchhandel
2230;Primär Verlag;;;;;;;
2231;Principal-Verl.;Principal Verlag;Münster (Westf);01.08.1996;;1064200842;http://www.principal.de;Buchwissenschaft, Buchhandel
2232;Printhaus Druck GmbH;;;;;;;
2233;Printsystem Medienverlag;printsystem Medienverlag GdbR H. Harfensteller u. W. Petersdorf;Heimsheim;;;1067143033;;Buchwissenschaft, Buchhandel
2234;Privated. Der Brunnen;;;;;;;
2235;Priwet Litera;Priwet Litera Ltd.;Rudolstadt;;;1065536534;http://www.der-neue-morgen.de;Buchwissenschaft, Buchhandel
2236;Pro BUSINESS;Pro Business Digital Printing & Copyservice GmbH (Berlin);Berlin;1980;;10135813-1;http://www.pro-business.com;"Buchwissenschaft, Buchhandel; Einzelne Branchen der Industrie und des Handwerks"
2237;Pro Libro;Verlag Pro Libro Luzern;"Luzern; Gwatt";2006;;1047672332;https://prolibro.ch;Buchwissenschaft, Buchhandel
2238;Pro Lyrica Grundversorgung;;;;;;;
2239;Pro Mente Edition;pro mente edition;Linz;;;1065215398;http://www.promenteooe.at/edition;Buchwissenschaft, Buchhandel
2240;Pro Message;pro MESSAGE oHG;Ludwigshafen am Rhein;01.09.2002;;1065864442;http://www.pro-message.de;Buchwissenschaft, Buchhandel
2241;ProKunde-Verl.;;;;;;;
2242;ProMÖLLTAL - Initiative für Bildung, Kultur, Wirtschaft und Tourismus;ProMÖLLTAL - Initiative für Bildung, Kultur, Wirtschaft und Tourismus;"Großkirchheim-Döllach; Großkirchheim";;;1160755752;https://www.promoelltal.net/;
2243;Progressing-Your-Ideas-GmbH;;;;;;;
2244;Projekt Verlag;Projekte-Verlag Cornelius GmbH;Halle (Saale);1991;;1064326293;;Buchwissenschaft, Buchhandel
2245;Prolibris Verlag;Prolibris Verlag;Kassel;15.11.1999;;1064201482;http://www.prolibris-verlag.de;Buchwissenschaft, Buchhandel
2246;Promedia;Promedia Verlag;Wien;1982;;10162734-8;http://www.mediashop.at;"Buchwissenschaft, Buchhandel; Einzelne Branchen der Industrie und des Handwerks"
2247;Prospero;Prospero Verlag Münster;Münster (Westf);;;1065134312;;Buchwissenschaft, Buchhandel
2248;Provinz-Verl.;Provinz Verlag;Brixen;;;1066114749;http://www.provinz-verlag.com/index.html;Buchwissenschaft, Buchhandel
2249;Proyect Wogama;Proyect Wogama Ltd.;;;;1066124752;http://www.knappweb.de;Buchwissenschaft, Buchhandel
2250;Präsenz Medien & Verlag;;;;;;;
2251;Pubbles;Pubbles GmbH & Co. KG;München;;;1067135871;;Buchwissenschaft, Buchhandel
2252;Publ.-Textgemeinschaft;Textgemeinschaft Publikationen;;;;16093890-9;;
2253;Public book media Verlag;;;;;;;
2254;Publishing, TORRO Kids;;;;;;;
2255;Puntas Reportagen;Puntas Reportagen AG;"Zollikon; Bern";2011;;1065168136;http://www.reportagen.com;Buchwissenschaft, Buchhandel
2256;Puppen und Masken;Puppen und Masken;Frankfurt am Main;1976;1986;2058433-7;;Einzelne Branchen der Industrie und des Handwerks
2257;Puput Books;;;;;;;
2258;Puregraphik;Verlag Puregraphik;;;;1064728693;http://www.puregraphik.com;Buchwissenschaft, Buchhandel
2259;Pustet;Anton Pustet Verlag;"Freilassing; München; Salzburg";1854;;1036902994;https://pustet.at;Buchwissenschaft, Buchhandel
2260;Pädagogische Forschungsstelle beim Bund der Freien Waldorfschulen;Pädagogische Forschungsstelle beim Bund der Freien Waldorfschulen;Stuttgart;1984;;2017425-1;http://www.waldorfschule.de/organisation/waldorfschulende-paedagogische-forschungsstelle/;
2261;Péter Pál Meleghy;;;;;;;
2262;Q5 Verlag;;;;;;;
2263;Qindie;Qindie (Autorenkollektiv);Bockenem;;;1221305468;;
2264;Quadrate TV Evelyn und Hans-Georg Sandmann;Quadrate TV e.K.;Mannheim;;;1065654812;http://www.quadrate.tv;Buchwissenschaft, Buchhandel
2265;Quadratkreis-Autorenverl.;QUADRATKREIS Autorenverlag;Rösrath;;;106713056X;http://www.quadratkreis.de;Buchwissenschaft, Buchhandel
2266;Quadriga;Quadriga;Berlin;01.10.1979;;1065108044;;Buchwissenschaft, Buchhandel
2267;Quartierverein Riesbach;Quartierverein Riesbach;Zürich-Riesbach;;;2137653-0;;
2268;Queich Verlag;Queich Verlag;Berlin;;;1065865082;http://www.queich-verlag.de;Buchwissenschaft, Buchhandel
2269;Quermarken-Verl.;Quermarken Verlag oHG;Hamburg;;;1064299849;;Buchwissenschaft, Buchhandel
2270;Querverlag;Querverlag;Berlin;XX.08.1995;;1064783848;https://www.querverlag.de;Buchwissenschaft, Buchhandel
2271;Quetsche, Verl. für Buchkunst;Quetsche, Verlag für Buchkunst;"Witzwort; Berlin";198X;;2121126-7;http://www.quetsche-witzwort.de/;"Einzelne Branchen der Industrie und des Handwerks; Buchwissenschaft, Buchhandel"
2272;Quickborn Verlag;Quickborn-Verlag Peer-Marten Scheller;Hamburg;12.10.1915;;106510748X;http://www.quickborn-verlag.de;Buchwissenschaft, Buchhandel
2273;Quickborn-Verlag;Quickborn-Verlag Peer-Marten Scheller;Hamburg;12.10.1915;;106510748X;http://www.quickborn-verlag.de;Buchwissenschaft, Buchhandel
2274;Quintus-Verlag;Quintus-Verlag;Berlin;2016;;1233337513;https://www.quintus-verlag.de/;
2275;Quiqueg;;;;;;;
2276;R & W Verlag der Editionen;R & W Verlag der Editionen KG;Berlin;28.09.2009;;1064725813;http://www.ruw-verlag.de;Buchwissenschaft, Buchhandel
2277;R. Hartmann;Rudolph Hartmann (Leipzig);Leipzig;1841;;1072982161;;
2278;R. Schley;;;;;;;
2279;R.G. Fischer Verlag;R.G. Fischer Verlag GmbH;Frankfurt am Main;01.10.1977;;1065490399;;Buchwissenschaft, Buchhandel
2280;RDI-Verl.;RDI Verlag;Speyer;1997;;1065021607;http://www.rdi-verlag.de;Buchwissenschaft, Buchhandel
2281;REGIA Verlag;REGIA VERLAG;Cottbus;;;106406003X;http://www.regia-verlag.de;Buchwissenschaft, Buchhandel
2282;REGIA-CO-WORK;;;;;;;
2283;RISSE e.V.;Risse, Verein zur Förderung Neuer Literatur in Mecklenburg-Vorpommern;;;;10016491-2;;
2284;RMd-Verlag;RMd Verlag;;;;1065654499;http://www.raftopoulo-md.com;Buchwissenschaft, Buchhandel
2285;ROPO-Verl.;Ropo-Verlag;;;;1066132607;;Buchwissenschaft, Buchhandel
2286;ROWOHLT Repertoire;Rowohlt Verlag;"Reinbek; Hamburg; Stuttgart";09.11.1945;;2020049-3;https://www.rowohlt.de;Buchwissenschaft, Buchhandel
2287;RS-Verlag;RS-Verlag;Heidelberg;;;1065525079;;Buchwissenschaft, Buchhandel
2288;Radius Verlag;Radius-Verlag;Stuttgart;28.12.1962;;27039-8;http://www.radius-verlag.de;Buchwissenschaft, Buchhandel
2289;Raiffeisenbank Baden;Raiffeisenbank (Sandweier, Baden-Baden);;;;16018431-9;;Einzelne Branchen der Industrie und des Handwerks
2290;Raimund Fellner Verlag;;;;;;;
2291;Ramlow;Ramlow-Verlag;Stuttgart;1973;;1104131307;http://www.ramlow-verlag.de/;
2292;Randexistenz;;;;;;;
2293;Raposa Verlag;;;;;;;
2294;Rasch;;;;;;;
2295;Rathke;;;;;;;
2296;Ratio-Books;ratio-books;;XX.01.2006;;1064196888;http://www.ratio-books.de;Buchwissenschaft, Buchhandel
2297;Rauch;;;;;;;
2298;Rauhreif-Verl.;Rauhreif Verlag;Zürich;;;1064063179;http://www.nimrodundrauhreif.ch;Buchwissenschaft, Buchhandel
2299;Raum Italic;RAUM Italic | SPAZIO Corsivo;Berlin;;;1047221691;http://www.raumitalic.com/;
2300;Rautenberg;Rautenberg Verlag;Würzburg;;;106413744X;http://www.verlagshaus.com;Buchwissenschaft, Buchhandel
2301;Razamba;Verlag Razamba;;;;1065137680;http://www.razamba.de;Buchwissenschaft, Buchhandel
2302;Reader's Digest;Reader's Digest Association;;;;4039648-4;;Buchwissenschaft, Buchhandel
2303;Reche;Reche & Recall;;;;16062987-1;;Musik (Allgemeines), Musikgeschichte
2304;Reclam;Reclam-Verlag (Leipzig). Reclam-Archiv;Leipzig;2012;;1049957253;;
2305;Red Rabbit;Red Rabbit;Trebbin;;;1065497040;;Buchwissenschaft, Buchhandel
2306;Redaktion Phantastik;;;;;;;
2307;Redieck & Schade;Redieck & Schade GbR (Rostock);Rostock;;;2158295-6;;Einzelne Branchen der Industrie und des Handwerks
2308;Rediroma Verlag;Rediroma-Verlag;Remscheid;01.08.2006;;1064138225;http://www.rediroma-verlag.de;Buchwissenschaft, Buchhandel
2309;Regelverlag;Regelverlag;Rostock;17.07.1998;;1065706502;;Buchwissenschaft, Buchhandel
2310;Regia;REGIA VERLAG;Cottbus;;;106406003X;http://www.regia-verlag.de;Buchwissenschaft, Buchhandel
2311;Regia Verlag;REGIA VERLAG;Cottbus;;;106406003X;http://www.regia-verlag.de;Buchwissenschaft, Buchhandel
2312;Regina Mars c/o Block Services;;;;;;;
2313;Regio Energie Solothurn;Regio Energie Solothurn;Solothurn;2002;;1022223437;http://www.regioenergie.ch/;"Energie- und Wasserwirtschaft; Öffentliche Wirtschaft, Abfallwirtschaft, Gesundheitsökonomie"
2314;Regionalia Verlag;Regionalia Verlag GmbH;Rheinbach;;;1064205747;https://regionalia-verlag.de/;Buchwissenschaft, Buchhandel
2315;Regioverl. Südwest;;;;;;;
2316;Reichert;Verlag Dr. Ludwig Reichert Inhaberin Ursula Reichert;Wiesbaden;02.01.1970;;1065107307;https://reichert-verlag.de/;Buchwissenschaft, Buchhandel
2317;Reiffer;Verlag Andreas Reiffer;"Braunschweig; Meine";2000;;106586938X;http://www.verlag-reiffer.de;Buchwissenschaft, Buchhandel
2318;Reimer;;;;;;;
2319;Reimheim-Verlag;;;;;;;
2320;Reimo-Verlag;Reimo-Verlag;;1996;;1064057047;http://www.reitmajer-verlag.de;Buchwissenschaft, Buchhandel
2321;Reinecke & Voß;Verlag Reinecke & Voß;Leipzig;;;1065166486;http://www.reinecke-voss.de;Buchwissenschaft, Buchhandel
2322;Reinhardt;;;;;;;
2323;Reischl Roland Verlag;Roland Reischl Verlag;Köln;21.07.2008;;106611238X;https://www.rr-verlag.de;Buchwissenschaft, Buchhandel
2324;Reise-Know-How Verlag Erika Därr u. Klaus Därr;;;;;;;
2325;Reise-Know-How-Verl. Hermann;Reise Know-How Verlag Hermann;Markgröningen;;;1065100671;;Buchwissenschaft, Buchhandel
2326;Reisebuch Verlag;;;;;;;
2327;RenMai Verlag;RenMai Verlag Agentur Bauer;Wien;2004;;1064725848;http://www.renmai.at;Buchwissenschaft, Buchhandel
2328;Renaissance-Verl. Marburg;;;;;;;
2329;Rendezvous Verlag;Rendezvous-Verlag;Baden-Baden;;;1065429746;;Buchwissenschaft, Buchhandel
2330;Renneritz Verlag;Renneritz Verlag;Sandersdorf (Brehna);2007;;1065505078;https://www.renneritz-verlag.de;Buchwissenschaft, Buchhandel
2331;Renáta Baumann-Chybová;;;;;;;
2332;Residenz Verlag;Residenz Verlag;"Salzburg; Sankt Pölten; Wien";1956;;10144473-4;https://www.residenzverlag.com/;Buchwissenschaft, Buchhandel
2333;Residenzkaufhaus;;;;;;;
2334;Resistenz-Verl.;Resistenz;"Linz; Wien";;;1065436009;http://www.resistenzverlag.com;Buchwissenschaft, Buchhandel
2335;Rhein Wörtlich;rhein wörtlich e.V.;Köln;;;1065565682;;Buchwissenschaft, Buchhandel
2336;Rhein-Mosel-Verlag;Rhein-Mosel-Verlag;Zell (Mosel);1991;;1064294960;http://www.rhein-mosel-verlag.de;Buchwissenschaft, Buchhandel
2337;Rheingauer Mundartverein e. V.;Rheingauer Mundartverein;;;;5245698-5;;
2338;Rheinischer Landwirtschafts-Verl.;Rheinischer Landwirtschafts-Verlag;Bonn;02.02.1950;;1038633230;;Buchwissenschaft, Buchhandel
2339;Rheinlandia-Verl.;Rheinlandia Verlag & Antiquariat;Siegburg;01.01.1985;;1064199119;;Buchwissenschaft, Buchhandel
2340;RiWei-Verl.;Riwei-Verlag GmbH;;;;1065431295;http://www.riwei-verlag.de;Buchwissenschaft, Buchhandel
2341;Richmond-Verl.;Richmond Verlag;Sulzbach-Rosenberg;;;1065961995;;Buchwissenschaft, Buchhandel
2342;Richter;Verlag Robert Richter;Hanau;;;1246228408;;
2343;Rimbaud Verlag;Rimbaud Verlag;Aachen;1984;;1038660157;http://www.rimbaud.de/;Buchwissenschaft, Buchhandel
2344;Ring of light;;;;;;;
2345;Ringelberg Verlag;;;;;;;
2346;Ringelbergverlag;Ringelbergverlag;Erfurt;;;1245341669;https://www.ringelbergverlag.de/;
2347;Ripperger & Kremers;Ripperger & Kremers Verlag;Berlin;;;106556371X;https://verlag-ripperger-kremers.de;Buchwissenschaft, Buchhandel
2348;Ripperger & Kremers Verlag;Ripperger & Kremers Verlag;Berlin;;;106556371X;https://verlag-ripperger-kremers.de;Buchwissenschaft, Buchhandel
2349;Ritschel;Jürgen Ritschel (Firma);;;;1064298125;;Buchwissenschaft, Buchhandel
2350;Ritter;;;;;;;
2351;Ritter Klagenfurt;Kunsthalle Ritter (Klagenfurt);Klagenfurt;;;5083417-4;;Bildende Kunst
2352;Riverfield Verlag;Riverfield Verlag;Reinach (Basel-Landschaft);2014;;1196980233;;
2353;RoRo Hand & Kopfwerkstatt;;;;;;;
2354;Rockstuhl;Verlag Rockstuhl;Bad Langensalza;01.04.1990;;1064213219;http://www.verlag-rockstuhl.de;Buchwissenschaft, Buchhandel
2355;Roderer;Roderer;Regensburg;24.06.1983;;106510636X;http://www.roderer-verlag.de;Buchwissenschaft, Buchhandel
2356;Rodneys Underground Press;;;;;;;
2357;Rohans Verlag c/o Block Services;;;;;;;
2358;Roki-Art VSH Verlag Schönrock & Heikamp;;;;;;;
2359;Roland Klöpfer Verlag;;;;;;;
2360;Roland Reischl Verlag;Roland Reischl Verlag;Köln;21.07.2008;;106611238X;https://www.rr-verlag.de;Buchwissenschaft, Buchhandel
2361;RomanVerl.;RomanVerlag;Riesa;;;1065961596;http://www.romanverlag.de;Buchwissenschaft, Buchhandel
2362;Romantruhe - Buchversand;Romantruhe - Buchversand;;;;1065130031;http://www.romantruhe.de;Buchwissenschaft, Buchhandel
2363;Rombach;Rombach Verlag;Freiburg im Breisgau;1981;2020;1088111777;https://www.rombach-verlag.de;
2364;Romeon Verlag;Romeon Verlag;"Jüchen; Kaarst";;;1257270761;https://www.romeon-verlag.de/;
2365;Romowe;;;;;;;
2366;Rosamontis-Verl.;Rosamontis Verlag;Ludwigshafen am Rhein;;;1065558279;http://www.rosamontis.de;Buchwissenschaft, Buchhandel
2367;Rosenfluh Publikationen AG;Rosenfluh Publikationen AG;Neuhausen am Rheinfall;;;1065857047;http://www.rosenfluh.ch;Buchwissenschaft, Buchhandel
2368;Rosner;;;;;;;
2369;Rosspoint;;;;;;;
2370;Rostocker Frauenkulturverein Die Beginen e.V.;Beginen e.V.;Rostock;;;5207145-5;;
2371;Rot und Licht;Rot und Licht;Berlin;;;106473541X;;Buchwissenschaft, Buchhandel
2372;Rotabene Medienhaus;Rotabene Data Service GmbH & Co. KG;Rothenburg ob der Tauber;;;1065561423;http://www.rotabene.de;Buchwissenschaft, Buchhandel
2373;Rotary-Verl.;;;;;;;
2374;Rotblatt, Kater;;;;;;;
2375;Rotbuch-Verl.;Rotbuch Verlag;"Hamburg; Berlin; Berlin (West)";1973;;2032251-3;https://www.rotbuch.de;Buchwissenschaft, Buchhandel
2376;Rotenbach-Verl.;Rotenbach Verlag GmbH & Co. KG;Baden-Baden;;;1064335284;;Buchwissenschaft, Buchhandel
2377;Rotpunktverlag;Rotpunktverlag;Zürich;1977;;10179368-6;http://www.rotpunktverlag.ch;"Einzelne Branchen der Industrie und des Handwerks; Buchwissenschaft, Buchhandel"
2378;Rotten Verlag;Rotten Verlag;Visp;;;1064066437;http://www.rotten-verlag-visp.ch;Buchwissenschaft, Buchhandel
2379;Rowohl Polaris;Rowohlt Polaris Verlag;"Hamburg; Reinbek";XX.11.2010;;1065428863;;Buchwissenschaft, Buchhandel
2380;Rowohlt;Rowohlt Verlag;"Reinbek; Hamburg; Stuttgart";09.11.1945;;2020049-3;https://www.rowohlt.de;Buchwissenschaft, Buchhandel
2381;Rowohlt Berlin;Rowohlt Berlin Verlag;Berlin;02.09.1990;;10161857-8;http://www.rowohlt.de/verlage/rowohlt-berlin;Buchwissenschaft, Buchhandel
2382;Rowohlt Hundert Augen;Rowohlt Hundert Augen (Firma);Hamburg;;;1340950219;;Buchwissenschaft, Buchhandel
2383;Rowohlt Repertoire;Rowohlt Verlag;"Reinbek; Hamburg; Stuttgart";09.11.1945;;2020049-3;https://www.rowohlt.de;Buchwissenschaft, Buchhandel
2384;Rowohlt Taschenbuch Verlag;Rowohlt Taschenbuch Verlag;"Reinbek; Hamburg";1953;;4655865-2;https://www.rowohlt.de/;Buchwissenschaft, Buchhandel
2385;Rowohlt Verlag GmbH;Rowohlt Verlag;"Reinbek; Hamburg; Stuttgart";09.11.1945;;2020049-3;https://www.rowohlt.de;Buchwissenschaft, Buchhandel
2386;Roßdorf : Wolfbach;;;;;;;
2387;Rudolph;;;;;;;
2388;Ruhland Verlag;Ruhland Verlag GmbH;Bad Soden am Taunus;01.07.1968;;1065172680;http://www.ruhland-verlag.de;Buchwissenschaft, Buchhandel
2389;Ruhrkrimi-Verlag;;;;;;;
2390;Ruhrliteratur;;;;;;;
2391;Ryckschau;;;;;;;
2392;Röll;Verlag J.H. Röll;Dettelbach;1989;;1064797792;https://roell-verlag.de;Buchwissenschaft, Buchhandel
2393;Röser-Presse;Röser Presse GmbH;Karlsruhe;;;1067136622;http://www.roeser-presse.de;Buchwissenschaft, Buchhandel
2394;Rübenberger Verl. Weiß;Rübenberger Verlag;;XX.08.2002;;1065527330;http://www.ruebenberger-verlag.de;Buchwissenschaft, Buchhandel
2395;Rüger;;;;;;;
2396;S. Fischer Verlag;S. Fischer Verlag;"Frankfurt am Main; Berlin";"01.09.1886; 26.04.1950";XX.XX.1942;43325-1;;Buchwissenschaft, Buchhandel
2397;S. Hirzel Verlag;S. Hirzel Verlag (Stuttgart);Stuttgart;;;2064562-4;http://www.hirzel.de;Buchwissenschaft, Buchhandel
2398;S. Roderer Verlag;Roderer;Regensburg;24.06.1983;;106510636X;http://www.roderer-verlag.de;Buchwissenschaft, Buchhandel
2399;S. Sell Heimat-Verlag;Heimat-Verlag Altenburg;Altenburg (Thüringen);;;1064735487;;Buchwissenschaft, Buchhandel
2400;S.Fischer;S. Fischer Verlag;"Frankfurt am Main; Berlin";"01.09.1886; 26.04.1950";XX.XX.1942;43325-1;;Buchwissenschaft, Buchhandel
2401;SCALA Verlag;Scala Verlag GmbH;Velbert;;;1064066550;;Buchwissenschaft, Buchhandel
2402;SCM;SCM;;;;16147698-3;;
2403;SCRATCH Verlag;SCRATCH Verlag;Hamburg;01.06.2007;;1065976690;http://www.scratch-verlag.de;Buchwissenschaft, Buchhandel
2404;SCW Auer-Sällef;SCW Auer-Sällef;Saarbrücken;;;1065652348;;Buchwissenschaft, Buchhandel
2405;SE Stengel;;;;;;;
2406;SELLBERG Verlag;;;;;;;
2407;SIGNUM e. V. Dresden;;;;;;;
2408;SJM-Verl.;SJM-Verlag GmbH;;;;1065554613;;Buchwissenschaft, Buchhandel
2409;SJW;SJW Schweizerisches Jugendschriftenwerk;Zürich;;;2043777-8;https://sjw.ch/;"Buchwissenschaft, Buchhandel; Bildungswesen (Allgemeines); Literarisches Leben"
2410;SP-Verlag;SP-Verlag Medien oHG;;;;1065661401;http://www.sp-verlag.de;Buchwissenschaft, Buchhandel
2411;SPRACHFLECHTWERK;;;;;;;
2412;SSE-Verl.;;;;;;;
2413;SUKULTUR;SuKuLTuR;"Berlin; Hamburg";1995;;1065701055;http://www.sukultur.de;Buchwissenschaft, Buchhandel
2414;SWB-Verl.;;;;;;;
2415;SWR Media Services GmbH;SWR Media Services GmbH;Stuttgart;;;1065423284;https://www.swrmediaservices.de;Buchwissenschaft, Buchhandel
2416;Saarländisches Künstlerhaus;Saarländisches Künstlerhaus Saarbrücken;Saarbrücken;1985;;2126362-0;http://www.kuenstlerhaus-saar.de;Buchwissenschaft, Buchhandel
2417;Sabrina Kossel, Milchbart Company Leipzig;;;;;;;
2418;SadWolf;;;;;;;
2419;SadWolf Verlag;;;;;;;
2420;Safari-Discoverer-Verlag;Safari-Discoverer Verlag;Attendorn;;;1065225245;;Buchwissenschaft, Buchhandel
2421;Sagner;Kubon & Sagner;"München; Furth im Wald";XX.XX.1947;30.06.2017;1047506-0;;Buchwissenschaft, Buchhandel
2422;Salier Verlag;Salier Verlag;Leipzig;01.04.2006;;1065649460;https://salierverlag.buchhandlung.de/;Buchwissenschaft, Buchhandel
2423;Salis;Salis Verlag;Zürich;2006;2019;1065289049;http://www.salisverlag.com;Buchwissenschaft, Buchhandel
2424;Salon-LiteraturVerl.;SALON LiteraturVerlag;München;;;106405966X;;Buchwissenschaft, Buchhandel
2425;SalonPresse;;;;;;;
2426;Salonlöwe-Verl.;Salonlöwe Verlag;Mainz;;;1065716761;http://www.salonlöwe-verlag.de;Buchwissenschaft, Buchhandel
2427;Salsa Verlag;;;;;;;
2428;Salzgitter, Print & Lettershop;;;;;;;
2429;Samenkorn e.V.;Samenkorn e.V.;Steinhagen;;;10084768-7;;Buchwissenschaft, Buchhandel
2430;Samples;Samples;;;;6118683-1;;Musik (Allgemeines), Musikgeschichte
2431;Sand;;;;;;;
2432;SaniVal;SaniVal;Korbach;;;1065228686;http://www.sanival.de;Buchwissenschaft, Buchhandel
2433;Sankt-Ulrich-Verl.;Sankt-Ulrich-Verlag;Augsburg;;;7564159-8;;Buchwissenschaft, Buchhandel
2434;Saphir im Stahl;Saphir im Stahl (Körperschaft);Bickenbach (Landkreis Darmstadt-Dieburg);21.05.2010;;1065965923;https://saphir-im-stahl.de;Buchwissenschaft, Buchhandel
2435;Sarastro;Sarastro GmbH;Paderborn;;;1065494734;;Buchwissenschaft, Buchhandel
2436;Sarganserländer Verl.;;;;;;;
2437;Sarturia Verlag e.K. Autoren Service;Sarturia Verlag e.K. Autoren-Service;;2005;;1064287468;http://www.sarturia.com;Buchwissenschaft, Buchhandel
2438;Sascha Eysoldt Verlag;;;;;;;
2439;Sassafras;Sassafras Verlag;Krefeld;;;1065369301;;Buchwissenschaft, Buchhandel
2440;Satyr-Verl.;Satyr-Verlag;München;;;1065297343;;Buchwissenschaft, Buchhandel
2441;Satz und Druck Herrmann AG;Herrmann AG;Langnau im Emmental;1975;;1225821096;https://www.herrmann-druck.ch/;
2442;SatzZeichen, Autorengruppe;;;;;;;
2443;Satzwerk-Verl.;Satzwerk;Göttingen;;;1067144366;http://www.satzwerk.de;Buchwissenschaft, Buchhandel
2444;Saunar;Reiner Saunar (Firma);;08.08.2003;;1065861176;http://www.saunar-verlag.de;Buchwissenschaft, Buchhandel
2445;Sautter, Verlag für Systemische Konzepte;Verlag für Systemische Konzepte;Ravensburg;;;1064789374;http://www.verlagsystemkonzepte.de;Buchwissenschaft, Buchhandel
2446;Schadinsky Verlag;Schadinsky (Verlag, Celle);;;;1085859029;;
2447;Schalita-Verl.;Schalita-Verlag;Köln;04.10.2007;;1065437218;http://www.schalitaverlag.de;Buchwissenschaft, Buchhandel
2448;Schalk-Verl. Scherer;Schalk-Verlag;;;;1065788525;http://www.schalkverlag.de;Buchwissenschaft, Buchhandel
2449;Schaltzeit-Verl.;Schaltzeit Verlag, Andreas Illmann;Berlin;2009;;1289643679;;
2450;Schardt Verlag;Schardt Verlag e.K.;Oldenburg (Oldenburg);1998;;1065785763;http://www.schardtverlag.de;Buchwissenschaft, Buchhandel
2451;Schattenlicht-Verl.;Schattenlicht Verlag UG (haftungsbeschränkt);Wiesbaden;;;1064300014;;Buchwissenschaft, Buchhandel
2452;Scherz;;;;;;;
2453;Schibri-Verlag;Schibri-Verlag;;;;1064198872;http://www.schibri.de;Buchwissenschaft, Buchhandel
2454;Schiermeier;Franz Schiermeier (Firma);München;25.07.2003;;1065652046;"https://www.stadtatlas-muenchen.de/; https://www.franz-schiermeier-verlag.de";Buchwissenschaft, Buchhandel
2455;Schiler;Schiler & Mücke;Tübingen;;;1328029913;https://www.schiler-muecke.de/;
2456;Schiler & Mücke;Schiler & Mücke;Tübingen;;;1328029913;https://www.schiler-muecke.de/;
2457;Schiler***5005585;Verlag Hans Schiler;Berlin;2002;;1065490283;;Buchwissenschaft, Buchhandel
2458;Schiller Verlag;Schiller Verlag;Bonn;;;1065496370;http://www.schiller-hermannstadt.de;Buchwissenschaft, Buchhandel
2459;Schillinger Verlag;Schillinger Verlag GmbH;Freiburg im Breisgau;22.05.1984;;1065173482;http://www.schillingerverlag.de;Buchwissenschaft, Buchhandel
2460;Schillo-Verlag;;;;;;;
2461;Schinken Verlag;;;;;;;
2462;Schirner Verlag;Schirner Verlag;Darmstadt;01.09.1994;;106412853X;http://www.schirner.com;Buchwissenschaft, Buchhandel
2463;Schlosser;Verlagshaus Schlosser;;2006;;106421293X;;Buchwissenschaft, Buchhandel
2464;Schlütersche;Schlütersche Verlagsanstalt und Druckerei;Hannover;1747;;2040420-7;;Buchwissenschaft, Buchhandel
2465;Schmenk;Nicole Schmenk (Firma);;;;106528523X;http://www.verlag-schmenk.de;Buchwissenschaft, Buchhandel
2466;Schmetterling Stuttgart;Schmetterling-Verlag (Stuttgart);Stuttgart;13.04.1987;;5159761-5;http://www.schmetterling-verlag.de;"Einzelne Branchen der Industrie und des Handwerks; Buchwissenschaft, Buchhandel"
2467;Schmid;;;;;;;
2468;Schmid Otreba Seitz Medien;Schmid Otreba Seitz Medien GmbH & Co. KG;Mannheim;;;1065170394;http://www.sosmedien.de;Buchwissenschaft, Buchhandel
2469;Schmidt;;;;;;;
2470;Schmidt & Klaunig;Schmidt und Klaunig (Kiel);Kiel;;;2034089-8;http://www.schmidt-klaunig.de;Buchwissenschaft, Buchhandel
2471;Schmidt von Schwind;Schmidt von Schwind Verlag UG (haftungsbeschränkt);Köln;01.04.1996;;106542826X;;Buchwissenschaft, Buchhandel
2472;Schmitz;;;;;;;
2473;Schmöker-Verl.;Schmöker Verlag;;;;1066114870;http://www.schmoeker-verlag.de;Buchwissenschaft, Buchhandel
2474;Schmöker-Verl. Bienert;Schmöker Verlag;;;;1066114870;http://www.schmoeker-verlag.de;Buchwissenschaft, Buchhandel
2475;Schneider;;;;;;;
2476;Schneider Hohengehren;Schneider Verlag Hohengehren GmbH;Baltmannsweiler;01.01.1927;;1065862830;http://www.paedagogik.de;Buchwissenschaft, Buchhandel
2477;Schneider, Nadine;;;;;;;
2478;Schnell;Verlag Schnell Peter Salmann;Warendorf;1834;;105804298X;http://www.verlag-schnell.de/;Buchwissenschaft, Buchhandel
2479;Schnider;;;;;;;
2480;Scholastika-Verlag;Scholastika-Verlag;Obing;;;1064057616;http://www.scholastika-verlag.de;Buchwissenschaft, Buchhandel
2481;Scholz;;;;;;;
2482;SchreibStimme;;;;;;;
2483;"Schreibgruppe ""ausgewundert""";;;;;;;
2484;Schreiblust-Verlag;Schreiblust-Verlag;Dortmund;;;1065281692;http://www.schreib-lust.de;Buchwissenschaft, Buchhandel
2485;Schreibstark-Verlag;;;;;;;
2486;Schreibwaren Wegmann Inh. Janos Metz e. K.;;;;;;;
2487;Schreibwerkstatt Ost bei Edition Howeg;;;;;;;
2488;Schreibwerkstatt SCHRIFT:gut;Schrift:gut Schreibwerkstatt Carsten und Wolfgang Gerz (Westernohe);Westernohe;;;16013838-3;;"Buchwissenschaft, Buchhandel; Einzelne Branchen der Industrie und des Handwerks"
2489;Schroer;CH. SCHROER GmbH;Bergisch Gladbach;;;1064055648;http://www.chsbooks.de;Buchwissenschaft, Buchhandel
2490;Schruf & Stipetic;Schruf & Stipetic;Berlin;;;106510118X;http://www.schruf-stipetic.de;Buchwissenschaft, Buchhandel
2491;Schröder Verlag;Schroeder Verlag;Wildflecken;;;1064138217;http://www.schroeder-verlagsbuchhandlung.de;Buchwissenschaft, Buchhandel
2492;Schuler;Verlag F. Schuler;Chur;;;1064207995;;Buchwissenschaft, Buchhandel
2493;SchumacherGebler;;;;;;;
2494;Schuster;;;;;;;
2495;Schwab, Jörg;;;;;;;
2496;Schwager & Steinlein;Schwager & Steinlein Verlag GmbH;Köln;22.04.1909;;1065428421;http://www.schwager-steinlein-verlag.de;Buchwissenschaft, Buchhandel
2497;Schwalbe;;;;;;;
2498;Schwarzbuch Verlag;;;;;;;
2499;Schwarze-Zeilen Verlag;;;;;;;
2500;Schwarzer Drachen;;;;;;;
2501;Schwarzer Drachen Verlag;;;;;;;
2502;Schwarzkopf & Schwarzkopf;Schwarzkopf & Schwarzkopf Verlag;Berlin;02.06.1994;;1065499078;https://schwarzkopf-verlag.info/;Buchwissenschaft, Buchhandel
2503;Schweikert-Bonn-Verl.;Schweikert-Bonn-Verlag;Stuttgart;;;1065435576;http://www.schweikert-bonn-verlag.de;Buchwissenschaft, Buchhandel
2504;Schweitzerhaus-Verl.;Schweitzerhaus Verlag Karin Schweitzer e.K.;Lindlar;01.01.2007;;1065357273;http://www.schweitzerhaus.de;Buchwissenschaft, Buchhandel
2505;Schweizer Literaturgesellschaft;Schweizer Literaturgesellschaft;Zug;;;1065974086;http://www.europaeische-verlagsgesellschaften.ch;Buchwissenschaft, Buchhandel
2506;Schäfer;;;;;;;
2507;Schöffling & Co.;Schöffling & Co.;Frankfurt am Main;30.11.1993;;5564290-1;https://www.schoeffling.de/;Buchwissenschaft, Buchhandel
2508;Schöler;;;;;;;
2509;Schöningh;Verlag Ferdinand Schöningh;Paderborn;12.05.1847;;2178840-6;https://www.schoeningh.de/;"Buchwissenschaft, Buchhandel; Einzelne Branchen der Industrie und des Handwerks"
2510;Schönrock & Heikamp;;;;;;;
2511;Schünemann;Carl Ed. Schünemann KG;Bremen;1810;;2006946-7;http://www.schuenemann-verlag.de;"Einzelne Branchen der Industrie und des Handwerks; Papierherstellung, Grafische Technik; Buchwissenschaft, Buchhandel"
2512;Schütze, Engler, Weber;Schütze, Engler, Weber Verlags GbR;Dresden;28.06.2001;;1064927963;http://www.sew-verlag.de;Buchwissenschaft, Buchhandel
2513;Scribitur;;;;;;;
2514;Scribo Verlag;Scribo Verlagsgesellschaft;Steinenbronn;;;106543507X;http://www.scriboverlag.de;Buchwissenschaft, Buchhandel
2515;Secession, Verl. für Literatur;Secession Verlag für Literatur;Zürich;18.08.2009;;1052003311;;Buchwissenschaft, Buchhandel
2516;Seeling;Galerie Seeling;Fürth (Bayern);;;16099594-2;;Einzelne Branchen der Industrie und des Handwerks
2517;Seestern Verlag;Seestern Verlag;Bentwisch;2005;;1065653867;https://seesternverlag.de;Buchwissenschaft, Buchhandel
2518;Segler;Peter Segler Verlag;"Freiberg; Langhennersdorf";;;1065980531;http://www.segler-verlag.de;Buchwissenschaft, Buchhandel
2519;Seh-Weg-Verl.;;;;;;;
2520;Seidler;Lothar Seidler (Firma);Heidelberg;1995;;1065975864;http://www.seidler-verlag.de;Buchwissenschaft, Buchhandel
2521;Seifert Verlag;Seifert Verlag;Wien;;;1065355238;http://www.seifert-verlag.at;Buchwissenschaft, Buchhandel
2522;Seilschaft-Verl.;Roland Wagner Seilschaft Verlag;Reiferscheid;;;1064288413;http://www.rope-team.com;Buchwissenschaft, Buchhandel
2523;Seitenblick;Seitenblick;Siegburg;;;1067149325;;Buchwissenschaft, Buchhandel
2524;Seitenstraßen Verlag;Seitenstraßen Verlag GmbH;Berlin;;;1064922538;;Buchwissenschaft, Buchhandel
2525;Selbstlesebuch;Dein Selbstlesebuch;;;;1065162103;;Buchwissenschaft, Buchhandel
2526;Selbstverlag;Selbstverlag;Bremen;;;106420533X;;Buchwissenschaft, Buchhandel
2527;Selbstverlag B.R.;;;;;;;
2528;Selbstverlag KUBI;;;;;;;
2529;Selbstverlag Peter Vogler;;;;;;;
2530;Selbstverlag Susi Streichenberg;;;;;;;
2531;Selbstverlag des Autors Wolfgang Bornemann;;;;;;;
2532;Semann Verlag;Semann Verlag;Bochum;;;1065435673;;Buchwissenschaft, Buchhandel
2533;Semikolon-Verl.;Semikolon-Verlag;Berlin;;;106585935X;http://www.semikolon-verlag.de;Buchwissenschaft, Buchhandel
2534;Semmelroch;Frantz-Semmelroch Verlag GmbH;Kulmbach;10.04.2008;;1065538367;http://www.semmelroch-verlag.de;Buchwissenschaft, Buchhandel
2535;Senfkornverlag;;;;;;;
2536;Seniorenschreibtisch der Stadt Puchheim;Seniorenschreibtisch der Stadt Puchheim;Puchheim;2002;;102700119X;;
2537;Septime;Septime Verlag;Wien;2009;;1064797288;http://www.septime-verlag.at;Buchwissenschaft, Buchhandel
2538;Septime Verlag;Septime Verlag;Wien;2009;;1064797288;http://www.septime-verlag.at;Buchwissenschaft, Buchhandel
2539;Servitus-Verl.;Servitus Verlag;;;;1065034660;http://www.servitus-verlag.de;Buchwissenschaft, Buchhandel
2540;Servus Verlag;Servus Verlag (Firma);"Wals-Siezenheim; Wien; Salzburg";2014;;1064286682;https://www.beneventopublishing.com/servus/servus/;Buchwissenschaft, Buchhandel
2541;Severus Verlag;Severus Verlag;Hamburg;;;106542552X;http://www.diplomica.de;Buchwissenschaft, Buchhandel
2542;Shadodex - Verlag der Schatten;;;;;;;
2543;Shaker Verlag;Shaker Verlag;"Aachen; Herzogenrath; Düren";XX.04.1984;;1064118135;https://www.shaker.de/de/index.asp?lang=de;Buchwissenschaft, Buchhandel
2544;Shakti & Sargam;;;;;;;
2545;Shayol;Shayol;Berlin;;;1065655258;http://www.shayol-verlag.de;Buchwissenschaft, Buchhandel
2546;Shoebox House;Shoebox House Verlag e.K.;Hamburg;17.03.2008;;1065027230;http://www.shoeboxhouse-verlag.de;Buchwissenschaft, Buchhandel
2547;Shutterstock;Shutterstock, Inc.;"Berlin; New York, NY";2003;;10192592-X;"http://www.shutterstock.de; http://www.shutterstock.com";Einzelne Branchen der Industrie und des Handwerks
2548;Sich;Wolfgang Sich (Firma);Magdeburg;1968;;1065645449;http://www.sich-verlag.de;Buchwissenschaft, Buchhandel
2549;Sieben Verlag;Sieben-Verlag;;;;1065428162;http://www.sieben-verlag.de;Buchwissenschaft, Buchhandel
2550;SiebenSchreiber;SiebenSchreiber;Wegberg;;;1200660242;http://www.siebenschreiber.de/;
2551;Siebenstern-Dr.;Siebenstern-Druckerei Schliekau KG;Bad Bevensen;;;1066124760;;Buchwissenschaft, Buchhandel
2552;Sigena-Verl.;Sigena-Verlag;;;;1065162499;http://www.sigena-verlag.de;Buchwissenschaft, Buchhandel
2553;Silbenflink-Verl.;Silbenflink Verlag;Hanau;;;1065131496;;Buchwissenschaft, Buchhandel
2554;Silberburg Verlag;Silberburg-Verlag Titus Häussermann;"Stuttgart; Tübingen";1985;;104448540X;https://verlagshaus24.de/silberburg/;Buchwissenschaft, Buchhandel
2555;Silberkrone Verlag;Silberkrone Verlag;Graz;;;1234933209;https://www.silberkrone-verlag.com/kontakt;Buchwissenschaft, Buchhandel
2556;SilvForLife Design;;;;;;;
2557;Silver-Horse-Ed.;Silver Horse Edition;;2002;;1064912702;http://www.silverhorseedition.de;Buchwissenschaft, Buchhandel
2558;Simon Verlag für Bibliothekswissen;Simon Verlag für Bibliothekswissen e.K.;Berlin;15.01.2008;;1065782551;http://www.simon-bibliothekswissen.de;Buchwissenschaft, Buchhandel
2559;Simonett & Baer;Simonett & Baer;Basel;08.06.2017;;1321272677;https://www.simonettbaer.com;
2560;SingLiesel Verlag;Singliesel GmbH;Karlsruhe;2012;;1065101260;http://www.singliesel.de;Buchwissenschaft, Buchhandel
2561;Sinnbild-Verlag;;;;;;;
2562;Sisyphus;Sisyphus Verlag;Klagenfurt am Wörthersee;;;1065280858;http://www.sisyphus.at;Buchwissenschaft, Buchhandel
2563;Situationspresse;Situationspresse;Duisburg;;;1065533063;http://www.buchhandlung-weltbuehne.de;Buchwissenschaft, Buchhandel
2564;Siva-Natara Verlag;Siva Natara-Verlag;;;;1067148221;http://www.siva-natara-verlag.de;Buchwissenschaft, Buchhandel
2565;Skarabäus;Skarabaeus Verlag;Innsbruck;;;106552630X;http://www.skarabaeus.at;Buchwissenschaft, Buchhandel
2566;Skopus-Verl.;Günter  von Deyen Skopus-Verlag;Hamburg;;;1064058086;http://www.skopus-bild-verlag.de;Buchwissenschaft, Buchhandel
2567;Skyfood Verlag;Skyfood Verlag;Unterterzen;;;1279104503;;
2568;Smart & Nett;;;;;;;
2569;Smart Storys Verlag;;;;;;;
2570;Societäts-Verlag;Societäts-Verlag (Frankfurt, Main);Frankfurt am Main;;;2021943-X;;
2571;Soeste-Verl.;;;;;;;
2572;Sokrates & Freunde GmbH;Sokrates & Freunde GmbH;;;;1065359152;http://www.lehrerselbstverlag.de;Buchwissenschaft, Buchhandel
2573;Solar Plexus;Solar Plexus;;2003;;10339821-1;http://www.solar-plexus.de/;Musik (Allgemeines), Musikgeschichte
2574;Soli Netz;;;;;;;
2575;Solibro-Verl.;Solibro Verlag;Münster (Westf);2001;;1064204414;https://www.solibro.de;Buchwissenschaft, Buchhandel
2576;Soll-und-Haben-Verl.;Soll und Haben Verlag;Karlsruhe;16.11.2009;;1065033001;http://www.soll-und-haben-verlag.de;Buchwissenschaft, Buchhandel
2577;Somedia Buchverlag;Somedia Buchverlag;Glarus;;;1064335969;http://www.somedia-buchverlag.ch;Buchwissenschaft, Buchhandel
2578;Sommerfeld;Antje Sommerfeld (Firma);Kiel;;;1065715056;http://www.sommerfeld-verlag.de;Buchwissenschaft, Buchhandel
2579;Sonderpunkt-Verl.;sonderpunkt Verlag;Münster (Westf);01.09.2004;;1064794246;http://www.sonderpunkt-verlag.de;Buchwissenschaft, Buchhandel
2580;Songdog-Verl.;Songdog Verlag;"Bern; Wien";;;1064196519;http://www.songdog.at;Buchwissenschaft, Buchhandel
2581;Sonnenberg;;;;;;;
2582;SoralPro-Verl.;SoralPRO Verlag;Graz;;;1064205577;http://www.soralpro.at;Buchwissenschaft, Buchhandel
2583;SpaceNet Verlag;SpaceNet AG (München);München;;;16060198-8;http://www.space.net;"Buchwissenschaft, Buchhandel; Einzelne Branchen der Industrie und des Handwerks"
2584;Spaß am Lesen Verlag;Spaß am Lesen Verlag;Münster (Westf);;;1037942078;https://einfachebuecher.de/;
2585;Specht, Ulrich;;;;;;;
2586;Spector Books;Spector Books OHG;Leipzig;2001;;1065024045;https://spectorbooks.com;Buchwissenschaft, Buchhandel
2587;Sperling-Verlag;Sperling Verlag;Nürnberg;;;1064726283;;Buchwissenschaft, Buchhandel
2588;Sphera-Verl.;Sphera Verlag;Hinterzarten;;;106536265X;http://sphera-verlag.de;Buchwissenschaft, Buchhandel
2589;Sphinx Agency;;;;;;;
2590;Spica-Verl.;Spica Verlag;"Neubrandenburg; Blumenholz";XX.05.2011;;1035440628;http://www.spica-verlag.de;Buchwissenschaft, Buchhandel
2591;Spielberg Verlag;Spielberg-Verlag GmbH;Regensburg;1996;;1065163967;http://www.spielberg-verlag.de;Buchwissenschaft, Buchhandel
2592;Spirit-Rainbow-Verl.;Spirit Rainbow Verlag;Aachen;;;1064742645;;Buchwissenschaft, Buchhandel
2593;Spohr;Spohr Verlag Hagar Spohr u. Salim Spohr;Freiburg im Breisgau;01.01.1990;;1064791557;http://www.beforearmageddon.com;Buchwissenschaft, Buchhandel
2594;Springer;Springer;;;;10334858-X;http://www.diespringer.de;Musik (Allgemeines), Musikgeschichte
2595;Sprudelkiste.com Gleißner;;;;;;;
2596;Spurbuchverlag;Spurbuchverlag;Baunach;01.03.1981;;1065703732;https://www.spurbuch.de/de/;Buchwissenschaft, Buchhandel
2597;Sputniks Werbeagentur;Sputniks-Werbeagentur (München);München;;;10155748-6;http://www.sputniks.de;"Buchwissenschaft, Buchhandel; Einzelne Branchen der Industrie und des Handwerks"
2598;St. Benno Verlag;St. Benno-Verlag;Leipzig;28.04.1951;06.12.1990;2021112-0;https://www.st-benno.de;"Buchwissenschaft, Buchhandel; Katechetik, Christliche Erziehung, Kirchliche Bildungsarbeit; Katholische Kirche"
2599;St. Johannis-Druckerei;St.-Johannis-Druckerei (Lahr);;;;108739113X;;
2600;Staackmann;Verlag L. Staackmann;Dietramszell;01.10.1869;;1065168586;;Buchwissenschaft, Buchhandel
2601;Stadt Erfurt;Stadt Erfurt. Stadt- und Regionalbibliothek Erfurt;Erfurt;;;1068093986;;Buchwissenschaft, Buchhandel
2602;Stadt Hattingen;Hattingen;;;;4023634-1;;
2603;Stadt Hilden;Hilden (Stadt);;;;1086936515;;
2604;Stadt Ostseebad Rerik;;;;;;;
2605;Stadt Vechta;Vechta;;;;4062421-3;;
2606;Stadtbibliothek Prenzlau;;;;;;;
2607;Stadtgemeinde Perg;Perg;;;;4354121-5;http://www.perg.at;
2608;Stadthaus-Verl.;Stadthaus-Verlag;;;;1065647522;;Buchwissenschaft, Buchhandel
2609;Stadtlichter-Presse;Stadtlichter-Presse (Wenzendorf);Wenzendorf;;;16332027-5;http://www.stadtlichterpresse.de;"Einzelne Branchen der Industrie und des Handwerks; Buchwissenschaft, Buchhandel"
2610;Stangl & Taubald;Stangl + Taubald, Buchhandlung, GmbH. Abt. Verlag;;01.09.1864;;1068092866;http://www.buch-stangl.de;Buchwissenschaft, Buchhandel
2611;Steffen;Steffen GmbH;Friedland (Landkreis Oder-Spree);;;1064792006;http://www.steffen-verlag.de;Buchwissenschaft, Buchhandel
2612;Steidl;Steidl Verlag;Göttingen;01.10.1969;;5254575-1;https://steidl.de/;Buchwissenschaft, Buchhandel
2613;Steidl Verlag;Steidl Verlag;Göttingen;01.10.1969;;5254575-1;https://steidl.de/;Buchwissenschaft, Buchhandel
2614;Stein-Medien;Stein-Medien GmbH;Göttingen;;;1065499132;;Buchwissenschaft, Buchhandel
2615;Steinmann;;;;;;;
2616;Steinverl.;Steinverlag GmbH;Bad Traunstein;02.09.2014;;1386145920;https://www.steinverlag.at/;
2617;Stekovics;Verlag Janos Stekovics;"Halle (Saale); Wettin-Löbejün";21.01.1992;;1064053548;http://www.steko.net/;Buchwissenschaft, Buchhandel
2618;Stellwerck-Verl.;Stellwerck Verlag;Würzburg;;;1081270632;http://www.stellwerck.de/;Buchwissenschaft, Buchhandel
2619;Stephan Moll Verlag;Verlag S.MO;;;;106428941X;;Buchwissenschaft, Buchhandel
2620;Stephanie Feyerabend Verlag;;;;;;;
2621;Stephenson, C;S. & C. Stephenson (London);London;;;1221104-7;;
2622;Sternensammler-Verl.;Sternensammler Verlag;Leipzig;;;1065036159;;Buchwissenschaft, Buchhandel
2623;Sternensand Verlag;Sternensand Verlag;Hirzel;XX.09.2015;;1196999589;;
2624;Stickenbütteler Kreisverl.;;;;;;;
2625;Stiftung Kantonsbibliothek Uri;Kantonsbibliothek Uri;Altdorf (Uri);;;2134844-3;http://www.kbu.ch/home.html;Bibliothek, Information und Dokumentation
2626;Stocker;;;;;;;
2627;Stockwärter Verlag;Stockwärter Verlag;Halle (Saale);2019;;1209905426;https://www.xn--stockwrter-verlag-vqb.de;
2628;Storia-Verl.;Storia Verlag OHG;München;01.04.2004;;106406731X;http://www.storia-verlag.de;Buchwissenschaft, Buchhandel
2629;Stories & Friends;STORIES & FRIENDS Verlag e.K.;Lehrensteinsfeld;XX.12.2006;;1065489366;http://www.stories-and-friends.com;Buchwissenschaft, Buchhandel
2630;Story Town - Derek Meister & Marion Meister GbR c/o Papyrus Autoren-Club;;;;;;;
2631;Storyhouse-Verl.;Storyhouse Verlag;Stuttgart;;;1064351638;http://www.storyhouseverlag.de;Buchwissenschaft, Buchhandel
2632;Storyvents;;;;;;;
2633;Strandläufer Verlag;Strandläufer Verlag;Stralsund;25.03.2008;;1064926770;http://www.strandläufer-verlag.de;Buchwissenschaft, Buchhandel
2634;StraussEdition;;;;;;;
2635;Streifen-Verl.;Streifen Verlag;;;;1065098391;;Buchwissenschaft, Buchhandel
2636;Strichpunkt-Verl.;Strichpunkt-Verlag;Solothurn;;;1065223870;;Buchwissenschaft, Buchhandel
2637;Stroemfeld;Stroemfeld-Verlag;Basel;;;65261-1;;Einzelne Branchen der Industrie und des Handwerks
2638;Strozpress;;;;;;;
2639;Struktur Verlag;;;;;;;
2640;Studia Universitätsverlag;;;;;;;
2641;StudienVerlag;StudienVerlag;Innsbruck;1991;;1065526407;https://www.studienverlag.at/;Buchwissenschaft, Buchhandel
2642;Studio Raster;;;;;;;
2643;Stumpp;;;;;;;
2644;Stutz Druck AG;Stutz Druck;Wädenswil;1998;2016;1065431848;https://stutz-medien.ch/;"Einzelne Branchen der Industrie und des Handwerks; Buchwissenschaft, Buchhandel"
2645;Styria Verlag;Styria Verlag in Verlagsgruppe Styria GmbH & Co. KG;Wien;;;1156386047;;Buchwissenschaft, Buchhandel
2646;Stämpfli;Stämpfli AG;Bern;1799;;2022869-7;http://www.staempfliverlag.com;"Papierherstellung, Grafische Technik; Buchwissenschaft, Buchhandel; Einzelne Branchen der Industrie und des Handwerks"
2647;Subkultur;edition subkultur;Berlin;;;1064301649;http://www.edition.subkultur.de;Buchwissenschaft, Buchhandel
2648;Subrosa-Verl.;Hagen Stolz Subrosa-Verlag;;;;1064737366;;Buchwissenschaft, Buchhandel
2649;Suhrkamp Verlag;Suhrkamp Verlag;"Frankfurt am Main; Berlin";01.07.1950;;300755-8;https://www.suhrkamp.de;Buchwissenschaft, Buchhandel
2650;Sujet Verlag;Sujet Druck & Verlag;Bremen;;;1065655878;;Buchwissenschaft, Buchhandel
2651;Sure-Publishing;Sure-Publishing;Basel;;;1391794249;https://www.il-verlag.com/sure-publishing/;
2652;Surface Book;surface book;Darmstadt;2008;;1064137318;;Buchwissenschaft, Buchhandel
2653;Susan Schoch Verlag;;;;;;;
2654;Sutton;Sutton Verlag;Erfurt;26.04.1996;;103197914X;https://www.verlagshaus24.com/sutton;Buchwissenschaft, Buchhandel
2655;Sutton Verlag;Sutton Verlag;Erfurt;26.04.1996;;103197914X;https://www.verlagshaus24.com/sutton;Buchwissenschaft, Buchhandel
2656;Sutton Verlag GmbH;Sutton Verlag;Erfurt;26.04.1996;;103197914X;https://www.verlagshaus24.com/sutton;Buchwissenschaft, Buchhandel
2657;Svato;Svato Verlag;Hamburg;1977;;1065288220;http://www.svato.de;Buchwissenschaft, Buchhandel
2658;Sylcho Studio;;;;;;;
2659;Synergen-Verl.;;;;;;;
2660;SüdOst Verlag;SüdOst Verlag;Regenstauf;;;1065422032;http://www.suedost-verlag.de;Buchwissenschaft, Buchhandel
2661;Süddt. Zeitung GmbH;Süddeutsche Zeitung GmbH;München;16.12.1998;;5511202-X;http://www.sueddeutsche.de;"Presse; Einzelne Branchen der Industrie und des Handwerks"
2662;Südostschweiz-Buchverl.;Südostschweiz Buchverlag;Glarus;2005;2014;1064196985;http://www.suedostschweiz-buchverlag.ch;Buchwissenschaft, Buchhandel
2663;Südverl.;Südverlag (Konstanz);Konstanz;1945;;5308792-6;http://www.suedverlag.de;Buchwissenschaft, Buchhandel
2664;Südwest;;;;;;;
2665;TAK - Tiroler Autorinnen und Autoren Kooperative;;;;;;;
2666;TBT Verlag;TBT-Verlag;Sierksdorf;;;1065539304;;Buchwissenschaft, Buchhandel
2667;TEXT/RAHMEN e.U.;;;;;;;
2668;THK-Verlag UG;THK-Verlag;"Arnstadt; Ilmenau";2013;;1067145214;https://www.thk-verlag.de;Buchwissenschaft, Buchhandel
2669;THW Österreich;;;;;;;
2670;TRIGA - Der Verlag;TRIGA - Der Verlag Gerlinde Heß UG;Gelnhausen;XX.06.1995;;1065421362;http://www.triga-der-verlag.de;Buchwissenschaft, Buchhandel
2671;TRUANT UG;;;;;;;
2672;TVZ, Theologischer Verlag Zürich;Theologischer Verlag Zürich;Zürich;1970;;1047364441;http://www.tvz-verlag.ch;Buchwissenschaft, Buchhandel
2673;TWENTYSIX;;;;;;;
2674;TZ-Verl.;TZ - Verlag GmbH;;20.01.1976;;1064298729;;Buchwissenschaft, Buchhandel
2675;Tagwerke Verlag;;;;;;;
2676;Talawah Verlag;;;;;;;
2677;Tappeiner;Tappeiner AG (Lana);"Lana; Bozen";;2014;2133535-7;;"Buchwissenschaft, Buchhandel; Einzelne Branchen der Industrie und des Handwerks"
2678;Tauberverlag;;;;;;;
2679;Tauriska;Tauriska - Verein zur Förderung Eigener Kultur- und Regionalentwicklung in der Region Nationalpark Hohe Tauern;Neukirchen am Großvenediger;1986;;2178246-5;https://www.tauriska.at;Buchwissenschaft, Buchhandel
2680;Tausendschlau-Verl.;Tausendschlau Verlag;München;;;1064335950;http://www.tausendschlau.com;Buchwissenschaft, Buchhandel
2681;TeGe-Verlag;;;;;;;
2682;Teaterverl. Elgg;teaterverlag elgg;"Elgg; Belp";1900;2023;1064066356;;Buchwissenschaft, Buchhandel
2683;Tectum-Verl.;Tectum Verlag;"Marburg; Baden-Baden";03.01.1992;;16099069-5;https://www.tectum-verlag.de/;"Einzelne Branchen der Industrie und des Handwerks; Buchwissenschaft, Buchhandel"
2684;Tele Entertainment;Tele Entertainment UG;Tegernsee;;;1065568800;http://www.tele-entertainment.com;Buchwissenschaft, Buchhandel
2685;Telegramme Verlag;Telegramme Verlag;Zürich;2019;;1221561235;https://www.neue-telegramme.ch/9796629/verlag;
2686;Telescope-Verl.;;;;;;;
2687;Telesma;;;;;;;
2688;Tennemann;Tennemann Media GmbH;Schwerin;1999;;1065979673;https://www.tennemann.com;Buchwissenschaft, Buchhandel
2689;Testudoverl.;Testudoverlag;;2009;;1064133088;http://www.testudoverlag.de;Buchwissenschaft, Buchhandel
2690;Texianer Verlag;;;;;;;
2691;Text-Atelier Leipzig;Text-Atelier Leipzig;Leipzig;25.07.2023;;1358005575;;
2692;Text-Bild-Ton Verlag Heike Hagenmaier;;;;;;;
2693;TextLustVerl.;TextLustVerlag;Ettlingen;28.06.2011;;1064332722;http://www.textlustverlag.de;Buchwissenschaft, Buchhandel
2694;Textem Verlag;Textem Verlag;Hamburg;;;1065783957;http://www.textem.de;Buchwissenschaft, Buchhandel
2695;Textgemeinschaft, Anthologie;;;;;;;
2696;Textkontor;Textkontor Verlag;Leipzig;;;1065161859;http://www.textkontor-verlag.de;Buchwissenschaft, Buchhandel
2697;Textmanufaktur;Textmanufaktur;Leipzig;;;1065030452;http://www.text-manufaktur.de;Buchwissenschaft, Buchhandel
2698;Thami Verlag;Thami Verlag e.K.;Neustadt an der Orla;;;1065567243;http://www.verena-zeltner.de;Buchwissenschaft, Buchhandel
2699;Thanatos Verlag;;;;;;;
2700;The Dandy is Dead;;;;;;;
2701;The Dreamcatcher;The Dreamcatcher;Bobingen;;;1064203868;;Buchwissenschaft, Buchhandel
2702;Thekla Verlag GbR;Heike Hafferberth und Silke Wessner Thekla Verlag GbR;;;;106579035X;http://www.thekla-verlag.de;Buchwissenschaft, Buchhandel
2703;Theodor Boder Verlag;Theodor Boder Verlag;;27.05.2005;;1065649991;http://www.boderverlag.ch;Buchwissenschaft, Buchhandel
2704;Theologischer Verlag Zürich;Theologischer Verlag Zürich;Zürich;1970;;1047364441;http://www.tvz-verlag.ch;Buchwissenschaft, Buchhandel
2705;Thesis-Verl.;Thesis Verlag (Schweiz);Zürich;1993;;1064128106;http://thesisverlag.ch/epages/168231.sf/de_CH/?ObjectPath=/Shops/168231/Categories/Ueber_uns;Buchwissenschaft, Buchhandel
2706;Thiele & Schwarz;Druck- und Verlagshaus Thiele und Schwarz (Kassel);Kassel;;;2090922-6;;"Einzelne Branchen der Industrie und des Handwerks; Papierherstellung, Grafische Technik; Buchwissenschaft, Buchhandel"
2707;Thielmann;Albrecht Thielmann (Firma);Dillenburg;;;1065794622;http://www.albrechtthielmann.de;Buchwissenschaft, Buchhandel
2708;Thomas Mann-Gesellschaft Hamburg;Thomas Mann-Gesellschaft Hamburg;Hamburg;25.05.2016;;1295223686;https://www.thomasmann-hamburg.de;
2709;Thomas Rüger Verlag;;;;;;;
2710;Thomas-Morus-Bildungswerk;Thomas-Morus-Bildungswerk Schwerin;Schwerin;;;5261282-X;http://www.tmb-schwerin.de/;Buchwissenschaft, Buchhandel
2711;Thon;;;;;;;
2712;Thurm Verlag;P. Thurm Verlag;;;;1065167679;;Buchwissenschaft, Buchhandel
2713;Thurneysser;Leonhard-Thurneysser-Verlag;Berlin;;;106492218X;http://www.thurneysser-verlag.de;Buchwissenschaft, Buchhandel
2714;Tierbuchverlag Irene Hohe;;;;;;;
2715;Till Schaap Edition;Till Schaap Edition;Bern;2013;;103568960X;;Buchwissenschaft, Buchhandel
2716;TimpeTe-Verlag;TimpeTe-Verlag;Minden (Westf);;;1065645589;http://www.timpete.de;Buchwissenschaft, Buchhandel
2717;Tirom-Verlag;;;;;;;
2718;ToMa;;;;;;;
2719;TonStrom-Verl.;Tonstrom Verlag;;;;106434481X;;Buchwissenschaft, Buchhandel
2720;Tonn;Thomas Tonn (Firma);Aschaffenburg;;;1065227833;http://www.thomastonn.de;Buchwissenschaft, Buchhandel
2721;Topalian & Milani Verlag;;;;;;;
2722;Topp + Möller;Topp + Möller Druck und Verlag GmbH & Co. KG;Detmold;;;1065283369;http://www.topp-moeller.com;Buchwissenschaft, Buchhandel
2723;Tordenfjord-Verl.;Tordenfjord Verlag;Bremervörde;;;1064290191;http://www.tordenfjord.de;Buchwissenschaft, Buchhandel
2724;Torner;Torner Records;Hamburg;;;1065031327;;Buchwissenschaft, Buchhandel
2725;Totechöpfli;;;;;;;
2726;Trabanten Verlag;;;;;;;
2727;Traumstunden-Verl.;Traumstunden Verlag;Essen;;;106585367X;http://www.traumstunden-verlag.de;Buchwissenschaft, Buchhandel
2728;Traumwelt Verlag;Traumwelt Verlag;Frankfurt am Main;XX.01.2006;;1065228902;http://www.traumwelt-verlag.de;Buchwissenschaft, Buchhandel
2729;Trauner;Rudolf-Trauner-Verlag;Linz;1946;;5509079-5;;Buchwissenschaft, Buchhandel
2730;Trautmann;;;;;;;
2731;Treffen Junger Autoren;Treffen Junger Autoren (Berlin);;1986;;4530003-3;;Literarisches Leben
2732;Treibgut-Verl.;Treibgut Verlag;Berlin;01.05.2008;;1065533535;http://www.treibgut-verlag.de;Buchwissenschaft, Buchhandel
2733;Treibhaus e.V.;Treibhaus e.V.;Döbeln;1997;;16102601-1;http://www.treibhaus-doebeln.de;
2734;Trierer Autoren Treff, Trierer Autoren;Edition TAT;;;;1106141075;;
2735;Trikont;Trikont Duisburg Verlag;Duisburg;;;1065434774;;Buchwissenschaft, Buchhandel
2736;Trikont-Duisburg;Trikont Duisburg Verlag;Duisburg;;;1065434774;;Buchwissenschaft, Buchhandel
2737;Trikont-Duisburg, Dialog-Edition;Trikont Duisburg Verlag;Duisburg;;;1065434774;;Buchwissenschaft, Buchhandel
2738;Tropen;Klett-Cotta Verlag. Tropen-Verlag;"Berlin; Stuttgart";2007;;1065527934;https://www.klett-cotta.de/belletristik-und-sachbuch/tropen-verlag-c-10?seite=;Buchwissenschaft, Buchhandel
2739;Trottoir Noir;;;;;;;
2740;Trotz-Verl.;;;;;;;
2741;Truso-Verl.;Truso - Vereinigung. Abt. Verlag;Münster (Westf);;;1068112859;;Buchwissenschaft, Buchhandel
2742;Trägerverein Werkraum Abersee und Kulturhauptstadt 2024 Salzkammergut;;;;;;;
2743;Trötsch Verlag GmbH & Co. KG;Trötsch Verlag;Gosen-Neu Zittau;;;1064202764;https://troetsch-verlag.de;Buchwissenschaft, Buchhandel
2744;Turmschreiber-Verl.;Turmschreiber Verlag Ingwert Paulsen jr. e.K.;;;;1064127495;http://www.verlagsgruppe.de;Buchwissenschaft, Buchhandel
2745;Turnshare;Turnshare Ltd. Publisher;London;;;1065526008;http://www.turnshare.com;Buchwissenschaft, Buchhandel
2746;Turricula Verlag;;;;;;;
2747;Twilight-Line Verlag;Twilight-Line Verlag;Wasungen;;;1066374511;http://www.twilightline.com/;
2748;Two Books;two BOOKS;Hamburg;;;1065502370;;Buchwissenschaft, Buchhandel
2749;Typo.M;;;;;;;
2750;Typostudio Schumacher-Gebler;Schumacher-Gebler;München;1961;;1037145771;;
2751;Tyrolia-Verlag;Verlagsanstalt Tyrolia;"Brixen; Innsbruck";"1907; 1945";1938;19433-5;https://www.tyroliaverlag.at/home;"Einzelne Branchen der Industrie und des Handwerks; Buchwissenschaft, Buchhandel"
2752;TösterKultur e.V.;TösterKultur e. V.;Tostedt;20.03.2020;;1381411029;https://toesterkultur.de/der-verein/;
2753;Tübinger Buchhandlung Wekenmann unter der Schirmherrschaft von Dr. Daniela Hüttig, Erste Landesbeamtin, und in Kooperation mit der Tübinger Museumsgesellschaft;;;;;;;
2754;U-Line-Verl.;U-Line UG;;;;1064739342;http://www.facebook.com/UlineVerlag;Buchwissenschaft, Buchhandel
2755;UBV;Unternehmen.Bilden.Vielfalt (UBV) e.V.;Dortmund;;;1223633519;https://ubvdortmund.de/;
2756;UND-Verlag;UND-Verlag;Stadtroda;;;7713410-2;http://www.und-verlag.de;Buchwissenschaft, Buchhandel
2757;Ubooks-Verl.;Ubooks Verlag;;01.08.2000;;1066128154;;Buchwissenschaft, Buchhandel
2758;Ulenspiegel-Verl.;Ulenspiegel-Verlag;Erfurt;;;1065226160;;Buchwissenschaft, Buchhandel
2759;Ulisses Spiele;;;;;;;
2760;Ulli Verlag;Christoph Schubert & Ulli Verlag PE.CH;;;;1064052541;;Buchwissenschaft, Buchhandel
2761;Ullstein Verlag;Verlag Ullstein;Berlin;1877;1921;123472-9;;Buchwissenschaft, Buchhandel
2762;Ulrich Diehl Verlag;Ulrich Diehl Verlag und Medienservice GmbH;Darmstadt;;;1065365225;http://www.udvm.de;Buchwissenschaft, Buchhandel
2763;Ulrike Helmer Verlag;Ulrike Helmer Verlag;"Sulzbach (Taunus); Königstein im Taunus; Frankfurt am Main";13.11.1987;;106535701X;http://www.ulrike-helmer-verlag.de;"Buchwissenschaft, Buchhandel; Handel einzelner Branchen, Dienstleistung einzelner Branchen"
2764;Ultimomondo;Ultimomondo;Sandweiler;;;7755821-2;;Buchwissenschaft, Buchhandel
2765;Ultraviolett Verlag;;;;;;;
2766;Umbrella - Fachverl. für Wiss. und Technik;;;;;;;
2767;Undercoverbooks;;;;;;;
2768;Undine;Astrid Seehaus Undine Verlag;Wehnde;;;1065651694;http://www.undine-verlag.de;Buchwissenschaft, Buchhandel
2769;UniScripta-Verl.;UniScripta Verlag;;;;1064790887;http://wz60hs41r.homepage.t-online.de;Buchwissenschaft, Buchhandel
2770;Unionsverlag;Unionsverlag;Zürich;1975;;409423-2;http://www.unionsverlag.com;Buchwissenschaft, Buchhandel
2771;Unipress Verlag;UNIPRESS Verlag;Salzburg;1964;;1065532342;;Buchwissenschaft, Buchhandel
2772;United p.c.;united p.c.;;;;1065023510;http://www.united-pc.eu;Buchwissenschaft, Buchhandel
2773;Univ. Palackého;Univerzita Palackého v Olomouci;Olomouc;1946;;1029776-5;http://www.upol.cz;Hochschule
2774;Univ.-Verl. Halle-Wittenberg;Universitätsverlag Halle-Wittenberg;Halle (Saale);2009;;1029844305;http://www.uvhw.de;Buchwissenschaft, Buchhandel
2775;Universaar;Universität des Saarlandes. universaar - Universitätsverlag des Saarlandes;Saarbrücken;;;1068101644;;Buchwissenschaft, Buchhandel
2776;Universal Frame;Universal Frame GmbH, Verlag;;1997;;1065792913;http://www.universal-frame.com;Buchwissenschaft, Buchhandel
2777;Universitätsverlag;;;;;;;
2778;Universitätsverlag Chemnitz;Universitätsverlag Chemnitz;Chemnitz;2009;;1124802134;https://www.tu-chemnitz.de/ub/univerlag;Buchwissenschaft, Buchhandel
2779;Universitätsverlag Potsdam;Universitätsverlag Potsdam;Potsdam;01.05.1998;;1068096934;https://publishup.uni-potsdam.de/home/index/help/content/press_start;Buchwissenschaft, Buchhandel
2780;Universo;Grupo Universo;;;;16158166-3;;
2781;Unsichtbar Verlag;Unsichtbar-Verlag;;;;1065362021;http://www.unsichtbar-verlag.de;Buchwissenschaft, Buchhandel
2782;Unterdruck Verlag;;;;;;;
2783;Urachhaus;Verlag Urachhaus;Stuttgart;23.01.1925;15.07.1996;4566625-8;https://www.urachhaus.de/;"Einzelne Branchen der Industrie und des Handwerks; Buchwissenschaft, Buchhandel"
2784;Ursus-Verl.;Ursus Verlag;Bad Hindelang;2003;;1065095597;http://www.ursusverlag.de;Buchwissenschaft, Buchhandel
2785;Utrata Fachbuchverlag;Utrata Fachbuchverlag;Gelsenkirchen;;;1065036310;http://www.utrata-fachbuchverlag.de;Buchwissenschaft, Buchhandel
2786;V. F. Sammler;;;;;;;
2787;VAS - Verlag für Akademische Schriften;VAS-Verlag für Akademische Schriften Karl-Heinz Balon;;1982;;1065789408;http://www.vas-verlag.de;Buchwissenschaft, Buchhandel
2788;VAT Verlag;VAT Verlag;Mainz;;;1065436920;http://www.vat-mainz.de;Buchwissenschaft, Buchhandel
2789;VDG;VDG-Verlag;Meerbusch;;;1065706618;;Buchwissenschaft, Buchhandel
2790;VEG;;;;;;;
2791;VERARA-Verl. an der Rabnitz;;;;;;;
2792;VERLAG PH. C.W. SCHMIDT;Verlagsdruckerei Ph. C. W. Schmidt (Neustadt a. d. Aisch);Neustadt a. d. Aisch;1828;;2048949-3;https://www.verlagsdruckerei-schmidt.de/;Buchwissenschaft, Buchhandel
2793;VEVAIS EDITION's;;;;;;;
2794;VF Die Fontäne;;;;;;;
2795;VGS Verlagsgenossenschaft St. Gallen;VGS Verlagsgenossenschaft St. Gallen;Sankt Gallen;2010;;1161562796;http://www.vgs-sg.ch;Buchwissenschaft, Buchhandel
2796;VHV, Literatur & Kultur Verlag;;;;;;;
2797;VNA;VNA;;;;16175621-9;http://www.vnamusic.com;Musik (Allgemeines), Musikgeschichte
2798;VNL, Verl. Neue Literatur;Verlag Neue Literatur;Jena;30.07.1998;;1064209076;http://www.verlag-neue-literatur.com;Buchwissenschaft, Buchhandel
2799;VOLLTEXT – Zeitschrift für Literatur;Volltext - Zeitung für Literatur;Wien;;;1064285643;;Buchwissenschaft, Buchhandel
2800;VS;;;;;;;
2801;VSA-Verl.;VSA-Verlag;"Hamburg; Berlin";1971;;1054568545;http://www.vsa-verlag.de/;Buchwissenschaft, Buchhandel
2802;VSH Verlag Schönrock & Heikamp;;;;;;;
2803;VTA;;;;;;;
2804;VV, Veltener Verl.-Ges.;VV Veltener Verlagsgesellschaft mbH;Velten;;;1065105134;;Buchwissenschaft, Buchhandel
2805;Valentin;Peter Valentin Verlag;Ludwigsburg;;;1065139098;http://www.valentino-verlag.de;Buchwissenschaft, Buchhandel
2806;Vallentin;;;;;;;
2807;Van Helmont, Verlag  für verborgene Talente;;;;;;;
2808;Vantage-Point-World-Verl.;Vantage Point World Verlag;;;;1064063608;;Buchwissenschaft, Buchhandel
2809;Vehling Verlag;Vehling Verlag e.K.;Werl;;;1064735320;http://www.vehlingbuch.de;Buchwissenschaft, Buchhandel
2810;VentVerl.;VentVerlag;Leipzig;;;1065869401;http://www.ventverlag.de;Buchwissenschaft, Buchhandel
2811;Ventil-Verl.;Ventil Verlag;Mainz;;;106473166X;"http://www.testcard.de; https://www.ventil-verlag.de/";Buchwissenschaft, Buchhandel
2812;Ventura-Verl.;Ventura Verlag;Werne;XX.11.2007;;1065782950;http://www.venturaverlag.de;Buchwissenschaft, Buchhandel
2813;Verband deutscher Schriftstellerinnen und Schriftsteller in ver.di – Landesverband Bayern, Verband deutscher Schriftstellerinnen und Schriftsteller in ver.di –. Landesverband;;;;;;;
2814;Verbrecher-Verl.;Verbrecher Verlag;Berlin;1995;;1045510432;https://www.verbrecherverlag.de/;Buchwissenschaft, Buchhandel
2815;Verein ALSO (Anno Literatur Sonntag);"Verein ""ALSO - Anno Literatur SOnntag""";Wien;;;1041568517;http://annoliteratursonntag.wordpress.com/;
2816;Verein Alltag-Verl.;Verein Alltag-Verlag (Wiener Neustadt);Wiener Neustadt;2001;;10127249-2;http://www.vereinalltagverlag.at;"Einzelne Branchen der Industrie und des Handwerks; Buchwissenschaft, Buchhandel"
2817;Verein Frauenhäuser Steiermark, Verein Frauenhäuser;Frauenhäuser Steiermark - Verein zur Soforthilfe für Bedrohte und Misshandelte Frauen und Deren Kinder;Graz;XX.12.2002;;10055279-1;http://www.frauenhaeuser.at/;
2818;Verein Glitter;Verein Glitter;Schaffhausen;;;1300130148;https://glitter-online.org/Info;
2819;Verein Gruppe Wespennest;Verein Gruppe Wespennest;Wien;;;10089992-4;http://www.wespennest.at;
2820;Verein Literaturgruppe Perspektive;Literaturgruppe Perspektive;;;;2088822-3;;
2821;Verein Salzburger Literaturforum Leselampe;;;;;;;
2822;Verein Zeitschrift delirium;Verein Delirium;Zürich;;;1117740358;;
2823;Verein zur Förderung der Raumfahrt e.V.;Verein zur Förderung der Raumfahrt;München;1998;;10174883-8;https://vfr.de;
2824;Verein zur Förderung des Literaturschaffens zwischen Deutschen und Polen;Verein zur Förderung des Literaturschaffens und des Kulturellen Austauschs zwischen Deutschen und Polen;Berlin;;;10195148-6;http://www.literaturdepot.eu/home.php?seite=1;
2825;Verein zur Förderung und Vernetzung von Jugendkultur;;;;;;;
2826;Verl. 28 Eichen;Verlag 28 Eichen;Barnstorf;;;1026193567;"http://www.verlag28eichen.de/; http://www.spittel.de/verlag28eichen/";Buchwissenschaft, Buchhandel
2827;Verl. 3.0;Verlag 3.0 Zsolt Majsai;Bedburg;;;1065797702;http://buch-ist-mehr.de;Buchwissenschaft, Buchhandel
2828;Verl. APE-Ed.;;;;;;;
2829;Verl. Alta Silva;Verlag ALTA SILVA;Kell am See;;;1065709420;http://www.dittmar-lauer.de;Buchwissenschaft, Buchhandel
2830;Verl. Antilope;Verlag Antilope;Meiningen;;;1064784941;http://www.antilope-verlag.de;Buchwissenschaft, Buchhandel
2831;Verl. Art of Arts;Verlag Art of Arts;Marktleuthen;18.04.2006;;1065713770;http://www.artofarts.de;Buchwissenschaft, Buchhandel
2832;Verl. BBB;Verlag BBB;Horgen;;;1065098650;;Buchwissenschaft, Buchhandel
2833;Verl. Buch + Bild;Verlag Buch + Bild;Oberursel (Taunus);08.01.1996;;1065652224;;Buchwissenschaft, Buchhandel
2834;Verl. BuchJuwel;Verlag Buch-Juwel;Siegen;2002;;1064202985;http://www.buch-juwel.de;Buchwissenschaft, Buchhandel
2835;Verl. Bücherwurm;Verlag Bücherwurm e.K.;Bad Reichenhall;;;1065228821;;Buchwissenschaft, Buchhandel
2836;Verl. Casa;CASA Verlag Hamburg;Hamburg;;;1064132332;http://www.casa-verlag.de;Buchwissenschaft, Buchhandel
2837;Verl. Das Arsenal;Das Arsenal Verlag für Kultur und Politik GmbH;Berlin;1977;;1067148094;https://arsenalverlag.com/;Buchwissenschaft, Buchhandel
2838;Verl. Das Fünfte Tier;Verlag Das Fünfte Tier;Stans (Nidwalden);2004;;1064916864;http://www.dasfuenftetier.ch;Buchwissenschaft, Buchhandel
2839;Verl. Das Netz;Verlag das Netz;Berlin;;;1067145311;;Buchwissenschaft, Buchhandel
2840;Verl. Desertina;Desertina Verlag;Chur;1952;;1064334571;;Buchwissenschaft, Buchhandel
2841;Verl. Die Furt;Verlag Die Furt;;01.02.1997;;1064208983;http://www.furt-verlag.de;Buchwissenschaft, Buchhandel
2842;Verl. Drei Wege;Verlag Drei Wege;;;;1065112300;http://www.verlagdreiwege.de;Buchwissenschaft, Buchhandel
2843;Verl. Ed. AV;Verlag Edition AV;;1988;;1065028393;http://www.edition-av.de;Buchwissenschaft, Buchhandel
2844;Verl. Einundsiebzig;;;;;;;
2845;Verl. Federfrei;Verlag Federfrei;Marchtrenk;2007;;1065163061;http://www.federfrei.at;Buchwissenschaft, Buchhandel
2846;Verl. Fun Toy;;;;;;;
2847;Verl. Gbp Productions;gbp Productions;;;;1065286910;http://www.gbp.ch;Buchwissenschaft, Buchhandel
2848;Verl. Harlekination;Verlag Harlekination;Zürich;;;1064795420;http://harlekination.com;Buchwissenschaft, Buchhandel
2849;Verl. Hephaistos;Verlag HEPHAISTOS e.K.;;;;1065364180;http://www.metall-aktiv.de;Buchwissenschaft, Buchhandel
2850;Verl. Junger Autoren;Verlag Junger Autoren;;;;1066129134;http://www.v-ja.de;Buchwissenschaft, Buchhandel
2851;Verl. Künstlernische;Verlag künstlernische;München;12.07.2006;;1064196047;http://www.kuenstlernische.de;Buchwissenschaft, Buchhandel
2852;Verl. Make a Book;Make a book;;01.12.2005;;1064930271;;Buchwissenschaft, Buchhandel
2853;Verl. Maria zur Ehre;Verlag MARIA zur Ehre;Mönchengladbach;1988;;1065112025;http://www.verlagmariazurehre.de;Buchwissenschaft, Buchhandel
2854;Verl. Mitternachtsblume;;;;;;;
2855;Verl. Neue Literatur;Verlag Neue Literatur;Jena;30.07.1998;;1064209076;http://www.verlag-neue-literatur.com;Buchwissenschaft, Buchhandel
2856;Verl. P & B, Bächtold;;;;;;;
2857;Verl. Pi;Verlag Pi;Mürlenbach-Weißenseifen;;;1064791832;;Buchwissenschaft, Buchhandel
2858;Verl. Pro Business;Pro Business Digital Printing & Copyservice GmbH (Berlin);Berlin;1980;;10135813-1;http://www.pro-business.com;"Buchwissenschaft, Buchhandel; Einzelne Branchen der Industrie und des Handwerks"
2859;Verl. Razamba;Verlag Razamba;;;;1065137680;http://www.razamba.de;Buchwissenschaft, Buchhandel
2860;Verl. RegioKom;Verlag RegioKom GbR;;01.01.2006;;1064924891;http://www.verlagregiokom.de;Buchwissenschaft, Buchhandel
2861;Verl. Regionalkultur;verlag regionalkultur;Ubstadt-Weiher;1990;;1064796265;https://www.verlag-regionalkultur.de/;Buchwissenschaft, Buchhandel
2862;Verl. Rotabene-Medienhaus;Rotabene Data Service GmbH & Co. KG;Rothenburg ob der Tauber;;;1065561423;http://www.rotabene.de;Buchwissenschaft, Buchhandel
2863;Verl. Ruppiner Lesezeichen;Verlag Ruppiner Lesezeichen;Neuruppin;;;1065869487;;Buchwissenschaft, Buchhandel
2864;Verl. S.MO;Verlag S.MO;;;;106428941X;;Buchwissenschaft, Buchhandel
2865;Verl. SCW Auer-Sällef;SCW Auer-Sällef;Saarbrücken;;;1065652348;;Buchwissenschaft, Buchhandel
2866;Verl. Sankt Michaelsbund;Sankt Michaelsbund. Diözesanverband München und Freising. Abteilung Verlag;München;21.03.1910;;1068103876;http://www.st-michaelsbund.de;Buchwissenschaft, Buchhandel
2867;Verl. Schatzsucher;;;;;;;
2868;Verl. St. Michaelsbund;Sankt Michaelsbund. Diözesanverband München und Freising. Abteilung Verlag;München;21.03.1910;;1068103876;http://www.st-michaelsbund.de;Buchwissenschaft, Buchhandel
2869;Verl. Thusnelda-Kühl-Ges.;;;;;;;
2870;Verl. Unibuch;;;;;;;
2871;Verl. Vokal;Vokal Verlag;Leipzig;;;1064194990;http://www.vokal-verlag.de;Buchwissenschaft, Buchhandel
2872;Verl. Vorwerk 8;Verlag Vorwerk 8;Berlin;"01.09.1995; 1995; 1994";;1065135297;http://www.vorwerk8.de;Buchwissenschaft, Buchhandel
2873;Verl. Waldkirch;Waldkirch KG Verlag-Druck-Agentur;Mannheim;31.01.1973;;1065717709;http://www.verlag-waldkirch.de;Buchwissenschaft, Buchhandel
2874;Verl. Wort im Bild;Wort im Bild Verlags- und Vertriebsgesellschaft mbH;;20.08.1975;;1064326560;http://www.wortimbild.de;Buchwissenschaft, Buchhandel
2875;Verl. Wortspiel Literatur;Verlag Wortspiel Literatur (Menden (Sauerland));Menden (Sauerland);;;10101745-5;;
2876;Verl. ZPV;;;;;;;
2877;Verl. am Birkenhain;;;;;;;
2878;Verl. am Ufer der Schlei;Verlag am Ufer der Schlei;Arnis;;;1065357702;http://www.vauds.de;Buchwissenschaft, Buchhandel
2879;Verl. auf der Warft;;;;;;;
2880;Verl. der Ideen;Verlag der Ideen;Volkach;10.09.2009;;1064130011;http://www.verlag-der-ideen.de;Buchwissenschaft, Buchhandel
2881;Verl. der Luth. Buchh. Harms;Verlag der Lutherischen Buchhandlung;Groß Oesingen;;;1065967977;;Buchwissenschaft, Buchhandel
2882;Verl. der Rheinhessischen Druckwerkstätte;;;;;;;
2883;Verl. des Arbeitskreises Regionalgeschichte;;;;;;;
2884;Verl. für Ethnologie;;;;;;;
2885;Verl. für Innovation;Verlag für Innovation;Konstanz;;;1064782736;;Buchwissenschaft, Buchhandel
2886;Verl. für Kultur und Wiss.;;;;;;;
2887;Verl. für Kurzes;Verlag für Kurzes;Potsdam;;;1064739245;;Buchwissenschaft, Buchhandel
2888;Verl. für Ostfriesland, Soltau-Kurier;;;;;;;
2889;Verl. im Proberaum 3;Verlag im Proberaum 3;;;;1065372213;;Buchwissenschaft, Buchhandel
2890;Verl. im Spitzdach;Peter Knümann Verlag im Spitzdach;;01.01.2007;;1065098243;;Buchwissenschaft, Buchhandel
2891;Verl. infra-text;;;;;;;
2892;Verl. und Ed. DaDa-Research-Center;edition dada research center;;;;1065367015;;Buchwissenschaft, Buchhandel
2893;Verl.-Buchh. Ehm Welk;Verlagsbuchhandlung Ehm Welk;"Angermünde; Schwedt/Oder";1949;;1065134460;https://buchschmook.buchhandlung.de/shop/;Buchwissenschaft, Buchhandel
2894;Verl.-Gemeinschaft Topos Plus;TOPOS PLUS;;;;1064127436;;Buchwissenschaft, Buchhandel
2895;Verl.-Haus El Gato;;;;;;;
2896;Verl.-Haus Hernals;Verlagshaus Hernals;Wien;;;1066120420;http://www.verlagshaus-hernals.at;Buchwissenschaft, Buchhandel
2897;Verl.-Haus Monsenstein und Vannerdat;Verlagshaus Monsenstein & Vannerdat OHG;Münster (Westf);17.02.1999;XX.XX.2016;1066130779;http://www.mv-verlag.de;Buchwissenschaft, Buchhandel
2898;Verl.-Haus Speyer;Verlagshaus Speyer;Speyer;2010;;1064331483;http://www.verlagshaus-speyer.de;Buchwissenschaft, Buchhandel
2899;Verlach;Semmel Verlach Winfried Bartnick;Kiel;15.03.1981;;1065361335;;Buchwissenschaft, Buchhandel
2900;Verlag 28 Eichen;Verlag 28 Eichen;Barnstorf;;;1026193567;"http://www.verlag28eichen.de/; http://www.spittel.de/verlag28eichen/";Buchwissenschaft, Buchhandel
2901;Verlag A. Weger;;;;;;;
2902;Verlag Agentur Altepost 2015;;;;;;;
2903;Verlag Aichmayr;;;;;;;
2904;Verlag Akademie-der-Abenteuer;Verlag Akademie der Abenteuer;Berlin;;;1231089369;;
2905;Verlag Alte Schule Dr. Bechberger;;;;;;;
2906;Verlag Andrea Schröder;Verlag Andrea Schröder;Bernau bei Berlin;2013;;1064300529;http://www.verlag-andreaschroeder.de;Buchwissenschaft, Buchhandel
2907;Verlag Antje Kunstmann;Verlag Antje Kunstmann;München;1990;;1024481190;http://www.kunstmann.de/;Buchwissenschaft, Buchhandel
2908;Verlag Atelier im Bauernhaus;Verlag Atelier im Bauernhaus (Fischerhude);Fischerhude;1976;;390060-5;;Einzelne Branchen der Industrie und des Handwerks
2909;Verlag Attenkofer;;;;;;;
2910;Verlag Auf dem Ruffel;Verlag Auf dem Ruffel;;;;1064348149;http://www.ruffel.de;Buchwissenschaft, Buchhandel
2911;Verlag BKWiesli;;;;;;;
2912;Verlag BS;BS-Verlag;München;;;1064060501;http://www.bsprehl.de;Buchwissenschaft, Buchhandel
2913;Verlag Barbara Budrich;Verlag Barbara Budrich;"Leverkusen-Opladen; Leverkusen";03.05.2004;;1064127169;https://budrich.de/;Buchwissenschaft, Buchhandel
2914;Verlag Begegnungen;Hörende Begegnungen Verlag;;;;1064289452;;Buchwissenschaft, Buchhandel
2915;Verlag Berger;Berger Verlag;;;;1064924115;;Buchwissenschaft, Buchhandel
2916;Verlag Bernhard Bayer;Bayer Verlag;;;;1065025726;http://www.bayerverlag.at;Buchwissenschaft, Buchhandel
2917;Verlag Bild, Text & Mehr;;;;;;;
2918;Verlag Blaues Schloss;Verlag Blaues Schloss Marburg;Marburg;;;1065173679;;Buchwissenschaft, Buchhandel
2919;Verlag Buchschmiede von Dataform Media GmbH;;;;;;;
2920;Verlag CCU;;;;;;;
2921;Verlag Ch. Möllmann;;;;;;;
2922;Verlag Co-Buch;Thuhoff Buch Verlag GmbH & Co. KG;Goslar;;;1065499299;;Buchwissenschaft, Buchhandel
2923;Verlag Delp GmbH & Co. KG;;;;;;;
2924;Verlag Der Apfel;Verlag Der Apfel;Wien;;;1065527802;http://www.verlagderapfel.at;Buchwissenschaft, Buchhandel
2925;Verlag Der Raum;;;;;;;
2926;Verlag Dialog-Edition;Verlag Dialog-Edition;Duisburg;;;1065971311;;Buchwissenschaft, Buchhandel
2927;Verlag Die Auslese;;;;;;;
2928;Verlag Die Blaue Eule;Verlag Die Blaue Eule;Essen;02.11.1983;;669843-8;http://www.die-blaue-eule.de;"Einzelne Branchen der Industrie und des Handwerks; Buchwissenschaft, Buchhandel"
2929;Verlag Die Blindschleiche;;;;;;;
2930;Verlag Die Büchse;;;;;;;
2931;Verlag Die Werkstatt;Verlag Die Werkstatt GmbH;Göttingen;14.12.1981;;1064293522;http://www.werkstatt-verlag.de;Buchwissenschaft, Buchhandel
2932;Verlag Donata Kinzelbach;Verlag Donata Kinzelbach;Mainz;1987;;1065227043;http://www.kinzelbach-verlag.de;Buchwissenschaft, Buchhandel
2933;Verlag Dortmunder Buch;Dortmunder Buch Verlag;Dortmund;;;106556323X;;Buchwissenschaft, Buchhandel
2934;Verlag Dr. Frank GmbH;Verlag Dr. Frank GmbH;Gera;1992;;1065867360;http://www.verlag-frank.de;Buchwissenschaft, Buchhandel
2935;Verlag Dr. Kovač;Verlag Dr. Kovač;Hamburg;1982;;16100321-7;http://www.verlagdrkovac.de;Einzelne Branchen der Industrie und des Handwerks
2936;Verlag Dr. Thomas Balistier;;;;;;;
2937;Verlag Eckhard Bodner;Bodner Buchhandlung und Vlg.;Pressath;01.01.1988;;106521197X;https://www.bodner.ebuch.de/;Buchwissenschaft, Buchhandel
2938;Verlag Edition Bad Wimpfen;;;;;;;
2939;Verlag Edition Thaleia;Nilschwein Verlag;Dahlem (Kreis Euskirchen);;;1391815289;;
2940;Verlag Einfach Lesen;Verlag Einfach Lesen;Bern;2002;;1064882064;http://www.einfachlesen.ch/;Buchwissenschaft, Buchhandel
2941;Verlag Erhard Lemm;;;;;;;
2942;Verlag Ernst Vögel;Verlag Ernst Vogel (Basel);;;;108620154X;;
2943;Verlag Expeditionen;LIT Verlag Expeditionen GmbH;Hamburg;;;1066128286;http://www.verlag.expeditionen.com;Buchwissenschaft, Buchhandel
2944;Verlag FELIX AG;Verlag FELIX AG;;XX.10.2006;;1064138446;http://www.felix-ag.de;Buchwissenschaft, Buchhandel
2945;Verlag Frauenmuseum;;;;;;;
2946;Verlag Freies Geistesleben;Verlag Freies Geistesleben;Stuttgart;30.07.1947;15.07.1996;4137853-2;http://www.geistesleben.com;"Buchwissenschaft, Buchhandel; Einzelne Branchen der Industrie und des Handwerks"
2947;Verlag Georg D.W. Callwey GmbH & Co. KG;Georg D. W. Callwey Verlag. Redaktion Restauro;München;;;1086269217;;
2948;Verlag Gueran;;;;;;;
2949;Verlag Hannes Hofinger;;;;;;;
2950;Verlag Hans Reiter;;;;;;;
2951;Verlag Hans Schiler;Verlag Hans Schiler;Berlin;2002;;1065490283;;Buchwissenschaft, Buchhandel
2952;Verlag Ingo Munz;;;;;;;
2953;Verlag Iris Förster;;;;;;;
2954;Verlag Janos Stekovics;Verlag Janos Stekovics;"Halle (Saale); Wettin-Löbejün";21.01.1992;;1064053548;http://www.steko.net/;Buchwissenschaft, Buchhandel
2955;Verlag Joachim Pohlmann;;;;;;;
2956;Verlag Johannes Heyn;Verlag Johannes Heyn;Klagenfurt am Wörthersee;1868;;1065536151;http://www.verlagheyn.at;Buchwissenschaft, Buchhandel
2957;Verlag Jörg Mitzkat;Verlag Jörg Mitzkat;Holzminden;1994;;1255146990;https://www.mitzkat.de/;
2958;Verlag Jürgen Rietschel;;;;;;;
2959;Verlag Kadera;Kadera-Verlag;Norderstedt;08.06.2010;;1065865228;http://kadera-verlag.de;Buchwissenschaft, Buchhandel
2960;Verlag Karim Pieritz;;;;;;;
2961;Verlag Karl Maria Laufen;;;;;;;
2962;Verlag Kern;Kern Verlag;Ilmenau;2015;;1376771829;https://verlag-kern.de/ueber-uns/;
2963;Verlag Klaus Wagenbach;Verlag Klaus Wagenbach;"Berlin (West); Berlin";01.09.1964;;2025683-8;http://www.wagenbach.de/;"Einzelne Branchen der Industrie und des Handwerks; Buchwissenschaft, Buchhandel"
2964;Verlag Kleine Schritte;Verlag Kleine Schritte Ursula Dahm & Co.;Trier;XX.05.1980;;1065971117;http://www.kleine-schritte.de;Buchwissenschaft, Buchhandel
2965;Verlag Kremayr & Scheriau;Verlag Kremayr & Scheriau;Wien;1951;;1065538138;https://www.kremayr-scheriau.at;Buchwissenschaft, Buchhandel
2966;Verlag Kurt Roessler;;;;;;;
2967;Verlag Külzer-Schröder;;;;;;;
2968;Verlag La Quercia;La QUERCIA Verlag;Nürnberg;1996;;1065037589;http://www.la-quercia.de;Buchwissenschaft, Buchhandel
2969;Verlag Lassleben;Verlag Michael Laßleben;Kallmünz;01.01.1907;;7561029-2;https://www.oberpfalzverlag-lassleben.de/;Buchwissenschaft, Buchhandel
2970;Verlag Leben in der Sprache;Verlag Leben in der Sprache;Presseck;;;1065966679;http://www.lebenindersprache.com/;Buchwissenschaft, Buchhandel
2971;Verlag M. Boerner;;;;;;;
2972;Verlag Mainz;Verlag Mainz;Aachen;02.01.1981;;1065499698;http://www.verlag-mainz.de;Buchwissenschaft, Buchhandel
2973;Verlag Martina Nell;;;;;;;
2974;Verlag Menne & Töchter;;;;;;;
2975;Verlag Merzinger-Pleban;Verlag Merzinger-Pleban;;1999;;1065659393;;Buchwissenschaft, Buchhandel
2976;Verlag Michaela Naumann;;;;;;;
2977;Verlag Mis Buech, Schaub Medien AG;"Verlag ""Mis Buech"" Schaub Medien AG";Sissach;;;1067151303;https://www.schaubmedien.ch/Der-Verlag;Buchwissenschaft, Buchhandel
2978;Verlag Momentaufnahme;ID-Verlag-Momentaufnahme;"Wilhelmshaven; Hannover";;;1064348599;;Buchwissenschaft, Buchhandel
2979;Verlag Mondwolf;Verlag Mondwolf;Wien;01.04.2010;;1064733549;http://www.mondwolf.at;Buchwissenschaft, Buchhandel
2980;Verlag Märchenhaft leben;;;;;;;
2981;Verlag Nadine Baumann;;;;;;;
2982;Verlag Nina Roiter;;;;;;;
2983;Verlag Nina Roiter, der oberösterreichische Verlag;;;;;;;
2984;Verlag Peter Grohmann Nachfolger;;;;;;;
2985;Verlag Peter Hopf;Verlag Peter Hopf;"Minden (Westf); Petershagen (Kreis Minden-Lübbecke)";1994;;1064740898;http://www.verlag-peter-hopf.com;Buchwissenschaft, Buchhandel
2986;Verlag Plaggenhauer;PLAGGENHAUER Verlag e.K.;Buxtehude;;;1065498772;http://www.plaggenhauer.de;Buchwissenschaft, Buchhandel
2987;Verlag Ploder;Bona Editio Verlag Thomas Ploder;Stams;;;1065097581;;Buchwissenschaft, Buchhandel
2988;Verlag Ralf Ave;;;;;;;
2989;Verlag Ralf Liebe;Verlag Ralf Liebe;Weilerswist;2006;;1123673632;http://www.verlag-ralf-liebe.de/;Einzelne Branchen der Industrie und des Handwerks
2990;Verlag Raven;Raven Winter Verlag;Immenhausen;;;1064914756;;Buchwissenschaft, Buchhandel
2991;Verlag Redieck & Schade;Verlag Redieck & Schade GmbH;Rostock;;;1065177208;;Buchwissenschaft, Buchhandel
2992;Verlag Reinhard Marheinecke;;;;;;;
2993;Verlag Renate Brandes;Verlag Renate Brandes;Altenriet;;;1064743412;"https://www.brandes-verlag.de/; http://www.vms-brandes.de";Buchwissenschaft, Buchhandel
2994;Verlag Rockstuhl;Verlag Rockstuhl;Bad Langensalza;01.04.1990;;1064213219;http://www.verlag-rockstuhl.de;Buchwissenschaft, Buchhandel
2995;Verlag Roloff;;;;;;;
2996;Verlag Roswitha Neumann;;;;;;;
2997;Verlag Rote Zahlen;Verlag Rote Zahlen;Buxtehude;;;1065975716;http://www.verlag-rote-zahlen.de;Buchwissenschaft, Buchhandel
2998;Verlag SE Stengel;;;;;;;
2999;Verlag SPIEL;Verlag SPIEL;Hannover;;;1065297556;http://www.verlag-spiel.de;Buchwissenschaft, Buchhandel
3000;Verlag Sami;Verlag SAMI;Wien;;;1065223935;;Buchwissenschaft, Buchhandel
3001;Verlag Schnell;Verlag Schnell Peter Salmann;Warendorf;1834;;105804298X;http://www.verlag-schnell.de/;Buchwissenschaft, Buchhandel
3002;Verlag SchriftStella;;;;;;;
3003;Verlag Schönrock & Heikamp;;;;;;;
3004;Verlag Seelenberührungen Eva-Maria Klöhr;;;;;;;
3005;Verlag Tasten & Typen;;;;;;;
3006;Verlag Thomas Tonn;;;;;;;
3007;Verlag Tobias Dannheimer;Verlag Tobias Dannheimer;Kempten (Allgäu);1783;;16045875-4;;Buchwissenschaft, Buchhandel
3008;Verlag Torsten Low;;;;;;;
3009;Verlag Traugott Bautz GmbH;Verlag Traugott Bautz GmbH;Nordhausen;XX.09.2001;;1065717679;http://www.bautz.de;Buchwissenschaft, Buchhandel
3010;Verlag UMWELTBILD;;;;;;;
3011;Verlag Uwe Krebs;Verlag Uwe Krebs;Wendeburg;1990;;1065111851;http://www.verlag-uwe-krebs.de;Buchwissenschaft, Buchhandel
3012;Verlag Waldkirch;Waldkirch KG Verlag-Druck-Agentur;Mannheim;31.01.1973;;1065717709;http://www.verlag-waldkirch.de;Buchwissenschaft, Buchhandel
3013;Verlag Walter Leimeier;;;;;;;
3014;Verlag Weisse Drei;Verlag Weisse Drei;;;;1064728855;;Buchwissenschaft, Buchhandel
3015;Verlag Wolfau-Druck AG;Wolfau-Druck AG;Weinfelden;;;1065216270;;Buchwissenschaft, Buchhandel
3016;Verlag Xvarnah;Verlag Xvarnah;Graz;;;1211652823;;
3017;Verlag am Dom;Seitz - Bücher am Dom GmbH. Abt. Verlag;Augsburg;15.09.1946;;1068092742;;Buchwissenschaft, Buchhandel
3018;Verlag am Eschbach;Verlag am Eschbach;Eschbach (Landkreis Breisgau-Hochschwarzwald);1979;;1052132006;;Buchwissenschaft, Buchhandel
3019;Verlag am Rande;;;;;;;
3020;Verlag am Schloss;Verlag am Schloss;Berlin;;;1065780400;;Buchwissenschaft, Buchhandel
3021;Verlag am Sipbach;Verlag am Sipbach;Raxendorf;2017;;1342139372;https://www.verlag-am-sipbach.at;
3022;Verlag an der Ruhr;Verlag an der Ruhr (Mülheim an der Ruhr);Mülheim an der Ruhr;01.01.1981;;5561257-X;http://www.verlagruhr.de/;"Einzelne Branchen der Industrie und des Handwerks; Buchwissenschaft, Buchhandel"
3023;Verlag beim Augarten;Verlag beim Augarten e.U.;Wien;1884;;1065783213;;Buchwissenschaft, Buchhandel
3024;Verlag d'Harfleur;;;;;;;
3025;Verlag der 9 Reiche;Verlag der 9 Reiche;Berlin;;;1226231217;;
3026;"Verlag der Brandenburgischen Genealogischen Gesellschaft ""Roter Adler"" e. V.";;;;;;;
3027;Verlag der Buchhandlung Matussek;Matussek, Hans K., & Sohn oHG, Buchhandlung. Abt. Verlag;Nettetal;15.08.1961;;1068092521;http://www.buchhandlung-matussek.de;Buchwissenschaft, Buchhandel
3028;Verlag der Donauschwäbischen Kulturstiftung;;;;;;;
3029;Verlag der Heimatstube Altenau-Schulenberg;;;;;;;
3030;Verlag der Nation;Verlag der Nation;"Berlin; Berlin (Ost)";1948;;2025523-8;https://www.verlagsgruppe.de/verlag-der-nation.html;Buchwissenschaft, Buchhandel
3031;Verlag der Ostwestfalen-Akademie;;;;;;;
3032;Verlag der Schatten;;;;;;;
3033;Verlag der Theodor Kramer Gesellschaft;;;;;;;
3034;Verlag der Villa Fledermaus;Verlag der Villa Fledermaus;;1997;;1064118305;http://www.villa-fledermaus.de;Buchwissenschaft, Buchhandel
3035;Verlag der neun Reiche;Verlag der 9 Reiche;Berlin;;;1226231217;;
3036;Verlag des Biographiezentrums;Verlag des Biographiezentrums;;2008;;1065031610;http://www.biographiezentrum.de;Buchwissenschaft, Buchhandel
3037;Verlag des Landkreises Roth;;;;;;;
3038;Verlag deutex;Verlag deutex;Berlin;;;1065361432;http://www.deutex.de;Buchwissenschaft, Buchhandel
3039;Verlag edition viva;Verlag edition viva;Markkleeberg;;;1065859236;http://www.verlag-edition-viva.de;Buchwissenschaft, Buchhandel
3040;Verlag fischueberalles.ch;FISCHUEBERALLES.CH;;01.04.2004;;1065794584;http://www.anglerverlag.de;Buchwissenschaft, Buchhandel
3041;Verlag freiheitsbaum, edition Spinoza;;;;;;;
3042;Verlag für Geschichte und Kultur;Verlag für Geschichte und Kultur;Trier;;;1064064582;;Buchwissenschaft, Buchhandel
3043;Verlag für Geschriebenes und Druck A.L. Dudov;;;;;;;
3044;Verlag für Moderne Phantastik Gehrke;Verlag für Moderne Phantastik;Radeberg;;;1065787537;;Buchwissenschaft, Buchhandel
3045;Verlag für fremdsprachige Literatur;Verlag für fremdsprachige Literatur (Bukarest);Bukarest;;;1350471623;;
3046;Verlag im Institut Drachenhaus;Verlag im Institut Drachenhaus;;;;1064336299;http://www.dragoderm.de;Buchwissenschaft, Buchhandel
3047;Verlag und Buchhandlung der Evangelischen Gesellschaft GmbH;Verlag und Buchhandlung der Evangelischen Gesellschaft GmbH;Stuttgart;1830;;1065027281;http://www.evanggemeindeblatt.de;Buchwissenschaft, Buchhandel
3048;Verlag und Offsetdruck Eppe GmbH;EPPE, Verlag und Offsetdruck, GmbH. Abt. Verlag;;10.08.1976;;1068093188;;Buchwissenschaft, Buchhandel
3049;Verlag von Schröter + Mieg GbR;;;;;;;
3050;Verlag, Mondschein Corona;;;;;;;
3051;Verlagsgemeinschaft topos plus;TOPOS PLUS;;;;1064127436;;Buchwissenschaft, Buchhandel
3052;Verlagsgruppe Verlagshaus Schlosser;Verlagshaus Schlosser;;2006;;106421293X;;Buchwissenschaft, Buchhandel
3053;Verlagshaus Hernals;Verlagshaus Hernals;Wien;;;1066120420;http://www.verlagshaus-hernals.at;Buchwissenschaft, Buchhandel
3054;Verlagshaus Schlosser;Verlagshaus Schlosser;;2006;;106421293X;;Buchwissenschaft, Buchhandel
3055;Verlagshaus el Gato;;;;;;;
3056;Verleysdonk;Albert Verleysdonk (Firma);Mönchengladbach;;;106433301X;http://www.verleysdonk.de/;Buchwissenschaft, Buchhandel
3057;Verrai-Verlag;;;;;;;
3058;Versus;Versus Verlag;Zürich;1993;;1065223994;http://www.versus.ch;Buchwissenschaft, Buchhandel
3059;Verweiledoch-Verl.;verweiledoch Verlag GmbH;München;;;1065096410;;Buchwissenschaft, Buchhandel
3060;Vesi;;;;;;;
3061;Veste-Verl. Roßteutscher;Veste-Verlag;Coburg;1949;;102852403X;"http://veste-verlag.de; http://www.veste-verlag.de";Buchwissenschaft, Buchhandel
3062;ViCON-Verlag;ViCON Verlag;Niederhasli;;;1065980655;http://www.vicon-verlag.ch;Buchwissenschaft, Buchhandel
3063;Via Regia Verlag;Via Regia Verlag;"Bernstadt a. d. Eigen; Königsbrück";;;106535455X;http://www.via-regia-verlag.de;Buchwissenschaft, Buchhandel
3064;ViaTerra-Verl.;ViaTerra Verlag;;XX.09.2008;;1064200125;http://www.viaterra-verlag.de;Buchwissenschaft, Buchhandel
3065;Vidal Verlag;Vidal Verlag Winterthur;Winterthur;XX.09.2010;;1064290884;http://www.vidalverlag.ch;Buchwissenschaft, Buchhandel
3066;Vielfalt Verlag;;;;;;;
3067;Vier-JahreszeitenHaus, Verl. im Münsterland;Vier Jahreszeitenhaus;;01.07.2005;;1064326307;http://www.empire-service.eu;Buchwissenschaft, Buchhandel
3068;Vindobona Verlag;Vindobona-Verlag;Neckenmarkt;;;16345872-8;"http://www.vindobonaverlag.com/deutsch/impressum; http://www.vindobonaverlag.com";"Buchwissenschaft, Buchhandel; Einzelne Branchen der Industrie und des Handwerks"
3069;Violet Truelove;;;;;;;
3070;Vitalis;Vitalis, s.r.o.;"Haselbach (Straubing-Bogen); Prag";1993;;106550229X;"http://www.vitalis-verlag.com; https://www.vitalis-verlag.com/";Buchwissenschaft, Buchhandel
3071;Vitolibro;Vito von Eichborn vitolibro;Malente;;;1064123848;;Buchwissenschaft, Buchhandel
3072;Vja;;;;;;;
3073;VoG - Verlag ohne Geld;VoG Verlag ohne Geld e.K.;München;;;1064128637;http://www.verlagohnegeld.de;Buchwissenschaft, Buchhandel
3074;VoG Verlag ohne Geld e.K.;VoG Verlag ohne Geld e.K.;München;;;1064128637;http://www.verlagohnegeld.de;Buchwissenschaft, Buchhandel
3075;Vogelgesang Verlag;;;;;;;
3076;Vogelherd-Verl.;Vogelherd-Verlag;Einsiedeln;2011;;1064335861;;Buchwissenschaft, Buchhandel
3077;Vohodi;Vohodi Verlag e.Kfm.;;;;1065963386;http://vohodi.de;Buchwissenschaft, Buchhandel
3078;Voland & Quist;Verlag Voland & Quist;"Berlin; Dresden";21.10.2004;;1065654596;https://www.voland-quist.de;Buchwissenschaft, Buchhandel
3079;Volk Verlag;Volk Verlag;München;01.07.1997;;1065369425;https://volkverlag.de;Buchwissenschaft, Buchhandel
3080;Von Herzen Verlag;;;;;;;
3081;Von-Loeper-Literaturverl.;Von Loeper Literaturverlag;Karlsruhe;1979;;1027190529;;Buchwissenschaft, Buchhandel
3082;Vonderheit;Heide-Marie Vonderheit (Firma);Mainz;06.12.2000;;1065216556;http://www.h-m-vonderheit.de;Buchwissenschaft, Buchhandel
3083;Voodoo Press;Voodoo Press;;02.02.2009;;1067141162;http://www.voodoo-press.com;Buchwissenschaft, Buchhandel
3084;Vögel;;;;;;;
3085;W3-Verl.-Ges.;Zur Zeit W3 Verlagsges.m.b.H.;Wien;;;106529879X;http://www.zurzeit.at;Buchwissenschaft, Buchhandel
3086;WDL-Verlag;WDL Verlag;Hamburg;;;1067135723;http://www.wdl-verlag.de;Buchwissenschaft, Buchhandel
3087;WDS-Verl.;;;;;;;
3088;WESER-KURIER, Kulturredaktion, Dr. Hendrik Werner;;;;;;;
3089;WFB-Verlagsgruppe;WFB Verlagsgruppe Ltd.;Bad Schwartau;01.01.1994;;1065494084;http://www.wfb-verlag.de;Buchwissenschaft, Buchhandel
3090;WHB Verlag;WHB Verlag;Mönchengladbach;;;106565426X;http://www.whbverlag.de/;Buchwissenschaft, Buchhandel
3091;WHK-Verl.;WHK-Verlag;Mainz;2000;;1347898182;;
3092;WHK-Verlag;WHK-Verlag;Mainz;2000;;1347898182;;
3093;WHV Wolfgang Hager Verlag;Wolfgang Hager Verlag;Murau-Stolzalpe;2002;;1064050182;http://www.wolfgang-hager-verlag.at/impressum/;Buchwissenschaft, Buchhandel
3094;WIFA Druck und Verlag;WIFA Druck- und Verlags GmbH;;;;1064744001;http://www.lauermann-ansbach.de;Buchwissenschaft, Buchhandel
3095;WOA-Verl.;WOA Verlag;Zürich;1996;;1065865937;http://www.woaverlag.ch;Buchwissenschaft, Buchhandel
3096;WOLL Verlag;WOLL Verlag;Schmallenberg;2012;;1064348793;http://www.woll-verlag.de;Buchwissenschaft, Buchhandel
3097;WORTSCHAU Verlag;;;;;;;
3098;WaRo-Verlag Heidelberg;WaRo-Verlag Heidelberg;Heidelberg;13.09.2004;;1065562810;http://www.waro-verlag.de;Buchwissenschaft, Buchhandel
3099;Wachholtz;Wachholtz Verlag;"Kiel; Neumünster; Hamburg";1924;;2015270-X;http://www.wachholtz-verlag.de;Buchwissenschaft, Buchhandel
3100;Wado-Verl.;Wado-Verlag;Zürich;1975;2006;10107062-7;http://www.wadobooks.ch;Buchwissenschaft, Buchhandel
3101;Wage-Verl.;Wage Verlag;;;;1064064655;http://www.wage-buch.de;Buchwissenschaft, Buchhandel
3102;Wagenbach;Verlag Klaus Wagenbach;"Berlin (West); Berlin";01.09.1964;;2025683-8;http://www.wagenbach.de/;"Einzelne Branchen der Industrie und des Handwerks; Buchwissenschaft, Buchhandel"
3103;Wagner Verlag;Wagner-Verlag;Gelnhausen;01.01.2006;;7613284-5;;Buchwissenschaft, Buchhandel
3104;Walde + Graf Verlagsagentur und Verlag;;;;;;;
3105;Waldgut Verlag;Waldgut Verlag;Frauenfeld;2006;;116362957X;https://www.waldgut.ch/;Buchwissenschaft, Buchhandel
3106;Waldkirch Verlag;Waldkirch KG Verlag-Druck-Agentur;Mannheim;31.01.1973;;1065717709;http://www.verlag-waldkirch.de;Buchwissenschaft, Buchhandel
3107;Wallimann;Jodlerfamilie Wallimann;;;;1086119738;;
3108;Wallstein Verlag;Wallstein-Verlag;Göttingen;"1986; 09.09.1986";;103700972X;https://www.wallstein-verlag.de/;Buchwissenschaft, Buchhandel
3109;WandelWerk Publishing;;;;;;;
3110;Wanner Publishing;Wanner Brothers Publishing (Baden, Limmat);Baden (Aargau);;;16105631-3;;Einzelne Branchen der Industrie und des Handwerks
3111;Wartberg Verlag;Wartberg Verlag;Gudensberg;01.09.1984;;1064328865;http://www.wartberg-verlag.de;Buchwissenschaft, Buchhandel
3112;Wartburg Verlag;Wartburg Verlag;;27.04.1984;;1064328474;;Buchwissenschaft, Buchhandel
3113;Wasserburg Rindern;Wasserburg Rindern (Kleve, Kreis Kleve);;;;1225769345;;Ortsgebundene Bauwerke
3114;WattLiteraten, Autorengemeinschaft;WattLiteraten (Körperschaft);;2016;;115850375X;https://wattliteraten.jimdo.com/;
3115;Wattpad corp.;;;;;;;
3116;Waxmann;Waxmann Verlag;Münster (Westf);11.05.1987;;1036460398;https://www.waxmann.com/;Buchwissenschaft, Buchhandel
3117;Web-Site-Verl.;Web-Site-Verlag;;2001;;1064211887;http://www.web-site-verlag.de;Buchwissenschaft, Buchhandel
3118;Weber;;;;;;;
3119;WeberVerlag.ch;Weber Verlag;Gwatt;"XX.XX.1991; 28.10.2021";22.09.2013;1065426658;https://www.weberverlag.ch/über-uns/der-verlag/;Buchwissenschaft, Buchhandel
3120;Weerts Verlag;;;;;;;
3121;Weg und Ziel;;;;;;;
3122;Weger;;;;;;;
3123;Wehrhahn Verlag;Wehrhahn-Verlag (Hannover);Hannover;1996;;6027153-X;;Einzelne Branchen der Industrie und des Handwerks
3124;Weidler;Weidler Buchverlag Berlin;Berlin;18.03.1985;;1064327672;http://www.weidler-verlag.de;Buchwissenschaft, Buchhandel
3125;WeimarArt;;;;;;;
3126;Weimarer Schiller-Presse;;;;;;;
3127;Weimarer Verlagsgesellschaft;Weimarer Verlagsgesellschaft;Wiesbaden;;;1065492146;http://www.verlagshausroemerweg.de;Buchwissenschaft, Buchhandel
3128;Weishaupt Verlag;Verlag Herbert Weishaupt;Gnas;1980;;1065532563;http://www.weishaupt.at;Buchwissenschaft, Buchhandel
3129;Weiss-Verl.;Weiss-Verlag GmbH & Co. KG;Monschau;;;1065796064;http://www.weiss-verlag.de;Buchwissenschaft, Buchhandel
3130;Weisz auf Schwarz – Literatuzeitschrift;;;;;;;
3131;Weitschat;;;;;;;
3132;WelkenVerlag;WelkenVerlag;"Jena; Hummelshain";01.09.2006;;1064198112;https://www.welkenverlag.de;Buchwissenschaft, Buchhandel
3133;Wellhausen & Marquardt;Wellhausen & Marquardt Medien;Hamburg;;;1064210597;http://www.wm-medien.de;Buchwissenschaft, Buchhandel
3134;Wellhöfer Verlag;Wellhöffer (Verlag, Augsburg);;;;1086294149;;
3135;Weltbild;Weltbild (Berlin);Berlin;;;1156815193;;
3136;Weltbuch;Weltbuch Verlag GmbH;;;;1064785565;http://www.weltbuch.ch;Buchwissenschaft, Buchhandel
3137;Weltklasse Miteinander Verlag e.U.;;;;;;;
3138;Wendepunkt Verlag;WENDEPUNKT Verlag;Itzehoe;;;1067148191;;Buchwissenschaft, Buchhandel
3139;Wendorf Verlag;;;;;;;
3140;Wenn Nicht Jetzt-Verlag;;;;;;;
3141;Wenner;;;;;;;
3142;Wenng;Gebrüder Wenng;Zürich;18XX;;1086711076;;
3143;Wenz;;;;;;;
3144;Werd & Weber Verlag;Werd & Weber Verlag;Gwatt;23.09.2013;27.10.2021;1064061303;;Buchwissenschaft, Buchhandel
3145;Werd Verlag;Werd Verlag;"Zürich; Kreuzlingen";;22.09.2013;1087411718;;
3146;Werdewelt Verlags- und Medienhaus;Werdewelt Verlags- und Medienhaus GmbH;Mittenaar;;;1065563655;http://www.werdewelt.info;Buchwissenschaft, Buchhandel
3147;WerkdruckEDITION;werkdruck EDITION;;;;1064206247;http://www.werkdruckedition.de;Buchwissenschaft, Buchhandel
3148;Werkkreis Literatur der Arbeitswelt - Werkstatt Wien;Werkkreis Literatur der Arbeitswelt (Wien);Wien;;;1216263590;;
3149;Werkstätten-Verl.;;;;;;;
3150;Werner A. Prochazka;Werner A. Prochazka (Firma);Wien;;;1065488297;http://www.w-prochazka.at;Buchwissenschaft, Buchhandel
3151;Werner Schüller;;;;;;;
3152;Westarp BookOnDemand;;;;;;;
3153;Westermann;Westermann Schulbuchverlag;Braunschweig;;;1064328636;http://www.westermann.de;Buchwissenschaft, Buchhandel
3154;Westflügel Verlag;Westflügel Verlag;Essen;15.10.2005;;106528750X;http://www.westfluegel-verlag.de;Buchwissenschaft, Buchhandel
3155;Westfälische Wilhelms-Universität Münster, Zentrale Kustodie;;;;;;;
3156;Westkreuz-Verlag;Westkreuz-Verlag GmbH;Berlin;1912;;1064328660;http://www.westkreuz.de;Buchwissenschaft, Buchhandel
3157;WeyTeCon Förlag;;;;;;;
3158;WeyTeCon Förlag (WF);;;;;;;
3159;Weyand;;;;;;;
3160;WiderWort-Verl.;WiderWort-Verlag;Stadtbergen;;;1065968841;;Buchwissenschaft, Buchhandel
3161;Wiebers Verlag;Wiebers Verlag;Berlin;;;1064054749;http://www.wiebers-verlag.de;Buchwissenschaft, Buchhandel
3162;Wieden-Verl.;Wiedenverlag;Crivitz;;;1035315289;http://www.wieden-verlag.de/index.php5?go=Start;Buchwissenschaft, Buchhandel
3163;Wiedenverlag;Wiedenverlag;Crivitz;;;1035315289;http://www.wieden-verlag.de/index.php5?go=Start;Buchwissenschaft, Buchhandel
3164;Wiener Volkshochsch.;Die Wiener Volkshochschulen;Wien;2008;;16059412-1;http://www.vhs.at;Schule
3165;Wiesenburg Verlag;Wiesenburg Verlag;"Niederwerrn; Schweinfurt";26.01.1996;;1064328415;http://www.wiesenburgverlag.de;Buchwissenschaft, Buchhandel
3166;Wiesengrund Verlag;Wiesengrund Verlag;Wiesenburg/Mark;;;1064737161;https://shop.wiesengrund-verlag.de;Buchwissenschaft, Buchhandel
3167;Wieser Verlag;Wieser Verlag;Klagenfurt am Wörthersee;XX.11.1987;;1065524196;http://www.wieser-verlag.com;Buchwissenschaft, Buchhandel
3168;Wifa Verlag GmbH;WIFA Druck- und Verlags GmbH;;;;1064744001;http://www.lauermann-ansbach.de;Buchwissenschaft, Buchhandel
3169;Wilhelm Heyne Verlag;Wilhelm Heyne Verlag (München);München;1948;;2026980-8;https://www.randomhouse.de/Verlag/Heyne/30000.rhd;Buchwissenschaft, Buchhandel
3170;Wind Child Publishing;;;;;;;
3171;Wind und Sterne;;;;;;;
3172;Windhauch Verlag;;;;;;;
3173;Windsor Verlag;Windsor Verlag ein Unternehmen der Windsor Group Development;;;;1065563809;;Buchwissenschaft, Buchhandel
3174;Windspiel;Windspiel;;;;10332127-5;;Musik (Allgemeines), Musikgeschichte
3175;WirFinden.Es Naß und Hellie GbR;;;;;;;
3176;Wirtschaftsverl. N. W., Verl. für Neue Wiss.;;;;;;;
3177;Wirtschaftsverlag W.V. GmbH;Wirtschaftsverlag W.V. GmbH;Suhl;22.07.1992;;1065096461;http://www.wirtschaftsverlag-suhl.de;Buchwissenschaft, Buchhandel
3178;Wiss. Buchges.;Wissenschaftliche Buchgesellschaft;Darmstadt;1955;2024;2026418-5;https://www.wbg-wissenverbindet.de;Buchwissenschaft, Buchhandel
3179;Wiss. Verl. Bachmann;Dr. Michael Bachmann Wissenschaftlicher Verlag;Badenweiler;04.06.2007;;106517215X;http://www.bachmann-verlag.de;Buchwissenschaft, Buchhandel
3180;Wiss.-Verl.;;;;;;;
3181;Wissenmedia;wissenmedia in der inmediaONE] GmbH;Gütersloh;;;1065866828;http://www.wissenmedia.de;Buchwissenschaft, Buchhandel
3182;Wittaverl.;Wittaverlag München;München;01.01.2006;;1065224699;http://www.wittaverlag.de;Buchwissenschaft, Buchhandel
3183;Wittgenstein Verlag;;;;;;;
3184;Wißner-Verlag;Wißner-Verlag;Augsburg;01.11.1987;;4627272-0;https://www.wissner.com/;Buchwissenschaft, Buchhandel
3185;Wohlrab;Lutz Wohlrab (Firma);Berlin;;;1065567863;;Buchwissenschaft, Buchhandel
3186;Wolbern;Wolbern Verlagsgesellschaft;Berlin;;;106552336X;http://www.wolbern.de;Buchwissenschaft, Buchhandel
3187;Wolf;;;;;;;
3188;Wolf Präsente GmbH;Wolf Präsente GmbH;Ingelheim am Rhein;;;1064739296;;Buchwissenschaft, Buchhandel
3189;Wolfbach;Wolfbach Verlag;"Zürich; Roßdorf (Landkreis Darmstadt-Dieburg); Basel";1995;;1065435940;http://www.wolfbach-verlag.ch;Buchwissenschaft, Buchhandel
3190;Wolff Verlag;Wolff Verlag;Schmalkalden;2008;;1065977468;http://www.wolffverlag.de;Buchwissenschaft, Buchhandel
3191;Wolfgang Hager Verlag;Wolfgang Hager Verlag;Murau-Stolzalpe;2002;;1064050182;http://www.wolfgang-hager-verlag.at/impressum/;Buchwissenschaft, Buchhandel
3192;Wolfgang Pfeifenberger Verlag;;;;;;;
3193;Wolkenreiter-Verl.;Wolkenreiter-Verlag;;;;1065531664;http://www.wolkenreiter-verlag.de;Buchwissenschaft, Buchhandel
3194;Woll Verlag;WOLL Verlag;Schmallenberg;2012;;1064348793;http://www.woll-verlag.de;Buchwissenschaft, Buchhandel
3195;Worms Verlag;Worms Verlag;Worms;;;1068113383;http://www.worms-verlag.de;"Einzelne Branchen der Industrie und des Handwerks; Buchwissenschaft, Buchhandel"
3196;Wort-und-Mensch-Verl.;wort und mensch-Verlag;Leverkusen;1991;;1065780311;http://www.wortundmensch.de;Buchwissenschaft, Buchhandel
3197;Wortfeger Media;Wortfeger Media;"Siebnen; Lachen (Kanton Schwyz)";;;106528411X;http://www.wortfeger.ch;Buchwissenschaft, Buchhandel
3198;Worthandel-Verl.;worthandel : verlag;Dresden;XX.10.1998;;1066136262;http://www.worthandel.de;Buchwissenschaft, Buchhandel
3199;Wortspieler;Die Wortspieler;Schwetzingen;;;1169803466;;
3200;Wortvergnügen;Wortvergnügen Verlag;Nürnberg;;;1065098960;http://www.wortvergnuegen.de;Buchwissenschaft, Buchhandel
3201;Wunderhorn;Wunderhorn Verlag;Heidelberg;1949;;1058047019;;Buchwissenschaft, Buchhandel
3202;Wunderlich;Wunderlich;Reinbek;;;1064931294;http://www.rowohlt.de;Buchwissenschaft, Buchhandel
3203;Wunderraum;Wunderraum Verlag;München;2017;;1131107748;https://www.randomhouse.de/Der-WUNDERRAUM-Verlag-in-der-Verlagsgruppe-Random-House/Der-Verlag/aid75375_14290.rhd;Buchwissenschaft, Buchhandel
3204;Wunderwaldverl.;Wunderwaldverlag;Erlangen;14.05.2007;;1065027664;http://www.wunderwaldverlag.de;Buchwissenschaft, Buchhandel
3205;Wunderwaldverlag;Wunderwaldverlag;Erlangen;14.05.2007;;1065027664;http://www.wunderwaldverlag.de;Buchwissenschaft, Buchhandel
3206;Wurdack Verlag;Ernst Wurdack (Firma);Nittendorf;XX.06.2004;;1065293712;http://www.wurdackverlag.de;Buchwissenschaft, Buchhandel
3207;Wydawnictwo Tadeusz Serocki;;;;;;;
3208;Wörterseh;Wörterseh Verlag;"Dübendorf-Gockhausen; Lachen (Kanton Schwyz)";;;1065552750;http://www.woerterseh.ch;Buchwissenschaft, Buchhandel
3209;XOXO Verlag;;;;;;;
3210;XS-Verl.;XS-Verlag;Berlin;;;1065853599;https://xs-verlag.de;Buchwissenschaft, Buchhandel
3211;Xanthippe;Edition Xanthippe;Zürich;;;1065294360;;Buchwissenschaft, Buchhandel
3212;Xuxelia Verlag;;;;;;;
3213;Yantra;YANTRA Handels- u. VerlagsgesmbH;Wolkersdorf im Weinviertel;01.11.1993;;1065367767;http://www.yantra.at;Buchwissenschaft, Buchhandel
3214;Yara-Ed.;Edition Yara;;;;1066127492;http://www.edition-yara.at;Buchwissenschaft, Buchhandel
3215;Yellow King Productions;;;;;;;
3216;Yeotone;Yeotone;Karlsruhe;;;1065558023;http://www.yeotone.de;Buchwissenschaft, Buchhandel
3217;Youcanprint;;;;;;;
3218;Young Stories, Frankfurt;;;;;;;
3219;ZIEL;ZIEL - Zentrum für Interdisziplinäres Erfahrungsorientieres Lernen (Augsburg);Augsburg;1999;;6026193-6;http://www.ziel.org;"Buchwissenschaft, Buchhandel; Einzelne Branchen der Industrie und des Handwerks"
3220;Zaunkönigin-Verl. Müller;ZAUNKÖNIGIN Verlag Müller;Kreuzlingen;XX.01.2010;;1067129405;http://www.zaunkoenigin.ch;Buchwissenschaft, Buchhandel
3221;Zeitschnur-Verl.;Zeitschnur Verlag;Karlsruhe;05.10.2007;;1065433425;http://www.zeitschnur.de;Buchwissenschaft, Buchhandel
3222;Zenker, Jan M.;;;;;;;
3223;Zenkert;;;;;;;
3224;Zenos-Verl.;;;;;;;
3225;Zero Verlag;ZERO-Verlag;Rheinberg;01.04.1977;;106433153X;;Buchwissenschaft, Buchhandel
3226;Ziebarth Verlag;;;;;;;
3227;Ziethen;Grube Ziethen;Weingartsgasse;1853;1954;7844366-0;;Bergbau, Hüttentechnik
3228;Zoppelberg-Verl.;;;;;;;
3229;Zweitausendeins;Zweitausendeins-Versand (Frankfurt, Main);Frankfurt am Main;;;2071192-X;;Buchwissenschaft, Buchhandel
3230;Zwiebelzwerg Verlag;Zwiebelzwerg-Verlag (Willebadessen);Willebadessen;1977;;10369895-4;http://www.zwiebelzwerg.de;Einzelne Branchen der Industrie und des Handwerks
3231;Zytglogge Verlag;Zytglogge Verlag;"Basel; Gümligen; Oberhofen am Thunersee";1965;;4535634-8;"http://www.zytglogge.ch; http://www.zytglogge.ch/verlag/geschichte/";Buchwissenschaft, Buchhandel
3232;Zürcher Kantonalbank;Zürcher Kantonalbank;Zürich;1870;;2093763-5;https://www.zkb.ch/;"Bank; Einzelne Branchen der Industrie und des Handwerks"
3233;[SIC] – Literaturverlag;[SIC]-Literaturverlag;Aachen;;;1065429738;http://www.siconline.de;Buchwissenschaft, Buchhandel
3234;[kon] Paper e.V.;;;;;;;
3235;ab Edizioni Alpha Beta Verlag;;;;;;;
3236;adakia Verlag;adakia Verlag;"Leipzig; Gera";19.01.2009;;1065500580;https://www.adakia-shop.de;Buchwissenschaft, Buchhandel
3237;adeo;adeo;München;;;106548836X;http://www.randomhouse.de;Buchwissenschaft, Buchhandel
3238;alit - Verein Literaturstiftung;alit - Verein Literaturstiftung;"Zürich; Bern";;;1168647290;;
3239;alit - Verein Literaturstiftung Zürich;;;;;;;
3240;allbärn-verlag;;;;;;;
3241;amardi verlag;amardi verlag;Frankfurt am Main;;;1065364261;http://www.amardiverlag.de;Buchwissenschaft, Buchhandel
3242;amarto;;;;;;;
3243;art & words;art & words - Verlag für Kunst und Literatur;Nürnberg;;;1064797512;http://www.art-and-words.de;Buchwissenschaft, Buchhandel
3244;artkonzeptkörner;artkonzeptkörner;Wegberg;;;1208744631;;
3245;assoverlag;assoverlag;Oberhausen (Rheinland);1970;;7764549-2;http://www.assoverlag.de/?page_id=52;Buchwissenschaft, Buchhandel
3246;audimax Medien;audimax medien gmbh;Nürnberg;;;1065975953;;Buchwissenschaft, Buchhandel
3247;aws Literatur;;;;;;;
3248;axel dielmann verlag;Axel Dielmann Verlag;Frankfurt am Main;1993;;4663990-1;http://www.dielmann-verlag.de;Buchwissenschaft, Buchhandel
3249;be.bra wissenschaft verlag;be.bra wissenschaft verlag;Berlin;2003;;1065796072;http://www.bebra-wissenschaft.de;Buchwissenschaft, Buchhandel
3250;beTHRILLED;;;;;;;
3251;beingoo;beingoo e.K.;;12.01.2007;;1065172095;http://www.beingoo.de;Buchwissenschaft, Buchhandel
3252;belkastudio;;;;;;;
3253;bene! Verlag;;;;;;;
3254;blackanist publications by Marco Neumann Verlag;;;;;;;
3255;blue rhino verlag;;;;;;;
3256;blv;BLV Buchverlag GmbH & Co. KG;München;01.01.2005;;1064332889;https://www.blvverlag.de/;Buchwissenschaft, Buchhandel
3257;boox-verlag;boox-verlag;Urnäsch;2011;;106517585X;http://www.boox-verlag.ch;Buchwissenschaft, Buchhandel
3258;brennt! GmbH;;;;;;;
3259;btb;btb Verlag;München;1996;;1064056466;http://www.randomhouse.de;Buchwissenschaft, Buchhandel
3260;bu-bu der bunte buchladen;bu-bu, der bunte buchladen;Wyk auf Föhr;;;1065224966;http://www.bu-bu.de;Buchwissenschaft, Buchhandel
3261;buch+musik ejw-Service gmbh;buch+musik ejw-service gmbh;Stuttgart;08.09.1955;;1068092998;http://www.ejw-buch.de;Buchwissenschaft, Buchhandel
3262;buch.ome - Offsetzdruckerei Karl Grammlich GmbH;Offsetdruckerei Karl Grammlich;Pliezhausen;1947;;1114826340;http://www.grammlich.de;
3263;buchwerft-verlag.de;;;;;;;
3264;burgart-presse;Burgart-Presse Jens Henkel (Rudolstadt);Rudolstadt;;;2117725-9;http://www.burgart-presse.de;"Papierherstellung, Grafische Technik; Buchwissenschaft, Buchhandel"
3265;c/o autorenglück.de, Stina Milner;;;;;;;
3266;cW-Nordwest-Media-Verl.-Ges.;CW Nordwest Media Verlagsgesellschaft mbH;Grevesmühlen;1994;;1065536828;http://www.nwm-verlag.de;Buchwissenschaft, Buchhandel
3267;camino;;;;;;;
3268;cap-books;;;;;;;
3269;capybarabooks;capybarabooks;;;;1065644744;http://www.capybarabooks.com;Buchwissenschaft, Buchhandel
3270;cbm verlag;;;;;;;
3271;ch. falk-verlag;Christa Falk Verlag;Seeon (Chiemgau);10.02.1982;;1065357346;http://www.chfalk-verlag.de;Buchwissenschaft, Buchhandel
3272;chiliverlag;chiliverlag;Verl;;;1064332730;http://www.chiliverlag.de;Buchwissenschaft, Buchhandel
3273;comediantes;Comediantes;;;;38481-1;;
3274;container press;;;;;;;
3275;creomira;;;;;;;
3276;cri-ki-Verl.;cri-ki-Verlag;Leer (Ostfriesland);;;1065423187;http://www.moa-graven.de;Buchwissenschaft, Buchhandel
3277;crimetime;crimetime-Verlag;Schwalbach am Taunus;;;1065856466;http://www.crimetime-verlag.de;Buchwissenschaft, Buchhandel
3278;custos verlag;custos verlag e.K.;Solingen;;;1065568436;http://www.custos-verlag.de;Buchwissenschaft, Buchhandel
3279;dahlemer verlagsanstalt;dahlemer verlagsanstalt;Berlin;1988;;1065782659;http://www.da-ve.de/;Buchwissenschaft, Buchhandel
3280;danube books;;;;;;;
3281;de La Porte;;;;;;;
3282;debux-Verl.;debux Verlag e.K.;Göttingen;;;1065034075;http://www.debux-verlag.de;Buchwissenschaft, Buchhandel
3283;denkhaus Verlag;denkhaus Verlag;Nürtingen;;;1065559852;http://www.denkhaus-verlag.de;Buchwissenschaft, Buchhandel
3284;der VHS-Baar, Kreative Schreibwerkstatt;;;;;;;
3285;der blaue reiter;Der Blaue Reiter;München;1911;1914;2092721-6;;"Malerei; Bildende Kunst"
3286;destinatio Verlag;destinatio Verlag;Kranichfeld;;;1065791933;http://www.destinatio.de;Buchwissenschaft, Buchhandel
3287;disadorno edition;disadorno edition;Berlin;;;1064285910;;Buchwissenschaft, Buchhandel
3288;dissertation.de;;;;;;;
3289;dt-Verl.;;;;;;;
3290;dtv Verlagsgesellschaft;Deutscher Taschenbuch-Verlag (München);München;1960;;2008574-6;https://www.dtv.de/;Buchwissenschaft, Buchhandel
3291;duotincta;;;;;;;
3292;dup, düsseldorf university press;Düsseldorf University Press;Düsseldorf;;;7689503-8;;Buchwissenschaft, Buchhandel
3293;dvg, Digitalverl.;;;;;;;
3294;düsseldorf university press;Düsseldorf University Press;Düsseldorf;;;7689503-8;;Buchwissenschaft, Buchhandel
3295;eFeF-Verlag;eFeF Verlag;Wettingen;1988;;1064061001;http://www.efefverlag.ch;Buchwissenschaft, Buchhandel
3296;ebersbach & simon;;;;;;;
3297;echomedia buchverlag;echomedia buchverlag;Wien;;;1065701306;https://www.echomedia-buch.at/de/start;Buchwissenschaft, Buchhandel
3298;echt EMF;;;;;;;
3299;edition AZUR;Verlag Voland & Quist. edition AZUR;Dresden;2005;;1067146792;https://www.voland-quist.de/wppb_works/?wp_pub_base_work_edition=edition-azur;Buchwissenschaft, Buchhandel
3300;edition Friedenauer Brücke;edition Friedenauer Brücke;Berlin;;;1064137261;http://www.friedenauer-bruecke.de;Buchwissenschaft, Buchhandel
3301;edition assemblage;edition assemblage;Münster (Westf);;;1065365926;http://www.edition-assemblage.de;Buchwissenschaft, Buchhandel
3302;edition bodoni;Edition Bodoni (Berlin);Berlin;;;10151130-9;https://edition-bodoni.de/;"Buchwissenschaft, Buchhandel; Einzelne Branchen der Industrie und des Handwerks"
3303;edition bücherlese;edition bücherlese;"Luzern; Hitzkirch";2013;;1065100558;http://www.buecherlese.ch;Buchwissenschaft, Buchhandel
3304;edition chrismon;Edition Chrismon;;;;1064288189;;Buchwissenschaft, Buchhandel
3305;edition dreiklein;;;;;;;
3306;edition editka;;;;;;;
3307;edition federleicht;;;;;;;
3308;edition fza;;;;;;;
3309;edition fünf;edition fünf;Gräfelfing;2010;;1065429762;http://www.editionfuenf.de/;Buchwissenschaft, Buchhandel
3310;edition grundrisse;edition grundrisse Robert Foltin;Wien;;;1065176597;;Buchwissenschaft, Buchhandel
3311;edition imaginär;;;;;;;
3312;edition k&s;Autorinnen Verlag edition k&s;Zürich;;;1064127193;;Buchwissenschaft, Buchhandel
3313;edition keiper;edition keiper;Graz;XX.04.2008;;1064922368;https://www.editionkeiper.at/shop/;Buchwissenschaft, Buchhandel
3314;edition libica;;;;;;;
3315;edition libica Simone Stefanie Klein;;;;;;;
3316;edition lichtung;;;;;;;
3317;edition maya;Edition Maya;Niederheimbach (Landkreis Mainz-Bingen);;;1338740644;;
3318;edition mosaik;edition mosaik;Salzburg;2016;;1366904052;https://www.mosaikzeitschrift.at/publikationen/edition-mosaik/;
3319;edition naundob;;;;;;;
3320;edition petit;;;;;;;
3321;edition promenade;edition promenade;Fürth (Bayern);;;1064785123;;Buchwissenschaft, Buchhandel
3322;edition q im bebra verlag;be.bra verlag;Berlin;08.11.1994;;1065503423;http://www.bebraverlag.de;Buchwissenschaft, Buchhandel
3323;edition sanderling;;;;;;;
3324;edition silbenreich;;;;;;;
3325;edition sine;;;;;;;
3326;edition sonne und mond;edition sonne und mond Manfred Stangel;Wien;;;1065497075;http://www.sonneundmond.at;Buchwissenschaft, Buchhandel
3327;edition talpa mundum ferens;;;;;;;
3328;edition wohlwill;;;;;;;
3329;edition worte&werke;;;;;;;
3330;edition zebra;edition zebra;Hamburg;;;1065781520;http://www.edition-zebra.de;Buchwissenschaft, Buchhandel
3331;edition.inspiration;;;;;;;
3332;edition_aixact;;;;;;;
3333;editionmevinapuorger;editionmevinapuorger;Zürich;;;1270817043;https://www.editionmevinapuorger.ch/;
3334;editionsmueller;;;;;;;
3335;editionwort;edition Wort;Bitburg;;;1065981422;http://www.edition-wort.de;Buchwissenschaft, Buchhandel
3336;editum;;;;;;;
3337;elfundzehn;elfundzehn Verlag;"Eglisau; Zürich";2005;;1065135211;http://www.elfundzehn.ch;Buchwissenschaft, Buchhandel
3338;enPunto;;;;;;;
3339;erscheint jährlich in der Edition Angewandte bei De Gruyter;Walter de Gruyter GmbH & Co. KG;"Berlin; Boston, Mass.";1998;;10095502-2;https://www.degruyter.com;Buchwissenschaft, Buchhandel
3340;es-Verlag;es-Verlag;Michelstadt;;;1065862008;;Buchwissenschaft, Buchhandel
3341;eta Verlag;;;;;;;
3342;fabrik.transit;"Literatur- und Kunstverein ""fabrik.transit""";Wien;18.08.2014;;1118403061;https://www.fabriktransit.net/;
3343;fabula Verlag Hamburg;fabula Verlag Hamburg;Hamburg;;;1065862784;http://www.diplomica.de;Buchwissenschaft, Buchhandel
3344;fallen star;fallen star e.K.;;;;1065171560;;Buchwissenschaft, Buchhandel
3345;fe-medienverlag;fe-medienverlags gmbh;Kißlegg;;;1064786502;http://www.fe-medien.de;Buchwissenschaft, Buchhandel
3346;felu Verlag;;;;;;;
3347;fhl Verlag;fhl Verlag Leipzig UG;Leipzig;;;1064786251;http://www.fhl-verlag.de;Buchwissenschaft, Buchhandel
3348;fibre;fibre Verlag;Osnabrück;1993;;1064914179;http://www.fibre-verlag.de;Buchwissenschaft, Buchhandel
3349;fineBooks;;;;;;;
3350;fortfolgendes;;;;;;;
3351;frechverlag GmbH;frechverlag;"Gerlingen; Stuttgart";1955;;2152016-1;http://www.frechverlag.de;Buchwissenschaft, Buchhandel
3352;freiraum-verlag;FreiRaum Verlag;;;;1064786952;;Buchwissenschaft, Buchhandel
3353;für neues bewusst-sein;;;;;;;
3354;ggverlag;;;;;;;
3355;guhl glaser, st.;;;;;;;
3356;hendrik Bäßler verlag;hendrik Bäßler verlag;Berlin;1994;;1067142800;https://www.baesslerverlag.de;Buchwissenschaft, Buchhandel
3357;hkk Krankenkasse;hkk;Bremen;;;390049-6;http://www.hkk.de;Einzelne Branchen der Industrie und des Handwerks
3358;hochroth;hochroth - Gemeinnützige Literaturvermittlung;Wien;;;1064344607;;Buchwissenschaft, Buchhandel
3359;hockebooks;hockebooks GmbH;München;;;1064134297;;Buchwissenschaft, Buchhandel
3360;holapress;;;;;;;
3361;homunculus verlag;Homunculus Verlags-G.m.b.H.;Bregenz;;;1115669036;;
3362;hy-buchedition;;;;;;;
3363;ib-lyric, artfactory;;;;;;;
3364;ibidem-Verlag;ibidem-Verlag;Hannover;;;1064121934;"https://www.ibidem-verlag.de; https://www.ibidem.eu";Buchwissenschaft, Buchhandel
3365;ideaFactory Geiler, Thiessen & Uhlig GbR;;;;;;;
3366;ihleo verlag;ihleo verlag;Husum (Kreis Nordfriesland);01.12.2007;;1065562659;http://www.ihleo-verlag.de;Buchwissenschaft, Buchhandel
3367;in-Cultura.com;in-Cultura.com GmbH;Hamburg;;;1064205046;;Buchwissenschaft, Buchhandel
3368;indayi Edition;;;;;;;
3369;irrgarten Verlag;;;;;;;
3370;jmb-Verlag;JMB-Verlag;Hannover;18.01.2008;;1065865511;http://www.jmb-verlag.de;Buchwissenschaft, Buchhandel
3371;kbw bibelwerk;Verlag Katholisches Bibelwerk;Stuttgart;1937;;33066-8;http://www.bibelwerk-impuls.de;"Einzelne Branchen der Industrie und des Handwerks; Buchwissenschaft, Buchhandel"
3372;klausur-verlag;klausur-verlag;Hannover;1996;;1065166613;http://www.ifabb.de;Buchwissenschaft, Buchhandel
3373;konkursbuch verlag;Konkursbuch Verlag Claudia Gehrke;Tübingen;01.04.1978;;16344015-3;http://www.konkursbuch.com;"Einzelne Branchen der Industrie und des Handwerks; Buchwissenschaft, Buchhandel"
3374;kuk;KUK Electronic;Appenzell;;;1229672273;https://www.kuk.ch;
3375;kukma - Kunst- und Kulturverein;;;;;;;
3376;kunstanstifter;Kunstanstifter Verlag e.Kfr.;Mannheim;21.11.2006;;1065095562;http://www.kunstanstifter.de;Buchwissenschaft, Buchhandel
3377;kurz & bündig Verlag;kurz & bündig verlag;"Basel; Thun; Frankfurt am Main";2019;;1229442537;https://kurz-und-buendig-verlag.com/;
3378;laurin;Edition Laurin;Innsbruck;;;1064792251;http://www.editionlaurin.at;Buchwissenschaft, Buchhandel
3379;lebema.ch;;;;;;;
3380;lectorbooks, ein Imprint der Torat GmbH;lectorbooks;Zürich;2017;;1135000174;;Buchwissenschaft, Buchhandel
3381;lehmanns media;Lehmanns Media GmbH;Berlin;1981;;1065222254;http://www.lehmanns.de;Buchwissenschaft, Buchhandel
3382;lila-verlag.ch;;;;;;;
3383;literatur:vorarlberg;;;;;;;
3384;luv Verlag;;;;;;;
3385;mXpro;mXpro GmbH - mediaXproduction;Lüdenscheid;;;1064287077;http://www.mxpro.de;Buchwissenschaft, Buchhandel
3386;mainbook;MainBook Verlag;Frankfurt am Main;2010;;1065131720;https://www.mainbook.de;Buchwissenschaft, Buchhandel
3387;mandelbaum verlag;Mandelbaum Verlag;"Berlin; Wien";1996;;1065367694;https://www.mandelbaum.at;Buchwissenschaft, Buchhandel
3388;manggei verlag;;;;;;;
3389;manitu-books;;;;;;;
3390;manuskripte-Literaturverein;;;;;;;
3391;mare;Mare Verlag GmbH & Co. oHG;Hamburg;2008;;1065361157;http://www.mare.de;Buchwissenschaft, Buchhandel
3392;mariprosa;mariprosa;Bad Essen;;;1064726100;;Buchwissenschaft, Buchhandel
3393;marixverlag;marix Verlag;Wiesbaden;;;1065492138;http://www.verlagshausroemerweg.de;Buchwissenschaft, Buchhandel
3394;maudrich;Wilhelm Maudrich (Wien);"Wien; Düsseldorf";;;2026884-1;;
3395;mbassador GmbH;;;;;;;
3396;mediaKern;mediaKern GmbH;Wesel;;;1064122132;https://www.kawohl.de/mediakern-gmbh/;Buchwissenschaft, Buchhandel
3397;medimont;medimont Verlag GmbH;München;22.05.1996;;1066119465;;Buchwissenschaft, Buchhandel
3398;meinbesteller.de;;;;;;;
3399;menani GmbH;;;;;;;
3400;mgo Fachverlage;;;;;;;
3401;mikrotext;mikrotext (Körperschaft);Berlin;2013;;1065707851;https://mikrotext.de;Buchwissenschaft, Buchhandel
3402;modo;Modo;;;;10294318-7;;Musik (Allgemeines), Musikgeschichte
3403;morgenroth media;morgenroth media GmbH;;;;1066123195;http://www.morgenroth-media.de;Buchwissenschaft, Buchhandel
3404;moses Verlag;moses. Verlag GmbH;;22.05.1991;;1065502915;http://www.moses-verlag.de;Buchwissenschaft, Buchhandel
3405;muc Verlag;muc Verlag;München;;;1064121101;http://www.muc-verlag.de;Buchwissenschaft, Buchhandel
3406;mvg verlag;mvg Verlag;München;;;1065502494;;Buchwissenschaft, Buchhandel
3407;myMorawa;myMorawa;Großebersdorf;;;1235894746;https://www.mymorawa.com/;
3408;myshow Verlag;;;;;;;
3409;münstermann;;;;;;;
3410;münstermitte medienverlag;münstermitte medienverlag GmbH & Co. KG;Münster (Westf);;;1065426267;http://www.muenstermitte-medienverlag.de;Buchwissenschaft, Buchhandel
3411;neobooks;neobooks;München;;;1064332676;http://www.droemer-knaur.de;Buchwissenschaft, Buchhandel
3412;netzbuchladen.de;;;;;;;
3413;nicolai;Nicolaische Buchhandlung;"Stettin; Elbing; Berlin";1713;1858;6146046-1;;"Handel einzelner Branchen, Dienstleistung einzelner Branchen; Buchwissenschaft, Buchhandel"
3414;novum Verlag;novum pro Verlag;Neckenmarkt;;;1065490917;http://www.novumverlag.com;Buchwissenschaft, Buchhandel
3415;octOpus;;;;;;;
3416;ohneohren verlag;Verlag OHNEOHREN Ingrid Pointecker;Wien;;;106474401X;http://www.ohneohren.com;Buchwissenschaft, Buchhandel
3417;onomato verlag;onomato (Firma);Düsseldorf;;;1065031807;https://onomato.de/;Buchwissenschaft, Buchhandel
3418;ostbooks;;;;;;;
3419;outlook Verlag;Outlook Verlag;Paderborn;;;1065794428;;Buchwissenschaft, Buchhandel
3420;p.l.o.t. e.V.;;;;;;;
3421;p.machinery;p.machinery;Murnau a. Staffelsee;;;1064784577;http://www.pmachinery.de;Buchwissenschaft, Buchhandel
3422;parasitenpresse;;;;;;;
3423;pavée - peter appeltauer vélo edition;;;;;;;
3424;pdk-Verl.;pdk Verlag;Berlin;01.05.2009;;1064120717;http://www.pdkverlag.de;Buchwissenschaft, Buchhandel
3425;peppair GmbH;;;;;;;
3426;pkp Verlag;Pierre Kynast (Firma);"Leuna; Merseburg";;;1065163010;https://www.weltraumladen.com/pkp-Verlag;Buchwissenschaft, Buchhandel
3427;plV-Media;;;;;;;
3428;plattform;;;;;;;
3429;pro MESSAGE;pro MESSAGE oHG;Ludwigshafen am Rhein;01.09.2002;;1065864442;http://www.pro-message.de;Buchwissenschaft, Buchhandel
3430;pro Monstein;pro Monstein;Monstein;1999;;1195477708;;
3431;pro mente edition;pro mente edition;Linz;;;1065215398;http://www.promenteooe.at/edition;Buchwissenschaft, Buchhandel
3432;product verlag;Product Verlag Ernst-Walter Hug;Schwäbisch Hall;;;1064064353;;Buchwissenschaft, Buchhandel
3433;projektverlag;Projekt Verlag;"Bochum; Freiburg im Breisgau";12.08.1991;;1064201490;http://www.projektverlag.de;Buchwissenschaft, Buchhandel
3434;public book media verlag;;;;;;;
3435;pudelundpinscher;edition pudelundpinscher;"Erstfeld; Linescio; Wädenswil";2006;;1065162936;http://www.pudelundpinscher.ch;Buchwissenschaft, Buchhandel
3436;pyjamaguerilleros;;;;;;;
3437;pünktchen Kinderbuchverlag;;;;;;;
3438;quartus-Verlag;Quartus-Verlag;Bucha (Saale-Holzland-Kreis);01.07.1995;;1065966385;http://www.quartus-verlag.de/index2.htm;Buchwissenschaft, Buchhandel
3439;radio 3;;;;;;;
3440;ratio-books;ratio-books;;XX.01.2006;;1064196888;http://www.ratio-books.de;Buchwissenschaft, Buchhandel
3441;rbb;RBB & Cie;;;;108657768X;;
3442;re:sonar verlag;;;;;;;
3443;read4joy;;;;;;;
3444;riki;riki GmbH;Interlaken;1994;;1065568908;http://www.rikiverlag.ch;Buchwissenschaft, Buchhandel
3445;riva;riva Verlag;München;2004;;1065222300;;Buchwissenschaft, Buchhandel
3446;rohumedia;;;;;;;
3447;rosenheimer;Rosenheimer Verlagshaus;Rosenheim;23.08.1949;;1038837081;http://www.rosenheimer.com;Buchwissenschaft, Buchhandel
3448;rulSuspense Verlag;;;;;;;
3449;rüffer & rub;rüffer & rub Sachbuchverlag;Zürich;2000;;1086296761;https://ruefferundrub.ch;"Buchwissenschaft, Buchhandel; Einzelne Branchen der Industrie und des Handwerks"
3450;scius;;;;;;;
3451;scribaria;Scribaria (Körperschaft);;2006;;10167886-1;;
3452;scridelio;;;;;;;
3453;skript-Verlag;Skript-Verlag;Neuss;;;1064134181;http://www.skript-verlag.de;Buchwissenschaft, Buchhandel
3454;smp, swb media publishing;;;;;;;
3455;sonderzahl;Sonderzahl-Verlag;Wien;;;1191718492;;
3456;sonne & mond;edition sonne und mond Manfred Stangel;Wien;;;1065497075;http://www.sonneundmond.at;Buchwissenschaft, Buchhandel
3457;spree-books (spree-media.net GmbH);;;;;;;
3458;steinbach sprechende bücher;steinbach sprechende bücher e.Kfr.;Schwäbisch Hall;1978;;1067150420;http://www.sprechendebuecher.de;Buchwissenschaft, Buchhandel
3459;stirnholz Verlag;;;;;;;
3460;story.one;;;;;;;
3461;sujet verlag;Sujet Druck & Verlag;Bremen;;;1065655878;;Buchwissenschaft, Buchhandel
3462;swiboo.ch;swiboo.ch;"Frick; Stein (Aargau)";;;1197000151;;
3463;synergenVerlag;synergenVerlag;Dortmund;20.12.2000;;1064922554;http://www.synergenverlag.de;Buchwissenschaft, Buchhandel
3464;telegonos-publishing;;;;;;;
3465;thrillercriminal.com Community;;;;;;;
3466;tolino media;;;;;;;
3467;tosa;Tosa GmbH;;;;1064064434;http://www.tosa-verlag.de;Buchwissenschaft, Buchhandel
3468;tpk-Verlag;tpk-Verlag;Bielefeld;1997;;1065104618;http://www.tpk-verlag.de;Buchwissenschaft, Buchhandel
3469;trafo;trafo Literaturverlag;Berlin;;;1065425031;http://www.trafoberlin.de;Buchwissenschaft, Buchhandel
3470;tredition;Tredition GmbH (Hamburg);"Ahrensburg; Hamburg";2006;;16092129-6;http://www.tredition.de;"Buchwissenschaft, Buchhandel; Einzelne Branchen der Industrie und des Handwerks"
3471;tunkan;;;;;;;
3472;tvd-Verl.;tvd Verlag GmbH;Düsseldorf;;;1065783930;;Buchwissenschaft, Buchhandel
3473;uli-jungbluth-press;;;;;;;
3474;unartproduktion;Unartproduktion (Dornbirn);Dornbirn;;;10347783-4;"http://www.unartproduktion.at; http://www.unartproduktion.at/index.php?id=127";"Buchwissenschaft, Buchhandel; Einzelne Branchen der Industrie und des Handwerks"
3475;vHVerlag;;;;;;;
3476;vabaduse.de;;;;;;;
3477;van Aaken;Talishja van Aaken (Firma);Köln;01.07.2004;;1064057861;;Buchwissenschaft, Buchhandel
3478;van Eck Verlag;Van Eck Verlag;Triesen;1982;;1065498047;https://vaneckverlag.li;Buchwissenschaft, Buchhandel
3479;vbb, Verlag für Berlin-Brandenburg;Verlag für Berlin-Brandenburg;Berlin;15.07.1994;;1065495668;http://www.verlagberlinbrandenburg.de;Buchwissenschaft, Buchhandel
3480;verlag am park;Verlag am Park;Berlin;1996;;1064210821;;Buchwissenschaft, Buchhandel
3481;verlag die brotsuppe;verlag die brotsuppe;Biel;2003;;1065554257;http://www.diebrotsuppe.com;Buchwissenschaft, Buchhandel
3482;verlag heil.reisen;;;;;;;
3483;verlag honigbauch;;;;;;;
3484;verlag.marless.de;;;;;;;
3485;verlageinundsiebzig;;;;;;;
3486;verlagsallianz;verlagsallianz;;;;1065982585;http://www.verlagsallianz.de;Buchwissenschaft, Buchhandel
3487;via Pho.to-Tool/ Made by Photo Lab, Fritz;;;;;;;
3488;viademica.verlag berlin e. Kfm.;;;;;;;
3489;vomhörensehen medienagentur;;;;;;;
3490;von Bockel;Von Bockel Verlag;Neumünster;02.08.1991;;1067136096;http://www.bockelverlag.de;Buchwissenschaft, Buchhandel
3491;von Reeken;DvR-Buchreihe - Kollektion Lasswitz;Lüneburg;2003;;1065505124;"https://www.dieter-von-reeken.de/; http://www.dieter-von-reeken.de";Buchwissenschaft, Buchhandel
3492;von Zabern;Verlag Philipp von Zabern;"Darmstadt; Mainz";1879;;1084034-5;https://www.wbg-wissenverbindet.de/ueber-uns/der-verlag/verlagsprogramme/;Buchwissenschaft, Buchhandel
3493;von dem Knesebeck GmbH & Co. Verlag KG;von dem Knesebeck GmbH & Co. Verlag KG;München;30.07.1987;;1065102941;http://www.knesebeck-verlag.de;Buchwissenschaft, Buchhandel
3494;wbg Edition;wbg Edition;Darmstadt;;;1211862739;;
3495;weissbooks.w;Weissbooks Verlagsgesellschaft mbH;"Berlin; Frankfurt am Main";2008;;1050878655;http://www.weissbooks.com/;Buchwissenschaft, Buchhandel
3496;wek-Verl.;wek-Verlag;Treuchtlingen;01.08.1984;;1065028105;http://www.wek.de;Buchwissenschaft, Buchhandel
3497;wesText Verlag;wesText Verlag;Hückelhoven;;;1064789986;http://www.westext.de;Buchwissenschaft, Buchhandel
3498;wespen-kontor;;;;;;;
3499;wir sind lesenswert – Verein für Literatur;;;;;;;
3500;wirschreibenfürahrweiler, Autorengemeinschaft;;;;;;;
3501;wortbau e.V.;Schreibende Schüler e.V.;;2009;;16059317-7;http://www.schreibende-schueler.de;
3502;worttransport.de;;;;;;;
3503;wtp-verlag;;;;;;;
3504;wtv;WTV;Meßstetten;;;1065213034;;Buchwissenschaft, Buchhandel
3505;www.hairfashionplus.ch;;;;;;;
3506;www.ideenteufel.de;;;;;;;
3507;www.stejnar-verlag.com;;;;;;;
3508;xenomoi;xenomoi verlag e.K.;Berlin;01.03.2001;;1065437854;http://www.xenomoi.de;Buchwissenschaft, Buchhandel
3509;xlibri;xlibri.de (Firma);Kaufering;2000;;1322102171;https://www.xlibri.de/;
3510;zebra bw;Zentrale Beratungsstelle für Weltanschauungsfragen BW;Freiburg im Breisgau;2020;;1205688609;;
3511;zepp.text Verlag;;;;;;;
3512;zocher & peter;;;;;;;
3513;zu Klampen!;zu Klampen Verlag;"Lüneburg; Springe";03.08.1983;;1038595991;https://zuklampen.de/;Buchwissenschaft, Buchhandel
3514;zwiebook;ZWIEBOOK;Dresden;;;1065111681;http://www.zwiebook.de;Buchwissenschaft, Buchhandel
3515;Çizgi Kitabevi;;;;;;;
3516;Èditions à la Carte;Éditions à la Carte;Siders;;;1212890426;http://www.editions-carte.ch/;
3517;Éd. L'Oreille du Loup;;;;;;;
3518;Éd. Saint-Paul;;;;;;;
3519;Éditions Guy Binsfeld;com'unity sarl Edition Guy Binsfeld;Luxemburg;;;1065492065;;Buchwissenschaft, Buchhandel
3520;Írott Szó Alapítvány;;;;;;;
3521;ÖBB Personenverkehr AG, Personalmanagement Kärnten;;;;;;;
3522;Österr. Kunst- u. Kulturverl.;;;;;;;
3523;Österreichische Literaturgesellschaft;Österreichische Literaturgesellschaft;Zug;;;1205425624;;
3524;Österreichischer Schriftsteller/innenverband;Österreichischer Schriftsteller/Innenverband;Wien;2011;;1025599160;https://www.oesv.or.at/home.html;
3525;Österreichisches Literaturforum;Österreichisches Literaturforum;Krems an der Donau;;;10007715-8;http://www.oelf.at/;
3526;ß Verlag;ß Verlag & Medien GbR;Rostock;;;1065140738;https://www.eszet-verlag.de/;Buchwissenschaft, Buchhandel
