person_id;person_name;person_username;gender;alter;website
1;!1;;;;
2;"""Das Geheimnis des Überseekoffers"", Autorengruppe";;;;
3;#wirschreibenfürahrweiler, Autorengemeinschaft;;;;
4;(Autorin), the_climbing_rose;;;;
5;***, Titania;Vollmondmaedchen;;;
6;*-*, Danny;Ryuk166;;;
7;"*...*, >;<";FourDairies;;;http://beaconendlesshills.yooco.de/home.html?PHPSESSID=nmjshjlfo1nuoeujpfojbilaf4
8;-chan, Nauka;NaukaRyu;weiblich;29;
9;-chan, Yuki;lunaticYukidaruma;weiblich;28;
10;-minu;;;;
11;-san, Meg;Meg;weiblich;;
12;..., ...;Espeon-chan;weiblich;23;https://www.youtube.com/channel/UCxDj2lPcLOZ0nWMPHuSh-qQ/feed?activity_view=3
13;..., Akira;Shamanwolf94;weiblich;;
14;..., Ein Cooler;Vionix700;männlich;24;
15;..., Estaniel;Estaniel;weiblich;30;
16;..., Jessy und Line;JessyLine;;;
17;..., Luka;LukaxMiku;weiblich;26;
18;..., Mila;burningDarkness;weiblich;;http://burningdarkness.hat-gar-keine-homepage.de/
19;..., Nicola;Schwarze Lilien;weiblich;;http://nicolanini.jimdo.com/
20;..., Suki-Sayuri;FallenArchangel;weiblich;;http://ask.fm/SukiSayuri
21;..., Vadipa;Vadipa;weiblich;26;http://www.fanfiktion.de/u/MidnightWolf
22;"/ ... / ;D, Zuckertoertchen :D";sweet-sugar;weiblich;29;
23;223, Lin;lin223;weiblich;39;
24;279, Snoopy;Snoopy279;weiblich;;
25;29, star;star29;;23;
26;4TheWeak, SanityIs;SaneBonkersOffRocker;weiblich;;
27;95, Dahlia;Dahlia95;weiblich;29;
28;:), Sunny;Kogumachip;weiblich;24;http://sunny.has-no-homepage.net/
29;:-x, Schneefall;Schneefall;weiblich;;
30;";D, :3";Mire;;;
31;??, ??;Stachelmaedchen;weiblich;29;
32;???, Julia;Shini-Girl;weiblich;33;
33;?_?, Leo;Leo-Fantasy;weiblich;;
34;A. Nakhosteen, Gabriele;;;;
35;A., Carlos;;;;
36;A., Kathy;LucifersDream;weiblich;33;
37;ALTINKAYA, M. Y.;;;;
38;ATAK;;;;
39;Aaken, Talishja van;;;;
40;Aba, Devran;;;;
41;Abate, Anu;;;;
42;Abdel-Aziz, Mohamed;;;;
43;Abdulah-Müller, Annelies;;;;
44;Abdullayev, Vugar;;;;
45;Abel, Andrea;;;;
46;Abel, Uta;;;;
47;Abeln, Reinhard;;;;
48;Abendroth, Alana;;;;
49;Abendschön, Wolfgang;;;;
50;Aberham, Morris;;;;
51;Abermann, Stefan;;;;
52;Abicht, Carin;;;;
53;Abidi, Heike;;;;
54;Ableidinger, Brigitte;;;;
55;Ablett, Sarah J.;;;;
56;Aboreas, Nick;;;;
57;Aboreas, Rüdiger;;;;
58;Abraham, Hanna;;;;
59;Abrahamian, Albert;;;;
60;Abrahamian, Heidemarie;;;;
61;Abrahams, Julia;;;;
62;Abram, Antje;;;;
63;Abrams, Lena;;;;
64;Abraxas;;;;
65;Abresch, Michaela;;;;
66;Abt, Sabine;;;;
67;Abts, Norbert;;;;
68;Abu-Mahfouz, Kamil;;;;
69;Aceval, Hakim;;;;
70;Aceval, Naceur-Charles;;;;
71;Ach, Friedrich;;;;
72;Ach, Manfred;;;;
73;Acheronian, Galax;;;;
74;Achilles, Michael;;;;
75;Achner, Annegret;;;;
76;Achtzehnter, Miriam;;;;
77;Acker, Andreas;;;;
78;Ackermann, Erich;;;;
79;Ackermann, Ingmar;;;;
80;Ackermann, Sabeth;;;;
81;Ackermann, Uwe;;;;
82;Ackermann-Stoletzky, Karin;;;;
83;Acksteiner, Barbara;;;;
84;Adam, Brigitte;;;;
85;Adam, Dieter;;;;
86;Adam, K. R.;;;;
87;Adam, Stefan;;;;
88;Adamana, Serafin;Serafin;weiblich;32;http://www.sera-chan.de/
89;Adams, Angelika;;;;
90;Adams, Holly;;;;
91;Adams, Inga;;;;
92;Adams, Robin;;;;
93;Adams, Sophia;;;;
94;Adams, Werner;;;;
95;Adatepe, Sabine;;;;
96;Adel, Ithar;;;;
97;Adelsberger, Waltraud;;;;
98;Adina Heinemann, Adina;;;;
99;Adler, Alicja;Alicja Adler;weiblich;25;
100;Adler, Eckhard;;;;
101;Adler, H. G.;;;;
102;Adler, Hans;;;;
103;Adler, Jeremy D.;;;;
104;Adler, Karoline;;;;
105;Adler, Michael;;;;
106;Adler, Polly;;;;
107;Adnan, Etel;;;;
108;Adolf, Wolfgang;;;;
109;Adore, Alexa;;;;
110;Adorf, Mario;;;;
111;Adorján, Johanna;;;;
112;Adrian, Julia;;;;
113;Adrian, Michael;;;;
114;Adrika, Muhidin;;;;
115;Aeberhard, Georg;;;;
116;Aebersold, Urs;;;;
117;Aebischer, David H.;;;;
118;Aebli, Kurt;;;;
119;Aechtner, Uli;;;;
120;Aedtner, Bernd;;;;
121;Aegerter, Roland;;;;
122;Aellig, Pierre Emile;;;;
123;Aengst, Tom;;;;
124;Aerni, Urs Heinz;;;;
125;Aeschbacher, Ursi Anna;;;;
126;Aeschbacher-Pieren, Verena;;;;
127;Agbaria, Evelyn;;;;
128;Agnes, Innerhofer;;;;
129;Agony, Slilth;3Dreams;männlich;29;
130;Agradi, Norbert;;;;
131;Agualusa, José Eduardo;;;;
132;Ah, Vokun;Vokunah;divers;;
133;Ahang, Ratbil;;;;
134;Ahlers, Rolf;;;;
135;Ahlers, Sina;;;;
136;Ahne;;;;
137;Ahne, Winfried;;;;
138;Ahnert, Stefan Frank;;;;
139;Ahorn, Felicitas;;;;
140;Ahr, Isolde;;;;
141;Ahrends, Martin;;;;
142;Ahrens, Britta;;;;
143;Ahrens, Dietmar;;;;
144;Ahrens, Friederike Lydia;;;;
145;Ahrens, Hanna;;;;
146;Ahrens, Henning;;;;
147;Ahrens, Lina;;;;
148;Ahé, Maria von der;;;;
149;Aichhorn, Leo;;;;
150;Aichinger, Renate;;;;
151;Aikisawa, Satomi;SatomiArina;weiblich;24;
152;Ainerdinger, Hans Georg;;;;
153;Airwalker, June;June Airwalker;weiblich;;
154;Aistermann, Wolfgang;;;;
155;Aka Master Entchen of Elend, Lil;MasterEntchenOfElend;weiblich;;https://www.instagram.com/leben_ist_langweilig/
156;Akabane, Karma;Karma Akabane;weiblich;;https://www.instagram.com/kittysdrawing/
157;Akahashi, Ly;Ly Akahashi;weiblich;27;
158;Akari, Shizuka;Fukurouchan;weiblich;35;
159;Akgün, Lale;;;;
160;Akkordéon, Pètrus;;;;
161;Akrap, Doris;;;;
162;Aktay, Eser;;;;
163;Akuma, Luna;LunaAkuma;weiblich;29;
164;Akuma, Victor;diasthedeathknight;männlich;26;
165;Akutagawa, Ryunosuke;;;;
166;Akutagawa, Ryūnosuke;;;;
167;Al Shahmani, Usama;;;;
168;Al-Badri, Sigrun;;;;
169;Al-Ghitani, Gamal;;;;
170;Al-Musawi, Laith;;;;
171;Alafenisch, Salim;;;;
172;Alagöz, Silke;;;;
173;Alaina, Mariella;Mariella Alaina;;;
174;Alastor E.-E., Marc;;;;
175;Alavie, Ayeda;;;;
176;Alawarnez, Leila;;;;
177;Alazais, Anna-Sophia;;;;
178;Alb, Margarethe;;;;
179;Alba, Tina;;;;
180;Albendorf, Johannes;;;;
181;Alber, Wolfgang;;;;
182;Albers, Bernhard;;;;
183;Albers, Connie;;;;
184;Albers, Gabriele;;;;
185;Albers, Heinz;;;;
186;Albers, Liesel;;;;
187;Albers, Reinhard;;;;
188;Albers, Stefan;;;;
189;Albert, Paul;;;;
190;Alberti;;;;
191;Albertine;;;;
192;Albertine, Albertine;;;;
193;Alberts, Jürgen;;;;
194;Albertsen, Elisabeth;;;;
195;Albertz, Heike;;;;
196;Albich, Mina;;;;
197;Albiro, Erika;;;;
198;Albrecht, Achim;;;;
199;Albrecht, Andrea;;;;
200;Albrecht, Andreas;;;;
201;Albrecht, Andrin;;;;
202;Albrecht, Bianca;;;;
203;Albrecht, Detlef;;;;
204;Albrecht, Erika;;;;
205;Albrecht, Gert;;;;
206;Albrecht, Jörg;;;;
207;Albrecht, Lars;;;;
208;Albrecht, Lene;;;;
209;Albrecht, Matthias;;;;
210;Albrecht, René;;;;
211;Albrecht, Susanne Ulrike Maria;;;;
212;Albrod, Florian;;;;
213;Alcântara, Lucênia;;;;
214;Alderman, Karon;;;;
215;Aldinger, Marco;;;;
216;Aldrian, Anna;;;;
217;Alenfeld, Irene;;;;
218;Alex;;;;
219;Alex Planet, Alex;;;;
220;Alexander;;;;
221;Alexander, Darleen;;;;
222;Alexander, Henrik;;;;
223;Alexander, Romualdo;;;;
224;Alexander, Satgyan;;;;
225;Alexandre;;;;
226;Alexius, Romy;;;;
227;Alfred, Günter;;;;
228;Alge-Koranda, Elisabeth;;;;
229;Ali, Ahmad;;;;
230;Alien, Alice;Alice D;weiblich;23;http://njisiru-moosfeuer.jimdo.com/
231;Alihodzic, Sarah;;;;
232;Alioth, Gabrielle;;;;
233;Alkan, Gülkibar;;;;
234;Alkin, Klara;;;;
235;Alkofer-Kern, Rosalinde;;;;
236;Allan, Lucius;;;;
237;Allertseder, Daniel;;;;
238;Alles, Peter;;;;
239;Allhoff, Lutz;;;;
240;Allihn, Wolf;;;;
241;Allinger, Wolfgang;;;;
242;Allié, Manfred;;;;
243;Allmayer, Gerlinde;;;;
244;Almara, Mike;;;;
245;Aloh, Leén;;;;
246;Alpers, Hans Joachim;;;;
247;AlphaLimaEchoXray;;;;
248;Alphonso, Sonja;;;;
249;Alraune, Amelia;12012;weiblich;25;
250;Alsleben, Abo;;;;
251;Alster, Wolfram;;;;
252;Alstreim, Anya;Komori-666;weiblich;31;
253;Alt, Laura;;;;
254;Alt, Silvia;;;;
255;Alt-Schäfer, Martina;;;;
256;Altaras, Adriana;;;;
257;Altenberg, Peter;;;;
258;Altenburg, Maik;;;;
259;Altenhoff, Nicole;;;;
260;Altenstein, Peter;;;;
261;Altenstein, Rosemarie;;;;
262;Altermatt, Sabina;;;;
263;Altewiek, Ernst Rudolf;;;;
264;Althans, Florian;;;;
265;Althaus, Dirk;;;;
266;Althelmig, Rita;;;;
267;Althoetmar, Kai;;;;
268;Althoff, Doris;;;;
269;Althoff, Selma;;;;
270;Altinsoy, Janette;;;;
271;Altkrüger, Wilfried;;;;
272;Altmann, Andreas;;;;
273;Altmann, Christoph;;;;
274;Altmann, Detlev;;;;
275;Altmann, Jenny Barbara;;;;
276;Altmann, Kristin;;;;
277;Altmann, Mike;;;;
278;Altmann, Peter Simon;;;;
279;Altmeier, Lisa;;;;
280;Altmeyer, Nelly;;;;
281;Altmeyer, Stefanie;;;;
282;Altweger, Susanne;;;;
283;Alubaidi, Munir;;;;
284;Aluco, Strix;Strix Aluco;weiblich;;
285;Alze, Benny;;;;
286;Amann, Anton;;;;
287;Amann, Isolde;;;;
288;Amann, Klaus;;;;
289;Amann, Matthias;;;;
290;Amanshauser, Martin;;;;
291;Amant, Pierre;;;;
292;Amarillia, caro;cakolinchen;weiblich;29;
293;Amat, Viros;;;;
294;Amato, Ricarda;;;;
295;Ambronn, D.G.;;;;
296;Ambros, Jürgen;;;;
297;Ambrosio, Dorothea;;;;
298;Ambrosius, Doris;;;;
299;Ambrusch, Bodie Henryk;;;;
300;Ambs, Ramona;;;;
301;Ambs, Stefan;;;;
302;Ambühl, Daniel;;;;
303;Amediek, Christoph;;;;
304;Amelie, Arden;;;;
305;Amelung, Jörg;;;;
306;Amerein, R. M.;;;;
307;Amerstorfer, Tanja;;;;
308;Ames, Herbert;;;;
309;Amft, Ursel;;;;
310;Amicelli, Roxanne;roxanne;weiblich;28;
311;Ammann, Corinne;;;;
312;Ammann, Daniel;;;;
313;Ammann-Gebhardt, Ilse;;;;
314;Ammend, Klara;;;;
315;Ammon, Angelika;;;;
316;Ammon, Katja;;;;
317;Amnell, Calan;Calan;weiblich;;http://dreaming-nightingale.jimdo.com/
318;Amnuel, Pesach;;;;
319;Amon, Michael;;;;
320;Amor, Ares;;;;
321;Amor, Myléne;;;;
322;Amort, Friederike;;;;
323;Amsler, André;;;;
324;Amsler, Jules;;;;
325;Amstadt, Sylvia;;;;
326;Amthor, Johanna;;;;
327;Amtsberg, Sven;;;;
328;Amy Kopps, Amy;;;;
329;Anandason, Mano;;;;
330;Anandason, Saskia;;;;
331;Ananitschev, Rosa;;;;
332;Anastassiou, C.;;;;
333;Anderer, Hannes;;;;
334;Andergassen, Dominikus;;;;
335;Andernach, Heinz;;;;
336;Anders, Ellen;;;;
337;Anders, Eska;;;;
338;Anders, Gabi;;;;
339;Anders, Gisela;;;;
340;Anders, Gudrun;;;;
341;Anders, Ingo S.;;;;
342;Anders, Jonathan J.;;;;
343;Anders, Kenneth;;;;
344;Anders, Laura;;;;
345;Anders, Robert;;;;
346;Anders, Sue;;;;
347;Anders, Tina-Maria;;;;
348;Anders-Frey, AlAn;;;;
349;Andersch, Alfred;;;;
350;Andersen, Hans Christian;;;;
351;Anderson, Dekama;vIexist;männlich;33;
352;Anderson, F.;;;;
353;Anderson, Inga;;;;
354;Anderson, Jo;Jo Anderson;;38;https://www.amazon.de/Leck-mich-Bulle-Jo-Anderson/dp/1520669488
355;Anderson, Jon Lee;;;;
356;Anderson, Lennart;;;;
357;Anderson, Zita;;;;
358;Andersson, Julia;;;;
359;Andexlinger, Christoph;;;;
360;Andrade Martinez, Joao;;;;
361;Andratsch, Max;;;;
362;Andrea, Maria;;;;
363;Andreas, Sebastian;Basti-Andreas;männlich;24;
364;Andreas, Stefan;;;;
365;Andreas, Wienpahl;;;;
366;Andreotti, Mario;;;;
367;Andres, Christine;;;;
368;Andres, Stefan;;;;
369;Andresen, Franziska;;;;
370;Andresen, Herta;;;;
371;Andresen, Judith;;;;
372;Andresen, Laura-Marie;;;;
373;Andresen, Lorenz-Peter;;;;
374;Andresky, Sophie;;;;
375;Andrews, Leslie;Leslie Andrews;weiblich;;
376;Andries, Albert;;;;
377;Andronati, Irina;;;;
378;Androsch, Günther;;;;
379;Andrä, Armin;;;;
380;Andrés, Sandra;;;;
381;Ang, Sina;;;;
382;Angainor, Ascar;Ascar;weiblich;;
383;Angel and Devil, Vicky und Laura;Angel and Devil;weiblich;25;
384;Angel, Frauke;;;;
385;Angel, Lost;;;;
386;Angel, P. S.;;;;
387;Angeler, David G.;;;;
388;Angelo, Esther Kiara de;;;;
389;Angelova, Juliana;;;;
390;Angels, Cookie;SweetCookie x3;weiblich;;https://www.facebook.com/profile.php?id=100014567255253
391;Angenend, Gisela;;;;
392;Anger, Michael;;;;
393;Angerer, Ela;;;;
394;Angermann, Franziska;;;;
395;Angleitner, Brigitte;;;;
396;Angst, Eva;;;;
397;Anhalt, H. F. von;;;;
398;Anhalt, Utz;;;;
399;Anhelm, Fritz Erich;;;;
400;Ani, Friedrich;;;;
401;Anibas, Martin;;;;
402;Anken, Conny;;;;
403;Anken, Cornelia Christina;;;;
404;Anker, Stefanie;;;;
405;Anker, Sven;;;;
406;Ankert, Torsten;;;;
407;Anlauf, Joachim;;;;
408;Anmar, Angelica;;;;
409;Anna, Maria;;;;
410;Anna, Pankratz;;;;
411;Annecke, Angela;;;;
412;Anneke, Martina;;;;
413;Annel, Ingrid;;;;
414;Annel, Ulf;;;;
415;Annelie, Kawka-Wegmann;;;;
416;Annha, Chrys;;;;
417;Anonym, Unbekannt;;;;
418;Anselm, Doris;;;;
419;Ansermoz, Jean-Pascal;;;;
420;Ansing, Marco;;;;
421;Anslinger, Winfried;;;;
422;Ansorge, Ingrid;;;;
423;Ansull, Oskar;;;;
424;Antares, Varia;;;;
425;Antari, Myska;Myska;weiblich;32;https://www.instagram.com/myska.antari/
426;Antelmann, Corinna;;;;
427;Antes, Peter;;;;
428;Antesberger, Klara;;;;
429;Antholz, Frauke;;;;
430;Antkowiak, Barbara;;;;
431;Anton, Anna;;;;
432;Anton, Laura;;;;
433;Anton, Uwe;;;;
434;Antonette, Yessica;;;;
435;Antoni, Beatrix;;;;
436;Antunovic, Dirk;;;;
437;Anubis;;;;
438;Anzengruber, Ludwig;;;;
439;Aoki, Shinya;Shinya Aoki;;34;
440;Apcin, Jasmin;;;;
441;Apel, Bernd;;;;
442;Apelt, Karin;;;;
443;Apfelstedt, Marianne;;;;
444;Apostel, Anja;;;;
445;Apothekerkind, Das;;;;
446;Appel, Franziska;;;;
447;Appel, Jana;;;;
448;Appel, Reinhard;;;;
449;Appelbe, Uwe W.;;;;
450;Appell, Ehrhart;;;;
451;Appelshäuser, Gerhard;;;;
452;Appeltauer, Peter;;;;
453;Appenroth, Max;;;;
454;Apple, Pine;Pineappler;;;
455;Appler, Sigi;;;;
456;April, CiCa;Todesserin24;weiblich;;
457;April, Michael;;;;
458;Ar-Feiniel, Nessa;Nessa07;weiblich;26;
459;Arachibutyrophobie, Sandkuchen;Dying Soul;weiblich;;
460;Araia, Dagmar;;;;
461;Aras, Orhan;;;;
462;Arax, Mark;;;;
463;Arbaoui, Cornelia Erika;;;;
464;Arbia, Theresia;;;;
465;Arbinger, David;;;;
466;Archan, Isabella;;;;
467;Arcon, Dana da;;;;
468;Arden, Malin;;;;
469;Ardnassak, Ralph;;;;
470;Arend, Angelika;;;;
471;Arend, Claudia;;;;
472;Arend, Greta;;;;
473;Arends, Silke;;;;
474;Arenth, Akira;;;;
475;Arenz, Ewald;;;;
476;Arenz, Petra;;;;
477;Aretz, Claudia;;;;
478;Arfel, Tatjana;;;;
479;Arfsten, Bente;;;;
480;Argento, Dragocuore;Dragocuore;weiblich;26;
481;Argon, Ilona;ilonaargon;weiblich;21;
482;Ari, Cairiel;"Cairiel;Sharaku";männlich;;http://www.facebook.de/CairielAri
483;Arisato, Yuki;Yuki Arisato;;34;https://www.facebook.com/pages/Yuki-Arisato/828644050481161?ref=hl
484;Arlanov, Rudolf;;;;
485;Arleth, Florian;;;;
486;Arlinghaus, Oswald;;;;
487;Arlo, Bates;;;;
488;Arlt, Judith;;;;
489;Armande, Pauline;;;;
490;Armao, Charlotte;;;;
491;Armit, Shelagh;;;;
492;Arn, Jan;;;;
493;Arnast, Katrin;;;;
494;Arndt, Annette;;;;
495;Arndt, Dieter;;;;
496;Arndt, Jennifer;;;;
497;Arndt, Marita;;;;
498;Arnegger, Jannine;;;;
499;Arnhold, Cornelia;;;;
500;Arnim, Achim von;;;;
501;Arnim, Annabel von;;;;
502;Arnold, Anett;;;;
503;Arnold, Benjamin;;;;
504;Arnold, Birgit;;;;
505;Arnold, Florian L.;;;;
506;Arnold, Heinz Ludwig;;;;
507;Arnold, Martina;;;;
508;Arnold, Richard;;;;
509;Arnold, Stefan;;;;
510;Arnold, Wolf-Rüdiger;;;;
511;Arnolds, Günter;;;;
512;Aron, Hanna;;;;
513;Arozarena, Rafael;;;;
514;Arquint, Tatjana;;;;
515;Arran, Imelda;;;;
516;Arretz, Willi;;;;
517;Ars, Annie;;;;
518;Arsenschek, Robert;;;;
519;Arsumanjan, Armen;;;;
520;Art, Décadence;;;;
521;Artax, Vyolent;VyolentNoctua;weiblich;;
522;Artelt, Marie-Luise;;;;
523;Artibilov, Anton;;;;
524;Artmann, Gerhard Michael;;;;
525;Artmann, Swen;;;;
526;Artner, J.;;;;
527;Artois, Laurette;;;;
528;Arwen, Chaya;Chaya Arwen;weiblich;;
529;Arz, Martin;;;;
530;Arzberger, Norbert;;;;
531;Asad, Michael;;;;
532;Asadi, Casia;;;;
533;Asahi, Lina;Liina;weiblich;25;
534;Asar, Mevlüt;;;;
535;Aschauer, Illa;;;;
536;Aschenbrenner, Veronika;;;;
537;Aschenwald, Barbara;;;;
538;Ascher, E. M.;;;;
539;Ascherl, Andreas;;;;
540;Aschmann, Kim;;;;
541;Aschwanden, Evelyne;;;;
542;Aschwanden, Herbert;;;;
543;Asen, Eike Kathrin;;;;
544;Asgari, Marjan;;;;
545;Asheq, Ramy al-;;;;
546;Ashton, Juliet;;;;
547;Asimov, Isaac;;;;
548;Askan, Jaye;Lady Jaye;weiblich;;
549;Askush, Nia;Nia Askush;weiblich;31;
550;Asllani, Adrian;;;;
551;Asmodai, Peter;;;;
552;Assantini, Claudio;;;;
553;Ast, Anneliese;;;;
554;Asten, Verena von;;;;
555;Aster, Christian$cvon;;;;
556;Astl, Christa;;;;
557;Astner, Ramona;;;;
558;Asui, Enzo;;;;
559;Asuka (明日香), Shimizu (清水);Merry-Genn;weiblich;24;http://shimizu.hat-gar-keine-homepage.de
560;Aswānī, ʿAlāʾ al-;;;;
561;Athanassiou, Dimitrios;;;;
562;Atrus;;;;
563;Attack, Cat;cat attack;weiblich;38;
564;Atuan, Denis;;;;
565;Atwood, Margaret;;;;
566;Aubert, Antje;;;;
567;Auderset, André;;;;
568;Auel, Heike;;;;
569;Auer, Bettina;;;;
570;Auer, Heidemarie;;;;
571;Auer, Nelo;;;;
572;Auer, Paul;;;;
573;Auer, Wilfried;;;;
574;Auerbach, Sabine;;;;
575;Auerberg, Amalia;Amalia-lia;weiblich;;
576;Auerhammer, Petra;;;;
577;Auffermann, Uli;;;;
578;Aufreiter, Elfriede Maria;;;;
579;Aufricht, Josef;;;;
580;August, Louisa;;;;
581;Augustin, Hans;;;;
582;Augustin, Lukas;;;;
583;Augustin, Sarah;;;;
584;Aulwurm-Wiesner, Gabriela;;;;
585;Aumontier, Stacy;;;;
586;Aumüller, Friedrich;;;;
587;Aurass, Dieter;;;;
588;Aurbacher, Ludwig;;;;
589;Aurel, Jasmin;;;;
590;Aurich, Manfred;;;;
591;Ausserhofer, Manuela;;;;
592;Austen, Jane;;;;
593;Austrofred;;;;
594;Autenrieth, Norbert;;;;
595;Auth, Gabriele;;;;
596;Auth, Gilia;;;;
597;Auzinger, Bernd;;;;
598;Avalli, Ippolita;;;;
599;Avard, Giedrë;;;;
600;Avato, Barbara;;;;
601;Ave, Ralf;;;;
602;Averčenko, Arkadij Timofeevič;;;;
603;Avide, Aveleen;;;;
604;Avies, Randy D.;Randy;;;
605;Avignon, Jim;;;;
606;Avis, Calvyn;Calvyn;männlich;28;
607;Avy, Gdańsk;;;;
608;Away, Sofar;So Far Away;weiblich;;
609;Awe, Christian;;;;
610;Awe, Jürgen;;;;
611;Awe, Michael J.;;;;
612;Awert, Wolf;;;;
613;Awgustow, Josephine;;;;
614;Awono, Mimi;;;;
615;Axel, Heidi;;;;
616;Axelsson, Majgull;;;;
617;Axmann, Theo;;;;
618;Axnick, Sabine;;;;
619;Axt, Renate;;;;
620;Axt, Robert;;;;
621;Ayata, Imran;;;;
622;Aydemir, Fatma;;;;
623;Aydin, Veronika;;;;
624;Aymar, Jürgen;;;;
625;Ayren, Armin;;;;
626;Ayumu, Koizumi;Koizumi;weiblich;25;http://koizumi.hat-gar-keine-homepage.de/
627;Azami, Said;;;;
628;Azur, Anna Lisa;;;;
629;Aßmann, Irma;;;;
630;Aßmann, Karl;;;;
631;Aßmann, Marion;;;;
632;Aṣlān, Ibrāhīm;;;;
633;B. Jankowski, Karin;;;;
634;B., Burkhard;;;;
635;B., Columba von;;;;
636;B., Emma;EmmaB2374;weiblich;20;
637;B., Katharina;Petrichora;weiblich;32;
638;B., Kathrin;Nymuz;weiblich;25;
639;B., Pia;Kala-Wolfgirl;weiblich;28;
640;B., Sarah;SailorTachi;weiblich;27;
641;B., Viviann;Tranquility;weiblich;31;http://in-eigener-welt.blogspot.com
642;B.-Höllbacher, Marianne;;;;
643;BAEM :D, Kai;FLu;männlich;;
644;Baacke, Inge;;;;
645;Baader, Laura;;;;
646;Baake, Frank;;;;
647;Baake, Heike;;;;
648;Baake, Lukas;;;;
649;Baar, Adrian;;;;
650;Baar, Anna;;;;
651;Baasch, Jürgen;;;;
652;Baatz, Anneliese;;;;
653;Babaee, Sadigh;;;;
654;Babo, Lambert von;;;;
655;Baborie, Ariana;;;;
656;Bach, Charlotte;;;;
657;Bach, Emilia;;;;
658;Bach, Günter;;;;
659;Bach, Jelena;;;;
660;Bach, Kathrin;;;;
661;Bach, Klara;;;;
662;Bach, Laurent;;;;
663;Bach, Manuela;;;;
664;Bach, Ronald;;;;
665;Bach, Susanne;;;;
666;Bach-Puyplat, Ursula;;;;
667;Bachauer, Walter;;;;
668;Bacheh, Saza;;;;
669;Bacher, Christina;;;;
670;Bacher, Jürgen-Michael;;;;
671;Bachleitner, Franz;;;;
672;Bachmaier, Helmut;;;;
673;Bachmair, Karl;;;;
674;Bachmann, Eva;;;;
675;Bachmann, Ingeborg;;;;
676;Bachmann, Julia;;;;
677;Bachmann, Ladina G.;;;;
678;Bachmann, Richard;;;;
679;Bachmann, Thomas;;;;
680;Bachmann, Tobias;;;;
681;Bachner, Albert;;;;
682;Bachsteffel, Gabriele Beate;;;;
683;Bachstädter, Stefan;;;;
684;Bachér, Peter;;;;
685;Back, Jean;;;;
686;Backert, Paul M.;;;;
687;Backes, Carolin;;;;
688;Backhaus, Arno;;;;
689;Backhaus, Jost;;;;
690;Backus, Thomas;;;;
691;Badaoui, Samira;;;;
692;Baden, Jeff;;;;
693;Baden-Jaber, Jeanette;;;;
694;Bader (Hrsg.), Wolfgang;;;;
695;Bader, Timo;;;;
696;Bader, Tina;;;;
697;Bader, Wolfgang;;;;
698;Badrakhan, Jian;;;;
699;Badraun, Daniel;;;;
700;Badtke, Karen;;;;
701;Badura, Bernd B.;;;;
702;Badura, Lea;;;;
703;Baecker, Heinz-Peter;;;;
704;Baell, Barbara;;;;
705;Baer, Artur;;;;
706;Baer, Thomas;;;;
707;Bagdahn, Marita;;;;
708;Bagus, Anja;;;;
709;Bahn, Ivar;;;;
710;Bahntje, Udo;;;;
711;Bahr, Albrecht-Joachim;;;;
712;Bahr, Christian;;;;
713;Bahr, Hermann;;;;
714;Bahrenberg, Andrea;;;;
715;Bahro, Jürgen;;;;
716;Baier, Christian;;;;
717;Baier, Christiana;;;;
718;Baier, Horst;;;;
719;Baier, Ingeburg;;;;
720;Baier, Konrad;;;;
721;Baier, Oliver;;;;
722;Baier, Peter;;;;
723;Baier, Petra;;;;
724;Baier-Lukaseder, Rosemarie;;;;
725;Bail, Ulrike;;;;
726;Baines, Sadie;;;;
727;Baines, Sarah;;;;
728;Baiter, Larissa;;;;
729;Bajewsky, Manfred;;;;
730;Bajohr, Hannes;;;;
731;Baker, Minny;;;;
732;Bakr, Salwā;;;;
733;Balcaen, Bianca;bbalcaen;weiblich;60;http://biancabalcaen.me/
734;Baldauf, Kurt;;;;
735;Baldauf, Paul;;;;
736;Baldini, Laura;;;;
737;Baldrich-Brümmer, Frauke;;;;
738;Balducci, Roberto SaM;;;;
739;Balduhn, Dolores;;;;
740;Baldvinsson, Karin;;;;
741;Bales, Ute;;;;
742;Balke, Erika;;;;
743;Ball, Christine;;;;
744;Ball, Karin;;;;
745;Balladu, Max;;;;
746;Ballauff, Karin;;;;
747;Baller, Robin;;;;
748;Ballerstaller, Max;;;;
749;Ballhause, Gloria;;;;
750;Ballhausen, Thomas;;;;
751;Balling, Adalbert Ludwig;;;;
752;Ballon, Christine;;;;
753;Ballwanz, Joachim;;;;
754;Balmer, Karin;;;;
755;Balmore, Cedric;;;;
756;Balschun, Anja;;;;
757;Balsewitsch-Oldach, Ellen;;;;
758;Balters, Achim;;;;
759;Baltes, Jutta;;;;
760;Balthasar, Iris;;;;
761;Balton, Amy;;;;
762;Baltz, Laura;;;;
763;Baltzer, Burkhard;;;;
764;Baltzer, Dorothea;;;;
765;Balzac, Honoré de;;;;
766;Balàka, Bettina;;;;
767;Bamberger, Gerald;;;;
768;Banana, Janini;BananaKitty;weiblich;;
769;Banciu, Carmen Francesca;;;;
770;Banda-Aaku, Ellen;;;;
771;Bandai, Roger;;;;
772;Bandel, Anne;;;;
773;Bandhauer, Dieter;;;;
774;Bandini, Ditte;;;;
775;Bandini, Giovanni;;;;
776;Bang, Herman;;;;
777;Bang, Kerstin;;;;
778;Banik, Nicole;;;;
779;Bannach, Elke;;;;
780;Bannert, Andrea;;;;
781;Bannwart, Ernst;;;;
782;Bannwart, Patrick;;;;
783;Bantan, Olivia;;;;
784;Banu, Iksaka;;;;
785;Banzer, Roman;;;;
786;Baranowski, Frank;;;;
787;Barbe, Jean-Paul;;;;
788;Barber, Ines;;;;
789;Barbić, Anton;;;;
790;Barclay, Simon;;;;
791;Bardag, Julia;;;;
792;Bardag, Soraya;;;;
793;Barden, Edith M.;;;;
794;Bardenhagen, Pia;;;;
795;Bareiss, Ute;;;;
796;Barenbrügge, Evelyn;;;;
797;Bargen, Ascan von;;;;
798;Barhebraeus;;;;
799;Barheine, Andrea;;;;
800;Barišić, Marija;;;;
801;Barker, David;;;;
802;Barker, Elke;;;;
803;Barkhausen, Silvia;;;;
804;Barkhofen, Eva-Maria;;;;
805;Barkhorn, Rolf;;;;
806;Barkhoven, Bettina;;;;
807;Barlow, Aveline;Avelove;weiblich;;https://belletristica.com/de/users/8627-avelove
808;Barmeyer, Mareike;;;;
809;Barmé, Thomas;;;;
810;Barnehl, Beatrice;;;;
811;Barnehl, Bärbel;;;;
812;Barnert, Eric;;;;
813;Barnes, Siley;Siley;weiblich;21;
814;Barnes, Sophie;Shadowdancer110;weiblich;23;https://twitter.com/sophdanvers
815;Barnickel, Sabine;;;;
816;Barnis, Jon;;;;
817;Barns, John;;;;
818;Baron, Karin;;;;
819;Baron, Oliver;;;;
820;Barow, Ulrike;;;;
821;Barowski, Edgar;;;;
822;Barrett, Colin;;;;
823;Barrie, James M.;;;;
824;Barsch, Marcus;;;;
825;Bartel, Astrid;;;;
826;Bartel, Christian;;;;
827;Bartel, Lina;;;;
828;Bartels, Dominik;;;;
829;Bartens, Werner;;;;
830;Barth, Erwin;;;;
831;Barth, Heinz-Georg;;;;
832;Barth, Karl;;;;
833;Barth, Marina;;;;
834;Barth, Nadine;;;;
835;Barth, Rita;;;;
836;Barth, Rosemarie C.;;;;
837;Barth, Stefan;;;;
838;Barthel, Gertraud;;;;
839;Barthel, Helmut;;;;
840;Barthel, Irene;;;;
841;Bartholme, Kirsten;;;;
842;Bartholme, Martin;;;;
843;Bartholmy, Martin;;;;
844;Bartholomae, Joachim;;;;
845;Bartholome, Werner;;;;
846;Barti, Ert;Trostloser-Wanderer;männlich;;
847;Bartl, Andreas;;;;
848;Bartl, Silvia J.B.;;;;
849;Bartlett, Chiara;;;;
850;Bartok, Ladi;;;;
851;Bartoli y Eckert, Petra;;;;
852;Barton, J.J.;;;;
853;Bartoschek, Sebastian;;;;
854;Bartoussek, Rainer;;;;
855;Bartsch (Hrsg.), Sabine;;;;
856;Bartsch, Beate;;;;
857;Bartsch, Bernhard;;;;
858;Bartsch, Johannes;;;;
859;Bartsch, Martina;;;;
860;Bartsch, Michael;;;;
861;Bartsch, Patrick;;;;
862;Bartsch, Sabine;;;;
863;Bartsch, Thomas;;;;
864;Bartsch, Walter;;;;
865;Bartscher, Maggy;;;;
866;Bartuschek, Helmut;;;;
867;Bartzen, Bettina;;;;
868;Barz, Christian;;;;
869;Barz, Stefan;;;;
870;Basc, Anne;;;;
871;Basedow, Manfred;;;;
872;Basener, Anna;;;;
873;Baskerville, Alice ♥;Alice99;weiblich;;
874;Basler, Willi;;;;
875;Bass, Christian;;;;
876;Basso, Laura;;;;
877;Bast, Sascha;;;;
878;Bastelberger-Gustavus, Anke;;;;
879;Bastide, Marie;;;;
880;Bastin, Marjolein;;;;
881;Bastuck, Torsten;;;;
882;Bath, Elke;;;;
883;Bathelmes, Claudia;;;;
884;Bathelt, Christine;;;;
885;Bathiany, Bernhard;;;;
886;Batlay, Hermine;;;;
887;Bator, Marc;;;;
888;Battes, Ralph;;;;
889;Batón, Barbara;;;;
890;Bauch, Isabella;;;;
891;Bauch, Magdalena;;;;
892;Bauch, Volker;;;;
893;Bauche-Eppers, Eva;;;;
894;Bauck, Rainer;;;;
895;Bauer, Annie G.;;;;
896;Bauer, Bendix;;;;
897;Bauer, Chiara;;;;
898;Bauer, Christian;;;;
899;Bauer, Christoph;;;;
900;Bauer, Christoph W.;;;;
901;Bauer, Erhard;;;;
902;Bauer, Franz;;;;
903;Bauer, Franziska;;;;
904;Bauer, Friedhold;;;;
905;Bauer, Hans;;;;
906;Bauer, Hans-Peter;;;;
907;Bauer, Helmut F.;;;;
908;Bauer, Hermann;;;;
909;Bauer, Hilde;;;;
910;Bauer, Hildegard;;;;
911;Bauer, Jeanette-Christine;;;;
912;Bauer, Joseph;;;;
913;Bauer, Jutta;;;;
914;Bauer, Kamali;;;;
915;Bauer, Karl-Dietrich;;;;
916;Bauer, Karlheinz;;;;
917;Bauer, Lea;;;;
918;Bauer, Leah;;;;
919;Bauer, Linda;;;;
920;Bauer, Michael;;;;
921;Bauer, Michael Johann;;;;
922;Bauer, Nicole;;;;
923;Bauer, Pia Alexandra;;;;
924;Bauer, Simone;;;;
925;Bauer, Tobias;;;;
926;Bauermeister-Bock, Ulrike;;;;
927;Bauhardt, Helgard;;;;
928;Baum, Alma;;;;
929;Baum, Beate;;;;
930;Baum, Hans Christian;;;;
931;Baum, Jacqueline;Jackolinchen;weiblich;30;
932;Baum, Margot;;;;
933;Baumann, Christopher;;;;
934;Baumann, Dagmar;;;;
935;Baumann, Evgenija A.;;;;
936;Baumann, Günter;;;;
937;Baumann, Manfred;;;;
938;Baumann, Maya;;;;
939;Baumann, Nadine;;;;
940;Baumann, Nessi;;;;
941;Baumann, Patrick;;;;
942;Baumann, Paul;;;;
943;Baumann, Simone;;;;
944;Baumann, Susan;;;;
945;Baumann, Thomas;;;;
946;Baumann-Salzgeber, Monika;;;;
947;Baumbach, Hannah;;;;
948;Baumbach, Okke;;;;
949;Baumberger, Christa;;;;
950;Baumeister, Pilar;;;;
951;Baumeister, Uta;;;;
952;Baumert, Sabine;;;;
953;Baumfels, Olga;;;;
954;Baumgart, Erika;;;;
955;Baumgart, Fides;;;;
956;Baumgart, Günter;;;;
957;Baumgart, Horst;;;;
958;Baumgart, Lea;;;;
959;Baumgart, Swantje;;;;
960;Baumgart-Fütterer, Ingrid;;;;
961;Baumgartl, Kornelia;;;;
962;Baumgartner, Armelle;;;;
963;Baumgartner, Armin;;;;
964;Baumgartner, Edwin;;;;
965;Baumgartner, Ekkehart;;;;
966;Baumgartner, Katharina;;;;
967;Baumgartner, Michael;;;;
968;Baumgartner, Walter;;;;
969;Baumgärtel, Ulrike;;;;
970;Baumgärtl, Rainer;;;;
971;Baumgärtner, Katja;;;;
972;Baumgärtner, Sandra;;;;
973;Baumhauer, Ursula;;;;
974;Baumstark, Bernold;;;;
975;Baur, Ursula;;;;
976;Bauregger, Wilhelmine H.;;;;
977;Bausch, Joe;;;;
978;Bauschert, Otto;;;;
979;Bauschke, Christina;;;;
980;Bauschke, Jochen;;;;
981;Bauschke, Susanne;;;;
982;Bauschmann, Michael;;;;
983;Bauser, Bernhard;;;;
984;Bausinger, Brigitte;;;;
985;Bausinger, Hermann;;;;
986;Bauszus, Margit Helga Anna;;;;
987;Bautz, Hans-Peter;;;;
988;Bautz, Hans-Willy;;;;
989;Baversad, Shahla;;;;
990;Bax, Anne;;;;
991;Bayer, Béla;;;;
992;Bayer, Günter;;;;
993;Bayer, Isabell;;;;
994;Bayer, Oliver;;;;
995;Bayer, Thommie;;;;
996;Bayer, Xaver;;;;
997;Bayer-Kulle, Monica;;;;
998;Baykouchev, Jona;;;;
999;Bayn, Gustav;;;;
1000;Bayne, Roswitha;;;;
1001;Bayraktar, Mesut;;;;
1002;Bazing, Jan;;;;
1003;Bazyar, Shida;;;;
1004;Başargan, Özdemir;;;;
1005;Beardsley, Aubrey;;;;
1006;Beaton, Vit;;;;
1007;Beau, Christa;;;;
1008;Beaulieu, Roger de;;;;
1009;Beautemps, Michael;;;;
1010;Bechberger, Harald;;;;
1011;Becher, Matthias;;;;
1012;Becherer, Markus;;;;
1013;Bechert, Sue;;;;
1014;Bechler, Lothar;;;;
1015;Bechstein, Susanne;;;;
1016;Bechtle, Johanna;;;;
1017;Bechtolsheimer, Heinrich;;;;
1018;Beci, Veronika;;;;
1019;Beck;;;;
1020;Beck, Albin;;;;
1021;Beck, Anton;;;;
1022;Beck, Carolin [Drucker] *Setzer;;;;
1023;Beck, Davina;;;;
1024;Beck, Emmi;;;;
1025;Beck, Florian;;;;
1026;Beck, John F.;;;;
1027;Beck, Klaus;;;;
1028;Beck, Knut;;;;
1029;Beck, Lilly M.;;;;
1030;Beck, Mary Achieng;;;;
1031;Beck, Sven;;;;
1032;Beck, Theo;;;;
1033;Beck-Meinke, Friederike;;;;
1034;Beck-Steiger, Paula;;;;
1035;Becke, Julius;;;;
1036;Becker, Anita;;;;
1037;Becker, Anna;;;;
1038;Becker, Anne;;;;
1039;Becker, Annegret;;;;
1040;Becker, Barbara;;;;
1041;Becker, Bernd;;;;
1042;Becker, Cornelia;;;;
1043;Becker, Dirk;;;;
1044;Becker, Elke;;;;
1045;Becker, Frank;;;;
1046;Becker, Gerhard;;;;
1047;Becker, Herbert;;;;
1048;Becker, Heribert;;;;
1049;Becker, Jule;Jule-Becker;weiblich;58;http://jule-becker.blogspot.com
1050;Becker, Karl-Heinz;;;;
1051;Becker, Klaus-D.;;;;
1052;Becker, Konstanze;;;;
1053;Becker, Lothar;;;;
1054;Becker, Martin;;;;
1055;Becker, Patrick A. G.;feuersplitter;männlich;;
1056;Becker, Peter;;;;
1057;Becker, Peter von;;;;
1058;Becker, Ralf;;;;
1059;Becker, Sven;;;;
1060;Becker, Tim;;;;
1061;Becker, Werner;;;;
1062;Becker, Wolf Bertram;;;;
1063;Becker, Wolfgang;;;;
1064;Becker, Zdenka;;;;
1065;Becker-Nickels, Frank;;;;
1066;Beckett, Blake;;;;
1067;Beckmann, G.A.;;;;
1068;Beckmann, Helmut;;;;
1069;Beckmann, Juliane;;;;
1070;Beckmann, Klaus-Heinrich;;;;
1071;Beckmann, Martin;;;;
1072;Beckmann, Veronika;;;;
1073;Beckmann, Werner;;;;
1074;Beckz, Sean;;;;
1075;Bedey, Björn;;;;
1076;Bedners, Ursula;;;;
1077;Bedor, Christian;;;;
1078;Bedszent, Gerd;;;;
1079;Bee, Angie;;;;
1080;Bee, Brigitte;;;;
1081;Bee, May;May Bee;weiblich;;http://n01else.tumblr.com/
1082;Beeck, Helmut;;;;
1083;Beeck, Ruth Elisabeth van;;;;
1084;Beef, Jorry;mortimeyer;weiblich;;
1085;Beefeater, Boisy;;;;
1086;Beekmann, Barbara;;;;
1087;Beer, Anika;;;;
1088;Beer, Florian;;;;
1089;Beer, Fritz;;;;
1090;Beer-Hofmann, Richard;;;;
1091;Beer-Kuhner, Irén;;;;
1092;Beere, Tinka;;;;
1093;Beerens, Johann;;;;
1094;Beermann, Renate;;;;
1095;Beerwald, Sina;;;;
1096;Beese, Claus;;;;
1097;Beese, Klaus;;;;
1098;Befeld, Juliane;;;;
1099;Begerow, Stefanie;;;;
1100;Beglinger, Peter;;;;
1101;Begrich, Thomas;;;;
1102;Behlert, Petra;;;;
1103;Behmann, Jürgen;;;;
1104;Behmeta, Frank;;;;
1105;Behnisch, Ilja;;;;
1106;Behnke, Frank;;;;
1107;Behr, Barbara;;;;
1108;Behr, Katrin;;;;
1109;Behr, Renate;;;;
1110;Behr, Sebastian;;;;
1111;Behrchen, Klaus-Jürgen;;;;
1112;Behrend, Gabriele;;;;
1113;Behrendt, Ann-Kathrin;;;;
1114;Behrendt, Astrid;;;;
1115;Behrendt, Bernd H.;;;;
1116;Behrendt-Willach, Liselotte;;;;
1117;Behrens, Andrea;;;;
1118;Behrens, Andreas;;;;
1119;Behrens, Christian;;;;
1120;Behrens, Emilia;rainandflowers;;23;
1121;Behrens, Henning;;;;
1122;Behrens, Katja;;;;
1123;Behrens, Mark;;;;
1124;Behrens, Tom U.;;;;
1125;Behring, Klaus;;;;
1126;Behringer, Klaus;;;;
1127;Behringer, Rosi;;;;
1128;Beicht, Sarah;;;;
1129;Beicken, Peter;;;;
1130;Beier, Lilly;;;;
1131;Beier, Lily;;;;
1132;Beier, Susanne;;;;
1133;Beige, Tira;;;;
1134;Beil, Lilo;;;;
1135;Beilcke, E. H.;;;;
1136;Beilharz, Johannes;;;;
1137;Beilke, Patrick;;;;
1138;Beilmann, Katharina;;;;
1139;Beindorf, Heinrich;;;;
1140;Beinen, Nella;;;;
1141;Beiner, Friedhelm;;;;
1142;Beislschmidt, Hans;;;;
1143;Beitzel, Tobias;;;;
1144;Bekas, Gerasimos;;;;
1145;Bekdemir, Cenk;;;;
1146;Bekh, Wolfgang Johannes;;;;
1147;Bekker, Alfred;;;;
1148;Bekker, Gerrit;;;;
1149;Bekker, Hendrik M.;;;;
1150;Bekker, Silke;;;;
1151;Bektasi, Miriam;;;;
1152;Bel, J.;Silverplayer;weiblich;26;
1153;Belanglos, Lulu;Namika;weiblich;30;http://therspage.forumprofi.de/
1154;Belby, Josie;Jojo16;divers;;
1155;Belcourt, Camille;Camille Belcourt;weiblich;25;
1156;Beldner, Angélique;;;;
1157;Belien, Cleo;;;;
1158;Belitz, Bettina;;;;
1159;Belja, Artur;;;;
1160;Belka, Stephan;;;;
1161;Belka, Wolfgang;;;;
1162;Bell, Alisha;;;;
1163;Bell, Anna;;;;
1164;Bell, Currer;CurrerBell;weiblich;28;https://palaberalumera.wordpress.com/
1165;Bell, George;;;;
1166;Bellaffronte, Nathan;;;;
1167;Bellanova, Christa L. A.;;;;
1168;Bellem, Nina;;;;
1169;Bellem, Stephan R.;;;;
1170;Bellemare, Pierre;;;;
1171;Beller, Jenny;;;;
1172;Beller, Ulrike;;;;
1173;Bellermann, Lena;;;;
1174;Belli, Caro;Caro Belli;weiblich;27;https://twitter.com/Caro_Belli
1175;Bellin, Harms;;;;
1176;Bellinda, Bibi;;;;
1177;Bellini, Benny;;;;
1178;Bellis, Klara;;;;
1179;Bellmann, Barbara;;;;
1180;Bellmann, Mathias;;;;
1181;Bellmann, Werner;;;;
1182;Bellmont, Allegra;;;;
1183;Bellmont, Bettina;;;;
1184;Bellmund, Susanne;;;;
1185;Bellows, Florian;;;;
1186;Belov, Lev S.;;;;
1187;Belrose, Jukary;Jukary-chan;weiblich;37;
1188;Belschner, Wilfried;;;;
1189;Belt, Paul M.;;;;
1190;Beltle, Erika;;;;
1191;Belvera, Giulio;Giulio;männlich;32;
1192;Belz, Jan Niclas;;;;
1193;Belz, Manfred;;;;
1194;Belz, Marcus;;;;
1195;Belz, Sabine;;;;
1196;Belz, Yvonne;;;;
1197;BenSwerk;;;;
1198;Benaglio, Michael;;;;
1199;Benara, Carla;;;;
1200;Bendel, Gudrun;;;;
1201;Bender, Bella;;;;
1202;Bender, Dietrich;;;;
1203;Bender, Hans;;;;
1204;Bender, Stefanie;;;;
1205;Bender, Ulrich;;;;
1206;Benderoth, Anja;;;;
1207;Bendick, Uli;;;;
1208;Bendig, Felix H.;;;;
1209;Bendig, Manuel;;;;
1210;Bendixen, Britta;;;;
1211;Bendixen, Katharina;;;;
1212;Bendixen, Peter;;;;
1213;Bendrich, Katrin;;;;
1214;Bendrin, Manuel Otto;;;;
1215;Bendt, Juna Lee;;;;
1216;Bendzko, Nora;;;;
1217;Benecken, Ewald;;;;
1218;Benedek, Reka;;;;
1219;Benedict, Katrin;;;;
1220;Benedikt;;;;
1221;Benedikt, Linda;;;;
1222;Benedikter, Hannes;;;;
1223;Benefeld-Süß, Uta;;;;
1224;Bengtsson Stier, Maria;;;;
1225;Benigni, Gerhard;;;;
1226;Benjamin;;;;
1227;Benjamin, Mik B.;;;;
1228;Benke-Bursian, Rosemarie;;;;
1229;Benkhardt, Julia;;;;
1230;Bennack, Jürgen;;;;
1231;Benne, Simon;;;;
1232;Bennemann, Inka;;;;
1233;Bennet, Ashley;;;;
1234;Bennet, Tahja E.;;;;
1235;Bennett, Roxy;;;;
1236;Bennewitz, Christine von;;;;
1237;Bennick, J.D.;;;;
1238;Benrath, Ruth Johanna;;;;
1239;Bensberg, Gabriele;;;;
1240;Bensch, Juliette;;;;
1241;Benson, B. K.;;;;
1242;Bentkamp, Anne;;;;
1243;Bentz, Oliver;;;;
1244;Benz, Gabriele;;;;
1245;Benz, Isabella;;;;
1246;Benzenstadler, Heinz;;;;
1247;Benzmann, Johanna;;;;
1248;Beobi;;;;
1249;Bera, Cornelia;;;;
1250;Berber, Pupuze;;;;
1251;Berberich, Eva;;;;
1252;Berberich, Frank;;;;
1253;Bercanay, Richard;;;;
1254;Berchtenbreiter, Franziska;;;;
1255;Berchtold, Biggi;;;;
1256;Berens-Goertz, Silke;;;;
1257;Bereuter, Zita;;;;
1258;Berg, Christian;Christian Berg;männlich;;
1259;Berg, Claudia;;;;
1260;Berg, Elias;;;;
1261;Berg, Eva-Maria;;;;
1262;Berg, Frauke van den;;;;
1263;Berg, Hanno;;;;
1264;Berg, Iris;;;;
1265;Berg, Jan Christoph;;;;
1266;Berg, Johanna Maria;;;;
1267;Berg, Kira;;;;
1268;Berg, Lothar;;;;
1269;Berg, Nils;;;;
1270;Berg, Peter;;;;
1271;Berg, Rainer;;;;
1272;Berg, Robert;;;;
1273;Berg, Sibylle;;;;
1274;Berg, Sophia;;;;
1275;Berg, Sybille;;;;
1276;Berg, Ursula;;;;
1277;Bergau, Beate;;;;
1278;Berge, Elena;;;;
1279;Bergel, Hans;;;;
1280;Bergelt, Kati;;;;
1281;Bergemann, Victoria Helene;;;;
1282;Bergen, Francis;;;;
1283;Bergenson, Ralf;;;;
1284;Bergenthal, Heinz-Georg;;;;
1285;Bergenthal, Ursula;;;;
1286;Berger, Alex ten;;;;
1287;Berger, Berta;;;;
1288;Berger, Charles R.;;;;
1289;Berger, Clemens;;;;
1290;Berger, Gabriel;;;;
1291;Berger, Gerry;;;;
1292;Berger, Harald;;;;
1293;Berger, Hubert;;;;
1294;Berger, Johannes;;;;
1295;Berger, M.;;;;
1296;Berger, Marcella;;;;
1297;Berger, Nicola;;;;
1298;Berger, Regina;;;;
1299;Berger, Roland;;;;
1300;Berger, Sandra;;;;
1301;Berger, Silvia;;;;
1302;Berger, Teresa;;;;
1303;Berger, Thomas;;;;
1304;Berger, Uta;;;;
1305;Berger, Uwe;;;;
1306;Berger, Victoria;;;;
1307;Berger-Grünewald, Jutta;;;;
1308;Berghahn, Lutz;;;;
1309;Berghofer, Gerd;;;;
1310;Berghoff, Gabriele;;;;
1311;Berghoff, Philipp;;;;
1312;Berglová, Eva;;;;
1313;Bergmann, Anne;;;;
1314;Bergmann, Corinna;;;;
1315;Bergmann, Elisa;;;;
1316;Bergmann, Günther;;;;
1317;Bergmann, Hans-Joachim;;;;
1318;Bergmann, Josef;;;;
1319;Bergmann, Karl;;;;
1320;Bergmann, Kristina;;;;
1321;Bergmann, Marion;;;;
1322;Bergmann, Roberta;;;;
1323;Bergmann, Rolf;;;;
1324;Bergmann, Susanne;;;;
1325;Bergmann, Ulrich;;;;
1326;Bergner, Edda;;;;
1327;Bergner, Fritz;;;;
1328;Bergold, Dr. Stephanie;;;;
1329;Bergstedt, Alex;;;;
1330;Bering, Muna;;;;
1331;Beringar, Robert;;;;
1332;Berke, Silke;;;;
1333;Berkenbusch-Erbe, Irene;;;;
1334;Berleb, Petra;;;;
1335;Berlin, Florian;;;;
1336;Berlin, Lucia;;;;
1337;Berman, Irina;;;;
1338;Bermann, Richard A.;;;;
1339;Bermel, Michaela;;;;
1340;Bermig, Michael;;;;
1341;Bern, Maria;;;;
1342;Bern, Tanja;;;;
1343;Bernadet, Céline;;;;
1344;Bernado, Tara;;;;
1345;Bernard, Tristan;;;;
1346;Bernardi, Rut;;;;
1347;Bernardo, Isabella;;;;
1348;Bernasconi, Rosmarie;;;;
1349;Bernauer, Markus;;;;
1350;Berndl, Klaus;;;;
1351;Berndt, Elvira Brigitte;;;;
1352;Berndt, Holger B.;;;;
1353;Bernemann, Dirk;;;;
1354;Berner, Heike;;;;
1355;Berner, Sonja;;;;
1356;Berner, W.;;;;
1357;Bernet, Dorothea;;;;
1358;Bernet, Elisabeth;;;;
1359;Bernet, Leonie;;;;
1360;Bernewitz, Paul;;;;
1361;Bernhagen, Gudrun;;;;
1362;Bernhard, Erwin;;;;
1363;Bernhard, Jürg;;;;
1364;Bernhard, Thomas;;;;
1365;Bernhard, Wolfgang;;;;
1366;Bernhardt, Angela;;;;
1367;Bernhardt, Claus;;;;
1368;Bernhof, Reinhard;;;;
1369;Bernhofer, Sandra;;;;
1370;Berni, Paul;;;;
1371;Bernschein, Wolfgang;;;;
1372;Bernson, Marit;;;;
1373;Bernstein, F. W.;;;;
1374;Bernt, Michael;;;;
1375;Bernuth, Jörg;;;;
1376;Berounská, Saša;;;;
1377;Berres, Georg K.;;;;
1378;Berres, Ulla;;;;
1379;Berrios Miranda, Luis;;;;
1380;Bersch, Dirk;;;;
1381;Berscheid, Martina;;;;
1382;Bersenkowitsch, Jan-Niklas;;;;
1383;Bertels, Anna-Maria;;;;
1384;Berth, Stephanie;;;;
1385;Berthold, Jule;;;;
1386;Bertini, Hanna;;;;
1387;Bertold, Hannelore;;;;
1388;Bertonasco, Larissa;;;;
1389;Bertram, Ben;;;;
1390;Bertram, Irene;;;;
1391;Bertram, Jasper;;;;
1392;Bertschi, Hannes;;;;
1393;Bertschinger, Martin;;;;
1394;Berus, Jürgen;;;;
1395;Berus, Radoslaw J.;;;;
1396;Berwert, Claudia;;;;
1397;Beseler, Manfred;;;;
1398;Besenbäck, Raphael;;;;
1399;Besimo, Christian;;;;
1400;Besser, Wilfried;;;;
1401;Best, Kathinka Linnea;;;;
1402;Best, Matilda;;;;
1403;Beth, Coma;;;;
1404;Bethe-Hartwig, Martina;;;;
1405;Bethke-Jehle, Sonja;;;;
1406;Betram, Sally;;;;
1407;Betschart, Hanspeter;;;;
1408;Bettinger, Martin;;;;
1409;Bettisch, Johannes;;;;
1410;Betts, Peter J.;;;;
1411;Bettzieche, Uta;;;;
1412;Betz, Esther;;;;
1413;Betz, Karin;;;;
1414;Betz, Sarah;;;;
1415;Betzen, Kornelia;;;;
1416;Beuchert, Dr. Karsten;;;;
1417;Beuchert, Helena;;;;
1418;Beuchert, Karsten;;;;
1419;Beuschel, Jürgen;;;;
1420;Beutel, Rainer;;;;
1421;Beutler, Maja;;;;
1422;Beutler, Ulla;;;;
1423;Beutler-Prahm, Bettina;;;;
1424;Beutlin, Robin;Robin;weiblich;;
1425;Beutner, Brigitte;;;;
1426;Beuttenmueller, Hermann;;;;
1427;Bewernitz, Doris;;;;
1428;Bey, Gesine;;;;
1429;Bey, Kirsten;;;;
1430;Bey, Tristan von der;;;;
1431;Beyer, Bernd;;;;
1432;Beyer, Birgit;;;;
1433;Beyer, Brigitte;;;;
1434;Beyer, Claire;;;;
1435;Beyer, Dieter;;;;
1436;Beyer, Georg;;;;
1437;Beyer, Hildegard;;;;
1438;Beyer, Marcel;;;;
1439;Beyer, Martin;;;;
1440;Beyer, Selina;Selina Beyer;weiblich;30;
1441;Beyerl, Beppo;;;;
1442;Beyerlein, Nina;;;;
1443;Beylouny, Julia;;;;
1444;Bez, Sina;;;;
1445;Bezug, Klara;;;;
1446;Bhattacharyya, Barin;;;;
1447;Bhuiya, Josefine;;;;
1448;Biakowski, André;;;;
1449;Bialas, Barbara;;;;
1450;Bianchi, Manuel;;;;
1451;Biasi, Katrin;;;;
1452;Bibrach, Manuela;;;;
1453;Bichl, Eva Maria;;;;
1454;Bichsel, Peter;;;;
1455;Bick, Martina;;;;
1456;Bickel-Jaques, Bettina;;;;
1457;Bicker, Veronika;;;;
1458;Bickert, Hans Günther;;;;
1459;Bickl, Siglinde;;;;
1460;Bickler, Maria;;;;
1461;Bidermann, Willi;;;;
1462;Bidinger, Rolf;;;;
1463;Bidner, Walter;;;;
1464;Bido, Sarah;;;;
1465;Bieber, Brigitte;;;;
1466;Bieber, Ernst;;;;
1467;Bieber, Lena;;;;
1468;Bieck, Sonja;Honaaa;weiblich;26;
1469;Biedermann, Christoph;;;;
1470;Biedermann, Joachim;;;;
1471;Biedermann, Peter;;;;
1472;Biedermann, Werner;;;;
1473;Bieger, P. Eckhard;;;;
1474;Biehl, Matthias;;;;
1475;Biela, Karin;;;;
1476;Bielau, Anne;;;;
1477;Bielefeldt, Frauke;;;;
1478;Bielka, Franz;;;;
1479;Bienek, Andrea;;;;
1480;Bienek, Henry;;;;
1481;Bienemann, Christiane;;;;
1482;Bienkowski, Dennis;;;;
1483;Bierawski, Ruth;;;;
1484;Bierbaum, Otto Julius;;;;
1485;Bierer, Boris;;;;
1486;Bieri, Alexander;;;;
1487;Bieri, Doris;;;;
1488;Bierling, Thomas;;;;
1489;Biermann, Pieke;;;;
1490;Biermeier, Christoph;;;;
1491;Bierschenck, Burkhard P.;;;;
1492;Biert, Cla;;;;
1493;Bierwagen, Nadine;;;;
1494;Bies, Paul;;;;
1495;Bieske, Willi;;;;
1496;Biffiger, Raphael;;;;
1497;Bigeil, Klaus;;;;
1498;"Bild: Dimitris Athanasiou, ""Die Liebes-Analphabeten"" (90x120cm)"", www.dimitris-athanasiou.com, Vorderseite";;;;
1499;"Bild: Dimitris Athanasiou, ""Lady will back"" (120 x 90) www.dimitris-athanasiou.com, Vorderseite";;;;
1500;Bilger, MdB, Steffen;;;;
1501;Bilgoni, Barbara;;;;
1502;Bilicki, Thomas;;;;
1503;Bill, Jo;;;;
1504;Bill, Josephine;;;;
1505;Billard, Joseph;;;;
1506;Bille, S. Corinna;;;;
1507;Biller, Felicitas;;;;
1508;Biller, Inga;;;;
1509;Biller, Maxim;;;;
1510;Bilz, Fritz;;;;
1511;Bin-Gorion, Emanuel;;;;
1512;Bina, Gabriele;;;;
1513;Binar, Ivan;;;;
1514;Binchy, Maeve;;;;
1515;Binder, Harry H.;;;;
1516;Binder, Kurt H.;;;;
1517;Binder, Siegfried;;;;
1518;Binder, Thomas;;;;
1519;Bindernagel, Michaela;;;;
1520;Bindner, Susanne Maria;;;;
1521;Binggeli, Valentin;;;;
1522;Biniek, Marianna;;;;
1523;Binoa, Alisa;;;;
1524;Binoth, Rudolf;;;;
1525;Bint la Thu´ban, Silver;LastDragonofoldtimes;;30;https://www.deviantart.com/sirithcam
1526;Bionda, Alisha;;;;
1527;Birbaek, Michael;;;;
1528;Birbaek, Michel;;;;
1529;Birett, Herbert;;;;
1530;Birk, Gerhard;;;;
1531;Birk, Richard;;;;
1532;Birkefeld, Richard;;;;
1533;Birkenhauer, Wolf-Rainer;;;;
1534;Birkenheier, Åse;;;;
1535;Birkholz, Jörn;;;;
1536;Birkholz, Rolf;;;;
1537;Birkhäuser, Julia;;;;
1538;Birkle, Willi;;;;
1539;Birnbacher, Birgit;;;;
1540;Birnbaum, Karsten;;;;
1541;Birnberger, Karl L.;;;;
1542;Biro, Peter;;;;
1543;Biron, Georg;;;;
1544;Birr, Tilman;;;;
1545;Birtsch, Frauke;;;;
1546;Birzer, Eva;;;;
1547;Bischof, Antje;;;;
1548;Bischof, Hans-Peter;;;;
1549;Bischof, Sigrid Paulina;;;;
1550;Bischoff & Gabi Schmid, Marion;;;;
1551;Bischoff, Björn;;;;
1552;Bischoff, Claudia Maria;;;;
1553;Bischoff, Marc;;;;
1554;Bischoff, Marion;;;;
1555;Bischoff, Meike;;;;
1556;Bishop, Harry Gore;;;;
1557;Bishop, Michael;;;;
1558;Biskin, Nadire Y.;;;;
1559;Bismarck, Alexander von;;;;
1560;Bispring, Julia;;;;
1561;Bissantz, Anna-Katharina;;;;
1562;Bissig, Florian;;;;
1563;Bistram, Flora von;;;;
1564;Bitter, Claudia;;;;
1565;Bitterli, Isabelle;;;;
1566;Bittermann, Klaus;;;;
1567;Bitterwolf, Bernhard;;;;
1568;Bittner, C. G.;;;;
1569;Bittner, Helmut;;;;
1570;Bittner, Michael;;;;
1571;Bittner, Rita;;;;
1572;Bittner, Wolfgang;;;;
1573;Bittrich, Dietmar;;;;
1574;Bitzer, Adelheid;;;;
1575;Bitzl, Katharina;;;;
1576;Bitzl, Peter;;;;
1577;Bizer-Neff, Christoph;;;;
1578;Bjarnason, Brigitte;;;;
1579;Bjarsch, Hubert;;;;
1580;Bjerg, Bov;;;;
1581;BlaBlaBlubb, ̅S̅̅a̅̅r̅̅a̅;DasKleineIchBinIch;weiblich;28;
1582;Blaaah, Sandra;sannzzzxreamz;weiblich;30;
1583;Blabla, Paula;DasBoese;weiblich;29;
1584;Blaboll, Gerhard;;;;
1585;Blacha, Anneliese;;;;
1586;Black, Claire;;;;
1587;Black, Collin;Collin Cullen;männlich;26;
1588;Black, Davis;;;;
1589;Black, Gray Scam;Gray Scam Black;weiblich;28;
1590;Black, Ilona;;;;
1591;Black, Imea;Imea Black;weiblich;24;
1592;Black, Jillian;;;;
1593;Black, Mara;;;;
1594;Black, Micha;;;;
1595;Black, Shayna;Flammenherz;;;
1596;Blackbird, Savenia;Savenia;weiblich;36;https://ilvermorny-rpg.de
1597;Blackheart, Luanaris;Luana Black;weiblich;;
1598;Blacklight, Diana;DianaBlacklight;weiblich;;
1599;Blackwood, Algernon;;;;
1600;Blaich, E.;;;;
1601;Blaich, Richard;;;;
1602;Blaichinger, Norbert;;;;
1603;Blaikner, Peter;;;;
1604;Blake, Thalia;GoddessDesire;weiblich;24;
1605;Blanke, Annika;;;;
1606;Blanke, Marie L.;;;;
1607;Blanke, Marie Luise;;;;
1608;Blanke, Ulrich;;;;
1609;Blanton, Bob;;;;
1610;Blaschke, Michael;;;;
1611;Blase, Babbl;babbl;weiblich;;
1612;Blase, Rahel;;;;
1613;Blaser, Kurt;;;;
1614;Blasig, Ingrid;;;;
1615;Blasinski, Marianne;;;;
1616;Blass, Ernst;;;;
1617;Blatt, Roland;;;;
1618;Blatter, Andreas;;;;
1619;Blatter, Ulrike;;;;
1620;Blattgrün, Dietreich G.;;;;
1621;Blattl, Gaby G.;;;;
1622;Blau, Andre;;;;
1623;Blau, Mischa;;;;
1624;Blau, Paul;;;;
1625;Blaudzun, Anne;;;;
1626;Blaufuß, Eva-Maria;;;;
1627;Blaumanis, Rūdolfs;;;;
1628;Blaumond, Merella;Merella;weiblich;;
1629;Blauth, Renate;;;;
1630;Blazon, Nina;;;;
1631;Blazy, Sabine;;;;
1632;Blecher, Verena;;;;
1633;Blechschmidt, Ulrike;;;;
1634;Bleeck, Iris;;;;
1635;Bleeck, Volker;;;;
1636;Blei, Franz;;;;
1637;Bleicher, Karina;;;;
1638;Bleier, Ulrike Anna;;;;
1639;Bleifuß, Kai;;;;
1640;Bleistein, Ulrike;;;;
1641;Blepp, Helmut;;;;
1642;Bless, Jonas;Joble;männlich;28;
1643;Blessing, Axel M.;;;;
1644;Blessing, Bianca;;;;
1645;Blessing, Kurt;;;;
1646;Bletschacher, Richard;;;;
1647;Blettenberg, Elias;;;;
1648;Bleuler, Anna-Kathrin;;;;
1649;Bleuler, Kathrin;;;;
1650;Bleutge, Nico;;;;
1651;Bleyl, Solveig;;;;
1652;Bli Bla Blubber, Mützi;SarahMuetzi;weiblich;26;
1653;Bliefert, Ulrike;;;;
1654;Bliemel, Susanne;;;;
1655;Bliesener, Kai;;;;
1656;Blind, Riley;;;;
1657;Bloch, Friederike;;;;
1658;Bloch, Robert;;;;
1659;Bloch, Robert N.;;;;
1660;Blochberger, Markus;;;;
1661;Blochwitz, Klaus;;;;
1662;Block, Alexander;;;;
1663;Block, Detlev;;;;
1664;Block, Lilly;;;;
1665;Block, Martin;;;;
1666;Block, Melanie;Dunkle Flamme;weiblich;44;
1667;Block, Nora;;;;
1668;Block, Sibylle;;;;
1669;Block-Deponte, Thomas;;;;
1670;Blode, Ulrich;;;;
1671;Bloem, Christina;;;;
1672;Bloemen, Neeltje;;;;
1673;Blohm, Hanno;;;;
1674;Blohn, Klaus;;;;
1675;Blomberg, Hendrik;;;;
1676;Blome, Hendrik;;;;
1677;Blood, Charly;;;;
1678;Bloom, Amy;;;;
1679;Bloom, Fleur;;;;
1680;Bloom, Heike;;;;
1681;Blos, Lena;;;;
1682;Blue, Ally;Bounty 75;weiblich;;
1683;Blue, Bara;Bara Blue;weiblich;28;
1684;Blue, Celine;;;;
1685;Blue, Fricky;;;;
1686;Blue, Mana;;;;
1687;Blue, Rabea;;;;
1688;Blue, Sammy;SammyBlue;männlich;;
1689;Blue, Sky;Skyla Blue;weiblich;;
1690;Bluhm, Detlef;;;;
1691;Blum, Donat;;;;
1692;Blum, Hajo;;;;
1693;Blum, Helga;;;;
1694;Blum, Werner;;;;
1695;Blumberg, Klaus;;;;
1696;Blume, Denise;;;;
1697;Blume, Gesche;;;;
1698;Blumenbach, Ulrich;;;;
1699;Blumenfeld, Delphine;;;;
1700;Blumenstein, Sinje;;;;
1701;Blumenthaler, Volker;;;;
1702;Bluminger, Richard;;;;
1703;Blumtritt, Alexander;;;;
1704;Blumöhr, Uschi;;;;
1705;Bluthardt, Katja;;;;
1706;Blóm, Helena Iko;;;;
1707;Blüm, Antje;;;;
1708;Blüm, Norbert;;;;
1709;Blümel, K. R.;;;;
1710;Blümel, Michael;;;;
1711;Blümel, Roland;;;;
1712;Bo, Mia;;;;
1713;Boblitz, Ulrike;;;;
1714;Bobrowski, Johannes;;;;
1715;Bobrowski, Philipp;;;;
1716;Bobs, Berta;;;;
1717;Boccaccio, Giovanni;;;;
1718;Bochanan, Peter;;;;
1719;Bock, Alexandria;;;;
1720;Bock, Doris;;;;
1721;Bock, Gebhard;;;;
1722;Bock, Gislinde;;;;
1723;Bock, Patrick;;;;
1724;Bock, Thilo;;;;
1725;Bock, Thomas;;;;
1726;Bockamp, Elke;;;;
1727;Bockmühl, Sabine;;;;
1728;Bocké, Hanne;;;;
1729;Bodamer, Utz;;;;
1730;Bodammer, Brigitte;;;;
1731;Bode, Beate;;;;
1732;Bode, Christel;;;;
1733;Bode, Gabriele-Diana;;;;
1734;Bode, Katharina Fiona;;;;
1735;Bodeca, Anna;;;;
1736;Boden, Janne;;;;
1737;Bodendorff, Werner;;;;
1738;Bodenheimer, Marielle;;;;
1739;Bodrožić, Marica;;;;
1740;Bodyk, Raina;;;;
1741;Boecker, Janin;;;;
1742;Boege, Beate;;;;
1743;Boege, Luise;;;;
1744;Boehm, Alexander;;;;
1745;Boehm, Carsten J.;;;;
1746;Boehm, Raphaela;Cookiee999;weiblich;24;
1747;Boehm, Robert;;;;
1748;Boehning, Larissa;;;;
1749;Boer, Catharina;;;;
1750;Boerner, Harro;;;;
1751;Boerner, Moritz;;;;
1752;Boesch, Ernst E.;;;;
1753;Boesche-Zacharow, Tilly;;;;
1754;Bogdahn, Hanna;;;;
1755;Bogdan, Isabel;;;;
1756;Bogen, Matt van;;;;
1757;Bogenhardt, Karl-Heinz;;;;
1758;Boger, Silke;;;;
1759;Bogisch, Michael;;;;
1760;Bogner, Manuel;;;;
1761;Bogner, Ralf Georg;;;;
1762;Bogner-Raab, Stefanie;;;;
1763;Bogy, Ulf;;;;
1764;Bohge, Frauke;;;;
1765;Bohge, Monika;;;;
1766;Bohley, Elisabeth;;;;
1767;Bohmann, Birgit Evi;;;;
1768;Bohn, Angelika;;;;
1769;Bohn, Anna-Theresia;;;;
1770;Bohn, Eberhard;;;;
1771;Bohn, Theresia;;;;
1772;Bohndorf, Julia;;;;
1773;Bohne, Susanne;;;;
1774;Bohnen, Katrin;;;;
1775;Bohnensack, Andreas;;;;
1776;Bohren-Harjes, Lisa;;;;
1777;Bohrer, Birgit;;;;
1778;Bohrer, Yvonne;;;;
1779;Boileau, Pierre;;;;
1780;Boisson, Hélène;;;;
1781;Boketta, Ruth;;;;
1782;Bokowski, Paul;;;;
1783;Boks, Aron;;;;
1784;Boldt, Andreas Dieter;;;;
1785;Boldt, Ralf;;;;
1786;Bolduan, Beryl;;;;
1787;Bolduan, Bianca;;;;
1788;Bolik, Henryk;;;;
1789;Bollacher-Paret, Ilse;;;;
1790;Bollenbacher, Sandra;;;;
1791;Boller, Dieter;;;;
1792;Bollhöfener, Klaus;;;;
1793;Bolli, Markus B.;;;;
1794;Bollig, Hans-Jürgen;;;;
1795;Bolliger, Max;;;;
1796;Bollinger, Bruno;;;;
1797;Bols-Blum, Heidi;;;;
1798;Boltz, Moritz;;;;
1799;Bolz, Martin;;;;
1800;Bolz-Maltan, Marco;;;;
1801;Bomhard, Sebastian von;;;;
1802;Bomhof, Marcel;;;;
1803;Bomhoff, Barbara;;;;
1804;Bomm, Manfred;;;;
1805;Bonack, Reiner;;;;
1806;Bonacker, Ayla;;;;
1807;Bonauer, Lu;;;;
1808;Bond, Jane;KuschelWuschel;weiblich;31;
1809;Bondas, Irina;;;;
1810;Bongartz, Barbara;;;;
1811;Bonicho, Annett;;;;
1812;Bonitz, Sven;;;;
1813;Bonkowski, Frank;;;;
1814;Bonn, Isabella;;;;
1815;Bonner, Jost;;;;
1816;Bonné, Mirko;;;;
1817;Bonsangue-Bauer, Tanja;;;;
1818;Bonsignore, Jana;;;;
1819;Bont, Mario James;;;;
1820;Bonvin, Christine;;;;
1821;Booker, Chenila;;;;
1822;Books, Leon;;;;
1823;Booltink, Theo;;;;
1824;Boom, Chris;ChrisBoom;;;
1825;Boom, Dirk van den;;;;
1826;Boom, Eusebius van den;;;;
1827;Boos, Ellen;;;;
1828;Boos, Nadine;;;;
1829;Boosch, Matthias;;;;
1830;Boose, Ruth;;;;
1831;Boose, Thorsten;;;;
1832;Borchardt, Erika;;;;
1833;Borchardt, Jürgen;;;;
1834;Borchardt, Rudolf;;;;
1835;Borchel, Marcus;;;;
1836;Borchers, Eike;;;;
1837;Borchers, Julia;;;;
1838;Borchers, Oliver;;;;
1839;Borchers, Ulrich;;;;
1840;Borchert, Beatrice;;;;
1841;Borchert, Wolfgang;;;;
1842;Bordemé, T. S.;;;;
1843;Bordo, Martin;;;;
1844;Borg, Inge Marie;;;;
1845;Borger, Marie Fleur;;;;
1846;Borgerding, Hermann;;;;
1847;Borgerding, Jörg;;;;
1848;Borgmann, Angela Maria;;;;
1849;Borgwardt, Renate;;;;
1850;BoringIsDull, Alex;EisWasser;;31;
1851;Bormann, Gisela;;;;
1852;Bormann, Mechthild;;;;
1853;Bormann-Ervens, Denise;;;;
1854;Bormann-Nassonowa, Elvira;;;;
1855;Bormuth, Lotte;;;;
1856;Born, Adrian;;;;
1857;Born, Boris;;;;
1858;Born, Christoph;;;;
1859;Born, Gudrun;;;;
1860;Born, Katharina;;;;
1861;Born, Nicolas;;;;
1862;Born, Sandra;;;;
1863;Bornemann, Friedrich;;;;
1864;Bornemann, Gabriela;;;;
1865;Bornemann, Wolfgang;;;;
1866;Bornewasser, Miriam;;;;
1867;Bornhauser, Hanspeter;;;;
1868;Bornheim, Swantje;;;;
1869;Bornholdt, Hendrik;;;;
1870;Bornhorn, Nicolaus;;;;
1871;Borowietz, Klaus;;;;
1872;Borowski, Stephan;;;;
1873;Bors, Sascha;;;;
1874;Borse, Christine;;;;
1875;Borth, Karl;;;;
1876;Bortlik, Graner;;;;
1877;Bortlik, Wolfgang;;;;
1878;Bosch, Joa;;;;
1879;Bosch, Kai Robin;;;;
1880;Bosch, Lena;;;;
1881;Bosch, Manfred;;;;
1882;Bosch, Peter;;;;
1883;Boscher, Ralf;;;;
1884;Boschmann, Henselowsky;;;;
1885;Bose, Christine;;;;
1886;Bosetzky, Horst;;;;
1887;Bosie, A.;DeathMensDream;divers;32;
1888;Boskamp, Stefan;;;;
1889;Bossard, Andreas;;;;
1890;Bossard, Esther;;;;
1891;Bosse, Ayşe;;;;
1892;Bosse, Emil;;;;
1893;Bosse, Heinrich;;;;
1894;Bosse, Liane;;;;
1895;Bosse-Sporleder, Maria;;;;
1896;Bossong, Nora;;;;
1897;Boswick, Cara;CaraBoswick;weiblich;33;
1898;Both, Don;;;;
1899;Bothe, Peter;;;;
1900;Botka, Kristof;;;;
1901;Bott, Magdalena;;;;
1902;Bottke, Karin;;;;
1903;Bottke, Melanie;;;;
1904;Bottlinger, Andi;;;;
1905;Bottlinger, Andrea;;;;
1906;Bouchbouk, Sophie;;;;
1907;Boulanger, Marco;;;;
1908;Boumad, Sonia;;;;
1909;Bour, Sophie;;;;
1910;Bourbon, Louise;;;;
1911;Bourquin, Irène;;;;
1912;Bouxsein, Stefan;;;;
1913;Bow, I. Reen;;;;
1914;Bow, Ireen;;;;
1915;Bowling, Galadriel;Poledra;weiblich;;
1916;Boxberger, Julius;;;;
1917;Boy, Barbara;;;;
1918;Boy, Katarzyna;;;;
1919;Boyd, William;;;;
1920;Boye, Marcel;Teil1;männlich;57;
1921;Boyens, André;;;;
1922;Boyle, T. Coraghessan;;;;
1923;Bozic, Maria;;;;
1924;Braams, Paul;;;;
1925;Braasch, Helen;;;;
1926;Braatz, Juliette Manuela;;;;
1927;Brabetz, Steffen;;;;
1928;Brabänder, Klaus;;;;
1929;Brachner, Harald;;;;
1930;Bracke, Martina;;;;
1931;Bracksiek, Hannelore;;;;
1932;Brade, Evelyn;;;;
1933;Brade, Helmut;;;;
1934;Bradfield, Scott;;;;
1935;Bradler, Hans-Jürgen;;;;
1936;Bradley, Sarah;;;;
1937;Braig, Maria;;;;
1938;Brake, Frederic;;;;
1939;Brakel, Georg van;;;;
1940;Brakhage, Hans;;;;
1941;Brall, Dirk;;;;
1942;Brammen, Wolfgang;;;;
1943;Brand, Christine;;;;
1944;Brand, Maria;;;;
1945;Brand, Niklas;;;;
1946;Brand, Sabine;;;;
1947;Brand, Thomas;;;;
1948;Brand-Cerny, Liselotte;;;;
1949;Brandeis Crawford, Sandra;;;;
1950;Brandenburg, Klaus;;;;
1951;Brandes, Ute;;;;
1952;Brandewiede, Iris;;;;
1953;Brandi, Ellinor;;;;
1954;Brandis, Andrea;;;;
1955;Brandl, Astrid;;;;
1956;Brandl, Bianca;;;;
1957;Brandl, Carmen;;;;
1958;Brandl, Elisabeth;;;;
1959;Brandl, Martina;;;;
1960;Brandl, Michael K. E.;;;;
1961;Brandl, Sabine;;;;
1962;Brandl, Uwe;;;;
1963;Brandorff, Walter;;;;
1964;Brandstetter, Alois;;;;
1965;Brandstetter, Anna Sophie;;;;
1966;Brandstetter, Diana;;;;
1967;Brandt, Anke;;;;
1968;Brandt, Anna-Lena;;;;
1969;Brandt, Daniela-Maria;;;;
1970;Brandt, Egbert;;;;
1971;Brandt, Elea;;;;
1972;Brandt, Felicitas;;;;
1973;Brandt, Hans-Ulrich;;;;
1974;Brandt, Inga;;;;
1975;Brandt, Jan;;;;
1976;Brandt, Karla;;;;
1977;Brandt, Marion;;;;
1978;Brandt, Matthias;;;;
1979;Brandt, Nora;;;;
1980;Brandt, Stefan;;;;
1981;Brandt, Susanne;;;;
1982;Brandy, C. R.;;;;
1983;Branger, E.B.;;;;
1984;Brant, Guy;;;;
1985;Brasch, Marion;;;;
1986;Brathe, Maiken;;;;
1987;Brauer, Hans J.;;;;
1988;Brauer, Karen;;;;
1989;Braukmann, Peter;;;;
1990;Braumann, Christoph;;;;
1991;Braumann, Franz;;;;
1992;Braun, Berit;;;;
1993;Braun, Bruni;;;;
1994;Braun, Edith;;;;
1995;Braun, Erich;;;;
1996;Braun, Helmut;;;;
1997;Braun, Ilona;;;;
1998;Braun, Karin;;;;
1999;Braun, Lisa;Copper;weiblich;;
2000;Braun, Maike;;;;
2001;Braun, Marcus;;;;
2002;Braun, Marie;;;;
2003;Braun, Marina;;;;
2004;Braun, Mina;;;;
2005;Braun, Nicole;;;;
2006;Braun, Sandra;;;;
2007;Braun, Sandy;;;;
2008;Braun, Sarah;;;;
2009;Braun, Stephan C.;;;;
2010;Braun, Vittoria;;;;
2011;Braun, Volker;;;;
2012;Braun, Wolfgang;;;;
2013;Braune, Renate;;;;
2014;Braune, Ulrike;;;;
2015;Brauneder, Wilhelm;;;;
2016;Brauner, Ernst;;;;
2017;Braunersreuther, Jutta Ch.;;;;
2018;Braunewell-Soltau, Christa;;;;
2019;Braunsdorf, Regina Elfryda;;;;
2020;Braunseis, Torsten;;;;
2021;Braunsteiner, Paul;;;;
2022;Brauné, Rena;;;;
2023;Braven, T.;;;;
2024;Brdjanociv, Ivona;;;;
2025;Breaddick, Kai;;;;
2026;Breaking xD, Jeany;BlackCalla;weiblich;;
2027;Breathe, Alicia;AllyBreathe;weiblich;28;https://www.facebook.com/AliciaBreathe
2028;Brechbühl, Beat;;;;
2029;Brechbühl, Werner;;;;
2030;Brecht, Bertolt;;;;
2031;Bredebach, Lisa;;;;
2032;Bredemeier, Willi;;;;
2033;Brednich, Rolf Wilhelm;;;;
2034;Bredow, Ilse von;;;;
2035;Bregel, Michael Georg;;;;
2036;Breidbach-Bernau, Hans;;;;
2037;Breidenbach, Kerstin;;;;
2038;Breidung, Verena;;;;
2039;Breier, Isabella;;;;
2040;Breil, Katharina;;;;
2041;Breimann, Eduard;;;;
2042;Breimann, Gernot;;;;
2043;Breinersdorfer, Fred;;;;
2044;Breitbach, Joseph;;;;
2045;Breitbach, Sabine;;;;
2046;Breitenbach, Roland;;;;
2047;Breitenbach, Rosina;;;;
2048;Breitenstein, Jonas;;;;
2049;Breitenstein, Uta-Christine;;;;
2050;Breiting, Michael;;;;
2051;Breitkopf, Wolfgang;;;;
2052;Breitrainer, Konrad;;;;
2053;Brekker, Asura;Asura Brekker;divers;;
2054;Brem, Marietta;;;;
2055;Bremer, Wolfgang;;;;
2056;Bremermann, Wilfried;;;;
2057;Brenach, An;;;;
2058;Brendel, Esther;;;;
2059;Brendel, Walter;;;;
2060;Brendel, Werner;;;;
2061;Brendle, Christine;;;;
2062;Brendler, Martin;;;;
2063;Breninek, Hans-Martin;;;;
2064;Brenkusch, Doris;;;;
2065;Brenneis, Friedemann;;;;
2066;Brenneisen, Wolfgang;;;;
2067;Brenner, Andrea;;;;
2068;Brenner, Daniel;;;;
2069;Brenner, Gottfried;;;;
2070;Brenner, Hedwig;;;;
2071;Brenner, Leo;;;;
2072;Brenner, Tina;;;;
2073;Brentwood, Peter;;;;
2074;Brentzel, Marianne;;;;
2075;Brepohl, Wilm;;;;
2076;Bresch, Harald;;;;
2077;Bresinsky, Nadine;;;;
2078;Breslauer, Rudolf;;;;
2079;Breslin, Jane;;;;
2080;Bresser, Michael;;;;
2081;Bressler, Rainer;;;;
2082;Bretfeld, Susanne;;;;
2083;Bretschneider, Antje;;;;
2084;Bretschneider, Dirk;;;;
2085;Bretschneider, Jan;;;;
2086;Bretschneider, Ursula;;;;
2087;Brettner, Harald;;;;
2088;Brettschneider, Detlef;;;;
2089;Brettschuh, Gerald;;;;
2090;Bretz, Denise;;;;
2091;Bretz, Winfried;;;;
2092;Breuer, Anke;;;;
2093;Breuer, Katja;;;;
2094;Breuer, Miles J.;;;;
2095;Breuer, Rolf;;;;
2096;Breuer, Thomas C.;;;;
2097;Breuer, Ulrike;;;;
2098;Breuer-Frisch, Sabine;;;;
2099;Breuhan, Monika;;;;
2100;Breuker, Heinz;;;;
2101;Breuninger, Martin;;;;
2102;Brexendorf, Dara;;;;
2103;Brežná, Irena;;;;
2104;Brian, Marc;;;;
2105;Brichzin, Kerstin;;;;
2106;Brickwell, Ditha;;;;
2107;Bridge, John;;;;
2108;Briegert, Jessica;;;;
2109;Briese, Melanie;;;;
2110;Brigg, Florian;;;;
2111;Briggs, Patricia;;;;
2112;Bright, Damian;;;;
2113;Brighton, Sara;;;;
2114;Brigitte Bjarnason;;;;
2115;Brigitte van Hattem;;;;
2116;Brigl, Patricia;;;;
2117;Briks, Lina;;;;
2118;Brill, Stefan;;;;
2119;Bringmann, Hans-Dieter;;;;
2120;Bringold, Kathrin;;;;
2121;Brink, Ludo;;;;
2122;Brinkers, Marina;;;;
2123;Brinkers, Steffen;;;;
2124;Brinkhouse, Kate;;;;
2125;Brinkmann, Gerda;;;;
2126;Brinkmann, Hans;;;;
2127;Brinkmann, Ina;;;;
2128;Brinkmann, Jutta;;;;
2129;Brinkmann, Karin;;;;
2130;Brinkmann, Karl-Heinz;;;;
2131;Brinkmann, Martin;;;;
2132;Briswalter, Maren;;;;
2133;Britney, It's;Eszther;weiblich;;
2134;Britting, Georg;;;;
2135;Britzkow, Georg;;;;
2136;Brix, Gisela;;;;
2137;Brociner, Marco;;;;
2138;Brock, Inga;;;;
2139;Brock, Juna;;;;
2140;Brock, Michael H. F.;;;;
2141;Brockdorff, Cay von;;;;
2142;Brocke, Michael;;;;
2143;Brockhausen, Ruth;;;;
2144;Brockmann, Doris;;;;
2145;Brockmann, Janin;Sunnight;weiblich;39;https://www.facebook.com/janin.brockmann
2146;Brockmann, Matthias;;;;
2147;Brockmans, Robert;;;;
2148;Brockpähler, Wolfgang;;;;
2149;Brod, Max;;;;
2150;Brodowsky, Paul;;;;
2151;Broeckhoven, Diane;;;;
2152;Broens, Selena;;;;
2153;Brohm, Sacha;;;;
2154;Broicher, Alexander;;;;
2155;Bromeis, Ernst;;;;
2156;Bromund, Dagmar;;;;
2157;Brondhem, Ann;;;;
2158;Broniowski, Stefan;;;;
2159;Bronisch, Matthias;;;;
2160;Bronkhorst, Johannes;;;;
2161;Bronsky, Alina;;;;
2162;Bronstein, Erik;;;;
2163;Bronzel, Nadja;;;;
2164;Brooks, Kevin;;;;
2165;Brooks, Patricia;;;;
2166;Brooks, Roxy;Kiyoshi Akemi;;;
2167;Brooks, Samantha;;;;
2168;Brosche, Ruth;;;;
2169;Brosche, Wolfgang;;;;
2170;Brosowski Utzinger, Barbara;;;;
2171;Brosowski, Melanie;;;;
2172;Brown, Christy;;;;
2173;Brown, Rebecca;Rebecca Brown;weiblich;;https://www.animexx.de/fanfiction/autor/515090/ordner/-1/order_1_0/
2174;Brox, Angelika;;;;
2175;Bruch, Anne-Marie;;;;
2176;Bruch, Elisa vom;;;;
2177;Bruchlos, Ina;;;;
2178;Bruchmann, Martin;;;;
2179;Bruchmann, Roland;;;;
2180;Bruchwald, Ingrid;;;;
2181;Bruckmeier, Elfriede;;;;
2182;Bruckmeier, Lothar;;;;
2183;Bruckner, Julian;Julian Bruckner;männlich;;
2184;Bruder, Martin;;;;
2185;Brudereck, Christina;;;;
2186;Bruester, Birgit;;;;
2187;Brugger, Marianne;;;;
2188;Brugger, Matthias;;;;
2189;Bruggmann, Guido;;;;
2190;Brummer, Arnd;;;;
2191;Brummert, Ulrike;;;;
2192;Brummund, Gerd;;;;
2193;Bruna, Patrik;;;;
2194;Brune, Christian;;;;
2195;Brune, Dagmar;;;;
2196;Brune, Lisa;;;;
2197;Brune, Waltraud;;;;
2198;Brune-Jüttner, Brigitte;;;;
2199;Bruners, Wilhelm;;;;
2200;Brunier, Eberhard;;;;
2201;Brunke, Henning;;;;
2202;Brunn, Clemens;;;;
2203;Brunn, Klaus;;;;
2204;Brunn, Nea;;;;
2205;Brunner, Alex;;;;
2206;Brunner, Erika;;;;
2207;Brunner, Franz;;;;
2208;Brunner, Helwig;;;;
2209;Brunner, Jasmin;;;;
2210;Brunner, Katja;;;;
2211;Brunner, Margrit;;;;
2212;Brunner, Veronika;;;;
2213;Brunner, Victoria;;;;
2214;Bruns, Christa;;;;
2215;Brunswig, Hans;;;;
2216;Brunt, Rita;;;;
2217;Bruse, Ralph;;;;
2218;Bruske, Tanja;;;;
2219;Bruskolini, Oliver;;;;
2220;Brussig, Thomas;;;;
2221;Bruweleit, Stefan;;;;
2222;Bruyn, Gerd de;;;;
2223;Bruyn, Wolfgang de;;;;
2224;Bruyn-Ouboter, Gerd de;;;;
2225;Bryce, Starla;;;;
2226;Bryla, Kaśka;;;;
2227;Brynn, Kris;;;;
2228;Brägelmann, Stefanie;;;;
2229;Brändle, Thomas;;;;
2230;Bräuel, Ulrich;;;;
2231;Bräuer, Francisco;;;;
2232;Bräuer, Helmut;;;;
2233;Bräunig, Werner;;;;
2234;Bröcker, Claudia;;;;
2235;Bröcker, Olaf;;;;
2236;Bröll, Wolfgang W.;;;;
2237;Brömel, Gerda;;;;
2238;Brönner, Nele;;;;
2239;Bröse-Kronz, Tanja;;;;
2240;Brösele, Jo;;;;
2241;Brüchert, Erhard;;;;
2242;Brüchmann, Kersta-Sophie;;;;
2243;Brücke nach Ufa, Freundeskreis;;;;
2244;Brücke, Ricarda;;;;
2245;Brückmann, Jutta;;;;
2246;Brückmann, Kathrin;;;;
2247;Brückmann, Udo;;;;
2248;Brückner, Heiner;;;;
2249;Brückner, Kristin;;;;
2250;Brückner, Roland;;;;
2251;Brügel, Silke;;;;
2252;Brüggemann, Claudia;;;;
2253;Brüggemann, Helmut;;;;
2254;Brüggemeyer, Maik;;;;
2255;Brügger, Anna;;;;
2256;Brügger, Peter;;;;
2257;Brügmann-Eberhardt, Lotte;;;;
2258;Brühlmann-Jecklin, Erica;;;;
2259;Brülhart, Peter;;;;
2260;Brümmer, Manfred;;;;
2261;Brüning, Barbara;;;;
2262;Brüning, Elfriede;;;;
2263;Brüning, Marion;;;;
2264;Brüning, Tanja;;;;
2265;Brünjes, Hermann;;;;
2266;Brünnler, Edith;;;;
2267;Brüske, Christoph;;;;
2268;Brüstle, Ruben;;;;
2269;Bubb, Anna;;;;
2270;Buber, Martin;;;;
2271;Bubna, Ulrich;;;;
2272;Bucanero, Ben;;;;
2273;Buch, Cord;;;;
2274;Buch, Hans Christoph;;;;
2275;Buch, Nadine;;;;
2276;Buchanan, Ruth;;;;
2277;Buchberger, Doris;;;;
2278;Bucheder, Helmut;;;;
2279;Buchen, Eva;;;;
2280;Buchenau, Walter;;;;
2281;Bucher, Veronika;;;;
2282;Bucher, Werner;;;;
2283;Buchgeister, Ulrike;;;;
2284;Buchholz, Charlotte;;;;
2285;Buchholz, Horst W.;;;;
2286;Buchholz, Katy;;;;
2287;Buchholz, Martin;;;;
2288;Buchholz, Natalie;;;;
2289;Buchinger, Wolf;;;;
2290;Buchlowski, Herb;;;;
2291;Buchmann, Anja;;;;
2292;Buchmann, Annika;;;;
2293;Buchmann, Rudolf;;;;
2294;Buchner, Franziska;;;;
2295;Buchner, Manfred Kurt;;;;
2296;Buchner, Thomas;;;;
2297;Buchner-Freiberger, Stefanie;;;;
2298;Buchsteiner, Sven;;;;
2299;Buchta, Astrid;;;;
2300;Buchwald, Andreas H.;;;;
2301;Buck, Inge;;;;
2302;Buck, Rainer;;;;
2303;Buck, Regina;;;;
2304;Buckel, Thomas;;;;
2305;Bud, Rose;Roseinateacup;weiblich;;http://federsstrich.deviantart.com/
2306;Budde, Christa;;;;
2307;Buddenkotte, Katinka;;;;
2308;Budinger, Linda;;;;
2309;Budke, Gudula;;;;
2310;Budnitz, Judy;;;;
2311;Budňák, Jan;;;;
2312;Buehler, Rohna;;;;
2313;Buehre, Nancy;;;;
2314;Buess, Daniel;;;;
2315;Buff, Theo;;;;
2316;Buff, Théo;;;;
2317;Bug, Ilse;;;;
2318;Buggenhagen, Ramona Ina;;;;
2319;Bugul, Ken;;;;
2320;Buhl, Melanie;;;;
2321;Buhl, Sabine;;;;
2322;Buhlert, Magnus;;;;
2323;Buhr, Christina de;;;;
2324;Buhrfeind, Anne;;;;
2325;Buiting, Gregor F.;;;;
2326;Buiting, Hanna;;;;
2327;Bujanov, Maria;;;;
2328;Bujara-Bruder, Astrid;;;;
2329;Bukovac, Karin;;;;
2330;Bukowski, Candy;;;;
2331;Bukowski, Helene;;;;
2332;Bulant, Rudolf;;;;
2333;Bulenda, Doris E. M.;;;;
2334;Bulian, Chris;;;;
2335;Bulkowski, Hansjürgen;;;;
2336;Bull, Reimer;;;;
2337;Bullerdiek, Bolko;;;;
2338;Bullerdiek, Lisa;;;;
2339;Bullinger, Franz;;;;
2340;Bulucz, Alexandru;;;;
2341;Bund, Martina C.;;;;
2342;Bundi, Markus;;;;
2343;Bundschuh, Gerhard;;;;
2344;Bungert, Klauspeter;;;;
2345;Bunjes, Ulrich;;;;
2346;Bunk, Carolin;;;;
2347;Bunk, Gerhard J. S.;;;;
2348;Bunke, Bernd;;;;
2349;Bunks, H Peter;;;;
2350;Bunks, H. Peter;;;;
2351;Bunny, Marlene;Mali2000bu;weiblich;;
2352;Buranaseda, Nadine;;;;
2353;Burbach, Ulrike;;;;
2354;Burckhardt, Alexandra;;;;
2355;Burckhardt, Renata;;;;
2356;Burdow, Inés;;;;
2357;Bureta, Rafaela;;;;
2358;Burg, Inge;;;;
2359;Burg, Josef;;;;
2360;Burgard-Arp, Nora;;;;
2361;Burgdorf, Karl-Ulrich;;;;
2362;Burger, Alexia Sophia;;;;
2363;Burger, Hermann;;;;
2364;Burger, Ulrich;;;;
2365;Burger, Wolfgang;;;;
2366;Burgermeister, Jörg;;;;
2367;Burges, Ulla;;;;
2368;Burghardt, Felix;;;;
2369;Burghardt, Moritz;;;;
2370;Burghardt, Petra;;;;
2371;Burghardt, Rüdiger;;;;
2372;Burgholzer, Michael;;;;
2373;Burgwächter, Till;;;;
2374;Burkart, Angela Rose;;;;
2375;Burkart, Daniel;;;;
2376;Burkart, Kerstin;;;;
2377;Burkhard, Alex;;;;
2378;Burkhard, Peter;;;;
2379;Burkhardt, Jana;;;;
2380;Burmeister, Jakob;;;;
2381;Burmeister, Saskia V.;;;;
2382;Burnicki, Ralf;;;;
2383;Burr, Stefanie;;;;
2384;Burroughs, Edgar Rice;;;;
2385;Burse, Urs Matthäus;;;;
2386;Burtin, Shura;;;;
2387;Bury, Kevin;;;;
2388;Busch, Andrea C.;;;;
2389;Busch, Biana;;;;
2390;Busch, Bruno;;;;
2391;Busch, Diana;;;;
2392;Busch, Dominik;;;;
2393;Busch, Egon;;;;
2394;Busch, Eva-Maria;;;;
2395;Busch, Jochim;;;;
2396;Busch, Markus;;;;
2397;Busch, Tilman;;;;
2398;Busch, Wilhelm;;;;
2399;Buschendorf, Klaus;;;;
2400;Buschmann, Jasmine;;;;
2401;Buschmann, Kati;;;;
2402;Busek, Helga;;;;
2403;Buselmeier, Michael;;;;
2404;Bush, Tracy;;;;
2405;Buss, Cinzia;;;;
2406;Busse, Carl;;;;
2407;Busse, Chantal;;;;
2408;Busse, Günter;;;;
2409;Butera, Natascha;;;;
2410;Buth, Marc;;;;
2411;Butke, Gerhard;;;;
2412;Butkus, Günther;;;;
2413;Butterbrod, Anna;;;;
2414;Butterbrot, Melli;Melli-Kiba-Conan;weiblich;27;
2415;Butterfield, Karla J.;;;;
2416;Butthoff, Elke;;;;
2417;BuyOut, Christy Brown;;;;
2418;Buß, Christa Maria;;;;
2419;Buß, Hermann;;;;
2420;Buße, Juston;;;;
2421;Bußmann, Nina;;;;
2422;Bychowski, Dietmar;;;;
2423;Bydlinski, Georg;;;;
2424;Byer, Dick;;;;
2425;Bzdok, Henryk;;;;
2426;Bálly, Alexander;;;;
2427;Bánk, Zsuzsa;;;;
2428;Báthory, Countess;Butterfly16;;23;
2429;Bátorová, Mária;;;;
2430;Bächi, Rolf;;;;
2431;Bächler, Dietrich;;;;
2432;Bächler, Renate;;;;
2433;Bächtold, Pia;;;;
2434;Bäck-Moder, Gerlinde;;;;
2435;Bäcker, Hubert;;;;
2436;Bäcker, Joanna;;;;
2437;Bäcker, Johanna;;;;
2438;Bäcker, Markus;;;;
2439;Bähre, Hiltrud;;;;
2440;Bänsch, Jule Elsa;;;;
2441;Bär, Daira;daira;weiblich;47;https://einfachmalselbstgedacht.com/
2442;Bär, Michael;;;;
2443;Bär, Olli;;;;
2444;Bär, Sabine;;;;
2445;Bärenfänger, Veronika;;;;
2446;Bärfuss, Lukas;;;;
2447;Bärmich, Meinhard;;;;
2448;Bärtels, Gabriele;;;;
2449;Bärthel, Hermann;;;;
2450;Bärwinkel, Roland;;;;
2451;Bäumert, Bettina;;;;
2452;Bäuml, Julia;;;;
2453;Bäßler, Matthias;;;;
2454;BääBää, Tisi;Tisiphone;weiblich;31;
2455;Bécquer, Gustavo Adolfo;;;;
2456;Bégert, André;;;;
2457;Béla, Mimi;;;;
2458;Böck, Hannes;;;;
2459;Böcking, Werner;;;;
2460;Böckl, Manfred;;;;
2461;Böckler, Jürgen;;;;
2462;Böckli, Birgit;;;;
2463;Bögle, Manfred;;;;
2464;Böhl, Lukas;;;;
2465;Böhlau, Helene;;;;
2466;Böhle, Cordula;;;;
2467;Böhle, Daniela;;;;
2468;Böhle, Ursula;;;;
2469;Böhler, Annette;;;;
2470;Böhler, Cornelia;;;;
2471;Böhlk, Wolfgang;;;;
2472;Böhlmann, Paula;;;;
2473;Böhm, Alexander;;;;
2474;Böhm, Chris;;;;
2475;Böhm, Christina;;;;
2476;Böhm, Claus;;;;
2477;Böhm, Cornelia;;;;
2478;Böhm, Felix;;;;
2479;Böhm, Heidrun;;;;
2480;Böhm, Martina;;;;
2481;Böhm, Michael;;;;
2482;Böhm, Nicole;;;;
2483;Böhm, Philipp;;;;
2484;Böhm, Susanne;;;;
2485;Böhm, Thomas;;;;
2486;Böhm, Volker;;;;
2487;Böhme, Maggie;;;;
2488;Böhme, Markus;;;;
2489;Böhme, Rainer;;;;
2490;Böhme, Thomas;;;;
2491;Böhme, Werner;;;;
2492;Böhme, Wolfram;;;;
2493;Böhmert, Frank;;;;
2494;Böhn, Carsten;;;;
2495;Böhncke-Kuckhoff, Ursula;;;;
2496;Böhnke, Tabea;;;;
2497;Böhnlein, Stephanie;;;;
2498;Böhringer Kunz, Regina;;;;
2499;Böhringer, Annina;;;;
2500;Böke, Urs;;;;
2501;Böker, Tobias A.;;;;
2502;Bökhaus, Melissa;kstew93;weiblich;30;
2503;Böll, Heinrich;;;;
2504;Böller, Hans;;;;
2505;Bölsche, Wilhelm;;;;
2506;Böminghaus (illustrations), Martina;;;;
2507;Böniger, Walter;;;;
2508;Böning, Holger;;;;
2509;Bönisch, Gabriele;;;;
2510;Bönisch, Isabella;;;;
2511;Bönisch, Mareile;;;;
2512;Bönt, Ralf;;;;
2513;Börrnert, René;;;;
2514;Bös, Nike;;;;
2515;Bösch, Hajo;;;;
2516;Bösch, Holger;;;;
2517;Bösch, Markus;;;;
2518;Bösel, Rainer;;;;
2519;Böseler, Norbert;;;;
2520;Bösiger, Melanie;;;;
2521;Bösinger, Uta;;;;
2522;Böss, Monika;;;;
2523;Böss, Monika-Katharina;;;;
2524;Bötefür, Markus;;;;
2525;Böttcher, Jens;;;;
2526;Böttcher, Joachim;;;;
2527;Böttcher, Wolfgang;;;;
2528;Böwing, Holger;;;;
2529;Büchel, Karin;;;;
2530;Bücher!, Scripturium-Macht;;;;
2531;Büchi, Walter A.;;;;
2532;Büchle, Elisabeth;;;;
2533;Büchler, Gudrun;;;;
2534;Büchler, Norbert;;;;
2535;Büchner, Barbara;;;;
2536;Büchner, Leo;;;;
2537;Büchs, Elke;;;;
2538;Büchtemann, Andreas;;;;
2539;Bücker, Andreas;;;;
2540;Bücker, Heinrich;;;;
2541;Bücker, Iris;;;;
2542;Bücker, Jutta;;;;
2543;Büge, Christian Wolfgang;;;;
2544;Büge, Lutz;;;;
2545;Bühler, Doris;;;;
2546;Bühler, Gero;;;;
2547;Bühler, Rosemarie;;;;
2548;Bühnemann, Annika;AnnikaBuehnemann;weiblich;;http://www.annikabuehnemann.de
2549;Bühner, Daphne;;;;
2550;Bührig, Sabine;;;;
2551;Bühring-Uhle, Nana;;;;
2552;Bührlen, Brigitte;;;;
2553;Bührmann, Traude;;;;
2554;Bülow, Hedwig von;;;;
2555;Büngen, Alfred;;;;
2556;Bünker, Bernhard C.;;;;
2557;Bünnig, Jenny;;;;
2558;Bünsche, Bernd;;;;
2559;Büntemeyer, Heiner;;;;
2560;Büren, Hans-Jörg von;;;;
2561;Bürgel, Ilona;;;;
2562;Bürger, Annekathrin;;;;
2563;Bürger, Helmut;;;;
2564;Bürger, Peter;;;;
2565;Bürger, Toni;;;;
2566;Bürgin, Daniel;;;;
2567;Bürster, Helga;;;;
2568;Bürvenich, Thomas J.;;;;
2569;Büscher, Carolin;;;;
2570;Büscher, Josef;;;;
2571;Büschgens, Andrea;;;;
2572;Büse, Beate;;;;
2573;Büssecker, Markus;;;;
2574;Bütow, Lisa;;;;
2575;Büttiker, Patricia;;;;
2576;Büttner, Anne;;;;
2577;Büttner, Feliks;;;;
2578;Büttner, Henry;;;;
2579;Büttner, Jana;;;;
2580;Büttner, Karlheinz;;;;
2581;Büttner, Norbert;;;;
2582;Büttner, Ulrich Amano;;;;
2583;Büttner, W. C.;;;;
2584;Büttner, Wolfgang;;;;
2585;Büttrich, Daniel;;;;
2586;C. W. C., AEA;Manga Passion;weiblich;25;http://www.facebook.com/pages/Anime-Zeichnungen-%E3%82%A2%E3%83%8B%E3%83%A1%E3%81%AE%E5%9B%B3%E9%9D%A2/394849630573322
2587;C., Eloise;;;;
2588;C., Johanna;jo-anna;weiblich;;
2589;C.T.C.;;;;
2590;Cacciola, Ariell;;;;
2591;Cactus, Françoise;;;;
2592;Caduff, Corina;;;;
2593;Caesar, Carl H.;;;;
2594;Cahenzli, Gesine;;;;
2595;Cain, Maria;Maria Cain;weiblich;25;
2596;Cain, Valkyrie;valkyriecain;weiblich;;
2597;Caine, Anthony;;;;
2598;Cakmak, Nil;lemonpie;weiblich;24;
2599;Calanduccia, Salvatore;;;;
2600;Calero Guzmán, Vanessa;;;;
2601;Caliente, Lana;;;;
2602;Caligo, Lucian;;;;
2603;Calik, Cüneyt;;;;
2604;Callari, Marco;;;;
2605;Callesen, Gyde;;;;
2606;Callori di Vignale, Christina;;;;
2607;Callsen, Sören;;;;
2608;Cam, Kroki;;;;
2609;Camartin, Iso;;;;
2610;Cambridge, Camille;Wunderwelt;weiblich;;
2611;Camenisch, Arno;;;;
2612;Camenisch, Paul;;;;
2613;Caminada, Evelyn;;;;
2614;Campa, Peter;;;;
2615;Campagnani, Stefanie;Campi;weiblich;28;
2616;Camparsi, Davide;;;;
2617;Campbell, Paul-Henri;;;;
2618;Camphausen, Pia-Christine;;;;
2619;Campmann, Rainer W.;;;;
2620;Campohermoso, Christian;campohermoso;männlich;;
2621;Camus, Ariane;;;;
2622;Can, Safiye;;;;
2623;Canal, Anne von;;;;
2624;Canales, Jenny;;;;
2625;Candrian, Silvia;;;;
2626;Cane, M.;;;;
2627;Canestrelli, Gioal;;;;
2628;Canetti, Veza;;;;
2629;Canis, Fira;Fira Canis;weiblich;25;
2630;Cankar, Ivan;;;;
2631;Canonne, Sophie;;;;
2632;Cantante, Ninijura;Ninijura;weiblich;28;http://ninijura.tailorsoft.de
2633;Cantieni, Monica;;;;
2634;Cantré, Monique;;;;
2635;Cao, Hélène;;;;
2636;Capadrutt, Hans;;;;
2637;Capellmann, Carla;;;;
2638;Capiti, Carmen;;;;
2639;Capote, Truman;;;;
2640;Captain Nick!, First Responder;Noctifer;;40;
2641;Capus, Alex;;;;
2642;Cara;;;;
2643;Carbonero, Cristina;;;;
2644;Cardaun, Uwe;;;;
2645;Cardei, Claudio;;;;
2646;Cardenal, Ernesto;;;;
2647;Care;;;;
2648;Care, Rose;;;;
2649;Carinsson, Daniel;;;;
2650;Carisi, Konrad;;;;
2651;Carl, Gesine;;;;
2652;Carl, Siegfried;;;;
2653;Carll, Udo;;;;
2654;Carmel, Sarah;;;;
2655;Carne, Martin;;;;
2656;Carnevale, Paolo Crazy;;;;
2657;Carow, Elisa;;;;
2658;Carpenter, Jennifer;;;;
2659;Carpenter, Tanya;;;;
2660;Carrara, Louise;;;;
2661;Carstein, Kasumi;KasumiCarstein;weiblich;;
2662;Carstens, Hein;;;;
2663;Carstens, Melanie;;;;
2664;Carter, Olivia;;;;
2665;Carter, Vee;Vee001;weiblich;;http://vee.hat-gar-keine-homepage.de/
2666;Carter-Johnson, Natalie;Carter-Johnson;weiblich;39;
2667;Caruso, Dominik;Dominik Caruso;;;
2668;Carver, Dorothea;;;;
2669;Carver, Raymond;;;;
2670;Carver, Veronika;;;;
2671;Casati, Gino;;;;
2672;Casement, Nina;;;;
2673;Caspar, Hermann;;;;
2674;Caspari, Karl Heinrich;;;;
2675;Casper, Sigrun;;;;
2676;Caspian, Hanna;;;;
2677;Cassan, Ankela;;;;
2678;Cassini, Nova;;;;
2679;Castellan, Lila~;-Lila-;weiblich;25;
2680;Castelle, Ben;;;;
2681;Castro Rodríguez, Olalla;;;;
2682;Castro, John;;;;
2683;Cat, Golden;golden cat;weiblich;25;http://goldi.hat-gar-keine-homepage.de/
2684;Cat, Lilien;Chaton4004;weiblich;23;
2685;Cat, Volley;VolleyCat;weiblich;20;
2686;Cat, Yaminae;Yaminaecat;weiblich;24;
2687;Catell, Gunny;;;;
2688;Cato, Ferhat;;;;
2689;Cattaneo, Francesca;;;;
2690;Causemann, Saskia;;;;
2691;Cavendish, Hope;;;;
2692;Caviezel, Flurin;;;;
2693;Caviezel, Regula;;;;
2694;Cazzola, Jenny;;;;
2695;Cebulla, Leonore;;;;
2696;Cecere, Ester;;;;
2697;Cechak, Dagmar;;;;
2698;Celen, Nikki;;;;
2699;Celik, Andrea;;;;
2700;Cengiz, Renan;;;;
2701;Cengiz, Ömer;;;;
2702;Centauri, Clara;;;;
2703;Cepe, Benyamen;;;;
2704;Cerha, Ruth;;;;
2705;Cernohuby, Stefan;;;;
2706;Cevik, Ertan;;;;
2707;Chachulski, Sabrina;;;;
2708;Chadde, Henning;;;;
2709;Chaffin-Schäfer, Nicole;;;;
2710;Chahine, Gandhi;;;;
2711;Chaib, Mona;;;;
2712;Chainey, Stiff;;;;
2713;Chains, Ralph D.;;;;
2714;Chaivron, Emma Louise;;;;
2715;Chaluppa, Manfred;;;;
2716;Chambers, Robert W.;;;;
2717;Chammaa, Leila;;;;
2718;Chan, Keiji~;;;;
2719;Chan, Martin Guan Djien;;;;
2720;Chan, Panda;PandaxChan;weiblich;;http://ask.fm/xMangaOtakux
2721;Chan, Tenshi;NaLa Chan;weiblich;28;
2722;Chan, Youkai;Youkai Chan;weiblich;29;
2723;Chana, Daniela;;;;
2724;Chance, Howard;;;;
2725;Chandler, Raymond;;;;
2726;Chang-Voser, Gabriela;;;;
2727;Channing, Ashley K.;;;;
2728;Chaos, Cassi;;;;
2729;Chaplet, Anne;;;;
2730;Chapman, Mary;;;;
2731;Chappuzeau, Kurt;;;;
2732;Chaproll, Madelaine;;;;
2733;Chargallet, Marie Claire;;;;
2734;Charlotte, Gisela;;;;
2735;Charon, MiezMiez;Harpyienkind;weiblich;28;
2736;Chase, Laoa;Laoa;weiblich;14;
2737;Chateaubriand, François-René de;;;;
2738;Chatterley, Clifford;;;;
2739;Chaucer, Sam;Sam Chaucer;weiblich;35;
2740;Chaumet, Stéphane;;;;
2741;Chavez, Anne;;;;
2742;Cheeky_Fellow, Nina;CheekyFellow;weiblich;31;
2743;Chen, Nina;;;;
2744;Chen, Schnee;Schnee-chen;weiblich;26;http://trafinami.deviantart.com/
2745;Chericson, Chiri (Chiara);Clove;weiblich;25;https://www.instagram.com/chiarachericson/?hl=de
2746;Cherry, Alice;Alice Cherry;weiblich;;
2747;Chesterton, G. K.;;;;
2748;Chesterton, Gilbert Keith;;;;
2749;Chi, Anna;Earwig;weiblich;;http://anna-earwig.deviantart.com/
2750;Chick, Mike;;;;
2751;Chidolue, Dagmar;;;;
2752;Chiduck, Andreas;;;;
2753;Chikori, Akina;CaramelKeks;weiblich;23;https://www.youtube.com/channel/UCDBJBL1OyX4u1W3BH3_zfgA?feature=mhee
2754;Child, Preston;;;;
2755;Chilla, Anka;;;;
2756;Chilton-Burse, Mary;;;;
2757;Chinasky, Yupag;;;;
2758;Chiodinari, Federico Amadeo;;;;
2759;Chiriac, Armin;;;;
2760;Chissono, Dario;;;;
2761;Chitsaz, Isabelle;;;;
2762;Chlada, Marvin;;;;
2763;Chmelik, Daniela;;;;
2764;Chobot, Manfred;;;;
2765;Choi, Haru;RapMoon;weiblich;27;
2766;Choi, Yerang;;;;
2767;Choinowski, Silvia;;;;
2768;Chotiwari-Jünger, Steffi;;;;
2769;Chotjewitz, Peter O.;;;;
2770;Chris, Iris D.;;;;
2771;Chrisanth, Jutta;;;;
2772;Chriss, Rosario;;;;
2773;Christ, Claudia;;;;
2774;Christ, Heribert;;;;
2775;Christ, Lena;;;;
2776;Christ, Stefanie;;;;
2777;Christ, U.;;;;
2778;Christ, Wolfram;;;;
2779;Christen (illustrations), Christiane;;;;
2780;Christen, Chistiane;;;;
2781;Christen, Helen;;;;
2782;Christen, Iris;;;;
2783;Christen, Thomas;;;;
2784;Christen, Veronika;;;;
2785;Christian, Dorothea;;;;
2786;Christians, M. J.;;;;
2787;Christiansen, Carola;;;;
2788;Christiansen, Emma;emmachristiansen;weiblich;22;
2789;Christiansen, Kisten;;;;
2790;Christiansen, Manfred;;;;
2791;Christie, Agatha;;;;
2792;Christine Graf, Sabine Siebert, Reija Tuuli, Swantje Oppermann, Margit Heumann, Sonja Pudmensky,;;;;
2793;Christine, Zeides;;;;
2794;Christjani, Mark;;;;
2795;Christliches Gymnasium, Autorenteam;;;;
2796;Christoff, Charlotte;;;;
2797;Christophersen, Jan;;;;
2798;Chromik, Therese;;;;
2799;Chrovog, Aniri;RestlessDreamer;weiblich;28;
2800;Chu, Wen-huei;;;;
2801;Chuck, Emily;;;;
2802;Chudak, Andrea;;;;
2803;Churchill, Winston;;;;
2804;Chvatal, Andreas;;;;
2805;Chwalek, Johannes;;;;
2806;Chylek, Frank;;;;
2807;Ciarloni, Sibylle;;;;
2808;Cichon, Brigitte;;;;
2809;Cichowski, Rolf Rüdiger;;;;
2810;Ciklaminy, Zorka;;;;
2811;Cim, Leah;;;;
2812;Cimbal-Marocke, Kerstin;;;;
2813;Cisewski, Helga von;;;;
2814;Cissoko, Aya;;;;
2815;Cixous, Hélène;;;;
2816;Cizek, Michael;;;;
2817;Claaß, Lina;;;;
2818;Clades, Nicola;sengo-sun;;;
2819;Cladrowa, Karoline;;;;
2820;Clain, H. C.;;;;
2821;Clair, Caroline de;;;;
2822;Claire, Sunny;;;;
2823;Clar, Peter;;;;
2824;Clark, Holly;;;;
2825;Clark, Naoma;;;;
2826;Clas, Iris;;;;
2827;Clasen, Carola;;;;
2828;Claudine;;;;
2829;Clausen, Peter Heinrich;;;;
2830;Clausing, Kathrin;;;;
2831;Clawo;;;;
2832;Claßen, Karin;;;;
2833;Claßen, Lars;;;;
2834;Clemen, Stefanie;;;;
2835;Clemens, Björn;;;;
2836;Clemens, Constantin;;;;
2837;Clemens, Ditte;;;;
2838;Clemens, Maike;;;;
2839;Clemens, Monika;;;;
2840;Clemmensen, Marina;;;;
2841;Clerc, Lucille;;;;
2842;Cleve, Brigitte;;;;
2843;Cleves, Monika;;;;
2844;Cliff, Claudia;;;;
2845;Close, Nadja;;;;
2846;Cmelka, Helga;;;;
2847;Codo, Victor;;;;
2848;Coelen, Ina;;;;
2849;Cohen, L.;;;;
2850;Cohen, Lisa;;;;
2851;Cohen, Robert;;;;
2852;Cohen, Sebastian;skytoxin;;;http://sebastian-cohen.com
2853;Coleman, Tom;;;;
2854;Colen, Rita;;;;
2855;Colfer, Eoin;;;;
2856;Colin, Bernhard Brandstätter;;;;
2857;Collett, Camilla;;;;
2858;Collins, Brooklyn;;;;
2859;Colmar, Lisette;;;;
2860;Combes, Paul;;;;
2861;Combo, Tom;;;;
2862;Coniglio, Melina;;;;
2863;Conlon, Evelyn;;;;
2864;Conners, Adam;;;;
2865;Connert-Weiss, Sonja;;;;
2866;Connor, Elias J.;;;;
2867;Conrad, Alex;;;;
2868;Conrad, Janna;;;;
2869;Conrad, Katharina;;;;
2870;Conrad, Stefanie;;;;
2871;Conrad, Ulrich;;;;
2872;Conrad, Wilfried;;;;
2873;Conradt, Marcus;;;;
2874;Conrath, Ida;;;;
2875;Constant, Birgit;;;;
2876;Constantin, Julie;;;;
2877;Constantinescu, Romanița;;;;
2878;Conti, Norbert;;;;
2879;Contreras Azaña, Jose Carlos;;;;
2880;Contreras, Jose Carlos;;;;
2881;Coockson, Tracy;;;;
2882;Cooley, Jack;;;;
2883;Coon, Peter;;;;
2884;Cooper, Ava;;;;
2885;Cooper, Max;;;;
2886;Cooper, Mila;;;;
2887;Copacabana, Bella;;;;
2888;Coquille, Isobel;;;;
2889;Coquina, Celine;;;;
2890;Cora, S.;;;;
2891;Corax, Corvus;Kemare;weiblich;24;http://whisperofstars.deviantart.com/
2892;Cordell, Edwin;;;;
2893;Cordes, Gisela;;;;
2894;Cordes, Irmgard;;;;
2895;Cordsen-Enslin, Rosie;;;;
2896;Cordts, Britta;;;;
2897;Corizzo, Iso;;;;
2898;Corlo, Toni;;;;
2899;Corné, Viktoria;;;;
2900;Correia, Hélia;;;;
2901;Corrigan, Gabriel;Lord Of Disturbed;männlich;28;
2902;Corry, Jane;;;;
2903;Corse, Angelique;;;;
2904;Cortez, Isa;Isa Cortez;weiblich;29;http://isa.hat-gar-keine-homepage.de/
2905;Corti, Daniel;;;;
2906;Corty, Gisela;;;;
2907;Cortázar, Julio;;;;
2908;Corvus, Robert;;;;
2909;Corzilius, Thilo;;;;
2910;Cosette;;;;
2911;Cossel, Bettina von;;;;
2912;Costache, Verona;;;;
2913;Costello, Matthew;;;;
2914;Cott, Georg Oswald;;;;
2915;Cotten, Ann;;;;
2916;Cottoncandy, Tali;Schokotier;weiblich;35;
2917;Cotugno, Stelio;;;;
2918;Coucou, Sally;Katzenviech;weiblich;29;http://sally.hat-gar-keine-homepage.de/
2919;Coulmas, Danae;;;;
2920;Courbet, Marine;;;;
2921;Cox, Sam;;;;
2922;Cozym, Calvin;;;;
2923;Craissu;;;;
2924;Craita Ten'o, Nicoleta;;;;
2925;Craiß, Mandus I.;;;;
2926;Cramer, Michael;;;;
2927;Cramer, Sofie;;;;
2928;Cramer-Crummenerl, Emma;;;;
2929;Cramer-Klett, Ludwig Benedikt;;;;
2930;Cranach, Mario von;;;;
2931;Crane, Rowena;;;;
2932;Crauer, Pil;;;;
2933;Craven, Finnegan;The Rainmakers Voice;männlich;38;
2934;Crawford, Francis Marion;;;;
2935;Crazy, Baka;Yume Akumu;männlich;30;http://www.facebook.com/BakaCrazy
2936;Creanoir, Miria;heartbreak;weiblich;;
2937;Cremer, Markus;;;;
2938;Crespo Soro, Cristo Fe;Lobezno;männlich;59;
2939;Creutziger, Werner;;;;
2940;Crime, Josefine;;;;
2941;Crimetime, Elvea;;;;
2942;Crohn, Cornelia;;;;
2943;Croissant, Manfred;;;;
2944;Croissant-Rust, Anna;;;;
2945;Cronenberg, Isolde;;;;
2946;Cronhardt-Lück-Giessen, Lara-Sophie;;;;
2947;Cronhardt-Lück-Giessen, Marie-Celestine;;;;
2948;Cronos, Mary;;;;
2949;Croon, Winfried;;;;
2950;Cropley, Lenard James;;;;
2951;Cropp, Wolf-Ulrich;;;;
2952;Cross, Sheena;SheenaCross;weiblich;26;
2953;Crostewitz, Hannelore;;;;
2954;Crowe, Carina;Whocarloto;weiblich;29;http://whocarloto.tumblr.com/
2955;Crudelious, Septimus;Terra Cognita 13-2;männlich;;
2956;Crueger, Hardy;;;;
2957;Crumble, Melo;Meloanderworld;männlich;27;http://eugenepetec.wix.com/meloander
2958;Crummenerl, Rainer;;;;
2959;Crystal, Lucy;Lucy-chan97;weiblich;27;
2960;Crée, Marleen de;;;;
2961;Crøger, Olea;;;;
2962;Csengel, Angelika;;;;
2963;Csongár, Almos;;;;
2964;Cuir, Linda;;;;
2965;Cullen, Tina;Stine1993;weiblich;31;
2966;Cumart, Nevfel;;;;
2967;Cummings, Ray;;;;
2968;Cuneo, Anne;;;;
2969;Cunis, Reinmar;;;;
2970;Cunningham, John W.;;;;
2971;Cunnings, Joyce;;;;
2972;Cunqueiro, Álvaro;;;;
2973;Cuonz, Romano;;;;
2974;Cursio, Carola;;;;
2975;Curtis, Anthony Paul;;;;
2976;Curwood, James Oliver;;;;
2977;Cusanit, Kenah;;;;
2978;Cutter, Michèl;;;;
2979;Cutz, Kaddi;;;;
2980;Cvetkovic, Samson;;;;
2981;Czar, Reinhard M.;;;;
2982;Czelinski, Ulrich;;;;
2983;Czellnik, Claudia;;;;
2984;Czesch, Claudia;;;;
2985;Czienskowski, Paulina;;;;
2986;Cziesla, Wolfgang;;;;
2987;Czingulszki, Ágnes;;;;
2988;Czipin, Jana A.;;;;
2989;Czuba-Konrad, Susanne;;;;
2990;Cölln, Rupert von;;;;
2991;Cönig, Jan;;;;
2992;D'Agostino, Fulvio;;;;
2993;D'Alagno, Sandro;SandroAla;männlich;;
2994;D. Rain, Liika;Alice xxx;weiblich;33;
2995;D. Water, Mabel;mabel;weiblich;30;https://www.instagram.com/mimamabel/
2996;D., Anubis B. C.;;;;
2997;D., Hannah;Hannah Volturi;weiblich;23;
2998;D., Maria;Nico Linyea;weiblich;32;http://nicodamon222.repage5.de
2999;D., Stevie;;;;
3000;Da Vina, Sandra;;;;
3001;Daams, Andreas;;;;
3002;Daan, Robert;;;;
3003;Daar, Ingrid;;;;
3004;Dabeler, Christian;;;;
3005;Dachwitz, Armin;;;;
3006;Dackow, Doris;;;;
3007;Daemen van Büren, Sabine;;;;
3008;Daeninckx, Didier;;;;
3009;Dahinten, Gunther;;;;
3010;Dahl, Ole Harald;;;;
3011;Dahl, Roald;;;;
3012;Dahle, Dieter;;;;
3013;Dahlem, Laurin;Gossenprinz;männlich;;
3014;Dahlke, Wolfgang;;;;
3015;Dahlmann, Paul Tobias;;;;
3016;Dahlmanns, Heike;;;;
3017;Dahlson, Aybiline I.;;;;
3018;Dahmer, Arno;;;;
3019;Dahmer, Monika Maria;;;;
3020;Dahms, Emmy;;;;
3021;Dahms, Lars;;;;
3022;Dahms, Thomas;;;;
3023;Daigeler, Barbara;;;;
3024;Daiker, Ilona;;;;
3025;Dalachinsky, Steven;;;;
3026;Dalaun, Renate;;;;
3027;Dale, Rose;Melemiumspassel;weiblich;22;
3028;Dall'O, Arnold Mario;;;;
3029;Dallinger, Petra-Maria;;;;
3030;Dallmann, Jonas-Philipp;;;;
3031;Dalton, Jada;;;;
3032;Dambacher, Jutta;;;;
3033;Damer, Julia;;;;
3034;Damerow, Christian;;;;
3035;Damerow, Christl;;;;
3036;Damian, Tereatra;Sternenruferin;weiblich;42;https://sternenruferin.de
3037;Damm, Hamster;;;;
3038;Dammann, Hans-Joachim;;;;
3039;Dammann, Katrin;;;;
3040;Dammel, Gesine;;;;
3041;Dammers, Heinz-Willi;;;;
3042;Danck, Anne;;;;
3043;Danford, Pirx;;;;
3044;Dangel, Lars;;;;
3045;Dangel-Pelloquin, Elsbeth;;;;
3046;Daniel, Bianca;;;;
3047;Daniel, Caroline;;;;
3048;Daniel, Helga;;;;
3049;Daniel, Stieglitz;;;;
3050;Daniel, Uwe;;;;
3051;Danisch, Barbara;;;;
3052;Danker, Frauke;;;;
3053;Dankers, Julia;;;;
3054;Dannecker, Maks;;;;
3055;Dannen, Funny van;;;;
3056;Dannen, Jan van;;;;
3057;Dannenberg, Christa;;;;
3058;Dannenberg, Irene;;;;
3059;Danner, Heinz;;;;
3060;Danner, Waltraud;;;;
3061;Danner-Schmidt, Barbara;;;;
3062;Dantes, Edmond;;;;
3063;Dantse, Dantse;;;;
3064;Dantz, Sibylle;;;;
3065;Dany, Hans-Christian;;;;
3066;Danzer, Dana;;;;
3067;Daray, Caitlin;;;;
3068;Darcy, Liz;IsabellaDarcy;weiblich;33;
3069;Darer, H.;;;;
3070;Daring, Andy;;;;
3071;Darius, Nora;;;;
3072;Dark, April G.;;;;
3073;Dark, Ciara;SkyMoon;weiblich;27;
3074;Dark, Kate;;;;
3075;Darkener, Ryek;;;;
3076;Darks, Pat;;;;
3077;Darkwater, Emi-Lu;;;;
3078;Darling, Its Teatime;Its Teatime Darling;;26;
3079;Darling, Julie;Aurora Black;weiblich;26;
3080;Darling, Lisa;;;;
3081;Dars Wader, Klappstuhl;Jiaspar;männlich;103;
3082;Darsen, Reina;;;;
3083;Daryusi, Ali;;;;
3084;Das Herzlose X, Hearty x3;Heartychan;weiblich;31;
3085;Das, Peter;;;;
3086;Daschek, Bernd;;;;
3087;Datenet, Gabriele;;;;
3088;Dath, Dietmar;;;;
3089;Daub, Dieter;;;;
3090;Daubitz, David;;;;
3091;Daudet, Alphonse;;;;
3092;Daunus, Corinna;;;;
3093;Daus, Rainer;;;;
3094;Daut, Tom;;;;
3095;Dautel, Christa;;;;
3096;Dauw, Alexander;;;;
3097;Dauzenroth, Erich;;;;
3098;Davey, Peter;;;;
3099;David, Claire;Claire David;weiblich;;
3100;David, Jacobs;;;;
3101;David, Marlis;;;;
3102;David, Nadia;;;;
3103;Davids, Jens-Ulrich;;;;
3104;Davids, Tom;;;;
3105;Davies, Laney;;;;
3106;Davis, Lydia;;;;
3107;Davis, Richard Harding;;;;
3108;Dawn, Mark;;;;
3109;Dawson, Chris S.;;;;
3110;Dawson, Dan;DanDawson;;;
3111;Dax, Marcel;;;;
3112;Daxauer, Eva;Daxieva;weiblich;16;
3113;Daxelmüller, Lea;;;;
3114;Daxl, Carl-Heinz;;;;
3115;Day, Alice;;;;
3116;Daywalker, Nini;AvaAdore;weiblich;29;
3117;Dağyeli, Jeanine Elif;;;;
3118;De Facendis, Giuseppe;;;;
3119;De Fran, Christina;;;;
3120;De Marchi, Pietro;;;;
3121;De Mello, Anthony;;;;
3122;De Negri, Jennifer;;;;
3123;De Oliveira Souza, M.;;;;
3124;De Weck, Margaux;;;;
3125;De la Marre, Wentila;;;;
3126;DeClair, Caroline;;;;
3127;DeMelly, Nicky;;;;
3128;DePalma, Erica;;;;
3129;DeSade, Kucharzak;;;;
3130;DeVille, Emme;Emme DeVille;weiblich;47;https://www.facebook.com/emme.deville
3131;DeWinter, Carmilla;;;;
3132;Dead Account, Livvy;Reyfa;weiblich;;https://twitter.com/Buter_flyEffect?s=09
3133;Dearest, Micky;;;;
3134;Deason-Tomory, Pierre;;;;
3135;Debacher, Karl-Heinz;;;;
3136;Debald, Morten;;;;
3137;Debra, Pascal;;;;
3138;Debrunner, Nina;;;;
3139;Deby, cony;anubis1272;weiblich;;
3140;Decesso, Elisabeth;;;;
3141;Dechamps, Anita;;;;
3142;Decher, Nicole;;;;
3143;Dechert, Manfred;;;;
3144;Deckart, Petra;;;;
3145;Deckenbach, Katharina;;;;
3146;Decker, Agnes;;;;
3147;Decker, Gerhild;;;;
3148;Decker, Gero F.;;;;
3149;Decker, Horst;;;;
3150;Decker, Martina;;;;
3151;Decker-Voigt, Hans-Helmut;;;;
3152;Deckert, Renatus;;;;
3153;Dee, Ana;;;;
3154;Deen, Deka;Dekadeen;weiblich;31;
3155;Defano, Isabella;;;;
3156;Deffert, Elke;;;;
3157;Deffner, Andreas;;;;
3158;Deforges, Régine;;;;
3159;Degemann, Christa;;;;
3160;Degen, Miu;;;;
3161;Deggerich, Georg;;;;
3162;Deggerich, Markus;;;;
3163;Degkwitz, Andreas;;;;
3164;Degla, Luc;;;;
3165;Degwitz, Ulrich;;;;
3166;Dehler, Joseph;;;;
3167;Deichelmann, Karl-Heinz;;;;
3168;Deichmann, Anna Katharina;;;;
3169;Deichmann, Simone;;;;
3170;Deichmohle, Jan;;;;
3171;Deinert, Hannelore;;;;
3172;Deinhammer, Helmut;;;;
3173;Deis, Rune;;;;
3174;Deister, Beate Silvia;;;;
3175;Deister, Nikolaus;;;;
3176;Dejaco, Hedwig;;;;
3177;Dekiss, Jean-Paul;;;;
3178;Delaney, Stella;;;;
3179;Delarue, Dana;;;;
3180;Delau, Reinhard;;;;
3181;Deledda, Grazia;;;;
3182;Delevi, Michelle;Michelle2013;;26;
3183;Delfft, Melanie;;;;
3184;Delgado, Carlos;;;;
3185;Delia, Nino;;;;
3186;Deliga, Renate;;;;
3187;Delius, Mara;;;;
3188;Dell'Aere, Annette;;;;
3189;Della Giustina, Astrid;;;;
3190;Delle Cave, Ferruccio;;;;
3191;Dellemann, Friederike;;;;
3192;Dellenbusch, Thomas;;;;
3193;Dellinger, Anton;;;;
3194;Dellke, Wolfgang;;;;
3195;Delon, Ashan;MsAshantin;weiblich;;http://msashantin.blogspot.com/
3196;Delon, Melisande;;;;
3197;Deltl, Elisabeth;;;;
3198;Demant, Peter;;;;
3199;Demel, Herbert;;;;
3200;Demeter;;;;
3201;Demirel, Molla;;;;
3202;Demirtel, Eevie;;;;
3203;Demme-Zech, Marion;;;;
3204;Demmer-Benedetti, Mario;;;;
3205;Demon, Isi;Isi Demon;weiblich;;
3206;Dempf, Peter;;;;
3207;Demski, Eva;;;;
3208;Demus, Sieglind;;;;
3209;Demut, Hanno;;;;
3210;Demuth, Helga;;;;
3211;Demuth, Jürgen;;;;
3212;Den auch, Hab ich;Anonymica;weiblich;;
3213;Den gibt es :), Nadine;Naddilein;weiblich;;
3214;Deneser, Marlen;;;;
3215;Dengg, Julia;;;;
3216;Dengler, Gabriele;;;;
3217;Deni, Chèle;;;;
3218;Denkel, W.;;;;
3219;Denkel, Wolfgang;;;;
3220;Denkendorf, Stefan;;;;
3221;Denkendorf, Stephan;;;;
3222;Denklingen, Friedrich-Wilhelm von;;;;
3223;Denkmann, Sandra;;;;
3224;Dennerlein, Hans;;;;
3225;Dennerlein, Irmgard;;;;
3226;Dennig, Constanze;;;;
3227;Dennig, Gudrun;;;;
3228;Dent, John Charles;;;;
3229;Dent, Pauline;;;;
3230;Denzinger, Götz;;;;
3231;Depner, Uta;;;;
3232;Deppe, Mareike;;;;
3233;Deppermann, Katharina;;;;
3234;Der @Käpt'n;;;;
3235;Der Doppeldaumenmann;;;;
3236;Der Melonentraeger, Bowler;Der Melonentraeger;männlich;24;
3237;Der Stricker;;;;
3238;Deray, Lucy;Lucy Deray;weiblich;24;
3239;Derksen, Karin;;;;
3240;Derlath, Volker;;;;
3241;Derndorfer, Anna;;;;
3242;Dernelle-Fischer, Rebecca;;;;
3243;Dernes-Klee, Theresa;;;;
3244;Dernet, Max;;;;
3245;Deroussas, Rose;;;;
3246;Dersch, Joachim;;;;
3247;Dertinger, Mona;;;;
3248;Deschain, Roland;Roland von Gilead;männlich;;
3249;Descombes, Claudio;Sith Lord;männlich;34;
3250;Desens, Caprice;Caprice Desens;weiblich;;
3251;Deterding, Klaus;;;;
3252;Detering, Heinrich;;;;
3253;Dethloff, Bettina;;;;
3254;Dethloff, Conny;;;;
3255;Detlefsson, Lena;;;;
3256;Detro, Günter;;;;
3257;Detterbeck, Franziska;;;;
3258;Detterbeck, Pius;;;;
3259;Detterbeck, Roland;;;;
3260;Detterbeck, Wolfgang;;;;
3261;Dettmann, Lutz;;;;
3262;Deubel, Oscar;;;;
3263;Deul, Artur Coen;;;;
3264;Deumeland, Heinrich;;;;
3265;Deuml, Robert;;;;
3266;Deus, Ildure;ILDURE;männlich;29;
3267;Deuter, Regina;;;;
3268;Deutsch, Christine;Craggy;weiblich;;
3269;Deutsch, Fritz;;;;
3270;Deutsch, Monika;;;;
3271;Deutschmann, Clifford Ray;;;;
3272;Devantier, Maximilian;;;;
3273;Develloper only, Prototyp A13M4;Finnegan-s Soul;;35;
3274;Devereaux, Darlene;;;;
3275;Devesper, Alex;;;;
3276;Devi, Mitra;;;;
3277;Devillard, Denise;;;;
3278;Devise, Jean-Philippe;;;;
3279;Devmann, Gerhard;;;;
3280;Dewerth, Werner;;;;
3281;Dewi, C.;;;;
3282;Dexheimer, Johannes;;;;
3283;Deyen, Günter O. von;;;;
3284;Deyval, Benjamin Alexander;;;;
3285;Di Bartolomeo, Anja;;;;
3286;Di Longo, Laurenz;;;;
3287;Diamond, Lilith;Lilith-chan;weiblich;;
3288;Diaz, Jean Michel;;;;
3289;Diburger, Jens;;;;
3290;Dicenta, Joaquín;;;;
3291;Dick, Annika;;;;
3292;Dick, Heinrich;;;;
3293;Dick, Marion;;;;
3294;Dickens, Charles;;;;
3295;Dickerhoff, Heinrich;;;;
3296;Dickers, Peter Josef;;;;
3297;Dicks, Eva;;;;
3298;Dickson, Gordon R.;;;;
3299;Didem, Sylvia;;;;
3300;Diderot, Denis;;;;
3301;Die Zaubergräfin, Finzirele;Finzirele;weiblich;35;
3302;Diebold, Philipp;;;;
3303;Dieckmann, Christoph;;;;
3304;Dieckmann, Gabriele;;;;
3305;Diederich, Georg;;;;
3306;Diederichs, Ulf;;;;
3307;Diehl, Anne;;;;
3308;Diehl, Else;;;;
3309;Diehl, Leona;;;;
3310;Diekmann, Kai;;;;
3311;Diem, Angelika;;;;
3312;Diemrich, Robert;;;;
3313;Diepold, Saskia;;;;
3314;Dierbach, Jutta-Maria;;;;
3315;Dierck, Tara;;;;
3316;Diercks, Magdalena;;;;
3317;Dierkes, Thilo;;;;
3318;Dierksen, Alexander;;;;
3319;Diersch, Frank;;;;
3320;Dierssen, Jan;;;;
3321;Dierssen, Lavinia;;;;
3322;Diesel, Andreas;;;;
3323;Diesel-Voß, Inge;;;;
3324;Dieser, Helmut;;;;
3325;Diethart, Johannes;;;;
3326;Dietiker, Jolanda;;;;
3327;Dietl, Ute;;;;
3328;Dietle, Dora;;;;
3329;Dietrich;;;;
3330;Dietrich, Andreas;;;;
3331;Dietrich, Anett;;;;
3332;Dietrich, Claudia;;;;
3333;Dietrich, Daniela;;;;
3334;Dietrich, Enrico;;;;
3335;Dietrich, Felix;;;;
3336;Dietrich, Monika;;;;
3337;Dietrich, Thomas;;;;
3338;Dietrich, Tino;;;;
3339;Dietrich, Wiebke Bettina;;;;
3340;Dietz, Cornelia;;;;
3341;Dietz, Pierre;;;;
3342;Dietzel, Raven Elisabeth;;;;
3343;Dietzen, Erik;;;;
3344;Diewerge, Antje;;;;
3345;Diez, Johannes;;;;
3346;Dignal, Michael;;;;
3347;Digwa, Markus;;;;
3348;Dijk, Micol van;;;;
3349;Dikmen, Şinasi;;;;
3350;Dil, Esma Annemon;;;;
3351;Dilettant;;;;
3352;Diley, Jamina;;;;
3353;Dill, Daniela;;;;
3354;Diller, Ilona;;;;
3355;Dillig, Annabel;;;;
3356;Dillinger, Arri;;;;
3357;Dillmann, Edwin;;;;
3358;Dimper, Ursula;;;;
3359;Dinard, Nicolas;;;;
3360;Dinauer, Gerhard;;;;
3361;Dincer, Attila;;;;
3362;Ding, Pinkes;pink-wine;weiblich;35;
3363;Dingeldey, Philip;;;;
3364;Dinger, Christian;;;;
3365;Dinges, Astrid;;;;
3366;Dingler, Christiane Barbara;;;;
3367;Dingsbumsfallara, Conni;Svenska KoCo;weiblich;29;
3368;Dinić, Marko;;;;
3369;Dinkel, Martina;;;;
3370;Dinse, Sascha;;;;
3371;Dio!!! Wrrryyyyy, It was me;Platin17;;29;
3372;Dionys, Paul;;;;
3373;Dirks, Carl-Heinz;;;;
3374;Dirks, Florian;;;;
3375;Dirks, Kerstin;;;;
3376;Dirksen, Jens;;;;
3377;Dirscherl, Reingard;;;;
3378;Dirtinger, Wolfgang Felix;;;;
3379;Dischinger, Hermann;;;;
3380;Dischner, Gisela;;;;
3381;Disselhoff, Jürgen (Dissy);;;;
3382;Dissieux, Michael;;;;
3383;Ditterich, Heli;;;;
3384;Dittert, Franziska;;;;
3385;Dittert, Kristina;;;;
3386;Dittmann, Anne;;;;
3387;Dittmann, Arnold;;;;
3388;Dittmann, Otto;;;;
3389;Dittmann, Rainer;;;;
3390;Dittmar, Jens;;;;
3391;Dittmar, Ulrich;;;;
3392;Dittmer, Christina;;;;
3393;Dittmers-Gruber, Silvia;;;;
3394;Dittrich, Eckhard;;;;
3395;Dittrich, Harald;;;;
3396;Dittrich, Otmar;;;;
3397;Dittrich, Sabrina;;;;
3398;Dittrich, Winfried;;;;
3399;Dittrich, Wolfgang;;;;
3400;Diverse;;;;
3401;Divjak, Paul;;;;
3402;Diwiak, Irene;;;;
3403;Dix, Nelly;;;;
3404;Djaschi, Ursula Maria;;;;
3405;Djizmedjian, Marc;;;;
3406;Do, Huy;;;;
3407;Dobat, Sigrid;;;;
3408;Dobbertin, Britta;;;;
3409;Doberenz, Reinhard;;;;
3410;Dobesch, Annette;;;;
3411;Dobler, Franz;;;;
3412;Dobler, Harald;;;;
3413;Dobler, Shanice;;;;
3414;Dobrick, Katharina;;;;
3415;Dobrovolny-Mühlenbach, Petra M.;;;;
3416;Dobry, Alexander;;;;
3417;Dobschütz, Ulrich von;;;;
3418;Doctorow, Cory;;;;
3419;Doderer, Heimito von;;;;
3420;Doe, Jane;lilBseach;weiblich;;
3421;Doe, John;;;;
3422;Doege, Ralph;;;;
3423;Doehlemann, Martin;;;;
3424;Doehring, Hajo;;;;
3425;Doenitz, Fritz-Dieter;;;;
3426;Doepner, Peter;;;;
3427;Doerfer, Gerhard;;;;
3428;Doering, Bodo;;;;
3429;Doerk, Chris;;;;
3430;Doeve, Heike;;;;
3431;Dogan, Jutta;;;;
3432;Dogan, Neslihan;;;;
3433;Dohlenburg, Dahlia von;;;;
3434;Dohmen, Daggi;;;;
3435;Dohmen, Marita;;;;
3436;Dohner, Max;;;;
3437;Dohrmann, Johannes;;;;
3438;Dohrn, Verena;;;;
3439;Dolatta, Anja;;;;
3440;Dold, Helmut;;;;
3441;Dolezel, Adi;;;;
3442;Doll, Manfred;;;;
3443;Dollinger, Michael;;;;
3444;Dolp-Bucher, Fred;;;;
3445;Dombach, Roselinde;;;;
3446;Dombrowski, Fabian;;;;
3447;Dombrowski, Ute;;;;
3448;Domeisen, Natascha;Alana 19;weiblich;32;
3449;Domin, Hilde;;;;
3450;Domin, Marc;;;;
3451;Domingos, Guilherme;;;;
3452;Domke, Agnes;;;;
3453;Domke, Sigi;;;;
3454;Domma, Wolfgang;;;;
3455;Dommer, Elisabeth;;;;
3456;Don, Sara;Saralamystic;weiblich;24;
3457;Donata, Gilda;;;;
3458;Donath, Andrea;;;;
3459;Donhauser, Michael;;;;
3460;Donner, Andrea;;;;
3461;Donner, Florian;;;;
3462;Donner, Maria;;;;
3463;Doobe, Birgit;;;;
3464;Doorn, Ulrik van;;;;
3465;Dopatka, Renate;;;;
3466;Doplbauer, Gerold;;;;
3467;Doppelname :), Melinde :);Melinde;weiblich;;
3468;Dor, Maggy;;;;
3469;Dora, Helmut;;;;
3470;Dorati, Marco;;;;
3471;Dorb, Anna;;;;
3472;Dorenkamp, Julia;;;;
3473;Dorfmeister, Ingrid;;;;
3474;Dorfmüller, Margit;;;;
3475;Dorka, Claudia;;;;
3476;Dormagen, Adelheid;;;;
3477;Dormagen, Christel;;;;
3478;Dormann, Louisa;;;;
3479;Dorn, Alexandra;;;;
3480;Dorn, Christine;;;;
3481;Dorn, Medea;Nathaira;weiblich;28;
3482;Dorn, Miriam;;;;
3483;Dorn, Regina;;;;
3484;Dornbierer, Dagmar;;;;
3485;Dornbusch, Lukas;Lukas Dornbusch;;27;
3486;Dornemann, Axel;;;;
3487;Dornheim, Jutta;;;;
3488;Dornuf, Margrit;;;;
3489;Dorothee Elmiger;;;;
3490;Dorsch, John W.;;;;
3491;Dorsen, T.S.;;;;
3492;Dosch, Markus;;;;
3493;Dossier, Ursula;;;;
3494;Dossmann, Ernst;;;;
3495;Dossmann-Vette, Annette;;;;
3496;Dost, Hans-Jörg;;;;
3497;Dostal, Michelle;;;;
3498;Dotzauer, Jenny;;;;
3499;Douglas, Edward;;;;
3500;Doumit, Amin;;;;
3501;Doussemer, Doris Carla;;;;
3502;Dovni, Luca;;;;
3503;Dowson, Ernest Christopher;;;;
3504;Doyle, Arthur Conan;;;;
3505;Doğan, Aşkın-Hayat;;;;
3506;Draab, Hermann;;;;
3507;Drabe, Peter;;;;
3508;Draber, Matthias;;;;
3509;Drabo, Clément;;;;
3510;Drach, Albert;;;;
3511;Drache, Helga F.;;;;
3512;Drachenberg, Margarete;;;;
3513;Drachmann, Holger;;;;
3514;Draeger, Heinz;;;;
3515;Draesner, Ulrike;;;;
3516;Draga, Manfred;;;;
3517;Draghincescu, Rodica;;;;
3518;Dragnić, Nataša;;;;
3519;Dragoneel, Cid;ciddragoneel;;35;
3520;Dragosits, Martin;;;;
3521;Draht, Sven;;;;
3522;Draken, Mira;;;;
3523;Draksal, Michael;;;;
3524;Dral, Cathe;;;;
3525;Drawert, Kurt;;;;
3526;Draxler, Marieluise;;;;
3527;Drea;;;;
3528;Dream, Sunday;SundayDreamsStories;divers;;
3529;Dreamer, Little;Lil Dreamer;;;
3530;Dreams, Misha;SunsetDreams;weiblich;25;https://www.deviantart.com/outsiderdreams
3531;Drechsler, Gabriele;;;;
3532;Dreer, Ari;;;;
3533;Drees, Alfred;;;;
3534;Drees, Margret;;;;
3535;Dreher, Helga;;;;
3536;Drehmann, Jürgen;;;;
3537;Dreier, Anja;;;;
3538;Dreier, Helmut;;;;
3539;Dreier, Sophia;;;;
3540;Dreisbach, Elisabeth;;;;
3541;Dreisbach, Elvira;;;;
3542;Dreist, Nina;;;;
3543;Dres, Sarah;;;;
3544;Drescher, Andreas H.;;;;
3545;Drescher, Angela;;;;
3546;Drescher, Henning H.;;;;
3547;Drescher, Mirko;;;;
3548;Drescher, Sonja-Maria;;;;
3549;Dresen, Andreas;;;;
3550;Dresing, Kerstin;;;;
3551;Dressel, Annette;;;;
3552;Dressel, Ingrid;;;;
3553;Drewes, Stephan;Faust;männlich;;
3554;Drewing, Ingrid Herta;;;;
3555;Drewitz, Ira;;;;
3556;Drews, Chris;;;;
3557;Drews, Gabriele;;;;
3558;Drews, Jürgen;;;;
3559;Drews, Sarah;;;;
3560;Drexler, Toni;;;;
3561;Dreyer, Britta;;;;
3562;Dreyer, Jona;;;;
3563;Dreyer, Sven-André;;;;
3564;Dreßler, Saskia;;;;
3565;Driessen, Jan;;;;
3566;Drische, Kali;;;;
3567;Driver, Oliver;;;;
3568;Drolshagen, Ebba D.;;;;
3569;Dronke, Ernst;;;;
3570;Droop, Fritz;;;;
3571;Drop, Time;oldi;weiblich;33;http://moechtegernschriftstellerin.wordpress.com/
3572;Drosta, Ines;;;;
3573;Droste, Georg;;;;
3574;Droste, Wiglaf;;;;
3575;Droste-Hülshoff, Annette von;;;;
3576;Droullier, Jacqueline V.;;;;
3577;Drube, Yves;;;;
3578;Drumbl, Elisabeth;;;;
3579;Drummond, Emily;;;;
3580;Druschba, Natascha N.;;;;
3581;Drushinin, Max;;;;
3582;Dröschel, Thomas;;;;
3583;Dröscher, Daniela;;;;
3584;Dröttboom, Lisa;;;;
3585;Du Pré, Corinne;;;;
3586;Dubach, Margaretha;;;;
3587;Dubach, Nora;;;;
3588;Dubs, Rudolf;;;;
3589;Duck, Werner;;;;
3590;Duckheim, Gerda;;;;
3591;Ducks, Anne-Marie;;;;
3592;Dudek, Alina;;;;
3593;Dudenhöffer, Gerd;;;;
3594;Dudov, Alexandra Luise;;;;
3595;Dufour, P. S.;;;;
3596;Dujmovits, Walter;;;;
3597;Duken, Kerstin;;;;
3598;Dukor, Steffi;;;;
3599;Dulacre & Souma, Talila & Suzuna;Ishi;weiblich;12;
3600;Duller, Liesbeth;;;;
3601;Duller, Lisbeth;;;;
3602;Dumas d.Ä., Alexandre;;;;
3603;Dumas, Alexandre;;;;
3604;Dumbledore, Albus;Albus Dumbledore;weiblich;;
3605;Dummann, Anke;;;;
3606;Duncan, June F.;;;;
3607;Duncan, Michelle K.;Michelle K Duncan;weiblich;30;http://www.michellekduncan.de
3608;Dungen, Norbert von;;;;
3609;Dunja, Madeleine;;;;
3610;Dunkel, Michael;;;;
3611;Dunkelbunt, Regentag;Regentag Dunkelbunt;männlich;;
3612;Dunkl, Gerald;;;;
3613;Dunkler Schatten, Schattenpfad;Dark Hearts;weiblich;;
3614;Dunn, Christian;;;;
3615;Dunsch, Peter;;;;
3616;Duong, Sunny Phi;kohakuhime;weiblich;30;
3617;Dupien, Constantin;;;;
3618;Dupke, Siegbert;;;;
3619;Dupré, Anja;;;;
3620;Durmaz, Meryem;;;;
3621;Durrani, Katharina;;;;
3622;Durst, Uwe;;;;
3623;Dury, Andreas;;;;
3624;Durzak, Manfred;;;;
3625;Duschl, Corinna J.;;;;
3626;Dusil, Dagmar;;;;
3627;Dust, Karin;;;;
3628;Dutz, Veronika M.;;;;
3629;Dutzler, Martina;;;;
3630;Duvanel, Adelheid;;;;
3631;Duwald, Frank;;;;
3632;Dvoracek-Iby, Claudia;;;;
3633;Dwars, Jens-Fietje;;;;
3634;Dworak, Ewald;;;;
3635;Dyes, Bettina;;;;
3636;Dylus, Klaus;;;;
3637;Dyrlich, Benedikt;;;;
3638;Dziewas, Dorothee;;;;
3639;Dzjuba, Sergey;;;;
3640;D´Or, Felicity;;;;
3641;Dächer, Eveline;;;;
3642;Dälken, Ella;;;;
3643;Däullary, Christian;;;;
3644;Döbert, Marion;;;;
3645;Döbler, Kirsten;;;;
3646;Döblitz, Bettina;;;;
3647;Döch, Volker;;;;
3648;Döhling, Nicole;;;;
3649;Döhling, Rainer;;;;
3650;Döhner, Wolf;;;;
3651;Döker, Judith;;;;
3652;Dölker, Barbara;;;;
3653;Döll, Alexandra;;;;
3654;Dölle, Christine;;;;
3655;Döllekes, Oskar;;;;
3656;Dölling, Andreas;;;;
3657;Dönhoff, Friedrich;;;;
3658;Dönicke, Clara;;;;
3659;Dörfel, Stephan;;;;
3660;Dörfler, Joana;;;;
3661;Dörge, Christian;;;;
3662;Döring, Andreas;;;;
3663;Döring, Barbara;;;;
3664;Döring, Bianca;;;;
3665;Döring, Christian;;;;
3666;Döring, Gerda;;;;
3667;Döring, Hans;;;;
3668;Döring, Marlies;;;;
3669;Döring, Petra;;;;
3670;Döring, Rolf;;;;
3671;Döring, Volkmar;;;;
3672;Dörmann, Nina;;;;
3673;Dörmann, Regina;;;;
3674;Dörner, Dagmar;;;;
3675;Dörner, Gerhard;;;;
3676;Dörner, Julia;;;;
3677;Dörp, Thorsten;;;;
3678;Dörr, Andreas;;;;
3679;Dörrhöfer, Esther;;;;
3680;Dörrie, Doris;;;;
3681;Dörschel, Gertraud;;;;
3682;Dörsing, Stefan;;;;
3683;Dückers, Tanja;;;;
3684;Dühr, Karina;;;;
3685;Dülberg, Thomas;;;;
3686;Dümchen, Jürgen;;;;
3687;Dümpelfeld, Laura;;;;
3688;Dündar, Özlem Özgül;;;;
3689;Düperthal, Helene;;;;
3690;Dür, Mily;;;;
3691;Düringer, Gabriela;;;;
3692;Dürr, Anni;;;;
3693;Dürr, Lore;;;;
3694;Dürr, Natalie;;;;
3695;Dürre, Steffen;;;;
3696;Dürrenmatt, Friedrich;;;;
3697;Düthorn, Michael;;;;
3698;Dütsch, Elisabeth;;;;
3699;Dütsch, Eva-Maria;;;;
3700;Dākuraito, Quina;Quina Dakuraito;weiblich;;http://lostprincessquina.tumblr.com/
3701;D’Oro, Marina;;;;
3702;E.-E., Marc-Alastor;;;;
3703;Eason, Rohan Daniel;;;;
3704;Eastman, Benjamin L.;;;;
3705;Eaux-Nîme, Ann;Ann Eaux-Nime;;32;
3706;Ebbert, Birgit;;;;
3707;Ebbertz, Martin;;;;
3708;Ebel, Alexander;;;;
3709;Ebeling, Angelika;;;;
3710;Ebelt, Heike;;;;
3711;Ebenholz, Nianna;Ebony;weiblich;35;
3712;Eberle, Christoph S.;;;;
3713;Eberlein, Klaus;;;;
3714;Eberlein, Undine;;;;
3715;Eberli, Céline;;;;
3716;Ebersbach, Brigitte;;;;
3717;Ebersbach, Markus;;;;
3718;Ebersbach, Volker;;;;
3719;Ebert, Monika;;;;
3720;Ebert, Philine;;;;
3721;Ebertin, Elsbeth;;;;
3722;Ebertz, Dagmar;;;;
3723;Eberwein, Detlef;;;;
3724;Ebner, Elfi;;;;
3725;Ebner, Helmut;;;;
3726;Ebner, Klaus;;;;
3727;Ebner, Marianne;;;;
3728;Ebrahimi, Nava;;;;
3729;Echerer, Mercedes;;;;
3730;Eckardt, Gudrun;;;;
3731;Eckart, Gabriele;;;;
3732;Ecke, Klaus R.;;;;
3733;Eckel, Josef W.;;;;
3734;Eckel, Stephan;;;;
3735;Eckelt, Wolfgang K.;;;;
3736;Eckenga, Fritz;;;;
3737;Ecker, Alexandra;;;;
3738;Ecker, Christopher;;;;
3739;Ecker, Erwin;;;;
3740;Ecker, Harald;;;;
3741;Ecker, Magdalena;;;;
3742;Eckerlin, Uta;;;;
3743;Eckersdorfer, Manuela;;;;
3744;Eckert, Britta;;;;
3745;Eckert, Gerhard;;;;
3746;Eckert, Horst;;;;
3747;Eckert, Jacqueline F.;;;;
3748;Eckert, Nora;;;;
3749;Eckl, Christian;;;;
3750;Eckl, Helmut;;;;
3751;Eckmann, Kirsten;;;;
3752;Eckoldt, Matthias;;;;
3753;Eckrich, Martin;;;;
3754;Eckstein, Angelique;;;;
3755;Eckstein, Awad;;;;
3756;Eckstein, Jutta;;;;
3757;Eckstein, Markus;;;;
3758;Eco, Umberto;;;;
3759;Ecrire, Bina;;;;
3760;Edel, Kristina;;;;
3761;Edel, Lucas;;;;
3762;Edelbauer, Raphaela;;;;
3763;Edelberg, Simone;;;;
3764;Edelbrock, Michael;;;;
3765;Edelkraut, Frank;;;;
3766;Edelmann, Barbara;;;;
3767;Edelmann, Gitta;;;;
3768;Edelmann, Laura Christina;;;;
3769;Edelmann-Amrhein, Ruth;;;;
3770;Eden, Farina;;;;
3771;Edenhofer, Ralph;;;;
3772;Eder, Alfons;;;;
3773;Eder, Anselm;;;;
3774;Eder, Barbara;;;;
3775;Eder, Eleonore;;;;
3776;Eder, Eva-Maria;;;;
3777;Eder, Franz;;;;
3778;Eder, Gregor;;;;
3779;Eder, Nicole;Alina00711;weiblich;21;
3780;Edina, Sophie;AlocadaWho;divers;;https://www.instagram.com/sophie_edina/
3781;Edinburgh, Cambridge;MemphisMarseille;;23;
3782;Edler, Eddi;;;;
3783;Edler, Sylvia;;;;
3784;Edogawa, Menma;Menma Edogawa;weiblich;27;
3785;Educ, Gerhard;;;;
3786;Edvardsen, Erik;;;;
3787;Edwardson, Åke;;;;
3788;Edwins, Nova;;;;
3789;Effenberg, Petra;;;;
3790;Effenhauser, Sigrid;;;;
3791;Effenhauser, Ulrich;;;;
3792;Eftekhar, Shokoufeh;;;;
3793;Egdorf, Claudia;;;;
3794;Egeler, Matthias;;;;
3795;Egeler, Stefan;;;;
3796;Egelhof, Gerd;;;;
3797;Egerland, Benjamin;;;;
3798;Egersdörfer, Matthias;;;;
3799;Egg, Burgitta;;;;
3800;Eggenberger, Peter;;;;
3801;Eggenberger, Silvia;;;;
3802;Eggenweber, Stefan-Manuel;;;;
3803;Egger, Christian;;;;
3804;Egger, Regina W.;;;;
3805;Egger, René;;;;
3806;Egger, Trude;;;;
3807;Eggers, Maria;;;;
3808;Eggerschwiler, Heidi R.;;;;
3809;Eggert, Sylvia;;;;
3810;Egli, Nina C.;;;;
3811;Eglin-Weidmann, Alfred;;;;
3812;Eglseer, Jürgen;;;;
3813;Eglund, H. S.;;;;
3814;Egner, Eugen;;;;
3815;Ego, Andrea;;;;
3816;Egyptien, Jürgen;;;;
3817;Ehgartner, Hans;;;;
3818;Ehl, Karin;;;;
3819;Ehlers, Jürgen;;;;
3820;Ehlers, Marianne;;;;
3821;Ehlers, Sonja;;;;
3822;Ehlers, Thorsten;;;;
3823;Ehlert, Christel;;;;
3824;Ehlert, Günther;;;;
3825;Ehlert, Nils;;;;
3826;Ehlert, Peter;;;;
3827;Ehlert, Sasha;;;;
3828;Ehlert, Welta;;;;
3829;Ehlert, Werner;;;;
3830;Ehme, Eika;;;;
3831;Ehmer, Jana;;;;
3832;Ehrenreich, Elisabeth;;;;
3833;Ehrensberger, Viviane;;;;
3834;Ehrentraut, Waltraud;;;;
3835;Ehret, Tobias;;;;
3836;Ehrich, Margot;;;;
3837;Ehrig, Katalin;;;;
3838;Ehrismann, Otfrid;;;;
3839;Ehrismann, Walter;;;;
3840;Ehrke, Ilona;;;;
3841;Ehrlich, Nancy;;;;
3842;Ehrlich, Roman;;;;
3843;Ehrnsberger, Jörg;;;;
3844;Ehrt, Barbara;;;;
3845;Ehrt, Rainer;;;;
3846;Eich, Günter;;;;
3847;Eich, Raimund;;;;
3848;Eichel, Sophie;;;;
3849;Eichelberg, Sascha;;;;
3850;Eichenbach, Anna;;;;
3851;Eichendorff, Joseph von;;;;
3852;Eicher, Thomas;;;;
3853;Eichfeld, Roman;Masterplaner42;;25;
3854;Eichhorn, Ariane;;;;
3855;Eichhorn, Hans;;;;
3856;Eichhorst-Ens, Natalie;;;;
3857;Eichiner, Theresa;;;;
3858;Eichinger, Anna;;;;
3859;Eichinger, Rene;;;;
3860;Eichler, Birgit;;;;
3861;Eichler, Luise;;;;
3862;Eichner, Cornelia;;;;
3863;Eichner, Karsten;;;;
3864;Eichtinger, Martin;;;;
3865;Eichweber, Günther;;;;
3866;Eick, Nicole;;;;
3867;Eickenberg, Renate;;;;
3868;Eidel, Ida;;;;
3869;Eidenhardt-Ach, Renate Irina;;;;
3870;Eidherr, Armin;;;;
3871;Eifert, Marlies;;;;
3872;Eifler, Irene;;;;
3873;Eighteen, Hanne;;;;
3874;Eighteen, Ray;;;;
3875;Eigner, Herbert;;;;
3876;Eijking, Jan;;;;
3877;Eik, Jan;;;;
3878;Eiler, Friedlieb;;;;
3879;Eilers, Reimer Boy;;;;
3880;Eimermacher, Hans Heinz;;;;
3881;EinVogel, ..;MaChan;weiblich;26;
3882;Einbildung, Alles eine;Milia-Roxanna;weiblich;15;
3883;Einfeld, Heiner von;;;;
3884;Einhornbabychen, Schnuffelpuff;Dhaylia;weiblich;24;
3885;Einig, Cindy;;;;
3886;Einstein, Carl;;;;
3887;Einstein, Frederick;;;;
3888;Eisel, Jens;;;;
3889;Eisel, Ulrike;;;;
3890;Eisele, Julia;;;;
3891;Eisele, Martina;;;;
3892;Eisele, Raoul;;;;
3893;Eisele, Susanne;;;;
3894;Eisenherz2015;;;;
3895;Eisenhut, Heidi;;;;
3896;Eisenkirchner, Paul;;;;
3897;Eisenprobst, Klaus;;;;
3898;Eisenreich, Herbert;;;;
3899;Eisenstein, Tom;;;;
3900;Eisenwort, Gregor;;;;
3901;Eisert, Heinz;;;;
3902;Eisfeld, Gerhard;;;;
3903;Eisfeldt, Carla;;;;
3904;Eisinger, Claudia;;;;
3905;Eisklotz, Beweglicher;LyonIsMyName;männlich;23;http://schimmerherz.hat-gar-keine-homepage.de/
3906;Eismann, Frieder;;;;
3907;Eismann, Sigrid Katharina;;;;
3908;Eismann, Sonja;;;;
3909;Eisner, Gaby;;;;
3910;Eisner, Katrin;;;;
3911;Eisner, Wladimir;;;;
3912;Eister, M.;;;;
3913;Eitel, Renate;;;;
3914;Eitelberg, Dagmar;;;;
3915;Ekaas, Trebron;;;;
3916;Ekama, André;;;;
3917;Ekert-Rotholz, Alice;;;;
3918;El Amouri, Soufiane;;;;
3919;El Komy, Wagdy;;;;
3920;El Kurdi, Hartmut;;;;
3921;El-Bahay, Akram;;;;
3922;El-Maawi, Samira;;;;
3923;Elaine, Rebecca;;;;
3924;Elalamy, Youssouf Amine;;;;
3925;Elan, Schreib;;;;
3926;Elbracht, Ina;;;;
3927;Elbrecht, Mike;;;;
3928;Elbwood, Ryan;;;;
3929;Elchabdecken, Achim;;;;
3930;Eldorado;;;;
3931;Elena;;;;
3932;Elena, Mona-Elena;;;;
3933;Elenya, Marithália;MJ Lawliet;weiblich;27;
3934;Elfenbein, Heide;;;;
3935;Elfers, Achim;;;;
3936;Elfköpfigeraupe, Yersinia;Sternenwandlerin;weiblich;25;https://www.fanfiktion.de/u/Meereskinder
3937;Elflein, Michael;;;;
3938;Elfman, Fiona Flora;;;;
3939;Elgaß, Peter;;;;
3940;Elias-Kreiner, Gabriele;;;;
3941;Eliasch, Herbert;;;;
3942;Elijah, Gabriel;;;;
3943;Elin, Tara;;;;
3944;Eliskases, Maria;;;;
3945;Elle, Manu;;;;
3946;Ellen Balsewitsch-Oldach, Ellen;;;;
3947;Eller van Ligten, Lisbeth;;;;
3948;Ellert-Richter, Marita;;;;
3949;Ellmauer, Wolfgang;;;;
3950;Ellmenreich, Renate;;;;
3951;Ellmer, Arndt;;;;
3952;Elmiger, Dorothee;;;;
3953;Elsholz, Simon;;;;
3954;Elsie, Eye;;;;
3955;Elsinger, Ingrid;;;;
3956;Elsinger, Tamara;;;;
3957;Elsner, Anke;;;;
3958;Elsner, Gisela;;;;
3959;Elste, Ulrich;;;;
3960;Elster, Andrea;;;;
3961;Elster, Anton;;;;
3962;Elstermann, Annika;;;;
3963;Elstner, Matthias;;;;
3964;Elsässer, Lisa;;;;
3965;Elsässer, Regine;;;;
3966;Elter, Natalie;Natalie Elter;weiblich;42;http://www.bookrix.de/-melville.lancaster/
3967;Elterlein, Georg;;;;
3968;Elting, Frederik;;;;
3969;Eltit, Diamela;;;;
3970;Eltz-Hoffmann, Lieselotte von;;;;
3971;Elzenbaum, Margit von;;;;
3972;Em Huisken;;;;
3973;Embacher, Petra;;;;
3974;Emerald, Kaiden;;;;
3975;Emig-Herchen, Dörthe;;;;
3976;Emir;;;;
3977;Emler, Diana;;;;
3978;Emling, David;;;;
3979;Emmerich, Günter;;;;
3980;Emmerlich, Gunther;;;;
3981;Emmerling, Christina;;;;
3982;Emmert, Angelika;;;;
3983;Empl, Thomas;;;;
3984;Emrath, Deborah;;;;
3985;Emrich, P. A.;;;;
3986;Ems, T.B.;;;;
3987;Ende, Manfred;;;;
3988;Ende, Michael;;;;
3989;Endemann, Stefanie;;;;
3990;Ender, Klaus;;;;
3991;Enderle, Manfred;;;;
3992;Enderlein, Anne;;;;
3993;Enders, Lothar;;;;
3994;Enders, Marielle;;;;
3995;Endler, Karin;;;;
3996;Endler, Konrad;;;;
3997;Endlich, Ena;Ena Endlich;weiblich;;
3998;Endres, Christian;;;;
3999;Endres, Klaus;;;;
4000;Endres, Werner;;;;
4001;Engbarth, Gerhard;;;;
4002;Engbers, Nicole;;;;
4003;Engebretsen, Claudia;;;;
4004;Engel, Andreas;;;;
4005;Engel, Andreas V.;;;;
4006;Engel, Angelika;;;;
4007;Engel, Anna-Marita;;;;
4008;Engel, Enno;;;;
4009;Engel, Evamaria;;;;
4010;Engel, Frank;;;;
4011;Engel, Karin;;;;
4012;Engel, Katharina;;;;
4013;Engel, Lucy;;;;
4014;Engel, Marcell;;;;
4015;Engel, Nadine;;;;
4016;Engel, Peter;;;;
4017;Engel, Renée;;;;
4018;Engel, Ursula;;;;
4019;Engel, White;White Engel;weiblich;26;https://www.youtube.com/channel/UCkBMghxfg3Z2j-_lJDjuqzg
4020;Engel-Braunschmidt, Annelore;;;;
4021;Engelbrecht, Ulli;;;;
4022;Engelhardt, Albert;;;;
4023;Engelhardt, Elisabeth;;;;
4024;Engelhardt, Jana;;;;
4025;Engelhorn, Marlene;;;;
4026;Engelke, Kai;;;;
4027;Engelken, Christian;;;;
4028;Engelmann, Andreas;;;;
4029;Engelmann, Anke;;;;
4030;Engelmann, Edit;;;;
4031;Engelmann, Gabriella;;;;
4032;Engelmann, Ralph;;;;
4033;Engelmann, Traude;;;;
4034;Engels, Jana;;;;
4035;Engels, Luzie;;;;
4036;Engert, Jonathan;;;;
4037;Engert, Steph;;;;
4038;Engesser, Renate;;;;
4039;Engin-Deniz, Helga;;;;
4040;England, G. A.;;;;
4041;Engler, Leon;;;;
4042;Engler, Michael;;;;
4043;Engler, Stephanie;;;;
4044;Englert, Traute;;;;
4045;Englmeier, Hildegard;;;;
4046;Engmann, Birk;;;;
4047;Ennemoser, Albert;;;;
4048;Ens, Hermann;;;;
4049;Enslin, Walter;;;;
4050;Entchen, Kleines;KleinesEntchen;;;
4051;Entz, Elke;;;;
4052;Entz, Linda;;;;
4053;Enzenberg, Carina von;;;;
4054;Enzensberger, Hans Magnus;;;;
4055;Enzensberger, Theresia;;;;
4056;Ené, Roxana;;;;
4057;Epp, Niklaus;;;;
4058;Eppinger, Michael;;;;
4059;Epple, Isabel;;;;
4060;Equiamicus, Nicolaus;;;;
4061;Erat, Ruth;;;;
4062;Erb, Andreas;;;;
4063;Erb, Roland;;;;
4064;Erb, Tanja;;;;
4065;Erbach, Michael;;;;
4066;Erbe, Egbert V. F.;;;;
4067;Erbler, Gertrud;;;;
4068;Erbring, Wolfgang;;;;
4069;Erckmann-Chatrian;;;;
4070;Erdbeer, Angelika;;;;
4071;Erdelen, Volker;;;;
4072;Erden, Lisett;;;;
4073;Erdic, Christine;;;;
4074;Erdmann, Andreas;;;;
4075;Erdmann, Barbara;;;;
4076;Erdmann, Christian M.;;;;
4077;Erdmann, Jürgen;;;;
4078;Erdmann, Nadine;;;;
4079;Erdmann, Siegfried;;;;
4080;Erdmann-Degenhardt, Antje;;;;
4081;Erepheus;;;;
4082;Erfolgreich, Dirk;;;;
4083;Ergang, Gesina;;;;
4084;Erge, Elli;;;;
4085;Erhardt, Heinz;;;;
4086;Erichsen, Inka;;;;
4087;Erie, Lilienne;;;;
4088;Erikson, Katelyn;;;;
4089;Erk, Tom;;;;
4090;Erl, Martin;;;;
4091;Erlay, David;;;;
4092;Erle, Michael;;;;
4093;Erlenwein, Peter;;;;
4094;Erler, Rainer;;;;
4095;Erler, Rosa;;;;
4096;Ermel, Gisela;;;;
4097;Erni, Anton Heinrich;;;;
4098;Erni, Peter;;;;
4099;Ernst, Alexander;;;;
4100;Ernst, Andreas;;;;
4101;Ernst, Bernd;;;;
4102;Ernst, Christoph;;;;
4103;Ernst, Gisela;;;;
4104;Ernst, Gustav;;;;
4105;Ernst, Hans;;;;
4106;Ernst, Joseph Felix;;;;
4107;Ernst, Paul;;;;
4108;Ernting, Bernd V.;;;;
4109;Erofeev, Viktor;;;;
4110;Erpenbeck, Charlotte;;;;
4111;Erpenbeck, Jenny;;;;
4112;Erren, Richard;;;;
4113;Erretkamps, Heinz;;;;
4114;Error 404, Diana;DianaUnkreative;weiblich;22;
4115;Ertl, Clemens;;;;
4116;Ertle, Peter;;;;
4117;Ertlov, Ivan;;;;
4118;Ertmer, Cornelia;;;;
4119;Erwin, Markus;;;;
4120;Ery, Rev;Revery;;;https://www.facebook.com/TomReven/
4121;Esbardo, Emilio;;;;
4122;Esch, Elisabeth;;;;
4123;Eschauer, Heinrich;;;;
4124;Eschbach, Andreas;;;;
4125;Esche, Frank;;;;
4126;Eschen, T. H.;;;;
4127;Eschen, Tom H.;;;;
4128;Eschenfelder, Christian Veit;;;;
4129;Escher, Inge;;;;
4130;Eschke, R.;;;;
4131;Eschlbeck, Roland;;;;
4132;Eschlbeck, Sven;;;;
4133;Eschment, Nadine;;;;
4134;Eschweiler, Gabriele;;;;
4135;Espek, Slaven;;;;
4136;Espelage, Werner;;;;
4137;Essa, Nahed al;;;;
4138;Esselborn, Hans;;;;
4139;Esselborn-Krumbiegel, Helga;;;;
4140;Essenwanger, Charly;;;;
4141;Essenwein, Peter;;;;
4142;Esser, Dieter;;;;
4143;Esser, Rolf;;;;
4144;Esser, Sabine;;;;
4145;Essig, Rolf-Bernhard;;;;
4146;Estenfeld-Kropp, Christa;;;;
4147;Estep, Jennifer;;;;
4148;Esterluß, Klaus;;;;
4149;Estis, Alexander;;;;
4150;Etgeton, Stefan;;;;
4151;Etolsch, Noiram;;;;
4152;Ettl, Peter Jeremy;;;;
4153;Etz, Elisabeth;;;;
4154;Etzel, Gisela;;;;
4155;Etzkorn, Oliver;;;;
4156;Eugorisse-Urban, Susanne;;;;
4157;Eurydike;;;;
4158;Euteneuer, Pia;;;;
4159;Euteneuer, Thomas;;;;
4160;Eva Brune, Eva;;;;
4161;Eva-Lisa;;;;
4162;Evang-Lorenz, Holger;;;;
4163;Evans, Cristina;;;;
4164;Evans, Daphne;;;;
4165;Evans, Jeany;JeanyEvans;;;
4166;Evelyne, Severing;;;;
4167;Evers, Horst;;;;
4168;Eversberg, Gerd;;;;
4169;Everts, Evert;;;;
4170;Evju, Kristian;;;;
4171;Ewald, Carl;;;;
4172;Ewald, Elke;;;;
4173;Ewald, Thekla;;;;
4174;Ewering, Peter;;;;
4175;Ewering, Petra;;;;
4176;Ewers, Hanns Heinz;;;;
4177;Ewers-Wunderwald, Ilna;;;;
4178;Ewilan, Svea;miep miep;weiblich;24;
4179;Excell, Wingfighter;WingFighterX;;;
4180;Exner, Bastian;;;;
4181;Exner, Helmut;;;;
4182;Exner, Katrin;;;;
4183;Exter, Torsten;;;;
4184;Eyb-Green, Sigrid;;;;
4185;Eybl, Doris;;;;
4186;Eycken, Fritz van;;;;
4187;Eydt, Christoph;;;;
4188;Eyer, Nicolas;;;;
4189;Eyes, Quecksilver;Quecksilver Eyes;divers;26;
4190;Eßer, Angela;;;;
4191;Eßer, Paul;;;;
4192;Ešić, Šimo;;;;
4193;F, Felix;;;;
4194;F., Gina;;;;
4195;F......., Tom;Cyberclaw;männlich;28;
4196;FONDUE, erdbeerchen;erdbeerfondue;weiblich;;
4197;Faber, Andreas;;;;
4198;Faber, Elmar;;;;
4199;Faber, Felix;;;;
4200;Faber, Laura;;;;
4201;Faber, Peter;;;;
4202;Faber, Sarah;;;;
4203;Fabian, Wolfgang;;;;
4204;Fabian, Wolfgang H.O.;;;;
4205;Fabich, Birgit;;;;
4206;Fabra, Nilo María;;;;
4207;Fabricius, Benno;;;;
4208;Fabsits, Miriam;;;;
4209;Fabula, Juliana;;;;
4210;Fabula, Luna;;;;
4211;Fach, Kolja;;;;
4212;Fadel, Emil;;;;
4213;Faes, Urs;;;;
4214;Fahlbusch, Christian;;;;
4215;Fahlbusch, Jürgen;;;;
4216;Fahlenbock, Rosemarie;;;;
4217;Fahn, Oliver;;;;
4218;Fahr, Hans Georg;;;;
4219;Fahrenbach, Roland Alexander;alexweltenwandler;männlich;31;
4220;Fahrenkamp, Monika;;;;
4221;Fahrnholz, Herbert;;;;
4222;Fair x33, Zack oder L xD;Punkcess;weiblich;30;
4223;Fairman, Paul W.;;;;
4224;FairyScript;;;;
4225;Faistauer, Max;;;;
4226;Faith, Katelyn;;;;
4227;Fakier, Noah;;;;
4228;Fakin, Bernhard;;;;
4229;Falaki, Mahmood;;;;
4230;Falakī, Maḥmūd;;;;
4231;Faldbakken, Matias;;;;
4232;Falk, Cara;;;;
4233;Falk, Gerhard;;;;
4234;Falk, Rita;;;;
4235;Falk, Susanne;;;;
4236;Falke, Matthias;;;;
4237;Falke, Tino;;;;
4238;Falkenhagen, Lena;;;;
4239;Falkenstein, Pit;;;;
4240;Fallada, Hans;;;;
4241;Fallbacher, Karl-Heinz;;;;
4242;Fallosch, Astrid;;;;
4243;Fallwickl, Mareike;;;;
4244;Falscher, Felix;FalscherFeliX;männlich;32;
4245;Falter, Hans-Günter;;;;
4246;Faltin, Fabian;;;;
4247;Faltings, Volkert F.;;;;
4248;Fang, Ooling;Ooling Fang;weiblich;30;
4249;Fang, Vera;Vera Fang;weiblich;;
4250;Fangauf, Henning;;;;
4251;Fanger, Erna R. &. Hartmut;;;;
4252;Fanny, Fannyslittleplanet;Fannylittleplanet;weiblich;25;
4253;Fansa, Mamoun;;;;
4254;Fanton, Hilarius;;;;
4255;Farkasch, Isabella;;;;
4256;Farkasova, Etela;;;;
4257;Farken, Celina;;;;
4258;Farley, Jamie L.;;;;
4259;Faro, Marlene;;;;
4260;Farr, Karl;;;;
4261;Fasig, Heidi;;;;
4262;Fassl, Peter;;;;
4263;Fast, Naemi;;;;
4264;Fatah, Sherko;;;;
4265;Fatal, Falk;;;;
4266;Faunus, Luga;;;;
4267;Fauser, Jörg;;;;
4268;Faust, Eric Jan;;;;
4269;Faust, Helen;;;;
4270;Faust, Peter;;;;
4271;Fauth-Nothdurft, Alexandra;;;;
4272;Faye, Helena;;;;
4273;Faye, Neela;;;;
4274;Fayne, Tiffany;Tiffany Fayne;weiblich;28;https://www.facebook.com/Blaubeerpoesie
4275;Fazal-Baqaie, Masud;;;;
4276;Faß, Dirk;;;;
4277;Faß, Julia;;;;
4278;Faßhauer, Katja;;;;
4279;Fc Bayern, Sunny;sunny-Shaqiri;weiblich;28;
4280;Feather, Ameliana Jocelynn;ameliana;weiblich;33;
4281;Featherkey, Tsubaki;Tsubaki;weiblich;;
4282;Febel, Reinhard;;;;
4283;Fechner, Christa Maria;;;;
4284;Fechner-Sabo, Sigrid;;;;
4285;Fedder, Marga;;;;
4286;Feddersen, Peter;;;;
4287;Feder, Annette;;;;
4288;Feder, Fritz;;;;
4289;Federer, Heinrich;;;;
4290;Federer, Yannic Han Biao;;;;
4291;Federkeil, Jutta;;;;
4292;Federmair, Leopold;;;;
4293;Federspiel, Maurus;;;;
4294;Fedorov, Heike;;;;
4295;Fee;;;;
4296;Feger, Claudia;;;;
4297;Fegerl, Leo;;;;
4298;Fegers, Markus;;;;
4299;Fehde, Karin;;;;
4300;Fehleisen, Tamara Lisa;;;;
4301;Fehlemann, Harry;;;;
4302;Fehler, Andreas;;;;
4303;Fehlin, Alexander Sassimowitsch;;;;
4304;Fehling, Maren;;;;
4305;Fehlmann, Peter;;;;
4306;Fehn, Oliver;;;;
4307;Fehr, Michael;;;;
4308;Fehr, Ursula;;;;
4309;Fehring, Florian;;;;
4310;Fehringer, Andrea;;;;
4311;Fehringer, Monika;;;;
4312;Fehrmann, Almut;;;;
4313;Feichter, Elisabeth;;;;
4314;Feierstein, Liliana Ruth;;;;
4315;Feiertag, Jörg;;;;
4316;Feifar, Ulrike;;;;
4317;Feike, Lisa-Maria;;;;
4318;Feikes, Nina;;;;
4319;Feiks, Judith;;;;
4320;Feil, Pamela;;;;
4321;Feiler, Manuela;;;;
4322;Feiler, Marion;;;;
4323;Feiler, Tanja;;;;
4324;Feimer, Isabella;;;;
4325;Feinig, Stefan;;;;
4326;Feischen, Christian;;;;
4327;Feist-Merhaut, Katharina;;;;
4328;Feit, Anik;;;;
4329;Feix, Eva Ola;;;;
4330;Feix, Ingrid;;;;
4331;Fekter, Tony;;;;
4332;Felbeck, Christine;;;;
4333;Felber, Anette;;;;
4334;Felber, Hartmut;;;;
4335;Feld, Julia;;;;
4336;Feld, Katharina;;;;
4337;Feldes, Roderich;;;;
4338;Feldhaus, Peer;;;;
4339;Feldhoff, Heiner;;;;
4340;Feldhorst, Anja;;;;
4341;Feldler, Renate;;;;
4342;Feldmann, Annette;;;;
4343;Feldmann, Christin;;;;
4344;Feldmann, Christine;;;;
4345;Feldmann, Else;;;;
4346;Feldmann, Joachim;;;;
4347;Feldmann, Sven;;;;
4348;Feldtmann, Susanne;;;;
4349;Felgentreff, Nadine;;;;
4350;Felis, Aurata;Aurata;weiblich;29;
4351;Fell, Karolina;;;;
4352;Feller, Christoph;;;;
4353;Feller, Isabel, Isabel;;;;
4354;Fellgiebel, Barbara;;;;
4355;Fellmer, Robert Karl;;;;
4356;Fellner, Jo L.;;;;
4357;Fellner, Raimund;;;;
4358;Fellner, Sabine;;;;
4359;Felmeth, Ingrid;;;;
4360;Felnhofer, Anna;;;;
4361;Fels, Alina;;;;
4362;Fels, Markus;;;;
4363;Felti, Kris;;;;
4364;Felwitch, Nina;Nina Felwitch;weiblich;36;
4365;Fendel, Heike-Melba;;;;
4366;Fendel, Sophie;;;;
4367;Fenice, Liliy;;;;
4368;Fenkart, Peter  Simon;;;;
4369;Fenkart, Rolf;;;;
4370;Fenner, Sabine;;;;
4371;Fenners, Simone;;;;
4372;Fenninger, Maria-Theresia;;;;
4373;Fensel, Björn;;;;
4374;Fenyves, Noemi;;;;
4375;Fenzl, Hagen;;;;
4376;Fenzl, Paul;;;;
4377;Ferbus, Bettina;;;;
4378;Fercher, Anna;;;;
4379;Ferchl, Irene;;;;
4380;Ferdigg, Magdalena;;;;
4381;Ferdinand, Thorsten;;;;
4382;Ferenczy, Erika;;;;
4383;Ferenz, Rela;;;;
4384;Ferk, Janko;;;;
4385;Fermer, David;;;;
4386;Fernandes Schlegel, Carla;;;;
4387;Fernandes, Cladia;;;;
4388;Fernandez, Lucy;Lucy Fernandez;weiblich;30;http://peppermint-petty.deviantart.com/
4389;Ferner, Elke;;;;
4390;Ferner, Katharina Johanna;;;;
4391;Fernkäse, Uta;;;;
4392;Fernández, Nona;;;;
4393;Ferra-Mikura, Vera;;;;
4394;Ferrari, Elias;;;;
4395;Ferrari, Esther;;;;
4396;Ferrari, Manuela;;;;
4397;Ferrero, Maurizio;;;;
4398;Ferretti, Giorgio;;;;
4399;Ferrigato, Markus;;;;
4400;Ferst, Marko;;;;
4401;Fesel, Anke;;;;
4402;Fesl, Elfi;;;;
4403;Fesser, Sebastian;;;;
4404;Fessler, Sabrina;;;;
4405;Festa, Frank;;;;
4406;Feth-Biedermann, Gaby;;;;
4407;Fette, Ute;;;;
4408;Fettig, Albin Josef;;;;
4409;Feucht, Veronica Müller-;;;;
4410;Feuchtwanger, Lion;;;;
4411;Feuer, Tinten;TintenFeuer;;;
4412;Feuersenger, Gisela;;;;
4413;Fey, Mara;;;;
4414;Feyerabend, Stephanie;;;;
4415;Feyerherd, Vera;;;;
4416;Feyrer, Gundi;;;;
4417;Feßler, Lisa;;;;
4418;Feßmann, Meike;;;;
4419;Fian, Antonio;;;;
4420;Fichtenkamm-Barde, Rosmarie;;;;
4421;Fichtl, Betti;;;;
4422;Fichtlscherer, Ludwig;;;;
4423;Fichtner, Ralf A.;;;;
4424;Fiebig, Rosemarie;;;;
4425;Fiederer, Friederike;;;;
4426;Fiedl, Konstanze;;;;
4427;Fiedler, Bernhard;;;;
4428;Fiedler, Christine;;;;
4429;Fiedler, Denise;;;;
4430;Fiedler, Helmut;;;;
4431;Fiedler, Silvia;;;;
4432;Fiedler, Thorsten;;;;
4433;Fiege, Daniela;;;;
4434;Fiege, Günther;;;;
4435;Fiege, Jürgen;;;;
4436;Fienhold, Wolfgang;;;;
4437;Fieseler, Kristin;;;;
4438;Fietz, Anna;;;;
4439;Figatowski, Bartholomäus;;;;
4440;Fiktschen, Blanko;;;;
4441;Fil;;;;
4442;Filbig, Andreas;;;;
4443;Fildebrandt, Ulf;;;;
4444;Fildhaut, Joachim;;;;
4445;Fili, Petra;;;;
4446;Filius, Lorenz;;;;
4447;Fillbrandt, Hildegard;;;;
4448;Fillion, Bubby;MissFillion;weiblich;;
4449;Filou;;;;
4450;Filz, Sylvia;;;;
4451;Fimmers, Jan;;;;
4452;Finberg, Bonny;;;;
4453;Finckh, Ruth;;;;
4454;Finde es heraus.., Lolaa;Decor;weiblich;;
4455;Findeis, Patrick;;;;
4456;Findling, Jessica;;;;
4457;Finger, Bernhard;;;;
4458;Finger, Dagmar;;;;
4459;Finger, Helmut;;;;
4460;Finger-de Lall, Eva;;;;
4461;Fingerhuth, Catharina;;;;
4462;Fink, Katha;Katha2004;weiblich;19;
4463;Fink, Leonie;;;;
4464;Fink, Michael;;;;
4465;Fink, Xenia;;;;
4466;Finke, Frank M.;;;;
4467;Finke, Franziska;;;;
4468;Finke, Johannes;;;;
4469;Finke, Sabrina;;;;
4470;Finke-Heinrich, Barbara;;;;
4471;Finkeldey, Herwig;;;;
4472;Finken, Annika;;;;
4473;Finkenstädt, Eberhard;;;;
4474;Finkler, Heinrich;;;;
4475;Finley, Elias;;;;
4476;Finn, Juli D.;;;;
4477;Finn, Thomas;;;;
4478;Finnegan, Meara;;;;
4479;Finze-Michaelsen, Holger;;;;
4480;Fiore, Angelo;;;;
4481;Fioretos, Aris;;;;
4482;Fircks, Christoph von;;;;
4483;Fire, Red;Red Fire;weiblich;25;
4484;Firemoon, Icey;;;;
4485;Firephoenix, Phantom;PhantomFirephoenix;;;
4486;Firlus, Karin;;;;
4487;Firzinger, Susanne;;;;
4488;Fischbeck, Silke;;;;
4489;Fischer, Annette-Josefine;;;;
4490;Fischer, Arnold;;;;
4491;Fischer, Axel;;;;
4492;Fischer, Bernd Erhard;;;;
4493;Fischer, Bruno;;;;
4494;Fischer, CKLKH;;;;
4495;Fischer, Christiana;;;;
4496;Fischer, Christina M.;;;;
4497;Fischer, Christine;;;;
4498;Fischer, Christl;;;;
4499;Fischer, Eva;;;;
4500;Fischer, Frank M.;;;;
4501;Fischer, Gerd;;;;
4502;Fischer, Gerhard Rolf Günther;;;;
4503;Fischer, Gotthilf;;;;
4504;Fischer, Hannelore;;;;
4505;Fischer, Harald;;;;
4506;Fischer, Heidi;;;;
4507;Fischer, Helga;;;;
4508;Fischer, Jan;;;;
4509;Fischer, Julia;;;;
4510;Fischer, Jörg;;;;
4511;Fischer, Kai;;;;
4512;Fischer, Klaus Maria;;;;
4513;Fischer, Laura;;;;
4514;Fischer, Leander;;;;
4515;Fischer, Manfried;;;;
4516;Fischer, Melanie;;;;
4517;Fischer, Michael;;;;
4518;Fischer, Michaela;;;;
4519;Fischer, Natalie;;;;
4520;Fischer, Oliver;;;;
4521;Fischer, Peter;;;;
4522;Fischer, Peter S.;;;;
4523;Fischer, Rainer;;;;
4524;Fischer, Ralph Henry;;;;
4525;Fischer, Rita G.;;;;
4526;Fischer, Romy;;;;
4527;Fischer, Sandra;;;;
4528;Fischer, Sarah;;;;
4529;Fischer, Simona;;;;
4530;Fischer, Sonja;;;;
4531;Fischer, Theodor;;;;
4532;Fischer, Ulrich;;;;
4533;Fischer, Wolfgang;;;;
4534;Fischer-Santelmann, Gudrun;;;;
4535;Fischerauer, Günter;;;;
4536;Fischi-Clan, Diddy Fischi aus dem;DiddyXZetsu;weiblich;;http://www.beepworld.de/members5/missniss
4537;Fischl, Marion;;;;
4538;Fischle, Bernd;;;;
4539;Fischnaller, Markus;;;;
4540;Fisher, Akela;;;;
4541;Fisher, Amy;;;;
4542;Fisseler, Hans-Jürgen;;;;
4543;Fitschen, Hans-Peter;;;;
4544;Fitz, Christl;;;;
4545;Fitz, Ádám;;;;
4546;Fitzgerald, F. Scott;;;;
4547;Fitzgerald, Mick;;;;
4548;Fitzner, Thomas;;;;
4549;Fix, Julietta;;;;
4550;Flachmeyer, Matthias;;;;
4551;Flachsbarth, MdB, Maria;;;;
4552;Flade, Tatjana;;;;
4553;Flage, C.;;;;
4554;Flagg, Francis;;;;
4555;Flake, Otto;;;;
4556;Flakowski, Valerie;;;;
4557;Flamel, Sany;Nadja Bracker;weiblich;34;
4558;Flammang, Marielys;;;;
4559;Flammarion, Camille;;;;
4560;Flammensinn, Blanka;Escata;;34;
4561;Flanell, Gary;;;;
4562;Flattner, Herbert;;;;
4563;Flaubert, Gustave;;;;
4564;Flavian, Eve;;;;
4565;Fleckenstein, Angelika;;;;
4566;Fleckenstein, Karl-Heinz;;;;
4567;Flecker, Sebastian;;;;
4568;Fleischanderl, Karin;;;;
4569;Fleischer, Ludwig Roman;;;;
4570;Fleischhacker, Michael;;;;
4571;Fleischhauer, Helmut P.;;;;
4572;Fleischle, Hans;;;;
4573;Fleischmann, Doris;;;;
4574;Fleischmann, Uta;;;;
4575;Fleisher, Malu;;;;
4576;Fleitmann, Horst;;;;
4577;Fleißer, Marieluise;;;;
4578;Fleißner, Helene;;;;
4579;Fleming, Alex;;;;
4580;Fleming, Ian;;;;
4581;Flemming, Kate;Kate Flemming;;55;
4582;Flenker, Jürgen;;;;
4583;Flenter, Kersten;;;;
4584;Flesch, Oliver;;;;
4585;Flessing, Gert;;;;
4586;Fletemeier, Ralf;;;;
4587;Flewelling, Lynn;;;;
4588;Flick, Nora;;;;
4589;Fliedner, Andreas;;;;
4590;Flieger, Jan;;;;
4591;Flischikowski, Heinz;;;;
4592;Flitman, Asja;;;;
4593;Floehr, Johannes;;;;
4594;Floer, Bernadette;;;;
4595;Floerke (illustrations), Ingrid Rosine;;;;
4596;Florean, Sandra;;;;
4597;Florents, Tara;;;;
4598;Florescu, Catalin Dorian;;;;
4599;Florian, Krenn;;;;
4600;Floris, Marco;;;;
4601;Flossdorf, Peter;;;;
4602;"Fluchthasser, Hans Adolf ""Lone Wulf""";;;;
4603;Flume, José;;;;
4604;Flynn, Isabel;;;;
4605;Flynn, Sarah;;;;
4606;Flögel, Andreas;;;;
4607;Flörke, Lutz;;;;
4608;Flüchter, Jürgen;;;;
4609;Flüggen, Christiane;;;;
4610;Flür-Vonstadl, Silvia;;;;
4611;Flüring, Florian;;;;
4612;Fock, Gorch;;;;
4613;Focke, Kai;;;;
4614;Focken, Robert;;;;
4615;Foelske, Walter;;;;
4616;Foerster, Ryka;;;;
4617;Fohlenweide, Walther von der;;;;
4618;Folea Stamp, Johann;;;;
4619;Folie, Isabel;;;;
4620;Folkers, Renate;;;;
4621;Follert, Falko;;;;
4622;Foltin, Sandra Karin;;;;
4623;Folz, Monika;;;;
4624;Fondraz, Charlotte;;;;
4625;Fontane, Theodor;;;;
4626;Forahn, Gerd;;;;
4627;Forbrich, Bettina;;;;
4628;Forcher, Karl;;;;
4629;Ford, Richard;;;;
4630;Forgione-Zaccaria, Julia;;;;
4631;Forgách, András;;;;
4632;Fornell, Ines;;;;
4633;Forrest, Tomos;;;;
4634;Forrest, Yule;;;;
4635;Forschner, Hermann;;;;
4636;Forst, Harald;;;;
4637;Forst, Manuela P.;;;;
4638;Forster, Amber;;;;
4639;Forster, Andreas;;;;
4640;Forster, Angela L.;;;;
4641;Forster, Dana;;;;
4642;Forster, Gerd;;;;
4643;Forster, Helmut;;;;
4644;Forster, Marion Vera;;;;
4645;Forster, Valerie;;;;
4646;Forsyth, Kate;;;;
4647;Forsythe, Kate;Irrlichtertanz;weiblich;33;http://irrlichtertanz.livejournal.com/
4648;Forte, Dieter;;;;
4649;Foth, Juliane;;;;
4650;Fouqué, Friedrich de La Motte-;;;;
4651;Fox, Anna M.;Dead;weiblich;29;
4652;Fox, Evelyn;Evelyn Fox;weiblich;29;
4653;Fox, Georg;;;;
4654;Fox, Luna;BerryFox;weiblich;23;https://www.instagram.com/_berryfox_/?hl=de
4655;Fox, Miranda J.;;;;
4656;Fox, Sarah Roseanne;;;;
4657;Foxius, Armin;;;;
4658;FrAnZl;;;;
4659;Frakstein, Sike;;;;
4660;Frambach, Sabine;;;;
4661;France, Sky Marie;;;;
4662;Franceschini, Carmen;;;;
4663;Franck, Heide;;;;
4664;Franck, Julia;;;;
4665;Franco, Macy;;;;
4666;Frangenberg, Mica;;;;
4667;Frank, Anna Elisabeth;;;;
4668;Frank, Barbara;;;;
4669;Frank, Gerd;;;;
4670;Frank, German;;;;
4671;Frank, Ilka;;;;
4672;Frank, Ilya;;;;
4673;Frank, Ingrid;;;;
4674;Frank, Joachim;;;;
4675;Frank, Jürgen;;;;
4676;Frank, Lia;;;;
4677;Frank, Lisa;RunaGurgen22;;27;
4678;Frank, Peter;;;;
4679;Frank, Sievert Karsten;;;;
4680;Frank, Tamara;;;;
4681;Frank, Vera;;;;
4682;Franke, André;;;;
4683;Franke, Barbara;;;;
4684;Franke, Benedikt;;;;
4685;Franke, Bo;;;;
4686;Franke, Erich H.;;;;
4687;Franke, Herbert W.;;;;
4688;Franke, Jan;;;;
4689;Franke, Jana;;;;
4690;Franke, Johanna-Maria;;;;
4691;Franke, Juliane;;;;
4692;Franke, Mario;;;;
4693;Franke, Max;;;;
4694;Franke, Michael;;;;
4695;Franke, Sabina;;;;
4696;Franke, Thomas;;;;
4697;Franken, Franziska;;;;
4698;Frankenberg, Dieter;;;;
4699;Franki, Grace;;;;
4700;Franklin, Kate;;;;
4701;Frantzen, Christine;;;;
4702;Franz, Franziska;;;;
4703;Franz, Josef Bernhart;;;;
4704;Franz, Lena;;;;
4705;Franz, Margarete;;;;
4706;Franzen, D. J.;;;;
4707;Franzen, Karl-Heinz;;;;
4708;Franzen, Michael;;;;
4709;Franziskus;;;;
4710;Franzmann, Joachim;;;;
4711;Franzobel;;;;
4712;Franzos, Karl Emil;;;;
4713;Frau Grimm;;;;
4714;Frauchiger, René;;;;
4715;Frauchiger, Urs;;;;
4716;Freak, False;TheGoldenQuintet;weiblich;;
4717;Freak, Yaoi;Yaoi-Shonen-Ai-Freak;;31;
4718;Frechländer, Beate;;;;
4719;Fredemann, Wilhelm;;;;
4720;Freedom, War;AyaMiharu;weiblich;29;
4721;Freeman, Nick;Nick Freeman;männlich;32;https://thenickfreeman.wordpress.com/
4722;Freese, Frijda de;;;;
4723;Frehsee, Volker;;;;
4724;Frei S., Christa;;;;
4725;Frei, Frederike;;;;
4726;Frei, Martha;;;;
4727;Frei, Ulla;;;;
4728;Freiberger, Karl;;;;
4729;Freiburg, Thea;;;;
4730;Freier, Mark;;;;
4731;Freigang, Mirjam-Sophie;;;;
4732;Freihold, Ingrid;;;;
4733;Freischläger, Kurt A.;;;;
4734;Freise, Markus;;;;
4735;Freitag, Günther;;;;
4736;Freksa, Friedrich;;;;
4737;Fremberg, Tino;;;;
4738;Frenk, Martin;;;;
4739;Frenzel, Sonja;;;;
4740;Frerichs, Renate Alice;;;;
4741;Frese, Walter;;;;
4742;Fresien, Anne Iris;;;;
4743;Fretwurst, Brigitte;;;;
4744;Fretz, Jochen Jason;;;;
4745;Freudenberg, Bele;;;;
4746;Freudenberg, Esther;;;;
4747;Freudenstein, Christiane;;;;
4748;Freudenthaler, Anna;;;;
4749;Freudenthaler, Laura;;;;
4750;Freund, Aimée;;;;
4751;Freund, Isabel;;;;
4752;Freund, Martin;;;;
4753;Freund, Renate;;;;
4754;Freundl, Gisela;;;;
4755;Freundlich, Elisabeth;;;;
4756;Freundlieb, Barbara;;;;
4757;Frey Timillero, Erika;;;;
4758;Frey, Alexander M.;;;;
4759;Frey, Andreas;;;;
4760;Frey, Bernhard;;;;
4761;Frey, Christa;;;;
4762;Frey, Dennis;;;;
4763;Frey, Frank;;;;
4764;Frey, Georg;;;;
4765;Frey, Gerd;;;;
4766;Frey, Tatjana;;;;
4767;Freybel, Wierolinke;Wierolinke;weiblich;;
4768;Freyberg, Susan;;;;
4769;Freyer, Claudia;;;;
4770;Freyer, Julia;;;;
4771;Freyhofer, Armando;;;;
4772;Freymann, Claude;;;;
4773;Freytag, Matthias;;;;
4774;Frick, Andreas;;;;
4775;Frick, Jacqueline;;;;
4776;Frick, Klaus N.;;;;
4777;Frick, Marc;;;;
4778;Frick, Thomas;;;;
4779;Fricke, Dierk;;;;
4780;Fricke, Gerald;;;;
4781;Fricke, Hans;;;;
4782;Fricke, Lucy;;;;
4783;Fricker, Helga;;;;
4784;Friday, Klyde;KlydeFriday;;24;
4785;Friderichs, Alfons;;;;
4786;Frie, M.;;;;
4787;Frie, Maike;;;;
4788;Friebe, Jens;;;;
4789;Friebel, Anjetta;;;;
4790;Friebel, Gebhard;;;;
4791;Fried, Carmen;;;;
4792;Fried-ra-sum;;;;
4793;Frieda, Doris;;;;
4794;Friedel, Alwin;;;;
4795;Friederich, Benedict;;;;
4796;Friedl, Harald;;;;
4797;Friedl, Paul;;;;
4798;Friedli, Bänz;;;;
4799;Friedli, Markus;;;;
4800;Friedländer, Vera;;;;
4801;Friedmann, Arnaud;;;;
4802;Friedmann, Fabian;;;;
4803;Friedrich;;;;
4804;Friedrich, Andreas;;;;
4805;Friedrich, Anita;;;;
4806;Friedrich, Bernd-Ingo;;;;
4807;Friedrich, Brandi;;;;
4808;Friedrich, Christa;;;;
4809;Friedrich, Claudia;;;;
4810;Friedrich, Elise Sophie;;;;
4811;Friedrich, Heidi;;;;
4812;Friedrich, Heinz;;;;
4813;Friedrich, Hermann;;;;
4814;Friedrich, Jan;;;;
4815;Friedrich, Jantra;;;;
4816;Friedrich, Johannes Gabriel;;;;
4817;Friedrich, Jutta B.;;;;
4818;Friedrich, Michelle;;;;
4819;Friedrich, Natalie;;;;
4820;Friedrich, Roland;;;;
4821;Friedrich, Silvia;;;;
4822;Friedrich, Werner;;;;
4823;Friedrich-Kopp (illustrations), Gudrun;;;;
4824;Friedrichs, Frank;;;;
4825;Friedrichs, Sarah;;;;
4826;Friedrichs, Werner;;;;
4827;Friedrichsen, Ernst;;;;
4828;Friedrichsmeier, Helmut;;;;
4829;Frieko, Eva;;;;
4830;Frieling, Ruprecht W.;;;;
4831;Frieling, Simone;;;;
4832;Frieling, Wilhelm Ruprecht;;;;
4833;Frielinghaus, Helmut;;;;
4834;Frien, Helga;;;;
4835;Frierson, Cedric;;;;
4836;Fries, Hanny;;;;
4837;Friese, Gerald;;;;
4838;Friese, Horst;;;;
4839;Friesel, Uwe;;;;
4840;Friesenhahn, Peter;;;;
4841;Frikell, Angelika;;;;
4842;Frings, Karl;;;;
4843;Frings, Sophie;;;;
4844;Frisch, Anja;;;;
4845;Frisch, Hanns;;;;
4846;Frisch, Max;;;;
4847;Frisch, Tobias;TheJackiMonster;männlich;26;
4848;Frischholz, Regina;;;;
4849;Frischmuth, Barbara;;;;
4850;Frisé, Maria;;;;
4851;Fritsch, Christine;;;;
4852;Fritsch, Gerhard;;;;
4853;Fritsch, Gudrun;;;;
4854;Fritsch, Günter;;;;
4855;Fritsch, Marlene;;;;
4856;Fritsch, Valerie;;;;
4857;Fritsch, Werner;;;;
4858;Fritsch-Oppermann, Sybille;;;;
4859;Fritsche, Heide;;;;
4860;Fritsche, Herbert;;;;
4861;Fritz, Andrea;;;;
4862;Fritz, Bernd;;;;
4863;Fritz, Bruny;;;;
4864;Fritz, Heermann;;;;
4865;Fritz, Janine;;;;
4866;Fritz, Monika;;;;
4867;Fritz, Sophia;;;;
4868;Fritzsche, Anja;;;;
4869;Fritzsche, Iris;;;;
4870;Fritzsche, Rebecca Anna;;;;
4871;Fritzsche, Stefanie;;;;
4872;Froböse, Hans-Jürgen;;;;
4873;Froemel, Werner;;;;
4874;Frohberger, Marco;;;;
4875;Frohmann, Martin;;;;
4876;Frohn, Dominic;;;;
4877;Fromm, Christoph;;;;
4878;Fromm, Waldemar;;;;
4879;Fromme, Mikkeline;;;;
4880;Fromme, Sabine;;;;
4881;Frommhold, Dieter;;;;
4882;Frommhold, Renate;;;;
4883;Frontzek, Björn;;;;
4884;Frosio, Christina;;;;
4885;Frost, Heiner;;;;
4886;Frost, Levi;;;;
4887;Frost, Markus;;;;
4888;Frost, Tegan;;;;
4889;Fruet, Fritz A.;;;;
4890;Fruth, Karin;;;;
4891;Frydrich, Francesca;;;;
4892;Fryzer, Gilli;;;;
4893;Fröhlich, Barbara;;;;
4894;Fröhlich, Fritz;;;;
4895;Fröhlich, Leopold;;;;
4896;Fröhlich, Mareike;;;;
4897;Fröhlich, Marie;;;;
4898;Fröhlich, Rüdiger;;;;
4899;Fröhlich, Simone;;;;
4900;Fröhlich, Thomas;;;;
4901;Fröhlich, Udo;;;;
4902;Fröhlig-Striesow, Renate;;;;
4903;Fröhling, Ulla;;;;
4904;Frölich, Charles;;;;
4905;Frömmig, Peter;;;;
4906;Frömming, Sigrid;;;;
4907;Fröse-Schreer, Irmtraut;;;;
4908;Früh, Katrin;;;;
4909;Früh, Mario;;;;
4910;Früh, Sigrid;;;;
4911;Früh-Hedrich, Katrin;;;;
4912;Frühling, Tim;;;;
4913;Frühwald, Ulrike;;;;
4914;Fründt, Joachim;;;;
4915;Fucci, Marva;;;;
4916;Fuchs Alameda, Jörg;;;;
4917;Fuchs, Alexandra;;;;
4918;Fuchs, Anton;;;;
4919;Fuchs, Bernhard;;;;
4920;Fuchs, Christine;;;;
4921;Fuchs, Dieter R.;;;;
4922;Fuchs, Dominic;;;;
4923;Fuchs, Elisa;;;;
4924;Fuchs, Elisabeth;;;;
4925;Fuchs, Erich;;;;
4926;Fuchs, Fabian;;;;
4927;Fuchs, Irmgard;;;;
4928;Fuchs, Joe;;;;
4929;Fuchs, Julia;angellOop311;weiblich;30;
4930;Fuchs, Katrin Anja;;;;
4931;Fuchs, Lisann;;;;
4932;Fuchs, Lothar;;;;
4933;Fuchs, Margarita;;;;
4934;Fuchs, Micha;;;;
4935;Fuchs, Mäddel;;;;
4936;Fuchs, Ronald;;;;
4937;Fuchs, Ruth M.;;;;
4938;Fuchs, Sessy;--sessy--;weiblich;33;http://sessy.hat-gar-keine-homepage.de
4939;Fuchs, Teresa;;;;
4940;Fuchs-Gamböck, Michael;;;;
4941;Fuckert, Christiane;;;;
4942;Fucking Old Man, Cream;Nebelasche;weiblich;;https://www.wattpad.com/user/Nebelasche
4943;Fudo, Yuki;Anil;weiblich;;
4944;Fuentes, M.;the lost soul;weiblich;;
4945;Fuerme, Felipa;Felipa;weiblich;;
4946;Fuge, Janina;;;;
4947;Fugel, Adolf;;;;
4948;Fugger, Margarete;;;;
4949;Fuhr, Siegmund;Siegmund Fuhr;männlich;26;
4950;Fuhrmann, Beate;;;;
4951;Fuhrmann, Edgar;;;;
4952;Fuhrmann, Kathrin;;;;
4953;Fuhrmann, Nina;;;;
4954;Fuhrmann, Petra;;;;
4955;Fuhrmann, Rainer;;;;
4956;Fuhrmann, Tom;;;;
4957;Fuhs, Burkhard;;;;
4958;Fuhur, Carla;Carla Fuhur;weiblich;21;
4959;Fujiwara, Kazzuki;Fujiwara Kazzuki;weiblich;36;
4960;Fujiwara, Reika;Ray Chal;weiblich;31;
4961;Full, Lillemor;;;;
4962;Fumar, Lotta;;;;
4963;Fumi, Akiko;AkikoFumi;weiblich;31;http://akikofumi.tumblr.com/
4964;Funder, Sabine;;;;
4965;Fundheller, C. Marie;;;;
4966;Funk, Gerald;;;;
4967;Funk, Kristin;;;;
4968;Funk, Mirna;;;;
4969;Funk, Simone;;;;
4970;Funke, Falk Andreas;;;;
4971;Funke, Gisbert Maria;;;;
4972;Funke, Karin;;;;
4973;Funke, Klaus;;;;
4974;Funke-Johannsen, Silke;;;;
4975;Funkel, Sternen;;;;
4976;Furahn, Tina;;;;
4977;Furch, Hannelore;;;;
4978;Furkert, Ursula;;;;
4979;Furler, Katrin;;;;
4980;Furrer, Hans-Dieter;;;;
4981;Furrer, Patricia;;;;
4982;Furtkamp, Martin;;;;
4983;Fusek, Katja;;;;
4984;Futrelle, Jacques;;;;
4985;Futscher, Christian;;;;
4986;Futterschneider, Peter;;;;
4987;Future, Past;pastfuture;männlich;33;http://we-are-love.blog.de/
4988;Fux, Hanni;;;;
4989;Fuzzel, Heffa;Heffa;weiblich;35;https://open.spotify.com/show/68PnyES8CdMIYo1rEXNFLp?si=8RA-UEm_SsyXNm3JG_LASw
4990;Fußmann, Klaus;;;;
4991;Fußnegger, Anna Theresia;;;;
4992;Fädler, Stefan;;;;
4993;Fähndrich, Hartmut;;;;
4994;Fährmann, Willi;;;;
4995;Föderl, Maria;;;;
4996;Föhse, Nadine;;;;
4997;Fölck, Romy;;;;
4998;Föllner, Ursula;;;;
4999;Förder, Kim;;;;
5000;Förg, Nicola;;;;
5001;Först, Helmut Michael;;;;
5002;Förster, Alexa;;;;
5003;Förster, Cynthia Tara;RoseHeartAmaya;weiblich;22;
5004;Förster, Dennis;;;;
5005;Förster, Henry;;;;
5006;Förster, Roland;;;;
5007;Försterling, Ines Frieda;;;;
5008;Füchslin, Puran;;;;
5009;Füg, Dieter;;;;
5010;Fügemann, Bettina;;;;
5011;Fühmann, Franz;;;;
5012;Führer, Caritas;;;;
5013;Führt, David;;;;
5014;Füllenbach, Robert;;;;
5015;Füller-Lebmeier, Christine;;;;
5016;Füllmann, Rolf;;;;
5017;Füner, Eugen;;;;
5018;Fürbaß, Julia;;;;
5019;Fürk-Hochradl, Doris;;;;
5020;Fürnhammer, Markus;;;;
5021;Fürst, Klaus;;;;
5022;Fürst, Rainer;;;;
5023;Fürstenberg, Andrea;;;;
5024;Fürstenberg, Nathan;;;;
5025;Fürstenberg, Paula;;;;
5026;Fürstenberger, Gerd;;;;
5027;Füssel, Dietmar;;;;
5028;Füßer, Josef;;;;
5029;G. H. H.;;;;
5030;G., Anja;Oo-Keeekse-oO;weiblich;;
5031;G., B.;;;;
5032;G., Christine-Mae;Maely;weiblich;35;
5033;G., Dominic;DominicManuel;männlich;33;
5034;G., Jessica;Fechterin;weiblich;29;
5035;Gaast, Mitra;;;;
5036;Gabelmann, Jürgen;;;;
5037;Gaber, Valerie;;;;
5038;Gablé, Rebecca;;;;
5039;Gabon, Ilvy-Marie;;;;
5040;Gabriel, Gabriele;;;;
5041;Gabriel, Ralph;;;;
5042;Gabriel, Ulrich;;;;
5043;Gabrys, Nicole;;;;
5044;Gadebusch, Dedo-Phillip;;;;
5045;Gadow, Martin;;;;
5046;Gaede, Ju;;;;
5047;Gaedke, Gerhard;;;;
5048;Gaensheimer, Susanne;;;;
5049;Gahlen, S. F.;;;;
5050;Gahlen, Sarah Fiona;;;;
5051;Gahse, Zsuzsanna;;;;
5052;Gaicher, Horst;;;;
5053;Gaida, Christel;;;;
5054;Gaigg, Walter;;;;
5055;Gail, Alexander;;;;
5056;Gailhofer, Reinhard;;;;
5057;Gaillard, Jaschka;;;;
5058;Gal-ʿEd, Efrat;;;;
5059;Gali, Slov ant;;;;
5060;Gall, Hans Jakob;;;;
5061;Gall, Sidonia;;;;
5062;Galle, Anne;;;;
5063;Galli, Johannes;;;;
5064;Gallinger, Roman;;;;
5065;Galloway, Greta;;;;
5066;Gallun, Raymond Z.;;;;
5067;Gallé, Volker;;;;
5068;Galm, Jonas;;;;
5069;Galpérin, Marc-Henning;;;;
5070;Galter, Siegfried;;;;
5071;Galuhn, Rüdiger;;;;
5072;Gamperl, Robert;;;;
5073;Gampl, Inge;;;;
5074;Ganahl, Kay;;;;
5075;Gangaamaa, Pürevdoržijn;;;;
5076;Ganghofer, Ludwig;;;;
5077;Ganglbauer, Petra;;;;
5078;Ganglion, Marie;;;;
5079;Gansbühler, Anja;;;;
5080;Gansen-Hainze, Christine;;;;
5081;Ganser, Dirk;;;;
5082;Ganster, Jennifer Laurette;;;;
5083;Gantenbrink, Nora;;;;
5084;Ganter, Bernhard;;;;
5085;Ganther, August;;;;
5086;Ganz, Horst;;;;
5087;Ganzoni, Romana;;;;
5088;Ganß, Katharina;;;;
5089;Gao, YingYi;;;;
5090;Gaponenko, Marjana;;;;
5091;Gappah, Petina;;;;
5092;Garbe, Burckhard;;;;
5093;Garbe, Dagmar;;;;
5094;Garbe, Friederike;;;;
5095;Garcia, Aynara;;;;
5096;Garcia, Donna Isabella;MrsTomlinson;weiblich;;
5097;Garciolo, Rafaelo;;;;
5098;García, Jacobo;;;;
5099;Gardemann, Jan;;;;
5100;Gardner, Sascha;;;;
5101;Gareis, Hans;;;;
5102;Garlic, Ira;;;;
5103;Garnitz, Uwe;;;;
5104;Garnschröder, Gisela;;;;
5105;Gart, Gregor;;;;
5106;Garth, Alexander;;;;
5107;Gartner, Clemens;;;;
5108;Garver, Rose;;;;
5109;Gary, Romain;;;;
5110;Garz, Olav;;;;
5111;Garzaner, Günther Maria;;;;
5112;Gaskell, Elizabeth Cleghorn;;;;
5113;Gaspar, Peter;;;;
5114;Gassenschmidt, Viola;;;;
5115;Gasser, Alex;;;;
5116;Gasser, Christina;;;;
5117;Gassler, Uschi;;;;
5118;Gast, Wolfgang;;;;
5119;Gates, Robin;;;;
5120;Gathmann, Heike Hanna;;;;
5121;Gato, Andrea el;;;;
5122;Gatter, Nikolaus;;;;
5123;Gattiker, Yvonne;;;;
5124;Gatzemeier, Thomas;;;;
5125;Gaudenti, Heike Rosa Maria;;;;
5126;Gaudenzi, Pia;;;;
5127;Gauert, Heiko;;;;
5128;Gauguin, Paul;;;;
5129;Gaul, Albertine;;;;
5130;Gaumann, Dietmar;;;;
5131;Gaus, Ute;;;;
5132;Gausepohl, Ludger;;;;
5133;Gautel, Peter;;;;
5134;Gautier, Théophile;;;;
5135;Gavalda, Anna;;;;
5136;Gavini, Astrid;;;;
5137;Gawlitta, Kurt;;;;
5138;Gawrilow, Kathlin;;;;
5139;Gawrisch, Dmitrij;;;;
5140;Gayer, Karin;;;;
5141;Gazdanov, Gajto;;;;
5142;Gazenbiler, Dimitri;;;;
5143;Geafer, Werner;;;;
5144;Gebauer, Kurt;;;;
5145;Gebel, Jörg;;;;
5146;Gebert, Alisa;;;;
5147;Gebert, Anke;;;;
5148;Gebert, Dani;;;;
5149;Gebert, Hans;;;;
5150;Gebert, Maria-Carolin;;;;
5151;Gebert, Roland;;;;
5152;Gebhard, Gisela;;;;
5153;Gebhard, Katharina;;;;
5154;Gebhardt, Henry R.;;;;
5155;Gebhardt, Jürgen;;;;
5156;Gebhardt, Lutz;;;;
5157;Gebhardt, Siegfried;;;;
5158;Geede, Ruth;;;;
5159;Geerken, Horst H.;;;;
5160;Geertz, Constanze;;;;
5161;Geffert, Ulrike;;;;
5162;Geh, Mirja;;;;
5163;Gehart, Sebastian;;;;
5164;Geheim, gina;GiniAusDerFlasche;weiblich;30;
5165;"Geheim;), Marie";icy-chan98;weiblich;25;
5166;Geheimnis, Marla;Ddam-Chii;weiblich;;
5167;Gehlen, Andrea;;;;
5168;Gehlen, Sabine;;;;
5169;Gehres, Jens;;;;
5170;Gehrig, Julia;;;;
5171;Gehring, Alexandra;;;;
5172;Gehring, Elisabeth;;;;
5173;Gehrke, Ralph;;;;
5174;Gehrmann, Andreas;;;;
5175;Gehrmann, Martina;;;;
5176;Gehse, Karl-Friedrich;;;;
5177;Gehtdichnichtsan, Taffy;Taffy;weiblich;31;
5178;Geiberger, Heidi;;;;
5179;Geier, Dennis;staron;;32;
5180;Geier, Jürgen;;;;
5181;Geier, Nicole;;;;
5182;Geier, Tanja;;;;
5183;Geiger, Arno;;;;
5184;Geiger, Emil Jens;;;;
5185;Geiger, Florian;;;;
5186;Geiger, Katharina;;;;
5187;Geiger, Lukas;;;;
5188;Geiger, Patricia;;;;
5189;Geiger, Sebastian;;;;
5190;Geiger, Simon Felix;;;;
5191;Geiger, Thomas;;;;
5192;Geiger, Verena;;;;
5193;Geilhuber, Anton;Atorfield;männlich;28;
5194;Geiseler, Gisela;;;;
5195;Geiser, Christoph;;;;
5196;Geiser, Katharina;;;;
5197;Geiser, Martin;;;;
5198;Geisler, Cornelia;;;;
5199;Geist, André;;;;
5200;Geist, Sylvia;;;;
5201;Geist, Waltraud E.;;;;
5202;Geistreiter-Fink, Torsten;;;;
5203;Geitlinger, Melanie;;;;
5204;Geitmann, Helena;;;;
5205;Geißhirt, Frank;;;;
5206;Geißinger, Natalie;;;;
5207;Geißler, Dieter;;;;
5208;Geißler, Heike;;;;
5209;Geißlinger, Esther;;;;
5210;Geka;;;;
5211;Geldner, Mario;;;;
5212;Gelfert, Josepha;;;;
5213;Gelhaar, Hartmut;;;;
5214;Gelich, Johannes;;;;
5215;Gellermann, Rainer G.;;;;
5216;Gellert, Christian Fürchtegott;;;;
5217;Gellert-Helpenstein, Anke;;;;
5218;Gelsing, Sabine;;;;
5219;Gemmel, Mirko;;;;
5220;Gemmingen, P. Eberhard;;;;
5221;Gempe, Ronny;;;;
5222;Genahl, Martin;;;;
5223;Genet, Grinster;Grinsterkatze;;31;http://grinsterkatze.deviantart.com/
5224;Gengenbach, Jan;;;;
5225;Genhart, Zoë;;;;
5226;Gensert, Raphael;;;;
5227;Gentili-Nenning, Tiziana;;;;
5228;Gentner, Niklas;;;;
5229;Gentsch, Günter;;;;
5230;Gentz, Anna;;;;
5231;Georg, Rudolf;;;;
5232;Georg, Wolfgang;;;;
5233;George, Catrin;;;;
5234;George, Nina;;;;
5235;Georges, July;;;;
5236;Georgi, André;;;;
5237;Georgi, Gabirele;;;;
5238;Ger, Tina;;;;
5239;Geraedts, Simon;;;;
5240;Geraghty, Ciara;;;;
5241;Gerber, Eva;;;;
5242;Gerber, Georg;;;;
5243;Gerber, Gerd;;;;
5244;Gerber, Henriette;;;;
5245;Gerber, Josef;;;;
5246;Gerbl, Ricoh;;;;
5247;Gercke, Doris;;;;
5248;Gerdes, Hilko;;;;
5249;Gerdes, Kristina;;;;
5250;Gerdes, Lena;;;;
5251;Gerdes, Rebecca;;;;
5252;Gerdom, Susanne;;;;
5253;Gerecke, Andrea;;;;
5254;Gerecke, Maik;;;;
5255;Gerg, Kristina;;;;
5256;Gergő, Ferenc;Wolfstein;divers;;
5257;Gerhard, Hans;;;;
5258;Gerhard, Johanna;;;;
5259;Gerhard, Martin;;;;
5260;Gerhards, Magdlen;;;;
5261;Gerhards, Ulrich J.;;;;
5262;Gerhardt, Rudolf;;;;
5263;Gerhardts, Corinna;;;;
5264;Gerhold, David;;;;
5265;Gericke, Katharina;;;;
5266;Gericke, Texa;;;;
5267;Gericke, Wolf Amadeus;;;;
5268;Gerigk, Frank G.;;;;
5269;Gerke, Marco;;;;
5270;Gerke, Oliver;;;;
5271;Gerken, Stefanie;;;;
5272;Gerl, Werner;;;;
5273;Gerl-Falkovitz, Hanna-Barbara;;;;
5274;Gerlach, Barbara;;;;
5275;Gerlach, Gunter;;;;
5276;Gerlach, Katharina;;;;
5277;Gerlach-Schweitzer, Christina;;;;
5278;Gerlich, Klaus;;;;
5279;Gerling, Gabriel;;;;
5280;Gerling, Sabine;;;;
5281;Gerling, Vera Elisabeth;;;;
5282;Germain;;;;
5283;Germann, Ute;;;;
5284;Germina, Maria;;;;
5285;Gerngroß, Uwe;;;;
5286;Gernhardt, Almut;;;;
5287;Gernhardt, Robert;;;;
5288;Gernot, Pelle;;;;
5289;Gerres, C. L.;;;;
5290;Gerresheim, Bert;;;;
5291;Gerriets, Tibo;;;;
5292;Gerschwitz, Matthias;;;;
5293;Gersen, Kirth;;;;
5294;Gershwin, Matt;;;;
5295;Gershwin, Sid;;;;
5296;Gerst, Lucia-Philtje;;;;
5297;Gerst, Rosemarie;;;;
5298;Gerstbrein, Günter;;;;
5299;Gerstecker, Friedrich;;;;
5300;Gerstenberg, Franziska;;;;
5301;Gerstenberg, Frauke;;;;
5302;Gerstenberg, Ralph;;;;
5303;Gerstenbräun, Martin;;;;
5304;Gerstenmayer, Klaus;;;;
5305;Gerster, Andrea;;;;
5306;Gerster, Uschi;;;;
5307;Gerstkamp, Eva-Maria;;;;
5308;Gerstäcker, Friedrich;;;;
5309;Gerth, Frank;;;;
5310;Gertzen, Sandra;;;;
5311;Gerven, Karl-Heinz van;;;;
5312;Gerwalt;;;;
5313;Gerwens, S.;;;;
5314;Gerz, Carsten;;;;
5315;Gerz, Engelbert;;;;
5316;Gerz, Wolfgang;;;;
5317;Gesell, Kalina;;;;
5318;Geselle, Robert;;;;
5319;Geser, Sarah Karina;;;;
5320;Gesser, Peter;;;;
5321;Gessler, Luzius;;;;
5322;Gesterkamp, Harald;;;;
5323;Geulen, Benedikt;;;;
5324;Geurden, Bianca;;;;
5325;Gewalt, Hannalore;;;;
5326;Gewi, Heike;;;;
5327;Geyer, Helga;;;;
5328;Geyer, Stefan;;;;
5329;Geymayer, Stefan;;;;
5330;Geänder aber da, Gibt es;Kiafinchen;weiblich;;
5331;Gfader, Peter;;;;
5332;Gfeller, Alex;;;;
5333;Giannoulis, Elena;;;;
5334;Gibhardt, Boris Roman;;;;
5335;Giebel, Dörte;;;;
5336;Giebel, Eric;;;;
5337;Giebel, Reinhard;;;;
5338;Gieck, Philip;ThronGrad;männlich;28;
5339;Giehl, Bernd;;;;
5340;Giehm, Joachim;;;;
5341;Gielas, A.;;;;
5342;Gier, Kerstin;;;;
5343;Gierczak, Martin;;;;
5344;Gierling, Roswitha;;;;
5345;Giersche, Bernhard;;;;
5346;Giersche, Harald;;;;
5347;Giesa, W. K.;;;;
5348;Giese, Anja;;;;
5349;Giese, Annika;;;;
5350;Giese, Thomas;;;;
5351;Giese, Ursula;;;;
5352;Giese-Rothe, Martina;;;;
5353;Giesenfeld, Günter;;;;
5354;Giesing, Georg;;;;
5355;Giesler, Doris;;;;
5356;Gießmann, Christina;;;;
5357;Gilberg, Christel;;;;
5358;Gilbert, Nati;;;;
5359;Gilbricht, Traudl;;;;
5360;Gilhofer, Fritz;;;;
5361;Giliell, Kyra;Gilgaer;;;
5362;Giller, Monika;;;;
5363;Gillespie, Jacqueline;;;;
5364;Gillhofer, Roswitha;;;;
5365;Gimbel, Janine;;;;
5366;Gimber, Oliver;;;;
5367;Gimmi, Patrick;;;;
5368;Ginneken, Inga van;;;;
5369;Ginthör, Norbert;;;;
5370;Gintrowski, Tina Ilse Maria;;;;
5371;Giordano, Mario;;;;
5372;Gioulami, Dagny;;;;
5373;Gira, Ernestine;;;;
5374;Girgis, Samir;;;;
5375;Girmindl, Johannes;;;;
5376;Gisler, Rebecca;;;;
5377;Gitzinger-Albrecht, Inez;;;;
5378;Giudici, Simona;;;;
5379;Giwsok, Wenke;;;;
5380;Giyoon, Kim;DiamantenFuchs;weiblich;;
5381;Gkekas, Elina;;;;
5382;Glaasker, Heinz;;;;
5383;Glacier, Chandle;Chandelier;männlich;;
5384;Gladius, Konrad;;;;
5385;Gladow, Christof;;;;
5386;Glander, Angelika;;;;
5387;Glantschnig, Helga;;;;
5388;Glanz, Andreas;;;;
5389;Glanz, Helmut;;;;
5390;Glas, Regina;;;;
5391;Glaser, Britt;;;;
5392;Glaser, Herbert;;;;
5393;Glashauser, Christian;;;;
5394;Glass, Sapna;Sapna;weiblich;;
5395;Glasser, Marianne;;;;
5396;Glatte, Anneliese;;;;
5397;Glatte, Harald;;;;
5398;Glatz, Anton Christian;;;;
5399;Glatz, Heidenore;;;;
5400;Glatz, Helmut;;;;
5401;Glauche, Rebecca-L.;;;;
5402;Glauser, Friedrich;;;;
5403;Glavinic, Thomas;;;;
5404;Glechner, Gottfried;;;;
5405;Glechner, Wolfgang;;;;
5406;Glehn, Manfred von;;;;
5407;Gleichauf, Ingeborg;;;;
5408;Gleichmann, Gerald;;;;
5409;Gleichner, Phil;;;;
5410;Gleichner, Phillip;;;;
5411;Gleissner, Nick;;;;
5412;Gleißberg, Flora;;;;
5413;Gleißner, Domenic;;;;
5414;Glettner, Marion Romana;;;;
5415;Glitz, Angelika;;;;
5416;Glißmann, Heyka;;;;
5417;Glock, Hedi;;;;
5418;Glocker, Alf;;;;
5419;Glocker, Sonja;;;;
5420;Gloggengießer, Christian;;;;
5421;Gloor, Lukas;;;;
5422;Glowatz, Dirk;;;;
5423;Gloßmann, Erik;;;;
5424;Glunz, Timo;;;;
5425;Gläsel, Astrid;;;;
5426;Glöckner, Johannes;;;;
5427;Glöss, Edda;;;;
5428;Glötzner, Johannes;;;;
5429;Glück, Gerhard;;;;
5430;Glück, Gustav U.;;;;
5431;Glück, Katharina;;;;
5432;Glück, Sigrid;;;;
5433;Glückler, Ingrid;;;;
5434;Glünderling, Jey Jey;;;;
5435;Gmyrek, Carolin;;;;
5436;Gmünder, Stefan;;;;
5437;Gmür, Mario;;;;
5438;Gneuß, Charlotte;;;;
5439;Gnida, Ketti;;;;
5440;Gnos, Leonor;;;;
5441;Gnybek, Ann;;;;
5442;Gobbo, Roswitha;;;;
5443;Gockeln, Petra;;;;
5444;Godazgar, Peter;;;;
5445;Godberg, Greta;;;;
5446;Godenberg, Heike;;;;
5447;Godlewska, Donata;;;;
5448;Goebel, Helmut;;;;
5449;Goebel, Rudolf;;;;
5450;Goehre, Micha-El;;;;
5451;Goehrke, Klaus;;;;
5452;Goepfert, Aimée;;;;
5453;Goerdeler, Carl D.;;;;
5454;Goergen, Christoph;;;;
5455;Goerke, Heike;;;;
5456;Goerke, Wolfgang;;;;
5457;Goertz, Mona;;;;
5458;Goes, Albrecht;;;;
5459;Goethe, Johann Wolfgang von;;;;
5460;Goetsch, Monika;;;;
5461;Goetschel, Antoine F.;;;;
5462;Goetz, Bernd Kurt;;;;
5463;Goetz-Heyne, Hannelore;;;;
5464;Goetze, Katharina;;;;
5465;Goetzinger, Germaine;;;;
5466;Goetzloff, Judith Maria;;;;
5467;Gofuckyourself, Kristin;IOU;;34;
5468;Gogniat, Noëlle;;;;
5469;Gogol, Nikolai Wassiljewitsch;;;;
5470;Gogolin, Claudia;;;;
5471;Gogolin, Peter H.;;;;
5472;Gogolin, Wolfgang A.;;;;
5473;Gogolʹ, Nikolaj Vasilʹevič;;;;
5474;Gohr, Katherine;;;;
5475;Gold, Louise;;;;
5476;Gold, Tilly;;;;
5477;Goldbach, Erich;;;;
5478;Goldenbaum, Gianna Suzann;;;;
5479;Goldenfeld, Maximilian;;;;
5480;Goldhammer, Hanna;;;;
5481;Goldhorn, Marius;;;;
5482;Goldkuhle, Steffi;;;;
5483;Goldlöckchen, Engel;kleiner Engel54;weiblich;24;
5484;Goldmann, Gerhard;;;;
5485;Goldner, Colin;;;;
5486;Goldrain, Patrick;;;;
5487;Goldschmid, Friederike;;;;
5488;Goldschmidt-Lechner, Simoné;;;;
5489;Goll, Klaus;;;;
5490;Goller, Edi;;;;
5491;Goller, Jana;;;;
5492;Golluch, Norbert;;;;
5493;Golman, Leander;;;;
5494;Golob, Pika;;;;
5495;Goltz, Anne von der;;;;
5496;Gommel-Baharov, Julia;;;;
5497;Gommlich, Thorgalia;;;;
5498;Gomringer, Nora;;;;
5499;Gondar, Taya;;;;
5500;Gonner, Bernd Marcel;;;;
5501;Gonserowski, Annette;;;;
5502;Goodwyn, Edith;;;;
5503;Google doch, Lena;Google-Doch-Lena;weiblich;26;
5504;Goosen, Frank;;;;
5505;Goossens, Anja;;;;
5506;Goppelsröder, Martin;;;;
5507;Goran, Michael C.;;;;
5508;Gordeev, Valerie;;;;
5509;Gordon, Rex;;;;
5510;Gore, Marc;;;;
5511;Gorelik, Lena;;;;
5512;Gorion, Micha J. bin;;;;
5513;Gorki, Maxim;;;;
5514;Gormanns, Gerta;;;;
5515;Gornik, Jutta;;;;
5516;Gornikiewicz, Maria;;;;
5517;Gosch, Michaela;;;;
5518;Goslar, Eva;;;;
5519;Gossel, Werner;;;;
5520;Gossel-Pacher, Ingeborg;;;;
5521;Gossen, Agnes;;;;
5522;Gotschy, Helmut;;;;
5523;Gottanka, Josef;;;;
5524;Gotthardt, Christian;;;;
5525;Gotthardt, Verena;;;;
5526;Gotthelf, Jeremias;;;;
5527;Gottschalk, Engelbert;;;;
5528;Gottschalk, Gertrud Monika;;;;
5529;Gottsponer, Toni;;;;
5530;Gottwaldt, Sandra;;;;
5531;Gottwals, Christel;;;;
5532;Gotzler, Jeremy;Hangaia;männlich;28;https://www.hangaia.de
5533;Goudschmidt, Walburga;;;;
5534;Govinda, Kalashatra;;;;
5535;Goßmann, Evelyn;;;;
5536;Grab, Hermann;;;;
5537;Grabein, Lorena;;;;
5538;Grabenhorst, Klaus;;;;
5539;Graber, Franz;;;;
5540;Graber-Schiltz, Raymonde;;;;
5541;Grabke, Monika;;;;
5542;Grabke, Natalia;;;;
5543;Grabner, Sigrid;;;;
5544;Grabowsky, Regine;;;;
5545;Grace, Emilia;;;;
5546;Grace, Mallory;Mallory Grace;weiblich;;http://die.mallory.hat-gar-keine-homepage.de/
5547;Gracht, Ev von der;;;;
5548;Grade, Chaim;;;;
5549;Grader, Victoria;;;;
5550;Graebel, Christoph;;;;
5551;Graeber, Harry;;;;
5552;Graeff, Alexander;;;;
5553;Graf von der Schulenburg, Bernhard;;;;
5554;Graf, Carolina;;;;
5555;Graf, Edi;;;;
5556;Graf, Florentine;;;;
5557;Graf, Hans-Jürgen;;;;
5558;Graf, Heiner;;;;
5559;Graf, Jan;;;;
5560;Graf, Mia;;;;
5561;Graf, Michael;;;;
5562;Graf, Oliver;;;;
5563;Graf, Oskar Maria;;;;
5564;Graf, Peter;;;;
5565;Graf, Roger;;;;
5566;Graf, Thessa;;;;
5567;Graf, Werner;;;;
5568;Grafenstein, Charlotte;;;;
5569;Graff, Andrea;;;;
5570;Graff, Martin;;;;
5571;Graff, Nicole J.;;;;
5572;Graffmann, Evelina;;;;
5573;Grager, Veronika A.;;;;
5574;Graham, Alan;;;;
5575;Graham, Victoria;;;;
5576;Grains, Robert;;;;
5577;Gralle, Albrecht;;;;
5578;Gram, Manfred;;;;
5579;Gramann, Ulrike;;;;
5580;Gramelsberger, Kerstin;;;;
5581;Graminsky, Thomas;;;;
5582;Grammah, Anna;;;;
5583;Grammel, Klaus;;;;
5584;Grams, Bernd;;;;
5585;Gramsch, Henner;;;;
5586;Grande, Rudi;;;;
5587;Granderath, Christian;;;;
5588;Granderath, Pamela;;;;
5589;Grandt, Michael;;;;
5590;Grandy, Christa;;;;
5591;Granger, TT;TT-Granger;weiblich;;
5592;Grant, Gary;;;;
5593;Grantlhauer, Sepp;;;;
5594;Granzow, Birgit;;;;
5595;Granzow, Peter;;;;
5596;Grapenthin, Elke;;;;
5597;Grascher, Raphael;;;;
5598;Grasegger, Rupp;;;;
5599;Grashoff, David;;;;
5600;Grashoff, Tina;;;;
5601;Grasl, Monika;;;;
5602;Grass, Eva;;;;
5603;Grass, Eve;;;;
5604;Grass, Günter;;;;
5605;Grasse, Anne;sharon62;weiblich;;
5606;Grasse, Claudia;;;;
5607;Grassl, Florian;;;;
5608;Grassmann, Hans-Joachim;;;;
5609;Grathwohl, Dorothea;;;;
5610;Gratias, Carmen Silvia;;;;
5611;Gratias, Gideon;;;;
5612;Gratsch, Albert;;;;
5613;Grau, Esther;;;;
5614;Grau, Ghedeon T.;;;;
5615;Grau, Jarno;;;;
5616;Graufell, Theo;;;;
5617;Graupner, Anna;;;;
5618;Grausgruber, Gabriele;;;;
5619;Grausgruber, Gaby;;;;
5620;Grauwolfzauberer;;;;
5621;Grave, Kim;Kim Grave;;;
5622;Graven, Moa;;;;
5623;Graves, Jessica;;;;
5624;Graw, Hans;;;;
5625;Grawe, Gila;;;;
5626;Grawinkel, Kirsten;;;;
5627;Gray, David;;;;
5628;Gray, Olivia J.;;;;
5629;Grayson, Carol;;;;
5630;Graziano, Tatjana di;;;;
5631;Graßl, Katrin;Kate2311;weiblich;30;https://www.facebook.com/Katrin.Grassl.Autorin1/?ref=aymt_homepage_panel
5632;Gračev, Rid;;;;
5633;Grdseloff, Bernhard;;;;
5634;Greb, Sam;;;;
5635;Grebe, Rainer;;;;
5636;Grebenjuk, Natalia;;;;
5637;Greber, Thomas;;;;
5638;Green, Bonnie;;;;
5639;Green, Felicity;;;;
5640;Green, Joy C.;;;;
5641;Green, Kay;Kay Lynn Green;weiblich;;
5642;Green, Mary;;;;
5643;Greenberg, Martin H.;;;;
5644;Greene, C.;;;;
5645;Greene, Carolina;;;;
5646;Greenman, Moritz;;;;
5647;Gref, Christiane;;;;
5648;Gregg, Stefanie;;;;
5649;Gregor, Susanne;;;;
5650;Gregoritsch, Tatjana;;;;
5651;Grehn, Kai;;;;
5652;Greifenstein, Gina;;;;
5653;Greine, Kerry;;;;
5654;Greiser, Tobias;;;;
5655;Grell, Marcella;;;;
5656;Grell, Petra;PetulkaGrell;weiblich;30;
5657;Greller, Christian;;;;
5658;Greller, Christl;;;;
5659;Grenda, Michaela;;;;
5660;Grenner, Friederike;;;;
5661;Gresh, Lois H.;;;;
5662;Greshake, Gisbert;;;;
5663;Gresslehner, Barbara;;;;
5664;Gressmann, Ursula;;;;
5665;Gretter, Susanne;;;;
5666;Greve, Andreas;;;;
5667;Greve, Gisela;;;;
5668;Greve, Katharina;;;;
5669;Greve, Kurt;;;;
5670;Greven, Jan Maria;;;;
5671;Greven, Ulli;;;;
5672;Grevener, Anja;;;;
5673;Grewe, Cornelia;;;;
5674;Grey, Alexa;oOAlexaOo;weiblich;;https://twitter.com/oOAlexaGreyOo
5675;Grey, Ellen;;;;
5676;Grey, Felicia;Felicia Grey;;;
5677;Greye, Hans-Jürgen;;;;
5678;Greyman, Nancy;;;;
5679;Greß, Tuula;;;;
5680;Griebe, Hans-Joachim;;;;
5681;Griebner, Karoline;;;;
5682;Griebner, Reinhard;;;;
5683;Griep, Wolfgang;;;;
5684;Griepentrog, Petra;;;;
5685;Gries, Alex;;;;
5686;Gries, Thomas Michael;;;;
5687;Griesbach, Corinna;;;;
5688;Grieser, Niclas;;;;
5689;Grieser, Niki;;;;
5690;Grieshaber, Barbara;;;;
5691;Grießer, Anne;;;;
5692;Grießhaber, Sarah;;;;
5693;Grießhammer, Siegfried;;;;
5694;Grießmann, Uwe;;;;
5695;Griffelmagd;;;;
5696;Griffin, Nemesis;Ai Mizuji;weiblich;29;
5697;Grig;;;;
5698;Grigat, Martin;;;;
5699;Grigorcea, Dana;;;;
5700;Grigori, Flora;Flora Grigori;weiblich;28;
5701;Grilc, Ana;;;;
5702;Grilj, Mathias;;;;
5703;Grill, Andrea;;;;
5704;Grill, Evelyn;;;;
5705;Grill, Harald;;;;
5706;Grill, Julian;;;;
5707;Grill, Monika;;;;
5708;Grimm, Adelin;AdelinChristinGrimm;weiblich;30;
5709;Grimm, Alessandra;;;;
5710;Grimm, Annegret;;;;
5711;Grimm, Barbara;;;;
5712;Grimm, Birgitta;;;;
5713;Grimm, Caro;;;;
5714;Grimm, Christian;;;;
5715;Grimm, Christoph;;;;
5716;Grimm, Geli;;;;
5717;Grimm, Hauke von;;;;
5718;Grimm, Jacob;;;;
5719;Grimm, Kasper;;;;
5720;Grimm, Lisa;;;;
5721;Grimm, Petra;;;;
5722;Grimm, Rainer;;;;
5723;Grimm, Romana;;;;
5724;Grimm, Rüdiger;;;;
5725;Grimm, Tom;;;;
5726;Grimm, Ulrike;;;;
5727;Grimm-Eifert, Georg;;;;
5728;Grimmer, Lisa-Marie;;;;
5729;Grimpo, Gina;;;;
5730;Grinschuk, Eugen;;;;
5731;Gripp, Susanne;;;;
5732;Grisebach, Agnes-Marie;;;;
5733;Grissom-Avery, John;;;;
5734;Grjasnowa, Olga;;;;
5735;Grob, Gisela;;;;
5736;Grob, Karl;;;;
5737;Grobe, Dietrich Wilhelm;;;;
5738;Groeger, Manfred;;;;
5739;Groeger, P. G.;;;;
5740;Groetsch, Peter;;;;
5741;Grogg, Susanna;;;;
5742;Groh, Joachim;;;;
5743;Groher, Barbara;;;;
5744;Grohé, Daniel;;;;
5745;Grojlich, Marko;;;;
5746;Grol, Karen;;;;
5747;Groll, Mathias;;;;
5748;Grom, Nicole;;;;
5749;Gronau, Uwe;;;;
5750;Gronauer, Christian;;;;
5751;Grondke, Beate;;;;
5752;Groneberg, David;;;;
5753;Gronemeier, Ingrid;;;;
5754;Gronius, Jörg W.;;;;
5755;Gronwald, Marie;;;;
5756;Groothuis, Rainer;;;;
5757;Gropp, Dieter;;;;
5758;Groppler, Frank;;;;
5759;Gros, Rainer;;;;
5760;Grosche, Erwin;;;;
5761;Gross, Christoph;;;;
5762;Gross, Elvira M.;;;;
5763;Gross, Günter;;;;
5764;Gross, Oliver;;;;
5765;Gross, Rainer;;;;
5766;Gross, Sigrid;;;;
5767;Gross, Viktor;;;;
5768;Grossalber, Sophie;;;;
5769;Grosse, Andrea;;;;
5770;Grosse, Marco;;;;
5771;Grossebner, Elisabeth;;;;
5772;Grosser, Monika;;;;
5773;Grosser, Steffen;;;;
5774;Grosshaus, Peter;;;;
5775;Grossholtforth, Petra;;;;
5776;Grosz, Andreas;;;;
5777;Grosz, George;;;;
5778;Groth, Ernst Johann;;;;
5779;Groth, Karl-Heinz;;;;
5780;Groth, Katharina;;;;
5781;Groth, Silke;;;;
5782;Grotherr, Kevin;;;;
5783;Grothkopp, Nadine;;;;
5784;Grothof-Nouwen, Elly;;;;
5785;Grothues, Britta;;;;
5786;Grothues, Franz Hermann;;;;
5787;Grothus, Claudia;;;;
5788;Grotjahn, Friedrich;;;;
5789;Grow, Daniel;;;;
5790;Groz, Jannechie;;;;
5791;Groß, Alayna Angelika;;;;
5792;Groß, Angelika;;;;
5793;Groß, Brigitte;;;;
5794;Groß, Dieter;;;;
5795;Groß, Harald;;;;
5796;Groß-Bölting, Anna;;;;
5797;Groß-Striffler, Kathrin;;;;
5798;Große-Oetringhaus, Hans-Martin;;;;
5799;Großmann, Heike;;;;
5800;Großmann, Karl-Heinz;;;;
5801;Großmann, Reinhard;;;;
5802;Großmann, Ulf;;;;
5803;Großmayer, Ottilie;;;;
5804;Grube, Anette;;;;
5805;Grube, H.M.;;;;
5806;Grube, Jenny;;;;
5807;Grube-Heinecke, Regine;;;;
5808;Gruber, Adelheid;;;;
5809;Gruber, Alexander;;;;
5810;Gruber, Andreas;;;;
5811;Gruber, Beatrix;;;;
5812;Gruber, Carola;;;;
5813;Gruber, Irina;;;;
5814;Gruber, Kristin;;;;
5815;Gruber, Matthias;;;;
5816;Gruber, Roswitha;;;;
5817;Gruber, S. M.;;;;
5818;Gruber, SM;;;;
5819;Gruber, Sabine M.;;;;
5820;Gruber, Sabrina;;;;
5821;Gruber, Thomas;;;;
5822;Grubhofer, Erich;;;;
5823;Grubišic, Dražen;;;;
5824;Gruczinski, Tina;;;;
5825;Gruen, Suppen;Trollprinzessin;weiblich;;
5826;Gruenter, Undine;;;;
5827;Gruhl, Ingrid;;;;
5828;Gruhn, Anja;;;;
5829;Gruhn, Beate;;;;
5830;Gruler, Roswitha;;;;
5831;Grund, Verena;;;;
5832;Grund, Wolfgang;;;;
5833;Grunddesign Gmbh, Nicola Grund;;;;
5834;Grundel, Heinz;;;;
5835;Grunder, Harald;;;;
5836;Grundmann, Harriet;;;;
5837;Grundtner, Markus;;;;
5838;Grunenberg, Melanie;;;;
5839;Gruner, Gerhard;;;;
5840;Gruner, Paul-Hermann;;;;
5841;Grunewald, Chiara;theangel1997;weiblich;27;
5842;Grunewald, Gerd;;;;
5843;Grunow-Lietz, Wolfgang;;;;
5844;Gruntz-Stoll, Johannes;;;;
5845;Grunwald, Christian;;;;
5846;Grunwald, Irmgard;;;;
5847;Grunwald-Delitz, Karu-Levin;;;;
5848;Grupen, Cornelius;;;;
5849;Gruse, Kerstin;;;;
5850;Grusser, Juanita;;;;
5851;Gruwe, Renegald;;;;
5852;Grynberg, Henryk;;;;
5853;Grzeschista, Maria;;;;
5854;Grzimek, Jürgen;;;;
5855;Gräbeldinger, Alexander;;;;
5856;Gräbener, Marie-Pascale;;;;
5857;Gräbner, Klaus;;;;
5858;Gräfe, Anette;;;;
5859;Gräfe, Philipp;;;;
5860;Gräfin von Rank, Klaudia;;;;
5861;Gräfin von der Schulenburg, Charlotte;;;;
5862;Grässle, Uwe S.;;;;
5863;Gräter, Christa;;;;
5864;Grätsch, Günter;;;;
5865;Gräve, Gert;;;;
5866;Gröbe, Volker;;;;
5867;Gröger, Anita;;;;
5868;Gröger, R.;;;;
5869;Gröhler, Harald;;;;
5870;Grömer, Elfi;;;;
5871;Grömling, Ulrike;;;;
5872;Gröne, Sabine;;;;
5873;Gröner, Gerhard;;;;
5874;Gröning, Alicia-Veronique;;;;
5875;Gröper, Reinhard;;;;
5876;Gröschke, Christian;;;;
5877;Gröschner, Annett;;;;
5878;Größwagen-Obermayr, Deborah;;;;
5879;Grüber, Dietmar;;;;
5880;Grüger, Antje;;;;
5881;Grün, Anselm;;;;
5882;Grün, Iris;;;;
5883;Grün, Liz;;;;
5884;Grün, Max von der;;;;
5885;Grün, Tanja;;;;
5886;Grünbein, Durs;;;;
5887;Grünberg, Lilly;;;;
5888;Grünberg, Marie;;;;
5889;Grünberg, Peter;;;;
5890;Grünberg, Silke;;;;
5891;Grünberger, Chris;;;;
5892;Gründen-Böing, Petra;;;;
5893;Gründinger, Benjamin;;;;
5894;Gründken, Sabine;;;;
5895;Gründler, Jens-Philipp;;;;
5896;Grünebach, Hans-Peter;;;;
5897;Grünebaum, Hannah;;;;
5898;Grüneberger, Ralph;;;;
5899;Grünendieck, Martin;;;;
5900;Grünenwald, Jutta;;;;
5901;Grüner, Armin Karl von;;;;
5902;Grüner, Artur;;;;
5903;Grüner, Camilla;;;;
5904;Grüneweg, Verena;;;;
5905;Grünig, Christoph;;;;
5906;Grüning, Ilona;;;;
5907;Grüninger, Tabea;;;;
5908;Grünwald;;;;
5909;Grünwald, Saga;;;;
5910;Grünwald, Sandra;;;;
5911;Grüschow, Michael;;;;
5912;Grütter-Büchel, Vroni;;;;
5913;Grüttner-Wilke, Alexandra;;;;
5914;Grützner, Ruth;;;;
5915;Gscheidle, Joachim;;;;
5916;Gschwend, Peter;;;;
5917;Gschwendtner, Katharina;;;;
5918;Gsella, Thomas;;;;
5919;Gsottberger, Rita;;;;
5920;Gstrein, Norbert;;;;
5921;Gstättner, Egyd;;;;
5922;Gstöttner, Maximilian;;;;
5923;Guareschi, Giovannino;;;;
5924;Guba, Ragnar;;;;
5925;Guckst du facebook, Jessica;Kitty11;weiblich;27;https://www.facebook.com/jessica.brahms.96
5926;Guderjahn, Heike;;;;
5927;Guerel, Simon;;;;
5928;Guery, Michael;;;;
5929;Gugel, Fabius von;;;;
5930;Gugel, Petra;;;;
5931;Gugelberger, Marius;;;;
5932;Gugelhupf, Gugelhupf;Gugelhupf;weiblich;27;
5933;Guggemos, Thomas;;;;
5934;Guggenberger, Fred;;;;
5935;Guggenheim, Alexandra;;;;
5936;Gugisch, Peter;;;;
5937;Gugić, Sandra;;;;
5938;Guhr, Sebastian;;;;
5939;Guhr-Biermann, Sabine;;;;
5940;Gulde, Anuschka;;;;
5941;Gulden, Alfred;;;;
5942;Gullner, Roswitha;;;;
5943;Gumnior-Schwelm, Hilde;;;;
5944;Gumpp, Rainer;;;;
5945;Gundel, Karin;;;;
5946;Gundel, Matthias;;;;
5947;Gundel, Sascha;;;;
5948;Gundermann, Charlotte;;;;
5949;Gundlach, Alida;;;;
5950;Gundlach, Axel;;;;
5951;Gungl, Petra K.;;;;
5952;Gunia, Monika;;;;
5953;Gunkel, Horst;;;;
5954;Gunkel, Patricia M.;;;;
5955;Gunsch, Reinhard;;;;
5956;Gunschera, Andrea;;;;
5957;Gunsteren, Dirk van;;;;
5958;Guntermann, Georg;;;;
5959;Guntern, Philipp;;;;
5960;Gunther, Oliver;;;;
5961;Guntner, Oliver;;;;
5962;Guntz, Emma;;;;
5963;Gurenko, Mel;;;;
5964;Gurke Stiel, Hanne;;;;
5965;Gurtner, Helga;;;;
5966;Gurtner, Stefan;;;;
5967;Guse, Juan S.;;;;
5968;Guss, Kurt;;;;
5969;Gust, Anja;;;;
5970;Gut, Meret;;;;
5971;Gut, Peter;;;;
5972;Gutacker, Kai;;;;
5973;Guterland (Pseudonym), Miriam;;;;
5974;Guth, Dietmar;;;;
5975;Gutheil, Werner;;;;
5976;Gutjahr, Nico;;;;
5977;Gutjahr, Werner;;;;
5978;Gutmair, Ulrich;;;;
5979;Gutmann, Corina;;;;
5980;Gutmann, Hermann;;;;
5981;Gutmann, Vera;;;;
5982;Gutsch, Sabine;;;;
5983;Gutsche, Edda;;;;
5984;Gutsche, Leon;;;;
5985;Gutschke, Irmtraud;;;;
5986;Guttandin, Beate;;;;
5987;Guttmann, Richard;;;;
5988;Guttropf, Walter;;;;
5989;Gutz, Nathali;;;;
5990;Gutzeit, Anne-Erdmute;;;;
5991;Gutzeit, Hartmut;;;;
5992;Gutzeit, Sascha;;;;
5993;Guye, Roland;;;;
5994;Guzda, Jürgen-T.;;;;
5995;Guzinski, Viktor;;;;
5996;Gußmann, Götz;;;;
5997;Guțu, George;;;;
5998;Gwilt, Susanne;;;;
5999;Gyadu, Silke;;;;
6000;Gylfisdottir, Freya;Freya Gylfisdottir;;;
6001;Gyo, Michelle;;;;
6002;Gänzler, Andrea;;;;
6003;Gänzler, Emma;;;;
6004;Gärisch, André;;;;
6005;Gärtner, Jens;;;;
6006;Gärtner, Marcus;;;;
6007;Gärtner, Mark;;;;
6008;Gärtner, Michael;;;;
6009;Gärtner, Roland E.;;;;
6010;Gässler, Horst;;;;
6011;Gätje, Hermann;;;;
6012;Gätjens, Emil;;;;
6013;Gómez-Montero, Javier;;;;
6014;Gómez-Montero, Karina;;;;
6015;Göbel, Gabriele M.;;;;
6016;Göbel, Gerhard R.;;;;
6017;Göbel, Inge;;;;
6018;Göbel, Katharina;;;;
6019;Göbel, Kerstin;;;;
6020;Göbel, Linda;;;;
6021;Göbel, Lisa-Maria;;;;
6022;Göbel, Max;;;;
6023;Göbel, Sibylle;;;;
6024;Göbel, Stephan;;;;
6025;Göddemeyer, Katja;;;;
6026;Göddemeyer, Lorenz;;;;
6027;Gödden, Walter;;;;
6028;Gödecke, August;;;;
6029;Gödecke, Mechtild M.;;;;
6030;Gögel, Brit;;;;
6031;Gögele, Anton;;;;
6032;Göhr, Michaela;;;;
6033;Göhre, Frank;;;;
6034;Göhring, Elisabeth;;;;
6035;Gökmen, Bahadir;;;;
6036;Göldner, Frank;;;;
6037;Gölitzer, Ekkehard;;;;
6038;Göller, Nerenea;Nerenea;weiblich;40;
6039;Gölsdorf, Jule;;;;
6040;Gölzenleuchter, Horst-Dieter;;;;
6041;Gölß, Ines;;;;
6042;Gölß, Michael Remus;;;;
6043;Gömann, Melanie;;;;
6044;Göpel, Claudia;;;;
6045;Göpel, Marielise;;;;
6046;Göpferich, Manuel;;;;
6047;Göppl, Ellen;;;;
6048;Gördes, Beate;;;;
6049;Görg, Norbert;;;;
6050;Görges, Eleonore;;;;
6051;Göring, Daniel;;;;
6052;Görke, Wolfgang;;;;
6053;Görl, Wolfgang;;;;
6054;Görlitzer, Sebastian;;;;
6055;Görner, Rüdiger;;;;
6056;Görner-Fader, Irmgard;;;;
6057;Görres, Carmen;;;;
6058;Görtler, Rebekka;;;;
6059;Görtz, Sebastian;;;;
6060;Göske, Daniel;;;;
6061;Gössmann, Wilhelm;;;;
6062;Göstemeyer, Albrecht;;;;
6063;Göthling, Maria;;;;
6064;Göthner, Peter;;;;
6065;Götte, Rose;;;;
6066;Göttel, Heinrich;;;;
6067;Götterwind, Jerk;;;;
6068;Göttfert, Constantin;;;;
6069;Göttler, Hans;;;;
6070;Göttler, Norbert;;;;
6071;Göttmann, Holger;;;;
6072;Götz, Hermann;;;;
6073;Götz, Jörg;;;;
6074;Götz-Wittekind, Karola;;;;
6075;Götze, Cornelia;;;;
6076;Götze-Happe, Astrid;;;;
6077;Götzfried, Edith;;;;
6078;Gößling, Andreas;;;;
6079;Güllich, Rainer;;;;
6080;Gülpers, Josef;;;;
6081;Gülzow, Anni;;;;
6082;Günay, Merih;;;;
6083;Günder-Freytag, Antonia;;;;
6084;Güngör, Dilek;;;;
6085;Günsberg, Alex;;;;
6086;Günsberg, Alexander;;;;
6087;Güntemur, Timur;;;;
6088;Günterberg, Gudrun;;;;
6089;Güntermann, Oskar;;;;
6090;Günther, Brigitte;;;;
6091;Günther, Christian;;;;
6092;Günther, Florian;;;;
6093;Günther, Jennifer;;;;
6094;Günther, Lea;;;;
6095;Günther, Leonard;Leo1200;männlich;25;
6096;Günther, Markus;;;;
6097;Günther, Michaela;;;;
6098;Günther, Sabine Eleonore;;;;
6099;Günther, Sylvia;;;;
6100;Güntner, Gerald;;;;
6101;Güntner, Verena;;;;
6102;Güntzel, Joachim;;;;
6103;Günzel, Wolf Richard;;;;
6104;Gürtner, Lucienne;;;;
6105;Güth, Christiane;;;;
6106;Güth, Gudrun;;;;
6107;Gütter, Georg;;;;
6108;Güttler, Bettina;;;;
6109;Güvenli, Asiye Müjgan;;;;
6110;H., A.-L.;Bellathea17;weiblich;;
6111;H., Chris;SceaAurvandill;weiblich;36;
6112;H., Nataly;;;;
6113;H.W. und A.S., H.W. und;;;;
6114;HASAN, Iyad;;;;
6115;HENISCH, PETER;;;;
6116;Ha., Ha.;;;;
6117;Haack, Helmut;;;;
6118;Haacker, Christoph;;;;
6119;Haaften, Noor van;;;;
6120;Haag, Barbara;;;;
6121;Haag, Michael;;;;
6122;Haager, Martina;;;;
6123;Haak, Andrea;;;;
6124;Haak, Rainer;;;;
6125;Haar, Heinrich von der;;;;
6126;Haar, Jutta;;;;
6127;Haaren, Hinrich von;;;;
6128;Haaring-Kappel, Eva;;;;
6129;Haarmann, Hermann;;;;
6130;Haarmeyer, Deborah;;;;
6131;Haarvardsholm, Espen;;;;
6132;Haas, Christoph;;;;
6133;Haas, Fabian;;;;
6134;Haas, Gerhard;;;;
6135;Haas, Heidi;;;;
6136;Haas, Marcus;;;;
6137;Haas, Margit;;;;
6138;Haas, Maria;;;;
6139;Haas, Michael;;;;
6140;Haas, Monika;;;;
6141;Haas, Sonja;;;;
6142;Haas, Ulrich;;;;
6143;Haas, Ursula;;;;
6144;Haase, Annika;;;;
6145;Haase, Bettina;;;;
6146;Haase, Claudia;;;;
6147;Haase, Conrad;;;;
6148;Haase, Friedrich Wilhelm;;;;
6149;Hab ich den????, Andrea;OnkelErni;weiblich;59;
6150;Hab ich net, Jojo;Lalala-chan;weiblich;;http://lalala-chan-fanfiction.webnode.com/
6151;Hab ich, Melissa;bengel;weiblich;;
6152;Habe ich auch., Habe ich sogar zwei.;TigerNagato;weiblich;;https://www.facebook.com/TigerNagato/
6153;Habel, Ernst-Diedrich;;;;
6154;Habel, Michael;;;;
6155;Habel, Peter;;;;
6156;Habeney, Andrea;;;;
6157;Habenicht, Tobias;;;;
6158;Haber, Isabell;;;;
6159;Haberhausen, Heribert;;;;
6160;Haberich, Max;;;;
6161;Haberkamm, Helmut;;;;
6162;Haberland, Frank;;;;
6163;Haberland, Marie;;;;
6164;Haberland, Susanne;;;;
6165;Habermann, Christian;;;;
6166;Habermann, Christin;;;;
6167;Habermehl, Edda;;;;
6168;Habermeier, Silvia;;;;
6169;Haberstich, Kurt;;;;
6170;Habert, Jesko;;;;
6171;Habets, Renate;;;;
6172;Habibzadeh, Saeed;;;;
6173;Habicht, Katja;;;;
6174;Habricht, Uwe;;;;
6175;Habringer, Rudolf;;;;
6176;Habsch vorgesn, Anne;Tracker;weiblich;;http://www.startrek-pada.de
6177;Haccius, Manon;;;;
6178;Hach, Lena;;;;
6179;Hache, Volkmar;;;;
6180;Hachenberg, Katja;;;;
6181;Hachmann, Christoph;;;;
6182;Hachtel, Wolfgang;;;;
6183;Hack, Christoph-Eric;;;;
6184;Hackbart, Karin;;;;
6185;Hacke, Axel;;;;
6186;Hackel, Franz-Heinrich;;;;
6187;Hackel, Rainer;;;;
6188;Hackenberg, Christoph;;;;
6189;Hacker, Katharina;;;;
6190;Hackert, Fritz;;;;
6191;Hackett, Pete;;;;
6192;Hackhe, Ulrich;;;;
6193;Hackl, Anna;;;;
6194;Hackl, Erich;;;;
6195;Hackl, Gernot;;;;
6196;Hackl, Heidi;;;;
6197;Hacklinger, Anschi;;;;
6198;Hadder, Karl-Heinz;;;;
6199;Haddock, Anne;Hiccanne;weiblich;33;
6200;Haderlapp, Maja;;;;
6201;Hadulla, Werner;;;;
6202;Hadwiger, Heinz H.;;;;
6203;Hadwiger, Heinz-Helmut;;;;
6204;Haefs, Gabriele;;;;
6205;Haefs, Gisbert;;;;
6206;Haehnel, Tom;;;;
6207;Haero, Bruna;;;;
6208;Haertel-Rosée, Ingrid;;;;
6209;Haesty, Mick;;;;
6210;Hafen, Carolin Michaela;;;;
6211;Hafenmayer, Christiane;;;;
6212;Hafenmayer, Mayte;;;;
6213;Haferland, Iris Nicola;;;;
6214;Haffmans, Gerd;;;;
6215;Haffner, Allan;;;;
6216;Hafner, Helmut;;;;
6217;Hagel, Andy;;;;
6218;Hagelmaier, Max;;;;
6219;Hagelstein, Anne;;;;
6220;Hagemann, Anke;;;;
6221;Hagemann, Gerhard;;;;
6222;Hagemann, Inga;;;;
6223;Hagemann, Lilli;;;;
6224;Hagemeister, Sarah;;;;
6225;Hagen, ...;;;;
6226;Hagen, Barbara;;;;
6227;Hagen, Bodo F.;;;;
6228;Hagen, Jenny;;;;
6229;Hagen, Joachim;;;;
6230;Hagen, Louis;;;;
6231;Hagen, Ludwig;;;;
6232;Hagen, Norbert;;;;
6233;Hagen, Petra;;;;
6234;Hagenacker, Hermann;;;;
6235;Hagenmaier, Heike;;;;
6236;Hagenunger, Arno;;;;
6237;Hagenunger, Bernd;;;;
6238;Hager, Anja;;;;
6239;Hager, Gabriele;;;;
6240;Hages, Judith;;;;
6241;Hagspiel, Linda;;;;
6242;Hahn, André;;;;
6243;Hahn, Asmara;;;;
6244;Hahn, Christiane;;;;
6245;Hahn, Diana L.;;;;
6246;Hahn, Felicitas;;;;
6247;Hahn, Heidi;;;;
6248;Hahn, Horst;;;;
6249;Hahn, Manfred;;;;
6250;Hahn, Marianne;;;;
6251;Hahn, Michael-Johannes;;;;
6252;Hahn, Nikola;;;;
6253;Hahn, Reinhardt O.;;;;
6254;Hahn, Ronald M.;;;;
6255;Hahn, Sebastian;;;;
6256;Hahn, Ulla;;;;
6257;Hahn-Lütjen, Petra;;;;
6258;Hahnfeld, Andrea;;;;
6259;Haidegger, Christine;;;;
6260;Haider, Andreas;;;;
6261;Haider, Edith;;;;
6262;Haider, Lydia;;;;
6263;Haiderer, Rudolfine;;;;
6264;Haidn, Hela;;;;
6265;Hainer, Georg;;;;
6266;Hainer, Lukas;;;;
6267;Hainer, Tobias;;;;
6268;Hainlein, Gerhard;;;;
6269;Hainwald, E.F. v.;;;;
6270;Haischer, Peter-Henning;;;;
6271;Hajak, Rita;;;;
6272;Hakenberg, Sarah;;;;
6273;Hakenjos, Peter;;;;
6274;Haker, Hartmut W.;;;;
6275;Halbleib, Susanne;;;;
6276;Halbmeyer, Tabea;;;;
6277;Halbreiter, Hans-Werner;;;;
6278;Hald, Katja;;;;
6279;Hald-Greiner, Monika;;;;
6280;Hald-Hübner, Brigitte;;;;
6281;Halder, Michaela;;;;
6282;Haldimann, Andreas;;;;
6283;Halenta, Brigitte;;;;
6284;Halenza, Ada;;;;
6285;Halewitsch, Brigitte;;;;
6286;Halfon, Adi;;;;
6287;Halimi, Aidin;;;;
6288;Hall, Carlie;;;;
6289;Hall, Vivian;;;;
6290;Hallberg, Sibylle;;;;
6291;Halldór Guðmundsson;;;;
6292;Halle, Reiner;;;;
6293;Haller, Andreas;;;;
6294;Haller, Fred;;;;
6295;Haller, Marita;;;;
6296;Haller, Michèle;;;;
6297;Haller, Rita;;;;
6298;Haller-Martin, Christine;;;;
6299;Hallermayer-Jahreiß, Evi;;;;
6300;Hallmann, Klara;;;;
6301;Hallé, Fyona A.;;;;
6302;Halotta, Martin;;;;
6303;Halouska, Alexandra;;;;
6304;Halter, Ernst;;;;
6305;Halter, Leonie;;;;
6306;Halvax, Verena;;;;
6307;Hamacher, Marc;;;;
6308;Hamade, Houssam;;;;
6309;Hamadeh Dhambri, Peggy;;;;
6310;Hamadeh, Anis;;;;
6311;Hamani, Yōko;;;;
6312;Hamann, Anneliese;;;;
6313;Hamann, Christof;;;;
6314;Hamann, Kalle;;;;
6315;Hamann, René;;;;
6316;Hamannt, Michael;;;;
6317;Hambuch, Monika;;;;
6318;Hambüchen, Bernd;;;;
6319;Hamersky, Ursula;;;;
6320;Hametner, Michael;;;;
6321;Hamid, Ishraga;;;;
6322;Hamid, Ishraga Mustafa;;;;
6323;Hamm, Wolf;;;;
6324;Hamma-van Dinther, Stephanie;;;;
6325;Hammer, Christoph;;;;
6326;Hammer, Eva;;;;
6327;Hammer, Gudrun;;;;
6328;Hammer, Horst;;;;
6329;Hammer, Mario;;;;
6330;Hammer, Renate;;;;
6331;Hammer, Sabine;;;;
6332;Hammer, Tanja;;;;
6333;Hammerer, Philipp;;;;
6334;Hammerl, Elfriede;;;;
6335;Hammers, Irmgard;;;;
6336;Hammerschmidt, Jupp;;;;
6337;Hammerschmidt, Regina;;;;
6338;Hammes, Marion;;;;
6339;Hammes, Uschi;;;;
6340;Hamudi, Darius Hamidzadeh;;;;
6341;Han, Aro;;;;
6342;Hancock, Sarah;;;;
6343;Handabura, Alwine;;;;
6344;Handel, Christian;;;;
6345;Handge, Renate;;;;
6346;Handl, Haimo L.;;;;
6347;Handl, Rainer;;;;
6348;Handschuh, Franz;;;;
6349;Handwerk, Mathias;;;;
6350;Haneborger, Lübbert R.;;;;
6351;Hanekamp, Tino;;;;
6352;Hanel, Bernd Michael;;;;
6353;Hanel, Michaela;;;;
6354;Hanel, Ute;;;;
6355;Hanelt, Marlies;;;;
6356;Hanf, Elfriede;;;;
6357;Hanik, Jürgen;;;;
6358;Hanika, Tanja;;;;
6359;Hanisch, Helmut;;;;
6360;Hanka, Inga;;;;
6361;Hankard, Frieder;;;;
6362;Hanke, Alexandra;;;;
6363;Hanke, Jasmin;;;;
6364;Hanke, Mona;;;;
6365;Hanke, Monika;;;;
6366;Hanke, Traudel;;;;
6367;Hanke-Grillenberger, Hildegard;;;;
6368;Hann, Dietmar;;;;
6369;Hannak, Elisabeth;;;;
6370;Hannelore Schmidt-Hoffmann, Hannelore;;;;
6371;Hannemann, Keno;;;;
6372;Hannemann, Uli;;;;
6373;Hannen, Beate;;;;
6374;Hannig, Heinke;;;;
6375;Hannig, Lars;;;;
6376;Hans-Christian, Tappe;;;;
6377;Hanschke (Klabund), Alfred Georg Hermann;;;;
6378;Hansemann, Lieselotte;;;;
6379;Hansen, Anja;;;;
6380;Hansen, Bernd;;;;
6381;Hansen, Johanna;;;;
6382;Hansen, Klaus;;;;
6383;Hansen, Konrad;;;;
6384;Hansen, Sönke;;;;
6385;Hansen, Thomas Sönke;;;;
6386;Hanses, Agathe;;;;
6387;Hanses, Leon;QuarterLife;männlich;25;
6388;Hanslik, Christel;;;;
6389;Hanson, Thorsten;;;;
6390;Hanssen, Ute;;;;
6391;Hanta, Karin;;;;
6392;Hantsch, Eric;;;;
6393;Hanuschek, Sven;;;;
6394;Happ, Rüdiger;;;;
6395;Happe, Hanna;;;;
6396;Happel, Lioba;;;;
6397;Happel, Wilfried;;;;
6398;Happy, Miss;misshappyx3;weiblich;;
6399;Har-Gîl, Šerāgā;;;;
6400;Hara, Esteva;;;;
6401;Harbauer, Peter;;;;
6402;Harbecke, Ulrich;;;;
6403;Hard, Lance;;;;
6404;Hardam, Werner;;;;
6405;Hardeland, Gretel;;;;
6406;Harder, Corinna;;;;
6407;Harder, Irmgard;;;;
6408;Harder, Natalie;;;;
6409;Harder, R.;;;;
6410;Harding, Elli;;;;
6411;Hardinghaus, Christian;;;;
6412;Hardmann, Clemens;;;;
6413;Hardt Hardtloff, Rena;;;;
6414;Hardt, Daniel;;;;
6415;Hardt, Regina;;;;
6416;Hardtke, D. B.;;;;
6417;Hardwiger, Nadin;;;;
6418;Hardy, Sallie;;;;
6419;Harf, Tina;;;;
6420;Harfner, Mario;;;;
6421;Hargens, Jürgen;;;;
6422;Harhues, Dieter;;;;
6423;Harich, Michaela;;;;
6424;Harig, Ludwig;;;;
6425;Haring, Roswitha;;;;
6426;Harjes, Stefanie;;;;
6427;Harlan, Thomas;;;;
6428;Harlekin;;;;
6429;Harmening, Björn;;;;
6430;Harmer, Alice;;;;
6431;Harmondy, E.S.;;;;
6432;Harmonics, Blacky;Black Harmonics;weiblich;;https://avalanche.iphpbb3.com/forum/portal.php?nxu=32819700nx63114
6433;Harms, Imma Luise;;;;
6434;Harms, Roswita;;;;
6435;Harms, Sonja;;;;
6436;Harms, Wilfried;;;;
6437;Harmtodt-Rudolf, Marlene;;;;
6438;Harney, Heide;;;;
6439;Harper, Ursula;;;;
6440;Harrach, Stephanie von;;;;
6441;Harrer, Isabelle;;;;
6442;Harries-Hedder, Karin;;;;
6443;Harris, Kimberly;;;;
6444;Harry, Mona;;;;
6445;Hars, Silke;;;;
6446;Harsley, Ash;Orpheus Harsley;männlich;21;
6447;Harss, Cornelia;;;;
6448;Harstick, Johannes;;;;
6449;Hart, Nina;;;;
6450;Hartanto, Sonja;;;;
6451;Harte, Mara;;;;
6452;Hartenstein, Elfi;;;;
6453;Hartenstein, Holger;;;;
6454;Hartewig, Karin;;;;
6455;Hartge, Reimar;;;;
6456;Harth, Alexander;;;;
6457;Harth, Ulli;;;;
6458;Harth, Valentina;;;;
6459;Hartinger, Christel;;;;
6460;Hartinger, Wolfgang;;;;
6461;Hartl, Birgit I.;;;;
6462;Hartl, Harald;;;;
6463;Hartl, Ilse;;;;
6464;Hartl, Lena;;;;
6465;Hartlage, Marcel;;;;
6466;Hartlap, Detlef;;;;
6467;Hartlaub, Geno;;;;
6468;Hartlieb, Petra;;;;
6469;Hartmann, Anke;;;;
6470;Hartmann, Annett;;;;
6471;Hartmann, Chris;;;;
6472;Hartmann, Christoph;;;;
6473;Hartmann, Erika;;;;
6474;Hartmann, Fred;;;;
6475;Hartmann, Gabriele;;;;
6476;Hartmann, Günter;;;;
6477;Hartmann, Horst Ingwert;;;;
6478;Hartmann, Jonis;;;;
6479;Hartmann, Laszlo;;;;
6480;Hartmann, Lutz;;;;
6481;Hartmann, Marcel;;;;
6482;Hartmann, Reinhold;;;;
6483;Hartmann, Sabine;;;;
6484;Hartmann, Sascha;;;;
6485;Hartmann, Sebastian;;;;
6486;Hartmann, Susanne;;;;
6487;Hartmann, Ulrich;;;;
6488;Hartmann, Ute;;;;
6489;Hartmann-Heesch, Heike Suzanne;;;;
6490;Hartmetz-Sager, Olga;;;;
6491;Hartung, Alicia;;;;
6492;Hartung, D.;;;;
6493;Hartung, Hendrikje;;;;
6494;Hartung, Johanna Franziska;;;;
6495;Hartwell, Katharina;;;;
6496;Harupka, Marita;;;;
6497;Hary, Wilfried A.;;;;
6498;Hascher, Marina;;;;
6499;Haslehner-Götz, Elfriede;;;;
6500;Hasler, Anja;;;;
6501;Hasler, Etrit;;;;
6502;Hasler, Eveline;;;;
6503;Haslhofer, Jurek;;;;
6504;Hass, Niko;;;;
6505;Hassa, Adin;;;;
6506;Hassel, Anne;;;;
6507;Hasselmann, D. O.;;;;
6508;Hasselmann, Karl-Heinz;;;;
6509;Hasselmann, Varda;;;;
6510;Hassels, Sevac;Hassels;männlich;61;
6511;Hassiepen, Peter-Andreas;;;;
6512;Hassler, Silke;;;;
6513;Hastmann, Edith;;;;
6514;Hattem, Brigitte van;;;;
6515;Hattendorf, Manfred;;;;
6516;Hatter, Mad;Michiru Kita;weiblich;29;http://timelss-bar.tumblr.com/
6517;Hatter, Madeline;Maddy-Gina;weiblich;;
6518;Hatting, Laura Juliane;;;;
6519;Hatting, Maximilian;;;;
6520;Hatwas, Eugene;;;;
6521;Hatzenbichler, Michael;;;;
6522;Hau Juris, Carola;;;;
6523;Hau, Hannelore;;;;
6524;Haubenreißer, Uwe;;;;
6525;Haubner, Anne;;;;
6526;Haubold, Bettina;;;;
6527;Haubold, Frank W.;;;;
6528;Haubold, Lutz;;;;
6529;Haubrich, Marion;;;;
6530;Hauck, Clemens;;;;
6531;Hauck, Gertrude;;;;
6532;Hauck, Thomas J.;;;;
6533;Hauenstein, Hans Ulrich;;;;
6534;Hauer, Florian;;;;
6535;Hauer, Sina;;;;
6536;Hauf, Heike;;;;
6537;Hauff, Wilhelm;;;;
6538;Haug, Gunter;;;;
6539;Haug, Leonie;;;;
6540;Haug, Susanne;;;;
6541;Haug, Walther;;;;
6542;Haugg, Antje;;;;
6543;Haumann-Fürst, Evelyn;;;;
6544;Haunold, Judith;;;;
6545;Haupt, Antonie;;;;
6546;Haupt, Bertram;;;;
6547;Haupt, Isabella;;;;
6548;Haupt, Linda Marie;;;;
6549;Haupt, Sabine;;;;
6550;Haupt, Sven;;;;
6551;Haupt, Wilhelm;;;;
6552;Hauptmann, Carl;;;;
6553;Hauptmann, Gaby;;;;
6554;Hauptmann, Tatjana;;;;
6555;Hauptmeier, Ariel;;;;
6556;Hauptvogel, Frank;;;;
6557;Hausammann, Flora;;;;
6558;Hausberg, Klaus-Peter;;;;
6559;Hauschild, Jens;;;;
6560;Hauschild, Vera;;;;
6561;Hausdorf, Haike;;;;
6562;Hausdörfer, Erika;;;;
6563;Hausemer, Georges;;;;
6564;Hausen, Rita;;;;
6565;Hausen-Kalcher, Urslua;;;;
6566;Hauser, Erik;;;;
6567;Hauser, Franziska;;;;
6568;Hauser, Kyra;;;;
6569;Hauser, Lena;;;;
6570;Hauser, Petra;;;;
6571;Haushofer, Marlen;;;;
6572;Haushofer-Merk, Emma;;;;
6573;Hausin, Manfred;;;;
6574;Hausknecht, Ingrid;;;;
6575;Hausmann, Eva;;;;
6576;Hausmann, Jürgen B.;;;;
6577;Hausmann, Manfred;;;;
6578;Hauswald, Doreen;;;;
6579;Hauswald, Harald;;;;
6580;Hauswald, Leif;;;;
6581;Hauswirth, Gerrit;;;;
6582;Haut, Elke;;;;
6583;Hauth, Brigitte;;;;
6584;Hauthal, Uta;;;;
6585;Hauthal-Stegner, Hildrun;;;;
6586;Hauyn, Topaz;;;;
6587;Haußmann, Renate;;;;
6588;Havas, Harald;;;;
6589;Havenne, Therese;;;;
6590;Haverkamp, Cornelia;;;;
6591;Havlik, Thomas;;;;
6592;Havroš, Oleksandr Djulovyč;;;;
6593;Hawighorst, Ulrich;;;;
6594;Hawkes, Karin;;;;
6595;Haydn, Wolfgang;;;;
6596;Haymann, Angelika;;;;
6597;Hazivar, Peter;;;;
6598;Haß, Indira;;;;
6599;Haßfeld, Manfred;;;;
6600;Haßlauer, Gabriele;;;;
6601;Haßlauer, Hans;;;;
6602;Hc, Nurenja;Nuria99;weiblich;25;
6603;He, Gen De;;;;
6604;Head, Gizmo;Giymo11;;;
6605;Health, Notizbuch;;;;
6606;Heaven, Mia;;;;
6607;Hebauf, Kerstin;;;;
6608;Hebben, Frank;;;;
6609;Hebel, Johann Peter;;;;
6610;Hebel, Randolf;;;;
6611;Heber, Lutz;;;;
6612;Heberling, Carolina;;;;
6613;Hebert, Nadja;;;;
6614;Hechenberger, Anne;;;;
6615;Hecht, Dagmar;;;;
6616;Hecht-Aichholzer, Doris;;;;
6617;Hechtl, Michael;;;;
6618;Heck, Elisabeth;;;;
6619;Heck, Marlies;;;;
6620;Heck, Nora;;;;
6621;Hecke, Andreas;;;;
6622;Heckel, Max;;;;
6623;Hecken, Nina;;;;
6624;Heckendorn, Thomas;;;;
6625;Hecker, Bernhard;;;;
6626;Heckl, Stefanie;;;;
6627;Heckmann, Andreas;;;;
6628;Heckmann, Herbert;;;;
6629;Heckmann, Ines;;;;
6630;Heckmann, Sylvia M.;;;;
6631;Hedayati-Aliabadi, Minu;;;;
6632;Hedderich, Gitte;;;;
6633;Heer, Gottfried;;;;
6634;Heer, Jone;;;;
6635;Heerde, Birgit;;;;
6636;Heesch, Detlef;;;;
6637;Hefel, Vladimir;;;;
6638;Hefti, Miriam;;;;
6639;Hefti-Rüegg, Trudi;;;;
6640;Hegemann, Helene;;;;
6641;Hegemann, Joanna;;;;
6642;Hegemann, Martina;;;;
6643;Hegewald, Andreas;;;;
6644;Hehl, Simone;;;;
6645;Hehn, Hermann;;;;
6646;Heib, Marina;;;;
6647;Heibl, Margit;;;;
6648;Heid, Tschakeliiiiine :);Jacky-Angel;weiblich;30;
6649;Heide, Hans-Georg;;;;
6650;Heidegger, Günther;;;;
6651;Heidegger, Günther George;;;;
6652;Heidelbach, Nikolaus;;;;
6653;Heidelberg, Bianca;;;;
6654;Heidemann, Thomas;;;;
6655;Heidemeyer, Christian;;;;
6656;Heidenberger, Felix;;;;
6657;Heidenfeldt, Marie Luise;;;;
6658;Heidenreich, Elke;;;;
6659;Heidenreich, Gudrun;;;;
6660;Heider, Ekaterina;;;;
6661;Heider, Jürgen;;;;
6662;Heider, Silvia;;;;
6663;Heider, Stephan;;;;
6664;Heider, Vivi;;;;
6665;Heidgen, Michael;;;;
6666;Heidingsfelder, Fred;;;;
6667;Heidingsfelder, Georg;;;;
6668;Heidl, Rike;Rike Heidl;weiblich;25;
6669;Heidler, Jana;;;;
6670;Heidorn, Fritz;;;;
6671;Heidrich, Gerhard Alfred;;;;
6672;Heidrich, Marina;;;;
6673;Heidrun, Biallowons;;;;
6674;Heidtmann, Andreas;;;;
6675;Heikamp, Heinrich;;;;
6676;Heikamp, J. Heinrich;;;;
6677;Heikamp, Johann Heinrich;;;;
6678;Heil, Heidrun;;;;
6679;Heil, Jenny;;;;
6680;Heil, Monika;;;;
6681;Heiland, Gunter;;;;
6682;Heiland, Holger;;;;
6683;Heiland, Michael;;;;
6684;Heilig, Janos;;;;
6685;Heilmann, Karsten;;;;
6686;Heilmann, Sabine;;;;
6687;Heilmann, Sabrina;Sabrina Heilman;weiblich;32;https://www.facebook.com/sabrinaheilmann.autorin
6688;Heilmann-Märzweiler, Leni;;;;
6689;Heilpern, Jorge;;;;
6690;Heim, Bernadette;;;;
6691;Heim, Günther;;;;
6692;Heim, Heidi Christa;;;;
6693;Heim, Ingrid;;;;
6694;Heim, Peter B.;;;;
6695;Heim, Ria;;;;
6696;Heim, Sören;;;;
6697;Heimann, Bodo;;;;
6698;Heimann, Katja;;;;
6699;Heimann, Michael;;;;
6700;Heimberg, Katja;;;;
6701;Heimes, Silke;;;;
6702;Heimowski, Uwe;;;;
6703;Hein, Angelika;;;;
6704;Hein, Christoph;;;;
6705;Hein, Ezo;;;;
6706;Hein, Günter;;;;
6707;Hein, Jakob;;;;
6708;Hein, Luise;;;;
6709;Hein, Silke;;;;
6710;Hein, Silvia;;;;
6711;Heine, Carola;;;;
6712;Heine, E. W.;;;;
6713;Heine, Ernst W.;;;;
6714;Heine, FeanorCurufinwe;FeanorCurufinwe;männlich;;
6715;Heine, Felicitas;;;;
6716;Heine, Heinrich;;;;
6717;Heine, Horst;;;;
6718;Heine, Kerstin;;;;
6719;Heine, Laura;;;;
6720;Heine, Matthias;;;;
6721;Heine, O. P. L. A.;;;;
6722;Heine, Sebastian;;;;
6723;Heinemann, Dagmar;;;;
6724;Heinemann, Elisabeth;;;;
6725;Heinemann, Elke;;;;
6726;Heinemann, Fred;;;;
6727;Heinemann, Heinz-Richard;;;;
6728;Heinemann, Rolf;;;;
6729;Heinemann, Werner;;;;
6730;Heinen, Markus;;;;
6731;Heinichen, Kurt E.;;;;
6732;Heinichen, Margarete;;;;
6733;Heinicke, Markus;;;;
6734;Heiniger, Tinu;;;;
6735;Heining, Franzi;;;;
6736;Heinrich, Brigitte;;;;
6737;Heinrich, Carmen;;;;
6738;Heinrich, Chereen;;;;
6739;Heinrich, Finn-Ole;;;;
6740;Heinrich, Franz Josef;;;;
6741;Heinrich, Gabriele;;;;
6742;Heinrich, Gottfried Ph.;;;;
6743;Heinrich, Hans;;;;
6744;Heinrich, Ina;;;;
6745;Heinrich, Janek;;;;
6746;Heinrich, Karin;;;;
6747;Heinrich, Lutz O.;;;;
6748;Heinrich, Martin;;;;
6749;Heinrich, Nils;;;;
6750;Heinrich, Susanne;;;;
6751;Heinrichs, Britta;;;;
6752;Heinrichs, Kathrin;;;;
6753;Heinrichs, Siegfried;;;;
6754;Heins, Lennart;;;;
6755;Heins, Rüdiger;;;;
6756;Heinsohn, Rainer;;;;
6757;Heintel, Lars O.;;;;
6758;Heintel, Peter;;;;
6759;Heinz, Andreas;;;;
6760;Heinz, Annemarie;;;;
6761;Heinz, Reinhard;;;;
6762;Heinze de Lorenzo, Ursula;;;;
6763;Heinze, Doris;;;;
6764;Heinze, Horst;;;;
6765;Heinze, Joachim;;;;
6766;Heinzel, Andreas;;;;
6767;Heinzel, Joachim;;;;
6768;Heinzelmann, Ursula;;;;
6769;Heiser, Hermann;;;;
6770;Heiser, Simon;;;;
6771;Heiskel, Norman;;;;
6772;Heisl, Heinz D.;;;;
6773;Heissenberger, Michaela;;;;
6774;Heithoff, Wolfgang;;;;
6775;Heitkamp, Markus;;;;
6776;Heitmann, Robert;;;;
6777;Heitz, Markus;;;;
6778;Heiz, André Vladimir;;;;
6779;Heizmann, Günter;;;;
6780;Heizmann, Jeanpierre;;;;
6781;Heiß, Momo;;;;
6782;Heißenbüttel, Mirek;;;;
6783;Helbich, Ilse;;;;
6784;Helbig, Axel;;;;
6785;Helbig, Horst;;;;
6786;Helbig, Karin;;;;
6787;Helbrink, Jörgen;;;;
6788;Held, Herbert;;;;
6789;Held, Monika;;;;
6790;Held, Svea J.;;;;
6791;Held, Volker;;;;
6792;Heldmann, Kristina;;;;
6793;Heldt, Dora;;;;
6794;Heldt, Sophia;;;;
6795;Helfer, Monika;;;;
6796;Helfferich, Pia;;;;
6797;Helger, Isabel;;;;
6798;Helke, Michael;;;;
6799;Hell, Faye;;;;
6800;Hell, Julia;;;;
6801;Hell, Markus;;;;
6802;Hell, Serena;Serena Hell;weiblich;28;
6803;Hellberg, Antje;;;;
6804;Helle, Heinz;;;;
6805;Hellebrand, Brigitte;;;;
6806;Heller Levi, Jan;;;;
6807;Heller, André;;;;
6808;Heller, Dorina M.;;;;
6809;Heller, Gudrun;;;;
6810;Heller, Heiko;;;;
6811;Heller, Pia;;;;
6812;Heller, Steve;;;;
6813;Heller, Walter;;;;
6814;Helletsberger, Saskia;;;;
6815;Hellfrisch, Wolfgang;;;;
6816;Hellinger, Bert;;;;
6817;Hellinger, Peter;;;;
6818;Hellkamp, Josefine;;;;
6819;Hellmann, Jörg;;;;
6820;Hellmich, Johanna Theresa;;;;
6821;Hellmis, Heinz;;;;
6822;Hellstern, Claudia;;;;
6823;Hellstern, Daniel;;;;
6824;Hellwege, Inge;;;;
6825;Hellwig, Diana;;;;
6826;Hellwig, Mike;;;;
6827;Helm, Christian;;;;
6828;Helmar, Royana;;;;
6829;Helmer, Gabriele Rosalie;;;;
6830;Helmers, Anja;;;;
6831;Helmers, Astrid M.;;;;
6832;Helmes, Günter;;;;
6833;Helmig, Günter;;;;
6834;Helminger, Guy;;;;
6835;Helmreich, Josef;;;;
6836;Helms, Lisa;;;;
6837;Helms, Tammo;;;;
6838;Helms, Ulrike;;;;
6839;Helmut, Orpel;;;;
6840;Helnwein, Helga;;;;
6841;Hemelmayr, Christian;;;;
6842;Hemetsberger, Maria;;;;
6843;Hemingway, Ernest;;;;
6844;Hemmrich, Isabell;;;;
6845;Hempel, Petra;;;;
6846;Hempleman, Hannah;;;;
6847;Henckel Donnersmarck, Gregor;;;;
6848;Hendus, Galina;;;;
6849;Henes, Kurt;;;;
6850;Hengesbach, Bettina;;;;
6851;Hengstberger, Anna;;;;
6852;Hengstler, Willhelm;;;;
6853;Hengy, Steve;;;;
6854;Hengy, Symone;;;;
6855;Henke, Helene;;;;
6856;Henke, Hermann;;;;
6857;Henke-Reinarz, Annegrete;;;;
6858;Henkel, Laura;;;;
6859;Henkel, Oliver;;;;
6860;Henkel, Werner;;;;
6861;Henken, Lars;;;;
6862;Henker-Hansmann., Brigitte;;;;
6863;Henn, Carsten Sebastian;;;;
6864;Henneberg, Claus;;;;
6865;Hennecke, Andrea;;;;
6866;Hennen, Bernhard;;;;
6867;Hennen, Margareta;;;;
6868;Hennies, Astrid;;;;
6869;Hennies, Klaus;;;;
6870;Hennig, Annette;;;;
6871;Hennig, Birgitta;;;;
6872;Hennig, Falko;;;;
6873;Hennig, Hans-Jürgen;;;;
6874;Hennig, Kari;;;;
6875;Hennig, Sebastian;;;;
6876;Hennig, Tessa;;;;
6877;Hennig-Vogel, Sabine;;;;
6878;Henning, Klaus;;;;
6879;Henning-Vogel, Sabine;;;;
6880;Henninger, Doris;;;;
6881;Henninger, Heinz;;;;
6882;Hennings, C.;;;;
6883;Hennings, Mona;;;;
6884;Henningsen, Lena;;;;
6885;Henny, Alva;;;;
6886;Henrich, Gabriele;;;;
6887;Henrichmann, Christa;;;;
6888;Henrichs, Ingeborg;;;;
6889;Henrichsen, Antje Patrizia;;;;
6890;Henriks, Sandy Renee;;;;
6891;Henriksen, Levi;;;;
6892;Henry, O.;;;;
6893;Henry, Penballs-Jake;;;;
6894;Henry, Will;;;;
6895;Henschke, Klabund -. Alfred;;;;
6896;Hense, Karl-Heinz;;;;
6897;Hense, Margarita;;;;
6898;Hensel, Ali;;;;
6899;Hensel, Kerstin;;;;
6900;Hensel, Lisa-Katharina;;;;
6901;Hensel, Renate;;;;
6902;Hensel, Sven;;;;
6903;Hensen, Ann-Kristin;;;;
6904;Henser, Nicole;;;;
6905;Hensgen, Lorenz;BlutfederderDichter;männlich;33;
6906;Hensges, Heidi;;;;
6907;Hensler, Carolin;;;;
6908;Hentschel, Philipp;philippswriting;männlich;26;https://philippswriting.jimdofree.com/
6909;Hentz, Mathias;;;;
6910;Henze, Christoph;;;;
6911;Henze, Gerd;;;;
6912;Henze, Werner;;;;
6913;Henzi, Peter;;;;
6914;Henzler, Oliver;;;;
6915;Henzmann, Heike;;;;
6916;Heppke, Kurt;;;;
6917;Herb, Elfriede;;;;
6918;Herb, Klaus Robert;;;;
6919;Herber, Claudia;;;;
6920;Herbert, Matthias;;;;
6921;Herbig, Natalie;;;;
6922;Herbig, Robert;;;;
6923;Herbold, Ralf;;;;
6924;Herbolzheimer, Wolfgang Georg;;;;
6925;Herborn, Henriette Clara;;;;
6926;Herbst, Alban Nikolai;;;;
6927;Herbst, Anne Amalia;;;;
6928;Herbst, Daniela;;;;
6929;Herbst, Hanno;;;;
6930;Herbst, Hans;;;;
6931;Herbst, Heike;;;;
6932;Herbst, Helmut;;;;
6933;Herbst, Malon;;;;
6934;Herbst, Michaela;;;;
6935;Herbst, Nina;;;;
6936;Herbst, Ramona Elena;;;;
6937;Herbst, Stefanie;;;;
6938;Herbst, Vera;;;;
6939;Herchenbach, Michael;;;;
6940;Herchenbach, Wilhelm;;;;
6941;Herden, Antje;;;;
6942;Herden, Roland;;;;
6943;Herdt, Gottlieb;;;;
6944;Hereld, Peter;;;;
6945;Hergert, Joachim;;;;
6946;Herges, Otmar;;;;
6947;Herhahn, Jürgen;;;;
6948;Herholz, Gerd;;;;
6949;Hering, Rainer;;;;
6950;Hering, Uli;;;;
6951;Hering, Wolfgang;;;;
6952;Hering-Kappel, Eva;;;;
6953;Herkt, Lydia;;;;
6954;Herkt, Natascha;;;;
6955;Herkula, Birgit;;;;
6956;Herlbauer, Andrea;;;;
6957;Herlt, Günter;;;;
6958;Hermann, Alfred;;;;
6959;Hermann, David;;;;
6960;Hermann, Edgar;;;;
6961;Hermann, Erich;;;;
6962;Hermann, Holger;;;;
6963;Hermann, Judith;;;;
6964;Hermann, Jürgen;;;;
6965;Hermann, Marc;;;;
6966;Hermann, Matthias;;;;
6967;Hermann, Rolf;;;;
6968;Hermann, Uwe;;;;
6969;Hermann, Wolfgang;;;;
6970;Hermann-Röttgen, Marion;;;;
6971;Hermanns, Astrid;;;;
6972;Hermanns, Karin;;;;
6973;Hermanson, Marie;;;;
6974;Hermens, Helen;;;;
6975;Hermes, Roger;;;;
6976;Hermione, Miss;MissHermione;weiblich;;
6977;Hernandez, Katrin;;;;
6978;Herne, Daniel;;;;
6979;Hernández Pacín, Vladimir;;;;
6980;Herold, Philipp;;;;
6981;Herold, Tina;;;;
6982;Herr M.;;;;
6983;Herr von Jemand, Niemand;Niemand;;;
6984;Herr, Christina;;;;
6985;Herrenknecht-Blank, Elke;;;;
6986;Herrig, Reiner;;;;
6987;Herrig, Thomas A.;;;;
6988;Herriger, Fabian;;;;
6989;Herrlich, Maria;;;;
6990;Herrmann, Andrea;;;;
6991;Herrmann, Andreas;;;;
6992;Herrmann, Brigitte;;;;
6993;Herrmann, Elisabeth;;;;
6994;Herrmann, Franziska;;;;
6995;Herrmann, Friedrich;;;;
6996;Herrmann, Margot;;;;
6997;Herrmann, Markus;;;;
6998;Herrmann, Raimund;;;;
6999;Herrmann, Thomas;;;;
7000;Herrmann-Neiße, Max;;;;
7001;Herrmann-Schwink, Barbara;;;;
7002;Herten, Renate;;;;
7003;Herterich, Klaus W.;;;;
7004;Hertl,  Michael;;;;
7005;Hertle, Marion;;;;
7006;Hertting, Maria;;;;
7007;Hertzsch, Kati;;;;
7008;Hertzschuch, Kathrin;;;;
7009;Herx, Ada;;;;
7010;Herz, Gold;Goldherz;weiblich;21;
7011;Herz, Manati;;;;
7012;Herz, Monika;;;;
7013;Herz, Sabine;;;;
7014;Herz, Walter F.;;;;
7015;Herz-Kestranek, Miguel;;;;
7016;Herzberg, Lasar;;;;
7017;Herzig, Liliana;;;;
7018;Herzig, Maximilian R.;;;;
7019;Herzl, Theodor;;;;
7020;Herzmanovsky-Orlando, Fritz von;;;;
7021;Herzmansky, Hedwig;;;;
7022;Herzog, Brigitta;;;;
7023;Herzog, Dietmar H.;;;;
7024;Herzog, Gabriele;;;;
7025;Herzog, Isabell Maria;;;;
7026;Herzog, Josef;;;;
7027;Herzog, Kerstin;;;;
7028;Herzog, Nadine;;;;
7029;Herzog, Valentin;;;;
7030;Herzog, Volkert;;;;
7031;Herzog-Schmitt, Alexandra;;;;
7032;Hesel, Gabi;;;;
7033;Hess Antic, Lilly;;;;
7034;Hess, Julius;;;;
7035;Hess, Susanne;;;;
7036;Hess, Ursula;;;;
7037;Hess-Hatting, Gisela;;;;
7038;Hesse, Ana Teresa;;;;
7039;Hesse, Axel;;;;
7040;Hesse, Bettina;;;;
7041;Hesse, Dirk;;;;
7042;Hesse, Hanna;;;;
7043;Hesse, Heiko;;;;
7044;Hesse, Hermann;;;;
7045;Hesse, Jasmin;;;;
7046;Hesse, Marie;;;;
7047;Hesse, Sonja;;;;
7048;Hesselbacher, Mercedes Tamara;;;;
7049;Hesselbarth, Susann;;;;
7050;Hesseler, Michael;;;;
7051;Hessheimer, Fritz;;;;
7052;Hettche, Thomas;;;;
7053;Hettche, Walter;;;;
7054;Hetten, Inga;;;;
7055;Hetterich, Irmgard;;;;
7056;Hetterling, Hans-Jürgen;;;;
7057;Hetze, Willi;;;;
7058;Hetzel, Harald;;;;
7059;Hetzenauer, Anita;;;;
7060;Hetzschold, Werner;;;;
7061;Heubisch, Bhavya;;;;
7062;Heubner, Christoph;;;;
7063;Heubner, Katharina;;;;
7064;Heubner, Reinhard;;;;
7065;Heuchert, Sven;;;;
7066;Heuck, Sigrid;;;;
7067;Heuer, Anette;;;;
7068;Heuer, Dieter;;;;
7069;Heuer, Lea;;;;
7070;Heuer, Teut;;;;
7071;Heuschkel, Natascha;;;;
7072;Heuser, Hans-Ulrich;;;;
7073;Heuser, Ingrid Maria;;;;
7074;Heussen, Hejo;;;;
7075;Hewener, Vera;;;;
7076;Heyder, Joachim;;;;
7077;Heyder, Wolfgang;;;;
7078;Heydrich, Mark;;;;
7079;Heyduck-Huth, Hilde;;;;
7080;Heyens, Gudrun;;;;
7081;Heyer, Theresa;;;;
7082;Heyer-Bellmann, Frederike;;;;
7083;Heyliger, Benjamin;;;;
7084;Heym, Georg;;;;
7085;Heym, Stefan;;;;
7086;Heymann, Herbert;;;;
7087;Heymann, Robert;;;;
7088;Heymanns, Sandra;;;;
7089;Heyne, Frank;;;;
7090;Heynen-Igler, Cornelia;;;;
7091;Heynig, Angelika;;;;
7092;Heyse, Nele;;;;
7093;Heywinkel, Mark;;;;
7094;Heß, Marina;;;;
7095;Heß, U. Gisela;;;;
7096;Heß, Walter;;;;
7097;Heßmann, Angelika;;;;
7098;Hickey, H. B.;;;;
7099;Hickman, Lauretta;;;;
7100;Hickmann, Ursula;;;;
7101;Hidringer, Christine A.;;;;
7102;Hieber, Simone;;;;
7103;Hieblinger, Johanna;;;;
7104;Hierdeis, Irmgard;;;;
7105;Hierdeis, Winfried;;;;
7106;Hierholzer, Christel;;;;
7107;Hieronymus, K.-D.;;;;
7108;Hiesener Kalcev, Ina;;;;
7109;Hiesinger, Marie-Luise;;;;
7110;Higashiyama, Chitose;Elly mag Naruto;weiblich;;https://www.wattpad.com/user/EllyHam
7111;Higgx, Miss;;;;
7112;Highsmith, Patricia;;;;
7113;Hikami, Sunari;Sunari;weiblich;36;
7114;Hikari, Stefanie (Riku);RikuHikari;weiblich;;
7115;Hilber, Regina;;;;
7116;Hilberger, Manfred;;;;
7117;Hilbig, Wolfgang;;;;
7118;Hildebrand, Achim;;;;
7119;Hildebrand, Axel;;;;
7120;Hildebrand, Birgit;;;;
7121;Hildebrand, Erny;;;;
7122;Hildebrand, Katja;;;;
7123;Hildebrandt, Christel;;;;
7124;Hildebrandt, Joachim;;;;
7125;Hildebrandt, Malte;;;;
7126;Hildebrandt, Peter;;;;
7127;Hildebrandt, Sinje;;;;
7128;Hilger, Barbara;;;;
7129;Hilke, Arne;;;;
7130;Hill, Beate;;;;
7131;Hill, Dörthe;;;;
7132;Hill, Ellis;Ellis Hill;weiblich;23;
7133;Hill, Joan;;;;
7134;Hilland, Sigrun;;;;
7135;Hille, Renate;;;;
7136;Hille, Ulrike Marie;;;;
7137;Hilleberg, Florian;;;;
7138;Hillebrand, Diana;;;;
7139;Hillebrand, Doris;;;;
7140;Hillebrand, Eleonore;;;;
7141;Hillebrand, Gerda;;;;
7142;Hillebrand, Harald;;;;
7143;Hillebrand, Petra;;;;
7144;Hiller, Conny;;;;
7145;Hiller, Jakob;;;;
7146;Hillers, Patrizia;;;;
7147;Hillmann, Barbara;;;;
7148;Hillmann, Gudrun;;;;
7149;Hills, Raimund;;;;
7150;Hilmbauer, Claudia;;;;
7151;Hilmer, Manuel;;;;
7152;Hilmsen, Jo;;;;
7153;Hilpert, Berit;;;;
7154;Hilpisch, Sonja;;;;
7155;Hils, Raimund;;;;
7156;Hilsch, Sabine;;;;
7157;Hilsenrath, Edgar;;;;
7158;Hiltrop, Achim;;;;
7159;Himmelheber, Liat;;;;
7160;Himmelreich, Jutta;;;;
7161;Himmler, Nina;;;;
7162;Hinck, Claudia;;;;
7163;Hinck, Walter;;;;
7164;Hines, Jim C.;;;;
7165;Hino, Rei;SailorSaturnMOON;weiblich;;
7166;Hinrichs, Mark;;;;
7167;Hinrichs, Sannah;;;;
7168;Hinrichs, Ulrike;;;;
7169;Hinsberger, G.;;;;
7170;Hinsberger, Gisela;;;;
7171;Hinterberger, Sabine;;;;
7172;Hintermann, Martin;;;;
7173;Hintze, Dagrun;;;;
7174;Hinz, Alexander;;;;
7175;Hinz, Marion;;;;
7176;Hinz, Melanie;;;;
7177;Hinz, Michelle;Sunriseinthedark;weiblich;23;
7178;Hinz, Monika;;;;
7179;Hinzpeter, Rita;;;;
7180;Hipp, Claus;;;;
7181;Hirano, Serena;;;;
7182;Hirner, Gundula;;;;
7183;Hirnstein, Theo;;;;
7184;Hirsch, Anna Morle;;;;
7185;Hirsch, Elisa;LionGirl1997;weiblich;27;
7186;Hirsch, Frieda;;;;
7187;Hirsch, Karl-Georg;;;;
7188;Hirsch, Siegfried;;;;
7189;Hirsch, Svenja;;;;
7190;Hirschberger, Torsten;;;;
7191;Hirscher, Timm Maximilian;;;;
7192;Hirschl, Elias;;;;
7193;Hirschlehner, Nina;;;;
7194;Hirschmann, Imke;;;;
7195;Hirschmann, Karl-Gustav;;;;
7196;Hirte, Philo;NPMH;männlich;23;https://philo152113591.wordpress.com
7197;Hirte, Stefanie;;;;
7198;Hirth, Ingolf;;;;
7199;Hirth, Vanessa;;;;
7200;Hirtzy, Michael;;;;
7201;Hischmann, Fabian;;;;
7202;Hissel, Irene;;;;
7203;Hitori, Kyoko;Kyoko Hitori;weiblich;25;
7204;Hitsch, Andrea;;;;
7205;Hittinger, Gudrun;;;;
7206;Hitzing, Lars;;;;
7207;Hitzke, Paul;;;;
7208;Hiwatari, Carry;carry hiwatari;weiblich;34;http://carry-hiwatari.piczo.com/?cr=1
7209;Hladek, Dominic;;;;
7210;Hladicz, Mario;;;;
7211;Hladik, Katharina;;;;
7212;Hlawa, Kerstin;;;;
7213;Hlawatsch, Sandra;;;;
7214;Hmmm......., Mary;Mary Be;weiblich;29;
7215;Hnidek, Leopold;;;;
7216;Hoang, Hieu;;;;
7217;Hoba, Christine;;;;
7218;Hobiger, Annika;;;;
7219;Hobrecht, Jürgen;;;;
7220;Hoch, Birgit;;;;
7221;Hoch, Elena;;;;
7222;Hoch, Julia;;;;
7223;Hoch, Nikolai;;;;
7224;Hochberger, Christine;;;;
7225;Hocheneder, Franz;;;;
7226;Hochfeldt, Julia;;;;
7227;Hochgerner, Christine;;;;
7228;Hochhuth, Rolf;;;;
7229;Hochkeppel, Nicola Maria;;;;
7230;Hochkogler, René;;;;
7231;Hochstein, Hartwig;;;;
7232;Hock, Sven;;;;
7233;Hockmann, Matthias;;;;
7234;Hoddis van, Jakob;;;;
7235;Hodel, Mirza;;;;
7236;Hodi, Benjamin;;;;
7237;Hodina, Peter;;;;
7238;Hodjak, Franz;;;;
7239;Hoefellner, B. Hank;;;;
7240;Hoeffchen, Gerd-Matthias;;;;
7241;Hoeft, Peter;;;;
7242;Hoepfner, Friedrich G.;;;;
7243;Hoerkens-Flitsch, Astrid;;;;
7244;Hoernchen, Juli;Juli Hoernchen;weiblich;;https://discord.gg/QsJkwHNV
7245;Hoerning, Hanskarl;;;;
7246;Hoerschelmann, Fred von;;;;
7247;Hoesch, Monika;;;;
7248;Hoessle, Renata von;;;;
7249;Hoeß, Franz;;;;
7250;Hofbauer, Christopher;;;;
7251;Hofer, Georg;;;;
7252;Hofer, Roman;;;;
7253;Hofer, Wolfgang F.;;;;
7254;Hofer-Garstka, Heiderose;;;;
7255;Hoff, Gisela;;;;
7256;Hoff-Ortstein, Durga;;;;
7257;Hoffend, Margarete;;;;
7258;Hoffer, Klaus;;;;
7259;Hoffhenke, Jana;;;;
7260;Hoffleit, Ursula;;;;
7261;Hoffmann, Agnès;;;;
7262;Hoffmann, Alexander;;;;
7263;Hoffmann, Andrea;;;;
7264;Hoffmann, Andreas;;;;
7265;Hoffmann, Angela;;;;
7266;Hoffmann, Beatrix;;;;
7267;Hoffmann, Bernhard;;;;
7268;Hoffmann, Carl;;;;
7269;Hoffmann, Christian;;;;
7270;Hoffmann, Daniela;;;;
7271;Hoffmann, Dirk;;;;
7272;Hoffmann, E.T.A.;;;;
7273;Hoffmann, Eveline;;;;
7274;Hoffmann, Frank;;;;
7275;Hoffmann, Franz;;;;
7276;Hoffmann, Gerhardt;;;;
7277;Hoffmann, Gert;;;;
7278;Hoffmann, Heike;;;;
7279;Hoffmann, Heinrich;;;;
7280;Hoffmann, Holger;;;;
7281;Hoffmann, Jan;;;;
7282;Hoffmann, Janika;;;;
7283;Hoffmann, Jürgen;joogy;männlich;61;
7284;Hoffmann, Kay;;;;
7285;Hoffmann, Klaus W.;;;;
7286;Hoffmann, Marc;;;;
7287;Hoffmann, Mariusz;;;;
7288;Hoffmann, Markolf;;;;
7289;Hoffmann, Matthias;;;;
7290;Hoffmann, Meinhard;;;;
7291;Hoffmann, Michael;;;;
7292;Hoffmann, Myriam;;;;
7293;Hoffmann, Peter;;;;
7294;Hoffmann, Petra;;;;
7295;Hoffmann, Renate;;;;
7296;Hoffmann, Sonja;;;;
7297;Hoffmann, Thomas;;;;
7298;Hoffmann, Uli;;;;
7299;Hoffmann, Wolfgang;;;;
7300;Hoffmann-Bethscheider, Cornelia;;;;
7301;Hoffmann-Ihde, Beatrix;;;;
7302;Hoffmann-Riem, Wolfgang;;;;
7303;Hoffmeister, Lena;;;;
7304;Hoffsümmer, Willi;;;;
7305;Hofheinz, Erika;;;;
7306;Hofmann, Andi;;;;
7307;Hofmann, Bernd;;;;
7308;Hofmann, Christine;;;;
7309;Hofmann, Franck;;;;
7310;Hofmann, Friedhelm;;;;
7311;Hofmann, Gabriela;;;;
7312;Hofmann, Herbert;;;;
7313;Hofmann, Jennifer C.;MalijaSherlyPrince;weiblich;35;https://www.fanfiktion.de/u/MalijaSherlyPrince
7314;Hofmann, Jens;;;;
7315;Hofmann, Julia;;;;
7316;Hofmann, Jürgen;;;;
7317;Hofmann, Kalle Max;;;;
7318;Hofmann, Katharina;;;;
7319;Hofmann, Laura;angel2345678;weiblich;28;
7320;Hofmann, Louise;;;;
7321;Hofmann, Luise;;;;
7322;Hofmann, Marion;;;;
7323;Hofmann, Marlene;;;;
7324;Hofmann, Nils;;;;
7325;Hofmann, Patrick;;;;
7326;Hofmann, Sabrina;Zorane;weiblich;30;
7327;Hofmann, Saskia;;;;
7328;Hofmann, Sylvia M.;;;;
7329;Hofmann, Teresa;;;;
7330;Hofmann, Thomas;;;;
7331;Hofmann, Will;;;;
7332;Hofmann-Göttig, Joachim;;;;
7333;Hofmeir, Andreas Martin;;;;
7334;Hofner, Benedikt;;;;
7335;Hofner, Franz;;;;
7336;Hofreiter, Lukas;;;;
7337;Hofstetter, Julia;;;;
7338;Hofstädter, Hans;;;;
7339;Hogrefe, Alexander;;;;
7340;Hoh, Leonie;;;;
7341;Hohe, Irene;;;;
7342;Hohenberg, Sascha A.;;;;
7343;Hohendanner, Michel;;;;
7344;Hohenlohe, Marie-Gabrielle;;;;
7345;Hohensinner, Harald;;;;
7346;Hohl, Ludwig;;;;
7347;Hohl, Philipp;;;;
7348;Hohlbein, Wolfgang;;;;
7349;Hohler, Adrian;;;;
7350;Hohler, Franz;;;;
7351;Hohlmeier, Monika;;;;
7352;Hohmann, Judith;;;;
7353;Hohmann, Sandra;;;;
7354;Hohmann, Victoria;;;;
7355;Hohmann-Vierheller, Victoria;;;;
7356;Hohnscheidt, Elisa;;;;
7357;Hoischen, Hans;;;;
7358;Hojer, Helmut;;;;
7359;Holbe, Daniel;;;;
7360;Holdt, Gertrude von;;;;
7361;Holenstein, Alexandra;;;;
7362;Holike, Manuela;;;;
7363;Holl, Gero;;;;
7364;Holl, Rainer;;;;
7365;Holland Moritz, Patricia;;;;
7366;Holland, Carola;;;;
7367;Holland, Gerlinde;;;;
7368;Hollauf, Anita;;;;
7369;Hollaus, Christian;;;;
7370;Holle, Judith;;;;
7371;Holle, Katrin;;;;
7372;Hollen, Klaus von;;;;
7373;Hollenstein, Barbara;;;;
7374;Holler, Constanze;;;;
7375;Holler, Dagmar;;;;
7376;Holler, Julia;;;;
7377;Holler, Liz;LostDestiny;weiblich;;
7378;Holler, Stefan;;;;
7379;Holleschek, Otger;;;;
7380;Holliday, Doc;Doc Holliday;männlich;;
7381;Holliger, Lukas;;;;
7382;Hollischek, Cyrano;;;;
7383;Hollmann, Tanja;;;;
7384;Hollmann, Usch;;;;
7385;Hollstein, Ronja;;;;
7386;Holm, Dirk;;;;
7387;Holmer, Marco;;;;
7388;Holmer, Simone;;;;
7389;Holmes, Helen;CinCin;weiblich;32;
7390;Holmes, Jeck;Jeck Holmes;weiblich;29;
7391;Holmes, Rosie;rosie moriar-tea;weiblich;;
7392;Holms, Ernestine;;;;
7393;Holstein, August Guido;;;;
7394;Holthuizen, Brita;;;;
7395;Holtkamp, Yohan;;;;
7396;Holtz, Julia;;;;
7397;Holtzmann, Hans-Dieter;;;;
7398;Holub, Anna;;;;
7399;Holz, Helmut;;;;
7400;Holz, Karin;;;;
7401;Holz, Matthias;;;;
7402;Holzapfel, Patrick;;;;
7403;Holzeisen, Jasmin;MrsHayleeClifford;weiblich;34;
7404;Holzer, Iosif C.;;;;
7405;Holzer, Sara;;;;
7406;Holzer, Sonja;;;;
7407;Holzer, Stefanie;;;;
7408;Holzer, Tanja Alexa;;;;
7409;Holzhauer, Stefan;;;;
7410;Holzheimer, Gerd;;;;
7411;Holzhey, Magdalena;;;;
7412;Holzhey, Maria;;;;
7413;Holzinger, Christina;;;;
7414;Holzinger, Christine;;;;
7415;Holzinger, Elfi;;;;
7416;Holzinger, Hermann J.;;;;
7417;Holzinger, Lisa;LovelyHeart;weiblich;27;
7418;Holzmair, Eva;;;;
7419;Holzmann, Angela;;;;
7420;Holzmann, Erich W.;;;;
7421;Holzmann, Heidi;;;;
7422;Holzmann, Ute;;;;
7423;Holzmann-Koppeter, Astrid;;;;
7424;Holzner, Brigitte M.;;;;
7425;Holzner, Melanie;;;;
7426;Homann, Ludwig;;;;
7427;Homann, Ursula;;;;
7428;Homann, Veronique;;;;
7429;Homberg, Inge;;;;
7430;Homes, Gert;;;;
7431;Honisch, Ju;;;;
7432;Honke, Gudrun;;;;
7433;Honkisz, Bernhard;;;;
7434;Honnef, Joachim;;;;
7435;Honnefelder, Gottfried;;;;
7436;Honold, Anette;;;;
7437;Honrodt, Michael;;;;
7438;Honsuki, Amelie;;;;
7439;Hoops, Grete;;;;
7440;Hope, C. A.;;;;
7441;Hope, Princess Lilian;PrincessOfHope;weiblich;25;
7442;Hopp, Michael P.;;;;
7443;Hoppe, Cornelia;;;;
7444;Hoppe, Felicitas;;;;
7445;Hoppe, Maria Alraune;;;;
7446;Hoppe, Nikolas;;;;
7447;Hoppe, Rosita;;;;
7448;Hoppe-Engbring, Yvonne;;;;
7449;Hoppenbrock, Iris;;;;
7450;Hops, Margit Helga;;;;
7451;Hoptich, Angela;;;;
7452;Horan, Cassie;Cassie1999xoxo;weiblich;25;
7453;Horbach, Dietmar R.;;;;
7454;Horban, Katharina;;;;
7455;Horbaschk, Gottfried;;;;
7456;Horcher, Gabriele;;;;
7457;Horjen-Schray, Astrid;;;;
7458;Horn, Angelika;;;;
7459;Horn, Batya;;;;
7460;Horn, Gerlinde;;;;
7461;Horn, Holloway;;;;
7462;Horn, Irmi;;;;
7463;Horn, Johannes;;;;
7464;Horn, Laurence;;;;
7465;Horn, Monika;;;;
7466;Horn, Patricia;;;;
7467;Horn, Reha;;;;
7468;Horn, Stephan Otto;;;;
7469;Horn, Wolfram;;;;
7470;Hornauer, Jan-Eike;;;;
7471;Hornauer, Nina;;;;
7472;Hornblower, Horatio;Hornblower;männlich;48;
7473;Hornfeck, Susanne;;;;
7474;Hornkohl, Margret;;;;
7475;Hornstein, Christian;;;;
7476;Horper, Peter;;;;
7477;Horrig, Benjamin;;;;
7478;Horschitz-Horst, Annemarie;;;;
7479;Horscht, Jimmy;Tradidit Secret;männlich;;
7480;Horst, Christoph auf der;;;;
7481;Horstmann, Ingrid;;;;
7482;Horton, Peter;;;;
7483;Horvath, Nina;;;;
7484;Horwatitsch, Bernhard;;;;
7485;Horyna, Mark;;;;
7486;Hosang, Silvio24.80;;;;
7487;Hosch, Reinhart;;;;
7488;Hosemann, Jürgen;;;;
7489;Hosp, Margit Helga;;;;
7490;Hotes, Willi;;;;
7491;Hotschnig, Alois;;;;
7492;Housman, A. E.;;;;
7493;Hoven, Line;;;;
7494;Hovestadt, Alfred;;;;
7495;Howard, Robert E.;;;;
7496;Howcroft, Heidi;;;;
7497;Howe, Corinna;;;;
7498;Hoyem, Tom;;;;
7499;Hoßfeld, Monika;;;;
7500;Hrm oo, whatever XD;Roxass;weiblich;32;
7501;Hruby, Elmar S.;;;;
7502;Hruška, Karel;;;;
7503;Hrženjak, Ljerka Maria;Blue - Moon;weiblich;26;
7504;Huainigg, Franz-Joseph;;;;
7505;Huang, Jenny;;;;
7506;Hubeny-Hermann, Gertrude;;;;
7507;Huber, Adina;;;;
7508;Huber, Bianca;;;;
7509;Huber, C. H.;;;;
7510;Huber, Christa;;;;
7511;Huber, Edith;;;;
7512;Huber, Gerhard;;;;
7513;Huber, Hans Frieder;;;;
7514;Huber, Ingrid;;;;
7515;Huber, Karlheinz;;;;
7516;Huber, Martin;;;;
7517;Huber, Maximilian;;;;
7518;Huber, Naomi;;;;
7519;Huber, Patrick;;;;
7520;Huber, Patrizia;;;;
7521;Huber, Tatjana;tatjanahuber;weiblich;22;https://www.instagram.com/poemsoderso/
7522;Huber, Therese;;;;
7523;Huber, Toni;;;;
7524;Hubert, Benedikt;;;;
7525;Hubert, Loibichler;;;;
7526;Huberth, Joe;;;;
7527;Hubertus, Peter;;;;
7528;Hubmann, Daniel;;;;
7529;Hubmann, Sabrina;;;;
7530;Hubrich, Ernst;;;;
7531;Huby, Felix;;;;
7532;Huch, Heinrich;;;;
7533;Huchu, Tendai;;;;
7534;Hucke, Johannes;;;;
7535;Huckebrink, Alfons;;;;
7536;Huda, Johanna Maria;;;;
7537;Huellen, Marie van;;;;
7538;Huemer, Brigitta;;;;
7539;Huemer, Peter Marius;;;;
7540;Huemer, Werner;;;;
7541;Huez, Robert;;;;
7542;Hufnagel, Horst;;;;
7543;Hufnagel, Karin;;;;
7544;Hufnagel, Klaus;;;;
7545;Hufnagel, Paul;;;;
7546;Hufnagl, Birgit;;;;
7547;Hug, Georg;;;;
7548;Huggenberger, Alfred;;;;
7549;Hugh, R.;;;;
7550;Hugo, Hildegard;;;;
7551;Hugo, Jan;;;;
7552;Hugo, Jens;;;;
7553;Huhn, Christina Marie;;;;
7554;Huhn, Monika;;;;
7555;Huisken, Carl em;;;;
7556;Huller, Lothar;;;;
7557;Hulpe, Marius;;;;
7558;Humair, Roland;;;;
7559;Human, Wife;Wifehuman;;;
7560;Humbel, Adrian;;;;
7561;Humberg, Christian;;;;
7562;Humberg, Silvia;;;;
7563;Humer, Evelnye;;;;
7564;Hummel, Eleonora;;;;
7565;Hummel, Felix M.;;;;
7566;Hummel, Karl-Heinz;;;;
7567;Hummel, Reinhart;;;;
7568;Hummels, Carol;;;;
7569;Hummelsheim, Claudia;;;;
7570;Humor, Phil;;;;
7571;Humpert, Jaana;;;;
7572;Humphrey, Mina;;;;
7573;Hundertmark, Emmi;;;;
7574;Hundgeburt, Barbara;;;;
7575;Hunfeld, Manuela;;;;
7576;Hunger, Anton;;;;
7577;Hunt, Irmgard;;;;
7578;Huonder, Silvio;;;;
7579;Huppert, Christian;;;;
7580;Hurková, Klára;;;;
7581;Hurst, Harald;;;;
7582;Hurt, Benno;;;;
7583;Hurtz, Klaus;;;;
7584;Hurzlmeier, Rudi;;;;
7585;Husain, Aftab;;;;
7586;Husarek, Michael;;;;
7587;Huschka, Susann;;;;
7588;Husemann, Inge;;;;
7589;Husen, Hinark;;;;
7590;Huser, Stéphanie;;;;
7591;Hussel, Elke;;;;
7592;Hussel, Horst;;;;
7593;Hust, Laurena;;;;
7594;Huste, Moritz;;;;
7595;Huster, Daniel;;;;
7596;Huster, Jana;;;;
7597;Huston, Jonathan;;;;
7598;Hustvedt, Siri;;;;
7599;Hustädte, Holger;;;;
7600;Huszar, Marius;;;;
7601;Huter, André;;;;
7602;Hutfless, Hubert;;;;
7603;Huth, Dörthe;;;;
7604;Huth, Günter;;;;
7605;Huthmacher, Dieter;;;;
7606;Hutmacher, Rahel;;;;
7607;Hutt, Brigitte;;;;
7608;Huttel, Sabine;;;;
7609;Huttelmeier, Frank;;;;
7610;Huttenloher, Marie;;;;
7611;Hutterer, Gerhard;;;;
7612;Hutterer, Karl;;;;
7613;Hutterer, Miriam;;;;
7614;Hutz, Lothar;;;;
7615;Huwyler, Max;;;;
7616;Huxdorf, Heike;;;;
7617;Huyeng, Christian;;;;
7618;Huyoff, Erik;;;;
7619;Huß, Alexandra;;;;
7620;Huß, Heidi;;;;
7621;Hvid, Unna;;;;
7622;Hvorecky, Michael;;;;
7623;Hyde, Chris;;;;
7624;Hyrtl, Elisabeth;;;;
7625;Häbe, Thomas;;;;
7626;Häckel, Hans;;;;
7627;Häfliger, Eduard;;;;
7628;Hähnel, Monika;;;;
7629;Hähnel, Stephan;;;;
7630;Hähner, Margit;;;;
7631;Hämme, {De;;;;
7632;Hämmerling, Johanna;;;;
7633;Hänisch, Gottfried;;;;
7634;Hänni, Nicole;;;;
7635;Häny, Franziska;;;;
7636;Häny, Marieluise;;;;
7637;Härle, Carola;;;;
7638;Härtel, Anja;;;;
7639;Härtel, Eike;;;;
7640;Härtel, Michael;;;;
7641;Härtl, Heinz;;;;
7642;Härtling, Heidrun Johanna;;;;
7643;Härtling, Peter;;;;
7644;Härtter, Dieter;;;;
7645;Häseli, Stefan;;;;
7646;Häublein, Gernot;;;;
7647;Häusler, Richard;;;;
7648;Häusser, Ida;;;;
7649;Hèymdai, Limarå;;;;
7650;Hénocque, André;;;;
7651;Hénon, Sylvain;;;;
7652;Höbel, Susanne;;;;
7653;Höberth, Gerhard;;;;
7654;Höcherl, Eva;;;;
7655;Höcherl, Hermann;;;;
7656;Höchi, Schulhaus;;;;
7657;Höchsmann, Heinrich;;;;
7658;Hödl, Franz Joseph;;;;
7659;Hödl, Lena;;;;
7660;Hödl, Selina;;;;
7661;Höffken, Helmut;;;;
7662;Höffling, Michael;;;;
7663;Höfig, Willi;;;;
7664;Höfkens, Hilga;;;;
7665;Höfler, Maria Magdalena;;;;
7666;Höflich, Sonja;;;;
7667;Höfs, Ines;;;;
7668;Höftmann, Katharina;;;;
7669;Högsdal, Björn;;;;
7670;Höhfeld, Barbara;;;;
7671;Höhl-Kayser, Anke;;;;
7672;Höhn, Alexandra;;;;
7673;Höhn, Gerhard W. H.;;;;
7674;Höhne, Daniela;;;;
7675;Höhne, Günter;;;;
7676;Höing, Michael;;;;
7677;Hölderle, Nicola;;;;
7678;Hölke, Helfried;;;;
7679;Höller, Alice;;;;
7680;Höllerich, Gotthilf;;;;
7681;Höllrigl, Nicole;;;;
7682;Hölscher, Nicile;;;;
7683;Hölscher, Stefan;;;;
7684;Höltgebaum, Heidegret;;;;
7685;Höltgen, Florian;;;;
7686;Höltich, Raimund J.;;;;
7687;Hölzl, Jessica;;;;
7688;Hölzle, Lisa;;;;
7689;Höner, Peter;;;;
7690;Hönicke, Günther;;;;
7691;Hönig, Doris;;;;
7692;Hönigmann, Chris;;;;
7693;Hönl, Frank;;;;
7694;Höpflinger, Anna-Katharina;;;;
7695;Höpfner, Jonas;;;;
7696;Höpfner, Robert;;;;
7697;Hörcher, Ute;;;;
7698;Hördemann, Inge;;;;
7699;Höreth, Jürgen;;;;
7700;Hörhold, Sylke;;;;
7701;Hörig, Sarah;;;;
7702;Hörle, Martina;;;;
7703;Hörletseder, Jürgen;;;;
7704;Hörnchen, muckel;muckel;;;
7705;Hörnigk, Therese;;;;
7706;Hörzer, Erika;;;;
7707;Höss, Manfred;;;;
7708;Hötger-Schiffers, Beatrix;;;;
7709;Höverkamp, Ingeborg;;;;
7710;Hübbe, Jochen;;;;
7711;Hübel, Adi;;;;
7712;Hüberli, Mirjam H.;;;;
7713;Hübner, Annette;;;;
7714;Hübner, Carmen;;;;
7715;Hübner, Dania;;;;
7716;Hübner, Eve;;;;
7717;Hübner, Horst Weymar;;;;
7718;Hübner, Ilja;;;;
7719;Hübner, Ivonne;;;;
7720;Hübner, Sandro;;;;
7721;Hübner, Susanna;;;;
7722;Hübner, Trixi;;;;
7723;Hübsch, Bibi;;;;
7724;Hübscher, Céline;;;;
7725;Hübscher, Susanne;;;;
7726;Hückstädt, Hauke;;;;
7727;Hüfner, Hans;;;;
7728;Hügel, Wolfgang;;;;
7729;Hügel, Xenia;;;;
7730;Hühne, Michèle;;;;
7731;Hülsemann, Julian;;;;
7732;Hülsenbeck, Annette;;;;
7733;Hülsermann, Irene;;;;
7734;Hülshoff, Andreas;;;;
7735;Hülsmann, Jörg;;;;
7736;Hülswitt, Tobias;;;;
7737;Hündgen, Rita;;;;
7738;Hünger, Nancy;;;;
7739;Hünnebeck, Marcus;;;;
7740;Hüper, Anke;;;;
7741;Hürlimann, Ernst;;;;
7742;Hürlimann, Monika;;;;
7743;Hürlimann, Thomas;;;;
7744;Hürtgen, Anne;;;;
7745;Hüsch, Hanns Dieter;;;;
7746;Hüsgen, Angela;;;;
7747;Hüssy, Christine;;;;
7748;Hüter, Michael;;;;
7749;Hütner, F. H.;;;;
7750;Hüttenberger, Michael;;;;
7751;Hůrková, Klára;;;;
7752;I love Black, Thalia;sweet-Thalia;weiblich;29;
7753;Iba, Eberhard Michael;;;;
7754;Ibiary, Odette el;;;;
7755;Ibrahim, Sonallah;;;;
7756;Ich mag Züge..., Sophie :o3;Silvercloud;weiblich;28;http://courageoussam.deviantart.com/
7757;Ick, Manfred;;;;
7758;Ickelsheimer, Bettina;;;;
7759;Ickelsheimer-Förster, Bettina;;;;
7760;Idehen, Monika;;;;
7761;Ideus, Torsten;;;;
7762;Idris, Jûssuf;;;;
7763;Igel, Renata;;;;
7764;Ihde, Kirsten;;;;
7765;Ihering, Georg Albrecht von;;;;
7766;Ihimaera, Witi;;;;
7767;Ihle, Thomas;;;;
7768;Ihmann, Georg;;;;
7769;Ihmels, Günter;;;;
7770;Ihnken, Iris Barbara;;;;
7771;Ihr dürft raten, Daniel;Itsdaninerd;männlich;30;http://f1n4lf4nt4sy.wordpress.com/
7772;Ikonomou, Christos;;;;
7773;Ildahl, Edda Irene;;;;
7774;Ilius, Stefan;;;;
7775;Illietschko, Christine;;;;
7776;Illig, Heribert;;;;
7777;Illner, Angelika;;;;
7778;Illner, Michaela;;;;
7779;Ilmfurter, Ilmi;The Ilmfurter;männlich;22;
7780;Imbach, Rolf;;;;
7781;Imboden, Blanca;;;;
7782;Imboden, Delia;;;;
7783;Imbsweiler, Marcus;;;;
7784;Imbusch, Cora;;;;
7785;Imhoff, Monika Henriette;;;;
7786;Imlinger, Tamara;;;;
7787;Immel, Carmen;;;;
7788;Immendorf, Gertrud;;;;
7789;Immortalis, Katharina;KatharinaImmortalis;weiblich;;
7790;Impe, Steffi;;;;
7791;Impel, Silke van;;;;
7792;Inderst, Corinna;;;;
7793;Indihex;;;;
7794;Indinger, Annemarie;;;;
7795;Inflüh, Urs;;;;
7796;Ingenbrand, Udo;;;;
7797;Ingendaay, Paul;;;;
7798;Ingendahl, Cordula;;;;
7799;Inghels, Maarten;;;;
7800;Inglin, Meinrad;;;;
7801;Ingold, Inga;;;;
7802;Ingrisch, Lotte;;;;
7803;Ingruber, Rudolf;;;;
7804;Ink, Fred;;;;
7805;Inken Soppa, Chris;;;;
7806;Inkun, Abel;;;;
7807;Innerhofer, Agnes;;;;
7808;Innings, Ava;;;;
7809;Innocenti, Alexandra;;;;
7810;Innreiter, Rainer;;;;
7811;Inosemzew, Lena;;;;
7812;Interessiert keinen, Ray;Scuba;weiblich;;http://scuba.hat-gar-keine-homepage.de/
7813;Ippensen, Antje;;;;
7814;Ippolito, Enrico;;;;
7815;Irlenkäuser, Olaf;;;;
7816;Irmscher, Frank;;;;
7817;Irmschler, Paula;;;;
7818;Ironcheers, Sir Shamrock;;;;
7819;Ironimus;;;;
7820;Ironman, Mary;;;;
7821;Irrsinn, Epika;Fiat Lux;weiblich;33;
7822;Irsfeld, Christian;;;;
7823;Irtenkauf, Dominik;;;;
7824;Irvine, Andy;;;;
7825;Irving, Washington;;;;
7826;Irène, Dudle;;;;
7827;Is, June;;;;
7828;Isabeau, Melany de;;;;
7829;Isberner, Daniel;;;;
7830;Ischke, Jan;;;;
7831;Isele, Klaus;;;;
7832;Iser, Dorothea;;;;
7833;Isikli, Karin;;;;
7834;Isler, Gérard;;;;
7835;Ismail, Annelies;;;;
7836;Israel, Agathe;;;;
7837;Israel, Jürgen;;;;
7838;Issmer, Volker;;;;
7839;Istenich, Natalie;;;;
7840;Iten, Carina;;;;
7841;Iten, Oswald;;;;
7842;Itschner, Eva;;;;
7843;Itzel, Suse;;;;
7844;Iversen, Christa;;;;
7845;Iversen, David;Hans Giebenrath;männlich;33;
7846;Iversen, Knud Christian;;;;
7847;Ivory, Cathy;Maylaidy Cathy;weiblich;32;
7848;Iwanovsky, Peter;;;;
7849;Iwanowski, Sarah;;;;
7850;Iwińska, Joanna;;;;
7851;Iwoleit, Michael K.;;;;
7852;J., Rose;SinisterPassion;weiblich;28;
7853;JENDRYSCHIK, MANFRED;;;;
7854;JOREL THE CRYING GENTLEMAN;;;;
7855;Jaax, Heidi Christina;;;;
7856;Jablan, Marko;Marko;;;
7857;Jablanovic, Dusanka;;;;
7858;Jablinski, Anke;;;;
7859;Jablonowski, Annika;;;;
7860;Jabulowsky, Peter;;;;
7861;Jache, Liane;;;;
7862;Jachmann, Otto;;;;
7863;Jackal, Doc Jules;Jijuro;männlich;33;
7864;Jackman, Sophie;;;;
7865;Jackson, Catha;CathaJackson;weiblich;26;
7866;Jackson, Damian;ILONI;männlich;;
7867;Jackson, Grace;Army Girl;weiblich;31;http://www.klick-mich-blos-nicht.de.vu/
7868;Jackson, Hendrik;;;;
7869;Jackson, Jag;JagJackson;männlich;20;
7870;Jackson, Ricarda;;;;
7871;Jacob, Beatrix;;;;
7872;Jacob, Eve;;;;
7873;Jacob, Jörg;;;;
7874;Jacob, Karin;;;;
7875;Jacob, Ralph;;;;
7876;Jacob, Sabine;;;;
7877;Jacobs, Anne;;;;
7878;Jacobs, Dagmar;;;;
7879;Jacobs, David;;;;
7880;Jacobs, Margret;;;;
7881;Jacobsen, Luisa;;;;
7882;Jacobsen, Ole;;;;
7883;Jacobsen, Ulla;;;;
7884;Jacobsen, Werner;;;;
7885;Jade, Melody K.;;;;
7886;Jaeckert, Vanessa;;;;
7887;Jaeckle, Rainer;;;;
7888;Jaeg, Paul;;;;
7889;Jaeger, Anna-Thea;;;;
7890;Jaeger, Mona;;;;
7891;Jaekel, Martina;;;;
7892;Jager, Björn;;;;
7893;Jaggi, Marion;;;;
7894;Jagst, Antje;;;;
7895;Jahed, Sarah;;;;
7896;Jahn, Adrianne;;;;
7897;Jahn, Günter;;;;
7898;Jahn, Martin;;;;
7899;Jahn, Max-Emil;;;;
7900;Jahn, Uwe;;;;
7901;Jahncke, Jürgen;;;;
7902;Jahncke, Sannah;;;;
7903;Jahnel, Helga;;;;
7904;Jahnn, Hans Henny;;;;
7905;Jahns, Dietrich;;;;
7906;Jahoda, Katrin;;;;
7907;Jahr, Diana;;;;
7908;Jakat, Katja;;;;
7909;Jakes, John;;;;
7910;Jakob, Christine;;;;
7911;Jakob, Claus Carl;;;;
7912;Jakob, Johanna Marie;;;;
7913;Jakob, Michael;;;;
7914;Jakob, Robert;;;;
7915;Jakob, Urs;;;;
7916;Jakob-Käferle, Anton;;;;
7917;Jakober, Fridolin;;;;
7918;Jakobi, Johanna;;;;
7919;Jakobi, Uta;;;;
7920;Jakobs, Günther;;;;
7921;Jakowlewa, Anna;;;;
7922;Jaksch, Stefanie;;;;
7923;Jakszt-Dettke, Ingeborg;;;;
7924;Jakubaß, Franz H.;;;;
7925;Jakubetz, Tobias;;;;
7926;Jakubzik, Frank;;;;
7927;Jalal, Munther;;;;
7928;Jalapeno, Chilischote;Chilischote;weiblich;31;
7929;Jalokin313;;;;
7930;Jalowczarz, Reinhard;;;;
7931;James, Lisa;;;;
7932;Jamesby, Nickel;Frau Jamesby;divers;;
7933;Jameson, Malcolm;;;;
7934;Jammers, Thomas;;;;
7935;Janacs, Christoph;;;;
7936;Janaczek, Rita Maria;;;;
7937;Jandl, Paul;;;;
7938;Janes, Nicole;;;;
7939;Janifer, Julie;;;;
7940;Janina, Breidt;;;;
7941;Janisch, Heinz;;;;
7942;Jankofsky, Heinz;;;;
7943;Jankofsky, Jürgen;;;;
7944;Jankowski, Martin;;;;
7945;Jannen, Reinhard;;;;
7946;Janocha, Andreas;;;;
7947;Janotta, Marion;;;;
7948;Jansa, Fides;;;;
7949;Janschitz, Irmgard;;;;
7950;Jansen, Andrea;;;;
7951;Jansen, Evanna;;;;
7952;Jansen, Georg;;;;
7953;Jansen, Hanna;;;;
7954;Jansen, Hans-Jürgen;;;;
7955;Jansen, Jutta;;;;
7956;Jansen, Katja;;;;
7957;Jansen, Louis;;;;
7958;Jansen, Maria;;;;
7959;Jansen, Martina;;;;
7960;Jansen, Reiner;;;;
7961;Jansen, Sophie;Blaupfote;weiblich;;
7962;Jansenberger, Christa;;;;
7963;Janski, Nele;;;;
7964;Janson, Alban;;;;
7965;Janson, Solvy;;;;
7966;Janssen, Franz-Josef;;;;
7967;Janssen, Hubertus A.;;;;
7968;Janssen, Jessica;;;;
7969;Janssen, Menno Ufkes;;;;
7970;Janssen, Olga;;;;
7971;Janssen, Renate;;;;
7972;Janstein, Elisabeth;;;;
7973;Janta, Phillip;;;;
7974;Janus, Jan;;;;
7975;Janus, Tilman;;;;
7976;Jany, Marcellus;;;;
7977;Janßen, Netta;;;;
7978;Janßen, Patricia;;;;
7979;Jančáryová, Danica;;;;
7980;Jardin, Christina;;;;
7981;Jardine, Anja;;;;
7982;Jarju, Monika;;;;
7983;Jark, Herbert;;;;
7984;Jarosz, Adam;;;;
7985;Jarz, Kathrin;;;;
7986;Jasch, André;;;;
7987;Jascha, Johann;;;;
7988;Jaschinski, Christian;;;;
7989;Jaschinski, Naomi;;;;
7990;Jaschke, Bruno;;;;
7991;Jaschke, Gerhard;;;;
7992;Jasinski, Alf;;;;
7993;Jasper, Jörg;;;;
7994;Jastram, Johanne;;;;
7995;Jatzko, Reinhold H.;;;;
7996;Jauch, Pius;;;;
7997;Jauch, Sophie;;;;
7998;Jauer, Kerstin;;;;
7999;Jauernig, Arno;;;;
8000;Jay, Mr.;;;;
8001;Jay, Sammy;SammyJay;weiblich;32;
8002;Jebe, Helma;;;;
8003;Jecker Lambreva, Evelina;;;;
8004;Jeday, Samir;;;;
8005;Jedro, Marlene;;;;
8006;Jehn, Katharina;;;;
8007;Jehnes, Angelika;;;;
8008;Jehs, Michele;;;;
8009;Jelinski, Manfred;;;;
8010;Jellúšová, Júlia;;;;
8011;Jenamani, Sarita;;;;
8012;Jenisch-Dönges, Volker;;;;
8013;Jennerjahn, Paul;;;;
8014;Jennerjahn-Hakenes, Birgit;;;;
8015;Jenny Cazzola, Jenny;;;;
8016;Jenny, Caspar;;;;
8017;Jenny, Matthyas;;;;
8018;Jenny, Zoë;;;;
8019;Jens, Isabell und Lena;crackbrains;weiblich;;http://www.fanfiktion.de/u/crackbrains
8020;Jensen, Julia;;;;
8021;Jensen, Marcus;;;;
8022;Jensen, Max;;;;
8023;Jensen, Nils;;;;
8024;Jensen, Swantje Marie;;;;
8025;Jentsch, Jeannine;;;;
8026;Jentsch, Peter;;;;
8027;Jentsch, Ralph;;;;
8028;Jenzer, Lukas;;;;
8029;Jeong, Gyu hwa;;;;
8030;Jeremić, Sidonie;;;;
8031;Jeremy, Chris;;;;
8032;Jerjomina, Ljudmila;;;;
8033;Jerkov, Georgi;;;;
8034;Jerkova, Tatyana;;;;
8035;Jeschek, Patrick;;;;
8036;Jeschke, Mathias;;;;
8037;Jeschke, Tanja;;;;
8038;Jeschke, Wolfgang;;;;
8039;Jeske, Bodo;;;;
8040;Jesse, Reiner;;;;
8041;Jesse, Roland;;;;
8042;Jessen, Kim;;;;
8043;Jester, Liz;;;;
8044;Jetter, Ursula;;;;
8045;Jewely, Daiki;JewelyDaiki;weiblich;;
8046;Jez, Thomas;;;;
8047;Jezernik, Jerneja;;;;
8048;Jezyschek, Melanie;;;;
8049;Jia, Pingwa;;;;
8050;Jilg, Elora;;;;
8051;Jiménez, Inés María;;;;
8052;Jipp, Alina;;;;
8053;Jira, Kathrin;;;;
8054;Jirgl, Reinhard;;;;
8055;Jischinski, Mark;;;;
8056;Joachim, Lars;;;;
8057;Joachim, Peter;;;;
8058;Joachim, Teetz;;;;
8059;Joan, Denise;;;;
8060;Joanowitsch, Katharina;;;;
8061;Job, Bertram;;;;
8062;Jobstraibitzer, Horst;;;;
8063;Jochims, Sven;;;;
8064;Jochimsen, Jess;;;;
8065;Jockel, Gabriele;;;;
8066;Jockers, Kira Marie;;;;
8067;Jodl, Angelika;;;;
8068;Joens, Nicole;;;;
8069;Joerns, Melanie;;;;
8070;Joham, Gabriela;;;;
8071;Johann, Esther C.;;;;
8072;Johannfunke, Tim;Tim Thomas;männlich;20;
8073;Johannsen, Kim;;;;
8074;Johannsen, Krischan H. G.;;;;
8075;Johannsen, Martin;;;;
8076;Johannsen, Silvia;;;;
8077;Johannsmeier, Rolf W.;;;;
8078;Johansen, Hanna;;;;
8079;Johanson, Irene;;;;
8080;Johansson, Solveig;;;;
8081;John van de Maele, Romain;;;;
8082;John, Adelheid;;;;
8083;John, Constanze;;;;
8084;John, Gudrun;;;;
8085;John, Jasmin;;;;
8086;John, Sylvia;;;;
8087;John, U.T.H.;;;;
8088;Johnke, Maike;;;;
8089;Johnschker, Renée;;;;
8090;Johnson, Amanda;;;;
8091;Johnson, Ana;;;;
8092;Johnson, Joanne;Yumi Shidara;weiblich;27;
8093;Johnson, Lionel Pigot;;;;
8094;Johnson, Robert Barbour;;;;
8095;Johänning, Hannelore;;;;
8096;Jonas, Angelika;;;;
8097;Jonas, Anna;;;;
8098;Jonas, David;;;;
8099;Jonat, Jörg;;;;
8100;Jones, Caitlin;Neco117;weiblich;;
8101;Jones, Edward Harrington;Harrington;männlich;38;
8102;Jones, Emilia;;;;
8103;Jones, Pati;;;;
8104;Jones, Richard A.;;;;
8105;Jones, Sam;;;;
8106;Jonski, Klaus;;;;
8107;Jooss, Melinda;;;;
8108;Joost, Ulrich;;;;
8109;Joosten, Ulrich;;;;
8110;Jooß, Erich;;;;
8111;Jope, Rüdiger;;;;
8112;Jordan, June;;;;
8113;Jordan, Kerstin;;;;
8114;Jordans, Barbara;;;;
8115;Jordis-Lohausen, Alexander;;;;
8116;Jorges, Julia Annina;;;;
8117;Jorsen, Simon;;;;
8118;Joseph, Zeki;;;;
8119;Joshi, S. T.;;;;
8120;Josiah, Eddy M.;;;;
8121;Josiah, Elly M.;;;;
8122;Joslyn, Mora K.;;;;
8123;Jost, Julia;;;;
8124;Jost, Peter;;;;
8125;Josteit, Katja;;;;
8126;Josten, Gerhard;;;;
8127;Josten, Husch;;;;
8128;Joswig, Volkmar;;;;
8129;Joule, Neil;Red Papermoon;;25;
8130;Jovic, Marena;;;;
8131;Jovis, Johanna;;;;
8132;Joyce, James;;;;
8133;Jozefowski-Strübing, Hanni;;;;
8134;Jud, Margaretha;;;;
8135;Jud, Paul;;;;
8136;Judas, Karsten;;;;
8137;Judd, Cyril;;;;
8138;Judin, Juerg;;;;
8139;Judith, Johannes;;;;
8140;Jugo, Margit;;;;
8141;Juhl, Diana;;;;
8142;Juhnke, Marlies;;;;
8143;Juhonsha, Shavyl;Shavyl;;;
8144;Juhr, Daniel;;;;
8145;Juhre, Arnim;;;;
8146;Juli;;;;
8147;Julia Freyer, Julia;;;;
8148;Julia-Selina;;;;
8149;Julian, Hanna;;;;
8150;July, Jessica;;;;
8151;June, Ruby;;;;
8152;Junesch, Anne;;;;
8153;Jung, Barbara;;;;
8154;Jung, Daniel;;;;
8155;Jung, Gertraud;;;;
8156;Jung, Hanna;;;;
8157;Jung, Hyemin;;;;
8158;Jung, Johannes;;;;
8159;Jung, Karin;;;;
8160;Jung, Kera;;;;
8161;Jung, Martina;;;;
8162;Jung, Myk;;;;
8163;Jung, Oliver;;;;
8164;Jung, Verena;;;;
8165;Jungbluth, Uli;;;;
8166;Junge, Melanie Ulrike;;;;
8167;Junge, Susanne;;;;
8168;Junge, Tobias Rafael;;;;
8169;Jungen, Sandra;;;;
8170;Junger, Claudia;;;;
8171;Junghanns, Stefan;;;;
8172;Junghans, Helga-Maria;;;;
8173;Junghardt, Rainer;;;;
8174;Junglas, Lisa;;;;
8175;Jungmaier, Marianne;;;;
8176;Jungwirth, Andreas;;;;
8177;Jungwirth, Katja;;;;
8178;Jungwirth, Peter;;;;
8179;Junhold, Jörg;;;;
8180;Junio, Rosa;Juni 97;weiblich;;
8181;Junker, Alica;;;;
8182;Junker, Iris;;;;
8183;Juokjulo, Yuki;Juokjulo-chan;weiblich;32;
8184;Jupiter, Elisabeth;;;;
8185;Jurasek, Christine;;;;
8186;Juresa, Birgit;;;;
8187;Juretzki, Annette;;;;
8188;Jurow-Janßen, Anita;;;;
8189;Jursitzka, Angela;;;;
8190;Jurt, Laura;;;;
8191;Jurt, Werner;;;;
8192;Juschka, Joey;;;;
8193;Juschkat, Dirk;;;;
8194;Jussel, Ulrike;;;;
8195;Just, Lorenz;;;;
8196;Just, Roman;;;;
8197;Justen, Josef F.;;;;
8198;Justinger, Christoph;;;;
8199;Jutta, Frenzel;;;;
8200;Juu;;;;
8201;Juyub, Qayid Aljaysh;;;;
8202;Jy, Ley;Lica Crystal;;;
8203;Jyoti, Kunzang;;;;
8204;Jäckel, Renate;;;;
8205;Jäckle, Doris;;;;
8206;Jäger, Achim;;;;
8207;Jäger, Anna;;;;
8208;Jäger, Jennifer;;;;
8209;Jäger, Julia;;;;
8210;Jäger, Katka W.;;;;
8211;Jäger, Kerstin;;;;
8212;Jäger, Stefan;;;;
8213;Jäger, Torsten;;;;
8214;Jäggi, Daniela;;;;
8215;Jähne | MA:AT Verlag für Lyrik, Sabine;;;;
8216;Jähnichen, Manfred;;;;
8217;Jähnichen, Waltraud;;;;
8218;Jäkel, Janine;;;;
8219;Jäkel, Klaus;;;;
8220;Jänchen, Heidrun;;;;
8221;Jänicke, Detlev;;;;
8222;Jödicke, Lisa;;;;
8223;Jöll, Astrid;;;;
8224;Jönsson, Cornelia;;;;
8225;Jörke, Ute;;;;
8226;Jörke, Wolfram;;;;
8227;Jöst, Erhard;;;;
8228;Jöst, Simone;;;;
8229;Jügler, Matthias;;;;
8230;Jülg, Peter;;;;
8231;Jülicher, Jasmin;;;;
8232;Jünemann, Elisabeth;;;;
8233;Jünger, Ernst;;;;
8234;Jüngling, Hanna;;;;
8235;Jürchott, Carola;;;;
8236;Jürgen Bernhardt, Jürgen;;;;
8237;Jürgens, Stefan;;;;
8238;Jürgens, Udo;;;;
8239;Jürgens, Ute;;;;
8240;Jürges, Sophie;;;;
8241;Jüssen, Anne;;;;
8242;Jüttner, Friedjung;;;;
8243;K. Schmitt, Lucie;;;;
8244;K., Chrissy;SayuriItachi;weiblich;26;
8245;K., Daniel;D-aniel;;;
8246;K., Debora;;;;
8247;K., Emilia;Pokelover;weiblich;25;
8248;K., Johanna;MisakiUsui;weiblich;27;
8249;K., Johnny;Nailsnake;männlich;;
8250;K., Sandy;Musikfan 4 Ever;weiblich;35;
8251;K., T.;T-K;weiblich;;
8252;K.-Fehrmann, Meike;;;;
8253;KAH, Hubert;;;;
8254;KIYGI, NAZIM;;;;
8255;KULTURA-EXTRA, das online-magazin, KULTURA-EXTRA,;;;;
8256;Kaatz, Christopher;;;;
8257;Kabelka, Franz;;;;
8258;Kabelka, Mia;;;;
8259;Kaboth, Hans;;;;
8260;Kache-Lungwitz, Bärbel;;;;
8261;Kade, Thomas;;;;
8262;Kadelbach, Thomas;;;;
8263;Kaden, Gaby;;;;
8264;Kaden, Helga;;;;
8265;Kaech, Ingrid;;;;
8266;Kaeden, Sam;Shinokyofu;divers;;
8267;Kafka, Franz;;;;
8268;Kagel, Arne;;;;
8269;Kahl, Friedemann;;;;
8270;Kahl, Ingrid;;;;
8271;Kahle, Irmgard Elisabeth;;;;
8272;Kahlert, Anne;;;;
8273;Kahn, Arthur;;;;
8274;Kahn, Peter;;;;
8275;Kahn, Sepp;;;;
8276;Kahner, Kathy;;;;
8277;Kahramanlar, Beate;;;;
8278;Kahrmann, Ellen-Ingrid;;;;
8279;Kai, Daniel;;;;
8280;Kain, Eugenie;;;;
8281;Kaindl, Marianne;;;;
8282;Kainz, Christa;;;;
8283;Kaiser, Alexander;Ace Kaiser;männlich;50;http://ace-kaiser.blogspot.com/
8284;Kaiser, Ellen;;;;
8285;Kaiser, Johannes;;;;
8286;Kaiser, Josef;;;;
8287;Kaiser, Konstantin;;;;
8288;Kaiser, Margarete;;;;
8289;Kaiser, Maximilian;;;;
8290;Kaiser, Michaela;;;;
8291;Kaiser, Monika;;;;
8292;Kaiser, Rached;;;;
8293;Kaiser, Roland;;;;
8294;Kaiser, Vanessa;;;;
8295;Kaiser, Vea;;;;
8296;Kaiser, Wolf A.;;;;
8297;Kaiser-Mühlecker, Reinhard;;;;
8298;Kaiser-Mühläcker, Roman;;;;
8299;Kaiser-Plessow, Utta;;;;
8300;Kaiteki, Naminė;LittleNamix3;weiblich;28;
8301;Kakadu, Kunibert;;;;
8302;Kakies, Martin;;;;
8303;Kalaitzis, Thanassis;;;;
8304;Kalandur, Ashley;;;;
8305;Kalas, Nadine;;;;
8306;Kalbhenn, Marlies;;;;
8307;Kalchhauser, Julia;;;;
8308;Kaldewey, Kathi;;;;
8309;Kalenborn, Lara;;;;
8310;Kalender, Barbara;;;;
8311;Kaleri, Anna;;;;
8312;Kaleta, Thomas Z.;;;;
8313;Kaletsch, Stefan;;;;
8314;Kaleyta, Timon Karl;;;;
8315;Kali, Zyan;Zyan;;28;
8316;Kalies, Eva;;;;
8317;Kalina, Gisela;;;;
8318;Kalisa, Karin;;;;
8319;Kalisi, Anna-Maria;;;;
8320;Kalkbrenner, Jörn;;;;
8321;Kallab, Anna;;;;
8322;Kalle, Gerhard;;;;
8323;Kallenbach, Theo;;;;
8324;Kallert, Sahra;;;;
8325;Kalnačs, Benedikts;;;;
8326;Kaltenbach, Kristina;;;;
8327;Kaltenecker, Siegfried;;;;
8328;Kalthoff, Anna;;;;
8329;Kaltofen, Gabriele;;;;
8330;Kaltwasser, Patrick;;;;
8331;Kalvus, Kelvin;;;;
8332;Kalász, Claudia;;;;
8333;Kamberger, Franziska;;;;
8334;Kambia, Massama;;;;
8335;Kames, Günther;;;;
8336;Kamin, Marina;;;;
8337;Kaminer, Wladimir;;;;
8338;Kaminski, Andreas;;;;
8339;Kaminski, Annette;;;;
8340;Kaminski, Karl-Otto;;;;
8341;Kaminski, Volker;;;;
8342;Kaml, Jakob;;;;
8343;Kaml, Lotte Maria;;;;
8344;Kaml, Sylvia;;;;
8345;Kamm, Lotar Martin;;;;
8346;Kammerer, Till;;;;
8347;Kammerhofer, Karl;;;;
8348;Kammerloher, Jakob;;;;
8349;Kamp, Pascal;;;;
8350;Kamp, Willi;;;;
8351;Kampa, Daniel;;;;
8352;Kampe, Jessica;;;;
8353;Kampmann, Anja;;;;
8354;Kampmann, Rainer;;;;
8355;Kampmeier, Alexandra;;;;
8356;Kamprad, Eberhard;;;;
8357;Kanashimi, Akuma;Triante;weiblich;30;
8358;Kanay, Ismail;;;;
8359;Kandau, Martin;;;;
8360;Kandler, Verena;;;;
8361;Kandolf-Kühne, Maria;;;;
8362;Kandsberger, Andreas;;;;
8363;Kandziora, Toddn;;;;
8364;Kane, Frank;;;;
8365;Kania, Ramon;Roki;männlich;31;
8366;Kaniok, Erich;;;;
8367;Kaniß, Miriam;Tesla;weiblich;38;
8368;Kanke, Gerd;;;;
8369;Kann man das essen?, Rici;ZombieUnicorn;weiblich;26;
8370;Kann, Brigitte van;;;;
8371;Kanns, Kalle;;;;
8372;Kanoder-Brunnel, Veith;;;;
8373;Kansy, Ingrid;;;;
8374;Kant, Delicia;;;;
8375;Kant, Hermann;;;;
8376;Kant, Manuel;;;;
8377;Kantelhardt, Sven R.;;;;
8378;Kanzler, Fee Katrin;;;;
8379;Kaphengst, Christel;;;;
8380;Kapp, Nadine;;;;
8381;Kapp, Peter;;;;
8382;Kappacher, Walter;;;;
8383;Kappe, Christine;;;;
8384;Kappeker, Ingrid;;;;
8385;Kappel, Charlie;;;;
8386;Kappeler, Roger;;;;
8387;Kappelt, Olaf;;;;
8388;Kappen, Karina;;;;
8389;Kappert, Ines;;;;
8390;Kappert, Petra;;;;
8391;Kappler, Paul;;;;
8392;Kappner, Stefan;;;;
8393;Kapraun, Felix;;;;
8394;Kapsalis, Michaela;;;;
8395;Kara, Yadé;;;;
8396;Karachouli, Regina;;;;
8397;Karadeniz, Viktoria;;;;
8398;Karahasan, Dževad;;;;
8399;Karaleva, Hanna;;;;
8400;Karam, Sarjoun;;;;
8401;Karamell;;;;
8402;Karasan-Dirks, Sabine;;;;
8403;Karasek, Hellmuth;;;;
8404;Karay, Refik Halid;;;;
8405;Karch, Hans Werner;;;;
8406;Karg, Daniela;;;;
8407;Karg, Thomas;;;;
8408;Karg, Uli;;;;
8409;Karge, Susanne;;;;
8410;Karigaty, Scarlett und Roxelle;Kariga-san;weiblich;21;https://kariga-san.wixsite.com/scarlettandroxelle
8411;Karimy, Nina;;;;
8412;Karimé, Andrea;;;;
8413;Karin, Pfolz;;;;
8414;Karl, Ebert;;;;
8415;Karl, Georg;;;;
8416;Karl, Monica;;;;
8417;Karl-Lorenz, Dani;;;;
8418;Karl-Sander, Corinna;;;;
8419;Karlin, Alma M.;;;;
8420;Karlsson, Irmtraut;;;;
8421;Karma, Sanjina;;;;
8422;Karman, Stephan;;;;
8423;Karmann, Tanja;;;;
8424;Karmikazi, Mimi;Mimi Karmikazi;weiblich;29;
8425;Karnatz, Ole;;;;
8426;Karner, Axel;;;;
8427;Karner, Frank;;;;
8428;Karner, Ulrike;;;;
8429;Karpa, Irena Ihorivna;;;;
8430;Karr, Hanns-Peter;;;;
8431;Karrasch, Ferial Nadja;;;;
8432;Karrell, Ludwig;;;;
8433;Karrer, Grimoald;;;;
8434;Karrer, Inga;;;;
8435;Karsch, Elfriede;;;;
8436;Karschnick, Ann-Kathrin;;;;
8437;Karst, Claus;;;;
8438;Karsten, Svenja;;;;
8439;Karstens, Pay Matthis;;;;
8440;Kartheiser, Josiane;;;;
8441;Karweick, Jörg;;;;
8442;Kasamas, Silke;;;;
8443;Kaschdailewitsch, Monika;;;;
8444;Kaschel, Gudrun;;;;
8445;Kaschewski, Ingeburg;;;;
8446;Kaschnitz, Marie Luise;;;;
8447;Kaschte, Alexander;;;;
8448;Kashikar, Sanjina;;;;
8449;Kasnitz, Holger;;;;
8450;Kasolowsky, Nadja;;;;
8451;Kaspar, Peter Paul;;;;
8452;Kasper, Beate;;;;
8453;Kasper, Daniel;;;;
8454;Kasper, Peter;;;;
8455;Kassaras, Anna;;;;
8456;Kassel, Gisela;;;;
8457;Kassenbrock, Ernst;;;;
8458;Kassing, Karl;;;;
8459;Kassner, Silke;;;;
8460;Kast, Anja M.;;;;
8461;Kast, Mo;;;;
8462;Kastberger, Johanna;;;;
8463;Kastberger, Klaus;;;;
8464;Kastell, Agga;;;;
8465;Kastenholz, Markus;;;;
8466;Kastner, Jörg;;;;
8467;Kasy, Irmtraud;;;;
8468;Kat, Kitty;Hello-die-Kitty;weiblich;29;
8469;KateJadzia;;;;
8470;Kater, Kimera;Kimera;weiblich;;
8471;Kater, Nina;;;;
8472;Kater, Ole S.;;;;
8473;Katgeli, Michael;;;;
8474;Kathan, Christian;;;;
8475;Kattan, Assaad Elias;;;;
8476;Katz, Hanne;;;;
8477;Katzbach, Frank;;;;
8478;Katzur, Björn H.;;;;
8479;Katzur, Christa;;;;
8480;Kau, Jenny;;;;
8481;Kaube, Udo;;;;
8482;Kauffmann, Chiara;;;;
8483;Kaufman, Kat;;;;
8484;Kaufmann, Alexander S.;;;;
8485;Kaufmann, Bernadette Maria;;;;
8486;Kaufmann, Ernst;;;;
8487;Kaufmann, Esther;;;;
8488;Kaufmann, Gary;Naemlok;männlich;29;
8489;Kaufmann, Helmut;;;;
8490;Kaufmann, Ilja;;;;
8491;Kaufmann, Iris;;;;
8492;Kaufmann, Kat;;;;
8493;Kaufmann, Manuel;;;;
8494;Kaufmann, Paul;;;;
8495;Kaufmann, Rolf Dieter;;;;
8496;Kaufmann, Sabine;;;;
8497;Kaufmann, Sebastian;;;;
8498;Kaufmann, Sina Kamala;;;;
8499;Kauntz, Walter-Georg;;;;
8500;Kaup, Martina;;;;
8501;Kaupp, Erhard;;;;
8502;Kaur, Neelam;;;;
8503;Kaur, Parminder;Parminder Kaur;weiblich;47;
8504;Kauthe, Philipp;;;;
8505;Kautz, Alexander;;;;
8506;Kavaliro, Paul;;;;
8507;Kavka, Tabitha;Tabitha;weiblich;;
8508;Kawka-Wegmann, Annie Katharina;;;;
8509;Kay, Angelina;;;;
8510;Kay, Anne;;;;
8511;Kay, Betty;;;;
8512;Kay, Jay;;;;
8513;Kaya, Alin;;;;
8514;Kaya, Jadelyn;;;;
8515;Kayl, Yvonne;;;;
8516;Kaysel, Roger;;;;
8517;Kayser, Christine;;;;
8518;Kayser, Egon;;;;
8519;Kayser, Juliane Sophie;;;;
8520;Kayser, Klaus;;;;
8521;Kayser, Robert;;;;
8522;Kayser-Gantner, Gise;;;;
8523;Kazeem-Kaminski, Belinda;;;;
8524;Kazi, Sakumi;SakumiKazi;;33;
8525;Kazojc, Anika;;;;
8526;Kaz̄da, Gottfried;;;;
8527;Kebelmann, Bernd;;;;
8528;Keegan, Claire;;;;
8529;Keel, Daniel;;;;
8530;Keenan, Amber;;;;
8531;Kees, Paula;;;;
8532;Kegel, Sandra;;;;
8533;Kegele, Nadine;;;;
8534;Kegler, Michael;;;;
8535;Kehle, Matthias;;;;
8536;Kehler, Siegfried;;;;
8537;Kehlmann, Daniel;;;;
8538;Kehr, Lennert;;;;
8539;Kehr, Walter;;;;
8540;Kehrer, Jürgen;;;;
8541;Keib, Johann;;;;
8542;Keidel, Volker;;;;
8543;Keido, Mei;Mei2001;weiblich;23;
8544;Keil, Eberhard;;;;
8545;Keil, Ernest-Edmond;;;;
8546;Keil, Hartmut;;;;
8547;Keil, Rosemarie;;;;
8548;Keil, Simone;;;;
8549;Keil, Verena;;;;
8550;Keilson, Hans;;;;
8551;Keip, Rainer;;;;
8552;Keiser, Edgar;;;;
8553;Keitel, Gertrud;;;;
8554;Kelbing, Monique;;;;
8555;Kelch, Maren;;;;
8556;Kelheimer, Moritz;;;;
8557;Kelitis, Darian;;;;
8558;Kellenberger, Maaike;;;;
8559;Keller, Alexander;AlexanderJKeller;;;
8560;Keller, Andrea;;;;
8561;Keller, Anita;;;;
8562;Keller, Barbara;;;;
8563;Keller, Britta;;;;
8564;Keller, Christoph;;;;
8565;Keller, Claudia;;;;
8566;Keller, Darja;;;;
8567;Keller, Elke;;;;
8568;Keller, Gottfried;;;;
8569;Keller, Harald;;;;
8570;Keller, Hildegard Elisabeth;;;;
8571;Keller, Iris;;;;
8572;Keller, Ivonne;;;;
8573;Keller, Jasmine;;;;
8574;Keller, Jürg P.;;;;
8575;Keller, Kevin;;;;
8576;Keller, Michaela;;;;
8577;Keller, Natalie;;;;
8578;Keller, Rita;;;;
8579;Keller, Ulrike;;;;
8580;Keller, Yvonne;;;;
8581;Keller-Schwarzenbach, Chris;;;;
8582;Kellermann, Cathy;;;;
8583;Kelletat, Andreas F.;;;;
8584;Kelley, Thomas Ludwig;;;;
8585;Kellmann, Heike;;;;
8586;Kellmann, Raimund;;;;
8587;Kellner, Andreas;;;;
8588;Kellner, Heinz;;;;
8589;Kellner, Ingrid;;;;
8590;Kellnhofer, Claudia;;;;
8591;Kelly, Rita;;;;
8592;Kelly, Silva;;;;
8593;Kelm, Benjamin;;;;
8594;Kelpinski, Wolf;;;;
8595;Kelter, Armin;;;;
8596;Kelén, Hans;;;;
8597;Kemer, Bea;;;;
8598;Kemmer, Susanne;;;;
8599;Kemmer, Wolfgang;;;;
8600;Kemmeter, Annika;;;;
8601;Kemmler, Olaf;;;;
8602;Kemp, Friedhelm;;;;
8603;Kemp, Ilia;Leah di Auditore;weiblich;;
8604;Kemp, Wolfgang;;;;
8605;Kempa, Horst;;;;
8606;Kempa, J. M.;;;;
8607;Kempe, Jürgen;;;;
8608;Kemper, Anke;;;;
8609;Kempff, Martina;;;;
8610;Kempin, Stephanie;;;;
8611;Kempken, Daniel A.;;;;
8612;Kempker, Birgit;;;;
8613;Kempker, Kerstin;;;;
8614;Kempner, Brigitte;;;;
8615;Kemps de Escalante, Caroline;;;;
8616;Kendall, Irvin L.;;;;
8617;Kenner, Max;;;;
8618;Kenner, Sylvia;;;;
8619;Kenneweg, Barbara;;;;
8620;Kenneweg, Friederike;;;;
8621;Kensche, Elviera;;;;
8622;Kensy, Sonja;;;;
8623;Kenyon, Alissa;;;;
8624;Keppler, Melanie;;;;
8625;Kerekes, Gábor;;;;
8626;Kergl, Mirjam;;;;
8627;Kerlin, Anne;;;;
8628;Kerling, Svea;;;;
8629;Kern, Björn;;;;
8630;Kern, Christine;;;;
8631;Kern, Evelyne;;;;
8632;Kern, Heike;;;;
8633;Kern, Katharina;;;;
8634;Kern, Klara;;;;
8635;Kern, Manfred;;;;
8636;Kern, Nils;;;;
8637;Kern-Egger, Fränzi;;;;
8638;Kerner, Charlotte;;;;
8639;Kerner, Theobald;;;;
8640;Kerry, Katy;;;;
8641;Kerschbaumer, Hans;;;;
8642;Kerscher, Karl-Heinz Ignatz;;;;
8643;Kersebaum, Julia;;;;
8644;Kersken, Steffen;;;;
8645;Kersten, Stefanie;;;;
8646;Kersten, Winfried;;;;
8647;Kerstin, Schreiber;;;;
8648;Kersting, Henry;;;;
8649;Kersting, Max;;;;
8650;Kerstinger, Andrea;;;;
8651;Kertels, Resemie;;;;
8652;Kerton, Tjandra;;;;
8653;Kery, Anna;;;;
8654;Kery, David C.;;;;
8655;Kerz, Kirsa;;;;
8656;Kesper, Cornelia;;;;
8657;Kess, Inga;;;;
8658;Kess, Mark;;;;
8659;Kesse, Petra;;;;
8660;Kessel, Ema;;;;
8661;Kessel, Hans-Werner;;;;
8662;Kessel, Julia Alina;;;;
8663;Kesselring, Kristina;;;;
8664;Kessler, Christof;;;;
8665;Kessler, Markus;;;;
8666;Kessler, Mia;;;;
8667;Kessler, Stephan;;;;
8668;Kesting, Hanjo;;;;
8669;Keszner, Mario;;;;
8670;Ketelaer, Benedikt;;;;
8671;Ketteler, Daniel;;;;
8672;Ketteler, Ria;;;;
8673;Kettenbach, Hans Werner;;;;
8674;Kettenhummer, Katharina;;;;
8675;Ketterer, Klaus;;;;
8676;Ketterl, Gabriele;;;;
8677;Kettschau, Bettina;;;;
8678;Keuchel, Eva Maria;;;;
8679;Keul, Thomas;;;;
8680;Keune, Jacqueline;;;;
8681;Keunecke, Stephanie;;;;
8682;Keuner, Herr;Herr Keuner;männlich;;
8683;Keusch, Kerstin;;;;
8684;Keuschnigg-Kerber, Veronika;;;;
8685;Keutel, Kevin;;;;
8686;Key, Amelie;;;;
8687;Key, Chloé;;;;
8688;Keydel, Enrico;;;;
8689;Keyser, Inger Ellen;;;;
8690;Keyserling, Eduard von;;;;
8691;Keßler, Carmen;;;;
8692;Keßler, Nadine;;;;
8693;Khachapuridse, Tengis;;;;
8694;Khamnoi, Noppon;;;;
8695;Khamphasith, Martina Sylvia;;;;
8696;Khan, Johanna;Jolana;;;
8697;Khan, Sarah;;;;
8698;Khawaja, Shafia;;;;
8699;Khaylen, Tris;;;;
8700;Khorazati, Anni el-;;;;
8701;Khorram, Schirin;;;;
8702;Khoury, Bassima;;;;
8703;Kiausch, Usch;;;;
8704;Kibermanis, Tania;;;;
8705;Kibler, Michael;;;;
8706;Kickers, Carola;;;;
8707;Kid, Storm;Ph4ntom;;;
8708;Kid, Timothy;;;;
8709;Kidd, Beate;;;;
8710;Kidruk, Maks;;;;
8711;Kieback, Karen;;;;
8712;Kieber, Jutta;;;;
8713;Kieber, Manfred;;;;
8714;Kiefer, Claudia;;;;
8715;Kiefer, Irmentraud;;;;
8716;Kiefer, Peter;;;;
8717;Kiefer, Reinhard;;;;
8718;Kiefer, Sina;;;;
8719;Kiefer, Yara;;;;
8720;Kieffer, Jean-Louis;;;;
8721;Kiefl, Walter;;;;
8722;Kiehl, K. H.;;;;
8723;Kiehs-Glos, Christina;;;;
8724;Kiekebusch, Renate;;;;
8725;Kiel, Anja;;;;
8726;Kielawski, Grzegorz;;;;
8727;Kienberger, Urs;;;;
8728;Kiendl, Cosima;NightmareNoise;weiblich;28;
8729;Kienitz, Bastian;;;;
8730;Kienitz, Marina;;;;
8731;Kienle, Günther;;;;
8732;Kienzler, Dennis;;;;
8733;Kienzler, Harald;;;;
8734;Kienzler, Johannes;;;;
8735;Kier, Laura;;;;
8736;Kiermeier, Klaus;;;;
8737;Kiermeier-Debre, Joseph;;;;
8738;Kiesbye, Maren;;;;
8739;Kieselbach, Werner;;;;
8740;Kiesen, Michael;;;;
8741;Kieser, Günter;;;;
8742;Kieser, Karl;;;;
8743;Kiesl, Gabriele;;;;
8744;Kietzmann, Antje;;;;
8745;Kießling, Georg Arno;;;;
8746;Kilfitt, Ada Charlotte;;;;
8747;Kilga, Marlene;;;;
8748;Kilian, Arne;;;;
8749;Kilian, Gaby;;;;
8750;Kilias, Doris;;;;
8751;Kilimnik, Irina;;;;
8752;Killmer, Doris;;;;
8753;Killmer, Friederike;;;;
8754;Kim, Anna;;;;
8755;Kim, Jinhyun;;;;
8756;Kim, Mona;;;;
8757;Kimbacher, Klaus;;;;
8758;Kimm, Dennis;;;;
8759;Kimminich, Eva;;;;
8760;Kinast, Karin;;;;
8761;Kindel, Anneliese;;;;
8762;Kindermann, Magret;;;;
8763;Kindler, Jean-Philippe;;;;
8764;Kindler, Jutta;;;;
8765;Kindler, Manfred;;;;
8766;Kindt, Christel;;;;
8767;King, Rachel;;;;
8768;Kingfisher, T.;;;;
8769;Kingsley, Mia;;;;
8770;Kink, Lisa;;;;
8771;Kinkel, Tanja;;;;
8772;Kinne, Diana;;;;
8773;Kinney-Taylor, Justin;JKT;weiblich;;
8774;Kinovki, Ronaldo;;;;
8775;Kinsky, Esther;;;;
8776;Kinstner, Margarita;;;;
8777;Kinzel-Wolff, Manuela;;;;
8778;Kinzler, Eugen;;;;
8779;Kioske, Loti;;;;
8780;Kipfmüller, Hans-Peter;;;;
8781;Kipka, Sabine;;;;
8782;Kipling, Rudyard;;;;
8783;Kipnowski, Annette;;;;
8784;Kiraly, Bettina;;;;
8785;Kirch, Michael;;;;
8786;Kirchem, Udo;;;;
8787;Kirchenmayer, Ursula;;;;
8788;Kircher, Martina;;;;
8789;Kirchherr, Karl-Heinz;;;;
8790;Kirchhof, Peter K.;;;;
8791;Kirchhoff, Martin;;;;
8792;Kirchmayr, Jakob;;;;
8793;Kirchner, Bernd;;;;
8794;Kirchner, Heinz;;;;
8795;Kirchner, Katrin;;;;
8796;Kirchner, Renate;;;;
8797;Kirchner, Thomas Martin;;;;
8798;Kirchschlager, Michael;;;;
8799;Kiriakidis, Brigitte;;;;
8800;Kiriaky, Marie-Thérèse;;;;
8801;Kirimtay, Metin;;;;
8802;Kirk, Gerhard Maria;;;;
8803;Kirk, Margaret;;;;
8804;Kirps, Francis;;;;
8805;Kirsch, Jens;;;;
8806;Kirsch, Peter;;;;
8807;Kirsch, Roland;;;;
8808;Kirschner, Wolfgang;;;;
8809;Kirst, Uwe;;;;
8810;Kirstein, Hans-Michael;;;;
8811;Kirsten, Jens;;;;
8812;Kirsten, U.;;;;
8813;Király, Edit;;;;
8814;Kisch, Egon Erwin;;;;
8815;Kischel, Tanja;;;;
8816;Kischk, Jasmin;;;;
8817;Kishon, Ephraim;;;;
8818;Kislig, Peter;;;;
8819;Kislinger, Leo;;;;
8820;Kiss, Kristin;;;;
8821;Kissel, Jonas;;;;
8822;Kissel, Saskia;;;;
8823;Kissel, Vera;;;;
8824;Kisser, Anandini;;;;
8825;Kiste, Flimmer;Flimmer;;;
8826;Kistenfeger-Haupt, Irmi;;;;
8827;Kitsune, Kuri;Kuri Kitsune;weiblich;24;https://twitter.com/Kuri_Kitsune
8828;Kitsune, Zyan;Xyrius X;männlich;27;
8829;Kittel, Manfred;;;;
8830;Kittlinger, Bernd;;;;
8831;Kiwitt, Tobias;;;;
8832;Kiygi, Nazim;;;;
8833;Kißling, Stefanie;;;;
8834;Klaas Meilier, Brigitta;;;;
8835;Klabund;;;;
8836;Klabund, Alfred;;;;
8837;Klabunde, Jens;;;;
8838;Klaffke, Irene;;;;
8839;Klag, Bert E.;;;;
8840;Klages, Eckard;;;;
8841;Klages, Robert;;;;
8842;Klages, Simone;;;;
8843;Klam, Oliver;;;;
8844;Klammer, Ernst-Georg;;;;
8845;Klammer, Mathias;;;;
8846;Klammer, Nikolaus;;;;
8847;Klammer, René;;;;
8848;Klanner, Marie-Luise;;;;
8849;Klappstein, Thomas;;;;
8850;Klar, August;;;;
8851;Klar, Christoph;;;;
8852;Klar, Elisabeth;;;;
8853;Klarwitz, Felicitas S.;;;;
8854;Klasen, Natalie;;;;
8855;Klasik, Stephanie;;;;
8856;Klassen, Lena;;;;
8857;Klassner, Josef;;;;
8858;Klassner, Tatjana;;;;
8859;Klasvogt, Günter;;;;
8860;Klatt, Norbert;;;;
8861;Klatte, Carsten;;;;
8862;Klaukin, Waltraud;;;;
8863;Klaus, Andrea;;;;
8864;Klaus, Daniel;;;;
8865;Klaus, Doris;;;;
8866;Klaus, Jürgen;;;;
8867;Klaus, Karl;;;;
8868;Klaus, Marlene;;;;
8869;Klaus, Thomas;;;;
8870;Klausens, Gertt zur;;;;
8871;Klauß, Anita Marion;;;;
8872;Klawitter, Lilian;;;;
8873;Klawitter, Stefanie;;;;
8874;Kle..............., Lena;lekle;weiblich;27;
8875;Kleber, Bernd;;;;
8876;Klecker, Hans;;;;
8877;Klee, Falk-Ingo;;;;
8878;Klee, Hans Herrmann;;;;
8879;Klee, Heinz;;;;
8880;Klee, Ursula;;;;
8881;Klee, Vera;;;;
8882;Kleefeld, Konrad;;;;
8883;Kleemann, Calvin;;;;
8884;Kleemann, Navina;;;;
8885;Kleffner, Dieter;;;;
8886;Kleibel, Arno;;;;
8887;Kleiber, Stefan;;;;
8888;Kleiberg-Langhein, Jens;;;;
8889;Klein, Alfons;;;;
8890;Klein, Barbara;;;;
8891;Klein, Bianca;;;;
8892;Klein, Dorothée;;;;
8893;Klein, Franziska;;;;
8894;Klein, Gabriele;;;;
8895;Klein, Georg;;;;
8896;Klein, Heribert Friedrich;;;;
8897;Klein, Hildegard;;;;
8898;Klein, Jacques;;;;
8899;Klein, Kjara;;;;
8900;Klein, Klarissa;;;;
8901;Klein, Martina;;;;
8902;Klein, Melanie;;;;
8903;Klein, Michael;;;;
8904;Klein, Rosa;;;;
8905;Klein, Rosel;;;;
8906;Klein, Simone;;;;
8907;Klein, Thalea;;;;
8908;Klein, Uwe;;;;
8909;Klein, Werner;;;;
8910;Klein, Wolfgang;;;;
8911;Klein-Esselborn, Angela;;;;
8912;Klein-Ihrler, Karsten;;;;
8913;Kleindienst, Robert;;;;
8914;Kleine Stevermüer, Ursula;;;;
8915;Kleine-Rüschkamp, Heinz;;;;
8916;Kleinebeckel, Arno;;;;
8917;Kleineberg, Maria-Luise Sonja;;;;
8918;Kleinert, Claudia;;;;
8919;Kleinert, Horst;;;;
8920;Kleinert, Ulrike;;;;
8921;Kleinhans, Sabine;;;;
8922;Kleinherne, Michael;;;;
8923;Kleinkrieg, Stefan;;;;
8924;Kleinrath, Katrin Maria;;;;
8925;Kleinschmidt, Eberhard;;;;
8926;Kleinschmidt, Helmut;;;;
8927;Kleinschmidt, Sebastian;;;;
8928;Klemann, Stephan;;;;
8929;Klemke, Werner;;;;
8930;Klemm, Andy;;;;
8931;Klemm, Birgit;;;;
8932;Klemm, Constantin;;;;
8933;Klemm, Gertraud;;;;
8934;Klemme, Björn;;;;
8935;Klemmer, Frede;;;;
8936;Klenk, Mark Allen;;;;
8937;Klenke, Marina;;;;
8938;Klenner, Ralf;;;;
8939;Klenner-Otto, Stephan;;;;
8940;Klesius, Wolfgang;;;;
8941;Klette, Herr;darkrheinlaenderprod;weiblich;77;
8942;Kleudgen, Jörg;;;;
8943;Klevinghaus, Wilma;;;;
8944;Klewer, Detlef;;;;
8945;Klewinghaus, Diana;;;;
8946;Kliemannel, Holger;;;;
8947;Klier, Freya;;;;
8948;Klier, Peter;;;;
8949;Klier, Walter;;;;
8950;Kliková, Markéta;;;;
8951;Klima, Eva Maria;;;;
8952;Klimeck, Perdita;;;;
8953;Klimkowsky, Slavica;;;;
8954;Klimpke, Juergen K.;;;;
8955;Klimpke, Jürgen K.;;;;
8956;Kling, Sylvia;;;;
8957;Klinge, Rudolf;;;;
8958;Klingenberg, Axel;;;;
8959;Klingenstein, Susanne;;;;
8960;Klinger, Christine;;;;
8961;Klinger, Joachim;;;;
8962;Klingler, Eva;;;;
8963;Klinkhammer, Heike;;;;
8964;Klinkner, Hans-Guido;;;;
8965;Klinkner, Martin;;;;
8966;Klipphahn, Anneli;;;;
8967;Klischat, Birgit;;;;
8968;Klobusiczky, Patricia;;;;
8969;Klocke, Herbert;;;;
8970;Klodt, Rolf-D.;;;;
8971;Kloeble, Christopher;;;;
8972;Klofer, Alexandra;;;;
8973;Kloft, Christoph;;;;
8974;Klohs, Peter;;;;
8975;Kloimstein, Doris;;;;
8976;Klomfass, Tanja;;;;
8977;Klompenhouwer, Anne;;;;
8978;Klonovsky, Michael;;;;
8979;Klos, Manfred;;;;
8980;Klosch, Rosemarie;;;;
8981;Klose, Christina;;;;
8982;Kloser, Ingrid;;;;
8983;Kloser-Homma, Hans;;;;
8984;Kloska, Barbara;;;;
8985;Kloska, Ronald;;;;
8986;Kloss, Helmar;;;;
8987;Klostermann, Karel;;;;
8988;Kloth, Franziska-Gabriele;;;;
8989;Klotz, Almut;;;;
8990;Klotz, Elisabeth;;;;
8991;Klotz, Oswald M.;;;;
8992;Klotz, Robert;;;;
8993;Klotz, Werner;;;;
8994;Kloubert, Rainer;;;;
8995;Kloß, Anni;;;;
8996;Kluck, Eva-Maria;;;;
8997;Kludig-Hempel, Ute;;;;
8998;Klug, Gerda;;;;
8999;Klug, Monika;;;;
9000;Klug, Ria;;;;
9001;Kluge, Alexander;;;;
9002;Kluge, Gerhard;;;;
9003;Kluge, Karlheinz;;;;
9004;Kluge, Thomas;;;;
9005;Kluge, Werner;;;;
9006;Kluge, Wolfgang;;;;
9007;Klumpjan, Manuela;;;;
9008;Klupp, Thomas;;;;
9009;Klute, Raphaela;;;;
9010;Kluth, Carsten;;;;
9011;Kluth, Eckhard;;;;
9012;Kluwe, Katrin;;;;
9013;Kluy, Alexander;;;;
9014;Klußmann, Wilhelm;;;;
9015;Klymchuk, Alexander;;;;
9016;Klöckner, Horst-Werner;;;;
9017;Klöpping, Sven;;;;
9018;Klötgen, Frank;;;;
9019;Klümper, Günther F.;;;;
9020;Klümper-Lefebvre, Madeleine;;;;
9021;Klüssendorf, Angelika;;;;
9022;Klüter, Michael;;;;
9023;Knaak, Heike;;;;
9024;Knabe, Michael;;;;
9025;Knall, Kristjan;;;;
9026;Knallbrause, Jerry;JerryKnallbraus;divers;25;https://belletristica.com/de/users/8044-jerryakw#profile
9027;Knapek, Ingeborg;;;;
9028;Knapp, Andreas;;;;
9029;Knapp, Brigitte;;;;
9030;Knapp, Fritz Peter;;;;
9031;Knapp, Hermann;;;;
9032;Knapp, Radek;;;;
9033;Knapp, Wolfgang;;;;
9034;Knappe, Günter;;;;
9035;Knappe, Nora;;;;
9036;Knauber, Heike;;;;
9037;Knauf, Günther;;;;
9038;Knauf, Kirsten;;;;
9039;Knauf, Thomas;;;;
9040;Knaup, Paola Malgeri;;;;
9041;Knausenberger, Sarah;;;;
9042;Knebel, Reiner;;;;
9043;Knecht, Doris;;;;
9044;Kneifl, Edith;;;;
9045;Kneifl, Sherin;;;;
9046;Kneisz, Thorolf;;;;
9047;Knellwolf, Ulrich;;;;
9048;Knespel, Philipp;;;;
9049;Kneubühler, Theo;;;;
9050;Kneutgen, Will;;;;
9051;Knichel, Philipp;;;;
9052;Kniebusch, Steffen;;;;
9053;Knieps, Christian;;;;
9054;Kniese, Stefanie;;;;
9055;Knight, Krystan;;;;
9056;Knight, Maddison;;;;
9057;Knight, Makenna;Makenna Knight;weiblich;31;https://immortalchronicles.jimdo.com/
9058;Knipe, Margot;;;;
9059;Knipphals, M. Sôtai;;;;
9060;Knisatschek, Florian;;;;
9061;Knoben, Lukas;;;;
9062;Knoblauch, Georg;;;;
9063;Knoblich, Horst;;;;
9064;Knobloch, Matthias;Marsuparius;männlich;30;
9065;Knoche, Lutz;;;;
9066;Knodt, Lena;;;;
9067;Knoefel, Thomas;;;;
9068;Knol, Barbara;;;;
9069;Knoll, Klaus;;;;
9070;Knoll, Ursula;;;;
9071;Knollmann, Frank;;;;
9072;Knop, Rafael;;;;
9073;Knoppka, Reinhard;;;;
9074;Knorr von Wolkenstein;;;;
9075;Knorr, Paula;;;;
9076;Knorre, Jaromir;;;;
9077;Knospe, David;;;;
9078;Knospe, Michaela;;;;
9079;Knull, Christian;;;;
9080;Knusperflocke, Frau Lily Wildberry-Fox-Fairy;Lythis;weiblich;35;
9081;Knuth, Britta;;;;
9082;Knuth, Martin;;;;
9083;Knödler-Pasch, Margarete;;;;
9084;Knöpfle, Eugen;;;;
9085;Knötig, Romana;;;;
9086;Knümann, Peter;;;;
9087;Knüppel, Günther;;;;
9088;Kobald-Walli, Marietta;;;;
9089;Kober, Bertram;;;;
9090;Kober, Reinhard;;;;
9091;Kobler, Seraina;;;;
9092;Kobus-Ihmig, Barbara;;;;
9093;Kobács, Ragyog Holló;;;;
9094;Koch, Boris;;;;
9095;Koch, David;;;;
9096;Koch, Dirk;;;;
9097;Koch, Doro;;;;
9098;Koch, Erich;;;;
9099;Koch, Erwin;;;;
9100;Koch, Florian;;;;
9101;Koch, Gottfried;;;;
9102;Koch, Grit;;;;
9103;Koch, Hannelore;;;;
9104;Koch, Hans-Jörg;;;;
9105;Koch, Hilka;;;;
9106;Koch, Ines;;;;
9107;Koch, Jannine;;;;
9108;Koch, Johann;;;;
9109;Koch, Juliane;;;;
9110;Koch, Jurij;;;;
9111;Koch, Klaus D.;;;;
9112;Koch, Leonie;;;;
9113;Koch, Manfred;;;;
9114;Koch, René;;;;
9115;Koch, Rosalie;;;;
9116;Koch, Samuel;;;;
9117;Koch, Svantje;;;;
9118;Koch, Sven;;;;
9119;Koch, Timm;;;;
9120;Koch, Ursula;;;;
9121;Koch-Bode, Wilhelm;;;;
9122;Koch-Gosejacob, Anne;;;;
9123;Koch-Schneider, Marle;;;;
9124;Kocher, Peter;;;;
9125;Kock, Erich;;;;
9126;Kock, Lisa;;;;
9127;Kocznar, Reinhard;;;;
9128;Koeberl, Linda;;;;
9129;Koechert, C.;;;;
9130;Koehn, Volker;;;;
9131;Koelpin, Monika;;;;
9132;Koemeda, Adolf Jens;;;;
9133;Koemeda, Margit;;;;
9134;Koepsel, Cornelia;;;;
9135;Koepsell, Cornelia;;;;
9136;Koert, Roswitha;;;;
9137;Koeseling, Anja;;;;
9138;Koester, Jan;;;;
9139;Kofler;;;;
9140;Kofler, Gerhard F.;;;;
9141;Kofler, Nadine;;;;
9142;Kogler, Iris Antonia;;;;
9143;Koglin, Michael;;;;
9144;Kohake, Hendrik;;;;
9145;Kohaupt, Ursula;;;;
9146;Koheil, Susanne;;;;
9147;Kohfeldt, Christian;;;;
9148;Kohl, Dennis;;;;
9149;Kohl, Erwin;;;;
9150;Kohl, Kirsten;;;;
9151;Kohl-Eppelt, Gisela;;;;
9152;Kohlase, Roland;;;;
9153;Kohlberger, Isabell;;;;
9154;Kohlen, Margret;;;;
9155;Kohler, Ben;;;;
9156;Kohler, Dina;;;;
9157;Kohler, Hedi;;;;
9158;Kohler, Insa;;;;
9159;Kohler, Janosch;;;;
9160;Kohler, Markus;;;;
9161;Kohler, Natalie J.;;;;
9162;Kohler, Nikolaj;;;;
9163;Kohlert, Sabine;;;;
9164;Kohlhaase, Wolfgang;;;;
9165;Kohlhofer, Fritz;;;;
9166;Kohlmann, Dieter;;;;
9167;Kohlus, Claudia;;;;
9168;Kohn, Matthias;;;;
9169;Kohne, Diana;;;;
9170;Kohnen, Hans;;;;
9171;Kohnen, Hildegard;;;;
9172;Kohnen, Victor;Nemoralis;männlich;38;https://www.wattpad.com/user/Nemoralis86
9173;Koin, Vera C.;;;;
9174;Koinsel, Males;;;;
9175;Kojima, Bou;O yasumi;weiblich;31;
9176;Kokić, Kenan;;;;
9177;Kokot, Diana;;;;
9178;Kokotjucha, Andrij Anatolijovyč;;;;
9179;Kokott, Jörg;;;;
9180;Kolar, Sybille;;;;
9181;Kolb, Christoph;;;;
9182;Kolb, Claudia;;;;
9183;Kolb, Ingrid;;;;
9184;Kolb, Lucie;;;;
9185;Kolb, Manfred Friedrich;;;;
9186;Kolb, Yvette;;;;
9187;Kolb-Precht, Elvira;;;;
9188;Kolbe, Monika;;;;
9189;Kolbe, Sylvia;;;;
9190;Kolbe, Thomas;;;;
9191;Kolbe, Uwe;;;;
9192;Kolbrück, Olaf;;;;
9193;Koletzki, Peter;;;;
9194;Kolev, Nikolay Ivanov;;;;
9195;Koll, Elisabeth;;;;
9196;Kollars, Helmut;;;;
9197;Kollasch, Ursula;;;;
9198;Kolle, Lothar;;;;
9199;Kollegger, Harald;;;;
9200;Koller, André A.;;;;
9201;Koller, Lutz;Darkar;männlich;43;
9202;Koller, Margot;;;;
9203;Koller, Melanie H.;;;;
9204;Koller, Mena;;;;
9205;Koller, Robert;;;;
9206;Koller, Rudi;;;;
9207;Koller, Tanja;;;;
9208;Kollibabe, Hans;;;;
9209;Kollik, Egmar;;;;
9210;Kollmer, Eckhart;;;;
9211;Kolloch, Heidi;;;;
9212;Kolm, Ron;;;;
9213;Kolmar, Gertrud;;;;
9214;Kolmer, Joachim;;;;
9215;Kolodzy, Betty;;;;
9216;Kolossa, Petra;;;;
9217;Kolovos, Angela;;;;
9218;Kolozs, Martin;;;;
9219;Kolporter, W.;;;;
9220;Kolporter, Wladimir;;;;
9221;Komarek, Alfred;;;;
9222;Kommerell, Blanche;;;;
9223;Kommoß, Angela;;;;
9224;Kompatscher-Gufler, Gabriela;;;;
9225;Kondor, Willy;;;;
9226;Kondrat, Kristiane;;;;
9227;Konetzni, Heike;;;;
9228;Konitzer, Maren;;;;
9229;Konnerth, Tania;;;;
9230;Konopatzki, Sigrid;;;;
9231;Konopka, Josef;;;;
9232;Konopka, Monika;;;;
9233;Konrad, Claudia;;;;
9234;Konrad, Cosima;;;;
9235;Konrad, Susanne;;;;
9236;Konsek, Josepha Franziska;;;;
9237;Konttas, Simon;;;;
9238;Koob, Dirk;;;;
9239;Koon, Jack;Jack Koon;;;
9240;Koopmann, Barbara;;;;
9241;Koos, Manfred;;;;
9242;Kootz, Anja;;;;
9243;Kootz, Michael;;;;
9244;Kopainski, Alexander;;;;
9245;Kopanitsa, Marina;;;;
9246;Koparan, Dr. Ilkay;;;;
9247;Kopf, Helmut;;;;
9248;Kopietz, Anke;;;;
9249;Kopitzki, Siegmund;;;;
9250;Kopmann, Anne;;;;
9251;Kopmann, Herbert;;;;
9252;Kopp, Christine;;;;
9253;Kopp, Feri;;;;
9254;Koppert, Claudia;;;;
9255;Kor, Ralf;;;;
9256;Koraim, Mai;;;;
9257;Koralewski, Henrik A.;;;;
9258;Koralles, Stephan;;;;
9259;Koranyi, Stephan;;;;
9260;Koray, Nic;;;;
9261;Korb, Markus K.;;;;
9262;Korbach, Katharina;;;;
9263;Korber, Tessa;;;;
9264;Korbus, Jens;;;;
9265;Kordež, Klemen;;;;
9266;Kordt, Lucas;;;;
9267;Koreng, Ludger;;;;
9268;Korger, Dieter;;;;
9269;Koriath, Sabine;;;;
9270;Korkowsky, Britta;;;;
9271;Kormann, Christa;;;;
9272;Kormann, Lisa Marie;;;;
9273;Kormann, Marlies;;;;
9274;Korn, Gabriele;;;;
9275;Korn, Habert;;;;
9276;Korn, Lillith;;;;
9277;Korn, Thomas;;;;
9278;Korn, Ulrich;;;;
9279;Kornberger, Ruth;;;;
9280;Kort, Hannes;Old Longfellow;männlich;37;
9281;Korte, Ralf B.;;;;
9282;Korth, Dieter;;;;
9283;Korth, Michael;;;;
9284;Korthals, Jens;;;;
9285;Kortschak, Helene;;;;
9286;Korvács, Adorján;;;;
9287;Korzonnek, Siegfried;;;;
9288;Kos, Bianca;;;;
9289;Kosanke, Elias;;;;
9290;Koschatzky, Trude;;;;
9291;Koschier, Dietmar;;;;
9292;Koschmieder, Christine;;;;
9293;Koschorrek-Müller, Anita;;;;
9294;Kosellek, Gerhard;;;;
9295;Koshmanov, Daniil;;;;
9296;Koshmanov, Roman;;;;
9297;Kosig, Pascal;;;;
9298;Koslowski, Erich;;;;
9299;Kossack, Daniel;;;;
9300;Kossack, Gabriele;;;;
9301;Kossel, Gisa;;;;
9302;Kossel, Sabrina;;;;
9303;Kostial, Karola;;;;
9304;Kostnitz, Michael von;;;;
9305;Kosurmann, Sara;;;;
9306;Kosznitzki, Volker;;;;
9307;Kotetzki, Maline;;;;
9308;Kothe, Dietrich;;;;
9309;Kothe, Michael;;;;
9310;Kotorman, Andrea;;;;
9311;Kotowski, Peter;;;;
9312;Kotrba, Veronika;;;;
9313;Kotrus, Susanne;;;;
9314;Kott, Charlott Ruth;;;;
9315;Kottmann, Dietmar;;;;
9316;Kottmann, Pacal;;;;
9317;Kotulla, Reiner;;;;
9318;Kotzebue, Wilhelm von;;;;
9319;Kotzina, Ulrike;;;;
9320;Kova, László;;;;
9321;Kovacevic, Jeannette;;;;
9322;Kovacs, Franz Friedrich;;;;
9323;Kovanda, Nicole;;;;
9324;Kowalczyk, Alina;;;;
9325;Kowalewicz, Alia;;;;
9326;Kowalski, Dietrich;;;;
9327;Kowalski, Joerg F.;;;;
9328;Kowalski, Rudolf;;;;
9329;Kowalski, Silke;;;;
9330;Kowalskyi, Jengien;;;;
9331;Kowatschek, Günter;;;;
9332;Kozlik, Juliane;;;;
9333;Kpsüdsee, Timiana;Jombo13gott;;;
9334;Kraatz, Nicole;;;;
9335;Kracht, Michael;;;;
9336;Kraechter, Sabine;;;;
9337;Kraeft, Uwe;;;;
9338;Kraehenrabe, Murdoc;Kraehenrabe;männlich;;http://www.forum.dasrudelheult.de/
9339;Kraemer, Katharina;;;;
9340;Krafczyk, Ottilie;;;;
9341;Kraft, Elisabeth;;;;
9342;Kraft, Helen B.;;;;
9343;Kraft, Maria;;;;
9344;Kraft, Martin;;;;
9345;Kraft, Michaele;;;;
9346;Kraft, Robert;;;;
9347;Kraft, Sigrid;;;;
9348;Kraft, Susanne;;;;
9349;Kraft, Thomas;;;;
9350;Kraftwerk, Klippo;;;;
9351;Krage, Thomas G.;;;;
9352;Kragulj, Claudia;;;;
9353;Krain, Guido;;;;
9354;Krajewski, Annabelle;;;;
9355;Krajewski, Frank;;;;
9356;Krajewsky, Yakov;;;;
9357;Krajina, Anto;;;;
9358;Krakau, Felix;;;;
9359;Krakau, Stefanie;;;;
9360;Krakolinig, Hannes;;;;
9361;Krallinger, Eva;;;;
9362;Kramer, Ann K.;;;;
9363;Kramer, Gisela;;;;
9364;Kramer, Hans-Ulrich;;;;
9365;Kramer, Johannes;;;;
9366;Kramer, Michael;;;;
9367;Kramer, Ralph;;;;
9368;Kramer, Rebecca;;;;
9369;Kramer, Szosha;;;;
9370;Kramer, Valentina;;;;
9371;Kramlovsky, Beatrix M.;;;;
9372;Kramm Konowalow, Ursula;;;;
9373;Krammer, Ludwig;;;;
9374;Kramp, Otto;;;;
9375;Kramp, Ralf;;;;
9376;Kramp-Karrenbauer, Annegret;;;;
9377;Krampitz, Karsten;;;;
9378;Krampl, Monika;;;;
9379;Krampl, Sarah;;;;
9380;Krane, Rolf;;;;
9381;Kranich, Sabine;;;;
9382;Kranich-Rittweger, Jutta;;;;
9383;Kranister, Willibald;;;;
9384;Krankemann, Carsten;;;;
9385;Krantz, Christel;;;;
9386;Kranz, Reiner;;;;
9387;Kranz, Susanne;;;;
9388;Krapf, Heike;;;;
9389;Krapf, Heinz Wolfgang;;;;
9390;Krapf, Karl Franz;;;;
9391;Krappmann, Simon;;;;
9392;Krappweis, Tommy;;;;
9393;Kraschl, Ingeborg;;;;
9394;Kraschon, Stefan;;;;
9395;Kraske, Hartmut Holger;;;;
9396;Krasl, Radvana;;;;
9397;Krass, Holger;;;;
9398;Krasser, Harald;;;;
9399;Kratky, Toni;;;;
9400;Kratschmer, Edwin;;;;
9401;Kratt, K.;;;;
9402;Kratzer, Johannes;;;;
9403;Kraujas, Marija;;;;
9404;Kraus, Kai;;;;
9405;Kraus, Lena;;;;
9406;Kraus, Mara;;;;
9407;Kraus, Margit;;;;
9408;Kraus, Peter J.;;;;
9409;Kraus, Rudolf;;;;
9410;Kraus, Walter;;;;
9411;Kraus, Yvonne;;;;
9412;Krauscher, Marlene;;;;
9413;Krause, Anke;;;;
9414;Krause, Beate;;;;
9415;Krause, Birgid;;;;
9416;Krause, Christine;;;;
9417;Krause, Cordula;;;;
9418;Krause, Dirk;;;;
9419;Krause, Karola;;;;
9420;Krause, Klaus-Pablo;;;;
9421;Krause, Lutz E.;;;;
9422;Krause, Marlis;;;;
9423;Krause, Peter;;;;
9424;Krause, Reinhard;;;;
9425;Krause, Roland;;;;
9426;Krause-Blassl, Michael;;;;
9427;Krauser, Daniel;;;;
9428;Krauskopf, K.;;;;
9429;Krauskopf, R.;;;;
9430;Krausmann, Valentin;;;;
9431;Krausnick, Michail;;;;
9432;Krauss, Gabriele;;;;
9433;Krautgartner, Monika;;;;
9434;Krauth, Lena;;;;
9435;Krautz, Alexandra;;;;
9436;Krauß, Angela;;;;
9437;Krauß, Barbara;;;;
9438;Krawczyk, Carola;;;;
9439;Kray, Lydia;;;;
9440;Krebber, Nils;;;;
9441;Krebs, Günther;;;;
9442;Krebs, Hartmut;;;;
9443;Krebs, Markus;;;;
9444;Krebs, Peter;;;;
9445;Krebs, Peter G.;;;;
9446;Krebs, Ulli;;;;
9447;Krechel, Ursula;;;;
9448;Kreck, Herbert;;;;
9449;Kredel, Fritz;;;;
9450;Kreft, U. Stefania;;;;
9451;Krehl, Yann;;;;
9452;Kreichgauer, Dominique;;;;
9453;Kreifelts, Karl;;;;
9454;Kreifelts, Valerie;;;;
9455;Kreikenbom, Marianne;;;;
9456;Kreinacke, Sabine;;;;
9457;Kreiner, Katharina Kora;;;;
9458;Kreiner, Stephanie;;;;
9459;Kreiner, Wolfgang;;;;
9460;Kreisler, Frank;;;;
9461;Kreitschmann, Heike;;;;
9462;Kreizer, Viktor;Musjun;männlich;30;https://www.facebook.com/viktor.kreizer.3
9463;Krekel, Sigrid;;;;
9464;Kreklau, Carsten;;;;
9465;Kreller, Susan;;;;
9466;Kremeskötter, Gabi;;;;
9467;Kremming, Rolf;;;;
9468;Kremser, Erika;;;;
9469;Kremser, Liliana;;;;
9470;Kremsner, Liliana;;;;
9471;Krendlesberger, Annett;;;;
9472;Krenei, Jana;Jana Krenei;weiblich;36;https://www.facebook.com/schreiberling.jana.krenei/
9473;Krenn, Florian;;;;
9474;Krenn, Jürgen;;;;
9475;Krenz, Günter;;;;
9476;Krenzer, Corinna;;;;
9477;Krenzien, Gabriele;;;;
9478;Kreppel, Sebastian;;;;
9479;Kress, Michael;;;;
9480;Kress-Fricke, Regine;;;;
9481;Kressel, Tilman;;;;
9482;Krestin, Steffen;;;;
9483;Kretschmann, Annelie;;;;
9484;Kretschmann, Fritz;;;;
9485;Kretschmann, Johannes F.;;;;
9486;Kretschmer, Frauke;;;;
9487;Kretschmer, Katherina;;;;
9488;Kretschmer, Ulrike;;;;
9489;Kretzschmar, Rainer;;;;
9490;Kreuder, Ernst;;;;
9491;Kreutz, Anneliese;;;;
9492;Kreutz, Verena;;;;
9493;Kreutzer, Gert;;;;
9494;Kreutzer, Karl-Heinz;;;;
9495;Kreutzer, Leo;;;;
9496;Kreutzer, Lutz;;;;
9497;Kreutzfeldt, Sandra;FFKHMangAnime;weiblich;28;https://old.bookrix.de/-ffkhmanganime/
9498;Kreuz, Oliver;;;;
9499;Kreuzer, Eberhard;;;;
9500;Kreuß, Barbara;;;;
9501;Krewald, Diana;;;;
9502;Kricheldorf, Diana;;;;
9503;Kriechbaum, Veronica;;;;
9504;Krieger, Günter;;;;
9505;Krieger, Jasmin;;;;
9506;Krieger, Joseph;;;;
9507;Krieger, Ramona;;;;
9508;Krieger, Thomas;;;;
9509;Kriegert, Eduard;Xdra;männlich;29;
9510;Kriegisch, Stefan;;;;
9511;Kriegleder, Wynfrid;;;;
9512;Krieglstein, Barbara Maria;;;;
9513;Krieglsteiner, Alfons;;;;
9514;Kriemler, Emanuel A.;;;;
9515;Krien, Daniela;;;;
9516;Krienen, Tanja;;;;
9517;Kriese, Wilfried;;;;
9518;Krimbacher, Elisa;;;;
9519;Krimm, Marie;X-Marie-X;weiblich;;
9520;Krinninger, Wolfgang;;;;
9521;Krippner, Torsten;;;;
9522;Krispin, Jack;;;;
9523;Krist, Martin;;;;
9524;Kristophel, Sina;Sina Kristophel;;26;
9525;Kristudas;;;;
9526;Krneta, Guy;;;;
9527;Kroetz, Franz Xaver;;;;
9528;Krohberger, Andreas;;;;
9529;Krohn, Barbara;;;;
9530;Krohn, Jochen;;;;
9531;Krohn, Renate;;;;
9532;Krohn, Rolf;;;;
9533;Krohne, Daniel;;;;
9534;Krol, Sabine;;;;
9535;Krolop, Bernd;;;;
9536;Kromarek, Michael Frank;;;;
9537;Krome, Silke;;;;
9538;Kromp, Christiane;;;;
9539;Kromphardt, Barbara;;;;
9540;Kron, J. R.;;;;
9541;Kron, Norbert;;;;
9542;Kron-Treu, Lydia;;;;
9543;Kronabitter, Erika;;;;
9544;Kronauer, Brigitte;;;;
9545;Krone, Banshee Phoenix;krone96;weiblich;28;http://www.bloss-nicht-klicken.de/
9546;Kronenberg, Sabine;;;;
9547;Kronenberg, Susanne;;;;
9548;Kronenwett, Gerlinde;;;;
9549;Kroner, Ludwig;;;;
9550;Kroner, Petra;;;;
9551;Kronreif, Peter;;;;
9552;Kroon, Silke;;;;
9553;Kropp, Sabine;;;;
9554;Krottenthaler, Margot;;;;
9555;Krouk, Olga;;;;
9556;Kruczek, Dietmar;;;;
9557;Krueger, Sarah;;;;
9558;Kruemel, La-miga;La-miga;weiblich;;
9559;Krug, Christian Tobias;;;;
9560;Krug, Franziska;;;;
9561;Krug, Hartmut;;;;
9562;Krug, Jana;SallyJane Bennet;weiblich;27;
9563;Krug, Josef;;;;
9564;Krug, Manfred;;;;
9565;Krug, Michael;;;;
9566;Krumm, Christian;;;;
9567;Krummacher, Annika;;;;
9568;Krummacker, Petra;;;;
9569;Krupa, Klaus;;;;
9570;Krupicka, Sylvia;;;;
9571;Krupp, Maren;;;;
9572;Krupp, Michael;;;;
9573;Kruppa, Hans;;;;
9574;Kruppe, Marko;;;;
9575;Krusche, Dietrich;;;;
9576;Krusche, Lisa;;;;
9577;Kruschel, Karsten;;;;
9578;Kruse, Axel;;;;
9579;Kruse, Elena;;;;
9580;Kruse, Hans Rudolf;;;;
9581;Kruse, Marcel;;;;
9582;Kruse, Margit;;;;
9583;Kruse, Saskia;;;;
9584;Kruse, Sigrid;;;;
9585;Kruse, Tatjana;;;;
9586;Krutzsch, Malte;;;;
9587;Kryeziu, Arif;;;;
9588;Krym, Jalanta;;;;
9589;Krym, Jolanta;;;;
9590;Krypczyk, Vanessa;;;;
9591;Krys, Elke;;;;
9592;Krystofiak, Carsten;;;;
9593;Krzywik-Groß, Mike;;;;
9594;Krzyzelewski, Kai;;;;
9595;Krämer, Christa;;;;
9596;Krämer, Gisela;;;;
9597;Krämer, Jonah;;;;
9598;Krämer, Jörg;;;;
9599;Krämer, Katharina;;;;
9600;Krämer, Micha;;;;
9601;Krämer, Nora;NoRila;;28;https://linktr.ee/NoRila
9602;Krämer, Tilmann;;;;
9603;Krämer, Wolf-Dieter;;;;
9604;Kränzler, Katrin;;;;
9605;Kränzler, Lisa;;;;
9606;Krätzer, Jürgen;;;;
9607;Kröber, Günter;;;;
9608;Kröber, Hans-Ludwig;;;;
9609;Kröber, Ulrike;;;;
9610;Kröger, Alexander;;;;
9611;Kröger, Gernot;;;;
9612;Kröger, Heinrich;;;;
9613;Kröhnke, Friedrich;;;;
9614;Kröll, Margit;;;;
9615;Kröll, Norbert;;;;
9616;Krömer, Philip;;;;
9617;Kröner, Markus;;;;
9618;Kröner, Matthias;;;;
9619;Kröning, Christel;;;;
9620;Kröpfl, Richard;;;;
9621;Krösche, Dana;;;;
9622;Kröseler, Frank-Olaf;;;;
9623;Krötz, Melanie;;;;
9624;Krücken, Stefan;;;;
9625;Krüger, Axel;;;;
9626;Krüger, Bartholomäus;;;;
9627;Krüger, Christina;;;;
9628;Krüger, Claudia;;;;
9629;Krüger, Ekkehard;;;;
9630;Krüger, Hans;;;;
9631;Krüger, Hardy;;;;
9632;Krüger, Ingrid;;;;
9633;Krüger, Jeanette;;;;
9634;Krüger, Jonathan;cactus-family;männlich;25;
9635;Krüger, Markus;;;;
9636;Krüger, Michael;;;;
9637;Krüger, Mika M.;;;;
9638;Krüger, Ralf;;;;
9639;Krüger-Schmale, Nina;;;;
9640;Krügler, Madita;;;;
9641;Krüpe-Silbersiepe, Hartmut;;;;
9642;Krüsi, Hendri;;;;
9643;Krüss, James;;;;
9644;Krčmářová, Rhea;;;;
9645;Kuballa, Stefan;;;;
9646;Kubel, Michael;;;;
9647;Kubica, Anja;;;;
9648;Kubik, Ursula;;;;
9649;Kubowsky, Manfred;;;;
9650;Kuby, Gabriele;;;;
9651;Kuchen, Blaubeer;Blaubeerkuchen;weiblich;23;
9652;Kucica, Anja;;;;
9653;Kuckart, Judith;;;;
9654;Kuderewski, Pascal;;;;
9655;Kudernatsch, André;;;;
9656;Kudernatsch, Dieter;;;;
9657;Kudo, Neko;beccax3;weiblich;22;http://beccax3.hat-gar-keine-homepage.de/
9658;Kuers, Heinfried;;;;
9659;Kugel, Jutta;;;;
9660;Kugelmeier, Clemens;;;;
9661;Kugler, Hans Jürgen;;;;
9662;Kugler, Harald;;;;
9663;Kugler, Ulla;;;;
9664;Kuhl, Hermann;;;;
9665;Kuhle, Marius;;;;
9666;Kuhligk, Björn;;;;
9667;Kuhlmann, Detlef;;;;
9668;Kuhlmann, Jürgen;;;;
9669;Kuhlmann, Marlies;;;;
9670;Kuhlmeyer, Anne;;;;
9671;Kuhn, Achim;;;;
9672;Kuhn, Barbara;;;;
9673;Kuhn, Christoph;;;;
9674;Kuhn, Detlef;;;;
9675;Kuhn, Elmar L.;;;;
9676;Kuhn, Gianni;;;;
9677;Kuhn, Herbert;;;;
9678;Kuhn, Ines;Bella-funy-96;weiblich;27;
9679;Kuhn, Joachim;;;;
9680;Kuhn, Johannes;;;;
9681;Kuhn, Jürgen;;;;
9682;Kuhn, Michael;;;;
9683;Kuhn, Moritz Elias;;;;
9684;Kuhn, Sandy Taikyu;;;;
9685;Kuhn, Willi;;;;
9686;Kuhnert, Andreas;;;;
9687;Kuhnert, Cornelia;;;;
9688;Kuhnert, Reinhard;;;;
9689;Kuhnke, Walter;;;;
9690;Kuhnt, Lydia;;;;
9691;Kuhnt, Marcel-Martin;;;;
9692;Kuhrig, Joachim;;;;
9693;Kuhrt, Henriette;;;;
9694;Kuhs, Elisabeth;;;;
9695;Kuik, Gertrud;;;;
9696;Kuiper, Marcel;;;;
9697;Kulewatz, Julia;;;;
9698;Kulig, Stefanie;;;;
9699;Kulin, Katja;;;;
9700;Kulinna, Hans-Werner;;;;
9701;Kullnick, Uwe;;;;
9702;Kulow, Gesine;;;;
9703;Kulp, Ulrich;;;;
9704;Kulski, Heike;;;;
9705;Kum'a N'dumbe, Alexandre;;;;
9706;Kum'a Ndumbe, Alexandre;;;;
9707;Kum, Mehmet;;;;
9708;Kumar, Anant;;;;
9709;Kummer, Tanja;;;;
9710;Kummermehr, Petra;;;;
9711;Kummerow, Holger;;;;
9712;Kundt, Thomas;;;;
9713;Kunert, Almud;;;;
9714;Kunert, Günter;;;;
9715;Kunisch, Beate;;;;
9716;Kunkel, Gottfried;;;;
9717;Kunow, Detlef;;;;
9718;Kunstmann, Sandra;Karibik-Hexe;weiblich;44;
9719;Kunz, Eugen;;;;
9720;Kunze, Christiane;;;;
9721;Kunze, Gabriele;;;;
9722;Kunze, Myriam;;;;
9723;Kunze, Reiner;;;;
9724;Kunze, Till;;;;
9725;Kunze, Uwe;;;;
9726;Kunzmann, Rico;;;;
9727;Kupfer, Carola;;;;
9728;Kupfer, Edgar;;;;
9729;Kupfer, Martin;;;;
9730;Kupfer, Traudl;;;;
9731;Kupfermann, Thomas;;;;
9732;Kupisok, Mariya;Miya Eulik;weiblich;33;https://eulenarchiv.de/
9733;Kupka, Gerhard;;;;
9734;Kupke, Jana;;;;
9735;Kuppen, Lara;;;;
9736;Kuqi, Adrian;;;;
9737;Kuran, Julietta;JuliettaKuran;weiblich;25;
9738;Kureishi, Hanif;;;;
9739;Kurenz, Gerhard;;;;
9740;Kureskin, Sania;Sania;männlich;;
9741;Kuritko, Andrea;;;;
9742;Kurmann Oetterli, Belinda;;;;
9743;Kurnosova, Vera;;;;
9744;Kuro;;;;
9745;KuroNeko, Michelle;Lyrinn;weiblich;30;http://deruchihaclan.yooco.de/home.html
9746;Kurohana, Misaki;Kurohana;;;http://fairy-tail-community.yooco.de/invite/jHmrwJdpZpKampI%3D
9747;Kuroki-Uchiha, Aimi;NekoNekoNyaa;weiblich;27;
9748;Kursch, Wolf;;;;
9749;Kurt, Ines;;;;
9750;Kurta, Kurapika;Kurapika;;;
9751;Kurth, Hortense;;;;
9752;Kurth, Liselotte;;;;
9753;Kurtsiefer, Melanie;;;;
9754;Kurtsiefer, Ralf;;;;
9755;Kurtz, Achim;;;;
9756;Kurtze, Cornelia;;;;
9757;Kury, Astrid;;;;
9758;Kurz, A.;;;;
9759;Kurz, Alex;;;;
9760;Kurz, Andreas;;;;
9761;Kurz, Bastian J.;;;;
9762;Kurz, Isolde;;;;
9763;Kurz, Jürgen;;;;
9764;Kurz, Sabine;;;;
9765;Kurz, Uwe;;;;
9766;Kurze, Werner;;;;
9767;Kurzeck, Peter;;;;
9768;Kurzrock, Tanja;;;;
9769;Kusakabe, Maron;KaitoJeanne;weiblich;31;
9770;Kusch, Rita;;;;
9771;Kusch-Lück, Petra;;;;
9772;Kusche, Dieter;;;;
9773;Kuschel, Yvonne;;;;
9774;Kuscheltiger;;;;
9775;Kusenberg, Barbara;;;;
9776;Kusenberg, Kurt;;;;
9777;Kuss-Setz, Michael;;;;
9778;Kussatz, Ingrid;;;;
9779;Kuster, Bernhard;;;;
9780;Kutil, Katharina;;;;
9781;Kutil, Mag. Viktoria;;;;
9782;Kutlu, Mustafa;;;;
9783;Kutsch, Angelika;;;;
9784;Kutscher, Natalie C.;;;;
9785;Kutscher, Nathalie C.;;;;
9786;Kutschke, Svealena;;;;
9787;Kutter, Vik;;;;
9788;Kuttler, Gunda;;;;
9789;Kuttler-Merz, Ursula;;;;
9790;Kuttner, Elisabeth;;;;
9791;Kuttner, Hardy;;;;
9792;Kutzner, Judith;;;;
9793;Kutzschebauch, Tina;;;;
9794;Kuypers, Anja;;;;
9795;Kuße, Holger;;;;
9796;Kußin, Steve;;;;
9797;Kuó, Franziska;;;;
9798;Kvc, Ljubica;Ljubinka;;;
9799;Kver, Ele;;;;
9800;Kwon Kim, _Red_Cap_;Cherrysschwester;;;https://www.wattpad.com/user/_Red_Cap_
9801;Kwon, Ina;;;;
9802;Kyber, Manfred;;;;
9803;Kynast, Franziska;;;;
9804;Kynast, Pierre;;;;
9805;Kyrada, Silja;;;;
9806;Kyuubi, Rena;Rena x;weiblich;28;
9807;Käfer, Hahnrei Wolf;;;;
9808;Käfer, Nel;Coccinelle;weiblich;;
9809;Kälberer, Reinhold;;;;
9810;Kämmer, Chr.;;;;
9811;Kämpchen, Martin;;;;
9812;Kämpf, Mandy;;;;
9813;Kämpf, Matto;;;;
9814;Kämpfen, Stefan;;;;
9815;Kämpfer, Tim;;;;
9816;Käpernick, Carola;;;;
9817;Kärcher, Jürgen;;;;
9818;Kästner, Erich;;;;
9819;Käter, Veronika;;;;
9820;Käther, Friedrich;;;;
9821;Käufer, Hugo Ernst;;;;
9822;Käßheimer, Simon;;;;
9823;Käßmann, Margot;;;;
9824;Köbernick, Uta;;;;
9825;Kögel, Jürgen;;;;
9826;Kögl, Gabriele;;;;
9827;Köhl, Katrin;;;;
9828;Köhl, Uwe;;;;
9829;Köhle, Markus;;;;
9830;Köhler, Christoph;;;;
9831;Köhler, Gudrun;;;;
9832;Köhler, Hans-Jürgen;;;;
9833;Köhler, Harriet;;;;
9834;Köhler, Hartmut W. H.;;;;
9835;Köhler, Heidemarie;;;;
9836;Köhler, Horst;;;;
9837;Köhler, Jutta;;;;
9838;Köhler, Kareen;;;;
9839;Köhler, Karen;;;;
9840;Köhler, Markus & Lucas;die Zwillinge;männlich;29;http://lucaandmarikoehler.tumblr.com/
9841;Köhler, Martina;;;;
9842;Köhler, Michael T.;;;;
9843;Köhler, Nick;;;;
9844;Köhler, Peter;;;;
9845;Köhler, Rudolf;;;;
9846;Köhler, Seline;beep;weiblich;22;
9847;Köhler, Stefan;;;;
9848;Köhler, Synke;;;;
9849;Köhler-Broman, Mela;;;;
9850;Köhler-Terz, Iris;;;;
9851;Köhli, Sebastian;;;;
9852;Köhlmeier, Michael;;;;
9853;Köhlmeier, Otto;;;;
9854;Köhn, Hinnerk;;;;
9855;Köhn, Wulf;;;;
9856;Köhnen, Ralph;;;;
9857;Kölb, Volker;;;;
9858;Köller, Hans-Henrik von;;;;
9859;Köller, Katharina;;;;
9860;Kölling, Timo;;;;
9861;Köllisch, Klaus;;;;
9862;Köllner, Peter;;;;
9863;Kölmel, Reinhard;;;;
9864;Kölpin, Regine;;;;
9865;Kölsch, Christina;;;;
9866;Könemann, Tobias;;;;
9867;König, Christian;;;;
9868;König, Christiana;;;;
9869;König, Dieter;;;;
9870;König, Doro;;;;
9871;König, Ella;;;;
9872;König, Emil;;;;
9873;König, Jan C. L.;;;;
9874;König, Jana;;;;
9875;König, Joachim;;;;
9876;König, Josephine;;;;
9877;König, Jörg;;;;
9878;König, Kai;;;;
9879;König, Karl;;;;
9880;König, Magenta;;;;
9881;König, Maria Luise;;;;
9882;König, Mia Delphine;Phoeniphinx;;;
9883;König, Ralf;;;;
9884;König, Regina;;;;
9885;König, Roman;;;;
9886;König, Sarah;;;;
9887;König, Thomas;twking;männlich;;http://twking.livejournal.com
9888;Königs, Caroline;;;;
9889;Königs, Rolf;;;;
9890;Königsberg, Genevieve A.;;;;
9891;Königswald, Thaddäus;;;;
9892;Könnicke, Pierre;;;;
9893;Köpf, Gerhard;;;;
9894;Köppel, Melanie;;;;
9895;Köppel, Nicolai;;;;
9896;Körber, Julia;;;;
9897;Körber, Martina;;;;
9898;Körfer, Michael;;;;
9899;Körner, Fritz;;;;
9900;Körner, Jörg;;;;
9901;Körner, Marco;;;;
9902;Körner, Theodor;;;;
9903;Körner, Torsten;;;;
9904;Körner-Lakatos, Erich;;;;
9905;Körting, Katharina;;;;
9906;Körzdörfer, Norbert;;;;
9907;Kössler, Christian;;;;
9908;Kössler, Franz;;;;
9909;Kössler, J.;;;;
9910;Köster, Friedrich;;;;
9911;Köster, Jan;;;;
9912;Köster, Jörg;;;;
9913;Köster, Rudolf;;;;
9914;Köster-Kämmerer, Erika;;;;
9915;Köstering, Ulrike;;;;
9916;Köstner, Josef;;;;
9917;Köthe, Carsten;;;;
9918;Kötz-Tintelnot, Ursula;;;;
9919;Küchenmeister, Nadja;;;;
9920;Kügel, Wolfgang;;;;
9921;Kühl, Alexander;;;;
9922;Kühl, Cathrin;;;;
9923;Kühl, Thusnelda;;;;
9924;Kühn, Annette;;;;
9925;Kühn, August;;;;
9926;Kühn, Bernd;;;;
9927;Kühn, Dieter;;;;
9928;Kühn, Karla;;;;
9929;Kühn, Michel;;;;
9930;Kühn, Monika;;;;
9931;Kühn, Totte;;;;
9932;Kühn, Viola;;;;
9933;Kühn, Wolfgang;;;;
9934;Kühne, Evelyn;;;;
9935;Kühne, Gerhard;;;;
9936;Kühne, Hans-Jörg;;;;
9937;Kühnel, Klaus;;;;
9938;Kühner, Gabriele;;;;
9939;Kühnhardt, Victoria E.;;;;
9940;Kühnlenz, Barbara;;;;
9941;Küllmar, Margret;;;;
9942;Küls, Holger;;;;
9943;Külzer-Schröder, Christoph;;;;
9944;Kümmel, Anja;;;;
9945;Künne, Christian;;;;
9946;Künnemeyer, Bianka;;;;
9947;Künster, Frank;;;;
9948;Künzel, Eva;;;;
9949;Künzi, Lukas;DerneueHomunkulus;männlich;29;
9950;Künzi, Max;;;;
9951;Künzi-Frauchiger, Ruth;;;;
9952;Künzli, Erwin;;;;
9953;Küper, Thorsten;;;;
9954;Küpker, Bärbel;;;;
9955;Küpper, Anke;;;;
9956;Küpper, Simon;;;;
9957;Küpper, Stephanie;;;;
9958;Kürfürst-Meins, Gisela;;;;
9959;Küspert, Karin;;;;
9960;Küssner, Rudi;;;;
9961;Küst, Meik;;;;
9962;Küster, Ferdinand;;;;
9963;Küsters, Arnold;;;;
9964;Küter, Andrea Gabriele;;;;
9965;Küttelwesch, Ralf;;;;
9966;Kütter, Inga Susanne Pilar;;;;
9967;Kütz, Angelika;;;;
9968;L'Amour, Louis;;;;
9969;L., Henry;;;;
9970;L., Robert;;;;
9971;LILI, niki;nikiXlili;weiblich;16;
9972;LaBe, Sabine;;;;
9973;LaGrande, Ninia;;;;
9974;LaMar, Ari;Ari LaMar;männlich;25;
9975;Laabs, Joochen;;;;
9976;Laback, Elisabeth;;;;
9977;Labas, Tamara;;;;
9978;Labbow, Ellen;;;;
9979;Labentsch, Heinrich;;;;
9980;Labisch, Marianne;;;;
9981;Labrenz, Kai;;;;
9982;Labusch, David;;;;
9983;Labusga, Christiane;;;;
9984;Lach, Hella;;;;
9985;Lach, Roman;;;;
9986;Lachmal, Karl-Rainer;;;;
9987;Lachmann, Karin;;;;
9988;Lackerbauer, Veronika;;;;
9989;Lackmann, Karsten;;;;
9990;Lackner, Heidi;;;;
9991;Lacro;;;;
9992;Lacroix, Vivien;Vivien Lacroix;;;
9993;Ladaki, Fotini;;;;
9994;Ladewig, Wolfgang W.;;;;
9995;Ladurner, Ulrich;;;;
9996;Lady Rosewood, Lady;;;;
9997;Lady Sas;;;;
9998;Laessing, Thomas;;;;
9999;Lafleur, Stan;;;;
10000;Laforet, Amrei;;;;
10001;Laforge, Emilia;;;;
10002;Lafrentz, Manfred;;;;
10003;Laftsidis-Krüger, Maria;;;;
10004;Lagemann, Tobias;;;;
10005;Lagerlöf, Selma;;;;
10006;Lagerpusch, Peer;;;;
10007;Lagowski, Mona;;;;
10008;Lahayne, Olaf;;;;
10009;Laher, Ludwig;;;;
10010;Lahn, Heiner;;;;
10011;Laib-Jasinski, Christa;;;;
10012;Lal, Ruth Durga;;;;
10013;Lalie, Noelie;;;;
10014;Laloi, Eleonore;;;;
10015;Laloi, Josephine;;;;
10016;Lalyko, Vera;;;;
10017;Lambert, Bethany;;;;
10018;Lambert, Claudia;;;;
10019;Lambert, Gottfried;;;;
10020;Lambert, Maurice;;;;
10021;Lamberts, Brigitte;;;;
10022;Lambertus, Hendrik;;;;
10023;Lamberty, Rhonda;;;;
10024;Lamboury, Stefan;;;;
10025;Lamers, Monika;;;;
10026;Lamm, Rita;;;;
10027;Lammers, André;;;;
10028;Lammers, Ina;;;;
10029;Lammers, Jan;;;;
10030;Lammers, Stefan;;;;
10031;Lammert, Margit;;;;
10032;Lammert, Sabina;;;;
10033;Lamminger, Hans;;;;
10034;Lammla, Jens;;;;
10035;Lammla, Uwe;;;;
10036;Lamolla, Simone;;;;
10037;Lamour, Carl;;;;
10038;Lamour, Poppy;;;;
10039;Lampart, Michael;;;;
10040;Lampe, Roland;;;;
10041;Lamping, Dieter;;;;
10042;Lamprecht, Eva;;;;
10043;Lamprecht, Günter;;;;
10044;Lamprecht, Maria-Ilona;;;;
10045;Lamprecht, Michael;;;;
10046;Lanatowitz, Anke;;;;
10047;Lancester, Peter;;;;
10048;Lancker, Janine;;;;
10049;Landahl, Stefanie;;;;
10050;Landau, Horst;;;;
10051;Landeck, Rainer;;;;
10052;Landerl, Christina Maria;;;;
10053;Landerl, Peter;;;;
10054;Landes, Cora;CoraLan;;;
10055;Landgraf, Harald;;;;
10056;Landgraf, Michael;;;;
10057;Landhausen, Peter;;;;
10058;Landig, Jutta;;;;
10059;Landmann, Bettina;;;;
10060;Landmann, Salcia;;;;
10061;Landmann, Valentin;;;;
10062;Landmesser, Alfred;;;;
10063;Landsberg, Mareike von;;;;
10064;Landschoof, Uwe;;;;
10065;Landsgesell, Hans;;;;
10066;Landt, Jürgen;;;;
10067;Landwehr, Liesa;;;;
10068;Lanfranconi, Katharina;;;;
10069;Lang, Ana;;;;
10070;Lang, Anette;;;;
10071;Lang, Anita;;;;
10072;Lang, Elmy;;;;
10073;Lang, Herbert;;;;
10074;Lang, Josephine;;;;
10075;Lang, Julia;;;;
10076;Lang, Kajo;;;;
10077;Lang, Karin;;;;
10078;Lang, Manfred;;;;
10079;Lang, Mara;;;;
10080;Lang, Martin;;;;
10081;Lang, Matthias;;;;
10082;Lang, Noriko;;;;
10083;Lang, Sibylle;;;;
10084;Lang, Tam;;;;
10085;Lang, Thomas;;;;
10086;Lang, Tobias Andreas-Marcus;;;;
10087;Lang, Veronika;;;;
10088;Lang, Waltraut;;;;
10089;Langbecker, Sara;;;;
10090;Langbehn, Antje;;;;
10091;Langbein, Florian;;;;
10092;Lange, Alexander;;;;
10093;Lange, Bernd-Lutz;;;;
10094;Lange, Caroline;;;;
10095;Lange, Christian;;;;
10096;Lange, Eckhard;;;;
10097;Lange, Hannes;;;;
10098;Lange, Hartmut;;;;
10099;Lange, Helge;;;;
10100;Lange, Horst;;;;
10101;Lange, Johannes;;;;
10102;Lange, Jürgen;;;;
10103;Lange, Kathrin;;;;
10104;Lange, Kerstin;;;;
10105;Lange, Kristin;;;;
10106;Lange, M.;;;;
10107;Lange, Marion;;;;
10108;Lange, Marko;;;;
10109;Lange, Martina;;;;
10110;Lange, Matthias;Matthias Lange;männlich;41;https://www.matthiaslange-autor.de
10111;Lange, Michael Johannes B.;;;;
10112;Lange, Regina;;;;
10113;Lange, Roland;;;;
10114;Lange, Rolf;;;;
10115;Lange, Skadi;;;;
10116;Lange, Valeska;;;;
10117;Lange, Vanessa;;;;
10118;Lange, Wilfredo;;;;
10119;Lange, Wolfgang;;;;
10120;Lange-Greve, Susanne;;;;
10121;Lange-Müller, Katja;;;;
10122;Lange-Otto, Maria;;;;
10123;Langen, Annette;;;;
10124;Langenbacher, Elmar;;;;
10125;Langenberg, Eva-Maria;;;;
10126;Langenberg, Günter;;;;
10127;Langenberger, Gerhard;;;;
10128;Langenbrinck, Ulli;;;;
10129;Langenegger, Lorenz;;;;
10130;Langenscheid, Adrian;;;;
10131;Langer, Christine;;;;
10132;Langer, Gerhard;;;;
10133;Langer, Herbert;;;;
10134;Langer, Marcus;;;;
10135;Langer, Margareta;;;;
10136;Langer, Michael Johannes B.;;;;
10137;Langer, Valentina-Elisabeth;;;;
10138;Langer-Aßmann, Gudrun;;;;
10139;Langhammer, Attila;;;;
10140;Langkath, Angela;;;;
10141;Langner, Sibylle;;;;
10142;Langs, Ines;;;;
10143;Langthaler, Hilde;;;;
10144;Lantermann Kliem, Ulrike;;;;
10145;Lanz, Arnold H.;;;;
10146;Laos, Aino;;;;
10147;Lapp, Katja;;;;
10148;Lappenküper, Ulrich;;;;
10149;Lappert, Simone;;;;
10150;Laprell, Annabelle;;;;
10151;Lara, Niggemeier;;;;
10152;Larbi, Nadja;;;;
10153;Lardon, Thomas;;;;
10154;Lardon-Kattenbusch, Claudia;;;;
10155;Larix, Hannah;;;;
10156;Laroche, Jutta;;;;
10157;Larsson, Carl;;;;
10158;Larsson, Jette;;;;
10159;Larsson, Karl;;;;
10160;Larsson, Laura;;;;
10161;Larás, Antonia;;;;
10162;Lasalle, Fanny;;;;
10163;Lasartschuk, Andrej;;;;
10164;Lascaux, Paul;;;;
10165;Laschütza, Susanne;;;;
10166;Lash, Larry;;;;
10167;Lasiocampa Quercus;;;;
10168;Lask, Betty;;;;
10169;Lasker-Berlin, Amanda;;;;
10170;Lasker-Schüler, Else;;;;
10171;Laskowski, Rita;;;;
10172;Laspe, Hubert;;;;
10173;Lasselsberger, Rudolf;;;;
10174;Lattmann, Dieter;;;;
10175;Lattner, Ursula;;;;
10176;Latz, Laura;;;;
10177;Lau, Eckhard;;;;
10178;Lau, Manfred;;;;
10179;Laub, Yvonne;;;;
10180;Laubach, Susi;;;;
10181;Laube, Cosima;;;;
10182;Laube, Heinz S.;;;;
10183;Lauche, Walter;;;;
10184;Lauck, Hartwig;;;;
10185;Laudenbach, Gabriele;;;;
10186;Laudorf, Annika;;;;
10187;Laue, Hans Joachim;;;;
10188;Laue, Mara;;;;
10189;Lauenroth, Frank;;;;
10190;Lauer, Andrea;;;;
10191;Lauer, Christian;;;;
10192;Lauer, Dittmar;;;;
10193;Lauer, Eberhardt;;;;
10194;Lauer, Johannes;;;;
10195;Lauerer, Toni;;;;
10196;Lauerskreuz, Urban von;;;;
10197;Laufenberg, Walter;;;;
10198;Laufenburg, Heike;;;;
10199;Laufer, A.;;;;
10200;Laufer, Anke;;;;
10201;Laufeyson, Harley;Harley Laufeyson;weiblich;26;https://www.instagram.com/harley_laufeyson/
10202;Laufeyson, Lodur;Rumple;weiblich;31;
10203;Laufeyson, Marry;Visual Mind;weiblich;35;
10204;Lauffer, Sabine;;;;
10205;Lauinger, Sonia;;;;
10206;Laun, Andreas;;;;
10207;Launer, Anton;;;;
10208;Laura, Gödel;;;;
10209;Laurel, C.B.;;;;
10210;Laurie, André;;;;
10211;Lauriel, Angelika;;;;
10212;Lauschke, Helmut;;;;
10213;Lauten, Helga;;;;
10214;Lautenbach, Doris;;;;
10215;Lauter, Dietrich;;;;
10216;Lauterbach, Jörg Thomas;;;;
10217;Lauterer, Heide-Marie;;;;
10218;Lauth, Hans Günther;;;;
10219;Lauwers, Jan;;;;
10220;Laux, Peter;;;;
10221;Lauxmann, Frieder;;;;
10222;Lavant, Christine;;;;
10223;Lavater, Lukas;;;;
10224;Lavin, Patrizia;;;;
10225;Lavizzari, Alexandra;;;;
10226;Lawaai, Chris*;;;;
10227;Lawaczeck, A.;;;;
10228;Lawaczeck, Axel;;;;
10229;Lawall, Finja;;;;
10230;Lawall, Georg;;;;
10231;Lawens, Christine;;;;
10232;Lawliet ♡, Lara;Akaya00;weiblich;23;
10233;Lawliet, Alue;Kuroru;weiblich;29;
10234;Lawrence, Shawnee;;;;
10235;Lawrence, Susan;;;;
10236;Lawson, Josie;JosieLawson3110;weiblich;16;
10237;Lay, Anne;;;;
10238;Layer, Daniela;;;;
10239;Laylak, Mikuwara;Krii;weiblich;25;
10240;Laymon, Richard;;;;
10241;Layrimae, Minzenschweif;Minzy-Lay;weiblich;24;
10242;Lazar, Natalie;;;;
10243;Lazarowicz, Dodo;;;;
10244;Lazemare, Chrissy;;;;
10245;Laznia, Elke;;;;
10246;Laß, Anna;;;;
10247;Laß, Michael;;;;
10248;Laßmann, Till;;;;
10249;Laßwitz, Kurd;;;;
10250;Le Blanc, Thomas;;;;
10251;Le Queux, William;;;;
10252;LeCato, Kylerean;Kylerean;männlich;44;http://www.freedomposters.freediscussion.net
10253;LeSton, Bernar;;;;
10254;Lea, Meckel;;;;
10255;Leander, Greta;;;;
10256;Leandro, Talina;;;;
10257;Lears, Amanda;;;;
10258;Leber, Rosa;;;;
10259;Leberl, Ferri;;;;
10260;Lebois, Ana;;;;
10261;Lebos, Christina;;;;
10262;Lechleitner, Norbert;;;;
10263;Lechleitner, Walter;;;;
10264;Lechler, Peter;;;;
10265;Lechner, Barbara;;;;
10266;Lechner, Martin;;;;
10267;Lechner, Odilo;;;;
10268;Leder, Werner;;;;
10269;Lederer, Nicholas;;;;
10270;Ledermann, Karin;;;;
10271;Ledermann, Philippe Daniel;;;;
10272;Ledl, Rosemarie;;;;
10273;Ledoux, Apolline;;;;
10274;Lee, Ji Yong;Keiyuu-chan;;30;
10275;Lee, Lena;;;;
10276;Lee, Min Jee;Lee Min Jee;weiblich;;
10277;Lee, Sarah;;;;
10278;Lee, Tanith;;;;
10279;Leeb, Christel;;;;
10280;Leeb, Root;;;;
10281;Leeberg, Mark;;;;
10282;Leed, Achim;;;;
10283;Leeden, Birgit van der;;;;
10284;Leers, Günter;;;;
10285;Leevje, Lena;;;;
10286;Lefebvre, Jean-Pierre;;;;
10287;Leffler, Silke;;;;
10288;Lege, Bettina;Elisabeth;weiblich;;https://www.schriftscrolle.de/
10289;Legrand, A. T.;;;;
10290;Lehberg, Tibor;;;;
10291;Leheta, Jasmin;;;;
10292;Lehmacher, Georg;;;;
10293;Lehman, Ben;;;;
10294;Lehmann, Andreas;;;;
10295;Lehmann, Christel;;;;
10296;Lehmann, Elke;;;;
10297;Lehmann, Helmut Günter;;;;
10298;Lehmann, Johannes von;;;;
10299;Lehmann, Jutta;;;;
10300;Lehmann, Karl;;;;
10301;Lehmann, Martin;;;;
10302;Lehmann, Matthis;;;;
10303;Lehmann, Meike;;;;
10304;Lehmann, Michael;;;;
10305;Lehmann, Reto;;;;
10306;Lehmann, Sebastian;;;;
10307;Lehmann, Susanne;;;;
10308;Lehmden, Anton;;;;
10309;Lehmkuhl, Kurt;;;;
10310;Lehn, Isabelle;;;;
10311;Lehn, Julia;;;;
10312;Lehner, Aleksander;;;;
10313;Lehner, Angela;;;;
10314;Lehner, Christian;;;;
10315;Lehner, Maria;;;;
10316;Lehner, Stefan;;;;
10317;Lehner, Thomas;;;;
10318;Lehnert, Charly;;;;
10319;Lehnert, Oliver;;;;
10320;Lehnhard, Dieter;;;;
10321;Lehninger, Anne;;;;
10322;Lehr, Thomas;;;;
10323;Leiber, Eva-Maria;;;;
10324;Leiber, Svenja;;;;
10325;Leibrich, Kerstin;;;;
10326;Leibrock, Felix;;;;
10327;Leicht, Alexandra;;;;
10328;Leicht, Christina;;;;
10329;Leichter, Erik;;;;
10330;Leidenfrost, Lucia;;;;
10331;Leidert, Jürgen;;;;
10332;Leifeld, Denis;;;;
10333;Leiin, Joey;JoeyLeiin;weiblich;31;
10334;Leilason, Tobi;;;;
10335;Leimbach, Rebecca;;;;
10336;Lein, Miko;Mikolein;;31;
10337;Leinen, Anne;;;;
10338;Leiner, Daniela;;;;
10339;Leineweber, Gino;;;;
10340;Leinonen, Tiina-Maria;;;;
10341;Leipold, Inge;;;;
10342;Leippert, Franziska;;;;
10343;Leiprecht, Desiree;;;;
10344;Leis, Mario;;;;
10345;Leischner, Heidrun;;;;
10346;Leister, Sigrid;;;;
10347;Leistner, Eileen;;;;
10348;Leite da Silva, Patrick;;;;
10349;Leitgeb, Florian;;;;
10350;Leitgeb, Gudrun;;;;
10351;Leitherer, Tassilo;;;;
10352;Leitl, Thorsten;;;;
10353;Leitner, Egon Christian;;;;
10354;Leitol, Dustin;;;;
10355;Leiverkus, Elke-Marisa;;;;
10356;Leiwig, Horst;;;;
10357;Leiß, Hans-Ruprecht;;;;
10358;Lektor*innen des S. Fischer Verlags;;;;
10359;Leky, Mariana;;;;
10360;Lelinge, Marcella;McLloris;weiblich;34;
10361;Lembach, Wolfgang K.;;;;
10362;Lembcke, Lemmi;;;;
10363;Lemhöfer, Wolfgang;;;;
10364;Lemke, Bettina-Christin;;;;
10365;Lemke, Hanna;;;;
10366;Lemke, Katrin;;;;
10367;Lemm, Erhard;;;;
10368;Lemm, Johannes;;;;
10369;Lemmer, Marianne;;;;
10370;Lempp, Elena;;;;
10371;Lenardi, Lisa;;;;
10372;Lenaris, Erin;;;;
10373;Lendle, Jo;;;;
10374;Lenecke, Till;;;;
10375;Lengauer, Sybille;;;;
10376;Lengers, Daniela;;;;
10377;Lengwenus, Max;;;;
10378;Lenhardt, Sven;;;;
10379;Lenherr, Luzius;;;;
10380;Lenherr, Marianne;;;;
10381;Leniger, Jessica;;;;
10382;Lenk, Louise;;;;
10383;Lenk, Wiete;;;;
10384;Lennartz, Anna Maria;;;;
10385;Lenoir, Claude;;;;
10386;Lenz, Alexander;;;;
10387;Lenz, Dieter;;;;
10388;Lenz, Günther;;;;
10389;Lenz, Hans-Joachim;;;;
10390;Lenz, Heidi;;;;
10391;Lenz, Jo;;;;
10392;Lenz, Johanna G.;;;;
10393;Lenz, Markus;;;;
10394;Lenz, Martin;;;;
10395;Lenz, Michael;;;;
10396;Lenz, Pedro;;;;
10397;Lenz, Petra;;;;
10398;Lenz, Siegfried;;;;
10399;Lenz, Sigrid;;;;
10400;Lenz, Ulli;;;;
10401;Lenze, Gisela;;;;
10402;Lenze, Ulla;;;;
10403;Lenzen, Dieter;;;;
10404;Lenzer, Bernd;;;;
10405;LeoVox;;;;
10406;Leon, Donna;;;;
10407;Leon, Kris;Mercury;männlich;40;http://www.krisleon.de
10408;Leonard, Peter;;;;
10409;Leone, Selina;;;;
10410;Leonhard, Fabian;;;;
10411;Leonhard, Maria;;;;
10412;Leonhard, Silke;;;;
10413;Leonhardt, Katja;;;;
10414;Leonhardt, Monika;;;;
10415;Leopold, Kim;;;;
10416;Leopolt, Claus;;;;
10417;Leovinus, Norbert Wurzel;;;;
10418;Lepold, Frank;;;;
10419;Leppa, Karl Franz;;;;
10420;Leppin, Ulrike;;;;
10421;Leps, Irene;;;;
10422;Lerch, Fredi;;;;
10423;Lerch, Klaus;;;;
10424;Lerch, Tankred;;;;
10425;Lerche, Doris;;;;
10426;Lermann, Gisela;;;;
10427;Lermann, Nina;;;;
10428;Lermen, Birgit;;;;
10429;Lero, Funny und Lele;Funny und Lele;weiblich;;
10430;Leroch, Karin;;;;
10431;Lerz, Anja;;;;
10432;Lesche, Dorothea;;;;
10433;Leser, Andi;;;;
10434;Lesie, Achim;;;;
10435;Lesinski, Sarina Maria;;;;
10436;Leskov, Nikolaj Semënovič;;;;
10437;Lesnick, Manu;;;;
10438;Lesser, Ben;;;;
10439;Lessing, Doris;;;;
10440;Lessing, Gotthold Ephraim;;;;
10441;Lessing, Hans-Erhard;;;;
10442;Lessle-Rauter, Beate;;;;
10443;Lessmann, Ulla;;;;
10444;Lestrat, Martine;;;;
10445;Lethe, Lennox;;;;
10446;Letsche, Kurt;;;;
10447;Lettau, Sabine;;;;
10448;Letterman, Karla;;;;
10449;Letze-Funke, Birgit;;;;
10450;Leu, Hans Jörg;;;;
10451;Leucht, Eberhard;;;;
10452;Leuchtenberger, Michael;;;;
10453;Leuchter, Christoph;;;;
10454;Leuders, Susanne;;;;
10455;Leue, Alf;;;;
10456;Leuenberger, Barbara;;;;
10457;Leufker, Achim;;;;
10458;Leugermann-Dorn, Aissy;;;;
10459;Leunig, Anett;;;;
10460;Leupert, Marleen;;;;
10461;Leupi, Laura;;;;
10462;Leupin, Peter;;;;
10463;Leuten, Jo;;;;
10464;Leuther, Marion;;;;
10465;Leuthner, Werner;;;;
10466;Leuthold, Lex;kuroo-kun;weiblich;39;
10467;Leuze, Julie;;;;
10468;Levar, Helene;;;;
10469;Levin, Christoph;;;;
10470;Levin, U. S.;;;;
10471;Lewandowski, Uwe;;;;
10472;Lewentz, Manuela;;;;
10473;Lewig, Alexa J.;;;;
10474;Lewig, Alexa Joelle;;;;
10475;Lewis, Gideon;Gideon Lewis;männlich;;
10476;Lewis, Jane;;;;
10477;Lewis, Joey;;;;
10478;Lewis, Shannon;;;;
10479;Lewis, William;;;;
10480;Lewitscharoff, Sibylle;;;;
10481;Lexi, Guave;Guave-Lexi;weiblich;34;
10482;Ley, Judith;;;;
10483;Ley, Jules van der;;;;
10484;Ley, Roy Francis;;;;
10485;Leyendecker, Romy;;;;
10486;Leyk, Anna;;;;
10487;Leymann, Cornelia;;;;
10488;Leymann, Elfriede;;;;
10489;Leßner, Gerhard;;;;
10490;Leò, Ruggero;;;;
10491;Lhoir, Monique;;;;
10492;Li, Jenny;;;;
10493;Li, Jessi;Jessi Li;weiblich;30;https://www.instagram.com/jessi.liiiii/
10494;Li, Jingze;;;;
10495;Li, Mirok;;;;
10496;Li, Xiang;;;;
10497;Li, Yda;Yda;weiblich;33;
10498;Libecki, Patric;Sornclouder;;28;
10499;Libera, Ziva;;;;
10500;Libertine, Ryosuke;PipiStarSolly;;;
10501;Libotte, Thorsten;;;;
10502;Licher, Helga;;;;
10503;Licht, Christian;;;;
10504;Licht, Kristina;;;;
10505;Licht, Rosa;;;;
10506;Lichte, Kristina;;;;
10507;Lichte, Rosemarie;;;;
10508;Lichtenauer, Anton;;;;
10509;Lichtenberger, Cathrin;;;;
10510;Lichtenberger, Peter;;;;
10511;Lichtenstein, Amelie;;;;
10512;Liddell, Maephisto;Maephistopheles;weiblich;25;
10513;Lieb, Gabriele;;;;
10514;Lieb, Kilian;;;;
10515;Lieb, Susanne;;;;
10516;Liebe, Gudrun;;;;
10517;Liebe, Nico;;;;
10518;Liebe, Vera;;;;
10519;Liebelt, Volker;;;;
10520;Liebendörfer, Helen;;;;
10521;Liebergesell, Günter;;;;
10522;Liebermann, Rolf;;;;
10523;Liebermann, Valeria;;;;
10524;Liebers, Andrea;;;;
10525;Liebers, Verena;;;;
10526;Liebert, Krystin;;;;
10527;Liebhart, Stefan;;;;
10528;Liebl, Shanna;;;;
10529;Liebmann, Uwe;;;;
10530;Liebold, Norman;;;;
10531;Liebscher, Thomas;;;;
10532;Liebscher, Yvonne;;;;
10533;Liebusch, Michael;;;;
10534;Liederjan;;;;
10535;Liedtke, Anja;;;;
10536;Liedtke, Eveline;;;;
10537;Liedtke, Harry Michael;;;;
10538;Liedtke, Klaus-Jürgen;;;;
10539;Liedtke, Marion;;;;
10540;Liegener, Bernd-Peter;;;;
10541;Liehner, Marisa;;;;
10542;Liel, Barbara;;;;
10543;Liemann, Jörg;;;;
10544;Lienhard, Demian;;;;
10545;Lier, Johanna;;;;
10546;Lier, Kai van;;;;
10547;Lieschke, Kristina;;;;
10548;Liese, Doris;;;;
10549;Lieser, Iris;;;;
10550;Liesert, Christine;;;;
10551;Liesmann, Lothar;;;;
10552;Liessmann, Konrad Paul;;;;
10553;Lietsch, Sylvia;;;;
10554;Lieverscheidt, Roland;;;;
10555;Ließmann, Kirsten;;;;
10556;Ließmann, Max;;;;
10557;Lifka, Richard;;;;
10558;Light, Ebby;;;;
10559;Light, Julian;SirFranticLight;männlich;28;https://soundcloud.com/sirfranticlight
10560;Light, Millicent;;;;
10561;Lightmoon, Epo;Epona;;;
10562;Lightwood, Katniss;Broken Dragon;weiblich;25;
10563;Lightwood, Maggie;Salvatore78;weiblich;;
10564;Ligotti, Thomas;;;;
10565;Ligt, Natalie de;;;;
10566;Likitito;;;;
10567;Liko;;;;
10568;Lilischkis, Holger;;;;
10569;Liljeberg, Madlon;;;;
10570;Lill, Guido;;;;
10571;Lill, Manfred;;;;
10572;Lill, Stephan;;;;
10573;Lillge, Steven M.;;;;
10574;LillyBusch;;;;
10575;Lim, Teodoro;;;;
10576;Limar, Fiona;;;;
10577;Limberg, Gundel;;;;
10578;Lin, Amy;dreamer07;;;
10579;Linara;;;;
10580;Linares, Marina;;;;
10581;Lincke, Carsten;;;;
10582;Lind, Christiane;;;;
10583;Lind, Hera;;;;
10584;Lind, Jessica;;;;
10585;Lind, Linni;;;;
10586;Lind, Renate;;;;
10587;Linde, Brita;;;;
10588;Linde, Fritz;;;;
10589;Linde, Heinz van de;;;;
10590;Linde, Marlisa;;;;
10591;Linde-Heimes, Ernst;;;;
10592;Lindemann, Christa;;;;
10593;Lindemann, Ingbert;;;;
10594;Lindemann, Thomas;;;;
10595;Lindemann, Thorsten;;;;
10596;Linden, Edmund;;;;
10597;Linden, Mona;Mona-;weiblich;28;
10598;Linden, Moritz;;;;
10599;Lindenberger, Raimund;;;;
10600;Lindenberger, Silke;;;;
10601;Linder, Chat;;;;
10602;Lindermuth, Alina;;;;
10603;Lindmajer, Gerlinde;;;;
10604;Lindmüller, Johannes;;;;
10605;Lindner, Eva;;;;
10606;Lindner, Jan;;;;
10607;Lindner, Maik;;;;
10608;Lindner, Martin M.;;;;
10609;Lindner, Stefan;;;;
10610;Lindner, Thomas;;;;
10611;Lindorm, Mira;;;;
10612;Lindscheid, Karl Richard;;;;
10613;Lindström, Björn;MysticT;männlich;37;
10614;Lindt, Elly;;;;
10615;Lindt, Nicolas;;;;
10616;Linett, Alexandra;;;;
10617;Ling, Herda;;;;
10618;Linggi, Dolores;;;;
10619;Lingnau, Frank;;;;
10620;Link, Hans-Stephan;;;;
10621;Link, Luise;;;;
10622;Link, Olaf;;;;
10623;Link, Ursula Luise;;;;
10624;Link, Wolfgang;;;;
10625;Linke, Anna;;;;
10626;Linke, Pauline;;;;
10627;Linker, Christian;;;;
10628;Linn, Cora;;;;
10629;Linn, Paula;;;;
10630;Linnartz, Mike;Mek Alenes;männlich;39;
10631;Linnartz, Sven;;;;
10632;Linnebank, Jonas;;;;
10633;Linnemann, Diandra;;;;
10634;Linnemann, Navid;;;;
10635;Linnenbrink, Ulrike;;;;
10636;Linnertz, Tony;;;;
10637;Lins, Lidia;;;;
10638;Linster, Heike;;;;
10639;Lintermanns, Rainer;;;;
10640;Linwood, Sugarcane;sugarcane;weiblich;;
10641;Linzbauer, Thomas;;;;
10642;Lion, Acid;ViolettFantasy;weiblich;28;
10643;Lion, Lia;Lia Lion;weiblich;28;
10644;Lipan, Sabine;;;;
10645;Lipinsky-Gottersdorf, Hans;;;;
10646;Lipovets, Inna;;;;
10647;Lipowski, Jan;;;;
10648;Lipp;;;;
10649;Lipp, Manfred;;;;
10650;Lipp, Michaela;;;;
10651;Lipp, Wilhelm-Maria;;;;
10652;Lippe, Jürgen von der;;;;
10653;Lippert, Ernst-Jürgen;;;;
10654;Lippert, Jens;;;;
10655;Lippert, Katja;;;;
10656;Lippert, Leon Pascal;;;;
10657;Lippet, Johann;;;;
10658;Lips, Ingeborg von;;;;
10659;Lips, Yvy;;;;
10660;Lirot, Eva;;;;
10661;Lisa, Martina;;;;
10662;Lischke, Nina;;;;
10663;Lisiak, Joanna;;;;
10664;List, Heidi;;;;
10665;List, Sylvia;;;;
10666;Litschauer, Heidi;;;;
10667;Littek, Gerhild;;;;
10668;Littwin, Kira;;;;
10669;Litz, Leo;;;;
10670;Liu, Zhenyun;;;;
10671;Livingstone, Hector;Hector Livingstone;männlich;;https://www.youtube.com/channel/UCRvMpWMyBfNNdHHZuS33n6A
10672;Lizius, Tina;;;;
10673;Ljesskow, Nikolai Semjonowitsch;;;;
10674;Lloyd, Olivera;;;;
10675;Lo, Anna;Lycoris;weiblich;29;http://annz.de.tl/
10676;LoClair, A. C.;;;;
10677;Loana, Emma;;;;
10678;Lobas, Dina;;;;
10679;Lobeck, Tobias;;;;
10680;Lobodzinski, Pia;;;;
10681;Locher, Peter;;;;
10682;Lochmann, Klaus;;;;
10683;Lochmann, Rosi;;;;
10684;Lochner, Stefan;;;;
10685;Locke, Björn;;;;
10686;Lockwood, Kimberly;KimberlyLockwood;weiblich;24;
10687;Lode, David;;;;
10688;Lode, Henrik;;;;
10689;Lodynski, Peter;;;;
10690;Loe, Valerie;;;;
10691;Loe, Wolf O. K.;;;;
10692;Loeb, François;;;;
10693;Loeffler, Stefan;;;;
10694;Loerchner, Monika;;;;
10695;Loest, Erich;;;;
10696;Loeven, Helmut;;;;
10697;Loew, Gerhard;;;;
10698;Loew, Markus;;;;
10699;Loewe, Elke;;;;
10700;Loewe, Maja;;;;
10701;Loewe, Tea;;;;
10702;Loewenberg, Renate;;;;
10703;Loewien, Gundula;;;;
10704;Loewy, Hanno;;;;
10705;Loges, Gabriele;;;;
10706;Loghman, Alexis;Alexis Loghman;weiblich;25;
10707;Loh, Wolfgang;;;;
10708;Lohan, Petra;;;;
10709;Lohff, Jaana;Mary Malfoy;weiblich;37;http://www.menschenskinder2000.de
10710;Lohmann, Alexander;;;;
10711;Lohner, Chris;;;;
10712;Lohninger, Julia;;;;
10713;Lohr, Dieter;;;;
10714;Lohrengel, Hanuka;;;;
10715;Lohse, Helga Urusla Susanne;;;;
10716;Lohss, Clara;;;;
10717;Lohwasser, Thomas;;;;
10718;Loibelsberger, Gerhard;;;;
10719;Loibl, Peter H.;;;;
10720;Loikaja, Thomas;;;;
10721;Loimeier, Manfred;;;;
10722;Loki, Lena;;;;
10723;Lomason;;;;
10724;London, Nathalie;Nobodys Home;weiblich;29;https://www.facebook.com/pages/Nathalie-London/418077394954069
10725;Lonvitz, Klaus G.;;;;
10726;Loock, Walburga;;;;
10727;Loos, Birgit;;;;
10728;Loos, Dieter Franz;;;;
10729;Loos, Ulrike;;;;
10730;Loose, Holly;;;;
10731;Loose, Jasmin;;;;
10732;Loosli, Carl Albert;;;;
10733;Loosli, Ruth;;;;
10734;Lopatta, Andrea;;;;
10735;Lopez, Lisa Harley;;;;
10736;Lorang, Hans-Peter;;;;
10737;Lorbas;;;;
10738;Lorek, Heide;;;;
10739;Lorek, Imme;;;;
10740;Lorelay;;;;
10741;Lorena, Romana;Tierliebe;weiblich;14;"https://instagram.com/lorenawinkler23?utm_source=qr&amp;amp;amp;amp;amp;amp;amp;amp;amp;amp;igshid=MzNlNGNkZWQ4Mg%3D%3D"
10742;Lorentz, Iny;;;;
10743;Lorentz, Martin;;;;
10744;Lorenz, Alexa;;;;
10745;Lorenz, Christoph F.;;;;
10746;Lorenz, Karsten;;;;
10747;Lorenz, Konrad;;;;
10748;Lorenz, Mario A.;;;;
10749;Lorenz, Martin;;;;
10750;Lorenz, Myriam Ricarda;;;;
10751;Lorenz, Sybille;;;;
10752;Lorenzen, Finn;;;;
10753;Lorenzen, Jürgen;;;;
10754;Lorenzen, Rudolf;;;;
10755;Loresch, Artur;LuckyAce;männlich;32;
10756;Lori, Georgia;;;;
10757;Loriay, Akona;AkonaLoriay;weiblich;;
10758;Loriay, Arisa;ArisaLoriay;weiblich;36;
10759;Loriot;;;;
10760;Loschek, Volker;;;;
10761;Loschelder, Julia;;;;
10762;Loschütz, Gert;;;;
10763;Loser, Therese;;;;
10764;Losert, Biggy;;;;
10765;Lossau, Jens;;;;
10766;Loth, Marie;;;;
10767;Lothar;;;;
10768;Lothron, Ninde;Ninde;weiblich;;
10769;Lott, Doris;;;;
10770;Lotta, Lio;Lio-Lotta;weiblich;;
10771;Lotter, Cornelia;;;;
10772;Lotz, Angelika;;;;
10773;Lotz, Christa S.;;;;
10774;Lotz, Karina;;;;
10775;Lotz, Katharina;;;;
10776;Lotz, Wolfram;;;;
10777;Lou, Martha;Rathsab;weiblich;28;
10778;Louis, Chérie de;;;;
10779;Louis, Wolfgang;;;;
10780;Louisoder, Gigi;;;;
10781;Loup, Jess A.;;;;
10782;Lourdes, Tatjana;;;;
10783;Love, Kendra;;;;
10784;Love, Write;WriteLove;weiblich;32;
10785;Lovecraft, Clara;thepastisaflower;weiblich;24;http://ask.fm/MsAmericanIdiot
10786;Lovecraft, Howard Phillips;;;;
10787;Lovegood, Brownie;BrownieLovegood;weiblich;31;
10788;Lovett, Marla;MarlaLovely;weiblich;38;
10789;Lovisi, Aurora;;;;
10790;Low;;;;
10791;Low, Torsten;;;;
10792;Lowe, Lea;;;;
10793;Loy, K. R.;KaReLoy;;;http://ko-fi.com/ka_re_loy
10794;Loy, Sebastian;;;;
10795;Loyda, Petra;;;;
10796;Loß, Lennardt;;;;
10797;Loß, Peter;;;;
10798;Loß, Stefan;;;;
10799;Lubimov, Dima;;;;
10800;Lubinetzki, Raja;;;;
10801;Lubitz, Zenek;;;;
10802;Lubrich, Oliver;;;;
10803;Lucas, CF;;;;
10804;Lucas, Dennis;;;;
10805;Lucas, Eve;;;;
10806;Lucas, Katharina;;;;
10807;Lucas, Leonie;;;;
10808;Lucas, Ulrich;;;;
10809;Lucchi, Thomas;;;;
10810;Luchmann, Adolf;;;;
10811;Lucifer, Lou;HellcatHades;weiblich;24;
10812;Lucille, Zoe M.;;;;
10813;Lucke, Hans;;;;
10814;Lucy, Rachel;Rachellucy98;weiblich;;
10815;Luczay-Scherer, Ottilie E.;;;;
10816;Ludwig, Anne;;;;
10817;Ludwig, Annegret;;;;
10818;Ludwig, Anneliese;;;;
10819;Ludwig, Armin;;;;
10820;Ludwig, Barbara;;;;
10821;Ludwig, Bernhard;;;;
10822;Ludwig, Christa;;;;
10823;Ludwig, Eva;;;;
10824;Ludwig, Gerd;;;;
10825;Ludwig, Gerhard;;;;
10826;Ludwig, Hans;;;;
10827;Ludwig, Jürgen;;;;
10828;Ludwig, M.W.;;;;
10829;Ludwig, Maximilian;;;;
10830;Ludwig, Stephan;;;;
10831;Ludwig, Sylvia;;;;
10832;Ludwigs, Sabine;;;;
10833;Ludwikowski, Claus;;;;
10834;Lue, Sunnyka;Sunnyka98;weiblich;26;http://sunnyka98grins.jimdo.com
10835;Luer, Anna Azalais;;;;
10836;Lugmeier, Ludwig;;;;
10837;Lugschitz, Erika;;;;
10838;Luipold, Bernhard;;;;
10839;Luis, H.;;;;
10840;Luisa, Sylvia;;;;
10841;Luise, Andrea;andrea-luise;;;
10842;Lukas, Andreas;;;;
10843;Lukas, Clint;;;;
10844;Lukasch, Peter;;;;
10845;Lukass, Frank Bernd;;;;
10846;Lukin, Evgenij Jurʹevič;;;;
10847;Lukits-Wally, Martina;;;;
10848;Luksch, Johann;;;;
10849;Lukàsci, Adèle;;;;
10850;Lumos, Hugo;;;;
10851;Luna, Coco;Cocoluna;weiblich;;
10852;Luna, Dana;;;;
10853;Lunaria anuea, Mondviole;blueloved;weiblich;23;
10854;Lunau, Shanti;;;;
10855;Lunburg, Svea-Maria;;;;
10856;Lunchtime, Before;BeforeLunchtime;weiblich;32;https://www.facebook.com/pages/BeforeLunchtime/344600599000428?fref=ts
10857;Lunghard, Bernd;;;;
10858;Lunghuß, Marc;;;;
10859;Lungo, Giacomo;;;;
10860;Luo, Lingyuan;;;;
10861;Luominen, Kim;;;;
10862;Lupert, Renate-Maria;;;;
10863;Lupert, Rick;;;;
10864;Lupi, Marco;;;;
10865;Lupin, Gaya;Gaya Lupin;weiblich;;https://www.fantaxy.de/index.html
10866;Lupin, Mica;Mica Lupin;weiblich;24;
10867;Lupo, Maria van;;;;
10868;Lupp, Danny;;;;
10869;Lurps, Ari;Arenja;;;http://instagram.com/arilurps
10870;Lussi, Baba;;;;
10871;Lustig, Daniel;;;;
10872;Luthardt, Ernst-Otto;;;;
10873;Luther, Martin;;;;
10874;Luther-Zahn, Dagmar;;;;
10875;Luti, Christiane Maria;;;;
10876;Lutum, Ellen;;;;
10877;Lutz, Andrea;;;;
10878;Lutz, Andres;;;;
10879;Lutz, Oliver;;;;
10880;Lutz, Otto;;;;
10881;Lutz, Wolfgang;;;;
10882;Lutzebäck, Romina;;;;
10883;Luv, Malin;;;;
10884;Lux, Annie;;;;
10885;Lux, Christian;;;;
10886;Lux, Corinna;;;;
10887;Lux, Dieter;;;;
10888;Lux, Günter;;;;
10889;Luxbacher, Hannes;;;;
10890;Luxem, Johannes Friedrich;;;;
10891;Luyendyk, Peter;;;;
10892;Luz, Claudia;;;;
10893;Luz, Monja;;;;
10894;Lyakon;;;;
10895;Lyn, Jade;Jaderegen;weiblich;37;https://twitter.com/kopfbewohner
10896;Lynn, Lena;;;;
10897;Lynn, Ulrike;;;;
10898;Lynx, Gepo;;;;
10899;Lys, Lynda;;;;
10900;Lyssewski, Dörte;;;;
10901;Lyster, Dee;;;;
10902;Lyva, Christin;;;;
10903;Lyxa Knäulspitz, Lyxa;;;;
10904;László, Joël;;;;
10905;Lämmer, Hildegard;;;;
10906;Länge, Alexa;;;;
10907;Länger, Susanna;;;;
10908;Längner, Stefan;;;;
10909;Läubli, Martina;;;;
10910;Långstrøm, Tom;;;;
10911;Lénard, Nané;;;;
10912;Löb, Kurt;;;;
10913;Löbel, Heinz;;;;
10914;Löbert, Dagmar;;;;
10915;Löchli, Eva;;;;
10916;Lödl, Martin;;;;
10917;Löffel, Hartmut;;;;
10918;Löffelbein, Jonathan;;;;
10919;Löffelmann, Irmgard;;;;
10920;Löffler, Anneliese;;;;
10921;Löffler, Desirée;;;;
10922;Löffler, Falko;;;;
10923;Löffler, Kay;;;;
10924;Löhr, Ingrid;;;;
10925;Löhr, Marlis;;;;
10926;Löneke, Regina;;;;
10927;Löns, Hermann;;;;
10928;Lörks, Vera;;;;
10929;Löschner, Antonia;;;;
10930;Lösken, Uta;;;;
10931;Lössl, Stephan;;;;
10932;Lötscher, Judith;;;;
10933;Lövenich, Christiane;;;;
10934;Lövenich, Friedhelm;;;;
10935;Löw, Christina;;;;
10936;Löw, Domo;;;;
10937;Löwe, Tea;;;;
10938;Lübbers, Jens;;;;
10939;Lübbers, Nina;;;;
10940;Lübbers-Paal, Elmar;;;;
10941;Lübke-Scharnke, Gisela;;;;
10942;Lübker, Waltraud;;;;
10943;Lücke, Inga;;;;
10944;Lückemeier, Peter;;;;
10945;Lücker, Hans-Werner;;;;
10946;Lüddecke, Gerhard;;;;
10947;Lüddecke, Pia;;;;
10948;Lüdecke, Susan;;;;
10949;Lüdecke, Volker;;;;
10950;Lüdemann, Hans-Ulrich;;;;
10951;Lüder, Rita;;;;
10952;Lüders, Carolin;;;;
10953;Lüders, Michael;;;;
10954;Lüders, Walter;;;;
10955;Lüderwald, Steffen;;;;
10956;Lüdike, Kurt;;;;
10957;Lüdke, Elmar;;;;
10958;Lüdtke, Claudia;;;;
10959;Lüer, Marlies;;;;
10960;Lühmann, Hannah;;;;
10961;Lühn, Sebastian;;;;
10962;Lührs, Maria;;;;
10963;Lührs, Rainer;;;;
10964;Lüke, Dagmar;;;;
10965;Lüken, Olaf;;;;
10966;Lüning, Eduard;;;;
10967;Lüpertz, Markus;;;;
10968;Lüpke-Narberhaus, Frauke;;;;
10969;Lüpkes, Sandra;;;;
10970;Lüscher, Conny;;;;
10971;Lüscher, Heiner;;;;
10972;Lüscher, Jonas;;;;
10973;Lüssy, Heinrich;;;;
10974;Lüthen, Alexandra;;;;
10975;Lüthje, Verena;;;;
10976;Lütje, Traute;;;;
10977;Lütke, Norbert;;;;
10978;Lütkehaus, Ludger;;;;
10979;Lütolf, Joseph;;;;
10980;Lütt, Inge;;;;
10981;Lütt, Otfried;;;;
10982;Lüttecke, Erna;;;;
10983;Lüttgerding, Bernd;;;;
10984;Lüttig, Gisela;;;;
10985;M., Anki;;;;
10986;M., Darlyn;Mistery Saphir;weiblich;26;
10987;M., Friedrich;Friedrich94;männlich;30;
10988;M., Jenny;SaranaBlack;weiblich;26;
10989;M., Joana;Jayaa;weiblich;24;
10990;M., Joceline;Joceline;weiblich;;
10991;M., Kasparo;;;;
10992;M., Maria;;;;
10993;M., Martina;;;;
10994;M., Mia;Miichenx3;weiblich;28;
10995;MAKI;;;;
10996;MAxwell, Lorenzo;;;;
10997;Ma, Ling;;;;
10998;Ma, Nelly;;;;
10999;MaFuRu;;;;
11000;Maack, Benjamin;;;;
11001;Maack, Marcel;;;;
11002;Maani, Sama;;;;
11003;Maar, Julia;;;;
11004;Maar, Oliver;;;;
11005;Maas, Christoph;;;;
11006;Maas, Julia;;;;
11007;Maasburg, Marie-Sophie;;;;
11008;Maasböl, Katja;;;;
11009;Maass, Eduard;;;;
11010;Maaß, Bibi;;;;
11011;Maaß, Corinna;;;;
11012;Maaß, Jörg;;;;
11013;Maaßen, Volker;;;;
11014;Mac Siomón, Tomás;;;;
11015;MacCane, Edir;Edir;männlich;33;
11016;MacKay, Nina;;;;
11017;Macek, Barbara;;;;
11018;Mach, Wolfgang;;;;
11019;Mache, Ines;;;;
11020;Macheiner, Dorothea;;;;
11021;Machen, Arthur;;;;
11022;Macher, Erwin;;;;
11023;Macho, Günther;;;;
11024;Macht, Sascha;;;;
11025;Maciejewski, Walter;;;;
11026;Maciuszek, Dennis;;;;
11027;Mack, Friedrich G.;;;;
11028;Mack, Heinz;;;;
11029;Mack, Peter;;;;
11030;Macke, Iris;;;;
11031;Mackeben-Strauch, Helga;;;;
11032;Mackenthun, Gerald;;;;
11033;Maclean, Norman;;;;
11034;Macleod, Fiona;;;;
11035;Madaffari, Maria Catharina;;;;
11036;Madani, Marlis;;;;
11037;Maddock, Larry;;;;
11038;Madenach, Christina;;;;
11039;Mader, Friedrich Wilhelm;;;;
11040;Mader, Karl;;;;
11041;Mader, Karl-Heinz;;;;
11042;Madreiter, Armela;;;;
11043;Mae Ludwig, Mae;;;;
11044;Maeck-Pechmann, Annika;;;;
11045;Maelle, Tessa;;;;
11046;Maenner, Irmgard;;;;
11047;Maeves, Lilliane;;;;
11048;MagDich, Ich;TaleDeFairy;weiblich;25;
11049;Magazin, Mario;;;;
11050;Magic, Sarah;Lulafeelsthemagic;weiblich;27;https://lnk.bio/LulaMagic
11051;Magirius, Georg;;;;
11052;Magis, Almud;;;;
11053;Magnusson, Kristof;;;;
11054;Mago, Samuel;;;;
11055;Mahal, Nicole;;;;
11056;Mahan, Ali;;;;
11057;Mahfouz, Laila;;;;
11058;Mahler, Inge;;;;
11059;Mahlke, Inger-Maria;;;;
11060;Mahlknecht, Bruno;;;;
11061;Mahlknecht, Selma;;;;
11062;Mahlmeister, Josef;;;;
11063;Mahnke, Wolfgang;;;;
11064;Mahnken, Hans-Hermann;;;;
11065;Mahr, Caroline;Caroliniela;;;http://lolliland.wordpress.com/
11066;Mahr, Sylvia;;;;
11067;Mahrenholz, Jobst;;;;
11068;Mahrt, Silke;;;;
11069;Mai, Alea-Louise;;;;
11070;Mai, Anna;;;;
11071;Mai, Anne;;;;
11072;Mai, Basima;;;;
11073;Mai, Chiang;;;;
11074;Mai, Felizitas;-Mai-;weiblich;;
11075;Mai, Hartmut;;;;
11076;Mai-Schoger, Yasmin;;;;
11077;Maibach, Alexandra;;;;
11078;Maibach, Juliane;;;;
11079;Maiberger, Bärbel;;;;
11080;Maier, Agnes;;;;
11081;Maier, Andreas;;;;
11082;Maier, Angela;;;;
11083;Maier, Bianca;;;;
11084;Maier, Fritz;;;;
11085;Maier, Gabriel;;;;
11086;Maier, Gretl;;;;
11087;Maier, Josef;;;;
11088;Maier, Katharina;;;;
11089;Maier, Kathrin;;;;
11090;Maier, Marianne;;;;
11091;Maier, Rolf P.;;;;
11092;Maier, Ursula;;;;
11093;Maier, Uta;;;;
11094;Maierhofer, Johann;;;;
11095;Maierhofer, Waltraud;;;;
11096;Maijs, Mona;;;;
11097;Maikäfer, Marina;;;;
11098;Main, Margaretha;;;;
11099;Mainberger, Anna;;;;
11100;Maintz, Gisela;;;;
11101;Mainusch, Eva;;;;
11102;Mairu, Yukino;NomINom;;21;
11103;Maislinger, Hans;;;;
11104;Maitre, Pascal;;;;
11105;Maiwald, Thomas;;;;
11106;Majoleth, Carmen;;;;
11107;Makarczyk-Schuster, Ewa;;;;
11108;Makarewicz, Nicole;;;;
11109;Makaseeva, Elena;Nekomare20;weiblich;33;
11110;Makowsky, Jutta;;;;
11111;Makvandi, Reza;;;;
11112;Mal so mal so xD, Jean - Pierre;TheFiktionRay;männlich;;
11113;Malcher, Patricia;;;;
11114;Malessa, Andreas;;;;
11115;Maletzke, Helmut;;;;
11116;Malewski, Mira;;;;
11117;Malfleur, Enrica;;;;
11118;Malfoy, Anthi;Anthi;weiblich;25;
11119;Malfoy, Hydra;Hydra Malfoy;weiblich;32;
11120;Malfoy, Liyah;MissLeStrange;weiblich;30;http://my-flower-of-evil.tumblr.com/
11121;Malfoy, Marie;FeelMyHeart;weiblich;25;https://www.facebook.com/Vampirzauberin
11122;Malfoy, Sorena;Sorena;weiblich;;
11123;Malfoy-Snape-Riddle, Beast;MissRiddle24;weiblich;;
11124;Malhus, Sarah;;;;
11125;Malik ♥, Lea ?;Leaaa;weiblich;26;
11126;Malinow, Georgi;;;;
11127;Malinowski, Bernadette;;;;
11128;Malischewski, Wolfgang;;;;
11129;Malischnik, Eva;;;;
11130;Maliske-Velten, Bärbel;;;;
11131;Maljartschuk, Tanja;;;;
11132;Maljarčuk, Tanja;;;;
11133;Malkusch, Frank;;;;
11134;Mall, Sepp;;;;
11135;Mallad, Heike;;;;
11136;Mallet, Kadlin;;;;
11137;Mally, Leo Hans;;;;
11138;Malnik, JCR;;;;
11139;Malone, Nana Goulap;;;;
11140;Malorny, Hartmuth;;;;
11141;Malou, Anna;;;;
11142;Maltzen, Gorch;;;;
11143;Malté, Jeanmarie;;;;
11144;Maluga, Andrea;;;;
11145;Maly, Olaf;;;;
11146;Maly, Patrick;;;;
11147;Malzahn, Nicole;;;;
11148;Mama-Herta, Rex;;;;
11149;Mamat, Herbert;;;;
11150;Mambourg, Albert;;;;
11151;Mammut, Abel;;;;
11152;Mancek, Marjan;;;;
11153;Mancini, Miriam;;;;
11154;Mandel, Marc;;;;
11155;Mandel, Tara;;;;
11156;Mandelt, Tanja;;;;
11157;Manderfeld, Gloria H.;;;;
11158;Manderley, Thomas;;;;
11159;Mandl, Dominik;;;;
11160;Mandl, Johann;;;;
11161;Mandler, Martin;;;;
11162;Mandt, Sylvia;;;;
11163;Manegold, Thomas;;;;
11164;Manfred, Klenk;;;;
11165;Manghisi, Franco;;;;
11166;Mangold, Ijoma Alexander;;;;
11167;Mani, Eveli;;;;
11168;Manigk, Oskar;;;;
11169;Maniura, Michael;;;;
11170;Manke, Olaf O.;;;;
11171;Mann, Angelika;;;;
11172;Mann, Heinrich;;;;
11173;Mann, Jojo;;;;
11174;Mann, Oskar;;;;
11175;Mann, Regine;;;;
11176;Mann, Sarah;;;;
11177;Mann, Sunil;;;;
11178;Mann, Thomas;;;;
11179;Mann, Wolf;;;;
11180;Mann, Wolfgang;;;;
11181;Manneh, Lisa;;;;
11182;Mannel, Monika J.;;;;
11183;Mannhardt, Bernd;;;;
11184;Mannhart, Urs;;;;
11185;Manning, Kilian;;;;
11186;Manno, Elisabeth;;;;
11187;Manns, Michael;;;;
11188;Manntz, Gebhard;;;;
11189;Manntz, Gebhard H.;;;;
11190;Manocchia, Cortney;;;;
11191;Mansion, Michael;;;;
11192;Manski, Ernst Eberhard;;;;
11193;Manson, Tobi;Morbius94;männlich;;
11194;Manta, Nomi;;;;
11195;Mantam, Jamo;;;;
11196;Mantay, Eugenia;;;;
11197;Mantaya, Mendelynn;Mendelynn;weiblich;;http://mendelynn.jimdo.com/
11198;Manthey, Jutta;;;;
11199;Manzaneque, Margarita;;;;
11200;Manzke, Christian;;;;
11201;Mao, Päm;Priiincesa;weiblich;30;
11202;MarCse;;;;
11203;Mara, Leonie;Loema;weiblich;27;
11204;Mara, Ulrike;;;;
11205;Marangon, Gabriele;;;;
11206;Maranius, Frank;;;;
11207;Marcel, Bomhof;;;;
11208;March, Kathy;;;;
11209;March, Minato;Minatoast;;;
11210;Marchand, Peter;;;;
11211;Marchel, Roman;;;;
11212;Marcici, Xenia;;;;
11213;Marciniak, Friedhelm;;;;
11214;Marciniak, Steffen;;;;
11215;Marcuse, Kat;;;;
11216;Mard, Jürgen;;;;
11217;Mardaus, Caroline;;;;
11218;Mardaus, Frank;;;;
11219;Marei;;;;
11220;Mareila, Inka;;;;
11221;Marek, Andreas;;;;
11222;Marewski, Nina Maria;;;;
11223;Marfutova, Yulia;;;;
11224;Margarete;;;;
11225;Margarita, Florentina;;;;
11226;Margotsdotter-Fricke, Dagmar;;;;
11227;Margrabov, G.O.;;;;
11228;Margul-Sperber, Alfred;;;;
11229;Margwelaschwili, Giwi;;;;
11230;Marheinecke, Reinhard;;;;
11231;Maria Rilke, Rainer;;;;
11232;Maria, Anastasiya;;;;
11233;Maria, Christa;;;;
11234;Maria, Lange-Otto;;;;
11235;Marian, Cornelíe;;;;
11236;Mariani, Selene;;;;
11237;Marie, Elisa;elisamarie;weiblich;26;
11238;Marillier, Juliet;;;;
11239;Marin, Liesa;;;;
11240;Marino, Patric;;;;
11241;Mariposa, Alexander;;;;
11242;Mariposa, Maria;;;;
11243;Marisa;;;;
11244;Marischka, Helmut;;;;
11245;Mark, Jürgen;;;;
11246;Markart, Mike;;;;
11247;Markart, Tom;;;;
11248;Markau, Hermann;;;;
11249;Marker, Michael;;;;
11250;Markert, Hans;;;;
11251;Markhardt, Heidemarie;;;;
11252;Marklein, Janko;;;;
11253;Marklund, Liza;;;;
11254;Markmann Kawinski, Waltraud;;;;
11255;Marko, W.J.;;;;
11256;Markovic, Maruschya;;;;
11257;Markovicova, Michaela;;;;
11258;Markowski, Sonja;;;;
11259;Marks, Michelle;;;;
11260;Marksmeisje, Marion;;;;
11261;Marku, Anton;;;;
11262;Markus Dille, Sebastian Schiener und;Tintenblau12;;;
11263;Markus, Gabriele;;;;
11264;Markus, Isobel;;;;
11265;Markwardt, Claudia;;;;
11266;Markwart, Marco;;;;
11267;Marley, Robert C.;;;;
11268;Marlies, Salzmann-Laze;;;;
11269;Marlitt, E.;;;;
11270;Marlowe, Emma;;;;
11271;Marmann, Birgit;;;;
11272;Marnou, Paul;;;;
11273;Marohn, Luise;;;;
11274;Maron, Monika;;;;
11275;Marowsky, Klaus;;;;
11276;Marquardt, Marianne;;;;
11277;Marquardt, Peter;;;;
11278;Marquardt, Walter;;;;
11279;Marquardt, Wilhelm;;;;
11280;Marquis de Sade, Donatien-Alphonse-François;;;;
11281;Marrak, Michael;;;;
11282;Mars, Julyy;100SonnenderMarry;weiblich;36;
11283;Mars, Liane;;;;
11284;Mars, Luzie;;;;
11285;Mars, Regina;;;;
11286;Marschall, Anemone;;;;
11287;Marschall, Daniel;;;;
11288;Marschall, Felix;;;;
11289;Marschall, Nicole;;;;
11290;Marschall, Wolfgang;;;;
11291;Marschallek, Katharina;;;;
11292;Marstaller, Bertram;;;;
11293;Marsters, Marsha;MarshaMarsters;weiblich;;
11294;Martel, Lidia;;;;
11295;Martens, Horst;;;;
11296;Martens, Ina-Maria;;;;
11297;Martens, Rena C.;;;;
11298;Martens, Severine;;;;
11299;Martenstein, Harald;;;;
11300;Marth, Karoline Therese;;;;
11301;Marti, Kurt;;;;
11302;Marti, Stephan Bernard;;;;
11303;Martin, Andreas;;;;
11304;Martin, Anja;;;;
11305;Martin, Beate;;;;
11306;Martin, Benita;;;;
11307;Martin, Fried;;;;
11308;Martin, Harry;;;;
11309;Martin, Judith;;;;
11310;Martin, Klaus-Rainer;;;;
11311;Martin, Lea Joan;;;;
11312;Martin, Margret;;;;
11313;Martin, Marie T.;;;;
11314;Martin, Marko;;;;
11315;Martin, Michael;;;;
11316;Martin, Nik S.;;;;
11317;Martin, Petra;;;;
11318;Martin, Rebecca;;;;
11319;Martin, Robert Patrick;;;;
11320;Martin, Wolfgang;;;;
11321;Martin, Wolfram;;;;
11322;Martin-Virolainen, Katharina;;;;
11323;Martina Volnhals, Martina;;;;
11324;Martinek, Hans;;;;
11325;Martins, Toby;;;;
11326;Martinson, Jannike;;;;
11327;Martinson, Ragnar;;;;
11328;Martyna, Andrä;;;;
11329;Martynova, Olga;;;;
11330;Marvin, Marie;;;;
11331;Marwan, Ana;;;;
11332;Marx, Agnes;;;;
11333;Marx, Angelika;;;;
11334;Marx, Kilian;;;;
11335;Marx, Rainer;;;;
11336;Marx, Sabine;;;;
11337;Marx, Steven;;;;
11338;Mary, Geo T.;;;;
11339;Marzi, Christoph;;;;
11340;Marzin, Gisela M.;;;;
11341;Masao, Toran;Dragon Masao;männlich;46;
11342;Masberg, Michael;;;;
11343;Mascheroni, Elisabeth;;;;
11344;Maschke, Renate;;;;
11345;Maschner, Ina;;;;
11346;Mashkarynets, Myroslava;;;;
11347;Maske, Ulrich;;;;
11348;Masomi, Michael;;;;
11349;Masomi, Sulaiman;;;;
11350;Mason, Douglas R.;;;;
11351;Mason, Olivia;ThisIsLivMason;weiblich;;
11352;Masquerade, Prinzess;Kouyous girl;weiblich;29;
11353;Masseck, Gisela;;;;
11354;Massimo, Dario;;;;
11355;Mastori, Bledar;;;;
11356;Masuch, Rosi;;;;
11357;Mateja, Jakub;;;;
11358;Mateo Sanz, Mercedes;;;;
11359;Mater, Antje;;;;
11360;Materni, Undine;;;;
11361;Mathes, Anni;;;;
11362;Mathies, Susanne;;;;
11363;Mathieu, Sabine;;;;
11364;Mathis, Claudia;;;;
11365;Mathis, Raphaela;;;;
11366;Mathis, Reto;;;;
11367;Mathoi, Leander;;;;
11368;Mathys, Peter;;;;
11369;Mathys, Reinhard;;;;
11370;Mathys, Stephan;;;;
11371;Mathà, Helene;;;;
11372;Matl, Erwin;;;;
11373;Matsumoto, Kuraiko;First Vampyre;weiblich;25;
11374;Matt, Peter von;;;;
11375;Mattar, Elli;;;;
11376;Matteo, Antonietta;;;;
11377;Mattes, Brigitte;;;;
11378;Mattes, Daniela;;;;
11379;Mattfeldt, Petra;;;;
11380;Matthaei, Silke;;;;
11381;Matthau, Teddy;;;;
11382;Mattheis, Philipp;;;;
11383;Matthes, Anna;;;;
11384;Matthes, Carmen;;;;
11385;Matthes, Jens;;;;
11386;Matthes, Silas;;;;
11387;Matthes, Waltraut E.;;;;
11388;Matthes-Gögel, Annalena;;;;
11389;Matthia, Günter J.;;;;
11390;Matthias, Stephanie K. J.;;;;
11391;Matthies, Horst;;;;
11392;Matthies, Matthias;;;;
11393;Matthiesen, Hinrich;;;;
11394;Matthäus, Inge;;;;
11395;Mattis, Klara;;;;
11396;Mattos, Jóia de;;;;
11397;Mattukat, Jumana;;;;
11398;Mattusch, Ludwig;;;;
11399;Mattzick, Markus;;;;
11400;Matuschek, Mathias;;;;
11401;Matussek, Matthias;;;;
11402;Matzantke, Dominik;;;;
11403;Matzantke, Gabriele;;;;
11404;Matzke, Gisela;;;;
11405;Matzollek, Wolfgang;;;;
11406;Mau, Hella;;;;
11407;Mau, Siegfried;;;;
11408;Mauch, Michael;;;;
11409;Maucher, Stefanie;;;;
11410;Mauelshagen, Dieter;;;;
11411;Mauer, Hans;;;;
11412;Mauer, Ina;;;;
11413;Maupassant, Guy de;;;;
11414;Maur, Jost auf der;;;;
11415;Maurenbrecher, Manfred;;;;
11416;Maurer, Christian;;;;
11417;Maurer, Jens Christian;;;;
11418;Maurer, Kathrin;;;;
11419;Maurer, Leonore;;;;
11420;Maurer, Sabine;;;;
11421;Maurer, Stefan;;;;
11422;Mauruschat, Fabian;;;;
11423;Maus, Micky;BeklopptesKind;weiblich;29;http://lillypups.hat-gar-keine-homepage.de/
11424;Maus, Miki;Miki-chan;weiblich;;
11425;Mauthe, Margret;;;;
11426;Mauzi3, Maurice;Mauzi3;männlich;27;
11427;Maverik, Christina;;;;
11428;Max, Frank Rainer;;;;
11429;Maxeiner, Sandra;;;;
11430;Maxen, Izzy;;;;
11431;Maximini, Dominik;;;;
11432;Maximovic, Gerd;;;;
11433;Maxwell, Lina;linavocado;weiblich;;
11434;Maxwill, G. W.;;;;
11435;May, Alexander;;;;
11436;May, Anna;;;;
11437;May, Catherine;;;;
11438;May, Elisabeth;;;;
11439;May, Helmut;;;;
11440;May, Ina;;;;
11441;May, Isabella;Mrs May;weiblich;27;
11442;May, Karl;;;;
11443;May, Katjana;;;;
11444;May, Kurt;;;;
11445;May, Linda;;;;
11446;May, Melissa;;;;
11447;May, Mona;;;;
11448;May, Regina;;;;
11449;May, Stefan;;;;
11450;May, Talia;;;;
11451;May, Werner;;;;
11452;Mayer Anaja, Gerd;;;;
11453;Mayer König, Florian;;;;
11454;Mayer, Carmen;;;;
11455;Mayer, Dieter-Wilhelm;;;;
11456;Mayer, Eckehard;;;;
11457;Mayer, Jürgen;;;;
11458;Mayer, Maria;;;;
11459;Mayer, Mathias;;;;
11460;Mayer, Michelle;Shellylaa;weiblich;25;
11461;Mayer, Nadja;;;;
11462;Mayer, Paola;;;;
11463;Mayer, Rika;;;;
11464;Mayer, Steve;;;;
11465;Mayer, Ursula;;;;
11466;Mayer-Proidl, Josefa;;;;
11467;Mayer-Reibel, Helga;;;;
11468;Mayer-Teegen, Steffi;;;;
11469;Mayerhofer Dobler, Karin;;;;
11470;Mayerhofer, Elisabeth;;;;
11471;Mayerhofer, Jacqueline;;;;
11472;Mayr, Christian;;;;
11473;Mayr, Helmut;;;;
11474;Mayr, Nikolaus;;;;
11475;Mayr, Steffen;;;;
11476;Mayr, Thomas M.;;;;
11477;Mayr, Thomas Maria;;;;
11478;Mayr-Gruber, Sigrid;;;;
11479;Mayrhauser, Anna;;;;
11480;Mayrhofer, Ulrike;;;;
11481;Mazenauer, Beat;;;;
11482;Mazza, Aldo;;;;
11483;Maßberg, Renata;;;;
11484;Maërd, M.M.;;;;
11485;Maǧdī, Inʿām ʿAlī;;;;
11486;Mbaswa, Justin;;;;
11487;Mbuti, Ann;;;;
11488;Mc Clure, Mount;;;;
11489;McAdams, Morag;;;;
11490;McArdle, Dorothy;;;;
11491;McBane, Gordon;;;;
11492;McClellan, Brian;;;;
11493;McCollan, Daisy;Luna 3588;weiblich;22;https://www.deviantart.com/mrsluna3588
11494;McCullen, Laureena;LaureenaMcCullen;weiblich;30;
11495;McCullough, Ian;;;;
11496;McEwan, Ian;;;;
11497;McGregor, Charlotte;;;;
11498;McGuire, Seanan;;;;
11499;McHill, Resa;Resa McHill;divers;26;https://black-roses-are-gorgeous.tumblr.com/
11500;McKinley, Virginia und Jeanne;Fear and Force;weiblich;;
11501;McLane, Katie;;;;
11502;McLaughlin, Dean;;;;
11503;McNeal, Timothy;;;;
11504;McNeill, Brian;;;;
11505;McNeill, Moon;;;;
11506;McNichol, Kerstin;;;;
11507;McNicholl, Rachel;;;;
11508;McPartlin, Anna;;;;
11509;McVail, Sean;;;;
11510;Me, Kira;deliriousdreams;weiblich;27;
11511;Mech, Claudia;;;;
11512;Mechenbier, Jörkk;;;;
11513;Mechtenhain, Moritz;;;;
11514;Meck, Thadeusz;;;;
11515;Meckel, Christoph;;;;
11516;Mecklenburg, Heinz;;;;
11517;Medianaria, Serco;Serco;männlich;27;
11518;Medri, Chiara;;;;
11519;Medusa, Mieze;;;;
11520;Meerin, Per;;;;
11521;Meert, Ursula;;;;
11522;Meertens, Brigitte;;;;
11523;Meeser, Antje;;;;
11524;Meeß, Klaus;;;;
11525;Meggyesi, Zsófia;;;;
11526;Megla, Karin;;;;
11527;Mehdizadeh, Behjat;;;;
11528;Mehl, Heinrich;;;;
11529;Mehler, Birgit;;;;
11530;Mehlhase, Tanja;;;;
11531;Mehlhorn, Anne;;;;
11532;Mehlmann, Christin;;;;
11533;Mehmetaj, Feride;;;;
11534;Mehnert, Achim;;;;
11535;Mehnert, Renate;;;;
11536;Mehnert, Stephanie;;;;
11537;Mehovia;;;;
11538;Mehr, Mariella;;;;
11539;Mehte, Heidi;;;;
11540;Meichel, Johann;;;;
11541;Meichtry, Wilfried;;;;
11542;Meidhof, Angelika Regina;;;;
11543;Meier, Anaïs;;;;
11544;Meier, Andreas Herbert;;;;
11545;Meier, Angelika;;;;
11546;Meier, Anthia;;;;
11547;Meier, Bernd;;;;
11548;Meier, Bianca;;;;
11549;Meier, Christian J.;;;;
11550;Meier, Dirk;;;;
11551;Meier, Eberhard;;;;
11552;Meier, Emerenz;;;;
11553;Meier, Georg;;;;
11554;Meier, Helen;;;;
11555;Meier, Ilonka;;;;
11556;Meier, Jan Niklas;;;;
11557;Meier, Jörg;;;;
11558;Meier, Kevin;Little-Rave;männlich;;
11559;Meier, Lisa;;;;
11560;Meier, Lucien Jean-Marie;;;;
11561;Meier, Mara;;;;
11562;Meier, Martina;;;;
11563;Meier, Rosmarie;;;;
11564;Meier, Walter;;;;
11565;Meier, Yasmine;;;;
11566;Meier-Jobst, Max;;;;
11567;Meierfrankenfeld, Beate;;;;
11568;Meilhammer, Tom;;;;
11569;Meili-Dulk, Elisabeth;;;;
11570;Meimberg, Florian;;;;
11571;Meimberg, Marie;;;;
11572;Mein, Reinhard;;;;
11573;Meindl, Dominika;;;;
11574;Meine, Thomas M.;;;;
11575;Meinecke, Anne;;;;
11576;Meinecke, Thomas;;;;
11577;Meinecke, Ulla;;;;
11578;Meineke, Eckhard;;;;
11579;Meiners, Eibe;;;;
11580;Meinert, Maria;;;;
11581;Meinhardt, Adriane;;;;
11582;Meinhold, Günther;;;;
11583;Meinicke, Claudia Gabriele;;;;
11584;Meinig, Sine;;;;
11585;Meinken, Helmuth;;;;
11586;Meinrath, Gerwalt;;;;
11587;Meinshausen, Frank;;;;
11588;Meinzer, Ariane;;;;
11589;Meisel, Daniela;;;;
11590;Meisel, Maren;;;;
11591;Meisel, Sabine;;;;
11592;Meisel, Ulrich;;;;
11593;Meiser, Angela;;;;
11594;Meiser, Olivér;;;;
11595;Meisinger-Reiter, Ursula;;;;
11596;Meisner, B. C.;;;;
11597;Meissner, Peter;;;;
11598;Meister, Christine;;;;
11599;Meister, Derek;;;;
11600;Meister, Horst;;;;
11601;Meister, J. K.;;;;
11602;Meister, Jo Kilian;;;;
11603;Meister, Kordula;;;;
11604;Meister, Melanie;;;;
11605;Meister, Reinhard;;;;
11606;Meixner, Claudia;;;;
11607;Meixner, Kerstin;;;;
11608;Meißner, Luisa;;;;
11609;Meißner, Marie-Luise;;;;
11610;Meißner, Regina;;;;
11611;Meißner-Claßen, Marita;;;;
11612;Meißnitzer, Hans-Peter;;;;
11613;Mejer, Gérard;;;;
11614;Mekelburg, Frauke;;;;
11615;Melach, Alexander;;;;
11616;Melchart, Eva Maria;;;;
11617;Melcher, Maria;;;;
11618;Melchior, Gerda;;;;
11619;Melchior, Hans-Günter;;;;
11620;Meleghy, Péter Pál;;;;
11621;Meleri, Natalie;;;;
11622;Melien, Marcella;;;;
11623;Melika, Moazeni;;;;
11624;Meling, Karola;;;;
11625;Mell, Max;;;;
11626;Mella, Ilka;;;;
11627;Melle, Henning von;;;;
11628;Melle, Thomas;;;;
11629;Mellenthin, Dennis;;;;
11630;Mellin, Helmut;;;;
11631;Melneczuk, Stefan;;;;
11632;Melodia, I. J.;;;;
11633;Meloun, Eva;;;;
11634;Melrose, Josy;Josy Melrose;weiblich;;
11635;Melsted, Freyja;;;;
11636;Melville, Herman;;;;
11637;Melzer, Karl-Heinz;;;;
11638;Melzer, Wolfgang;;;;
11639;Memmel, Hermann;;;;
11640;Memmert, Emely;;;;
11641;Menasse, Robert;;;;
11642;Mende, Dirk;;;;
11643;Mendel, László;;;;
11644;Mendelssohn, Peter de;;;;
11645;Menden, Kurt;;;;
11646;Mendig, Constanze;;;;
11647;MenglexmplarPresnz, Tjen;Tjen;weiblich;25;http://tjen.jimdo.com
11648;Menke, Eline;;;;
11649;Menke, Roswitha;;;;
11650;Menke, Thorsten;;;;
11651;Menne, Peter;;;;
11652;Menner, Martin;;;;
11653;Mennigen, Peter;;;;
11654;Menning, Kolja;;;;
11655;Menschig, Diana;;;;
11656;Menschik, Kat;;;;
11657;Mense, Sabine;;;;
11658;Mentiri, Clemens;;;;
11659;Meny, Elke;;;;
11660;Menz, Lars;;;;
11661;Menzel, Alwine;;;;
11662;Menzel, Kristina;;;;
11663;Menzel, Wolfgang;;;;
11664;Menzel-Kaschel, Brigitte;;;;
11665;Menzenbach, Simone;;;;
11666;Merbitz, Bernd;;;;
11667;Mercier, Sandy;;;;
11668;Mercsanits, Barbara;;;;
11669;Merger, Andrea;;;;
11670;Merian, Maria Sibylla;;;;
11671;Merk, Gert-Peter;;;;
11672;Merkel, Helga;;;;
11673;Merkel, Johanna E.;;;;
11674;Merkelbach, Matthias;;;;
11675;Merkentrup, Inge;;;;
11676;Merkle, Bernd;;;;
11677;Merks-Krahforst, Martina;;;;
11678;Merl, Christian;;;;
11679;Merl, Gabriele;;;;
11680;Merlia, Tonda;;;;
11681;Merlin, Mike;;;;
11682;Mermer, Verena;;;;
11683;Merritt, Abraham;;;;
11684;Mert, Joben P.;;;;
11685;Merten, Barbara;;;;
11686;Merten, Katrin Marie;;;;
11687;Merten, Ken;;;;
11688;Mertera, Soray;-greenleaf-;weiblich;;
11689;Mertins, Dominic;;;;
11690;Mertz, Andrea;;;;
11691;Merwin jr., Sam;;;;
11692;Merz, Eliane;;;;
11693;Merz, Ernst;;;;
11694;Merz, Helen;;;;
11695;Merz, Julia;;;;
11696;Merz, Klaus;;;;
11697;Merzinger-Pleban, Renate;;;;
11698;Meschik, Lukas;;;;
11699;Meseke, Cornelia;;;;
11700;Mesquita, Barbara;;;;
11701;Messerschmidt, Annette;;;;
11702;Messerschmidt, Nadine;;;;
11703;Messling, Markus;;;;
11704;Messmer, Matthias;;;;
11705;Messner, Bettina;;;;
11706;Messner, Katharina;;;;
11707;Mester, Gerhard;;;;
11708;Mete, Erkan;;;;
11709;Metternich, Tanja;;;;
11710;Mettler, Michel;;;;
11711;Metz, Janos;;;;
11712;Metze-Mangold, Verena;;;;
11713;Metzen-Kabbe, Christine;;;;
11714;Metzger, Christian;;;;
11715;Metzger, Nina Maria;;;;
11716;Metzger, Wolfram;;;;
11717;Metzger-Buddenberg, Ingrid;;;;
11718;Metzinger, Jörg;;;;
11719;Meunier, Maurice;IkarusZwei;männlich;33;
11720;Meurer, Franz;;;;
11721;Meurer, Peter H.;;;;
11722;Meurer, Tanja;;;;
11723;Meury, Sunny;;;;
11724;Meusburger, Edith;;;;
11725;Mews, Alwine;Alwine Mews;weiblich;;https://osiander.bookmundo.de/site/index.php?r=userwebsite/index&id=alwinemews
11726;Mey, Alfred;;;;
11727;Mey, Christel;;;;
11728;Mey, Constanze;;;;
11729;Mey, Friederike;;;;
11730;Meyenhofer, Beat;;;;
11731;Meyer, A. G.;;;;
11732;Meyer, Ann;;;;
11733;Meyer, Bernd;;;;
11734;Meyer, Carina;;;;
11735;Meyer, Claudia;;;;
11736;Meyer, Clemens;;;;
11737;Meyer, Detlev;;;;
11738;Meyer, E. Y.;;;;
11739;Meyer, Ekkehard;;;;
11740;Meyer, Ela;;;;
11741;Meyer, Elke;;;;
11742;Meyer, Frank;;;;
11743;Meyer, Heiko;;;;
11744;Meyer, Helga Lucie;;;;
11745;Meyer, Helmut;;;;
11746;Meyer, Kai;;;;
11747;Meyer, Karina;;;;
11748;Meyer, Katja;;;;
11749;Meyer, Kuno;;;;
11750;Meyer, Lorenz;;;;
11751;Meyer, Maria;;;;
11752;Meyer, Marissa;;;;
11753;Meyer, Martin;;;;
11754;Meyer, Michaela;;;;
11755;Meyer, Michel Øyvind;;;;
11756;Meyer, Monika;;;;
11757;Meyer, Olivia;;;;
11758;Meyer, Peter;;;;
11759;Meyer, Sibylle;;;;
11760;Meyer, Stefan;;;;
11761;Meyer, Stefan B.;;;;
11762;Meyer, Sven;;;;
11763;Meyer, Ursula;;;;
11764;Meyer, Volker;;;;
11765;Meyer, Willibald;;;;
11766;Meyer-Anaya, Gerd;;;;
11767;Meyer-Dietrich, Inge;;;;
11768;Meyer-Dietrich, Sarah;;;;
11769;Meyer-Pyritz, Martin;;;;
11770;Meyer-Rother, Gerhilde;;;;
11771;Meyn, Hella-Marion;;;;
11772;Meyrink, Gustav;;;;
11773;Mezger, Daniel;;;;
11774;Mezick, Daniel;;;;
11775;Meßenzehl, Thomas;;;;
11776;Meßmer, Simon;;;;
11777;Miakoda, Toby;Yessicake;männlich;;
11778;Miarka, Ralph;;;;
11779;Michael, Rolf;;;;
11780;Michaeler, Martina;;;;
11781;Michaelis Hase, Beccy;TheRottenBlackApple;weiblich;29;
11782;Michaelis, Alexa;Lefielia;weiblich;28;
11783;Michaelis, Divina;;;;
11784;Michaelis, Ina;Irookonomu;weiblich;29;https://www.facebook.com/irookonomu.writing
11785;Michaelis, Jan;;;;
11786;Michaelis, K.D.;;;;
11787;Michaelis, Mareen;Reene Michaelis;weiblich;26;
11788;Michaelis, Renate;;;;
11789;Michaels, Adi Mira;;;;
11790;Michalak, Melanie;;;;
11791;Michalski, Chris;;;;
11792;Micheel, Sophie;;;;
11793;Michel, Detlef;;;;
11794;Michel, Markus;;;;
11795;Michel, Marlis;;;;
11796;Michel, Peter;;;;
11797;Michel, Sascha;;;;
11798;Michel-Nüssli, Katharina;;;;
11799;Michelis, Hubert;;;;
11800;Michelle, Sarah;;;;
11801;Michels, Claudia;;;;
11802;Michels, Johannes;;;;
11803;Michels, Katy J.;;;;
11804;Michels, Volker;;;;
11805;Michely, Viola;;;;
11806;Michiels, Simone;;;;
11807;Mickeleit, Ditmar-Eckehard;;;;
11808;Mickl, Petra;;;;
11809;Middeldorf, Jürgen;;;;
11810;Middelmann, Werner;;;;
11811;Middleton, Clifford J.;;;;
11812;Midi, Nina;;;;
11813;Mieck, Monica Maria;;;;
11814;Mieder, Eckhard;;;;
11815;Mieg, Harald A.;;;;
11816;Miegel, Agnes;;;;
11817;Mieke, Susanne;;;;
11818;Miel, E.;;;;
11819;Mielecke, Sylvia;;;;
11820;Mielenz, Annika;;;;
11821;Mielke, Nina-Alexandra;;;;
11822;Mier, Alice;;;;
11823;Mier, Ednor;;;;
11824;Mierscheid, Helene;;;;
11825;Miersen, Horst;;;;
11826;Miesen, Georg;;;;
11827;Mietasch, Maria;;;;
11828;Miethe, Mirjam;;;;
11829;Mießner, Robert;;;;
11830;Migakirun, Aleaxa;Aleaxa;weiblich;29;https://kimchiimkopf.blogspot.com
11831;Migeot, George;;;;
11832;Miglar, Astrid;;;;
11833;Mignani, Linda;;;;
11834;Mignon, Alfred;;;;
11835;Mihelic, Simon;;;;
11836;Mihm, Ursula;;;;
11837;Mihr, Horst;;;;
11838;Mikaelson, Samon;Samon;weiblich;28;
11839;Miladinovic, Aleksandra;;;;
11840;Milautzcki, Frank;;;;
11841;Milde, Michael;;;;
11842;Mildes, Denise;;;;
11843;Mildner, Heike;;;;
11844;Mileder, Eva;;;;
11845;Milinski, Jennifer;;;;
11846;Milkereit, Petra;;;;
11847;Millendorfer, Wolfgang;;;;
11848;Miller, James;;;;
11849;Miller, M. Wayne;;;;
11850;Miller, Martin;;;;
11851;Miller, Norbert;;;;
11852;Miller, Oliver;;;;
11853;Miller, Sela;;;;
11854;Millioti, Marina;;;;
11855;Millius-Imboden, Eva-Maria;;;;
11856;Millns, Walter;;;;
11857;Milner, Stina;;;;
11858;Milo, Anna;;;;
11859;Milsch, Charlotte;;;;
11860;Mimi;;;;
11861;Mince, Christopher;Crackpot;männlich;31;
11862;Minden, Inka Loreen;;;;
11863;Minden, Vanessa K.;;;;
11864;Mindermann-Lynen (illustrations), Greta;;;;
11865;Minert, Katrin;;;;
11866;Minet, Karin;;;;
11867;Mingalieva, Valentina;;;;
11868;Miniböck, Peter;;;;
11869;Mink, Marion;;;;
11870;Minko, Sylwester;;;;
11871;Minnis, Michael;;;;
11872;Mir Cälal;;;;
11873;Mira, Aiki;;;;
11874;Mirador;;;;
11875;Mirador, Mirador;;;;
11876;Mirage, Akira;Akira Mirage;weiblich;31;
11877;Miranda Miranda, Maria Cristina;;;;
11878;Mirella, Schink;;;;
11879;Miriam Küllmer-Vogt, Fabian Vogt;;;;
11880;Mirtl, Michael;;;;
11881;Mirtschin, Jutta;;;;
11882;Mirus-Bröer, Christel;;;;
11883;Mirwald, Anita;;;;
11884;Misch, Paul;;;;
11885;Mischief, Lady;The-Life-Of-Mischief;;;
11886;Mischke, Jürgen G.;;;;
11887;Mischke, Lothar;;;;
11888;Mischke, Susanne;;;;
11889;Mischke, Sven B.;;;;
11890;Mischkulnig, Lydia;;;;
11891;Mischkulnig, Marija;;;;
11892;Misellie, Laura;;;;
11893;Misiorny, Julia;;;;
11894;Misko, Mona;;;;
11895;Misok, Sylvie;;;;
11896;Misslitz, Ulrich;;;;
11897;Mister O., Mister;;;;
11898;MitBlut, Irgendwas;IrgentwasMitBlut;weiblich;;
11899;Mitchell, Joseph;;;;
11900;Mitrenga, Stefan;;;;
11901;Mitrovic, Michael;;;;
11902;Mitschke, Frank-Thomas;;;;
11903;Mittelbach, Michael;;;;
11904;Mittelberg, Ekkehart;;;;
11905;Mittelberger, Martina;;;;
11906;Mittelmann, Hanni;;;;
11907;Mittelstaedt, Heiko;;;;
11908;Mittelstraß, Jürgen;;;;
11909;Mittelstraß, Thomas;;;;
11910;Mittelstädt, Elisabeth;;;;
11911;Mitterberger, Alexander;;;;
11912;Mitterer, Erika;;;;
11913;Mittermann, Beatrix;;;;
11914;Mittermayer, Manfred;;;;
11915;Mittermeier, Michael;;;;
11916;Mittler, Christin;;;;
11917;Mittmann, Marie H.;;;;
11918;Mitzner, Katharina;kathaliebtdich;weiblich;26;
11919;Mix, Kai-Uwe;;;;
11920;Mixner, Manfred;;;;
11921;Mizera, Valentina;;;;
11922;Miziolek, Karl;;;;
11923;Mkrtchian, Agapi;;;;
11924;Mletzko, Clemens;;;;
11925;Mlynek, Sylvia;;;;
11926;Mochalov, Alexander;;;;
11927;Mock-Kamm, Doris;;;;
11928;Moddé, Andreas;;;;
11929;Modes, Liv;;;;
11930;Modes, Rilana;;;;
11931;Modick, Klaus;;;;
11932;Modler, Britta;;;;
11933;Moebius, Bruno;;;;
11934;Moebius, Karina;;;;
11935;Moesl, Franz Seraph;;;;
11936;Mohafez, Sudabeh;;;;
11937;Mohl, Alexa;;;;
11938;Mohl, Nils;;;;
11939;Mohn, Nadine;;;;
11940;Mohr, Francis;;;;
11941;Mohr, Gerty;;;;
11942;Mohr, Heinz;;;;
11943;Mohr, Ingrid;;;;
11944;Mohr, Maria Theresia;;;;
11945;Mohr, Martin;;;;
11946;Mohr, Yvonne;;;;
11947;Moi;;;;
11948;Mokry, Michaela;;;;
11949;Molasky, Magnus;;;;
11950;Molchan, Arina;;;;
11951;Molchen, Ariana;;;;
11952;Molinari, Gianna;;;;
11953;Molitor, Jeannine;;;;
11954;Molitor, Judith;;;;
11955;Molkenthin, Nora;;;;
11956;Molko, Kitty;KittyMolko;weiblich;37;
11957;Moll, Manfred;;;;
11958;Moll, Megan E.;;;;
11959;Moll, Monika;;;;
11960;Moll, Rainer;;;;
11961;Moll, Rita;;;;
11962;Molnar, Julia;;;;
11963;Moloney, Dwynwen;Dwynwen Moloney;weiblich;;
11964;Molzen, Gerty;;;;
11965;Mommers, Helmuth W.;;;;
11966;Mommsen, Janne;;;;
11967;Monardi, Lisa;;;;
11968;Mond, Leo;;;;
11969;Mond, Nika;Nika-chan-Mond;;;
11970;Monetha, Mark;;;;
11971;Monika Grasl, Monika;;;;
11972;Monnerat, Roger;;;;
11973;MonsterMistaken, Mistake;einsamer engel;weiblich;28;
11974;Monte, Franka Maria;;;;
11975;Monteiro, Mario;;;;
11976;Montemurri, Jacqueline;;;;
11977;Montesi, Alida;;;;
11978;Monti, Vanessa Lafea;;;;
11979;Monties, Wieland;;;;
11980;Montiga, Mia;;;;
11981;Montila, Luigi;Luigi;männlich;29;
11982;Montua, Bernhard;;;;
11983;Montua, Susanna;;;;
11984;Moog, Anne;;;;
11985;Moog, Thomas;;;;
11986;Moon, B. A.;;;;
11987;Moon, Chibi;Chibi Moon;weiblich;;
11988;Moon, Cindy;Ezra19;weiblich;;
11989;Moon, Deva;;;;
11990;Moon, Fleur Rose;Fleur Moon;weiblich;;https://www.wattpad.com/user/Fleur-Moon
11991;Moon, Mary;;;;
11992;Moonfire, Leshantra;Leshantra;weiblich;32;
11993;Moonshadow, Asmael;DerGefallene;divers;28;
11994;Moonwalker, Cyrus;;;;
11995;Moor, Iva;;;;
11996;Moor, Wolf K.;;;;
11997;Moor-Blank, Heidi;;;;
11998;Moore, Mandy;;;;
11999;Moorin, Friederike K.;;;;
12000;Moos, Sarah;;;;
12001;Moosdorf, Johanna;;;;
12002;Mops, Magdalena;Selen;weiblich;36;
12003;Mora K., Joslyn;;;;
12004;Mora, Terézia;;;;
12005;Morales-Cañadas, Esther;;;;
12006;Moran, Jace;;;;
12007;Moran, Louise M.;;;;
12008;Morante Maldonado, lidia;Gedankenchaos;weiblich;24;
12009;Moravitz, Erwin;;;;
12010;Morawetz, Karin;;;;
12011;Morbitzer, Tilo;;;;
12012;Mordhorst, Ute;;;;
12013;Moreau, René;;;;
12014;Morell, Lena;;;;
12015;Morelli, Elena;;;;
12016;Morelli, Werner;;;;
12017;Morello, Katharina;;;;
12018;Moreno Sobrino, Elena;;;;
12019;Moreno, Marco;;;;
12020;Morenz, Chris;;;;
12021;Morf, Peter;;;;
12022;Morgaine, Valentina;Valentina Morgaine;weiblich;;
12023;Morgan, Dan;;;;
12024;Morgan, Dave T.;;;;
12025;Morgan, Justin;;;;
12026;Morgan, Marlene;;;;
12027;Morgen, Ames;;;;
12028;Morgenrath, Christa;;;;
12029;Morgenstern, Antea;Meltha;;;http://www.justimaginary.tumblr.com
12030;Morgenstern, Christian;;;;
12031;Morgenstern, Emilia Lynn;;;;
12032;Morgenstern, Ulf;;;;
12033;Morgenthaler, Simon;;;;
12034;Morgner, Ronny;;;;
12035;Morgowski, Mia;;;;
12036;Moriani, Liza;;;;
12037;Moriani, Mark;;;;
12038;Morick, Natascha;Yumiko- Chan;weiblich;37;
12039;Moriggl, Sabrina;;;;
12040;Morishige, Jodie Ellen;Jodie;weiblich;24;
12041;Morisse, Jörn;;;;
12042;Morisson, Deborah I.;;;;
12043;Moritz, Frank;;;;
12044;Moritz, Michaela;;;;
12045;Moritz, Rainer;;;;
12046;Moritz, Sabine;u-chebin estel anim;weiblich;60;
12047;Moritz, Sebastian;;;;
12048;Moritz, Valentin;;;;
12049;Mork, Freddy;;;;
12050;Morland, A. F.;;;;
12051;Morleen, Nico;;;;
12052;Morning, The;stillThEsame;;;
12053;Morper, Hans;;;;
12054;Morphine, Ruru;Morphine;weiblich;;http://www.lastfm.de/user/Niru_
12055;Mort, Demian;Aeon;männlich;35;
12056;Morus, Liv;;;;
12057;Morus, Xander;;;;
12058;Morys, Kristina;;;;
12059;Moschiano, Finisia;;;;
12060;Mosebach, Martin;;;;
12061;Mosel, Detlef;;;;
12062;Moser, Alex;;;;
12063;Moser, Annemarie E.;;;;
12064;Moser, Christian;;;;
12065;Moser, Eduard;HoehlenhundTV;männlich;31;
12066;Moser, Gerhard;;;;
12067;Moser, Hermann;;;;
12068;Moser, Josef;;;;
12069;Moser, János;;;;
12070;Moser, Roland;;;;
12071;Moser, Valerio;;;;
12072;Moser-Rohrer, Hermine;;;;
12073;Moshiri, Mohammad;;;;
12074;Moskito, Jana;;;;
12075;Most, Thorsten;;;;
12076;Moster, Stefan;;;;
12077;Mothes, Wiltrud;;;;
12078;Motschenbacher, Rettl;;;;
12079;Motyčka, Lukáš;;;;
12080;Mousli, Luna al-;;;;
12081;Moussavian, Sima;;;;
12082;Moustier, Alice;;;;
12083;Moyses, Erika;;;;
12084;Mozart;;;;
12085;Mozart, Johann;Johann Mozart;männlich;22;
12086;Mozza, Stefan;;;;
12087;Mraz, Katharina;;;;
12088;Mroch, Ulrich;;;;
12089;Mrotzeck, Sophie;;;;
12090;Mrozinski, Albert;;;;
12091;Mrozinski, Ute;;;;
12092;Mrugowski, Jasmin;;;;
12093;Muamba, Muepu;;;;
12094;Much, Theodor;;;;
12095;Mucha, Aneta;;;;
12096;Mucke, Dieter;;;;
12097;Mucke, Martina;;;;
12098;Muecke, Robert;;;;
12099;Mueller, Marlise;;;;
12100;Mueller, Nicolas;;;;
12101;Mueller, Rüdiger H.;;;;
12102;Mueller-Stahl, Armin;;;;
12103;Mues, Michael;;;;
12104;Mues, Sissi de;;;;
12105;Mugler, Josef;;;;
12106;Muhi, Miklos;;;;
12107;Muhl, Iris;;;;
12108;Muhle, Bernhard;;;;
12109;Mukarker-Schwippert, Sana;;;;
12110;Mukkāṭan;;;;
12111;Mukurarinda, Irmela;;;;
12112;Mularczyk, Sandra;;;;
12113;Mulder, P. J.;;;;
12114;Muller, Jean-Pascal;;;;
12115;Muller, Nik;;;;
12116;Muller-Hornick, Fernand;;;;
12117;Multhaupt, Hermann;;;;
12118;Multhaupt, Philipp;;;;
12119;Mummert, Claudia;;;;
12120;Mund, Laura;;;;
12121;Mund, Pega;;;;
12122;Mundschau, Herbert;;;;
12123;Mundt, Andreas;;;;
12124;Mundwiler, Beat;;;;
12125;Munique, Johannes;;;;
12126;Munke, Walter;;;;
12127;Munro (Saki), Hector Hugh;;;;
12128;Munro, Alice;;;;
12129;Munro, John;;;;
12130;Munsonius, Jörg Martin;;;;
12131;Munsonius, Marten;;;;
12132;Muntanjohl, Despina;;;;
12133;Muntanjohl, Olaf;;;;
12134;Muntwyler, Inge;;;;
12135;Munz, Alfred;;;;
12136;Munz, Ingo;;;;
12137;Munzer-Dorn, Markus;;;;
12138;Murakami, Haruki;;;;
12139;Murauer, Helga;;;;
12140;Murauer, Manuela;;;;
12141;Murbach, Esther;;;;
12142;Murdock, Judy;;;;
12143;Muriel, Nadine;;;;
12144;Murphy, Allyson;;;;
12145;Murtas, Pamela;;;;
12146;Musal, Michael H.;;;;
12147;Muschaweck, Hermann;;;;
12148;Muschg, Adolf;;;;
12149;Muschiol, Bärbel;;;;
12150;Muscionico, Daniele;;;;
12151;Musek, Peter;;;;
12152;Muser, Ivo;;;;
12153;Musialek, Andrea;Sarila;weiblich;44;
12154;Musil, Robert;;;;
12155;Musio, Giuliano;;;;
12156;Musolino, Luigi;;;;
12157;Musollaj, Patrik;;;;
12158;Mussa, Sabri;;;;
12159;Mussinghoff, Heinrich;;;;
12160;Muster, Silvia;;;;
12161;Mustermann, Max;Wikram;männlich;23;
12162;Musäus, F.;;;;
12163;Muth, Hans J.;;;;
12164;Muth, Sarah;;;;
12165;Mutscher, Eva;;;;
12166;Mutzel, Christian;;;;
12167;Mutzenbecher, Geert-Ulrich;;;;
12168;Mutzenbecher, Werner von;;;;
12169;Muzur, Lina;;;;
12170;Mußenbrock, Anne;;;;
12171;Mwangi, Meja;;;;
12172;Mylow, Daniel;;;;
12173;Myrne, Ardy K.;;;;
12174;Myszyńska, Anna;;;;
12175;Mythos, Mega;Megamythos;weiblich;;
12176;Mágó, Károly;;;;
12177;Mächel, Willibald;;;;
12178;Mäder, Helga;;;;
12179;Mäder, Roland;;;;
12180;Mädler, Christian;;;;
12181;Mädler, Peggy;;;;
12182;Mählmann, Rose;;;;
12183;Mäkelburger, Mirko;;;;
12184;Männl, Alice;;;;
12185;Männl, Katharina;;;;
12186;Märkert, Klaus;;;;
12187;Märtens, Thomas;;;;
12188;März, Andreas;;;;
12189;März, Gabriele;;;;
12190;März, Ursula;;;;
12191;Mérimée, Prosper;;;;
12192;Mérisé, Lenobia;Lenobia Merise;weiblich;29;
12193;Möbis, Carolina;;;;
12194;Möbius, Utz;;;;
12195;Möbus, Hannelore;;;;
12196;Möckel, Per;;;;
12197;Mödersheim, Bianca;;;;
12198;Mödig, Karl;;;;
12199;Mödlhammer, Jasmin;;;;
12200;Möhle, Armin;;;;
12201;Möhring, Andrea;;;;
12202;Möller, Berthold;;;;
12203;Möller, Dorothea;;;;
12204;Möller, Günther;;;;
12205;Möller, Jörgen;;;;
12206;Möller, Kurt H.;;;;
12207;Möller, Matthias;;;;
12208;Möller, Michael;;;;
12209;Möller, Petra;;;;
12210;Möller, Vera;;;;
12211;Möllers, Henning;Preussen1871;männlich;27;
12212;Möllhausen, Balduin;;;;
12213;Mönkemeier, Regine;;;;
12214;Mörch, Ursula;;;;
12215;Mörchel, Oliver;;;;
12216;Mörchen, Roland;;;;
12217;Mörike, Eduard;;;;
12218;Mörschardt-Hartig, Silvia;;;;
12219;Mörsener, Andreas;;;;
12220;Mörtel, Sieglinde;;;;
12221;Mörth, Markus;;;;
12222;Mörth, Renata;;;;
12223;Mörth, Wolfgang;;;;
12224;Mösche, Thomas;;;;
12225;Müberlin, O. W.;;;;
12226;Mühl, Annegret;;;;
12227;Mühl, Karl Otto;;;;
12228;Mühl, Melanie;;;;
12229;Mühlbach, Ilse;;;;
12230;Mühlbauer, Gabriela;;;;
12231;Mühlbauer, Hanna;;;;
12232;Mühlbaur, JoRose;;;;
12233;Mühlberger, Josef;;;;
12234;Mühlemann, Annemarie;;;;
12235;Mühlen, Klaus;;;;
12236;Mühlenhardt, Sarah;Larah;weiblich;31;
12237;Mühlhaus, Sigrid;;;;
12238;Mühlhäusler, Claudius;;;;
12239;Mühlhäusler, Walter;;;;
12240;Mühlinghaus, Dirk;;;;
12241;Mühlmann, Hans;;;;
12242;Mühlmeister, Karl;;;;
12243;Mühlsteph, Stefanie;;;;
12244;Mülbe, Wolfheinrich von der;;;;
12245;Mülhens-Seidl, Christa;;;;
12246;Müller;;;;
12247;Müller, Althea Karoline;;;;
12248;Müller, Andreas;;;;
12249;Müller, Andreas O.;;;;
12250;Müller, André;;;;
12251;Müller, Anja;;;;
12252;Müller, Anna;;;;
12253;Müller, Anne;;;;
12254;Müller, Arno E.;;;;
12255;Müller, Babsy;sweet black poison;weiblich;33;http://queer-goth-wicca.blogspot.com
12256;Müller, Brigitta;;;;
12257;Müller, Christa;;;;
12258;Müller, Christian;;;;
12259;Müller, Christopher;;;;
12260;Müller, Colin;;;;
12261;Müller, Dana;;;;
12262;Müller, Dorothea;;;;
12263;Müller, Dörte;;;;
12264;Müller, Erwin;;;;
12265;Müller, Fanny;;;;
12266;Müller, Florentine;;;;
12267;Müller, Florian Johannes Yannic;;;;
12268;Müller, Frank;;;;
12269;Müller, Gabriele;;;;
12270;Müller, Georg;;;;
12271;Müller, Gert;;;;
12272;Müller, Gofi;;;;
12273;Müller, Gottfried;;;;
12274;Müller, Gregor;;;;
12275;Müller, Günter W.;;;;
12276;Müller, Hanns Christian;;;;
12277;Müller, Hans U.;;;;
12278;Müller, Harald;;;;
12279;Müller, Herbert;;;;
12280;Müller, Hermann;;;;
12281;Müller, Ines;;;;
12282;Müller, Ismael;Ismael77;männlich;26;
12283;Müller, Jan;;;;
12284;Müller, Jennifer;Jupo;weiblich;34;
12285;Müller, Jule;;;;
12286;Müller, Juliana;Crasygreen;weiblich;;
12287;Müller, Julius;;;;
12288;Müller, Jürgen;;;;
12289;Müller, Karl;;;;
12290;Müller, Katharina;;;;
12291;Müller, Kurt;;;;
12292;Müller, Lina;;;;
12293;Müller, Lucas;Mardon;männlich;27;
12294;Müller, Manuela;;;;
12295;Müller, Mario M.;;;;
12296;Müller, Marion Alexa;;;;
12297;Müller, Marlise;;;;
12298;Müller, Matthias;;;;
12299;Müller, Max;;;;
12300;Müller, Meddi M.;;;;
12301;Müller, Michael;;;;
12302;Müller, Mortimer M.;;;;
12303;Müller, Oliver;;;;
12304;Müller, Otto;;;;
12305;Müller, Peter;;;;
12306;Müller, Rainer-Matthias;;;;
12307;Müller, Raphael;;;;
12308;Müller, Regina;;;;
12309;Müller, Rena;;;;
12310;Müller, Renate;;;;
12311;Müller, Robert;;;;
12312;Müller, Rolf;;;;
12313;Müller, Samira;SamClara;weiblich;25;
12314;Müller, Sasha;;;;
12315;Müller, Sophie;;;;
12316;Müller, Stefan Valentin;;;;
12317;Müller, Steffi;;;;
12318;Müller, Stephan;;;;
12319;Müller, Tessa;;;;
12320;Müller, Thomas;;;;
12321;Müller, Thomas Michael;;;;
12322;Müller, Tina;;;;
12323;Müller, Titus;;;;
12324;Müller, Tobias;;;;
12325;Müller, Ulrike;;;;
12326;Müller, Uta;;;;
12327;Müller, Volker;;;;
12328;Müller, Walter;;;;
12329;Müller, Wilko;;;;
12330;Müller, Wolfgang Joachim;;;;
12331;Müller, Yves;;;;
12332;Müller-Altermatt, Stefan;;;;
12333;Müller-Drefahl, Gundula;;;;
12334;Müller-Drossaart, Hanspeter;;;;
12335;Müller-Droste, Gerd;;;;
12336;Müller-Dum, Denise;;;;
12337;Müller-Grählert, Martha;;;;
12338;Müller-Gutowski, Christina;;;;
12339;Müller-Hellmann, Imke;;;;
12340;Müller-Hennig, Laura;;;;
12341;Müller-Hollenhorst, Gabriele;;;;
12342;Müller-Jüngst, Hans;;;;
12343;Müller-Knapp, Merle;;;;
12344;Müller-Kunz, Theresia;;;;
12345;Müller-Moll, Henrike;;;;
12346;Müller-Nienstedt, Irma;;;;
12347;Müller-Piper, Renate;;;;
12348;Müller-Schwefe, Moritz;;;;
12349;Müller-Wagner, Ralph;;;;
12350;Müller-Wieland, Birgit;;;;
12351;Müllers, Dr. Josefine;;;;
12352;Münch, Brigitte;;;;
12353;Münch, Detlef;;;;
12354;Münch, Joachim;;;;
12355;Münch, Maja;;;;
12356;Münch, Reinhard;;;;
12357;Münch, Siegbert;;;;
12358;Münch, Susanne;;;;
12359;Münchberger, Jens;;;;
12360;Müncheberg, Hans;;;;
12361;Münchgesang, Diether;;;;
12362;Münchow, Christoph;;;;
12363;Münker, Bertram;;;;
12364;Münscher, Gerd;;;;
12365;Münstermann, Laura;;;;
12366;Münz, Erwin K.;;;;
12367;Münzner, Andreas;;;;
12368;Mürner, Christian;;;;
12369;Müry, Andres;;;;
12370;Müry, Mona;;;;
12371;Mürzl, Heimo;;;;
12372;Mützlitz, Henning;;;;
12373;MΥƧƬIᄃΛᄂΥ, Fantasia;Mysticaly;weiblich;30;http://nina-mysticaly.blogspot.co.at/
12374;Na, Navi;Navi Na;weiblich;23;
12375;Nabel, Jürgen;;;;
12376;Nabel, Mila;;;;
12377;Naber, Andrea;;;;
12378;Naber, Renate;;;;
12379;Naber, Sabina;;;;
12380;Nachbaur, Daniel;;;;
12381;Nachdenklich, Willy;;;;
12382;Nachname, Aylin;MoonlightPrime;weiblich;24;
12383;Nacht, Lina;;;;
12384;Nacht, Yara;;;;
12385;Nachtigall, Marie;little kitte;weiblich;30;
12386;Nachtigäller, Christian;;;;
12387;Nachtschatten, Lyakon;;;;
12388;Nachtsheim, Hendrik;;;;
12389;Nachtwald, Julia;;;;
12390;Nadelpannen, Nähen, Häkeln, Stricken;;;;
12391;Nadine Buch, Nadine;;;;
12392;Nadine Neu, Nadine;;;;
12393;Nadolny, Elfie;;;;
12394;Nadolny, Klaus;;;;
12395;Nadolny, Petra;;;;
12396;Nadolny, Susanne;;;;
12397;Naef, Adrian;;;;
12398;Naef, Raymond;;;;
12399;Nagadlow, Iork;;;;
12400;Nagel, Evelyne Noel;;;;
12401;Nagel, Lea;;;;
12402;Nagel, Sabine;;;;
12403;Nagele, Andrea;;;;
12404;Nagelschmidt, Thorsten;;;;
12405;Nagorny, Jürgen;;;;
12406;Nagy, Beatrix;;;;
12407;Nahodyl Neményi, Árpád von;;;;
12408;Naidu, Gertrud;;;;
12409;Nailimixam, Rednaxela;shadowseeker;;33;
12410;Nain, Jakob;;;;
12411;Nakamura, Yukiko;YukikoNakamura;weiblich;;
12412;Nakhosteen, Gabriele;;;;
12413;Nalbantis, Thanassis;;;;
12414;Naldi, Brigitte;;;;
12415;Nameless, Bettmonster;Bettmonster;weiblich;;
12416;Namelk, Fanny;fuchsgeist;weiblich;31;http://fuchsgeist.skyrock.com/
12417;Namtel, Rudy;;;;
12418;Nandi, Jacinda;;;;
12419;Nannt, Annabel;;;;
12420;Napf, Karl;;;;
12421;Napierala, Frauke;;;;
12422;Naqvi, Fatima;;;;
12423;Nara, Shikamaru;ShikamaruNara;männlich;31;
12424;Narberhaus, Sibylle;;;;
12425;Narcejac, Thomas;;;;
12426;Narmolanya, Luthien;WolfDemon;weiblich;21;
12427;Narraris, Fabian;;;;
12428;Nash, Madison;;;;
12429;Nasilowski, Klaus;;;;
12430;Naskrent, Franz;;;;
12431;Naster, Nina;;;;
12432;Nasterlack, Barbara;;;;
12433;Nastl, Andreas;;;;
12434;Nastvogel, Thomas;;;;
12435;Natale, Erica;;;;
12436;Nath, Gerhard;;;;
12437;Nathschläger, Peter;;;;
12438;Natrop, Sylvia;;;;
12439;Natsuki, Ai;Ai Natsuki;weiblich;34;
12440;Natus, Uwe;;;;
12441;Naubert, Benedikte;;;;
12442;Naudascher-Jankowski, Kyra;;;;
12443;Naumann, Diana;;;;
12444;Naumann, Gerhard;;;;
12445;Naumann, Heinrich;;;;
12446;Naumann, Jutta;;;;
12447;Naumann, Karl-Heinrich;;;;
12448;Naumann, Katharina;;;;
12449;Naumann, Nelly;;;;
12450;Naumann, Sabine;;;;
12451;Naumann, Siggi;;;;
12452;Naumov, Lev;;;;
12453;Naundorfer, Georg;;;;
12454;Nausch, Robert;;;;
12455;Navarro, Fabian;;;;
12456;Nawrat, Matthias;;;;
12457;Nawrotzki, André;;;;
12458;Naziri, Barbara;;;;
12459;Neagu, Paul;;;;
12460;Near, Reon;Reon Near;weiblich;32;http://reon-near.blog.de/
12461;Nebel, Christian;LostInYou;männlich;29;
12462;Nebenthal, Sabine;;;;
12463;Necker, Norbert;;;;
12464;Neckermann, Darian;;;;
12465;Neder von der Goltz, Anna;;;;
12466;Nederbach, Nadine;;;;
12467;Nedorn, Volkmar;;;;
12468;Nedra, Elizabeth;;;;
12469;Nedzit, Rudolf;;;;
12470;Neeb, Ursula;;;;
12471;Neef, Erhard Bruno;;;;
12472;Nees, Artur;;;;
12473;Nees, Jürgen;;;;
12474;Neese, Maio;;;;
12475;Neeser, Andreas;;;;
12476;Nefada, Sero;sero nefada;;;
12477;Neff, Klaus;;;;
12478;Neft, Anselm;;;;
12479;Nehling, Christian;;;;
12480;Nehr, Heinz-Dieter;;;;
12481;Neid, Cornelia Christina;;;;
12482;Neid, Martin;;;;
12483;Neid, Meikel;;;;
12484;Neidell, Fanni R.;;;;
12485;Neidhardt, Fabian;;;;
12486;Neidinger, Günter;;;;
12487;Neise, Melanie;;;;
12488;Neko, Kuro;XKuroNeko7X;weiblich;30;
12489;Neko, Nic;southparkfreaknele;;23;
12490;Nekolny, Carina;;;;
12491;Nekrasov/a, Irina;;;;
12492;Nelamischkies, Michaela;;;;
12493;Nell, Arthur;;;;
12494;Nell, Dieter;;;;
12495;Nell, Elisabeth;;;;
12496;Nell, Martina;;;;
12497;Nemarc, Carmen;carmenchan;weiblich;32;http://puste-blumee.blogspot.com/
12498;Nemeth, Benjamin;;;;
12499;Nemri, Jonas Navid Mehrabanian al-;;;;
12500;Nenharma, Tinuviel;Tinuviel Nenharma;weiblich;26;
12501;Nentwig, Emma;;;;
12502;Neocleous, Anna;;;;
12503;Nepomuk, Viktor;;;;
12504;Nerd...not really XD, Jo;lilnerdjo;weiblich;27;https://www.instagram.com/lilnerdjo/?hl=de
12505;Nerevan, Jellyka;;;;
12506;Nerval, Gérard de;;;;
12507;Nervbobbel, Johanna;Nervbobbel;weiblich;26;
12508;Nesseldreher, Andrea;;;;
12509;Nessensohn, Hansjörg;;;;
12510;Nessler, Sonja;;;;
12511;Nestler, André;;;;
12512;Neth, Christina;;;;
12513;Netsch, Niko;;;;
12514;Netuschil, Christel;;;;
12515;Neu, Nadine;;;;
12516;Neu, Thomas;;;;
12517;Neubauer, Nadja;;;;
12518;Neubauer, Ralph;;;;
12519;Neubauer, Silvia;;;;
12520;Neubauer, Ursula;;;;
12521;Neuberger, Bent;;;;
12522;Neubert, Anne C.;;;;
12523;Neubert, Johannes;;;;
12524;Neubert, Kevin;;;;
12525;Neubert, Kurt F.;;;;
12526;Neubert, Melanie;;;;
12527;Neubert, Mia;;;;
12528;Neubert, Tine;;;;
12529;Neubohn, Ralf;;;;
12530;Neubronner, Eberhard;;;;
12531;Neuburg Haas, Josef;;;;
12532;Neuburg, Christina;;;;
12533;Neuburg, Jörg;;;;
12534;Neudecker, Christiane;;;;
12535;Neudert, Philipp Emanuel;;;;
12536;Neudörfer, Claudia;;;;
12537;Neuenhofer, Paul;;;;
12538;Neuert, Marcus;;;;
12539;Neufeldt, Nadja;;;;
12540;Neuffer, Susanne;;;;
12541;Neugebauer, Frank;;;;
12542;Neugebauer, Gerd;;;;
12543;Neugebauer, Jörg;;;;
12544;Neuhaus, Birte;;;;
12545;Neuhaus, Jochen;;;;
12546;Neuhaus, Kathrin;;;;
12547;Neuhaus, Peter P.;;;;
12548;Neuhaus, Volker;;;;
12549;Neuhauser, Rike;;;;
12550;Neuhofer, Doris;;;;
12551;Neuhofer, Johannes;;;;
12552;Neuhold, Uwe;;;;
12553;Neukirchen, Dorothea;;;;
12554;Neukirchner, Manuel;;;;
12555;Neukum, Thomas;;;;
12556;Neumair, Maximilian;;;;
12557;Neumann, Alexander M.;;;;
12558;Neumann, Angelika;;;;
12559;Neumann, Bernd;;;;
12560;Neumann, Bernd Helmut;;;;
12561;Neumann, Birgit;;;;
12562;Neumann, Björn D.;;;;
12563;Neumann, Daniel;;;;
12564;Neumann, Dierk;;;;
12565;Neumann, Doris K.;;;;
12566;Neumann, Gerhard;;;;
12567;Neumann, Hans P.;;;;
12568;Neumann, Klaus Jürgen;;;;
12569;Neumann, Liane;;;;
12570;Neumann, Lucia;;;;
12571;Neumann, Lukas;;;;
12572;Neumann, Maja;;;;
12573;Neumann, Manfred;;;;
12574;Neumann, Monika;;;;
12575;Neumann, Ria;;;;
12576;Neumann, Ronnith;;;;
12577;Neumann, Sarah;;;;
12578;Neumann, Sophie;;;;
12579;Neumann, Uta;;;;
12580;Neumayr, Daniel;;;;
12581;Neumayr, Dominik;;;;
12582;Neumeier, Alexandra;;;;
12583;Neumeyer, Christine;;;;
12584;Neumeyr, Kurt;;;;
12585;Neundorfer, German;;;;
12586;Neundörfer, Konrad;;;;
12587;Neuner, Andreas;;;;
12588;Neuner, Florian;;;;
12589;Neuner, Ursula;;;;
12590;Neupert, Sabine;;;;
12591;Neureiter, Sigrid;;;;
12592;Neurohr, Bertram;;;;
12593;Neuroth, Gerta;;;;
12594;Neuschwander, Anne;;;;
12595;Neuser, Renate;;;;
12596;Neusiedler, Herbert-Ernst;;;;
12597;Neustadt, Maike;CapturedMind;weiblich;31;
12598;Neuwirth, Barbara;;;;
12599;Neuwirth, Günter;;;;
12600;Neuß, Jürgen;;;;
12601;Neven Du Mont, Pe-Lin;;;;
12602;Neven Du Mont, Reinhold;;;;
12603;Neven, Andrea;;;;
12604;Nevermore, Jonny;Sciurus;männlich;30;
12605;New, Andie;;;;
12606;Newgate, Mina Nerea;Nene;weiblich;37;https://yelasblog.wordpress.com
12607;Newman, Pia;;;;
12608;Next, Thursday;;;;
12609;Nezach, Caytoh;;;;
12610;Ngcowa, Sonwabiso;;;;
12611;Ngo, Marianne;;;;
12612;Nguyen, Thao;clumsy-x3;weiblich;29;
12613;Nguyễn Ngọc Tư;;;;
12614;Ngô, Nguyên Dũng;;;;
12615;Nicely, Catharine J.;;;;
12616;Nichols, Nick;;;;
12617;Nicht Relevant, Lena;LaNerd;weiblich;;http://kimmy.hat-gar-keine-homepage.de/index.php?aw=1
12618;NichtGanzDichter;;;;
12619;Nichte, Carsten;;;;
12620;Nichtwichtig._., Juju;Jujukeks;weiblich;;
12621;Nick, Dagmar;;;;
12622;Nick, Kathrin;;;;
12623;Nickel, Artur;;;;
12624;Nickel, Eckhart;;;;
12625;Nickel, Jan-Oliver;;;;
12626;Nickel, Jennifer;;;;
12627;Nickel, Romy;;;;
12628;Nickel, Sabrina;;;;
12629;Nickert, Benjamin;;;;
12630;Nickl, Susanna;;;;
12631;Nickolmann, Melanie;;;;
12632;Nicola Sadelkow, Jana;;;;
12633;Nicolai, Sabrina;;;;
12634;Nicolai, Sibylle;;;;
12635;Nicolaisen, Jasper;;;;
12636;Nicolas, Mangold;;;;
12637;Niebios, Markus;;;;
12638;Nieblich, Wolfgang;;;;
12639;Niebling, Friedrich Peter;;;;
12640;Nied, Peter;;;;
12641;Nieder, Karl;;;;
12642;Nieder, Rosi;;;;
12643;Nieder, Sven;;;;
12644;Niederberger, Lisa-Viktoria;;;;
12645;Niederer, Ulrich;;;;
12646;Niederer, Werner;;;;
12647;Niederhäuser, Hans Peter;;;;
12648;Niederle, Helmuth A.;;;;
12649;Niederländer, Katja;;;;
12650;Niedermaier, Elisabeth;;;;
12651;Niedermann, Andreas;;;;
12652;Niederschuh, Ines;;;;
12653;Niederschweiberer, Katrin;;;;
12654;Niederwieser, Stephan;;;;
12655;Niedlich, Sebastian;;;;
12656;Niedlich, Thomas;;;;
12657;Niedt, Dina;;;;
12658;Niehaus, Monika;;;;
12659;Niehr, Andrea;;;;
12660;Niehuus, Rudi von;;;;
12661;Niekrawietz, Hans;;;;
12662;Niel, Vivien;;;;
12663;Nieland, Laura;;;;
12664;Nielsen, Arne;;;;
12665;Nielsen, Helen;;;;
12666;Nielsen, Jens;;;;
12667;Nielsen, Madame;;;;
12668;Nielsen, Maja;;;;
12669;Nielsen-Stokkeby, Nonna;;;;
12670;Niemals, VergissMeinNicht;Kamillentee;weiblich;26;http://veela.hat-gar-keine-homepage.de/
12671;Niemand, Kathi;Niemand1;weiblich;27;
12672;Niemann, Fritz;;;;
12673;Niemann, René Paul;;;;
12674;Niemann, Solveig A.;;;;
12675;Niemann-Rabe, Heide;;;;
12676;Niemeyer, Hans-Jürgen;;;;
12677;Niemeyer, Marvin;SageTakashi;männlich;30;
12678;Niemeyer, Susanne;;;;
12679;Nier, Petra;;;;
12680;Niess, Carlo;;;;
12681;Niessing, Teresa A.;;;;
12682;Nieswandt, Hans;;;;
12683;Nieswiodek-Martin, Ellen;;;;
12684;Nietsch, Lothar;;;;
12685;Nievergelt, Mirjam;;;;
12686;Nigam, Clara;Happi-Ness;weiblich;26;http://happi-ness.hat-gar-keine-homepage.de/
12687;Niggemann, Alexander;;;;
12688;Niggemann, Michael;;;;
12689;Night, C. J.;;;;
12690;Night, Day;DayAndNight;weiblich;29;
12691;Night, Samantha;;;;
12692;Nightingale, Dalila;Dalila Nightingale;weiblich;;
12693;Nightingale, Noctis;Crow Nightingale;männlich;27;
12694;Nightjar, Evil;Nachtschwalbe;weiblich;31;http://theklinaa.tumblr.com/
12695;Nightmare, Saskia;ice-queen;weiblich;37;
12696;Nike, Curtis;;;;
12697;Nikel, Johannes;;;;
12698;Niklas, Hermann;;;;
12699;Niklas, Matthias;;;;
12700;Niklewitz, Nannette;;;;
12701;Nikolai, Sabrina;;;;
12702;Nikolai-Trischka, Rosemarie;;;;
12703;Nikolaisen, Nele;;;;
12704;Nikolay, Sophie R.;;;;
12705;Nikél, Aimeé;;;;
12706;Nimr, Sonia;;;;
12707;Nimtsch, Peter;;;;
12708;Nin, Anaïs;;;;
12709;Nirgendwo, Allei;Allei;weiblich;;
12710;Nirschl, Jessica;;;;
12711;Nirvana, Nevlen;Nevlen;weiblich;;
12712;Nis, Pitr E.;;;;
12713;Nischalke, Margret;;;;
12714;Nischt, Reimon;;;;
12715;Nissen, Nicolaus;;;;
12716;Nitrak, Alex J.;AlexJNitrak;weiblich;;https://www.instagram.com/alex.j.nitrak/
12717;Nitsche, Fred;;;;
12718;Nitsche, Karl-Andreas;;;;
12719;Nitsche, Martina;;;;
12720;Nitschmann, Hans Joachim;;;;
12721;Nitt, Perxita;Perxita;weiblich;;
12722;Nittel, Henriette;;;;
12723;Nitzsche, Ingrid;;;;
12724;Nitzsche, Rainar;;;;
12725;Niwa, Aiko;Aiko Niwa;weiblich;22;
12726;Nix gibts, Robert;-Antiheld-;männlich;30;
12727;Nizon, Paul;;;;
12728;No, Kazumi;Kazumi00101;weiblich;22;
12729;NoName, Denise;BlueFoxx;weiblich;30;
12730;Noack, Georg;;;;
12731;Noack, Ilona;;;;
12732;Noack, Nancy;;;;
12733;Noack, Siegfried;;;;
12734;Noah, Anna;;;;
12735;Noah, Lars;;;;
12736;Noah, Naomi;;;;
12737;Noble, Lilian;;;;
12738;Node, Grace C.;;;;
12739;Nogard, Michael;;;;
12740;Nohl, Andreas;;;;
12741;Noiberg, Shimʿon;;;;
12742;Noir, Kitty;Kitty-Noir;weiblich;;
12743;Noir, Mireille;;;;
12744;Noire, Facil;;;;
12745;Noitz, Daniela;;;;
12746;Nol, Ḥayim;;;;
12747;Nolan, Michaela;;;;
12748;Nold, Wilfried;;;;
12749;Nolden, Bärbel;;;;
12750;Nolden, Hanna;;;;
12751;Nolden, Renate;;;;
12752;Noll, Ingrid;;;;
12753;Noll, Jill;;;;
12754;Noll, Michael;;;;
12755;Noll, Wulf;;;;
12756;Nolte, Dorothee;;;;
12757;Nolte, Jakob;;;;
12758;Nolte, Martin;;;;
12759;Nolte, Paula;;;;
12760;Nolte, Uwe;;;;
12761;Noltenius, Ulrike;;;;
12762;Nolze, Alex;;;;
12763;Nomus, Jacob;;;;
12764;Nono, Viktor;;;;
12765;Nopedinope, Aiden / Add;Zynrok;männlich;26;https://www.instagram.com/_zynrok_/
12766;Nora, Riemann;;;;
12767;Norden, Thal R.;ThalRNorden;divers;34;https://linktr.ee/ThalRNorden
12768;Norder, Renate C.;;;;
12769;Nordt, Hans-Jürgen;;;;
12770;Normac, Erika;;;;
12771;Normann, Regine;;;;
12772;Norsik, Andrea Frank;SerinaMuggel;;42;
12773;North, Alexis;S1lence;;33;
12774;Northmann, Nora;;;;
12775;Nottebohm, Rudolf;;;;
12776;Nourbarian, Katharina;;;;
12777;Novak, Anamaria;;;;
12778;Novelli, Vera;;;;
12779;Novotny, Karl;;;;
12780;Novum69;;;;
12781;Nowak-Händler, Elke;;;;
12782;Nowotnick, Michaela;;;;
12783;Nox, Cleo;;;;
12784;Noyman, H.J.;;;;
12785;Noß, Katharina;;;;
12786;Noß, Kim Janin;Kiimii;weiblich;28;
12787;Nudel-sensei, Inga;W4rriorC4t;weiblich;;https://www.instagram.com/ing_arts/
12788;Nunold, Beatrice;;;;
12789;Nunziante, Laura Elisa;;;;
12790;Nuri, Jack;;;;
12791;Nuss, Rudi;;;;
12792;Nussbaumer, Doris;;;;
12793;Nussbaumer, Patrick S.;;;;
12794;Nussbaumer-Moser, Jeanette;;;;
12795;Nusser-Lampe, Elsbeth;;;;
12796;Nuth, Günter;;;;
12797;Nußbaum, Hannelore;;;;
12798;Nußbaumer, Michael;;;;
12799;Nußbichler, Dorith;;;;
12800;Nydegger, Werner;;;;
12801;Nyffenegger, Alexander;;;;
12802;Nyolt, Veronika;;;;
12803;Nyssen, Harald;;;;
12804;Nyzak, Klaus;;;;
12805;Nádas, Péter;;;;
12806;Näckel, Sabine;;;;
12807;Nägele, Olaf;;;;
12808;Németh, Bernadette;;;;
12809;Németh, János;;;;
12810;Nö, Rolf;Rolferofl;männlich;53;
12811;Nölke, Sabine;;;;
12812;Nölle, Karen;;;;
12813;Nölte, Joachim;;;;
12814;Nöstlinger, Christiana;;;;
12815;Nöstlinger, Christine;;;;
12816;Nübel, Günter;;;;
12817;Nüchtern, Klaus;;;;
12818;Nückel, Matthias;;;;
12819;Nürnberg, Dörte;;;;
12820;Nürnberger, Sonja;;;;
12821;O'Brian, Izzy;;;;
12822;O'Brien, Andrea;;;;
12823;O'Brien, David Wright;;;;
12824;O'Brien, Ruairí;;;;
12825;O'Connell, Sean;;;;
12826;O'Connell, Susanne;;;;
12827;O'Lange, Sarah;;;;
12828;Obama, Henning;RoxDerWahre;männlich;30;
12829;Obando Amendt, Susann;;;;
12830;Oberbeil, Horst;;;;
12831;Oberbeil, Marlis;;;;
12832;Oberegger, Daniel;;;;
12833;Oberholzer, Grace;;;;
12834;Oberle, Jürgen;;;;
12835;Oberleitner, Florian;;;;
12836;Oberlin, Leif;;;;
12837;Oberländer, Frauke;;;;
12838;Obermair, Karl;;;;
12839;Oberman, Polly;;;;
12840;Obermann, Eva-Maria;;;;
12841;Obermayr, Stephan;;;;
12842;Obermeier, Helen;;;;
12843;Obermoser, Anna-Lena;;;;
12844;Obermüller, Joke;;;;
12845;Oberrainer, Klaus Michael;;;;
12846;Oberrauner, Klaus;;;;
12847;Oberstech, Otto;;;;
12848;Obexer, Maxi;;;;
12849;Obi, Lucia;;;;
12850;Obi-Wan Kenobi, Anakin Skywalker;Yoda01;;;
12851;Obra, Lion;;;;
12852;Obrecht, Martin A.;;;;
12853;Obrist, Theres;;;;
12854;Obscure, Dolly;RottenDoll;;;
12855;Obscuritas, Lena;;;;
12856;Obster, Andreas;;;;
12857;Ocean, Marina;;;;
12858;Ochmann, Margret;;;;
12859;Ochoa de Zuazola, Elvira;;;;
12860;Ochs, Gerhard;;;;
12861;Ochsenstein v., Jutta;;;;
12862;Ochsner, Hilde;;;;
12863;Ochsner, Toni;;;;
12864;Ochßner, Lea;;;;
12865;Ocker, Anne;;;;
12866;Ockert, Gert;;;;
12867;Ocvirk, Simon;;;;
12868;Oda, Mayuko;;;;
12869;Ode, Iris;;;;
12870;Odenthal, Karina;;;;
12871;Odonata, Serena;Serena Odonata;weiblich;28;
12872;Oduor, Okwiri;;;;
12873;Oebel, Peter;;;;
12874;Oebel, Sigrid;;;;
12875;Oehlschläger, Christian;;;;
12876;Oelckers, Theodor;;;;
12877;Oellers, Norbert;;;;
12878;Oellers-Stahl, Gabriele;;;;
12879;Oelßner, Joachim;;;;
12880;Oertel, Ricarda;;;;
12881;Oertgen-Twiehaus,, Elke;;;;
12882;Oeser, Alexander;;;;
12883;Oeser, Hans-Christian;;;;
12884;Oesterling, Margit;;;;
12885;Oettel, Rainer;;;;
12886;Oetterli Hohlenbaum, Bruno;;;;
12887;Oetting, Doris;;;;
12888;Oetting, Sonja;;;;
12889;Oettl, Brigitte Anna;;;;
12890;Off, Jan;;;;
12891;Off, Joachim;;;;
12892;Offenberg, Klaus;;;;
12893;Ogawa, Yôko;;;;
12894;Ohlbaum, Isolde;;;;
12895;Ohlendorf, Erika;;;;
12896;Ohlerth, Winfried;;;;
12897;Ohlhauser, Gerd;;;;
12898;Okami, Touko Chocolá;ChocolaOkami;weiblich;;
12899;Oker, Eugen;;;;
12900;Olah, Maya;;;;
12901;Olbrich, Jörg;;;;
12902;Old Elk, Kendall;;;;
12903;Oldenbourg, Louise;;;;
12904;Oldenburg, Ralf;;;;
12905;Oleneva, Marina;;;;
12906;Oleszynski-Wichmann, Brigitte;;;;
12907;Oliva, Antje;;;;
12908;Oliva, Laura;;;;
12909;Ollefs, Olaf;;;;
12910;Oller, Narcís;;;;
12911;Ollinger, Josef;;;;
12912;Ollmert, Anja;;;;
12913;Olsen, Nora;;;;
12914;Olsen, Svenja;;;;
12915;Olsson, Lars;;;;
12916;Olsson, Manuela;;;;
12917;Olsson, Sven J.;;;;
12918;Oltersdorff, Jana;;;;
12919;Oltmanns, Annika;;;;
12920;Oltmans, Julia S.;;;;
12921;Olufayo, Luitgard;;;;
12922;Olvedi, Ulli;;;;
12923;Olvermann, Jörg;;;;
12924;Oláh, János;;;;
12925;Oman, Hiltrud;;;;
12926;Omansen, Rudolf;;;;
12927;Omasreiter, Christiane;;;;
12928;One, T. B.;;;;
12929;OnePiece, Freak;OnePieceFreak;weiblich;;http://www.fanfiktion.de/u/OnePieceFreak
12930;Onkels, Eva Johanna;;;;
12931;Ono-Feller, Masami;;;;
12932;Ontje, Paul;;;;
12933;Onyewenjo, Christel;;;;
12934;Ookami D., Yume;Ookami D Yume;;;
12935;Ooyen, Hansvan;;;;
12936;Opela, Désirée;;;;
12937;Opfer, Gerhard;;;;
12938;Opfermann, Thomas;;;;
12939;Opfinger, Heidemarie;;;;
12940;Opitz, Nadine;;;;
12941;Oppel, Gerhard;;;;
12942;Oppeln-Bronikowski, Hans Eike von;;;;
12943;Oppenheim, E. Phillips;;;;
12944;Oppermann, Heinrich;;;;
12945;Oppermann, Jürgen;;;;
12946;Oppermann, Stephan;;;;
12947;Oppitz, Klaus;;;;
12948;Oppliger, Dominic;;;;
12949;Oppolzer, Hannah;;;;
12950;Oprée, Kurt Joseph;;;;
12951;Optional, Pascal;;;;
12952;Or, Tamara;;;;
12953;Orabuena, José;;;;
12954;Orchidee, Ness;Ness Orchidee;weiblich;;
12955;Ordemann, Walter;;;;
12956;Orelli, Giorgio;;;;
12957;Orfei, Jürg;;;;
12958;Org, Luci van;;;;
12959;Org, Luci$cvan;;;;
12960;Orgel, Silvia;;;;
12961;Orgel, T.S.;;;;
12962;Orgler, Leonhard;;;;
12963;Ori, Onion;Onion;divers;;
12964;Orians, Wolfgang;;;;
12965;Orlamünde, Hermann;;;;
12966;Orleanu, Ioana;;;;
12967;Orlovskaya, Maria;;;;
12968;Orsouw, Michael van;;;;
12969;Ortega, Levia;;;;
12970;Orth, Cornelia;;;;
12971;Ortheil, Hanns-Josef;;;;
12972;Orthen, Gerald;;;;
12973;Orths, Markus;;;;
12974;Ortmann, Annemarie;;;;
12975;Ortmann, Barbara;;;;
12976;Ortmann, Karlheinz Günter;;;;
12977;Ortmanns, Käthe;;;;
12978;Ortner, Ingeborg Maria;;;;
12979;Osagiobare;;;;
12980;Osang, Alexander;;;;
12981;Osbahr, Karin;;;;
12982;Osenberg, Erika C.;;;;
12983;Osenberg-van Vugt, Ilka;;;;
12984;Oshima, Yume;Yumestar;weiblich;22;https://www.youtube.com/channel/UCeVvSlchNZQPkyAJYa7X3rg,
12985;Oskamp, Katja;;;;
12986;Osland, Erna;;;;
12987;Osman, Sabine;;;;
12988;Osmundsen, Mari;;;;
12989;Ospelkaus, Susanne;;;;
12990;Ospelt, Mathias;;;;
12991;Osselmann, Dieter;;;;
12992;Ossey, Kossi Benjamin;;;;
12993;Ossowski, Leonie;;;;
12994;Osten, Jennifer;;;;
12995;Osten, Robert B.;;;;
12996;Osterburg, Antje;;;;
12997;Ostermaier, Albert;;;;
12998;Ostermann, Dieter;;;;
12999;Ostermann, Ingrid;;;;
13000;Ostermond, Nova;;;;
13001;Ostertag, Heiger;;;;
13002;Osthoff, Frank;;;;
13003;Ostrau, Julia;;;;
13004;Ostritsch, Peter;;;;
13005;Ostwald, Dietmar;;;;
13006;Ostwald, Ina;;;;
13007;Oswald, Carla;;;;
13008;Oswald, Cat;Miss Black Cat;weiblich;27;https://www.facebook.com/pages/Cathlees/453803144746832
13009;Oswald, Ute;;;;
13010;Otaku-Force, Pharmin;Pharmin;weiblich;;https://www.wattpad.com/user/Pharmin
13011;Otera, Ana;;;;
13012;Otersen, Klaus;;;;
13013;Other, Iris;;;;
13014;Othmann, Ronya;;;;
13015;Otoo, Sharon Dodua;;;;
13016;Ott, Peter;;;;
13017;Ott, Susann;;;;
13018;Ott, Sylva;;;;
13019;Ott, Ursula;;;;
13020;Ottawa, Clemens;;;;
13021;Otte, Barbara;;;;
13022;Otte, Claudia;;;;
13023;Otte, Frank;;;;
13024;Otten, Birgit;;;;
13025;Otten, Leif;;;;
13026;Otten, Peter;;;;
13027;Otten, Sabine;;;;
13028;Ottensen, Peer;;;;
13029;Ottensmann, Elke;;;;
13030;Ottkowski, Petra;;;;
13031;Ottmann, Anton;;;;
13032;Otto, André;;;;
13033;Otto, Dieter;;;;
13034;Otto, Ele;;;;
13035;Otto, Iris;;;;
13036;Otto, Karl-Heinz;;;;
13037;Otto, Maria;;;;
13038;Otto, Mario;;;;
13039;Otto, Martina;;;;
13040;Outis, Hannes;;;;
13041;Ovalle, Carlos;;;;
13042;Ovalle, Holly;;;;
13043;Overath, Angelika;;;;
13044;Overbeck, Claudia;;;;
13045;Overhoff, Jürgen;;;;
13046;Overlack, Anne;;;;
13047;Oversberg, Regina;;;;
13048;Ow, Shad;Enaid;weiblich;34;
13049;Owen, Ness;;;;
13050;Ozminski, Bernd;;;;
13051;O´Hara, Zoey;;;;
13052;Oßenkamp, Hildegard;;;;
13053;O’Brien, David Wright;;;;
13054;P., Jurek;;;;
13055;P., Manuel;Mr pi;männlich;23;
13056;P., Mia Avera;miaavera;weiblich;;http://miaavera.tumblr.com/
13057;P., November;NovemberP;weiblich;17;
13058;P., Vanessa;vanniboom;weiblich;24;
13059;P.S, Lucas;Wortschatz;männlich;25;
13060;PARLAK, A. H.;;;;
13061;Paal, Claudia;;;;
13062;Paarmann, Reinhild;;;;
13063;Paarmann, Winfried;;;;
13064;Paasch, Nicolai;;;;
13065;Pachan, Nathalie;;;;
13066;Pachmann, Ingrid;;;;
13067;Pachner, Irene;;;;
13068;Pachner, Maria;;;;
13069;Pacholski, Ronald;;;;
13070;Pachs, Helena;;;;
13071;Packham, Monte;;;;
13072;Packman, RoboBLITZ;RoboBLITZ;männlich;;
13073;Padberg, Elle;;;;
13074;Padberg, Susanne;;;;
13075;Paddags, Adrian;;;;
13076;Padriks, Jon;;;;
13077;Paehl, Nora;;;;
13078;Paetow, Lisa;;;;
13079;Paetz, Alfred;;;;
13080;Paffrath, Günther;;;;
13081;Paffrath, Klaus;;;;
13082;Pagan, Ingo;;;;
13083;Page, Gwen;;;;
13084;Page, Kira;;;;
13085;Page, Timothy S.;;;;
13086;Pagel, Theodor B.;;;;
13087;Paglia, Benno;;;;
13088;Pahl, Arthur;;;;
13089;Pahl, Silke;;;;
13090;Pahlke, Andrea;;;;
13091;Pahlke, Sabine C.;;;;
13092;Pahlke, Thorsten;;;;
13093;Pain, Marc;;;;
13094;Painold, Birgit;;;;
13095;PaintASmile, Markus;laBBadaBBa;männlich;;
13096;Paix, Casy;;;;
13097;Pakosta, Florentina;;;;
13098;Palastanga, Anna Antonia;;;;
13099;Pale, Leveret;;;;
13100;Palenker, Susanne;;;;
13101;Pall, Albert;;;;
13102;Pallina, B.;;;;
13103;Palm, Hanneliese;;;;
13104;Palm, Kurt;;;;
13105;Palm-Funke, Gabriele;;;;
13106;Palmberger, Manfred;;;;
13107;Palmer, Lucy;;;;
13108;Palmer, Sandy;;;;
13109;Pals, Lea van der;;;;
13110;Pampel, Greta;;;;
13111;Pampus, Angelika;;;;
13112;Pan, Luzie;;;;
13113;Pan, Peter;James Moriarty;männlich;26;http://jim.moriarty.hat-gar-keine-homepage.de/
13114;Panagl, Helga;;;;
13115;Pandula, Petr;;;;
13116;Pane, Eric;;;;
13117;Panizza, Oskar;;;;
13118;Pankow, Freimund;;;;
13119;Pankratz, Manfred;;;;
13120;Pansegrau, Kaspar;;;;
13121;Pantha;;;;
13122;Panther, Grauer;;;;
13123;Pantić, Mihajlo;;;;
13124;Pantzier, Heinz;;;;
13125;Pany, Robert;;;;
13126;Panzer, Marita A.;;;;
13127;Paolo, Jan;;;;
13128;Papadakis, Niko;;;;
13129;Papazi, Nagip Naxhije;;;;
13130;Pape, Franca;;;;
13131;Pape, Matthias;;;;
13132;Pape, Thomas;;;;
13133;Papenfuß, Bert;;;;
13134;Papenfuß, Josina;;;;
13135;Papenfuß, Timo;;;;
13136;Papenfuß, Winfried;;;;
13137;Papke, Christoph;;;;
13138;Papke, Georg;;;;
13139;Papsch, Dietrich;;;;
13140;Paraquin, Sibylle;;;;
13141;Parilla Álvarez, Álvaro;;;;
13142;Parin, Paul;;;;
13143;Park, Kihuun;;;;
13144;Parker, Dorothy;;;;
13145;Parker, Hannah;;;;
13146;Parker, Jenny B.;;;;
13147;Parker, Lilly An;;;;
13148;Parker, Mia;Lunarknight Lover;weiblich;22;
13149;Parker, Thomas;;;;
13150;Parkes, Nii Ayikwei;;;;
13151;Parlow, Ulrich;;;;
13152;Parry, Michel;;;;
13153;Parschau, Marcus;;;;
13154;Parteli, Anna Maria;;;;
13155;Parterre, Achim;;;;
13156;Partheil, Antonie;;;;
13157;Parthen, Ulrike;;;;
13158;Partz, Amanda;;;;
13159;Pasch, Jupp;;;;
13160;Pasch, Thilo;;;;
13161;Paschke, Uwe K.;;;;
13162;Pasetto, Sandro M.;;;;
13163;Pasini, Antonio;;;;
13164;Pasičnik, Raisa;;;;
13165;Paskow, Nicole;;;;
13166;Pass, Julia;;;;
13167;Passehl, Mandy;;;;
13168;Passig, Kathrin;;;;
13169;Passion, Eve;;;;
13170;Passionale;;;;
13171;Pastore, Matt;;;;
13172;Patak, Yves;;;;
13173;Patentalis, Michalis;;;;
13174;Patrick, Patty;;;;
13175;Patsch, Sabrina;;;;
13176;Patten, André;;;;
13177;Patterer, Gertraud;;;;
13178;Pauderer, Monika;;;;
13179;Paul Haefs, Peter;;;;
13180;Paul, Alex;;;;
13181;Paul, Beate;;;;
13182;Paul, Christian;;;;
13183;Paul, Christian Maria;;;;
13184;Paul, Clara;;;;
13185;Paul, Gertraud;;;;
13186;Paul, Hans;;;;
13187;Paul, Ivy;;;;
13188;Paul, Jean;;;;
13189;Paul, Julina;Florina;weiblich;;
13190;Paul, Kerstin;;;;
13191;Paul, Linus;;;;
13192;Paul, Marcel J.;;;;
13193;Paul, Thomas;;;;
13194;Paul, Victoria;;;;
13195;Paul-Hambrink, Brigitte;;;;
13196;Pauli, Herbert;;;;
13197;Paulin, Helga Marie;;;;
13198;Pauling, Günther;;;;
13199;Paulinė, Vita;;;;
13200;Paulnsteiner, Alexandra;;;;
13201;Paulo;;;;
13202;Pauls, Tom;;;;
13203;Pauls, Ursula;;;;
13204;Paulsen, Alix;;;;
13205;Paulsen, Dirk;;;;
13206;Paulsen, Nathalie;;;;
13207;Paulus, Germaine;;;;
13208;Paulus, Lasse;;;;
13209;Paulussen, Hildegard;;;;
13210;Paulussen, Lara;;;;
13211;Pauly, Angelika;;;;
13212;Pauly, Hannah;;;;
13213;Pausch, Manfred;;;;
13214;Pavalache, Dagmar;;;;
13215;Pavalache, Radu;;;;
13216;Pavicic, Jurica;;;;
13217;Pawel, Andreas;;;;
13218;Pawellek, Jenny;;;;
13219;Pawlak, Martina;;;;
13220;Pawlick, Sebastian;;;;
13221;Pawlik, Kelly;;;;
13222;Pawn, David;;;;
13223;Pax, Nicolas;;;;
13224;Paxmann, Christine;;;;
13225;Payr, Georg;;;;
13226;Pazarkaya, Yüksel;;;;
13227;Pearlman, Edith;;;;
13228;Pearse, Padraig;;;;
13229;Pearson, Kaye;;;;
13230;Pearson, Sara;;;;
13231;Pech, Helmut;;;;
13232;Pech, Jürgen;;;;
13233;Peci-Zurmühle, Priska;;;;
13234;Pecorelli, Alfonso;;;;
13235;Peer, Andri;;;;
13236;Peer, Christian;;;;
13237;Peham, Katharina;;;;
13238;Pehle, Tilman;;;;
13239;Pehlemann, Alexander;;;;
13240;Pehlemann, Thorben;;;;
13241;Pehnt, Annette;;;;
13242;Peichl, Martin;;;;
13243;Peifer, Karl;;;;
13244;Peikert, Karen;;;;
13245;Peil, Josef;;;;
13246;Peiler, Bianca;;;;
13247;Pein, Luzia Irene;;;;
13248;Pein, Wolfgang;;;;
13249;Peine, Ulrich;;;;
13250;Peineke, Niklas;;;;
13251;Peinkofer, Max;;;;
13252;Peipelmann, Detlev;;;;
13253;Peitz, Christian;;;;
13254;Peitz, Ekaterina;;;;
13255;Peixoto, Mário;;;;
13256;Pelger, Julia;;;;
13257;Pelka, Karin;;;;
13258;Pelkofer, Hans;;;;
13259;Pelny, Marion;;;;
13260;Pelny, Marlen;;;;
13261;Pelster, Theodor;;;;
13262;Peltzer, Linn;;;;
13263;Peltzer, Ulrich;;;;
13264;Pelz, Wolf S.;;;;
13265;Pelzl, Herbert;;;;
13266;Pen, Ella Isabell;;;;
13267;Penckwitt, Sabine;;;;
13268;Peneder, Nadine;;;;
13269;Penkert, Helmut;;;;
13270;Penna, Ilona;;;;
13271;Pennig, Hanna;;;;
13272;Pentek, Alexander;;;;
13273;Penz, Christine;;;;
13274;Peplowski, Werner;;;;
13275;Pepper, Marry Anne Idony;EinBananaHorn;weiblich;33;
13276;Peps, Debsi;;;;
13277;Peren, Ingrid;;;;
13278;Perfall, Anton von;;;;
13279;Perkams, Günter;;;;
13280;Perkins, Rebecca;;;;
13281;Perkman, Ljubica;;;;
13282;Perle, Leona;Leona-Perle;;27;
13283;Perle, Thomas;;;;
13284;Perlick, Thomas;;;;
13285;Perndl, Daniela;;;;
13286;Perplies, Bernd;;;;
13287;Perreira, Rena-Michelle;;;;
13288;Perren, Ernesto;;;;
13289;Perret, Roger;;;;
13290;Perrey, Dr. Hans-Jürgen;;;;
13291;Perschke, Mirko;;;;
13292;Perschke, Robert;;;;
13293;Perschy, Jakob Michael;;;;
13294;Persson, Terry B.;;;;
13295;Persönlichkeit, Geheimnissvolle;Novu;weiblich;;
13296;Pertsch, Reinhard;;;;
13297;Pesata, Harald;;;;
13298;Peschel, Kerstin;;;;
13299;Peschka, Karin;;;;
13300;Peschlow, Anne;;;;
13301;Petaja, Emil T.;;;;
13302;Pete, Momo;;;;
13303;Peter C., Schmidt;;;;
13304;Peter, Christoph;;;;
13305;Peter, Gisela;UnicornKnife;weiblich;24;
13306;Peter, Ingrid;;;;
13307;Peter, Johann;;;;
13308;Peter, Karin;;;;
13309;Peter, Karin Ulrike;;;;
13310;Peter, Maja;;;;
13311;Peter, Markus;;;;
13312;Peter, Sabine;;;;
13313;Peterhans, Isabelle;;;;
13314;Peterhänsel, Margot;;;;
13315;Petermann, Stefan;;;;
13316;Petermann, Werner;;;;
13317;Peternell, Andreas R.;;;;
13318;Peters, Andreas Andrej;;;;
13319;Peters, August;;;;
13320;Peters, Bettina;;;;
13321;Peters, Christoph;;;;
13322;Peters, Claus-Peter;;;;
13323;Peters, Felizitas;;;;
13324;Peters, Georg M.;;;;
13325;Peters, Joachim H.;;;;
13326;Peters, Katharina;;;;
13327;Peters, Markus;;;;
13328;Peters, Oliver;;;;
13329;Peters, Patrick;;;;
13330;Peters, Ralf;;;;
13331;Peters, Ronny;Ronny Peters;männlich;;https://shop.falter.at/detail/9783837222548/mondstation-moewe-quadrocopter
13332;Peters, Stephan;;;;
13333;Peters, Torsten;;;;
13334;Petersdorf, Anna;;;;
13335;Petersen, Erk;;;;
13336;Petersen, Jens;;;;
13337;Petersen, Jörg;;;;
13338;Petersen, Karin;;;;
13339;Petersen, Karl Heinrich;;;;
13340;Petersen, Marten;;;;
13341;Petersen, Stephanie;;;;
13342;Petersen, Tabea;;;;
13343;Petersen, Volker;;;;
13344;Peterskofsky, Jörg;;;;
13345;Peterson, Sabine;;;;
13346;Petitjean-Plattner, Ruth;;;;
13347;Petkakis, Ute;;;;
13348;Petkau, Viktoria;;;;
13349;Petković, Andrea;;;;
13350;Petner, Sonia;;;;
13351;Petrasch, Verena;;;;
13352;Petrell, Carla;;;;
13353;Petri, Horst A.;;;;
13354;Petricek, Gabriele;;;;
13355;Petrlik, Ivo;;;;
13356;Petrov, Björn;;;;
13357;Petrov, Ivan;;;;
13358;Petrowskaja, Katja;;;;
13359;Petry, Andrea;;;;
13360;Pettirosso, Ella;;;;
13361;Petuzzi, Mario;;;;
13362;Petz, Andreas;;;;
13363;Petz, Georg;;;;
13364;Petzold, Brigitte;;;;
13365;Petzold, Katrin;;;;
13366;Petzold, Lothar;;;;
13367;Peuckmann, Heinrich;;;;
13368;Peukert, Kurt Werner;;;;
13369;Peuleke, Ronja;clyde2011;weiblich;28;
13370;Peuthert-Vak, Uto K.;;;;
13371;Peveling, Barbara;;;;
13372;Pevensie, Sophie;littlestwolf;weiblich;25;
13373;Pevny, Wilhelm;;;;
13374;Pevsner, Ludmila;;;;
13375;Pexa, Alexander;;;;
13376;Pfadt, Thomas;;;;
13377;Pfaff, Lucas;;;;
13378;Pfaffendorf, Thomas;;;;
13379;Pfaffeneder, Klaus;;;;
13380;Pfaffeneder, Uschi;;;;
13381;Pfaller, Robert;;;;
13382;Pfalzgraf, Jennifer;;;;
13383;Pfalzgraf, Jonas;Josun;männlich;27;https://josunlp.de
13384;Pfammatter, Christine;;;;
13385;Pfandler, Helmut;;;;
13386;Pfanner, Thomas;;;;
13387;Pfarr, Christian;;;;
13388;Pfeffer, Joachim;;;;
13389;Pfeffer, Lea;;;;
13390;Pfeffer, Paul;;;;
13391;Pfeffer, Robert;;;;
13392;Pfefferkorn, Dennis;;;;
13393;Pfefferlen, Erich;;;;
13394;Pfeifer, Gerd;;;;
13395;Pfeifer, Günther;;;;
13396;Pfeifer, Helga Cornelia;;;;
13397;Pfeifer, Marion Leonie;;;;
13398;Pfeiffer, Agnes;;;;
13399;Pfeiffer, Alexander;;;;
13400;Pfeiffer, Alice;;;;
13401;Pfeiffer, Angie;;;;
13402;Pfeiffer, Boris;;;;
13403;Pfeiffer, Eberhard;;;;
13404;Pfeiffer, Emil;;;;
13405;Pfeiffer, Ingrid;;;;
13406;Pfeiffer, Klaus;;;;
13407;Pfeiffer, Michaela;;;;
13408;Pfeiffer, Nicole;;;;
13409;Pfeiffer-Kuebart, Silvia;;;;
13410;Pfeiffer-Ley, Judith;;;;
13411;Pfeil, Werner;;;;
13412;Pfeiler, Martina;;;;
13413;Pfelling, Werner;;;;
13414;Pfenninger, Oskar;;;;
13415;Pferd, Honig-Kuchen;Fanny1802;weiblich;31;
13416;Pfifferlinge, Spanien;Wingheart;weiblich;28;
13417;Pfingstmann, Jennifer;;;;
13418;Pfister, Claudia;;;;
13419;Pfister, Elisabeth;;;;
13420;Pfister, Manfred;;;;
13421;Pfitzner, Aniela;;;;
13422;Pfizenmaier, Sven;;;;
13423;Pfleger, Irene;;;;
13424;Pfleiderer, Eberhard;;;;
13425;Pflug, Hans D.;;;;
13426;Pflug, Harald;;;;
13427;Pflug, Ulrich;;;;
13428;Pfluger, Christian;;;;
13429;Pflügler, Hildegard;;;;
13430;Pflügner, Wolfgang;;;;
13431;Pfob, Karl H.;;;;
13432;Pfohl, Gisela;;;;
13433;Pfohl, Wiebke;;;;
13434;Pfolz, Karin;;;;
13435;Pfolz, Karina;;;;
13436;Pfrunder, Tara;;;;
13437;Pfänder, Florian;;;;
13438;Pfüller, Lothar;;;;
13439;Pfüller, Werner;;;;
13440;Phalanea;;;;
13441;Phanes, Sophia;;;;
13442;Pharo, Miriam;;;;
13443;Phenex, Lilith;Lilith Phenex;;;
13444;Pheromonicus, Tristan;Pheromonicus;männlich;;
13445;Philipp, Britta;;;;
13446;Philipp, Hugo Wolfgang;;;;
13447;Philipp, Janna;;;;
13448;Philipp, Marion;;;;
13449;Philippi, Emily;;;;
13450;Philippi, Fritz;;;;
13451;Philipps, Jonas;;;;
13452;Phillips, Cassidy;;;;
13453;Phillips, Julie;;;;
13454;Phillips, Mark;;;;
13455;Phillips, Mirjam;;;;
13456;Phlipp, Marion;;;;
13457;Phoenics, Mona;;;;
13458;Phoenix, Timothy;Timothy Phoenix;männlich;24;https://www.amazon.de/stores/author/B0D78TGMQL
13459;Phönix, Asche des;Mayerling;weiblich;35;
13460;Pi ∞;;;;
13461;Pianaro, Roberta;;;;
13462;Piasevoli, Martina S.;;;;
13463;Piatti, Gabriella;;;;
13464;Picard, Winfried;;;;
13465;Piccol, Jo;;;;
13466;Picha-Höberth, Ilona;;;;
13467;Pichler, Bertwin;;;;
13468;Pichler, Greta Maria;;;;
13469;Pichler, Günther Karl;;;;
13470;Pick, Detlef;;;;
13471;Pick, Rainer;;;;
13472;Pick, Siegfried;;;;
13473;Pickar, Aleš;;;;
13474;Pickenpack, Rolf;;;;
13475;Pickhardt-Benassa, Karin;;;;
13476;Piecha, Oliver M.;;;;
13477;Piechota, Ulrike;;;;
13478;Piechotta-Flemming, Franz-Udo;;;;
13479;Piechulek, Irina;;;;
13480;Pieger, Ludwig;;;;
13481;Piehl, Siegmut;;;;
13482;Piehlmeier, Stephanie;;;;
13483;Piekar, Martin;;;;
13484;Piel, Michael;;;;
13485;Pielage, Maria;;;;
13486;Pielke, Thomas;;;;
13487;Pieniazek, Marek Dariusz;;;;
13488;Piepiorka, Manfred;;;;
13489;Pieritz, Karim;;;;
13490;Piesbergen, Andreas;;;;
13491;Piesch, Christian;;;;
13492;Pieschke, Dolores;;;;
13493;Pieske, Manfred;;;;
13494;Piesker, Henning;;;;
13495;Pieter, Frederik;;;;
13496;Pieth, Eva;;;;
13497;Pietras, Mathias;;;;
13498;Pietschmann, Jessica;;;;
13499;Pietschmann, Nico;;;;
13500;Pietzsch, Margot;;;;
13501;Pietzsch, Romy;;;;
13502;Pietzsch, Wolfgang;;;;
13503;Piglia, Paola;;;;
13504;Pijahn, York;;;;
13505;Pilarski, Fred;;;;
13506;Pilcz, Karlheinz;;;;
13507;Pilenko, Alisha;;;;
13508;Pilgerstorfer, Petra;;;;
13509;Pilgrim, Günter;;;;
13510;Pilgrim, Monika;;;;
13511;Pillat, Jutta;;;;
13512;Pillau, Horst;;;;
13513;Pille, Martin;;;;
13514;Pillitz, Christopher;;;;
13515;Pils, Georg;;;;
13516;Pils, Georg Hugo Donatus;;;;
13517;Pils, Richard;;;;
13518;Pilster, Juliane;;;;
13519;Piltz, Alexander;;;;
13520;Pilz, Gerhard;;;;
13521;Pilz, Manfred;;;;
13522;Pines, Sarah;;;;
13523;Pingel, Ulrich;;;;
13524;Pinger, Mathieu;;;;
13525;Piniel, Jolanda;;;;
13526;Pininski, Zbigniew Peter;;;;
13527;Pinjic, Aldina;;;;
13528;Pinnoo, Hilde;;;;
13529;Pinter, Michael;;;;
13530;Pinter, Stefan;;;;
13531;Piontek, Susanna;;;;
13532;Piotrowski, Rolf;;;;
13533;Piotrowsky, Claudia;;;;
13534;Pipan, Fabienne;SpaceChild;weiblich;20;http://yuryne.hat-gar-keine-homepage.de/
13535;Piper, Carsten;;;;
13536;Pipos, Alexandra-Maria;;;;
13537;Pirandello, Luigi;;;;
13538;Pirch, Anni;;;;
13539;Pircher, Andreas;;;;
13540;Pircher, Anne Marie;;;;
13541;Pirinçci, Akif;;;;
13542;Pirker, Eva Ulrike;;;;
13543;Pirosmani, Niko;;;;
13544;Piruzram, Marjam;;;;
13545;Pisacane, Maximilian;;;;
13546;Pisciotta, Salvatore;;;;
13547;Pistor, Elke;;;;
13548;Pithan, Lilian;;;;
13549;Pitsch, Helmut J.;;;;
13550;Pitsch, Johannes Paul;;;;
13551;Pitschmann, Siegfried;;;;
13552;Pittack, Herwart;;;;
13553;Pitzler, Doreen;;;;
13554;Piwitt, Hermann Peter;;;;
13555;Pixa, Roland;;;;
13556;Pixner, Brigitte;;;;
13557;Plachetka, Claudia;;;;
13558;Plachetka, Erwin;;;;
13559;Plachetka, Leena;;;;
13560;Plaichinger, Thomas;;;;
13561;Plainer, Julia;;;;
13562;Plammer, Andreas;;;;
13563;Plan, Martin;;;;
13564;Planert, Peter;;;;
13565;Plank-Wiesbauer, Sonja Maria;;;;
13566;Planta, Anna von;;;;
13567;Plarre, Stefanie;;;;
13568;Plaschka, Oliver;;;;
13569;Plass, Stefanie;;;;
13570;Plastargias, Jannis;;;;
13571;Platan, Vitus;Prof Vitus Platan;männlich;27;https://twitter.com/VitusWriting
13572;Plate-Buchner, Karen;;;;
13573;Plath, Brigitte;;;;
13574;Plath, Sylvia;;;;
13575;Platta, Holdger;;;;
13576;Plaumann, Christel;;;;
13577;Plavsa, Alexandra;;;;
13578;Pleines, Helga;;;;
13579;Plenter, Kristina;;;;
13580;Plenz, Ralf;;;;
13581;Plepeltis, Karl;;;;
13582;Pleschinski, Hans;;;;
13583;Pleschko, Romina;;;;
13584;Plessen, Elisabeth;;;;
13585;Pletl, Jennifer;;;;
13586;Pletsch, Eugen;;;;
13587;Pletzinger, Thomas;;;;
13588;Pleß, Rainer;;;;
13589;Plievier, Theodor;;;;
13590;Plischke, Thomas;;;;
13591;Ploetz, Ludwig von;;;;
13592;Pluhar, Erika;;;;
13593;Pluskota, Gabriele;;;;
13594;Plöger, Tobias;;;;
13595;Plötner, Astrid;;;;
13596;Plötz, Viola;;;;
13597;Plüss, Marianne Helena;;;;
13598;Pochandke, Jens;;;;
13599;Pochstein, Marieke;;;;
13600;Pociao;;;;
13601;Pockrandt, Bruno;;;;
13602;Podgornik, Elisabeth;;;;
13603;Podgorski, Thaddäus;;;;
13604;Podzeit, Wulf;;;;
13605;Podzeit-Lütjen, Mechthild;;;;
13606;Poe, Edgar Allan;;;;
13607;Poenaru, Raluca, Raluca;;;;
13608;Poenaru, Vasile V.;;;;
13609;Poggio, Maurizio;;;;
13610;Pogrzeba, Jochen;;;;
13611;Pogudin, Sergej;;;;
13612;Pohl, Gerrit;;;;
13613;Pohl, Hertha;;;;
13614;Pohl, Herwig;;;;
13615;Pohl, Kai;;;;
13616;Pohl, Kalle;;;;
13617;Pohl, Kathrin;;;;
13618;Pohl, Ronald;;;;
13619;Pohl, Uwe;;;;
13620;Pohland, Dagmar;;;;
13621;Pohlmann, Alfred;;;;
13622;Pohlmann, Heidi;;;;
13623;Pohlmann, Petra;;;;
13624;Pointecker, Ingrid;;;;
13625;Poiss, Thomas;;;;
13626;Pokerbeats;;;;
13627;Pokornig, Helmut;;;;
13628;Pol, Markus;;;;
13629;Pola, Christoph;;;;
13630;Polak, Oliver;;;;
13631;Polander, Rolf;;;;
13632;Polaszewski, Anja;;;;
13633;Poleschinski, Elisabeth;;;;
13634;Polgar, Alfred;;;;
13635;Poliakova (Viktoria), Serafima;;;;
13636;Polifazio;;;;
13637;Politikaite, Agneta;;;;
13638;Poljak, Ingrid J.;;;;
13639;Polkehn, Edith Anna;;;;
13640;Pollack, Martin;;;;
13641;Pollanz, Wolfgang;;;;
13642;Poller, Ellen-Jutta;;;;
13643;Pollner, Hans;;;;
13644;Pollnick, Yvonne;;;;
13645;Pollock, Tim;;;;
13646;Polmans, Sebastian;;;;
13647;Polnik, Aaron;;;;
13648;Polojachtof, Catrin;;;;
13649;Polster, Bernd;;;;
13650;Polt, Gerhard;;;;
13651;Polt-Heinzl, Evelyne;;;;
13652;Polz, Dana;;;;
13653;Pomej, S.;;;;
13654;Pompowski, Anja;;;;
13655;Ponath, Nina;;;;
13656;Pond, Mark;;;;
13657;Pongratz, Daniela;;;;
13658;Ponlevoy, David Frogier de;;;;
13659;Pons, Brigitte;;;;
13660;Pons, Isabell;;;;
13661;Ponte, Kyro;;;;
13662;Poock, Bettina;;;;
13663;Pooper, Gary;;;;
13664;Pooschke, Hilde;;;;
13665;Pop Traian, Traian;;;;
13666;Pop, Traian;;;;
13667;Popelubu, Nee;;;;
13668;Popiolek, Ebony;;;;
13669;Popova, Galya;;;;
13670;Popovic, Biljana;;;;
13671;Popp, Angela C.;;;;
13672;Popp, Mona-Elena;;;;
13673;Popp, Rainer;;;;
13674;Popp, Steffen;;;;
13675;Poppi, Valentino;;;;
13676;Poppinga, Marjana;;;;
13677;Poretti, Mauro;;;;
13678;Porta, Marcel;;;;
13679;Portarsky, Veso;;;;
13680;Porter, Leann;;;;
13681;Portillo, Regula;;;;
13682;Portman, Rose Lynn;Rose Lynn Portman;weiblich;27;http://teddysdiaries.tumblr.com/
13683;Posch, Julia;;;;
13684;Poschgan, Claudia;;;;
13685;Poschmann, Marion;;;;
13686;Poschner, Emily;;;;
13687;Poschung, Roland P.;;;;
13688;Posmysz, Zofia;;;;
13689;Pospiech, Hartmut;;;;
13690;Posse, Dietmar;;;;
13691;Posselt, Werner;;;;
13692;Post, Uwe;;;;
13693;Poster, Anna Jay;Anna Jay Poster;weiblich;30;
13694;Potente, Franka;;;;
13695;Poth, Chlodwig;;;;
13696;Potkownik, Michael;;;;
13697;Potstawa, Ronja;;;;
13698;Pott, Winnie;;;;
13699;Potter, Beatrix;;;;
13700;Potter, Clara;Clara Potter;weiblich;;
13701;Potter, Jessica;Thalissa;weiblich;;
13702;Potter, Teddy;Teddy04;weiblich;20;
13703;Potulski, Björn;;;;
13704;Powalla, Julia;;;;
13705;Powell, Caroline;;;;
13706;Poznan, Judith;;;;
13707;Pozzan, Rebecca;;;;
13708;Pracht, Hans-Peter;;;;
13709;Pradel, Christian;;;;
13710;Pradella, Rüdiger;;;;
13711;Prahl, Axel;;;;
13712;Prahl, Reinhard;;;;
13713;Prakash-Özer, Selin;;;;
13714;Praml, Christine;;;;
13715;Prammer, Michael;;;;
13716;Prang, Charlotte;;;;
13717;Prantl, Heribert;;;;
13718;Prantner, Robert;;;;
13719;Prassel, Heike;;;;
13720;Pratt, Fletcher;;;;
13721;Praxmayer, Claudia;;;;
13722;Praßl, J.;;;;
13723;Prechtel, Adrian;;;;
13724;Preckel, Gisela;;;;
13725;Prediger, Janine;;;;
13726;Preg, Barbara;;;;
13727;Pregel, Thomas;;;;
13728;Pregesbauer, Helga;;;;
13729;Prehl, Shannon;;;;
13730;Prehsler, Hannah;;;;
13731;Preis, Robert;;;;
13732;Preis, Ulrike;;;;
13733;Preiss, Winfried;;;;
13734;Preissl, Michael;;;;
13735;Preitler, Franz;;;;
13736;Preiwuß, Kerstin;;;;
13737;Preiß, Daniela;;;;
13738;Preiß, Julia;;;;
13739;Preiß, Marcel;;;;
13740;Preiß, Monika;;;;
13741;Prell, Heike;;;;
13742;Prem, Brigitte;;;;
13743;Pren, Ida;;;;
13744;Prenner, Samuel;;;;
13745;Prescher, Sören;;;;
13746;Prescott, Isabel;;;;
13747;Presley, François Maher;;;;
13748;Prestel, Nelia;;;;
13749;Pretzlaff, Bruno;;;;
13750;Preu, Otto;;;;
13751;Preusker, Ralf;;;;
13752;Preuss, Alexander;;;;
13753;Preuß, Werner H.;;;;
13754;Preußler, Helmut;;;;
13755;Preußler, Otfried;;;;
13756;Preußner, Simone;;;;
13757;Pri, Rere;Reree;weiblich;23;
13758;Price, Ethan;;;;
13759;Price, Luca;;;;
13760;Price, Selma;Selma Price;weiblich;;
13761;Pricken, Stephan;;;;
13762;Priddy, Stephan;;;;
13763;Priewe, Wolfgang;;;;
13764;Prigge, Sabine;;;;
13765;Prilop, Sabine;;;;
13766;Prime, Venja;Venja Prime;weiblich;32;
13767;Princess, Ice;ice-princess;weiblich;;
13768;Princess, Naja;Naja Princess;weiblich;;
13769;Prinz von Preußen, Christian;preussischerprinz;männlich;;
13770;Prinz, Andreas;;;;
13771;Prinz, Carola;;;;
13772;Prinz, Christine;;;;
13773;Prinz, J.;;;;
13774;Prinz, Jenny;;;;
13775;Prinz, Martin;;;;
13776;Prinz, Petra;;;;
13777;Prinz, Sara;;;;
13778;Prinz, Walter;;;;
13779;Prizkau, Anna;;;;
13780;Probst, Claus;;;;
13781;Probsthayn, Lou A.;;;;
13782;Prochazka, Werner A.;;;;
13783;Prochnow, Peter;;;;
13784;Profijt, Jutta;;;;
13785;Promnitz, Franns-Wilfried von;;;;
13786;Pronnet, Merle;Merle Holmes;weiblich;32;
13787;Prosa, Max;;;;
13788;Proske, Michael;1972Michy;männlich;52;
13789;Protozoa, Liv;Nachtschwaermer;weiblich;30;
13790;Protz, Jürgen;;;;
13791;Proust, Marcel;;;;
13792;Prout, Mearle;;;;
13793;Prouza, Gisela;;;;
13794;Prowatke, Christa;;;;
13795;Proßowsky, Helmut;;;;
13796;Prudlik, Patrick;VideoGameCrack;männlich;31;
13797;Prugger, Irene;;;;
13798;Pruggmayer, Ronnie;;;;
13799;Pruschmann, Tina;;;;
13800;Przegendza, Billie;;;;
13801;Przigoda, Svenja;;;;
13802;Przyklenk, Josef;;;;
13803;Präauer, Teresa;;;;
13804;Prädel, Ruth;;;;
13805;Präpst, Jerusha;;;;
13806;Prévot, Marius;;;;
13807;Pröbsting, Carl;;;;
13808;Pröll, Juliane;;;;
13809;Prömper, Sonja;;;;
13810;Prüfer, Evelyn;;;;
13811;Prüfer, Jan-Christoph;;;;
13812;Prüger, Heidi;;;;
13813;Puchinger, Johann B.;;;;
13814;Pudlich, Alex;;;;
13815;Pugmire, W. H.;;;;
13816;Puhane, Anja;;;;
13817;Puhlfürst, Claudia;;;;
13818;Pukall, Alexa;;;;
13819;Pukallus, Horst;;;;
13820;Puland, Sara;;;;
13821;Puljic, Madeleine;;;;
13822;Pulkert, Karl Ernst;;;;
13823;Pulletz, Sandra;;;;
13824;Pullwitt, Anja;FayeLefay;weiblich;40;
13825;Puls, Gerd;;;;
13826;Pulsatilla, Ina;;;;
13827;Pulver, Sr., Joseph S.;;;;
13828;Pumhösel, Barbara;;;;
13829;Pump, Matthias;;;;
13830;Pung, Julia;;;;
13831;Punnamparambil, Jose;;;;
13832;Puntigam, Dana;;;;
13833;Puplicks, Dennis;;;;
13834;Puppe, Peter;;;;
13835;Purpus, Laila;;;;
13836;Puschkin, Alexander;;;;
13837;Puschkin, Alexander Sergejewitsch Пушкин, Александр Сергеевич;;;;
13838;Puschmann, Angelika;;;;
13839;Puschner, Valerie;;;;
13840;Puschner, Werner;;;;
13841;Puttkammer, Joachim;;;;
13842;Putz, Tom Jan;;;;
13843;Puzio, Veronika;;;;
13844;Puškin, Aleksandr Sergeevič;;;;
13845;Pyka, Hans-Gerd;;;;
13846;Pyris, Deludis;;;;
13847;Pyris, Pydoctis;;;;
13848;Pátek, Marina;;;;
13849;Pähler, Birgit;;;;
13850;Pätz, Helmut;;;;
13851;Pätz, Irene;;;;
13852;Péporté, Marie;;;;
13853;Pérez Casco, Cecilia;;;;
13854;Pögerl, Hagen A. G.;;;;
13855;Pöhl, Gerd;;;;
13856;Pöhlitz, Sonja;;;;
13857;Pöllath, Josef K.;;;;
13858;Pöllmann, Jenny;;;;
13859;Pöllmann, Renate;;;;
13860;Pölzl, Margot;;;;
13861;Pönnighaus, J. M.;;;;
13862;Pönnighaus, Regina;;;;
13863;Pörschke, Udo;;;;
13864;Pöschl, Walter;;;;
13865;Pötter, Bernhard;;;;
13866;Pötter, Johanna;Joby;weiblich;31;
13867;Pöttschke, Tork;;;;
13868;Pötzsch, Oliver;;;;
13869;Pötzsch, Theres;;;;
13870;Pückler-Muskau, Hermann von;;;;
13871;Püttjer, Kirsten;;;;
13872;Püttmann, Detlef;;;;
13873;Pütz, Christine;;;;
13874;Pütz, Tanja Maria;;;;
13875;Pützer, Anne M.;;;;
13876;Płoszewska, Małgorzata;;;;
13877;Qiang, Du;;;;
13878;Qorin;;;;
13879;Quaderer, Benjamin;;;;
13880;Quadfasel, Jürgen;;;;
13881;Quadflieg, Anne;;;;
13882;Quaiser, Petra;;;;
13883;Quasdorf, Yvonne;;;;
13884;Quasebarth, Gabriele;;;;
13885;Quast, Hartmut;;;;
13886;Quast, Ulrike;;;;
13887;Quasthoff, Michael;;;;
13888;Quay, Michael;;;;
13889;Quednau, Peter;;;;
13890;Queen, K.haos;K-haos Queen;weiblich;27;
13891;Quehenberger-Dobbs, Linda;;;;
13892;Queißer, Wolfgang;;;;
13893;Queri, Georg;;;;
13894;Querüber, Claudia;;;;
13895;Quest, Christina;;;;
13896;Quester-Brüning, Beate;;;;
13897;Quichotte;;;;
13898;Quinke, Sibyl;;;;
13899;Quinkenstein, Lothar;;;;
13900;Quirin, Anne;;;;
13901;R ~<3❤️, R ~<3❤️;Kuchenliebhaberin R;weiblich;;
13902;R. Fanger & Hartmut Fanger, Erna;;;;
13903;R., Antje;;;;
13904;R., Hendrik;Rivale;männlich;29;
13905;R., Josie;Josie writes;weiblich;;
13906;R.A.J.F., Dee;;;;
13907;R.G. Fischer Verlag;;;;
13908;REIBEL, Stefan;;;;
13909;Raab, Eggert;;;;
13910;Raab, Judith-Katja;;;;
13911;Raab, Thomas;;;;
13912;Raabe, Katharina;;;;
13913;Raabe, Ramona;;;;
13914;Raabe, Wilhelm;;;;
13915;Raaber, Rafael;;;;
13916;Raaga;;;;
13917;Raap, Torsten;;;;
13918;Raatz, Elias;;;;
13919;Raaven, C. A.;;;;
13920;Rabak, Freddy Charles;;;;
13921;Rabaza, Sonja Sophia;;;;
13922;Rabczynski, Eveline;;;;
13923;Rabe, Bernhard Wilhelm;;;;
13924;Rabe, Marion;;;;
13925;Rabe, Rudi;;;;
13926;Rabe, Sira;;;;
13927;Rabe, Toni;;;;
13928;Raben, Hans-Jürgen;;;;
13929;Rabengold, Bita;;;;
13930;Rabengut, Natalie;;;;
13931;Rabenstein, Anita;;;;
13932;Rabisch, Birgit;;;;
13933;Rabl, Bruno;;;;
13934;Rabowski, Rainer;;;;
13935;Rach, Ulrich;;;;
13936;Rachel, Martina;;;;
13937;Rachlé, Christian Thomas;;;;
13938;Rachowski, Utz;;;;
13939;RadBourne, Hannah;;;;
13940;Radauer, Harald;;;;
13941;Radeleff, Jannis;;;;
13942;Rademacher, Anne;;;;
13943;Rademacher, Guido;;;;
13944;Rademacher, Miriam;;;;
13945;Raderer, Friederike C.;;;;
13946;Radermacher, Bettina;;;;
13947;Radermacher, Jan;;;;
13948;Radermacher, Kerstin;;;;
13949;Radermacher, Marion;;;;
13950;Radermacher, Norbert;;;;
13951;Radermacher, Regine;;;;
13952;Raderschall, Regina;;;;
13953;Radisch, Torsten;;;;
13954;Radičkov, Jordan;;;;
13955;Radke, Horst-Dieter;;;;
13956;Radke, Sofie;;;;
13957;Radl, Monika;;;;
13958;Radmacher, Horst;;;;
13959;Radoi, Stefan;;;;
13960;Radszuweit, Siegrid;;;;
13961;Radulescu, Anna;;;;
13962;Raff, Gerhard;;;;
13963;Ragger, Gernot;;;;
13964;Raguse, Martina;;;;
13965;Rahlfs, Gerda;;;;
13966;Rahlfs, Winfried;;;;
13967;Rahn, Wolf G.;;;;
13968;Raich, Alexander;;;;
13969;Raich, Marie-Sophie;;;;
13970;Raich, Sarah;;;;
13971;Raich, Tanja;;;;
13972;Raifura, Daniel;;;;
13973;Raile, Jana;;;;
13974;Raillard, Georges;;;;
13975;Raimo, Veronica;;;;
13976;Raimund, Hans;;;;
13977;Raimund, Heidrich;;;;
13978;Rain, Elana;BlueShadow;;;
13979;Rain, Lucy;LucyRain;weiblich;23;
13980;Rainey, Sam;;;;
13981;Rainless, Rei;Reiya Rainless;weiblich;32;http://de.netlog.com/Reiya_Rainless
13982;Rainy, Sam;SamRainy;;30;
13983;Raizner, Sandra;;;;
13984;Rajcsányi, Alexander;;;;
13985;Rajerc, Kessima;Kessima Rajerc;weiblich;;
13986;Rajčić, Dragica;;;;
13987;Rak, Pavel 1939-;;;;
13988;Rakow, Reinhard;;;;
13989;Rakoún, Ulrich;;;;
13990;Rakusa, Ilma;;;;
13991;Ramadan, Jasmin;;;;
13992;Ramagua, Alicia;;;;
13993;Rambach, Grete;;;;
13994;Rambeaud, Katharina;;;;
13995;Rambock, Remí;Nixinator;weiblich;;
13996;Ramin, Anne K.;;;;
13997;Ramirez, Marion-Krista;;;;
13998;Raml, S.;;;;
13999;Raml, Sabine;;;;
14000;Ramlow, Heidi;;;;
14001;Ramm, Jana;;;;
14002;Rammelt, Olaf;;;;
14003;Rammelt-Hadelich, Christine;;;;
14004;Rammer, Georg;;;;
14005;Rammstedt, Tilman;;;;
14006;Ramnek, Hugo;;;;
14007;Ramonde, Alex;;;;
14008;Ramoser, Carmen;;;;
14009;Ramseier, Markus;;;;
14010;Ramtke, Matthias;;;;
14011;Ramírez, Pedro;;;;
14012;Rana, Julia;;;;
14013;Randel, Petra;;;;
14014;Random, Bele;;;;
14015;Randt, Leif;;;;
14016;Ranft, Jan;;;;
14017;Ranft, Thomas;;;;
14018;Ranft-Rehfeldt, Annekatrin;;;;
14019;Rank, Klaudia Gräfin von;;;;
14020;Rank, Klaudia von;;;;
14021;Rankl, Hans;;;;
14022;Rankl, Renate;;;;
14023;Ransmayr, Christoph;;;;
14024;Ranz, Hans-Peter;;;;
14025;Ranzenberger, Henry;;;;
14026;Raouan, Abdessalem;;;;
14027;Raouan, Edith Iman;;;;
14028;Raphael, Eva;;;;
14029;Rapka, Monika;;;;
14030;Rapp, Axel;;;;
14031;Rapp, Claudia;;;;
14032;Rapp, Michael;;;;
14033;Rapp, Sandra;;;;
14034;Rappel, Aenne;;;;
14035;Rasch, Patrick;Talu;männlich;33;
14036;Raschke, Angela;;;;
14037;Raschèr, Martin;;;;
14038;Rasmussen, Lian;;;;
14039;Rasp, Andreas;;;;
14040;Rassmus, Jens;;;;
14041;Rast, Tanja;;;;
14042;Rastl, Albert;;;;
14043;Rat mal, Nadja;Touhou Maniac;weiblich;30;http://touhoumaniac.tumblr.com/
14044;Ratering, Claudia;;;;
14045;Ratering, Leonie;Lelolo;weiblich;29;
14046;Rath, Christina;;;;
14047;Rath, Hermann;;;;
14048;Rath, Theresa;;;;
14049;Ratha, Mary;;;;
14050;Rathenow, Lutz;;;;
14051;Rathjen, Lina;Lin-Soph-Ra;weiblich;25;https://www.patreon.com/LinaRathjen
14052;Rathke, Maximilian;;;;
14053;Rathmann, Miranda;;;;
14054;Rathsfeld, Dr. Elke;;;;
14055;Rathsfeld, Elke;;;;
14056;Ratio, Basil;;;;
14057;Ratsch, Melissa;;;;
14058;Rattay, Helga;;;;
14059;Ratut, Beile;;;;
14060;Ratz, Heinz;;;;
14061;Rau, Alexandra;;;;
14062;Rau, Christoph;;;;
14063;Rau, H.;;;;
14064;Rau, Hannah;;;;
14065;Rau, Klaus-Joachim;;;;
14066;Rau, Nadine;;;;
14067;Rauber, Helmut;;;;
14068;Rauch, Kerstin;;;;
14069;Rauch, Ludwig;;;;
14070;Rauch, Marco A.;;;;
14071;Rauch, Marianne;;;;
14072;Rauch, Prisca;;;;
14073;Rauch, Robert;;;;
14074;Rauchfuß, Marcus;;;;
14075;Raue, Sebastian;;;;
14076;Rauh, Wolfgang;;;;
14077;Rauhe, Leif-Erik;;;;
14078;Rauhut, Ulrike;;;;
14079;Rauner, Astrid;;;;
14080;Raupach, Detlef;;;;
14081;Raus, Santana;;;;
14082;Rausch, Bernd;;;;
14083;Rausch, Frithjof;;;;
14084;Rausch, Regina;;;;
14085;Rausch, Wolf H.;;;;
14086;Rauschmeier, Jan C.;;;;
14087;Rauschtenberger, Dietrich;;;;
14088;Rauskolb, Doris;;;;
14089;Rautenberg, Arne;;;;
14090;Rautenberger, Lilly;;;;
14091;Rautie;;;;
14092;Rautmann, Christian;;;;
14093;Rave, Friederike;;;;
14094;Raven, Achim;;;;
14095;Raven, Bibi;Bibisworld;weiblich;34;
14096;Raven, Caroline;;;;
14097;Raven, Lynn;Lynaria Raven;weiblich;26;
14098;Raven, Mina;Mina Raven;weiblich;23;
14099;Raven, Odine;;;;
14100;Raven, S. H.;;;;
14101;Ravenheart, Lilyana;;;;
14102;Ravenhill, Toushin;Toushin Ravenhill;;;
14103;Ravensberg, Aaron;;;;
14104;Ray, Ramona;felina17;weiblich;29;
14105;Raykowski, Harald;;;;
14106;Razum, Kathrin;;;;
14107;Re., Ann Katharina;;;;
14108;Read, Mary;Bookgirl617;weiblich;;
14109;Reb, Johannes;;;;
14110;Rebaf, C.-A.;;;;
14111;Rebell, Walter;;;;
14112;Reber, Alfred;;;;
14113;Reber, Fred;;;;
14114;Reber, Roland;;;;
14115;Reber, Sabine;;;;
14116;Rebetez, Camille;;;;
14117;Rebi;;;;
14118;Rebitschek, Frank;;;;
14119;Rebner, Robert Christian;;;;
14120;Rech, Jana Damaris;;;;
14121;Reche-Schlichting, Karin;;;;
14122;Rechsteiner, Yves;;;;
14123;Rechsteiner-Willi, Ruth;;;;
14124;Recht, Pia;;;;
14125;Reck, Alexander;;;;
14126;Reckewitz, Marcus;;;;
14127;Reckinger, Gilles;;;;
14128;Recktenwad, Udo;;;;
14129;Rector, Martin;;;;
14130;RedBull, Barbara;RedBull;weiblich;32;
14131;Redacted, Fabian;TheDrunkenCoward;männlich;29;
14132;Redeker, Angela;;;;
14133;Redenius, Hans Tönjes;;;;
14134;Reder, Christian;;;;
14135;Redflower, Jaana;;;;
14136;Redfox, Laya;NejiChan;;29;
14137;Redhead, Anke;;;;
14138;Redheart, Lilly;;;;
14139;Reding, Josef;;;;
14140;Redington, Holly M.;;;;
14141;Redl, Helga;;;;
14142;Redlin, Rolf;;;;
14143;Redlin, Thorsten;;;;
14144;Redmann, Karsten;;;;
14145;Redmann, Kathrina;;;;
14146;Redolfi, Esther;;;;
14147;Redouté, Pierre Joseph;;;;
14148;Redweik, Britta;;;;
14149;Redzich, Marion;;;;
14150;Reed, Dou;Doppelrohrblatt;;;
14151;Reeh, Barbara;;;;
14152;Reeken, Dieter von;;;;
14153;Reemtsma, Jan Philipp;;;;
14154;Reese, Marilya Veteto;;;;
14155;Reese, Ruby Tyler;;;;
14156;Reeve, Kimmy;;;;
14157;Regber, Holger;;;;
14158;Regeha, Susannah;Susannah Regeha;weiblich;;
14159;Regel, Marius G.;;;;
14160;Regen, Sunny;;;;
14161;Regenass, René;;;;
14162;Regier, Ana Maria;Ana Maria Regier;weiblich;28;
14163;Regitz, Brigitte;;;;
14164;Regner, Anke;;;;
14165;Regnery, Thomas;;;;
14166;Rehak, Janika;;;;
14167;Rehbein, Gertrud;;;;
14168;Rehfeld, Damian O.;;;;
14169;Rehlinghaus, Chr.;;;;
14170;Rehm, Jürgen;;;;
14171;Rehm, Sarah;;;;
14172;Rehmann, Horst;;;;
14173;Rehmann, Juliane;;;;
14174;Rehmann, Ruth;;;;
14175;Rehn, Heinz;;;;
14176;Rehra, Isabel;;;;
14177;Rehrmann, Nicole;;;;
14178;Rehschuh, Sandra;;;;
14179;Reich, Marie;;;;
14180;Reich, Markus;;;;
14181;Reich, Michael;;;;
14182;Reich, Mirjam;;;;
14183;Reich, Stephan;Stephan Reich;männlich;;
14184;Reich, Waltraud Sophie;;;;
14185;Reich-Ranicki, Marcel;;;;
14186;Reichard, Geraldine;;;;
14187;Reichard, Holger;;;;
14188;Reichardt, Carlos;;;;
14189;Reichardt, Ellen Felicitas;;;;
14190;Reichardt, Heinz;;;;
14191;Reichart, Andrea;;;;
14192;Reichart, Manuela;;;;
14193;Reiche, Egon;;;;
14194;Reiche, Oliver;;;;
14195;Reichel, Ingeborg;;;;
14196;Reichel, Rebecca;;;;
14197;Reichel, Sabine;;;;
14198;Reichelt, Bettine;;;;
14199;Reichelt, Heiderose;;;;
14200;Reichelt, Herbert;;;;
14201;Reichelt, Joachim;;;;
14202;Reichelt, Jutta;;;;
14203;Reichelt, Rocco;;;;
14204;Reichelt, Tom;;;;
14205;Reichelt, Uwe J. M.;;;;
14206;Reichert, Ananda Dagmar;;;;
14207;Reichert, Andrea;;;;
14208;Reichert, Philipp;;;;
14209;Reichert, Susanne;;;;
14210;Reicherts, Michael;;;;
14211;Reichhardt, Erika;;;;
14212;Reichinger, Ilse;;;;
14213;Reichl, Eva;;;;
14214;Reichl, Veronika;;;;
14215;Reichlin, Marta;;;;
14216;Reichmayr, Michael;;;;
14217;Reicho, Christoph;;;;
14218;Reichow, Denise;;;;
14219;Reick, Walter;;;;
14220;Reicke, Maximilian;;;;
14221;Reidel, Ingrid;;;;
14222;Reider, Katja;;;;
14223;Reifenstahl, Sabine;;;;
14224;Reiff, Isabelle;;;;
14225;Reiff, Lea;;;;
14226;Reike, Jutta;;;;
14227;Reikersdorfer, Carina;;;;
14228;Reiling, Werner;;;;
14229;Reilly, Renee;;;;
14230;Reim, Ulrike M.;;;;
14231;Reimann, Astrid;;;;
14232;Reimann, Christa;;;;
14233;Reimann, Fabian;;;;
14234;Reimann, Jens-Karsten;;;;
14235;Reimann, Lisa Madita;;;;
14236;Reimeier, Karl-Heinz;;;;
14237;Reimer, Astrid;;;;
14238;Reimer, David;;;;
14239;Reimers, Lutz;;;;
14240;Reimers, Yannick;;;;
14241;Reimnitz, Jens;;;;
14242;Rein, Gisela;;;;
14243;Reinartz, Maria;;;;
14244;Reinartz, Marion;;;;
14245;Reinboth, Gudrun;;;;
14246;Reinecke-Altenau, Karl;;;;
14247;Reinecker, Dieter;;;;
14248;Reinecker, Herbert;;;;
14249;Reinecker, Wolfgang;;;;
14250;Reinemann, Dalina;;;;
14251;Reinen, Peter;;;;
14252;Reiner, Matthias;;;;
14253;Reinhard, Conny;;;;
14254;Reinhard, Kurt;;;;
14255;Reinhard, Paola;;;;
14256;Reinhard, Werner;;;;
14257;Reinhardt, André;;;;
14258;Reinhardt, Jörg;;;;
14259;Reinhardt, Klaus;;;;
14260;Reinhardt, Paola;;;;
14261;Reinhold, Ingeborg;;;;
14262;Reinhold, Laura;;;;
14263;Reinhold, Olivia;Reinholdschaft;;;https://twitter.com/reinholdschaft
14264;Reinhold, Peter;;;;
14265;Reinisch, Rainer;;;;
14266;Reinker, Ulrike;;;;
14267;Reinmuth, Titus;;;;
14268;Reinprecht, Marlies;;;;
14269;Reinsch, Peter;;;;
14270;Reinthaler, Doris;;;;
14271;Reinwald, Katja;;;;
14272;Reinéry, Anne;;;;
14273;Reinöhl, Christian;;;;
14274;Reischke, Tim;;;;
14275;Reischl, Roland;;;;
14276;Reischl, Roman;;;;
14277;Reisecker, Franz;;;;
14278;Reiser, Alexander;;;;
14279;Reiser, Susi;surei777;weiblich;;http://www.facebook.com/surei777
14280;Reisinger, Jovana;;;;
14281;Reiss, Maria;;;;
14282;Reister, Juliane;;;;
14283;Reister, Ulrich;;;;
14284;Reitböck, Thomas;;;;
14285;Reitemeier, Jürgen;;;;
14286;Reiter, Anja;;;;
14287;Reiter, Christine;;;;
14288;Reiter, Ewald;;;;
14289;Reiter, Hans;;;;
14290;Reith, Elisabeth;;;;
14291;Reitinger, Gerhard;;;;
14292;Reitmajer, Valentin;;;;
14293;Reitmann, Alexander;;;;
14294;Reitmeier, Edi;;;;
14295;Reitmeier, Henner;;;;
14296;Reitter, Bastian;;;;
14297;Reitz, Catrin;;;;
14298;Reitz, Helmut;;;;
14299;Reitz, Kathrin;;;;
14300;Reizenstein, Ida;;;;
14301;Reiß, Charlie;;;;
14302;Reiß, Marianne;;;;
14303;Reißer, J.;;;;
14304;Reißmann, Carlo;;;;
14305;Rejkiku, Xaylie S. S. A.;XaylieRejkiku;weiblich;26;http://xaylie.hat-gar-keine-homepage.de/
14306;Rejzek, Hanne;;;;
14307;Reker, Henriette;;;;
14308;Rekittke, M.T.;;;;
14309;Relling, Raiko;;;;
14310;Relsch, Reiner;;;;
14311;Relsmaw, Nirak;;;;
14312;Reltir, C.R.;;;;
14313;Remarque, Erich Maria;;;;
14314;Rembe, Minna Maria;;;;
14315;Remmert, Anna;;;;
14316;Remmert, Jonas;;;;
14317;Rempp, Raquel;;;;
14318;Ren, Shiro;Kouha;weiblich;;
14319;Renard, Maurice;;;;
14320;Renata, Bruna;;;;
14321;Renate, Behr;;;;
14322;Rend, Bibi;;;;
14323;Rendel, Sarah Milena;;;;
14324;Renders, Joost;;;;
14325;Rendl, Wolfgang;;;;
14326;Renger, Nikolai;;;;
14327;Rengert, Bernhardt;;;;
14328;Reniers, Annie;;;;
14329;Renk, Anni;;;;
14330;Renk, Tobias;;;;
14331;Renk, Ulrike;;;;
14332;Renn, Lola;;;;
14333;Rennebaum, Wilhelm;;;;
14334;Renneberg (illustration), Daniela;;;;
14335;Renner, Erich;;;;
14336;Renner, Ulrike;;;;
14337;Renner, Ursula;;;;
14338;Renninghaus, Marie;;;;
14339;Rennollet, Pia;;;;
14340;Renoldner, Andreas;;;;
14341;Renoldner, Klemens;;;;
14342;Rensberg-Umbach, Susanne;;;;
14343;Rensmann, Nicole;;;;
14344;Rentz, Andreas;;;;
14345;Reppmann, Der;Der Reppmann;;;
14346;Reppmann-Wörsdörfer, Ursula;;;;
14347;Resch, Gabriele;;;;
14348;Resch, Gottfried Bruno;;;;
14349;Reschen, Claus R. N.;;;;
14350;Reschika, Richard;;;;
14351;Reschke, Gisela;;;;
14352;Reschke, Karin;;;;
14353;Rescue, Robert;;;;
14354;Reseterits, Peter;;;;
14355;Rest, Franco;;;;
14356;Rest-Hartjes, Gisela;;;;
14357;Ret, Stefan;;;;
14358;Rethwisch, Felicitas;;;;
14359;Retter, Kurt;;;;
14360;Retter, Timm;;;;
14361;Retzdorff, Christiane;;;;
14362;Reuber, Maria;;;;
14363;Reuel, Janne;;;;
14364;Reul, Christian;;;;
14365;Reul, Jürgen;;;;
14366;Reul-Kallenberg, Victoria Elisabeth (Vicky);Mirfineth;weiblich;34;https://www.facebook.com/victoria.reulkallenberg
14367;Reupsch, Konstanze;;;;
14368;Reusch, Christa;;;;
14369;Reusser, Silvia;;;;
14370;Reuter, Gisela;;;;
14371;Reuter, Marvin;;;;
14372;Reuter, Matthias;;;;
14373;Reuter, Peter;;;;
14374;Reuter, Uwe;;;;
14375;Reuter, Wolf;;;;
14376;Reuter, Wolfgang;;;;
14377;Reuter-Eck, Inge;;;;
14378;Reuther, Marianne;;;;
14379;Reutterer, Peter;;;;
14380;Reuß, Jule;;;;
14381;Reventlow, Franziska zu;;;;
14382;Revers, Andrea;;;;
14383;Reves, Desdemona;Desdemona Reves;weiblich;23;
14384;Rex, Annabelle;;;;
14385;Rex, Marina;GR1965;weiblich;34;
14386;RexX, Ricarda C.;;;;
14387;Rey, Anton;;;;
14388;Rey, Karl;;;;
14389;Reyer, Sophie;;;;
14390;Reymers, Julia;;;;
14391;Reynolds, Michael;;;;
14392;Rezzori, Gregor von;;;;
14393;Reß, Alessandra;;;;
14394;Rhani, Rosa;;;;
14395;Rhapsody, Bohemian;Bohemian Rhapsody;weiblich;;
14396;Rhein, Norbert;;;;
14397;Rheinhardt, Emil Alphons;;;;
14398;Rhodes, Anna K.;;;;
14399;Rhodes, Suzanne D.;;;;
14400;Rhom, Silvia;;;;
14401;Rhoot, R.;;;;
14402;Ribnitz, Hans Hermann;;;;
14403;Ricard, Kristin;Kristin Ricard;;;
14404;Ricci, Luca;;;;
14405;Rice, Craig;;;;
14406;Rice, Karina;;;;
14407;Richardsen, Ingvild;;;;
14408;Richardson, MAurice;;;;
14409;Richardsøn, Samuel;;;;
14410;Richarz, Marsha;;;;
14411;Richert, Meiko;;;;
14412;Richmond, Justin;Justin;männlich;32;
14413;Richner, Mirjam;;;;
14414;Richter, Adriane;;;;
14415;Richter, Alexander;;;;
14416;Richter, Alexandra;;;;
14417;Richter, Andreas;;;;
14418;Richter, André;;;;
14419;Richter, Anne;;;;
14420;Richter, Caroline;;;;
14421;Richter, Daniel Simon;;;;
14422;Richter, Danny;;;;
14423;Richter, Dieter;;;;
14424;Richter, Florian;;;;
14425;Richter, Gerhard;;;;
14426;Richter, Grit;;;;
14427;Richter, Günther;;;;
14428;Richter, Hans Werner;;;;
14429;Richter, Heinz Willi;;;;
14430;Richter, Ilona;;;;
14431;Richter, Klaus;;;;
14432;Richter, Lena;;;;
14433;Richter, Linde;;;;
14434;Richter, Ludwig;;;;
14435;Richter, Manfred K.;;;;
14436;Richter, Markus;;;;
14437;Richter, Martina;;;;
14438;Richter, Nora;;;;
14439;Richter, Susanne;;;;
14440;Richter, Werner;;;;
14441;Richter-Rauch, Sabine;;;;
14442;Richtzenhain, Jürgen;;;;
14443;Richwood, Josie;;;;
14444;Rick, Karin;;;;
14445;Rickards, J. C.;;;;
14446;Rickelt, Michael;;;;
14447;Rickert, Ralf;;;;
14448;Rickling, Matthias;;;;
14449;Rickmann, Mareike;;;;
14450;Riebe, Harald;;;;
14451;Riebe, Xenia Marita;;;;
14452;Riebel, Ben;;;;
14453;Rieber, Gretel;;;;
14454;Riebl, Gynther;;;;
14455;Riebler, Eva;;;;
14456;Rieck, Heide;;;;
14457;Rieck, Julia Anna;;;;
14458;Ried, Inge;;;;
14459;Riede, Jens;;;;
14460;Riedel, Gerhard;;;;
14461;Riedel, Jessica;;;;
14462;Riedel, Liselotte;;;;
14463;Riedel, Susanne;;;;
14464;Riedelbauch, Günter;griedelbauch;männlich;75;
14465;Riedell, Amelie;;;;
14466;Rieder, Ina;;;;
14467;Rieder, Katharina;;;;
14468;Riederer, Hartmut;;;;
14469;Riederer, Reinhold;;;;
14470;Riedermann, Kai;;;;
14471;Riediger, Günter;;;;
14472;Riedl, Brigitte;;;;
14473;Riedl, Hans;;;;
14474;Riedl, Robert;;;;
14475;Riedl-Valder, Christine;;;;
14476;Riedman, Tara;;;;
14477;Riedmüller, Christopher;;;;
14478;Riedo, Dominik;;;;
14479;Rief-Mohs, Gabriele;;;;
14480;Rieger (Hrsg.), Matthias;;;;
14481;Rieger, Barbara;;;;
14482;Rieger, Christine;;;;
14483;Rieger, Elsa;;;;
14484;Rieger, Engelbert;;;;
14485;Rieger, Gisela;;;;
14486;Rieger, Jolan;;;;
14487;Rieger, Joseph;;;;
14488;Rieger, Mary;;;;
14489;Rieger, Miriam;;;;
14490;Rieger, Patricia;;;;
14491;Rieger, Virginia;;;;
14492;Riegert, Nicole;;;;
14493;Riegg, Harald;;;;
14494;Riehemann, Renate Maria;;;;
14495;Riehl, Susanne;;;;
14496;Riek, Olli;;;;
14497;Rieken, Dieter;;;;
14498;Rieker, Heinrich;;;;
14499;Riemann, Leona;;;;
14500;Riemann, Wolfgang;;;;
14501;Riemensperger, Franziska;;;;
14502;Riepe, Christel;;;;
14503;Riepe, Thomas;;;;
14504;Riera, Pablo;;;;
14505;Ries, Johanna;;;;
14506;Ries, Matthias;;;;
14507;Riescher, Bianca M.;;;;
14508;Riese, Cornelius;;;;
14509;Riese, Gerd;;;;
14510;Riese, Maika de;;;;
14511;Riess, Richard;;;;
14512;Riewe, Wolfgang;;;;
14513;Riexinger, Markus;;;;
14514;Rieß, Martin Josef Felix;;;;
14515;Rieß, Sylvia;;;;
14516;Riff, Gisela;;;;
14517;Riga, Matz;;;;
14518;Rihner, Jasmin, Schneider, Gesa;;;;
14519;Riis, Matt;;;;
14520;Rikken, Helga;;;;
14521;Rilke, Rainer Maria;;;;
14522;Rillox, Gisbert;;;;
14523;Rimpl, Sascha;;;;
14524;Rin, Babsi;Nanashi Rin;weiblich;27;http://nanashi.rin.hat-gar-keine-homepage.de/
14525;Rinaldo, Nina;;;;
14526;Rinck, Monika;;;;
14527;Rindlisbacher, Rene;;;;
14528;Ringelnatz, Joachim;;;;
14529;Ringena, Hanna;;;;
14530;Ringenwald, Jean;;;;
14531;Ringert, Christel;;;;
14532;Ringsgwandl, Georg;;;;
14533;Rink, Jürgen;;;;
14534;Rinke, C. S.;;;;
14535;Rinke, Moritz;;;;
14536;Rinkelsbach, Hans-Ulrich;;;;
14537;Rinner-Blum, Jutta;;;;
14538;Rinnert, Nick;;;;
14539;Rinser, Luise;;;;
14540;Riot, Gina C.;;;;
14541;Ripmavniekajnib, Sträwkcürthcinhcimbierhcshci;Elfenkautz;;;
14542;Ripper, Audrey;AudreyRipper;weiblich;33;
14543;Rische, Matthias;;;;
14544;Rise, Sun;sunrise97;weiblich;;
14545;Risius, Harald H.;;;;
14546;Risse, Dorothee;;;;
14547;Rist, Ulrike;;;;
14548;Ristock, Sidney;;;;
14549;Ritchey, Pamela;;;;
14550;Ritgen, August;;;;
14551;Ritgens, Helena;;;;
14552;Ritschard, Ruedi;;;;
14553;Ritter, Christian;;;;
14554;Ritter, Helma;;;;
14555;Ritter, Kea;;;;
14556;Ritter, Lina;;;;
14557;Ritter, Marie;;;;
14558;Ritter, Marion;;;;
14559;Ritter, Michael;;;;
14560;Ritter, R. P.;;;;
14561;Ritter, Vera;;;;
14562;Ritter, Willi;;;;
14563;Rittig, Kurt;;;;
14564;Ritzel, Ulrich;;;;
14565;Ritzlmayr, Elke;;;;
14566;Rivera, Carmen;;;;
14567;Rivers, Ben;;;;
14568;Rivers, Cleo;;;;
14569;Rivers, Naomi;schwachstelle;;26;
14570;Rixeder, Doris;;;;
14571;Rizy, Helmut;;;;
14572;Rißmann, Hartmut;;;;
14573;Rjasanzew-Sedogin, Gennadij;;;;
14574;Robben, Bernhard;;;;
14575;Robbers, David;;;;
14576;Robbie, Lara;;;;
14577;Roberts, Cole;;;;
14578;Roberts, Ina;;;;
14579;Robinson, Mollie;;;;
14580;Robiné, Ernst-Josef;;;;
14581;Robrahn, Mikkel;;;;
14582;Robrecht, Bettina;;;;
14583;Roche, Horst;;;;
14584;Rochel, Eva;;;;
14585;Rochholz, Marco;;;;
14586;Rochmes, Wolfgang;;;;
14587;Rochner, Winfried;;;;
14588;Rocker, Katja;;;;
14589;Rockstuhl, Harald;;;;
14590;Roda, Roda;;;;
14591;Rodat, Siegfried;;;;
14592;Rode, Caspar Nathaniel;;;;
14593;Rode, Regina;;;;
14594;Rodenberg, Karl;;;;
14595;Rodenburg, Nicole;;;;
14596;Rodenkirchen, Sandra;;;;
14597;Roder, Eva;;;;
14598;Roder, Peter;;;;
14599;Rodgers, Davina;;;;
14600;Roduner, Markus;;;;
14601;Roedel, Rita;;;;
14602;Roedig, Andrea;;;;
14603;Roehrig, Caleb;;;;
14604;Roelle, Aieda;Aieda;weiblich;25;
14605;Roemer, Ellen;;;;
14606;Roesnik, Gordon;;;;
14607;Roessler, Kurt;;;;
14608;Roessner, Andreas;;;;
14609;Roewer, Helmut;;;;
14610;Rogers, Morgan Callan;;;;
14611;Rogers, Uma;;;;
14612;Rogg, Heike Susanne;;;;
14613;Rogge, Jürgen;;;;
14614;Rogge, Nannah;;;;
14615;Roggow, Nadine;;;;
14616;Rogi, Lorenz;;;;
14617;Rogoll, Stefanie;;;;
14618;Rohan, Henry;;;;
14619;Rohde, Marion Anne;;;;
14620;Rohland, Rainer;;;;
14621;Rohlfs, Liselotte;;;;
14622;Rohlinger, Kai;;;;
14623;Rohlmann, David;;;;
14624;Rohloff, Alfred;;;;
14625;Rohm, Guido;;;;
14626;Rohn, Reinhard;;;;
14627;Rohn, Winfried;;;;
14628;Rohner, Viola;;;;
14629;Rohr, Angela;;;;
14630;Rohr, Daniel;;;;
14631;Rohr, Gabi;;;;
14632;Rohrbacher, Beatrix;;;;
14633;Rohrer, Albin;;;;
14634;Rohrer, Jens;;;;
14635;Rohrmann, Uta;;;;
14636;Rohrmoser, Klaus;;;;
14637;Rohse, Rüdiger;;;;
14638;Rohwer-Kahlmann, Renate;;;;
14639;Rois, Silke;;;;
14640;Rojas Forero, Jazmín;;;;
14641;Rojas, Gina;;;;
14642;Rola, Beate;;;;
14643;Roland, Oliver;;;;
14644;Rolfes, Willi;;;;
14645;Rolls, Chris P.;rihaij;weiblich;;https://www.facebook.com/ChrisP.Rolls.rihaij/
14646;Roloff, Hans-Gert;;;;
14647;Roloff, Heike;;;;
14648;Roloff, Jannis;;;;
14649;Roloff, Wolfgang;;;;
14650;Rolsberg, Raimund;;;;
14651;Romahn, Michael;;;;
14652;Roman, Jochem;;;;
14653;Romance, JaiH;JaiH-Romance;weiblich;;
14654;Romance, Killing;;;;
14655;Romanov, Anastasia;Anastasia77;weiblich;28;
14656;Romanowski, Susanne;;;;
14657;Romantini, Nina;;;;
14658;Romara, Rinai;Rinai;weiblich;31;https://rr-rinai-romara.tumblr.com/
14659;Romay, Maris;;;;
14660;Romazanova, Julia;;;;
14661;Romberg, Erich;;;;
14662;Romberger, Ingrid;;;;
14663;Romero de Terreros, Manuel;;;;
14664;Romes, Claudia;;;;
14665;Romey, Detlef;;;;
14666;Rommel, Christoph;;;;
14667;Rommel, Manfred;;;;
14668;Rommel, Manuel;;;;
14669;Ronayn, Naramei;NerdisAlive;weiblich;26;https://twitter.com/Titelmusik
14670;Ronecker, Karl-Heinz;;;;
14671;Ronelli, Gian Carlo;;;;
14672;Ronin, Luka;Lifegamer;;;
14673;Ronja;;;;
14674;Ronneberger, Ralph;;;;
14675;Ronny;;;;
14676;Roos, Birgitta;;;;
14677;Roos, Gerhard;;;;
14678;Roos, Klaus;;;;
14679;Roos, Magda;;;;
14680;Roos, Renate;;;;
14681;Roos, Sandra Anne;;;;
14682;Roosendaal, Melanie van;;;;
14683;Rop, Misan Th.;;;;
14684;Ropel, Edelgard;;;;
14685;Roppe, Sophia;;;;
14686;RosMarin;;;;
14687;Rosa;;;;
14688;Rosado, Andrea;;;;
14689;Rosar, Inge;;;;
14690;Rosarius, Bernd;;;;
14691;Roschal, Slata;;;;
14692;Rosche, Elisabeth;;;;
14693;Roschengran, Christian;;;;
14694;Rose, Elli;;;;
14695;Rose, Gerd-Michael;;;;
14696;Rose, Gudrun;;;;
14697;Rose, Hanna;;;;
14698;Rose, Helene;;;;
14699;Rose, Holly;;;;
14700;Rose, Kaia;;;;
14701;Rose, Kurt;;;;
14702;Rose, Leyla;Leyla Rose;weiblich;;
14703;Rose, Mia;;;;
14704;Rose, Roman;;;;
14705;Rose, Uschi;;;;
14706;Rosegger, Heide;;;;
14707;Rosegger, Hellfried;;;;
14708;Rosegger, Jutta Maria;;;;
14709;Rosegger, Peter;;;;
14710;Rosen, April;;;;
14711;Rosen, Bea;;;;
14712;Rosen, Rita;;;;
14713;Rosenau, Eckhard;;;;
14714;Rosenbach, Anita;;;;
14715;Rosenbaum, Björn;;;;
14716;Rosenbaum, Heike;;;;
14717;Rosenbecker, Lisa;;;;
14718;Rosenberg, Jol;;;;
14719;Rosenberg, Lothar;;;;
14720;Rosenberg, Renate von;;;;
14721;Rosenberg, Ron;;;;
14722;Rosenberg, Ron Robert;;;;
14723;Rosenberger, Annette;;;;
14724;Rosenberger, Christa;;;;
14725;Rosenberger, Eva;;;;
14726;Rosenberger, Sabine;;;;
14727;Rosenbusch, Vera;;;;
14728;Rosendorfer, Herbert;;;;
14729;Rosenfelder, Friederike;;;;
14730;Rosenfelder, Gertrude;;;;
14731;Rosenkind, Celine;;;;
14732;Rosenkranz, Regina;;;;
14733;Rosenlöcher, Thomas;;;;
14734;Rosenmeyer, Maria;;;;
14735;Rosenplenter, Katharina R.;;;;
14736;Rosenplänter, Karin;;;;
14737;Rosenstern, Artur;;;;
14738;Rosenzweig, Werner;;;;
14739;Rosetz, Brigitte;;;;
14740;Roshani, Anuschka;;;;
14741;Rosner, Beate;;;;
14742;Rosner, Dagmar;;;;
14743;Rosok, Anja;;;;
14744;Ross, Lorene;;;;
14745;Rossau, Vivian;;;;
14746;Rossbacher, Claudia;;;;
14747;Rossberg, Cornelia;;;;
14748;Rossi, Barbara;;;;
14749;Rossi, Gabriele;;;;
14750;Rossi, Marie;;;;
14751;Rossignol, Aimée;;;;
14752;Rossié, Michael;;;;
14753;Rossmann, Eva;;;;
14754;Rossol, Ilona;;;;
14755;Rossow, Nadja;La Cryma Christi;weiblich;33;
14756;Rost, Alicia;;;;
14757;Rost, Regine;;;;
14758;Rosteck, Alfred L.;;;;
14759;Rostropowicz, Joanna;;;;
14760;Rot, Erik L.;;;;
14761;Rot, Fabiana;;;;
14762;Rotach, Ingeborg;;;;
14763;Rotenhan, Hans von;;;;
14764;Rotermund, Hartmut O.;;;;
14765;Roters, Connie;;;;
14766;Roth, Alauda;;;;
14767;Roth, Anselm;;;;
14768;Roth, Anton;;;;
14769;Roth, Benedikt;;;;
14770;Roth, Dag;;;;
14771;Roth, Eugen;;;;
14772;Roth, F. E.;;;;
14773;Roth, Gerhard;;;;
14774;Roth, Grete C.;;;;
14775;Roth, H. C.;;;;
14776;Roth, Johann;;;;
14777;Roth, Joseph;;;;
14778;Roth, Jürgen;;;;
14779;Roth, Melitta L.;;;;
14780;Roth, Michael;;;;
14781;Roth, Nadine;;;;
14782;Roth, Natascha;;;;
14783;Roth, Patrick;;;;
14784;Roth, Sybille;;;;
14785;Roth, Thomas;;;;
14786;Roth, Tobias;;;;
14787;Roth, Werner;;;;
14788;Rothaar, Klaus;;;;
14789;Rothe, Hansjörg;;;;
14790;Rothe, Renate;;;;
14791;Rothe, Veronika;;;;
14792;Rotheberger, Christof;;;;
14793;Rothemann, Sabine;;;;
14794;Rothen, Willibald;;;;
14795;Rothengast, Regina;;;;
14796;Rother, Gudrun;;;;
14797;Rother, Paul;;;;
14798;Rother, Ralf;;;;
14799;Rothmann, Ralf;;;;
14800;Rothwein, Josef;;;;
14801;Rothärmel, Katharina;;;;
14802;Rotkehlchen, Dhara;;;;
14803;Rotlinde, Carinus;;;;
14804;Rotta, Linde;;;;
14805;Rottensteiner, Anna;;;;
14806;Rottensteiner, Franz;;;;
14807;Rottler, Wilfried;;;;
14808;Rottmann, Eva;;;;
14809;Rottweil, Lotte;;;;
14810;Roubal, Arwin;thefreneticwriter;männlich;28;
14811;Rouge, Philine;;;;
14812;Rouget, Sebastian Andreas;;;;
14813;Rougui, Helga;;;;
14814;Roussety, Jacqueline;;;;
14815;Rovers, Karl;;;;
14816;Rowin, Albert;;;;
14817;Rowohlt, Harry;;;;
14818;Roy, Erhard;;;;
14819;Royal, Jess;;;;
14820;Royale, Tucké;;;;
14821;Royhs, Robin;;;;
14822;Roß, Andreas;;;;
14823;Roß, Malte;;;;
14824;Roßberg, Georg;;;;
14825;Roßberg, Reiner;;;;
14826;Roßteuscher, Walter;;;;
14827;Roček, Roman;;;;
14828;Rubbert, Joachim;;;;
14829;Ruberg, Frederieke;;;;
14830;Rubico, Thomas;;;;
14831;Rubin, Beatrice;;;;
14832;Rubina, Megija;;;;
14833;Rubiner, Ludwig;;;;
14834;Rubinowitz, Tex;;;;
14835;Rubra, Kristin;;;;
14836;Ruby, Christine;;;;
14837;Ruch, Heinz;;;;
14838;Ruch, Karl-Gustav;;;;
14839;Ruchat, Anna;;;;
14840;Ruckaberle, Axel;;;;
14841;Ruckdäschel, Ulrike;;;;
14842;Ruckpaul, Lea;;;;
14843;Rudd, Clara;;;;
14844;Ruden, Maren;;;;
14845;Rudhart, Blanca-Maria;;;;
14846;Rudin, Viktor;;;;
14847;Rudiš, Jaroslav;;;;
14848;Rudloff-Miglo, Annelise von;;;;
14849;Rudolf, Bodo;;;;
14850;Rudolf, Christa;;;;
14851;Rudolf, Michael;;;;
14852;Rudolph, Alexa;;;;
14853;Rudolph, Friedhelm;;;;
14854;Rudolph, Niels;;;;
14855;Rudolph, Ulrike;;;;
14856;Rudorf, Sonja;;;;
14857;Rudy, Anna;;;;
14858;Rue, Sabrina;Rayleen;weiblich;24;
14859;Ruediger, G. K.;;;;
14860;Ruedinger, Georg;;;;
14861;Ruegenberg, Lukas;;;;
14862;Ruessli, Erica;;;;
14863;Ruether, Roland;;;;
14864;Rueß, Kerstin;;;;
14865;Ruf, Roland E.;;;;
14866;Ruf, Sonja;;;;
14867;Ruffieux, Katinka;;;;
14868;Ruge, Peter;;;;
14869;Ruggero, Angela;;;;
14870;Ruhdorfer, Luise M.;;;;
14871;Ruhk, Thomas A.;;;;
14872;Ruhlender, Charlotte;;;;
14873;Ruhnau, Doris;;;;
14874;Ruhnke, Michael;;;;
14875;Ruhnow, Beate;;;;
14876;Ruhr, Jürgen H.;;;;
14877;Ruile, Grete;;;;
14878;Ruiss, Gerhard;;;;
14879;Ruisz, Roland;;;;
14880;Rukeyser, Muriel;;;;
14881;Rulgrok, Fionn;;;;
14882;Rummel, Mark G.;;;;
14883;Rumohr, Ingeborg von;;;;
14884;Rump, Jonas;;;;
14885;Rumpf, Wilfried B.;;;;
14886;Rumpl, Manfred;;;;
14887;Rumpler, Oskar;;;;
14888;Runge, Doris;;;;
14889;Runge, Sergej;Jax;männlich;33;
14890;Rungger, Nadia;;;;
14891;Runte, Gea;;;;
14892;Runyon, Damon;;;;
14893;Runze, Klaus;;;;
14894;Runzheimer, Fritz;;;;
14895;Ruoff, Axel;;;;
14896;Rupflin, Alexander;;;;
14897;Rupp, Alina;;;;
14898;Rupp, Daniela;;;;
14899;Rupp, Lena;;;;
14900;Rupp, Walter;;;;
14901;Rupp, Willi;;;;
14902;Ruppel, Lars;;;;
14903;Ruppert, Astrid;;;;
14904;Ruppert, Eva;;;;
14905;Ruppert, Helene;;;;
14906;Ruprecht, Maike;;;;
14907;Ruprecht, Rainer Joachim;;;;
14908;Ruscheweyh, Jochen;;;;
14909;Ruschkowski, Klaudia;;;;
14910;Ruske, Lothar;;;;
14911;Russ, Tanja;;;;
14912;Russell, Eric Frank;;;;
14913;Russi, Florian;;;;
14914;Rust, Herbert;;;;
14915;Rust, Jürgen;;;;
14916;Rustler, Robin;Robbi;männlich;29;
14917;Ruszat-Ewig, Heide;;;;
14918;Ruszkowski, Jürgen;;;;
14919;Ruth, Janna;;;;
14920;Ruthe, Reinhold;;;;
14921;Ruthel, Jörg;;;;
14922;Rutherford, Susie;;;;
14923;Rutishauser, Jürg A.;;;;
14924;Rutschmann, Nicolas;;;;
14925;Ruttke, Nina;;;;
14926;Rutz, Irina;;;;
14927;Ruzicka, Hannah;;;;
14928;Ruß, Hans-Dieter;;;;
14929;Ryans, Olivia;Olivia Ryans;weiblich;27;http://spaceship-pirate.tumblr.com/
14930;Rybinski, Anna;;;;
14931;Rylee, Kim;;;;
14932;Ryll, Dirk;;;;
14933;Ryouka, Aki;Runa D Airi;weiblich;22;
14934;Ryu, Kairi;Ryu Kairi;weiblich;24;
14935;Rzymbowski, Hannah;;;;
14936;Rzymbowski, Susanne;;;;
14937;Rácskai, Tibor;;;;
14938;Ráček, Irena;;;;
14939;Ráček, Milan;;;;
14940;Räbiger, Yvonne;;;;
14941;Rädisch, Sabine Eva;;;;
14942;Rätsch, Mathias;;;;
14943;Régnard-Mayer, Caroline;;;;
14944;Rêgo Silva, Tita do;;;;
14945;Rêves, Lilyana;Lilyana Reves;weiblich;;
14946;Röbling, Th.;;;;
14947;Röchter, Franziska;;;;
14948;Röckel, Susanne;;;;
14949;Röckener, Andreas;;;;
14950;Röckenhaus, Kordula;;;;
14951;Röckl, Anette;;;;
14952;Rödel, Dirk-Boris;;;;
14953;Röder, Christiane;;;;
14954;Röder, Petra;;;;
14955;Rödig, Wolfgang;;;;
14956;Röding, Philipp;;;;
14957;Röggla, Kathrin;;;;
14958;Röglin, Eva;;;;
14959;Röhl, Armgard;;;;
14960;Röhlinger, Hanne;;;;
14961;Röhrs, Frauke;;;;
14962;Römer, Brigitta;;;;
14963;Römer, Wilfried;;;;
14964;Römer-Horn, Ortrud;;;;
14965;Römmer, Isaban Sabine;;;;
14966;Rönckendorff, Edda;;;;
14967;Rönisch, Marie-Luis;;;;
14968;Rönnau, Eva;;;;
14969;Rönneper, Joachim;;;;
14970;Rönspies, Saskia;;;;
14971;Röper, Christiane;;;;
14972;Rösch-Brassovan, Jürgen;;;;
14973;Röschl, Bianca;;;;
14974;Röse, Dirk;;;;
14975;Röske, Jörg;;;;
14976;Rösler, Alexander;;;;
14977;Rösler, Gunter;;;;
14978;Rösler, Jessica;;;;
14979;Rösner, Iris;;;;
14980;Rössl, Ingrid;;;;
14981;Röthemeier, Nils;;;;
14982;Röthlisberger, Erich;;;;
14983;Rötting, Gerhard Jan;;;;
14984;Rößger, K. E.;;;;
14985;Rößger, Konrad;;;;
14986;Rößler, Armin;;;;
14987;Rößler, Giacomo;;;;
14988;Rößler, Lysann;;;;
14989;Rübner, Susanne;;;;
14990;Rück, Heribert;;;;
14991;Rücker, Gerd;;;;
14992;Rücker, Helmut;;;;
14993;Rückert, Corinna;;;;
14994;Rückwärts, Vorwärts;Doppelhelix;weiblich;84;
14995;Rüdiger, Renate;;;;
14996;Rüdinger, Elisabeth;;;;
14997;Rüegg, Markus Timo;;;;
14998;Rüesch, Marion;;;;
14999;Rüggeberg, Thordis;;;;
15000;Rühl, Martina;;;;
15001;Rühl, Ulrike;;;;
15002;Rühlmann, Valerie;Dreamlord;weiblich;22;
15003;Rühm, Gerhard;;;;
15004;Rühmann, Christiane;;;;
15005;Rühmkorf, Peter;;;;
15006;Rümmelein, Bernd;;;;
15007;Rümper, Carola;;;;
15008;Rünger, Birgit;;;;
15009;Rüsch, Martin;;;;
15010;Rüster, Susanne;;;;
15011;Rüther, Sonja;;;;
15012;Rüttinger, Charlotte;;;;
15013;S. Gersz, Günte;;;;
15014;S. Sahm, Irmtraut;;;;
15015;S., Anouk;;;;
15016;S., Celine;Celinchen;weiblich;27;
15017;S., Daniel;JeffSkinner;männlich;;
15018;S., Diana;Diddi;weiblich;31;http://gwee.chapso.de/
15019;S., E.;BlueEyes44;weiblich;;
15020;S., Hannah;kleeeeblatt;weiblich;;http://kleeeeblatt.npage.de/
15021;S., Laura;tastentaenzerin;weiblich;28;https://twitter.com/tastentaenzerin
15022;S., Lena;BlackReality;weiblich;27;
15023;S., Michelle;"Kyra96;Guerk";weiblich;"22;27";
15024;S., Qoe;Kate Forster;weiblich;27;
15025;S., Regina;KomischesDing;weiblich;31;
15026;S., Ronja;Lady Noiraile;weiblich;32;http://ladynoiraile.deviantart.com/
15027;S., Tim;RedSquare;männlich;;
15028;S., Tracy;;;;
15029;Saal, Bernd;;;;
15030;Saal, Tina;;;;
15031;Saathoff, Wiebke;;;;
15032;Sabbag, Britta;;;;
15033;Sabel, Rolf D.;;;;
15034;Sabernak, Carmen;;;;
15035;Sabeth, Bridget;;;;
15036;Sabiers, Linda Rachel;;;;
15037;Sabine Frambach, Sabine;;;;
15038;Sabo, Henning;;;;
15039;Sabor, Steve;;;;
15040;Sacharjew, Stefan;;;;
15041;Sachau, Matthias;;;;
15042;Sacher, Manfred;;;;
15043;Sachs, Hinrich;;;;
15044;Sachs, Maike;;;;
15045;Sachse, Jasmin;;;;
15046;Sachse, Silvia;;;;
15047;Sack, Linda;;;;
15048;Sackers-Böhm, Sylvia;;;;
15049;Sackmann, Christoph;;;;
15050;Sacrifice, Saso;SasoSacrifice;;30;
15051;Sadeghi, Ansgar;;;;
15052;Sadegor, Monika;;;;
15053;Sadelkow, Jana Nicola;;;;
15054;Sader, Jörg;;;;
15055;Sadowski, Helga;;;;
15056;Sadowsky, Matthias;;;;
15057;Saeger, Uwe;;;;
15058;Safar, Ursula;;;;
15059;Safier, David;;;;
15060;Saftig, Alexander;;;;
15061;"Sag ich nich ;P, Vivi";Vivi1999;weiblich;;
15062;Sag ich nicht, Mariella;EllaS;weiblich;27;http://ella-got-no-page.jimdo.com/
15063;Sag-ich-nicht, Fee;Fee Serafina;weiblich;31;
15064;Sagenhorn, Michael;;;;
15065;Sager, Lea;;;;
15066;Sager, Peter;;;;
15067;Sager, Sepp;;;;
15068;Sagert, Maria;;;;
15069;Sahagun, Sandy;;;;
15070;Sahl, Hans;;;;
15071;Sahlenbeck, Nadia;;;;
15072;Sahler, Martina;;;;
15073;Sahli, Marc P.;;;;
15074;Sahm, Manfred A.;;;;
15075;Sahne, Soja;Sojasahne;weiblich;17;
15076;Sahr, Josi von;;;;
15077;Said;;;;
15078;Sailer, Andrea;;;;
15079;Sailer, Johanna;;;;
15080;Sailer, Michael;;;;
15081;Sailor, Lara;;;;
15082;Saint, Silvia;;;;
15083;Saint-Exupéry, Antoine de;;;;
15084;Saintmillion, Rachelle;SweetBlackay;weiblich;29;
15085;Sakautzky, Detlev;;;;
15086;Sakheim, Arthur;;;;
15087;Saki;;;;
15088;Sakigami, Markus;SilentSalamander;männlich;31;https://twitter.com/silentsalandit
15089;Saladin, Barbara;;;;
15090;Salber, Linde;;;;
15091;Salcher, Christoph;;;;
15092;Saleina, Thorsten;;;;
15093;Salem, Nathalie;;;;
15094;Salentin, Heide;;;;
15095;Salentin-Träger, Marianne;;;;
15096;Salewski, Frank;;;;
15097;Salfellner, Harald;;;;
15098;Salge, Gisela;;;;
15099;Salich, Tajjib;;;;
15100;Salinger, Hannelore;;;;
15101;Sallinger, Elisabeth;;;;
15102;Sallmann, Salli;;;;
15103;Salmei, Jakub;;;;
15104;Salmen, Christina;;;;
15105;Salmen, Patrick;;;;
15106;Salmon, Kim Katharina;;;;
15107;Salomon, Monika;;;;
15108;Salomon, Peter;;;;
15109;Salow, Diana;;;;
15110;Salten, Felix;;;;
15111;Salvagno, Romy;;;;
15112;Salvarani, Eva;;;;
15113;Salvatore, Gaston;;;;
15114;Salz, Carolin;;;;
15115;Salzer, Elena;;;;
15116;Salzmann, Daniel;;;;
15117;Salzmann, Hartmut;;;;
15118;Salzmann, Stefanie;;;;
15119;Samarkand;;;;
15120;Samek, Rea;;;;
15121;Samel, Ingrid;;;;
15122;Samgiss, Banafsheh;;;;
15123;Samland, Bernd;;;;
15124;Samlinski, Nicole;;;;
15125;Sammer, Jan;;;;
15126;Samokovlija, Isak;;;;
15127;Sampl, Luise;;;;
15128;Sampsounis, Sevastos P.;;;;
15129;Samsa, Gregor;;;;
15130;Samuel, Sarah;;;;
15131;Sanchez, Mia;;;;
15132;Sand, Caro;;;;
15133;Sander, Dina;;;;
15134;Sander, Gregor;;;;
15135;Sander, Heidi;;;;
15136;Sander, Helke;;;;
15137;Sander, Marcel;;;;
15138;Sander, Ralph;;;;
15139;Sander, Rebecca;;;;
15140;Sander, Sarah;SarahSander-Autor;weiblich;37;https://sarah-sander-autorin.jimdosite.com/
15141;Sander, Suntje;;;;
15142;Sander, Ulrich;;;;
15143;Sander, Ulrike-Christine;;;;
15144;Sanders, Evelyn;;;;
15145;Sanders, Jasmine;;;;
15146;Sanders, Maria;;;;
15147;Sandfuchs, Ralf;;;;
15148;Sandfuchs, Wolfgang;;;;
15149;Sandig, Edgar;;;;
15150;Sandig, Sabrina;;;;
15151;Sandig, Ulrike Almut;;;;
15152;Sandmann, Evelyn;;;;
15153;Sandmann, Hans -Georg E.;;;;
15154;Sandmeier, Marina;;;;
15155;Sandmill, George;;;;
15156;Sandtner, Walter;;;;
15157;Sandwhirl, Mio;Feral;weiblich;27;
15158;Sangrigoli, Eva;;;;
15159;Sanguinar, Melanie;;;;
15160;Sanguine, Fierce;Fierce Sanguine;;;https://twitter.com/fierce_sanguine
15161;Sanguinette, Ursel;;;;
15162;Sanjari, Mohammad Shahab;;;;
15163;Sanker, Paul;;;;
15164;Sannwald, Marion;;;;
15165;Santor, Ingeborg;;;;
15166;Santos Diaz, Daylin;;;;
15167;Santos, Sarah;;;;
15168;Santur, Catherine;;;;
15169;Sanyal, Mithu;;;;
15170;Sapper, Agnes;;;;
15171;Sappler, Marz;;;;
15172;Sar, Krysia;;;;
15173;Sarah Ines;;;;
15174;Sarah, Amy;Lilaru;weiblich;;
15175;Sarbacher, Ariela;;;;
15176;Sarbacher, Luana;;;;
15177;Sarbacher, Thomas;;;;
15178;Sarecka, Ilse;;;;
15179;Sarek, Stephan;;;;
15180;Saremba, Bea;;;;
15181;Saremba, Meinhard;;;;
15182;Sargent, Stanley C.;;;;
15183;Sargnagel, Stefanie;;;;
15184;Sargon, Dorothee;;;;
15185;Sargus, F.;;;;
15186;Sargus, Zita;;;;
15187;Sarmanbetow, Aidarbek;;;;
15188;Sarrazin, Susanne;;;;
15189;Sartorius, Joachim;;;;
15190;Sartour, Herta;;;;
15191;Saruwatari, Michiko;Michiko Saruwatari;weiblich;;
15192;Sarıçiçek, Şafak;;;;
15193;Saskia, Madame;;;;
15194;Sasori, S.B.;;;;
15195;Sass, Ludwig;;;;
15196;Sass, Sigurd;;;;
15197;Sasse, Detlef;;;;
15198;Sasse, Miriam;;;;
15199;Sasson, Frédéric;;;;
15200;SasumMiaMoon, Reviewgöttin;Blackfire;weiblich;27;
15201;Satori, Yuna;Saiyuna;weiblich;35;
15202;Satta, Laura;;;;
15203;Sattlegger, Reinhold;;;;
15204;Sattler, Renate;;;;
15205;SatzZeichen;;;;
15206;Sauer, Angelika;;;;
15207;Sauer, Annmarie;;;;
15208;Sauer, Bo;;;;
15209;Sauer, Carsten;;;;
15210;Sauer, Eva;;;;
15211;Sauer, Gerhard;;;;
15212;Sauer, Heike;;;;
15213;Sauer, Mary-Jane;Mary-JaneBibione;weiblich;21;
15214;Sauer, Paul Ludwig;;;;
15215;Sauerbrei, Uwe;;;;
15216;Saunders, Eva;;;;
15217;Saunders, Keira;;;;
15218;Saunders, Siiri;;;;
15219;Sausmikat, Dina;;;;
15220;Sauter, Wolfram Christian;;;;
15221;Sautter, Christiane;;;;
15222;Sauvant, Jochen;;;;
15223;Sauveur, Madeleine;;;;
15224;Savage, Mark;;;;
15225;Saverino, Marie;;;;
15226;Savickaya, Svetlana;;;;
15227;Savran, Anastasia Maria;;;;
15228;Sawall, Tanja;;;;
15229;Sawatsky, Jon;;;;
15230;Sawatzki, Anika;;;;
15231;Sawicz, Martha;;;;
15232;Sawielijew, Frank;;;;
15233;Sawitzky, Karl-Heinz;;;;
15234;Sax, Le Alex;;;;
15235;Saxer, Markus;;;;
15236;Saxx, Sarah;;;;
15237;Saya, Shira;;;;
15238;Sayer, Walle;;;;
15239;Sayo, Mizuki;Annistyle;weiblich;;
15240;Sayoko, Saya;SayaSayoko;weiblich;30;
15241;Sazama, Frank;;;;
15242;Saß, Anne-Christin;;;;
15243;Saß, Rüdiger;;;;
15244;Saße, Günter;;;;
15245;Scamander, Alily;Alily Scamander;weiblich;;
15246;Scamander, Nox;Nox Scamander;weiblich;;
15247;Scanferla, Raffael;;;;
15248;Scapa;;;;
15249;Scarcelli, Susanna G.;;;;
15250;Scavezzon, Boris;;;;
15251;Schaa-Schilbach, Sabine;;;;
15252;Schaad, Isolde;;;;
15253;Schaaf, Jonathan F.;;;;
15254;Schaap, Fritz;;;;
15255;Schaarmann, Werner;;;;
15256;Schaberger, Petra;;;;
15257;Schablewski, Frank;;;;
15258;Schachenhofer, Willibald;;;;
15259;Schachinger, Marlen;;;;
15260;Schachschneider, Ursula;;;;
15261;Schacht, Ulrich;;;;
15262;Schade, Axel;;;;
15263;Schade, Elke;;;;
15264;Schade, Heidi;;;;
15265;Schade, Waltraud;;;;
15266;Schaden, Peter;;;;
15267;Schadendorf, Jens;;;;
15268;Schadt, Tamara;;;;
15269;Schadt, Thomas;;;;
15270;Schaeben, Holger;;;;
15271;Schaefer, Fabian;;;;
15272;Schaefer, Hildegard;;;;
15273;Schaefer, Kristina;;;;
15274;Schaefer, Marianne;;;;
15275;Schaefer, Oda;;;;
15276;Schaefer, Sebastian;;;;
15277;Schaeffer, Joshua Kay;;;;
15278;Schaer, Christine;;;;
15279;Schaffer, Bernhard;;;;
15280;Schafferer, Thomas;;;;
15281;Schaffner, Monika;;;;
15282;Schaffrin, Heike;;;;
15283;Schafranek, Dorothea;;;;
15284;Schaider, Renate;;;;
15285;Schalansky, Judith;;;;
15286;Schalk, Dietmar;;;;
15287;Schalk, Evelyn;;;;
15288;Schalk, Felix Ernst Peter;;;;
15289;Schalk, Gisela;;;;
15290;Schalko, David;;;;
15291;"Schall und Rauch ;), ist doch nur..";HikaruHyuga;weiblich;;
15292;Schall, Rainer;;;;
15293;Schall, Ute;;;;
15294;Schaller, Bernadette;;;;
15295;Schaller, Toni;;;;
15296;Schaller, Werner;;;;
15297;Schalljé, Peter;;;;
15298;Schamberger, Bernd;;;;
15299;Schamberger, Klaus;;;;
15300;Schami, Rafik;;;;
15301;Schanda, Erich;;;;
15302;Schandor, Werner;;;;
15303;Schantin, Gerald;;;;
15304;Schaper, Henning;;;;
15305;Schaper, Jürgen Chr.;;;;
15306;Schaper, Marlies;;;;
15307;Schapiro, Boris;;;;
15308;Scharenberg, Irene;;;;
15309;Scharf, Gabriele;;;;
15310;Scharf, T.;;;;
15311;Scharf, Udo;;;;
15312;Scharfenorth, Ulrich;;;;
15313;Scharff, Gabriela Alexandra;;;;
15314;Scharley, Melanie;;;;
15315;Scharmacher, Benjamin;;;;
15316;Scharmann, Ute;;;;
15317;Scharnbeck, Susanne;;;;
15318;Scharnhorst, Soenke;;;;
15319;Scharona, Valsirion;;;;
15320;Scharp, B.B.;;;;
15321;Scharp, Elisabeth;;;;
15322;Scharrelmann, Wilhelm;;;;
15323;Schartner, Christian;;;;
15324;Schattauer, Corinna;;;;
15325;Schattauer, Stephanie;;;;
15326;Schatte, Hartmut;;;;
15327;Schattschneider, Peter;;;;
15328;Schatz, Andrea;;;;
15329;Schatz, Maximilian;;;;
15330;Schatzdorfer, Gernot;;;;
15331;Schaub, Christian K.;;;;
15332;Schaub, Sebastian;;;;
15333;Schaub, Urs;;;;
15334;Schaube, Sophie;;;;
15335;Schaude, Friedrich;;;;
15336;Schaudt, Esther;;;;
15337;Schauermann, Tomas;;;;
15338;Schaufler, Kai;;;;
15339;Schaum, Kerstin;;;;
15340;Schaumann, Ursula;;;;
15341;Schaumann-Eickstädt, Marga;;;;
15342;Schaup, Daniel;;;;
15343;Schawerda, Elisabeth;;;;
15344;Schebach, Harald;;;;
15345;Schech, Kaspar Eduard;;;;
15346;Scheck, Frank Rainer;;;;
15347;Scheck, Kathrin;;;;
15348;Schedel, Susanne;;;;
15349;Scheel, Robert;;;;
15350;Scheele, Marlies;;;;
15351;Scheer, Marion;;;;
15352;Scheer, Robert;;;;
15353;Scheer, W.;;;;
15354;Scheerbart, Paul;;;;
15355;Scheerer, Heiner;;;;
15356;Scheffel, Annika;;;;
15357;Scheffel, Michael;;;;
15358;Scheffen, Diana-Isabell;;;;
15359;Scheffler, Andreas;;;;
15360;Scheffler, Ethel;;;;
15361;Scheffler, Hermann;;;;
15362;Schefner, Maria;;;;
15363;Schefold, Fabian;;;;
15364;Schefold, Monica;;;;
15365;Scheib, Asta;;;;
15366;Scheib, Torsten;;;;
15367;Scheibel, Paul;;;;
15368;Scheich, Liesel;;;;
15369;Scheidegger, Désirée;;;;
15370;Scheiderer, Claudia;;;;
15371;Scheidgen, Ilka;;;;
15372;Scheidig, Annerose;;;;
15373;Scheidig, Dieter;;;;
15374;Scheidl, Thomas;;;;
15375;Scheifele, Nicola;;;;
15376;Schein, Reinhold;;;;
15377;Schejok, Alexandra;;;;
15378;Schelcher, Sofie;;;;
15379;Schell, Gregor;;;;
15380;Schellbach, Miryam;;;;
15381;Schelle, Heinz;;;;
15382;Schellenbach, Nina;;;;
15383;Schellenberg, Runa;;;;
15384;Schellenberger, Erika;;;;
15385;Scheller, Gesche;;;;
15386;Schellong, Jasmin;;;;
15387;Schelzig, Anne;;;;
15388;Schemm, Dieter;;;;
15389;Schenck, Toge;;;;
15390;Schenk, Amélie;;;;
15391;Schenk, Corinna;;;;
15392;Schenk, Cornelia;;;;
15393;Schenk, Isabel;;;;
15394;Schenk, Tatjana Jule;;;;
15395;Schenkel, Daniel;;;;
15396;Schenkelberger, Joshua;;;;
15397;Schenker, Brigitte;;;;
15398;Schenning, Scarlett N.C.;;;;
15399;Scherber, Peter;;;;
15400;Scherer, Barbara;;;;
15401;Scherer, Heinz-Josef;;;;
15402;Scherer, Johannes P.;;;;
15403;Scherer, Joshua;;;;
15404;Scherer, Judith;;;;
15405;Scherer, Klaus;;;;
15406;Scherer, Madeleine;;;;
15407;Scherer, Marie-Luise;;;;
15408;Scherer, Mathias;;;;
15409;Scherer, Octavia;;;;
15410;Scherf, Gertrud;;;;
15411;Scherf, Hans W.;;;;
15412;Scherf, Henning;;;;
15413;Scherm, Gerd;;;;
15414;Scherne, Timo;;;;
15415;Schernthaner, Ethelrita;;;;
15416;Schernthanner, Hannes;;;;
15417;Schernthanner, Jessica;;;;
15418;Scherrer, Ruth;;;;
15419;Scherschel-Peters, Susann;;;;
15420;Schertler, Irmgard;;;;
15421;"Scherz! Account gehackt, Na Luna natürlich ;)";Luna Somnium;weiblich;;
15422;Scherz, Ronja;;;;
15423;Scherzer, Andre;;;;
15424;Scherzinger, Barbara;;;;
15425;Schestkow, Igor;;;;
15426;Scheuermann, Petra;;;;
15427;Scheuermann, Silke;;;;
15428;Scheufler, Lutz;;;;
15429;Scheunemann, Egbert;;;;
15430;Scheungrab, Inge;;;;
15431;Scheurl-Defersdorf, Helmut;;;;
15432;Scheurlen, Traudel;;;;
15433;Schewe, Svea-Susann;;;;
15434;Schiansky, Renate;;;;
15435;Schibberges, Antonia Sophia;;;;
15436;Schibli, Barbara;;;;
15437;Schick, Nina;;;;
15438;Schickedanz, Stefan;;;;
15439;Schickele, René;;;;
15440;Schieble, Susanne;;;;
15441;Schiebler, Philipp;;;;
15442;Schieck, Raika;;;;
15443;Schiedel, Karlheinz;;;;
15444;Schiefer, Bernadette;;;;
15445;Schieke, Jörg;;;;
15446;Schiekel, Anne;;;;
15447;Schiele, Bernd;;;;
15448;Schiemann, Philipp;;;;
15449;Schiener, Petra Anna;;;;
15450;Schierding, Tanja;;;;
15451;Schiesel, Juliane;;;;
15452;Schießler, Rainer Maria;;;;
15453;Schiferli, Victor;;;;
15454;Schiff, Julia;;;;
15455;Schiffer, Lieselotte;;;;
15456;Schiffner, Ljubov;;;;
15457;Schiffner, Sabine;;;;
15458;Schiffner-Backhaus, Simone;;;;
15459;Schilasky, Sabine;;;;
15460;Schild, Walter;;;;
15461;Schildberger, Rainer;;;;
15462;Schildgen, Sabine;;;;
15463;Schilf, Martha;;;;
15464;Schilina, Wera;;;;
15465;Schilinski, Claudia;;;;
15466;Schilke, Kristina;;;;
15467;Schilken-Raulf, Andrea;;;;
15468;Schille, Claudia;;;;
15469;Schiller, Francis von;;;;
15470;Schiller, Friedrich;;;;
15471;Schiller, Martin;;;;
15472;Schiller, Nadja;;;;
15473;Schiller-Rall, Martina;;;;
15474;Schilling, Dietrich;;;;
15475;Schilling, Lieselotte;;;;
15476;Schilling, Nico;Ocin7;männlich;;
15477;Schilling, Rolf;;;;
15478;Schilling, Siegfried;;;;
15479;Schilling-Küng, Elisabeth;;;;
15480;Schillinger, Eva-Maria;;;;
15481;Schillinger, Monika;;;;
15482;Schillinger, Wolf;;;;
15483;Schimmang, Jochen;;;;
15484;Schimmel, Kerstin;;;;
15485;Schimmel, Knut;;;;
15486;Schimmel, Nina;;;;
15487;Schimmel, Wolfgang;;;;
15488;Schimmerohn, Maria;;;;
15489;Schimmeyer, Katrin;;;;
15490;Schimscha, Ute;;;;
15491;Schimunek, Uwe;;;;
15492;Schinagl, Martin;;;;
15493;Schindelar-Böhm, Agnes;;;;
15494;Schindele, Edwin;;;;
15495;Schindler, Mara;;;;
15496;Schindler, Sonja;;;;
15497;Schindler, Winfried;;;;
15498;Schineis, Regine;;;;
15499;Schinkel, André;;;;
15500;Schinko, Barbara;;;;
15501;Schinnerl, Nora;;;;
15502;Schinschek, Ingrid;;;;
15503;Schinwald, Wolfgang;;;;
15504;Schipper, Anneke;;;;
15505;Schipper, Gisela;;;;
15506;Schipper, Tilmann;;;;
15507;Schipping, Hans-Georg;;;;
15508;Schirach, Ferdinand von;;;;
15509;Schirmer, Bernd;;;;
15510;Schirmer, Michael;;;;
15511;Schirmer, Thomas;;;;
15512;Schirra, Julia;;;;
15513;Schirrow, Detlef;;;;
15514;Schittko, Clemens;;;;
15515;Schlachetka, Werner;;;;
15516;Schlachter, Anke;;;;
15517;Schlachter, Matthias;;;;
15518;Schlachter, Thomas;;;;
15519;Schlaffer, Hannelore;;;;
15520;Schlag mich nicht, Melanie-Mellow;Mellow;weiblich;32;
15521;Schlag, Evelyn;;;;
15522;Schlatter, Dietmar;;;;
15523;Schlatter, Ralf;;;;
15524;Schlattner, Eginald;;;;
15525;Schlauch, Hans-Jürgen;;;;
15526;Schleburg, Florian;;;;
15527;Schlegel, Daniel;;;;
15528;Schlegel, Jan;J-Psyko;männlich;36;
15529;Schlegel, Siegfried;;;;
15530;Schlegel, Tina;;;;
15531;Schlegel, Werner;;;;
15532;Schlegl, Sonja;;;;
15533;Schleheck, Regina;;;;
15534;Schleich, Elke;;;;
15535;Schleiner-Tietze, Ursula;;;;
15536;Schlembach, Mario;;;;
15537;Schlemmer, Cornelia;;;;
15538;Schlensker, Matthias;;;;
15539;Schlenstedt, Silvia;;;;
15540;Schlenzig, Christiane;;;;
15541;Schlepütz, Judith;;;;
15542;Schlesinger, Klaus;;;;
15543;Schlewitz, Herm.;;;;
15544;Schley, Fridolin;;;;
15545;Schley, Renate;;;;
15546;Schleyer, Erich;;;;
15547;Schlicher, Rolf;;;;
15548;Schlicht, Chris;;;;
15549;Schlicht, Christine;;;;
15550;Schlick, Matthias;;;;
15551;Schlick, Oliver;;;;
15552;Schlicksupp, Martin;;;;
15553;Schlieder, Harald;;;;
15554;Schliedermann, Frank;;;;
15555;Schliekau, Michael;;;;
15556;Schlierbach, Albert;;;;
15557;Schließer, Johanna;;;;
15558;Schlimme, Lorenz;;;;
15559;Schlimpen, Anna;;;;
15560;Schlink, Bernhard;;;;
15561;Schlinkert, Barbara;;;;
15562;Schlitt, Gertraude;;;;
15563;Schloendorff, Rita;;;;
15564;Schloss, Anna;;;;
15565;Schlosser, Frank Georg;;;;
15566;Schlosser, Johanna;;;;
15567;Schlosser, Tobias;;;;
15568;Schlosser, Wendelin;;;;
15569;Schlott, Wolfgang;;;;
15570;Schlover, Micha von;;;;
15571;Schloyer, Christian;;;;
15572;Schloßmacher, Christa;;;;
15573;Schlueter, Hughes;;;;
15574;Schlumberger, Kai;;;;
15575;Schlumpf, Elisabeth;;;;
15576;Schläger, Bianca;;;;
15577;Schlämmer, Jürgen;;;;
15578;Schlögl, Manuel;;;;
15579;Schlör, Irene;;;;
15580;Schlösser, Aikaterini Maria;;;;
15581;Schlüpfer, Rosa;Yokai-Otaku;;97;http://yokaiotaku.deviantart.com/
15582;Schlüter, Ferdinand;;;;
15583;Schlüter, Sascha;;;;
15584;Schlüßler, Kathrin;;;;
15585;Schmahl, Ingrid;;;;
15586;Schmale, Thomas;;;;
15587;Schmalwieser, Susanne Sophie;;;;
15588;Schmalz, Ferdinand;;;;
15589;Schmaus, Josef;;;;
15590;Schmeda, Astrid;;;;
15591;Schmedes, Johannes;;;;
15592;Schmeling, Andreas;;;;
15593;Schmeller, Rina;;;;
15594;Schmetzstorff, Andreas;;;;
15595;Schmeußer, Sabrina;;;;
15596;Schmid, Anton;;;;
15597;Schmid, Armin;;;;
15598;Schmid, Bernhard;;;;
15599;Schmid, Christian;;;;
15600;Schmid, Christine;;;;
15601;Schmid, Claudia;;;;
15602;Schmid, Eliane;;;;
15603;Schmid, Franciska;;;;
15604;Schmid, Gabi;;;;
15605;Schmid, Johannes;;;;
15606;Schmid, Jürgen;;;;
15607;Schmid, Kornelia;;;;
15608;Schmid, Lothar;;;;
15609;Schmid, Markus L.;;;;
15610;Schmid, Nicole;;;;
15611;Schmid, Niklaus;;;;
15612;Schmid, Nina;;;;
15613;Schmid, Reyhan;;;;
15614;Schmid, Robert M.;;;;
15615;Schmid, Stefan;;;;
15616;Schmid, Susanne;;;;
15617;Schmid, Tobias;;;;
15618;Schmid, Ulla;;;;
15619;Schmid, Wieland;;;;
15620;Schmid, Willi;;;;
15621;Schmid-Gugler, Brigitte;;;;
15622;Schmid-Leuz, Barbara;;;;
15623;Schmid-Spreer, Ursula;;;;
15624;Schmid-Wermser, Isolde;;;;
15625;Schmidauer, Günter;;;;
15626;Schmidhofer, Ernst;;;;
15627;Schmidinger, Gerd;;;;
15628;Schmidjell, Christine;;;;
15629;Schmidjell, Richard;;;;
15630;Schmidt, A:S:;;;;
15631;Schmidt, Akono;;;;
15632;Schmidt, Alexander;;;;
15633;Schmidt, Alfred Paul;;;;
15634;Schmidt, Andreas;;;;
15635;Schmidt, Armin;;;;
15636;Schmidt, Arno;;;;
15637;Schmidt, Babetta;;;;
15638;Schmidt, Beate;;;;
15639;Schmidt, Benjamin;;;;
15640;Schmidt, Birgit;;;;
15641;Schmidt, Birgit E.;;;;
15642;Schmidt, Brigitte;;;;
15643;Schmidt, Carina;;;;
15644;Schmidt, Carsten;;;;
15645;Schmidt, Christian;;;;
15646;Schmidt, Christian W.;;;;
15647;Schmidt, Christina;;;;
15648;Schmidt, Conrad;sarah lover;männlich;25;
15649;Schmidt, David Nikolas;;;;
15650;Schmidt, Denise;CreativeMonstah;weiblich;26;
15651;Schmidt, Dörte;;;;
15652;Schmidt, E. S.;;;;
15653;Schmidt, Eckhart;;;;
15654;Schmidt, Emilie;;;;
15655;Schmidt, Esther;;;;
15656;Schmidt, Eva;;;;
15657;Schmidt, Falk;;;;
15658;Schmidt, Gabriel;;;;
15659;Schmidt, Gerhard;;;;
15660;Schmidt, Gisela;;;;
15661;Schmidt, Heike U.;;;;
15662;Schmidt, Hellmut;;;;
15663;Schmidt, Helmut K.;;;;
15664;Schmidt, Hermann Polo;;;;
15665;Schmidt, Inka G.;;;;
15666;Schmidt, Iris;;;;
15667;Schmidt, Jakob;;;;
15668;Schmidt, Jan;;;;
15669;Schmidt, Jochen;;;;
15670;Schmidt, Julie;;;;
15671;Schmidt, Karl-Heinz;;;;
15672;Schmidt, Karla;;;;
15673;Schmidt, Kathrin;;;;
15674;Schmidt, Katja;;;;
15675;Schmidt, Kerstin;;;;
15676;Schmidt, Klaus Tiberius;;;;
15677;Schmidt, Kristina;;;;
15678;Schmidt, Lena-Adelheid;;;;
15679;Schmidt, Libuše;;;;
15680;Schmidt, Lisa;;;;
15681;Schmidt, Lisbeth;;;;
15682;Schmidt, Lothar;;;;
15683;Schmidt, Maike;;;;
15684;Schmidt, Manfred;;;;
15685;Schmidt, Manfred C.;;;;
15686;Schmidt, Manfred H.;;;;
15687;Schmidt, Mannfred;;;;
15688;Schmidt, Marianne;;;;
15689;Schmidt, Marion S.;;;;
15690;Schmidt, Matthias;;;;
15691;Schmidt, Maximilian;;;;
15692;Schmidt, Michael;;;;
15693;Schmidt, Michelle;shelly610;weiblich;25;
15694;Schmidt, Norbert;;;;
15695;Schmidt, Otto Anton;;;;
15696;Schmidt, Petra;;;;
15697;Schmidt, Philipp;;;;
15698;Schmidt, Robert;;;;
15699;Schmidt, Rosemai M.;;;;
15700;Schmidt, Ruth;;;;
15701;Schmidt, Sarah;;;;
15702;Schmidt, Siegfried;;;;
15703;Schmidt, Siegfried R.;;;;
15704;Schmidt, Sigrid;;;;
15705;Schmidt, Simon;;;;
15706;Schmidt, Taddeus;;;;
15707;Schmidt, Theda;;;;
15708;Schmidt, Thomas;;;;
15709;Schmidt, Thorsten;;;;
15710;Schmidt, Traudel;;;;
15711;Schmidt, Ulrike;;;;
15712;Schmidt, Winfried;;;;
15713;Schmidt, Wolf-Jakob;;;;
15714;Schmidt, Wolfgang;;;;
15715;Schmidt, Yannick;;;;
15716;Schmidt-Bergmann, Hansgeorg;;;;
15717;Schmidt-Dengler, Wendelin;;;;
15718;Schmidt-Hoffmann, Hannelore;;;;
15719;Schmidt-Kallert, Einhard;;;;
15720;Schmidt-Lenhard, Uschi;;;;
15721;Schmidt-Reins, Hildegard;;;;
15722;Schmidt-Schell, Erich;;;;
15723;Schmidt-Spreer, Ursula;;;;
15724;Schmidt-Theilig, Frauke;;;;
15725;Schmidt-Walther, Rosemarie;;;;
15726;Schmidtke, Christina;;;;
15727;Schmidtke, Silke;;;;
15728;Schmied, Erhard;;;;
15729;Schmied, Joon;;;;
15730;Schmied, Ulrike;;;;
15731;Schmiedel, Erwin;;;;
15732;Schmieder, Arnold;;;;
15733;Schmieder, Eckhard;;;;
15734;Schmieder, Nicole;;;;
15735;Schmieder, Sylvia;;;;
15736;Schmiedtke, Marion;;;;
15737;Schmit, Carmen;;;;
15738;Schmit, Elise;;;;
15739;Schmit, Paul;;;;
15740;Schmit, Yorick;;;;
15741;Schmithals, Derk;;;;
15742;Schmitt Scheubel, Robert;;;;
15743;Schmitt, Alfred Ernst;;;;
15744;Schmitt, Anton;;;;
15745;Schmitt, Bernd;;;;
15746;Schmitt, Carsten;;;;
15747;Schmitt, Christina Marie;;;;
15748;Schmitt, Claudia;;;;
15749;Schmitt, Joachim;;;;
15750;Schmitt, Luca;;;;
15751;Schmitt, Marion;;;;
15752;Schmitt, Peter;;;;
15753;Schmitt, Sonja;;;;
15754;Schmitt, Willi;;;;
15755;Schmitt-Egner, Isabell;;;;
15756;Schmitter, Frank;;;;
15757;Schmitz, Ann-Bettina;;;;
15758;Schmitz, Anne;;;;
15759;Schmitz, Claudia;;;;
15760;Schmitz, Doris;;;;
15761;Schmitz, Ingrid;;;;
15762;Schmitz, James H.;;;;
15763;Schmitz, Jasmin;;;;
15764;Schmitz, Kira;;;;
15765;Schmitz, Kurt;;;;
15766;Schmitz, Linda;;;;
15767;Schmitz, M.-Guido;;;;
15768;Schmitz, Mara;;;;
15769;Schmitz, Maria;;;;
15770;Schmitz, Michaela Alexandra;;;;
15771;Schmitz, Oscar A. H.;;;;
15772;Schmitz, Oscar Adolf Hermann;;;;
15773;Schmitz, Rainer;;;;
15774;Schmitz, Regina K.;;;;
15775;Schmitz, Sabine;;;;
15776;Schmitz, Ulli;;;;
15777;Schmitz, Valentin;;;;
15778;Schmitz, Victoria;Violash00;weiblich;24;
15779;Schmitz, Walter;;;;
15780;Schmitz, Werner;;;;
15781;Schmitz-Major, Linda;;;;
15782;Schmitz-Scholemann, Christoph;;;;
15783;Schmitzer, Stefan;;;;
15784;Schmolke, Sven;;;;
15785;Schmucke, Anne;;;;
15786;Schmutz, Dominik;Gagelhagel;männlich;32;
15787;Schmutzler, Marcel;;;;
15788;Schmutzler, Sigrid;;;;
15789;Schmölders, Claudia;;;;
15790;Schmölz, Sofia;;;;
15791;Schmölzer, August;;;;
15792;Schmölzl, Ellen;;;;
15793;Schmölzl, Lydia;;;;
15794;Schmülling, Ludwig;;;;
15795;Schnabel, Ernst;;;;
15796;Schnabel, Ernst Rudi;;;;
15797;Schnabel, Sigune;;;;
15798;Schnabl, Amber;;;;
15799;Schnabl, Antje Eva;;;;
15800;Schnaibel, Herbert;;;;
15801;Schnatmeyer, Susanne;;;;
15802;Schnatz, Isabella;;;;
15803;Schnatz, Paulo;;;;
15804;Schneeberg, Erica-Laurence;;;;
15805;Schneider;;;;
15806;Schneider, Adrienne;;;;
15807;Schneider, Alma-Marie;AlmaMarieSchneider;weiblich;71;
15808;Schneider, Andrea;;;;
15809;Schneider, Annika;;;;
15810;Schneider, Barbara;;;;
15811;Schneider, Bernward;;;;
15812;Schneider, Bettina;;;;
15813;Schneider, Bettina Marie;;;;
15814;Schneider, Boris;;;;
15815;Schneider, Bärbel;;;;
15816;Schneider, Bérénice;;;;
15817;Schneider, Christel;;;;
15818;Schneider, Christian;;;;
15819;Schneider, Christine;;;;
15820;Schneider, Claus Dieter;;;;
15821;Schneider, Cornelia;;;;
15822;Schneider, Cosima;;;;
15823;Schneider, Dr., Boris;;;;
15824;Schneider, Elfi;;;;
15825;Schneider, Eric;;;;
15826;Schneider, Florian;;;;
15827;Schneider, Friedrich Wilhelm;;;;
15828;Schneider, Gabriele;;;;
15829;Schneider, Gesa;;;;
15830;Schneider, Günter;;;;
15831;Schneider, Hans-Peter;;;;
15832;Schneider, Hans-Ruedi;;;;
15833;Schneider, Hans-Ulrich;;;;
15834;Schneider, Hansjörg;;;;
15835;Schneider, Hasko;;;;
15836;Schneider, Helge;;;;
15837;Schneider, Helmut;;;;
15838;Schneider, Herbert;;;;
15839;Schneider, Jenny;;;;
15840;Schneider, Johanna;;;;
15841;Schneider, Jos;;;;
15842;Schneider, Karin;;;;
15843;Schneider, Kirsten;;;;
15844;Schneider, Linnea;;;;
15845;Schneider, Marco;;;;
15846;Schneider, Mareike;;;;
15847;Schneider, Maria;;;;
15848;Schneider, Mario;;;;
15849;Schneider, Marion;;;;
15850;Schneider, Martina;;;;
15851;Schneider, Mechthild;;;;
15852;Schneider, Melanie;;;;
15853;Schneider, Nikto;Akanne;weiblich;;
15854;Schneider, Norma;;;;
15855;Schneider, Peter;;;;
15856;Schneider, Pierre;;;;
15857;Schneider, Rolf;;;;
15858;Schneider, Sandra;Hime-san;;32;
15859;Schneider, Silvana Elisabeth;;;;
15860;Schneider, Sina;;;;
15861;Schneider, Stefan;;;;
15862;Schneider, Stephanie;;;;
15863;Schneider, Tanja;;;;
15864;Schneider, Thomas F.;;;;
15865;Schneider, Uwe;;;;
15866;Schneider-Siepe, Mona;;;;
15867;Schneiderwind, Ursula;;;;
15868;Schneidewind, Friedhelm;;;;
15869;Schneiter, Marco;;;;
15870;Schneiter, Sarah L. R.;;;;
15871;Schneitter, Elias;;;;
15872;Schnell, Andreas;;;;
15873;Schnell, Elisabeth;;;;
15874;Schnell, Marie;;;;
15875;Schnell, Robert W.;;;;
15876;Schnell, Ute;;;;
15877;SchnelleWelten;;;;
15878;Schnellmann, Ernst;;;;
15879;Schnepel, Rosemarie;;;;
15880;Schnepf, Peter;;;;
15881;Schnetzke, Nicole;;;;
15882;Schnetzler, Kaspar;;;;
15883;Schneuwly, Karin;;;;
15884;Schneyder, Werner;;;;
15885;Schniebs, Eike;;;;
15886;Schnierle-Lutz, Herbert;;;;
15887;Schnitzer, Manuel;;;;
15888;Schnitzler, Arthur;;;;
15889;Schnitzler, Manfred;;;;
15890;Schnitzler-Wöller, Monika;;;;
15891;Schnoesel, Thaddaeus;thaddaeus-schnoesel;männlich;34;
15892;Schnoor, Udo;;;;
15893;Schnurbusch, Andreas;;;;
15894;Schnurr, Otmar;;;;
15895;Schnurre, Marina;;;;
15896;Schnurre, Wolfdietrich;;;;
15897;Scho, Angelika;;;;
15898;Schober, Inge;;;;
15899;Schobesberger, Edith;;;;
15900;Schoch, Fritz;;;;
15901;Schoch, Julia;;;;
15902;Schoch, Susan;;;;
15903;Schock, Ralph;;;;
15904;Schoeck, Georg;;;;
15905;Schoell, Iris;;;;
15906;Schoeller, Wilfried F.;;;;
15907;Schoenaker, Julitta;;;;
15908;Schoene, Petra Donata;;;;
15909;Schoenen, Peter;;;;
15910;Schoenle, Annemarie;;;;
15911;Schoepfer, Peter;;;;
15912;Schoknecht, Martha;;;;
15913;Schokodestroyer, Bekki;Matt Schoki Mello;weiblich;;
15914;Schol, Nicole;;;;
15915;Scholl, Susanne;;;;
15916;Schollenberger, Oliver;;;;
15917;Scholmanns, Wolfgang;;;;
15918;Scholz, Aleks;;;;
15919;Scholz, Alexander;;;;
15920;Scholz, Angelika;;;;
15921;Scholz, Arno;;;;
15922;Scholz, Bodo;;;;
15923;Scholz, Christa;;;;
15924;Scholz, Dietmar;;;;
15925;Scholz, Domarie;;;;
15926;Scholz, Doris Maria;;;;
15927;Scholz, Falk Peter;;;;
15928;Scholz, Gunter;;;;
15929;Scholz, Hella;;;;
15930;Scholz, Marie-Luise;;;;
15931;Scholz, Mathias;;;;
15932;Scholz, Peter;;;;
15933;Scholz, Peter J.;;;;
15934;Scholz, Renate;;;;
15935;Scholz, Robin Byron;;;;
15936;Scholz, Roswitha;;;;
15937;Scholz-Lübbering, Hannelore;;;;
15938;Scholze, Faye;;;;
15939;Schomaker, Debora;;;;
15940;Schon wieder ich, Ich;Praline;weiblich;;http://praline.hat-gar-keine-homepage.de/
15941;Schon, Jenny;;;;
15942;Schoof, Ana Cecilia;;;;
15943;Schoof, Barthold;;;;
15944;Schoof, Dietmar;;;;
15945;Schoof, Renate;;;;
15946;Schoor, Erik van;;;;
15947;Schopenhauer, Adele;;;;
15948;Schopf, Sylvia;;;;
15949;Schopflocher, Robert;;;;
15950;Schopka, Tamara;;;;
15951;Schoppenhorst, Monika;;;;
15952;Schorat, Wolfgang;;;;
15953;Schorlemmer, Friedrich;;;;
15954;Schorler, Ingo;;;;
15955;Schorm, Rainer;;;;
15956;Schormann, Hildegard;;;;
15957;Schorn, Bernd;;;;
15958;Schorn, Kim;;;;
15959;Schorr, Brigitte;;;;
15960;Schossig, Gabriele;;;;
15961;Schotkovsky-Storfer, Herma;;;;
15962;Schott, Peter;;;;
15963;Schoß, Gertrud;;;;
15964;Schrade, Dorothea;;;;
15965;Schrader, August;;;;
15966;Schrader, Johanna;;;;
15967;Schraknepper, Valeska;;;;
15968;Schraml, Andrea;;;;
15969;Schramm, Annalena;;;;
15970;Schramm, Godehard;;;;
15971;Schramm, Hans Joachim;;;;
15972;Schramm, Ingrid;;;;
15973;Schramm, Julia;;;;
15974;Schramm, Marc;;;;
15975;Schrammen, Burkhard;;;;
15976;Schrank, Evelyne;;;;
15977;Schrapnell, Kuku;;;;
15978;Schrapper, Heike;;;;
15979;Schrattenholzer, Elisabeth;;;;
15980;Schreck, Elisabbeth;;;;
15981;Schreck, Elisabeth;;;;
15982;Schreckenberg, Monika;;;;
15983;Schreeb, Hans Dieter;;;;
15984;Schrefel, Magdalena;;;;
15985;Schreiber, Ben;;;;
15986;Schreiber, Daniel;;;;
15987;Schreiber, Eric;;;;
15988;Schreiber, Erik;;;;
15989;Schreiber, Eva;;;;
15990;Schreiber, Juliane Marie;;;;
15991;Schreiber, Karl-Heinz;;;;
15992;Schreiber, Kurt W.;;;;
15993;Schreiber, Mart;;;;
15994;Schreiber, Martin;;;;
15995;Schreiber, Stefanie;;;;
15996;Schreiber, Sybil;;;;
15997;Schreiber, Ulrich;;;;
15998;Schreibwettbewerb, Lampertheimer;;;;
15999;Schreibwilden, Die;;;;
16000;Schreier, Andreas;;;;
16001;Schreier, Michaela;;;;
16002;Schreier, Roswitha;;;;
16003;Schreiner, Irmgard;;;;
16004;Schrenk, Monika;;;;
16005;Schrep, Bruno;;;;
16006;Schreur, Rudolf;;;;
16007;Schreurs, Karsten;;;;
16008;Schreyer, Wolfgang;;;;
16009;Schrick, Gerhard;;;;
16010;Schrimpf, Ulrike;;;;
16011;Schrocke, Kathrin;;;;
16012;Schroeder, Bernd;;;;
16013;Schroeder, Frank;;;;
16014;Schroeder, Renate;;;;
16015;Schroer, Christopher;;;;
16016;Schroller, Ramona;;;;
16017;Schropp, Jochen;;;;
16018;Schrupp, Karin-Anna;;;;
16019;Schräpler, Benedikt;;;;
16020;Schröder, Antje;AnBerLin--1995;weiblich;29;
16021;Schröder, Chrisjo;;;;
16022;Schröder, Christina E. A.;;;;
16023;Schröder, Christoph;;;;
16024;Schröder, Claudia;;;;
16025;Schröder, Dragica;;;;
16026;Schröder, Helmut;;;;
16027;Schröder, Jutta;;;;
16028;Schröder, Jörg;;;;
16029;Schröder, Karsten;;;;
16030;Schröder, Klaus R.;;;;
16031;Schröder, Ludwig;;;;
16032;Schröder, Mathias;;;;
16033;Schröder, Meinhard;;;;
16034;Schröder, Renate;;;;
16035;Schröder, Sonia;;;;
16036;Schröder, Suse;;;;
16037;Schröder, Ursula;;;;
16038;Schröder, Wolfgang;;;;
16039;Schröder, Yelena;;;;
16040;Schröer, Lothar;;;;
16041;Schröpfer, Wilfried;;;;
16042;Schröter, Andreas;;;;
16043;Schröter, Gabriele;;;;
16044;Schröter, Jan;;;;
16045;Schröter, Rolf;;;;
16046;Schu, Oswald;;;;
16047;Schubarsky, Susanne;;;;
16048;Schubart, Gertrud;;;;
16049;Schuberl, Franz J.;;;;
16050;Schubert, Anny;;;;
16051;Schubert, Brigitte;;;;
16052;Schubert, Christa;;;;
16053;Schubert, Christoph;;;;
16054;Schubert, Claudia Erika;;;;
16055;Schubert, Cornelia;;;;
16056;Schubert, Gertraud;;;;
16057;Schubert, Hanna;;;;
16058;Schubert, Helga;;;;
16059;Schubert, Jutta;;;;
16060;Schubert, Marianne;;;;
16061;Schubert, Sabine;;;;
16062;Schubert, Torsten;;;;
16063;Schubert-Oustry, Brigitte;;;;
16064;Schubiger, Jürg;;;;
16065;Schuch, Hiltrud;;;;
16066;Schuchardt, Andre;;;;
16067;Schuchmann, Kathrin;;;;
16068;Schuck, Michael;;;;
16069;Schuett, Rolf Friedrich;;;;
16070;Schug, Gerd F.;;;;
16071;Schuh Franzmann, Erhard Roy;;;;
16072;Schuh, Franz;;;;
16073;Schuh, Sabrina;;;;
16074;Schuhmacher, Marc;;;;
16075;Schuker, Klaus;;;;
16076;Schulak, Rosemarie;;;;
16077;Schuldes, Julia;;;;
16078;Schuldt;;;;
16079;Schuldt, Hanna-Maria;;;;
16080;Schuler, Barbara;;;;
16081;Schuler, Birgit;;;;
16082;Schuler, Pius;;;;
16083;Schulitz, Hedi;;;;
16084;Schuller, Wolfgang;;;;
16085;Schulte, Andreas J.;;;;
16086;Schulte, Birgitta M.;;;;
16087;Schulte, Dirk;;;;
16088;Schulte, Rüdiger;;;;
16089;Schulte, Saskia;;;;
16090;Schulte, Thomas;;;;
16091;Schulte-Albrecht, Helga;;;;
16092;Schulte-Wess, Karl;;;;
16093;Schulteisz, Christian;;;;
16094;Schultheis, Björn;;;;
16095;Schultheiss, Gudrun;;;;
16096;Schultheiß, Walter;;;;
16097;Schulthesss, Leonora;;;;
16098;Schultz, Stine;;;;
16099;Schultze-Bürger, Wilfried;;;;
16100;Schulz, Andrej;;;;
16101;Schulz, Annelies;;;;
16102;Schulz, Annemarie;;;;
16103;Schulz, Berndt;;;;
16104;Schulz, Bernhard;;;;
16105;Schulz, Christina;;;;
16106;Schulz, Frank;;;;
16107;Schulz, Gerhard;;;;
16108;Schulz, Helmut;;;;
16109;Schulz, Hermann;;;;
16110;Schulz, Horst D.;;;;
16111;Schulz, Katharina;;;;
16112;Schulz, Katrina;;;;
16113;Schulz, Kristin;;;;
16114;Schulz, Lara Christin;;;;
16115;Schulz, Lilli;;;;
16116;Schulz, Lucas;;;;
16117;Schulz, Luisa Maria;;;;
16118;Schulz, M. C.;;;;
16119;Schulz, Marianne F.;;;;
16120;Schulz, Marlene;;;;
16121;Schulz, Matthias;;;;
16122;Schulz, Matthias D.;;;;
16123;Schulz, Maximilian;;;;
16124;Schulz, Meinhard-Wilhelm;;;;
16125;Schulz, Oliver;;;;
16126;Schulz, Rex;;;;
16127;Schulz, Roland;;;;
16128;Schulz, Roswitha;;;;
16129;Schulz, Stephan;;;;
16130;Schulz, Sven-Roger;;;;
16131;Schulz, Tamara;;;;
16132;Schulz, Torsten;;;;
16133;Schulz, Uwe;;;;
16134;Schulz, Verena;;;;
16135;Schulz-Debor, Ursula;;;;
16136;Schulz-Kopanski, Uwe;;;;
16137;Schulz-Mittenzwei, Ansgar;;;;
16138;Schulz-Stübner, Sebastian;;;;
16139;Schulze Zurmussen, Clemens;;;;
16140;Schulze, Carola;;;;
16141;Schulze, Caroline;;;;
16142;Schulze, Christopher;;;;
16143;Schulze, Claudia J.;;;;
16144;Schulze, Hendrikje;;;;
16145;Schulze, Ingo;;;;
16146;Schulze, Jennifer;Fawkes91;weiblich;33;
16147;Schulze, Julia;;;;
16148;Schulze, Petra;;;;
16149;Schulze, Rolf;;;;
16150;Schulze, Ursula;;;;
16151;Schulzke, Amandara M.;;;;
16152;Schulzke-Riha, Susanne;;;;
16153;Schum, Joffi;;;;
16154;Schumacher, Alexandra;;;;
16155;Schumacher, Alice;;;;
16156;Schumacher, Andrea;;;;
16157;Schumacher, Andreas;;;;
16158;Schumacher, Florentin;;;;
16159;Schumacher, Gesine;;;;
16160;Schumacher, Hans-Jürgen;;;;
16161;Schumacher, Heinz;;;;
16162;Schumacher, Ingrid;;;;
16163;Schumacher, Jens;;;;
16164;Schumacher, Johann;;;;
16165;Schumacher, Lutz;;;;
16166;Schumacher, Manfred;;;;
16167;Schumacher, Margareta;;;;
16168;Schumacher, Michael;;;;
16169;Schumacher, Renate;;;;
16170;SchumacherGebler, Eckehart;;;;
16171;Schumann, Clara;;;;
16172;Schumann, Jennifer;;;;
16173;Schumann, Jennifer Schumann;Firestarter;weiblich;37;
16174;Schumann, Lilly;;;;
16175;Schumann, Ludwig;;;;
16176;Schumann, Marie;;;;
16177;Schumann, Nancy;;;;
16178;Schumann, Nathalie;;;;
16179;Schumitsch, Lena;;;;
16180;Schunk, Gunther;;;;
16181;Schunk, Julia;;;;
16182;Schupp, Renate;;;;
16183;Schuppelius, Annika;;;;
16184;Schuppius, Arnd M.;;;;
16185;Schurtenberger, René;;;;
16186;Schury, Gudrun;;;;
16187;Schuster, Claudia;;;;
16188;Schuster, Ewald;;;;
16189;Schuster, Gabriele;;;;
16190;Schuster, Gunther;;;;
16191;Schuster, Gustav;;;;
16192;Schuster, Marina;;;;
16193;Schuster, Michael;;;;
16194;Schuster, Ralf;;;;
16195;Schuster, Richard;;;;
16196;Schuster, Solveig;;;;
16197;Schuster, Theo;;;;
16198;Schuster, Tom;Tom Schuster;männlich;42;
16199;Schuster, Ute AnneMarie;;;;
16200;Schutting, Julian;;;;
16201;Schuttkästing, Claudia;;;;
16202;Schutzbach, Anya;;;;
16203;Schwab, Christian;;;;
16204;Schwab, Christof;;;;
16205;Schwab, Constantin;;;;
16206;Schwab, Elke;;;;
16207;Schwab, Friederike;;;;
16208;Schwab, Manfred;;;;
16209;Schwab, Mira;;;;
16210;Schwabe, Kirsten;;;;
16211;Schwaben-Beicht, Kornelia;;;;
16212;Schwabeneder, Franz;;;;
16213;Schwachhöfer, Jule;;;;
16214;Schwaiger, Nathalie;;;;
16215;Schwalb, Sonja;;;;
16216;Schwalbach, Christoph;;;;
16217;Schwalbe, Heiner;Heiner Schwalbe;männlich;26;
16218;Schwald, Franz;;;;
16219;Schwamberger, Michaela;;;;
16220;Schwaminger, Julia;;;;
16221;Schwamm, Alexander;;;;
16222;Schwandt, Heike;;;;
16223;Schwanke, Torsten;;;;
16224;Schwanz, Sylvia;;;;
16225;Schwark, Hans Georg;;;;
16226;Schwarten, Waltraud;;;;
16227;Schwartz, Nadine;;;;
16228;Schwartz, Tobias;;;;
16229;Schwarz, Achim;;;;
16230;Schwarz, Alexander;;;;
16231;Schwarz, Bernhard;;;;
16232;Schwarz, Brunhilde;;;;
16233;Schwarz, Carolin;;;;
16234;Schwarz, Christina;;;;
16235;Schwarz, Ella;;;;
16236;Schwarz, Elmar;;;;
16237;Schwarz, Eve;;;;
16238;Schwarz, Helga;;;;
16239;Schwarz, Iver Niklas;;;;
16240;Schwarz, Joachim H.;;;;
16241;Schwarz, Johann Friedrich;;;;
16242;Schwarz, Jürgen;;;;
16243;Schwarz, Marlene;;;;
16244;Schwarz, Martin;;;;
16245;Schwarz, Maximilian;;;;
16246;Schwarz, Micky;;;;
16247;Schwarz, Peggy;;;;
16248;Schwarz, Sanna;;;;
16249;Schwarz, Stefan;;;;
16250;Schwarz, Tanja;;;;
16251;Schwarz, Toni;;;;
16252;Schwarz, Ute;;;;
16253;Schwarz-Haderek, Dana;;;;
16254;Schwarz-Woermann, Frank;;;;
16255;Schwarzbach, Karl-Heinz;;;;
16256;Schwarze, Christiane;;;;
16257;Schwarze, Heike;;;;
16258;Schwarze, Simone;;;;
16259;Schwarzenbach, Annemarie;;;;
16260;Schwarzenberger, Adrian;;;;
16261;Schwarzenböck, Daria;;;;
16262;Schwarzer, Sandra;;;;
16263;Schwarzmaier, Alfred;;;;
16264;Schwarzmaier, Michael;;;;
16265;Schwarzmüller, Christine;;;;
16266;Schwebel, Horst;;;;
16267;Schweda, Sabine;;;;
16268;Schwede, Sieglinde;;;;
16269;Schwedler, Jörg;;;;
16270;Schweiger, Axel;;;;
16271;Schweiger, Theodor;;;;
16272;Schweiggert, Alfons;;;;
16273;Schweiggert, Alois;;;;
16274;Schweighöfer, Ines;;;;
16275;Schweikert, Ruth;;;;
16276;Schweikert, Stefan;;;;
16277;Schweinberger-Kröll, Sabina;;;;
16278;Schweins, Stefanie;;;;
16279;Schweitzer, Albert;;;;
16280;Schweitzer, Eva;;;;
16281;Schweitzer, Karin;;;;
16282;Schweitzer, Monika;;;;
16283;Schweizer, Robert;;;;
16284;Schweizer, Stefanie;;;;
16285;Schweizer, Thomas;;;;
16286;Schweißhelm, Benedikt;;;;
16287;Schwellnus, Françoise;;;;
16288;Schwenger, Viktoria;;;;
16289;Schwenk, Biela;;;;
16290;Schwenk, Bjela;;;;
16291;Schwenk, Hermann;;;;
16292;Schwenk, Lina;;;;
16293;Schwens-Harrant, Brigitte;;;;
16294;Schwenzfeier, Inge;;;;
16295;Schwenzfeier, Jörg;;;;
16296;Schwerdt-Rosplesch, Jana;;;;
16297;Schwering, Burkhard;;;;
16298;Schwermer, Melisa;;;;
16299;Schwetz, Christian;;;;
16300;Schwetz, Helmut;;;;
16301;Schweßinger, Michael;;;;
16302;Schwichtenberg, Hanna;;;;
16303;Schwichtenberg, Liane;;;;
16304;Schwichtenberg, Thilo;;;;
16305;Schwiefert-Damm, Claudia;;;;
16306;Schwiers, Harald;;;;
16307;Schwiers, Sabine;;;;
16308;Schwiete, Franz Josef;;;;
16309;Schwietering, Sylvia;;;;
16310;Schwietzke, Martin;;;;
16311;Schwiewager, Kerstin;;;;
16312;Schwikardi, Astrid;;;;
16313;Schwikart, Georg;;;;
16314;Schwill, Ernst-Georg;;;;
16315;Schwindl-Welle, Brigitta;;;;
16316;Schwindt, Uwe;;;;
16317;Schwinger, Harald;;;;
16318;Schwinghammer, Maë;;;;
16319;Schwittai, Günter;;;;
16320;Schwittay, Thea;;;;
16321;Schwitter, Fabian;;;;
16322;Schwitter, Monique;;;;
16323;Schwizgebel, Rudy;;;;
16324;Schwob, Kurt;;;;
16325;Schwob, Ralf;;;;
16326;Schwobacher, Josefine;;;;
16327;Schwochert, Christian;;;;
16328;Schwohl, Anette;;;;
16329;Schwunk, Mark;Mark Schwunk;männlich;41;http://mark-schwunk.npage.de/
16330;Schwyn, Gérard;;;;
16331;Schwägerl, Christa;;;;
16332;Schwämmle, Kassandra;;;;
16333;Schwörer, Georg;;;;
16334;Schyboll, Christa;;;;
16335;Schynol, Denise;;;;
16336;Schädeli, Peter;;;;
16337;Schäder, Katrin;;;;
16338;Schädler, Angelina;AngelinaSchaedler;weiblich;27;https://www.instagram.com/angelina.schaedler.autorin/
16339;Schädlich, Hans Joachim;;;;
16340;Schädlich, Krista Maria;;;;
16341;Schädlich, Susanne;;;;
16342;Schäfer, Afra Anna;;;;
16343;Schäfer, Christin;;;;
16344;Schäfer, Fabian;;;;
16345;Schäfer, Frank;;;;
16346;Schäfer, Gisela;;;;
16347;Schäfer, Hans-Wilhelm;;;;
16348;Schäfer, Ingrid Maria;;;;
16349;Schäfer, Jeannine;;;;
16350;Schäfer, Karin;;;;
16351;Schäfer, Martina;;;;
16352;Schäfer, Michael;;;;
16353;Schäfer, Miriam;;;;
16354;Schäfer, Norbert;;;;
16355;Schäfer, Silke;;;;
16356;Schäfer, Tessa;;;;
16357;Schäfer, Ulrike;;;;
16358;Schäfer, Wendel;;;;
16359;Schäfer, Winfried;;;;
16360;Schäfer-Grosswiler, Antonio Walter;;;;
16361;Schäfer-Newiger, Ulrich;;;;
16362;Schänzle-Geiger, Heidi;;;;
16363;Schär, Brigitte;;;;
16364;Schär, Christine;;;;
16365;Schär, Stefan;;;;
16366;Schärer, Monika;;;;
16367;Schärli, Bruno-Peter;;;;
16368;Schätte, Lena;;;;
16369;Schöber, Annelie;;;;
16370;Schöberl, Rotraut;;;;
16371;Schöbi, Stefan;;;;
16372;Schöffl-Pöll, Elisabeth;;;;
16373;Schöffler, Günter;;;;
16374;Schöll, Julia;;;;
16375;Schöll, Raimund;;;;
16376;Schön, Jes;;;;
16377;Schön, Julia;;;;
16378;Schön, Lina;FrlSursulapitschi;weiblich;;
16379;Schön, Patrick;;;;
16380;Schön, Silke;;;;
16381;Schönauer, Helmuth;;;;
16382;Schönauer, Joachim;;;;
16383;Schönauer, Michael;;;;
16384;Schönbeck, Gerhard;;;;
16385;Schönberg, Jutta;;;;
16386;Schönberg, Michael;;;;
16387;Schönberg-Kwaß, Bärbel;;;;
16388;Schönberger, Gabriela;;;;
16389;Schönberger, Margit;;;;
16390;Schönborn, Louisemarie;;;;
16391;Schöne, Anja;;;;
16392;Schöne, Gerhard;;;;
16393;Schöne, Lothar;;;;
16394;Schöneberg, Sandra;;;;
16395;Schönefeld, Martina;;;;
16396;Schönegg, Beat;;;;
16397;Schöner, Stefan;;;;
16398;Schönert, Jörg;;;;
16399;Schönett, Simone;;;;
16400;Schönfeld, Eike;;;;
16401;Schönfeld, Johannes;;;;
16402;Schönfeld, Maren;;;;
16403;Schönfeld, Sarah;;;;
16404;Schönfeldt, Heinz;;;;
16405;Schönfellner, Sabine;;;;
16406;Schönhardt, Vanessa;;;;
16407;Schönherr, Gunnar G.;;;;
16408;Schönhofer, Claus;;;;
16409;Schönig, Rita Renate;;;;
16410;Schöning, Bärbel;;;;
16411;Schöning, Lutz-Rüdiger;;;;
16412;Schöninger, Lore;;;;
16413;Schönleber, Dagmar;;;;
16414;Schönolt, Werner;;;;
16415;Schönrock, Markus;;;;
16416;Schönsee, Ingrid;;;;
16417;Schöntag, Roger;;;;
16418;Schönthaler, Fritz;;;;
16419;Schönthaler, Philipp;;;;
16420;Schöpf, Ursula;;;;
16421;Schörkmayr, Josef;;;;
16422;Schörle, Armgard;;;;
16423;Schörle, Hajo;;;;
16424;Schörner, Verena;;;;
16425;Schöttke, Henning;;;;
16426;Schößler, Christina;;;;
16427;Schößler, Ludwig;;;;
16428;Schübel, Christopher;;;;
16429;Schück, Jo;;;;
16430;Schüffel, Susanne;;;;
16431;Schühly, Viola;;;;
16432;Schüler, Sigrid;;;;
16433;Schüler, Wilhelm G.;;;;
16434;Schüler-Juckenack, Sigrid;;;;
16435;Schülke, Joachim;;;;
16436;Schüller, Siegfried;;;;
16437;Schüller, Werner;;;;
16438;Schümann, Sandra;;;;
16439;Schümmelfeder, Erhard;;;;
16440;Schünemann, Christiane;;;;
16441;Schünemann, Peter;;;;
16442;Schüpfer, Madeleine;;;;
16443;Schürch, Gerhard;;;;
16444;Schürer, Frank;;;;
16445;Schürer, Gregor;;;;
16446;Schürer, Gudrun;;;;
16447;Schürgers, Irmgard;;;;
16448;Schürhoff, Marc;;;;
16449;Schürr, Lilli;;;;
16450;Schürrer, Stefan;;;;
16451;Schürrle-Sharkar, Petra F.;;;;
16452;Schürz, Herbert;;;;
16453;Schütgens, Angelika;;;;
16454;Schütt, Christa;;;;
16455;Schütt, Christoph;;;;
16456;Schütt, Ursula;;;;
16457;Schütte, Hayo;;;;
16458;Schütte, Oliver;;;;
16459;Schüttler, Annika;;;;
16460;Schütz, Gabriel;;;;
16461;Schütz, Hans J.;;;;
16462;Schütz, Heide;;;;
16463;Schütz, Janina;;;;
16464;Schütz, Jutta Sybille;;;;
16465;Schütz, Jürgen;;;;
16466;Schütz, Rainer Friedrich;;;;
16467;Schütz, Volker;;;;
16468;Schütz, Xóchil A.;;;;
16469;Schütze, Frank;;;;
16470;Schütze, Otmar;;;;
16471;Schüßler, V.;;;;
16472;Schüür, Anke;;;;
16473;Schüürmann, Dania;;;;
16474;Scipio, T. W.;;;;
16475;Scolaris, Daniel;;;;
16476;Scoreggia, Claudio;;;;
16477;Scorpius, Angel;Bloody Sweet Angel;;;http://bloodysweetangel.deviantart.com/
16478;Scott Backes, Detlef;;;;
16479;Scott, Diana;;;;
16480;Scott, Fabienne;Fleur Scott;weiblich;28;
16481;Scott, Walter;;;;
16482;Scuro, Nick;;;;
16483;Seabisquit, Blue Light;Dark-Bakura;weiblich;27;http://dark-bakura1.deviantart.com/
16484;Seanchui;;;;
16485;Sebaa, Eveline;;;;
16486;Sebald, Claudia;;;;
16487;Sebald, W. G.;;;;
16488;Sebastian, Tony;;;;
16489;Sebek, Rosemarie Philomena;;;;
16490;Sebello;;;;
16491;Sebök, Janko;;;;
16492;Seck, Eva;;;;
16493;Seck, Katharina;;;;
16494;"Secret! ;P, Öhm...Sag ich nicht?";ReadingGirl 1;weiblich;;
16495;Secret, Melie;Melie-Secret;weiblich;43;
16496;Seda, Vera;;;;
16497;Seddig, Katrin;;;;
16498;Sedlacek, Klaus-Dieter;;;;
16499;Sedlak, Erich;;;;
16500;Sedlak, Helga;;;;
16501;Sedlmayr, Hanns;;;;
16502;See, Magnus;;;;
16503;Seebacher, Christine;;;;
16504;Seeber, Dorothea;;;;
16505;Seeber, Ursula;;;;
16506;Seefried, Romina;;;;
16507;Seeger, Alexandra;;;;
16508;Seegert, Benjamin;;;;
16509;Seehafer, Klaus;;;;
16510;Seehaus, Astrid;;;;
16511;Seekamp, Gisela;;;;
16512;Seeker, Luce;Luce Seeker;männlich;;
16513;Seel, Sonja;;;;
16514;Seeland, Sina;;;;
16515;Seelenschwestern, Silver & Keiram;Nael-Sama;weiblich;;
16516;Seelig, Käthe;;;;
16517;Seelig, Monika;;;;
16518;Seeliger, Gisa;;;;
16519;Seeling, Diana;;;;
16520;Seelinger, Nico;;;;
16521;Seelk, Barbara;;;;
16522;Seemann, Regine;;;;
16523;Seewald, Torben;;;;
16524;Seeweg, Johann F.;;;;
16525;Sega, Halina Monika;;;;
16526;Segal, Lore;;;;
16527;Segebade, Insa;;;;
16528;Segen, Rainer;;;;
16529;Seghers, Anna;;;;
16530;Segieth, Gisela;;;;
16531;Segler, Peter;;;;
16532;Sehl, Irina;;;;
16533;Sehouli, Jalid;;;;
16534;Sehrbrock, Günter;;;;
16535;Seibel, Edgar;;;;
16536;Seiberl, Elisabeth;;;;
16537;Seibert, Marcus;;;;
16538;Seibert, Ulrich;;;;
16539;Seibicke, Christa E.;;;;
16540;Seibold, Lisa;;;;
16541;Seibt, Constantin;;;;
16542;Seidel, Brigitte;;;;
16543;Seidel, Gerhard;;;;
16544;Seidel, Horst;;;;
16545;Seidel, Juliane;;;;
16546;Seidel, Nicole;;;;
16547;Seidenauer, Gudrun;;;;
16548;Seidenberg, Juliane;;;;
16549;Seider, Frank-Jürgen;;;;
16550;Seidl, Anja;;;;
16551;Seidner, Karin;;;;
16552;Seifer-Beck, Sonja;;;;
16553;Seifert, David;;;;
16554;Seifert, Elke;;;;
16555;Seifert, Gabriele;;;;
16556;Seifert, Jutta;;;;
16557;Seifert, Katharina;;;;
16558;Seifert, Manfred;;;;
16559;Seifert, Nicole;;;;
16560;Seifert, Roman;;;;
16561;Seifert, Sophie;;;;
16562;Seifert, Ulla;;;;
16563;Seiler, Franz;;;;
16564;Seiler, Heinrich;;;;
16565;Seiler, Jean-Marc;;;;
16566;Seiler, Kathi&Chris;timepassesgirl;;;
16567;Seiler, Lutz;;;;
16568;Seiler, Paul G.;;;;
16569;Seiler, Sieglinde;;;;
16570;Seiller, Andreas;;;;
16571;Seine-Becker, Astrid;;;;
16572;Seinfriend, Alex;;;;
16573;Seipelt, Barbara;;;;
16574;Seippel, Hans-Gerhard;;;;
16575;Seisenbacher, Maria;;;;
16576;Seite, Berndt;;;;
16577;Seithe, Angelica;;;;
16578;Seitz, Daniel;;;;
16579;Seitz, Friedrich Peer;;;;
16580;Seitz, Klaus;;;;
16581;Seitz, Robert;;;;
16582;Sekhmet;;;;
16583;Sekkon;;;;
16584;Selbach, Niklas;;;;
16585;Seldeneck, Lucia Jay;;;;
16586;Selge, Albrecht;;;;
16587;Selig, Hubert;;;;
16588;Selje, Ulrike;;;;
16589;Selke, Ina;;;;
16590;Sell, Ellen;;;;
16591;Sell, Gundula;;;;
16592;Sell, Karen;;;;
16593;Sell, Selma;;;;
16594;Sellheim, Karlheinz;;;;
16595;Sellmayr, Kristina;;;;
16596;Sellner, Jan;;;;
16597;Seltmann, Gunther;;;;
16598;Seltmann, Sigrid;;;;
16599;Seltmann, Uwe;;;;
16600;Semmer, Gerd;;;;
16601;Semmler, Helga;;;;
16602;Semper, Viola Rosa;;;;
16603;Semrau, Bernhard;;;;
16604;Senarclens, Vanessa de;;;;
16605;Senff, Ruth;;;;
16606;Sengbusch, Armin;;;;
16607;Senge, Stephan Reimund;;;;
16608;Senghaas, Claudia;;;;
16609;Senghaus, Sonja Viola;;;;
16610;Sengpiel, Laila;lailasaphira;weiblich;25;
16611;Senkel, Matthias;;;;
16612;Sens, Martina;;;;
16613;Sensenbach, G.;;;;
16614;Senst, Peter;;;;
16615;Seo, Hyewon;;;;
16616;Seredzun, Harald;;;;
16617;Sermond, Johann-C.;;;;
16618;Serol, Julien;;;;
16619;Serr, Elisabeth;;;;
16620;Servene, Klaus;;;;
16621;Serwuschok, Uta;;;;
16622;Sessouma, Claudia;;;;
16623;Sester, Jürgen;;;;
16624;Seter, Marion;;;;
16625;Setz, Clemens J.;;;;
16626;Setz, Imma;;;;
16627;Setzer, Wolfgang;;;;
16628;Seufert, Michael;;;;
16629;Seul, Hans-Werner;;;;
16630;Seuthe, Dieter David;;;;
16631;Seuthe, Kai;;;;
16632;Severin, Georgie;;;;
16633;Severin, Marcel;;;;
16634;Seydewitz, Matthias;;;;
16635;Seydlitz, Lisa-Maria;;;;
16636;Seyer, Walle;;;;
16637;Seyfarth, Jürgen;;;;
16638;Seyfried, Rolf Gregor;;;;
16639;Seyhan, Monika;;;;
16640;Sezelli, Franck;;;;
16641;Sezgin, Kamuran;;;;
16642;Sezgin, Yasemin;;;;
16643;Shabanaj, Arber;;;;
16644;Shadowmoon, Lioba-Dyrane;;;;
16645;Sharin, Jana;;;;
16646;Sharp, William;;;;
16647;Shaver, Gordon G.;;;;
16648;Shaver, Richard S.;;;;
16649;Shaw, Bob;;;;
16650;Shaw, Larry T.;;;;
16651;Shaw, Mia;;;;
16652;Shayariel;;;;
16653;Sheen Mogollôn, Ivonne;;;;
16654;Sheepdip, Bine;--DramaQueen--;weiblich;29;http://dramaqueen.hat-gar-keine-homepage.de
16655;Sheldon, Parks;;;;
16656;Shelley, Mary;;;;
16657;Shepard, N.C.;;;;
16658;Shepherd, Maya;;;;
16659;Shepherd, Nob;;;;
16660;Sherlock, Debbie;Debbie Sherlock;weiblich;;
16661;Sherry, Janine;Eleanorana;weiblich;30;
16662;Shi, L 100, Der Tod;Ranke;weiblich;23;
16663;Shigero Connor, Yuma Kiyoshi;Yuma;weiblich;33;
16664;Shine, Toby;;;;
16665;Shining, Johanna;;;;
16666;Shintani, Joyce;;;;
16667;Shiolashvili, Irma;;;;
16668;Shion, Heji;Yami no Heji;;;
16669;Shion, Jenni;Theresie;;;https://www.instagram.com/jennishion
16670;Shiory, Camina;Camina Shiory;;23;
16671;Shirley, John;;;;
16672;Shiro, Nyu Lucy;NyuLucyShiro;weiblich;;
16673;Shirreffs, Gordon D.;;;;
16674;Short, Luke;;;;
16675;Shoukry, Sonia;;;;
16676;Showghi, Farhad;;;;
16677;Shrigley, David;;;;
16678;Shtar, Isabel;;;;
16679;Sibera, Johanna;;;;
16680;Sibert, Serge;;;;
16681;Siche, Thorsten N.;;;;
16682;Sichert, Hans-Joachim;;;;
16683;Sichla, Isabell;;;;
16684;Sichrovsky, Heinz;;;;
16685;Sickel, Nele;;;;
16686;Sicken, Daniela;;;;
16687;Sidjani, Christian;;;;
16688;Sidney, Aleksia;;;;
16689;Siebald, Manfred;;;;
16690;Siebecke, Helga;;;;
16691;Sieber, Aurel;;;;
16692;Sieber, Martin Alexander;;;;
16693;Siebert, Sabine;;;;
16694;Siebert, Uwe;;;;
16695;Siedenburg, Helga;;;;
16696;Siedenburg-Neumann, Inge;;;;
16697;Siefener, Michael;;;;
16698;Sieg, Sören;;;;
16699;Siegbert, Michael;;;;
16700;Siege, Nasrin;;;;
16701;Siegel, Moritz;;;;
16702;Siegel, Rainer;;;;
16703;Siegenthaler, Ruth;;;;
16704;Sieger, Victor;;;;
16705;Siegert, Johannes;;;;
16706;Siegert, Stefan;;;;
16707;Siegert, Werner;;;;
16708;Siegert-Binder, Dorothea;;;;
16709;Siegesmund, Mario;;;;
16710;Siegfried, Anita;;;;
16711;Siegfried, Bert;;;;
16712;Siegl, Brigitte;;;;
16713;Siegl, Margarete;;;;
16714;Siegl, Vergil;;;;
16715;Siegler, Pia;;;;
16716;Siegmann, Jürgen;;;;
16717;Siegmann, Rolf Karl;;;;
16718;Siegmund, Fabienne;;;;
16719;Siegwart, Dominik;;;;
16720;Sieht man ja, ane;aneleH Cleveland;weiblich;;
16721;Sielemann, Patrick;;;;
16722;Siemering, Lena;Leni-S;weiblich;22;
16723;Siemers, Edmund;;;;
16724;Siemes, Marie-Luise;;;;
16725;Siemon, Rieke;;;;
16726;Siepen, Stefan aus dem;;;;
16727;Sierakowski, Sabine;;;;
16728;Sieren, Fritz;;;;
16729;Sievers, Eberhard;;;;
16730;Siewert, Klaus;;;;
16731;Sigel, Kurt;;;;
16732;Sigl, Hans;;;;
16733;Sigloch, Katharina;;;;
16734;Sigmund, Corinna;;;;
16735;Sigmund, G.;;;;
16736;Signer, David;;;;
16737;Signer, Stefan;;;;
16738;Sila, Tijan;;;;
16739;Silbach, Sandra;;;;
16740;Silber, Christoph;;;;
16741;Silber, Christopher;;;;
16742;Silber, Eva-Maria;;;;
16743;Silber, Herwig;;;;
16744;Silber, Katrin;;;;
16745;Silber, Sophie;Sophie Silber;weiblich;;
16746;Silberer, Chris;;;;
16747;Silberer, Renate;;;;
16748;Silbermann, Ilka;;;;
16749;Silbermann, Viktor;;;;
16750;Silbern, Katharina;Joelyn;weiblich;;
16751;Silbernagl, Toni;;;;
16752;Silberstein, Martine;;;;
16753;Silent, Marie;SilentNoise;weiblich;;
16754;Silferberg, Merja;;;;
16755;Silicon, Wain;wainsilicon;männlich;;
16756;Sille, Ilona;;;;
16757;Siller, Riccarda;;;;
16758;Sillitoe, Alan;;;;
16759;Sillmann, Thomas;;;;
16760;Silver, Dogoron;Dogoron Silver;männlich;;
16761;Silver, Jane La;;;;
16762;Silverberg, Robert;;;;
16763;Silvester, Margret;;;;
16764;Silvester, Richard;;;;
16765;Simeoni, Melissa;;;;
16766;Simmel, Lorena;;;;
16767;Simmich-Lovan, Manuela;;;;
16768;Simon, Christian;;;;
16769;Simon, Christoph;;;;
16770;Simon, Claus;;;;
16771;Simon, Cordula;;;;
16772;Simon, Dieter;;;;
16773;Simon, Erik;;;;
16774;Simon, Harald;;;;
16775;Simon, Heinz-Joachim;;;;
16776;Simon, Hermann;;;;
16777;Simon, Katharina;XxElane;weiblich;31;
16778;Simon, Kenneth;;;;
16779;Simon, Marion;;;;
16780;Simon, Martin;;;;
16781;Simon, Michael;;;;
16782;Simon, Oskar;;;;
16783;Simon, Ralf;;;;
16784;Simon, Sam;Luceo;;32;
16785;Simon, Stephanie;;;;
16786;Simon, Ulrich;;;;
16787;Simonett, Martin;;;;
16788;Simonis, Martina;;;;
16789;Simonis, Sveta;;;;
16790;Simonsen, Beatrice;;;;
16791;Simsel, Gregor;;;;
16792;Sin, Holly;;;;
16793;Sincar, Sultane;;;;
16794;Sinclair, Anne;;;;
16795;Sindern, Klaus H.;;;;
16796;Sined, Christian;;;;
16797;Singer, C. M.;;;;
16798;Singer, Emilie;schwarze Rose;weiblich;;
16799;Singer, Hermann;;;;
16800;Singer, Kiara;;;;
16801;Singer, Thorsten;;;;
16802;Singh, Amrit;;;;
16803;Singh, Rajvinder;;;;
16804;Singh, Sikander;;;;
16805;Sinjen, Beke;;;;
16806;Sinn, Angelika;;;;
16807;Sinn, Clara;;;;
16808;Sinn, Elfi;;;;
16809;Sinnwell, Werner;;;;
16810;Sinnwell-Backes, Christine;;;;
16811;Sinsheimer, Hermann;;;;
16812;Sint, Agnes;;;;
16813;Siouda, Anja;;;;
16814;Sioulis, Niko;;;;
16815;Sipal, Akin Emanuel;;;;
16816;Siquice, Joaquina;;;;
16817;Sirga;;;;
16818;Sirge;;;;
16819;Sironic, Fiona;;;;
16820;Sirrenberg, Bärbel;;;;
16821;Sitte, Camilla;;;;
16822;Sittig, Erwin;;;;
16823;Sittig, Hans Jürgen;;;;
16824;Sitzer, Zwei;ZweiSitzer;divers;27;
16825;Siuz;;;;
16826;Siwak, Florence;;;;
16827;Siwek, Dominik;Darkmoon1993;männlich;30;
16828;Siwik, Barbara;;;;
16829;Sixel, Judith;;;;
16830;Skalicky, Peter;;;;
16831;Skaliks, Urte;;;;
16832;Skarsgard, Steffy;stfyskrsgrd;weiblich;28;https://www.twitter.com/RaviOod
16833;Skepenat, Marion;;;;
16834;Skerbs, Irene;;;;
16835;Skibbe, Fabian;;;;
16836;Skitschak, Sarah;;;;
16837;Skoddow, Waltraut;;;;
16838;Skoerat, Gesine;;;;
16839;Skol, Liam Bo;;;;
16840;Skola, Renate;;;;
16841;Skopnik, Bernhard;;;;
16842;Skor, Volker;;;;
16843;Skora, André;;;;
16844;Skorpil, Andrea;;;;
16845;Skorpil, Clementine;;;;
16846;Skott, Kim;;;;
16847;Skrobisz, Nikodem;;;;
16848;Skrypzak, Georg;;;;
16849;Skrziepietz, Andreas;;;;
16850;Skulai, Richard Oliver;;;;
16851;Skupin, Tina;;;;
16852;Skupy, Hans-Horst;;;;
16853;Sky, Helen Rose;;;;
16854;Sky, Maja;;;;
16855;Sky, Sahyuki;Sahyuki;;26;https://sahyuki-sky.sofurry.com/
16856;Sky, Stormy;Stormsky;weiblich;;
16857;Sky, Tiger;Sky is high;weiblich;;
16858;Skye, Neal;;;;
16859;Skylark, Justin C.;;;;
16860;Skywalker, Luxa;L u x a;;25;
16861;Skármeta, Antonio;;;;
16862;Slancar, Helene;;;;
16863;Slanz, Dieter;;;;
16864;Slark, Diettker;;;;
16865;Slattery, David;;;;
16866;Slauf, Anja;;;;
16867;Slender, Liss;Kiiro;weiblich;;
16868;Slopianka, Ine;;;;
16869;Slupetzky, Stefan;;;;
16870;Slupetzky, Werner;;;;
16871;Sluzalek, Norbert;;;;
16872;Smajlagic, Hajro;Der Vertraeumte;männlich;26;
16873;Smet, Marleen de;;;;
16874;Smith, A. D.;;;;
16875;Smith, Jerry J.;;;;
16876;Smith, Michael P.;;;;
16877;Smith, Robert;;;;
16878;Smith, Sam;;;;
16879;Smith, Sir D.;;;;
16880;Smith, Stuart;;;;
16881;Smolan, C. Alexander;;;;
16882;Smotlacha, Jörg;;;;
16883;Snape, Alicia;FantasyForever;weiblich;28;
16884;Snape, Annii;AnniiLiebtSeverus;weiblich;29;
16885;Snape, Hermine;Pueschi1;weiblich;29;
16886;Snape, Kayley;KayleySlays Snape;weiblich;31;http://kayley.hat-gar-keine-homepage.de/
16887;Snape, Samantha;Dramionefan;weiblich;28;
16888;Snape, Severus;Tikara;weiblich;32;
16889;Snape, Xeranile;Xeranile Snape;weiblich;;
16890;Snela, Jan;;;;
16891;Snjadanko, Natalka;;;;
16892;Snowe, Lucy;Lucy Snowe;weiblich;;
16893;Soborg, Bodil;;;;
16894;Sobotha-Heidelk, Katrin;;;;
16895;Society, Cinnamon;;;;
16896;Soda, Ai;Ai Soda;weiblich;25;
16897;Sodermanns, Tim;;;;
16898;Sodomann, Carl-Peter;;;;
16899;Soechting, Eve;Klein-Reita;weiblich;31;
16900;Soedersen, Britte;;;;
16901;Soentgen, Jens;;;;
16902;Soetenga, Femke;;;;
16903;Soffía Auður Birgisdóttir;;;;
16904;Sofronieva, Tzveta;;;;
16905;Soganci, Selda Marlin;;;;
16906;Sohmer, Tarja;;;;
16907;Sohn, Elena-Katharina;;;;
16908;Sohn, Joachim;;;;
16909;Sohn, Werner;;;;
16910;Sohnemann, Karin;;;;
16911;Sohst, Wolfgang;;;;
16912;Sokolowsky, Kay;;;;
16913;Solberg, Katrin;;;;
16914;Solcher, Britta;;;;
16915;Soldan, Steffie;;;;
16916;Soldo, Lucia;;;;
16917;Sole e Luna;;;;
16918;Sollfrank, Sylvia Johanna;;;;
16919;Sollorz, Michael;;;;
16920;Solms, Marvin;--PHOENYX--;männlich;27;
16921;Solo, Jaina;Jaina-Solo;;;
16922;Solovey, V.;;;;
16923;Solowski, Marion;;;;
16924;Soltikow-Wehle, Dagmar;;;;
16925;Sommer, A. F. W.;;;;
16926;Sommer, Achim;;;;
16927;Sommer, Anna;;;;
16928;Sommer, Anton F. W.;;;;
16929;Sommer, Ariane;;;;
16930;Sommer, Engelbert;;;;
16931;Sommer, Heidrun;;;;
16932;Sommer, Ilka;;;;
16933;Sommer, Linus von;;;;
16934;Sommer, Lukas;;;;
16935;Sommer, Melanie;;;;
16936;Sommer, Micha;;;;
16937;Sommer, Philipp;;;;
16938;Sommer, Reiner Maria;;;;
16939;Sommer, René;;;;
16940;Sommer, Tobias;;;;
16941;Sommer, Trude;;;;
16942;Sommerer, Ernst-Otto;;;;
16943;Sommerfeld, Antje;;;;
16944;Sommerfeldt, Jaroslawa;;;;
16945;Sommerfeldt, Lisa;;;;
16946;Sommerlatte, Tom;;;;
16947;Sommermeyer, Joerg;;;;
16948;Sommersacher, Björn;;;;
16949;Sommet, Pierre;;;;
16950;Somnio, Flora;Flora Somnio;weiblich;27;https://twitter.com/FloraSomnio
16951;Somplatzki, Herbert;;;;
16952;Sondermann, Hansi;;;;
16953;Sonn, Heike;;;;
16954;Sonnberger, Birgit;;;;
16955;Sonnefeld, Heike;;;;
16956;Sonnemans, Heino;;;;
16957;Sonnen, Marga;;;;
16958;Sonnenberg, Anja;;;;
16959;Sonnenberg, Gudrun;;;;
16960;Sonnenberg, Oliver;MorsAnima;männlich;35;
16961;Sonnenblume, Luise;Lieschen14;weiblich;;
16962;Sonnenfeld, M.;;;;
16963;Sonnenfeld, Marie;;;;
16964;Sonnentag, Jule;;;;
16965;Sonnleitner, Jutta;;;;
16966;Sonnleitner, Regine;;;;
16967;Sonnleitner-Seegmüller, Heiko;;;;
16968;Sonntag, Beatrice;;;;
16969;Sonntag, Hannes;;;;
16970;Sonntag, Hans;;;;
16971;Sonntag, Helen;;;;
16972;Sonntag, Michael;;;;
16973;Sonntag, Susanne;;;;
16974;Sonoda, Miharu;Miharu Sonoda;weiblich;;http://miharu-sonoda.de.tl/Willkommen.htm
16975;Sons, Hans Ulrich;;;;
16976;Sontag, Susan;;;;
16977;Sophia Mazur, Elke;;;;
16978;Sophie, Sibylle;;;;
16979;Soppa, Josefine;;;;
16980;Soretsu, Aiko;AikoSoretsu;weiblich;27;
16981;Sorg, Reto;;;;
16982;Sorge, Beate;;;;
16983;Sorge, Frank;;;;
16984;Sorge, Helmut;;;;
16985;Sorgenfrei, Paul;;;;
16986;Sorrows, Mira;Mira Sorrows;weiblich;29;
16987;Sorèl, Natan;;;;
16988;Sosha, Maria;;;;
16989;Sotscheck, Ralf;;;;
16990;Soul, Black;Black-Soul;weiblich;;
16991;Soulas, Maria;;;;
16992;Sourlier, Stefanie;;;;
16993;Sourlier, Susanne;;;;
16994;Sous, Dietmar;;;;
16995;Southgate, Sidney;;;;
16996;Sowa, Michael;;;;
16997;Spahn, Raniero;;;;
16998;Spandl, Liliane W.;;;;
16999;Spang, Benjamin;;;;
17000;Spang, Ina;;;;
17001;Spanks, Catherine;;;;
17002;Spannagel, Mercedes A.E.;;;;
17003;Spannknebel, Manuela;;;;
17004;Spans, Gerd;;;;
17005;Sparkle, Nika;nikasparkle;weiblich;30;https://www.instagram.com/nikanylea/
17006;Sparks, Ron;;;;
17007;Sparrow, Mrs. Jack;Ayanea;weiblich;28;
17008;Sparrow, Tiana;Tiana Sparrow;weiblich;27;
17009;Sparschuh, Jens;;;;
17010;Spath, Gunther;;;;
17011;Specht, Werner;;;;
17012;Spechtl, Andreas;;;;
17013;Speckmann, Ann-Kathrin;;;;
17014;Speckmann, Tönne;;;;
17015;Speer, Claudia;;;;
17016;Speet, Mildred;;;;
17017;Speidel, Joachim;;;;
17018;Speier, Michael;;;;
17019;Spelic, Claudia H.;;;;
17020;Spellerberg, Arnold;;;;
17021;Spencer, Olivia;Moonlight-girl2806;weiblich;19;
17022;Spengler, Katharina;;;;
17023;Spengler, Nadine;;;;
17024;Sperber, Evelyn;;;;
17025;Sperber, Jana;;;;
17026;Sperber, Laura;;;;
17027;Sperber-Hummel, Evelyn;;;;
17028;Sperisen, Reto;;;;
17029;Sperk, Anna;;;;
17030;Sperl, Gisa;;;;
17031;Sperlich, Claudia;;;;
17032;Sperling, Maria;;;;
17033;Sperling, Theresa;;;;
17034;Speyer-Heise, Dorothea;;;;
17035;Spichiger, Jean-Claude;;;;
17036;Spiecker, Felicitas;;;;
17037;Spiegel, Adrian;;;;
17038;Spiegel, Nadja;;;;
17039;Spiegel, Nora;;;;
17040;Spieker, Daniel;Weltenbruch;männlich;;https://www.youtube.com/user/Weltenbruch
17041;Spieker, N.S.H.;;;;
17042;Spiekermann, Dörte;;;;
17043;Spieldenner, Klaus E.;;;;
17044;Spieler, Sieglind;;;;
17045;Spiering, Philipp;;;;
17046;Spies, Petra;;;;
17047;Spieß, Martin;;;;
17048;Spiff, Tonye;;;;
17049;Spigarelli, Isabel;;;;
17050;Spille, Andrea;;;;
17051;Spiller, Falko;;;;
17052;Spilling-Nöker, Christa;;;;
17053;Spillmann, Joseph;;;;
17054;Spindler, Christel;;;;
17055;Spinnen, Burkhard;;;;
17056;Spinner, Esther;;;;
17057;Spiridon, Olivia;;;;
17058;Spirlin, Gard;;;;
17059;Spitaler, Sophie;;;;
17060;Spittel, Olaf R.;;;;
17061;Spitzer, Daniela M.;;;;
17062;Spitzer, Diana;;;;
17063;Spitzer, Jürgen;;;;
17064;Spitzer, Michael G.;;;;
17065;Spitznagel, Marie Christin;;;;
17066;Spitzner, Anne;;;;
17067;Spitzweg, Carl;;;;
17068;Splinter, Dieter;;;;
17069;Splitt, Peter;;;;
17070;Splitter, Alexander;;;;
17071;Spoerri, C. M.;;;;
17072;Spoerri, Hubert M.;;;;
17073;Spohr, Alex;;;;
17074;Spoo, Manfred;;;;
17075;Spooren, Christiane;;;;
17076;Sporkmann, Frank;;;;
17077;Sprang, Stefan;;;;
17078;Spranger, Lukas;;;;
17079;Spranger, Roland;;;;
17080;Sprank, Frank;;;;
17081;Spratte, Wido;;;;
17082;Spreckels, Ralf;;;;
17083;Spreckelsen, Tilman;;;;
17084;Sprenger, Daniela;;;;
17085;Sprenger, Lea;;;;
17086;Sprenger, Martina;;;;
17087;Sprenger, Stefan;;;;
17088;Sprengler, Martina;;;;
17089;Sprick, Claus;;;;
17090;Springborn, Roland;;;;
17091;Springer, Jara;Jara Springer;weiblich;25;https://www.surveymonkey.de/r/TB3C7XT
17092;Springmann, Georg;;;;
17093;Springorum, Björn;;;;
17094;Springschitz, Roswitha;;;;
17095;Sprung, Kati;;;;
17096;Spyra, Wolfgang;;;;
17097;Spyri, Johanna;;;;
17098;Späni, Marc;;;;
17099;Späte, Ludwig;;;;
17100;Später, Sven;;;;
17101;Späth, Bernd;;;;
17102;Späth, Gerold;;;;
17103;Spörri, Edith K.;;;;
17104;Spörrle, Mark;;;;
17105;Spěwák, Roland O.;;;;
17106;Squarra, Heinz;;;;
17107;Srb, Wolfgang;;;;
17108;Srengel;;;;
17109;Sriram, Angelika;;;;
17110;Srugies, Carolyn;;;;
17111;Staadt, Sabine;;;;
17112;Staas, Leonie;Leoniiiie;weiblich;29;
17113;Staats, Dennis;;;;
17114;Stachelhaus, Irmgard;;;;
17115;Stadelmann, Heike;;;;
17116;Stadelmann, Michaela;;;;
17117;Stadick, Mara;;;;
17118;Stadlbauer, Eva;;;;
17119;Stadler, Andreas;;;;
17120;Stadler, Anna;;;;
17121;Stadler, Arnold;;;;
17122;Stadler, Erika;;;;
17123;Stadler, Juliane;;;;
17124;Stadlin, Judith;;;;
17125;Staege, David;;;;
17126;Staehli, Bea;;;;
17127;Staengle, Peter;;;;
17128;Staffeldt, René;;;;
17129;Stafford, Sydney;;;;
17130;Staflinger, Gerhard;;;;
17131;Stahl, Alexandra;;;;
17132;Stahl, August;;;;
17133;Stahl, Hans-Joachim;;;;
17134;Stahl, Karoline;;;;
17135;Stahl, Katja;KathyColin;weiblich;37;http://animexx.onlinewelten.com/mitglieder/steckbrief.php?id=316808
17136;Stahl, Michael;;;;
17137;Stahl, Yola;;;;
17138;Stahlenburg, Olivia;;;;
17139;Stahlhut, Peter;;;;
17140;Staininger, Christopher;;;;
17141;Stalewski, Leszek;;;;
17142;Stallinger, Walter;;;;
17143;Stallmann, Veronika;;;;
17144;Stalzer, Lieselotte;;;;
17145;Stamford, Horacio;;;;
17146;Stamm, Peter;;;;
17147;Stammeier, Elvi;;;;
17148;Stammler, Wolfgang;;;;
17149;Stampfli, Reto;;;;
17150;Stanco, Daria Eva;;;;
17151;Standke, Siegfried;;;;
17152;Stang, Christian;;;;
17153;Stang, Knut;;;;
17154;Stange, Johanna;;;;
17155;Stangl, Alois;;;;
17156;Stangl, Andreas;;;;
17157;Stangl, Manfred;;;;
17158;Stangl, Martin;;;;
17159;Stangl, Thomas;;;;
17160;Stanislawski, Diana;;;;
17161;Stanišić, Saša;;;;
17162;Stankiewitz, Rainer;;;;
17163;Starch, Alfred;;;;
17164;Starcke, Michael;;;;
17165;Stargard, Romina;;;;
17166;Stargaze, Victoria Sophie;Sosostar;weiblich;25;
17167;Staribacher, Michael;;;;
17168;Starik, F.;;;;
17169;Stark, Adolf;;;;
17170;Stark, Alexander;;;;
17171;Stark, Anna;;;;
17172;Stark, Anne;;;;
17173;Stark, Christoph;;;;
17174;Stark, Marianne;;;;
17175;Stark, Matthias;;;;
17176;Stark-Rogers, Silberfeuer;silberfeuer;weiblich;25;
17177;Starke, Claudia;;;;
17178;Starlet, Sternchen;SternchenStarlet;weiblich;;
17179;Starr, Cassidy;;;;
17180;Starz, Hermann;;;;
17181;Starz, Menne;;;;
17182;Starzengruber, Monika;;;;
17183;Stascheit, Max;;;;
17184;Stassaert, Lucienne;;;;
17185;Stattaus, Silke;;;;
17186;Staub-Eichler, Toni;;;;
17187;Stauch, Denise;Glaziola308;weiblich;30;
17188;Stauch, Ingo;;;;
17189;Staudacher, Monika;;;;
17190;Stauder, Bettina;;;;
17191;Stauder, Helmut;;;;
17192;Stauder, Martin;;;;
17193;Staudigl, Franz Xaver;;;;
17194;Staudte, Bernd;;;;
17195;Staudte, Dr. Henrike;;;;
17196;Stauf, Roland;;;;
17197;Stauffenburg, Jo van;;;;
17198;Stauffer, Doris;;;;
17199;Stavaric, Michael;;;;
17200;Stavarič, Michael;;;;
17201;Stebler, Daniel Patrick;;;;
17202;Stecher, Erich;;;;
17203;Stecher, Rainer;;;;
17204;Steckel, Margret;;;;
17205;Steding, Sören;;;;
17206;Steel, Richard;;;;
17207;Steele, Bella;Bella Steele;weiblich;20;
17208;Steen, Inken;;;;
17209;Steenbergen, Carsten;;;;
17210;Steenhusen, Dorit;;;;
17211;Stefan, Anna;;;;
17212;Stefan, Thomas;;;;
17213;Steffen, Anja;;;;
17214;Steffen, Antje;;;;
17215;Steffen, Friedrich-Wilhelm;;;;
17216;Steffen, Pia;;;;
17217;Steffens, Michael;;;;
17218;Steffens, Sebastian;;;;
17219;Steffensky, Fulbert;;;;
17220;Stegemann, Thorsten;;;;
17221;Stegemann, Ulrike;;;;
17222;Steger, Christa;;;;
17223;Steger, Willi;;;;
17224;Steglich, Ulrike;;;;
17225;Stegmaier, Marianne;;;;
17226;Stehle, Elfride;;;;
17227;Stehle, Gabriele;;;;
17228;Stehle, Gerd;;;;
17229;Stehr, Jana;;;;
17230;Steigenberger, Armin;;;;
17231;Steigenberger, Christel;;;;
17232;Steigenberger, Gundel;;;;
17233;Steiger, Friedemann;;;;
17234;Steiger, Georg;;;;
17235;Steiger, Jakob;;;;
17236;Steiger, Martin;;;;
17237;Steiger, Otto;;;;
17238;Steiger, Siegfried;;;;
17239;Steil, Gerhard P.;;;;
17240;Steimle, Uwe;;;;
17241;Steimle-Gruner, Werner;;;;
17242;Stein, Alexa;;;;
17243;Stein, Amara von;;;;
17244;Stein, Armin;;;;
17245;Stein, Brina;;;;
17246;Stein, Danny;;;;
17247;Stein, Diana;;;;
17248;Stein, Ein;EinSteinonthebeach;männlich;30;
17249;Stein, Ella;;;;
17250;Stein, Florian;;;;
17251;Stein, Frida;;;;
17252;Stein, Friederike;;;;
17253;Stein, Ina;;;;
17254;Stein, Irina;;;;
17255;Stein, Johanna;;;;
17256;Stein, Karo;kath;weiblich;49;https://www.karostein.de/
17257;Stein, Katharina;;;;
17258;Stein, Raimund;;;;
17259;Stein, Rose;;;;
17260;Stein, Sienna C.;;;;
17261;Stein, Vyda;;;;
17262;Stein, Wagner E.;;;;
17263;Stein, Wolf;;;;
17264;Stein, Xenia;;;;
17265;Steinbach, André;;;;
17266;Steinbach, Gabriele;;;;
17267;Steinbacher, Heinz;;;;
17268;Steinbacher, Lydia;;;;
17269;Steinbeck, Sophie Johanna;;;;
17270;Steinbock, Fritz;;;;
17271;Steinborn, Heinz;;;;
17272;Steinbrecher, Jane;;;;
17273;Steinbrecher, Susanne;;;;
17274;Steineckert, Kirsten;;;;
17275;Steinegger, Günter;;;;
17276;Steiner, Anett;;;;
17277;Steiner, Arthur;;;;
17278;Steiner, Dominik;;;;
17279;Steiner, Gerhard;;;;
17280;Steiner, Hannes;;;;
17281;Steiner, Hannes G.;;;;
17282;Steiner, Jens;;;;
17283;Steiner, Juri;;;;
17284;Steiner, Jörg;;;;
17285;Steiner, Kirsten;;;;
17286;Steiner, Martin;;;;
17287;Steiner, Nicola;;;;
17288;Steiner, Paula;;;;
17289;Steiner, Steffen;;;;
17290;Steiner, Thomas;;;;
17291;Steinert, Grit;;;;
17292;Steinfeld, Elisabeth;;;;
17293;Steinfeld, Thomas;;;;
17294;Steinfeld, Wilhelm;;;;
17295;Steinfellner, Marion;;;;
17296;Steingen, Herbert;;;;
17297;Steinger, Sarah;;;;
17298;Steinhauer, Franziska;;;;
17299;Steinhauer, Rita;;;;
17300;Steinhoff, Dorian;;;;
17301;Steinhäuser, Antje;;;;
17302;Steinicke, Johannes;;;;
17303;Steininger, Gabriele;;;;
17304;Steininger, Monika;;;;
17305;Steininger, René;;;;
17306;Steinkamp, Mirko;;;;
17307;Steinke, Annika;;;;
17308;Steinke, Jacqueline;;;;
17309;Steinkopf, Leander;;;;
17310;Steinmann, Leli;Leli Merida;weiblich;21;
17311;Steinmann, Serina;;;;
17312;Steinmetz, M.H.;;;;
17313;Steinmüller, Angela;;;;
17314;Steinmüller, Karlheinz;;;;
17315;Steinriede, Rosemarie;;;;
17316;Steinvorth, Klaus;;;;
17317;Steinwand, Michael;;;;
17318;Steinwarz, Ottilie;;;;
17319;Steinway, M. C.;;;;
17320;Steinwede, Dietrich;;;;
17321;Stejnar, Emil;;;;
17322;Stekovics, Janos;;;;
17323;Stell, Wolfgang;;;;
17324;Stella, Kristina;;;;
17325;Stelling, Anke;;;;
17326;Stelzer, Elmar;;;;
17327;Stelzl, Ulrike;;;;
17328;Stemmermann, Christine;;;;
17329;Stemmle, Rolf;;;;
17330;Stemmler, Kathleen;;;;
17331;Stender, Almuth;;;;
17332;Stengel, Joachim;;;;
17333;Stengel, Susanne E.;;;;
17334;Stenkamp, Ann-Christin;;;;
17335;Stenten, Marlene;;;;
17336;Stenzel, Andrea;;;;
17337;Stenzhorn, Brigitte;;;;
17338;Stenzhorn, Udo;;;;
17339;Stepan, Thomas;;;;
17340;Stephan;;;;
17341;Stephan, Angelika;;;;
17342;Stephan, Dennis;;;;
17343;Stephan, Ingo;;;;
17344;Stephan, Mona;;;;
17345;Stephan, Winfried;;;;
17346;Stephan, Wolfgang;;;;
17347;Stephani, Claus;;;;
17348;Stephans, Hans;;;;
17349;Stephens, Rubi;;;;
17350;Steppat, Marten;;;;
17351;Steps, Petra;;;;
17352;Sterayon, Stejn;;;;
17353;Sterba, Maximilian;;;;
17354;Sterbling, Anton;;;;
17355;Stergiannis, Stefan;;;;
17356;Sterling, Joanna;;;;
17357;Sterling, Maury;;;;
17358;Sterling, Miss Tiffany;;;;
17359;Sterly-Paulsen, Christine;;;;
17360;Stermann, Dirk;;;;
17361;Stern, Animusa;;;;
17362;Stern, Anna;;;;
17363;Stern, Annemarie;;;;
17364;Stern, Beatrice;;;;
17365;Stern, Laura A.;;;;
17366;Stern, Laura Artemis;Laura A Stern;weiblich;38;https://www.facebook.com/ArtemisStern
17367;Stern, Lisa;;;;
17368;Stern, Yuki;;;;
17369;Sternberg, Emma;;;;
17370;Sternecker, Julia;;;;
17371;Sterner, Karin;;;;
17372;Sternfeld, Nicola;;;;
17373;Sternitzke, Sonja;;;;
17374;Sternmut, Norbert;;;;
17375;Sternschnuppe, Rigi;;;;
17376;Sterntaler, Marlies;;;;
17377;Stetter, Andreas;;;;
17378;Stettler, Monica;;;;
17379;Steuer (illustration), Frank-Helge;;;;
17380;Steuer, Enrico;;;;
17381;Steuer, Petra;;;;
17382;Steuten, Barbara;;;;
17383;Steven, Collin;;;;
17384;Stevens, Alenor J.;;;;
17385;Stevens, Hannah;;;;
17386;Stevens, Summer;;;;
17387;Stevenson, Robert Louis;;;;
17388;Stewen, Meike;;;;
17389;Stich, Maria;;;;
17390;Sticher, Bettina;;;;
17391;Stichmann, Andreas;;;;
17392;Sticht, Wolfgang;EldritchMindTales;männlich;44;http://www.eldritch-mind-tales.com/
17393;Stickelbroeck, Klaus;;;;
17394;Sticklies, Andreas;;;;
17395;Stiefvater, Maggie;;;;
17396;Stiegen, Lukas;;;;
17397;Stieger, Theo;;;;
17398;Stieghan, Barbara;;;;
17399;Stieglitz, Manfred;;;;
17400;Stieglitz, Olaf;;;;
17401;Stiel, Josef;;;;
17402;Stieler, Birgit;;;;
17403;Stielow, Christian;;;;
17404;Stiels-Glenn, Michael;;;;
17405;Stienen-Hoffmann, Ulrike;;;;
17406;Stier, Claus;;;;
17407;Stier, Kattrin;;;;
17408;Stierl, Christa;;;;
17409;Stiewi, Dieter;;;;
17410;Stift, Linda;;;;
17411;Stift, Mine &. Hilde;;;;
17412;Stift-Laube, Andrea;;;;
17413;Stifter, Adalbert;;;;
17414;Stigulinszky, Roland;;;;
17415;Stil, Ela;;;;
17416;Still, Katherine;;;;
17417;Stiller, Cat;;;;
17418;Stiller, Veit;;;;
17419;Stingl, Günther;;;;
17420;Stingl, Kiev;;;;
17421;Stingl, Werner;;;;
17422;Stipetic, Blanka;;;;
17423;Stippinger, Christa;;;;
17424;Stirling, Glenn;;;;
17425;Stirnimann, Elisabeth J.;;;;
17426;Stisser, Friedeborg;;;;
17427;Stitz, Ilka;;;;
17428;Stix, Veronika M.;;;;
17429;Stobäus, Janne;;;;
17430;Stock, Ernst;;;;
17431;Stock, Manfred;;;;
17432;Stock, Oskar;;;;
17433;Stock, Wolf-Dietmar;;;;
17434;Stockbauer, Siegfried;;;;
17435;Stocker, Monika;;;;
17436;Stocker, Peter;;;;
17437;Stocker, Sabrina;;;;
17438;Stocker, Viola;;;;
17439;Stocker-Bucher, Melanie;;;;
17440;Stockert, Franz von;;;;
17441;Stockinger, Daniela;;;;
17442;Stockinger, Johann;;;;
17443;Stockmar, Roland;;;;
17444;Stodian, Marlene;;;;
17445;Stoesser, Achim;;;;
17446;Stoffel, Rosemarie;;;;
17447;Stofferin, Hildegard;;;;
17448;Stoffers, Noah;;;;
17449;Stoffers, Sarah;;;;
17450;Stohl, Peter;;;;
17451;Stohr-Niklas, Matthias;;;;
17452;Stoifl, Erika;;;;
17453;Stoldt, Ev;;;;
17454;Stoll, Angela;;;;
17455;Stoll, Arne;;;;
17456;Stoll, Beatrice;;;;
17457;Stoll, Elke;;;;
17458;Stoll, Heinrich Alexander;;;;
17459;Stolle, Anne;;;;
17460;Stolle, Brigitte Anna;;;;
17461;Stolle, Oliver;;;;
17462;Stolle, Ramona;;;;
17463;Stollenwerk-Gans, Lian;;;;
17464;Stoltenberg, Annemarie;;;;
17465;Stolz, Monika;;;;
17466;Stolz, Rolf;;;;
17467;Stolze, Alisa;;;;
17468;Stolze, Patrick F. H.;;;;
17469;Stolzenberger, Günter;;;;
17470;Stommel, Maria Anna;;;;
17471;Stommel, Yves Gorat;;;;
17472;Stone, Casey;;;;
17473;Stone, Deborah B.;;;;
17474;Stone, Mariah;;;;
17475;Stone, Marylies;Sweet Mary;weiblich;;
17476;Stone, Phil;;;;
17477;Stone, R. S.;;;;
17478;Stone, Robin;;;;
17479;Stonet, Walther;;;;
17480;Storck, Christine;;;;
17481;Storck, Margret;;;;
17482;Storck-Duvenbeck, Katharina;;;;
17483;Stordeur, Rochus;;;;
17484;Storer, Marga;;;;
17485;Storl, Wolf-Dieter;;;;
17486;Storm, Emma;Emma Storm;weiblich;24;
17487;Storm, Gentle;Gentle Storm;weiblich;31;
17488;Storm, Hans Hermann;;;;
17489;Storm, Theodor;;;;
17490;Stormchild, Luzilyo;Luzilyo;männlich;32;
17491;Stormhouse, Mary;;;;
17492;Storni, Alfonsina;;;;
17493;Storz, Claudia;;;;
17494;Stosiek, Peter;;;;
17495;Stosik, Claudia;;;;
17496;Stowe, Harriet Beecher;;;;
17497;Straach, Harry;;;;
17498;Strachota, Elfriede;;;;
17499;Strachwitz, Hubertus-Kraft von;;;;
17500;Strack, Caroline;;;;
17501;Strack, Karsten;;;;
17502;Strada, Nadja;;;;
17503;Straeter, Ilse;;;;
17504;Straeter, Ulrich;;;;
17505;Straetling, Renate;;;;
17506;Strahalm, Werner;;;;
17507;Straka, Gabriele;;;;
17508;Stranzl, Nicole;;;;
17509;Strasser, Brigitte;;;;
17510;Strasser, Elisabeth;;;;
17511;Strasser, Franz;;;;
17512;Strasser, Hermann;;;;
17513;Strasser, Johano;;;;
17514;Strasser, Ruth;;;;
17515;Strasser, Ute Stefanie;;;;
17516;Strassmann, Burkhard;;;;
17517;Stratmann, Edina;;;;
17518;Stratmann, Gerry;;;;
17519;Stratmann, Philip;;;;
17520;Straub, Isabella;;;;
17521;Straub, Roland;;;;
17522;Straub-Klein, Ilsemarie;;;;
17523;Strauch, Bianca;;;;
17524;Strauch, Eberhard;;;;
17525;Strauch, Thomas;;;;
17526;Straumer, Ingrid;;;;
17527;Straus-Ernst, Louise;;;;
17528;Strauss, Ben;;;;
17529;Strauss, Jo;;;;
17530;Straussberger, Katharina;;;;
17531;Strausz, Sandra-Michelle;;;;
17532;Strauß, Andy;;;;
17533;Strauß, Anja;;;;
17534;Strauß, Botho;;;;
17535;Strauß, Britta;;;;
17536;Strauß, Claudia C.;;;;
17537;Strauß, Ingeborg;;;;
17538;Strauß, Julian;;;;
17539;Strauß, Jutta;;;;
17540;Strauß, Uwe;;;;
17541;Strauß, Wolfgang R.;;;;
17542;Strawberry, Jess;JessStrawberry;weiblich;30;
17543;Straß, Waltraud;;;;
17544;Straßburg, Hans-Jürgen;;;;
17545;Straßer, Bernhard;;;;
17546;Straßer, Christoph;;;;
17547;Straßer, Marcus;;;;
17548;Straßner, Siegfried;;;;
17549;Strebe, Bert;;;;
17550;Strebler, Guido;;;;
17551;Streck, Carolin;;;;
17552;Streckert, Hubert;;;;
17553;Streeruwitz, Marlene;;;;
17554;Strehl, Heinz;;;;
17555;Strehle, Heidi;;;;
17556;Strehle, Sarah;;;;
17557;Strehler, Stefan;;;;
17558;Streib-Brzic, Uli-Christiane;;;;
17559;Streichenberg, Susi;;;;
17560;Streicher, Ingrid;;;;
17561;Streicher, Wolfgang;;;;
17562;Streifinger, Renate;;;;
17563;Streisand, Lea;;;;
17564;Streit, Marcel;;;;
17565;Strelka, Joseph P.;;;;
17566;Streng Zensiert!, Zensiert!;Yazce;weiblich;;http://animexx.onlinewelten.com/mitglieder/steckbrief.php?id=787852
17567;Streng, Vanessa;;;;
17568;Streng, Wildis;;;;
17569;Strese, Ruedi;;;;
17570;Stressenreuter, Jan;;;;
17571;Stretton, Hesba;;;;
17572;Streuf, Ralph Michael Erich;;;;
17573;Stricker, Hans-Heinrich;;;;
17574;Stridde, Christina;;;;
17575;Striebe, Melanie;;;;
17576;Striepe, Ursula;;;;
17577;Strigl, Daniela;;;;
17578;Strigoi, Master;MasterStrigoi;weiblich;;
17579;Stritzelberger, Sarah;;;;
17580;Strobach, Kathleen;;;;
17581;Strobel, Arno;;;;
17582;Strobel, Bernhard;;;;
17583;Strobel, Daniela;;;;
17584;Strobel, Jutta;;;;
17585;Strobl, Karl Hans;;;;
17586;Strobl, Philip;;;;
17587;Stroetmann, Sabine;;;;
17588;Stroh, Sven;;;;
17589;Stroh, Valentina;;;;
17590;Strohm, Judith H.;;;;
17591;Strohmeier, Wilfried;;;;
17592;Strohmeyer, Rudolf;;;;
17593;Strohmeyer, Thomas;;;;
17594;Stroke, Carol;;;;
17595;Strolz, Christoph;;;;
17596;Strolz, Manfred;;;;
17597;Stroman, Anke;;;;
17598;Stromeyer, Klaus;;;;
17599;Stroner, Uwe;;;;
17600;Strong, Celeste;;;;
17601;Strong, Ricky;;;;
17602;Stroot, Anja;;;;
17603;Stroughton, Maurice Evelyn;;;;
17604;Strozyk, Ruth;;;;
17605;Strubel, Antje Rávik;;;;
17606;Struck, Johannes;;;;
17607;Struck, Laura;;;;
17608;Struckmeyer, Hartwig;;;;
17609;Struhar, Stanislav;;;;
17610;Struif, Brigitte;;;;
17611;Strunk, Patricia;;;;
17612;Strunk, Reiner;;;;
17613;Strunz, Anke;;;;
17614;Strupat, Mareike Lea;;;;
17615;Strysewske, Lelia;;;;
17616;Strzalka, Jutta;;;;
17617;Strässle, Thomas;;;;
17618;Sträter, Hans;;;;
17619;Sträter, Hans-Jürgen;;;;
17620;Sträter, Nina;;;;
17621;Sträter, Torsten;;;;
17622;Strätling, Ulrike;;;;
17623;Strätling, Ursula;;;;
17624;Ströbl, Maria;;;;
17625;Ströle, Markwald;;;;
17626;Strüber, Gudrun;;;;
17627;Strübing, Monika;;;;
17628;Strümpel, Jan;;;;
17629;Strüven, R.;;;;
17630;Strüven, Reinhard;;;;
17631;Stubbe, Wilfried;;;;
17632;Stubendorff, Tanja;;;;
17633;Stuck, Rainer;;;;
17634;Stucken, Eduard;;;;
17635;Stude, Miriam;;;;
17636;Studemund, Maaike;;;;
17637;Student*innen der Goethe-Universität;;;;
17638;Studer, Edgar;;;;
17639;Studer, Liliane;;;;
17640;Studierende des Fachbereichs Literatur;;;;
17641;Studierende des Instituts für Sprachkunst an der Universität für angewandte Kunst in Wien;;;;
17642;Stuke, Martin;;;;
17643;Stumbauer, Ulla;;;;
17644;Stumfall, Florian;;;;
17645;Stump, Claudia;;;;
17646;Stumpf, Andrea;;;;
17647;Stumpf, Martin;;;;
17648;Stumpf, Walter;;;;
17649;Stumpp, Ralf;;;;
17650;Stupetzky, Stefan;;;;
17651;Sturm, Andreas M.;;;;
17652;Sturm, Maya;;;;
17653;Sturm, Philipp;;;;
17654;Sturm, Thorman;;;;
17655;Sturmbauer, Ulla;;;;
17656;Sturmbluth, Henrick;;;;
17657;Sturmbluth, Henrik;;;;
17658;Sturt, Wolf-Henry;;;;
17659;Stutz, Wolfram;;;;
17660;Styles, Jeanette;jeanettestyles;weiblich;24;http://jeanettestyles.hat-gar-keine-homepage.de/
17661;Stäheli, Erwin;;;;
17662;Stähler, Sabine;;;;
17663;Stählin-Tschanz, Betli;;;;
17664;Stährmann, Birte;;;;
17665;Stöbe, Norbert;;;;
17666;Stöckel, Helfried;;;;
17667;Stöckel, Reinhard;;;;
17668;Stöckemann-Paare, Yvonne;;;;
17669;Stöcken, Julia Lalena;;;;
17670;Stöckl, Josef Albert;;;;
17671;Stöckle, Johannes;;;;
17672;Stöckler, Tatjana;;;;
17673;Stöckli, Rainer;;;;
17674;Stöger, Christina;;;;
17675;Stöger, Herbert Christian;;;;
17676;Stöger, Peter;;;;
17677;Stögerer, Daniel;;;;
17678;Stössel, Béatrice;;;;
17679;Stösser, Achim;;;;
17680;Stössinger, Verena;;;;
17681;Stöver, Enno;;;;
17682;Stöß, Uwe;;;;
17683;Stößer, Achim;;;;
17684;Stößlein, Doris;;;;
17685;Stü, Jo;;;;
17686;Stüber, Robert Ernst Friedrich;;;;
17687;Stübinger, Walter;;;;
17688;Stübner, Gerhard;;;;
17689;Stücher, Siegmar;;;;
17690;Stührenberg, Michael;;;;
17691;Stührwoldt, Matthias;;;;
17692;Stümke, Jürgen;;;;
17693;Stünkel, Sandra;;;;
17694;Stünzi, Charles;;;;
17695;Stürmer, Andreas;;;;
17696;Stürmer, Günter;;;;
17697;Stürmer, Irmgard;;;;
17698;Stüsser, Jochen;;;;
17699;Stüsser-Simpson, Jochen;;;;
17700;Stütz, Timm;;;;
17701;Stützer, Sarina;;;;
17702;Stüwe, Rüdiger;;;;
17703;Suarez, Mirabelle;;;;
17704;Subotzky, Milton;;;;
17705;Suchanek, Andreas;;;;
17706;Suchland, Frank;;;;
17707;Suchland, Klaus-Henning;;;;
17708;Suckert, Daniel;;;;
17709;Suckow, Britta;;;;
17710;Sudermann, Hermann;;;;
17711;Sudhoff, Dieter;;;;
17712;Sue, Mary;;;;
17713;Suermann, Ralf;;;;
17714;Sueße, Thorsten;;;;
17715;Suing, Madeline;;;;
17716;Sukov, Leander;;;;
17717;Suleiman, Ala'a;;;;
17718;Sullivan, Juliane;TheRevsLittleAngel;weiblich;29;
17719;Sulzer, Alain Claude;;;;
17720;Sumarno, Devin;;;;
17721;Sumik, Harald;;;;
17722;Summa, Merlin M.;;;;
17723;Summer, B. G.;;;;
17724;Summer, Carolin;;;;
17725;Summer, Drea;;;;
17726;Summer, Halo;;;;
17727;Summer, Jane;;;;
17728;Summer, Lotte;;;;
17729;Summer, Mimi;;;;
17730;Summers, Mila;;;;
17731;Sumpf, Silvia;;;;
17732;Sund, Matti;;;;
17733;Sunrise69;;;;
17734;Superhirn, Rosenlolly;Rosenlolly;weiblich;;
17735;Superior, Sora;SakuPuralove;weiblich;31;http://sora-superior.blogspot.com/
17736;Supersaxo, Enzo;;;;
17737;Surber, Peter;;;;
17738;Surborg, Lisanne;;;;
17739;Surion, Valanna;Valanna;weiblich;28;
17740;Surmann, Volker;;;;
17741;Surminski, Arno;;;;
17742;Surra, Kerstin;;;;
17743;Susen, Gerd-Hermann;;;;
17744;Suska-Zerbes, Peter;;;;
17745;Sutcliff, Aiyana;Elli-tan;weiblich;;
17746;Sutcliffe, Silke;;;;
17747;Sutcliffe, Soppe;Fraeulein-Sutcliffe;weiblich;27;
17748;Suter, Angela;;;;
17749;Suter, Maike;;;;
17750;Suter, Martin;;;;
17751;Sutter, Veronika;;;;
17752;Suttner, Bertha von;;;;
17753;Sutton, Jeff;;;;
17754;Svancara, Toni;;;;
17755;Svandrlik, Rita;;;;
17756;Svatek, Kurt F.;;;;
17757;Svenson, Sven;;;;
17758;Svetkovic, Samson;;;;
17759;Svoboda, Ingrid;;;;
17760;Swagger, Scythe Strider;xxSensexx;weiblich;28;http://www.xxeirixx.deviantart.com/
17761;Swan, Jonathan;;;;
17762;Swanstone, Lord;;;;
17763;Swatoch, Mirko;;;;
17764;Sweet, Mrs.;Cupcakechen;weiblich;23;
17765;Swennen-Schlick, Ulrike;;;;
17766;Swet, Pearl Norton;;;;
17767;Swietek, Lisa;;;;
17768;Swillims, Wolfgang;;;;
17769;Swoboda, Mathieu;;;;
17770;Sydow, Helmut;;;;
17771;Sydow, René;;;;
17772;Sykes, Oliver;olobersykes;männlich;23;
17773;Sylejmani, Shqipe;;;;
17774;Sylph, Nina;;;;
17775;Sylvester, Christine;;;;
17776;Sylwa, Tine;;;;
17777;Symann, Siegfried;;;;
17778;Symanzik, Steffi;;;;
17779;Symon, K. H.;;;;
17780;Symons, Arthur;;;;
17781;Symphonie, Dark;DarkSymphonie;weiblich;;
17782;Synold, Friedrich Heinrich;;;;
17783;Syrch, S. M.;;;;
17784;Syrg, Orlando;;;;
17785;Szabo, Oskar;;;;
17786;Szabo, Susan;;;;
17787;Szabor, Byron;;;;
17788;Szabó, Peter;;;;
17789;Szallay-Grasser, Ulrike;;;;
17790;Szanto, Henrik;;;;
17791;Szczepański;;;;
17792;Szczerbowska-Prusevicius, Katarzyna;;;;
17793;Szenessy, Maxim;;;;
17794;Szillus, Heidrun;;;;
17795;Szubstarska, Gabriela;;;;
17796;Szymanek, Lisa Marie;;;;
17797;Szymanski, Birgit;;;;
17798;Szymanski, Hans;;;;
17799;Szyndler, Gregor;;;;
17800;Szyszkowitz, Gerald;;;;
17801;Sánchez, Bärbel;;;;
17802;Sägesser Wittmer, Verena;;;;
17803;Sägesser, Daniel;;;;
17804;Sämisch, Markus;;;;
17805;Säring, Heinz;;;;
17806;Sättler, Rosel;;;;
17807;Sölkner, Kurt;;;;
17808;Söllner, Johanna;;;;
17809;Söllner, Werner;;;;
17810;Sölter, Christian Friedrich;;;;
17811;Südbeck, Anne;;;;
17812;Südhoff, Julius;;;;
17813;Sültz, Renate;;;;
17814;Sültz, SÜLTZ;;;;
17815;Sültz, Uwe Heinz;;;;
17816;Sünder, Björn;;;;
17817;Sündermann, Erich;;;;
17818;Süss, Birgit;;;;
17819;Süße-Krause, Uta;;;;
17820;Süßenguth, Mario;;;;
17821;Sāhanī, Bhīṣma;;;;
17822;T., Jojo;Yogurette;weiblich;;
17823;T., R.;TwoRealities;männlich;20;
17824;Tabaczek, Joachim;;;;
17825;Tach, Claudia;;;;
17826;Tack, Helmut;;;;
17827;Taddeo, Yvonne;Yvy74;weiblich;;http://yvonnetaddeo.blogspot.com/?m=0
17828;Tafner, Hans T.;;;;
17829;Tag, Anni;;;;
17830;Tagore, Rabindranath;;;;
17831;Tahayori, Sina;;;;
17832;Tahedl, Rosa;;;;
17833;Tailor, Sonny;;;;
17834;Takagi, Julia;;;;
17835;Takeda, Kenji;;;;
17836;Tal, Chant;Chant Tal;männlich;32;
17837;Tal, Talira;;;;
17838;Talejoy, Kim S.;;;;
17839;Talis, Christin van;;;;
17840;Taller, Claudia;;;;
17841;Tallowitz, Thomas;;;;
17842;Tamaris, Nadja;;;;
17843;Tamcke, Karin;;;;
17844;Tamm, Jeanette;;;;
17845;Tammen, Johann P.;;;;
17846;Tampe, Andreas;;;;
17847;Tamura, Sayuri;NusiruCat;weiblich;;http://ask.fm/SayuriMae
17848;Tamà, Anna;;;;
17849;Tanck, Birgit;;;;
17850;Tangye, Derek;;;;
17851;Tank, Marita;;;;
17852;Tank, Wulfhild;;;;
17853;Tanke, Wolfgang;;;;
17854;Tannenberger, Angela;;;;
17855;Tanner, Katharina;;;;
17856;Tanner, Quin;;;;
17857;Tannheimer, Stephanie;;;;
17858;Tannhäuser, Sylke;;;;
17859;Tannhäuser, Till;;;;
17860;Tantius, Tobias;;;;
17861;Tantow, Lutz;;;;
17862;Tanzella, Cinzia;;;;
17863;Tanzer, Johann Friedrich;;;;
17864;Tanzer, Juta;;;;
17865;Tao, Kisama;KisamaTao;;;
17866;Tapión, Michel;;;;
17867;Tappen, Silke;;;;
17868;Tara, Samira;;;;
17869;Tarach (illustrations), Anna;;;;
17870;Tari, Robert;;;;
17871;Taschler, Judith W.;;;;
17872;Tashinskiy, Aleksey;;;;
17873;Tasou, Anne;;;;
17874;Tassin, Nicolas;;;;
17875;Tattyrek, Karl;;;;
17876;Taub, German;;;;
17877;Tauber, Reinhold;;;;
17878;Taubitz, Monika;;;;
17879;Taucher, Kerstin;Crypta;weiblich;33;
17880;Tauchnitz, Ilse;;;;
17881;Tauck, Karin;;;;
17882;Tauer, Karin;;;;
17883;Taufertshöfer, Xenia;;;;
17884;Taufiq, Suleman;;;;
17885;Taumberger, Andrea;;;;
17886;Taus, Ina;;;;
17887;Tautorus, Tom;;;;
17888;Tautz, Magnus;;;;
17889;Tautzt, Raphaela;;;;
17890;Taybke, WelshGirl;WelshGirl;weiblich;30;http://filmkritiken-wieselbee.de.tl/
17891;Tayebbeh Khoshmashrab, Melanie;;;;
17892;Tayler, Beatybeast;Beatybeast;weiblich;33;
17893;Tayler, Romy;;;;
17894;Taylor, Catherine;;;;
17895;Taylor, Kathrine Kressmann;;;;
17896;Taylor, Trinity;;;;
17897;Tea Loewe, Tea;;;;
17898;Team, Dream;Dream-Team;weiblich;;
17899;Tear, Asmodina;;;;
17900;Tebel-Nagy, Claudia;;;;
17901;Techet, Carl;;;;
17902;Tee, Erna;;;;
17903;Teebeutel, Luna;herbstkaelte;weiblich;24;http://luna.hat-gar-keine-homepage.de/
17904;Teegen, Petra;;;;
17905;Teetz, Joachim;;;;
17906;Tegeler, Gertrud;;;;
17907;Tegen, Irina;;;;
17908;Tegethoff, Michaela;;;;
17909;Tei, Sualah;;;;
17910;Teibert, Ortwin;;;;
17911;Teicher, Sarah;;;;
17912;Teicher-Maier;;;;
17913;Teichert, Petra;;;;
17914;Teichmann, Steffi;;;;
17915;Teichmann, Wulf;;;;
17916;Teimer, Katharina;;;;
17917;Teipel, Jürgen;;;;
17918;Teissl, Christian;;;;
17919;Teitz, Gaby;;;;
17920;Tekautz, Florian;;;;
17921;Tekook, Wolf;;;;
17922;Teleki, János;;;;
17923;Telker, Björn;Porni;männlich;37;
17924;Telker, Christina;;;;
17925;Teller, Nina;;;;
17926;Tellkamp, Uwe;;;;
17927;TellmeallmySundays, Ich,Q;Straw28;weiblich;;https://straw27.blogspot.com/?m=1
17928;Temare, Maren;;;;
17929;Temme, Maike;;;;
17930;Temmel, Edith;;;;
17931;Tempest, Seymour C.;;;;
17932;"Templiner, Christian ""Bär""";;;;
17933;Ten'o, Nicoleta Craita;;;;
17934;Tenecor, Fynnley;BlackDeer;männlich;23;
17935;Teng, Tais;;;;
17936;Tengler, Lori;;;;
17937;Tenschert, Nora;;;;
17938;Tenshi, Mayla;Mondgraefin;weiblich;23;
17939;Tenshi, Shino;Shino Tenshi;;37;https://www.shinotenshi.de
17940;Tente, Anne;;;;
17941;Teodorczyk, Volker;;;;
17942;Teply, Lisa;;;;
17943;Ter-Nedden, Barbara;;;;
17944;Teratos, Moe;;;;
17945;Terborg, Felix;;;;
17946;Terboven, Nicola;;;;
17947;Terek, Daniel;;;;
17948;Terlep, Heidelore;;;;
17949;Terpoorten, Heidi;;;;
17950;Tertinegg, Peter;;;;
17951;Teruel, Sebastian;;;;
17952;Tervooren, Daniel;;;;
17953;Terzyiska, Elena;;;;
17954;Tesch, Gerd;;;;
17955;Teschner, Christiane;;;;
17956;Teske, Günter;;;;
17957;Teske, Martin;;;;
17958;Teske, Petra;;;;
17959;Tesselaar, Ruth;;;;
17960;Tessendorf, Petra;;;;
17961;Tessmann, Heiko;;;;
17962;Teuber, Nadine;;;;
17963;Teuber, Seraphina;;;;
17964;Teuffer, Monika;;;;
17965;Teufl-Heimhilcher, Brigitte;;;;
17966;Teuner, Jan-Mikael;;;;
17967;Teusch, Tanja;;;;
17968;Teuscher, Lydia;;;;
17969;Teut, Matthias;;;;
17970;Tewes, Chris;;;;
17971;Tewes, Regine;;;;
17972;Tewes, Wolfram;;;;
17973;Tewesen, Werner O.;;;;
17974;Tewordt, Lizzy;;;;
17975;Thain;;;;
17976;Thalemann, Silvia;;;;
17977;Thaler, Barbara;;;;
17978;Thalhofer, Florian;;;;
17979;Thalion, Nathanael;Nathanael-Thalion;weiblich;34;
17980;Thaller, Andreas;;;;
17981;Thamm, Andreas;;;;
17982;Tharayil, Ralph;;;;
17983;Tharayil, Sarina;;;;
17984;The Ko, Gien;;;;
17985;The Real Ash;;;;
17986;TheWriter, Chanti;WritingSniper;divers;22;
17987;Theimann, Sara;;;;
17988;Thein, Heinrich;;;;
17989;Theiner, Jürgen;;;;
17990;Theisen, Edith;;;;
17991;Theisen, Manfred;;;;
17992;Theisen, Sascha;;;;
17993;Theiss, Ella;;;;
17994;Theiß, Mikey L.;;;;
17995;Theiß, Wilfried;;;;
17996;Then, Cäcilia;;;;
17997;Thenardier, Eponine;Eponine;weiblich;37;
17998;Theobald, Isa;;;;
17999;Theobald, Paul;;;;
18000;Theobald, Stefanie;;;;
18001;Theobaldy, Jürgen;;;;
18002;Theymann, Paul-Gerhard;;;;
18003;Thieke, Werner;;;;
18004;Thiel, Andreas;;;;
18005;Thiel, Andreas Lothar;;;;
18006;Thiel, Fred A.;;;;
18007;Thiel, Georg;;;;
18008;Thiel, Manuela;;;;
18009;Thiele, Andrea;;;;
18010;Thiele, Gerd;;;;
18011;Thiele, Hagen;;;;
18012;Thiele, Heidi S.;;;;
18013;Thiele, Katrin;;;;
18014;Thiele, Krista;;;;
18015;Thiele, Marianne;;;;
18016;Thiele, Renata Anna;;;;
18017;Thiele, Victoria;;;;
18018;Thiele-Messow, Helga;;;;
18019;Thielicke, Helmut;;;;
18020;Thielmann, Martin;;;;
18021;Thiem, Jana;;;;
18022;Thieme, Bernhard;;;;
18023;Thieme, Christian;;;;
18024;Thieme, Friedrich;;;;
18025;Thieme, Mandy;;;;
18026;Thierling, Manfred;;;;
18027;Thiesies, Elke;;;;
18028;Thieswald-Schechter, Beate;;;;
18029;Thietz-Bartram, Antje;;;;
18030;Thinius, Maria;;;;
18031;Thissen, Werner;;;;
18032;Thode, Horst;;;;
18033;Tholen, Brigitte;;;;
18034;Tholl, Anke;;;;
18035;Thom, Anne;CetraSephiroth;weiblich;32;
18036;Thom, Burkhard;;;;
18037;Thoma, Erwin;;;;
18038;Thoma, Ludwig;;;;
18039;Thoma, Michèle;;;;
18040;Thomas M., Meine;;;;
18041;Thomas, Andrea;;;;
18042;Thomas, Anna K.;;;;
18043;Thomas, Berger;;;;
18044;Thomas, Christopher Lorenzo;;;;
18045;Thomas, Ele;;;;
18046;Thomas, Janina;;;;
18047;Thomas, Jens;;;;
18048;Thomas, Jonathan;;;;
18049;Thomas, Jürgen;;;;
18050;Thomas, Manfred;;;;
18051;Thomas, Merlin;;;;
18052;Thomas, Nadine;;;;
18053;Thomas, P.C.;;;;
18054;Thomas, Ruth Maria;;;;
18055;Thomas, Sabine;;;;
18056;Thomas, Salina Petra;;;;
18057;Thomas, Vincent Theodor;;;;
18058;Thomaßen, Annika;;;;
18059;Thomma, Lena;;;;
18060;Thompson, C. Hall;;;;
18061;Thompson, Marisa;;;;
18062;Thoms, Philipp;;;;
18063;Thomsen, Sinja;;;;
18064;Thomsen, Sophia;;;;
18065;Thonhauser-Merk, Brigitte;;;;
18066;Thormählen, Axel;;;;
18067;Thorn, Almud;;;;
18068;Thorn, Thyra;;;;
18069;Thorne, Adrian;;;;
18070;Thorstad, Raik;;;;
18071;Thoß, Claudia;;;;
18072;Thoß, Rosemarie;;;;
18073;Thraford, Jacky;aMillionDreams;weiblich;;
18074;Thranduilion, Nici;NiciRawr;weiblich;29;http://nilythedwelfie.tumblr.com/
18075;Throll, Anette;;;;
18076;Thul, Jan-Niclas;;;;
18077;Thum, Christine;;;;
18078;Thum, Rolf;;;;
18079;Thumann, Thomas;;;;
18080;Thumser, C. I.;;;;
18081;Thumser, Michael;;;;
18082;Thurand, Carsten Bernd;;;;
18083;Thurau, Matthias;;;;
18084;Thurm, Jutta;;;;
18085;Thurn, Bernhard;;;;
18086;Thurner, Michael Marcus;;;;
18087;Thönder, Herr;;;;
18088;Thöring, Wilhelm;;;;
18089;Thörmer, KW;;;;
18090;Thörner, Maren;;;;
18091;Thürer, Hans;;;;
18092;Thüringer, Jonas;;;;
18093;Tibus, Renate;;;;
18094;Tide, Sarah K.;;;;
18095;Tidl, Christine;;;;
18096;Tidén, Frederik;;;;
18097;Tiede, Lina;;;;
18098;Tiedje, Uwe;;;;
18099;Tielsch, Ilse;;;;
18100;Tiemann, Rainer;;;;
18101;Tier, Kuschel;kuschel-tier;weiblich;;
18102;Tiesbohnenkamp, Larissa;;;;
18103;Tiessen-Lehmann, Andrea;;;;
18104;Tieste, Kristy;;;;
18105;Tieste, Sabine;;;;
18106;Tietgen, Lena;;;;
18107;Tietjen, Andreas;;;;
18108;Tietke, Lothar;;;;
18109;Tietze, Brigitte;;;;
18110;Tietze, Monika;;;;
18111;Tietze, Rosemarie;;;;
18112;Tietze-Fritz, Paula;;;;
18113;Tiffert, Udo;;;;
18114;"Tiger, ""JJ""";-Black Tiger-;weiblich;;
18115;Tiggelen, Norbert van;;;;
18116;Tigges, Hubertus;;;;
18117;Tigges, John;;;;
18118;Tihany, Arwen;;;;
18119;Tijink, Christine;;;;
18120;Tikatsch, Stephan;;;;
18121;Til, Lilia;;;;
18122;Tilg, Barbara;;;;
18123;Till, Christa Maria;;;;
18124;Till, Dietmar;;;;
18125;Till, Gisela Luise;;;;
18126;Till-Lambrecht, Michael;;;;
18127;Tillenburg, Wiebke;;;;
18128;Tillmann, Andreas;;;;
18129;Tillmann, Maria;;;;
18130;Tillmann, Michael;;;;
18131;Tillmann, Rüdiger;;;;
18132;Tillmanns, Andrea;;;;
18133;Tilscher, Hans;;;;
18134;Timm, Andrea;;;;
18135;Timm, Fred;;;;
18136;Timm, Susanne;;;;
18137;Timm, Uwe;;;;
18138;Timmerberg, Helge;;;;
18139;Timmler, Chadidja;;;;
18140;Timon, Andrè;;;;
18141;Timpen, Claudia;;;;
18142;Timpen, Marcel;;;;
18143;Tin, Livia;;;;
18144;Tingler, Philipp;;;;
18145;Tinkelsbergen, Kiki;;;;
18146;Tinker, Rosalie;;;;
18147;Tinkloh, Stefan;;;;
18148;Tinten, Eva;;;;
18149;Tippner, Thomas;;;;
18150;Tiptree, James;;;;
18151;Tirreno-Schneider, Venera;;;;
18152;Tischmann, Frank;;;;
18153;Tisma, Aleksandar;;;;
18154;Titillato, Domenico;;;;
18155;Tjaaaa, Jolina;jolina-hp;weiblich;19;
18156;Tjaden, Heinz-Peter;;;;
18157;Tjärnväg, Larissa;;;;
18158;Toan, Dinh Ho;;;;
18159;Toccato, Marco;;;;
18160;Tod, Gevatterin;bloodily;weiblich;;
18161;Todisco, Marco;;;;
18162;Todisco, Vincenzo;;;;
18163;Todoroski, Christian;;;;
18164;Todorova, Danka;;;;
18165;Todorovic, Todor;;;;
18166;Tofall, Sebastian H.;;;;
18167;Toifl, Evelyn;;;;
18168;Tok, Paige;;;;
18169;Tokar-Khan, Natalia;;;;
18170;Tolkien, J. R. R.;;;;
18171;Toller, Ernst;;;;
18172;Tolliver, Harlow;kiria;weiblich;33;
18173;Tolstoi, Leo;;;;
18174;Tolzien, Eike-Jürgen;;;;
18175;Tom;;;;
18176;Toma, Hildegard;;;;
18177;Tomalla, Lore;;;;
18178;Toman, Claudia;;;;
18179;Tomas, Valuta;;;;
18180;Tomat, Stephan;;;;
18181;Tomczyk, Anna;;;;
18182;Tomkins, Benjamin;;;;
18183;Tommek, Paul;;;;
18184;Tomshöfer, Markus;;;;
18185;Tomëi, Jürgen von;;;;
18186;Tonch, Annika;;;;
18187;Tondera, Elisabeth;;;;
18188;Tonn, Thomas;;;;
18189;Toon, Paige;;;;
18190;Tooten, Leonie;;;;
18191;Topnik, Bärbel;;;;
18192;Topol, Sarah A.;;;;
18193;Tor, Au;;;;
18194;Torberg, Friedrich;;;;
18195;Torossi, Eleni;;;;
18196;Torreck, Ulf;;;;
18197;Torres, Julia;;;;
18198;Torsa, Victoria de;;;;
18199;Tortellini, Horasdor di;;;;
18200;Tosin, Johannes;;;;
18201;Toskani, Anina;;;;
18202;Toso, Karoline;;;;
18203;Tossing, Gudrun;;;;
18204;Tosun, Irene;;;;
18205;Toth, Clara Aimée;;;;
18206;Toulouse, Ruben;;;;
18207;Towara, Werner;;;;
18208;Tower, Wells;;;;
18209;Town, Lana;Gelbblau;weiblich;26;
18210;Tozzi, Federigo;;;;
18211;Traber, Ursula;;;;
18212;Trabert, Sabine;;;;
18213;Trageser, Martin;;;;
18214;Traian, Pop;;;;
18215;Traitler, Reinhild;;;;
18216;Trallori, Lisbeth Nadia;;;;
18217;Tramberger, Hildegard;;;;
18218;Trambow, Stefanie;;;;
18219;Trampau, Lothar;;;;
18220;Trapp, Aliana;Aliana Trapp;weiblich;24;
18221;Trapp, Barbara;;;;
18222;Trapp, Hans-Georg;;;;
18223;Trappl, Richard;;;;
18224;Trauf, T.;;;;
18225;Trauf, Thomas;;;;
18226;Traugott, Sebastian;Mister Dark;männlich;;
18227;Traum, Eberhard;;;;
18228;Traun, Philipp;;;;
18229;Traupe, Julius;;;;
18230;Trausch, Christel;;;;
18231;Trausmuth, Gudrun;;;;
18232;Trauth, Christoph;;;;
18233;Trautmannsberger, Gerhard;;;;
18234;Travnicek, Cornelia;;;;
18235;Traxler, Eleonora;;;;
18236;Traxler, Hans;;;;
18237;Trayser, Klaus-Dieter;;;;
18238;Treber, Friedrich;;;;
18239;Trede, Michael;;;;
18240;Treder-Schmidt, Lothar;;;;
18241;Treeck, Dieter;;;;
18242;Treff, Irene;;;;
18243;Treffpunkt Schreiben;;;;
18244;Treiber, Rudolf;;;;
18245;Treichel, Gerhard;;;;
18246;Trelenberg, Thorsten;;;;
18247;Trelle, Henni Marie;;;;
18248;Trelle, Norbert;;;;
18249;Treml, Lois;;;;
18250;Tremp, Benedikt;;;;
18251;Tremél, Georgé;;;;
18252;Trenkle, Franziska;;;;
18253;Trent, Nell;Little Nell Trent;;;
18254;Trentin, Valentin;;;;
18255;Trepesch, Marcus;;;;
18256;Treppe, Leinad;;;;
18257;Trepte, Horst-Volkmar;;;;
18258;Trepte, Mike;;;;
18259;Tress, Sylvia;;;;
18260;Tretter, Ingeborg;;;;
18261;Treudl, Sylvia;;;;
18262;Treuheit, Norbert;;;;
18263;Treumann, Rudolf;;;;
18264;Treutlein, Nils;;;;
18265;Treutler, Gerd-Christian Th.;;;;
18266;Treutner, Beate;;;;
18267;Trevor, William;;;;
18268;Trickster, Inglorious;Trickster616;;41;http://mypsn.eu.playstation.com/psn/profile/BlackWings616.png
18269;Triebe, Katharina;;;;
18270;Triebel, Bärbel;;;;
18271;Trieselmann, Marnie;;;;
18272;Triet, Henri F.;;;;
18273;Trinius, August;;;;
18274;Trinkaus, Sabine;;;;
18275;Trinkler, Hedwig;;;;
18276;Trinkwasser, Kai;;;;
18277;Tripp, Heidi;;;;
18278;Tristesse, Mme;Tristesse;weiblich;;
18279;Tristik, Cylis;Cylis Tristik;divers;;
18280;Troche, Peter;;;;
18281;Trocka, Caroline;;;;
18282;Troi, Heidi;;;;
18283;Troia-Metz, Inge de;;;;
18284;Trojanow, Ilija;;;;
18285;Troll, Dieter;;;;
18286;Troller, Georg Stefan;;;;
18287;Trommer, Franz;;;;
18288;Trommler, Ralf;;;;
18289;Trommler, Silke;;;;
18290;Tropp-Kränzlin, Annelies;;;;
18291;Trost, Hans-Jakob;;;;
18292;Trost, Werner;;;;
18293;Trotzek, Celine;;;;
18294;Trox, Anja;;;;
18295;Truant, Mario;;;;
18296;Trucewitz, Manfred;;;;
18297;Truelove, Violet;;;;
18298;Truhlar, Dalibor;;;;
18299;Trummel, Frank;;;;
18300;Trummer, Silvia;;;;
18301;Truninger, Edith;;;;
18302;Trunitschek, Blanka;;;;
18303;Trunk, Christiane;;;;
18304;Trunk, Katharina;;;;
18305;Trunschke, Olaf;;;;
18306;Truzenberger, Kima;;;;
18307;Trzeciok, Annabelle;AnnabelleSchreibt;weiblich;27;https://annabelleschreibt.wordpress.com/
18308;Träger, Adrienne;;;;
18309;Träger, Gunther;;;;
18310;Träumerin, Anne;Anne-x3;weiblich;29;
18311;Träumerin, Traumtänzerin;raphael97;weiblich;27;
18312;Tröbs, Andreas A.F.;;;;
18313;Tröger, Beate;;;;
18314;Tröger, Karin;;;;
18315;Tröhler, Vanessa;;;;
18316;Trüb-Girardi, Viola;;;;
18317;Trüstedt, Sulu;;;;
18318;Tsakiris, Katharina;;;;
18319;Tsaousidis, Stef;;;;
18320;Tschachtli, Heidi;;;;
18321;Tscharland, Urban;;;;
18322;Tschawdarow, Ivo;;;;
18323;Tschechow, Anton;;;;
18324;Tschechow, Anton Pawlowitsch;;;;
18325;Tscherepanow, Geli;;;;
18326;Tscherne, Reinhold;;;;
18327;Tschierschke, Isa;;;;
18328;Tschinag, Galsan;;;;
18329;Tschirner, Andrea;;;;
18330;Tschirpke, Marco;;;;
18331;Tschopp, Lukas;;;;
18332;Tschudi, Rolf;;;;
18333;Tsekouras, Gerburg;;;;
18334;Tsianios, Stella;;;;
18335;Tsuda, Misato;Misato Tsuda;weiblich;30;
18336;Tsukiyono, Omi;Mamoru Takatori;männlich;;
18337;Tucek, Gerhard;;;;
18338;Tucholsky, Kurt;;;;
18339;Tucker, Wilson;;;;
18340;Tuckermann, Anja;;;;
18341;Tuja;;;;
18342;Tukur, Ulrich;;;;
18343;Tumbrel, Susan;;;;
18344;Tumler, Franz;;;;
18345;Tunn, Edda;;;;
18346;Tunnat, Frederik D.;;;;
18347;Tunnat, Yvonne;;;;
18348;Tupolewa, A.;;;;
18349;Turan, Akif;;;;
18350;Turgenev, Ivan Sergeevič;;;;
18351;Turgenev, Iwan;;;;
18352;Turgenew, Iwan;;;;
18353;Turini, Simona;;;;
18354;Turnau, H. W. S.;;;;
18355;Turovski, Jan;;;;
18356;Turra, Konstantin;;;;
18357;Turrini, Peter;;;;
18358;Turtschi, Tom;;;;
18359;Tuttle, Lisa;;;;
18360;Tuttlies, Frauke;;;;
18361;Tuzak, Feqzjian von;;;;
18362;Twain, Mark;;;;
18363;Twardella, Friederike;;;;
18364;Twaroch, Johannes;;;;
18365;Twele, Ingeborg Elisabeth;;;;
18366;Tyler, Chelsea;;;;
18367;Tyler, Sarina;;;;
18368;Tyler-Holmes, Rose;LilyLunaGranger;;;
18369;Tyrock, Andreas;;;;
18370;Tyson, Donald;;;;
18371;Tzaneva, Magdalena;;;;
18372;Tägder, Susanne;;;;
18373;Täger, Annette;;;;
18374;Tälling, Jan;;;;
18375;Töbermann, Ingrid;;;;
18376;Töglhofer, Theresia;;;;
18377;Tölke, Hildegard;;;;
18378;Tönjes, Maren;;;;
18379;Tönnsen, Alexandra;;;;
18380;Tönsmeier, Dieter;;;;
18381;Töpfer, Bernd;;;;
18382;Töpfer, Matthias;;;;
18383;Törl, Uwe;;;;
18384;Törne, Lars von;;;;
18385;Török, Imre;;;;
18386;Töteberg, Michael;;;;
18387;Tötschinger, Gerhard;;;;
18388;Tübergen, Friedrich;;;;
18389;Türschmann, Martina;;;;
18390;Tüx, Elena C. M.;;;;
18391;Ubbens, Jörg;;;;
18392;Ucher, Holger;;;;
18393;Uchiha, Hiko;Hiko-chan;weiblich;27;
18394;Uchiha, Itachi;Itachi Uchiha 92;männlich;31;http://shikushodouchannel.blogspot.de/
18395;Uchiha, Little;Liittle;weiblich;27;
18396;Uchiha, Midori;forever YOU;weiblich;28;
18397;Uchiha, Sarana;Sarana Uchiha;weiblich;27;
18398;Ucik, Fritz;;;;
18399;Ucik, Hannelore;;;;
18400;Udwari, Christina;;;;
18401;Ueberle-Pfaff, Maja;;;;
18402;Ueberschlag, Doris;;;;
18403;Ueckert, Charlotte;;;;
18404;Ueding, Gert;;;;
18405;Uenal, Susanne;;;;
18406;Uetz, Verena;;;;
18407;Uff., luke yulian;Kleinstadthippie;männlich;24;
18408;Ufholz, F.;;;;
18409;Uggla, Dadalus;;;;
18410;Ugryumova, Anna;;;;
18411;Uhden, Klaus-Dieter;;;;
18412;Uhland, Friedwart;;;;
18413;Uhle, Hans-Joachim;;;;
18414;Uhlendorf, Tobe;;;;
18415;Uhlig, Christian;Densema;männlich;;
18416;Uhlig, Sigrid;;;;
18417;Uhlitzsch, Elvira;;;;
18418;Uhlmann, Klaus J.;;;;
18419;Uhlmann, Leonie;;;;
18420;Uhrmann, Erwin;;;;
18421;Uibel, Bodo;;;;
18422;Uibeleisen, Ronja;;;;
18423;Ulbrich, Daniel;;;;
18424;Ulbrich, Elea Sarah;;;;
18425;Uleer, Maria;;;;
18426;Ulenspeel, Tilli;;;;
18427;Ulfig, Alexander;;;;
18428;Ulland, Sara;Sue Rose;weiblich;31;
18429;Ullmann, John;;;;
18430;Ullmann, Katja;;;;
18431;Ullmann, Verena;;;;
18432;Ullmann, Wolfgang M.;;;;
18433;Ullrich, Lutz;;;;
18434;Ullrich, Mona;;;;
18435;Ullrich, Wolfgang;;;;
18436;Ulmer, Martin;;;;
18437;Ulmer-Leahey, Christiane;;;;
18438;Ulrich, Herbert;;;;
18439;Ulrich, Karin;;;;
18440;Ulrich, Marianne;;;;
18441;Ulrich, Ulrike;;;;
18442;Ulrich, Werner;;;;
18443;Ulrich, Winfried;;;;
18444;Ulthoff, Karin;;;;
18445;Umbach, Armin H.;;;;
18446;Umicewski, Konstantin;;;;
18447;Umwohl, Anselm;;;;
18448;Underberg, Christiane;;;;
18449;Underwood, Sag-ich-nicht;Grover14;männlich;;
18450;Underworld, Alice;AliceInHell;weiblich;28;http://aliceinhell.hat-gar-keine-homepage.de/
18451;Undsoweiter, Sanny;Sannymausi227;weiblich;27;
18452;Unge, Michael J.;;;;
18453;Unger, Markus;;;;
18454;Ungerer, Albert;;;;
18455;Ungerer, Tomi;;;;
18456;Ungetüm, Namenloses;Sternengreifer;weiblich;;
18457;Unghulescu, Bettina;;;;
18458;Unicorn, Rainbow;Its-a-Cupcake;weiblich;;https://twitter.com/xCupcakexCookie
18459;Unigwe, Chika;;;;
18460;Unikum, Lady;LadyUnikum;weiblich;;
18461;Universum, Ida;;;;
18462;Unterberger, Jonas;;;;
18463;Unterburger, Robert;;;;
18464;Unterdörfer, Burkhard;;;;
18465;Unterdörfer, Gottfried;;;;
18466;Unterfrauner, Nadia;;;;
18467;Unterhuber, Siegfried;;;;
18468;Unternährer, Erika;;;;
18469;Unterrader, Sylvia;;;;
18470;Unterrainer, Veronika;;;;
18471;Unterseher, Lutz;;;;
18472;Unterweger, Andreas;;;;
18473;Unverzagt, Frank;;;;
18474;Unwichtig, Ich;Ich Unwichtig;weiblich;;
18475;Unwichtig, Julia;SciFi;weiblich;25;
18476;Upsiiiiiiiii, Leaah;royalprincesss;weiblich;28;
18477;Uraki, Kyoko;Kyoko Uraki;weiblich;25;
18478;Urbach, Gunnar;;;;
18479;Urban, Alexander;;;;
18480;Urban, Klaus K.;;;;
18481;Urban, Pat;;;;
18482;Urban, Peter;;;;
18483;Urban, Petra;;;;
18484;Urban, S.A.;;;;
18485;Urban, Sigrid A.;;;;
18486;Urban, Tina-Maria;;;;
18487;Urban, Ursula;;;;
18488;Urbigkeit, Jutta;;;;
18489;Urbschat, Ralf;;;;
18490;Urlaub, Bernd;;;;
18491;Urlaub, Frollein;-Rockstar-;weiblich;35;
18492;Ursula, Margit;;;;
18493;Urweider, Raphael;;;;
18494;Ury, Franziska;;;;
18495;Urzidil, Johannes;;;;
18496;Uschakov, Timo;;;;
18497;Uschkalow, Saschko;;;;
18498;Uschmann, Oliver;;;;
18499;Ushachov, Katherina;;;;
18500;Uske, Holger;;;;
18501;Uslu, Emine;;;;
18502;Uslu, Fatih;;;;
18503;Uster, Wolfgang;;;;
18504;Ute, Gütschow;;;;
18505;Utermann, Thorben;;;;
18506;Uther, Hans-Jörg;;;;
18507;Utler, Anja;;;;
18508;Utsch, Johannes;;;;
18509;Uttendorf, Peter;;;;
18510;Uwer, Helmut;;;;
18511;Uytrecht, Mylgia van;;;;
18512;Uzumaki, Ayano;Ayano -chan;weiblich;27;
18513;Uzumaki, SasuXNaru;semenaruxukesasu;weiblich;;http://www.narutoyaoi13.de.tl/
18514;V., Vera;;;;
18515;V.Alt-Stutterheim, Wolfgang;;;;
18516;Vadura, Walter;;;;
18517;Vaget, Hans Rudolf;;;;
18518;Vagner, Günther;;;;
18519;Vago, Matthias;;;;
18520;Vahldick, Hanne;;;;
18521;Vaihinger, Dirk;;;;
18522;Vajs, Valeria;;;;
18523;Valangin, Aline;;;;
18524;Valdez, Sera;Albedo;weiblich;38;
18525;Valentin, Karl;;;;
18526;Valentin, Mira;;;;
18527;Valentin, Neela;;;;
18528;Valentin, Rebecca;;;;
18529;Valentine, Kim;;;;
18530;Valentino, Rhino;;;;
18531;Valentis, Dominik;;;;
18532;Valera, Juan;;;;
18533;Valerie le Fiery, Frank Böhm;DasAutorenduo;;;https://www.das-autorenduo.de/
18534;Valerie, Melcher;;;;
18535;Valero, Julieta;;;;
18536;Valeruz, Helmi;;;;
18537;Valeré, Alice;;;;
18538;Valier, Max;;;;
18539;Valin, Frédéric;;;;
18540;Vallaster, Günter;;;;
18541;Valley, B.;;;;
18542;Valmont, V.;;;;
18543;Valmorbida, Elise;;;;
18544;Valtner, Fritz;;;;
18545;Valzacchi, Herbert;;;;
18546;VampWitch, Svenja;VampWitch;weiblich;;
18547;Vampire, Sweet;Sweet Vampire;weiblich;;
18548;Vampy, Sarah;Sarah Vampy;weiblich;;
18549;Vamvas, Claudia;;;;
18550;Van Blume, Johanna;;;;
18551;Van Hoorn, Meike;;;;
18552;Van Lumaxen, Lumax;Lumax van Lumaxen;männlich;25;
18553;Van Poele, Maximilian;;;;
18554;Vanco, R.;;;;
18555;Vandenberg, Dave;;;;
18556;Vandenwald, Maja;;;;
18557;Vanderhaegen, Ursula;;;;
18558;Vandewalle, Rose;;;;
18559;Vandrey, Juliane;ArtemisPodowy;weiblich;28;
18560;Vaness, Alicia;;;;
18561;Var, Anne;Anne Var;;;
18562;Varadi, Jessica;;;;
18563;Varatharajah, Senthuran;;;;
18564;Varch, Karin;;;;
18565;Varga, Kerstin;;;;
18566;Variety, Charisma;kidapof;weiblich;;
18567;Variz, Vaire J.;;;;
18568;Varol, Rolf S.;;;;
18569;Varrett, Leonie;;;;
18570;Vasold, Josef;;;;
18571;Vasques, Susana Ruth;;;;
18572;Vatter, Volker;;;;
18573;Vaucher, Thomas;;;;
18574;Vauk, Gottfried;;;;
18575;Vay, Adelma von;;;;
18576;Veelmann, Florian;;;;
18577;Veen, Anna;;;;
18578;Vega, Isaac de;;;;
18579;Veger, Erya;;;;
18580;Vegesack, Siegfried von;;;;
18581;Vehler, W.F.;;;;
18582;Vehn, Evelyn ter;;;;
18583;Vehstedt, Astrid;;;;
18584;Veigel, Saina;;;;
18585;Veihelmann, Julia;;;;
18586;Veith, Johann;;;;
18587;Veith, Ute;;;;
18588;Velarde, Hugo;;;;
18589;Veldboer, Nicole;;;;
18590;Vellichor, Velura;Velura;weiblich;;https://eluice.tumblr.com
18591;Velten, Aurelia;;;;
18592;Velten, Otto;;;;
18593;Veltmann, Anika;;;;
18594;Vennebusch, Paulus;;;;
18595;Venske, Regula;;;;
18596;Vent, Dorothea;;;;
18597;Vent-Schmidt, Andreas;;;;
18598;Venzago, Mario;;;;
18599;Verbeke, Annelies;;;;
18600;Verena, Sophia;;;;
18601;Verga, Giovanni;;;;
18602;Verges, Gisela;;;;
18603;Vergin, Nicole;;;;
18604;Vergin, Rolf;;;;
18605;Verhaert, Melina;;;;
18606;Verhasselt, Heidelore;;;;
18607;Vering, Lukas;;;;
18608;Veritas, Alice;Alice the Cat;;39;
18609;Verlag @almariom.de;;;;
18610;Verrines, Mia Nowell;MiaNowell;weiblich;31;
18611;Verrucosa, Synanceia;Synanceia;weiblich;25;
18612;Verster, Heleen;;;;
18613;Vesely, Rainer;;;;
18614;Vesely, Sergio;;;;
18615;Veselá, Barbora;;;;
18616;Vesper, Guntram;;;;
18617;Veteranyi, Aglaja;;;;
18618;Veth, Monika;;;;
18619;Vetsch, Mona;;;;
18620;Vetter, Andreas K.;;;;
18621;Vetter, Clara;;;;
18622;Vetter, Elfie A.;;;;
18623;Vetter, Elisabeth;;;;
18624;Vetter, Harald;;;;
18625;Vetterlein, Suse;;;;
18626;Vetterli, Roland;;;;
18627;Vichiglage, Greno;Grenovichiglage;;;
18628;Vick, Helmut;;;;
18629;Victor, Marion;;;;
18630;Vidal, Fatima;;;;
18631;Vidovic, Stefan;;;;
18632;Viedenz, Klaus;;;;
18633;Viegas, Angela;;;;
18634;Viehstädt, Mira;;;;
18635;Vieregg, Kathrin;;;;
18636;Vierkant, Vivian;;;;
18637;Vierle, Andrea;;;;
18638;Viet, Hans-Erich;;;;
18639;Vikoler, Manuela;;;;
18640;Vilimavičius, Martynas;;;;
18641;Villazón, Rolando;;;;
18642;Villiers de L'Isle-Adam, Auguste de;;;;
18643;Villiger, Christian;;;;
18644;Villwock, Annette;;;;
18645;Villwock, H. M.;;;;
18646;Vinandy, Charel Aristide;;;;
18647;Vincento, Rafael;;;;
18648;Vincenz, Stanisław;;;;
18649;Vincke, Wolfgang;;;;
18650;Vincristine;;;;
18651;Vindland, Gudmund;;;;
18652;Viola, Lülü;lalyla;weiblich;;
18653;Viola, Renato;;;;
18654;Violet, Katia;;;;
18655;Violet, Via;;;;
18656;Vischer, Manfred;;;;
18657;Vishnevets, Yulia;;;;
18658;Vita, Marvin;Marvin Vita;männlich;25;
18659;Vitalis, Werner;;;;
18660;Viteka, Willy;;;;
18661;Viva La Tia, Viva La;;;;
18662;Vištica, Olinka;;;;
18663;Vlahovits, Marion von;;;;
18664;Vlasák, Jan;;;;
18665;Vleugels, Lief;;;;
18666;Voehl, Uwe;;;;
18667;Vogel, Anton;;;;
18668;Vogel, Arwed;;;;
18669;Vogel, Daniela;;;;
18670;Vogel, DoDo;Dodo - Chan;weiblich;;
18671;Vogel, Elke;;;;
18672;Vogel, Herta;;;;
18673;Vogel, Marie-Luise;;;;
18674;Vogel, Paul;;;;
18675;Vogel, Regina;;;;
18676;Vogel, Sandra;;;;
18677;Vogel, Ulrike;;;;
18678;Vogel, Werner;;;;
18679;Vogel, Wilhelm R.;;;;
18680;Vogeley, Christine;;;;
18681;Vogelgesang, Peter;;;;
18682;Vogelgesang, Uwe;;;;
18683;Vogelmann, Arnulf;;;;
18684;Vogelsberg, Lisa;KaTo;weiblich;34;http://www.conan-at-anime.de.vu
18685;Voges, Björn;;;;
18686;Vogl, Christa;;;;
18687;Vogler, Hannes;;;;
18688;Vogler, Peter;;;;
18689;Vogler, Thomas;;;;
18690;Voglrieder, Beatrice;;;;
18691;Voglsinger, Bernadette;;;;
18692;Vogltanz, Melanie;;;;
18693;Vogt, Andreas;;;;
18694;Vogt, Carlos L.;;;;
18695;Vogt, Christian;;;;
18696;Vogt, Fabian;;;;
18697;Vogt, Günter;;;;
18698;Vogt, H. P.;;;;
18699;Vogt, Hanne;;;;
18700;Vogt, John Peter;;;;
18701;Vogt, Judith C.;;;;
18702;Vogt, Michael;;;;
18703;Vogt, Olga;;;;
18704;Vogt, Pit;;;;
18705;Vogt, Sebastian;;;;
18706;Vogt, Silke;;;;
18707;Vogt, Sina;;;;
18708;Vogten, Silke;;;;
18709;Vohwinkel, Patricia;;;;
18710;Void, Ben;;;;
18711;Voigt, Anke;;;;
18712;Voigt, Dietmar;;;;
18713;Voigt, Heide Marie;;;;
18714;Voigt, Jutta;;;;
18715;Voigt, Margit;;;;
18716;Voigt, Rebekka;;;;
18717;Voigt, Ulrike;;;;
18718;Voigtmann, Kay;;;;
18719;Voita, Manfred;;;;
18720;Vojnov, Dimitri;;;;
18721;Vojnov, Dimităr;;;;
18722;Vola-Vladykina, Maria;;;;
18723;Volaucnik, Monika;;;;
18724;Volk, Katharina E.;;;;
18725;Volk, Verena-Ramona;;;;
18726;Volkermann, Maria;;;;
18727;Volkermann, Thomas;;;;
18728;Volkmann, Linus;;;;
18729;Volkov, Semjon;;;;
18730;Volland, Ernst;;;;
18731;Vollarc, Marion;;;;
18732;Vollbom, Reinhold;;;;
18733;Vollenberg, Brigitte;;;;
18734;Voller, Tom;;;;
18735;Volling, Jens;;;;
18736;Vollmann, Frank;;;;
18737;Vollmer, Claudia;;;;
18738;Vollmer, Günter;;;;
18739;Vollmer, Hartmut;;;;
18740;Vollmer, Jule;;;;
18741;Vollmer, Ralf;;;;
18742;Vollmuth, Gudrun;;;;
18743;Vollmüller, Karl;;;;
18744;Volnhals, Martina;;;;
18745;Volpert, Dieter;;;;
18746;Voltaire;;;;
18747;Volturi, Carlisle;CarlisleVolturi;weiblich;31;http://www.facebook.com/profile.php?id=100003695262066
18748;Volturi, Jane;jane;weiblich;28;
18749;Volz, Heiko;;;;
18750;Volz, Siegfried;;;;
18751;Von Hase, Gudrun;;;;
18752;VonUndZu, Lola;Lolaa21;weiblich;;
18753;Vonbrunn, Wolfgang;;;;
18754;Vonderheit, Hans;;;;
18755;Vonderheit, Heide-Marie;;;;
18756;Vonlahnthen, Isabelle;;;;
18757;Vonlanthen, Isabelle;;;;
18758;Vonmoos, Schimun;;;;
18759;Voosen, Jana;;;;
18760;Vopel, Klaus W.;;;;
18761;Vorbach, Britta;;;;
18762;Vorländer, Alexander;;;;
18763;Vorländer, Gerold;;;;
18764;Vornameistgelogen, Keks;indescribably;weiblich;24;https://archiveofourown.org/users/Lichterin/works
18765;Vorndran, Helmut;;;;
18766;Vornem, Bloodteria;Bloodteria Vornem;weiblich;;
18767;Vornweg-Elzner, Ulrike;;;;
18768;Vorwerg, Gisela;;;;
18769;Vos, Holger;;;;
18770;Voss, Reinhard;;;;
18771;Voss, Susanne;;;;
18772;Voss, Ulrich;;;;
18773;Voss, Vincent;;;;
18774;Vosz, D. -. G.;;;;
18775;Votrubec, Cornelia;;;;
18776;Votteler, Adalbert;;;;
18777;Vowinckel, Dana;;;;
18778;Vox, Greta Luisa;;;;
18779;Vox, Leo;;;;
18780;Voß, Britta;;;;
18781;Voß, Christian;;;;
18782;Voß, Jan;;;;
18783;Voß, Joachim;;;;
18784;Voß, Kristina;;;;
18785;Voß, Marianne;;;;
18786;Voß, Michael;;;;
18787;Vries, Emmi de;;;;
18788;Vu, Linh;;;;
18789;Vucica, Sara;;;;
18790;Vukadin, Blago;;;;
18791;Vynnyčuk, Jurij Pavlovyč;;;;
18792;Vérollet, Mischa-Sarim;;;;
18793;Vögele, Wolfgang;;;;
18794;Völk, Gudrun;;;;
18795;Völk, Samson;;;;
18796;Völkel, Sabine;;;;
18797;Völkel, Ulrich;;;;
18798;Völker, Martin A.;;;;
18799;Völker, Mathieu;;;;
18800;Völker, Melanie;;;;
18801;Völlmicke, Kristin;;;;
18802;Völlnagel, Iris;;;;
18803;W. Jäger, Katka;;;;
18804;W., Diane;Simkaja;weiblich;33;https://twitter.com/SimkajaWrites
18805;W., Katrin S.;;;;
18806;W., Mona;MoNa1991;weiblich;33;http://bigfanforum.forumieren.com/
18807;W., Nadav;Farlan Grindeldore;männlich;20;
18808;W., Selina;Endlessnight01;weiblich;;
18809;W., Thoran;;;;
18810;W., amber;amber96;weiblich;28;
18811;Waber, Linde;;;;
18812;Waberer, Keto von;;;;
18813;Wabner, Matthias;;;;
18814;Wachholz, Juliane;;;;
18815;Wachler, Dietrich;;;;
18816;Wachs, Rudolf Peter;;;;
18817;Wachsmann, Christiane;;;;
18818;Wachter, Alexander;;;;
18819;Wachter, Hanna;;;;
18820;Wachter, Petra;;;;
18821;Wachtmann, Helmut;;;;
18822;Wack, Johanna;;;;
18823;Wackenhut, Claudia;;;;
18824;Wacker, Brigitte;;;;
18825;Wacker, Brigitte Anna Lina;;;;
18826;Wacker, Florian;;;;
18827;Wacker, Heiner;;;;
18828;Wacker, Marie-Luise;;;;
18829;Wackernagel, Christof;;;;
18830;Wade Wellman, Manly;;;;
18831;Wade, James;;;;
18832;Wade, Susan;;;;
18833;Wadehn, Kerstin;;;;
18834;Wadsack, Anna;;;;
18835;Waechter, Friedrich Karl;;;;
18836;Waffender, Corinna;;;;
18837;Wagemann, Heidi;;;;
18838;Wagenbach, Klaus;;;;
18839;Wagenbreth, Henning;;;;
18840;Wageneder, Gunborg;;;;
18841;Wagener, Nora;;;;
18842;Wagenseil, Kurt;;;;
18843;Waggerl, Karl Heinrich;;;;
18844;Wagmann, Wolfgang;;;;
18845;Wagner, Antje;;;;
18846;Wagner, Carolin;;;;
18847;Wagner, Christa;;;;
18848;Wagner, Christina;;;;
18849;Wagner, Chriz;;;;
18850;Wagner, David;;;;
18851;Wagner, Felix;The Hunter;männlich;28;
18852;Wagner, Gerd;;;;
18853;Wagner, Harald;;;;
18854;Wagner, Herbert;;;;
18855;Wagner, Jan Costin;;;;
18856;Wagner, Janine;;;;
18857;Wagner, Jürgen;;;;
18858;Wagner, Karl;;;;
18859;Wagner, Kurt;;;;
18860;Wagner, Liane;;;;
18861;Wagner, Lisa;Hilla;weiblich;32;
18862;Wagner, Luzia;;;;
18863;Wagner, Marco;;;;
18864;Wagner, Marietheres;;;;
18865;Wagner, Markus;;;;
18866;Wagner, Martina;;;;
18867;Wagner, Mia;;;;
18868;Wagner, Michael;;;;
18869;Wagner, Mirjam;;;;
18870;Wagner, Peter M.;;;;
18871;Wagner, Phoebe;;;;
18872;Wagner, Sandra;;;;
18873;Wagner, Saskia;;;;
18874;Wagner, Sebastian;;;;
18875;Wagner, Stefan;;;;
18876;Wagner, Thomas;;;;
18877;Wagner, Ursula;;;;
18878;Wagner, Yvonne;;;;
18879;Wagner-Meisterburg, Christina;;;;
18880;Wagner-Schossé, Rita;;;;
18881;Wagnerová, Alena K.;;;;
18882;Wahl, Betty;;;;
18883;Wahl, Dr. Rüdiger;;;;
18884;Wahl, Gabriele;;;;
18885;Wahl, Leticia;;;;
18886;Wahl, Nadine;;;;
18887;Wahl, Rüdiger;;;;
18888;Wahl, Sonja;;;;
18889;Wahl, Stephan;;;;
18890;Wahl-Segalla, Gertrud;;;;
18891;Wahlers, Hermann;;;;
18892;Wahnschaffe, Claudia;;;;
18893;Waiblinger, Wilhelm;;;;
18894;Waidelich, Paul;;;;
18895;Wal, EWa;;;;
18896;Walbach, Sabrina;;;;
18897;Walbrecht, Wolfgang;;;;
18898;Walch, Christine;;;;
18899;Walch, Karoline;;;;
18900;Wald, Nils;;;;
18901;Waldbrühl, Dirk;;;;
18902;Waldeck, Juliane;;;;
18903;Walden, Andrea;;;;
18904;Walden, Peter;;;;
18905;Walder, Claudia;;;;
18906;Waldermann, Mary;;;;
18907;Waldhof, Britta;;;;
18908;Waldman, Ofer;;;;
18909;Waldmann-Brun, Sabine;;;;
18910;Waldrich, Bianca;;;;
18911;Waldscheidt, Stephan;;;;
18912;Walia, Anabel;;;;
18913;Walk, Angelika;;;;
18914;Walk, Ralf;;;;
18915;Walker, Amy;;;;
18916;Walker, Hugh;;;;
18917;Walker, Sky;;;;
18918;Walkinson, Johnathan;Johnathan;männlich;30;
18919;Wall, Alexander;;;;
18920;Walla, Sylvia;;;;
18921;Wallace, Sarah;;;;
18922;Wallasch, Geertje;;;;
18923;Wallat, Astrida;;;;
18924;Wallat, Isabelle;;;;
18925;Wallenhorst, Greta;;;;
18926;Wallenka, Tinka;;;;
18927;Waller, Karl;;;;
18928;Wallimann, Peter;;;;
18929;Wallinger, Sabine;;;;
18930;Wallner, Florian;;;;
18931;Wallner, Frank;;;;
18932;Wallon, Alfred;;;;
18933;Wally, Johannes;;;;
18934;Walser, Martin;;;;
18935;Walser, Robert;;;;
18936;Walter, Bernd;;;;
18937;Walter, Brigitte;;;;
18938;Walter, Dieter;;;;
18939;Walter, Dominik;;;;
18940;Walter, Edith;;;;
18941;Walter, Ingrid;;;;
18942;Walter, Jens;;;;
18943;Walter, Jürgen;;;;
18944;Walter, Klaus-Peter;;;;
18945;Walter, Lucas;;;;
18946;Walter, Martin;;;;
18947;Walter, Michael;;;;
18948;Walter, Nicole;;;;
18949;Walter, Renate Maria;;;;
18950;Walter, Sibylle;;;;
18951;Walter, Silja;;;;
18952;Walter, Tobias;;;;
18953;Walter, Tom;;;;
18954;Walter, Ursula;;;;
18955;Walter-Leroux, Six;;;;
18956;Walters, A. Lisa;;;;
18957;Waltersbacher, Paul;;;;
18958;Walther, Christian;;;;
18959;Walther, J.;;;;
18960;Walther, J. Monika;;;;
18961;Walther, Jan;;;;
18962;Walther, Jana;;;;
18963;Walther, Klaus;;;;
18964;Walther, Markus;;;;
18965;Walther, Michael;michkabeer;männlich;35;
18966;Walther, Sabine;;;;
18967;Walz, Erika;;;;
18968;Walz, Georg;;;;
18969;Walz, Melanie;;;;
18970;Walz, Paul;;;;
18971;Wanderer, Werner;;;;
18972;Wang, Shao Mei;;;;
18973;Wang, Ya-ni;;;;
18974;Wanner, Martin;;;;
18975;Wannhoff, Ullrich;;;;
18976;Wanninger, Andrea;;;;
18977;Wappelshammer, Marianne;;;;
18978;Ward, Julia;;;;
18979;Warda, Manuela;;;;
18980;Warden, Maximilian;;;;
18981;Wardenga, Renate Gertrud;;;;
18982;Warfstace, Alfred;Alfred Warfstace;männlich;33;
18983;Warmbrodt, Barbara;;;;
18984;Warnack, Thomas;;;;
18985;Warnecke, Peter;;;;
18986;Warnecke, Petra;;;;
18987;Warner, Anna-Kathrin;;;;
18988;Warnke, Annekatrin;;;;
18989;Warntjen, Désirée;;;;
18990;Warren, Hans;;;;
18991;Warrior, Rainbow;Rainbow Warrior;männlich;30;http://felixsan.weebly.com
18992;Wartha, Uwe;;;;
18993;Wartini, Michael;;;;
18994;Wartke, Bodo;;;;
18995;Wartmann, Dodo;;;;
18996;Wartmann, Ursula Maria;;;;
18997;Was geht die das an?, Mr.;Tic-Tac;männlich;29;
18998;Was geht sie das an, Lila;Carried by the Wind;weiblich;;http://lila-h.jimdo.com/
18999;Was ist das ?, Vergessen.;Sasorilove10;weiblich;;
19000;Was-geht-Sie-das-an, Nyu;AnatomProblem1;weiblich;27;
19001;Wascher, Uwe;;;;
19002;Wascher-Gutzer, Ulli;;;;
19003;Waschkau, Alexa;;;;
19004;Wasfy, Anita;;;;
19005;Wasgehtsiedasan, Cat;Pudding-chan;weiblich;25;https://www.facebook.com/pages/Pudding-chan/516914841704529
19006;Wassenberg, Inge;;;;
19007;Wassenberg, Inge Ivy;;;;
19008;Wassensdorfer;;;;
19009;Wasserfuhr, Tine;;;;
19010;Wassill, Iris;;;;
19011;Wasyl, Charly;;;;
19012;Watanabe, Lieschen;Black-Marchmelow;weiblich;31;http://powerbarbie.tumblr.com/
19013;Watare, Riyuri;Riyuri;weiblich;;http://musicofdeath.bplaced.net/
19014;Waterfeld, Sarah;;;;
19015;Waterhouse, Peter;;;;
19016;Waters, Joe;;;;
19017;Waterstraat, Uwe;;;;
19018;Watkins, Claire Vaye;;;;
19019;Watolla, Marcus;;;;
19020;Watroba, Olivier;;;;
19021;Watson, Carl;;;;
19022;Watteck, Marina C.;;;;
19023;Watterson, Maeva;;;;
19024;Wattjes, Jann;;;;
19025;Watzka, Michael;;;;
19026;Watzlik, Hans;;;;
19027;Wauer, Luise;;;;
19028;Waugh, Charles;;;;
19029;Wauters, Sylvia;;;;
19030;Wawerka, Thomas;;;;
19031;Wawerzinek, Peter;;;;
19032;Way, Moony;MoonyWay;weiblich;22;
19033;Waye, Annie;;;;
19034;Wayne, Naomi;EinMii;weiblich;28;
19035;Waßmann, Arndt;;;;
19036;Waßmann, Michael;;;;
19037;We, Ellen;Ellenwe;weiblich;;
19038;Weasley, Clara;Peeves;weiblich;;
19039;Webel, Marco;;;;
19040;Weber, Anne;;;;
19041;Weber, Annika Sylvia;;;;
19042;Weber, Ben;;;;
19043;Weber, Brigitte;;;;
19044;Weber, Christine;;;;
19045;Weber, Edwin Ernst;;;;
19046;Weber, Elfriede;;;;
19047;Weber, Friedbert;;;;
19048;Weber, Gabriele;;;;
19049;Weber, Gerhard;;;;
19050;Weber, Gina;;;;
19051;Weber, Hans-Dieter;;;;
19052;Weber, Hans-Peter;;;;
19053;Weber, Harald;;;;
19054;Weber, Hildegard;;;;
19055;Weber, Jessica;;;;
19056;Weber, Jessie;;;;
19057;Weber, Jo;;;;
19058;Weber, Julia;;;;
19059;Weber, Kristin;;;;
19060;Weber, Laura;;;;
19061;Weber, Margrit;;;;
19062;Weber, Maria;;;;
19063;Weber, Markus;;;;
19064;Weber, Max;;;;
19065;Weber, Michael;;;;
19066;Weber, Michelle Natascha;;;;
19067;Weber, Milan;;;;
19068;Weber, Nils;LW97;männlich;;
19069;Weber, Nina;;;;
19070;Weber, Olympia;;;;
19071;Weber, Paul C.;;;;
19072;Weber, Peter;;;;
19073;Weber, Regina;;;;
19074;Weber, Robert;;;;
19075;Weber, Sonja;;;;
19076;Weber, Sophie;;;;
19077;Weber, Ulrike;;;;
19078;Weber, Wilfried;;;;
19079;Weber, Wolfgang;;;;
19080;Weber-Bock, Jutta;;;;
19081;Weber-Degen, Günther;;;;
19082;Weber-Gehrke, Peggy;;;;
19083;Webster, Glenn P.;;;;
19084;Wechsler, Andrea;;;;
19085;Weck, Margaux de;;;;
19086;Weckenmann, Ulli;;;;
19087;Weckenmann, Ulrich;;;;
19088;Weckmann, André;;;;
19089;Weckwarth, Natalie;;;;
19090;Wede, Magdalena;;;;
19091;Wedekind, Frank;;;;
19092;Wedekind, Ingrid;;;;
19093;Wedel Parlow, Wolf von;;;;
19094;Wedel, Marie;;;;
19095;Wedig, Claudia;;;;
19096;Wedler, Hans;;;;
19097;Weeber, Jochen;;;;
19098;Weerts, Falko;;;;
19099;Weese, Jörg;;;;
19100;Wefers, Engelbert;;;;
19101;Wegener, Melisande;;;;
19102;Wegert, Daniela;;;;
19103;Wegerth, Reinhard;;;;
19104;Wegler, Ronny;;;;
19105;Wegmann, Heinz;;;;
19106;Wegmann, Monica;;;;
19107;Wegner, Armin T.;;;;
19108;Wegner, Klaus;;;;
19109;Wegner, Sibylle;;;;
19110;Wegner, Wolfgang;;;;
19111;Wegner-Hören, Sybille;;;;
19112;Wehinger, Brunhilde;;;;
19113;Wehking, Dietmar;;;;
19114;Wehle, Andreas;;;;
19115;Wehle-Heich, Margit;;;;
19116;Wehlim, Thomas Josef;;;;
19117;Wehmann, Ulrich;;;;
19118;Wehmeier, Rolf;;;;
19119;Wehner, Alex;;;;
19120;Wehner, Dirk;;;;
19121;Wehner, Florian;;;;
19122;Wehner, Veronika;;;;
19123;Wehner, Walter;;;;
19124;Wehner, Walther;;;;
19125;Wehr, Elke;;;;
19126;Wehr, Norbert;;;;
19127;Wehr, VHS;;;;
19128;Wehrle, Charly;;;;
19129;Wehrle, Ute;;;;
19130;Wehrle, Viktoria;;;;
19131;Wehrli, Claude;;;;
19132;Wehrli, Peter Michael;;;;
19133;Wehrli, Sonja;;;;
19134;Weiand, Inken;;;;
19135;Weibel, Gerry;;;;
19136;Weibel, Peter;;;;
19137;Weibel, Ralph;;;;
19138;Weichart, Lisa;;;;
19139;Weichbold, Viktor;;;;
19140;Weichelt, Matthias;;;;
19141;Weichold, Dietrich;;;;
19142;Weichsel, Alina;;;;
19143;Weidenfeld, Dieter;;;;
19144;Weidenholzer, Anna;;;;
19145;Weidermann, Volker;;;;
19146;Weidig, Danielle;;;;
19147;Weidler, Dominik;;;;
19148;Weidlich, Oliver;;;;
19149;Weidlich, Peter;;;;
19150;Weidmann, Cédric;;;;
19151;Weidmann, Heiner;;;;
19152;Weidner, Jan;;;;
19153;Weidner, Lieselotte;;;;
19154;Weidner, Thomas;;;;
19155;Weigand, Jörg;;;;
19156;Weigand, Karla;;;;
19157;Weigand, Wolfgang;;;;
19158;Weigel, Anne;;;;
19159;Weigel, Johannes;;;;
19160;Weigel, Michael-A.;;;;
19161;Weigelt, Anna-Maria;;;;
19162;Weigelt, Lena;;;;
19163;Weigl, Bernhard;;;;
19164;Weigold, Christof;;;;
19165;Weigt, Sonja;;;;
19166;Weihe, Nadine;;;;
19167;Weiher, Markus;;;;
19168;Weihs, Richard;;;;
19169;Weihs, Susanne;;;;
19170;Weijnmann, Silvia;;;;
19171;Weik, Saheta S.;;;;
19172;Weiland, Erika;;;;
19173;Weiland, Katja S.;;;;
19174;Weilbacher, Jan C.;;;;
19175;Weiler, Jan;;;;
19176;Weiler, K.;;;;
19177;Weiler, Silke Katharina;;;;
19178;Weiler, Theresa;;;;
19179;Weilmann, Renate;;;;
19180;Weimer, Anastasia;;;;
19181;Weimer, Dr. Wolfgang;;;;
19182;Weimer, Wolfgang;;;;
19183;Wein, Margarete;;;;
19184;Weinand, Carmen;;;;
19185;Weinbaum, Stanley G.;;;;
19186;Weinberger, Friedrich;;;;
19187;Weinberger, Ilona;;;;
19188;Weinberger, Martin;;;;
19189;Weinberger, Peter;;;;
19190;Weinbörner, Udo;;;;
19191;Weinert, Anna;;;;
19192;Weinert, Heinz;;;;
19193;Weinert, Holger;;;;
19194;Weinert, Simon;;;;
19195;Weingartner, Lucie;;;;
19196;Weingartner, Martin;;;;
19197;Weingartner, Peter;;;;
19198;Weingärtner, Ralf;;;;
19199;Weinhart, Ulrike;;;;
19200;Weinheimer, Oleksandra;;;;
19201;Weinhold, Gundolf;;;;
19202;Weinholz, Erhard;;;;
19203;Weinhändler, Gisela;;;;
19204;Weinkauf, Wolfgang;;;;
19205;Weinland, Manfred;;;;
19206;Weinlechner, Wolfgang;;;;
19207;Weinmüller, Gerlinde;;;;
19208;Weinreich, Lily;;;;
19209;Weinrich, Werner;;;;
19210;Weins, Michael;;;;
19211;Weinsanto, Susanne;;;;
19212;Weinzierl, Kerstin;;;;
19213;Weipert, Simon;;;;
19214;Weis, Andreas;;;;
19215;Weis, Angelika;;;;
19216;Weisbecker, Verena;;;;
19217;Weischet, Claus;;;;
19218;Weise, Cäcilia;;;;
19219;Weise, Eckhard;;;;
19220;Weise, Maria;;;;
19221;Weise, Nathander;;;;
19222;Weise, Peter;;;;
19223;Weise, Petra;;;;
19224;Weise-Ney, Friedel;;;;
19225;Weisenheimer, Katinka;;;;
19226;Weisensee, Sabrina;;;;
19227;Weiser, Kerstin;;;;
19228;Weiser, Martin;;;;
19229;Weishäupl, Adolf;;;;
19230;Weiss, Alexander;;;;
19231;Weiss, Andi;;;;
19232;Weiss, Egon;;;;
19233;Weiss, Elke Marion;;;;
19234;Weiss, Florian;;;;
19235;Weiss, Gitti;;;;
19236;Weiss, Klara Maria;;;;
19237;Weiss, Oliver;;;;
19238;Weiss, Rainer;;;;
19239;Weiss, Rhena;;;;
19240;Weiss, Ruth;;;;
19241;Weiss, Sophia;;;;
19242;Weiss, Stefanie;;;;
19243;Weiss, Zarah;;;;
19244;Weissberger, Renate;;;;
19245;Weissen, Harald;;;;
19246;Weissen, Harald A.;;;;
19247;Weissenbach, Evelyne;;;;
19248;Weissensteiner, Elisabeth;;;;
19249;Weissensteiner, Gerhard;;;;
19250;Weissmann, Maria Luise;;;;
19251;Weist, Winfried M.;;;;
19252;Weitbrecht, Walter-Uwe;;;;
19253;Weitnauer, Max;;;;
19254;Weitre, Illen;;;;
19255;Weitze, Torsten;;;;
19256;Weixlbaumer, Elmar;;;;
19257;Weiß, Annegret;;;;
19258;Weiß, Christoph;;;;
19259;Weiß, Ernst;;;;
19260;Weiß, Erol;;;;
19261;Weiß, Florian;;;;
19262;Weiß, Gisela;;;;
19263;Weiß, Joachim;;;;
19264;Weiß, Michaela;;;;
19265;Weiß, Norbert;;;;
19266;Weiß, Thomas;;;;
19267;Weiß, Waltraud;;;;
19268;Weißdorn, Marie;;;;
19269;Weißenborn, Theodor;;;;
19270;Weißflog, Peter;;;;
19271;Weißmann, Eric;;;;
19272;Weißmann, Ingrid;;;;
19273;Weißmann, Jürgen;;;;
19274;Weißmann, Michaele R.;;;;
19275;Weißmann, Tobias C.;;;;
19276;Weißner, Markus;Traeumer;männlich;42;
19277;Wekwerth, Tanja;;;;
19278;Welcker, Adrian;;;;
19279;WelcomeToHell, Jenn;WelcomeToHell;weiblich;28;
19280;Welham, Mike;;;;
19281;Welik, Jakob;;;;
19282;Welker, Detlef;;;;
19283;Welker, Klaus-Dieter;;;;
19284;Welker-Sturm,;;;;
19285;Wellbrock, Achim;;;;
19286;Wellbrock, Ilse;;;;
19287;Wellen, Jennifer;;;;
19288;Wellenstein, Callie;;;;
19289;Wellenstein, Leo;;;;
19290;Weller, Franz-Rudolf;;;;
19291;Weller, Wolfgang;;;;
19292;Wellerdiek, Karl-Heinz;;;;
19293;Wellermann, Stefan;;;;
19294;Wellershoff, Dieter;;;;
19295;Welling, Wolf;;;;
19296;Wellman, Manly W.;;;;
19297;Wellmann, Hans-Heinrich;;;;
19298;Wells, Benedict;;;;
19299;Wells, H.G.;;;;
19300;Wells, Herbert George;;;;
19301;Welp, Anette;;;;
19302;Welsch, Axel;;;;
19303;Welsch, Jasmin Romana;;;;
19304;Welsch, Sabine;;;;
19305;Welsch-Lehmann, Sabine;;;;
19306;Welter, Rudolf;;;;
19307;Welteroth, Ralf;;;;
19308;Welters, Brigitte;;;;
19309;Welters, Karin;;;;
19310;Welz, Uschi;;;;
19311;Welzbacher, Robin;;;;
19312;Welzel, Martin;;;;
19313;Welzig, Inge;;;;
19314;Wemme, Eva Ruth;;;;
19315;Wen intressierts?, Soana;SoanaLaichnam;weiblich;25;
19316;Wende, Karlheinz;;;;
19317;Wendel, Kerstin;;;;
19318;Wendel, Wolfram;;;;
19319;Wendelken, Barbara;;;;
19320;Wendlandt, Wolfgang;;;;
19321;Wendler, Heike;;;;
19322;Wendler, Imke;;;;
19323;Wendler, Umani;;;;
19324;Wendt, Claudia;;;;
19325;Wendt, Heidi;;;;
19326;Wendt, Irmela;;;;
19327;Wendt, Jürgen;;;;
19328;Wendt, Kirsten;;;;
19329;Wendt, Monika;;;;
19330;Wendt, O. E.;;;;
19331;Wendt, Sophia;;;;
19332;Wendt, Volker;;;;
19333;Weng, Joan;;;;
19334;Wenger, Ulrike;;;;
19335;Wengoborski, Sonja;;;;
19336;Wenig, Heike;;;;
19337;Weniger, Christa;;;;
19338;Weniger, Manfred;;;;
19339;Wenk, Elke;;;;
19340;Wenke, Astrid;;;;
19341;Wennberg, Klaus;;;;
19342;Wenner, Annette;;;;
19343;Wensierski, Peter;;;;
19344;Wensing, Thomas;;;;
19345;Wenz, Tanja;;;;
19346;Wenzel, Christoph;;;;
19347;Wenzel, Henning H.;;;;
19348;Wenzel, Jasmin;;;;
19349;Wenzel, Margarete;;;;
19350;Wenzel, Peter;;;;
19351;Wenzel, Ursula;;;;
19352;Wer weiß, wer weiß, Emmy;Emmy-9;weiblich;27;
19353;Weratschnig-Hörwarter, Elisabeth;;;;
19354;Werda, Wolfgang;;;;
19355;Werdecker, Lena;;;;
19356;Werdenberg, Melchior;;;;
19357;Werder, Frank;;;;
19358;Werder, Lutz von;;;;
19359;Werengère, Christoph;;;;
19360;Werhand, Martin;;;;
19361;Wermann, Sandra;Nammu;weiblich;27;
19362;Wermescher, Christina;;;;
19363;Werneburg, Frank W.;;;;
19364;Wernecke, Eva;;;;
19365;Werner, Christine;;;;
19366;Werner, Christoph;;;;
19367;Werner, Dirk;;;;
19368;Werner, E.;;;;
19369;Werner, Elisabeth;;;;
19370;Werner, Elke;;;;
19371;Werner, Ella Carina;;;;
19372;Werner, Florian;;;;
19373;Werner, Florian M.;;;;
19374;Werner, Gabriele;;;;
19375;Werner, Grażyna;;;;
19376;Werner, Gunther;;;;
19377;Werner, Hans;;;;
19378;Werner, Heinz;;;;
19379;Werner, Hendrik;;;;
19380;Werner, Ingrid;;;;
19381;Werner, Jan;;;;
19382;Werner, Josef;;;;
19383;Werner, Julian;Oeko;männlich;;
19384;Werner, Juliana;;;;
19385;Werner, Kathrin;;;;
19386;Werner, Kerstin;;;;
19387;Werner, Maralene;;;;
19388;Werner, Michael-André;;;;
19389;Werner, Paul;;;;
19390;Werner, Renate;;;;
19391;Werner, Stephanie;;;;
19392;Werning, Guido;;;;
19393;Werning, Heiko;;;;
19394;Wernle, Julia;;;;
19395;Wertenbroch, Simone;;;;
19396;Werth, Isabella;;;;
19397;Werth, Jürgen;;;;
19398;Werth, Sylvia;;;;
19399;Werthe, BennY;;;;
19400;Wesché, Wilhelm Ludwig;;;;
19401;Wesemann, Esther;;;;
19402;Wesemüller, Ellen;;;;
19403;Wesen, Anonymes;Child of the Moon;männlich;30;
19404;Wesensbitter, Mikis;;;;
19405;Wessel, Claudia;;;;
19406;Wessel, Friedhelm;;;;
19407;Wessel, Ursula;;;;
19408;Wessollek, Günter;;;;
19409;West, Anne;;;;
19410;West, Mary;;;;
19411;West, R.;;;;
19412;Westen, Anathea;;;;
19413;Wester, Nicolas F.;;;;
19414;Westerhoff, Rolf;;;;
19415;Westerhuis, Mira;;;;
19416;Westermann, Alfons;;;;
19417;Westermann, Felix;;;;
19418;Westhagen, Claudia;;;;
19419;Westhäußer, Sabrina;;;;
19420;Westi, Emilie;;;;
19421;Westphal, Ellen;;;;
19422;Westphal, Hinrich C. G.;;;;
19423;Westphalen, Joseph von;;;;
19424;Weteschnik, Martin;;;;
19425;Wette, Guntram;;;;
19426;Wetter, Oliver;;;;
19427;Wetterauer, Herbert;;;;
19428;Wetterwald, Christoph;;;;
19429;Wettingfeld, Bodo;;;;
19430;Wetzel, Maike;;;;
19431;Wetzel, Maryam;marylilly;weiblich;;
19432;Weule, Helga;;;;
19433;Wewerka, Alexander;;;;
19434;Wewerka, Michael;;;;
19435;Wewers, Thomas;;;;
19436;Weyand, Anuschka;;;;
19437;Weyand, Herbert;;;;
19438;Weyand, Kai;;;;
19439;Weyers, Rita;;;;
19440;Wezel, Johann Carl;;;;
19441;Weßling, Kathrin;;;;
19442;White, Alectra;;;;
19443;White, Ebony;;;;
19444;White, Lavinia Elina;;;;
19445;White, Lavinia Rebecca;;;;
19446;White, Natascha;;;;
19447;White, Priscilla Donna;PriscillaDonnaWhite;;;
19448;White, Samuel;;;;
19449;Whitlock, Sarah;Sophrona;weiblich;28;
19450;Whittaker-Stemmler, Judith;;;;
19451;Whooo, Lena;;;;
19452;WiLK, A.D.;;;;
19453;Wibmer-Pedit, Fanny;;;;
19454;Wichert, Irina;;;;
19455;Wichlatz, Helmut;;;;
19456;Wichmann, Sylja;;;;
19457;Wichtl, Franz;;;;
19458;Wicik, Bernd;;;;
19459;Wick, Anna;;;;
19460;Wick, Dieter;;;;
19461;Wick, Nicol;;;;
19462;Wickbold, Norbert;;;;
19463;Wicki, Maja;;;;
19464;Wicklein, Christian;;;;
19465;Widdel, Anna;;;;
19466;Widder, Roman;;;;
19467;Wider, Brigitta;;;;
19468;Widhopf, Sandra;;;;
19469;Widiarto, Ingrid;;;;
19470;Widmaier, Ellen;;;;
19471;Widmann, Dieter;;;;
19472;Widmann, Lars;;;;
19473;Widmer, Freddy;;;;
19474;Widmer, Hanna;;;;
19475;Widmer, Johann;;;;
19476;Widmer, Urs;;;;
19477;Widrowski, Christiane;;;;
19478;Wiebke, Gudrun;;;;
19479;Wiebus, Bernd;;;;
19480;Wiechers, Henning;;;;
19481;Wiechmann, Heike;;;;
19482;Wieczorek, Nadja I.;;;;
19483;Wieczorek, Stefan;;;;
19484;Wiede, Johann L.;;;;
19485;Wiede, Martina;;;;
19486;Wiedekind, Marén;;;;
19487;Wiedemann, Andreas;;;;
19488;Wiedemann, Bernd;;;;
19489;Wiedemann, Manfred;;;;
19490;Wiedemann, Sandra;;;;
19491;Wiedemann-Kaiser, Monika;;;;
19492;Wiedenhöfer, Wolfgang;;;;
19493;Wiedenmann, Roland;;;;
19494;Wiedergut, Susanne;;;;
19495;Wiederholt-Müller, Oliver;Dark Prince;männlich;31;http://www7.pic-upload.de/17.04.12/dwo2jw16yygp.png
19496;Wiederstein, Michael;;;;
19497;Wiedra, Diana;;;;
19498;Wiegand, Petra;;;;
19499;Wiegand, Tamara;;;;
19500;Wiegandt, Marvin;;;;
19501;Wiegelmann, Norbert J.;;;;
19502;Wiehn, Erhard Roy;;;;
19503;Wiekort, Cornelia;;;;
19504;Wieland, Christoph Martin;;;;
19505;Wieland, Dieter;;;;
19506;Wieland, Georges;;;;
19507;Wieland, Kai;;;;
19508;Wieland, Sara Fee;;;;
19509;Wieland, Wolff;;;;
19510;Wieland, Yngra;;;;
19511;Wiemann, Johannes;;;;
19512;Wiemer, Rudolf Otto;;;;
19513;Wiemers, Martina;;;;
19514;Wienand, Helga;;;;
19515;Wiener, Ralph;;;;
19516;Wieners, Ute;;;;
19517;Wieninger, Manfred;;;;
19518;Wienpahl, Andreas;;;;
19519;Wiens, Thomas;;;;
19520;Wiermann, Susanne;;;;
19521;Wiertz, Cleo A.;;;;
19522;Wiese, ... $cvon;;;;
19523;Wiese, Ludwig;;;;
19524;Wiese, Mickey;;;;
19525;Wiesen, Anton;;;;
19526;Wiesenbach, Doris;;;;
19527;Wiesendanger, Bettina;;;;
19528;Wiesenöcker, Astrid;;;;
19529;Wieser, Diana;;;;
19530;Wieser, Josef;;;;
19531;Wieser, Klaus;;;;
19532;Wieser, Vanessa;;;;
19533;Wiesinger, Christian;;;;
19534;Wiesinger, Maria;;;;
19535;Wiesinger, Robert;;;;
19536;Wiesler, André;;;;
19537;Wiesmann, Harald;;;;
19538;Wiesmann, T.;;;;
19539;Wiesmann, Wolfgang;;;;
19540;Wiesmüller, Christine;;;;
19541;Wiest, Sascha;;;;
19542;Wiest, Silke;;;;
19543;Wiewardasnochmal, Lena;Juana;weiblich;;
19544;Wiezorek, Astrid;;;;
19545;Wiezorek, Heike;;;;
19546;Wiezorek, Steffen;;;;
19547;Wijnen-Agricola, Gabriele;;;;
19548;Wilberz, Frank J.;;;;
19549;Wilczek, Kirsten;;;;
19550;Wild, Beat;;;;
19551;Wild, Cat;;;;
19552;Wild, Heinz;;;;
19553;Wild, Margit;;;;
19554;Wildange, Karsten;;;;
19555;Wilde, Angelina;;;;
19556;Wilde, Brigitte;;;;
19557;Wilde, Oscar;;;;
19558;Wildecker, Hannes;;;;
19559;Wildling, Liliana;;;;
19560;Wildner, Hans-Joachim;;;;
19561;Wildner, Liliane;;;;
19562;Wiles, Simona;;;;
19563;Wilhelm, Anna K.;;;;
19564;Wilhelm, Arno;;;;
19565;Wilhelm, Elisabeth;;;;
19566;Wilhelm, Franziska;;;;
19567;Wilhelm, Jürgen;;;;
19568;Wilhelm, Monika;;;;
19569;Wilhelm, Stephan;;;;
19570;Wilhelmson, Gregor;;;;
19571;Wili, Ruth Rahel;;;;
19572;Wilke, Insa;;;;
19573;Wilke, Katrin;;;;
19574;Wilke, Margot;;;;
19575;Wilke, Otfried;;;;
19576;Wilkening, Andre;;;;
19577;Wilkes, Dr., Johannes;;;;
19578;Wilkesmann, Ute-Marion;;;;
19579;Will, Andrea;;;;
19580;Will, Hans;;;;
19581;Will, Monika;;;;
19582;Willamowius, Karl;;;;
19583;Willams, Fenna;;;;
19584;Willaschek, RO;;;;
19585;Willaschek, Ro;;;;
19586;Wille, Lutz;;;;
19587;Wille, Ulrich;;;;
19588;Willems, Liesel;;;;
19589;Willemse, Christina;;;;
19590;Willemsen, Roger;;;;
19591;Willenborg, Clemens;;;;
19592;Willer, Brigitta;;;;
19593;Willer, Monika;;;;
19594;Willi, Bächle;;;;
19595;Willi, Hans-Jörg;;;;
19596;Willi, Jürg;;;;
19597;William, Jonny;;;;
19598;William, Surfin';;;;
19599;Williams, Fenna;;;;
19600;Williams, Robert Moore;;;;
19601;Williams, Thomas;;;;
19602;Williams, William Carlos;;;;
19603;Willig, Fritz;;;;
19604;Willig, Kai;;;;
19605;Willig, Lauren;;;;
19606;Willimsky, Norbert;;;;
19607;Willimzik, Steffi;;;;
19608;Willmann, Leonie;;;;
19609;Willmann, Lothar;;;;
19610;Willmann, Ronald;;;;
19611;Willmer, Frederike;;;;
19612;Wilm, Matthias;;;;
19613;Wilma Lasch, Marita;;;;
19614;Wilmink, Emmy;;;;
19615;Wilmsmann, Julia;;;;
19616;Wilpert, Bettina;;;;
19617;Wilquin, Lina;;;;
19618;Wilson, Aneth;DarkShadowDamona;weiblich;;
19619;Wilson, Colin;;;;
19620;Wilson, Francis Paul;;;;
19621;Wilson, Natalie;;;;
19622;Wilson, Petra;;;;
19623;Wilson, Sabine;;;;
19624;Wiltschko, Johannes;;;;
19625;Wimbauer, Tobias;;;;
19626;Wimmer, Antonia;;;;
19627;Wimmer, Henry;;;;
19628;Wimmer, Herbert J.;;;;
19629;Wimmer, Stefan;;;;
19630;Wimmer, Sylvia;;;;
19631;Wimmler, Karl;;;;
19632;Wind, Jennifer B.;;;;
19633;Wind, Werner;;;;
19634;Winder, Andrea;;;;
19635;Winder, Ludwig;;;;
19636;Windholz, Subi;;;;
19637;Windmann, Laura;;;;
19638;Windolf, Lars;;;;
19639;Windtner, Monika-Maria Ehliah;;;;
19640;Wineyard, Irene;iwy;weiblich;;
19641;Winez, Rick;;;;
19642;Wingenfeld, Lara;;;;
19643;Winger, Luc;;;;
19644;Winkel, Rainer;;;;
19645;Winkelhorst, Annette;;;;
19646;Winkelried, Jung;;;;
19647;Winkels, Hubert;;;;
19648;Winkler, Adelheid;Eddie Winkler;;29;https://linktr.ee/eddiewinkler
19649;Winkler, Angelika;;;;
19650;Winkler, Barbara;;;;
19651;Winkler, Detlef;;;;
19652;Winkler, Dieter;;;;
19653;Winkler, Hannah;;;;
19654;Winkler, Helmut;;;;
19655;Winkler, Katharina;;;;
19656;Winkler, Katja;;;;
19657;Winkler, Lena;;;;
19658;Winkler, Maximilian;;;;
19659;Winkler, Mechthild;;;;
19660;Winkler, Nicole;;;;
19661;Winkler, Octavia;;;;
19662;Winkler, Philipp;;;;
19663;Winkler, Rolf;;;;
19664;Winkler, Susann;;;;
19665;Winkler, Ursula;;;;
19666;Winkler, Ute;;;;
19667;Wintels, Florian;;;;
19668;Winter, Achim;;;;
19669;Winter, B.D.;;;;
19670;Winter, Beate;;;;
19671;Winter, Benjamin;;;;
19672;Winter, C.;;;;
19673;Winter, Carin;;;;
19674;Winter, Claudia;;;;
19675;Winter, Dorette;;;;
19676;Winter, E.;;;;
19677;Winter, Erik;;;;
19678;Winter, Eva;;;;
19679;Winter, Fhara;Winterwriter;weiblich;33;https://belletristica.com/de/users/11646-winterwriter#profile
19680;Winter, Günther;;;;
19681;Winter, Heike;;;;
19682;Winter, Helen;;;;
19683;Winter, Jessica Johanna;;;;
19684;Winter, Johannes;;;;
19685;Winter, Juli van;;;;
19686;Winter, Katja;;;;
19687;Winter, Lars;;;;
19688;Winter, Louisa;;;;
19689;Winter, Luca;;;;
19690;Winter, M.;;;;
19691;Winter, Marcel;;;;
19692;Winter, Marcus;;;;
19693;Winter, Martin;;;;
19694;Winter, Michael;;;;
19695;Winter, Mike;;;;
19696;Winter, Nikola;;;;
19697;Winter, P. L.;;;;
19698;Winter, Rena;;;;
19699;Winter, Sandra;rainy-day;weiblich;33;
19700;Winter, Sandy;;;;
19701;Winter, Tasha;;;;
19702;Winter, Vivien;Red17;weiblich;38;
19703;Winter, Wolfgang;;;;
19704;Winterfeld, Frank;;;;
19705;Winterhalter, Martin;;;;
19706;Winters, Leliana;leanaXD;weiblich;;
19707;Winters, Matt/de;;;;
19708;Winters, Sam;;;;
19709;Winterseel, Alfons;;;;
19710;Wintersteiner, Werner;;;;
19711;Wintersteller, Alois;;;;
19712;Winther, Derk;;;;
19713;Winthert, Rike;;;;
19714;Wintterlin, Lea;;;;
19715;Wintzer, Corinna;;;;
19716;Winzeler, Seraina;;;;
19717;Winzen, Otto;;;;
19718;Winzer, Adelhard;;;;
19719;Winzer, Peter;;;;
19720;Wipfler, Peter;;;;
19721;Wipperfürth, Heinz;;;;
19722;Wipperling, Adriana;;;;
19723;Wipperling, Anneliese;;;;
19724;Wirkner, Bernhard;;;;
19725;Wirth, Doris;;;;
19726;Wirth, Elisabeth;;;;
19727;Wirth, Michaela;;;;
19728;Wirtz, Günter;;;;
19729;Wirtz, Manu;;;;
19730;Wischmeyer, Dietmar;;;;
19731;Wissel, Adolf;;;;
19732;Wissenbach, Anna;;;;
19733;Wisser, Daniel;;;;
19734;Wisser, Edeltrud;;;;
19735;Wissinger, Richard;;;;
19736;Wisskirchen, Rolf;;;;
19737;Wiswede, Marc;;;;
19738;Witch, Senda;Senda;weiblich;35;
19739;Witek, Johannes;;;;
19740;Witkowski, Tom;;;;
19741;Witt, Elfi;;;;
19742;Witt, Flemming;Nexy;;29;
19743;Witt, Gerd-Dieter;;;;
19744;Witt, Hubert;;;;
19745;Witt, Johannes A.;;;;
19746;Witt, Sabine;;;;
19747;Witt, Sylvia;;;;
19748;Wittchen, Olaf;;;;
19749;Witte, Hedwig;;;;
19750;Witte, Tania;;;;
19751;Witte-Pflanz, Corinna;;;;
19752;Witteberg, Astrid Jacqueline;;;;
19753;Witteborg, Hans;;;;
19754;Witteck, Marco;;;;
19755;Wittemann, Marco;;;;
19756;Wittenfeld, Uwe;;;;
19757;Wittenhorst, Tilman;;;;
19758;Witthöft, Jenny;;;;
19759;Wittig, Ruth;;;;
19760;Wittig, Ute;;;;
19761;Wittke, Eleonore;;;;
19762;Wittler, Hilmar;;;;
19763;Wittmann, Friedrich;;;;
19764;Wittmann, Germaine;;;;
19765;Wittmann, Monika;;;;
19766;Wittmann, Sabine;;;;
19767;Wittmann, Sascha;;;;
19768;Wittmann, Ulrike;;;;
19769;Wittmer, Irina;;;;
19770;Wittner, Rudolf;;;;
19771;Wittner, Thekla;;;;
19772;Wittorf, Nadine;;;;
19773;Wittstock, Joachim;;;;
19774;Wittstock, Uwe;;;;
19775;Witzel, Frank;;;;
19776;Witzel, Herbert F.;;;;
19777;Witzgall, Martin;;;;
19778;Witzig, Klaus;;;;
19779;Witzig, Matthias;;;;
19780;Witzlau, Inge;;;;
19781;Witzmann, Hans;;;;
19782;Wixxx, Joy;;;;
19783;Wißbar, Marie-Louise;;;;
19784;Wlach, Stefan Oliver;;;;
19785;Wlassowetz, Poljak;;;;
19786;Wobschall, Silvia;;;;
19787;Wochele, Rainer;;;;
19788;Wocke, Peter Michael;;;;
19789;Woda, Bruno;;;;
19790;Wodehouse, Pelham G.;;;;
19791;Wodin, Natascha;;;;
19792;Wogawa, Stefan;;;;
19793;Wogersien, Anke;;;;
19794;Wogritsch, Sophie;;;;
19795;Wohland, Gerhard;;;;
19796;Wohler, Moné;;;;
19797;Wohlfarth, Michael;;;;
19798;Wohlfeil, Thomas;;;;
19799;Wohlfeil, Tony;Dunmar;männlich;38;
19800;Wohlfender, Bettina;;;;
19801;Wohlgemuth, Bruno;;;;
19802;Wohlgemuth, Johanna;;;;
19803;Wohlgemuth, Marcus;;;;
19804;Wohlgemuth, Sigrid;;;;
19805;Wohlgenannt, Martin;;;;
19806;Wohlgensinger, Paul;;;;
19807;Wohlinger, Sophia;;;;
19808;Wohlkopf, Hans A.;;;;
19809;Wohlkopf, Jens;;;;
19810;Wohmann, Gabriele;;;;
19811;Wohn, Anneliese;;;;
19812;Wohnhaas, Alex;;;;
19813;Wohnhaas, Alexander;;;;
19814;Woitzuck, Magda;;;;
19815;Wojaczek, Clemens;;;;
19816;Wojaczek-Steffke, Elfriede;;;;
19817;Wojak, Andreas;;;;
19818;Wojtkowiak, Andrea;;;;
19819;Wojtowytsch, Myron;;;;
19820;Wolbart, Nadine;;;;
19821;Wolberg, Nathalie;;;;
19822;Wolek, Doris;;;;
19823;Wolf, Amelia;Wolf-In-The-Rain;;;
19824;Wolf, Anabella;;;;
19825;Wolf, Anita;;;;
19826;Wolf, Anna;;;;
19827;Wolf, Arthur Gordon;;;;
19828;Wolf, Barbara;;;;
19829;Wolf, Christa;;;;
19830;Wolf, Christoph;;;;
19831;Wolf, Dietmar;;;;
19832;Wolf, Dimitri;;;;
19833;Wolf, Enigma Lyxiria;Traumschatten;weiblich;37;http://www.ilumnia.de/board
19834;Wolf, Farida;;;;
19835;Wolf, Felix;OutlineWolf;männlich;;
19836;Wolf, Gabriel;;;;
19837;Wolf, Gerhard;;;;
19838;Wolf, Greta;;;;
19839;Wolf, H.E.;;;;
19840;Wolf, Herbert;;;;
19841;Wolf, Jens;;;;
19842;Wolf, Julia;;;;
19843;Wolf, Julian;;;;
19844;Wolf, Katharina;;;;
19845;Wolf, Katrin;;;;
19846;Wolf, Klaus-Peter;;;;
19847;Wolf, Kurt B.;;;;
19848;Wolf, Leila;;;;
19849;Wolf, Leonie;;;;
19850;Wolf, M. Charlotte;;;;
19851;Wolf, Norbert;;;;
19852;Wolf, Orla;;;;
19853;Wolf, Peter;;;;
19854;Wolf, Romy;;;;
19855;Wolf, Ronja;;;;
19856;Wolf, Shila;;;;
19857;Wolf, Stefan G.;;;;
19858;Wolf, Sybille;;;;
19859;Wolf, Uljana;;;;
19860;Wolf, Verena;;;;
19861;Wolf, Winfried;;;;
19862;Wolfe, Gene;;;;
19863;Wolfenstein, Alfred;;;;
19864;Wolfenstück, Heka vom;;;;
19865;Wolff, Arved;;;;
19866;Wolff, Christian Thomas;;;;
19867;Wolff, Christiane;;;;
19868;Wolff, Emma;;;;
19869;Wolff, Franzi;namenloses;weiblich;;
19870;Wolff, Gabriele;;;;
19871;Wolff, Gudrun;;;;
19872;Wolff, Hans;;;;
19873;Wolff, Iris;;;;
19874;Wolff, Jochen;;;;
19875;Wolff, Johann;;;;
19876;Wolff, Karl;;;;
19877;Wolff, Katharina;;;;
19878;Wolff, Monika;Wolmon88;weiblich;35;
19879;Wolff, Moses;;;;
19880;Wolff, Saskia;;;;
19881;Wolff, Stefanie;;;;
19882;Wolff, Steffi von;;;;
19883;Wolff, Stephanie;;;;
19884;Wolff, Valentina;;;;
19885;Wolffheim, Franziska;;;;
19886;Wolfram, Gernot;;;;
19887;Wolfram, Sebastian;;;;
19888;Wolfringer, John D.;;;;
19889;Wolfschütz, Stefan;;;;
19890;Wolfsdorf, Anne;;;;
19891;Wolke, Elsbeth;;;;
19892;Wolken, Heinrich;;;;
19893;Wolkenbaum, Wolkenbaum;;;;
19894;Wolkenfeld, Gabriel;;;;
19895;Wolkner, Martin;;;;
19896;Wollanik, Erika;;;;
19897;Wollermann, Angelika;;;;
19898;Wollermann, Elisabeth;;;;
19899;Wollert, Moritz;;;;
19900;Wollinger, Kai;;;;
19901;Wollner, Maria;;;;
19902;Wollny, Claudia;;;;
19903;Wollny, Sascha;;;;
19904;Wolpert, Wilhelm;;;;
19905;Wolter, Karsten;;;;
19906;Wolter, Richard;;;;
19907;Wolters, Dieter;;;;
19908;Wolters, Helmuth;;;;
19909;Woltiri, Bodo Mario;;;;
19910;Woltjes, Hildegard;;;;
19911;Wonder, Alice;AliceBlackandGold;weiblich;;
19912;Wondratsch, Irene;;;;
19913;Wondratschek, Wolf;;;;
19914;Wonneberger, Jens;;;;
19915;Wood, Bella;BansheeWood;weiblich;;
19916;Wood, Jenny;;;;
19917;Woodmann, Phil;;;;
19918;Woods, Chavisa;;;;
19919;Woods, Mel;;;;
19920;Woog, Marc;;;;
19921;Woog, Rüdiger;;;;
19922;Woolf, Mavie;;;;
19923;Woolf, Timba;Timberwoelfin;weiblich;23;
19924;Woolf, Virginia;;;;
19925;Worbs, Frank;;;;
19926;Worm, Heinz-Lothar;;;;
19927;Worm, Wiebke;;;;
19928;Woronow, Alisa;;;;
19929;Wortsman, Peter;;;;
19930;Woschofius;;;;
19931;Woska-Nimmervoll, Eva;;;;
19932;Woudenberg, Piet;;;;
19933;Wourtsakis, Heidemarie;;;;
19934;Woywod, Patrick;;;;
19935;Wozniak, Waltraut;;;;
19936;Wozonig, Michael;;;;
19937;Woźniak, David;;;;
19938;Wrage, Jaron;JasonsQuestion;männlich;27;
19939;Wray, John;;;;
19940;Wrede, Barbara;;;;
19941;Wrede, Benedikt;;;;
19942;Wrede, Ingrid;;;;
19943;Wren, Dominika;Hypocrite-Queen;;;http://hypocrite-queen.deviantart.com/
19944;Wright, Karen;;;;
19945;Write, Bear;HoneyBearWrite;;;
19946;Writer, Freedom;Freedom Writer;weiblich;28;
19947;Wrobel, Inge;;;;
19948;Wu, Jingzi;;;;
19949;Wucke, Bernd;;;;
19950;Wuerz, Timo;;;;
19951;Wufus, Wufulus;;;;
19952;Wulf, Heike;;;;
19953;Wulf, Johanna;Jojohawu;weiblich;;
19954;Wulf, Kirsten;;;;
19955;Wulf, Kornelia;;;;
19956;Wulf, Lennart;;;;
19957;Wulf, Olaf;;;;
19958;Wulf, Tobias;;;;
19959;Wulfes, Heinrich;;;;
19960;Wulff, Maria Charlotte;;;;
19961;Wulff, Marianne;;;;
19962;Wunderer, Renate;;;;
19963;Wunderer, Riki;;;;
19964;Wunderlich, Erik;;;;
19965;Wunderlich, Manuela;;;;
19966;Wunderlich, Oliver;;;;
19967;Wunderling, Ute;;;;
19968;Wundersee, Yvonne;;;;
19969;Wundram, Ira;;;;
19970;Wunram, Nicole;;;;
19971;Wunsch, Inge;;;;
19972;Wunsch, Ruth;;;;
19973;Wunsch, Ulli;;;;
19974;Wurdack, Ernst;;;;
19975;Wurm, Jutta;;;;
19976;Wurm, Monika;;;;
19977;Wurmbrand, Walter;;;;
19978;Wurmdobler, Christopher;;;;
19979;Wurst, Hans;;;;
19980;Wurst, Maria;;;;
19981;Wurst-Hanssen, Johanne Magdalene;;;;
19982;Wurtz-Wieder, Reinhard;;;;
19983;Wurzenberger, Gerda;;;;
19984;Wurzinger, Johanna;;;;
19985;Wuschech, Heinz;;;;
19986;Wuscher, Eike;;;;
19987;Wust, Maximilian;;;;
19988;Wustmann, Gerrit;;;;
19989;Wuthe, Inge;;;;
19990;Wuti, Wakanda;;;;
19991;Wuttge, Dagmar;;;;
19992;Wuttke, Christina;;;;
19993;Wybranietz, Klaus;;;;
19994;Wydler, Fabienne;;;;
19995;Wyler, Henrik;;;;
19996;Wyss, Lenonie Lorena;;;;
19997;Wyss-Grischott, Heidi;;;;
19998;Wäldchen, Bi;B-chan;;;
19999;Wälz, Sabine;;;;
20000;Wäser, Michael;;;;
20001;Wöhl, Andreas;;;;
20002;Wöhler, Ira;;;;
20003;Wöhler, Lilli;;;;
20004;Wöhlk, Silva Luise;;;;
20005;Wöhlke, Johanna Renate;;;;
20006;Wöhnl, Irina;;;;
20007;Wöhrer, Markus;;;;
20008;Wölbert, Gisela;;;;
20009;Wölfel-Schneider, Petra;;;;
20010;Wölfl, Hannah;;;;
20011;Wörl, Heinz G.;;;;
20012;Wörner, Hartmut;;;;
20013;Wöss, Robert;;;;
20014;Wöstmann, David;;;;
20015;Wübbel, Annette;;;;
20016;Wübbena, Erika;;;;
20017;Wübken, Andrea;;;;
20018;Wühle, Armin;;;;
20019;Wülfrath, Günter;;;;
20020;Wünsch, Kurt;;;;
20021;Wünsch, Lydia;;;;
20022;Wünsch-dir-was, Nini;Nini050301;weiblich;;
20023;Wünsche, Isabel;;;;
20024;Wünsche, Sebastian;;;;
20025;Wünsche, Stefanie;;;;
20026;Wünsche-Heiden, Roswitha;;;;
20027;Würbs, Kai;;;;
20028;Würl, Peter;;;;
20029;Würner, Ruth;;;;
20030;Würth, Petra;;;;
20031;Wüst, Alexander;;;;
20032;Wüst, Rainer;;;;
20033;Wüstner, Andrea;;;;
20034;X, Pjotr;;;;
20035;XXXXXXXXX, Dustin;White-Wolf-Sleeping;männlich;30;http://www.youtube.de/user/hamma1994killer
20036;Xander, Alec Cedric;;;;
20037;Xiaoqin, An;;;;
20038;Xoşewîst, Abdulaziz Ramadan;;;;
20039;Xtenshi, Sunny;Xtenshi;weiblich;29;http://xsunnyxstar.deviantart.com/
20040;Xue Eady, Xinran;;;;
20041;Yagami, Light;"Ryusaki-chan;LightY";männlich;;http://anime-world-german.blogspot.de/
20042;Yaghoobifarah, Hengameh;;;;
20043;Yahoual, Eva Katrin;;;;
20044;Yamamoto, Luna;Luna Yamamoto;weiblich;;
20045;Yanagi, Hiyuri;Hiyuri;weiblich;26;
20046;Yantaz, Aylin;Lovania;weiblich;33;http://aylin.vanessa.yantaz.hat-gar-keine-homepage.de
20047;Yarash, Cara;;;;
20048;Yashnov, Misha;;;;
20049;Yau, Melissa;HyukkieLove;weiblich;29;
20050;Yawingha, Michalis;;;;
20051;Yazdan Bakhsh, Gloria;;;;
20052;Year of Summer, Franzi;FluFlu;weiblich;28;
20053;Yeats, William Butler;;;;
20054;Yerxa, Leroy;;;;
20055;Yeşilada, Karin E.;;;;
20056;Yeşilöz, Yusuf;;;;
20057;Yildirim, Destina;;;;
20058;Yildiz, Andrea;;;;
20059;Yildiz, Özge;Oezge;weiblich;25;
20060;Yin, Jellybeen;Jellybeen;weiblich;;
20061;Yizjiku, Inhji;inhji;männlich;33;http://inhji.site90.com
20062;Yoni, Yella;;;;
20063;Yordanova Yosifova, Stella;;;;
20064;Yoshimoto, Banana;;;;
20065;Young, Laura;;;;
20066;Youngblood, Kathy;MrsCookie;weiblich;27;
20067;Yu, Han;;;;
20068;Yumanara, Sidari;SidariYumanara;weiblich;26;http://sidariyumanara.tumblr.com/
20069;Yumi, Hikari;Hikari-Yumi;weiblich;27;https://archiveofourown.org/users/HikariYumi/profile
20070;Yun, Ta-Som;;;;
20071;Yuno, Mica;Mica Yuno;weiblich;;
20072;Yurei, Hyakunen;tsuki no akuma;weiblich;109;
20073;Yushimata, Yuriko;;;;
20074;Yve;;;;
20075;Yvi, P.M.;;;;
20076;Z., Silvio;;;;
20077;ZAWADA, DANIELE;;;;
20078;Zabinsey, Myralin;wasserherzchen;weiblich;;
20079;Zabriski, Alice M.;Alice Manou Zabriski;weiblich;29;
20080;Zabužko, Oksana Stefanivna;;;;
20081;Zach, Florian;;;;
20082;Zacharias, Carina;;;;
20083;Zacharias, Peter;;;;
20084;Zacharias, Rose-Marie;;;;
20085;Zacharieva, Rumjana;;;;
20086;Zachmann, Werner;;;;
20087;Zachoval, Hanna;;;;
20088;Zachrau, Anja;;;;
20089;Zaeri, Mehrdad;;;;
20090;Zaffarana, Maria;;;;
20091;Zag Golob, Anja;;;;
20092;Zagar, Harald;;;;
20093;Zagat, Arthur Leo;;;;
20094;Zahn, Astrid;;;;
20095;Zahn, Inge;;;;
20096;Zahner, Ursula;;;;
20097;Zahno, Daniel;;;;
20098;Zahradnik, Josch K.;;;;
20099;Zaimoglu, Feridun;;;;
20100;Zaiss, Theodor;;;;
20101;Zakrzewski, Doris;;;;
20102;Zander, Claus;;;;
20103;Zander, Judith;;;;
20104;Zander, Sönke;;;;
20105;Zandt, Michael;;;;
20106;Zang, Markus;;;;
20107;Zank, Aprilia;;;;
20108;Zankel, Sönke;;;;
20109;Zankl, Norbert;;;;
20110;Zanocco, Erich;;;;
20111;Zanoni, Ivo;;;;
20112;Zanovello, Silvia;;;;
20113;Zapatero, I. M.;;;;
20114;Zapp, Gerd-Peter;;;;
20115;Zapp, Marcella;;;;
20116;Zapp, Werner;;;;
20117;Zapperi Zucker, Ada;;;;
20118;Zar, Alexander;;;;
20119;Zaragoza, Gabrijela;;;;
20120;Zaraneff, Stanislas;;;;
20121;Zaspel, Nicole;;;;
20122;Zatelē, Zyranna;;;;
20123;Zattere, Elsa;;;;
20124;Zatto, Andrea;;;;
20125;Zauner, Friedrich Ch.;;;;
20126;Zauns, Ursula;;;;
20127;Zavadovsky, Artiom;;;;
20128;Zavrel, Nicole;;;;
20129;Zawada, Daniele;;;;
20130;Zawrel, Reni;;;;
20131;Zańko, Przemysław;;;;
20132;Zebinger-Jacobi, Ingrid;;;;
20133;Zebothsen, Hilkka;;;;
20134;Zech, Andrea;;;;
20135;Zech, Bastian;;;;
20136;Zech, Peter;;;;
20137;Zecher, Reinhard;;;;
20138;Zeck, Liborius;;;;
20139;Zeckau, Hanna;;;;
20140;Zeckel, Heinz;;;;
20141;Zedelius, Miriam;;;;
20142;Zederbauer, Andrea;;;;
20143;Zeferino, Helena;;;;
20144;Zegay, Kerstin;;;;
20145;Zegelmann, Anne;;;;
20146;Zeh, Juli;;;;
20147;Zehendner, Christoph;;;;
20148;Zehm, Carsten;;;;
20149;Zehnder, Agnes;;;;
20150;Zehnder, Louis-Philippe;;;;
20151;Zehrer, Klaus Cäsar;;;;
20152;Zeibig, Antje;;;;
20153;Zeibig, Sabine;;;;
20154;Zeidler, Hatto;;;;
20155;Zeile, Edith;;;;
20156;Zeillinger, Gerhard;;;;
20157;Zeim, Andreas;;;;
20158;Zeimet, Rob;;;;
20159;Zeis, Gottfried;;;;
20160;Zeis, Walter;;;;
20161;Zeise, Dietrich;;;;
20162;Zeisig, Anne;;;;
20163;Zeising, Judith;;;;
20164;Zeising, Karsten;;;;
20165;Zeitke, Otto;;;;
20166;Zeitler, Tobias;;;;
20167;Zeitz, Christa;;;;
20168;Zeizinger, Barbara;;;;
20169;Zeißler, Uta;;;;
20170;Zekorn, Lilli;;;;
20171;Zelazny, Roger;;;;
20172;Zelenka, Ken;;;;
20173;Zelik, Raul;;;;
20174;Zeller, Maximilian;;;;
20175;Zeller, Michael;;;;
20176;Zeller, Uli;;;;
20177;Zellner, Sofie;;;;
20178;Zelter, Joachim;;;;
20179;Zeltner, Anja;;;;
20180;Zeltner, Eva;;;;
20181;Zeltner, Verena;;;;
20182;Zembsch, Ute;;;;
20183;Zemla, Alexander;;;;
20184;Zemp, Claudio;;;;
20185;Zenetti, Lothar;;;;
20186;Zengeler, Hans;;;;
20187;Zengin, Ezgi;;;;
20188;Zensiert, Julia;Kakaobutter;weiblich;30;http://prettyodd.jimdo.com/
20189;Zentgraf, Claudia;;;;
20190;Zenz, Sandra;;;;
20191;Zerbe, Zara;;;;
20192;Zerbolesch, Hank;;;;
20193;Zercher, Sabine;;;;
20194;Zerning, Heidi;;;;
20195;Zero, Justin;;;;
20196;Zerwas, Manuel;;;;
20197;Zessin, Karl Dieter;;;;
20198;Zetina, Gyan;;;;
20199;Zetzl, Susanne;;;;
20200;Zeynalov, Eyvaz;;;;
20201;Zhaahr;;;;
20202;Zicari, Greta;;;;
20203;Zichy, Valerie;;;;
20204;Ziebell, Andreas;;;;
20205;Ziech, Ben;;;;
20206;Ziegelwagner, Michael;;;;
20207;Zieger, Alfred F.;;;;
20208;Ziegert, Hanna;;;;
20209;Ziegert, Nora;;;;
20210;Ziegler, Jan-Christoph;;;;
20211;Ziegler, Joachim;;;;
20212;Ziegler, Josef;;;;
20213;Ziegler, Klaus;;;;
20214;Ziegler, Liesa;;;;
20215;Ziegler, Raimund;;;;
20216;Ziegler, Roswitha;;;;
20217;Ziegler, Thomas;;;;
20218;Ziegler, Ulf Erdmann;;;;
20219;Ziegler, Ursula W.;;;;
20220;Ziegler-Salzmann, Rosmarie;;;;
20221;Ziegler-Schellhammer, Gertrude;;;;
20222;Zieliński, Adam;;;;
20223;Zielke, Anne;;;;
20224;Ziemer, Nikolai;;;;
20225;Ziemons, Cécile;;;;
20226;Zierat, Cornelia;;;;
20227;Ziergöbel, Gertrud;;;;
20228;Ziermayr, Alfred;;;;
20229;Zietsch, Uschi;;;;
20230;Zilka, Harald;;;;
20231;Zille, C.K.;;;;
20232;Zillessen, Klaus;;;;
20233;Zillgens, Gerlis;;;;
20234;Zillig, Werner;;;;
20235;Zimmer, Brigitte;;;;
20236;Zimmer, Christopher;;;;
20237;Zimmer, Raoul;;;;
20238;Zimmer, Sabrina;Vampir-Wolf;weiblich;33;
20239;Zimmermann, Alexander;;;;
20240;Zimmermann, Anja;;;;
20241;Zimmermann, Anton;;;;
20242;Zimmermann, Eva;;;;
20243;Zimmermann, Federico;;;;
20244;Zimmermann, G.;;;;
20245;Zimmermann, Gregory;;;;
20246;Zimmermann, Hildegard;;;;
20247;Zimmermann, Jens;;;;
20248;Zimmermann, Karin;;;;
20249;Zimmermann, Margarete;;;;
20250;Zimmermann, Mechthild;;;;
20251;Zimmermann, Sibylle;;;;
20252;Zimmermann, Silvio;SilvioZ;männlich;64;
20253;Zimmermann, Simon;;;;
20254;Zimmermann, Tanja;;;;
20255;Zimmermann, Ulrich;;;;
20256;Zimmermann, Ulrike;;;;
20257;Zimmermann, Ute;;;;
20258;Zimmermann, Wolfgang;;;;
20259;Zimmermann, Zuzana;;;;
20260;Zimmerschied, Patrick;;;;
20261;Zindler, Haideé;;;;
20262;Zinecker, Heidrun;;;;
20263;Zingg, Martin;;;;
20264;Zingler, Peter;;;;
20265;Zink, Jörg;;;;
20266;Zink, Marianne;;;;
20267;Zinnecker, Markus;;;;
20268;Zinterl, Chiara;;;;
20269;Zinterl, Renate;;;;
20270;Zinva, Coco;Zinva;weiblich;42;
20271;Zipperer, Beate;;;;
20272;Zipperling, Jasmin;;;;
20273;Zirden, Heike;;;;
20274;Zirfas, Jörg;;;;
20275;Zirkler, Frieder;;;;
20276;Zirkovich-Tury, Fini;;;;
20277;Zirnstein, Diana;;;;
20278;Zischg, Marcel;;;;
20279;Zischler, Hanns;;;;
20280;Zisgen, Armin;;;;
20281;Zisker-Schneider, Franja;;;;
20282;Zistl, Monika Lucia;;;;
20283;Zitta, Heinz;;;;
20284;Zittmayr, Josefine Maria;;;;
20285;Zitzer, Georg;;;;
20286;Zitzewitz, Heinrich Eugen von;;;;
20287;Zitzewitz, Lisaweta von;;;;
20288;Zivkovic, Zoran;;;;
20289;Zizmann, Erich;;;;
20290;Zlabinger, Andrea;;;;
20291;Zmyj, Annette;;;;
20292;Zobel, Pedro;;;;
20293;Zobernig, Andi;;;;
20294;Zochow, Michael;;;;
20295;Zoderer, Joseph;;;;
20296;Zoellner, Marc;;;;
20297;Zoels, Cornelia;;;;
20298;Zollenkopf, Marlies;;;;
20299;Zoller, Richard;;;;
20300;Zollinger, Andi;;;;
20301;Zollmann, Wiebke;;;;
20302;Zombori, Dietmar;;;;
20303;Zondergeld, Rein A.;;;;
20304;Zontkowski, Peter;;;;
20305;Zonzen, Depp;;;;
20306;Zoozmann, Richard;;;;
20307;Zopfi, Emil;;;;
20308;Zorn, Judy;Ju Zo;weiblich;27;
20309;Zorn, Nora;;;;
20310;Zoth, Walter;;;;
20311;Zotzmann, Klaudia;;;;
20312;Zotzmann-Koch, Klaudia;;;;
20313;Zsaitsits, Stefan;;;;
20314;Zschocke, Celine;;;;
20315;Zschocke, David Samuel;;;;
20316;Zschocke, Jörg;;;;
20317;Zschokke, Heinrich;;;;
20318;Zsuzsanna Gahse;;;;
20319;Zturm, Arthur;;;;
20320;Zuber, Rosmarie;;;;
20321;Zucker, Juli;;;;
20322;Zuhl, Sabine;;;;
20323;Zumkehr, Stefan;;;;
20324;Zumstein, Helga;;;;
20325;Zunke, Peter B.;;;;
20326;Zur Mühlen, Hermynia;;;;
20327;Zur Nedden, Dietrich;;;;
20328;Zur Nieden, Eckart;;;;
20329;ZurNieden, Eckehard;;;;
20330;Zurawczak, Sascha;;;;
20331;Zurbrügg, Gottfried;;;;
20332;Zureich, Christine;;;;
20333;Zurgilgen, Elisabeth;;;;
20334;Zurmühlen, Jannik;;;;
20335;Zwach, Sabrina;;;;
20336;Zweidler, Peter;;;;
20337;Zweig, Stefan;;;;
20338;Zweimüller, Josef;;;;
20339;Zwengel, Andreas;;;;
20340;Zwerger, Armin;;;;
20341;Zwerschina, Franz;;;;
20342;Zwetsch, Sabine;;;;
20343;Zwey, Peter;;;;
20344;Zwicklhuber, Thomas;Azzael;;40;http://gadgefobia.de
20345;Zwicky, Dieter;;;;
20346;Zwilling, Gespaltener;GeZ;weiblich;;
20347;Zwilling, Jürgen;;;;
20348;Zwirner, Detlef;;;;
20349;Zwißler, Hanns Peter;;;;
20350;Zybell, Jo;;;;
20351;Zólyom, Virgil;;;;
20352;Zöller, Heike;;;;
20353;Zöller, Martin;;;;
20354;Zöllner, Angelika;;;;
20355;Zöpfl, Helmut;;;;
20356;Zörner, Daniela;;;;
20357;Zörner, Peter;;;;
20358;Zörner, Regina;;;;
20359;Zöschg, Sylvia Maria;;;;
20360;Zückert, Gudula;;;;
20361;Zühlke, Veronika;;;;
20362;Züll, Andreas;;;;
20363;Zürcher, Dorothe;;;;
20364;Zürcher, Verena;;;;
20365;Züsli, Franz Felix;;;;
20366;[confidential], Ben;Benedikt;männlich;32;http://www.youtube.com/watch?v=mrpPfGeYT6A&feature=g-vrec
20367;"[she/her; sie/ihr], Lila";manchmalLila;weiblich;24;
20368;^-^, Janca;bilafing;weiblich;23;
20369;^künstlername :D, Hansi;fanfictionabout1;weiblich;23;
20370;acedia, selaiha;Selaiha;weiblich;31;
20371;aka Locrian, aka Sel;Lossea;;26;https://bit.ly/2ZTFGJf
20372;als Nachteule, man kennt mich auch;Queen of Night;weiblich;;
20373;alteeer., ULi,;Miniaturfreak;weiblich;29;
20374;amren, Amren;Daego;männlich;;
20375;an Haack, Franziskus;;;;
20376;auszusprechen, ist nicht;mein geheimnis;weiblich;;
20377;axel dielmann verlag;;;;
20378;bla?, Julia;xXFischi-chanXx;weiblich;28;http://xxfischi-chanxx.deviantart.com/
20379;bonnyb;;;;
20380;braucht keiner, Coco;Loveisbeautiful;weiblich;24;
20381;cares, Nobody;JASSI17;weiblich;;
20382;chiyuki, Haku;Physelium;weiblich;24;
20383;core, kätzchen;instantkoffeex3;;32;
20384;d.rose, haruca;harucad;weiblich;35;
20385;dado, Mery;Drachentrainerin;weiblich;24;
20386;das Entchen, Steffy;Steffy das Entchen;weiblich;31;https://www.facebook.com/SteffydasEntchen/
20387;das Literaturportal, Buchbesprechung.de;;;;
20388;das wüsstes du wohl gerne. ne?, Joe;Mohnbroetchen;;;
20389;de Bricassardt, Jennifer;;;;
20390;de Camp, L. Spraque;;;;
20391;de Col, Isabell;;;;
20392;de Con, Aliena;Aliena de Con;weiblich;;
20393;de Gashi, Neniel;Neniel de Gashi;weiblich;36;https://kassandralancaster.de/
20394;de Groot, Christina;;;;
20395;de Groote, Stephan;;;;
20396;de Hapsburg Edas Roza XXI., Oscar Alexandre Fleurie;grothesqua;divers;;
20397;de Isabeau, Melany;;;;
20398;de La Bardonnie, Antoine;;;;
20399;de Laar, Alessa;;;;
20400;de Llano, Pablo;;;;
20401;de Maupassant, Emmanuelle;;;;
20402;de Mello, Anthony;;;;
20403;de Nicolaÿ, Catherine;;;;
20404;de Primavera, Pluma;Pluma;divers;21;https://www.instagram.com/pluma_de_primavera/
20405;de SaintChlaire, Marie;;;;
20406;de Scalett, Mendea;;;;
20407;de Vers, Marie;;;;
20408;de l'Horizon, Kim;;;;
20409;de la Barquera, Bernardo;;;;
20410;deLuca, Emilia;;;;
20411;dee, cassie;castle 4 EVER;weiblich;26;
20412;del Remos, Kris;;;;
20413;denk dir einen aus, L!n@;funny-schoko-angel;weiblich;26;
20414;denkt euch was aus, BrokenAngelHeart;BrokenAngelHeart;weiblich;;
20415;der Kampfzwerg, Vypox;Vypox;männlich;;
20416;der alten Runen, Krähenfeder;Kraehenfeder;;;
20417;der nächte, Nachtleuchtende;Nachtleuchtende;weiblich;29;
20418;deto, Selbst rausfinden;rantenshi;weiblich;;
20419;dich, Interessiert;Loki2110;weiblich;28;
20420;die Bacille, Celina;Bacille;weiblich;29;
20421;die Erste, Arsen;Arsen1;;;
20422;die Frage, Das ist;Gedankenpilze;weiblich;;https://example30762.wordpress.com/
20423;die Wölfin, Favole;Favo;weiblich;31;
20424;dir egal sein xD, kann doch;Sprinklesmartie;weiblich;28;
20425;diverse Autoren, diverse;;;;
20426;diverse Übersetzer;;;;
20427;diverse Übersetzer, diverse;;;;
20428;do Rêgo Silva, Tita;;;;
20429;do you think?, What;MissWhatdoyouthink;weiblich;;
20430;doch nicht, Weiß ich;Drachen Fan;weiblich;26;
20431;doch, Rate;McGrompfi;;;
20432;dor Saldon, Wächter;Dor Saldon;männlich;32;
20433;dreamful69;;;;
20434;du Vinage, Henri;;;;
20435;e.V., Word and Shield;;;;
20436;ebenso, scheiß name;schokonasti;weiblich;29;
20437;egal, Julia;julchenknusperkeks;weiblich;;
20438;egal, alina;alissai;weiblich;27;
20439;einfach nur ich, ich;Zartbitter70Prozent;;;
20440;el Gato, Andrea;;;;
20441;el toro, mario;;;;
20442;enen, anen;;;;
20443;energie, dextro;dextro-energie;;32;
20444;fischer, hedda;;;;
20445;flash, nick;flashnick;männlich;;
20446;for Life, Dreamer;Timefordreaming;weiblich;;
20447;for President, Floid;FloidforPresident;;36;
20448;frezzy, strange;strangefrezzy;weiblich;31;
20449;from Roma, Shin;Xuxa;;31;http://ein.anderes-wort.de/
20450;funky, layla;caze;weiblich;;
20451;geheim, Judith;Erdbeerzicke;weiblich;36;
20452;gehört dazu, wurde mir gegeben;Llilian;weiblich;;http://www.spin.de/hp/Llilian/
20453;gute Frage :P, Gwendo;-Gwendo-;weiblich;27;
20454;h., nina;inabeee;weiblich;28;
20455;"hab ich einen. ;-), Katharina";Katha0886;weiblich;38;
20456;hab ich, Elena;Alienlila;weiblich;29;
20457;hab ken, Kioko-chan;Kioko127;weiblich;;
20458;habe ich vergessen, Keine Ahnung;Serenael;weiblich;;
20459;hast de nicht gesehn, July;blackphoenter;weiblich;27;
20460;hat keinen Nachnamen, WC-Enten_Stalker;WC-Enten Stalkerin;weiblich;31;http://vodkanoblog.blogspot.com/
20461;hinter dem Namen, Ädöö;Srrindon;weiblich;;
20462;hmm..., Nope;happyCat;weiblich;26;
20463;hmmmm, Lara;Lady of Naruto;weiblich;26;
20464;hoellenstille, totenlaerm;totenlaerm;;;
20465;ich sach nix, Luke;Wissennder2;männlich;;
20466;ichi, Vinc;sasdi;männlich;27;http://helloblackbirdworld.tumblr.com/
20467;ichmagschoko*-*, luna-loves-you;Lunalein-loves-you;weiblich;;
20468;in perpetuum, Ive;Lunary;weiblich;;https://avetinker.wixsite.com/lunary
20469;in the Darkness, Elfafram;Elfafram;weiblich;29;
20470;interessante frage, Josephine;Rache der Engel;weiblich;;
20471;inuzuka, kiba;kiba1305;;29;
20472;is geheim xP, Andrea;Austria-sama;weiblich;29;
20473;ja gibts auch, hab ich;kuller-keksi;weiblich;37;
20474;jepp den hab ich, Christian;Nick Name;männlich;;
20475;karopel, karopel;Karopel;;;
20476;katerbow, nicole;NiCi26;weiblich;37;
20477;katzenfan, mimi;mimikatzenfan;weiblich;;
20478;kazuma, hacumotto;hacumotto;;;
20479;keine Angabe, Katharina;SiennaMina;weiblich;33;
20480;kennichnet, josephine;IVYSUN;weiblich;27;
20481;kennt ihr nicht, Jacky;Rosenherz;weiblich;23;
20482;l'Etienne, Gerd;;;;
20483;la Luna, Nevra;Nevra;;;
20484;le Fiery, Valerie;;;;
20485;le Guk, Flo;;;;
20486;me, despicable;kusari-de;weiblich;32;
20487;mich, Nenn;Drone;männlich;29;http://www.deidarasfanshopmitpatentiertenwaren.de.tl
20488;moon, cat;catmoon;weiblich;26;
20489;music, arey;arey music;weiblich;;http://www.facebook.com/profile.php?id=100000868984193
20490;mutterfickend Lindmers, Christian Wolfgang;CW Lindner;divers;;
20491;myko, mona;Ava Talido;;;http:clubwien.eu
20492;müry salzmann;;;;
20493;nicht wissen, Willst du;Ente123;männlich;121;
20494;night, jacky;darkjacky;weiblich;;
20495;nix an xD, Geht euch;Luzifer Sonozaki;weiblich;;http://luzifersonozaki.deviantart.com/
20496;nop nix da, Becci;TheBlackPearl;weiblich;29;
20497;notice me Senpai, Rei;little Rei;weiblich;33;
20498;o., Laura;byNanami;weiblich;;
20499;oder Feuerpfote, Nymphalis;Feuerpfote;weiblich;;
20500;oder so ^^, Skoris der Rote;Sko;männlich;29;
20501;oder so, Sorgenfresser;Sorgenfresser;weiblich;;http://miesepeter-gestalt.tumblr.com/
20502;of Hell, Prince;McWulves;;27;
20503;of Rain, Dancer;Dancer of Rain;weiblich;28;
20504;oha,sage ich nicht:P, Kira;JohnKatYaoiflash;weiblich;;
20505;ohjesuschrist, Dary;Eleanor Rigby-;weiblich;27;
20506;omy, An;anomy;weiblich;;
20507;potmaschin, hr;;;;
20508;r, kp;;;;
20509;rotefadenbuecher, edition;;;;
20510;roxanneworks;;;;
20511;sag ich net, sayuri;Sayuri15;weiblich;30;http://silvi.hat-gar-keine-homepage.de
20512;sag ich nicht, Imi;imi-chan;weiblich;31;
20513;schmitz, judith;JuDl;weiblich;30;
20514;shadow, blue-eye;blue-eye-shadow;weiblich;26;
20515;shukage, mizuya;mizuya shukage;weiblich;32;
20516;silbernen Schleier, hinter dem;Silberschleier;weiblich;32;https://twitter.com/Silber_Schleier
20517;sonnschein, Jenny;Hitomi Chan;weiblich;25;
20518;stolzenfelz;;;;
20519;stormy eyes, Windy has;MitDemWind;weiblich;42;
20520;susymah;;;;
20521;tea, white;smirkingbat;weiblich;;
20522;thaller, jürgen;;;;
20523;the Killer, Jeff;Jeff Killer;männlich;31;
20524;thedeadbeatles, Georgie und Johnnie;thekingandhislover;weiblich;32;
20525;unbekannt, Nicole;Melodya;weiblich;36;
20526;unbekannt, amira;amira atim;weiblich;;
20527;unicorn, vivs;iwantafuckingunicorn;weiblich;;
20528;v. Fest, Miriam;;;;
20529;v. Fiti, Ama Linda;;;;
20530;v. Strasoldo, Lop;;;;
20531;van Alsum, Cornelius;;;;
20532;van Arbour, Kat;;;;
20533;van Dijk, Lutz;;;;
20534;van Doorn, Ulrik;;;;
20535;van Dyke, Daniel;;;;
20536;van Eeden, Jeanne;;;;
20537;van Gerven, Rupert;;;;
20538;van Gozer, Claudia;;;;
20539;van Hattem, Brigitte;;;;
20540;van Heese, Diethard;;;;
20541;van Hoff, Paul;;;;
20542;van Holk, Freder;;;;
20543;van Impel, Silke;;;;
20544;van Klant, Marie;;;;
20545;van Roosendaal, Melanie;;;;
20546;van Silkéwiecz, Carina;Mutter der Drachen;;;
20547;van Sorokin, Kira;Kira van Sorokin;weiblich;26;https://www.deviantart.com/keksflunsch
20548;van Velzen, Wine;;;;
20549;van Zee, Suzan;;;;
20550;van de Loo, Dagmar;;;;
20551;van den Bergh, Annette;;;;
20552;van den Boom, Eusebius;;;;
20553;van der Burg, Thomas;;;;
20554;van der Gracht, Ev;;;;
20555;van der Ley, Jules;;;;
20556;van der Long, Ellen;;;;
20557;van der Meiden, Thea;Thea;weiblich;;
20558;vergessen, Vici;Hoki;weiblich;30;http://hoki.jimdo.com/
20559;verrat ich nicht, Jana;Schreiberling21;weiblich;52;
20560;verrat ich nicht, Julia;JAngela;weiblich;33;
20561;versch. Autoren, versch.;;;;
20562;verschiedene Autoren, verschiedene;;;;
20563;vom Hofe, Harald;;;;
20564;von Aster, Christian;;;;
20565;von Bern, Dietrich;;;;
20566;von Blueten Staub, Josephine;;;;
20567;von Blum, Alexis;AlexisSnape35;weiblich;24;https://www.wattpad.com/user/AlexisSnape35
20568;von Blödelfels, Gernot;;;;
20569;von Britt, Regina;;;;
20570;von Bülow, G.G.;;;;
20571;von Cracau, Nico;;;;
20572;von Cube, Robert;;;;
20573;von Dassel, Johannes;;;;
20574;von Dohlen, Eveal;;;;
20575;von Düffel, John;;;;
20576;von Ebner-Eschenbach, Marie;;;;
20577;von Gehren, August;;;;
20578;von Gernler, Jürgen R.;;;;
20579;von Hammelstein, Georg;;;;
20580;von Hessen, Margarete;;;;
20581;von Hofmannsthal, Hugo;;;;
20582;von Horváth, Ödön;;;;
20583;von Jung, Emiliano Bosporus der Echte;EBJ;männlich;3;https://diesisteinfake.lol
20584;von Kalm, Eva;;;;
20585;von Kieseritzky, Ingomar;;;;
20586;von Kleist, Eva;;;;
20587;von Kleist, Heinrich;;;;
20588;von Laufrad, Hamster;Shadowhamster;weiblich;;
20589;von Leiselheim, Paul;;;;
20590;von Lethe, Eris;;;;
20591;von Levetzkow, Karl;;;;
20592;von Luxburg-L., Julia-Lara;;;;
20593;von Miez, Line;Shiavin;weiblich;;
20594;von Neumann-Cosel, Malte;;;;
20595;von Nexos, Mesira AECCS;Mesira AECCS;weiblich;;https://twitter.com/Mesira_v_Nexos
20596;von Prem, Gerlock;Gerlock;männlich;;
20597;von Rauchhaupt, Silja;;;;
20598;von Rodziewitz, Marco;;;;
20599;von Rosewave, Larissa;Lissy von Rosewave;weiblich;;
20600;von Schlegell, Mark;;;;
20601;von Seelenburg, Dima;Dima von Seelenburg;männlich;46;
20602;von Spiessen, Max;;;;
20603;von Steinaecker, Thomas;;;;
20604;von Stryk, Barbara;;;;
20605;von Tingen, Ötti;;;;
20606;von Tothenstein, Dr Balint;Tothlint;männlich;35;
20607;von Uslar, Moritz;;;;
20608;von Wedelstedt, Kuno Georg;;;;
20609;von Wildenhain, Luise;;;;
20610;von Zehnle, Herr Rosa;;;;
20611;von den Nachtelfen, Märchentante;Maerchentante;weiblich;42;
20612;von der Heide, Kurt;;;;
20613;vorhanden, Dominik;Mahou;männlich;;
20614;was ist das?, rate mal xD;Miss Musical;weiblich;;
20615;wechselnd;;;;
20616;weiß ich nicht mehr, ghostgirl;ghostgirl;weiblich;26;
20617;wienkämper, navina;;;;
20618;wieso, Katharina;Katha1999;weiblich;25;
20619;wind, Laub;Laubwind;weiblich;21;
20620;www.goldenerschmitt.de;;;;
20621;xoxo, May;May97;weiblich;;
20622;xxxx, someone?;Silent Lover;männlich;;
20623;yeay, Juli;Juliyeay;weiblich;;
20624;you, not;LastSaturday;weiblich;30;
20625;zazie;;;;
20626;ziemlich egal, Ist doch;J O J O H A N N A;weiblich;24;
20627;zu-lang-zu-polnisch, zu-kurz-und-zu-öde;czarno rat;;;
20628;Äh..., Marie;Mary88;;;
20629;Älling, Britt;;;;
20630;Çakır, Seher;;;;
20631;Çimen, Hakkı;;;;
20632;Çırak, Zehra;;;;
20633;Ò.ó, Jessi;BehindTheHorizont;weiblich;25;http://storybookswriter.de.tl/Startseite.htm
20634;Öhrig, Susanne;;;;
20635;Önder, Yade Yasemin;;;;
20636;Östreich, Marc;;;;
20637;Öttl, Adolf;;;;
20638;Özdamar, Emine Sevgi;;;;
20639;Özdemir, Hasan;;;;
20640;Özdemir-Rinke, Eylem;;;;
20641;Özdogan, Selim;;;;
20642;Öziri, Necati;;;;
20643;Ühlein, Hermann;;;;
20644;Čabaravdić-Kamber, Emina;;;;
20645;Čech, Artem;;;;
20646;Čukoski, Anvar;;;;
20647;Şimşir-Tanrıverdi, Şaduman;;;;
20648;Šalamov, Varlam Tichonovič;;;;
20649;Šilhavá, Gabriela;;;;
20650;Šipov, Jaroslav Alekseevič;;;;
20651;Šnajder-Stremjakova, Antonina;;;;
20652;Žadan, Serhij;;;;
20653;Železný, Sabrina;;;;
20654;Žic, Ivna;;;;
20655;Țepeș, Integral;Integral Tepes;divers;19;
20656;ʿAbd-al-ʿĀl, Ġāda;;;;
20657;ʿAṭāʾī, Masʿūd;;;;
20658;́Hara, Zoey O.;;;;
20659;Ḫamīsī, Ḫālid al-;;;;
20660;Ṿakhrushoṿa, Daryah;;;;
20661;╣░L░E░O░N░H░A░R░D░T░├, ╣░A░N░N░I░E░├;Harpye;weiblich;23;
20662;❤-❤-❤-❤-❤, Aimee;storytimebook;weiblich;24;
20663;ハンニ姫, Prinzessin hunny;hunny-hime;weiblich;;http://www.sweetamoris.de/profil/Jenette
20664;脑, 天花;Tianhua;männlich;28;
20665;;zykez;männlich;46;
20666;;zuri;weiblich;;http://ca-lichon.tumblr.com/
20667;;zuhochgeflogen;;;https://www.wattpad.com/user/zuhochgeflogen#
20668;;zuckerfuchs;;30;https://fuchsverse.carrd.co
20669;;zombiecat;weiblich;;
20670;;zeusy;weiblich;42;
20671;;yyVioletxx;weiblich;;
20672;;yuwel;weiblich;28;
20673;;yuumi;;;
20674;;yuliyalillian;weiblich;26;
20675;;yukiko-chan04;weiblich;;
20676;;yuka44;weiblich;28;
20677;;yueye;weiblich;;
20678;;your-jojo;weiblich;32;
20679;;your destiny;weiblich;27;
20680;;youhadmeat;weiblich;;
20681;;yoho;männlich;;
20682;;yaqws;weiblich;;
20683;;yannikschreibt;männlich;;https://instagram.com/yannikschreibt?igshid=OGQ5ZDc2ODk2ZA==
20684;;y257x;männlich;;
20685;;xxxSamxxx;;;
20686;;xxluclux;weiblich;20;
20687;;xxSaranaxx;weiblich;27;
20688;;xxBlackFirexx;weiblich;25;https://www.instagram.com/xxblackifirexx/
20689;;xthisismylifex;;;
20690;;xthextonyx;weiblich;24;
20691;;xsuperherox;weiblich;26;http://xlondonlights.wixsite.com/portfolio/home
20692;;xsuicidex;;;
20693;;xoxo-seelenlos;weiblich;;
20694;;xhorrorbarbie;;;
20695;;xeninex;weiblich;;http://xeninex-aktuell.blogspot.de/
20696;;xbutterfliegex;weiblich;;
20697;;xavianax;weiblich;;
20698;;xares;weiblich;;
20699;;xai;weiblich;;
20700;;xXxMaDNeSsxXx;weiblich;;
20701;;xXNemoAlienForeverXx;;;
20702;;xXNaMaXx;weiblich;;http://www.youtube.com/user/xXSaSaSarahXx?feature=guide
20703;;xXMayraXx;weiblich;28;
20704;;xXLastDemonXx;weiblich;34;
20705;;xXJoanaXx;;;
20706;;xXGedichtegirlyXx;;;
20707;;xSternchen;weiblich;;
20708;;xShadowxXIII;weiblich;;
20709;;xReece;;24;
20710;;xNezumix;;;
20711;;xNadine;weiblich;30;
20712;;xLeikax;weiblich;26;https://twitter.com/Leika_Milka
20713;;xHaruko;weiblich;;
20714;;xElindrax;weiblich;30;
20715;;wxitelxly;weiblich;;
20716;;wuchtbrumme;weiblich;;
20717;;writingKitten;weiblich;29;
20718;;writersoul;weiblich;30;
20719;;writer to be;weiblich;26;
20720;;wortliebe;weiblich;31;
20721;;wortkriegerin;männlich;;
20722;;wortkotze;;;
20723;;wolkenbruch;weiblich;29;http://einfalls-los.tumblr.com/
20724;;wolfsseele;weiblich;23;
20725;;wolfsschmetterling;;;
20726;;wolfsfalle;weiblich;;
20727;;wolfgirl;weiblich;;
20728;;wizzy18;weiblich;36;
20729;;winterdream;weiblich;;http://homers-marge.livejournal.com/
20730;;wine red;weiblich;;
20731;;window;weiblich;;
20732;;whysoserious;;;
20733;;whoopi;weiblich;;
20734;;white-shark;;35;http://german-bash.org/130742
20735;;whatarewedoin;weiblich;26;
20736;;watermyplants;weiblich;;
20737;;waterflower;weiblich;;
20738;;watchmaker;weiblich;33;
20739;;warrior1922;weiblich;;
20740;;warrior;weiblich;;
20741;;wanderWaheela;;;
20742;;wandadavis;weiblich;35;
20743;;walking on sunshine;;;
20744;;waldschratpower;weiblich;;https://twitter.com/waldschratpower
20745;;wakako;weiblich;;
20746;;wHiTe TiGeR;weiblich;25;
20747;;vonnebenan;;;
20748;;vio-der-panda;weiblich;24;
20749;;vino;weiblich;;https://www.wattpad.com/user/lordevino
20750;;vindie;weiblich;30;
20751;;viljamovka;;;
20752;;verdandi1006;weiblich;41;
20753;;vandra;weiblich;;http://Vandra.animexx.jp
20754;;van-laris;weiblich;29;https://twitter.com/van_laris
20755;;user9777;;;
20756;;upperEastSider;weiblich;29;
20757;;unknown-girl;weiblich;;
20758;;unicorn11;weiblich;26;http://pink-unicorn11.deviantart.com/
20759;;ungueltig;weiblich;31;
20760;;unefille;weiblich;;
20761;;ubahnlinie6;weiblich;;
20762;;txmmxs;;;
20763;;twilightgirl93sab;weiblich;31;
20764;;turnfLoh;weiblich;31;
20765;;tuonela;;;
20766;;truber;;;
20767;;trinithy;weiblich;33;
20768;;trina1992;weiblich;32;
20769;;traumtaenzerin15;weiblich;;
20770;;traumfechterin;weiblich;;
20771;;traceeefaye;weiblich;;
20772;;tora67;;8;
20773;;tonne;männlich;;
20774;;tinte;weiblich;30;
20775;;timbu42;;;
20776;;tiefseefisch;weiblich;32;http://raufasertapete.tumblr.com/tagged/x
20777;;tiarasouu;;;
20778;;thisonesarah;;25;
20779;;thisIsOurCulture;weiblich;;
20780;;thewritingsonthewall;;;
20781;;thewheelturns;;;
20782;;thetardismoose;weiblich;27;
20783;;theshipper;;;
20784;;thelittlewolf;;23;
20785;;thekryz;;;
20786;;thegirlnextdoor;weiblich;;
20787;;thebonniestone;weiblich;;
20788;;thebigbossofliberty;;37;
20789;;theHappyLu;;;
20790;;the-flaming;weiblich;30;
20791;;the-Al;männlich;31;
20792;;the smiling thestral;;;
20793;;teebeutel;weiblich;;
20794;;tbh;;;
20795;;tatymii;weiblich;23;https://www.youtube.com/channel/UCihXbdehDtVe05zAWFO5CVg
20796;;tasooks;;28;
20797;;tarjas-reign;weiblich;25;
20798;;tali7;weiblich;21;
20799;;talea Salvatore;weiblich;;
20800;;takumotoki;;;
20801;;takara hatake;;;
20802;;takahoma;;;
20803;;tagschlaefer;weiblich;;
20804;;taethi;weiblich;;
20805;;tHeAa;;;http://iso-la.tumblr.com/
20806;;szeretlek;weiblich;30;
20807;;szcz97;männlich;26;
20808;;sybille;;19;
20809;;sword blade;weiblich;;
20810;;sweetsisters0099;weiblich;;
20811;;sweet nightmare;;;
20812;;swandi;weiblich;;
20813;;svennywise;weiblich;36;
20814;;sven92;männlich;;
20815;;sva-vgl;weiblich;22;
20816;;sushi x3 lira;weiblich;;
20817;;susel1006;weiblich;24;
20818;;survived2011;;;
20819;;sureal-reality;weiblich;;
20820;;superGirl7;weiblich;27;http://www.instagram.com/mc.pictures_0406
20821;;sunshine666999;männlich;;
20822;;sunshine100;;;
20823;;sunshiine;weiblich;28;
20824;;sunnydae;weiblich;30;
20825;;sunny16katy;weiblich;;
20826;;sunXmoon;;;
20827;;strawberryowl;weiblich;;
20828;;storybystory;weiblich;25;
20829;;stormshadow1;;;
20830;;stjarnaljos;weiblich;38;
20831;;stimmengewitter;;;
20832;;stevbutcher;;;
20833;;sternschnups;weiblich;;
20834;;sternennarr;weiblich;25;https://twitter.com/weltraummuell
20835;;stephmcx;;;
20836;;stefanbk;männlich;;
20837;;st2425;weiblich;;
20838;;sproutet-Moon;weiblich;29;https://www.tumblr.com/dashboard
20839;;split;;;https://www.facebook.com/Split-words-544153422409559/?fref=ts
20840;;souseiji ichi;;;
20841;;sound;weiblich;34;
20842;;sotouchy;;;
20843;;sosososo;;;
20844;;soso8;weiblich;;http://soso8.hat-gar-keine-homepage.de/
20845;;soslytherin;weiblich;;
20846;;sophiecullen16;;;
20847;;soon;weiblich;;
20848;;somniar;;;
20849;;someChocolate;weiblich;27;
20850;;soleaamulet;weiblich;26;
20851;;sojaart;weiblich;21;
20852;;sofunneh;;;
20853;;snowfisch;;;
20854;;sneaseleni;weiblich;30;
20855;;smokinXIII;;31;
20856;;smilktea;;;
20857;;smile-for-no-reason;weiblich;26;
20858;;smeagol;weiblich;;
20859;;smartypants;weiblich;;
20860;;sky-fire;weiblich;33;
20861;;skat;weiblich;;
20862;;sirGra3;;;
20863;;simon0yin;männlich;31;
20864;;silent cookie;weiblich;;https://archiveofourown.org/users/SilentCookie
20865;;sil3ntguy;;;
20866;;siamcat;weiblich;23;
20867;;shutterfly;männlich;;
20868;;shmz;;25;
20869;;shiprekt;männlich;;
20870;;shipperin-;weiblich;25;
20871;;ship-chimney;weiblich;;http://finduil.tumblr.com/
20872;;shiorinekoi;weiblich;;
20873;;shining-sun;weiblich;30;
20874;;shining smile;weiblich;32;
20875;;shining butterfly;weiblich;28;
20876;;shiek-kun;männlich;36;
20877;;shibainu303;;;
20878;;shadow77;weiblich;47;
20879;;serotoninebat;männlich;22;
20880;;serenitywing;weiblich;30;
20881;;seli99;weiblich;25;
20882;;seinEinundAlles;;;
20883;;seelenspiegel;weiblich;;
20884;;see5maus;weiblich;28;http://www.youtube.com/user/see5maus?feature=mhee
20885;;seacloud;männlich;;
20886;;seBASTIan;;;
20887;;scotty5000;weiblich;;
20888;;schwarzeWitwe;weiblich;;
20889;;schwachesGift;weiblich;;
20890;;schokoladenherzchenx;weiblich;;
20891;;schoko-kirsche;weiblich;;
20892;;schokikeks;weiblich;32;
20893;;schneeeis;weiblich;;
20894;;schneebrise;weiblich;24;
20895;;schlumpfine93;weiblich;31;
20896;;scherzlos;weiblich;;
20897;;schattenengell;weiblich;;
20898;;schaetzelein0409;weiblich;33;
20899;;sazicki;weiblich;;
20900;;savior of the damned;weiblich;31;
20901;;saturatedsoul;weiblich;20;https://www.instagram.com/saturatedsoul.art/
20902;;sarkynytsydan;;;
20903;;sarahmith;weiblich;33;
20904;;sarahkay;weiblich;26;
20905;;sarah12345;weiblich;24;
20906;;saphirblau;;;
20907;;sanjo;männlich;20;
20908;;sanii0105;weiblich;;
20909;;sanguinem luna;weiblich;22;
20910;;samy368;weiblich;;
20911;;samula;weiblich;27;
20912;;samoxeye;männlich;24;
20913;;sammy93;weiblich;30;
20914;;saki612;weiblich;37;http://www.7716galaxy.com
20915;;sailingsnow;weiblich;33;
20916;;sage-inu;weiblich;22;https://lorilanda.tumblr.com/
20917;;sTuPs;weiblich;30;
20918;;sHo3s;weiblich;;
20919;;s0l0ist;;;
20920;;runner of dreams;weiblich;;
20921;;ruka;weiblich;31;
20922;;rotehaende;weiblich;;https://my.w.tt/UiNb/Wl2rYfIzII
20923;;rot-und-blau;weiblich;;
20924;;rossignol;weiblich;30;
20925;;rosa Kueken;;;
20926;;roh Bart;;;
20927;;robinie;;;https://www.goodreads.com/user/show/107427472-robinie
20928;;rnr-uebertier;weiblich;32;http://www.lastfm.de/user/hier-sein
20929;;ricola;weiblich;30;
20930;;remembersth16;weiblich;;
20931;;reiskorn19;;;
20932;;redlikeblood;weiblich;;
20933;;redbutterfly13;;;
20934;;redberry;weiblich;32;http://www.myspace.com/melli2031
20935;;rebelyell;weiblich;;
20936;;rebeccawamboi;weiblich;24;
20937;;realmrsmalfoy;weiblich;;
20938;;readlettersblog;weiblich;;
20939;;readaholic1603;;;
20940;;razzledazzleduke;;;
20941;;raxacorico;;;
20942;;ravenmz;;;
20943;;ramonafanfiction 123;;;
20944;;rainstormnights;;28;http://rainstormnights.tumblr.com
20945;;rainbowdiamond;weiblich;25;
20946;;querfeldein;;;
20947;;qhanqibe2;weiblich;20;
20948;;putzige Leseratte 2;weiblich;;http://putzige.leseratte.2.hat-gar-keine-homepage.de
20949;;pusteblume0210;weiblich;;
20950;;puppet pale aki;weiblich;31;
20951;;punkmelody;weiblich;29;
20952;;puffin012;;;
20953;;pseudonymia;weiblich;27;https://twitter.com/iAm_Pseudonymia
20954;;pseudo Sayumi;weiblich;;
20955;;psaikolove;weiblich;;
20956;;prongs2b;weiblich;;
20957;;prinsessa;weiblich;;
20958;;pringels;weiblich;32;
20959;;princessOlillith;weiblich;;
20960;;prince noir;;36;
20961;;pretty in pink;weiblich;;
20962;;pressure;weiblich;30;http://www.feli.hat-gar-keine-homepage.de
20963;;prayinsilence;weiblich;;
20964;;potter-fan;weiblich;;
20965;;poetheart;;;
20966;;pixilike-alice;weiblich;;
20967;;pinkyCat;weiblich;;http://twitter.com/laaaangweilig
20968;;pinkosaurus;weiblich;;
20969;;pink-lilly;;;https://twitter.com/Vanilliebohne
20970;;pinguinliebe;weiblich;;
20971;;pineappleforyou;weiblich;;http://lon.hat-gar-keine-homepage.de
20972;;pilote de ma vie;;;
20973;;pianopoet;weiblich;26;http://gedankenundgedichteeinerchaotin.blogspot.com//
20974;;phoenix1895;;;
20975;;phiene;weiblich;;
20976;;phiaflower;weiblich;;
20977;;pflock;weiblich;;
20978;;petitMondkalb;weiblich;;
20979;;persephoenyx;weiblich;24;https://twitter.com/persephoenyx
20980;;permanentrosa;weiblich;24;
20981;;pepsijunky;weiblich;30;http://fishfinger.pepsijunky.hat-gar-keine-homepage.de/
20982;;peach91;weiblich;;
20983;;pcl;;;
20984;;pazu;;29;http://philosworte.wordpress.com/
20985;;paulettejambon;weiblich;;
20986;;patience1964;weiblich;;
20987;;pastel ink;divers;23;
20988;;pascal;männlich;32;
20989;;panic puppet;;;
20990;;p e wednesday;;;https://fairy-on-fire.tumblr.com/
20991;;ourstorys;weiblich;;
20992;;ossim2;männlich;;
20993;;orionsystem;weiblich;67;
20994;;orangenails;;;
20995;;oocleooo;weiblich;31;
20996;;only dark;weiblich;23;
20997;;oneShotsDEluxe;;;
20998;;okami-raphi;weiblich;32;
20999;;of honey and roses;weiblich;24;
21000;;o namorado;;;
21001;;nyma;weiblich;41;
21002;;nyafurukawa;weiblich;;
21003;;number0608;weiblich;;
21004;;nowheretowonderland;weiblich;26;
21005;;novelistniklas;;;
21006;;notedbreadthief;männlich;;https://twitter.com/mutterfickstock
21007;;north star;;;
21008;;noranis;weiblich;30;
21009;;noctua13;;;
21010;;nirwana;weiblich;31;
21011;;ninchen308;;;
21012;;nina pan;weiblich;30;
21013;;nimefreak;weiblich;;
21014;;nightmaresdream;;;
21015;;nightfight;männlich;;
21016;;niconico;;;
21017;;nichts;;27;
21018;;niallers Princess;;;
21019;;newwave;;;
21020;;nevesta satanii;weiblich;;
21021;;nevergrowingup;weiblich;29;
21022;;netdevil00;männlich;37;
21023;;nessiemonster;;;
21024;;nerdcrap;weiblich;;
21025;;nepenthe;divers;;
21026;;neonunderskin;divers;;https://archiveofourown.org/users/melancholiaapologist
21027;;nenyalive;;;
21028;;nelkenduft;;;
21029;;nekoryu;;;
21030;;nekoknows;weiblich;21;
21031;;nebelblumen;divers;;
21032;;nathilali23;weiblich;26;
21033;;nathastic;weiblich;31;http://inchoateanamnesis.tumblr.com
21034;;nakamura ryo;männlich;;http://n-ryoblue.blog.de/
21035;;nadilinea;weiblich;30;
21036;;nachtfaenger;männlich;31;http://paperback.writers.myblog.de/
21037;;myunicornlikescookie;weiblich;;
21038;;mystic wonderland;weiblich;23;
21039;;mystic Kitten;weiblich;;https://www.instagram.com/_eva_f_/
21040;;mysteryCookieee;weiblich;;https://www.omfgdogs.com/
21041;;mysterious;weiblich;;
21042;;mystarisfading;weiblich;27;http://www.dryyoureyes-startbelieving.tumblr.com/
21043;;myst3rium;divers;33;
21044;;myownworld;;;
21045;;mylovelyneonlights;weiblich;;
21046;;mydream 1405;;;
21047;;musiquedelanuit;;;
21048;;mtgtexte;;;
21049;;mrcpan;;;
21050;;moosrose;weiblich;;
21051;;moonshadow1901;weiblich;;
21052;;moonnight;weiblich;;
21053;;mooninko;;;
21054;;moonflowr;weiblich;25;
21055;;moondance14;weiblich;;http://moonstales.blogspot.com/
21056;;mono-nk;weiblich;26;
21057;;mondschwarz;weiblich;27;http://mondillusion.deviantart.com/
21058;;mondkaelbchen;weiblich;32;
21059;;mond im see;;15;
21060;;molly97;weiblich;;
21061;;moechtegernvampir;weiblich;32;http://moechtegerngruft.de.tl
21062;;mixa;;;
21063;;mitternachtssonne;weiblich;;
21064;;missnoidea;weiblich;;
21065;;missmisery99;weiblich;25;
21066;;misslounis;weiblich;;
21067;;missfunny;weiblich;;
21068;;missblue;weiblich;29;
21069;;miss-spookiness;;;
21070;;miss-nothing;weiblich;27;
21071;;miss-Svenja;weiblich;28;
21072;;miss luminosity;weiblich;21;https://luminosity.myspreadshop.de
21073;;miss forever;weiblich;;
21074;;misha098;weiblich;;
21075;;mirstes;weiblich;;
21076;;mira119;weiblich;27;https://mira119.jimdo.com/
21077;;minzbonbon;weiblich;;
21078;;mintberry;weiblich;30;
21079;;minorpart of subplot;weiblich;;
21080;;mindreader530;männlich;;
21081;;mimiis-plant;weiblich;22;https://www.instagram.com/joongies_plant/
21082;;militanter mensch;weiblich;;
21083;;mick;weiblich;;
21084;;mibel102;weiblich;;
21085;;mexicanrose;weiblich;;
21086;;meta stasis;;;
21087;;merjana;weiblich;28;
21088;;memoirst;;24;https://www.pinterest.de/luckyyjana/character-stuff/
21089;;melting snow;;;
21090;;melodieliona;weiblich;27;
21091;;mello-chocolate;weiblich;24;
21092;;mel chan;weiblich;40;
21093;;meiridia;weiblich;28;
21094;;meinungsschreiber;;;
21095;;meika;;;
21096;;megbls;weiblich;21;
21097;;meersehnsucht;weiblich;;
21098;;meLaurii;weiblich;27;
21099;;mayllia;weiblich;;
21100;;mayland;weiblich;;
21101;;maych;weiblich;27;
21102;;maybeTHEalice;weiblich;;
21103;;maya-the-pariah;;;
21104;;may66;weiblich;;
21105;;mawagirl;weiblich;;
21106;;matschpfuetze;weiblich;;
21107;;mary darcy;weiblich;;
21108;;marshmelo;;;
21109;;marryblood;;;
21110;;maroy;;;
21111;;marliseyna;weiblich;31;http://archiveofourown.org/users/shipless_ocean
21112;;marlee23;;;
21113;;mariska;;;
21114;;marinaXO;weiblich;28;
21115;;marikzipzip;weiblich;;
21116;;marieh;weiblich;;
21117;;mariamest;weiblich;33;
21118;;mari-fleur;weiblich;;
21119;;mandei;weiblich;30;
21120;;mandarinee;weiblich;28;
21121;;mana22;weiblich;;
21122;;manOmeter;weiblich;;
21123;;malumpuella;weiblich;27;
21124;;mallie;weiblich;20;
21125;;malfunction;weiblich;28;
21126;;malexa;weiblich;30;
21127;;majorwe;weiblich;31;
21128;;maibaum;;;
21129;;magicdrusilla;weiblich;44;http://magicdrusilla.deviantart.com/
21130;;magical;weiblich;32;
21131;;maYUmiii;weiblich;;
21132;;ma-jula;;;
21133;;ma-dragon;;29;http://ma-dragon.deviantart.com/
21134;;lyrix;männlich;32;
21135;;lydiaakeks;weiblich;;
21136;;luuuuuuuul;;;
21137;;luthulie;;;
21138;;lustig;;27;https://archiveofourown.org/users/lustig
21139;;lunitta;weiblich;;
21140;;lunaxsol;;;
21141;;lunanara;weiblich;;
21142;;lunamera;weiblich;34;
21143;;lunalupa;weiblich;24;
21144;;lunafel;männlich;28;http://lunafel.tumblr.com/
21145;;luminousstoryteller;weiblich;26;https://linktr.ee/luminouslittlestoryteller
21146;;lula-chan;weiblich;;
21147;;lukas2511;;;
21148;;lucy11;weiblich;26;
21149;;luciferslover;weiblich;;
21150;;loveppes;weiblich;;
21151;;lovely95;weiblich;28;
21152;;lostindreams;;;
21153;;loquita;weiblich;;
21154;;loooogt;;;
21155;;lonely muffin;männlich;;
21156;;loli-chan;weiblich;27;
21157;;lolana21;;;
21158;;lmaus123;;;
21159;;llewod rhuo;weiblich;;
21160;;llbeta;weiblich;;
21161;;living in hurtsville;weiblich;25;
21162;;liverstone;;;
21163;;littlestrawberry;weiblich;;
21164;;littlemisscurious;weiblich;37;http://w-is-for-writing.tumblr.com
21165;;littlemelody;;;
21166;;littlelight;weiblich;;
21167;;littlegangsta;;;
21168;;littleblackcat;weiblich;32;
21169;;littleEMOgirl;;;
21170;;little-sweet-angel;weiblich;30;http://s14.bitefight.de/c.php?uid=87768
21171;;little-my;weiblich;;
21172;;little shadow;weiblich;30;
21173;;listen-letsgo;weiblich;;
21174;;lisamausi556;weiblich;;http://lisa.hat-gar-keine-homepage.de
21175;;lisalovesbooks;weiblich;23;
21176;;lisa0203;;;
21177;;liramia;weiblich;;
21178;;linnzyzik;weiblich;;
21179;;linnilin123;;;
21180;;limaro;;;
21181;;lilaenny;weiblich;29;http://twitter.com/LilAenny
21182;;lil sis;weiblich;32;http://lil-sis24.livejournal.com/
21183;;liesaluise;weiblich;27;
21184;;liebes leben;weiblich;;
21185;;libria;weiblich;30;
21186;;libidomus;;;
21187;;leseratte1978;weiblich;46;https://www.facebook.com/melanie.namuth.3
21188;;lesbianlove;;29;
21189;;leonie2014;weiblich;25;
21190;;leolino;weiblich;;
21191;;lenxka;weiblich;23;
21192;;leninemi;divers;;
21193;;leni11;weiblich;25;
21194;;lena-licht;weiblich;;
21195;;lemonice;weiblich;36;
21196;;lelinaluna;weiblich;27;
21197;;lela2015;weiblich;;
21198;;leila13;;;
21199;;leb-damit;;25;
21200;;leandra1995;;;
21201;;leandra sofia stark;weiblich;;
21202;;le-vraie-teigne-noir;weiblich;32;http://www.myspace.com/dust_of_an_angel
21203;;le luna;weiblich;31;
21204;;layzylausi;weiblich;;https://www.facebook.com/layzylausi
21205;;lavolsky;;;
21206;;lavather;;40;
21207;;laurasunshine;weiblich;27;
21208;;lanayre;weiblich;28;
21209;;lalibutz;;;
21210;;lalalaula200;weiblich;30;http://devillala09.jimdo.com/
21211;;laeny;weiblich;33;
21212;;ladyofstarlight;weiblich;;
21213;;lady1111;weiblich;26;
21214;;lady of the rings;;;
21215;;lacrima2;weiblich;;
21216;;lachmaus;weiblich;34;
21217;;kyubizan;männlich;;
21218;;kulikutaikanu;;;
21219;;kulii;weiblich;29;http://reviewoneverything.wordpress.com/
21220;;kuki;;;
21221;;krissyloho;weiblich;26;
21222;;kreuzdame;;;
21223;;kora23;weiblich;;
21224;;konstiderbusch;männlich;28;
21225;;koli;weiblich;;
21226;;kokaola;;;
21227;;knuffelduffeldu;;;
21228;;knittingjennybenee;;;
21229;;klud;männlich;80;
21230;;klompiziert;weiblich;;
21231;;kleinesTigerchen;weiblich;;
21232;;kleiner panda;;;
21233;;kleinemeerjungfrau;weiblich;31;
21234;;kleine-leseratte;weiblich;30;
21235;;kleine tigerin;weiblich;;
21236;;klein Moriarty;weiblich;26;
21237;;kizuna27;weiblich;;
21238;;kittykatkat;weiblich;;http://crazy-lil-kat.tumblr.com/
21239;;kira2016;;;
21240;;kingkong;weiblich;;
21241;;kindisch Herzchen;weiblich;;
21242;;kinass;weiblich;28;
21243;;kimboly;weiblich;31;
21244;;kimbboo;weiblich;;
21245;;kim 666;;;
21246;;kikuyey;weiblich;26;
21247;;kikidergecko;;;
21248;;kijkou;weiblich;;
21249;;kiesel;weiblich;31;https://twitter.com/Chaosnoise
21250;;kick;weiblich;;
21251;;kiaraayleen;weiblich;25;
21252;;khoshekhskitten;männlich;27;http://www.khoshekhskitten.tumblr.com
21253;;kek-si;;;http://www.mannenntmichoeko.blogspot.de/
21254;;kayleen;;;
21255;;katwoman;weiblich;;
21256;;kathi281;weiblich;24;
21257;;katha666;weiblich;27;
21258;;katetv189;;;
21259;;kateling;weiblich;;
21260;;kataronuel;;;
21261;;katarkus;weiblich;;
21262;;kat-schreiben;;;
21263;;karmaofficial;weiblich;22;
21264;;kaonashi;;26;http://kaonashi-blindingdreams.blogspot.de/
21265;;kakaowriter08;;;
21266;;kaffeewarm;;;
21267;;kaethethethe;;;
21268;;kaBam;männlich;;
21269;;justtrying;weiblich;;
21270;;justarick;männlich;27;
21271;;justafantasy;;;
21272;;justPoeticWordLove;weiblich;;
21273;;just a thought;;;
21274;;jusejurek;männlich;;
21275;;junemarie;weiblich;24;
21276;;june86;weiblich;;
21277;;june-nike;weiblich;23;
21278;;jule39;weiblich;30;http://www.bookish-thinking.tumblr.com
21279;;jule1;weiblich;32;
21280;;julbot;divers;24;
21281;;juhu;;;
21282;;jotterwrites;männlich;26;https://www.instagram.com/jotter.writes/
21283;;jothing;;27;
21284;;jojoi;weiblich;;
21285;;jojo99;weiblich;;https://instagram.com/darkside_of_sweetness/
21286;;jjanette14;;;
21287;;jinkizu;weiblich;;
21288;;jessychan;weiblich;31;
21289;;jessi-farron;weiblich;;
21290;;jersey90;weiblich;;
21291;;jenimomo;weiblich;;
21292;;je ne sais pas;weiblich;;http://intrepidacious.tumblr.com
21293;;jazzalice;weiblich;26;http://raingirlfan.tumblr.com
21294;;jawja89;weiblich;35;
21295;;jaquii;weiblich;34;
21296;;janpoph;;24;
21297;;janisjoplinsniece;;;
21298;;jacknessofhearts;;31;
21299;;j125;weiblich;31;http://juliassammelsurium.blogspot.de/
21300;;ivy-mars;weiblich;28;
21301;;ivaine-vianess;weiblich;;
21302;;itsonlydana;weiblich;22;https://www.wattpad.com/user/satuprinsessa
21303;;itsneela;weiblich;;
21304;;itsjxll;weiblich;;
21305;;itbetterbeblack;weiblich;28;
21306;;ispeakinsideofyou;männlich;26;
21307;;irish;weiblich;36;
21308;;irgendein welpe;;;
21309;;invisible ink;weiblich;;
21310;;innocentStone;weiblich;29;
21311;;ingatheearthling;;;
21312;;ingabrittalisa;weiblich;;
21313;;indispensable;weiblich;;
21314;;imaginary;;;http://blumenkotze.livejournal.com/
21315;;illurex;männlich;33;
21316;;ilina;weiblich;16;
21317;;ilikewolfs;weiblich;28;
21318;;ileflolly21;weiblich;;
21319;;ikarus-1975;;;https://mathematikalpha.de/mathematikschulbuecher
21320;;iggibre;;;
21321;;icymoonnight;;30;
21322;;ichigoKukki;weiblich;33;
21323;;iSupershape;weiblich;;
21324;;iRowan;weiblich;;
21325;;iDAz;weiblich;;
21326;;hxvol;weiblich;28;
21327;;hvk-conan;weiblich;30;
21328;;humminggirl;weiblich;24;
21329;;http-bilou;weiblich;;
21330;;hrtshpdchickennugget;;;http://heart-shaped-chickennugget.tumblr.com
21331;;hopeless-angel;weiblich;;
21332;;honigkuchenpony;weiblich;25;
21333;;honey-love1292;weiblich;31;
21334;;homeless08;;;
21335;;holywaterproof;weiblich;29;
21336;;hiromi-chan;weiblich;31;
21337;;hikari no hana;weiblich;30;
21338;;hey-goaway;weiblich;16;
21339;;hey hey;;;
21340;;herzschlag;weiblich;;
21341;;herzankopfaus934;weiblich;28;
21342;;heliumlunge;weiblich;;
21343;;heinzi99;weiblich;25;
21344;;heaven-dreamer;weiblich;;
21345;;heaven knows;weiblich;;
21346;;heartshaped;weiblich;29;
21347;;hautfo13;;;
21348;;harmioneinlove;weiblich;28;
21349;;hannibannibumblebee;weiblich;19;
21350;;handwritten;weiblich;32;
21351;;hamja;weiblich;;
21352;;halfJack;;37;http://halfjack.animexx.jp
21353;;haley;weiblich;;
21354;;hagummiers;weiblich;;
21355;;guerkli;weiblich;31;
21356;;gruenkohlmitspinat;weiblich;;
21357;;grinsemoewe;;;
21358;;grinsekatze1;weiblich;;
21359;;grinjuGara;;;
21360;;grimmi-fan-girl00;weiblich;31;http://desandrawarzz.deviantart.com/
21361;;greyishfire;;26;
21362;;greenflower;;30;
21363;;green phoenix;männlich;28;
21364;;greasybat;;;
21365;;gothicbraut93;weiblich;31;
21366;;gossipGirl1;weiblich;28;
21367;;goose bumps;;;
21368;;goodmoodeverytime;weiblich;27;http://www.fanfiktion.de/u/kuerbis-storys
21369;;goddamnlia;weiblich;25;
21370;;glucamole;;41;
21371;;glitzerseele;weiblich;;
21372;;glieco;männlich;;
21373;;girlwithoutaname;weiblich;;
21374;;girl in trouble;weiblich;33;
21375;;gingerbreadjen;;;
21376;;ghostwriter11;weiblich;;
21377;;ghetto-cinderella;weiblich;;
21378;;gewitterhexle;weiblich;;
21379;;gestalt;;;
21380;;gerrit;;;
21381;;genso-sekai;weiblich;28;
21382;;geliebter Du;;;
21383;;gelberKlebezettel;weiblich;;
21384;;gefuehlsleer;weiblich;;
21385;;gayandcanon;;;https://www.ko-fi.com/orjustkukki
21386;;garunga;weiblich;39;http://www.das-rudel-heult.de
21387;;gallardo nera;weiblich;30;
21388;;fuwachi;weiblich;28;
21389;;fututor;;;
21390;;fusselfinchen;;;
21391;;funny300;weiblich;23;
21392;;fruitdrop;weiblich;;
21393;;frozen-soap-bubble;weiblich;;
21394;;frosch99;weiblich;;
21395;;friendless;;;
21396;;freiheitssuchend;;;
21397;;freakywriter779;weiblich;29;
21398;;freaky-me;weiblich;;
21399;;freakskin;weiblich;;
21400;;freakiecreepie;weiblich;33;http://ich.hat-gar-keine-homepage.de/
21401;;freak -at home-;weiblich;23;https://twitter.com/ff_freakathome
21402;;frank49berlin;männlich;;
21403;;franci-chan;weiblich;;http://drawwithfranci.blogspot.de/
21404;;fraeuleinzuckerwatte;weiblich;;
21405;;foxy96;weiblich;28;
21406;;foxdevilswild;weiblich;;
21407;;flowersfade;weiblich;;
21408;;flower900;;;
21409;;florin;weiblich;23;
21410;;flollo6;männlich;;
21411;;fleckenmonster;weiblich;30;
21412;;firewood;weiblich;;
21413;;firephoenixx3;;;
21414;;firelastsforever;;;
21415;;fireakt;männlich;33;http://www.youtube.com/DerHosenmatz
21416;;finspin;;;
21417;;fineinhorn;;;http://www.fineinhorn.com/
21418;;filla dimonis;weiblich;;
21419;;fightcat;weiblich;34;
21420;;fianox;;;https://fialog.wordpress.com
21421;;fhlant21;;;
21422;;feuerblume;weiblich;;
21423;;feuer und luft;;;
21424;;fette eule;weiblich;28;
21425;;felvris;;;
21426;;felix14;männlich;64;
21427;;feistchen;weiblich;27;
21428;;fedora;weiblich;;
21429;;fayGORE;weiblich;38;
21430;;fawnx;divers;;
21431;;fatum;;;
21432;;fat housecat;;;
21433;;farbwirkung;weiblich;;
21434;;fant;männlich;;
21435;;fangirl9;;;
21436;;fangirl00;weiblich;;
21437;;fanfiktionera;weiblich;;
21438;;fanAtikerin;weiblich;34;
21439;;fallen-apart;weiblich;;
21440;;fallen-angel1992;weiblich;32;
21441;;fakedtragedy;;28;
21442;;fairy143;weiblich;;https://twitter.com/bookjunkyy
21443;;faded ink;;32;
21444;;fREAky lia;;;
21445;;exequilibrium;;;
21446;;evidence;weiblich;;http://hannah.hat-gar-keine-homepage.de/
21447;;everythings-diffrent;weiblich;26;
21448;;eveningblue;;28;
21449;;eve001;weiblich;;
21450;;eufohi;;26;
21451;;etiaeinen;weiblich;28;
21452;;etama;weiblich;37;http://etama-kaimo.com
21453;;esperanzado;männlich;;
21454;;escapetomyreality;weiblich;;
21455;;error400;;36;
21456;;erko;;;
21457;;enni;weiblich;25;
21458;;endlesslines;weiblich;;
21459;;endlessNightmare;weiblich;;
21460;;emptymind;weiblich;;
21461;;emoeke09;weiblich;;
21462;;emoblatt;weiblich;31;
21463;;emion;weiblich;30;
21464;;emieno;;;
21465;;elyana;weiblich;32;
21466;;elpidaxx;;26;http://ttnsofficial.jimdo.com/
21467;;ellinor;weiblich;23;
21468;;elli-spirelli-books;weiblich;21;
21469;;elfe93;weiblich;31;
21470;;elenor87;weiblich;37;
21471;;elenitsa;weiblich;26;
21472;;elegys;;;
21473;;einhornstaub;weiblich;;
21474;;einNeuerAnfang;männlich;62;
21475;;ein fan von dir2;weiblich;;http://fresch-debo.deviantart.com/
21476;;ein fan von dir;;30;http://kriegszahn.tumblr.com/
21477;;ededen;divers;23;
21478;;echostern;;;
21479;;eboshi;weiblich;;
21480;;early access;weiblich;;
21481;;eDrift;männlich;29;
21482;;dying brains;;;http://dyingbrains.tumblr.com/
21483;;dwak;weiblich;;
21484;;duund ich und walter;weiblich;35;
21485;;durli;;;https://indigostaub.wordpress.com/
21486;;duriz;männlich;;
21487;;dunkelselig;weiblich;18;https://www.wattpad.com/user/dunkelselig
21488;;drunkpeterpan;männlich;;
21489;;drunkencookie;weiblich;;
21490;;dreamfighter;weiblich;42;
21491;;dream of destiny;weiblich;;
21492;;drama70;;;
21493;;draconiamalfoy;weiblich;29;
21494;;doska;weiblich;;http://www.doska-online.de
21495;;dopyPhine;weiblich;;
21496;;domi96;;;
21497;;doedsruna;weiblich;;http://bottomsky.blogspot.de/
21498;;disillusion;weiblich;28;
21499;;dieerdatmosphaere;weiblich;;
21500;;dieSchreiberin15;weiblich;;
21501;;die andere;weiblich;;
21502;;detailverliebt;;;
21503;;desii1992;weiblich;;
21504;;derbucherwurm;weiblich;;
21505;;decide-to-write-86;weiblich;;
21506;;deanwinchester;weiblich;;
21507;;deadwomanwalking;weiblich;32;
21508;;deadcorpse;weiblich;34;http://foxchronicles.blogspot.com/
21509;;deadaccount;;33;
21510;;dayoval;weiblich;;https://www.wattpad.com/user/Dayoval
21511;;dasFreak;weiblich;32;
21512;;das nixi-lein;weiblich;;
21513;;das Lisl;weiblich;;
21514;;darksunshine;weiblich;29;
21515;;darksecret;weiblich;30;
21516;;darklilith;weiblich;33;
21517;;darkgreen;weiblich;;
21518;;darker22;;;
21519;;darkcupcake;weiblich;26;http://darkcupcake.hat-gar-keine-homepage.de/
21520;;darkblackclouds;;;
21521;;darkAlex;weiblich;30;
21522;;dark-mind;weiblich;;
21523;;dark cloud;weiblich;;https://twitter.com/Lele_the_first
21524;;dancingqueen90;;;
21525;;daisuki-chan;weiblich;32;http://Saike.animexx.jp
21526;;dacote;männlich;;
21527;;da-bine;weiblich;30;
21528;;cyberia;weiblich;;
21529;;custor13;weiblich;;https://twitter.com/custora66
21530;;curlysue2001;;;
21531;;crystal-98;männlich;;
21532;;crazytop;weiblich;;
21533;;crazytennie;weiblich;22;
21534;;crazylady16;weiblich;29;
21535;;crazyIsi;weiblich;;
21536;;crazy-heart;weiblich;27;
21537;;crazy devil;weiblich;23;
21538;;crane;;;
21539;;cosmonautiko;weiblich;;
21540;;corbeaux;;;
21541;;coraline;weiblich;;
21542;;cookie75;weiblich;26;
21543;;cookie474;;;
21544;;cookie27;weiblich;;
21545;;conteur;weiblich;;
21546;;contemplative;männlich;33;
21547;;confusticated;;;
21548;;con brio;weiblich;32;
21549;;colorofsnow;weiblich;36;
21550;;colli26;weiblich;45;
21551;;coline;;;
21552;;coldsnow;;;
21553;;col0rblind;weiblich;;
21554;;coffee-to-go;weiblich;;
21555;;coelessaturn;;;
21556;;cloudy-day;;;
21557;;cibbi;weiblich;38;http://www.cibbizone.de.vu
21558;;chromschwarz;weiblich;;
21559;;chouette;weiblich;;
21560;;chocolate girl;;;
21561;;choci;weiblich;29;
21562;;chippidu;weiblich;34;
21563;;chimamire no tenshi;weiblich;26;
21564;;cherrybell;weiblich;;
21565;;chem;;;
21566;;chartus;;;
21567;;charmingprue;;;
21568;;charly dreams;weiblich;;
21569;;chaoticgirl;weiblich;35;
21570;;chaotic andi;weiblich;25;
21571;;chaosfee;;42;
21572;;chaosedalyn;;21;
21573;;celestryall;;;
21574;;ceddywinchester;;;https://twitter.com/ceddywinchester
21575;;ceberos96;weiblich;;
21576;;caughtinwonderland;weiblich;25;
21577;;catroofdance;weiblich;;
21578;;catriona;weiblich;23;
21579;;cather;;20;
21580;;catgirl222;weiblich;32;
21581;;cat1811;weiblich;27;
21582;;cassiopeia-calypso;weiblich;;
21583;;caro0815;weiblich;;
21584;;carma;weiblich;34;
21585;;carinasan;;;
21586;;career;;;
21587;;caqr;männlich;37;
21588;;captor;weiblich;;
21589;;capsLock;weiblich;;
21590;;callisto24;weiblich;;http://www.sigridlenz.de
21591;;calli;weiblich;;
21592;;calendergirl;weiblich;;
21593;;c lin;;;
21594;;butterfly93;weiblich;31;
21595;;butterfly-effect;weiblich;;
21596;;butterfly-dimensions;weiblich;;
21597;;bum kuller;weiblich;32;
21598;;buddy2011;weiblich;23;
21599;;buch-verwurzelt;weiblich;33;
21600;;bubblewrap;weiblich;;http://twitter.com/Yula41
21601;;brokenvenus;weiblich;26;
21602;;britishloyal;weiblich;;
21603;;brave dawn;weiblich;;
21604;;braunschi;weiblich;;
21605;;brandzess;weiblich;31;
21606;;brainwave;weiblich;;
21607;;boys;;;
21608;;boxtrox;männlich;;http://boxtrox.blogspot.de/
21609;;book-of-sally;weiblich;27;https://www.instagram.com/book_of__sally/?hl=de
21610;;book thief;;;
21611;;bluesun;weiblich;;
21612;;bluesea;;28;
21613;;bluemountaindovetail;weiblich;34;
21614;;blueloving;;;
21615;;bluebellie;weiblich;;
21616;;blue-moon;weiblich;;
21617;;blue-in-red;divers;;
21618;;blue levy;;;
21619;;bloodykiss;weiblich;28;
21620;;blitzverliebt;;;
21621;;bliblabluub;weiblich;;
21622;;blackx;;25;
21623;;blacksun2;;;
21624;;blackstar37;weiblich;30;
21625;;blackstar18;weiblich;;
21626;;blackshine;weiblich;30;http://pergamentfalter.blogspot.de/
21627;;blackravenmask;weiblich;25;
21628;;blackmuse;weiblich;27;
21629;;black-n-white;weiblich;;
21630;;black-cherry-angel;weiblich;34;
21631;;black snoopy;weiblich;;
21632;;black illusion;;;
21633;;bibimbap;;;
21634;;between the words;;;
21635;;betty67;weiblich;;
21636;;benny1903;;;
21637;;bed-of-roses;weiblich;;
21638;;beavoice;weiblich;;
21639;;baum123;männlich;29;
21640;;barbiegirl;weiblich;;
21641;;banira;weiblich;29;
21642;;bananenparty;männlich;28;https://www.youtube.com/user/bananenparty
21643;;bananapancake;weiblich;34;
21644;;baldammeer;;;
21645;;badkit;weiblich;;
21646;;bad juju;männlich;;
21647;;babsy01NRW;weiblich;51;
21648;;baaam;männlich;35;
21649;;aylah;;;
21650;;ayjada;;;
21651;;ayara;weiblich;;http://pogozwerg.livejournal.com
21652;;ayanOo;weiblich;33;
21653;;autumngirl;weiblich;27;
21654;;autschibooklovegirl;weiblich;29;
21655;;austengirl306;;;
21656;;aurea drakona;;;
21657;;atraealae;weiblich;;
21658;;atomica;weiblich;;
21659;;atake;;;
21660;;astrum;;21;
21661;;asja;;;
21662;;asirisoledada;weiblich;;
21663;;ashtray angel;weiblich;;
21664;;aritox;;;
21665;;arguablegoddess;weiblich;24;
21666;;aresram;divers;24;
21667;;aquamarinesong;;30;
21668;;applesorbet;weiblich;;
21669;;appleheart11;weiblich;;https://www.instagram.com/appleheart11/
21670;;another lost poet;weiblich;22;
21671;;anonymous;;;
21672;;anonymie;;;
21673;;anonym6367;;;
21674;;anonym reader;weiblich;;
21675;;annodomini;;;
21676;;annijace;weiblich;;http://annijace.deviantart.com/
21677;;anne-aunyme;weiblich;32;
21678;;annamirdl;weiblich;;
21679;;anna98;weiblich;;
21680;;anima athiktos;weiblich;37;
21681;;anica2712;weiblich;24;
21682;;anheg;weiblich;32;
21683;;angi2709;weiblich;25;
21684;;angeloftheoblivion;weiblich;30;
21685;;angeleyes;weiblich;;http://myblog-angeleyes.blogspot.com/
21686;;angelcage;weiblich;37;
21687;;angel of night;weiblich;27;https://www.facebook.com/pages/Angel/226876434117507
21688;;andiekreativitaet;männlich;28;https://andiekreativitaet.blogspot.com
21689;;andersartICH;;;
21690;;anakin;weiblich;;
21691;;an anderen tagen;weiblich;;
21692;;ampelmensch;weiblich;;
21693;;amichi;;;
21694;;amaya moriko;weiblich;29;
21695;;alpenschneehuhn;weiblich;;
21696;;almost dead;weiblich;24;
21697;;allztarr;männlich;;
21698;;alliask;;;
21699;;alja;weiblich;;
21700;;alivrety;weiblich;;https://www.instagram.com/alivrety/
21701;;alittlebluebird;weiblich;25;
21702;;alia;weiblich;;
21703;;alexeye;männlich;25;
21704;;alexandra2803;weiblich;;https://twitter.com/alexandra_2803
21705;;alenax;;;
21706;;alegna70;weiblich;54;https://www.instagram.com/alegnas_storylife/
21707;;alantei67;weiblich;34;
21708;;ajdan800;männlich;27;https://www.instagram.com/ajdan.arts/
21709;;aiyang-88;weiblich;;
21710;;aislingde;weiblich;;http://aisling.biz/index.php/start-infos-kontakt
21711;;airihdaa;weiblich;23;
21712;;aina laire;;;
21713;;ailurophie;weiblich;23;
21714;;aild90;männlich;34;
21715;;aiko-san92;weiblich;32;
21716;;aikari;weiblich;32;http://victoriasaviles.deviantart.com/
21717;;agramonique;;;
21718;;agostino;;;
21719;;agooddaytosmile;männlich;32;
21720;;agenthartwin;;;
21721;;affinno;;;
21722;;aeonAME;weiblich;35;
21723;;adorablejoker;weiblich;;
21724;;admirex;weiblich;;
21725;;addyfair;weiblich;33;
21726;;addiction;;;
21727;;addictedtoart;;;
21728;;achterbahnpoesie;weiblich;26;
21729;;abyzz;weiblich;28;
21730;;aboutthestories;;;
21731;;aLittleBitClassy;weiblich;;http://esther-sherwood.tumblr.com/
21732;;a-Myth;weiblich;31;
21733;;Zylinderhuhn;weiblich;31;
21734;;Zwi;;;
21735;;Zvenii;weiblich;26;
21736;;Zuyia;weiblich;34;
21737;;Zuugh;weiblich;29;http://cakemind.tumblr.com/
21738;;Zusa;weiblich;;
21739;;Zugolu;divers;26;https://discord.gg/QsvYUnMMxN
21740;;Zrocotta;weiblich;29;
21741;;Zosch;weiblich;;
21742;;ZoeyEchelon;weiblich;;
21743;;Zodiak;männlich;;
21744;;Zockerin;weiblich;;
21745;;Zinae;weiblich;28;
21746;;Zimmerbrunnengirl;weiblich;;
21747;;Zicke300;weiblich;;
21748;;Zhiveya;weiblich;;
21749;;Zhao;weiblich;34;
21750;;ZetaCancri;;;
21751;;Zerah Lanerev;weiblich;;
21752;;Zera-chan;;27;
21753;;Zennieh;weiblich;27;
21754;;Zenna;weiblich;;
21755;;ZeloloverAkane;weiblich;25;
21756;;ZeldaCat;weiblich;27;
21757;;Zeitverlauf;weiblich;;
21758;;Zeissig;;;
21759;;Zeilen;;;
21760;;Zebrara;;;
21761;;Zaynstar;weiblich;;
21762;;Zayns Tea-Cup;weiblich;;
21763;;ZauberOrk;divers;27;
21764;;Zarathustra85;männlich;38;
21765;;Zarashi;;;
21766;;ZaraJersey;weiblich;;
21767;;Zaouli Haban Limai;;;https://belletristica.com/de/users/14664-zaouli-haban-limai
21768;;Zamiabu;weiblich;28;
21769;;ZambeziSun;;;
21770;;Zalasame;männlich;27;
21771;;Zaje;weiblich;29;https://schreibhoernchen.home.blog/
21772;;Zaine;weiblich;;
21773;;Zahnrad;weiblich;;
21774;;Zachnee;weiblich;;
21775;;Zacharie;;26;http://zzacharie.deviantart.com
21776;;ZachaTheLunatic;divers;27;
21777;;Yvonne Kim;weiblich;;https://www.youtube.com/channel/UC4CFuQrNYHYnGVx9IE37irA#
21778;;YvaineLacroix;weiblich;39;
21779;;Yvain;weiblich;28;https://elysischefedern.blogspot.com/?m=1
21780;;Yuyuchan228;weiblich;;http://yuyustories228.deviantart.com/
21781;;YuyuBiteYouToDeath;weiblich;32;
21782;;Yuyake;weiblich;;
21783;;Yuuka1001;weiblich;27;
21784;;Yusuki;weiblich;33;
21785;;YuryJulian;;;http://yuryj.livejournal.com/
21786;;YuriyKajomi;weiblich;38;
21787;;Yuriko chan;;;
21788;;YuriDuscae;weiblich;;
21789;;Yunnan;;;
21790;;Yuna Summer;weiblich;25;
21791;;Yumon;;24;
21792;;Yumiomiru;weiblich;25;https://www.facebook.com/pages/Yumiomiru/355284191245759
21793;;Yumehito-chan;weiblich;33;
21794;;Yume dream;weiblich;27;
21795;;Yukuro;;;
21796;;YukinaTenshi;weiblich;27;
21797;;YukikoMiu;weiblich;34;
21798;;YukikoDE;weiblich;;http://jennykeks-98.de.tl/
21799;;Yukiko Midori;weiblich;;
21800;;Yukikawaii;;;
21801;;YukiNoYujo;weiblich;25;
21802;;Yuki93;weiblich;30;
21803;;Yuki-Neko;männlich;;
21804;;Yukan-na;männlich;37;
21805;;YuiRosse;;;
21806;;YueKirushu;weiblich;26;
21807;;YueHoshika;weiblich;28;
21808;;Yue und Aurora;weiblich;28;
21809;;Yudron;;;
21810;;Yposophe;weiblich;;
21811;;Ypne-H;männlich;;
21812;;You Only Live Once;weiblich;24;
21813;;Yoshiiko;weiblich;;
21814;;Yomiko-chan;weiblich;27;
21815;;Ynishii;männlich;47;
21816;;Ylvie Davis;weiblich;33;https://www.instagram.com/japperony/
21817;;Ylvi;weiblich;32;
21818;;Ylva Li;weiblich;33;
21819;;Yliaster;männlich;;
21820;;Ylfa;weiblich;;
21821;;Yive;weiblich;36;
21822;;Yilwina;weiblich;;
21823;;Yeti;weiblich;;
21824;;Yessy;;27;
21825;;Yessaya;weiblich;39;http://munkelrotte.blogspot.com/
21826;;Yeoyou;weiblich;37;
21827;;YellowBadger;weiblich;;
21828;;Yelda;divers;22;
21829;;Yelan sun;;;
21830;;Yeji;weiblich;;
21831;;Yasumi;weiblich;31;
21832;;Yaro;männlich;33;
21833;;Yapsinho;;;
21834;;YaoiOtaku;weiblich;;
21835;;YaoiFanNero;weiblich;25;
21836;;YaoZaru;weiblich;35;
21837;;Yami Kain;männlich;;
21838;;Yalene;weiblich;37;http://yalene.npage.de/
21839;;Yahiko-chan;;25;
21840;;Xylune;weiblich;36;http://unharmonisch.de
21841;;Xycon;männlich;33;
21842;;XxsunnyxgirlxX;weiblich;26;
21843;;XxWhisperXx;weiblich;;
21844;;XxSummerSunSetxX;weiblich;32;
21845;;XxPermanentRosaxX;weiblich;29;
21846;;XxAnine-FanxX;weiblich;;
21847;;Xlaine;weiblich;;
21848;;Xixati;divers;;
21849;;Xiaorishu;weiblich;26;
21850;;Xeria;weiblich;31;
21851;;Xeniii;;;
21852;;Xenia27;weiblich;32;
21853;;XaraX;;;
21854;;Xander;männlich;40;
21855;;Xadab;;;
21856;;XSusiX;weiblich;32;http://saintlovers.oyla2.de
21857;;XHangingtreeX;weiblich;23;
21858;;X-ray 82;;45;
21859;;X-Devil97;weiblich;27;
21860;;Wynona;weiblich;;
21861;;Wurzelgemuese;weiblich;;
21862;;Wurmatelier;;;
21863;;Wunderling666;weiblich;28;
21864;;WunD;weiblich;27;
21865;;Wuermchen;weiblich;;
21866;;WritingWhatElse;weiblich;;
21867;;Writergirl1;weiblich;;
21868;;Writerforfun;weiblich;;
21869;;Writer-Girl;weiblich;;
21870;;WriteDevil;weiblich;34;
21871;;Wrilo;;;
21872;;Wren;weiblich;;
21873;;Wortweber;;;https://belletristica.com/de/users/5819-wortweber#profile
21874;;Wortspiel;weiblich;31;
21875;;Wortskizzen;;;
21876;;Wortphilosophin;weiblich;30;
21877;;Wortgewitter;weiblich;35;
21878;;Wortakrobatin;;;
21879;;WorldwideTea;;;
21880;;World-in-Silence;weiblich;;
21881;;WordsFromHeaven;weiblich;26;
21882;;Wonderstruck;weiblich;;
21883;;WonderofDreams;weiblich;26;
21884;;WonderlandsAlice;weiblich;31;
21885;;Wonder;;;
21886;;Wonapalai;;;
21887;;Wolkenpanther;weiblich;;
21888;;Wolkenfabrik;weiblich;;
21889;;Wolke92;weiblich;32;
21890;;Wolfwalker;männlich;44;
21891;;Wolfus;;22;
21892;;Wolfstau;;;
21893;;Wolfsprinz;männlich;;
21894;;Wolfspirat;weiblich;27;https://www.youtube.com/user/WolfiCatsTUGGER
21895;;Wolfspelz11;weiblich;13;
21896;;WolfsHauch;männlich;25;
21897;;Wolfi-sama;weiblich;;
21898;;WolfBloodChild;weiblich;23;
21899;;Wolf im Lammpelz;;;
21900;;Woelfling;;;
21901;;Woelfchen66;weiblich;;
21902;;Woelfchen347;weiblich;;
21903;;Woefling;weiblich;23;
21904;;Wivitori;;;
21905;;Witness;;;https://www.charline-winter.de/
21906;;Witchbunny;weiblich;24;
21907;;Witch23;weiblich;45;
21908;;Wischmob2000;weiblich;24;
21909;;Winterwolf;;;
21910;;Winterregen;weiblich;;
21911;;Winter of Roxas;;;
21912;;Winston;männlich;;
21913;;WingsOfFreedom;weiblich;28;
21914;;WingedSweetness;weiblich;38;http://wingedsweetness.twoday.net/
21915;;Windspiel94;weiblich;30;http://myrthagrey.deviantart.com/
21916;;Windspiel;;;
21917;;Windschneider;weiblich;;
21918;;Windrunner;weiblich;26;
21919;;Windmalerin;;;
21920;;Willow Faith;weiblich;;
21921;;Wildkatze Felis;männlich;;
21922;;Wildflower;weiblich;;
21923;;Wiebke;weiblich;;
21924;;Wide Receiver;weiblich;47;
21925;;Wibbelbue;weiblich;28;
21926;;WholeHearted;weiblich;;
21927;;WhoCares;weiblich;;
21928;;WhiteMaid;weiblich;;http://www.facebook.com/whitemaid
21929;;WhiteCherryBlossom;weiblich;30;
21930;;WhiteAngel89;weiblich;35;
21931;;White Wookie;;;
21932;;White Rose;weiblich;33;
21933;;White Raven;weiblich;34;
21934;;White Rabbit666;;26;
21935;;Whisper;weiblich;;
21936;;WhiskeySour;weiblich;;
21937;;WhereTheRiverBends;weiblich;;
21938;;Werwolfkatze;weiblich;28;
21939;;Werwolf769;weiblich;35;http://werwolf769.beepworld.de/
21940;;Wermoewe;;;http://www.librarything.de/profile/leseratte12
21941;;Werfuchs;weiblich;24;
21942;;Werfisch;weiblich;;
21943;;Wentura;weiblich;30;
21944;;Weltverbessererin;weiblich;;
21945;;Weltreisende;weiblich;;
21946;;Weltgeliebte;weiblich;24;
21947;;Weltenwandlerin7;weiblich;;
21948;;Welpe;männlich;35;
21949;;Wellsie;weiblich;;http://unbesiegbar.forumieren.com/
21950;;Weisse Lagune;weiblich;;
21951;;Weirdoo;weiblich;25;
21952;;WeirdoMe;männlich;29;
21953;;WegDesStifts;;;
21954;;WednesdayX;weiblich;;
21955;;Wayfarer;männlich;30;http://behindthewords.forumieren.com/
21956;;WatsonSisters;weiblich;;
21957;;WatermelonSmile;weiblich;;
21958;;WatashiMo;weiblich;32;
21959;;Wassermelone22;;;
21960;;Wassergeist;weiblich;43;
21961;;Wasseramsel;weiblich;;
21962;;Warum bloss du;;;
21963;;Warja;weiblich;31;
21964;;Wario;männlich;34;http://wario.hat-gar-keine-homepage.de
21965;;WanderingSamurai;weiblich;;
21966;;Waly;;;https://richassand.jimdo.com/
21967;;Waffelkoenigin;weiblich;;http://waffelkoenigin.hat-gar-keine-homepage.de/
21968;;Waechter;männlich;;
21969;;WHATtheMEL;weiblich;30;
21970;;Vronal;weiblich;;https://t.co/FM7bW0Sj8D?amp=1
21971;;Votis;weiblich;;
21972;;Vorcelin;männlich;24;
21973;;Vollzeit-Fangirl;weiblich;;
21974;;Vollmond Kind;weiblich;26;
21975;;Volley4;weiblich;;
21976;;VogelkaefigSyndrom;weiblich;27;
21977;;Vivinitias;weiblich;31;https://twitter.com/vivinitias
21978;;VivienFaabi;weiblich;;
21979;;Vivi1234;;;
21980;;Vivaldis-Mord;weiblich;23;
21981;;VivaLaNeko;weiblich;29;
21982;;Viv;;;
21983;;Vitanova;;;
21984;;Vistin;weiblich;43;
21985;;VisitorOfNothing;;;
21986;;Virusencryption;;;
21987;;Violet256;;;
21988;;Violator;weiblich;26;
21989;;Vinya Sparrow;weiblich;37;
21990;;Vindur;männlich;;http://pagan-wind-vindur.tumblr.com/
21991;;Vilthurill;weiblich;27;
21992;;Viiiviii;weiblich;31;
21993;;Vicky15;weiblich;;
21994;;Vibeke;weiblich;59;https://alexandrab65.blogspot.com/
21995;;Vibe;weiblich;28;
21996;;ViJay;;31;
21997;;Vermis;;29;https://twitter.com/wortvermis
21998;;Verlaufenes Fangirl;;24;
21999;;Vergil;;;
22000;;Verdani;weiblich;;
22001;;Velvet-Blue;weiblich;;
22002;;Velands Master;weiblich;;
22003;;VeDaForEver;;;
22004;;Varlet;weiblich;37;
22005;;Varjo;weiblich;32;
22006;;Varis;weiblich;31;
22007;;Vanum Compleo;weiblich;30;
22008;;Vanora90;weiblich;34;
22009;;VannacuttsRise;weiblich;;
22010;;Vanilleschote;weiblich;;
22011;;Vanillearoma;weiblich;;
22012;;Vanicat91;weiblich;33;
22013;;Vani Potter;weiblich;26;
22014;;VanPsy;weiblich;;
22015;;Van;weiblich;33;
22016;;Vampirettchen;weiblich;35;
22017;;Vampirenight;weiblich;;http://moviesandbooksforever.blogspot.de/
22018;;VampireFire;weiblich;;http://www.das-rudel-heult.de/
22019;;VampireEngel;weiblich;;
22020;;Vallily;;;
22021;;ValliNagatox3;;;
22022;;ValleHase;;;
22023;;Valkyrie;;;
22024;;Valfaris;;;
22025;;Valeska;weiblich;;
22026;;ValerianVarney;männlich;34;
22027;;Valentia;weiblich;26;http://archiveofourown.org/users/hyvnmni
22028;;Valdrinne;weiblich;;
22029;;Val-yyy;weiblich;27;
22030;;VVVVVV;weiblich;;
22031;;VTECH;;;
22032;;VCNeno;;;
22033;;Ursula Fox;weiblich;;https://soundcloud.com/ursula-foxx
22034;;Urania;weiblich;;
22035;;Unverwandt;;;
22036;;Uninvited;weiblich;25;http://uninvited.hat-gar-keine-homepage.de
22037;;Unicorny;weiblich;;
22038;;Unicorn6;weiblich;28;
22039;;Unicorn2279;;;
22040;;Unicorn1234;weiblich;;
22041;;Undone;weiblich;;
22042;;Underline;weiblich;29;
22043;;UnbekanntePerson321;weiblich;;
22044;;UmbraNoctis;weiblich;28;
22045;;Ultimative;;;
22046;;Uhrwerksfluestern;;;
22047;;Tyme;;;
22048;;Tycho Brahe;weiblich;22;
22049;;Twister;weiblich;39;
22050;;Twisted Trickster;weiblich;34;
22051;;Tweety0815;;;
22052;;Tweetl;weiblich;35;
22053;;Twalin;männlich;;
22054;;Tumbleween;weiblich;34;http://problembeere.bplaced.net
22055;;Tuf;weiblich;33;
22056;;Tuetensuppe;weiblich;;
22057;;TueffelKeks;;34;
22058;;Tsume;weiblich;25;
22059;;Tsukino-me;weiblich;31;
22060;;Tsuki no hime;weiblich;33;
22061;;Tshjortile;weiblich;;
22062;;Tschuh;divers;28;
22063;;Tschik;;;
22064;;Tschaui;weiblich;60;
22065;;True name;weiblich;;
22066;;Trudel;weiblich;;
22067;;Troy Veronika;;;
22068;;Troy;weiblich;;
22069;;Troublemaker;weiblich;28;
22070;;Trouble Girl;weiblich;29;
22071;;Tropfensturm;weiblich;;
22072;;Trlx;weiblich;32;
22073;;Triple;männlich;35;
22074;;Trilian;weiblich;;
22075;;Tricia;weiblich;36;
22076;;Trevelyia;weiblich;32;
22077;;Treelo;weiblich;29;http://mondilein.deviantart.com/
22078;;Traumweltheldin;weiblich;33;http://brokenrecord.20six.de
22079;;Traumwandler;;;
22080;;Traumstunde;weiblich;;
22081;;Traumkind;männlich;29;
22082;;Traumfaenger27;weiblich;;
22083;;Traumfaenger;weiblich;;
22084;;Traum;weiblich;;
22085;;TrapThisLove;;;
22086;;Transmied;weiblich;28;
22087;;Trafalgar D Law;weiblich;30;
22088;;ToxicDreamer;weiblich;;
22089;;Toxic6;;;
22090;;Tovolar;;;
22091;;Totentaenzerin03;;;
22092;;Torwart;;;
22093;;Tophy;weiblich;30;https://www.youtube.com/channel/UCAG0rpxwpV4WBaRe9vlRu-A?view_as=subscriber
22094;;Tony1769;männlich;25;
22095;;TonightWeDance;weiblich;;
22096;;TomEd;männlich;30;
22097;;Tollkuehn;;;
22098;;TokyoNii;weiblich;;
22099;;Toka-chan;weiblich;25;
22100;;Toffeekind;weiblich;;
22101;;Toeppi;weiblich;34;
22102;;Todesengel0;männlich;24;
22103;;Toddi;männlich;32;
22104;;Tochter des Apollo;weiblich;24;
22105;;Tobias;männlich;40;
22106;;Tobi LA;männlich;30;https://www.youtube.com/channel/UCur3IGUhIX7JvZTA_MjLZUA
22107;;Tobi;;;
22108;;TivaDensi;;;
22109;;Tiva99;weiblich;;
22110;;Titziana;weiblich;32;
22111;;Titanic-Hater;weiblich;35;
22112;;Titania Akai;weiblich;;
22113;;Tira;weiblich;;
22114;;Tintling;;;
22115;;Tintenhauch;weiblich;27;https://another-one-piece.forumieren.de/
22116;;Tinotonitini;männlich;;
22117;;Tinki123;weiblich;28;
22118;;Tinker21;weiblich;;
22119;;Tinka124;weiblich;36;
22120;;Tinimaus93;weiblich;31;
22121;;TimelordOfGallifrey;weiblich;;
22122;;Tilvera;weiblich;;
22123;;Till Wehner;;;
22124;;Tiiri;weiblich;;
22125;;Tigi;;;
22126;;TigerDJane;weiblich;;
22127;;Tiger Skywalker;weiblich;15;
22128;;Tiger Lily;weiblich;28;
22129;;TiffysStyle;weiblich;;
22130;;Tiavori;weiblich;;
22131;;Tiargo;weiblich;31;
22132;;Tiara22;weiblich;38;https://www.fanfiktion.de/u/Seihyo+Tenshi
22133;;Tiana96;weiblich;28;
22134;;Tiael;weiblich;35;http://catchingbutterflies.myblog.de/catchingbutterflies/page/1967090
22135;;Tia;weiblich;31;
22136;;Thunder33;weiblich;23;
22137;;Thrash4K;männlich;34;
22138;;Thranduilistisch;weiblich;27;
22139;;Thorti Raven;männlich;;
22140;;Thomas Heinrich;männlich;51;
22141;;Thistle;weiblich;30;
22142;;Thisbe;weiblich;;
22143;;ThinkViolet;;;
22144;;Thestralgirl1993;;30;
22145;;Theret;männlich;;
22146;;Thereasonisyou;;;
22147;;Thephinee;;;
22148;;Theorieteufel;männlich;30;
22149;;Theoretikerin;weiblich;35;
22150;;Theojan;weiblich;27;
22151;;Then Maybe;weiblich;;
22152;;ThefallenAngel;weiblich;;
22153;;Thedathea;;;
22154;;ThedaTannenbaum;weiblich;;
22155;;Thea-Chan;weiblich;29;
22156;;TheWriterxX1;;;
22157;;TheWriterWoman;weiblich;26;
22158;;TheWolfPrince;divers;27;
22159;;TheWodka;;;
22160;;TheWhiteRabbit;weiblich;;
22161;;TheUltimativeThing;weiblich;;
22162;;TheSmellOfPetrichor;weiblich;23;
22163;;TheSkriby;männlich;30;
22164;;TheScondOne;;;
22165;;TheRev;männlich;24;
22166;;ThePhantomakaLuenzki;weiblich;30;
22167;;TheOddOne;;;
22168;;TheHuntress;weiblich;;
22169;;TheHirsch;;;
22170;;TheGlowingEsstisch;weiblich;;http://esstisch.deviantart.com/
22171;;TheFriend;männlich;;
22172;;TheFinalSpark;weiblich;;
22173;;TheDreamingStargazer;weiblich;25;http://thedreamingstargazer.deviantart.com
22174;;TheDream;weiblich;;
22175;;TheDemon;;;
22176;;TheDaysFade;weiblich;30;http://www.spickmich.de/profil/creepy
22177;;TheDarkDreamer;divers;;
22178;;TheCrazy;weiblich;22;
22179;;TheClumsyFellow;weiblich;23;https://www.youtube.com/channel/UCUc00QesMAYKOD20ln1ktJg
22180;;TheCircle;weiblich;29;
22181;;TheBloodyDestiny;weiblich;28;
22182;;TheAtomicOnion;weiblich;;
22183;;TheAeon;männlich;23;
22184;;TheAdventureType;weiblich;26;
22185;;The-Moonlight;weiblich;31;
22186;;The Valkyrie;weiblich;;https://www.facebook.com/pages/The-Valkyrie/958355077531947?sk=timeline
22187;;The Supreme King;;;
22188;;The Sleeping Tofu;weiblich;30;
22189;;The Narrator;;;
22190;;The March Hare;;;
22191;;The Magic Kaito;männlich;28;
22192;;The Lunatic;;31;
22193;;The LimeDaiquiri;weiblich;27;http://thatlimedshark.tumblr.com/
22194;;The Lair;männlich;34;
22195;;The Kusja;männlich;32;
22196;;The Jara;weiblich;;
22197;;The Hatter;;29;
22198;;The Godt;männlich;38;
22199;;The Desire;weiblich;;
22200;;The Bloodqueen;weiblich;;
22201;;Thaurturwen;;19;
22202;;Thaunatas;männlich;43;
22203;;Thanos;männlich;;
22204;;Thanata;weiblich;;
22205;;Than;weiblich;;
22206;;Thaleia;weiblich;;
22207;;Thaira;;;
22208;;Thainwyn;weiblich;;
22209;;ThaHummel;männlich;31;
22210;;Textteufelchen;;;
22211;;Teufelstochter-Lucy;weiblich;;
22212;;Tetsuuuu;weiblich;;http://bjd-wonderland.simplesite.com/
22213;;Tetra;weiblich;26;https://www.youtube.com/channel/UCjtu3U8sozmVQN7IVgUxAAg
22214;;Tessi15;weiblich;26;
22215;;Terry-black;weiblich;26;
22216;;Terrormopf;weiblich;34;
22217;;Terikel;weiblich;33;
22218;;Terazuma;weiblich;;
22219;;TenshiNoHane;;;
22220;;TemplerHexlein;weiblich;31;
22221;;Telumetar;männlich;33;
22222;;Tellus;weiblich;;
22223;;Telda;weiblich;68;
22224;;Teilzeitleserin;weiblich;33;
22225;;Teilzeit Engel;weiblich;27;
22226;;Teeniestar551;weiblich;23;
22227;;Teed;weiblich;;
22228;;Teddy Lupin;weiblich;26;https://expressionworlds.weebly.com
22229;;Tedah;;;
22230;;Teatime;weiblich;37;
22231;;TeardropsInSunlight;weiblich;31;
22232;;Teala;weiblich;28;https://teasgeschichten.wordpress.com/
22233;;Tayuya-Chan;;;http://yuri-not-yurio.tumblr.com/
22234;;Tayley;weiblich;;
22235;;Tawariel;weiblich;;
22236;;Taube;weiblich;39;
22237;;Tatze92;weiblich;32;http://jumiz92.npage.de
22238;;Tatu;weiblich;53;
22239;;Tattay;weiblich;23;
22240;;Tatsunami;weiblich;;
22241;;Tatl;männlich;;
22242;;Tastentanz;weiblich;35;https://www.das-rudel-heult.de/
22243;;Tarantukur;weiblich;28;
22244;;Tarabas;männlich;28;
22245;;TaraEdda;weiblich;25;
22246;;TaraBlack;;;
22247;;Tara97;weiblich;27;
22248;;Tara P Mikaelson;weiblich;;
22249;;TapseKeks16;weiblich;32;
22250;;Tanuri;weiblich;;
22251;;TanukiNeri;weiblich;26;
22252;;Tante Sandra;;;
22253;;Tante Roswitha;;;
22254;;Tantana;weiblich;27;https://www.youtube.com/channel/UC3CvIoATiXCHFfe9yTL55pA/about
22255;;Tansche;weiblich;52;
22256;;Tanik;;23;
22257;;Tani;weiblich;29;
22258;;Tammysdream;weiblich;29;
22259;;Tammy Griffin;weiblich;;
22260;;Tamia Nagori O-o;;;
22261;;TamiYum;weiblich;;
22262;;Tamayo;weiblich;;
22263;;TamashiiHikari;weiblich;24;
22264;;Tamari2002;weiblich;;
22265;;Tales-;weiblich;35;
22266;;Takenaka Sakura;weiblich;27;
22267;;TakeMeToNeverland;weiblich;24;
22268;;Takara-san;weiblich;;
22269;;Taiyo to Tsuki;männlich;27;
22270;;Taiya;weiblich;37;
22271;;Tair;weiblich;;
22272;;Taiga99;weiblich;;
22273;;Tahira;weiblich;33;
22274;;TaendaenziaehlKuh;weiblich;;
22275;;TaeLina;weiblich;26;https://www.wattpad.com/user/TaeLina22
22276;;Tae;weiblich;39;
22277;;Taari;;;
22278;;TJ North;weiblich;;
22279;;THE-Oli;männlich;;
22280;;T2BK;weiblich;35;
22281;;T-ruth;weiblich;29;
22282;;T-O-B-I;weiblich;;
22283;;Syzzlia;weiblich;22;
22284;;Syphos;;;
22285;;SyntaxError;;32;
22286;;Symanko;männlich;24;
22287;;Sylvette Institoris;weiblich;;
22288;;Sylla Headhunter;weiblich;;
22289;;SydneyDreamer;weiblich;;
22290;;Sydney2012;weiblich;;
22291;;Syanij;weiblich;27;http://syanij.tumblr.com/
22292;;SweetyAngel;weiblich;30;
22293;;Sweety-Bella;weiblich;;
22294;;Sweetmary11;weiblich;31;
22295;;Sweetcat96;weiblich;28;
22296;;SweetWolf;weiblich;;
22297;;SweetChocolate;weiblich;33;https://www.twitch.tv/katiebell07
22298;;SweetAngels2;;;
22299;;Sweet Holly;weiblich;;
22300;;Sverrir;männlich;;
22301;;Svenja2;weiblich;32;https://facebook.com/ff.svenja2
22302;;Svaennson;;;
22303;;Suzu Chan Lawliet;;;
22304;;Susu Misuri;weiblich;35;
22305;;Sushiii;weiblich;25;
22306;;Susanna-Rose;weiblich;;http://susanna-rose.hat-gar-keine-homepage.de/
22307;;Susa-chan;;;
22308;;Surrender94;;;
22309;;Supertruper;weiblich;;
22310;;Supersmile330;;27;
22311;;SupernaturalTina;weiblich;;
22312;;SuperVegetaFan1;männlich;27;
22313;;Sunshine-Boulevard;weiblich;31;
22314;;Sunrise Music;;;
22315;;Sunnysongs;weiblich;;http://www.anime-rpg-city.de/index.php/User/2901-Sunnysongs/?s=1f6819f2ac9964395d2bb0559ca0da1e8841e43b
22316;;Sunnyside;weiblich;;
22317;;Sunnyleinchen;weiblich;28;
22318;;Sunnygirl-dany;weiblich;31;
22319;;SunnySun-Shine112;divers;28;
22320;;Sunny Veela;weiblich;;https://belletristica.com/de/users/13095-sunny-veela#profile
22321;;Sunlight007;weiblich;;
22322;;Sunkiss1301;weiblich;26;
22323;;Sunfirebolt;weiblich;23;
22324;;Sunaki;;;
22325;;Suna;weiblich;30;
22326;;SunSky;weiblich;;http://sunsky.hat-gar-keine-homepage.de
22327;;SunRose;;;
22328;;SunBlogger;weiblich;36;
22329;;Sumsebrum;männlich;;
22330;;Sumny;weiblich;;http://sumny.hat-gar-keine-homepage.de/
22331;;SummoningIsis;weiblich;;
22332;;Summerrain;weiblich;34;
22333;;Summerpoison;weiblich;30;https://summerpoison.tumblr.com/
22334;;Summalla;;;
22335;;Sumanira;weiblich;47;
22336;;SulfurSoul;;;
22337;;Sukilein;weiblich;26;
22338;;Suki16;weiblich;;
22339;;Sugar Skull;;22;
22340;;Suesse01;weiblich;54;
22341;;Sueee;;;
22342;;SueT;weiblich;;
22343;;Succy x3;weiblich;31;
22344;;Succero;weiblich;29;
22345;;SuE;weiblich;;
22346;;Sturmseele;;;
22347;;Sturmpfeil;;;
22348;;Sturmklang;weiblich;;
22349;;Sturmkind;weiblich;29;
22350;;StrichGloeckchen;weiblich;34;http://strichgloeckchen.tumblr.com/
22351;;Streifenherz;weiblich;26;
22352;;StreetSoldier;;;
22353;;Straying Soul;;;
22354;;Straycat93;weiblich;31;
22355;;StrawberrySaddl;weiblich;31;
22356;;Strawberry90;weiblich;34;
22357;;StrangeBeast;;32;
22358;;Strange023;;;
22359;;Storytellers3;weiblich;27;
22360;;Storytellers;weiblich;;
22361;;Storysofbrokenstars;;;
22362;;StoryPanda;weiblich;30;
22363;;StoryFan;männlich;31;
22364;;Story Paradise;weiblich;22;
22365;;StormingSoul;männlich;31;
22366;;StormDancer;;;
22367;;Storia;weiblich;;http://the-historys-boook.blogspot.de/
22368;;Stonina;weiblich;21;
22369;;StonesAmStrand;weiblich;29;
22370;;Stoner;weiblich;53;http://home.fotocommunity.de/stoner
22371;;StoneColdGirl;;;
22372;;Stoffpferd;weiblich;38;http://stoffis-writersblog.blogspot.com/
22373;;Stillleben;weiblich;30;
22374;;Steward Leech;;;
22375;;Sternpax;weiblich;28;
22376;;Sternensee;;;
22377;;Sternenschnupfen;weiblich;17;
22378;;Sternenschein;;;
22379;;Sternenkindchen;weiblich;24;
22380;;Sternenfee2000;weiblich;23;
22381;;Sternenfall96;weiblich;22;
22382;;Sterncheeen;weiblich;28;
22383;;Stepphuhn;weiblich;;
22384;;Stellaria;weiblich;31;
22385;;StellaLaFemme;weiblich;54;
22386;;StellaHada;weiblich;32;
22387;;Steinprinz;;;
22388;;Steffka;weiblich;34;
22389;;Stefan Kranz;;;
22390;;StayingAlive;weiblich;27;http://creativeriri.jimdo.com/
22391;;StayPianissimo;;;
22392;;Starwings;weiblich;;
22393;;Startrekkin;männlich;33;
22394;;Stardust2;;;
22395;;StarTheBuck;weiblich;;http://starthebuck.wordpress.com/
22396;;Stanislem;;;
22397;;StEmOlEiN;weiblich;;
22398;;Srincal;weiblich;;
22399;;Sri;;;
22400;;Squiggly;;;http://dancinginthesummerrainsworld.tumblr.com
22401;;Spyke;weiblich;;
22402;;Sprosse;weiblich;32;
22403;;SpoonDee;;;
22404;;Splatterling;weiblich;28;http://echooftime.tumblr.com/
22405;;Spiritssoul;weiblich;;
22406;;SpinatKeks;weiblich;;
22407;;SphinxWithoutASecret;weiblich;;
22408;;SphealFighter;männlich;26;
22409;;Spelllord;;;
22410;;Sparrowhawk;weiblich;;
22411;;Sparks;weiblich;;
22412;;SparklingDuckling;;25;https://sparklingduckling.tumblr.com/
22413;;Sparkling Angel;weiblich;;
22414;;Spacige Wolke;weiblich;;https://archiveofourown.org/users/barnettdidit/works
22415;;Spaceracer;divers;21;
22416;;Soyleona;;;
22417;;Soy yasexysose;;;
22418;;Sovay;weiblich;;
22419;;Soulrain;weiblich;;
22420;;SoullessBlue;divers;23;
22421;;SoulArt;;;
22422;;Soul Silver;weiblich;;
22423;;SorteSommerfugl;weiblich;;
22424;;SoriaSilvan;;;
22425;;Sorcery;weiblich;30;
22426;;SoraAmaya;weiblich;;
22427;;Sophies World;;;
22428;;SophieRiddle;weiblich;;
22429;;Sophia of Winton;;25;
22430;;Sophi chan;;;
22431;;Sonrisa;weiblich;;
22432;;Sonost;männlich;;
22433;;Sonnta;;;
22434;;Sonnilie;weiblich;31;
22435;;Sonnenwind;weiblich;30;
22436;;Sonnenscheinkind;weiblich;;
22437;;Sonnenschatten;weiblich;25;
22438;;Sonnenkind;weiblich;30;
22439;;SonnenFee;weiblich;;
22440;;Sonia;weiblich;;
22441;;Somnium;weiblich;;
22442;;Somnianima;weiblich;;
22443;;Somni;weiblich;27;
22444;;Somnaja;;;
22445;;Sommerkind81;;;
22446;;Sommerkind;weiblich;31;
22447;;SommergewitterKind;weiblich;29;
22448;;Solstice;weiblich;25;
22449;;SolitaryHeart;weiblich;;
22450;;Solitary-Soul;weiblich;30;
22451;;SoleilDuCoeur;weiblich;31;
22452;;Soki;weiblich;;
22453;;Soft;weiblich;;
22454;;Sofa;weiblich;;
22455;;Soena;weiblich;;
22456;;SoRie;;;
22457;;SoLostForWords;weiblich;31;
22458;;SnowyOwl;weiblich;;
22459;;Snowhoney;weiblich;;http://twitter.com/Snowhoney_DA
22460;;Snowdiver;;;
22461;;Snoopys World;weiblich;31;
22462;;SnoopyK;weiblich;12;
22463;;Snooker;weiblich;29;http://www.facebook.com/snooker.snooker.75
22464;;Sniper;weiblich;29;
22465;;Snelsha und Ahry;divers;21;
22466;;SnakeY09;weiblich;;
22467;;Smusetater-kun;männlich;25;
22468;;Smoppel;weiblich;24;
22469;;Smoki mo;weiblich;;
22470;;Smoker1001;männlich;;
22471;;SmilodaVIP;weiblich;30;
22472;;Smilea;weiblich;25;
22473;;Smeik;männlich;;http://volzotansmeik.deviantart.com/
22474;;SmashIce;weiblich;;
22475;;Slytherinsangel;weiblich;27;
22476;;Slytherins Princess;weiblich;29;
22477;;Slytherin-Tongue;;;
22478;;Slow Runner;weiblich;24;
22479;;Sleipnir;;;
22480;;SleepingHope;weiblich;30;https://www.facebook.com/Buecherglanz/
22481;;SlayerDeathager;weiblich;32;
22482;;Slayer of the light;weiblich;;
22483;;Skywatcher;weiblich;;
22484;;Skywalker;;;
22485;;Skylar C R Wolf;divers;25;https://skylarcrfox.wixsite.com/website
22486;;Skygreenpoet;weiblich;;
22487;;SkyeAngel;weiblich;;
22488;;SkyBeast;weiblich;30;http://sky-beast.tumblr.com/
22489;;Sky99;;;
22490;;Sky of blue;weiblich;23;
22491;;Sky Dream;weiblich;;
22492;;Skuld;weiblich;;
22493;;SketchingSparrow;weiblich;;
22494;;Ska;;25;
22495;;SisterSin;;;
22496;;Sirius B1;weiblich;;
22497;;Sirisansun;weiblich;;
22498;;Sirine;weiblich;;
22499;;Sirilia;weiblich;28;
22500;;Siresabuni;divers;;
22501;;Sirena;;;
22502;;Sionnach;männlich;37;
22503;;Sinya;weiblich;;http://sinya-sinyastoriewelt.blogspot.com
22504;;Sinrection;weiblich;30;
22505;;SinnsuchendeSeele;;;
22506;;Sinner and Saint;weiblich;;https://www.instagram.com/kimiii_h/
22507;;Sindarina;weiblich;34;
22508;;Sindara;;;
22509;;Sinasf;weiblich;25;
22510;;Sinankooesa;männlich;26;
22511;;Sina2000;weiblich;24;
22512;;SinBloodDemon;weiblich;36;http://schlangenrose.npage.de/
22513;;Simon Barth;;;
22514;;SilviaK;weiblich;49;https://www.facebook.com/pages/Silvia-Krautz/1536165906655242
22515;;Silverstar Lady;weiblich;;
22516;;SilverWolf242;;;
22517;;SilverMoonDreams;weiblich;;
22518;;SilverLunic;weiblich;39;
22519;;SilverDiamond;divers;;
22520;;Silly-Lily;weiblich;;
22521;;Silly Silver Girl;weiblich;;
22522;;Silly 70;weiblich;54;
22523;;Silk Raven;weiblich;;
22524;;Silhouettenkind;weiblich;27;http://illusionistruth.blogspot.ch/
22525;;SilentWarrior;weiblich;28;http://demetria-devonne.tumblr.com/
22526;;Silence In The Dark;weiblich;33;
22527;;Silence Flyers;divers;28;
22528;;Silberfuechsin;weiblich;;
22529;;Silberflug;weiblich;;
22530;;Silberfeder1;;;https://twitter.com/Silberfeder1
22531;;Silas Tora;weiblich;;
22532;;SikaCat;weiblich;;
22533;;Siinasf;weiblich;25;
22534;;Sienna Hunter;weiblich;33;
22535;;SiebenRosenvonMina;;;
22536;;Sidney13;weiblich;31;
22537;;Sibylle;;;
22538;;Siberianchan;divers;37;
22539;;SiaMaria;weiblich;;
22540;;Shweetz;weiblich;;
22541;;ShuShu de Sol;weiblich;25;
22542;;ShortStoryChallenge;;;
22543;;Shizuyo;weiblich;;
22544;;Shizena;weiblich;26;
22545;;Shiseya;;;
22546;;Shiruke;weiblich;27;
22547;;Shiru;weiblich;;
22548;;Shirocco;weiblich;35;
22549;;Shirayuki chan;;;
22550;;Shira Lee;weiblich;34;
22551;;ShionChan;weiblich;30;
22552;;Shinobi chan;;;
22553;;Shin Tenshi;männlich;27;
22554;;Shin Akazawa;;;
22555;;Shila;weiblich;33;
22556;;Shikura Heartnet;weiblich;34;
22557;;Shiku;weiblich;32;http://traumfaenger.forumieren.com
22558;;Shidoshi;;;
22559;;ShiH;weiblich;16;
22560;;Shi Akasami;weiblich;;
22561;;Sherlock;;;
22562;;Sheirin;weiblich;;
22563;;Sheela Parker;weiblich;;
22564;;Shedzyala;weiblich;40;http://annette-juretzki.de
22565;;Shayuna;weiblich;28;http://shayuna.deviantart.com/
22566;;Shattered Sea Glass;männlich;32;https://www.fanfiktion.de/u/obsidian+exe
22567;;Sharona;weiblich;42;
22568;;Sharella;weiblich;;
22569;;Shana Thyri;;;
22570;;Shambels;weiblich;28;
22571;;Shalawyn;weiblich;;
22572;;Shalaia;weiblich;23;
22573;;Shadowwind-X;männlich;;
22574;;Shadowwind;;;
22575;;Shadowfly;;;
22576;;Shadowbreeze;weiblich;;
22577;;ShadowWolfx17;männlich;31;
22578;;ShadowWolfs;weiblich;;
22579;;ShadowWish;weiblich;;
22580;;ShadowRider;;;
22581;;ShadowOfMyself21;;;
22582;;Shadow--Maid;weiblich;;
22583;;Shadow in the dark;weiblich;30;
22584;;Shadow Master;;;
22585;;Shadow Lady;weiblich;30;
22586;;Sgt-Michael;männlich;29;
22587;;Sey-chan;weiblich;;
22588;;SexyWarFire1;weiblich;28;
22589;;SeverusEveline;;;
22590;;Sevein;weiblich;28;
22591;;Setosgirlfriend;weiblich;;
22592;;SethMacenzie;;;
22593;;Serpensortia;weiblich;43;
22594;;Seroquel;;;
22595;;Serisa;weiblich;26;http://serisa.webnode.com/
22596;;Serious;;;
22597;;Serenity07;weiblich;;
22598;;Serendipity Voyage;weiblich;;
22599;;Serenade1611;weiblich;38;
22600;;Serena1988;weiblich;;
22601;;Seraphia;weiblich;;
22602;;Seraph Whisper;;;
22603;;Serana;weiblich;28;
22604;;Sera-Chan-dayo-ne;weiblich;;https://www.youtube.com/channel/UCxy_vx68fG6vLjerB90UzOw
22605;;SenzaRimpianti;weiblich;30;
22606;;Sensenmann;männlich;;
22607;;Senpai des Todes;weiblich;;
22608;;Senigate;weiblich;;
22609;;Sempre;;;
22610;;Semicolon;;;https://twitter.com/verwirrteskomma
22611;;Semdla;weiblich;;
22612;;Selma Winterbaum;weiblich;;
22613;;Sellyy;weiblich;26;http://angels-are-crying.tumblr.com/
22614;;Sellycat;;;
22615;;Sellu;;;
22616;;Sella;;;
22617;;Seli-shit-Seli;weiblich;;
22618;;Selenophilia;weiblich;;
22619;;Selena Scribi;weiblich;;
22620;;Sel-chan;weiblich;;http://sel.hat-gar-keine-homepage.de/
22621;;Sekhmet;weiblich;31;
22622;;Seketa;weiblich;;
22623;;Sejade;weiblich;24;
22624;;Seira-sempai;weiblich;32;
22625;;Seifenblasenglueck;divers;27;https://archiveofourown.org/users/bluesaturn/
22626;;Seifenblasenelfe;weiblich;;
22627;;SeiSarash;weiblich;34;
22628;;SegiYuto;weiblich;33;
22629;;Seera;weiblich;31;
22630;;Seelta;;;https://twitter.com/Seelta_
22631;;Seelenschock;weiblich;;
22632;;Seelenjaegerin;weiblich;32;
22633;;Seelengefluester;weiblich;;
22634;;Seele der Nacht;weiblich;30;
22635;;SeekerSkyfire;weiblich;26;https://twitter.com/SeekerSkyfire
22636;;Secrethunter;weiblich;27;
22637;;SecretReality;weiblich;;
22638;;Secret;;;
22639;;SecondNameNemesis;weiblich;;
22640;;SeasonsMuse;weiblich;;
22641;;Seaside;weiblich;;
22642;;Searching Soul;weiblich;24;
22643;;Scully van Funkel;weiblich;;https://blumenmondia.blogspot.com/
22644;;Scripton;;33;
22645;;Scribbler;weiblich;29;
22646;;ScreamoMuffin;weiblich;;
22647;;Scoutser;;;
22648;;Scota Moirach;;;
22649;;Scifius;männlich;46;
22650;;Schwyzer;männlich;34;
22651;;Schwupsie;weiblich;36;
22652;;Schwesel;weiblich;29;
22653;;Schweizer;männlich;;
22654;;SchwarzerJoghurt;männlich;23;
22655;;Schuschu1;weiblich;32;http://harrypotter-rollenspiel.ning.com/
22656;;Schrumpeliger Apfel;;24;
22657;;SchroedingersTinte;;;
22658;;SchreibzirkelKoblenz;;;https://olat.vcrp.de/url/RepositoryEntry/1199374360/CourseNode/89767797923199
22659;;Schreibkatze;;;
22660;;Schreibfeder;weiblich;;
22661;;Schreibfaehe;weiblich;;
22662;;Schreiberlehrling;männlich;35;http://bejay89.deviantart.com/
22663;;Schreiberherz;weiblich;25;
22664;;SchreibeMotte;weiblich;;https://www.instagram.com/motte.draws/
22665;;Schokocrossi;weiblich;;
22666;;Schoki1233;weiblich;27;
22667;;Schocileo;weiblich;;
22668;;Schnuffi;männlich;28;http://schnuffi-rpg.de.tl/
22669;;Schnuffelrudel;weiblich;;http://twitter.com/Schnuffelrudel
22670;;Schnuffelchen26;weiblich;43;
22671;;Schnuffel-chan;weiblich;34;
22672;;Schnubbel166;weiblich;;https://archiveofourown.org/users/Schnubbel166
22673;;Schnien;;;
22674;;Schniefelusgirl92;weiblich;32;
22675;;Schneestern37;;;
22676;;Schneeregen;weiblich;34;http://schneeregenwritersblog.blogspot.de/
22677;;Schneehummel;männlich;;
22678;;Schneefreude;;;
22679;;Schneefell;weiblich;22;
22680;;Schneeelfe;weiblich;36;http://sabsbookparadise.blogspot.ch/
22681;;Schmetterlingseffekt;weiblich;;
22682;;Schmali;weiblich;;
22683;;Schlumpffine;weiblich;;
22684;;Schildkroete99;weiblich;25;https://www.facebook.com/pages/Schildkr%C3%B6ten-Arts/1375878605977908
22685;;Schildie;weiblich;42;
22686;;Schattenwoelfin;weiblich;30;
22687;;Schattenwelt;weiblich;31;
22688;;Schattenspinner;;;
22689;;Schattenpakt;männlich;29;
22690;;Schattenmond;weiblich;;
22691;;Schattenhall;weiblich;;
22692;;Schatten des Lichts;weiblich;;
22693;;Schato;;;
22694;;Schaten Wolf;männlich;;
22695;;Schafal;weiblich;;
22696;;Schachat;;;
22697;;ScaryMask;männlich;;
22698;;ScarsLikeVelvet;weiblich;;https://www.youtube.com/user/Leaderfussel
22699;;Scarlett Kiryuu;weiblich;25;
22700;;Scarlett Dearing;weiblich;;
22701;;Scarabin;weiblich;32;
22702;;Sayurj;;;
22703;;SayuriW;weiblich;;
22704;;SayuriChiba;;;
22705;;Sayuri98;weiblich;26;
22706;;Sayuri 27;weiblich;29;http://sayu.27.hat-gar-keine-homepage.de
22707;;SayoTenshii;weiblich;23;
22708;;Sayinna;weiblich;31;https://www.facebook.com/SayinnasWords/
22709;;SayMeow;weiblich;;
22710;;Say san;;;
22711;;Savicra;weiblich;;
22712;;Savanniah;weiblich;;
22713;;Savage;;;
22714;;Satnel;weiblich;40;
22715;;Satemin Seidenfuss;;;
22716;;Satansbratn;weiblich;32;
22717;;Sasuala;weiblich;;http://kevin-katnisssolo.tumblr.com/
22718;;Sassilicious;weiblich;26;
22719;;Sassii;weiblich;;
22720;;Sassie;weiblich;33;
22721;;Sasifla;;;
22722;;Sasi-Hasi;weiblich;29;
22723;;Sarrangril;;;
22724;;Sarius1997;männlich;27;
22725;;SarinXna;;;
22726;;SarinSol;;;
22727;;Sarileee;;;
22728;;Sarile und Licia;weiblich;22;
22729;;Sarey704;weiblich;31;
22730;;Sarelay;weiblich;34;
22731;;SarahR;weiblich;32;
22732;;Sarah76;weiblich;;
22733;;Sarah0606;weiblich;;
22734;;Sarah-sage;weiblich;23;
22735;;Sarah-Jane94;weiblich;29;
22736;;SaraJeanColbi;weiblich;25;
22737;;Sara-Cissilias;weiblich;34;
22738;;Sapphic Faerie;weiblich;36;
22739;;Saphirsaphira;weiblich;31;
22740;;Sap;männlich;;
22741;;Sanye;weiblich;;
22742;;SanniSa;weiblich;;
22743;;Sanila Summer;weiblich;37;
22744;;Sandyhk;weiblich;;
22745;;Sandrina;weiblich;;
22746;;Sandra Gernt;weiblich;;http://www.sandra-gernt.de
22747;;Sandalen Treter;;;
22748;;San Jul;;;
22749;;Samyschreibt;männlich;;
22750;;Samyra;weiblich;26;
22751;;Samura;männlich;25;
22752;;Samoa;weiblich;33;http://urealus.de.tl/
22753;;Sammy J;weiblich;;
22754;;SamirasDreamWorld;;27;
22755;;Samina;weiblich;28;
22756;;Sameira;weiblich;30;
22757;;SamanthaFox;weiblich;;
22758;;SamFoxy;weiblich;31;
22759;;Sam le Raven;männlich;36;
22760;;Sam Clover;weiblich;;
22761;;Salvadorism;männlich;;
22762;;Salt in our Wounds;weiblich;;
22763;;Salamander;weiblich;;
22764;;SakuraSlytherin;weiblich;;
22765;;Sakura-Fushigi;weiblich;24;
22766;;Sakura-;weiblich;;https://www.youtube.com/channel/UCV5RnQ9eg3IrcwHHgReaXsw/featured
22767;;Sakune;weiblich;28;
22768;;Sakujo Reika;weiblich;29;http://ask.fm/AmyJaneShepperd
22769;;SaksaHC;;;
22770;;Sakresh;männlich;33;
22771;;Sakon;männlich;29;
22772;;Sakihana;weiblich;;
22773;;Saki-hime;weiblich;32;
22774;;Saiury;weiblich;;
22775;;SairiSonat;;;
22776;;Saira-chan;weiblich;27;
22777;;Sailon;weiblich;;
22778;;Sahirapony;weiblich;;
22779;;Sahara106;;;
22780;;Sahara;weiblich;;
22781;;Saga the Cheater Kid;weiblich;37;
22782;;Safrie;weiblich;28;
22783;;Safltr;;;
22784;;Safari;weiblich;30;
22785;;Saeko;weiblich;26;http://proxer.me/profil?uid=40059
22786;;Sadness;weiblich;21;
22787;;SadakoOgawa;weiblich;26;
22788;;SadaDoki;weiblich;;
22789;;SadEmo;weiblich;28;
22790;;Sabienchen;weiblich;37;
22791;;Sabbiliene;weiblich;28;
22792;;Sabbath-the-Jackal;weiblich;29;http://jade.hat-gar-keine-homepage.de
22793;;Saasaa;weiblich;29;
22794;;Saarkind;;;
22795;;Saakje;weiblich;57;
22796;;SZI;männlich;26;
22797;;SWDeni;weiblich;30;
22798;;STAR22;weiblich;;
22799;;SRK-LOVE-ABELL;weiblich;32;
22800;;SMiLE-CAT;;31;
22801;;SMEP;weiblich;;
22802;;SHiNEisgoing;weiblich;;
22803;;SD170147;männlich;38;
22804;;SCss;weiblich;25;
22805;;S0RA;weiblich;;
22806;;Ryuukami;;;
22807;;Ryuuk;weiblich;32;
22808;;Ryumei Kishatu;weiblich;;
22809;;Ryuk;;;
22810;;Ryuji Suguro;männlich;31;
22811;;Rysablue;;;
22812;;Rykasu;männlich;27;
22813;;Ruusan;weiblich;24;https://toyhou.se/Ruusan
22814;;Rustius;männlich;28;https://twitter.com/Rustius96
22815;;Russell;männlich;34;
22816;;Runenwoelfin;weiblich;;
22817;;Runa Harvey;;32;https://runaharvey.de
22818;;Rumpelgestein;weiblich;;
22819;;Rumkugel13;weiblich;30;
22820;;Rukia-Alice;weiblich;;http://floatoff.tumblr.com/
22821;;RuinTheDeath;männlich;29;https://www.youtube.com/watch?v=WxB1gB6K-2A
22822;;Ruffy-chan;weiblich;24;http://www.eliteanimes.com/profil/12584/RuffyxHancock26
22823;;RubyLivin;weiblich;23;
22824;;Rubinya;weiblich;28;
22825;;Rubinkarfunkel95;weiblich;29;
22826;;Royman;männlich;22;
22827;;Royal Summergirl;weiblich;;
22828;;RoyaAmandaFranziska;;;
22829;;Roy Tiger;;;
22830;;RoxanneMiaWeasley;weiblich;;
22831;;RoterPanda;weiblich;35;
22832;;RoteZoraHamburg;weiblich;;
22833;;Rotauge;weiblich;;
22834;;Rosyntjie;weiblich;23;
22835;;RosikaChan;weiblich;;
22836;;Rosethouartsick;weiblich;;https://archiveofourown.org/users/Rosethouartsickxx
22837;;Rosenquarz;weiblich;;
22838;;Rosenblut001;weiblich;;
22839;;Rosenblatt2305;divers;21;
22840;;Rosemaria;weiblich;34;http://tagebuch-einer-liebenden.myblog.de
22841;;RoseRainxPain;weiblich;33;
22842;;RoseGarden;weiblich;28;
22843;;Rosalind;weiblich;;https://www.pinterest.de/katieforsythe24/
22844;;Ronsen;männlich;33;
22845;;Roniii;weiblich;;
22846;;RoniRidiculous;weiblich;27;
22847;;Romy-Maya;weiblich;;
22848;;Romilly;weiblich;;
22849;;Romantic Girl;weiblich;31;
22850;;Romance Buddys;;;
22851;;Rollrasen;weiblich;31;
22852;;Rolin Leeo;;;
22853;;Rolandi;;;https://www.goodreads.com/user/show/153776155-jolanda
22854;;Rohanna;weiblich;36;
22855;;Rocondil;männlich;34;http://rocondil.deviantart.com/
22856;;Rockmaeuschen;weiblich;33;http://www.myspace.com/julemaeuschen
22857;;RockingFairy;weiblich;;
22858;;Rockartist;;;
22859;;RockRebell;weiblich;;
22860;;Robotface;männlich;;
22861;;Robin16;weiblich;33;
22862;;Roberta;weiblich;;
22863;;Robert Martschinke;;;
22864;;Robby;weiblich;;
22865;;Robbestris;männlich;;
22866;;RoamingOrange;weiblich;27;
22867;;RoReRaven;;;https://www.instagram.com/roreraven/
22868;;Riya-hime;weiblich;;
22869;;Rita Solex;weiblich;;
22870;;Rita;weiblich;32;
22871;;RiseFuckingAgainst;;;
22872;;Risa92;weiblich;32;
22873;;Risa-Chii;weiblich;;
22874;;Ririi-chii;weiblich;30;
22875;;Ririchiyo;divers;26;https://www.fanfiktion.de/u/Riri+no+Shoka
22876;;Riri no Shoka;;;https://www.fanfiktion.de/u/Ririchiyo
22877;;RinoaTsukishima;weiblich;30;
22878;;Riniell;weiblich;;
22879;;Rini;weiblich;;
22880;;Rina-Senpai;weiblich;27;
22881;;RinSaketo;weiblich;30;https://www.facebook.com/jennysbuecherecke
22882;;RinEllery;;;
22883;;Rin-Amaya;weiblich;;
22884;;Rikuchan;weiblich;33;http://rikulovesstories.blogspot.de/
22885;;RikuGx;;;
22886;;Rikkuwint;;39;
22887;;Rikee6;weiblich;;
22888;;Rike98;;;
22889;;Rika-Chanx3;;28;
22890;;Rigby;männlich;57;
22891;;Ricky4479;männlich;;
22892;;Ricky007;;;
22893;;Ricky VL;männlich;;
22894;;Rick-;;;
22895;;Richelieu;;;
22896;;Richard Killjoy;männlich;30;
22897;;RiceGrainsAndRoses;divers;32;
22898;;Rice;;31;
22899;;Riby;;;
22900;;Riara;weiblich;25;
22901;;Rialitaet;weiblich;24;
22902;;Rhombea;weiblich;26;http://www.youtube.com/user/MissSisterIvy?feature=mhee
22903;;Rhia;;;
22904;;Rexold1990;männlich;;
22905;;Revilo;männlich;50;
22906;;Retro64;weiblich;24;
22907;;Resas corner;weiblich;24;https://www.instagram.com/resas.corner/?hl=de
22908;;Resa Hebras;weiblich;;
22909;;Repeek;;;
22910;;Renzo;weiblich;;
22911;;Renia;weiblich;;
22912;;Renchen;männlich;;
22913;;RenPhoenix;weiblich;25;
22914;;RemiliaRena;;;http://www.facebook.com/TheAwesomeKai
22915;;Remi;;;
22916;;Relax-Yeti;;;
22917;;Rekla;weiblich;;
22918;;Rejah;weiblich;33;
22919;;Reisi;;;
22920;;Reisende 3497;weiblich;;
22921;;ReiFair;weiblich;29;http://www.youtube.com/user/ReiFair
22922;;Rei-drop-down;weiblich;;
22923;;Regis;;;
22924;;Regiix3;;;
22925;;Regentropf;;;
22926;;Regenmeer;weiblich;31;
22927;;Regenbogenkind;weiblich;35;
22928;;Regenbogeneinhorn;;;
22929;;Regenbogen-Woelfin;weiblich;30;
22930;;RegalApplePie;weiblich;;
22931;;Reeses;;;
22932;;Reeree;weiblich;;
22933;;Reddy;weiblich;;
22934;;RedJellyBaby;weiblich;33;http://bedos-anti-rosa-glitzerland-welt.blogspot.com
22935;;RedApple;weiblich;28;
22936;;Red-Moon;männlich;;
22937;;Red Scarf;weiblich;20;
22938;;Red Roses;;;
22939;;Red Dun;weiblich;;
22940;;Rech;männlich;;
22941;;Rebecci10;weiblich;31;
22942;;Reana;weiblich;;
22943;;Realityjunky;weiblich;;
22944;;Realitaetsuntauglich;;;
22945;;Real Love Never Ends;;;
22946;;Readingae;;;
22947;;Reading Cookie;weiblich;;
22948;;Reader3;weiblich;;
22949;;Razzara;weiblich;;
22950;;Rayne-Sunshine;weiblich;31;
22951;;Ray Celar;;;https://twitter.com/Desty_RAy_
22952;;Rawne;;31;
22953;;Ravens Blood;weiblich;;
22954;;Ravenclaws Eulchen;;;https://archiveofourown.org/users/Nuthatch_in_a_Nutshell
22955;;RavenSheila;weiblich;34;
22956;;Raven+;;;
22957;;Raven le Fay;weiblich;;
22958;;Raven Freea;weiblich;26;
22959;;Raven Books;;34;http://www.instagram.com/_ravenbooks_
22960;;Raven;weiblich;37;
22961;;Raupi;weiblich;30;http://bunterschnee.twoday.net/
22962;;Ratatosk18;männlich;;http://www.lolking.net/summoner/euw/68890485
22963;;Rashomama72;;;
22964;;RapaIona;weiblich;;
22965;;Raoul Duke;männlich;;
22966;;Random;;;http://blackjakerandom.deviantart.com/
22967;;Ranara;weiblich;26;
22968;;RamonaWunder;weiblich;31;
22969;;Rakios;männlich;31;
22970;;Rajira;weiblich;27;https://www.youtube.com/channel/UCTSfeCkcxRrgjkBcIU1s7gg
22971;;RainyDay;weiblich;;http://captain-cow.blogspot.com/
22972;;Raininmay;weiblich;25;http://www.drei-worte.de/5530f34a063a3/sophia.html
22973;;RainbowsEnd;;29;
22974;;Rainbow;;;
22975;;Rain1104;;;
22976;;Railey Winter;weiblich;29;https://sweek.com/profile/505835/74088
22977;;Raika-Noshiro;weiblich;35;
22978;;Rai-chwan;;30;http://luffylaws.tumblr.com
22979;;Rai no Danna;weiblich;25;http://rainodanna.tumblr.com
22980;;Raghniel;weiblich;25;
22981;;Raganos;männlich;31;
22982;;RaeubertochterRonja;weiblich;104;https://www.wattpad.com/user/Ronja_Raeuber
22983;;Raelin;weiblich;30;
22984;;Radha;weiblich;39;
22985;;Racshazza;;;
22986;;Rabenzwillinge;weiblich;;
22987;;RWF;;;
22988;;ROGERIVS;männlich;25;
22989;;RADP;;;https://twitter.com/radp_fortress/status/1404575114667114496
22990;;R3D-Rabbit;weiblich;32;
22991;;R0nja;weiblich;26;
22992;;Qwertzuiop;;;
22993;;Quoxis;;;
22994;;Quireen;weiblich;30;
22995;;Quinns Art;weiblich;;
22996;;QuillEldrichRealms;;;
22997;;Quietscheente;weiblich;;
22998;;QuietOpinion;;;
22999;;Quiet Killer;weiblich;28;
23000;;QuieroLaAventura;männlich;;https://gamingundgeschichten.home.blog/
23001;;Quidditch in action;männlich;18;
23002;;Quezel;weiblich;25;
23003;;Quennione;weiblich;;
23004;;QueerRaven;männlich;31;http://assbutt-timelord.tumblr.com
23005;;QueenoftheSky;weiblich;;
23006;;QueenofQueens;weiblich;22;
23007;;QueenOfTrouble;weiblich;23;
23008;;QueenOfTears;weiblich;36;
23009;;QueenOfMisadventure;weiblich;33;
23010;;QueenOfDragons;weiblich;;
23011;;QueenAceofBase;weiblich;;
23012;;Queen1997;;;
23013;;Queen of the Cookies;weiblich;25;
23014;;Queen Boudicca;weiblich;;
23015;;Quatsch;;;
23016;;Q-Lenny;weiblich;32;
23017;;Puzzleteil;;27;
23018;;Pustedrache;männlich;;
23019;;PurpleLumi;weiblich;;
23020;;PuppetOnAString;;;
23021;;Puppenspielerin X;weiblich;;
23022;;Puppenherz;weiblich;;
23023;;Punk-Kiwi;;;
23024;;Pumuckeldergeliebt;;;
23025;;PumkinPrincess;weiblich;38;https://www.instagram.com/sarahnroesch/
23026;;Pumkin;weiblich;33;
23027;;Puella;weiblich;28;
23028;;Puckel;;32;
23029;;Psyrhos;;;
23030;;Psikh;;;
23031;;ProximaCentauri;weiblich;22;
23032;;Promtheus;;;
23033;;PrometheusZ;männlich;31;
23034;;Proelia;weiblich;25;https://maia-proelia.tumblr.com
23035;;Prinzessin Sakura;weiblich;;https://www.instagram.com/Lumika_draws/
23036;;Prinzessin Dracula;;30;https://www.instagram.com/prinzessindraculasart/
23037;;Prinzess L;;;
23038;;PrincessYen;;;
23039;;PrincessRudolph;weiblich;;
23040;;PrincessOfHell;weiblich;;http://www.bookrix.de/-princessofhell/
23041;;PrincessLovePrincess;weiblich;;
23042;;Princess of Freedom;weiblich;28;http://wundertorten.blogspot.de/
23043;;Princess Of cute;weiblich;21;
23044;;Princess Lillifee;weiblich;;
23045;;PrinceRa;weiblich;30;
23046;;Prince of Dreams;männlich;;
23047;;Priester;männlich;;
23048;;Prides Son;männlich;25;
23049;;Price;männlich;23;
23050;;PriNceS;;;
23051;;PrettyAwesome;weiblich;27;
23052;;Prestige;weiblich;31;
23053;;Prapo237;männlich;26;https://prapo237.jimdofree.com/
23054;;PragDoma;divers;;
23055;;PowerOfLove94;weiblich;29;
23056;;PotterTheRotter;;30;
23057;;Poser;weiblich;;
23058;;Poseiidon;weiblich;24;
23059;;PonyPlays2014;männlich;27;
23060;;Ponta;weiblich;30;
23061;;Polarnacht;;;
23062;;Pokalheld;weiblich;;
23063;;Poissillion;männlich;;
23064;;Poisondoux;weiblich;33;
23065;;Poidudu;weiblich;;
23066;;Poetrycat;weiblich;28;
23067;;Poesy;weiblich;28;
23068;;Poem Doem;männlich;;
23069;;Pluto und Charon;weiblich;26;
23070;;Pluralis Majestatis;;;
23071;;Pluie;;;
23072;;Plueschpony;;;
23073;;Plueschding;weiblich;;http://lea.hat-gar-keine-homepage.de
23074;;Pluesch Kartoffel;weiblich;29;
23075;;Plivary;weiblich;;https://twitter.com/Plivary
23076;;Playboys69;;;
23077;;Plastikmensch;;;
23078;;Plastikbirne;;;
23079;;Placebo;;;
23080;;Pinkflower;;;
23081;;PinkMarshmallow;weiblich;30;
23082;;Pink Grape Efloyd;männlich;;
23083;;Pinie Mand;männlich;;
23084;;PineappleJayden;;20;https://archiveofourown.org/users/PineappleJayden
23085;;PinaColada666;weiblich;;
23086;;PikovajaDama;weiblich;40;
23087;;Pika-Rima;weiblich;25;
23088;;Pika Chan;divers;27;
23089;;Piglet;;31;
23090;;Pierprtrep;männlich;;
23091;;Piccadilly6;weiblich;;
23092;;Phoenixschwinge;weiblich;;
23093;;Phoenixfeder211;weiblich;;https://www.instagram.com/phoenixfeder211/
23094;;Phoenixblume;weiblich;;
23095;;Phoenix36;männlich;;
23096;;Phoenix 65;;;
23097;;Phlox;;;
23098;;Phinnie;weiblich;28;
23099;;Philosoph;;;
23100;;Philippa;weiblich;;
23101;;Phemania;weiblich;;
23102;;Phantom Storys;;;
23103;;Phantanielle;;;
23104;;Pfoertnerchen;männlich;33;https://linktr.ee/PhoenixParia
23105;;Pferdifuchs the one;weiblich;14;
23106;;Pferde Fan;;;
23107;;Pfefferminze;weiblich;29;
23108;;Pfaffenhut;männlich;;
23109;;Peydraco;;;
23110;;Petronia;weiblich;33;
23111;;PetersFairy;weiblich;;
23112;;Perlenmaedchen;;;
23113;;Pennywise;weiblich;29;
23114;;Peganx;weiblich;27;https://www.halbwolfsaga.com/
23115;;Pedro;männlich;;
23116;;Peddy-Dream;weiblich;23;
23117;;Pechvogel;weiblich;30;
23118;;Pearlfisher;;;
23119;;Paulquappe;männlich;33;
23120;;Pattily;weiblich;30;
23121;;Pats Imaginations;männlich;;
23122;;Patricipa;männlich;33;
23123;;Patilya;weiblich;30;
23124;;Parva;weiblich;25;
23125;;ParkAnsicht;weiblich;;https://www.facebook.com/ParkAnsicht
23126;;ParadoxStudios;;;
23127;;ParFate;weiblich;31;
23128;;Pappkartonhexe;weiblich;;https://ask.fm/zimthexe
23129;;Papierfliegerkunst;weiblich;27;
23130;;Paperman;männlich;;http://spiegelschreiber.blogspot.com
23131;;PaperBay;;;
23132;;PapaBaer;männlich;40;
23133;;Pantera Black;weiblich;;
23134;;Pandora 08;weiblich;;
23135;;PandaManiac;weiblich;;https://pandamaniac.carrd.co/
23136;;Panayota;weiblich;27;http://wortmonumente.blogspot.de/
23137;;Palve;weiblich;21;
23138;;Palomina;weiblich;;
23139;;Palmenhaus;weiblich;;
23140;;Palmbeach-babe;weiblich;29;
23141;;Paladini;weiblich;;
23142;;Pakimi;weiblich;;
23143;;PaintingRosesRed;weiblich;;
23144;;Paige Evans;weiblich;;
23145;;Paige 13;weiblich;32;
23146;;Paeon;männlich;53;
23147;;Paddel;weiblich;29;
23148;;Padakisa;;;
23149;;PTK;männlich;30;
23150;;PKA;weiblich;30;http://www.youtube.com/user/PKAonline
23151;;PHLiF;weiblich;24;
23152;;P-inky;weiblich;;
23153;;Ozchar;männlich;36;
23154;;Oxymoron;weiblich;24;
23155;;Outcast Saviour;;26;
23156;;OutOfNowhere;;;
23157;;OutOfMyFeather;weiblich;26;
23158;;Out of Blue;weiblich;27;
23159;;Oscurita Cassiopea;weiblich;35;
23160;;OsajaSophieSecret;;;
23161;;Oryctes;männlich;;
23162;;Ormoe;weiblich;;
23163;;Orlaith;weiblich;35;
23164;;Orla21;weiblich;;
23165;;Orizien;weiblich;;
23166;;Oriane;weiblich;;
23167;;Organized Chaos;weiblich;;http://chaos-of-fubuki.deviantart.com/
23168;;Oreojunky;;;
23169;;Ophelia1601;weiblich;37;
23170;;Open Heart;weiblich;29;
23171;;Ookami222;;;
23172;;Oo schenny oO;weiblich;30;http://www.twihearts-forum.com/
23173;;Only-A-Shell;weiblich;27;
23174;;One Vicious;;;
23175;;Omnia;;;
23176;;Omega White;;;
23177;;Oma Wetterwachs;weiblich;27;
23178;;Om Nom;weiblich;;
23179;;Olschi13;weiblich;;
23180;;OliviaSun;weiblich;29;
23181;;Old28h;männlich;30;
23182;;OhneZweckundTon;weiblich;;
23183;;OhNoItsHer;weiblich;28;
23184;;Off The Line;;30;
23185;;OerbanHunter;männlich;;
23186;;Oekobold;weiblich;36;
23187;;Odvaciin;;;
23188;;Oceanstar;weiblich;;
23189;;Obviously;weiblich;30;
23190;;Obscura Memoria;;;
23191;;OalascherFuchs;weiblich;24;https://www.wattpad.com/user/OalascherFuchs
23192;;OCvonBlood;;;
23193;;NyxFilia;weiblich;;
23194;;Nyx978;weiblich;;
23195;;Nyuku;weiblich;;
23196;;Nyu;weiblich;27;
23197;;Nyoko-sensei;;29;
23198;;Nyna;weiblich;29;http://twitter.com/RedheadedNina
23199;;Nyaru;weiblich;;
23200;;NyappyPassion;;;
23201;;Nurrmie;weiblich;27;
23202;;Nurii;weiblich;;
23203;;Nunni06;weiblich;18;https://klickehier.com/fanfiction
23204;;Nuindae;weiblich;37;
23205;;NuelYume;weiblich;32;
23206;;NuclearButterfly;weiblich;27;
23207;;Nscho-tschi;weiblich;26;
23208;;Noxxy;weiblich;35;
23209;;Noxa;weiblich;26;
23210;;NoxRumpelUhu;;24;
23211;;Nowaki;;;http://nowaki-magica.blogspot.com
23212;;Nothing and nobody;;;
23213;;NotesoftheSun;;;
23214;;NotSoStraight;männlich;29;
23215;;NotLikeYou;weiblich;35;http://missirrsinn.livejournal.com/
23216;;NostalgiaVibez;;;https://www.wattpad.com/user/NostalgiaVibes
23217;;Nosferatu-kyoudai;;;
23218;;NorthernLight;männlich;36;
23219;;Northern Downpour;weiblich;29;http://meerchen.tumblr.com/
23220;;Nornir;weiblich;;
23221;;Nordstern;weiblich;;
23222;;Nora Wolf;weiblich;;
23223;;Nora Armina;weiblich;;
23224;;Nooyah;;;
23225;;Nolraxice;weiblich;;
23226;;Noisa1992;weiblich;31;
23227;;NoemiHP;weiblich;24;
23228;;Noehrgel;;;
23229;;Nocturne;weiblich;;
23230;;Noctavia;weiblich;36;
23231;;Nobodys Darling;weiblich;30;
23232;;Nobodyknows;weiblich;25;http://evergreenmmff.jimdo.com/
23233;;NoTrisha;weiblich;;
23234;;NoSunshine;;;
23235;;NoSoldier;männlich;29;
23236;;NoHeroesAllowed;;;
23237;;No one knows her;weiblich;;http://just-a-girl-u-dont-know.tumblr.com/
23238;;NixDa;weiblich;;https://twitter.com/NixDajo
23239;;Nivenia;weiblich;;
23240;;Nithaiah;weiblich;31;
23241;;Niteftef;männlich;;
23242;;Nitan89;weiblich;35;
23243;;Nirvelli;;;
23244;;Nirial;weiblich;29;
23245;;Ninnii;weiblich;115;
23246;;Ninniach;weiblich;39;
23247;;Ninne;weiblich;35;
23248;;Ninjacat;;;
23249;;Ninja;weiblich;26;
23250;;Ninj;weiblich;;
23251;;Ninifee1112;;;
23252;;Ninchen123;weiblich;;
23253;;Ninariel;weiblich;32;
23254;;Ninaliebt;weiblich;40;
23255;;NinaFuchs;;;
23256;;Nina-Chan;weiblich;;
23257;;Nina MN 04;weiblich;;
23258;;NimmerniesPrinzessin;;;
23259;;Nimh;weiblich;;
23260;;NiliusK;männlich;;
23261;;NikteVA;weiblich;19;
23262;;Nikolai Taslow;;;
23263;;Nikolai;;;
23264;;Nikex;weiblich;;
23265;;Nike;weiblich;;http://nikeelone.wordpress.com
23266;;Nikasu;weiblich;;
23267;;NikAbroad;;;
23268;;NijuDream;weiblich;;
23269;;Nijnak;;;
23270;;Niiv;weiblich;;
23271;;Niisa;weiblich;27;https://www.instagram.com/justniisaa_
23272;;Nightwolf;weiblich;27;http://nightwolfiscrying.deviantart.com/#
23273;;Nightwind;weiblich;27;
23274;;NightshadeKiria;weiblich;;https://www.instagram.com/nightshadekiria/
23275;;Nightqueen;weiblich;;
23276;;NightmareNr13;männlich;;
23277;;Nightmare x3;weiblich;;
23278;;Nightlife;weiblich;;
23279;;Nightflame;weiblich;;
23280;;Nightelf;;;
23281;;NightcoreZorro;männlich;25;
23282;;Night Rose;weiblich;32;
23283;;Night Princess;weiblich;30;
23284;;Niffin;weiblich;;
23285;;Nielsen;;;
23286;;Nie tu Tyunaira;weiblich;28;
23287;;Nicuu;männlich;;
23288;;Nicooo227;;;
23289;;Nicole9919;weiblich;37;
23290;;Nicola Baumann;weiblich;43;
23291;;Nickname4;;;
23292;;Nickname com;männlich;;
23293;;Nicklace;weiblich;;
23294;;Nickischokolade;weiblich;27;https://www.facebook.com/Shinuba
23295;;Nickelbag;weiblich;;
23296;;Nickelbackfan08;weiblich;30;
23297;;Nick-Niizuma;männlich;;
23298;;Nici0710;weiblich;;
23299;;Niamonos;weiblich;;
23300;;Niambh1066;weiblich;;
23301;;Niabell;weiblich;35;
23302;;NiSoLi;weiblich;;
23303;;Nhaera;weiblich;34;
23304;;Nezuka;;;
23305;;Neya;weiblich;24;
23306;;NextCorner;weiblich;32;
23307;;Newstory;weiblich;27;
23308;;Nevo;;;
23309;;Neverforget;weiblich;30;
23310;;NeverFound;weiblich;;
23311;;Never-Alone;weiblich;27;
23312;;Neveleth;weiblich;35;
23313;;Nevara;weiblich;;
23314;;Netherwitch;weiblich;;
23315;;Nessy;;;
23316;;Nessify;;;
23317;;NessiBigSmile;weiblich;;
23318;;Nessgram;weiblich;;
23319;;Nessaa;weiblich;;
23320;;Nessa Seregon;;;
23321;;Neska;weiblich;;
23322;;Nesaja;weiblich;;
23323;;Nesaia;weiblich;;https://www.instagram.com/karfunkelstein_/?hl=de
23324;;Nerwen Elensar;weiblich;38;
23325;;Nervi;weiblich;24;
23326;;NerdyMissCat;weiblich;24;
23327;;Nerd94;männlich;30;
23328;;Nera200;weiblich;37;
23329;;Nephthys;;25;
23330;;Nenilein;weiblich;32;http://nenilein.deviantart.com
23331;;NemuNekoNyan;weiblich;;
23332;;Nemo Black;weiblich;;https://www.wattpad.com/user/Nemo_Black
23333;;Nemain;weiblich;34;
23334;;Nellyphant;weiblich;31;
23335;;Nellle;weiblich;27;http://theblacprinces.de.tl/Home.htm
23336;;Nelkenmaedchen;weiblich;;
23337;;NekogamiMiyu;weiblich;;
23338;;NekoWrites;weiblich;26;https://www.facebook.com/NekochanDraws
23339;;NekoRhage;weiblich;45;
23340;;NekoMimi-Chan;weiblich;30;
23341;;Nehelenia;weiblich;;
23342;;Negby;weiblich;;
23343;;NegativeToni;weiblich;;
23344;;Nefeli;weiblich;32;http://aline111.deviantart.com/
23345;;Neerual;;;
23346;;Nebelstern;weiblich;;
23347;;Nebelschleier;;27;
23348;;Nebelkind;weiblich;27;
23349;;Nebelfee;weiblich;30;
23350;;NebelWolke;weiblich;;
23351;;Nea Nocta;;;
23352;;Ne-chan;weiblich;39;
23353;;Nazukagi;weiblich;;
23354;;Nazomi;weiblich;23;http://ask.fm/Nazomi_Hino
23355;;Nayka Nima;weiblich;27;
23356;;Nayami4;weiblich;18;
23357;;Nav;;;
23358;;Naurelen;weiblich;57;
23359;;Naumi;weiblich;30;
23360;;Natykes;weiblich;25;https://twitter.com/le_nats
23361;;Natu;weiblich;;
23362;;Natsiq;weiblich;;
23363;;NatiHale;weiblich;24;
23364;;NateKos;weiblich;30;https://www.instagram.com/nate_kos/
23365;;Nastrogosa;männlich;31;
23366;;NaruNeko;weiblich;29;http://www.youtube.com/user/xNaruNeko
23367;;Narrenkoenigin;weiblich;;
23368;;Naroli;weiblich;27;
23369;;Narkon;männlich;21;
23370;;Narina;;32;http://narina-vhey.blogspot.de/
23371;;Narda;weiblich;34;
23372;;Nararan;;;
23373;;Narana;weiblich;;
23374;;Narala;weiblich;;
23375;;Naomi Seer;weiblich;24;
23376;;Nanomaus;weiblich;;
23377;;Nanira;weiblich;;
23378;;Nanashi-ohne-Namen;weiblich;;https://twitter.com/SnowCloe
23379;;Nanami Midori;;;
23380;;Nana86;weiblich;38;
23381;;Nalani;weiblich;34;http://meineschreibwerkstatt.npage.de
23382;;Nait Sabes;;;
23383;;Nairia Auraida;weiblich;25;
23384;;Naiad;weiblich;28;https://ophelia-electra.tumblr.com/
23385;;NahlaLeah;;;
23386;;Nahla Jale;weiblich;30;
23387;;Nah;weiblich;;
23388;;Nagori-chan;weiblich;;
23389;;Nagasaki Suna;weiblich;28;
23390;;Naerrchen;;;
23391;;Nadras;weiblich;26;
23392;;NadjaParadiesapfel;weiblich;28;
23393;;Nadischuh;;;
23394;;Nadine34567;weiblich;26;
23395;;Nadiiine;weiblich;27;
23396;;Naddy97;weiblich;26;
23397;;Naddel25;weiblich;;
23398;;Nadda x3;weiblich;31;
23399;;Nacrate;weiblich;;
23400;;Nachttraeumerin;weiblich;26;
23401;;Nachttaenzerin;weiblich;31;
23402;;Nachtschatten1;weiblich;;
23403;;Nachtherz;weiblich;24;
23404;;Nachtfalter Isa;weiblich;34;
23405;;Nachteulchen;weiblich;33;http://all-my-worlds-a-stage.tumblr.com/
23406;;Nabi-Cho;weiblich;;
23407;;NaXaKa;weiblich;;
23408;;NaKaHiLa;;;
23409;;Na-Mi;weiblich;34;
23410;;NOS26;;;
23411;;NOPLNOFU;weiblich;;
23412;;NH4E;männlich;34;
23413;;NCIS-junkie;weiblich;;
23414;;NADDi C0RE;;;
23415;;Myu-Myu;weiblich;28;
23416;;Mystique1250;weiblich;;https://belletristica.com/de/author/1164
23417;;MysteryOfMe;;;
23418;;MysteryHistory;weiblich;;
23419;;MysteriosBrain;männlich;31;
23420;;Myrina;;;
23421;;Myriel;weiblich;25;
23422;;Myrala;weiblich;;
23423;;MyraTrachtea;weiblich;23;
23424;;Myo;;;
23425;;Mynameisyourname;weiblich;;
23426;;Mymy;weiblich;27;
23427;;Myjanny;weiblich;35;http://www.pony-galopp.de
23428;;Myera;weiblich;28;
23429;;Myako;weiblich;;
23430;;MySingleMoment;weiblich;28;
23431;;MySecretsKeeper;;;
23432;;MyHeartshapedBox;weiblich;;
23433;;My Fantasy World;weiblich;23;
23434;;Muuknus;männlich;;
23435;;Musician15172531;weiblich;;
23436;;MusicLifex3;weiblich;25;
23437;;MusicIsMyLife;weiblich;27;
23438;;Murr;männlich;;
23439;;Murphys son;männlich;35;
23440;;Murmeltier;weiblich;29;http://appartementvom12mann.wordpress.com
23441;;Murderous Bride;weiblich;28;
23442;;Mungojerrie;weiblich;28;
23443;;Munderoon;weiblich;;
23444;;Mumpitz;;;
23445;;Muma911;;;
23446;;Mukki;weiblich;;
23447;;Mujika;weiblich;24;https://archiveofourown.org/users/Mujika_Sakura
23448;;Muinthil Fae;weiblich;;
23449;;Mugiwara-girl81096;weiblich;27;
23450;;Muggls;;;
23451;;Muffi93;weiblich;31;
23452;;Mudo;;;
23453;;Mudi;;;
23454;;MsLauraMichelle;weiblich;32;
23455;;MsKanegra;weiblich;;
23456;;MsEulenfeder;weiblich;;
23457;;MsEloquenz;weiblich;;
23458;;MsBlack;weiblich;35;
23459;;Ms Monster;weiblich;30;
23460;;Ms J;weiblich;;
23461;;Ms Green Apple;weiblich;;
23462;;MrsSteele;weiblich;32;
23463;;MrsSpock;weiblich;;
23464;;MrsPsychoChaos;weiblich;26;http://mrspsychochaos.deviantart.com/
23465;;MrsPickaFight;;;
23466;;MrsMercedes;weiblich;;
23467;;MrsMaddyRose;weiblich;24;
23468;;MrsLyren;weiblich;27;https://ask.fm/MrsLyren
23469;;MrsFluff;weiblich;13;
23470;;MrsCrazy89;weiblich;;
23471;;Mrs-Writing;weiblich;;
23472;;Mrs-Leto;weiblich;;
23473;;Mrs-J;weiblich;24;
23474;;Mrs WildSow;weiblich;;
23475;;Mrs NoName;;;https://www.tumblr.com/blog/mrs-noname-stories
23476;;Mrs Guren;weiblich;27;http://psychopharmaka-philosophie.blogspot.de
23477;;Mrs Creepy;;;
23478;;Mrs Amnell;weiblich;;
23479;;Mrakesh;;39;
23480;;MrPerfect;männlich;26;
23481;;MrNotGood;männlich;;
23482;;MrKri;männlich;;
23483;;Mr Penguin;;26;
23484;;Mr Floppy;männlich;;
23485;;Moyashi;weiblich;26;
23486;;Mounti97;weiblich;27;
23487;;Mouni;weiblich;;
23488;;Motus;;;
23489;;Motteq;;;
23490;;Motte89;weiblich;35;
23491;;Motivistin;weiblich;27;
23492;;MotherMel;;;
23493;;Mother-of-circus;weiblich;;
23494;;Mortifero;weiblich;30;
23495;;Morry;weiblich;39;
23496;;Morpheus Stark;männlich;;
23497;;Moro-San;weiblich;27;http://weheartit.com/Morochan
23498;;Morlera;weiblich;25;
23499;;MorgensternArt;männlich;;
23500;;Morgenlicht;weiblich;38;
23501;;Mordred Morgenstern;;;http://yaoitemptation.xobor.de/
23502;;Moostau;;;
23503;;Moonwrite;;;
23504;;Moonshadowcat;weiblich;60;
23505;;Moonraider;;23;
23506;;Moonlightsstorys;weiblich;;
23507;;Moonlighteye;weiblich;;
23508;;MoonlightShadows;männlich;;
23509;;Moonie21;weiblich;26;
23510;;Moonie;;40;
23511;;MoonbellG;weiblich;27;
23512;;MoonLea;weiblich;27;
23513;;Moon98;weiblich;;
23514;;Moon47;;;
23515;;Moolow;;;
23516;;MonteChristo;;;
23517;;Montague Capulet;männlich;33;
23518;;Monstera;weiblich;25;
23519;;Monster-chan;weiblich;;
23520;;Monsieur;männlich;30;
23521;;Monoru;;;
23522;;Monochan;weiblich;31;
23523;;Monkey D Ruffy;weiblich;22;
23524;;Monic;weiblich;37;http://www.myspace.com/monic_star
23525;;MoniX3;weiblich;;
23526;;Mondrose2000;;;
23527;;Mondrose;weiblich;28;
23528;;Mondlichtkrieger;männlich;31;
23529;;Mondfinsternis;weiblich;;
23530;;Mondfalter;weiblich;29;
23531;;Mondanbeterin;weiblich;;
23532;;Mond;;;
23533;;Mona-Luisa369;weiblich;25;
23534;;MonCherie588;weiblich;50;
23535;;MonBijou;weiblich;27;http://sunnydaysseemfaraway.tumblr.com/
23536;;Momoko no Neko;weiblich;26;
23537;;Momiji;weiblich;28;
23538;;Momentary;weiblich;28;
23539;;Moment 4 life;weiblich;;
23540;;Molly Smiles;weiblich;34;
23541;;Moki710;weiblich;;
23542;;Mojox3;weiblich;28;
23543;;Mohnkorn;männlich;;
23544;;Mohnblumentau;weiblich;31;
23545;;Mohei;;;
23546;;Moerl;weiblich;24;
23547;;MoechtegernAutor2;;;
23548;;MochisKuma;weiblich;35;https://www.wattpad.com/user/MochisKuma
23549;;Mochimey;;;
23550;;MoanaMermaid;weiblich;;
23551;;Mizuki97;weiblich;26;
23552;;Mizie Oulmen;weiblich;;
23553;;Mizael;;29;
23554;;Mix;männlich;;
23555;;Mitzie;männlich;28;
23556;;Mitternachtsschimmer;;30;https://leesbuecherblog.wordpress.com/
23557;;Mitternachtsblume;;;
23558;;MitternachtsZauber;;;
23559;;Mitsuyuki;weiblich;23;
23560;;Mitsuki23;weiblich;;
23561;;Mitora;weiblich;29;
23562;;Mithadriel;;;
23563;;MisterBlair;männlich;30;
23564;;Mistakes;weiblich;;
23565;;MissssSophii;weiblich;;
23566;;MissesPanda;weiblich;;
23567;;Misses-J;weiblich;25;
23568;;MissTake;;;
23569;;MissSorglos;weiblich;35;
23570;;MissSomerhalder;weiblich;;
23571;;MissSebastian;weiblich;30;http://lenabaninas-buecherecke.blogspot.de/
23572;;MissSari;weiblich;26;
23573;;MissPaperJoker;weiblich;32;http://misspaperjoker.deviantart.com/
23574;;MissNorris;weiblich;;
23575;;MissMoriarty;weiblich;28;
23576;;MissHyde13;weiblich;29;http://traumzirkus.blogspot.co.at/
23577;;MissHoney;;;
23578;;MissHeart;weiblich;;
23579;;MissHathawayDawson;weiblich;;
23580;;MissFireFist;weiblich;30;
23581;;MissEve;weiblich;;
23582;;MissCare;weiblich;;
23583;;MissCalenleya;;;
23584;;Miss-i;weiblich;23;
23585;;Miss-Itachi;weiblich;;
23586;;Miss U Ellen;weiblich;;http://girlcrushjlaw.tumblr.com/
23587;;Miss Twilight;weiblich;;
23588;;Miss Sakira Akadi;weiblich;;
23589;;Miss Red;weiblich;43;
23590;;Miss Miyuki;weiblich;;http://miss-miyuki.jimdo.com/
23591;;Miss Missy Miss;weiblich;;
23592;;Miss Melancholie;;29;
23593;;Miss Me;weiblich;;
23594;;Miss Maria Colins;weiblich;;https://www.facebook.com/pages/Miss-Maria-Colins/729241513771869
23595;;Miss M;;;
23596;;Miss Kalliope;;;
23597;;Miss Infinity;weiblich;28;
23598;;Miss Honey;weiblich;;https://www.youtube.com/channel/UCPtUkumrhD07J1uUcxyIy9Q
23599;;Miss Elmo;weiblich;;http://archiveofourown.org/users/chaeyoongs
23600;;Miss Couchpotato;weiblich;;
23601;;Miss Choyko;weiblich;14;
23602;;Miss Bloodmoon;weiblich;;
23603;;Miss Biss;weiblich;33;
23604;;Miss Bee;weiblich;;
23605;;MisguidedGhost;weiblich;29;
23606;;MisakiChocolate;;;
23607;;Misaki98;weiblich;;
23608;;Misa Kyoharu;weiblich;27;
23609;;Mirrow;weiblich;31;
23610;;Mirrorheart;;;http://facebook.com/oddmeisterle
23611;;Mirika;weiblich;34;
23612;;MiracleCat;weiblich;20;
23613;;MirabelleMK;weiblich;;
23614;;MiraEliza;weiblich;26;
23615;;MiraChan;weiblich;27;
23616;;Mira-Jane;weiblich;;
23617;;Miogarosormr;männlich;28;
23618;;Minze;;;
23619;;Mintaka;weiblich;30;
23620;;Minouche;weiblich;;
23621;;Mino;weiblich;30;
23622;;Minkus;weiblich;28;
23623;;MiniMe93;weiblich;30;
23624;;MiniMaxi;;;
23625;;MinaHolmes;weiblich;33;
23626;;MinaBarker;weiblich;35;http://minabarker.tumblr.com/
23627;;Mimix;weiblich;32;
23628;;Mimir;divers;28;
23629;;Mimikyu;weiblich;25;
23630;;Mimiii;;;
23631;;Mimi-WeKa;weiblich;28;https://mimi-weka.tumblr.com/
23632;;Mimi Gaunt;weiblich;;https://www.wattpad.com/user/Mimi_Gaunt_11
23633;;Milsika16;weiblich;27;
23634;;Millyna;;;http://dreamingway.deviantart.com/
23635;;Milky02;divers;22;
23636;;Milesimas;;;
23637;;Mila Mond;weiblich;23;
23638;;Miky;männlich;34;
23639;;MikoMilano;weiblich;34;
23640;;MikiFee;weiblich;28;
23641;;Mikaus Fisch;weiblich;33;
23642;;Mika-onee-sama;weiblich;;
23643;;Miiuhful;weiblich;30;
23644;;Miii Boleyn;weiblich;;
23645;;Miii;weiblich;29;
23646;;Miickii;männlich;;
23647;;MiiaPiia;weiblich;27;
23648;;Mihra;weiblich;35;
23649;;Mihara Mei;weiblich;;https://www.instagram.com/mihara_mei/
23650;;Miglanz;weiblich;;
23651;;Miene-biene;weiblich;;
23652;;Mien84;weiblich;39;
23653;;MieB;weiblich;;
23654;;Midoriyuki;weiblich;33;
23655;;Midoriko-;weiblich;25;http://midoriko.hat-gar-keine-homepage.de/
23656;;Midori Groenn;;;
23657;;Midnightdarkness;weiblich;22;
23658;;MidnightShadow;weiblich;;
23659;;MidnightMoony;;;
23660;;Midnight1990;weiblich;34;
23661;;Midnight-Lady;;31;
23662;;Midnight Frost;weiblich;25;
23663;;Micky Mausi;weiblich;;
23664;;Michika;weiblich;30;
23665;;Michelle x3;weiblich;28;
23666;;Michelle T;;;
23667;;Micha;weiblich;30;
23668;;Miauzenberg;männlich;28;
23669;;Miau;weiblich;33;
23670;;Mia Swan;weiblich;;
23671;;Mia Hall;weiblich;28;
23672;;MiRa228;;;
23673;;MiKkiBug;weiblich;29;
23674;;Mhorogeist;;29;https://fliederfuchs.tumblr.com
23675;;Mfggirl;;;
23676;;Meyumi;weiblich;32;
23677;;Meuturion;männlich;;
23678;;Metellus;männlich;;
23679;;MessageFromPurgatory;weiblich;32;https://messagefrompurgatory.carrd.co/
23680;;Mesranalea;weiblich;30;
23681;;Mesmerized Soul;weiblich;;
23682;;Merlekin;weiblich;;
23683;;Mercutio-Lilac;;;
23684;;Mephistokles;;40;
23685;;Menua;weiblich;29;
23686;;Menschenblind;;;
23687;;Mensch4;weiblich;;
23688;;Melpomene;weiblich;27;
23689;;Melopsitacus;männlich;28;
23690;;Melonmuffin;männlich;32;
23691;;Melodyleinchen;weiblich;;
23692;;Melody-Rose;weiblich;27;
23693;;MelodieGin Gin;weiblich;20;
23694;;Melmoth;;;
23695;;Melly13;weiblich;25;
23696;;MelloandNear;;;
23697;;MelliundKim;weiblich;;https://www.youtube.com/channel/UCygMS1G5vQ-nbSJSWY-20cQ
23698;;Melli93;weiblich;31;
23699;;Melle2232;weiblich;29;
23700;;Melina the writer;weiblich;;
23701;;Melf;männlich;30;
23702;;Melendur;;;
23703;;Mel 007;weiblich;;
23704;;Mei-Chan;weiblich;35;
23705;;Mei Ilan;;37;http://meiilan.tumblr.com/
23706;;Megavolt;;;
23707;;Mefpu;;;
23708;;MedeaV;weiblich;;http://medeafive.tumblr.com/
23709;;MeamoRamon;weiblich;30;
23710;;MeXXD;männlich;;
23711;;Me x3;weiblich;;
23712;;McBannermaker;weiblich;35;
23713;;Mayomi;weiblich;;
23714;;Mayo und Ketchup;weiblich;;
23715;;Mayleah;;;
23716;;Mayi;;;
23717;;Maygirl;weiblich;;
23718;;Maybell;weiblich;31;
23719;;Maybe me;weiblich;;
23720;;May-Neko;weiblich;;
23721;;MaxxxxY4K;;;
23722;;MaxlFaxl;;;http://maxlfaxl.de.to/
23723;;Maximilian Dior;;;
23724;;Maxiking;männlich;26;
23725;;Maxi is dreaming;weiblich;23;
23726;;Max94;männlich;30;
23727;;Mavis4477;;;
23728;;Mausi0588;weiblich;36;
23729;;Maugrim;;26;
23730;;Mauf;;;http://www.drei-worte.de/53b2f23f9ce07/e--frlkratzekatze.html
23731;;MauRen;weiblich;29;
23732;;Matti203;männlich;;
23733;;Matschmotte;;;
23734;;Matschen;;25;
23735;;Matsche;;;
23736;;MatildeVonButterbier;;;
23737;;MataAshita;weiblich;34;
23738;;MasterTeska;;;
23739;;Maskerade;weiblich;32;
23740;;Maskenzauber;weiblich;;
23741;;Maskengesicht;;;
23742;;MaskedKitten;weiblich;30;
23743;;Marzipanherzchen;weiblich;;
23744;;Marzi;männlich;;
23745;;Marystein;weiblich;16;
23746;;Maryonne;weiblich;;
23747;;Maryland Cooky;;;
23748;;Mary-Jo;weiblich;;
23749;;Mary Rosette;weiblich;;
23750;;Mary Rosenberg;;;
23751;;Mary Juana;weiblich;;
23752;;Marv2302;;;
23753;;Marv;männlich;29;http://marv.hat-gar-keine-homepage.de
23754;;Marukaro;weiblich;22;
23755;;MartialArt;männlich;34;
23756;;MarshmallowKakao;;;
23757;;MarsWitch;weiblich;22;
23758;;MarryLoo;weiblich;;
23759;;Marpelchen;weiblich;21;
23760;;Maronn;männlich;;
23761;;Marmotje;weiblich;34;
23762;;Marlo Herrgen;männlich;;
23763;;MarizaOphalia;weiblich;29;https://www.facebook.com/icosplayy/
23764;;Mariusz;;;
23765;;Marilla;weiblich;;
23766;;Mariko Yamada;;;
23767;;MarieErdbeer;weiblich;28;
23768;;Marie25;weiblich;13;
23769;;Maridilyn;weiblich;26;https://twitter.com/madylein_
23770;;Maribelle 28;weiblich;25;
23771;;MariAnn;weiblich;;
23772;;Mari-chan93;weiblich;31;
23773;;Margi;;34;
23774;;Mareikini;weiblich;31;
23775;;MarcusTulliusCicero;männlich;27;
23776;;Marcoloretz;;;
23777;;March94;weiblich;;
23778;;Marcel R;männlich;;
23779;;MarcB;;;
23780;;MaraniaTemartos;weiblich;;
23781;;Maramauz;;;
23782;;Maraelle;weiblich;32;
23783;;MaracujaFee;;;
23784;;Mara Christin;weiblich;25;
23785;;Mapu;weiblich;;
23786;;Mapleshade;weiblich;24;
23787;;Mantasy;;;
23788;;Manolito;männlich;34;
23789;;MannOhneNamen;männlich;;
23790;;ManhattanAngel;weiblich;;
23791;;Mangaka AS 92;;;
23792;;MangaEngel;männlich;35;
23793;;Mamoru;weiblich;;
23794;;Mamiyu;weiblich;;
23795;;Malwasanderes;weiblich;;
23796;;Malun;divers;24;
23797;;Malitsuki;weiblich;;
23798;;Malinchen;weiblich;;
23799;;Malina32;weiblich;;
23800;;MaliMango;weiblich;26;
23801;;Malfoy Manor;weiblich;;
23802;;MakaniKaizoku;weiblich;27;
23803;;MajinMicha;;;
23804;;MajestyL;weiblich;24;
23805;;Mai-Tai;;;
23806;;Mahori;weiblich;29;
23807;;Magpie Ink;;;
23808;;Magneta;weiblich;;
23809;;Maginisha;weiblich;46;https://www.animexx.de/weblog/107018/
23810;;Magicrow;weiblich;;
23811;;Magicgirl13;weiblich;;
23812;;MagicalWho;weiblich;;
23813;;MagicalMo;männlich;26;
23814;;MagicalMehl;männlich;27;
23815;;MagicMirror;weiblich;26;
23816;;MagicGrace;;25;
23817;;Magic-1;weiblich;50;
23818;;Magic Spirit;weiblich;;
23819;;MaggieSue;weiblich;28;
23820;;Maeve;weiblich;;
23821;;Maerchenbuch;weiblich;;
23822;;Maerad;weiblich;;
23823;;Maedchenfuernix;;;
23824;;Maeckhood;;;
23825;;Mae;;;
23826;;Madlenmaus;weiblich;26;
23827;;Madison Silentsmith;;;
23828;;Madison Montgomery;weiblich;29;
23829;;MademoiselleMary;weiblich;;
23830;;Mademoiselle Bea;weiblich;29;
23831;;Madelaine;weiblich;27;
23832;;MadameJuli;weiblich;28;http://twitter.com/ikisskeb
23833;;MadAlex;;;
23834;;Mad Paradoxum;weiblich;31;http://pumpkinlady.deviantart.com/
23835;;Macke1992;;;
23836;;Macavity;weiblich;;
23837;;Mabus;männlich;23;https://twitter.com/maxreadsalot
23838;;Ma Lizz;weiblich;25;
23839;;MYGHTI;;;
23840;;MRS OCEAN;weiblich;;
23841;;MPP;weiblich;;
23842;;ME2016;weiblich;24;
23843;;MCheesefry;;;
23844;;M4ndy93;weiblich;31;
23845;;Lyz;;25;
23846;;Lytie;weiblich;;
23847;;Lysall;;;
23848;;Lyrik-Fan;;;
23849;;Lyrea;weiblich;;
23850;;Lynx1873;weiblich;;
23851;;LynnWolflein;weiblich;;
23852;;LynnFairwell;weiblich;;https://www.youtube.com/channel/UCm9hBwL-bOT6LcjRYyCdIXQ
23853;;LynnAi;weiblich;32;https://twitter.com/reason_TO_stay
23854;;Lynn Lee;;;
23855;;Lyndz;weiblich;;
23856;;Lyn-san;weiblich;29;
23857;;Lykaion;männlich;27;http://the-darkest-day.deviantart.com/
23858;;Lyelba;;;
23859;;Lydi;weiblich;29;
23860;;LycorisBlack;weiblich;16;
23861;;Lybella;weiblich;;
23862;;Luzifers Gott;;;
23863;;Luzifer Morgenstern;männlich;;
23864;;Luzifer Ares;;25;
23865;;Luxy;weiblich;;
23866;;Luxitra;weiblich;28;
23867;;Luxet umbra;weiblich;;
23868;;Luxana;weiblich;;
23869;;LuxInTenebris;männlich;33;
23870;;Lusi;weiblich;;
23871;;Lupus - in - Fabula;weiblich;36;https://www.instagram.com/der_wolf_in_der_fabel
23872;;Lupo van Doom;weiblich;;
23873;;LupisLiontooth;männlich;;
23874;;Lupineia;weiblich;26;
23875;;Lunya;;;http://luna-kaneshiro.deviantart.com/
23876;;LunedYBleidd;;;
23877;;Lunaire426;weiblich;;http://xleocadia.tumblr.com/
23878;;LunaSol;;;
23879;;LunaScamander;weiblich;104;
23880;;LunaRogers;weiblich;33;
23881;;LunaCrysis;weiblich;28;
23882;;LunaClaire;;25;
23883;;Luna88;weiblich;29;
23884;;Luna Romanoff;;;
23885;;Luna Moon;weiblich;27;
23886;;Luna Lazulia;;;https://linktr.ee/luna.lazulia
23887;;Luna L;weiblich;;
23888;;LunAtheWarriorCat;weiblich;;
23889;;Lumpenpuppe;weiblich;;
23890;;Lumina27;weiblich;;
23891;;Lumie;;;
23892;;Lumica;;23;
23893;;Lumberjack;;;
23894;;Lulu love Cookies;;;http://lulu-love-cookies.deviantart.com/
23895;;Lulu Wedekind;weiblich;33;
23896;;Lullaby103;weiblich;28;
23897;;Lullabies;weiblich;;http://the-lost-girl-alone-in-neverland.tumblr.com/
23898;;Lukida-Atlas;weiblich;28;
23899;;LukaLalaith;weiblich;23;
23900;;LukaAngel;weiblich;;http://lukaangel.hat-gar-keine-homepage.de
23901;;Luka1990;;34;https://www.facebook.com/profile.php?id=61550554440271
23902;;Luka-Licata;weiblich;29;http://blutlinie.beepworld.de/index.htm
23903;;LuisaLestrange;weiblich;29;
23904;;Luiii;männlich;21;
23905;;Luii08;männlich;24;
23906;;Luigi Moreaty;;;
23907;;Luftschloss;;;
23908;;Ludovica;weiblich;33;http://frillyfacefins.tumblr.com/
23909;;LucyVanPelt;weiblich;34;
23910;;LucySummer;weiblich;28;
23911;;LucyCullen;weiblich;30;
23912;;Lucy98;weiblich;;http://www.myfanfiction.de/profile/Mondstrahl
23913;;Lucy121;weiblich;;
23914;;Lucy Kuso;weiblich;;
23915;;Lucy Holmes;weiblich;39;https://www.facebook.com/profile.php?id=100013370531324
23916;;Lucy Fox;;;
23917;;LuckyShine;weiblich;29;
23918;;LuckyBasterd;männlich;;
23919;;LuciaLucia;weiblich;28;
23920;;Luchsy;weiblich;28;https://twitter.com/Luchsy
23921;;Luchsderlettern;männlich;34;
23922;;LucediDio;weiblich;;http://lucedidio.hat-gar-keine-homepage.de
23923;;Lucas55e;männlich;;
23924;;Luca Rubin;divers;19;
23925;;Luca;weiblich;46;http://www.karin-luca.de/
23926;;Luc-707;;25;
23927;;Luana di Lazzaro;;;
23928;;Lua Mia;weiblich;;http://ncis-probies.de.tl
23929;;Lu-chan95;weiblich;28;
23930;;Lu liest;weiblich;33;
23931;;LtMichiko;;;
23932;;LovelySmurf;weiblich;;
23933;;LovelyMill;weiblich;28;
23934;;Loveliness;weiblich;26;https://buchtiger.wordpress.com/
23935;;LoveandHope;weiblich;;
23936;;LoveNewZealand;weiblich;25;
23937;;LoveNeverDies;weiblich;30;
23938;;LoveLikeLies;weiblich;29;
23939;;Love11;;;
23940;;Louisette;weiblich;;http://rudimentaere-rotzgoeren.blogspot.de/
23941;;Louann Crimoriam;weiblich;34;
23942;;LouSa;weiblich;37;
23943;;LouPhoenix;weiblich;41;
23944;;LouGould;weiblich;22;
23945;;Lou77;männlich;25;https://www.instagram.com/darkbluelou/
23946;;Lotusflower;weiblich;30;
23947;;Lottyleiin;weiblich;29;
23948;;Lottifee;weiblich;31;
23949;;Lotte83;weiblich;29;
23950;;LottaPower;weiblich;25;
23951;;Lotos;weiblich;;
23952;;Lostprophetess;weiblich;30;
23953;;LostLove;weiblich;32;
23954;;Lost Northern Star;;29;
23955;;Lorielle;weiblich;34;
23956;;LoriLee;weiblich;;
23957;;LorenaWe;weiblich;;
23958;;Lorem Ipsum;männlich;;
23959;;LordSessy;;;
23960;;Lord of Oblivion;männlich;26;
23961;;Lopolero;weiblich;;
23962;;Loonylovely;weiblich;;
23963;;LooniMa;weiblich;36;http://just-a-dream-away.de.tl
23964;;Loo chan;;;
23965;;Lonesome Dream;;;
23966;;LonelyCharly;weiblich;;
23967;;Lonely Thoughts;weiblich;21;
23968;;Lomea;;;
23969;;Lolo05;weiblich;19;
23970;;LollipopMaya;weiblich;27;
23971;;Loktors;männlich;;
23972;;Lokisdottir;;;
23973;;Lokisanna;weiblich;28;
23974;;Lokie Break;;;
23975;;Loki aka Sarcastica;weiblich;29;
23976;;Lois Nabakow;männlich;;
23977;;Lobo Guara;weiblich;;
23978;;LloydL;männlich;24;
23979;;Lizzy-chan;weiblich;;
23980;;LiztheStoryteller16;;;
23981;;Lizerce;;;
23982;;Lizardon;;;
23983;;Lizak;weiblich;;
23984;;Liza of the Bards;;;
23985;;LizM;weiblich;26;
23986;;Liz und Leyla;weiblich;;
23987;;Liz Tonks;weiblich;22;https://www.fanfiction.net/~lizjeantonks
23988;;Liz Taylor;;;
23989;;Lixyqu;;;
23990;;LivEvenstar93;weiblich;31;
23991;;Liv Faolan;weiblich;32;
23992;;Liuva;weiblich;32;
23993;;LittleSweety;weiblich;27;
23994;;LittleShadows;weiblich;29;https://www.bookrix.de/-orf1767b75b2816/
23995;;LittleLenna;weiblich;;
23996;;LittleFirefly;;;
23997;;LittleFairy;weiblich;35;
23998;;LittleDreamer01;weiblich;;
23999;;LittleDevilRyuu;weiblich;;
24000;;LittleChi;weiblich;30;
24001;;LittleBlue;weiblich;26;
24002;;LittleAnni;weiblich;32;
24003;;Little-Dragon;weiblich;;
24004;;Little Miss;weiblich;33;
24005;;Liti;;;
24006;;LiteraturFanatikerin;;;
24007;;Literacy Lioness;weiblich;;
24008;;Lissy Khb;weiblich;;https://instagram.com/clarissa_kuehnberger
24009;;Lissania;weiblich;27;
24010;;Liseele13;weiblich;;
24011;;Lisanja;;;
24012;;Lisabell;weiblich;;https://www.eyeem.com/u/24435755
24013;;LisaTheCookie;weiblich;;
24014;;LisaJ;;;
24015;;Lis the crazy lion;weiblich;31;
24016;;Liquid Luck;weiblich;28;
24017;;Liobanane;weiblich;28;
24018;;Lioanola;weiblich;;
24019;;Linnysad;weiblich;;
24020;;Linklizard;;;
24021;;Linka;weiblich;;
24022;;Link In The Park;divers;25;
24023;;Linhchen;weiblich;26;
24024;;LinhChan;;;
24025;;LineliaReanaMorgana;weiblich;38;https://www.karasu-no-shugo-tenshi.com
24026;;Lindbluete;männlich;27;
24027;;Linchen95;weiblich;29;
24028;;Linara;;;
24029;;Linagami;weiblich;22;
24030;;LinaLeseratte;weiblich;25;http://leseratte2686.tumblr.com/
24031;;Limona;weiblich;27;
24032;;Limikkin;weiblich;;
24033;;LilyVanilli;weiblich;27;
24034;;LilyPotter05;weiblich;18;
24035;;LilyLia;weiblich;21;
24036;;LilyDieLilienhafte;;;
24037;;Lily-Snape;weiblich;24;
24038;;Lily Saphir;weiblich;;
24039;;Lily Evans-Granger;weiblich;;https://www.youtube.com/channel/UCJ3MbkGaHmvdPX5LKU5tsOg
24040;;Liloee;weiblich;;
24041;;LilnaraMCAlister;weiblich;;
24042;;Lillyaki;;;
24043;;Lilly99;;;
24044;;Lilloi;;;
24045;;Lilljana;weiblich;35;https://www.facebook.com/angelinaannaautorin
24046;;Lillizzy;;28;
24047;;Lillit;weiblich;;
24048;;Lillina;weiblich;;
24049;;Lilliam;divers;27;
24050;;Lilleya;weiblich;30;
24051;;Lilix3;weiblich;29;
24052;;Liliw11;weiblich;30;
24053;;Lilith66;weiblich;27;
24054;;Lilith1997;weiblich;27;
24055;;Lilime;weiblich;28;
24056;;Lilienpunkt;;;
24057;;Lilienherz -Sachiko-;weiblich;;
24058;;LilianMel;;;
24059;;LilianLi;weiblich;36;http://lilianli.deviantart.com/
24060;;Lilian Owl;weiblich;29;
24061;;Lilian Angel 2017;;;
24062;;Lilalife;;;
24063;;Lilaleila;weiblich;27;
24064;;LilaSmile;weiblich;;
24065;;LilaLeuchte;weiblich;;
24066;;Lil-lith;weiblich;;
24067;;Lil Undead;männlich;;
24068;;Lil Miz Sunshine;weiblich;33;
24069;;Lil Miss Sunshine;;;
24070;;LikeABoss;;;
24071;;Lijoli;weiblich;;
24072;;Liiva;weiblich;;
24073;;Liibii;weiblich;33;
24074;;Lighthouse;;;
24075;;Light Heart;weiblich;24;
24076;;Lighania;weiblich;29;
24077;;LifeForSummer;weiblich;;
24078;;Liera;;45;
24079;;Lielan;weiblich;44;
24080;;Lie-Majesty;;30;http://lie-majesty.tumblr.com/
24081;;Lichtwanderin;weiblich;23;https://www.thalia.at/shop/home/artikeldetails/A1071286186
24082;;Lichtschwimmer;weiblich;31;https://twitter.com/Lichtschwimmer
24083;;Lichterstern;;;http://lichterstern.hat-gar-keine-homepage.de
24084;;Lichee;;;
24085;;LicentiaPoetica;weiblich;33;
24086;;LibrarianLu;;;https://instagram.com/lusreadingalaxy/
24087;;Libertas;weiblich;22;
24088;;Libelle123;weiblich;;
24089;;Liat;;;
24090;;Lianait;weiblich;37;http://Lianait.animexx.jp
24091;;LianaNaima;weiblich;;
24092;;LiamGesseper;männlich;34;
24093;;Liam23;männlich;26;
24094;;LiahBitterblue;weiblich;27;http://kathrinsbooklove.wordpress.com/
24095;;Liadan Dartigo;weiblich;;
24096;;Liaala;weiblich;28;
24097;;LiaRem;weiblich;;
24098;;Lia Roger;weiblich;29;http://liaroger.blogspot.de/
24099;;Lia Electric;weiblich;;
24100;;LiLunare;;;
24101;;LiLaLE;weiblich;34;
24102;;Li Ban;weiblich;54;http://www.sophie-andrae.de
24103;;LeylaxCharly;weiblich;29;
24104;;Leylah;weiblich;34;
24105;;Leyla7;weiblich;;
24106;;Lexion;;37;
24107;;Lexi-E-Domi;weiblich;30;
24108;;Lexelonie;weiblich;28;
24109;;Levi-FtM;männlich;23;
24110;;Leuchtdiode;männlich;;
24111;;Leuchtboje85;weiblich;;
24112;;Letterschming;;;
24113;;Lethia;;;
24114;;LethFuil;;39;
24115;;Leslie-Ann;weiblich;;http://loumillerlesbian.tumblr.com
24116;;Lesli;weiblich;32;
24117;;Leseratte21;weiblich;22;
24118;;Lesemaus16;weiblich;;http://frederikamahn.npage.de/
24119;;Lesemaus15;weiblich;;
24120;;Leseheld;männlich;21;
24121;;Les6495;weiblich;;
24122;;Les Miserables;weiblich;31;
24123;;Leroy Gilly;;;
24124;;Lerina;divers;26;http://mad-handxx.tumblr.com/
24125;;Lerenya;weiblich;;https://www.tumblr.com/blog/lerenya
24126;;Leprechaun1;;;
24127;;LeosFire;;;
24128;;LeonieFrei;weiblich;32;
24129;;Leonie55;weiblich;;
24130;;Leona EyesOfShadows;weiblich;;
24131;;Leon Paul;;;
24132;;Lenita Wolfar;weiblich;;https://twitch.tv/lenitawolfar
24133;;Leniii;weiblich;27;https://www.youtube.com/channel/UCg3fFJzpWYzdFCDX3cHIquQ
24134;;Lenadie15;weiblich;;
24135;;Len;männlich;39;
24136;;Lemmy;männlich;;
24137;;Lelema;weiblich;;
24138;;Leijona;weiblich;42;http://www.fanfiktion.de/u/CrazyGenius
24139;;Lego;;;
24140;;Legendary Dragons;weiblich;24;https://instagram.com/emiuzumaki/
24141;;Leex;weiblich;29;
24142;;Lechuza;weiblich;25;http://instagram.com/lightlechuza
24143;;Leana;weiblich;29;http://leana.hat-gar-keine-homepage.de/
24144;;Leah Chan;weiblich;;
24145;;Leafsea124;weiblich;;
24146;;LeaHatake;weiblich;14;
24147;;LeLine99;weiblich;;
24148;;Le petit docteur;;;
24149;;Layola;;;
24150;;Layna;weiblich;;
24151;;Layla May;weiblich;32;
24152;;LawlietJucie;weiblich;28;
24153;;Lawinenhund;;;
24154;;Lauserteam;;;
24155;;Laury-chan;weiblich;;
24156;;LauriVomZauberwald96;weiblich;;
24157;;LauriSternchen;weiblich;29;
24158;;Lauretta;weiblich;30;
24159;;Lauren Cooper;weiblich;28;
24160;;Lauras Channel;;;
24161;;Lauramingo;weiblich;26;
24162;;LauraHavana;weiblich;30;
24163;;Laura Hamato;weiblich;21;
24164;;Laubhaufen;;;
24165;;LastMemory;weiblich;31;
24166;;Las Lunas;weiblich;26;
24167;;Laryana-;weiblich;;
24168;;Larin323;;;
24169;;LariLu;weiblich;28;
24170;;LaraFT;;;
24171;;Lanii;weiblich;;
24172;;Laniakea;weiblich;;
24173;;LancelotDuLAc;weiblich;;
24174;;Lance;;;
24175;;Lana Hartmann;;;
24176;;Lamourina;;;
24177;;Lamia Capulet;weiblich;;
24178;;Lamaspucke;weiblich;31;
24179;;Lalill;weiblich;;
24180;;Lalavellia;;;http://black-boxes-and-prisms.tumblr.com/
24181;;Laiyla;;;
24182;;Lainchen;;24;
24183;;Laileena;;36;https://belletristica.com/de/users/9001-laileena#profile
24184;;Lailani;weiblich;;
24185;;Laila1994;weiblich;29;
24186;;Laiger;;;
24187;;Laelynn;weiblich;;
24188;;Ladynight;weiblich;;
24189;;LadyWolf-;;;
24190;;LadyVelaryon;weiblich;;
24191;;LadySherry;weiblich;31;
24192;;LadyPaperInk;weiblich;;
24193;;LadyPandora;weiblich;;
24194;;LadyNewYork;weiblich;;
24195;;LadyMusic;weiblich;19;
24196;;LadyMemory;;;
24197;;LadyMarlene;;;
24198;;LadyLoki 35;weiblich;23;
24199;;LadyKinla;weiblich;31;
24200;;LadyHastur;;;
24201;;LadyGee;;;
24202;;LadyEterna;weiblich;33;
24203;;LadyCasera;weiblich;;
24204;;Lady of Stories;weiblich;;
24205;;Lady of Shalott;;;
24206;;Lady Valentine;weiblich;;
24207;;Lady Soulfire;weiblich;30;
24208;;Lady Solo;weiblich;;
24209;;Lady Snowflake;weiblich;;
24210;;Lady Sakura;weiblich;34;https://twitter.com/StarsHollow3
24211;;Lady Rumkugel;weiblich;34;https://www.facebook.com/profile.php?id=100075849642374
24212;;Lady Lunatic;weiblich;27;
24213;;Lady Lucinda;weiblich;;
24214;;Lady Lovett;weiblich;;http://www.fantastic-johnnydepp.com/
24215;;Lady Lorrabella;weiblich;14;https://www.wattpad.com/user/LinaLorrabella
24216;;Lady K;weiblich;;
24217;;Lady Guinevere;weiblich;23;
24218;;Lady Faceless;weiblich;27;http://demacianpuppet.tumblr.com/
24219;;Lady Emily;weiblich;26;
24220;;Lady Ela;weiblich;34;
24221;;Lady Castiel;;;
24222;;Lady Carina;weiblich;27;
24223;;Lady Bloodrose;weiblich;;
24224;;Lady Arista;;;
24225;;Lady Allie;;;
24226;;LackingH;;;
24227;;Lacinia;weiblich;29;http://ju.hat-gar-keine-homepage.de
24228;;Lachkatze;weiblich;25;https://twitter.com/LittelLachkatze
24229;;Lachgummi;weiblich;29;http://couldyousaysomething.blogspot.de/
24230;;Labrynna;;;
24231;;Laboo1998;weiblich;26;
24232;;Laarin Seger;;;
24233;;LaOvejita;weiblich;28;
24234;;LaNevasca;weiblich;;
24235;;LaMiKa;weiblich;;
24236;;La Vie;weiblich;33;
24237;;La Pluie;;31;
24238;;LPS-Undercover-Girl;weiblich;19;
24239;;LOVEWAVES;;;
24240;;LMissSunshine;weiblich;33;
24241;;LIM - Like I M;weiblich;18;
24242;;LALALEILA;weiblich;28;
24243;;L u c y;;27;
24244;;L I A X;;;
24245;;Kyrea99;weiblich;25;
24246;;KyrasDimples;;;
24247;;Kyori;weiblich;26;
24248;;Kyonx;männlich;32;http://yugiohgx.yu.ohost.de/phpbb/index.php
24249;;Kyo-desu;weiblich;34;
24250;;KyloRen25;;;
24251;;Kylie-Chan;weiblich;29;
24252;;Kyjuko;weiblich;24;
24253;;Kyaca;weiblich;27;
24254;;Kutsu;weiblich;28;
24255;;Kuschelkatze1810;weiblich;22;
24256;;Kuruka;weiblich;23;
24257;;Kurono-kun;männlich;30;
24258;;Kurokawa;weiblich;;
24259;;KuroiTenshi;weiblich;30;
24260;;Kuroe;männlich;42;
24261;;Kurochi;weiblich;31;
24262;;Kurayami-;weiblich;30;http://Kurayami-i.deviantart.com
24263;;KuraikoMorikawa;weiblich;28;
24264;;Kuraiko Yagami;weiblich;;
24265;;Kuraijko;weiblich;;
24266;;Kura-sama;weiblich;;https://twitter.com/light_schu
24267;;Kura;;;
24268;;Kupferkopf;weiblich;;
24269;;Kuma;weiblich;;
24270;;Kukki - monsuta;weiblich;25;
24271;;KugelfischFiction;weiblich;;
24272;;KuenstlicheWelt;weiblich;34;
24273;;KuchikiByachan;weiblich;;
24274;;KuchenKruemel;weiblich;27;
24275;;Kryptophilia;weiblich;;
24276;;Kruemelmonster19;weiblich;;
24277;;Kronos1983;männlich;;
24278;;Krolocks Sternkind;weiblich;30;
24279;;Krolock;männlich;;
24280;;Kristiin97;;;
24281;;KristenPitches;weiblich;29;
24282;;Kristalllieberin;weiblich;;
24283;;KristallFuchs;weiblich;23;
24284;;Krios;;;
24285;;Krimifan;;;
24286;;Kreideblume;weiblich;26;
24287;;KreativesSchreiben;;;
24288;;Kreativer Nickname;weiblich;27;
24289;;Kreativblog;;;
24290;;Kraemel;weiblich;29;https://www.facebook.com/minzkruemel
24291;;Kraehenherz;weiblich;16;
24292;;Kra;;27;
24293;;Koyuki Winter;weiblich;;
24294;;Kouy;weiblich;31;
24295;;Kotaro;männlich;29;
24296;;Koruton;;;
24297;;Korus;;;
24298;;Korona;;;
24299;;KorbohneD;männlich;28;
24300;;Kopfmensch;;;
24301;;Kookilove;weiblich;20;
24302;;Konsumlumpen;männlich;;http://s20.bitefight.de/c.php?uid=17730
24303;;Koneco-chan;weiblich;;
24304;;Kometenregen;;;https://www.wattpad.com/user/Kometenregen
24305;;Kollateralschaden;weiblich;25;
24306;;Kolibrimaedchen;weiblich;26;
24307;;Kohlrabi;weiblich;31;
24308;;Koffeekid;;;
24309;;Kobold1998;weiblich;25;http://lovegirls98.blogspot.de/
24310;;Ko-Kiki;weiblich;28;
24311;;Knubbel;weiblich;45;
24312;;Knoedels Stories;weiblich;;
24313;;Knochenjonny;männlich;35;
24314;;Kno;weiblich;;
24315;;Kneckebrod;weiblich;;
24316;;Knallboomeffekt;;;
24317;;Klios Lehrling;männlich;27;
24318;;Kleines Teufelchen;weiblich;23;
24319;;KleinerKolibri;weiblich;32;https://kleinerkolibri.jimdofree.com/
24320;;Kleiner Schreiber;weiblich;;
24321;;KleineHaselnuss;;26;
24322;;Kleine Rebellin97;weiblich;27;
24323;;Klein Finni;weiblich;;
24324;;Kleid aus Rosen;weiblich;;
24325;;Kleemaedchen;;;
24326;;Kleeblattsonne;weiblich;;
24327;;Kjtteh;;;
24328;;Kizus Prosa;weiblich;41;
24329;;Kizuma;weiblich;32;
24330;;Kizuka;weiblich;28;
24331;;Kiyoshi chan;;;
24332;;KiyokoSayo;weiblich;28;
24333;;KiwiMG;;30;
24334;;Kiwi-Kiba;weiblich;26;
24335;;Kittys World;weiblich;;http://kitty.hat-gar-keine-homepage.de
24336;;Kittykatti;weiblich;27;http://instagram.com/kaydi_x3
24337;;Kitori;männlich;;
24338;;KishoMai;;22;
24339;;KisakixSephiroth;;32;
24340;;Kisa1st;weiblich;32;https://www.instagram.com/kisa_the1st/
24341;;Kisa Aericura;weiblich;34;
24342;;Kirvenhannes;;;
24343;;Kirsehirqueselii40;weiblich;34;
24344;;Kirschi94;männlich;29;http://kirschi94.blogspot.de/
24345;;KirscheChan;weiblich;;
24346;;KiraNear;weiblich;32;
24347;;KiraFeuFeu;weiblich;;
24348;;KiraChaqq;weiblich;37;
24349;;Kira Keiner;;;
24350;;Kir;weiblich;;
24351;;Kinsel;männlich;;
24352;;Kingyo;weiblich;34;http://lonelyauthor.livejournal.com/
24353;;King42;männlich;26;
24354;;King-Sirus;männlich;36;http://kingsirus.blogspot.de/
24355;;King of Fools;weiblich;31;http://rpgame.iphpbb3.com/forum/index.php?nxu=94048463nx42072
24356;;King Tyrion I;männlich;51;
24357;;King Python;;27;
24358;;Kinderjoy 7;weiblich;;
24359;;Kindar;weiblich;;
24360;;Kind des Mondes;weiblich;30;
24361;;Kimmyle;weiblich;29;
24362;;Kimchini;weiblich;26;
24363;;Killua4707;;;
24364;;Killertoy;weiblich;;
24365;;Killerpanda2018;;;
24366;;KillerZwerg;weiblich;;
24367;;Killer;weiblich;28;
24368;;Killed;weiblich;23;
24369;;KillTimeOnValentine;;;
24370;;Kikuii;weiblich;26;
24371;;Kiko;weiblich;30;
24372;;Kikix;;22;
24373;;Kijoka;weiblich;25;
24374;;Kifabe;;;
24375;;Kickbanane;;;
24376;;Kibi;weiblich;29;
24377;;Kiba the Fang;weiblich;31;http://www.kiba-t-fang.xn--lichtbrcke-verlag-82b.com/
24378;;Kiarika;weiblich;;
24379;;Kiar Negromlok;männlich;;
24380;;Kianna;;;
24381;;KhaosFynn;weiblich;33;
24382;;Khandrashi;weiblich;26;
24383;;Keyra;weiblich;30;
24384;;Kevala;weiblich;32;
24385;;Kessie;weiblich;;
24386;;Kesakitan;weiblich;;
24387;;Kerzenlicht;weiblich;;
24388;;Kermet;weiblich;;
24389;;Kerios;männlich;29;
24390;;Kenora;weiblich;;
24391;;Kendra-Rose;weiblich;35;https://www.facebook.com/KendraRoseOLeary
24392;;Ken-yu;weiblich;27;https://nikaryu.deviantart.com/
24393;;Ken Hidaka;weiblich;34;
24394;;Kemoruza;weiblich;;https://www.wattpad.com/user/Jelly-sama
24395;;Kelliss;weiblich;25;
24396;;Keldan;;;
24397;;Kela;;;
24398;;Kekzemonster;weiblich;30;https://twitter.com/MonsterKekz
24399;;Kekstroll;weiblich;;
24400;;Keksmonsta22;weiblich;;
24401;;Kekslama;weiblich;;
24402;;Kekskotelett;weiblich;;
24403;;Keksi-Senpai;weiblich;32;
24404;;Kekkun;weiblich;30;http://kekkun.deviantart.com/
24405;;Keisuke;;;
24406;;Kein Stress;weiblich;25;
24407;;Kein Held;;;
24408;;Keika;weiblich;31;
24409;;Keeva;weiblich;;
24410;;Keela;weiblich;33;
24411;;Kedo;weiblich;23;
24412;;Kazumi;weiblich;;
24413;;Kaze no Gaara;männlich;32;http://www.ex-li.de/
24414;;Kaylight;weiblich;23;
24415;;Kayla64;divers;;
24416;;Kaya-Sivana;weiblich;;
24417;;KaworuKun;männlich;37;
24418;;Kaugummiastronaut;weiblich;;
24419;;Katzenminze;weiblich;38;
24420;;Katzenauge95;weiblich;28;
24421;;Katue;weiblich;;
24422;;Kattinka;weiblich;31;
24423;;Katta Lemur;;;
24424;;Katniss1999;weiblich;;
24425;;Katleena;weiblich;;
24426;;Katja;;;
24427;;Katiskywalker;weiblich;;
24428;;Katina;weiblich;35;
24429;;Katielein;;;http://blackcherryx.square7.ch
24430;;Katie Stoll;weiblich;27;
24431;;KatiB;weiblich;26;
24432;;Kati Hibou;;;
24433;;Kathrin111;weiblich;30;
24434;;Kathreptis;;;
24435;;Kathaaa;weiblich;27;
24436;;Katha-Chan;weiblich;;
24437;;Katha the cat;weiblich;27;http://server1.lunafabula.de/index.php?page=register&pid=25309
24438;;Katem Balboa;weiblich;28;http://magical-circus.yooco.de/
24439;;Katarina;;;
24440;;Kataklysmus;männlich;27;
24441;;KatBerry;weiblich;;
24442;;Kassy;weiblich;32;
24443;;Kasi;;;
24444;;Kasai Kemono;männlich;27;https://www.facebook.com/profile.php?id=100004285607015
24445;;Karussell;;24;
24446;;Kartoshka;;;
24447;;Karthago;;;
24448;;Karpf13;;;
24449;;Karnisoner;;;
24450;;Karitof;;;
24451;;Karategnu3000;weiblich;40;
24452;;Karasu-chaan;weiblich;25;
24453;;Kara Silver;weiblich;;https://belletristica.com/de/users/11626-kara-silver#profile
24454;;Kaputtes Kind x3;weiblich;;
24455;;Kansa;weiblich;26;
24456;;Kanna-chan;weiblich;26;https://www.youtube.com/channel/UC25WLVDiB41ihz8iWezs62w
24457;;Kanema;;;
24458;;Kamilue;männlich;30;
24459;;Kamikihana;weiblich;;
24460;;Kamijo-Girl;weiblich;30;
24461;;Kalypso;;;
24462;;Kaltblut;männlich;30;
24463;;Kaleigh Swizzle;weiblich;;
24464;;Kalatas;;30;
24465;;Kaktuskuss;weiblich;32;
24466;;Kakashi-Hatake;männlich;24;
24467;;KakaoTime;;;
24468;;Kajen McNamara;weiblich;;
24469;;Kaito Jeanne;weiblich;29;
24470;;Kaisa;weiblich;25;https://kaisaswelt.blogspot.com/
24471;;Kailyn;weiblich;;
24472;;Kai-ponders;divers;25;
24473;;Kah Punkt;;;https://archiveofourown.org/users/Kritty/pseuds/Kritty/works
24474;;Kagome-san;weiblich;;
24475;;Kagirinai;;26;
24476;;Kagashi;;;
24477;;KaffeeFee;weiblich;;
24478;;Kaffee und Keks;weiblich;36;
24479;;Kafei;männlich;35;
24480;;Kaetzchen89;weiblich;35;
24481;;Kaepten-K;männlich;60;
24482;;Kaelicy;weiblich;21;
24483;;Kaeferchen1996;weiblich;28;
24484;;Kadlin Mallet;;30;https://linktr.ee/Kadlin_Mallet
24485;;Kademlia;weiblich;25;
24486;;Kabuki Demon;;;
24487;;Kabarylia;weiblich;34;
24488;;Kaalic Lay;weiblich;;https://belletristica.com/de/users/20129-winterelfe
24489;;KaDDa89;weiblich;;
24490;;KTg;männlich;;
24491;;KKlever;weiblich;;
24492;;KIRIPI;weiblich;24;
24493;;KG89;;;
24494;;K2K;männlich;33;
24495;;K1WI;männlich;;
24496;;K-haosprinzessin;weiblich;31;
24497;;K-Na-IV;;27;
24498;;K-J;weiblich;31;
24499;;K T Argento;;;https://belletristica.com/de/users/1218-k-t-argento#profile
24500;;K S van de Pol;;44;
24501;;Juwi;weiblich;;
24502;;Juvenillia;weiblich;;
24503;;Justitia;weiblich;30;http://climb-the-barricade.tumblr.com/
24504;;JustThanks;weiblich;23;
24505;;JustSaid;weiblich;;
24506;;JustRyu;weiblich;25;
24507;;JustReader;weiblich;;
24508;;JustMysticalLailaps;;;
24509;;JustLikeAButterfly;;;
24510;;JustKate;weiblich;;https://www.youtube.com/channel/UC9uC0771xLc4wNWtfVpRFMQ
24511;;JustJess;weiblich;25;
24512;;Jusatsu;männlich;34;
24513;;Jusan;weiblich;;http://dr-tinyfox.deviantart.com/
24514;;Jurevi;;;
24515;;Jurassic-girl05;weiblich;19;
24516;;Juniper27;weiblich;;
24517;;Juneiru;weiblich;;
24518;;June11;weiblich;24;
24519;;Juna12;weiblich;;
24520;;Julyn;weiblich;24;
24521;;July Summer;weiblich;;
24522;;Julsel;männlich;;
24523;;JulieCaro;weiblich;;
24524;;Julichris;weiblich;37;
24525;;Julian Hummel;männlich;;
24526;;Julia266;;29;
24527;;Julia Austen;weiblich;;
24528;;JuliHil;;;
24529;;Julfee;weiblich;;
24530;;JulesCorner;weiblich;;https://www.youtube.com/c/JulesCorners
24531;;Jules982;weiblich;26;
24532;;Julax;;;
24533;;Juky Kuro no Hoshi;;;
24534;;JujuSmiley;weiblich;;
24535;;Judylike;weiblich;;
24536;;Judy-Sunshine;weiblich;;
24537;;Ju Ju;weiblich;26;
24538;;Joy22;weiblich;26;
24539;;JourneyJohnny;weiblich;38;
24540;;Josie Malfoy;weiblich;31;
24541;;Josephine Weasley;;;
24542;;Josch96;;;
24543;;Jonnie di Angelo;männlich;24;
24544;;Jona;;;
24545;;Jolly Aury;weiblich;;
24546;;Jojooo93;weiblich;;
24547;;Jojodaydreamer02;weiblich;22;
24548;;Jojo10;;;
24549;;Johan Liebert;;;
24550;;JoeyJenn;weiblich;;
24551;;Joe King;männlich;25;
24552;;Joco;weiblich;;
24553;;Jocelyn;weiblich;33;
24554;;Jobi;;;
24555;;Joanne M Delany;weiblich;37;
24556;;Joan Quade;;;https://schreibtage.wordpress.com
24557;;Joan;weiblich;30;
24558;;JoJo - JoJo - JoJo;weiblich;;
24559;;JoJo;weiblich;33;
24560;;Jo de Bry;weiblich;34;
24561;;Jo Steglitz;weiblich;;
24562;;Jna;männlich;30;
24563;;Jiu;;;
24564;;JisbonNina;weiblich;;http://caskettmylife.tumblr.com/
24565;;Jisane;;;
24566;;Jinny;weiblich;25;https://www.wattpad.com/user/JinnieMollig
24567;;Jincess;;;
24568;;Jin-Daimen;weiblich;30;
24569;;Jimmey;männlich;27;
24570;;JibunJishin;weiblich;34;
24571;;Jhonnovan;männlich;;
24572;;Jhibril;;27;http://www.wattpad.com/user/Jhibril
24573;;Jeyme;weiblich;;
24574;;Jey Ria;weiblich;;
24575;;Jewel809;;;
24576;;Jet;weiblich;;
24577;;Jesus of Suburbia;weiblich;30;
24578;;Jestyll;divers;22;
24579;;Jeskah;weiblich;;
24580;;Jersey-Girl-is-Jamie;weiblich;;
24581;;Jerry Kruemel- Koks;;;
24582;;Jensensfreckles;;;
24583;;Jensch88;weiblich;;
24584;;Jennyfer;weiblich;34;
24585;;Jennifer Hasse;weiblich;26;
24586;;Jennifer;weiblich;;
24587;;Jen2396;weiblich;;
24588;;JellalNeko;weiblich;27;
24589;;Jei-JenBlackMcGregor;weiblich;28;
24590;;JeeperL;;;
24591;;JeeEffEm;;;
24592;;JeannyWeasley;weiblich;24;
24593;;Jeanna Krasivaja;weiblich;28;
24594;;JazzinTown;weiblich;18;
24595;;Jazzilein;weiblich;28;https://twitter.com/DieJazzilein
24596;;Jazz-K;weiblich;24;
24597;;Jazz Soul91;männlich;32;
24598;;Jay Bee;männlich;28;
24599;;Jason Voorhees;divers;31;
24600;;Jasmin Jeopardy;weiblich;29;
24601;;Jarnnon;weiblich;;
24602;;Jarina Rerum;weiblich;32;https://jarerum.jimdo.com/
24603;;Janzi Lyn;weiblich;;
24604;;Janzi;weiblich;;
24605;;January;weiblich;31;
24606;;Janni;weiblich;31;
24607;;Janme;weiblich;;
24608;;Janizz;weiblich;26;
24609;;Jani Chijou;;;
24610;;JaneDou;weiblich;26;
24611;;Jane Eyre;;;
24612;;Janael;weiblich;;
24613;;JanadieBanana;;;
24614;;JanaMoon;weiblich;28;
24615;;Jana-aka-Alice;weiblich;26;https://www.fanfiction.net/u/4586188/
24616;;Jamie17;weiblich;24;
24617;;James Sirius Potter;;;
24618;;Jalieza;weiblich;34;http://koukainonaijinsei.wordpress.com
24619;;Jaky;weiblich;;
24620;;Jakos Kartoffelsalat;weiblich;;https://twitter.com/_kajawu_
24621;;Jakoisokay;divers;;
24622;;Jaja44;weiblich;33;
24623;;Jai-tue-ma-mere;weiblich;;
24624;;Jagome;weiblich;;
24625;;Jag;weiblich;;
24626;;Jadeherz;weiblich;24;
24627;;Jacqie;weiblich;26;https://www.instagram.com/planlose.kunst/
24628;;Jacopo;männlich;35;
24629;;Jaco Silverstone;;;
24630;;JackysTime;weiblich;26;
24631;;JackyFragility;weiblich;31;
24632;;Jacky Aliit;weiblich;26;
24633;;JackSharks;männlich;;
24634;;Jack Phoenix;männlich;;
24635;;Ja-Na;weiblich;;
24636;;JULO 44;;;
24637;;JRHElixa;weiblich;;
24638;;JMNT;weiblich;;
24639;;JLWG;männlich;26;
24640;;JJme;;27;
24641;;JJ2008;weiblich;;
24642;;JEDER;;;
24643;;JAKOzZ;männlich;33;
24644;;J0HNNY;männlich;;
24645;;J-Leia;weiblich;;
24646;;Izzy Sophie;weiblich;23;
24647;;IzanamiKei;weiblich;30;
24648;;Ivaya;weiblich;;
24649;;Iurji;weiblich;31;
24650;;ItzIsi;weiblich;23;https://www.youtube.com/channel/UClpVqpke5CvMyTEgyR2QYxA
24651;;Itsuka;weiblich;28;
24652;;ItoHina;weiblich;;
24653;;Ita;;;
24654;;Isolia Yana;weiblich;32;
24655;;Ismael;männlich;29;
24656;;Islingir;männlich;;
24657;;Iselda2804;weiblich;38;
24658;;IsanaYashiro;männlich;32;
24659;;Isana;weiblich;38;
24660;;Isamiasaki;weiblich;24;https://belletristica.com/de/author/2325
24661;;Isamenot;weiblich;;
24662;;Isalovelyreadingtime;weiblich;;
24663;;Isalena;;;
24664;;Isahra Greene;weiblich;;
24665;;Irrwisch;;;
24666;;Iroo;männlich;109;
24667;;Irisaka;weiblich;;
24668;;Irgendeiner;;;
24669;;InvisibleShadow;weiblich;;
24670;;Invisible Live;weiblich;;
24671;;Invenustus;männlich;35;
24672;;Interferon;;;
24673;;InsciaEloquentiae;weiblich;;
24674;;Insanity;weiblich;29;http://lone-insane-wolf.tumblr.com/
24675;;Inolein;weiblich;33;
24676;;Innocence;;;
24677;;Inkubus;männlich;34;
24678;;Inkognito97;weiblich;;https://www.wattpad.com/user/Inkognito97
24679;;Inkandpaper;;;
24680;;Ink Floyd;;;
24681;;Ink Bird;weiblich;;
24682;;Infragirl;weiblich;40;http://infragirl.blogspot.de/
24683;;Infinitum stellarum;;;
24684;;Infinitas;weiblich;32;
24685;;Inessa;weiblich;53;
24686;;InesMueller;weiblich;31;http://gewaltigeweltderbuecher.blogspot.com/
24687;;Indiechao;weiblich;;
24688;;Indieana;weiblich;;
24689;;Incredible1;weiblich;;
24690;;InVinoVeritas;weiblich;;
24691;;InMemoriam;weiblich;37;
24692;;InLoveWithLife;weiblich;;
24693;;Imre;weiblich;;
24694;;Imogen;weiblich;25;https://twitter.com/NichtJankowski
24695;;ImmortalOddLover;weiblich;31;
24696;;Imjavogol;männlich;;
24697;;Imiak;weiblich;34;
24698;;Imala;weiblich;31;
24699;;Ilovemusic7;;;
24700;;Illyria;weiblich;;
24701;;Illien;;;http://illien.de.tl/Home.htm
24702;;Il Re dei Ladri;weiblich;32;https://www.amazon.de/dp/B096SPFV2V
24703;;Ikarus;;;
24704;;Iguanamaid;weiblich;29;
24705;;IgorGe;männlich;40;http://www.igorgeist.de
24706;;Ida Svensson;;;
24707;;Ida Malina;;;
24708;;IcyLightGuardian;weiblich;28;
24709;;IchigoKitten;;;
24710;;Ich und so;;;
24711;;Ich und Er;männlich;27;
24712;;Ich denke vieleicht;;;
24713;;Ich bin eine Hexe;divers;24;
24714;;Icendur;männlich;25;http://icendur.deviantart.com/
24715;;Iced-Eyes;männlich;35;https://www.facebook.com/TexteFuerHerzUndVerstand
24716;;IceCheetah;weiblich;27;https://twitter.com/IceCheetah10
24717;;IceCat;weiblich;;
24718;;IceBluemchen;weiblich;42;http://icebluemchen.4lima.de/
24719;;Icarus;weiblich;;
24720;;Iben;weiblich;26;
24721;;Ian Liebkind;männlich;;
24722;;IamUnbreakable;weiblich;28;http://www.myfanfiction.de/profile/IamUnbreakable?sid=6lf5ojv4cipobu4ar4t47si8b3
24723;;Iadala;weiblich;25;
24724;;IKY;weiblich;27;
24725;;IGingerNinja;weiblich;;
24726;;I said I am Nobody;;;
24727;;I am not okay;;;
24728;;I am not Zorro;;;
24729;;I am T;weiblich;22;http://t.hat-gar-keine-homepage.de/
24730;;I am MySelF;weiblich;30;
24731;;Hyoubu;weiblich;24;http://mahiro12.deviantart.com/
24732;;Hydra;;;
24733;;Hybie;weiblich;34;http://de.youtube.com/user/HybieT
24734;;Hurt;männlich;29;
24735;;Humans Echo;;;
24736;;HumanBehaviour;weiblich;32;
24737;;Huichen;weiblich;33;
24738;;HufflepuffMuecke;weiblich;;
24739;;Hueppie;;;
24740;;Huebenthal;männlich;18;
24741;;HouseOfGucci;weiblich;32;
24742;;Hotte;weiblich;;https://karin-schweiger.de
24743;;Hopy1x2y;männlich;59;
24744;;Hoppelgnouf;männlich;37;
24745;;Hopemare;weiblich;30;
24746;;Hopeful;weiblich;;
24747;;Hope95;weiblich;;
24748;;Honora;weiblich;;
24749;;Honignebel;;;
24750;;Honigmotte;weiblich;31;
24751;;Honigmelone;weiblich;27;http://honeymelon01.deviantart.com/
24752;;Honigbiene;weiblich;;
24753;;HoneyxCaramel;weiblich;24;
24754;;HoneyEvenLikeHoney;weiblich;;
24755;;Honey66;;29;
24756;;Honeey;weiblich;;
24757;;Homeforme;;;
24758;;Holzritter;männlich;31;
24759;;Holzhoff;;;
24760;;Holy Vampire;weiblich;32;http://www.myblog.de/omlet
24761;;Holundersirup;;;
24762;;Holunder;;21;
24763;;HoliBird;weiblich;;
24764;;HobbitK;weiblich;25;
24765;;Hlin;weiblich;36;
24766;;Hitwoman;weiblich;;
24767;;Hitti02;weiblich;22;https://www.instagram.com/being.creat.ive/?hl=en
24768;;Hitomi Shou;weiblich;;
24769;;Hitokage;männlich;29;
24770;;HisEpicOne;;;
24771;;HippyBarbie;weiblich;29;
24772;;Hinterausgang;weiblich;35;
24773;;Himmelskristall;;;http://himmelskristall.hat-gar-keine-homepage.de/
24774;;Himmelsfee;weiblich;;
24775;;Himmelherz27;weiblich;;
24776;;Himitzuchan;;;
24777;;Himekeks;weiblich;;
24778;;HimeAsakura;weiblich;24;http://hime.asakura.hat-gar-keine-homepage.de/
24779;;HimbeerPirat;weiblich;27;
24780;;HikarukunOwO;männlich;22;
24781;;HikariHidatichi;weiblich;;http://ask.fm/HikaHida
24782;;Hikari-chan1;weiblich;32;
24783;;Hikari D Tenshi;weiblich;34;http://schreibteufelchen.jimdo.com/
24784;;Hijas de la luna;weiblich;;
24785;;Hiiri;weiblich;;
24786;;Higurashi;;;
24787;;Hidan the AkaBaka;weiblich;;
24788;;Hibiskus;weiblich;;
24789;;HiDu;weiblich;;
24790;;Hi my name is Lola;weiblich;;
24791;;Hexxe;weiblich;30;
24792;;HessesDemian;;;
24793;;Herzkopfueber;weiblich;28;
24794;;HerzCookie;männlich;22;
24795;;Herr der Diebe;;21;
24796;;Herr Helgor;weiblich;31;
24797;;Hero13;;25;
24798;;Hero;weiblich;24;
24799;;Hermine203;weiblich;29;
24800;;Herbstbluete;weiblich;30;
24801;;Henry C Nitska;männlich;37;http://henry.hat-gar-keine-homepage.de/
24802;;Henri1421;männlich;24;
24803;;HennyofHeaven;weiblich;25;
24804;;Hellflower;weiblich;;
24805;;HellDoctor;weiblich;;
24806;;Helena96;weiblich;;
24807;;HeldenFuerEinenTag;weiblich;25;
24808;;HekateVonHeyde;;;
24809;;HeikoX;männlich;58;
24810;;Hearts on Fire;männlich;35;
24811;;HeartOfHeaven;weiblich;;
24812;;Headshotgames12;männlich;21;
24813;;HeadandHeelsHigh;weiblich;29;
24814;;Hazze629;weiblich;32;
24815;;Hazelxxx;;;
24816;;Hazel Eyes;;;
24817;;Hayli;weiblich;29;
24818;;HayleySpencer;weiblich;;
24819;;Hayden;weiblich;;
24820;;Hauke;;;
24821;;Haubi01;männlich;30;
24822;;HattersMadGirl;weiblich;;http://www.fanpop.com/fans/HattersMadGirl
24823;;Hatshepsut;weiblich;;
24824;;Hatschi21;weiblich;;
24825;;Hashiramasama;männlich;28;https://www.facebook.com/jaison.wayne?fref=ts
24826;;Harusame;weiblich;;
24827;;HarukaHanayami;;;https://www.wattpad.com/user/eldri_sv
24828;;Harrys Liebling;weiblich;32;
24829;;HarryJamesPotter;;;https://www.facebook.com/HarryJamespotter-120037251862481/?fref=ts
24830;;Harry james Kuchen;männlich;18;
24831;;Harrrlekin;;;
24832;;HappyproductionsCG;weiblich;32;
24833;;HappySunshine;weiblich;25;
24834;;Hantaywee;;;
24835;;Hanny;weiblich;23;http://hanny.hat-gar-keine-homepage.de/
24836;;Hanni x3;weiblich;24;
24837;;Hannaloveswriting;;;
24838;;HannaBanana;weiblich;;
24839;;Hanna LJ;weiblich;31;
24840;;Hanna;weiblich;;
24841;;HaloFulbright;weiblich;;
24842;;Hally;weiblich;29;
24843;;HaliaeetusAlbicilla;;;
24844;;Halbblut Nerdy;weiblich;35;https://halbblutnerdy.wordpress.com/
24845;;HakunaMatata17;;;
24846;;Haiki;männlich;;
24847;;Hafer;männlich;;
24848;;Haekelschwein;weiblich;27;
24849;;HaRuKa-cHaN;weiblich;27;
24850;;HIBSDAMOC;weiblich;25;
24851;;H e l e n a;divers;;https://archiveofourown.org/users/RagingByesexual
24852;;H J White;;;http://hjwhite.de/
24853;;Gynchen;weiblich;26;
24854;;Gwynplaine;weiblich;38;
24855;;Gwin Chana;weiblich;;
24856;;GwennyPotter;weiblich;;
24857;;Gwenny;weiblich;34;
24858;;Gwendolyn Gyda;weiblich;27;
24859;;Gvine;weiblich;32;
24860;;Guuren-Chan;weiblich;31;
24861;;Gummibaerchin;;;
24862;;Gulasch;weiblich;;
24863;;Guen91;weiblich;32;
24864;;GrumpyMoon0815;;;
24865;;GrueneZora;weiblich;30;
24866;;Gruene Lilie;;;
24867;;Grinsekatze--;weiblich;29;
24868;;Grinsekatze 2;;;
24869;;Grillfisch94;weiblich;30;
24870;;Grigiolina;weiblich;;
24871;;GriffKillsMe;weiblich;27;
24872;;Gribouilleur;;;
24873;;Grenouille;;;
24874;;Greenleaf;weiblich;;
24875;;GreenFlash;weiblich;22;
24876;;Greel;männlich;;
24877;;Greafy;weiblich;33;https://www.instagram.com/newcamerastar/
24878;;GreNadinechen;;;
24879;;GrayishLavender;;38;https://popcorninspace.tumblr.com/
24880;;Grauherz99;weiblich;25;
24881;;GrandoInsano;männlich;;
24882;;GrandZAP;männlich;30;http://zapgeneration.deviantart.com/
24883;;Graldian;;24;
24884;;Graf Zahl XIII;männlich;31;
24885;;Gothic-Elfe;weiblich;32;
24886;;GorgeousFan;;;
24887;;GoodNightNobody;weiblich;34;
24888;;Gonni;weiblich;;
24889;;Goldskara;weiblich;26;https://www.instagram.com/goldskara/?hl=de
24890;;GoldCatLady;weiblich;26;
24891;;GoingForTheBigBugs;männlich;31;
24892;;Goddessofdestruction;weiblich;17;
24893;;Glueckskeks;;;
24894;;GloriousAss;;;
24895;;Globus;weiblich;;
24896;;Glitzerwelt;;;
24897;;Glitzerfrikadelle95;weiblich;;
24898;;GlindaTheGood;weiblich;28;
24899;;Glim;weiblich;29;
24900;;Glaswelt;weiblich;;
24901;;Glastaenzerin;;;
24902;;Glasschimmer;;;
24903;;Glasperlentaenzerin;weiblich;24;
24904;;GlasFluegel;weiblich;;
24905;;Glaedrlein;weiblich;29;
24906;;Gizzy;weiblich;36;
24907;;GirlWhoWritesStories;;;
24908;;Gintomi;;;
24909;;Ginger Snaps;;;
24910;;Ginara;;;
24911;;GinRaki;;27;http://ginraki.blogspot.de/
24912;;GinDoe;;;https://heatherchii.wordpress.com/
24913;;Gilwen;weiblich;;
24914;;Gileth;divers;29;
24915;;GhostyRaven;;;
24916;;Ghostfacer;;;
24917;;Ghost17;weiblich;;
24918;;Gewittermond;weiblich;16;https://www.wattpad.com/user/SparkleyBluemoon
24919;;Geschichtsfan001;weiblich;24;
24920;;Geschichtenzauberin;weiblich;27;
24921;;Geschichtentante;weiblich;;
24922;;Geschichtensuchti;;;
24923;;Geschichtenschmied;männlich;;
24924;;Gesa xo;weiblich;;
24925;;GermanLady;;;
24926;;Gerken-Autorin;weiblich;;http://twitter.com/gerken_autorin
24927;;GerBlackCat;;;
24928;;Genschinken;;;
24929;;General Anubis;;33;
24930;;GelberSchmetterling;weiblich;;https://gelberschmetterling.wordpress.com/
24931;;Geistermaske;weiblich;37;http://geistermaske.deviantart.com/
24932;;Geisterkater;weiblich;27;https://www.story.one/de/author-detail/
24933;;Geist;weiblich;;
24934;;Gegenwind;weiblich;27;https://archiveofourown.org/users/Gegenwind/pseuds/Gegenwind
24935;;Gefion;weiblich;;
24936;;Gefallener Angel;weiblich;41;http://www.facebook.com/BieneAngel
24937;;GeezAiden;männlich;;
24938;;Gedankenspielerin;;;
24939;;Gedankengarten;weiblich;26;
24940;;Gedankenchaotin;weiblich;;https://twitter.com/gedankencha0tin
24941;;Gay-Girl;;32;
24942;;GanondorfDragmiere;;36;
24943;;GamingArtFox;weiblich;;https://gamingartfox.wixsite.com/blue-jay-storys
24944;;Gamerweibchen;;34;
24945;;Galaxy of my Mind;männlich;;
24946;;Gajevy;weiblich;23;
24947;;Gaenseblume;weiblich;23;
24948;;GH0STWR1T3R;männlich;;
24949;;GEr dude;männlich;30;
24950;;GDJT;;;
24951;;G a r r y;;;
24952;;Fy Faen;männlich;21;
24953;;Fuxich;;;http://www.fuxich.com
24954;;Fusels;;;
24955;;Furiko;;;
24956;;FunnyBunny;weiblich;39;
24957;;Funky Actress;weiblich;34;http://doctorfanny.tumblr.com/
24958;;Fulmaire;weiblich;;
24959;;FullmoonShadow;;30;https://fullmoonshadowwrites.tumblr.com
24960;;FullMoonRose;weiblich;;
24961;;Fujouri;;;
24962;;Fuin;weiblich;;
24963;;Fuenkchen;weiblich;32;
24964;;Fuchsschatten;;28;
24965;;Fuchskreuzkraut;weiblich;23;
24966;;Fuchsfalter;weiblich;32;
24967;;Fryza;weiblich;19;
24968;;Fruitycube;männlich;;
24969;;Fruehschlaeferin;weiblich;26;
24970;;Fruchtzwerg 95;;;
24971;;FrozenStar;weiblich;;
24972;;FrozenChocolate;weiblich;25;
24973;;FrozenArrow;;;
24974;;Frozen Fire;weiblich;24;
24975;;Frosch;;;
24976;;Froody;weiblich;32;
24977;;Fronz-Tec;männlich;;
24978;;FroZnShiva;;;http://froznshiva.deviantart.com
24979;;FroZenBlood;;;
24980;;Fritzi;weiblich;23;
24981;;Friene;;;
24982;;FriendsOnTour;;;
24983;;Friedhofsbraut;;30;
24984;;FriedensTaube00;weiblich;23;
24985;;Frida the fry;weiblich;;
24986;;Fricai;männlich;33;
24987;;Freya JP;weiblich;26;
24988;;FreshLemon;weiblich;27;
24989;;Frerin;divers;27;https://transfrerin.tumblr.com/
24990;;Frenchie;weiblich;28;
24991;;FreeSpirit;;25;
24992;;FreeMeansFree;weiblich;24;
24993;;Fred-Frankenstein;männlich;26;
24994;;Frawst;weiblich;;
24995;;FrauZwerg11;weiblich;;
24996;;FrauPadawan;weiblich;35;http://katharinawinterfeld.wordpress.com
24997;;FrauFelsenheimer;weiblich;;
24998;;FrauDraxler;weiblich;;
24999;;Frasi;weiblich;;
25000;;Franzi112;weiblich;;
25001;;Frances;weiblich;;
25002;;Fragment-of-time;weiblich;28;
25003;;FraMaEinhorn;weiblich;;
25004;;Foxyberry;weiblich;21;
25005;;Foxy2916;weiblich;;
25006;;FoxHeart;männlich;40;
25007;;Fortuna Fantastica;weiblich;29;
25008;;FortisLudens;;;
25009;;ForbiddenKey;weiblich;;
25010;;Fn-21;männlich;;
25011;;FlyingFara;weiblich;39;
25012;;FlyingDutchmen;;;
25013;;Flying Violetta;weiblich;;
25014;;Fly19;weiblich;31;
25015;;Fluegel;weiblich;30;
25016;;Flowergirl007;weiblich;;
25017;;FlowerFaeJules;weiblich;27;
25018;;Flower-girl;weiblich;;
25019;;Florella;weiblich;;
25020;;Florance;weiblich;29;
25021;;Flockenschauer;weiblich;;
25022;;Fliss;;;
25023;;Flinx;weiblich;;
25024;;FliederJen;;;
25025;;Flexki;weiblich;30;
25026;;Fleischkeule;weiblich;;
25027;;Fleisch-Blut-Tod;weiblich;;
25028;;FleDacula;weiblich;39;
25029;;Flavos;;;
25030;;Flaves;;;
25031;;Flammennacht;weiblich;;http://flammennacht.hat-gar-keine-homepage.de
25032;;Flammenlilie;weiblich;25;
25033;;Flammenklinge;weiblich;;
25034;;Flammenblatt;weiblich;;
25035;;FlamingRose;weiblich;25;
25036;;Flamelight;weiblich;28;
25037;;Flachweltmeister;männlich;;
25038;;Fishpower;;;
25039;;Fishcat;weiblich;;
25040;;Fish;männlich;;
25041;;Fironboy;;;
25042;;Firetime;weiblich;;
25043;;FireTree;weiblich;23;
25044;;Fire Angel;weiblich;;http://myfanfictionworld.npage.de/
25045;;Fiornin;divers;;
25046;;FionaM;weiblich;28;
25047;;Fiomymi;divers;24;https://fiomymi.carrd.co/
25048;;Finsterlord;männlich;29;
25049;;FinnsMaMa;weiblich;34;
25050;;Finnbogi;;;
25051;;Finn Valentine;weiblich;31;http://worst-nightmare333.deviantart.com/
25052;;Finn;;38;
25053;;Findusthecat;weiblich;25;https://twitter.com/KatzeFindus
25054;;Findelkind;weiblich;;
25055;;Fina181907;weiblich;;
25056;;Fiktioner29;weiblich;24;
25057;;FighterBitch;weiblich;25;
25058;;Fifi98;weiblich;26;
25059;;Fieswurm;weiblich;31;
25060;;Feychan;weiblich;29;http://www.youtube.com/user/LunaLooify
25061;;Feuersaphir;weiblich;27;
25062;;Feuerpfoetchen;weiblich;;
25063;;Feuerlocke;weiblich;;
25064;;Feuerfalke;männlich;24;
25065;;Fesylie;weiblich;;
25066;;Fervent Crimson;;;
25067;;Ferry;weiblich;33;
25068;;Ferret;;;
25069;;Fenice Lestrange;weiblich;;
25070;;Feluja-Habbo;weiblich;;
25071;;Felsenhexe;;;
25072;;FelisSign;;;
25073;;Felijua;weiblich;32;
25074;;Felie;weiblich;34;
25075;;Felicia Londonberg;weiblich;30;
25076;;Felia92;weiblich;32;
25077;;FeliNyan;weiblich;29;https://www.facebook.com/FelisNyanPolska?ref=hl
25078;;Feja-Anime;weiblich;;
25079;;Feeroxi;weiblich;34;
25080;;FeelTheLove;;;
25081;;Federtraum;weiblich;33;
25082;;Federschwinger;;;
25083;;Federpoet;weiblich;35;
25084;;Federleicht;weiblich;25;https://www.wattpad.com/user/DearMrDarcy
25085;;Federkindchen;weiblich;29;
25086;;Federhalter02;männlich;22;
25087;;FeatherInTheSky;weiblich;28;
25088;;Fearless Angel;weiblich;24;
25089;;Feael Silmarien;weiblich;34;https://die-schreibtechnikerin.de/
25090;;Faust Mirabell;;;
25091;;FatefulCoincidence;weiblich;;
25092;;Fat Cat Division;weiblich;;
25093;;Farytale1409;weiblich;29;
25094;;Farnherz;weiblich;25;https://www.facebook.com/pages/Farnherz/1067219429959145?ref=aymt_homepage_panel
25095;;Farfarello;;35;
25096;;Farasch;weiblich;;
25097;;Fara ThoRn;weiblich;38;
25098;;Fanya;;;
25099;;Fantasywelt;;;
25100;;Fantasy239;männlich;;
25101;;Fantasy Dragon;weiblich;;
25102;;FantasiaBiene;weiblich;24;http://www.fantastikworldofbooks.blogspot.de/
25103;;FanorilAsaeh;;;
25104;;Fanny19;weiblich;28;
25105;;Fangschrecke;weiblich;;
25106;;Fanficlover;männlich;23;
25107;;Fancyhope;weiblich;;
25108;;Fanatiker007;weiblich;26;
25109;;Fanaion;weiblich;;
25110;;FallenLegacy;weiblich;28;
25111;;Fallen Dreams;weiblich;;
25112;;Falcon;weiblich;33;
25113;;FalaAltaira;weiblich;;
25114;;Faith and Fury;;;
25115;;FairyMizu;weiblich;27;
25116;;Fahrplan;;;
25117;;Fafnir8;weiblich;;
25118;;Facepalm;weiblich;27;
25119;;Faceblind;weiblich;31;
25120;;FaceOfBoe;weiblich;30;
25121;;Fable;weiblich;34;
25122;;Fabius Karabius;männlich;;https://www.flowcode.com/page/fk
25123;;Fabienchen;weiblich;36;
25124;;Fabia;weiblich;;
25125;;FabFab;;;
25126;;Faanny;weiblich;27;http://snakesgoethe.deviantart.com/
25127;;FThW;männlich;28;
25128;;FT-Otaku;weiblich;;
25129;;F-Aeffchen;weiblich;;
25130;;F i r e f l y;weiblich;;
25131;;EyreEdge;weiblich;14;
25132;;Exlibris;weiblich;31;
25133;;ExhaleHumanity;weiblich;;http://everyonelovesstorys.blogspot.co.at/
25134;;Ewal;weiblich;30;
25135;;Evylin;weiblich;;
25136;;Evrest;weiblich;;
25137;;Evoleinchen;weiblich;;
25138;;Evilsmile;;33;
25139;;EvilSide;weiblich;;
25140;;EvilShadowky;männlich;36;
25141;;EvilSam;weiblich;;
25142;;EvilCupcake;;31;
25143;;Evergreen-;weiblich;;
25144;;Everdeen;weiblich;;
25145;;Ever Dream;weiblich;;
25146;;Ever;weiblich;;
25147;;Evelyne;weiblich;32;
25148;;Evechen;weiblich;;
25149;;Eve-a Swartz;weiblich;29;
25150;;Eve Ellenberger;;;
25151;;Eutepere;;;
25152;;Euphorion;männlich;30;
25153;;Eulenpfote;weiblich;;
25154;;Eulenfreak;weiblich;;
25155;;Eularia;weiblich;;
25156;;Eudokya;weiblich;;
25157;;Eszter Nikolai;weiblich;27;
25158;;Estienne;weiblich;;
25159;;Essie;weiblich;;
25160;;Esme Francis;;;
25161;;Eslin;weiblich;27;
25162;;EsDaBa;;;
25163;;Erzaehlerstimme;;;https://erzaehlerstimme.wordpress.com/
25164;;Eruaphadriel;weiblich;34;
25165;;Error0815;;;https://www.youtube.com/watch?v=JkHGBJqDqwU
25166;;Erotha;männlich;;
25167;;Eros;;;
25168;;Ernelle;weiblich;;
25169;;Erlenkint;;;
25170;;Erika Karisawa;weiblich;;
25171;;Eressea;weiblich;;
25172;;Erdstaub;weiblich;33;
25173;;Erdbeermochi;weiblich;;
25174;;Erdbeermini;weiblich;;
25175;;Erdbeerkotze;weiblich;33;
25176;;ErdbeerAri;weiblich;;https://www.tumblr.com/blog/ariblossom
25177;;Eraanagon01;weiblich;25;
25178;;EponineBlotmath;;;
25179;;Eorindiel;weiblich;32;http://www.amazon.de/Sonnenkind-Bianca-Buchholz/dp/3867610746/ref=sr_1_1?ie=UTF8&s=books&qid=1275911474&sr=8-1
25180;;Eoline;;;
25181;;Ente;weiblich;33;
25182;;Entchen76;weiblich;;
25183;;Entchen19;weiblich;;
25184;;EnricoRiver;männlich;39;http://diewoelfedasforum.forumieren.com/forum
25185;;Enkidou;;;
25186;;Enjourdree;weiblich;;
25187;;Enjeru;weiblich;30;
25188;;Enilorac;weiblich;;
25189;;Enigmagh0st;;;https://www.instagram.com/enigmagh0st/?hl=de
25190;;EniDreams;weiblich;32;http://enidreams.blogspot.com
25191;;Englein;weiblich;;
25192;;Engelselfe;weiblich;;https://tippen-und-kippen.blogspot.com/
25193;;EngelTod;;27;http://elfenjjj.deviantart.com/
25194;;EngelHaySabi;weiblich;;
25195;;Engel94;weiblich;30;
25196;;Engel der Hoelle;weiblich;35;
25197;;Engel Lilly;weiblich;31;
25198;;Endymion;männlich;;
25199;;Ender Wiggin;männlich;61;
25200;;End of Eden;weiblich;;
25201;;Enci Weg;weiblich;45;
25202;;EnbyPhoenix;;;
25203;;Enay;weiblich;34;
25204;;EmpireOfDirt;weiblich;27;
25205;;EmoNympha;weiblich;27;
25206;;Emmylou;weiblich;38;
25207;;EmmyFuchs;weiblich;23;
25208;;EmmelieErdbeer;;;
25209;;Emmelchen;weiblich;;
25210;;Emmchen;;9;
25211;;EmmaLisa;weiblich;27;
25212;;Emira Evans;weiblich;;
25213;;Emiliadre;;;
25214;;EmiliaJonesenJr;weiblich;;
25215;;Emiley;weiblich;;
25216;;Emerald;weiblich;;
25217;;EmelyThompson;weiblich;;https://www.wattpad.com/user/EmelyThompson
25218;;Elysian;;;
25219;;Elynia;weiblich;;
25220;;Elyanna;weiblich;;
25221;;Elvis Rotten;;;
25222;;Elverynel;weiblich;;
25223;;Eloquentia;weiblich;30;http://saffiundmacs.chapso.de
25224;;Eloona;weiblich;32;
25225;;Elohyn;weiblich;;http://elohyn.livejournal.com/
25226;;Elodie-Elegance;weiblich;;
25227;;EllySalvator;weiblich;25;
25228;;Ellucifer;weiblich;;
25229;;Ellis Ovis;weiblich;34;http://ellisovis.livejournal.com/
25230;;Ellionne;;;
25231;;Ellimode;weiblich;;
25232;;Ellilovesbooks;weiblich;14;
25233;;Elliebonsai;weiblich;31;
25234;;Elliantonella;weiblich;;https://www.rayofhope-pictures.de/
25235;;Elle Pauline;;;
25236;;Ellabella51;;;
25237;;Ella Storm;;;
25238;;Ella Ocean;weiblich;;https://archiveofourown.org/users/Ella_Ocean
25239;;Ella Brie Wulfes;weiblich;34;
25240;;ElizaS;weiblich;29;
25241;;Eliza Jaschniok;weiblich;25;
25242;;Elitia;weiblich;;
25243;;Elissa;weiblich;41;
25244;;Elise;weiblich;14;
25245;;Elinoria;weiblich;;
25246;;Eliane;weiblich;24;http://www.wattpad.com/user/ImAlica
25247;;Eliander;weiblich;;
25248;;Elgreco;männlich;;
25249;;Elfenbein;weiblich;32;
25250;;Elestial;;;
25251;;Elerina Helyanwe;weiblich;24;https://twitter.com/_Un_kreativ_
25252;;Elenor-Rohir;weiblich;;
25253;;Elennir Greenleaf;weiblich;;
25254;;Elenneth;weiblich;;
25255;;Elena1505;;;
25256;;Elena-chan;weiblich;;http://memento.yooco.de/
25257;;Elektrorizzard;;;
25258;;Elefantastische Jeon;;;
25259;;Elednor;weiblich;;
25260;;Eledin Blackwell;weiblich;23;https://www.wattpad.com/user/Strocolate
25261;;Eleanor Rigby;weiblich;28;http://ergeschichten.blogspot.com/
25262;;Eldalie;weiblich;;http://www.fanfiction.net/u/2673289/NeonBlackDecember
25263;;Elbin Raina;weiblich;;
25264;;Elaisa;weiblich;30;
25265;;ElHa;weiblich;28;
25266;;Eisenzahn;;;https://twitter.com/EisenzahnArts
25267;;Eisengrimm;weiblich;34;"https://m.facebook.com/eisengrimm/?ref_component=mbasic_bookmark&amp;amp;amp;ref_page=XMenuController"
25268;;EisCreme;;;
25269;;Eirine;weiblich;39;
25270;;Einzelkaempfer;männlich;30;
25271;;EinsamerWolf18;;;
25272;;Einhornprinzesschen;weiblich;;
25273;;Einhornbae;weiblich;21;
25274;;EinhornKaktus;;24;
25275;;Eine kleine Leuchte;;;
25276;;Eihpos032000;;;
25277;;EhlenaChan;weiblich;;
25278;;Egokeks Daj;weiblich;;
25279;;Effycient;weiblich;30;
25280;;Edith;;;
25281;;Edinia;weiblich;34;http://www.Teppichraupeontour.de
25282;;EdensWonderland;;;https://archiveofourown.org/users/EdensWonderland
25283;;EdenMorano;weiblich;38;http://eternal-lover.forumieren.de/
25284;;EdBlack;;;
25285;;Eckstein;männlich;27;
25286;;Echoschwinge;weiblich;24;
25287;;Echolot;;;
25288;;Echofarn;weiblich;;
25289;;Easyabovetheclouds;weiblich;;
25290;;Earthling;männlich;28;http://mutantenfisch.deviantart.com/
25291;;Earthbound;;;
25292;;Earl Grey;;29;
25293;;Ealdwine;;;
25294;;EagleVision1999;weiblich;;
25295;;Dysnomia;;;
25296;;Dynn;weiblich;31;
25297;;DylanThor;weiblich;;
25298;;DyIngNow;weiblich;23;
25299;;DustInMyMind;;;
25300;;DuskyBen;;25;
25301;;Dunkler Bote;männlich;;
25302;;Dunkelpfad;divers;15;
25303;;Dschungelpfote;männlich;;
25304;;Drummy;divers;26;
25305;;DreschaPatinsky;;;
25306;;Dreiwort;weiblich;;
25307;;Dreamstalker;weiblich;;
25308;;DreamsOfTomorrow;weiblich;25;
25309;;DreamingDormouse;weiblich;35;
25310;;DreamingChild;weiblich;;
25311;;Dreaming12;weiblich;;
25312;;DreamersGirl;weiblich;28;
25313;;Dreamerlovestory;weiblich;;
25314;;DreamerOfAFairytale;weiblich;26;
25315;;DreamerGabriel;männlich;30;
25316;;Dreamer5;weiblich;26;
25317;;Dreamer01;weiblich;20;
25318;;Dreamdanzer;weiblich;;
25319;;DreamBrownie;weiblich;26;https://archiveofourown.org/users/FrozenBrownie
25320;;Dream it do it;;25;
25321;;DreadyZ;weiblich;;
25322;;Drarrys Lintu;weiblich;33;https://www.epubli.de/shop/autor/Lina-Lintu/33077
25323;;Drama-Lama;weiblich;;
25324;;Drakonia;;22;
25325;;Dragonlady1876;weiblich;;
25326;;Dragonja;weiblich;;
25327;;Dragonis;männlich;57;
25328;;DragonThoughts;weiblich;;
25329;;Dragon Devil;weiblich;;
25330;;Dragomir;männlich;39;
25331;;DracoxD;weiblich;26;https://twitter.com/ThePotterRush
25332;;DracoLuciusMalfoy;weiblich;30;https://twitter.com/YviGu
25333;;Drachensternchen;weiblich;;
25334;;Drachenschnee;weiblich;32;
25335;;Drachenlicht;weiblich;22;
25336;;Drachenkatara;weiblich;28;
25337;;Drachenflamme;männlich;;
25338;;Dr Gonzo;weiblich;;
25339;;DownloadFailed;weiblich;26;
25340;;Dory;;;
25341;;Dorian Alexander;männlich;37;
25342;;Doreen peacefull;weiblich;19;
25343;;Dorea Eleonore Black;weiblich;37;
25344;;Doragongaru;weiblich;29;http://eragon-time-of-the-dragonriders.xobor.de/
25345;;DontNod;;;
25346;;DontCallItSchnitzel;weiblich;36;
25347;;Donnfindel;;;
25348;;Dondon09;weiblich;28;http://dondon09.deviantart.com/
25349;;DominusWriting;männlich;31;
25350;;Dolphins Area;;35;
25351;;Dolphindreamer2709;weiblich;;
25352;;Dolphin95;weiblich;;
25353;;Dollface-Quinn;;;
25354;;DoktorPsycho;männlich;;
25355;;Dog478;weiblich;;
25356;;Dodas van Vogeltal;männlich;33;
25357;;Dodania;;;
25358;;Dociuscan;weiblich;34;
25359;;DocKnod;weiblich;30;
25360;;Djinn;männlich;;
25361;;Diversity94;männlich;;https://nickslenses.tumblr.com/
25362;;Divanmanor;männlich;29;
25363;;DisziplinloserEngel;weiblich;32;
25364;;DistantOcean;weiblich;27;http://ich-hab-gar-keine.de
25365;;DissapearingLove;;;
25366;;Disqua;weiblich;38;https://twitter.com/Disquaku/
25367;;Discordia19;weiblich;32;
25368;;DirtyAngel;weiblich;;
25369;;Dirk;;;
25370;;Direct;;;
25371;;Dingsii;weiblich;;
25372;;Dingo;weiblich;;
25373;;Dingens;weiblich;;
25374;;Dimkas-girl;weiblich;;
25375;;Dimitrij;;;
25376;;Dietmar Hermann;;29;
25377;;DieneueLeserin;;;
25378;;DieVergammelten;weiblich;;
25379;;DieTraeumerin;weiblich;29;
25380;;DieSehnsucht;;;
25381;;DieSchaennieh;weiblich;37;
25382;;DieFroschkoenigin;weiblich;;
25383;;Die Evans;weiblich;33;
25384;;Die Bibliothekarin;weiblich;;
25385;;Didileini;weiblich;33;
25386;;Dibbii;weiblich;32;
25387;;Diavolus;;;
25388;;Diaryan;männlich;33;
25389;;Diane;weiblich;27;
25390;;Diana Mary Montrose;weiblich;;
25391;;Diamantenkind;weiblich;;
25392;;Diamandwolf;weiblich;25;https://www.instagram.com/shincorazon24/
25393;;Di Roy;weiblich;29;http://arkadij-lew.deviantart.com/
25394;;Dhyani;männlich;53;
25395;;Dhairya94;;30;
25396;;Deyja;weiblich;34;
25397;;Dexanius;männlich;32;http://dexanius.tumblr.com/
25398;;DeviousFool;weiblich;;
25399;;Devil-Of-Legacy;weiblich;42;http://www.facebook.com/LegacysDevil
25400;;Deverless;männlich;;https://deverless.weebly.com
25401;;Develope;weiblich;;
25402;;Destiny of Grey;weiblich;;http://example.com
25403;;Dessertfox;weiblich;;
25404;;DesignAndShine;männlich;;http://www.tinyworlds.org/
25405;;Derser713;;;
25406;;Derien;weiblich;;http://ask.fm/gauzi
25407;;Deremie;;30;
25408;;DerSlundermann;männlich;;
25409;;DerSechsteMonat;weiblich;27;http://the-sixth-month.tumblr.com/
25410;;DerRabe;männlich;;
25411;;DerLutz;;;
25412;;DerHuhu;;;http://huhugeschichten.jimdo.com
25413;;DerErdbeerkiller;weiblich;32;
25414;;Der Unerkannte;;;
25415;;Der Troubadour;;;
25416;;Der Technokrat;;;https://archiveofourown.org/users/The_Technocrat/pseuds/The_Technocrat
25417;;Der Herr Koi;männlich;35;https://www.derteichdeskoi.de/
25418;;Der Fremde;;;
25419;;Der Engel der Nacht;weiblich;21;https://linktr.ee/DerEngelDerNacht
25420;;Der Autor;männlich;;
25421;;Depravity;männlich;31;
25422;;Demonsoul;weiblich;24;
25423;;Demonsangel;weiblich;39;
25424;;Demonhead;weiblich;29;
25425;;DemolitionLover;weiblich;;
25426;;Dembe Gold;divers;23;
25427;;Deluxxes;;;
25428;;DelilahMercury;weiblich;33;
25429;;Del Largo;weiblich;33;
25430;;Deja Vu;weiblich;;
25431;;DeineDaemonen;weiblich;;
25432;;Deilie;weiblich;;
25433;;Deidara chan;;;
25434;;Deepdelver309;männlich;46;
25435;;Deedingin;weiblich;27;
25436;;DeductionStarter;weiblich;24;
25437;;DeathRose;weiblich;32;
25438;;Deanna the lost Soul;weiblich;;
25439;;DeanKun;männlich;;
25440;;Dead Angel;;;
25441;;DeaAurea;weiblich;21;
25442;;Dea ex machina;weiblich;33;https://www.ko-fi.com/E1E6RKWM?
25443;;Dea Desideria;weiblich;24;https://www.instagram.com/desiree_vogelfrei/
25444;;DeRbAeRTige;;;
25445;;Dayrador;männlich;41;http://webstories.eu/autoren/portrait.php?p_id=12950
25446;;DaydreamersSpirit;weiblich;;
25447;;Daydream Syndrom;weiblich;;
25448;;Daydream;weiblich;;
25449;;Daydancer;weiblich;23;
25450;;DawiL Danger;;37;
25451;;David Mason;männlich;29;
25452;;DaveMania;männlich;23;https://schreibenundprokrastinieren.wordpress.com/
25453;;Dav20Mann;;;
25454;;DaughteroftheDevil;weiblich;;
25455;;DaughterofThor;;;
25456;;Dat Scharger;männlich;32;
25457;;DasSein;männlich;35;
25458;;DasLuftschloss;weiblich;34;
25459;;DasBrot;weiblich;;
25460;;Das Okapi;;;https://www.tumblr.com/dasokapisblog
25461;;Darthsushis Logbuch;männlich;35;
25462;;Darren;;28;
25463;;DarknessWithin;männlich;;
25464;;Darkfang;weiblich;;
25465;;DarkWishes;weiblich;32;
25466;;DarkSeedragonTF;männlich;36;
25467;;DarkPumu101;;28;
25468;;DarkLife;;;
25469;;DarkDreamingDahlia;weiblich;25;
25470;;DarkBlue;weiblich;;
25471;;Dark-Shadow;weiblich;24;
25472;;Dark-Catgirl94;weiblich;;
25473;;Dark Princess;weiblich;30;
25474;;Dark National;divers;;
25475;;Dark Horse chan;weiblich;26;https://www.facebook.com/pages/Osna/614543258622818?fref=photo
25476;;Dark Heart;weiblich;26;
25477;;Dark Evita;weiblich;;
25478;;Dark Blood;weiblich;;
25479;;Darina;weiblich;26;
25480;;Darcia;;;
25481;;Dante;;;
25482;;Dannysan;;;
25483;;Daniie;weiblich;27;
25484;;DanieD00;männlich;24;https://danied00.deviantart.com/
25485;;DancingOnClouds;;;
25486;;DancingDevil;weiblich;;
25487;;DanaGillian;weiblich;;
25488;;Dana Brandt;weiblich;;http://www.dana-brandt.com
25489;;Dan Gerrit;männlich;;http://dan-gerrit.blogspot.com/
25490;;DamnDomesticated;;;
25491;;DamiensDarkness;;28;
25492;;Damienblack;weiblich;;
25493;;Dallma;männlich;;
25494;;DalekThay;;;
25495;;Dalcrira;weiblich;24;
25496;;DaisyMcFLY;weiblich;28;
25497;;Daisy Virtanen;weiblich;;https://twitter.com/Daislys
25498;;Daily;weiblich;;
25499;;Dai Otaku;weiblich;;https://www.lovelydolls.de/
25500;;Dahlia Devil;weiblich;;
25501;;Daewen;;;
25502;;DaemonicAngel;;;
25503;;Daemmerstern;;;
25504;;Daelis;weiblich;35;
25505;;Daedalus sus;;;
25506;;Da Katha;weiblich;;
25507;;DPunkt;weiblich;;http://dpunkt.hat-gar-keine-homepage.de
25508;;DParadox;weiblich;27;http://myanimelist.net/profile/DParadox
25509;;DARTH VILE;männlich;;
25510;;D-B Mann;männlich;;
25511;;D C Goblin;weiblich;23;https://www.etsy.com/de/shop/HandmadebyAutism?ref=seller-platform-mcnav
25512;;Cyprinus;;;
25513;;Cypriene;weiblich;;
25514;;Cyndaquil;weiblich;31;
25515;;Cyanid;;33;
25516;;CyanLily;weiblich;27;
25517;;Cuxtrine;weiblich;60;
25518;;Cuttermesser;männlich;29;
25519;;CutiePieTae;weiblich;;
25520;;CurlyHair;weiblich;31;
25521;;Cupcake2806;weiblich;;
25522;;Cuervo;weiblich;;
25523;;Cthulhu88;;;
25524;;Crystallize;;;
25525;;Crystalize;weiblich;;
25526;;Crying Sun;weiblich;34;
25527;;CrowleysGirl;weiblich;34;
25528;;Cross-Anngel;weiblich;33;
25529;;Crnokosa;weiblich;;
25530;;CrimsonButterfly1985;weiblich;39;
25531;;Crimejunkie;weiblich;21;
25532;;Crevette;weiblich;24;
25533;;Crescentia Dae;;;
25534;;Crescenda;weiblich;24;
25535;;CreepyVoice;weiblich;30;
25536;;CreepyMalle;weiblich;24;
25537;;CreepyGirlAnna00;;;
25538;;CreepyAlien;weiblich;29;http://creepyblackalien.wordpress.com/
25539;;CreativeEngineer;weiblich;;
25540;;CreateAFairytale;weiblich;;
25541;;CreaTV;;;
25542;;CrazzyYukii;weiblich;29;https://ko-fi.com/crazzyyukii
25543;;CrazySchokoKeks;weiblich;28;http://ellchen.blogspot.de/
25544;;CrazyHeartBeat;weiblich;;
25545;;CrazyFruit;weiblich;25;
25546;;CrazyCornyCat;;;
25547;;CrazyAnny;weiblich;;
25548;;Crazy Horse;männlich;31;
25549;;Crazy Dreamer;weiblich;48;
25550;;CrayonFatal;weiblich;29;
25551;;Crayon;;;http://www.youtube.com/user/UsedToBeMyself
25552;;Crash464;weiblich;;
25553;;CptAnderson;männlich;28;https://twitter.com/CaptainDaimer
25554;;CoyKoi;weiblich;33;
25555;;Coward;weiblich;6;
25556;;CountDracula;weiblich;;http://www.vampirology-desmodontinae100.blogspot.com
25557;;Couchgeschichten;;;https://www.tamarafunck.de
25558;;Corynna;weiblich;;
25559;;Corrupted;männlich;38;
25560;;Cornelia Winter;weiblich;25;
25561;;Corleone in segreto;;;
25562;;Coriolan;;;
25563;;Cordes;;;
25564;;Corbinly;weiblich;24;
25565;;CoolAssassin;männlich;34;
25566;;Cookiecookie;weiblich;;
25567;;Cookie Coco;weiblich;26;
25568;;ConsultantJim;weiblich;;
25569;;Conan;;29;
25570;;Comrade21;weiblich;24;
25571;;Common cold;;;
25572;;Colwyn;weiblich;26;https://www.youtube.com/watch?v=7TwSSnSFoyU
25573;;ColourfulLife;weiblich;;
25574;;ColourfulBlack;weiblich;30;
25575;;CoffinBird;weiblich;;
25576;;Coernchen;;;
25577;;Codric;männlich;29;
25578;;Coconut91;weiblich;33;
25579;;Cocolein;weiblich;;
25580;;CocoNeko;weiblich;;
25581;;Coco-Chan16;weiblich;25;
25582;;CoCy;weiblich;26;
25583;;Cniz;;26;
25584;;CmdrTMir;weiblich;;
25585;;CmdrLola;weiblich;;https://linktr.ee/Cmdrlola
25586;;CmdGabriel;männlich;;https://miaraloris.de
25587;;Cloudwalker;weiblich;;
25588;;Clio;;;
25589;;Cleais;weiblich;;
25590;;ClariceGray;;;
25591;;Clarea;weiblich;;
25592;;ClaraSeine;weiblich;;
25593;;Clacky;weiblich;19;
25594;;Citalorenta;weiblich;;
25595;;Cissy B;;;https://www.wattpad.com/user/Cissy-Black-Fan
25596;;Cipher;;;
25597;;Cinzia;weiblich;;
25598;;Cinnek;weiblich;;
25599;;Cilynn;männlich;;
25600;;CigaretteDuet;;26;
25601;;Cielsama;weiblich;;
25602;;Ciel;;;
25603;;Cici1704;weiblich;23;
25604;;Ciara Liadain;weiblich;25;
25605;;Chun-Hei Hyun;weiblich;;
25606;;Chukun;;;
25607;;ChubbyVampire;weiblich;;
25608;;Chrome15;;;
25609;;Christopher Grimes;männlich;;
25610;;ChrissyN;weiblich;;
25611;;ChrissyExtraordinary;;;
25612;;Chrisseltoff;weiblich;;
25613;;Chriss;weiblich;27;http://chriss.hat-gar-keine-homepage.de
25614;;Chrisi Nadine;weiblich;;
25615;;Chong;männlich;27;
25616;;Chocomelli;;25;
25617;;Chocola-Chan;weiblich;29;
25618;;Cho4;;;
25619;;ChloroformGirl;;;
25620;;Chloe Dampierre;weiblich;26;
25621;;ChiraMcClai;weiblich;19;
25622;;Chilali;;;
25623;;Chiisana;;26;
25624;;Chiimori;weiblich;;
25625;;Chii-Chaan;weiblich;28;
25626;;Chihayomono;weiblich;;http://knbxyaoi.tumblr.com/
25627;;Chiesi;divers;31;
25628;;ChiefKay;männlich;40;
25629;;ChibiManiac;weiblich;25;
25630;;Chibara;weiblich;31;
25631;;Chiaya;weiblich;31;
25632;;ChiaraChristina;weiblich;;
25633;;Cheytuna;weiblich;34;https://www.wattpad.com/user/Cheytuna
25634;;Cheunh;;;
25635;;Chessna;weiblich;27;
25636;;Cherubim;männlich;;
25637;;Cherryroselle;weiblich;;
25638;;CherryblossomVoice;weiblich;;
25639;;Cherrina;weiblich;;
25640;;Chen-Chan;weiblich;26;
25641;;ChelseaHails;;;
25642;;Chefzyniker;männlich;;https://derachtesinn.tumblr.com/
25643;;Cheep;divers;22;
25644;;Checker222;;;
25645;;Chat Noir;;;
25646;;Chasy;;;https://instagram.com/art_and_books?utm_medium=copy_link
25647;;Chassy212;weiblich;28;
25648;;Chas-Chunka;männlich;27;
25649;;Charona;weiblich;27;https://www.facebook.com/pages/Charona/678366592255699?ref=hl
25650;;Charly Moorhill;divers;;
25651;;Charlotte Rhea;weiblich;37;https://www.tumblr.com/charlotterhea/
25652;;Charliesphantasie;weiblich;;
25653;;CharlieDemon;;20;
25654;;Charles Bakerman;;;
25655;;Chara999;;;
25656;;Chaostheorie08;weiblich;;
25657;;Chaoslifex;männlich;29;
25658;;Chaosbande;weiblich;34;
25659;;ChaosMary;weiblich;26;https://www.wattpad.com/user/ChaosMary
25660;;Chaos herself;weiblich;36;
25661;;Chaohrem;;;https://www.instagram.com/chaohrem/
25662;;Chantmann;weiblich;;
25663;;ChangelingBiRe;divers;;
25664;;Chance1408;;;
25665;;Chanan;weiblich;33;
25666;;Championoftheerror;;;
25667;;Chalet;weiblich;26;
25668;;ChaR-LotT;weiblich;;
25669;;Ch1nch1lla;weiblich;35;
25670;;Cerenos;männlich;33;http://fiurio.blogspot.com/
25671;;Celliex3;weiblich;;
25672;;Celilinia;;;http://celilinia.silva.myblog.de/
25673;;Celihn Zion;weiblich;31;
25674;;CeliaJansson;weiblich;38;http://celiajansson.blogspot.de
25675;;Ceilibanna;weiblich;;http://www.wattpad.com/user/Ceilibanna
25676;;Ceies;;30;
25677;;Cedric97;männlich;26;https://whenhermionefights.de
25678;;Cedric;männlich;18;
25679;;Cecy;weiblich;25;
25680;;CeciliaSama;weiblich;;
25681;;Cecilia16;weiblich;26;
25682;;Ceceliinee;weiblich;27;http://ceceliinee.tumblr.com/
25683;;Ceawen;weiblich;;https://www.wattpad.com/user/Ceawen
25684;;CeBe 13;;;
25685;;Cbraham;;;
25686;;CauseLOVINyou;weiblich;36;
25687;;Catull -PT-;weiblich;;http://sprudelflaschengruen.wordpress.com/
25688;;Catmilk;;;http://silverleopard.deviantart.com/
25689;;CathiCupcake;weiblich;27;http://www.schuelervz.net/Profile/wunYWQzJt9O5LqftYzeY3RoENGPvUfOWOJWtItvjs6U/tid/102
25690;;Catharina Joelle;weiblich;;
25691;;Catching Fire;weiblich;25;
25692;;Catbus;weiblich;;https://joy-in-the-box.tumblr.com/
25693;;Catalina;weiblich;38;https://www.pinterest.de/catalinany8671/
25694;;Cat Raven;weiblich;29;
25695;;CasyNena;weiblich;;
25696;;Castanea;;;
25697;;Cassio;weiblich;;
25698;;Cassandra-Inana;weiblich;;
25699;;Cassandra Smith;weiblich;;
25700;;CassLovesWriting;;25;http://trenchcoated-angel-with-a-tardis.tumblr.com/
25701;;Casi89;männlich;35;
25702;;Casanova;;;
25703;;Carxsnow;;;
25704;;Carox3;weiblich;27;http://www.wattpad.com/user/Caroxoxo1
25705;;Caroo;weiblich;26;
25706;;Caromance;weiblich;24;
25707;;Carolin-K;weiblich;;https://www.instagram.com/wattpadwritinggirls/
25708;;Caro3;weiblich;31;
25709;;Caro20034;weiblich;32;
25710;;Carminis007;weiblich;;
25711;;Carlita;weiblich;28;
25712;;Carlie Anne;weiblich;31;http://alma0092.blogspot.de/
25713;;Carima;;;
25714;;CaptainOkwd;weiblich;30;
25715;;CaptainOgli;männlich;;https://wortkraftwerke.wordpress.com/
25716;;CaptainMercurian;;;
25717;;CaptainKokosnuss;weiblich;27;
25718;;Capricorn;;;
25719;;Cape Magierin;;;
25720;;Capa;weiblich;;
25721;;CaosGmbH;weiblich;;http://caosgmbh.deviantart.com/
25722;;Canis-Lupus;;34;
25723;;CandleRose;;;
25724;;Camouflage;;;
25725;;Camisado;divers;;
25726;;Camilia;weiblich;22;
25727;;Calllisto;weiblich;;
25728;;CallitHagit;weiblich;;
25729;;Calleria;;;
25730;;Calla;weiblich;31;
25731;;CallMeSpaghet;;;
25732;;Calistro17;weiblich;22;https://www.wattpad.com/user/Calistro17
25733;;Caligula;männlich;;https://archiveofourown.org/users/Kaiser_Caligula
25734;;Calani;weiblich;;
25735;;Caitlyn-Prue;weiblich;34;http://quecksilber-rose.deviantart.com/
25736;;Caitlin from History;;27;
25737;;Caitlin Penrose;weiblich;30;
25738;;Caithlyn;weiblich;;
25739;;Cailae;weiblich;;
25740;;Caedes;;;
25741;;Cadianer;männlich;38;
25742;;Cabella22;weiblich;;
25743;;CThomas;weiblich;;https://ko-fi.com/cosimathomas
25744;;CCMicra;weiblich;;
25745;;CC0WHS;weiblich;;
25746;;ButterflySky;weiblich;33;
25747;;Butterfly99;weiblich;25;
25748;;Butterfly26;;;
25749;;ButlerTV;männlich;;
25750;;Bustercalling;männlich;39;
25751;;Burki;weiblich;22;
25752;;BuriedEmpire;weiblich;;
25753;;Buntretsu Batafurai;männlich;24;
25754;;Buecherwurm12;weiblich;;
25755;;Buecherschlange;weiblich;;
25756;;Buecher-Wurm;weiblich;25;
25757;;Buecher Eule;;;
25758;;Buddels;weiblich;;
25759;;Buchzauber;weiblich;25;http://talkandrpg.forumieren.com/
25760;;Buchwurmin;weiblich;;
25761;;Buchstabensucher;;;
25762;;Buchstabenfink;;;
25763;;Buchesser;;;
25764;;Bubka00;weiblich;;
25765;;Brutus;männlich;28;
25766;;BrownBrown;weiblich;27;http://tha-fak-its-brown.tumblr.com/
25767;;Bron-Chi al Horn;;;
25768;;Brombeere123;weiblich;31;
25769;;BrokenShadow;weiblich;25;
25770;;Broken Dreams;weiblich;29;
25771;;Briks little Sister;weiblich;37;
25772;;Bright Moon;weiblich;30;
25773;;Briel;weiblich;;
25774;;BrickPig;weiblich;27;
25775;;BreitzbachBea;weiblich;25;https://archiveofourown.org/users/BreitzbachBea/works
25776;;BreakingSky;weiblich;29;https://www.fanfiktion.de/u/AliceNoWonder
25777;;Bratac;männlich;38;
25778;;Brandon Scape;männlich;;http://brandon.hat-gar-keine-homepage.de/
25779;;Bran76;weiblich;;
25780;;Bowtieotter;;;
25781;;Boudiccea;;;
25782;;BotMaster3000;;;
25783;;Boshi;männlich;;http://buchmitrosenblaettern.blogspot.de/
25784;;BornInAbyss;männlich;27;
25785;;Borin;weiblich;34;
25786;;Bored Sammy;weiblich;;
25787;;Booyah;weiblich;;
25788;;BooksByHeart;;;
25789;;Booklish;weiblich;;
25790;;Bonustrack;weiblich;33;
25791;;BonnyBurke;weiblich;22;https://www.wattpad.com/user/BonnyBurke
25792;;Bonnie Eldritch;weiblich;;https://linktr.ee/bonnie.eldritch_autorin
25793;;Bohemia;;;
25794;;Bobby Andrews;divers;;
25795;;Bob Kirkland Fan;;;
25796;;Bluyoshi;männlich;23;
25797;;Blutspur;weiblich;31;
25798;;Blumenschnitte;weiblich;;https://twitter.com/Blumenschnitte
25799;;Blume97;weiblich;26;
25800;;BluesBerry;;;
25801;;Bluebirds;weiblich;26;
25802;;BlueberryCupcake;weiblich;;
25803;;BlueSiren;weiblich;30;https://www.bluesiren.de
25804;;BlueNightingale;;;
25805;;BlueJeans;;;
25806;;BlueDream;weiblich;30;
25807;;BlueBlossom;;;https://www.instagram.com/liebe.zum.zeichnen/
25808;;BlueAngel22;weiblich;30;
25809;;Blue Raven;;;
25810;;Blue Flame;;;
25811;;Bloomcat;weiblich;;
25812;;Bloodywhite Snow;weiblich;;
25813;;BloodyWhite;weiblich;26;
25814;;BloodyLove;;;
25815;;BloodyGhoulAly;weiblich;24;
25816;;BloodyFynn;;;
25817;;Bloody-Sunshine;weiblich;29;
25818;;Bloody Riku;weiblich;35;
25819;;Bloody Aerzte;männlich;32;
25820;;Bloodnight;weiblich;;
25821;;Blondchen;weiblich;;
25822;;BlindAngel;weiblich;30;
25823;;Blechfeder;weiblich;32;
25824;;Blauer Eisdrache;;;
25825;;Blattgold;weiblich;27;
25826;;Blasphemie;weiblich;30;http://www.youtube.com/user/mausifc?feature=mhee
25827;;Blasphemia;;24;
25828;;Blanche Dumond;weiblich;31;
25829;;Bladegirl5243;weiblich;35;
25830;;Blackcat;männlich;37;http://blackcat87.deviantart.com
25831;;BlackTiger;weiblich;30;
25832;;BlackTattoo;weiblich;;
25833;;BlackSunday;weiblich;32;https://archiveofourown.org/users/BlackSunday/pseuds/BlackSunday
25834;;BlackStorm;männlich;29;
25835;;BlackSheep;weiblich;;
25836;;BlackSangius;;;
25837;;BlackRose1710;weiblich;;http://eigentherapie.blogspot.com/
25838;;BlackOwl;weiblich;34;
25839;;BlackMoonVienna;weiblich;29;
25840;;BlackMasamune;;;
25841;;BlackKat;;;
25842;;BlackFox;weiblich;36;http://one-piece-mania.forumieren.de/forum.htm
25843;;BlackCreature;weiblich;24;
25844;;BlackCat12;weiblich;32;
25845;;BlackButler;weiblich;;
25846;;BlackAsmodina;weiblich;37;http://www.myspace.com/xxasmodinaxx
25847;;BlackAngelLuLu;weiblich;28;
25848;;Black-Rose;weiblich;40;
25849;;Black-Butterfly-289;weiblich;;
25850;;Black canary;weiblich;;
25851;;Black Wings;weiblich;30;
25852;;Black Swan 12;weiblich;;
25853;;Black Shadows;divers;19;https://www.wattpad.com/user/NamelessAgain
25854;;Black Payne;weiblich;33;
25855;;Black Pandora;weiblich;;
25856;;Black One;weiblich;22;
25857;;Black Leg;weiblich;35;http://animexx.onlinewelten.com/mitglieder/steckbrief.php?id=174244
25858;;Black Kitty;weiblich;21;
25859;;Black Butterfly;weiblich;;http://puken-rainbow.deviantart.com/
25860;;Black Angel 84;weiblich;39;https://www.ravelry.com/people/nickyhandmade
25861;;Bjenna;weiblich;;
25862;;BiteMEbaby;;;
25863;;Biskit;weiblich;30;
25864;;Birkenstreif;weiblich;;
25865;;Bint-Lilith;weiblich;34;
25866;;BillieCookie;weiblich;34;
25867;;Biillii;weiblich;30;
25868;;BigCityLights;;;
25869;;Bibsi;weiblich;27;
25870;;BiasOfKPop;weiblich;25;
25871;;Bianka;weiblich;;
25872;;BeyondElmo;männlich;31;
25873;;Bexorcict;männlich;;
25874;;Bettyna;weiblich;;https://twitter.com/BettynaSchreibt
25875;;Besserwisser;weiblich;;
25876;;Berry01;weiblich;;https://www.wattpad.com/user/FUEXCHEN01
25877;;Berry Rasp;;;
25878;;Bernsteinauge;weiblich;29;
25879;;Bepsis214;weiblich;28;http://pizza-cassis.jimdo.com/
25880;;BenniCat;;;
25881;;Benn;männlich;33;
25882;;Benjiro;männlich;;
25883;;BenjaminsGarten;;46;
25884;;Benjamin;männlich;36;http://blacksickle.blogspot.com/
25885;;Benehime;weiblich;26;
25886;;Belle;;;
25887;;Bellapin;weiblich;;
25888;;Bellaaa;;;
25889;;BellaNoemi;weiblich;33;https://twitter.com/NoemiBellaSue
25890;;BellaCullen13;weiblich;;
25891;;Bella-moon;weiblich;;http://suninthedark.deviantart.com/
25892;;Bella-Lestrange;weiblich;;https://wattpad.com/user/Bellatwix2
25893;;BelaLugosi;weiblich;;
25894;;BehindTheSunset;weiblich;25;https://twitter.com/PiaLikesStuff
25895;;Begga;weiblich;;
25896;;Beey95;weiblich;28;http://addicted-to-miracles.tumblr.com/
25897;;Bee gee;weiblich;29;
25898;;Beckaa;;;
25899;;BeautyRani;weiblich;;
25900;;BeautyMalfoy;weiblich;33;
25901;;Beauty Princess;;;
25902;;BeautifulAgony;weiblich;33;
25903;;Beautiful Ivy;weiblich;;
25904;;Baz;weiblich;;
25905;;Baylee;weiblich;;
25906;;Bastotz;;;
25907;;Bastardtochter;;;
25908;;Barachiel;weiblich;;http://barachiel.hat-gar-keine-homepage.de
25909;;Bantasanta;;;
25910;;BanefulSeduction;weiblich;30;
25911;;Bane Gats;;;
25912;;Bananenfisch;männlich;;
25913;;Bambi91;weiblich;32;
25914;;Ballooniefan4;weiblich;;
25915;;Ballad;weiblich;;
25916;;Balkus;;;
25917;;BalefulStrike;männlich;;
25918;;Balboa91;weiblich;33;
25919;;Bakallen;;;
25920;;Bai Feng;weiblich;32;
25921;;Bad-monkey;weiblich;32;
25922;;BackwardsReesa;weiblich;29;
25923;;Babybaer;weiblich;33;
25924;;Baby Loumary;weiblich;;
25925;;Babsbi;weiblich;27;
25926;;Baansch;weiblich;;
25927;;BTales;männlich;;
25928;;BTSFangirl;weiblich;;
25929;;B00llYvAish;;;
25930;;B-Keks;weiblich;;
25931;;Azuritblau;weiblich;;
25932;;Azura Lura;männlich;28;
25933;;Azula;weiblich;32;
25934;;Aziz;weiblich;27;
25935;;Azami;;;
25936;;Ayvee;weiblich;24;
25937;;Ayumi1607;weiblich;29;
25938;;AylinCullen;weiblich;;https://www.facebook.com/pages/AylinCullen/207851869341057
25939;;Ayano-nee;weiblich;25;
25940;;Ayames-Shadow;weiblich;30;
25941;;Ayame4X;weiblich;;
25942;;AyaSuzumi;weiblich;;
25943;;Ay7a;weiblich;23;
25944;;AwayfromBirdland;weiblich;28;
25945;;Avnas;weiblich;35;
25946;;Avi;weiblich;34;
25947;;Aveena;weiblich;29;
25948;;Avarya;weiblich;;
25949;;Avani;weiblich;26;
25950;;Avaiki;weiblich;24;
25951;;Autumncorpse;weiblich;35;
25952;;AutumnRose;weiblich;;
25953;;Automatic Heart;weiblich;31;
25954;;Author of Evil;weiblich;31;http://myanimelist.net/profile/Heartexplosion
25955;;Austriangirl;weiblich;32;
25956;;Aurorae;weiblich;29;
25957;;Aurora Memoria;weiblich;;
25958;;Auron;männlich;;
25959;;Auris-chan;weiblich;30;
25960;;Aurelie Kling;weiblich;28;
25961;;Auregiteg;;;
25962;;Aura Luna;weiblich;33;
25963;;Auma;weiblich;31;
25964;;Aulomea;weiblich;124;
25965;;Augenblick;weiblich;24;
25966;;AufDrei;weiblich;26;
25967;;Auch Kerle Weinen 99;;;
25968;;Atrementum;;27;http://www.youtube.com/user/chibidubkomitee
25969;;Atorisfann;weiblich;29;
25970;;AthenaFrowe;weiblich;27;
25971;;Atair;;;
25972;;Asuna-san;weiblich;;
25973;;Asuka Makinami;weiblich;26;
25974;;Astriatin;weiblich;;
25975;;Asterea;;;
25976;;Aster-Lara;weiblich;;http://www.sportsplanet.at/neu/index.php
25977;;AssiAs;weiblich;31;
25978;;Assassine;;;
25979;;Asqiir;;;https://asqiir.blaupost.de/datlyrikblog
25980;;Aspik;weiblich;;
25981;;Asmodeus94;männlich;30;
25982;;Asmoday;;;
25983;;Asme;weiblich;;
25984;;Asliana;weiblich;29;http://x-men.forumfrei.com/
25985;;AskSoph;weiblich;;
25986;;Asimona;weiblich;;https://belletristica.com/de/users/12602-asimona#profile
25987;;Asimira;weiblich;;
25988;;Asha-16;weiblich;;
25989;;AshWrites;;;
25990;;Aseno;männlich;;
25991;;Asante;weiblich;45;
25992;;Asaiko;weiblich;30;
25993;;AsNijSec;weiblich;;
25994;;Arzani92;weiblich;;
25995;;Arwen2-D-F;weiblich;30;
25996;;Arwen Anubis;weiblich;32;
25997;;Artificer;männlich;41;
25998;;Arti;männlich;42;
25999;;Arthur Kirkland;;;
26000;;ArtemisDSilverstone;weiblich;37;
26001;;Artemis Cruzix;;;
26002;;Arno Abendschoen;;;
26003;;Armara;;;
26004;;Armanz;männlich;;
26005;;Arlene;weiblich;41;
26006;;Arkenstonia;weiblich;40;
26007;;Arkatoshi;;;
26008;;Arkana;weiblich;;http://arkanaa.deviantart.com/
26009;;Arkaisa;;25;https://instagram.com/arkaisa/
26010;;Arisu Story;;;
26011;;Arima Len;;;
26012;;Arianna Silvia;weiblich;;
26013;;Ariane;weiblich;28;
26014;;Ariana;weiblich;27;
26015;;Aria-chan;weiblich;;
26016;;ArcasTair;männlich;;https://www.deviantart.com/lemonlung
26017;;Arawn;weiblich;33;https://anne-polifka.wixsite.com/startseite
26018;;Arakon;männlich;;
26019;;Aquawoman;weiblich;45;https://www.petitionen.com/verschaerfung_der_gesetze
26020;;Aqua Laguna;;32;
26021;;Aprilluna;;;
26022;;Applepie Reloaded;weiblich;;
26023;;Applebee;weiblich;28;
26024;;Apple Dipped inHoney;;;
26025;;Apollon-klio;weiblich;36;
26026;;Apfelpfote;weiblich;24;
26027;;Apfelmarmelade;;;
26028;;Apfelbaum 18;weiblich;;
26029;;AnyaDervren;weiblich;;
26030;;Antikoerper;;;
26031;;Antagonistin;;;
26032;;Ant Hill Inside;männlich;39;http://starsexplode.wordpress.com/
26033;;AnoukUzumaki;;;
26034;;Another-Artist;weiblich;;
26035;;Another Rose;weiblich;33;
26036;;Anonymusnbf08;;;
26037;;AnonymeUserin;weiblich;;
26038;;Anonymchen;weiblich;;
26039;;Anniways;weiblich;25;
26040;;Annilex;weiblich;;
26041;;Anni1234LoL;weiblich;;
26042;;Anni Cole;weiblich;25;
26043;;AnneLou;;;
26044;;Annajuanaaa;;;
26045;;Annabell Glenn;;;
26046;;AnnaSane;weiblich;;
26047;;Anna4321;weiblich;27;http://www.directioners.forumfrei.com/
26048;;Anna253;weiblich;;
26049;;Anna Grace;weiblich;29;
26050;;AnnSophie Frind;weiblich;;https://www.facebook.com/pages/AnnSophie/733681706740729
26051;;Ankuro;weiblich;;https://www.facebook.com/Fantastische-Teens-311832802161317/?ref=hl
26052;;Ankou-chan;;23;
26053;;Anki Nowak;weiblich;;
26054;;Anka1705;weiblich;27;
26055;;AnjaNekoChan;weiblich;21;
26056;;Anja-Tina;weiblich;;
26057;;Anira;weiblich;34;
26058;;Anin-Melinda;weiblich;;
26059;;Animalsky;weiblich;23;
26060;;AnimaMala;männlich;34;
26061;;Aniles;weiblich;30;
26062;;AnilaLuap;weiblich;18;
26063;;Anikee;weiblich;;
26064;;Anibunny;weiblich;34;
26065;;AniLou;weiblich;;
26066;;Angy-Me;weiblich;42;
26067;;Angle;weiblich;24;
26068;;Angie San;weiblich;37;
26069;;AngiOskarlein;weiblich;32;
26070;;Angi90;weiblich;34;
26071;;Angelxxx;weiblich;22;
26072;;Angelstory;weiblich;;
26073;;Angelot;weiblich;47;
26074;;AngelinaDubois;weiblich;;
26075;;Angela Dragon;weiblich;44;http://dietorevonchrono.xobor.de/
26076;;AngelRose;weiblich;;
26077;;AngelRebel;weiblich;;
26078;;AngelOfPast;weiblich;31;
26079;;AngelOfFreedom;weiblich;34;
26080;;AngelHawk;weiblich;41;
26081;;AngelDevil;;;
26082;;Angel-Poison;weiblich;;
26083;;Angel of Silversky;weiblich;;
26084;;Angel Summer Black;weiblich;30;https://orchidsslayer.tumblr.com/
26085;;Angel 20 of Music 89;weiblich;;
26086;;Ange-chan;weiblich;28;
26087;;Ange de la Mort;weiblich;35;
26088;;Andryna;weiblich;30;
26089;;Andian;;;
26090;;Andia;weiblich;;
26091;;AncientScripts;weiblich;;
26092;;AnbuCommander;;;
26093;;Anayaa;weiblich;41;https://m.facebook.com/anayaasstorys?m_sess
26094;;Anastasia Celeste;weiblich;36;
26095;;Anarkia;weiblich;;
26096;;Anaria;;;
26097;;AnarchoAxolotl;weiblich;23;
26098;;An na;weiblich;31;
26099;;An Shadowwalker;weiblich;;
26100;;An Ny;weiblich;34;
26101;;Amysmile;weiblich;27;
26102;;Amyliechen;;;
26103;;Amyanara;weiblich;24;
26104;;Amunet;;;https://twitter.com/Amunet214
26105;;Amrais;;;
26106;;Amonet;weiblich;;
26107;;Amo scrivere;weiblich;;
26108;;Ammy;divers;;
26109;;Amira Flavia;;;
26110;;Ameyra;weiblich;26;
26111;;Amelia666;weiblich;36;
26112;;Amedea;weiblich;;
26113;;Amberlie;;;
26114;;Ambarenya;weiblich;;
26115;;Amaya Mikealson;weiblich;32;
26116;;Amaya Kodoku;weiblich;35;
26117;;Amasia;weiblich;35;
26118;;Amaroq;weiblich;;
26119;;Amaraen;weiblich;29;
26120;;Amano;männlich;34;
26121;;Amalie;;;
26122;;Am-run;weiblich;;
26123;;Alyssa -R;weiblich;;http://shadowrun.frei-forum.com/
26124;;AlwaysbeBaka;weiblich;31;https://alwaysbebaka.tumblr.com/
26125;;AlwaysInThisTwilight;;;
26126;;Alphard-Alshaya;weiblich;30;
26127;;AlphaWolf;männlich;;
26128;;Alpha Noir;;;
26129;;Alp;weiblich;;
26130;;Alounus;;23;
26131;;Alomit;;;
26132;;Allyne;weiblich;27;
26133;;Allunar;;;
26134;;AllOfTheStars;weiblich;30;
26135;;Alkyone;weiblich;;
26136;;AlisaWilde;weiblich;28;
26137;;Alinali;weiblich;25;
26138;;Alike2018;;45;
26139;;Aliesa;weiblich;;
26140;;AliciaF;;;
26141;;Alicia Ocean;weiblich;;
26142;;AliceVanBlood;weiblich;28;
26143;;AliceLillyPotter;;;http://alicelillypotter.hat-gar-keine-homepage.de/
26144;;AliceAdventure;weiblich;29;https://twitter.com/Bursted_Heart
26145;;Alice-chan;weiblich;;http://alice-chan.hat-gar-keine-homepage.de/
26146;;Alice x3;weiblich;;
26147;;Alica;weiblich;;
26148;;AliasAlien;weiblich;;
26149;;Algernon;männlich;;
26150;;Aleya Sihana;weiblich;;
26151;;Aleya;weiblich;36;
26152;;Alexia Lestrange;weiblich;20;
26153;;Alexia Drael;weiblich;35;http://www.alexias-welt.de
26154;;Alexia;weiblich;35;
26155;;Alexandria Andros;;;
26156;;AlexandradeNil;weiblich;21;
26157;;AlexandraDahl;weiblich;21;
26158;;AlexaRoxanne;weiblich;27;
26159;;Alexa Mai;;;
26160;;AlexWriter;divers;22;
26161;;AlexSunshine;;28;
26162;;AlexClaain;;27;https://twitter.com/alexclaain
26163;;Alex the Avatar;weiblich;29;https://linktr.ee/alex_the_avatar
26164;;Alex Sleepless;weiblich;;
26165;;Alex B;;;
26166;;Aleviana;weiblich;23;
26167;;AlevAlev;weiblich;28;
26168;;Alesseya;weiblich;36;
26169;;Alessa18;weiblich;30;
26170;;Alekto;weiblich;;
26171;;Alekey;männlich;28;
26172;;AlecMaus;weiblich;33;
26173;;Alec00Lightwood;weiblich;;
26174;;Aleana;weiblich;37;
26175;;Aldaron;männlich;30;
26176;;Alatariell;weiblich;30;http://mypage.thesims3.com/mypage/Lilliara
26177;;Alassia;weiblich;;
26178;;Alassea;weiblich;34;
26179;;Alaska-Young;weiblich;22;http://itscaralanablog.tumblr.com/
26180;;AlansSuende;weiblich;34;https://www.instagram.com/sophieherrmann89/
26181;;Alanee;weiblich;;
26182;;Alagvaile;;25;http://www.deviantart.com
26183;;Akri;;;
26184;;Akkasuka;weiblich;32;
26185;;Akirma;weiblich;;
26186;;Akirah;;;
26187;;Akira-Chan98;weiblich;26;
26188;;Akira kuro;weiblich;24;
26189;;Akina99;weiblich;;
26190;;Akiholic;weiblich;36;
26191;;AkiSuzu;weiblich;32;
26192;;Aki the Cat;weiblich;32;
26193;;Akhem;;;
26194;;Akesato;weiblich;32;
26195;;Akemi Kato;;27;
26196;;Akemi Ito;weiblich;25;
26197;;Akazukin;weiblich;32;
26198;;Akaya Yosa;weiblich;22;
26199;;AkatsukiBitch;weiblich;35;
26200;;AkarinZero;;;
26201;;AkaneOkami;weiblich;34;
26202;;Akalea;weiblich;;
26203;;Akaku-Ichigo;weiblich;;http://vanillesjapan.blogspot.de/
26204;;Aka-No-Kakera;weiblich;30;
26205;;Aiyuuki;weiblich;30;http://tanja-nightrode.deviantart.com/
26206;;AimHigh;weiblich;27;
26207;;Ailin;weiblich;32;
26208;;Aiko Mangetsu;weiblich;30;
26209;;Aika86;weiblich;;
26210;;AijiHolic;weiblich;29;
26211;;Aidala;;;
26212;;AhouNici;weiblich;25;
26213;;AhaEinKeks;weiblich;;
26214;;Ageing Orphan;;;
26215;;Agathe Bauer;;;
26216;;Agarwaen;weiblich;33;
26217;;AfterATrueStory;weiblich;;http://bit.ly/AfterATrueStory
26218;;AfriCola;;;
26219;;Aeric Ravenmoon;männlich;30;
26220;;Aergia;weiblich;;
26221;;Aduial;weiblich;30;
26222;;Adryanah;weiblich;48;
26223;;Adrionik13;männlich;27;
26224;;Adikitty;weiblich;;http://adikitty.hat-gar-keine-homepage.de
26225;;Adee;weiblich;;http://adeehe.deviantart.com
26226;;Adara;weiblich;;
26227;;AdamUndTommyFan;weiblich;;
26228;;Adam Assbutt;;27;
26229;;Adahra;weiblich;26;
26230;;ActuallyEllanova;weiblich;;
26231;;Action2502;weiblich;;
26232;;Aconitin;;;
26233;;AceofYuki;divers;26;
26234;;AceXRuffy;weiblich;27;
26235;;Acceba;weiblich;23;
26236;;Acapella Lavandia;weiblich;;
26237;;Abusoru;weiblich;32;
26238;;Abso;weiblich;28;
26239;;Absently;weiblich;31;
26240;;About a girl;weiblich;;
26241;;Abhor God;männlich;;https://www.instagram.com/fivextender/
26242;;AbgefackelT;weiblich;27;
26243;;Abendlied;weiblich;;
26244;;Abby Lynn;weiblich;30;
26245;;AbGab;männlich;31;
26246;;Aaskereia;weiblich;31;
26247;;AWritersStory;;;https://www.wattpad.com/user/just-4-fun
26248;;ARCcaptainL;männlich;;
26249;;APRYLAI;weiblich;;
26250;;ANdeinerSEITE;weiblich;23;
26251;;ALiiCeHaLeCuLLen;weiblich;28;
26252;;A K1112;;;
26253;;6Schwarzer6Engel6;;;
26254;;67ChevyImpalaGleek;weiblich;31;
26255;;5we3t-PN;weiblich;36;
26256;;4creativity;weiblich;;
26257;;44Sunny44;;;
26258;;42LeseQ;;;
26259;;3rr0r4o4;weiblich;30;
26260;;3natm;;;
26261;;3lly;weiblich;26;
26262;;2wei7ieben;;;
26263;;2Ich-Ich2;weiblich;;
26264;;24grizzly;;;
26265;;221BLovegood;;;
26266;;2-FaCe;männlich;;
26267;;13Crown;;;
26268;;1328;weiblich;;
26269;;123masshiro456;weiblich;30;
26270;;1202Akaikuroba;;;
26271;;10Izzy97;weiblich;;
26272;;0ceanblues;divers;27;
26273;;071007;weiblich;;
26274;;00 und IBE;weiblich;;
26275;;-wolkenfabrik-;weiblich;25;
26276;;-sternen-klar-;weiblich;30;
26277;;-sharon cuthalion-;weiblich;23;https://www.instagram.com/worttraeumerin
26278;;-sAbRiNa13-;weiblich;27;
26279;;-lili-;weiblich;;
26280;;-kim;weiblich;29;
26281;;-inseparable;weiblich;;
26282;;-heart-pain-;weiblich;28;
26283;;-eNa-;weiblich;29;
26284;;-dark rose-;weiblich;;
26285;;-chauffeur-;;;
26286;;-bambi-;weiblich;31;
26287;;-Yuuki-;weiblich;34;
26288;;-X Kyoko X-;weiblich;29;
26289;;-Wolkentaenzerin;weiblich;;
26290;;-V-;weiblich;;
26291;;-TheJoker-;weiblich;;
26292;;-Svea-;weiblich;30;
26293;;-SunShine-;weiblich;30;
26294;;-Shadow-x3;weiblich;29;
26295;;-Schattentaenzerin-;weiblich;28;
26296;;-Sanna-;weiblich;;
26297;;-SaKe-;weiblich;30;
26298;;-Rika;weiblich;27;
26299;;-Ray-chan-;weiblich;;
26300;;-PiK-;weiblich;36;
26301;;-Phyre-;weiblich;22;
26302;;-Mya-;;26;
26303;;-MoonFlower-;weiblich;31;
26304;;-Mini-;weiblich;28;
26305;;-MiKa-;;;
26306;;-Mel-;;36;
26307;;-Megan-;weiblich;;
26308;;-Maroonie-;weiblich;30;
26309;;-Maggo-;männlich;27;
26310;;-Lena98;weiblich;26;
26311;;-Kim-;weiblich;;
26312;;-Kikiii-;weiblich;26;
26313;;-Kenji-;;34;
26314;;-Kayla-;weiblich;;
26315;;-Juliet-;weiblich;25;
26316;;-Jessi-;weiblich;;
26317;;-Jayfeather-;weiblich;27;
26318;;-Jacky-;weiblich;26;https://instagram.com/unerazable?igshid=gkq1zr3vncgf
26319;;-HotCherry-;weiblich;33;http://twitter.com/KirscheDeluxe
26320;;-Honeymoon-;weiblich;27;
26321;;-Honeymoon;weiblich;26;
26322;;-Historia-;weiblich;;
26323;;-Herbstwind-;weiblich;;
26324;;-Felis-;weiblich;;
26325;;-Elenya-;weiblich;;
26326;;-Elain-;weiblich;;
26327;;-Destiny-;weiblich;;
26328;;-DarkRuby-;weiblich;;http://animexx.onlinewelten.com/mitglieder/steckbrief.php?id=362949
26329;;-DarkDesire-;weiblich;;
26330;;-Daiya-;;;https://twitter.com/daiyacosplay
26331;;-Ben-;männlich;;
26332;;-Bagheera-;weiblich;30;
26333;;-BaerenTatze-;weiblich;;
26334;;-Astoria-;weiblich;27;
26335;;-Arya-chan-;weiblich;27;https://www.facebook.com/pages/Arya-chan/336863656455481
26336;;--sue;weiblich;;
26337;;--issy--;weiblich;31;https://www.issyart.at
26338;;--Tina--;weiblich;;
26339;;--Ryoko--;weiblich;24;
26340;;--Geralt-von-Riva--;männlich;33;
26341;;--Catherine--;weiblich;;
26342;;---Dramaqueen---;weiblich;;http://fanficgirl155.deviantart.com/
26343;;- weltentraeumerin -;weiblich;;
26344;;- Tinchen -;weiblich;32;
26345;;- TETE-;;;http://rainbow-writer.blog.de/
26346;;- Sayuri -;weiblich;;http://animexx.onlinewelten.com/mitglieder/steckbrief.php?id=622058
26347;; tagtraeumerinj;;;
26348;; sumba;;;
26349;; eulenfeder;;;
26350;; Samara;;;
26351;; Rika;;;
26352;; Leselust;;;
26353;; L;;;
26354;; Ju;;;
26355;; Izzy;;;
26356;; Fischkopf;;;
26357;;  deaktiviert ;;;
