docidx,docpath,year,segmentcode,segment,author,title,pkrit,punt,diff,klassifikation
0,file:/C:/mallet/textkorpus/final_txtonly/2008_B_Schwarz-ohne-alles_Gabriele-Wohmann_Am-Tyrrhenischen-Meer_pp.txt,2008,B,Buch,Gabriele Wohmann,Am Tyrrhenischen Meer,0.025801633620856,0.10399113307805169,-0.0781894994571957,keine_dominanz
1,file:/C:/mallet/textkorpus/final_txtonly/2008_B_Schwarz-ohne-alles_Gabriele-Wohmann_Der-Mann-im-Schlafrock_pp.txt,2008,B,Buch,Gabriele Wohmann,Der Mann im Schlafrock,0.0,0.0688693955035733,-0.0688693955035733,keine_dominanz
2,file:/C:/mallet/textkorpus/final_txtonly/2008_B_Schwarz-ohne-alles_Gabriele-Wohmann_Die-New-Yorker-machen-doch-auch-weiter_pp.txt,2008,B,Buch,Gabriele Wohmann,Die New Yorker machen doch auch weiter,0.0594697310699216,0.07678712014079861,-0.017317389070877008,keine_dominanz
3,file:/C:/mallet/textkorpus/final_txtonly/2008_B_Schwarz-ohne-alles_Gabriele-Wohmann_Die-Urnengeschichte_pp.txt,2008,B,Buch,Gabriele Wohmann,Die Urnengeschichte,0.0,0.0,0.0,keine_dominanz
4,file:/C:/mallet/textkorpus/final_txtonly/2008_B_Schwarz-ohne-alles_Gabriele-Wohmann_Glorias-Witz_pp.txt,2008,B,Buch,Gabriele Wohmann,Glorias Witz,0.0,0.0,0.0,keine_dominanz
5,file:/C:/mallet/textkorpus/final_txtonly/2008_B_Schwarz-ohne-alles_Gabriele-Wohmann_Gnade-vor-Recht_pp.txt,2008,B,Buch,Gabriele Wohmann,Gnade vor Recht,0.049729762817578,0.0260513804381615,0.023678382379416503,keine_dominanz
6,file:/C:/mallet/textkorpus/final_txtonly/2008_B_Schwarz-ohne-alles_Gabriele-Wohmann_Im-Karijini-Park_pp.txt,2008,B,Buch,Gabriele Wohmann,Im Karijini Park,0.0,0.32984874409093623,-0.32984874409093623,keine_dominanz
7,file:/C:/mallet/textkorpus/final_txtonly/2008_B_Schwarz-ohne-alles_Gabriele-Wohmann_In-allen-meinen-Taten_pp.txt,2008,B,Buch,Gabriele Wohmann,In allen meinen Taten,0.0478831029015252,0.1172735820065457,-0.0693904791050205,keine_dominanz
8,file:/C:/mallet/textkorpus/final_txtonly/2008_B_Schwarz-ohne-alles_Gabriele-Wohmann_Keiner-da_pp.txt,2008,B,Buch,Gabriele Wohmann,Keiner da,0.0,0.1046303000149645,-0.1046303000149645,keine_dominanz
9,file:/C:/mallet/textkorpus/final_txtonly/2008_B_Schwarz-ohne-alles_Gabriele-Wohmann_Little-Land_pp.txt,2008,B,Buch,Gabriele Wohmann,Little Land,0.0,0.1395513004499086,-0.1395513004499086,keine_dominanz
10,file:/C:/mallet/textkorpus/final_txtonly/2008_B_Schwarz-ohne-alles_Gabriele-Wohmann_Manchmal-ist-es-beinah-schön_pp.txt,2008,B,Buch,Gabriele Wohmann,Manchmal ist es beinah schön,0.0290070603302718,0.0622382928581249,-0.033231232527853094,keine_dominanz
11,file:/C:/mallet/textkorpus/final_txtonly/2008_B_Schwarz-ohne-alles_Gabriele-Wohmann_Oh-ein-Termin_pp.txt,2008,B,Buch,Gabriele Wohmann,Oh ein Termin,0.0,0.0,0.0,keine_dominanz
12,file:/C:/mallet/textkorpus/final_txtonly/2008_B_Schwarz-ohne-alles_Gabriele-Wohmann_Pfarrer-Bonnets-Start-in-den-Tag_pp.txt,2008,B,Buch,Gabriele Wohmann,Pfarrer Bonnets Start in den Tag,0.1162217058402161,0.07107371661529541,0.04514798922492069,keine_dominanz
13,file:/C:/mallet/textkorpus/final_txtonly/2008_B_Schwarz-ohne-alles_Gabriele-Wohmann_Sag-mir-die-drei-Wörter_pp.txt,2008,B,Buch,Gabriele Wohmann,Sag mir die drei Wörter,0.048082712794334,0.0882002803459111,-0.040117567551577096,keine_dominanz
14,file:/C:/mallet/textkorpus/final_txtonly/2008_B_Schwarz-ohne-alles_Gabriele-Wohmann_Sperrmüll_pp.txt,2008,B,Buch,Gabriele Wohmann,Sperrmüll,0.0,0.0290789286053399,-0.0290789286053399,keine_dominanz
15,file:/C:/mallet/textkorpus/final_txtonly/2008_B_Schwarz-ohne-alles_Gabriele-Wohmann_Vanessas-Salon_pp.txt,2008,B,Buch,Gabriele Wohmann,Vanessas Salon,0.0,0.0,0.0,keine_dominanz
16,file:/C:/mallet/textkorpus/final_txtonly/2008_LW_Bachmann_3sat-Preis_Patrick-Findeis_Kein-schöner-Land_AUSZUG_pp.txt,2008,LW,Literaturwettbewerb,3sat Preis,Patrick Findeis Kein schöner Land AUSZUG,0.0,0.0,0.0,keine_dominanz
17,file:/C:/mallet/textkorpus/final_txtonly/2008_LW_Bachmann_Ernst-Willner-Preis_Clemens-J-Setz_Die-Waage_pp.txt,2008,LW,Literaturwettbewerb,Ernst Willner Preis,Clemens J Setz Die Waage,0.0,0.0,0.0,keine_dominanz
18,file:/C:/mallet/textkorpus/final_txtonly/2008_LW_Bachmann_Publikumspreis_Tilman-Rammsted_Der-Kaiser-von-China_AUSZUG_pp.txt,2008,LW,Literaturwettbewerb,Publikumspreis,Tilman Rammsted Der Kaiser von China AUSZUG,0.1441567142479061,0.0,0.1441567142479061,keine_dominanz
19,file:/C:/mallet/textkorpus/final_txtonly/2008_LW_Bachmann_Telekom-Austria-Preis_Markus-Orths_Das-Zimmermädchen_AUSZUG_pp.txt,2008,LW,Literaturwettbewerb,Telekom Austria Preis,Markus Orths Das Zimmermädchen AUSZUG,0.0,0.0,0.0,keine_dominanz
20,file:/C:/mallet/textkorpus/final_txtonly/2008_LW_Moerser-Literaturpreis_01_SusanKreller_Es-wird-immer-wieder-still_pp.txt,2008,LW,Literaturwettbewerb,01,SusanKreller Es wird immer wieder still,0.0,0.0,0.0,keine_dominanz
21,file:/C:/mallet/textkorpus/final_txtonly/2008_LW_Moerser-Literaturpreis_02_PeterScholz_Small-Story_pp.txt,2008,LW,Literaturwettbewerb,02,PeterScholz Small Story,0.03088721276262,0.0,0.03088721276262,keine_dominanz
22,file:/C:/mallet/textkorpus/final_txtonly/2008_LW_Moerser-Literaturpreis_03_GiselaHinsberger_Cest-la-vie_pp.txt,2008,LW,Literaturwettbewerb,03,GiselaHinsberger Cest la vie,0.0381247249006517,0.1947270168198366,-0.1566022919191849,keine_dominanz
23,file:/C:/mallet/textkorpus/final_txtonly/2008_LW_Münchner-KGW_Doris-Brockmann_Ina_pp.txt,2008,LW,Literaturwettbewerb,Doris Brockmann,Ina,0.0,0.0246746130098632,-0.0246746130098632,keine_dominanz
24,file:/C:/mallet/textkorpus/final_txtonly/2008_LW_Münchner-KGW_Nikolas-Hoppe_Linkes-oder-rechtes-Meer_pp.txt,2008,LW,Literaturwettbewerb,Nikolas Hoppe,Linkes oder rechtes Meer,0.0,0.0320108285339418,-0.0320108285339418,keine_dominanz
25,file:/C:/mallet/textkorpus/final_txtonly/2008_LW_Münchner-KGW_René-Egger_Das-Drehkreuz_pp.txt,2008,LW,Literaturwettbewerb,René Egger,Das Drehkreuz,0.0651794555957755,0.1169041933659888,-0.0517247377702133,keine_dominanz
26,file:/C:/mallet/textkorpus/final_txtonly/2008_LW_Münchner-KGW_Robert-Weber_Vom-Vergessen-der-Welt_pp.txt,2008,LW,Literaturwettbewerb,Robert Weber,Vom Vergessen der Welt,0.0463733615877625,0.1800688437321325,-0.13369548214437,keine_dominanz
27,file:/C:/mallet/textkorpus/final_txtonly/2008_LW_OpenMike_Erster-Preis_SoniaPetner_Zitronen_pp.txt,2008,LW,Literaturwettbewerb,Erster Preis,SoniaPetner Zitronen,0.0,0.2432413517604399,-0.2432413517604399,keine_dominanz
28,file:/C:/mallet/textkorpus/final_txtonly/2008_LW_OpenMike_Preis-der-taz-Publikumsjury_JohannaWack_Punkte_pp.txt,2008,LW,Literaturwettbewerb,Preis der taz Publikumsjury,JohannaWack Punkte,0.0353877115794968,0.022503651752508,0.0128840598269888,keine_dominanz
29,file:/C:/mallet/textkorpus/final_txtonly/2008_LW_OpenMike_Zweiter-Preis_SvealenaKutschke_Rückspiegel_pp.txt,2008,LW,Literaturwettbewerb,Zweiter Preis,SvealenaKutschke Rückspiegel,0.0,0.0,0.0,keine_dominanz
30,file:/C:/mallet/textkorpus/final_txtonly/2008_LW_Schreibwettbewerb-Literaturhaus-Zürich_01_Daniel-Buess_Ein-Buch-zum-Hineinschreiben_pp.txt,2008,LW,Literaturwettbewerb,01,Daniel Buess Ein Buch zum Hineinschreiben,0.0327311123118587,0.0,0.0327311123118587,keine_dominanz
31,file:/C:/mallet/textkorpus/final_txtonly/2008_LW_Schreibwettbewerb-Literaturhaus-Zürich_02_Katrin-Früh_Mutterkind_pp.txt,2008,LW,Literaturwettbewerb,02,Katrin Früh Mutterkind,0.0,0.0227909663978255,-0.0227909663978255,keine_dominanz
32,file:/C:/mallet/textkorpus/final_txtonly/2008_LW_Schreibwettbewerb-Literaturhaus-Zürich_03_Barbara-Macek_insomnia_pp.txt,2008,LW,Literaturwettbewerb,03,Barbara Macek insomnia,0.0397875940311685,0.0486386248134648,-0.0088510307822963,keine_dominanz
33,file:/C:/mallet/textkorpus/final_txtonly/2008_LW_Schreibwettbewerb-Literaturhaus-Zürich_04_Daniel-Mezger_Hier-ist-eine-Geschichte_pp.txt,2008,LW,Literaturwettbewerb,04,Daniel Mezger Hier ist eine Geschichte,0.0,0.0,0.0,keine_dominanz
34,file:/C:/mallet/textkorpus/final_txtonly/2008_LW_Schreibwettbewerb-Literaturhaus-Zürich_05_Luzius-Lenherr_Bistro-Journal_pp.txt,2008,LW,Literaturwettbewerb,05,Luzius Lenherr Bistro Journal,0.0,0.0299681813893589,-0.0299681813893589,keine_dominanz
35,file:/C:/mallet/textkorpus/final_txtonly/2008_LW_Schreibwettbewerb-Literaturhaus-Zürich_06_Fabienne-Wydler_Tagebuch-aus-Kenia_pp.txt,2008,LW,Literaturwettbewerb,06,Fabienne Wydler Tagebuch aus Kenia,0.1878238831163206,0.0,0.1878238831163206,keine_dominanz
36,file:/C:/mallet/textkorpus/final_txtonly/2008_LW_Schreibwettbewerb-Literaturhaus-Zürich_07_Matthias-Amann_Wortlungen_pp.txt,2008,LW,Literaturwettbewerb,07,Matthias Amann Wortlungen,0.0,0.0,0.0,keine_dominanz
37,file:/C:/mallet/textkorpus/final_txtonly/2008_LW_Schreibwettbewerb-Literaturhaus-Zürich_09_Nadja-Schiller_Gegenlicht_pp.txt,2008,LW,Literaturwettbewerb,09,Nadja Schiller Gegenlicht,0.0,0.0365847260520735,-0.0365847260520735,keine_dominanz
38,file:/C:/mallet/textkorpus/final_txtonly/2008_LW_Schreibwettbewerb-Literaturhaus-Zürich_10_Barbara-Schuler_Stadtnacht-Stadtmorgen_pp.txt,2008,LW,Literaturwettbewerb,10,Barbara Schuler Stadtnacht Stadtmorgen,0.0,0.0483446070427871,-0.0483446070427871,keine_dominanz
39,"file:/C:/mallet/textkorpus/final_txtonly/2008_LW_Schreibwettbewerb-Literaturhaus-Zürich_11_Simone-Baumann_Vom-Sitzen,-vom-Stehen,-vom-Schneien-und-Gehen_pp.txt",2008,LW,Literaturwettbewerb,11,"Simone Baumann Vom Sitzen, vom Stehen, vom Schneien und Gehen",0.0,0.0287384557246906,-0.0287384557246906,keine_dominanz
40,file:/C:/mallet/textkorpus/final_txtonly/2008_LZ_SINN_1_Volker-Braun_Machwerk-oder-das-Schichtbuch-des-Flick-von-Lauchhammer_pp.txt,2008,LZ,Literaturzeitschrift,1,Volker Braun Machwerk oder das Schichtbuch des Flick von Lauchhammer,0.0685550652339493,0.0282110716504907,0.0403439935834586,keine_dominanz
41,file:/C:/mallet/textkorpus/final_txtonly/2008_LZ_SINN_3_Hartmut-Lange_Erinnerungen-an-meine-Mutter_pp.txt,2008,LZ,Literaturzeitschrift,3,Hartmut Lange Erinnerungen an meine Mutter,0.2564791149295061,0.0,0.2564791149295061,keine_dominanz
42,file:/C:/mallet/textkorpus/final_txtonly/2008_LZ_SINN_4_Brigitte-Kronauer_Lord-Nicht_pp.txt,2008,LZ,Literaturzeitschrift,4,Brigitte Kronauer Lord Nicht,0.1085673077555638,0.049257374335688,0.059309933419875796,keine_dominanz
43,file:/C:/mallet/textkorpus/final_txtonly/2008_LZ_SINN_4_Ingo-Schulze_Fast-ein-Märchen_pp.txt,2008,LZ,Literaturzeitschrift,4,Ingo Schulze Fast ein Märchen,0.09334691661517719,0.1547933999543982,-0.06144648333922101,keine_dominanz
44,file:/C:/mallet/textkorpus/final_txtonly/2008_LZ_SINN_4_Patrick-Hofmann_530-Auftritt_pp.txt,2008,LZ,Literaturzeitschrift,4,Patrick Hofmann 530 Auftritt,0.0,0.0491760773851477,-0.0491760773851477,keine_dominanz
45,file:/C:/mallet/textkorpus/final_txtonly/2008_LZ_SINN_4_Patrick-Hofmann_610-Das-Traumschiff_pp.txt,2008,LZ,Literaturzeitschrift,4,Patrick Hofmann 610 Das Traumschiff,0.20942459147297443,0.1161069433329633,0.09331764814001113,keine_dominanz
46,file:/C:/mallet/textkorpus/final_txtonly/2008_LZ_SINN_4_Patrick-Hofmann_720-Öffnen-Ausnehmen-Hacken_pp.txt,2008,LZ,Literaturzeitschrift,4,Patrick Hofmann 720 Öffnen Ausnehmen Hacken,0.0,0.0594101930846754,-0.0594101930846754,keine_dominanz
47,file:/C:/mallet/textkorpus/final_txtonly/2008_LZ_SINN_6_Roland-Bärwinkel_Mein-See_pp.txt,2008,LZ,Literaturzeitschrift,6,Roland Bärwinkel Mein See,0.1266618630850305,0.0983066102103145,0.02835525287471599,keine_dominanz
48,file:/C:/mallet/textkorpus/final_txtonly/2008_LZ_SPRITZ_185_Albrecht-Selge_Rumgehen_pp.txt,2008,LZ,Literaturzeitschrift,185,Albrecht Selge Rumgehen,0.0,0.0,0.0,keine_dominanz
49,file:/C:/mallet/textkorpus/final_txtonly/2008_LZ_SPRITZ_185_Volker-Kaminski_Mit-der-Strömung_pp.txt,2008,LZ,Literaturzeitschrift,185,Volker Kaminski Mit der Strömung,0.0219052659637897,0.1314149132983479,-0.1095096473345582,keine_dominanz
50,file:/C:/mallet/textkorpus/final_txtonly/2008_LZ_SPRITZ_186_Fatha-Sherko_Nachbar-und-Schreckgespenst-Eine-lange-Geschichte-missglückter-Integration-kurz-erzählt_pp.txt,2008,LZ,Literaturzeitschrift,186,Fatha Sherko Nachbar und Schreckgespenst Eine lange Geschichte missglückter Integration kurz erzählt,0.2652348110934951,0.0356626529628988,0.2295721581305963,keine_dominanz
51,file:/C:/mallet/textkorpus/final_txtonly/2008_LZ_SPRITZ_186_Ingo-Schulze_Adam-und-Evelyn_pp.txt,2008,LZ,Literaturzeitschrift,186,Ingo Schulze Adam und Evelyn,0.0,0.0,0.0,keine_dominanz
52,file:/C:/mallet/textkorpus/final_txtonly/2008_LZ_SPRITZ_187_Beate-Meierfrankenfeld_Aussichten_pp.txt,2008,LZ,Literaturzeitschrift,187,Beate Meierfrankenfeld Aussichten,0.0,0.062248380394085506,-0.062248380394085506,keine_dominanz
53,file:/C:/mallet/textkorpus/final_txtonly/2008_LZ_SPRITZ_188_Sibylle-Lewitscharoff_Unterwegs-mit-Rumen_pp.txt,2008,LZ,Literaturzeitschrift,188,Sibylle Lewitscharoff Unterwegs mit Rumen,0.0634576272832944,0.0455284660125722,0.017929161270722208,keine_dominanz
54,file:/C:/mallet/textkorpus/final_txtonly/2008_LZ_SPRITZ_Sonderheft_Friedrich-Kröhnke_Mit-der-Metro-nach-Kiew_pp.txt,2008,LZ,Literaturzeitschrift,Sonderheft,Friedrich Kröhnke Mit der Metro nach Kiew,0.0794476428539137,0.3046093136344824,-0.2251616707805687,keine_dominanz
55,file:/C:/mallet/textkorpus/final_txtonly/2008_OP_FF_Laura-A-Stern_Leuchtis-grosser-Tag_4821e776000064be0c907530_pp.txt,2008,OP,Online-Plattform,Laura A Stern,Leuchtis grosser Tag 4821e776000064be0c907530,0.0,0.0496398243364593,-0.0496398243364593,keine_dominanz
56,file:/C:/mallet/textkorpus/final_txtonly/2008_OP_FF_Maginisha_Moderne-Zeiten-Der-Tod-hat-s-auch-nicht-leicht_488d8a6f00009bdb0c907530_pp.txt,2008,OP,Online-Plattform,Maginisha,Moderne Zeiten Der Tod hat s auch nicht leicht 488d8a6f00009bdb0c907530,0.15270823996994431,0.0,0.15270823996994431,keine_dominanz
57,file:/C:/mallet/textkorpus/final_txtonly/2008_OP_FF_Sam-Chaucer_Der-Bruder_478a9a94000079760c907530_pp.txt,2008,OP,Online-Plattform,Sam Chaucer,Der Bruder 478a9a94000079760c907530,0.0,0.0,0.0,keine_dominanz
58,file:/C:/mallet/textkorpus/final_txtonly/2008_OP_FF_Traeumer_Volk-ohne-Revolution_48426646000052900c907530_pp.txt,2008,OP,Online-Plattform,Traeumer,Volk ohne Revolution 48426646000052900c907530,0.4450634239994268,0.0,0.4450634239994268,dominant_kritisch
59,file:/C:/mallet/textkorpus/final_txtonly/2009_B_Die-Zeitwaage_Lutz-Seiler_Das-letzte-Mal_pp.txt,2009,B,Buch,Lutz Seiler,Das letzte Mal,0.0,0.256676710241848,-0.256676710241848,keine_dominanz
60,file:/C:/mallet/textkorpus/final_txtonly/2009_B_Die-Zeitwaage_Lutz-Seiler_Der-Badgang_pp.txt,2009,B,Buch,Lutz Seiler,Der Badgang,0.0,0.0464351349844384,-0.0464351349844384,keine_dominanz
61,file:/C:/mallet/textkorpus/final_txtonly/2009_B_Die-Zeitwaage_Lutz-Seiler_Der-gute-Sohn_pp.txt,2009,B,Buch,Lutz Seiler,Der gute Sohn,0.0,0.0826345383294559,-0.0826345383294559,keine_dominanz
62,file:/C:/mallet/textkorpus/final_txtonly/2009_B_Die-Zeitwaage_Lutz-Seiler_Der-Stotterer_pp.txt,2009,B,Buch,Lutz Seiler,Der Stotterer,0.1901740613733058,0.0257587716816105,0.1644152896916953,keine_dominanz
63,file:/C:/mallet/textkorpus/final_txtonly/2009_B_Die-Zeitwaage_Lutz-Seiler_Die-Schuldamsel_pp.txt,2009,B,Buch,Lutz Seiler,Die Schuldamsel,0.0282289000368751,0.2132521111163759,-0.18502321107950082,keine_dominanz
64,file:/C:/mallet/textkorpus/final_txtonly/2009_B_Die-Zeitwaage_Lutz-Seiler_Die-Zeitwaage_pp.txt,2009,B,Buch,Lutz Seiler,Die Zeitwaage,0.1686938535253043,0.0,0.1686938535253043,keine_dominanz
65,file:/C:/mallet/textkorpus/final_txtonly/2009_B_Die-Zeitwaage_Lutz-Seiler_Frank_pp.txt,2009,B,Buch,Lutz Seiler,Frank,0.0,0.0851236505949593,-0.0851236505949593,keine_dominanz
66,file:/C:/mallet/textkorpus/final_txtonly/2009_B_Die-Zeitwaage_Lutz-Seiler_Im-Geräusch_pp.txt,2009,B,Buch,Lutz Seiler,Im Geräusch,0.0,0.0,0.0,keine_dominanz
67,file:/C:/mallet/textkorpus/final_txtonly/2009_B_Die-Zeitwaage_Lutz-Seiler_Na_pp.txt,2009,B,Buch,Lutz Seiler,Na,0.0,0.26018114382345736,-0.26018114382345736,keine_dominanz
68,file:/C:/mallet/textkorpus/final_txtonly/2009_B_Die-Zeitwaage_Lutz-Seiler_Turksib_pp.txt,2009,B,Buch,Lutz Seiler,Turksib,0.0244211158974194,0.1862659116782662,-0.1618447957808468,keine_dominanz
69,file:/C:/mallet/textkorpus/final_txtonly/2009_B_Die-Zeitwaage_Lutz-Seiler_Und-jetzt-erschießen-wir-dich-du-alter-Mann_pp.txt,2009,B,Buch,Lutz Seiler,Und jetzt erschießen wir dich du alter Mann,0.2118617689236791,0.0,0.2118617689236791,keine_dominanz
70,file:/C:/mallet/textkorpus/final_txtonly/2009_B_Gestern-war-auch-schon-ein-Tag_Finn-Ole-Heinrich_Machst-du-bitte-mit-Henning_pp.txt,2009,B,Buch,Finn Ole Heinrich,Machst du bitte mit Henning,0.0,0.0,0.0,keine_dominanz
71,file:/C:/mallet/textkorpus/final_txtonly/2009_B_Gestern-war-auch-schon-ein-Tag_Finn-Ole-Heinrich_Samstags_pp.txt,2009,B,Buch,Finn Ole Heinrich,Samstags,0.0,0.0379365827804848,-0.0379365827804848,keine_dominanz
72,file:/C:/mallet/textkorpus/final_txtonly/2009_B_Gestern-war-auch-schon-ein-Tag_Finn-Ole-Heinrich_Schubert-wäre-gern-geheimnisvoll_pp.txt,2009,B,Buch,Finn Ole Heinrich,Schubert wäre gern geheimnisvoll,0.0,0.0563404905352884,-0.0563404905352884,keine_dominanz
73,file:/C:/mallet/textkorpus/final_txtonly/2009_B_Gestern-war-auch-schon-ein-Tag_Finn-Ole-Heinrich_Sie-hat-den-Herbst-gewonnen_pp.txt,2009,B,Buch,Finn Ole Heinrich,Sie hat den Herbst gewonnen,0.0,0.11374541742209801,-0.11374541742209801,keine_dominanz
74,file:/C:/mallet/textkorpus/final_txtonly/2009_B_Gestern-war-auch-schon-ein-Tag_Finn-Ole-Heinrich_Wenn-man-gesungen-sagt_pp.txt,2009,B,Buch,Finn Ole Heinrich,Wenn man gesungen sagt,0.0242704440032015,0.0481637875067602,-0.023893343503558703,keine_dominanz
75,file:/C:/mallet/textkorpus/final_txtonly/2009_B_Gestern-war-auch-schon-ein-Tag_Finn-Ole-Heinrich_Wessi_pp.txt,2009,B,Buch,Finn Ole Heinrich,Wessi,0.0,0.2519788690453594,-0.2519788690453594,keine_dominanz
76,file:/C:/mallet/textkorpus/final_txtonly/2009_B_Gestern-war-auch-schon-ein-Tag_Finn-Ole-Heinrich_Zeit-der-Witze_pp.txt,2009,B,Buch,Finn Ole Heinrich,Zeit der Witze,0.0,0.0516494196544802,-0.0516494196544802,keine_dominanz
77,file:/C:/mallet/textkorpus/final_txtonly/2009_B_Ich-kann-jeder-sagen_Robert-Menasse_Anekdoten-mit-Toten_pp.txt,2009,B,Buch,Robert Menasse,Anekdoten mit Toten,0.4014732204419894,0.0394707290847097,0.3620024913572797,dominant_kritisch
78,file:/C:/mallet/textkorpus/final_txtonly/2009_B_Ich-kann-jeder-sagen_Robert-Menasse_Aufklärung-kommt-vor-dem-Fall_pp.txt,2009,B,Buch,Robert Menasse,Aufklärung kommt vor dem Fall,0.35584481762614917,0.0346588318380521,0.3211859857880971,keine_dominanz
79,file:/C:/mallet/textkorpus/final_txtonly/2009_B_Ich-kann-jeder-sagen_Robert-Menasse_Beginnen_pp.txt,2009,B,Buch,Robert Menasse,Beginnen,0.086946830481128,0.0243018301931611,0.0626450002879669,keine_dominanz
80,file:/C:/mallet/textkorpus/final_txtonly/2009_B_Ich-kann-jeder-sagen_Robert-Menasse_Chronik-der-Girardigasse_pp.txt,2009,B,Buch,Robert Menasse,Chronik der Girardigasse,0.1519968385544616,0.0,0.1519968385544616,keine_dominanz
81,file:/C:/mallet/textkorpus/final_txtonly/2009_B_Ich-kann-jeder-sagen_Robert-Menasse_Das%20Ende%20des%20Hungerwinters_pp.txt,2009,B,Buch,Robert Menasse,Das%20Ende%20des%20Hungerwinters,0.0540039066480136,0.264864387667806,-0.2108604810197924,keine_dominanz
82,file:/C:/mallet/textkorpus/final_txtonly/2009_B_Ich-kann-jeder-sagen_Robert-Menasse_Der-Geruch-des-Glücks_pp.txt,2009,B,Buch,Robert Menasse,Der Geruch des Glücks,0.145060175838445,0.09993586532785301,0.045124310510591986,keine_dominanz
83,file:/C:/mallet/textkorpus/final_txtonly/2009_B_Ich-kann-jeder-sagen_Robert-Menasse_Die-amerikanische-Brille_pp.txt,2009,B,Buch,Robert Menasse,Die amerikanische Brille,0.2450999959141235,0.0,0.2450999959141235,keine_dominanz
84,file:/C:/mallet/textkorpus/final_txtonly/2009_B_Ich-kann-jeder-sagen_Robert-Menasse_Die-blauen-Bände_pp.txt,2009,B,Buch,Robert Menasse,Die blauen Bände,0.2752353071036421,0.0,0.2752353071036421,keine_dominanz
85,file:/C:/mallet/textkorpus/final_txtonly/2009_B_Ich-kann-jeder-sagen_Robert-Menasse_Die-neuen-Leiden-des-fremden-Freunds_pp.txt,2009,B,Buch,Robert Menasse,Die neuen Leiden des fremden Freunds,0.49825229875729987,0.0,0.49825229875729987,dominant_kritisch
86,file:/C:/mallet/textkorpus/final_txtonly/2009_B_Ich-kann-jeder-sagen_Robert-Menasse_Ewige-Jugend_pp.txt,2009,B,Buch,Robert Menasse,Ewige Jugend,0.3011955042382235,0.0609734451402277,0.2402220590979958,keine_dominanz
87,file:/C:/mallet/textkorpus/final_txtonly/2009_B_Ich-kann-jeder-sagen_Robert-Menasse_Glück-in-Luxemburg_pp.txt,2009,B,Buch,Robert Menasse,Glück in Luxemburg,0.0782117397932137,0.0,0.0782117397932137,keine_dominanz
88,file:/C:/mallet/textkorpus/final_txtonly/2009_B_Ich-kann-jeder-sagen_Robert-Menasse_Lange-nicht-gesehen_pp.txt,2009,B,Buch,Robert Menasse,Lange nicht gesehen,0.1522825491670288,0.028443437168266,0.1238391119987628,keine_dominanz
89,file:/C:/mallet/textkorpus/final_txtonly/2009_B_Ich-kann-jeder-sagen_Robert-Menasse_Romantische-Irrtümer_pp.txt,2009,B,Buch,Robert Menasse,Romantische Irrtümer,0.1796205532749603,0.0,0.1796205532749603,keine_dominanz
90,file:/C:/mallet/textkorpus/final_txtonly/2009_B_Ich-kann-jeder-sagen_Robert-Menasse_Schluss-machen_pp.txt,2009,B,Buch,Robert Menasse,Schluss machen,0.17540005303678852,0.0,0.17540005303678852,keine_dominanz
91,file:/C:/mallet/textkorpus/final_txtonly/2009_B_Ruhm_Daniel-Kehlmann_Antwort-an-die-Äbtissin_pp.txt,2009,B,Buch,Daniel Kehlmann,Antwort an die Äbtissin,0.1365946303414115,0.0387971631185224,0.0977974672228891,keine_dominanz
92,file:/C:/mallet/textkorpus/final_txtonly/2009_B_Ruhm_Daniel-Kehlmann_Der-Ausweg_pp.txt,2009,B,Buch,Daniel Kehlmann,Der Ausweg,0.0308810207185313,0.0,0.0308810207185313,keine_dominanz
93,file:/C:/mallet/textkorpus/final_txtonly/2009_B_Ruhm_Daniel-Kehlmann_Ein-Beitrag-zur-Debatte_pp.txt,2009,B,Buch,Daniel Kehlmann,Ein Beitrag zur Debatte,0.0,0.0,0.0,keine_dominanz
94,file:/C:/mallet/textkorpus/final_txtonly/2009_B_Ruhm_Daniel-Kehlmann_In-Gefahr2_pp.txt,2009,B,Buch,Daniel Kehlmann,In Gefahr2,0.0458534000689372,0.0,0.0458534000689372,keine_dominanz
95,file:/C:/mallet/textkorpus/final_txtonly/2009_B_Ruhm_Daniel-Kehlmann_In-Gefahr_pp.txt,2009,B,Buch,Daniel Kehlmann,In Gefahr,0.0356091859429646,0.0,0.0356091859429646,keine_dominanz
96,file:/C:/mallet/textkorpus/final_txtonly/2009_B_Ruhm_Daniel-Kehlmann_Osten_pp.txt,2009,B,Buch,Daniel Kehlmann,Osten,0.0,0.0200911676506652,-0.0200911676506652,keine_dominanz
97,file:/C:/mallet/textkorpus/final_txtonly/2009_B_Ruhm_Daniel-Kehlmann_Rosalie-geht-sterben_pp.txt,2009,B,Buch,Daniel Kehlmann,Rosalie geht sterben,0.0205846293492669,0.0,0.0205846293492669,keine_dominanz
98,file:/C:/mallet/textkorpus/final_txtonly/2009_B_Ruhm_Daniel-Kehlmann_Stimmen_pp.txt,2009,B,Buch,Daniel Kehlmann,Stimmen,0.0265397690229326,0.0,0.0265397690229326,keine_dominanz
99,file:/C:/mallet/textkorpus/final_txtonly/2009_LW_Bachmann_3sat-Preis_Gregor-Sander_Winterfisch_pp.txt,2009,LW,Literaturwettbewerb,3sat Preis,Gregor Sander Winterfisch,0.0254738361389485,0.1834823838829236,-0.1580085477439751,keine_dominanz
100,file:/C:/mallet/textkorpus/final_txtonly/2009_LW_Bachmann_Bachmannpreis_Jens-Petersen_Bis-dass-der-Tod_AUSZUG_pp.txt,2009,LW,Literaturwettbewerb,Bachmannpreis,Jens Petersen Bis dass der Tod AUSZUG,0.0,0.0974923946656045,-0.0974923946656045,keine_dominanz
101,file:/C:/mallet/textkorpus/final_txtonly/2009_LW_Bachmann_Ernst-Willner-Preis_Katharina-Born_Fifty-Fifty_pp.txt,2009,LW,Literaturwettbewerb,Ernst Willner Preis,Katharina Born Fifty Fifty,0.0,0.16106083270051091,-0.16106083270051091,keine_dominanz
102,file:/C:/mallet/textkorpus/final_txtonly/2009_LW_Bachmann_Kelag-Preis_Ralf-Bönt_Der-Fotoeffekt_AUSZUG_pp.txt,2009,LW,Literaturwettbewerb,Kelag Preis,Ralf Bönt Der Fotoeffekt AUSZUG,0.0799400296194008,0.0313873536278816,0.048552675991519204,keine_dominanz
103,file:/C:/mallet/textkorpus/final_txtonly/2009_LW_Bachmann_Publikumspreis_Karsten-Krampitz_Heimgehen_pp.txt,2009,LW,Literaturwettbewerb,Publikumspreis,Karsten Krampitz Heimgehen,0.17750891421628928,0.0434941422485233,0.13401477196776598,keine_dominanz
104,file:/C:/mallet/textkorpus/final_txtonly/2009_LW_Moerser-Literaturpreis_01_Christoph-Rehlinghaus_Nach-den-Sternen-greifen_pp.txt,2009,LW,Literaturwettbewerb,01,Christoph Rehlinghaus Nach den Sternen greifen,0.0,0.0277512983795148,-0.0277512983795148,keine_dominanz
105,file:/C:/mallet/textkorpus/final_txtonly/2009_LW_Moerser-Literaturpreis_02_Dirk-Brall_Transit_pp.txt,2009,LW,Literaturwettbewerb,02,Dirk Brall Transit,0.0,0.0,0.0,keine_dominanz
106,file:/C:/mallet/textkorpus/final_txtonly/2009_LW_Moerser-Literaturpreis_03_Iris-Schmidt_Lady-Warrior_pp.txt,2009,LW,Literaturwettbewerb,03,Iris Schmidt Lady Warrior,0.0,0.0539281638093027,-0.0539281638093027,keine_dominanz
107,file:/C:/mallet/textkorpus/final_txtonly/2009_LW_Münchner-KGW_2_Andreas-Kurz_Gute-Haehne_pp.txt,2009,LW,Literaturwettbewerb,2,Andreas Kurz Gute Haehne,0.0,0.0412390732285186,-0.0412390732285186,keine_dominanz
108,file:/C:/mallet/textkorpus/final_txtonly/2009_LW_Münchner-KGW_2_Heinrich-Beindorf_Zu-wenig-zuviel_pp.txt,2009,LW,Literaturwettbewerb,2,Heinrich Beindorf Zu wenig zuviel,0.0276227537467877,0.0427635867377711,-0.0151408329909834,keine_dominanz
109,file:/C:/mallet/textkorpus/final_txtonly/2009_LW_Münchner-KGW_2_Kerstin-Kempker_Und-abends-auf-dem-Entenstrich_pp.txt,2009,LW,Literaturwettbewerb,2,Kerstin Kempker Und abends auf dem Entenstrich,0.0346123881016163,0.200297650692867,-0.16568526259125071,keine_dominanz
110,file:/C:/mallet/textkorpus/final_txtonly/2009_LW_Münchner-KGW_2_Nicole-Makarewicz_Heisshunger_pp.txt,2009,LW,Literaturwettbewerb,2,Nicole Makarewicz Heisshunger,0.0214614126997561,0.3651338417405897,-0.3436724290408336,keine_dominanz
111,file:/C:/mallet/textkorpus/final_txtonly/2009_LW_Münchner-KGW_Isabella-Straub_Knospentheater_pp.txt,2009,LW,Literaturwettbewerb,Isabella Straub,Knospentheater,0.0301635433529326,0.0400142045541966,-0.009850661201264002,keine_dominanz
112,file:/C:/mallet/textkorpus/final_txtonly/2009_LW_Münchner-KGW_Julia-Pass_Kaninchenblues_pp.txt,2009,LW,Literaturwettbewerb,Julia Pass,Kaninchenblues,0.0,0.0352894578760766,-0.0352894578760766,keine_dominanz
113,file:/C:/mallet/textkorpus/final_txtonly/2009_LW_Münchner-KGW_Monika-Goetsch_Um-drei-am-See_pp.txt,2009,LW,Literaturwettbewerb,Monika Goetsch,Um drei am See,0.0,0.1172764141188585,-0.1172764141188585,keine_dominanz
114,file:/C:/mallet/textkorpus/final_txtonly/2009_LW_Münchner-KGW_Stephan-Waldscheidt_Mademoiselle-Saphir-erwacht_pp.txt,2009,LW,Literaturwettbewerb,Stephan Waldscheidt,Mademoiselle Saphir erwacht,0.0259635406673196,0.1558677667657528,-0.12990422609843322,keine_dominanz
115,file:/C:/mallet/textkorpus/final_txtonly/2009_LW_OpenMike_Erster-Preis_Inger-MariaMahlke_3-Kapitel-Potulski-I_pp.txt,2009,LW,Literaturwettbewerb,Erster Preis,Inger MariaMahlke 3 Kapitel Potulski I,0.0250987579057575,0.0,0.0250987579057575,keine_dominanz
116,file:/C:/mallet/textkorpus/final_txtonly/2009_LW_OpenMike_Zweiter-Preis_MatthiasSenkel_Peng-Peng-Peng-Peng_pp.txt,2009,LW,Literaturwettbewerb,Zweiter Preis,MatthiasSenkel Peng Peng Peng Peng,0.046152475272601,0.0586292835470629,-0.012476808274461897,keine_dominanz
117,file:/C:/mallet/textkorpus/final_txtonly/2009_LW_Schreibwettbewerb-Literaturhaus-Zürich_01_Isabel-Flynn_Haselborn_pp.txt,2009,LW,Literaturwettbewerb,01,Isabel Flynn Haselborn,0.0,0.0612494279955602,-0.0612494279955602,keine_dominanz
118,file:/C:/mallet/textkorpus/final_txtonly/2009_LW_Schreibwettbewerb-Literaturhaus-Zürich_02_Anamaria-Novak_Ein-rotes-Tor_pp.txt,2009,LW,Literaturwettbewerb,02,Anamaria Novak Ein rotes Tor,0.0,0.11716956878318159,-0.11716956878318159,keine_dominanz
119,file:/C:/mallet/textkorpus/final_txtonly/2009_LW_Schreibwettbewerb-Literaturhaus-Zürich_03_Niklaus-Epp_Die-Prozession_pp.txt,2009,LW,Literaturwettbewerb,03,Niklaus Epp Die Prozession,0.2370530654679785,0.0661061892423987,0.1709468762255798,keine_dominanz
120,file:/C:/mallet/textkorpus/final_txtonly/2009_LW_Schreibwettbewerb-Literaturhaus-Zürich_04_Jan-Arn_Die-Krähe_pp.txt,2009,LW,Literaturwettbewerb,04,Jan Arn Die Krähe,0.0522533414411249,0.37668839453833003,-0.3244350530972051,keine_dominanz
121,file:/C:/mallet/textkorpus/final_txtonly/2009_LW_Schreibwettbewerb-Literaturhaus-Zürich_05_Jutta-Reichelt_Es-wäre-schön_pp.txt,2009,LW,Literaturwettbewerb,05,Jutta Reichelt Es wäre schön,0.0,0.0247278846487326,-0.0247278846487326,keine_dominanz
122,file:/C:/mallet/textkorpus/final_txtonly/2009_LW_Schreibwettbewerb-Literaturhaus-Zürich_06_Rita-Roedel_Kreuzstichordnung_pp.txt,2009,LW,Literaturwettbewerb,06,Rita Roedel Kreuzstichordnung,0.0,0.0415037587991979,-0.0415037587991979,keine_dominanz
123,file:/C:/mallet/textkorpus/final_txtonly/2009_LW_Schreibwettbewerb-Literaturhaus-Zürich_07_Maja-Peter_Ein-Brief_pp.txt,2009,LW,Literaturwettbewerb,07,Maja Peter Ein Brief,0.0,0.0477505282181107,-0.0477505282181107,keine_dominanz
124,file:/C:/mallet/textkorpus/final_txtonly/2009_LW_Schreibwettbewerb-Literaturhaus-Zürich_08_Dragica-Rajčić_Jesus-auf-der-Zunge_pp.txt,2009,LW,Literaturwettbewerb,08,Dragica Rajčić Jesus auf der Zunge,0.0403704879232976,0.0681454801234188,-0.027774992200121196,keine_dominanz
125,file:/C:/mallet/textkorpus/final_txtonly/2009_LW_Schreibwettbewerb-Literaturhaus-Zürich_09_Katja-Brunner_In-der-Wohnung_pp.txt,2009,LW,Literaturwettbewerb,09,Katja Brunner In der Wohnung,0.0,0.0891364901835559,-0.0891364901835559,keine_dominanz
126,file:/C:/mallet/textkorpus/final_txtonly/2009_LW_Schreibwettbewerb-Literaturhaus-Zürich_10_Thomas-Kadelbach_WO-LIEGT-AFRIKA$%25Pw%25$_pp.txt,2009,LW,Literaturwettbewerb,10,Thomas Kadelbach WO LIEGT AFRIKA$%25Pw%25$,0.0,0.0274548992122313,-0.0274548992122313,keine_dominanz
127,file:/C:/mallet/textkorpus/final_txtonly/2009_LW_Schreibwettbewerb-Literaturhaus-Zürich_11_Patric-Marino_Mio-nonno-è-un-astronauta_pp.txt,2009,LW,Literaturwettbewerb,11,Patric Marino Mio nonno è un astronauta,0.0,0.1508537904074397,-0.1508537904074397,keine_dominanz
128,file:/C:/mallet/textkorpus/final_txtonly/2009_LZ_SINN_1_Nancy-Hünger_So-sag-Jerusalem-welches-Tor_pp.txt,2009,LZ,Literaturzeitschrift,1,Nancy Hünger So sag Jerusalem welches Tor,0.0,0.09663544948327149,-0.09663544948327149,keine_dominanz
129,file:/C:/mallet/textkorpus/final_txtonly/2009_LZ_SINN_3_Hartmut-Lange_Der-Mörder-meines-Bruders_pp.txt,2009,LZ,Literaturzeitschrift,3,Hartmut Lange Der Mörder meines Bruders,0.0,0.0355189811970523,-0.0355189811970523,keine_dominanz
130,file:/C:/mallet/textkorpus/final_txtonly/2009_LZ_SINN_6_Thomas-Hürlimann_Das-Motorrad_pp.txt,2009,LZ,Literaturzeitschrift,6,Thomas Hürlimann Das Motorrad,0.0707440003739978,0.0736121019184181,-0.0028681015444202984,keine_dominanz
131,file:/C:/mallet/textkorpus/final_txtonly/2009_LZ_SPRITZ_189_Daniela-Dröscher_Ventimigla-di-Sicilia_pp.txt,2009,LZ,Literaturzeitschrift,189,Daniela Dröscher Ventimigla di Sicilia,0.0209832849809524,0.0788204146724768,-0.0578371296915244,keine_dominanz
132,file:/C:/mallet/textkorpus/final_txtonly/2009_LZ_SPRITZ_189_Michaela-Heissenberger_Das-Tier_pp.txt,2009,LZ,Literaturzeitschrift,189,Michaela Heissenberger Das Tier,0.0,0.38950257683487444,-0.38950257683487444,dominant_unterhaltend
133,file:/C:/mallet/textkorpus/final_txtonly/2009_LZ_SPRITZ_189_Michaela-Heissenberger_Der-Turm_pp.txt,2009,LZ,Literaturzeitschrift,189,Michaela Heissenberger Der Turm,0.1036075204552932,0.1466794089673561,-0.043071888512062895,keine_dominanz
134,file:/C:/mallet/textkorpus/final_txtonly/2009_LZ_SPRITZ_189_Michaela-Heissenberger_Der-Wolf_pp.txt,2009,LZ,Literaturzeitschrift,189,Michaela Heissenberger Der Wolf,0.0,0.0662632524722193,-0.0662632524722193,keine_dominanz
135,file:/C:/mallet/textkorpus/final_txtonly/2009_LZ_SPRITZ_189_Michaela-Heissenberger_Die-Ernte_pp.txt,2009,LZ,Literaturzeitschrift,189,Michaela Heissenberger Die Ernte,0.0,0.2324313573200725,-0.2324313573200725,keine_dominanz
136,file:/C:/mallet/textkorpus/final_txtonly/2009_LZ_SPRITZ_189_Michaela-Heissenberger_Die-Käsehändlerin_pp.txt,2009,LZ,Literaturzeitschrift,189,Michaela Heissenberger Die Käsehändlerin,0.0,0.1046228876971674,-0.1046228876971674,keine_dominanz
137,file:/C:/mallet/textkorpus/final_txtonly/2009_LZ_SPRITZ_189_Michaela-Heissenberger_Die-Münzen_pp.txt,2009,LZ,Literaturzeitschrift,189,Michaela Heissenberger Die Münzen,0.0,0.0,0.0,keine_dominanz
138,file:/C:/mallet/textkorpus/final_txtonly/2009_LZ_SPRITZ_189_Michaela-Heissenberger_Pipihendi_pp.txt,2009,LZ,Literaturzeitschrift,189,Michaela Heissenberger Pipihendi,0.0,0.1184580637879997,-0.1184580637879997,keine_dominanz
139,file:/C:/mallet/textkorpus/final_txtonly/2009_LZ_SPRITZ_190_Feridun-Zaimoglu_Volkes-Gesänge_pp.txt,2009,LZ,Literaturzeitschrift,190,Feridun Zaimoglu Volkes Gesänge,0.29292775922384306,0.12459863998363951,0.16832911924020355,keine_dominanz
140,file:/C:/mallet/textkorpus/final_txtonly/2009_LZ_SPRITZ_190_Jürgen-Theobaldy_Am-Ball_pp.txt,2009,LZ,Literaturzeitschrift,190,Jürgen Theobaldy Am Ball,0.0,0.306442985443601,-0.306442985443601,keine_dominanz
141,file:/C:/mallet/textkorpus/final_txtonly/2009_LZ_SPRITZ_190_Jürgen-Theobaldy_Die-Stille-danach_pp.txt,2009,LZ,Literaturzeitschrift,190,Jürgen Theobaldy Die Stille danach,0.12113970667275151,0.0,0.12113970667275151,keine_dominanz
142,file:/C:/mallet/textkorpus/final_txtonly/2009_LZ_SPRITZ_190_Jürgen-Theobaldy_Einer-der-Sich-getraut_pp.txt,2009,LZ,Literaturzeitschrift,190,Jürgen Theobaldy Einer der Sich getraut,0.1206132378929296,0.0217479615047547,0.09886527638817491,keine_dominanz
143,file:/C:/mallet/textkorpus/final_txtonly/2009_LZ_SPRITZ_190_Jürgen-Theobaldy_Gesellen-der-Liebe_pp.txt,2009,LZ,Literaturzeitschrift,190,Jürgen Theobaldy Gesellen der Liebe,0.0,0.0,0.0,keine_dominanz
144,file:/C:/mallet/textkorpus/final_txtonly/2009_LZ_SPRITZ_190_Jürgen-Theobaldy_Nicht-umsonst!_pp.txt,2009,LZ,Literaturzeitschrift,190,Jürgen Theobaldy Nicht umsonst!,0.0497107139567328,0.1959553588003678,-0.146244644843635,keine_dominanz
145,file:/C:/mallet/textkorpus/final_txtonly/2009_LZ_SPRITZ_190_Jürgen-Theobaldy_Nichts-geschenkt!_pp.txt,2009,LZ,Literaturzeitschrift,190,Jürgen Theobaldy Nichts geschenkt!,0.0,0.0,0.0,keine_dominanz
146,file:/C:/mallet/textkorpus/final_txtonly/2009_LZ_SPRITZ_190_Jürgen-Theobaldy_Stille-Verlierer_pp.txt,2009,LZ,Literaturzeitschrift,190,Jürgen Theobaldy Stille Verlierer,0.0,0.2682539257392344,-0.2682539257392344,keine_dominanz
147,file:/C:/mallet/textkorpus/final_txtonly/2009_LZ_SPRITZ_191_Mathias-Messmer_Die-Tränen-des-Feuervogels_pp.txt,2009,LZ,Literaturzeitschrift,191,Mathias Messmer Die Tränen des Feuervogels,0.0459750594924334,0.1208336363061826,-0.0748585768137492,keine_dominanz
148,file:/C:/mallet/textkorpus/final_txtonly/2009_LZ_SPRITZ_192_Angelica-Anmar_Blaue-Klinge_pp.txt,2009,LZ,Literaturzeitschrift,192,Angelica Anmar Blaue Klinge,0.0,0.0206828835182594,-0.0206828835182594,keine_dominanz
149,file:/C:/mallet/textkorpus/final_txtonly/2009_LZ_SPRITZ_192_Gert-Loschütz_Beerdigung_pp.txt,2009,LZ,Literaturzeitschrift,192,Gert Loschütz Beerdigung,0.12824215596945682,0.0216245465510819,0.10661760941837492,keine_dominanz
150,file:/C:/mallet/textkorpus/final_txtonly/2009_LZ_SPRITZ_192_Volker-Kaminski_Das-Geheimnis-der-Siedlung_pp.txt,2009,LZ,Literaturzeitschrift,192,Volker Kaminski Das Geheimnis der Siedlung,0.0,0.1024207380499434,-0.1024207380499434,keine_dominanz
151,file:/C:/mallet/textkorpus/final_txtonly/2009_OP_FF_Ace-Kaiser_Die-Schule-des-Nicht-Beachtens_4a30135800007dac0c907530_pp.txt,2009,OP,Online-Plattform,Ace Kaiser,Die Schule des Nicht Beachtens 4a30135800007dac0c907530,0.0,0.1506250578859289,-0.1506250578859289,keine_dominanz
152,file:/C:/mallet/textkorpus/final_txtonly/2009_OP_FF_CoraLan_Der-Verraeterische_4994a0b3000087210c907530_pp.txt,2009,OP,Online-Plattform,CoraLan,Der Verraeterische 4994a0b3000087210c907530,0.0,0.064994551918669,-0.064994551918669,keine_dominanz
153,file:/C:/mallet/textkorpus/final_txtonly/2009_OP_FF_DawiL-Danger_Nachbarn_496a005a000041270c907530_pp.txt,2009,OP,Online-Plattform,DawiL Danger,Nachbarn 496a005a000041270c907530,0.0,0.0,0.0,keine_dominanz
154,file:/C:/mallet/textkorpus/final_txtonly/2009_OP_FF_Dunkle-Flamme_Ich-hasse-Linguistik_49da8cd000001e160c907530_pp.txt,2009,OP,Online-Plattform,Dunkle Flamme,Ich hasse Linguistik 49da8cd000001e160c907530,0.0,0.0,0.0,keine_dominanz
155,file:/C:/mallet/textkorpus/final_txtonly/2009_OP_FF_Len_Fremd_4aacaa14000069580c907530_pp.txt,2009,OP,Online-Plattform,Len,Fremd 4aacaa14000069580c907530,0.0330915531207403,0.0558093221797479,-0.022717769059007596,keine_dominanz
156,file:/C:/mallet/textkorpus/final_txtonly/2009_OP_FF_Schokotier_Wir-muessen-jetzt-SOFORT-Sex-haben_4a3bb3290000570c0c907530_pp.txt,2009,OP,Online-Plattform,Schokotier,Wir muessen jetzt SOFORT Sex haben 4a3bb3290000570c0c907530,0.0330199632147834,0.0607886677956195,-0.0277687045808361,keine_dominanz
157,file:/C:/mallet/textkorpus/final_txtonly/2010_LW_Bachmann_3sat-Preis_Judith-Zander_Dinge-die-wir-heute-sagten_AUSZUG_pp.txt,2010,LW,Literaturwettbewerb,3sat Preis,Judith Zander Dinge die wir heute sagten AUSZUG,0.0,0.0248008666868522,-0.0248008666868522,keine_dominanz
158,file:/C:/mallet/textkorpus/final_txtonly/2010_LW_Bachmann_Bachmannpreis_Peter-Wawerzinek_Rabenliebe_AUSZUG_pp.txt,2010,LW,Literaturwettbewerb,Bachmannpreis,Peter Wawerzinek Rabenliebe AUSZUG,0.047311000088656,0.023422898696591,0.023888101392064997,keine_dominanz
159,file:/C:/mallet/textkorpus/final_txtonly/2010_LW_Bachmann_Ernst-Willner-Preis_Aleks-Scholz_Google-Earth_pp.txt,2010,LW,Literaturwettbewerb,Ernst Willner Preis,Aleks Scholz Google Earth,0.0,0.1715957231041211,-0.1715957231041211,keine_dominanz
160,file:/C:/mallet/textkorpus/final_txtonly/2010_LW_Bachmann_Kelag-Preis_Dorothee-Elmiger_Einladung-an-die-Waghalsigen_AUSZUG_pp.txt,2010,LW,Literaturwettbewerb,Kelag Preis,Dorothee Elmiger Einladung an die Waghalsigen AUSZUG,0.044954518476246,0.1020398014261262,-0.0570852829498802,keine_dominanz
161,file:/C:/mallet/textkorpus/final_txtonly/2010_LW_Moerser-Literaturpreis_01_Andrea-Reichert_Der-Faber-von-Recklinghausen_pp.txt,2010,LW,Literaturwettbewerb,01,Andrea Reichert Der Faber von Recklinghausen,0.0393866296523964,0.0,0.0393866296523964,keine_dominanz
162,file:/C:/mallet/textkorpus/final_txtonly/2010_LW_Moerser-Literaturpreis_02_Rolf-Lange_Ich-war-einmal_pp.txt,2010,LW,Literaturwettbewerb,02,Rolf Lange Ich war einmal,0.0,0.11216445173106049,-0.11216445173106049,keine_dominanz
163,file:/C:/mallet/textkorpus/final_txtonly/2010_LW_Moerser-Literaturpreis_03_Pia-Luisa-Steffen_Spurlos-verschwunden_pp.txt,2010,LW,Literaturwettbewerb,03,Pia Luisa Steffen Spurlos verschwunden,0.0873231330554518,0.1583143671363001,-0.0709912340808483,keine_dominanz
164,file:/C:/mallet/textkorpus/final_txtonly/2010_LW_Münchner-KGW_2_Adina-Huber_Geschichten-von-der-Straße_pp.txt,2010,LW,Literaturwettbewerb,2,Adina Huber Geschichten von der Straße,0.0,0.0249387472215604,-0.0249387472215604,keine_dominanz
165,file:/C:/mallet/textkorpus/final_txtonly/2010_LW_Münchner-KGW_2_Christina-Leicht_Kirschprinzessin_pp.txt,2010,LW,Literaturwettbewerb,2,Christina Leicht Kirschprinzessin,0.0,0.0618454750696737,-0.0618454750696737,keine_dominanz
166,file:/C:/mallet/textkorpus/final_txtonly/2010_LW_Münchner-KGW_2_Renate-C-Norder_Monika-zwischen-23-und-24-Uhr_pp.txt,2010,LW,Literaturwettbewerb,2,Renate C Norder Monika zwischen 23 und 24 Uhr,0.0,0.0246172003012131,-0.0246172003012131,keine_dominanz
167,file:/C:/mallet/textkorpus/final_txtonly/2010_LW_Münchner-KGW_2_Sabine-Raml_Alphatiere_pp.txt,2010,LW,Literaturwettbewerb,2,Sabine Raml Alphatiere,0.0,0.0720739330326561,-0.0720739330326561,keine_dominanz
168,file:/C:/mallet/textkorpus/final_txtonly/2010_LW_Münchner-KGW_Andreas-Kurz_Grünwald_pp.txt,2010,LW,Literaturwettbewerb,Andreas Kurz,Grünwald,0.0590528829131581,0.0634414944610823,-0.0043886115479242,keine_dominanz
169,file:/C:/mallet/textkorpus/final_txtonly/2010_LW_Münchner-KGW_Friedrich-Ani_Licht-in-der-Frauenstraße_pp.txt,2010,LW,Literaturwettbewerb,Friedrich Ani,Licht in der Frauenstraße,0.0,0.0,0.0,keine_dominanz
170,file:/C:/mallet/textkorpus/final_txtonly/2010_LW_Münchner-KGW_Roland-Krause_Juttas-Brust_pp.txt,2010,LW,Literaturwettbewerb,Roland Krause,Juttas Brust,0.0,0.0423399194445843,-0.0423399194445843,keine_dominanz
171,file:/C:/mallet/textkorpus/final_txtonly/2010_LW_Münchner-KGW_Werner-Duck_Wir-moegen-uns-aber-nicht-an-jedem_pp.txt,2010,LW,Literaturwettbewerb,Werner Duck,Wir moegen uns aber nicht an jedem,0.09969819052010778,0.0,0.09969819052010778,keine_dominanz
172,file:/C:/mallet/textkorpus/final_txtonly/2010_LW_OpenMike_Jan-Snela_Milchgesicht_pp.txt,2010,LW,Literaturwettbewerb,Jan Snela,Milchgesicht,0.0,0.0865890176975623,-0.0865890176975623,keine_dominanz
173,file:/C:/mallet/textkorpus/final_txtonly/2010_LW_OpenMike_Janko-Marklein_Wir-stellen-uns-nicht-dumm-an_pp.txt,2010,LW,Literaturwettbewerb,Janko Marklein,Wir stellen uns nicht dumm an,0.0,0.082512730437446,-0.082512730437446,keine_dominanz
174,file:/C:/mallet/textkorpus/final_txtonly/2010_LW_OpenMike_Sebastian-Polmans_Über-Peanuts-mich-und-andere-Sachen_pp.txt,2010,LW,Literaturwettbewerb,Sebastian Polmans,Über Peanuts mich und andere Sachen,0.0,0.0252752911879054,-0.0252752911879054,keine_dominanz
175,file:/C:/mallet/textkorpus/final_txtonly/2010_LW_Schreibwettbewerb-Literaturhaus-Zürich_01_Dominik-Busch_Abgekatert_pp.txt,2010,LW,Literaturwettbewerb,01,Dominik Busch Abgekatert,0.0709188383365278,0.0325840133631112,0.0383348249734166,keine_dominanz
176,file:/C:/mallet/textkorpus/final_txtonly/2010_LW_Schreibwettbewerb-Literaturhaus-Zürich_02_Susanne-Sourlier_Leo-erwacht-2050_pp.txt,2010,LW,Literaturwettbewerb,02,Susanne Sourlier Leo erwacht 2050,0.0293563019266346,0.0,0.0293563019266346,keine_dominanz
177,file:/C:/mallet/textkorpus/final_txtonly/2010_LW_Schreibwettbewerb-Literaturhaus-Zürich_03_David-Koch_When-I'm-62_pp.txt,2010,LW,Literaturwettbewerb,03,David Koch When I'm 62,0.16270733514157248,0.040485921009414,0.12222141413215848,keine_dominanz
178,file:/C:/mallet/textkorpus/final_txtonly/2010_LW_Schreibwettbewerb-Literaturhaus-Zürich_04_Katharina-Lanfranconi_Elektra_pp.txt,2010,LW,Literaturwettbewerb,04,Katharina Lanfranconi Elektra,0.0601201888190551,0.0276763118873402,0.032443876931714896,keine_dominanz
179,file:/C:/mallet/textkorpus/final_txtonly/2010_LW_Schreibwettbewerb-Literaturhaus-Zürich_05_Isabel-Flynn_Für-Immer_pp.txt,2010,LW,Literaturwettbewerb,05,Isabel Flynn Für Immer,0.0,0.0,0.0,keine_dominanz
180,file:/C:/mallet/textkorpus/final_txtonly/2010_LW_Schreibwettbewerb-Literaturhaus-Zürich_06_Andreas-Gruber_Raum-Nr.7_pp.txt,2010,LW,Literaturwettbewerb,06,Andreas Gruber Raum Nr.7,0.20461254694561282,0.0,0.20461254694561282,keine_dominanz
181,file:/C:/mallet/textkorpus/final_txtonly/2010_LW_Schreibwettbewerb-Literaturhaus-Zürich_07_Rudolf-Treumann_Das-Experiment_pp.txt,2010,LW,Literaturwettbewerb,07,Rudolf Treumann Das Experiment,0.0968563126084872,0.0,0.0968563126084872,keine_dominanz
182,file:/C:/mallet/textkorpus/final_txtonly/2010_LW_Schreibwettbewerb-Literaturhaus-Zürich_08_Marc-Dijzmedjian_Byron-Lotos_pp.txt,2010,LW,Literaturwettbewerb,08,Marc Dijzmedjian Byron Lotos,0.0964706478029625,0.0,0.0964706478029625,keine_dominanz
183,file:/C:/mallet/textkorpus/final_txtonly/2010_LW_Schreibwettbewerb-Literaturhaus-Zürich_09_Bettina-Wohlfender_Aus-der-Haut_pp.txt,2010,LW,Literaturwettbewerb,09,Bettina Wohlfender Aus der Haut,0.0759556737423528,0.0,0.0759556737423528,keine_dominanz
184,file:/C:/mallet/textkorpus/final_txtonly/2010_LW_Schreibwettbewerb-Literaturhaus-Zürich_10_René-Egger_Ausbrüche_pp.txt,2010,LW,Literaturwettbewerb,10,René Egger Ausbrüche,0.10902975546935281,0.0259373142900854,0.08309244117926741,keine_dominanz
185,file:/C:/mallet/textkorpus/final_txtonly/2010_LW_Schreibwettbewerb-Literaturhaus-Zürich_11_Peter-Gschwend_Zwanzigfünfzig_pp.txt,2010,LW,Literaturwettbewerb,11,Peter Gschwend Zwanzigfünfzig,0.0819150961684137,0.0314222740951916,0.05049282207322211,keine_dominanz
186,file:/C:/mallet/textkorpus/final_txtonly/2010_LZ_SINN_5_Hartmut-Lange_Im-Museum_pp.txt,2010,LZ,Literaturzeitschrift,5,Hartmut Lange Im Museum,0.0244578131033435,0.0,0.0244578131033435,keine_dominanz
187,file:/C:/mallet/textkorpus/final_txtonly/2010_LZ_SINN_5_Wolfgang-Cziesla_Wenn-alle-ist-ist-alle_pp.txt,2010,LZ,Literaturzeitschrift,5,Wolfgang Cziesla Wenn alle ist ist alle,0.1201151190947763,0.0,0.1201151190947763,keine_dominanz
188,file:/C:/mallet/textkorpus/final_txtonly/2010_LZ_SINN_6_Natascha-Wodin_Notturno_pp.txt,2010,LZ,Literaturzeitschrift,6,Natascha Wodin Notturno,0.1060111703189083,0.18933183810731802,-0.08332066778840971,keine_dominanz
189,file:/C:/mallet/textkorpus/final_txtonly/2010_LZ_SPRITZ_193_Monika-Radl_Kaprun_pp.txt,2010,LZ,Literaturzeitschrift,193,Monika Radl Kaprun,0.0279284097356674,0.0,0.0279284097356674,keine_dominanz
190,file:/C:/mallet/textkorpus/final_txtonly/2010_LZ_SPRITZ_194_Ingo-Schulze_Sie-haben-ihr-Ziel-erreicht_pp.txt,2010,LZ,Literaturzeitschrift,194,Ingo Schulze Sie haben ihr Ziel erreicht,0.0,0.0202692128667559,-0.0202692128667559,keine_dominanz
191,file:/C:/mallet/textkorpus/final_txtonly/2010_LZ_SPRITZ_195_Hans-Pleschinski_Münchner-Strategien_pp.txt,2010,LZ,Literaturzeitschrift,195,Hans Pleschinski Münchner Strategien,0.1706627485676825,0.0,0.1706627485676825,keine_dominanz
192,file:/C:/mallet/textkorpus/final_txtonly/2010_LZ_SPRITZ_196_Hans-Peter-Meißnitzer_Perpetuum-mobile_pp.txt,2010,LZ,Literaturzeitschrift,196,Hans Peter Meißnitzer Perpetuum mobile,0.06718573231597649,0.0,0.06718573231597649,keine_dominanz
193,file:/C:/mallet/textkorpus/final_txtonly/2010_LZ_SPRITZ_196_Peter-Kurzeck_28_pp.txt,2010,LZ,Literaturzeitschrift,196,Peter Kurzeck 28,0.0,0.11722940665319209,-0.11722940665319209,keine_dominanz
194,file:/C:/mallet/textkorpus/final_txtonly/2010_OP_FF_CoraLan_Fesseln-und-Sonnenschein_4b7c07a9000087210c907530_pp.txt,2010,OP,Online-Plattform,CoraLan,Fesseln und Sonnenschein 4b7c07a9000087210c907530,0.0,0.1030540374466765,-0.1030540374466765,keine_dominanz
195,file:/C:/mallet/textkorpus/final_txtonly/2010_OP_FF_Gwenny_Herbst_4b6b8ac1000076f30cb003e8_pp.txt,2010,OP,Online-Plattform,Gwenny,Herbst 4b6b8ac1000076f30cb003e8,0.0,0.1454230908570103,-0.1454230908570103,keine_dominanz
196,file:/C:/mallet/textkorpus/final_txtonly/2010_OP_FF_jojoi_Was-Nelly-keinem-sagen-darf_4cebd9da00018a670c907530_pp.txt,2010,OP,Online-Plattform,jojoi,Was Nelly keinem sagen darf 4cebd9da00018a670c907530,0.0,0.0372211287261139,-0.0372211287261139,keine_dominanz
197,file:/C:/mallet/textkorpus/final_txtonly/2010_OP_FF_Noctifer_Scharlachrot_4c4c98b5000050650c907530_pp.txt,2010,OP,Online-Plattform,Noctifer,Scharlachrot 4c4c98b5000050650c907530,0.1055539644919014,0.15822028094126359,-0.05266631644936219,keine_dominanz
198,file:/C:/mallet/textkorpus/final_txtonly/2011_B_Der-Geruch-von-Glück_Zehra-Cirak_Ach-ich-wäre-so-gerne-wie-du_pp.txt,2011,B,Buch,Zehra Cirak,Ach ich wäre so gerne wie du,0.0,0.1380821983257552,-0.1380821983257552,keine_dominanz
199,file:/C:/mallet/textkorpus/final_txtonly/2011_B_Der-Geruch-von-Glück_Zehra-Cirak_Aleidas-Mutprobe_pp.txt,2011,B,Buch,Zehra Cirak,Aleidas Mutprobe,0.1268865585726906,0.3400147431098433,-0.2131281845371527,keine_dominanz
200,file:/C:/mallet/textkorpus/final_txtonly/2011_B_Der-Geruch-von-Glück_Zehra-Cirak_An-einem-anderen-Ende-der-Welt_pp.txt,2011,B,Buch,Zehra Cirak,An einem anderen Ende der Welt,0.0694510385883944,0.4358835461377505,-0.3664325075493561,dominant_unterhaltend
201,file:/C:/mallet/textkorpus/final_txtonly/2011_B_Der-Geruch-von-Glück_Zehra-Cirak_Angezogene-Gedichte_pp.txt,2011,B,Buch,Zehra Cirak,Angezogene Gedichte,0.0,0.084331467241707,-0.084331467241707,keine_dominanz
202,file:/C:/mallet/textkorpus/final_txtonly/2011_B_Der-Geruch-von-Glück_Zehra-Cirak_Besserwisser_pp.txt,2011,B,Buch,Zehra Cirak,Besserwisser,0.1876989798823604,0.2455847593258742,-0.05788577944351381,keine_dominanz
203,file:/C:/mallet/textkorpus/final_txtonly/2011_B_Der-Geruch-von-Glück_Zehra-Cirak_Blickrichtung_pp.txt,2011,B,Buch,Zehra Cirak,Blickrichtung,0.0218463049812354,0.2628485603418021,-0.2410022553605667,keine_dominanz
204,file:/C:/mallet/textkorpus/final_txtonly/2011_B_Der-Geruch-von-Glück_Zehra-Cirak_Braver%20Schlaf_pp.txt,2011,B,Buch,Zehra Cirak,Braver%20Schlaf,0.0618857111285273,0.1960192674184192,-0.1341335562898919,keine_dominanz
205,file:/C:/mallet/textkorpus/final_txtonly/2011_B_Der-Geruch-von-Glück_Zehra-Cirak_Bücherwurm-Soso_pp.txt,2011,B,Buch,Zehra Cirak,Bücherwurm Soso,0.0,0.0,0.0,keine_dominanz
206,file:/C:/mallet/textkorpus/final_txtonly/2011_B_Der-Geruch-von-Glück_Zehra-Cirak_Daheim-auf-Menschenreise_pp.txt,2011,B,Buch,Zehra Cirak,Daheim auf Menschenreise,0.0423184757093725,0.1803221439818871,-0.1380036682725146,keine_dominanz
207,file:/C:/mallet/textkorpus/final_txtonly/2011_B_Der-Geruch-von-Glück_Zehra-Cirak_Das-Erinnerungspflegestudio_pp.txt,2011,B,Buch,Zehra Cirak,Das Erinnerungspflegestudio,0.0,0.0509218477933682,-0.0509218477933682,keine_dominanz
208,file:/C:/mallet/textkorpus/final_txtonly/2011_B_Der-Geruch-von-Glück_Zehra-Cirak_Dem-Zeitgeist-verdächtige-Buchstaben_pp.txt,2011,B,Buch,Zehra Cirak,Dem Zeitgeist verdächtige Buchstaben,0.2740083611352661,0.0953624067757148,0.17864595435955133,keine_dominanz
209,file:/C:/mallet/textkorpus/final_txtonly/2011_B_Der-Geruch-von-Glück_Zehra-Cirak_Der-Flaneur_pp.txt,2011,B,Buch,Zehra Cirak,Der Flaneur,0.0,0.0,0.0,keine_dominanz
210,file:/C:/mallet/textkorpus/final_txtonly/2011_B_Der-Geruch-von-Glück_Zehra-Cirak_Der-Gabentisch_pp.txt,2011,B,Buch,Zehra Cirak,Der Gabentisch,0.0,0.2272909017020216,-0.2272909017020216,keine_dominanz
211,file:/C:/mallet/textkorpus/final_txtonly/2011_B_Der-Geruch-von-Glück_Zehra-Cirak_Der-Geruch-von-Glück_pp.txt,2011,B,Buch,Zehra Cirak,Der Geruch von Glück,0.0,0.3395416087697359,-0.3395416087697359,keine_dominanz
212,file:/C:/mallet/textkorpus/final_txtonly/2011_B_Der-Geruch-von-Glück_Zehra-Cirak_Des-Selbst-Beleidigung_pp.txt,2011,B,Buch,Zehra Cirak,Des Selbst Beleidigung,0.0970573226917478,0.2457166650792002,-0.1486593423874524,keine_dominanz
213,file:/C:/mallet/textkorpus/final_txtonly/2011_B_Der-Geruch-von-Glück_Zehra-Cirak_Die-Dinge-die-über-Pop-lachen_pp.txt,2011,B,Buch,Zehra Cirak,Die Dinge die über Pop lachen,0.0,0.19096101831478962,-0.19096101831478962,keine_dominanz
214,file:/C:/mallet/textkorpus/final_txtonly/2011_B_Der-Geruch-von-Glück_Zehra-Cirak_Die-geizige-Lea_pp.txt,2011,B,Buch,Zehra Cirak,Die geizige Lea,0.0,0.1982807905974498,-0.1982807905974498,keine_dominanz
215,file:/C:/mallet/textkorpus/final_txtonly/2011_B_Der-Geruch-von-Glück_Zehra-Cirak_Eheähnliche-Zustände_pp.txt,2011,B,Buch,Zehra Cirak,Eheähnliche Zustände,0.0,0.3425631272421433,-0.3425631272421433,keine_dominanz
216,file:/C:/mallet/textkorpus/final_txtonly/2011_B_Der-Geruch-von-Glück_Zehra-Cirak_Erinnerung-an-eine-scharfe-Soße_pp.txt,2011,B,Buch,Zehra Cirak,Erinnerung an eine scharfe Soße,0.0,0.4423355593612187,-0.4423355593612187,dominant_unterhaltend
217,file:/C:/mallet/textkorpus/final_txtonly/2011_B_Der-Geruch-von-Glück_Zehra-Cirak_Essenzen_pp.txt,2011,B,Buch,Zehra Cirak,Essenzen,0.0851499949079898,0.2564332393371827,-0.1712832444291929,keine_dominanz
218,file:/C:/mallet/textkorpus/final_txtonly/2011_B_Der-Geruch-von-Glück_Zehra-Cirak_Für-die-Füße_pp.txt,2011,B,Buch,Zehra Cirak,Für die Füße,0.0,0.3318945759831234,-0.3318945759831234,keine_dominanz
219,file:/C:/mallet/textkorpus/final_txtonly/2011_B_Der-Geruch-von-Glück_Zehra-Cirak_Für-meine-Nase_pp.txt,2011,B,Buch,Zehra Cirak,Für meine Nase,0.0,0.0969621023646498,-0.0969621023646498,keine_dominanz
220,file:/C:/mallet/textkorpus/final_txtonly/2011_B_Der-Geruch-von-Glück_Zehra-Cirak_Hier-Sturm-hier-Stille-hier-Wachsamkeit_pp.txt,2011,B,Buch,Zehra Cirak,Hier Sturm hier Stille hier Wachsamkeit,0.0,0.203535878878616,-0.203535878878616,keine_dominanz
221,file:/C:/mallet/textkorpus/final_txtonly/2011_B_Der-Geruch-von-Glück_Zehra-Cirak_Hinter-Fenster-Helden_pp.txt,2011,B,Buch,Zehra Cirak,Hinter Fenster Helden,0.049925973072887,0.0401697018237978,0.009756271249089198,keine_dominanz
222,file:/C:/mallet/textkorpus/final_txtonly/2011_B_Der-Geruch-von-Glück_Zehra-Cirak_Ich-nenne-sie-Samide-Antlitz-aus-Samt-und-Seide_pp.txt,2011,B,Buch,Zehra Cirak,Ich nenne sie Samide Antlitz aus Samt und Seide,0.0,0.110005292918521,-0.110005292918521,keine_dominanz
223,file:/C:/mallet/textkorpus/final_txtonly/2011_B_Der-Geruch-von-Glück_Zehra-Cirak_Im-Einkaufspalast_pp.txt,2011,B,Buch,Zehra Cirak,Im Einkaufspalast,0.0840075050129045,0.16093069433882412,-0.07692318932591963,keine_dominanz
224,file:/C:/mallet/textkorpus/final_txtonly/2011_B_Der-Geruch-von-Glück_Zehra-Cirak_Im-Park_pp.txt,2011,B,Buch,Zehra Cirak,Im Park,0.0,0.4030973406997948,-0.4030973406997948,dominant_unterhaltend
225,file:/C:/mallet/textkorpus/final_txtonly/2011_B_Der-Geruch-von-Glück_Zehra-Cirak_Immer_pp.txt,2011,B,Buch,Zehra Cirak,Immer,0.0270392424168656,0.2846132721661045,-0.2575740297492389,keine_dominanz
226,file:/C:/mallet/textkorpus/final_txtonly/2011_B_Der-Geruch-von-Glück_Zehra-Cirak_Innere-Unruhe-oder-die-Ordnung-auf-dem-Schreibtisch_pp.txt,2011,B,Buch,Zehra Cirak,Innere Unruhe oder die Ordnung auf dem Schreibtisch,0.0,0.0307559060287585,-0.0307559060287585,keine_dominanz
227,file:/C:/mallet/textkorpus/final_txtonly/2011_B_Der-Geruch-von-Glück_Zehra-Cirak_Intimes-Familienpapier-zartbitter_pp.txt,2011,B,Buch,Zehra Cirak,Intimes Familienpapier zartbitter,0.0,0.3046429226935154,-0.3046429226935154,keine_dominanz
228,file:/C:/mallet/textkorpus/final_txtonly/2011_B_Der-Geruch-von-Glück_Zehra-Cirak_Jetzt-schlaflos_pp.txt,2011,B,Buch,Zehra Cirak,Jetzt schlaflos,0.0,0.2089254867697228,-0.2089254867697228,keine_dominanz
229,file:/C:/mallet/textkorpus/final_txtonly/2011_B_Der-Geruch-von-Glück_Zehra-Cirak_Karas-Unruh_pp.txt,2011,B,Buch,Zehra Cirak,Karas Unruh,0.1430194664841421,0.19428367783293038,-0.05126421134878828,keine_dominanz
230,file:/C:/mallet/textkorpus/final_txtonly/2011_B_Der-Geruch-von-Glück_Zehra-Cirak_Kinderschwund_pp.txt,2011,B,Buch,Zehra Cirak,Kinderschwund,0.0398615790591006,0.1839454065956443,-0.1440838275365437,keine_dominanz
231,file:/C:/mallet/textkorpus/final_txtonly/2011_B_Der-Geruch-von-Glück_Zehra-Cirak_Kolonnenstraße_pp.txt,2011,B,Buch,Zehra Cirak,Kolonnenstraße,0.0624712293486143,0.0,0.0624712293486143,keine_dominanz
232,file:/C:/mallet/textkorpus/final_txtonly/2011_B_Der-Geruch-von-Glück_Zehra-Cirak_Körperbewusstsein_pp.txt,2011,B,Buch,Zehra Cirak,Körperbewusstsein,0.0,0.3276548372672294,-0.3276548372672294,keine_dominanz
233,file:/C:/mallet/textkorpus/final_txtonly/2011_B_Der-Geruch-von-Glück_Zehra-Cirak_Lebensabschnitt-ist_pp.txt,2011,B,Buch,Zehra Cirak,Lebensabschnitt ist,0.0,0.1934678542207695,-0.1934678542207695,keine_dominanz
234,file:/C:/mallet/textkorpus/final_txtonly/2011_B_Der-Geruch-von-Glück_Zehra-Cirak_LiebesschIussverkauf_pp.txt,2011,B,Buch,Zehra Cirak,LiebesschIussverkauf,0.2668632929144905,0.3034066345795529,-0.0365433416650624,keine_dominanz
235,file:/C:/mallet/textkorpus/final_txtonly/2011_B_Der-Geruch-von-Glück_Zehra-Cirak_Liebestod_pp.txt,2011,B,Buch,Zehra Cirak,Liebestod,0.0830651603784545,0.3559066901681935,-0.27284152978973897,keine_dominanz
236,file:/C:/mallet/textkorpus/final_txtonly/2011_B_Der-Geruch-von-Glück_Zehra-Cirak_Möwen-gesteinigte_pp.txt,2011,B,Buch,Zehra Cirak,Möwen gesteinigte,0.0,0.21796700210180642,-0.21796700210180642,keine_dominanz
237,file:/C:/mallet/textkorpus/final_txtonly/2011_B_Der-Geruch-von-Glück_Zehra-Cirak_Nicht-für-Spätaufsteher_pp.txt,2011,B,Buch,Zehra Cirak,Nicht für Spätaufsteher,0.0,0.1668953417078175,-0.1668953417078175,keine_dominanz
238,file:/C:/mallet/textkorpus/final_txtonly/2011_B_Der-Geruch-von-Glück_Zehra-Cirak_Nicht-unerschwinglich_pp.txt,2011,B,Buch,Zehra Cirak,Nicht unerschwinglich,0.0,0.2373538005324405,-0.2373538005324405,keine_dominanz
239,file:/C:/mallet/textkorpus/final_txtonly/2011_B_Der-Geruch-von-Glück_Zehra-Cirak_Ortsteilnahme_pp.txt,2011,B,Buch,Zehra Cirak,Ortsteilnahme,0.0298469529152777,0.2550393238672867,-0.22519237095200903,keine_dominanz
240,file:/C:/mallet/textkorpus/final_txtonly/2011_B_Der-Geruch-von-Glück_Zehra-Cirak_Schattenspiele_pp.txt,2011,B,Buch,Zehra Cirak,Schattenspiele,0.0,0.1716133756521045,-0.1716133756521045,keine_dominanz
241,file:/C:/mallet/textkorpus/final_txtonly/2011_B_Der-Geruch-von-Glück_Zehra-Cirak_Scheideweg_pp.txt,2011,B,Buch,Zehra Cirak,Scheideweg,0.0,0.3921934221194226,-0.3921934221194226,dominant_unterhaltend
242,file:/C:/mallet/textkorpus/final_txtonly/2011_B_Der-Geruch-von-Glück_Zehra-Cirak_So-traurig_pp.txt,2011,B,Buch,Zehra Cirak,So traurig,0.0,0.2962810459766333,-0.2962810459766333,keine_dominanz
243,file:/C:/mallet/textkorpus/final_txtonly/2011_B_Der-Geruch-von-Glück_Zehra-Cirak_Solch-ein-Kind_pp.txt,2011,B,Buch,Zehra Cirak,Solch ein Kind,0.0440918933044838,0.24391039533057368,-0.1998185020260899,keine_dominanz
244,file:/C:/mallet/textkorpus/final_txtonly/2011_B_Der-Geruch-von-Glück_Zehra-Cirak_Sondergebar_pp.txt,2011,B,Buch,Zehra Cirak,Sondergebar,0.1331597097821581,0.18603350841849928,-0.052873798636341174,keine_dominanz
245,file:/C:/mallet/textkorpus/final_txtonly/2011_B_Der-Geruch-von-Glück_Zehra-Cirak_Stippvisite-zwischen-den-Freunden-Alfi-und-Ali_pp.txt,2011,B,Buch,Zehra Cirak,Stippvisite zwischen den Freunden Alfi und Ali,0.0,0.2896816563071414,-0.2896816563071414,keine_dominanz
246,file:/C:/mallet/textkorpus/final_txtonly/2011_B_Der-Geruch-von-Glück_Zehra-Cirak_Vergessen_pp.txt,2011,B,Buch,Zehra Cirak,Vergessen,0.0257207396513928,0.2267663167685063,-0.20104557711711352,keine_dominanz
247,file:/C:/mallet/textkorpus/final_txtonly/2011_B_Der-Geruch-von-Glück_Zehra-Cirak_Verlust-am-Ende-des-Weges_pp.txt,2011,B,Buch,Zehra Cirak,Verlust am Ende des Weges,0.0,0.453536765765549,-0.453536765765549,dominant_unterhaltend
248,file:/C:/mallet/textkorpus/final_txtonly/2011_B_Der-Geruch-von-Glück_Zehra-Cirak_Von-Stadt-aus-Land-in-Sicht_pp.txt,2011,B,Buch,Zehra Cirak,Von Stadt aus Land in Sicht,0.0,0.1709186929326145,-0.1709186929326145,keine_dominanz
249,file:/C:/mallet/textkorpus/final_txtonly/2011_B_Der-Geruch-von-Glück_Zehra-Cirak_Wasserfarben_pp.txt,2011,B,Buch,Zehra Cirak,Wasserfarben,0.0,0.1461826027641277,-0.1461826027641277,keine_dominanz
250,file:/C:/mallet/textkorpus/final_txtonly/2011_B_Der-Geruch-von-Glück_Zehra-Cirak_Wolkenreich_pp.txt,2011,B,Buch,Zehra Cirak,Wolkenreich,0.051080463911886,0.2026101302333922,-0.1515296663215062,keine_dominanz
251,file:/C:/mallet/textkorpus/final_txtonly/2011_B_Der-Geruch-von-Glück_Zehra-Cirak_Zeit-festhalten_pp.txt,2011,B,Buch,Zehra Cirak,Zeit festhalten,0.0,0.0890770074611824,-0.0890770074611824,keine_dominanz
252,file:/C:/mallet/textkorpus/final_txtonly/2011_B_Der-Geruch-von-Glück_Zehra-Cirak_Zwei-Hände-voll-zitronengelber-Wünsche_pp.txt,2011,B,Buch,Zehra Cirak,Zwei Hände voll zitronengelber Wünsche,0.0,0.3274890028645387,-0.3274890028645387,keine_dominanz
253,file:/C:/mallet/textkorpus/final_txtonly/2011_B_Der-Geruch-von-Glück_Zehra-Cirak_Über-den-Dächern-von-Marrakesch_pp.txt,2011,B,Buch,Zehra Cirak,Über den Dächern von Marrakesch,0.0,0.1895575410721262,-0.1895575410721262,keine_dominanz
254,file:/C:/mallet/textkorpus/final_txtonly/2011_B_Der-Stein_Franz-Hohler_Bianca-Carnevale_pp.txt,2011,B,Buch,Franz Hohler,Bianca Carnevale,0.0,0.15658613323440168,-0.15658613323440168,keine_dominanz
255,file:/C:/mallet/textkorpus/final_txtonly/2011_B_Der-Stein_Franz-Hohler_Der-Bleistiftstummel_7-Folgen_pp.txt,2011,B,Buch,Franz Hohler,Der Bleistiftstummel 7 Folgen,0.0289168480636577,0.0749033865201007,-0.045986538456443,keine_dominanz
256,file:/C:/mallet/textkorpus/final_txtonly/2011_B_Der-Stein_Franz-Hohler_Der-Präsident_pp.txt,2011,B,Buch,Franz Hohler,Der Präsident,0.05430013812207091,0.2840378497386285,-0.2297377116165576,keine_dominanz
257,file:/C:/mallet/textkorpus/final_txtonly/2011_B_Der-Stein_Franz-Hohler_Der-Sender_pp.txt,2011,B,Buch,Franz Hohler,Der Sender,0.0265138958434892,0.0314885243859027,-0.004974628542413501,keine_dominanz
258,file:/C:/mallet/textkorpus/final_txtonly/2011_B_Der-Stein_Franz-Hohler_Der-Stein_pp.txt,2011,B,Buch,Franz Hohler,Der Stein,0.0386350398352854,0.0643091732475396,-0.025674133412254198,keine_dominanz
259,file:/C:/mallet/textkorpus/final_txtonly/2011_B_Der-Stein_Franz-Hohler_Der-vierte-König_pp.txt,2011,B,Buch,Franz Hohler,Der vierte König,0.0,0.2025999613690843,-0.2025999613690843,keine_dominanz
260,file:/C:/mallet/textkorpus/final_txtonly/2011_B_Der-Stein_Franz-Hohler_Die-Grenze_pp.txt,2011,B,Buch,Franz Hohler,Die Grenze,0.0720425340714638,0.1307211200742417,-0.058678586002777894,keine_dominanz
261,file:/C:/mallet/textkorpus/final_txtonly/2011_B_Der-Stein_Franz-Hohler_Die-Raucherecke_pp.txt,2011,B,Buch,Franz Hohler,Die Raucherecke,0.021658766151855,0.0,0.021658766151855,keine_dominanz
262,file:/C:/mallet/textkorpus/final_txtonly/2011_B_Der-Stein_Franz-Hohler_Ein-Nachmittag-bei-Monsieur-Rousseau_pp.txt,2011,B,Buch,Franz Hohler,Ein Nachmittag bei Monsieur Rousseau,0.0,0.3113705265190445,-0.3113705265190445,keine_dominanz
263,file:/C:/mallet/textkorpus/final_txtonly/2011_B_Der-Stein_Franz-Hohler_Juckreiz_pp.txt,2011,B,Buch,Franz Hohler,Juckreiz,0.0456141617703071,0.0236992688443305,0.021914892925976603,keine_dominanz
264,file:/C:/mallet/textkorpus/final_txtonly/2011_B_Kartographie-der-Nacht_Annika-Scheffel_Simon-macht-weiter_pp.txt,2011,B,Buch,Annika Scheffel,Simon macht weiter,0.0,0.0,0.0,keine_dominanz
265,file:/C:/mallet/textkorpus/final_txtonly/2011_B_Kartographie-der-Nacht_Clemens-J-Setz_Sebastian_pp.txt,2011,B,Buch,Clemens J Setz,Sebastian,0.0,0.0211338604921207,-0.0211338604921207,keine_dominanz
266,file:/C:/mallet/textkorpus/final_txtonly/2011_B_Kartographie-der-Nacht_Daniela-Dröscher_Virgin-Queen_pp.txt,2011,B,Buch,Daniela Dröscher,Virgin Queen,0.0,0.0783674230734438,-0.0783674230734438,keine_dominanz
267,file:/C:/mallet/textkorpus/final_txtonly/2011_B_Kartographie-der-Nacht_Donata-Rigg_Alte-Schule_pp.txt,2011,B,Buch,Donata Rigg,Alte Schule,0.0449842514105427,0.0854173131224911,-0.040433061711948395,keine_dominanz
268,file:/C:/mallet/textkorpus/final_txtonly/2011_B_Kartographie-der-Nacht_Julia-Schoch_Groß-ist-die-Sonne_pp.txt,2011,B,Buch,Julia Schoch,Groß ist die Sonne,0.0243257698961825,0.0274146553719397,-0.0030888854757572005,keine_dominanz
269,file:/C:/mallet/textkorpus/final_txtonly/2011_B_Kartographie-der-Nacht_Julia-Zange_Nachtleben_pp.txt,2011,B,Buch,Julia Zange,Nachtleben,0.0235156056450125,0.0488411899463674,-0.0253255843013549,keine_dominanz
270,file:/C:/mallet/textkorpus/final_txtonly/2011_B_Kartographie-der-Nacht_Kerstin-Preiwuß_Séance_pp.txt,2011,B,Buch,Kerstin Preiwuß,Séance,0.0,0.1273922807321389,-0.1273922807321389,keine_dominanz
271,file:/C:/mallet/textkorpus/final_txtonly/2011_B_Kartographie-der-Nacht_Michael-Stavaric_Schlangenmenschen_pp.txt,2011,B,Buch,Michael Stavaric,Schlangenmenschen,0.1185528366720633,0.0,0.1185528366720633,keine_dominanz
272,file:/C:/mallet/textkorpus/final_txtonly/2011_B_Kartographie-der-Nacht_Nora-Bossong_Eitelkeiten_pp.txt,2011,B,Buch,Nora Bossong,Eitelkeiten,0.14616862025006588,0.0236866885893908,0.12248193166067509,keine_dominanz
273,file:/C:/mallet/textkorpus/final_txtonly/2011_B_Kartographie-der-Nacht_Paul-Brodowsky_Nächte-mit-Kindern_pp.txt,2011,B,Buch,Paul Brodowsky,Nächte mit Kindern,0.0,0.0522875315819029,-0.0522875315819029,keine_dominanz
274,file:/C:/mallet/textkorpus/final_txtonly/2011_B_Kartographie-der-Nacht_Sebastian-Polmans_Kartons_pp.txt,2011,B,Buch,Sebastian Polmans,Kartons,0.0,0.1509191870434167,-0.1509191870434167,keine_dominanz
275,file:/C:/mallet/textkorpus/final_txtonly/2011_B_Kartographie-der-Nacht_Stefanie-Sourlier_Nacht-Bilder_pp.txt,2011,B,Buch,Stefanie Sourlier,Nacht Bilder,0.0,0.1321340344320179,-0.1321340344320179,keine_dominanz
276,file:/C:/mallet/textkorpus/final_txtonly/2011_B_Kartographie-der-Nacht_Svealena-Kutschke_Flimmern_pp.txt,2011,B,Buch,Svealena Kutschke,Flimmern,0.0369206688668657,0.0550302056689743,-0.018109536802108597,keine_dominanz
277,file:/C:/mallet/textkorpus/final_txtonly/2011_B_Kartographie-der-Nacht_Thomas-von-Steinaecker_Renate-Renate_pp.txt,2011,B,Buch,Thomas von Steinaecker,Renate Renate,0.0357497505961401,0.0453067701607751,-0.009557019564634998,keine_dominanz
278,file:/C:/mallet/textkorpus/final_txtonly/2011_B_Kartographie-der-Nacht_Tilman-Rammstedt_Der-tiefe-Schlaf-der-großen-Liebe-meines-ehemaligen-Lebens_pp.txt,2011,B,Buch,Tilman Rammstedt,Der tiefe Schlaf der großen Liebe meines ehemaligen Lebens,0.0,0.1301905213116425,-0.1301905213116425,keine_dominanz
279,file:/C:/mallet/textkorpus/final_txtonly/2011_B_Kartographie-der-Nacht_Verena-Roßbacher_Im-Kopf-ist-es-finster_pp.txt,2011,B,Buch,Verena Roßbacher,Im Kopf ist es finster,0.0,0.0405943104693869,-0.0405943104693869,keine_dominanz
280,file:/C:/mallet/textkorpus/final_txtonly/2011_LW_Bachmann_3sat-Preis_Nina-Bußmann_Große-Ferien_AUSZUG_pp.txt,2011,LW,Literaturwettbewerb,3sat Preis,Nina Bußmann Große Ferien AUSZUG,0.0,0.1432735253541227,-0.1432735253541227,keine_dominanz
281,file:/C:/mallet/textkorpus/final_txtonly/2011_LW_Bachmann_Bachmannpreis_Maja-Haderlap_Im-Kessel_AUSZUG_pp.txt,2011,LW,Literaturwettbewerb,Bachmannpreis,Maja Haderlap Im Kessel AUSZUG,0.0684628383705722,0.1825197549107079,-0.11405691654013571,keine_dominanz
282,file:/C:/mallet/textkorpus/final_txtonly/2011_LW_Bachmann_Ernst-Willner-Preis_Leif-Randt_Schimmernder-Dunst-über-CobyCounty_AUSZUG_pp.txt,2011,LW,Literaturwettbewerb,Ernst Willner Preis,Leif Randt Schimmernder Dunst über CobyCounty AUSZUG,0.0444311223743836,0.0235384521200544,0.0208926702543292,keine_dominanz
283,file:/C:/mallet/textkorpus/final_txtonly/2011_LW_Bachmann_Kelag-Preis_Steffen-Popp_Spur-einer-Dorfgeschichte_pp.txt,2011,LW,Literaturwettbewerb,Kelag Preis,Steffen Popp Spur einer Dorfgeschichte,0.0594546208518557,0.0554122300006533,0.0040423908512024,keine_dominanz
284,file:/C:/mallet/textkorpus/final_txtonly/2011_LW_Bachmann_Publikumspreis_Thomas-Klupp_9to5%20Hardcore_pp.txt,2011,LW,Literaturwettbewerb,Publikumspreis,Thomas Klupp 9to5%20Hardcore,0.0828931856804654,0.0,0.0828931856804654,keine_dominanz
285,file:/C:/mallet/textkorpus/final_txtonly/2011_LW_Moerser-Literaturpreis_01_Frank-Karner_Aufstieg_pp.txt,2011,LW,Literaturwettbewerb,01,Frank Karner Aufstieg,0.0355793507404425,0.0,0.0355793507404425,keine_dominanz
286,file:/C:/mallet/textkorpus/final_txtonly/2011_LW_Moerser-Literaturpreis_02_Ronald-Pacholski_Lockentanz_pp.txt,2011,LW,Literaturwettbewerb,02,Ronald Pacholski Lockentanz,0.0,0.2311158164761732,-0.2311158164761732,keine_dominanz
287,file:/C:/mallet/textkorpus/final_txtonly/2011_LW_Moerser-Literaturpreis_03_Anja-Schoene_Septembergirl_pp.txt,2011,LW,Literaturwettbewerb,03,Anja Schoene Septembergirl,0.0247920412006734,0.0926005712181856,-0.0678085300175122,keine_dominanz
288,file:/C:/mallet/textkorpus/final_txtonly/2011_LW_Münchner-KGW_Christina-Leicht_Living-Landscape_pp.txt,2011,LW,Literaturwettbewerb,Christina Leicht,Living Landscape,0.0,0.0595435140167355,-0.0595435140167355,keine_dominanz
289,file:/C:/mallet/textkorpus/final_txtonly/2011_LW_Münchner-KGW_Helga-Rattay_Neumanns-Selbstversuch_pp.txt,2011,LW,Literaturwettbewerb,Helga Rattay,Neumanns Selbstversuch,0.0294617517466117,0.1022170243653861,-0.0727552726187744,keine_dominanz
290,file:/C:/mallet/textkorpus/final_txtonly/2011_LW_Münchner-KGW_Kareen-Köhler_Wir-haben-Raketen-geangelt._pp.txt,2011,LW,Literaturwettbewerb,Kareen Köhler,Wir haben Raketen geangelt.,0.0296052644264679,0.0847580968986084,-0.055152832472140506,keine_dominanz
291,file:/C:/mallet/textkorpus/final_txtonly/2011_LW_Münchner-KGW_Romina-Pleschko_Die-Korrektur._pp.txt,2011,LW,Literaturwettbewerb,Romina Pleschko,Die Korrektur.,0.0,0.16640518451866032,-0.16640518451866032,keine_dominanz
292,file:/C:/mallet/textkorpus/final_txtonly/2011_LW_OpenMike_Christina_Böhm_Platzanweisung_pp.txt,2011,LW,Literaturwettbewerb,Christina,Böhm Platzanweisung,0.0834049686435911,0.0262549614398139,0.05715000720377719,keine_dominanz
293,file:/C:/mallet/textkorpus/final_txtonly/2011_LW_OpenMike_Joseph-Felix-Ernst_Dora-Diamant_pp.txt,2011,LW,Literaturwettbewerb,Joseph Felix Ernst,Dora Diamant,0.059064726320885996,0.0449539827726314,0.014110743548254596,keine_dominanz
294,file:/C:/mallet/textkorpus/final_txtonly/2011_LW_Schreibwettbewerb-Literaturhaus-Zürich_01_Iris-Muhl_Zwölf-Krücken_pp.txt,2011,LW,Literaturwettbewerb,01,Iris Muhl Zwölf Krücken,0.4127198996675219,0.0,0.4127198996675219,dominant_kritisch
295,file:/C:/mallet/textkorpus/final_txtonly/2011_LW_Schreibwettbewerb-Literaturhaus-Zürich_02_Katharina-Lanfranconi_Heimat_pp.txt,2011,LW,Literaturwettbewerb,02,Katharina Lanfranconi Heimat,0.0736867419526876,0.0308764007384889,0.042810341214198695,keine_dominanz
296,file:/C:/mallet/textkorpus/final_txtonly/2011_LW_Schreibwettbewerb-Literaturhaus-Zürich_03_Katrin-Früh-Hedrich_Ami_pp.txt,2011,LW,Literaturwettbewerb,03,Katrin Früh Hedrich Ami,0.2231637309771126,0.046974053452806,0.1761896775243066,keine_dominanz
297,file:/C:/mallet/textkorpus/final_txtonly/2011_LW_Schreibwettbewerb-Literaturhaus-Zürich_05_Esther-Spinner_Nachts_pp.txt,2011,LW,Literaturwettbewerb,05,Esther Spinner Nachts,0.0758058002302664,0.089551165043343,-0.013745364813076602,keine_dominanz
298,file:/C:/mallet/textkorpus/final_txtonly/2011_LW_Schreibwettbewerb-Literaturhaus-Zürich_07_Christian-K-Schaub_Die-Fracht-des-Sommers_pp.txt,2011,LW,Literaturwettbewerb,07,Christian K Schaub Die Fracht des Sommers,0.1429937203761164,0.0512907766223177,0.0917029437537987,keine_dominanz
299,file:/C:/mallet/textkorpus/final_txtonly/2011_LW_Schreibwettbewerb-Literaturhaus-Zürich_08_Susanne-Mathies_Die-Heimkehr_pp.txt,2011,LW,Literaturwettbewerb,08,Susanne Mathies Die Heimkehr,0.0,0.0928956503421222,-0.0928956503421222,keine_dominanz
300,file:/C:/mallet/textkorpus/final_txtonly/2011_LW_Schreibwettbewerb-Literaturhaus-Zürich_09_Patricia-Büttiker_Südwärts_pp.txt,2011,LW,Literaturwettbewerb,09,Patricia Büttiker Südwärts,0.0,0.1866847638700678,-0.1866847638700678,keine_dominanz
301,file:/C:/mallet/textkorpus/final_txtonly/2011_LW_Schreibwettbewerb-Literaturhaus-Zürich_10_Samuel-Prenner_Die-Burgervilla_pp.txt,2011,LW,Literaturwettbewerb,10,Samuel Prenner Die Burgervilla,0.0440013167295056,0.0,0.0440013167295056,keine_dominanz
302,"file:/C:/mallet/textkorpus/final_txtonly/2011_LW_Schreibwettbewerb-Literaturhaus-Zürich_11_Lena-Hach_Die-Welt,-so-klein_pp.txt",2011,LW,Literaturwettbewerb,11,"Lena Hach Die Welt, so klein",0.0282703138844252,0.0256479104665944,0.0026224034178308,keine_dominanz
303,file:/C:/mallet/textkorpus/final_txtonly/2011_LZ_SINN_3_Christoph-Meckel_Russische-Zone_pp.txt,2011,LZ,Literaturzeitschrift,3,Christoph Meckel Russische Zone,0.28288435626668607,0.0226259331397906,0.26025842312689546,keine_dominanz
304,file:/C:/mallet/textkorpus/final_txtonly/2011_LZ_SINN_3_Gernot-Wolfram_Die-Begegnung-mit-dem-Oktopus_pp.txt,2011,LZ,Literaturzeitschrift,3,Gernot Wolfram Die Begegnung mit dem Oktopus,0.0,0.1971517198218563,-0.1971517198218563,keine_dominanz
305,file:/C:/mallet/textkorpus/final_txtonly/2011_LZ_SINN_3_Volker-Braun_Die-hellen-Haufen_pp.txt,2011,LZ,Literaturzeitschrift,3,Volker Braun Die hellen Haufen,0.1486863952835436,0.0,0.1486863952835436,keine_dominanz
306,file:/C:/mallet/textkorpus/final_txtonly/2011_LZ_SINN_6_Bianca-Döring_Schwarzes-Licht_pp.txt,2011,LZ,Literaturzeitschrift,6,Bianca Döring Schwarzes Licht,0.11941506968333421,0.0,0.11941506968333421,keine_dominanz
307,file:/C:/mallet/textkorpus/final_txtonly/2011_LZ_SINN_6_Natascha-Wodin_Das-Ausland-des-Alterns_pp.txt,2011,LZ,Literaturzeitschrift,6,Natascha Wodin Das Ausland des Alterns,0.1154609881753425,0.025607458615935,0.08985352955940751,keine_dominanz
308,file:/C:/mallet/textkorpus/final_txtonly/2011_LZ_SPRITZ_197_Eva-Ruth-Wemme_VII-Die-Lebenden_pp.txt,2011,LZ,Literaturzeitschrift,197,Eva Ruth Wemme VII Die Lebenden,0.0,0.20178250107838752,-0.20178250107838752,keine_dominanz
309,file:/C:/mallet/textkorpus/final_txtonly/2011_LZ_SPRITZ_197_Katharina-Hartwell_Schwund_pp.txt,2011,LZ,Literaturzeitschrift,197,Katharina Hartwell Schwund,0.0,0.0241898151901538,-0.0241898151901538,keine_dominanz
310,file:/C:/mallet/textkorpus/final_txtonly/2011_LZ_SPRITZ_197_Philipp-Schönthaler_the-perfect-mystery-cannot-be-written_pp.txt,2011,LZ,Literaturzeitschrift,197,Philipp Schönthaler the perfect mystery cannot be written,0.0267673478011674,0.0537741687551502,-0.027006820953982803,keine_dominanz
311,file:/C:/mallet/textkorpus/final_txtonly/2011_LZ_SPRITZ_198_Fatah-Sherko_Die-schönen-Häuser_pp.txt,2011,LZ,Literaturzeitschrift,198,Fatah Sherko Die schönen Häuser,0.1148406625890368,0.0390267985216554,0.0758138640673814,keine_dominanz
312,file:/C:/mallet/textkorpus/final_txtonly/2011_LZ_SPRITZ_199_Sarah-Iwanowski_Übers-Feld_pp.txt,2011,LZ,Literaturzeitschrift,199,Sarah Iwanowski Übers Feld,0.0,0.1057181818285483,-0.1057181818285483,keine_dominanz
313,file:/C:/mallet/textkorpus/final_txtonly/2011_LZ_SPRITZ_200_Burkhard-Spinnen_Trainee-Max_pp.txt,2011,LZ,Literaturzeitschrift,200,Burkhard Spinnen Trainee Max,0.0367770409191752,0.0,0.0367770409191752,keine_dominanz
314,file:/C:/mallet/textkorpus/final_txtonly/2011_LZ_SPRITZ_200_Daniela-Dröscher_Sans-Soleil_pp.txt,2011,LZ,Literaturzeitschrift,200,Daniela Dröscher Sans Soleil,0.0277077983506247,0.1719978148224221,-0.1442900164717974,keine_dominanz
315,file:/C:/mallet/textkorpus/final_txtonly/2011_LZ_SPRITZ_Sonderheft_Falko-Henning_Fear-and-Loathing-in-Sofia_pp.txt,2011,LZ,Literaturzeitschrift,Sonderheft,Falko Henning Fear and Loathing in Sofia,0.0766318561706179,0.0302520948906762,0.04637976127994171,keine_dominanz
316,file:/C:/mallet/textkorpus/final_txtonly/2011_LZ_SPRITZ_Sonderheft_Karsten-Krampitz_Ganz-unten-Istrien-undercover_pp.txt,2011,LZ,Literaturzeitschrift,Sonderheft,Karsten Krampitz Ganz unten Istrien undercover,0.0633154790046076,0.1023982962965837,-0.0390828172919761,keine_dominanz
317,file:/C:/mallet/textkorpus/final_txtonly/2011_LZ_SPRITZ_Sonderheft_Steffen-Popp_Materialien-zu-einem-Bericht_pp.txt,2011,LZ,Literaturzeitschrift,Sonderheft,Steffen Popp Materialien zu einem Bericht,0.150834524386506,0.0568430165131486,0.09399150787335739,keine_dominanz
318,file:/C:/mallet/textkorpus/final_txtonly/2011_OP_FF_Ender-Wiggin_Die-Birke_4ece791a0000afde0c907530_pp.txt,2011,OP,Online-Plattform,Ender Wiggin,Die Birke 4ece791a0000afde0c907530,0.0494193023650139,0.10916840071150419,-0.05974909834649029,keine_dominanz
319,file:/C:/mallet/textkorpus/final_txtonly/2011_OP_FF_MySecretsKeeper_Gottkomplex-fuerchte-ich_4ead58b900005e730c907530_pp.txt,2011,OP,Online-Plattform,MySecretsKeeper,Gottkomplex fuerchte ich 4ead58b900005e730c907530,0.1250620550182373,0.0,0.1250620550182373,keine_dominanz
320,file:/C:/mallet/textkorpus/final_txtonly/2011_OP_FF_Naurelen_Eine-Frau-mit-Bauch_4d7d4ef400000d6d0c907530_pp.txt,2011,OP,Online-Plattform,Naurelen,Eine Frau mit Bauch 4d7d4ef400000d6d0c907530,0.071033505124949,0.1369476842639702,-0.06591417913902119,keine_dominanz
321,file:/C:/mallet/textkorpus/final_txtonly/2012_B_Der-Klang-der-Blicke_Selim-Özdogan_Bewerbungsgespräch-und-Wahrheit_pp.txt,2012,B,Buch,Selim Özdogan,Bewerbungsgespräch und Wahrheit,0.112838613169065,0.0223032938321903,0.0905353193368747,keine_dominanz
322,file:/C:/mallet/textkorpus/final_txtonly/2012_B_Der-Klang-der-Blicke_Selim-Özdogan_Boxen-und-Nähen_pp.txt,2012,B,Buch,Selim Özdogan,Boxen und Nähen,0.0,0.0264242811480646,-0.0264242811480646,keine_dominanz
323,file:/C:/mallet/textkorpus/final_txtonly/2012_B_Der-Klang-der-Blicke_Selim-Özdogan_Dachterrasse_pp.txt,2012,B,Buch,Selim Özdogan,Dachterrasse,0.1748031971333717,0.0,0.1748031971333717,keine_dominanz
324,file:/C:/mallet/textkorpus/final_txtonly/2012_B_Der-Klang-der-Blicke_Selim-Özdogan_Das-kam-bei-uns-auch-erst-später_pp.txt,2012,B,Buch,Selim Özdogan,Das kam bei uns auch erst später,0.0,0.0,0.0,keine_dominanz
325,file:/C:/mallet/textkorpus/final_txtonly/2012_B_Der-Klang-der-Blicke_Selim-Özdogan_Der-den-Klang-der-Worte-liebt_pp.txt,2012,B,Buch,Selim Özdogan,Der den Klang der Worte liebt,0.135710287836463,0.1692515867789529,-0.03354129894248992,keine_dominanz
326,file:/C:/mallet/textkorpus/final_txtonly/2012_B_Der-Klang-der-Blicke_Selim-Özdogan_Die-Prinzessin-auf-der-Suche_pp.txt,2012,B,Buch,Selim Özdogan,Die Prinzessin auf der Suche,0.0250174691054786,0.2893241801068923,-0.26430671100141373,keine_dominanz
327,file:/C:/mallet/textkorpus/final_txtonly/2012_B_Der-Klang-der-Blicke_Selim-Özdogan_Die-Wege-des-Herrn_pp.txt,2012,B,Buch,Selim Özdogan,Die Wege des Herrn,0.0,0.2052800863908333,-0.2052800863908333,keine_dominanz
328,file:/C:/mallet/textkorpus/final_txtonly/2012_B_Der-Klang-der-Blicke_Selim-Özdogan_Drei-Schwestern_pp.txt,2012,B,Buch,Selim Özdogan,Drei Schwestern,0.0,0.0,0.0,keine_dominanz
329,file:/C:/mallet/textkorpus/final_txtonly/2012_B_Der-Klang-der-Blicke_Selim-Özdogan_Ein-anderes-Ende_pp.txt,2012,B,Buch,Selim Özdogan,Ein anderes Ende,0.0,0.0356866792209965,-0.0356866792209965,keine_dominanz
330,file:/C:/mallet/textkorpus/final_txtonly/2012_B_Der-Klang-der-Blicke_Selim-Özdogan_Eines-Tages-wird-er-nicht-mehr-kommen_pp.txt,2012,B,Buch,Selim Özdogan,Eines Tages wird er nicht mehr kommen,0.0,0.1074406667096394,-0.1074406667096394,keine_dominanz
331,file:/C:/mallet/textkorpus/final_txtonly/2012_B_Der-Klang-der-Blicke_Selim-Özdogan_Endlich_pp.txt,2012,B,Buch,Selim Özdogan,Endlich,0.0264187209497894,0.1029689672417522,-0.0765502462919628,keine_dominanz
332,file:/C:/mallet/textkorpus/final_txtonly/2012_B_Der-Klang-der-Blicke_Selim-Özdogan_Freuden-der-Jugend_pp.txt,2012,B,Buch,Selim Özdogan,Freuden der Jugend,0.0,0.0572339589483561,-0.0572339589483561,keine_dominanz
333,file:/C:/mallet/textkorpus/final_txtonly/2012_B_Der-Klang-der-Blicke_Selim-Özdogan_Garten-ohne-Gesetz_pp.txt,2012,B,Buch,Selim Özdogan,Garten ohne Gesetz,0.0,0.0712750577834588,-0.0712750577834588,keine_dominanz
334,file:/C:/mallet/textkorpus/final_txtonly/2012_B_Der-Klang-der-Blicke_Selim-Özdogan_Ihr-Vater-mochte-mich-von-Anfang-an-nicht_pp.txt,2012,B,Buch,Selim Özdogan,Ihr Vater mochte mich von Anfang an nicht,0.0750899813488145,0.0309317562034657,0.044158225145348805,keine_dominanz
335,file:/C:/mallet/textkorpus/final_txtonly/2012_B_Der-Klang-der-Blicke_Selim-Özdogan_Jeder-schläft-allein_pp.txt,2012,B,Buch,Selim Özdogan,Jeder schläft allein,0.0,0.0,0.0,keine_dominanz
336,file:/C:/mallet/textkorpus/final_txtonly/2012_B_Der-Klang-der-Blicke_Selim-Özdogan_Kein-Grund_pp.txt,2012,B,Buch,Selim Özdogan,Kein Grund,0.0,0.0333184683091815,-0.0333184683091815,keine_dominanz
337,file:/C:/mallet/textkorpus/final_txtonly/2012_B_Der-Klang-der-Blicke_Selim-Özdogan_Keiner-weiß-mehr_pp.txt,2012,B,Buch,Selim Özdogan,Keiner weiß mehr,0.1035476805297054,0.0423827151742357,0.0611649653554697,keine_dominanz
338,file:/C:/mallet/textkorpus/final_txtonly/2012_B_Der-Klang-der-Blicke_Selim-Özdogan_Kriminelle_pp.txt,2012,B,Buch,Selim Özdogan,Kriminelle,0.1277420165517028,0.0368297608414747,0.09091225571022811,keine_dominanz
339,file:/C:/mallet/textkorpus/final_txtonly/2012_B_Der-Klang-der-Blicke_Selim-Özdogan_Langen_pp.txt,2012,B,Buch,Selim Özdogan,Langen,0.0,0.0,0.0,keine_dominanz
340,file:/C:/mallet/textkorpus/final_txtonly/2012_B_Der-Klang-der-Blicke_Selim-Özdogan_Lass-fallen_pp.txt,2012,B,Buch,Selim Özdogan,Lass fallen,0.0,0.034193037538766,-0.034193037538766,keine_dominanz
341,file:/C:/mallet/textkorpus/final_txtonly/2012_B_Der-Klang-der-Blicke_Selim-Özdogan_Laternenlicht_pp.txt,2012,B,Buch,Selim Özdogan,Laternenlicht,0.0,0.0,0.0,keine_dominanz
342,file:/C:/mallet/textkorpus/final_txtonly/2012_B_Der-Klang-der-Blicke_Selim-Özdogan_Niemandes-Rücken_pp.txt,2012,B,Buch,Selim Özdogan,Niemandes Rücken,0.0417740300994983,0.0,0.0417740300994983,keine_dominanz
343,file:/C:/mallet/textkorpus/final_txtonly/2012_B_Der-Klang-der-Blicke_Selim-Özdogan_Noch-einmal-die-Weite_pp.txt,2012,B,Buch,Selim Özdogan,Noch einmal die Weite,0.0,0.0550262936623167,-0.0550262936623167,keine_dominanz
344,file:/C:/mallet/textkorpus/final_txtonly/2012_B_Der-Klang-der-Blicke_Selim-Özdogan_Oben-auf-dem-Dach-und-hinterher_pp.txt,2012,B,Buch,Selim Özdogan,Oben auf dem Dach und hinterher,0.0,0.0,0.0,keine_dominanz
345,file:/C:/mallet/textkorpus/final_txtonly/2012_B_Der-Klang-der-Blicke_Selim-Özdogan_Opfer_pp.txt,2012,B,Buch,Selim Özdogan,Opfer,0.034666502612696,0.0671074922163444,-0.032440989603648406,keine_dominanz
346,file:/C:/mallet/textkorpus/final_txtonly/2012_B_Der-Klang-der-Blicke_Selim-Özdogan_Papierpussy_pp.txt,2012,B,Buch,Selim Özdogan,Papierpussy,0.0254403632311239,0.0476846888185557,-0.0222443255874318,keine_dominanz
347,file:/C:/mallet/textkorpus/final_txtonly/2012_B_Der-Klang-der-Blicke_Selim-Özdogan_Richtig-wünschen_pp.txt,2012,B,Buch,Selim Özdogan,Richtig wünschen,0.0,0.0283630204430391,-0.0283630204430391,keine_dominanz
348,file:/C:/mallet/textkorpus/final_txtonly/2012_B_Der-Klang-der-Blicke_Selim-Özdogan_Steinstadt_pp.txt,2012,B,Buch,Selim Özdogan,Steinstadt,0.0680994481555733,0.2389794389417288,-0.1708799907861555,keine_dominanz
349,file:/C:/mallet/textkorpus/final_txtonly/2012_B_Der-Klang-der-Blicke_Selim-Özdogan_Sternschnuppen_pp.txt,2012,B,Buch,Selim Özdogan,Sternschnuppen,0.0,0.0208898067014037,-0.0208898067014037,keine_dominanz
350,file:/C:/mallet/textkorpus/final_txtonly/2012_B_Der-Klang-der-Blicke_Selim-Özdogan_Tim-ist-nicht-tot_pp.txt,2012,B,Buch,Selim Özdogan,Tim ist nicht tot,0.0,0.1348898490275044,-0.1348898490275044,keine_dominanz
351,file:/C:/mallet/textkorpus/final_txtonly/2012_B_Der-Klang-der-Blicke_Selim-Özdogan_Todesengel_pp.txt,2012,B,Buch,Selim Özdogan,Todesengel,0.0937387309699584,0.0,0.0937387309699584,keine_dominanz
352,file:/C:/mallet/textkorpus/final_txtonly/2012_B_Der-Klang-der-Blicke_Selim-Özdogan_Töten-hören-leben_pp.txt,2012,B,Buch,Selim Özdogan,Töten hören leben,0.0,0.06674745044383901,-0.06674745044383901,keine_dominanz
353,file:/C:/mallet/textkorpus/final_txtonly/2012_B_Der-Klang-der-Blicke_Selim-Özdogan_Verdachtsmomente_pp.txt,2012,B,Buch,Selim Özdogan,Verdachtsmomente,0.0,0.2023690626592494,-0.2023690626592494,keine_dominanz
354,file:/C:/mallet/textkorpus/final_txtonly/2012_B_Der-Klang-der-Blicke_Selim-Özdogan_Versuch-bloß-nicht-etwas-herauszufinden_pp.txt,2012,B,Buch,Selim Özdogan,Versuch bloß nicht etwas herauszufinden,0.0,0.0669300034730638,-0.0669300034730638,keine_dominanz
355,file:/C:/mallet/textkorpus/final_txtonly/2012_B_Der-Klang-der-Blicke_Selim-Özdogan_Was-ist-gerecht-oder-Uta-Lampes-Ex_pp.txt,2012,B,Buch,Selim Özdogan,Was ist gerecht oder Uta Lampes Ex,0.0217260200838318,0.0,0.0217260200838318,keine_dominanz
356,file:/C:/mallet/textkorpus/final_txtonly/2012_B_Der-Klang-der-Blicke_Selim-Özdogan_Zwei-Tage_pp.txt,2012,B,Buch,Selim Özdogan,Zwei Tage,0.0,0.1905805713012833,-0.1905805713012833,keine_dominanz
357,file:/C:/mallet/textkorpus/final_txtonly/2012_B_Die-Liebe-zur-Zeit-des-Mahlstädter-Kindes_Clemens-Setz_Character-IV_pp.txt,2012,B,Buch,Clemens Setz,Character IV,0.0404493847043004,0.0,0.0404493847043004,keine_dominanz
358,file:/C:/mallet/textkorpus/final_txtonly/2012_B_Die-Liebe-zur-Zeit-des-Mahlstädter-Kindes_Clemens-Setz_Condillac_pp.txt,2012,B,Buch,Clemens Setz,Condillac,0.0,0.0,0.0,keine_dominanz
359,file:/C:/mallet/textkorpus/final_txtonly/2012_B_Die-Liebe-zur-Zeit-des-Mahlstädter-Kindes_Clemens-Setz_Das-Gespräch-der-Eltern-in-Hänsel-und-Gretel_pp.txt,2012,B,Buch,Clemens Setz,Das Gespräch der Eltern in Hänsel und Gretel,0.0920198957961829,0.0,0.0920198957961829,keine_dominanz
360,file:/C:/mallet/textkorpus/final_txtonly/2012_B_Die-Liebe-zur-Zeit-des-Mahlstädter-Kindes_Clemens-Setz_Das-Herzstück-der-Sammlung_pp.txt,2012,B,Buch,Clemens Setz,Das Herzstück der Sammlung,0.0,0.0304743428321133,-0.0304743428321133,keine_dominanz
361,file:/C:/mallet/textkorpus/final_txtonly/2012_B_Die-Liebe-zur-Zeit-des-Mahlstädter-Kindes_Clemens-Setz_Das-Riesenrad_pp.txt,2012,B,Buch,Clemens Setz,Das Riesenrad,0.0,0.023199777273886,-0.023199777273886,keine_dominanz
362,file:/C:/mallet/textkorpus/final_txtonly/2012_B_Die-Liebe-zur-Zeit-des-Mahlstädter-Kindes_Clemens-Setz_Der-Schläfer-erwacht_pp.txt,2012,B,Buch,Clemens Setz,Der Schläfer erwacht,0.0,0.0,0.0,keine_dominanz
363,file:/C:/mallet/textkorpus/final_txtonly/2012_B_Die-Liebe-zur-Zeit-des-Mahlstädter-Kindes_Clemens-Setz_Die-Entschuldigung_pp.txt,2012,B,Buch,Clemens Setz,Die Entschuldigung,0.1298207676942662,0.0,0.1298207676942662,keine_dominanz
364,file:/C:/mallet/textkorpus/final_txtonly/2012_B_Die-Liebe-zur-Zeit-des-Mahlstädter-Kindes_Clemens-Setz_Die-Leiche_pp.txt,2012,B,Buch,Clemens Setz,Die Leiche,0.0,0.0227873596938786,-0.0227873596938786,keine_dominanz
365,file:/C:/mallet/textkorpus/final_txtonly/2012_B_Die-Liebe-zur-Zeit-des-Mahlstädter-Kindes_Clemens-Setz_Die-Vase_pp.txt,2012,B,Buch,Clemens Setz,Die Vase,0.2337741457318614,0.0,0.2337741457318614,keine_dominanz
366,file:/C:/mallet/textkorpus/final_txtonly/2012_B_Die-Liebe-zur-Zeit-des-Mahlstädter-Kindes_Clemens-Setz_Die-Visitenkarten_pp.txt,2012,B,Buch,Clemens Setz,Die Visitenkarten,0.0,0.0,0.0,keine_dominanz
367,file:/C:/mallet/textkorpus/final_txtonly/2012_B_Die-Liebe-zur-Zeit-des-Mahlstädter-Kindes_Clemens-Setz_Die-Waage_pp.txt,2012,B,Buch,Clemens Setz,Die Waage,0.0,0.0,0.0,keine_dominanz
368,file:/C:/mallet/textkorpus/final_txtonly/2012_B_Die-Liebe-zur-Zeit-des-Mahlstädter-Kindes_Clemens-Setz_Eine-sehr-kurze-Geschichte_pp.txt,2012,B,Buch,Clemens Setz,Eine sehr kurze Geschichte,0.0637062358212507,0.1291726866242916,-0.0654664508030409,keine_dominanz
369,file:/C:/mallet/textkorpus/final_txtonly/2012_B_Die-Liebe-zur-Zeit-des-Mahlstädter-Kindes_Clemens-Setz_Kleine-braune-Tiere_pp.txt,2012,B,Buch,Clemens Setz,Kleine braune Tiere,0.0736954740345485,0.0264556771078278,0.0472397969267207,keine_dominanz
370,file:/C:/mallet/textkorpus/final_txtonly/2012_B_Die-Liebe-zur-Zeit-des-Mahlstädter-Kindes_Clemens-Setz_Milchglas_pp.txt,2012,B,Buch,Clemens Setz,Milchglas,0.0334417245603809,0.0,0.0334417245603809,keine_dominanz
371,file:/C:/mallet/textkorpus/final_txtonly/2012_B_Die-Liebe-zur-Zeit-des-Mahlstädter-Kindes_Clemens-Setz_Mütter_pp.txt,2012,B,Buch,Clemens Setz,Mütter,0.0,0.0,0.0,keine_dominanz
372,file:/C:/mallet/textkorpus/final_txtonly/2012_B_Die-Liebe-zur-Zeit-des-Mahlstädter-Kindes_Clemens-Setz_Weltbild_pp.txt,2012,B,Buch,Clemens Setz,Weltbild,0.0,0.103375012855823,-0.103375012855823,keine_dominanz
373,file:/C:/mallet/textkorpus/final_txtonly/2012_B_Kleine-Polizei-im-Schnee_Dietmar-Dath_AGP_pp.txt,2012,B,Buch,Dietmar Dath,AGP,0.0250298734106602,0.0878425338874819,-0.06281266047682169,keine_dominanz
374,file:/C:/mallet/textkorpus/final_txtonly/2012_B_Kleine-Polizei-im-Schnee_Dietmar-Dath_Angegriffene_pp.txt,2012,B,Buch,Dietmar Dath,Angegriffene,0.0853225414279056,0.0,0.0853225414279056,keine_dominanz
375,file:/C:/mallet/textkorpus/final_txtonly/2012_B_Kleine-Polizei-im-Schnee_Dietmar-Dath_Apollinaris-Classic_pp.txt,2012,B,Buch,Dietmar Dath,Apollinaris Classic,0.0,0.059781615089536,-0.059781615089536,keine_dominanz
376,file:/C:/mallet/textkorpus/final_txtonly/2012_B_Kleine-Polizei-im-Schnee_Dietmar-Dath_Auftrag_pp.txt,2012,B,Buch,Dietmar Dath,Auftrag,0.0410133563777052,0.0960556833742727,-0.0550423269965675,keine_dominanz
377,file:/C:/mallet/textkorpus/final_txtonly/2012_B_Kleine-Polizei-im-Schnee_Dietmar-Dath_Deleted-Records_pp.txt,2012,B,Buch,Dietmar Dath,Deleted Records,0.1341862763474089,0.1916709622626561,-0.05748468591524719,keine_dominanz
378,file:/C:/mallet/textkorpus/final_txtonly/2012_B_Kleine-Polizei-im-Schnee_Dietmar-Dath_Der-Teilnehmer-ist-im-Moment-nicht-erreichbar_pp.txt,2012,B,Buch,Dietmar Dath,Der Teilnehmer ist im Moment nicht erreichbar,0.0353501840423176,0.10895404478231009,-0.07360386073999249,keine_dominanz
379,file:/C:/mallet/textkorpus/final_txtonly/2012_B_Kleine-Polizei-im-Schnee_Dietmar-Dath_Doro-Coppes-Vorgeschichte_pp.txt,2012,B,Buch,Dietmar Dath,Doro Coppes Vorgeschichte,0.0,0.04904675782522,-0.04904675782522,keine_dominanz
380,file:/C:/mallet/textkorpus/final_txtonly/2012_B_Kleine-Polizei-im-Schnee_Dietmar-Dath_Eistee_pp.txt,2012,B,Buch,Dietmar Dath,Eistee,0.0716863807582933,0.0287114335235572,0.0429749472347361,keine_dominanz
381,file:/C:/mallet/textkorpus/final_txtonly/2012_B_Kleine-Polizei-im-Schnee_Dietmar-Dath_Ennoia-Schnee_pp.txt,2012,B,Buch,Dietmar Dath,Ennoia Schnee,0.0490970176976878,0.0775961873191676,-0.028499169621479803,keine_dominanz
382,file:/C:/mallet/textkorpus/final_txtonly/2012_B_Kleine-Polizei-im-Schnee_Dietmar-Dath_Fernsehspiel_pp.txt,2012,B,Buch,Dietmar Dath,Fernsehspiel,0.0,0.0,0.0,keine_dominanz
383,file:/C:/mallet/textkorpus/final_txtonly/2012_B_Kleine-Polizei-im-Schnee_Dietmar-Dath_Gedächtnisfeuer_pp.txt,2012,B,Buch,Dietmar Dath,Gedächtnisfeuer,0.1632989570793792,0.0533844220642861,0.1099145350150931,keine_dominanz
384,file:/C:/mallet/textkorpus/final_txtonly/2012_B_Kleine-Polizei-im-Schnee_Dietmar-Dath_Goldgrüne-Fische_pp.txt,2012,B,Buch,Dietmar Dath,Goldgrüne Fische,0.0,0.10791222658221311,-0.10791222658221311,keine_dominanz
385,file:/C:/mallet/textkorpus/final_txtonly/2012_B_Kleine-Polizei-im-Schnee_Dietmar-Dath_Hamburg_pp.txt,2012,B,Buch,Dietmar Dath,Hamburg,0.0298841941601243,0.2715839944597899,-0.24169980029966562,keine_dominanz
386,file:/C:/mallet/textkorpus/final_txtonly/2012_B_Kleine-Polizei-im-Schnee_Dietmar-Dath_Hinderliche-Gerechtigkeit_pp.txt,2012,B,Buch,Dietmar Dath,Hinderliche Gerechtigkeit,0.2083103452265257,0.0939431046737625,0.11436724055276319,keine_dominanz
387,file:/C:/mallet/textkorpus/final_txtonly/2012_B_Kleine-Polizei-im-Schnee_Dietmar-Dath_Hirnwettlauf_pp.txt,2012,B,Buch,Dietmar Dath,Hirnwettlauf,0.0420217299979135,0.0588439791495353,-0.016822249151621796,keine_dominanz
388,file:/C:/mallet/textkorpus/final_txtonly/2012_B_Kleine-Polizei-im-Schnee_Dietmar-Dath_Ihr-wollt-so-sein_pp.txt,2012,B,Buch,Dietmar Dath,Ihr wollt so sein,0.254654470180081,0.1068384293570787,0.14781604082300231,keine_dominanz
389,file:/C:/mallet/textkorpus/final_txtonly/2012_B_Kleine-Polizei-im-Schnee_Dietmar-Dath_Im-Schatten_pp.txt,2012,B,Buch,Dietmar Dath,Im Schatten,0.0251617846960475,0.0774459923388311,-0.05228420764278359,keine_dominanz
390,file:/C:/mallet/textkorpus/final_txtonly/2012_B_Kleine-Polizei-im-Schnee_Dietmar-Dath_Information_pp.txt,2012,B,Buch,Dietmar Dath,Information,0.0803600834449195,0.020739446562528,0.0596206368823915,keine_dominanz
391,file:/C:/mallet/textkorpus/final_txtonly/2012_B_Kleine-Polizei-im-Schnee_Dietmar-Dath_Kammonikutain_pp.txt,2012,B,Buch,Dietmar Dath,Kammonikutain,0.0975824241274428,0.0,0.0975824241274428,keine_dominanz
392,file:/C:/mallet/textkorpus/final_txtonly/2012_B_Kleine-Polizei-im-Schnee_Dietmar-Dath_Katzen-und-Ratten_pp.txt,2012,B,Buch,Dietmar Dath,Katzen und Ratten,0.0849380428454839,0.0,0.0849380428454839,keine_dominanz
393,file:/C:/mallet/textkorpus/final_txtonly/2012_B_Kleine-Polizei-im-Schnee_Dietmar-Dath_Liebe-Ost_pp.txt,2012,B,Buch,Dietmar Dath,Liebe Ost,0.0259314243977715,0.0915595000688366,-0.0656280756710651,keine_dominanz
394,file:/C:/mallet/textkorpus/final_txtonly/2012_B_Kleine-Polizei-im-Schnee_Dietmar-Dath_Lieber-Regen_pp.txt,2012,B,Buch,Dietmar Dath,Lieber Regen,0.0449657545684619,0.1580942495383104,-0.11312849496984849,keine_dominanz
395,file:/C:/mallet/textkorpus/final_txtonly/2012_B_Kleine-Polizei-im-Schnee_Dietmar-Dath_Láadan_2-0_pp.txt,2012,B,Buch,Dietmar Dath,Láadan 2 0,0.0962820183977036,0.1359426861170862,-0.039660667719382606,keine_dominanz
396,file:/C:/mallet/textkorpus/final_txtonly/2012_B_Kleine-Polizei-im-Schnee_Dietmar-Dath_Modale-Durchreiche_pp.txt,2012,B,Buch,Dietmar Dath,Modale Durchreiche,0.1451927873708099,0.1697441413864091,-0.024551354015599186,keine_dominanz
397,file:/C:/mallet/textkorpus/final_txtonly/2012_B_Kleine-Polizei-im-Schnee_Dietmar-Dath_Mondphasen_pp.txt,2012,B,Buch,Dietmar Dath,Mondphasen,0.12098734594830289,0.0464786481557835,0.0745086977925194,keine_dominanz
398,file:/C:/mallet/textkorpus/final_txtonly/2012_B_Kleine-Polizei-im-Schnee_Dietmar-Dath_Mutilationsskepsis_pp.txt,2012,B,Buch,Dietmar Dath,Mutilationsskepsis,0.10574100285553911,0.0936401070543862,0.012100895801152908,keine_dominanz
399,file:/C:/mallet/textkorpus/final_txtonly/2012_B_Kleine-Polizei-im-Schnee_Dietmar-Dath_N-existe-pas_pp.txt,2012,B,Buch,Dietmar Dath,N existe pas,0.2205194708135572,0.17688879241515382,0.04363067839840337,keine_dominanz
400,file:/C:/mallet/textkorpus/final_txtonly/2012_B_Kleine-Polizei-im-Schnee_Dietmar-Dath_Nachruf-auf-Ken-Russel-Leipziger-Fassung_pp.txt,2012,B,Buch,Dietmar Dath,Nachruf auf Ken Russel Leipziger Fassung,0.1322793933576769,0.041226704188157,0.09105268916951992,keine_dominanz
401,file:/C:/mallet/textkorpus/final_txtonly/2012_B_Kleine-Polizei-im-Schnee_Dietmar-Dath_Nichtverwechslung_pp.txt,2012,B,Buch,Dietmar Dath,Nichtverwechslung,0.0572486478217558,0.0,0.0572486478217558,keine_dominanz
402,file:/C:/mallet/textkorpus/final_txtonly/2012_B_Kleine-Polizei-im-Schnee_Dietmar-Dath_Planet-ohne-Hörbücher_pp.txt,2012,B,Buch,Dietmar Dath,Planet ohne Hörbücher,0.0813646585156203,0.0992184577272984,-0.017853799211678095,keine_dominanz
403,file:/C:/mallet/textkorpus/final_txtonly/2012_B_Kleine-Polizei-im-Schnee_Dietmar-Dath_Politische-Selbsterziehung_pp.txt,2012,B,Buch,Dietmar Dath,Politische Selbsterziehung,0.1819089162159205,0.1559901211598266,0.025918795056093902,keine_dominanz
404,file:/C:/mallet/textkorpus/final_txtonly/2012_B_Kleine-Polizei-im-Schnee_Dietmar-Dath_Protestbriefe_pp.txt,2012,B,Buch,Dietmar Dath,Protestbriefe,0.302309689356017,0.0,0.302309689356017,keine_dominanz
405,file:/C:/mallet/textkorpus/final_txtonly/2012_B_Kleine-Polizei-im-Schnee_Dietmar-Dath_Qualitätsjournalismus_pp.txt,2012,B,Buch,Dietmar Dath,Qualitätsjournalismus,0.4411341937228763,0.0,0.4411341937228763,dominant_kritisch
406,file:/C:/mallet/textkorpus/final_txtonly/2012_B_Kleine-Polizei-im-Schnee_Dietmar-Dath_Sapir-Whorf-revisited_pp.txt,2012,B,Buch,Dietmar Dath,Sapir Whorf revisited,0.145426324293915,0.0,0.145426324293915,keine_dominanz
407,file:/C:/mallet/textkorpus/final_txtonly/2012_B_Kleine-Polizei-im-Schnee_Dietmar-Dath_Tröstliche-Begegnung_pp.txt,2012,B,Buch,Dietmar Dath,Tröstliche Begegnung,0.0495091601561966,0.0289770110598752,0.020532149096321402,keine_dominanz
408,file:/C:/mallet/textkorpus/final_txtonly/2012_B_Kleine-Polizei-im-Schnee_Dietmar-Dath_Unpolitische-Lösung_pp.txt,2012,B,Buch,Dietmar Dath,Unpolitische Lösung,0.20701090287618218,0.0218893918297099,0.1851215110464723,keine_dominanz
409,file:/C:/mallet/textkorpus/final_txtonly/2012_B_Kleine-Polizei-im-Schnee_Dietmar-Dath_Unsichtbares-Wasser_pp.txt,2012,B,Buch,Dietmar Dath,Unsichtbares Wasser,0.0467265491861303,0.1011738776283604,-0.0544473284422301,keine_dominanz
410,file:/C:/mallet/textkorpus/final_txtonly/2012_B_Kleine-Polizei-im-Schnee_Dietmar-Dath_Verkürzerport_pp.txt,2012,B,Buch,Dietmar Dath,Verkürzerport,0.0289761265149638,0.2507714743374954,-0.22179534782253163,keine_dominanz
411,file:/C:/mallet/textkorpus/final_txtonly/2012_B_Kleine-Polizei-im-Schnee_Dietmar-Dath_Verliebte-Scheu_pp.txt,2012,B,Buch,Dietmar Dath,Verliebte Scheu,0.0,0.34196281312480736,-0.34196281312480736,keine_dominanz
412,file:/C:/mallet/textkorpus/final_txtonly/2012_B_Kleine-Polizei-im-Schnee_Dietmar-Dath_Verwehrte-Bitte_pp.txt,2012,B,Buch,Dietmar Dath,Verwehrte Bitte,0.0261317807324898,0.0,0.0261317807324898,keine_dominanz
413,file:/C:/mallet/textkorpus/final_txtonly/2012_B_Kleine-Polizei-im-Schnee_Dietmar-Dath_Where-I-wanna-be-she-may-be_pp.txt,2012,B,Buch,Dietmar Dath,Where I wanna be she may be,0.0323602602735863,0.2381514711488484,-0.20579121087526211,keine_dominanz
414,file:/C:/mallet/textkorpus/final_txtonly/2012_B_Kleine-Polizei-im-Schnee_Dietmar-Dath_Winziges-Leck_pp.txt,2012,B,Buch,Dietmar Dath,Winziges Leck,0.0,0.2550115644475865,-0.2550115644475865,keine_dominanz
415,file:/C:/mallet/textkorpus/final_txtonly/2012_B_Kleine-Polizei-im-Schnee_Dietmar-Dath_Yumi_pp.txt,2012,B,Buch,Dietmar Dath,Yumi,0.0719834910583827,0.0,0.0719834910583827,keine_dominanz
416,file:/C:/mallet/textkorpus/final_txtonly/2012_B_Kleine-Polizei-im-Schnee_Dietmar-Dath_Ägyptische-Hoffnung_pp.txt,2012,B,Buch,Dietmar Dath,Ägyptische Hoffnung,0.0535073022938456,0.1456234430702347,-0.0921161407763891,keine_dominanz
417,file:/C:/mallet/textkorpus/final_txtonly/2012_B_Shakespeares-Hühner_Ralf-Rothmann_Abschied-von-Montparnasse_pp.txt,2012,B,Buch,Ralf Rothmann,Abschied von Montparnasse,0.0261942789231804,0.1306994423117843,-0.10450516338860388,keine_dominanz
418,file:/C:/mallet/textkorpus/final_txtonly/2012_B_Shakespeares-Hühner_Ralf-Rothmann_Alte-Zwinger_pp.txt,2012,B,Buch,Ralf Rothmann,Alte Zwinger,0.0,0.0749656141695351,-0.0749656141695351,keine_dominanz
419,file:/C:/mallet/textkorpus/final_txtonly/2012_B_Shakespeares-Hühner_Ralf-Rothmann_Frischer-Schnee_pp.txt,2012,B,Buch,Ralf Rothmann,Frischer Schnee,0.0,0.0,0.0,keine_dominanz
420,file:/C:/mallet/textkorpus/final_txtonly/2012_B_Shakespeares-Hühner_Ralf-Rothmann_Othello-für-Anfänger_pp.txt,2012,B,Buch,Ralf Rothmann,Othello für Anfänger,0.0209547104445085,0.0,0.0209547104445085,keine_dominanz
421,file:/C:/mallet/textkorpus/final_txtonly/2012_B_Shakespeares-Hühner_Ralf-Rothmann_Tempelschlaf_pp.txt,2012,B,Buch,Ralf Rothmann,Tempelschlaf,0.0,0.0747890060404735,-0.0747890060404735,keine_dominanz
422,file:/C:/mallet/textkorpus/final_txtonly/2012_B_Shakespeares-Hühner_Ralf-Rothmann_Traber-Sonate_pp.txt,2012,B,Buch,Ralf Rothmann,Traber Sonate,0.0,0.1455859631773378,-0.1455859631773378,keine_dominanz
423,file:/C:/mallet/textkorpus/final_txtonly/2012_LW_Bachmann_3sat-Preis_Lisa-Kränzler_Willste-abhauen_pp.txt,2012,LW,Literaturwettbewerb,3sat Preis,Lisa Kränzler Willste abhauen,0.0253316460613699,0.0303954439632012,-0.005063797901831299,keine_dominanz
424,file:/C:/mallet/textkorpus/final_txtonly/2012_LW_Bachmann_Bachmannpreis_Olga-Martynova_Ich-werde-sagen-Hi_pp.txt,2012,LW,Literaturwettbewerb,Bachmannpreis,Olga Martynova Ich werde sagen Hi,0.0,0.0617053599385169,-0.0617053599385169,keine_dominanz
425,file:/C:/mallet/textkorpus/final_txtonly/2012_LW_Bachmann_BKS-Publikumspreis_Cornelia-Travnicek_Junge-Hunde_AUSZUG_pp.txt,2012,LW,Literaturwettbewerb,BKS Publikumspreis,Cornelia Travnicek Junge Hunde AUSZUG,0.0,0.1550175202097521,-0.1550175202097521,keine_dominanz
426,file:/C:/mallet/textkorpus/final_txtonly/2012_LW_Bachmann_Ernst-Willner-Preis_Inger-Maria-Mahlke_kA_pp.txt,2012,LW,Literaturwettbewerb,Ernst Willner Preis,Inger Maria Mahlke kA,0.0,0.0409413562822738,-0.0409413562822738,keine_dominanz
427,file:/C:/mallet/textkorpus/final_txtonly/2012_LW_Bachmann_Kelag-Preis_Matthias-Nawrat_Unternehmer_AUSZUG_pp.txt,2012,LW,Literaturwettbewerb,Kelag Preis,Matthias Nawrat Unternehmer AUSZUG,0.0,0.0747635195125727,-0.0747635195125727,keine_dominanz
428,file:/C:/mallet/textkorpus/final_txtonly/2012_LW_Moerser-Literaturpreis_01_ChristinaLeicht_Ist-es-kalt-Tut-es-weh_pp.txt,2012,LW,Literaturwettbewerb,01,ChristinaLeicht Ist es kalt Tut es weh,0.0,0.0551388892962516,-0.0551388892962516,keine_dominanz
429,file:/C:/mallet/textkorpus/final_txtonly/2012_LW_Moerser-Literaturpreis_02_FelicitasSpiecker_Der-Morgen-danach_pp.txt,2012,LW,Literaturwettbewerb,02,FelicitasSpiecker Der Morgen danach,0.0,0.030233143500703,-0.030233143500703,keine_dominanz
430,file:/C:/mallet/textkorpus/final_txtonly/2012_LW_Moerser-Literaturpreis_03_ChristianBrune_Liebe-auf-Zeit_pp.txt,2012,LW,Literaturwettbewerb,03,ChristianBrune Liebe auf Zeit,0.0,0.0630340926662104,-0.0630340926662104,keine_dominanz
431,file:/C:/mallet/textkorpus/final_txtonly/2012_LW_Münchner-KGW_Anita-Siegfried_Drei-Minuten_pp.txt,2012,LW,Literaturwettbewerb,Anita Siegfried,Drei Minuten,0.0308061346708951,0.0,0.0308061346708951,keine_dominanz
432,file:/C:/mallet/textkorpus/final_txtonly/2012_LW_Münchner-KGW_Anne-Müller_Libellen-paaren-sich-im-Flug_pp.txt,2012,LW,Literaturwettbewerb,Anne Müller,Libellen paaren sich im Flug,0.0,0.2126986362554591,-0.2126986362554591,keine_dominanz
433,file:/C:/mallet/textkorpus/final_txtonly/2012_LW_Münchner-KGW_Doris-Hillenbrand_Janis-Joplin-und-ich_pp.txt,2012,LW,Literaturwettbewerb,Doris Hillenbrand,Janis Joplin und ich,0.1003361824331928,0.07650237613809341,0.02383380629509939,keine_dominanz
434,file:/C:/mallet/textkorpus/final_txtonly/2012_LW_Münchner-KGW_Ingrid-Svoboda_Kaspressknoedel_pp.txt,2012,LW,Literaturwettbewerb,Ingrid Svoboda,Kaspressknoedel,0.0,0.1200740189135277,-0.1200740189135277,keine_dominanz
435,file:/C:/mallet/textkorpus/final_txtonly/2012_LW_OpenMike_Joey-Juschka_Schaf-e-V_pp.txt,2012,LW,Literaturwettbewerb,Joey Juschka,Schaf e V,0.021499111847657,0.0,0.021499111847657,keine_dominanz
436,file:/C:/mallet/textkorpus/final_txtonly/2012_LW_OpenMike_Juan-S-Guse_Pelusa_pp.txt,2012,LW,Literaturwettbewerb,Juan S Guse,Pelusa,0.0,0.3260941752635924,-0.3260941752635924,keine_dominanz
437,file:/C:/mallet/textkorpus/final_txtonly/2012_LW_OpenMike_Sandra-Gugic_Junge-Frau-undatiert_pp.txt,2012,LW,Literaturwettbewerb,Sandra Gugic,Junge Frau undatiert,0.0,0.0,0.0,keine_dominanz
438,"file:/C:/mallet/textkorpus/final_txtonly/2012_LW_Schreibwettbewerb-Literaturhaus-Zürich_01_Doris-Wirth_Mutters-Kopf,-Vater-und-ich_pp.txt",2012,LW,Literaturwettbewerb,01,"Doris Wirth Mutters Kopf, Vater und ich",0.0,0.0262197932876565,-0.0262197932876565,keine_dominanz
439,file:/C:/mallet/textkorpus/final_txtonly/2012_LW_Schreibwettbewerb-Literaturhaus-Zürich_02_Heike-Henzmann_Räuber_pp.txt,2012,LW,Literaturwettbewerb,02,Heike Henzmann Räuber,0.0,0.0879055717161271,-0.0879055717161271,keine_dominanz
440,file:/C:/mallet/textkorpus/final_txtonly/2012_LW_Schreibwettbewerb-Literaturhaus-Zürich_03_Thomas-Greber_Grossvater_pp.txt,2012,LW,Literaturwettbewerb,03,Thomas Greber Grossvater,0.0333526705088784,0.1289052404089878,-0.0955525699001094,keine_dominanz
441,"file:/C:/mallet/textkorpus/final_txtonly/2012_LW_Schreibwettbewerb-Literaturhaus-Zürich_04_Samira-El-Maawi_Von-meinem-Vater,-seiner-Küche-und-meinen-Sorgen_pp.txt",2012,LW,Literaturwettbewerb,04,"Samira El Maawi Von meinem Vater, seiner Küche und meinen Sorgen",0.0,0.3063615734438313,-0.3063615734438313,keine_dominanz
442,file:/C:/mallet/textkorpus/final_txtonly/2012_LW_Schreibwettbewerb-Literaturhaus-Zürich_05_Ingeborg-Rotach_Stillleben_pp.txt,2012,LW,Literaturwettbewerb,05,Ingeborg Rotach Stillleben,0.0,0.181275932304367,-0.181275932304367,keine_dominanz
443,file:/C:/mallet/textkorpus/final_txtonly/2012_LW_Schreibwettbewerb-Literaturhaus-Zürich_06_Roland-Aegerter_Hin-und-Herkunft_pp.txt,2012,LW,Literaturwettbewerb,06,Roland Aegerter Hin und Herkunft,0.1047621712620738,0.0704540625499141,0.034308108712159696,keine_dominanz
444,file:/C:/mallet/textkorpus/final_txtonly/2012_LW_Schreibwettbewerb-Literaturhaus-Zürich_07_Dmitrij-Gawrisch_Mein-Held_pp.txt,2012,LW,Literaturwettbewerb,07,Dmitrij Gawrisch Mein Held,0.0,0.2150496623092866,-0.2150496623092866,keine_dominanz
445,file:/C:/mallet/textkorpus/final_txtonly/2012_LW_Schreibwettbewerb-Literaturhaus-Zürich_08_Horst-Werner-Klöckner_Alles-ist-gut!_pp.txt,2012,LW,Literaturwettbewerb,08,Horst Werner Klöckner Alles ist gut!,0.0455464131208889,0.0,0.0455464131208889,keine_dominanz
446,file:/C:/mallet/textkorpus/final_txtonly/2012_LW_Schreibwettbewerb-Literaturhaus-Zürich_09_Birgit-Birnbacher_Die-Tant_pp.txt,2012,LW,Literaturwettbewerb,09,Birgit Birnbacher Die Tant,0.0964780580291974,0.0,0.0964780580291974,keine_dominanz
447,file:/C:/mallet/textkorpus/final_txtonly/2012_LW_Schreibwettbewerb-Literaturhaus-Zürich_10_Romana-Ganzoni_Die-Gewissheit_pp.txt,2012,LW,Literaturwettbewerb,10,Romana Ganzoni Die Gewissheit,0.0,0.2654518078812095,-0.2654518078812095,keine_dominanz
448,file:/C:/mallet/textkorpus/final_txtonly/2012_LZ_SINN_2_Durs-Grünbein_Das-große-Gehege_pp.txt,2012,LZ,Literaturzeitschrift,2,Durs Grünbein Das große Gehege,0.1294393569711138,0.0508891760817244,0.0785501808893894,keine_dominanz
449,file:/C:/mallet/textkorpus/final_txtonly/2012_LZ_SINN_2_Thomas-Böhme_Das-Verzeihkabinett_pp.txt,2012,LZ,Literaturzeitschrift,2,Thomas Böhme Das Verzeihkabinett,0.0,0.0,0.0,keine_dominanz
450,file:/C:/mallet/textkorpus/final_txtonly/2012_LZ_SINN_2_Thomas-Böhme_Der-beste-Friseur_pp.txt,2012,LZ,Literaturzeitschrift,2,Thomas Böhme Der beste Friseur,0.0,0.0,0.0,keine_dominanz
451,file:/C:/mallet/textkorpus/final_txtonly/2012_LZ_SINN_2_Thomas-Böhme_Der-Unausschöpfbare_pp.txt,2012,LZ,Literaturzeitschrift,2,Thomas Böhme Der Unausschöpfbare,0.195998311665721,0.3228357497298892,-0.12683743806416822,keine_dominanz
452,file:/C:/mallet/textkorpus/final_txtonly/2012_LZ_SINN_2_Thomas-Böhme_Die-Falltür_pp.txt,2012,LZ,Literaturzeitschrift,2,Thomas Böhme Die Falltür,0.0,0.0206158853726103,-0.0206158853726103,keine_dominanz
453,file:/C:/mallet/textkorpus/final_txtonly/2012_LZ_SINN_2_Thomas-Böhme_Erheblicher-Schaden_pp.txt,2012,LZ,Literaturzeitschrift,2,Thomas Böhme Erheblicher Schaden,0.4054072032807176,0.0367155107546968,0.3686916925260208,dominant_kritisch
454,file:/C:/mallet/textkorpus/final_txtonly/2012_LZ_SINN_2_Thomas-Böhme_Unsere-Sehenswürdigkeiten_pp.txt,2012,LZ,Literaturzeitschrift,2,Thomas Böhme Unsere Sehenswürdigkeiten,0.0,0.0704439934474575,-0.0704439934474575,keine_dominanz
455,file:/C:/mallet/textkorpus/final_txtonly/2012_LZ_SINN_2_Thomas-Böhme_Öffentliche-Einrichtungen_pp.txt,2012,LZ,Literaturzeitschrift,2,Thomas Böhme Öffentliche Einrichtungen,0.148054312242624,0.1174403104208181,0.030614001821805903,keine_dominanz
456,file:/C:/mallet/textkorpus/final_txtonly/2012_LZ_SINN_5_Hartmut-Lange_Die-Ewigkeit-des-Augenblicks_pp.txt,2012,LZ,Literaturzeitschrift,5,Hartmut Lange Die Ewigkeit des Augenblicks,0.0,0.0,0.0,keine_dominanz
457,file:/C:/mallet/textkorpus/final_txtonly/2012_LZ_SPRITZ_201_Enrico-Dietrich_Zerflackert_pp.txt,2012,LZ,Literaturzeitschrift,201,Enrico Dietrich Zerflackert,0.17402404659512977,0.0,0.17402404659512977,keine_dominanz
458,file:/C:/mallet/textkorpus/final_txtonly/2012_LZ_SPRITZ_201_Ingo-Schulze_Das-Deutschlandgerät_pp.txt,2012,LZ,Literaturzeitschrift,201,Ingo Schulze Das Deutschlandgerät,0.0796210806428441,0.0,0.0796210806428441,keine_dominanz
459,file:/C:/mallet/textkorpus/final_txtonly/2012_LZ_SPRITZ_201_Jan-Friedrich_Sommer-mit-Roxie_pp.txt,2012,LZ,Literaturzeitschrift,201,Jan Friedrich Sommer mit Roxie,0.0,0.0,0.0,keine_dominanz
460,file:/C:/mallet/textkorpus/final_txtonly/2012_LZ_SPRITZ_201_Kati-Sprung_Postkarte_pp.txt,2012,LZ,Literaturzeitschrift,201,Kati Sprung Postkarte,0.0,0.0,0.0,keine_dominanz
461,file:/C:/mallet/textkorpus/final_txtonly/2012_LZ_SPRITZ_201_Kenah-Cusanit_Fortgehen-indem-man-dableibt_pp.txt,2012,LZ,Literaturzeitschrift,201,Kenah Cusanit Fortgehen indem man dableibt,0.0,0.2412229376684005,-0.2412229376684005,keine_dominanz
462,file:/C:/mallet/textkorpus/final_txtonly/2012_LZ_SPRITZ_201_Roman-Ehrlich_Ingeneure-der-Zeit_pp.txt,2012,LZ,Literaturzeitschrift,201,Roman Ehrlich Ingeneure der Zeit,0.0,0.0,0.0,keine_dominanz
463,file:/C:/mallet/textkorpus/final_txtonly/2012_LZ_SPRITZ_201_Simone-Lappert_Die-Feindseligkeit-lebenswichtiger-Organe-an-sich_pp.txt,2012,LZ,Literaturzeitschrift,201,Simone Lappert Die Feindseligkeit lebenswichtiger Organe an sich,0.0,0.0252894175639317,-0.0252894175639317,keine_dominanz
464,file:/C:/mallet/textkorpus/final_txtonly/2012_LZ_SPRITZ_202_Theodor-Weißenborn_Die-Wasser-der-Zeit_pp.txt,2012,LZ,Literaturzeitschrift,202,Theodor Weißenborn Die Wasser der Zeit,0.0,0.1497059735127391,-0.1497059735127391,keine_dominanz
465,file:/C:/mallet/textkorpus/final_txtonly/2012_LZ_SPRITZ_202_Theodor-Weißenborn_Ich-fliege-mit-dem-Wind_pp.txt,2012,LZ,Literaturzeitschrift,202,Theodor Weißenborn Ich fliege mit dem Wind,0.0,0.0,0.0,keine_dominanz
466,file:/C:/mallet/textkorpus/final_txtonly/2012_LZ_SPRITZ_203_Constantin-Göttfert_Durch-die-Fliege-betrachtet_pp.txt,2012,LZ,Literaturzeitschrift,203,Constantin Göttfert Durch die Fliege betrachtet,0.0,0.0,0.0,keine_dominanz
467,file:/C:/mallet/textkorpus/final_txtonly/2012_LZ_SPRITZ_203_Constantin-Göttfert_Im-Hotelzimmer_pp.txt,2012,LZ,Literaturzeitschrift,203,Constantin Göttfert Im Hotelzimmer,0.0,0.0273698056969053,-0.0273698056969053,keine_dominanz
468,file:/C:/mallet/textkorpus/final_txtonly/2012_LZ_SPRITZ_203_Constantin-Göttfert_Im-Zug_pp.txt,2012,LZ,Literaturzeitschrift,203,Constantin Göttfert Im Zug,0.0,0.1050684135595991,-0.1050684135595991,keine_dominanz
469,file:/C:/mallet/textkorpus/final_txtonly/2012_OP_FF_AlansSuende_Das-Monster-in-der-Uni_500106f900006ae50c907530_pp.txt,2012,OP,Online-Plattform,AlansSuende,Das Monster in der Uni 500106f900006ae50c907530,0.0249576863634847,0.0993161248041703,-0.0743584384406856,keine_dominanz
470,file:/C:/mallet/textkorpus/final_txtonly/2012_OP_FF_Elverynel_Blutige-Buecher_50be63a70002b3f80c907530_pp.txt,2012,OP,Online-Plattform,Elverynel,Blutige Buecher 50be63a70002b3f80c907530,0.0,0.0,0.0,keine_dominanz
471,file:/C:/mallet/textkorpus/final_txtonly/2012_OP_FF_Hijas-de-la-luna_Toedliche-Freundschaft_4fecfae100002efe0c907530_pp.txt,2012,OP,Online-Plattform,Hijas de la luna,Toedliche Freundschaft 4fecfae100002efe0c907530,0.052503675711056,0.0673040353069581,-0.014800359595902098,keine_dominanz
472,file:/C:/mallet/textkorpus/final_txtonly/2012_OP_FF_Kjtteh_Gott-ist-schuld_507f43a0000126910c907530_pp.txt,2012,OP,Online-Plattform,Kjtteh,Gott ist schuld 507f43a0000126910c907530,0.0254501228366073,0.15115000341540072,-0.12569988057879342,keine_dominanz
473,file:/C:/mallet/textkorpus/final_txtonly/2012_OP_FF_Lighthouse_Fragment_50538c990000837b0c903a98_pp.txt,2012,OP,Online-Plattform,Lighthouse,Fragment 50538c990000837b0c903a98,0.0,0.061368748489193,-0.061368748489193,keine_dominanz
474,file:/C:/mallet/textkorpus/final_txtonly/2012_OP_FF_MsAshantin_Sommergewitter_4fa972ff0001e3240c907530_pp.txt,2012,OP,Online-Plattform,MsAshantin,Sommergewitter 4fa972ff0001e3240c907530,0.0,0.0458658576970621,-0.0458658576970621,keine_dominanz
475,file:/C:/mallet/textkorpus/final_txtonly/2012_OP_FF_Noctifer_La-Morte-Addosso_502d185d000050650c907530_pp.txt,2012,OP,Online-Plattform,Noctifer,La Morte Addosso 502d185d000050650c907530,0.1606960670510867,0.0,0.1606960670510867,keine_dominanz
476,file:/C:/mallet/textkorpus/final_txtonly/2012_OP_FF_rihaij_An-einem-Sommermorgen_503635f900012a8d0c907530_pp.txt,2012,OP,Online-Plattform,rihaij,An einem Sommermorgen 503635f900012a8d0c907530,0.0,0.282769038243034,-0.282769038243034,keine_dominanz
477,file:/C:/mallet/textkorpus/final_txtonly/2012_OP_FF_RoteZoraHamburg_Von-Fussballfans-und-anderen-Chaoten_4f5f61680001878b0c907530_pp.txt,2012,OP,Online-Plattform,RoteZoraHamburg,Von Fussballfans und anderen Chaoten 4f5f61680001878b0c907530,0.0,0.1536621220124712,-0.1536621220124712,keine_dominanz
478,file:/C:/mallet/textkorpus/final_txtonly/2012_OP_FF_Tollkuehn_Das-ist-Liebe-wann-kapiert-ihr-das_50c8b09f00020c3a0c907530_pp.txt,2012,OP,Online-Plattform,Tollkuehn,Das ist Liebe wann kapiert ihr das 50c8b09f00020c3a0c907530,0.043283819260305,0.0,0.043283819260305,keine_dominanz
479,file:/C:/mallet/textkorpus/final_txtonly/2013_B_Irgendwann-ist-Schluss_Markus-Orths_Die-Stimme_pp.txt,2013,B,Buch,Markus Orths,Die Stimme,0.0,0.0431223820789515,-0.0431223820789515,keine_dominanz
480,file:/C:/mallet/textkorpus/final_txtonly/2013_B_Irgendwann-ist-Schluss_Markus-Orths_Löwes%20Welt_pp.txt,2013,B,Buch,Markus Orths,Löwes%20Welt,0.11703524626596509,0.0,0.11703524626596509,keine_dominanz
481,file:/C:/mallet/textkorpus/final_txtonly/2013_B_Irgendwann-ist-Schluss_Markus-Orths_Shot-to-Nothing_pp.txt,2013,B,Buch,Markus Orths,Shot to Nothing,0.0,0.3297643300984681,-0.3297643300984681,keine_dominanz
482,file:/C:/mallet/textkorpus/final_txtonly/2013_B_Irgendwann-ist-Schluss_Markus-Orths_Vier-Stunden-im-Garten-gelegen-Bonus-Track_pp.txt,2013,B,Buch,Markus Orths,Vier Stunden im Garten gelegen Bonus Track,0.2067832696258369,0.0,0.2067832696258369,keine_dominanz
483,file:/C:/mallet/textkorpus/final_txtonly/2013_B_Spätestens-morgen_Zoe-Jenny_Auf-der-Heimfahrt_pp.txt,2013,B,Buch,Zoe Jenny,Auf der Heimfahrt,0.0,0.1304421122457348,-0.1304421122457348,keine_dominanz
484,file:/C:/mallet/textkorpus/final_txtonly/2013_B_Spätestens-morgen_Zoe-Jenny_Ballade-vom-Rhein_pp.txt,2013,B,Buch,Zoe Jenny,Ballade vom Rhein,0.054178247986995,0.1407445883785195,-0.0865663403915245,keine_dominanz
485,file:/C:/mallet/textkorpus/final_txtonly/2013_B_Spätestens-morgen_Zoe-Jenny_Der-Flug-des-Kondors_pp.txt,2013,B,Buch,Zoe Jenny,Der Flug des Kondors,0.0,0.23366670749427787,-0.23366670749427787,keine_dominanz
486,file:/C:/mallet/textkorpus/final_txtonly/2013_B_Spätestens-morgen_Zoe-Jenny_Der-Tag-ist-da_pp.txt,2013,B,Buch,Zoe Jenny,Der Tag ist da,0.0,0.0571910978177706,-0.0571910978177706,keine_dominanz
487,file:/C:/mallet/textkorpus/final_txtonly/2013_B_Spätestens-morgen_Zoe-Jenny_Die-Fähre_pp.txt,2013,B,Buch,Zoe Jenny,Die Fähre,0.0,0.08877318219231459,-0.08877318219231459,keine_dominanz
488,file:/C:/mallet/textkorpus/final_txtonly/2013_B_Spätestens-morgen_Zoe-Jenny_Die-Schatten-von-Pudong_pp.txt,2013,B,Buch,Zoe Jenny,Die Schatten von Pudong,0.0221879854465173,0.0,0.0221879854465173,keine_dominanz
489,file:/C:/mallet/textkorpus/final_txtonly/2013_B_Spätestens-morgen_Zoe-Jenny_Ein-Fest-für-Aimee_pp.txt,2013,B,Buch,Zoe Jenny,Ein Fest für Aimee,0.0307857624609334,0.0297394633174421,0.0010462991434912992,keine_dominanz
490,file:/C:/mallet/textkorpus/final_txtonly/2013_B_Spätestens-morgen_Zoe-Jenny_Ein-Geschenk-für-Miss-Lesly_pp.txt,2013,B,Buch,Zoe Jenny,Ein Geschenk für Miss Lesly,0.0647871274824406,0.2035495077785377,-0.1387623802960971,keine_dominanz
491,file:/C:/mallet/textkorpus/final_txtonly/2013_B_Spätestens-morgen_Zoe-Jenny_Sophies-Sommer_pp.txt,2013,B,Buch,Zoe Jenny,Sophies Sommer,0.1094900122411035,0.032967326994716,0.0765226852463875,keine_dominanz
492,file:/C:/mallet/textkorpus/final_txtonly/2013_B_Spätestens-morgen_Zoe-Jenny_Spätestens-morgen_pp.txt,2013,B,Buch,Zoe Jenny,Spätestens morgen,0.0,0.0798765733778922,-0.0798765733778922,keine_dominanz
493,file:/C:/mallet/textkorpus/final_txtonly/2013_B_Spätestens-morgen_Zoe-Jenny_Sugar-Rush_pp.txt,2013,B,Buch,Zoe Jenny,Sugar Rush,0.1169657973025401,0.0731082649793447,0.043857532323195406,keine_dominanz
494,file:/C:/mallet/textkorpus/final_txtonly/2013_B_Spätestens-morgen_Zoe-Jenny_Yakos-Reise_pp.txt,2013,B,Buch,Zoe Jenny,Yakos Reise,0.0,0.0,0.0,keine_dominanz
495,file:/C:/mallet/textkorpus/final_txtonly/2013_LW_Bachmann_3sat-Preis_Benjamin-Maack_Wie-man-einen-Käfer-richtig-fängt-von-Joachim-Kaltenbach_pp.txt,2013,LW,Literaturwettbewerb,3sat Preis,Benjamin Maack Wie man einen Käfer richtig fängt von Joachim Kaltenbach,0.0,0.1025053028719392,-0.1025053028719392,keine_dominanz
496,file:/C:/mallet/textkorpus/final_txtonly/2013_LW_Bachmann_Bachmannpreis_Katja-Petrowskaja_Vielleicht-Esther_AUSZUG_pp.txt,2013,LW,Literaturwettbewerb,Bachmannpreis,Katja Petrowskaja Vielleicht Esther AUSZUG,0.3111005330559577,0.0,0.3111005330559577,keine_dominanz
497,file:/C:/mallet/textkorpus/final_txtonly/2013_LW_Bachmann_BKS-Publikumspreis_Nadine-Kegele_Scherben-schlucken_AUSZUG_pp.txt,2013,LW,Literaturwettbewerb,BKS Publikumspreis,Nadine Kegele Scherben schlucken AUSZUG,0.0,0.0,0.0,keine_dominanz
498,file:/C:/mallet/textkorpus/final_txtonly/2013_LW_Bachmann_Ernst-Willner-Preis_Heinz-Helle_Wir-sind-schön_pp.txt,2013,LW,Literaturwettbewerb,Ernst Willner Preis,Heinz Helle Wir sind schön,0.0578871628713083,0.0682738279143395,-0.0103866650430312,keine_dominanz
499,file:/C:/mallet/textkorpus/final_txtonly/2013_LW_Bachmann_Kelag-Preis_Verena-Güntner_Es-bringen_AUSZUG_pp.txt,2013,LW,Literaturwettbewerb,Kelag Preis,Verena Güntner Es bringen AUSZUG,0.0,0.0,0.0,keine_dominanz
500,file:/C:/mallet/textkorpus/final_txtonly/2013_LW_Moerser-Literaturpreis_01_Nike-Bös_Spielzeug-aus-Amerika_pp.txt,2013,LW,Literaturwettbewerb,01,Nike Bös Spielzeug aus Amerika,0.0814405712261903,0.1743473345555235,-0.0929067633293332,keine_dominanz
501,file:/C:/mallet/textkorpus/final_txtonly/2013_LW_Moerser-Literaturpreis_02_Pia-Steffen_Einmal-nicht-aufgepasst_pp.txt,2013,LW,Literaturwettbewerb,02,Pia Steffen Einmal nicht aufgepasst,0.0,0.0,0.0,keine_dominanz
502,"file:/C:/mallet/textkorpus/final_txtonly/2013_LW_Moerser-Literaturpreis_03_Jenny-Bünnig_Acht-Worte,-drei-Sätze,-ein-Gefühl_pp.txt",2013,LW,Literaturwettbewerb,03,"Jenny Bünnig Acht Worte, drei Sätze, ein Gefühl",0.0695539038399851,0.0664679106287514,0.0030859932112336924,keine_dominanz
503,file:/C:/mallet/textkorpus/final_txtonly/2013_LW_Münchner-KGW_Barbara-Kenneweg_Eine-Minute-53-Sekunden_pp.txt,2013,LW,Literaturwettbewerb,Barbara Kenneweg,Eine Minute 53 Sekunden,0.0297765983088102,0.2808043787662326,-0.2510277804574224,keine_dominanz
504,file:/C:/mallet/textkorpus/final_txtonly/2013_LW_Münchner-KGW_Cathy-Kellermann_Ao-Por-do-sol_pp.txt,2013,LW,Literaturwettbewerb,Cathy Kellermann,Ao Por do sol,0.0,0.093897901487094,-0.093897901487094,keine_dominanz
505,file:/C:/mallet/textkorpus/final_txtonly/2013_LW_Münchner-KGW_Katharina-Kutil_Vier-Sekunden_pp.txt,2013,LW,Literaturwettbewerb,Katharina Kutil,Vier Sekunden,0.1629637981761321,0.0,0.1629637981761321,keine_dominanz
506,file:/C:/mallet/textkorpus/final_txtonly/2013_LW_Münchner-KGW_Rita-Maria-Janaczek_Tage-und-Wochen_pp.txt,2013,LW,Literaturwettbewerb,Rita Maria Janaczek,Tage und Wochen,0.0,0.0375419543913207,-0.0375419543913207,keine_dominanz
507,file:/C:/mallet/textkorpus/final_txtonly/2013_LW_OpenMike_Dmitrij_Gawrisch_Schaukelgestühl-ganse-en-bräune_pp.txt,2013,LW,Literaturwettbewerb,Dmitrij,Gawrisch Schaukelgestühl ganse en bräune,0.0,0.0243290986375758,-0.0243290986375758,keine_dominanz
508,file:/C:/mallet/textkorpus/final_txtonly/2013_LW_OpenMike_Jens-Eisel_Glück_pp.txt,2013,LW,Literaturwettbewerb,Jens Eisel,Glück,0.0,0.0488307481888388,-0.0488307481888388,keine_dominanz
509,file:/C:/mallet/textkorpus/final_txtonly/2013_LW_Schreibwettbewerb-Literaturhaus-Zürich_01_Imke-Müller-Hellmann_Das-Gewicht-einer-jungen-Frau_pp.txt,2013,LW,Literaturwettbewerb,01,Imke Müller Hellmann Das Gewicht einer jungen Frau,0.0446144054095448,0.0,0.0446144054095448,keine_dominanz
510,file:/C:/mallet/textkorpus/final_txtonly/2013_LW_Schreibwettbewerb-Literaturhaus-Zürich_02_Eva-Maria-Millius-Imboden_Hören-Sie-es-auch_pp.txt,2013,LW,Literaturwettbewerb,02,Eva Maria Millius Imboden Hören Sie es auch,0.0,0.0,0.0,keine_dominanz
511,file:/C:/mallet/textkorpus/final_txtonly/2013_LW_Schreibwettbewerb-Literaturhaus-Zürich_03_Melanie-Bösinger_Nieselregen_pp.txt,2013,LW,Literaturwettbewerb,03,Melanie Bösinger Nieselregen,0.0,0.0,0.0,keine_dominanz
512,file:/C:/mallet/textkorpus/final_txtonly/2013_LW_Schreibwettbewerb-Literaturhaus-Zürich_04_Katrin-Furler_Wörtlich_pp.txt,2013,LW,Literaturwettbewerb,04,Katrin Furler Wörtlich,0.0516412275334355,0.0323981300730688,0.019243097460366704,keine_dominanz
513,file:/C:/mallet/textkorpus/final_txtonly/2013_LW_Schreibwettbewerb-Literaturhaus-Zürich_05_Cédric-Weidmann_Eine-Chance_pp.txt,2013,LW,Literaturwettbewerb,05,Cédric Weidmann Eine Chance,0.0524462327393256,0.2789609438784993,-0.22651471113917368,keine_dominanz
514,file:/C:/mallet/textkorpus/final_txtonly/2013_LW_Schreibwettbewerb-Literaturhaus-Zürich_06_Max-Weber_Prallrote-Kirschen_pp.txt,2013,LW,Literaturwettbewerb,06,Max Weber Prallrote Kirschen,0.0220964580440765,0.4037951737523834,-0.3816987157083069,dominant_unterhaltend
515,file:/C:/mallet/textkorpus/final_txtonly/2013_LW_Schreibwettbewerb-Literaturhaus-Zürich_07_Fabian-Schwitter_Was-ist_pp.txt,2013,LW,Literaturwettbewerb,07,Fabian Schwitter Was ist,0.0,0.0,0.0,keine_dominanz
516,file:/C:/mallet/textkorpus/final_txtonly/2013_LW_Schreibwettbewerb-Literaturhaus-Zürich_08_Sabine-Haupt_Fading_pp.txt,2013,LW,Literaturwettbewerb,08,Sabine Haupt Fading,0.0,0.1072324955493922,-0.1072324955493922,keine_dominanz
517,file:/C:/mallet/textkorpus/final_txtonly/2013_LW_Schreibwettbewerb-Literaturhaus-Zürich_09_Irène-Dudle_Schmetterlingsflügel_pp.txt,2013,LW,Literaturwettbewerb,09,Irène Dudle Schmetterlingsflügel,0.0935844059687167,0.2182825933876604,-0.1246981874189437,keine_dominanz
518,"file:/C:/mallet/textkorpus/final_txtonly/2013_LW_Schreibwettbewerb-Literaturhaus-Zürich_10_Meret-Gut_Streichholz,-streichle-das-Holz_pp.txt",2013,LW,Literaturwettbewerb,10,"Meret Gut Streichholz, streichle das Holz",0.0,0.037847767948687,-0.037847767948687,keine_dominanz
519,file:/C:/mallet/textkorpus/final_txtonly/2013_LW_Schreibwettbewerb-Literaturhaus-Zürich_11_Jürg-Bernhard_Der-letzte-Stein_pp.txt,2013,LW,Literaturwettbewerb,11,Jürg Bernhard Der letzte Stein,0.0,0.0305634554454557,-0.0305634554454557,keine_dominanz
520,file:/C:/mallet/textkorpus/final_txtonly/2013_LZ_SINN_1_Durs-Grünbein_Fischwaren_pp.txt,2013,LZ,Literaturzeitschrift,1,Durs Grünbein Fischwaren,0.0515643823042614,0.17281149392831627,-0.12124711162405487,keine_dominanz
521,file:/C:/mallet/textkorpus/final_txtonly/2013_LZ_SINN_1_Eibe-Meiners_Das-Salzschloss_pp.txt,2013,LZ,Literaturzeitschrift,1,Eibe Meiners Das Salzschloss,0.0,0.2559880523753662,-0.2559880523753662,keine_dominanz
522,file:/C:/mallet/textkorpus/final_txtonly/2013_LZ_SINN_1_Eibe-Meiners_Die-Musiker_pp.txt,2013,LZ,Literaturzeitschrift,1,Eibe Meiners Die Musiker,0.1103880498723376,0.234208009134002,-0.12381995926166439,keine_dominanz
523,file:/C:/mallet/textkorpus/final_txtonly/2013_LZ_SINN_1_Eibe-Meiners_Die-Nonne_pp.txt,2013,LZ,Literaturzeitschrift,1,Eibe Meiners Die Nonne,0.0,0.2433493265372296,-0.2433493265372296,keine_dominanz
524,file:/C:/mallet/textkorpus/final_txtonly/2013_LZ_SINN_3_Marianne-Glaßer_Die-Farben-der-Wörter_pp.txt,2013,LZ,Literaturzeitschrift,3,Marianne Glaßer Die Farben der Wörter,0.0612806648233519,0.09491622707463929,-0.03363556225128739,keine_dominanz
525,file:/C:/mallet/textkorpus/final_txtonly/2013_LZ_SINN_4_Lutz-Seiler_Die-Insel_pp.txt,2013,LZ,Literaturzeitschrift,4,Lutz Seiler Die Insel,0.0,0.0904267838258597,-0.0904267838258597,keine_dominanz
526,file:/C:/mallet/textkorpus/final_txtonly/2013_LZ_SPRITZ_205_Franziska-Angermann_Der-eigentliche-Wollaffe_pp.txt,2013,LZ,Literaturzeitschrift,205,Franziska Angermann Der eigentliche Wollaffe,0.0256069842641835,0.3167852986542518,-0.2911783143900683,keine_dominanz
527,file:/C:/mallet/textkorpus/final_txtonly/2013_LZ_SPRITZ_205_Franziska-Angermann_Die-Unternehmerin_pp.txt,2013,LZ,Literaturzeitschrift,205,Franziska Angermann Die Unternehmerin,0.1435520270013195,0.10161145213869491,0.04194057486262459,keine_dominanz
528,file:/C:/mallet/textkorpus/final_txtonly/2013_LZ_SPRITZ_208_Anna-Kim_Nashörner_pp.txt,2013,LZ,Literaturzeitschrift,208,Anna Kim Nashörner,0.0,0.1478953746318655,-0.1478953746318655,keine_dominanz
529,file:/C:/mallet/textkorpus/final_txtonly/2013_LZ_SPRITZ_208_Teresa-Präauer_Wie-ich-mit-meiner-Zunge-begann_pp.txt,2013,LZ,Literaturzeitschrift,208,Teresa Präauer Wie ich mit meiner Zunge begann,0.056296370427042206,0.0381605018361039,0.018135868590938305,keine_dominanz
530,file:/C:/mallet/textkorpus/final_txtonly/2013_OP_FF_blacksun2_Regen-auf-Staub_50fa834a000087e50c907530_pp.txt,2013,OP,Online-Plattform,blacksun2,Regen auf Staub 50fa834a000087e50c907530,0.0,0.0,0.0,keine_dominanz
531,file:/C:/mallet/textkorpus/final_txtonly/2013_OP_FF_Federpoet_Eine-Woche_5176d7500002020a0c907530_pp.txt,2013,OP,Online-Plattform,Federpoet,Eine Woche 5176d7500002020a0c907530,0.0,0.157561620684737,-0.157561620684737,keine_dominanz
532,file:/C:/mallet/textkorpus/final_txtonly/2013_OP_FF_Gaya-Lupin_Der-Panther_51fd1ffd000088ad21950668_pp.txt,2013,OP,Online-Plattform,Gaya Lupin,Der Panther 51fd1ffd000088ad21950668,0.0,0.2364676916663246,-0.2364676916663246,keine_dominanz
533,file:/C:/mallet/textkorpus/final_txtonly/2013_OP_FF_Gwenny_Ersticken_52a082a1000076f33a538e1b_pp.txt,2013,OP,Online-Plattform,Gwenny,Ersticken 52a082a1000076f33a538e1b,0.0,0.0,0.0,keine_dominanz
534,file:/C:/mallet/textkorpus/final_txtonly/2013_OP_FF_Gwenny_Illusion_52a08042000076f3d373df8_pp.txt,2013,OP,Online-Plattform,Gwenny,Illusion 52a08042000076f3d373df8,0.0,0.1162996538250032,-0.1162996538250032,keine_dominanz
535,file:/C:/mallet/textkorpus/final_txtonly/2013_OP_FF_Li-Ban_Das-Fluestern-des-Geisterbaumes_5285e1390002011326109887_pp.txt,2013,OP,Online-Plattform,Li Ban,Das Fluestern des Geisterbaumes 5285e1390002011326109887,0.0327577048964963,0.0975333906689059,-0.06477568577240961,keine_dominanz
536,file:/C:/mallet/textkorpus/final_txtonly/2013_OP_FF_Luka1990_Almfieber_521a5ef800030c292782ede9_pp.txt,2013,OP,Online-Plattform,Luka1990,Almfieber 521a5ef800030c292782ede9,0.0,0.0,0.0,keine_dominanz
537,file:/C:/mallet/textkorpus/final_txtonly/2013_OP_FF_LunaRogers_Tanz-mit-dem-Maskierten_5110389e00007b750c907530_pp.txt,2013,OP,Online-Plattform,LunaRogers,Tanz mit dem Maskierten 5110389e00007b750c907530,0.0,0.0349214972679437,-0.0349214972679437,keine_dominanz
538,file:/C:/mallet/textkorpus/final_txtonly/2013_OP_FF_Naiad_Die-Sage-der-drei-Schwestern_51858ef1000129db0c907530_pp.txt,2013,OP,Online-Plattform,Naiad,Die Sage der drei Schwestern 51858ef1000129db0c907530,0.0428182517037393,0.1063251064169352,-0.06350685471319589,keine_dominanz
539,file:/C:/mallet/textkorpus/final_txtonly/2013_OP_FF_OerbanHunter_Wellenbrecher_51ad2f1200015d857fb7b6b_pp.txt,2013,OP,Online-Plattform,OerbanHunter,Wellenbrecher 51ad2f1200015d857fb7b6b,0.0,0.1004938738407328,-0.1004938738407328,keine_dominanz
540,file:/C:/mallet/textkorpus/final_txtonly/2013_OP_FF_Sandra-Gernt_Chefsache_528432ad00036f9815d8efb4_pp.txt,2013,OP,Online-Plattform,Sandra Gernt,Chefsache 528432ad00036f9815d8efb4,0.0425754887995372,0.0330677999253067,0.0095076888742305,keine_dominanz
541,file:/C:/mallet/textkorpus/final_txtonly/2013_OP_FF_Seifenblasenglueck_Laechelmaedchen_512794590000f1850c907530_pp.txt,2013,OP,Online-Plattform,Seifenblasenglueck,Laechelmaedchen 512794590000f1850c907530,0.0,0.0,0.0,keine_dominanz
542,file:/C:/mallet/textkorpus/final_txtonly/2013_OP_FF_tasooks_Laut-leise-Wortgedanken_5197fef20000d4bf0c907530_pp.txt,2013,OP,Online-Plattform,tasooks,Laut leise Wortgedanken 5197fef20000d4bf0c907530,0.0,0.0,0.0,keine_dominanz
543,file:/C:/mallet/textkorpus/final_txtonly/2013_OP_FF_Zinva_Julia_52445b2700033a492ce00219_pp.txt,2013,OP,Online-Plattform,Zinva,Julia 52445b2700033a492ce00219,0.0,0.0,0.0,keine_dominanz
544,file:/C:/mallet/textkorpus/final_txtonly/2014_B_Urwaldgäste_Roman-Ehrlich_Das-Theater-der-Dinge_pp.txt,2014,B,Buch,Roman Ehrlich,Das Theater der Dinge,0.0,0.0638530413547753,-0.0638530413547753,keine_dominanz
545,file:/C:/mallet/textkorpus/final_txtonly/2014_B_Urwaldgäste_Roman-Ehrlich_Die-melancholische-Macht_pp.txt,2014,B,Buch,Roman Ehrlich,Die melancholische Macht,0.0219176667621281,0.0552670419687755,-0.0333493752066474,keine_dominanz
546,file:/C:/mallet/textkorpus/final_txtonly/2014_B_Urwaldgäste_Roman-Ehrlich_Die-Seekuh-Tiffany_pp.txt,2014,B,Buch,Roman Ehrlich,Die Seekuh Tiffany,0.0447191594077757,0.0216459406990476,0.023073218708728097,keine_dominanz
547,file:/C:/mallet/textkorpus/final_txtonly/2014_B_Urwaldgäste_Roman-Ehrlich_Ein-Gesuch_pp.txt,2014,B,Buch,Roman Ehrlich,Ein Gesuch,0.0,0.0,0.0,keine_dominanz
548,file:/C:/mallet/textkorpus/final_txtonly/2014_B_Urwaldgäste_Roman-Ehrlich_Eine-kleine-Einheit_pp.txt,2014,B,Buch,Roman Ehrlich,Eine kleine Einheit,0.0,0.2492831025838677,-0.2492831025838677,keine_dominanz
549,file:/C:/mallet/textkorpus/final_txtonly/2014_B_Urwaldgäste_Roman-Ehrlich_Ingenieure-der-Zeit_pp.txt,2014,B,Buch,Roman Ehrlich,Ingenieure der Zeit,0.0,0.0,0.0,keine_dominanz
550,file:/C:/mallet/textkorpus/final_txtonly/2014_B_Urwaldgäste_Roman-Ehrlich_Keine-Drehung-aus-dem-Schatten-ins-Licht_pp.txt,2014,B,Buch,Roman Ehrlich,Keine Drehung aus dem Schatten ins Licht,0.0434794449032815,0.0,0.0434794449032815,keine_dominanz
551,file:/C:/mallet/textkorpus/final_txtonly/2014_B_Urwaldgäste_Roman-Ehrlich_Über-die-Positionen-im-Raum_pp.txt,2014,B,Buch,Roman Ehrlich,Über die Positionen im Raum,0.0413787281469549,0.0545928104266442,-0.013214082279689295,keine_dominanz
552,file:/C:/mallet/textkorpus/final_txtonly/2014_LW_Bachmann_3sat-Preis_Senthuran-Varatharajah_Vor-der-Zunahme-der-Zeichen_AUSZUG_pp.txt,2014,LW,Literaturwettbewerb,3sat Preis,Senthuran Varatharajah Vor der Zunahme der Zeichen AUSZUG,0.0379482170083621,0.1588465933975456,-0.12089837638918349,keine_dominanz
553,file:/C:/mallet/textkorpus/final_txtonly/2014_LW_Bachmann_Bachmannpreis_Tex-Rubinowitz_Wir-waren-niemals-hier_pp.txt,2014,LW,Literaturwettbewerb,Bachmannpreis,Tex Rubinowitz Wir waren niemals hier,0.0813872124445503,0.0296899414238926,0.0516972710206577,keine_dominanz
554,file:/C:/mallet/textkorpus/final_txtonly/2014_LW_Bachmann_BKS-Publikumspreis_Gertraud-Klemm_Ujjayi_AUSZUG_pp.txt,2014,LW,Literaturwettbewerb,BKS Publikumspreis,Gertraud Klemm Ujjayi AUSZUG,0.0358911207716045,0.0889405933825618,-0.0530494726109573,keine_dominanz
555,file:/C:/mallet/textkorpus/final_txtonly/2014_LW_Bachmann_Ernst-Willner-Preis_Katharina-Gericke_DOWN-DOWN-DOWN-To-The-Queen-Of-Chinatown_pp.txt,2014,LW,Literaturwettbewerb,Ernst Willner Preis,Katharina Gericke DOWN DOWN DOWN To The Queen Of Chinatown,0.0,0.1214917347908375,-0.1214917347908375,keine_dominanz
556,file:/C:/mallet/textkorpus/final_txtonly/2014_LW_Bachmann_Kelag-Preis_Michael-Fehr_Simeliberg-(Auszüge)_AUSZUG_pp.txt,2014,LW,Literaturwettbewerb,Kelag Preis,Michael Fehr Simeliberg (Auszüge) AUSZUG,0.1743200270070782,0.1093716834764466,0.06494834353063159,keine_dominanz
557,file:/C:/mallet/textkorpus/final_txtonly/2014_LW_Moerser-Literaturpreis_01_Sebastian-Polmans_Janusz_pp.txt,2014,LW,Literaturwettbewerb,01,Sebastian Polmans Janusz,0.0,0.30612248447101564,-0.30612248447101564,keine_dominanz
558,file:/C:/mallet/textkorpus/final_txtonly/2014_LW_Moerser-Literaturpreis_02_Barbara-Steuten_Flugbahn_pp.txt,2014,LW,Literaturwettbewerb,02,Barbara Steuten Flugbahn,0.0341838079644823,0.0963956493595702,-0.062211841395087904,keine_dominanz
559,file:/C:/mallet/textkorpus/final_txtonly/2014_LW_Moerser-Literaturpreis_03_Annette-Feldmann_Der-Querschläger_pp.txt,2014,LW,Literaturwettbewerb,03,Annette Feldmann Der Querschläger,0.1032597565699019,0.0,0.1032597565699019,keine_dominanz
560,file:/C:/mallet/textkorpus/final_txtonly/2014_LW_Münchner-KGW_Anna-Hackl_Kleinstadtnostaligie_pp.txt,2014,LW,Literaturwettbewerb,Anna Hackl,Kleinstadtnostaligie,0.0416720519090076,0.0,0.0416720519090076,keine_dominanz
561,file:/C:/mallet/textkorpus/final_txtonly/2014_LW_Münchner-KGW_Chris-Inken-Soppa_Wände-hören_pp.txt,2014,LW,Literaturwettbewerb,Chris Inken Soppa,Wände hören,0.0240112112883582,0.0585762455768648,-0.0345650342885066,keine_dominanz
562,file:/C:/mallet/textkorpus/final_txtonly/2014_LW_Münchner-KGW_Christin-Habermann_AlsdasPfandverschwand_pp.txt,2014,LW,Literaturwettbewerb,Christin Habermann,AlsdasPfandverschwand,0.0574218765479931,0.0,0.0574218765479931,keine_dominanz
563,file:/C:/mallet/textkorpus/final_txtonly/2014_LW_Münchner-KGW_Dorina-Heller_Satellitenfehler_pp.txt,2014,LW,Literaturwettbewerb,Dorina Heller,Satellitenfehler,0.0,0.0289992960594919,-0.0289992960594919,keine_dominanz
564,file:/C:/mallet/textkorpus/final_txtonly/2014_LW_Münchner-KGW_Frank-Schliedermann_Breuer-Zielke-und-die-anderen_pp.txt,2014,LW,Literaturwettbewerb,Frank Schliedermann,Breuer Zielke und die anderen,0.1692666395122808,0.0246279291418954,0.1446387103703854,keine_dominanz
565,file:/C:/mallet/textkorpus/final_txtonly/2014_LW_Münchner-KGW_Ulrich-Effenhauser_Der-Auftrag_pp.txt,2014,LW,Literaturwettbewerb,Ulrich Effenhauser,Der Auftrag,0.038803093603055,0.0,0.038803093603055,keine_dominanz
566,file:/C:/mallet/textkorpus/final_txtonly/2014_LW_Münchner-KGW_Valeska-Schrappner_Leni-sieht-das-Meer_pp.txt,2014,LW,Literaturwettbewerb,Valeska Schrappner,Leni sieht das Meer,0.0,0.0694733897634757,-0.0694733897634757,keine_dominanz
567,file:/C:/mallet/textkorpus/final_txtonly/2014_LW_Münchner-KGW_Zwach-Sabrina_Krieg_pp.txt,2014,LW,Literaturwettbewerb,Zwach Sabrina,Krieg,0.2825522793300703,0.0,0.2825522793300703,keine_dominanz
568,file:/C:/mallet/textkorpus/final_txtonly/2014_LW_OpenMike_Doris-Anselm_Die-Krieger-des-Königs-Ying-Zheng_pp.txt,2014,LW,Literaturwettbewerb,Doris Anselm,Die Krieger des Königs Ying Zheng,0.1497012648295932,0.0,0.1497012648295932,keine_dominanz
569,file:/C:/mallet/textkorpus/final_txtonly/2014_LW_OpenMike_Gerasimos-Bekas_Feierabend_AUSZUG_pp.txt,2014,LW,Literaturwettbewerb,Gerasimos Bekas,Feierabend AUSZUG,0.0926679198268496,0.0,0.0926679198268496,keine_dominanz
570,file:/C:/mallet/textkorpus/final_txtonly/2014_LW_OpenMike_Mareike-Schneider_Die_Holzmieten_AUSZUG_pp.txt,2014,LW,Literaturwettbewerb,Mareike Schneider,Die Holzmieten AUSZUG,0.0243078819177564,0.07070659719356351,-0.046398715275807106,keine_dominanz
571,file:/C:/mallet/textkorpus/final_txtonly/2014_LW_Schreibwettbewerb-Literaturhaus-Zürich_01_Daniel-Burkart_Gekachelt_pp.txt,2014,LW,Literaturwettbewerb,01,Daniel Burkart Gekachelt,0.034710742628459,0.1382374686752129,-0.10352672604675389,keine_dominanz
572,file:/C:/mallet/textkorpus/final_txtonly/2014_LW_Schreibwettbewerb-Literaturhaus-Zürich_04_Aurel-Sieber_In-Gesellschaft_pp.txt,2014,LW,Literaturwettbewerb,04,Aurel Sieber In Gesellschaft,0.0,0.0,0.0,keine_dominanz
573,file:/C:/mallet/textkorpus/final_txtonly/2014_LW_Schreibwettbewerb-Literaturhaus-Zürich_05_Mangold-Nicolas_Sellum-Minestik_pp.txt,2014,LW,Literaturwettbewerb,05,Mangold Nicolas Sellum Minestik,0.0353830377785103,0.16622288423715811,-0.13083984645864782,keine_dominanz
574,file:/C:/mallet/textkorpus/final_txtonly/2014_LW_Schreibwettbewerb-Literaturhaus-Zürich_06_Demian-Lienhard_Die-Sammlung_pp.txt,2014,LW,Literaturwettbewerb,06,Demian Lienhard Die Sammlung,0.1475697040465987,0.0,0.1475697040465987,keine_dominanz
575,file:/C:/mallet/textkorpus/final_txtonly/2014_LW_Schreibwettbewerb-Literaturhaus-Zürich_07_Christof-Rothenberger_Vorbereitungen_pp.txt,2014,LW,Literaturwettbewerb,07,Christof Rothenberger Vorbereitungen,0.0,0.06347819091048909,-0.06347819091048909,keine_dominanz
576,file:/C:/mallet/textkorpus/final_txtonly/2014_LW_Schreibwettbewerb-Literaturhaus-Zürich_08_Romana-Ganzoni_Die-Katze_pp.txt,2014,LW,Literaturwettbewerb,08,Romana Ganzoni Die Katze,0.0,0.245951861873219,-0.245951861873219,keine_dominanz
577,file:/C:/mallet/textkorpus/final_txtonly/2014_LW_Schreibwettbewerb-Literaturhaus-Zürich_09_Susanne-Hartmann_Was-vorkommt_pp.txt,2014,LW,Literaturwettbewerb,09,Susanne Hartmann Was vorkommt,0.0919974851986112,0.1796639211697302,-0.087666435971119,keine_dominanz
578,file:/C:/mallet/textkorpus/final_txtonly/2014_LW_Schreibwettbewerb-Literaturhaus-Zürich_11_Doris-Brockmann_Das-Haus_pp.txt,2014,LW,Literaturwettbewerb,11,Doris Brockmann Das Haus,0.0,0.0606301787256549,-0.0606301787256549,keine_dominanz
579,file:/C:/mallet/textkorpus/final_txtonly/2014_LW_Schreibwettbewerb-Literaturhaus-Zürich_11_Elisabeth-Kuttner_Das-Wetter-im-Weltraum_pp.txt,2014,LW,Literaturwettbewerb,11,Elisabeth Kuttner Das Wetter im Weltraum,0.0,0.0337787406110457,-0.0337787406110457,keine_dominanz
580,file:/C:/mallet/textkorpus/final_txtonly/2014_LZ_SINN_3_Georg-Klein_Allwurzler_pp.txt,2014,LZ,Literaturzeitschrift,3,Georg Klein Allwurzler,0.0356396759673538,0.1203936783271041,-0.08475400235975031,keine_dominanz
581,file:/C:/mallet/textkorpus/final_txtonly/2014_LZ_SINN_4_Katharina-Winkler_Das-Dorf-der-blauen-Frauen_pp.txt,2014,LZ,Literaturzeitschrift,4,Katharina Winkler Das Dorf der blauen Frauen,0.0,0.1206702865646529,-0.1206702865646529,keine_dominanz
582,file:/C:/mallet/textkorpus/final_txtonly/2014_LZ_SINN_5_Walle-Sayer_Altersstufen_pp.txt,2014,LZ,Literaturzeitschrift,5,Walle Sayer Altersstufen,0.0383430069780561,0.0543497813375773,-0.0160067743595212,keine_dominanz
583,file:/C:/mallet/textkorpus/final_txtonly/2014_LZ_SINN_5_Walle-Sayer_Frühschwimmer_pp.txt,2014,LZ,Literaturzeitschrift,5,Walle Sayer Frühschwimmer,0.0211878281174711,0.2163138894372652,-0.1951260613197941,keine_dominanz
584,file:/C:/mallet/textkorpus/final_txtonly/2014_LZ_SINN_5_Walle-Sayer_Ins-Nachtbuch_pp.txt,2014,LZ,Literaturzeitschrift,5,Walle Sayer Ins Nachtbuch,0.0,0.1527595271228498,-0.1527595271228498,keine_dominanz
585,file:/C:/mallet/textkorpus/final_txtonly/2014_LZ_SINN_5_Walle-Sayer_Laufstil_pp.txt,2014,LZ,Literaturzeitschrift,5,Walle Sayer Laufstil,0.0,0.0512154559291046,-0.0512154559291046,keine_dominanz
586,file:/C:/mallet/textkorpus/final_txtonly/2014_LZ_SINN_5_Walle-Sayer_Musikwald_pp.txt,2014,LZ,Literaturzeitschrift,5,Walle Sayer Musikwald,0.090087620870971,0.14150971670967788,-0.05142209583870688,keine_dominanz
587,file:/C:/mallet/textkorpus/final_txtonly/2014_LZ_SINN_5_Walle-Sayer_Nachhilfestunde_pp.txt,2014,LZ,Literaturzeitschrift,5,Walle Sayer Nachhilfestunde,0.1204865408588001,0.17035230436963011,-0.04986576351083001,keine_dominanz
588,file:/C:/mallet/textkorpus/final_txtonly/2014_LZ_SINN_5_Walle-Sayer_Umkreis_pp.txt,2014,LZ,Literaturzeitschrift,5,Walle Sayer Umkreis,0.0,0.0,0.0,keine_dominanz
589,file:/C:/mallet/textkorpus/final_txtonly/2014_LZ_SPRITZ_209_Carsten-Kluth_Der-Hungerverlust_pp.txt,2014,LZ,Literaturzeitschrift,209,Carsten Kluth Der Hungerverlust,0.0,0.0,0.0,keine_dominanz
590,file:/C:/mallet/textkorpus/final_txtonly/2014_LZ_SPRITZ_209_Hanna-Lemke_Pärchenabend_pp.txt,2014,LZ,Literaturzeitschrift,209,Hanna Lemke Pärchenabend,0.0,0.0452173696232611,-0.0452173696232611,keine_dominanz
591,file:/C:/mallet/textkorpus/final_txtonly/2014_LZ_SPRITZ_209_Lisa-Maria-Seydlitz_Eulen_pp.txt,2014,LZ,Literaturzeitschrift,209,Lisa Maria Seydlitz Eulen,0.0,0.0883741756888781,-0.0883741756888781,keine_dominanz
592,file:/C:/mallet/textkorpus/final_txtonly/2014_LZ_SPRITZ_209_Maxi-Obexer_Vermächtnis-der-Tiere_pp.txt,2014,LZ,Literaturzeitschrift,209,Maxi Obexer Vermächtnis der Tiere,0.0455084502840033,0.10197832886664429,-0.05646987858264099,keine_dominanz
593,file:/C:/mallet/textkorpus/final_txtonly/2014_LZ_SPRITZ_209_Roman-Widder_Die-Wiegemaschine_pp.txt,2014,LZ,Literaturzeitschrift,209,Roman Widder Die Wiegemaschine,0.0216788312423564,0.16037181918028448,-0.13869298793792809,keine_dominanz
594,file:/C:/mallet/textkorpus/final_txtonly/2014_OP_FF_BenjaminsGarten_Der-duenne-Boden-auf-dem-wir-stehen_53cf744e00032b2726ae2853_pp.txt,2014,OP,Online-Plattform,BenjaminsGarten,Der duenne Boden auf dem wir stehen 53cf744e00032b2726ae2853,0.0,0.071609804722577,-0.071609804722577,keine_dominanz
595,file:/C:/mallet/textkorpus/final_txtonly/2014_OP_FF_Charlotte-Rhea_Termindruck_5304ab81000053e5939330b_pp.txt,2014,OP,Online-Plattform,Charlotte Rhea,Termindruck 5304ab81000053e5939330b,0.0874195332699233,0.0,0.0874195332699233,keine_dominanz
596,file:/C:/mallet/textkorpus/final_txtonly/2014_OP_FF_dextro-energie_Die-Anmut-von-Springern_532f1a1e000099141c463ed1_pp.txt,2014,OP,Online-Plattform,dextro energie,Die Anmut von Springern 532f1a1e000099141c463ed1,0.0,0.0253129777118104,-0.0253129777118104,keine_dominanz
597,file:/C:/mallet/textkorpus/final_txtonly/2014_OP_FF_dextro-energie_Leidenschaft_53ca3626000099142290d01d_pp.txt,2014,OP,Online-Plattform,dextro energie,Leidenschaft 53ca3626000099142290d01d,0.0,0.1719170270111535,-0.1719170270111535,keine_dominanz
598,file:/C:/mallet/textkorpus/final_txtonly/2014_OP_FF_dextro-energie_Taz_5414645200009914305366e1_pp.txt,2014,OP,Online-Plattform,dextro energie,Taz 5414645200009914305366e1,0.0,0.1141121982840617,-0.1141121982840617,keine_dominanz
599,file:/C:/mallet/textkorpus/final_txtonly/2014_OP_FF_Eponine_Hexen-betruegt-man-nicht_52dd8efd0000a761104330b4_pp.txt,2014,OP,Online-Plattform,Eponine,Hexen betruegt man nicht 52dd8efd0000a761104330b4,0.0252756304901262,0.2271168388805412,-0.201841208390415,keine_dominanz
600,file:/C:/mallet/textkorpus/final_txtonly/2014_OP_FF_Fara-ThoRn_Die-Zeremonie_5323f9cc0002de8133bb2054_pp.txt,2014,OP,Online-Plattform,Fara ThoRn,Die Zeremonie 5323f9cc0002de8133bb2054,0.0,0.1181805385022475,-0.1181805385022475,keine_dominanz
601,file:/C:/mallet/textkorpus/final_txtonly/2014_OP_FF_Fara-ThoRn_HalloQueen-Jacks-unheimliche-Gelueste_545324cf0002de8121af21fa_pp.txt,2014,OP,Online-Plattform,Fara ThoRn,HalloQueen Jacks unheimliche Gelueste 545324cf0002de8121af21fa,0.0,0.2326581978944708,-0.2326581978944708,keine_dominanz
602,file:/C:/mallet/textkorpus/final_txtonly/2014_OP_FF_Fara-ThoRn_Home-sweet-Home_546ed67a0002de81f02baf2_pp.txt,2014,OP,Online-Plattform,Fara ThoRn,Home sweet Home 546ed67a0002de81f02baf2,0.0,0.0852124537949818,-0.0852124537949818,keine_dominanz
603,file:/C:/mallet/textkorpus/final_txtonly/2014_OP_FF_Fara-ThoRn_Ice-Bucket-Challenge-Jacky-auf-Eis_546065270002de813435d2e9_pp.txt,2014,OP,Online-Plattform,Fara ThoRn,Ice Bucket Challenge Jacky auf Eis 546065270002de813435d2e9,0.0,0.0930488464951001,-0.0930488464951001,keine_dominanz
604,file:/C:/mallet/textkorpus/final_txtonly/2014_OP_FF_Fara-ThoRn_Klassentreffen_52c9a56a0002de8132e1de71_pp.txt,2014,OP,Online-Plattform,Fara ThoRn,Klassentreffen 52c9a56a0002de8132e1de71,0.0,0.1342454389939998,-0.1342454389939998,keine_dominanz
605,file:/C:/mallet/textkorpus/final_txtonly/2014_OP_FF_Fara-ThoRn_My-sweet-private-dancer-Zukunftsplaene_530ee4ab0002de8126a97a14_pp.txt,2014,OP,Online-Plattform,Fara ThoRn,My sweet private dancer Zukunftsplaene 530ee4ab0002de8126a97a14,0.0,0.1750257357249833,-0.1750257357249833,keine_dominanz
606,file:/C:/mallet/textkorpus/final_txtonly/2014_OP_FF_Fara-ThoRn_Silvester-Stars_54a41b0b0002de81358b74d1_pp.txt,2014,OP,Online-Plattform,Fara ThoRn,Silvester Stars 54a41b0b0002de81358b74d1,0.0,0.0231966400779686,-0.0231966400779686,keine_dominanz
607,file:/C:/mallet/textkorpus/final_txtonly/2014_OP_FF_Fara-ThoRn_Unerfuellte-Sehnsucht-Oder-etwa-doch-nicht_538810080002de8136f21e51_pp.txt,2014,OP,Online-Plattform,Fara ThoRn,Unerfuellte Sehnsucht Oder etwa doch nicht 538810080002de8136f21e51,0.0,0.1342275134958551,-0.1342275134958551,keine_dominanz
608,file:/C:/mallet/textkorpus/final_txtonly/2014_OP_FF_gewitterhexle_Time-to-say-goodbye_548578e70003544332074d03_pp.txt,2014,OP,Online-Plattform,gewitterhexle,Time to say goodbye 548578e70003544332074d03,0.0,0.09880464137535591,-0.09880464137535591,keine_dominanz
609,file:/C:/mallet/textkorpus/final_txtonly/2014_OP_FF_Gossenprinz_I-m-gay-so-what_534a900a000374f62f3c98b5_pp.txt,2014,OP,Online-Plattform,Gossenprinz,I m gay so what 534a900a000374f62f3c98b5,0.0,0.1362148141509503,-0.1362148141509503,keine_dominanz
610,file:/C:/mallet/textkorpus/final_txtonly/2014_OP_FF_Isana_Ein-kleines-Stueck-Unendlichkeit_5325a64d000194c825fc85ab_pp.txt,2014,OP,Online-Plattform,Isana,Ein kleines Stueck Unendlichkeit 5325a64d000194c825fc85ab,0.0,0.0219370123650388,-0.0219370123650388,keine_dominanz
611,file:/C:/mallet/textkorpus/final_txtonly/2014_OP_FF_Isana_Vom-Pusten_535a6b8e000194c836b17411_pp.txt,2014,OP,Online-Plattform,Isana,Vom Pusten 535a6b8e000194c836b17411,0.0,0.0,0.0,keine_dominanz
612,file:/C:/mallet/textkorpus/final_txtonly/2014_OP_FF_JAKOzZ_Die-Sitzung_53304b2c0000682119e39ce4_pp.txt,2014,OP,Online-Plattform,JAKOzZ,Die Sitzung 53304b2c0000682119e39ce4,0.0,0.0,0.0,keine_dominanz
613,file:/C:/mallet/textkorpus/final_txtonly/2014_OP_FF_Maryonne_Gruene-Elefanten_533c97ef0003bb153b160f9d_pp.txt,2014,OP,Online-Plattform,Maryonne,Gruene Elefanten 533c97ef0003bb153b160f9d,0.0,0.0422882865302342,-0.0422882865302342,keine_dominanz
614,file:/C:/mallet/textkorpus/final_txtonly/2014_OP_FF_Maryonne_herz-in-takt_533c97230003bb15348083a4_pp.txt,2014,OP,Online-Plattform,Maryonne,herz in takt 533c97230003bb15348083a4,0.0,0.1814535167448851,-0.1814535167448851,keine_dominanz
615,file:/C:/mallet/textkorpus/final_txtonly/2014_OP_FF_Maryonne_Traumtaenzerin_5337fba20003bb153138e0ed_pp.txt,2014,OP,Online-Plattform,Maryonne,Traumtaenzerin 5337fba20003bb153138e0ed,0.0,0.0892927007537347,-0.0892927007537347,keine_dominanz
616,file:/C:/mallet/textkorpus/final_txtonly/2014_OP_FF_Miss-Infinity_Ein-Brief-an-Sie_52c70941000279e02bf23d3f_pp.txt,2014,OP,Online-Plattform,Miss Infinity,Ein Brief an Sie 52c70941000279e02bf23d3f,0.0,0.0,0.0,keine_dominanz
617,file:/C:/mallet/textkorpus/final_txtonly/2014_OP_FF_Miss-Infinity_Eine-Weihnachtsgeschichte_52f689e7000279e0295ed063_pp.txt,2014,OP,Online-Plattform,Miss Infinity,Eine Weihnachtsgeschichte 52f689e7000279e0295ed063,0.108544587505584,0.0329024029005827,0.0756421846050013,keine_dominanz
618,file:/C:/mallet/textkorpus/final_txtonly/2014_OP_FF_MsAshantin_Hasenkaempfer_546d04cb0001e3243905386f_pp.txt,2014,OP,Online-Plattform,MsAshantin,Hasenkaempfer 546d04cb0001e3243905386f,0.0,0.0,0.0,keine_dominanz
619,file:/C:/mallet/textkorpus/final_txtonly/2014_OP_FF_Myrina_Sodom-und-Gomorrha_549c32d800042c1a33e30daf_pp.txt,2014,OP,Online-Plattform,Myrina,Sodom und Gomorrha 549c32d800042c1a33e30daf,0.0,0.1192238164111535,-0.1192238164111535,keine_dominanz
620,file:/C:/mallet/textkorpus/final_txtonly/2014_OP_FF_Relax-Yeti_Kumpel-Morgen-kein-Bier-mehr_541837b200035f6936fd4538_pp.txt,2014,OP,Online-Plattform,Relax Yeti,Kumpel Morgen kein Bier mehr 541837b200035f6936fd4538,0.0,0.0412230044301085,-0.0412230044301085,keine_dominanz
621,file:/C:/mallet/textkorpus/final_txtonly/2014_OP_FF_shiorinekoi_Warmes-Blut-Gerechtigkeit-gespaltener-Kopf-Blumenkind_544919380003aef41cc44047_pp.txt,2014,OP,Online-Plattform,shiorinekoi,Warmes Blut Gerechtigkeit gespaltener Kopf Blumenkind 544919380003aef41cc44047,0.2137200876712736,0.0729883216713863,0.1407317659998873,keine_dominanz
622,file:/C:/mallet/textkorpus/final_txtonly/2014_OP_FF_shiorinekoi_Zwergenkoenig-Axt-Zahnfee-Blutlache_5447cd590003aef41bd3b798_pp.txt,2014,OP,Online-Plattform,shiorinekoi,Zwergenkoenig Axt Zahnfee Blutlache 5447cd590003aef41bd3b798,0.1606052754943699,0.2905082458896377,-0.1299029703952678,keine_dominanz
623,file:/C:/mallet/textkorpus/final_txtonly/2014_OP_FF_Terazuma_Der-sture-Igel_546a23a600008a12338df0e2_pp.txt,2014,OP,Online-Plattform,Terazuma,Der sture Igel 546a23a600008a12338df0e2,0.0,0.0308956497396261,-0.0308956497396261,keine_dominanz
624,file:/C:/mallet/textkorpus/final_txtonly/2014_OP_FF_Witness_regenschweigen-oder-Menschen-mit-Waffen_540753e30002b799375f7880_pp.txt,2014,OP,Online-Plattform,Witness,regenschweigen oder Menschen mit Waffen 540753e30002b799375f7880,0.123873276674176,0.0,0.123873276674176,keine_dominanz
625,file:/C:/mallet/textkorpus/final_txtonly/2015_B_Buch-gegen-das-Verschwinden_Ulrike-Almut-Sandig_Die-blauen-Augen-deiner-Mutter_pp.txt,2015,B,Buch,Ulrike Almut Sandig,Die blauen Augen deiner Mutter,0.0282905983372687,0.0299657516805042,-0.0016751533432355012,keine_dominanz
626,file:/C:/mallet/textkorpus/final_txtonly/2015_B_Buch-gegen-das-Verschwinden_Ulrike-Almut-Sandig_Geburtstagsgeschichte_pp.txt,2015,B,Buch,Ulrike Almut Sandig,Geburtstagsgeschichte,0.0,0.0,0.0,keine_dominanz
627,file:/C:/mallet/textkorpus/final_txtonly/2015_B_Buch-gegen-das-Verschwinden_Ulrike-Almut-Sandig_Gegen-das-Verschwinden_pp.txt,2015,B,Buch,Ulrike Almut Sandig,Gegen das Verschwinden,0.0,0.0391520442517179,-0.0391520442517179,keine_dominanz
628,file:/C:/mallet/textkorpus/final_txtonly/2015_B_Buch-gegen-das-Verschwinden_Ulrike-Almut-Sandig_Über-unsere-Abwesenheit_pp.txt,2015,B,Buch,Ulrike Almut Sandig,Über unsere Abwesenheit,0.0,0.07101725600334,-0.07101725600334,keine_dominanz
629,file:/C:/mallet/textkorpus/final_txtonly/2015_B_Feuerland_Mirko-Bonné_Auszeiten_pp.txt,2015,B,Buch,Mirko Bonné,Auszeiten,0.0,0.0284341010153727,-0.0284341010153727,keine_dominanz
630,file:/C:/mallet/textkorpus/final_txtonly/2015_B_Feuerland_Mirko-Bonné_Der%20Eichelhäher_pp.txt,2015,B,Buch,Mirko Bonné,Der%20Eichelhäher,0.0,0.0,0.0,keine_dominanz
631,file:/C:/mallet/textkorpus/final_txtonly/2015_B_Feuerland_Mirko-Bonné_Der-Kuss_pp.txt,2015,B,Buch,Mirko Bonné,Der Kuss,0.1164097889443297,0.0,0.1164097889443297,keine_dominanz
632,file:/C:/mallet/textkorpus/final_txtonly/2015_B_Feuerland_Mirko-Bonné_Die-Nächte-im-Garten_pp.txt,2015,B,Buch,Mirko Bonné,Die Nächte im Garten,0.0,0.1371067242765051,-0.1371067242765051,keine_dominanz
633,file:/C:/mallet/textkorpus/final_txtonly/2015_B_Feuerland_Mirko-Bonné_Finsterwald_pp.txt,2015,B,Buch,Mirko Bonné,Finsterwald,0.0,0.0942248338057713,-0.0942248338057713,keine_dominanz
634,file:/C:/mallet/textkorpus/final_txtonly/2015_B_Feuerland_Mirko-Bonné_Geschwungene-Treppe_pp.txt,2015,B,Buch,Mirko Bonné,Geschwungene Treppe,0.0,0.1702484865580094,-0.1702484865580094,keine_dominanz
635,file:/C:/mallet/textkorpus/final_txtonly/2015_B_Feuerland_Mirko-Bonné_Schiff-im-Schnee_pp.txt,2015,B,Buch,Mirko Bonné,Schiff im Schnee,0.0,0.0545334102701107,-0.0545334102701107,keine_dominanz
636,file:/C:/mallet/textkorpus/final_txtonly/2015_B_Feuerland_Mirko-Bonné_Tauchen_pp.txt,2015,B,Buch,Mirko Bonné,Tauchen,0.0,0.1048014513678456,-0.1048014513678456,keine_dominanz
637,file:/C:/mallet/textkorpus/final_txtonly/2015_B_Feuerland_Mirko-Bonné_Transit_pp.txt,2015,B,Buch,Mirko Bonné,Transit,0.0,0.3137535501489318,-0.3137535501489318,keine_dominanz
638,file:/C:/mallet/textkorpus/final_txtonly/2015_B_Feuerland_Mirko-Bonné_Verzweiflung_pp.txt,2015,B,Buch,Mirko Bonné,Verzweiflung,0.0,0.17371175189237312,-0.17371175189237312,keine_dominanz
639,file:/C:/mallet/textkorpus/final_txtonly/2015_B_Morgen-ist-es-vorbei_Kathrin-Wessling_Die-Unendlichkeit-des-Jetzt_pp.txt,2015,B,Buch,Kathrin Wessling,Die Unendlichkeit des Jetzt,0.0,0.0327083946598479,-0.0327083946598479,keine_dominanz
640,file:/C:/mallet/textkorpus/final_txtonly/2015_B_Morgen-ist-es-vorbei_Kathrin-Wessling_Du-bist-der-Herbst_pp.txt,2015,B,Buch,Kathrin Wessling,Du bist der Herbst,0.0,0.0,0.0,keine_dominanz
641,file:/C:/mallet/textkorpus/final_txtonly/2015_B_Morgen-ist-es-vorbei_Kathrin-Wessling_Fragen-die-ich-dir-nie-gestellt-habe_pp.txt,2015,B,Buch,Kathrin Wessling,Fragen die ich dir nie gestellt habe,0.0,0.051939557468708,-0.051939557468708,keine_dominanz
642,file:/C:/mallet/textkorpus/final_txtonly/2015_B_Morgen-ist-es-vorbei_Kathrin-Wessling_Häng-dich-auf_pp.txt,2015,B,Buch,Kathrin Wessling,Häng dich auf,0.0,0.0218238854988532,-0.0218238854988532,keine_dominanz
643,file:/C:/mallet/textkorpus/final_txtonly/2015_B_Morgen-ist-es-vorbei_Kathrin-Wessling_Immer-noch-ja_pp.txt,2015,B,Buch,Kathrin Wessling,Immer noch ja,0.0,0.0321467692516284,-0.0321467692516284,keine_dominanz
644,file:/C:/mallet/textkorpus/final_txtonly/2015_B_Morgen-ist-es-vorbei_Kathrin-Wessling_Morgen-ist-es-vorbei_pp.txt,2015,B,Buch,Kathrin Wessling,Morgen ist es vorbei,0.0212774046229839,0.0,0.0212774046229839,keine_dominanz
645,file:/C:/mallet/textkorpus/final_txtonly/2015_B_Morgen-ist-es-vorbei_Kathrin-Wessling_Nicht-nichts_pp.txt,2015,B,Buch,Kathrin Wessling,Nicht nichts,0.0,0.0,0.0,keine_dominanz
646,file:/C:/mallet/textkorpus/final_txtonly/2015_B_Morgen-ist-es-vorbei_Kathrin-Wessling_Oder-wieder-niemals_pp.txt,2015,B,Buch,Kathrin Wessling,Oder wieder niemals,0.0,0.0,0.0,keine_dominanz
647,file:/C:/mallet/textkorpus/final_txtonly/2015_B_Morgen-ist-es-vorbei_Kathrin-Wessling_Schwimmen_pp.txt,2015,B,Buch,Kathrin Wessling,Schwimmen,0.0,0.0219165559465492,-0.0219165559465492,keine_dominanz
648,file:/C:/mallet/textkorpus/final_txtonly/2015_B_Morgen-ist-es-vorbei_Kathrin-Wessling_Und-keiner-weiß_pp.txt,2015,B,Buch,Kathrin Wessling,Und keiner weiß,0.0,0.0292943655543688,-0.0292943655543688,keine_dominanz
649,file:/C:/mallet/textkorpus/final_txtonly/2015_B_Morgen-ist-es-vorbei_Kathrin-Wessling_Wilde-Wesen_pp.txt,2015,B,Buch,Kathrin Wessling,Wilde Wesen,0.0233876526488643,0.0,0.0233876526488643,keine_dominanz
650,file:/C:/mallet/textkorpus/final_txtonly/2015_B_Morgen-ist-es-vorbei_Kathrin-Wessling_Winter-für-immer_pp.txt,2015,B,Buch,Kathrin Wessling,Winter für immer,0.061341396929328,0.0,0.061341396929328,keine_dominanz
651,file:/C:/mallet/textkorpus/final_txtonly/2015_B_Morgen-ist-es-vorbei_Kathrin-Wessling_Wir-kämpfen-wir-kentern-doch_pp.txt,2015,B,Buch,Kathrin Wessling,Wir kämpfen wir kentern doch,0.0,0.0505144104942472,-0.0505144104942472,keine_dominanz
652,file:/C:/mallet/textkorpus/final_txtonly/2015_LW_Bachmann_3sat-Preis_Dana-Grigorcea_Das-primäre-Gefühl-der-Schuldlosigkeit_AUSZUG_pp.txt,2015,LW,Literaturwettbewerb,3sat Preis,Dana Grigorcea Das primäre Gefühl der Schuldlosigkeit AUSZUG,0.0231712347685537,0.0300035249175379,-0.006832290148984201,keine_dominanz
653,file:/C:/mallet/textkorpus/final_txtonly/2015_LW_Bachmann_Bachmannpreis_Nora-Gomringer_Recherche_pp.txt,2015,LW,Literaturwettbewerb,Bachmannpreis,Nora Gomringer Recherche,0.0721838100109373,0.0,0.0721838100109373,keine_dominanz
654,file:/C:/mallet/textkorpus/final_txtonly/2015_LW_Bachmann_Kelag-Preis_Valerie-Fritsch_Das-Bein_pp.txt,2015,LW,Literaturwettbewerb,Kelag Preis,Valerie Fritsch Das Bein,0.0485264392277808,0.1034421912709374,-0.0549157520431566,keine_dominanz
655,file:/C:/mallet/textkorpus/final_txtonly/2015_LW_Moerser-Literaturpreis_01_Claudia-Schmitz_Schneewehen_pp.txt,2015,LW,Literaturwettbewerb,01,Claudia Schmitz Schneewehen,0.0,0.2046513122419412,-0.2046513122419412,keine_dominanz
656,file:/C:/mallet/textkorpus/final_txtonly/2015_LW_Moerser-Literaturpreis_02_Thorsten-Schmidt_Kopfüber-Hannah_pp.txt,2015,LW,Literaturwettbewerb,02,Thorsten Schmidt Kopfüber Hannah,0.0,0.0830955648248863,-0.0830955648248863,keine_dominanz
657,file:/C:/mallet/textkorpus/final_txtonly/2015_LW_Moerser-Literaturpreis_03_Anne-Stolle_Von-unten-betrachtet_pp.txt,2015,LW,Literaturwettbewerb,03,Anne Stolle Von unten betrachtet,0.0937628907981595,0.0,0.0937628907981595,keine_dominanz
658,file:/C:/mallet/textkorpus/final_txtonly/2015_LW_Münchner-KGW_Carolina-Heberling_Am-Rand_pp.txt,2015,LW,Literaturwettbewerb,Carolina Heberling,Am Rand,0.0284513298816369,0.0223808387053222,0.0060704911763147,keine_dominanz
659,file:/C:/mallet/textkorpus/final_txtonly/2015_LW_Münchner-KGW_Doris-Bewernitz_Die-Reise-ins-Hoki-Poki-Land_pp.txt,2015,LW,Literaturwettbewerb,Doris Bewernitz,Die Reise ins Hoki Poki Land,0.1135039180634837,0.0,0.1135039180634837,keine_dominanz
660,file:/C:/mallet/textkorpus/final_txtonly/2015_LW_Münchner-KGW_Sophia-Fritz_Halim-liegt-wach_pp.txt,2015,LW,Literaturwettbewerb,Sophia Fritz,Halim liegt wach,0.0248786735084297,0.0,0.0248786735084297,keine_dominanz
661,file:/C:/mallet/textkorpus/final_txtonly/2015_LW_Münchner-KGW_Tanja-Raich_Judith_pp.txt,2015,LW,Literaturwettbewerb,Tanja Raich,Judith,0.0,0.0911452130312801,-0.0911452130312801,keine_dominanz
662,file:/C:/mallet/textkorpus/final_txtonly/2015_LW_OpenMike_Jessica-Lind_Mama_pp.txt,2015,LW,Literaturwettbewerb,Jessica Lind,Mama,0.0,0.08909682723242679,-0.08909682723242679,keine_dominanz
663,file:/C:/mallet/textkorpus/final_txtonly/2015_LW_OpenMike_Philip-Krömer_der-eine-der-andere_pp.txt,2015,LW,Literaturwettbewerb,Philip Krömer,der eine der andere,0.0708689008734312,0.0255226210719976,0.0453462798014336,keine_dominanz
664,file:/C:/mallet/textkorpus/final_txtonly/2015_LW_OpenMike_Theresia-Töglhofer_Das-pure-Leben_pp.txt,2015,LW,Literaturwettbewerb,Theresia Töglhofer,Das pure Leben,0.0331970578094715,0.0481946738255596,-0.014997616016088101,keine_dominanz
665,file:/C:/mallet/textkorpus/final_txtonly/2015_LW_Schreibwettbewerb-Literaturhaus-Zürich_01_Ulf-Großmann_schwimmen-lernen_pp.txt,2015,LW,Literaturwettbewerb,01,Ulf Großmann schwimmen lernen,0.0,0.050490775273906,-0.050490775273906,keine_dominanz
666,file:/C:/mallet/textkorpus/final_txtonly/2015_LW_Schreibwettbewerb-Literaturhaus-Zürich_02_Alexandra-Holenstein_Schreib-mir!_pp.txt,2015,LW,Literaturwettbewerb,02,Alexandra Holenstein Schreib mir!,0.0,0.0628806901525339,-0.0628806901525339,keine_dominanz
667,file:/C:/mallet/textkorpus/final_txtonly/2015_LW_Schreibwettbewerb-Literaturhaus-Zürich_03_Sabine-Breitbach_Blau-und-Braun_pp.txt,2015,LW,Literaturwettbewerb,03,Sabine Breitbach Blau und Braun,0.0,0.2114668983976421,-0.2114668983976421,keine_dominanz
668,file:/C:/mallet/textkorpus/final_txtonly/2015_LW_Schreibwettbewerb-Literaturhaus-Zürich_04_Emanuel-A-Kriemler_Die-Brut_pp.txt,2015,LW,Literaturwettbewerb,04,Emanuel A Kriemler Die Brut,0.0423282802722221,0.0490657440900483,-0.006737463817826195,keine_dominanz
669,file:/C:/mallet/textkorpus/final_txtonly/2015_LW_Schreibwettbewerb-Literaturhaus-Zürich_05_Mirjam-Nievergelt_Flecken_pp.txt,2015,LW,Literaturwettbewerb,05,Mirjam Nievergelt Flecken,0.0,0.0,0.0,keine_dominanz
670,file:/C:/mallet/textkorpus/final_txtonly/2015_LW_Schreibwettbewerb-Literaturhaus-Zürich_06_Priska-Peci-Zurmühle_Nur-eine-Zigarette_pp.txt,2015,LW,Literaturwettbewerb,06,Priska Peci Zurmühle Nur eine Zigarette,0.0,0.2084292277948452,-0.2084292277948452,keine_dominanz
671,file:/C:/mallet/textkorpus/final_txtonly/2015_LW_Schreibwettbewerb-Literaturhaus-Zürich_07_Karsten-Redmann_Das-Zimmer_pp.txt,2015,LW,Literaturwettbewerb,07,Karsten Redmann Das Zimmer,0.0,0.034093067385162,-0.034093067385162,keine_dominanz
672,file:/C:/mallet/textkorpus/final_txtonly/2015_LW_Schreibwettbewerb-Literaturhaus-Zürich_08_Ruth-Loosli_Ein-Sommer-der-die-Hitze-zum-Vorwand-nahm_pp.txt,2015,LW,Literaturwettbewerb,08,Ruth Loosli Ein Sommer der die Hitze zum Vorwand nahm,0.0,0.1082457031873114,-0.1082457031873114,keine_dominanz
673,file:/C:/mallet/textkorpus/final_txtonly/2015_LW_Schreibwettbewerb-Literaturhaus-Zürich_09_Ina-Spang_Ballonmädchen_pp.txt,2015,LW,Literaturwettbewerb,09,Ina Spang Ballonmädchen,0.0,0.0212097679477605,-0.0212097679477605,keine_dominanz
674,file:/C:/mallet/textkorpus/final_txtonly/2015_LW_Schreibwettbewerb-Literaturhaus-Zürich_11_Rita-Roedel_In-den-Schuhen-der-Mutter_pp.txt,2015,LW,Literaturwettbewerb,11,Rita Roedel In den Schuhen der Mutter,0.0,0.0205558966390411,-0.0205558966390411,keine_dominanz
675,file:/C:/mallet/textkorpus/final_txtonly/2015_LZ_SINN_1_Guntram-Vesper_Der-Torweg_pp.txt,2015,LZ,Literaturzeitschrift,1,Guntram Vesper Der Torweg,0.20899892627267172,0.0325101047834154,0.17648882148925632,keine_dominanz
676,file:/C:/mallet/textkorpus/final_txtonly/2015_LZ_SINN_2_Reinhard-Jirgl_Es-mußte-sein_pp.txt,2015,LZ,Literaturzeitschrift,2,Reinhard Jirgl Es mußte sein,0.1356175237032119,0.0,0.1356175237032119,keine_dominanz
677,file:/C:/mallet/textkorpus/final_txtonly/2015_LZ_SINN_3_Julia-Schoch_Das-erfüllte-Leben_pp.txt,2015,LZ,Literaturzeitschrift,3,Julia Schoch Das erfüllte Leben,0.09116058330619839,0.094788175006929,-0.003627591700730612,keine_dominanz
678,file:/C:/mallet/textkorpus/final_txtonly/2015_LZ_SINN_3_Martin-Bettinger_Wenn-der-Vater-nicht-stirbt_pp.txt,2015,LZ,Literaturzeitschrift,3,Martin Bettinger Wenn der Vater nicht stirbt,0.0743946501366018,0.0,0.0743946501366018,keine_dominanz
679,file:/C:/mallet/textkorpus/final_txtonly/2015_LZ_SINN_5_Giwi-Margwelaschwili_Eine-Völkerfriedensstiftung_pp.txt,2015,LZ,Literaturzeitschrift,5,Giwi Margwelaschwili Eine Völkerfriedensstiftung,0.0,0.0408029456278919,-0.0408029456278919,keine_dominanz
680,file:/C:/mallet/textkorpus/final_txtonly/2015_LZ_SINN_5_Natascha-Wodin_Ich-war-nie-in-Mariupol_pp.txt,2015,LZ,Literaturzeitschrift,5,Natascha Wodin Ich war nie in Mariupol,0.2975969846830392,0.0486491678508023,0.24894781683223688,keine_dominanz
681,file:/C:/mallet/textkorpus/final_txtonly/2015_LZ_SPRITZ_213_Christian-Schulteisz_Wense_pp.txt,2015,LZ,Literaturzeitschrift,213,Christian Schulteisz Wense,0.0513318401585078,0.0897227891943591,-0.038390949035851295,keine_dominanz
682,file:/C:/mallet/textkorpus/final_txtonly/2015_LZ_SPRITZ_213_Sarah-Iwanowski_Sandalen_pp.txt,2015,LZ,Literaturzeitschrift,213,Sarah Iwanowski Sandalen,0.0,0.08804035690472539,-0.08804035690472539,keine_dominanz
683,file:/C:/mallet/textkorpus/final_txtonly/2015_LZ_SPRITZ_213_Thomas-Dörschel_Raus-aufs-Land_pp.txt,2015,LZ,Literaturzeitschrift,213,Thomas Dörschel Raus aufs Land,0.0226244672150953,0.0365005271746177,-0.013876059959522399,keine_dominanz
684,file:/C:/mallet/textkorpus/final_txtonly/2015_LZ_SPRITZ_213_Yulia-Marfutova_Das-Röhrchen_pp.txt,2015,LZ,Literaturzeitschrift,213,Yulia Marfutova Das Röhrchen,0.0,0.169881545204315,-0.169881545204315,keine_dominanz
685,file:/C:/mallet/textkorpus/final_txtonly/2015_LZ_SPRITZ_214_Andreas-Stichmann_Dinge-der-Liebe_pp.txt,2015,LZ,Literaturzeitschrift,214,Andreas Stichmann Dinge der Liebe,0.0,0.0387941465153326,-0.0387941465153326,keine_dominanz
686,file:/C:/mallet/textkorpus/final_txtonly/2015_LZ_SPRITZ_214_Thomas-Pletzinger_Das-leicht-fransige-Orange-des-Seils_pp.txt,2015,LZ,Literaturzeitschrift,214,Thomas Pletzinger Das leicht fransige Orange des Seils,0.0205412194949037,0.0409566639208598,-0.0204154444259561,keine_dominanz
687,file:/C:/mallet/textkorpus/final_txtonly/2015_LZ_SPRITZ_215_Dieter-Forte_Das-Universum-des-Menschen_pp.txt,2015,LZ,Literaturzeitschrift,215,Dieter Forte Das Universum des Menschen,0.1116858100730278,0.0902084324532961,0.021477377619731702,keine_dominanz
688,file:/C:/mallet/textkorpus/final_txtonly/2015_LZ_SPRITZ_215_Dieter-Forte_Der-Mensch-ist-seine-Legende_pp.txt,2015,LZ,Literaturzeitschrift,215,Dieter Forte Der Mensch ist seine Legende,0.0726658446850745,0.0,0.0726658446850745,keine_dominanz
689,file:/C:/mallet/textkorpus/final_txtonly/2015_LZ_SPRITZ_215_Dieter-Forte_Es-steht-geschrieben_pp.txt,2015,LZ,Literaturzeitschrift,215,Dieter Forte Es steht geschrieben,0.157391788679606,0.0293068886661203,0.1280849000134857,keine_dominanz
690,file:/C:/mallet/textkorpus/final_txtonly/2015_LZ_SPRITZ_215_Dieter-Forte_Leben-ist-Erinnerung-an-das-Leben_pp.txt,2015,LZ,Literaturzeitschrift,215,Dieter Forte Leben ist Erinnerung an das Leben,0.0,0.0,0.0,keine_dominanz
691,file:/C:/mallet/textkorpus/final_txtonly/2015_LZ_SPRITZ_215_Dieter-Forte_Spuren_pp.txt,2015,LZ,Literaturzeitschrift,215,Dieter Forte Spuren,0.0556227927735104,0.1437631771644611,-0.0881403843909507,keine_dominanz
692,file:/C:/mallet/textkorpus/final_txtonly/2015_LZ_SPRITZ_215_Dieter-Forte_Und-es-ward-Abend-und-es-ward-Morgen_pp.txt,2015,LZ,Literaturzeitschrift,215,Dieter Forte Und es ward Abend und es ward Morgen,0.0,0.1039950529175984,-0.1039950529175984,keine_dominanz
693,file:/C:/mallet/textkorpus/final_txtonly/2015_LZ_SPRITZ_Sonderheft_Hendrik-Jackson_Verwandelte-Formen_pp.txt,2015,LZ,Literaturzeitschrift,Sonderheft,Hendrik Jackson Verwandelte Formen,0.1360366050421249,0.0205058899840612,0.1155307150580637,keine_dominanz
694,file:/C:/mallet/textkorpus/final_txtonly/2015_OP_FF_Babsbi_Unsichtbar_55262b4a0004480734592cc1_pp.txt,2015,OP,Online-Plattform,Babsbi,Unsichtbar 55262b4a0004480734592cc1,0.0,0.0969410003316632,-0.0969410003316632,keine_dominanz
695,file:/C:/mallet/textkorpus/final_txtonly/2015_OP_FF_campohermoso_Die-zwoelf-Apostel_550db8ad0004ae9927cca752_pp.txt,2015,OP,Online-Plattform,campohermoso,Die zwoelf Apostel 550db8ad0004ae9927cca752,0.48511704215873575,0.0411482528951567,0.443968789263579,dominant_kritisch
696,file:/C:/mallet/textkorpus/final_txtonly/2015_OP_FF_campohermoso_Eine-kuriose-Weihnachtsgeschichte_550dba930004ae99ee4690a_pp.txt,2015,OP,Online-Plattform,campohermoso,Eine kuriose Weihnachtsgeschichte 550dba930004ae99ee4690a,0.3193148645642231,0.0681317706753164,0.2511830938889067,keine_dominanz
697,file:/C:/mallet/textkorpus/final_txtonly/2015_OP_FF_campohermoso_Grenzen-der-Magie_551e3a560004ae9918778208_pp.txt,2015,OP,Online-Plattform,campohermoso,Grenzen der Magie 551e3a560004ae9918778208,0.0305507819224923,0.0743172854117085,-0.043766503489216194,keine_dominanz
698,file:/C:/mallet/textkorpus/final_txtonly/2015_OP_FF_campohermoso_Qualitaetsmanagement_550df13f0004ae99e228112_pp.txt,2015,OP,Online-Plattform,campohermoso,Qualitaetsmanagement 550df13f0004ae99e228112,0.0621427151540735,0.0430894017181937,0.0190533134358798,keine_dominanz
699,file:/C:/mallet/textkorpus/final_txtonly/2015_OP_FF_CThomas_Gerechtigkeit-ist-Roggenbrot_55f83fa2000300548a7106c_pp.txt,2015,OP,Online-Plattform,CThomas,Gerechtigkeit ist Roggenbrot 55f83fa2000300548a7106c,0.0,0.0,0.0,keine_dominanz
700,file:/C:/mallet/textkorpus/final_txtonly/2015_OP_FF_CurrerBell_1913_5630f1fc0001db042da7f645_pp.txt,2015,OP,Online-Plattform,CurrerBell,1913 5630f1fc0001db042da7f645,0.2056391300363639,0.0264511958517287,0.1791879341846352,keine_dominanz
701,file:/C:/mallet/textkorpus/final_txtonly/2015_OP_FF_DawiL-Danger_Katzenminze_55647d86000041271846f43c_pp.txt,2015,OP,Online-Plattform,DawiL Danger,Katzenminze 55647d86000041271846f43c,0.0,0.0443877820223715,-0.0443877820223715,keine_dominanz
702,file:/C:/mallet/textkorpus/final_txtonly/2015_OP_FF_dextro-energie_Ganz-egal_5533d113000099142e065dec_pp.txt,2015,OP,Online-Plattform,dextro energie,Ganz egal 5533d113000099142e065dec,0.0,0.0,0.0,keine_dominanz
703,file:/C:/mallet/textkorpus/final_txtonly/2015_OP_FF_dextro-energie_Nicht-egal_567fbd3b0000991439aa8bb1_pp.txt,2015,OP,Online-Plattform,dextro energie,Nicht egal 567fbd3b0000991439aa8bb1,0.0,0.0,0.0,keine_dominanz
704,file:/C:/mallet/textkorpus/final_txtonly/2015_OP_FF_dextro-energie_Vom-wilden-Hund_54a5ce8600009914253d205d_pp.txt,2015,OP,Online-Plattform,dextro energie,Vom wilden Hund 54a5ce8600009914253d205d,0.0,0.1966509973359441,-0.1966509973359441,keine_dominanz
705,file:/C:/mallet/textkorpus/final_txtonly/2015_OP_FF_Enci-Weg_Black-date_55c8ff3900044f0c3b25dd0e_pp.txt,2015,OP,Online-Plattform,Enci Weg,Black date 55c8ff3900044f0c3b25dd0e,0.0,0.2086786816308643,-0.2086786816308643,keine_dominanz
706,file:/C:/mallet/textkorpus/final_txtonly/2015_OP_FF_Ender-Wiggin_Wueste_5509bc6f0000afde1d2ac20d_pp.txt,2015,OP,Online-Plattform,Ender Wiggin,Wueste 5509bc6f0000afde1d2ac20d,0.0,0.1168040298746963,-0.1168040298746963,keine_dominanz
707,file:/C:/mallet/textkorpus/final_txtonly/2015_OP_FF_Fabia_schwarz-oder-wie-es-haette-sein-koennen_567beede00006cef61c5fb6_pp.txt,2015,OP,Online-Plattform,Fabia,schwarz oder wie es haette sein koennen 567beede00006cef61c5fb6,0.0,0.2135672136154049,-0.2135672136154049,keine_dominanz
708,file:/C:/mallet/textkorpus/final_txtonly/2015_OP_FF_faded-ink_Jahrestag_54f3792800041cef1bc217ea_pp.txt,2015,OP,Online-Plattform,faded ink,Jahrestag 54f3792800041cef1bc217ea,0.0,0.140309683093036,-0.140309683093036,keine_dominanz
709,file:/C:/mallet/textkorpus/final_txtonly/2015_OP_FF_Fara-ThoRn_Dandelion_54b03ae90002de812b69f273_pp.txt,2015,OP,Online-Plattform,Fara ThoRn,Dandelion 54b03ae90002de812b69f273,0.1455668758655776,0.0,0.1455668758655776,keine_dominanz
710,file:/C:/mallet/textkorpus/final_txtonly/2015_OP_FF_Fara-ThoRn_Liebesmuschel_54dee8e70002de819e59110_pp.txt,2015,OP,Online-Plattform,Fara ThoRn,Liebesmuschel 54dee8e70002de819e59110,0.0,0.1595309441297194,-0.1595309441297194,keine_dominanz
711,file:/C:/mallet/textkorpus/final_txtonly/2015_OP_FF_Gedankenspielerin_Mufasas-Mut_558af51c00010f4eda4d79f_pp.txt,2015,OP,Online-Plattform,Gedankenspielerin,Mufasas Mut 558af51c00010f4eda4d79f,0.0,0.0635100134374597,-0.0635100134374597,keine_dominanz
712,file:/C:/mallet/textkorpus/final_txtonly/2015_OP_FF_halfJack_Klatschmohn-im-Auge_54d4da7c0000ec13ee6dc2a_pp.txt,2015,OP,Online-Plattform,halfJack,Klatschmohn im Auge 54d4da7c0000ec13ee6dc2a,0.1049240719405565,0.0205065771693647,0.0844174947711918,keine_dominanz
713,file:/C:/mallet/textkorpus/final_txtonly/2015_OP_FF_Hatshepsut_If-I-die-young_555a1def0004d3f02cde967e_pp.txt,2015,OP,Online-Plattform,Hatshepsut,If I die young 555a1def0004d3f02cde967e,0.0,0.1917613463705507,-0.1917613463705507,keine_dominanz
714,file:/C:/mallet/textkorpus/final_txtonly/2015_OP_FF_Himekeks_Jeder-liebt-mich_5589819800022a151dcfe1e9_pp.txt,2015,OP,Online-Plattform,Himekeks,Jeder liebt mich 5589819800022a151dcfe1e9,0.0,0.1050123617997195,-0.1050123617997195,keine_dominanz
715,file:/C:/mallet/textkorpus/final_txtonly/2015_OP_FF_Irrlichtertanz_Der-rote-Ballon_5514ae510002581b1f19ba16_pp.txt,2015,OP,Online-Plattform,Irrlichtertanz,Der rote Ballon 5514ae510002581b1f19ba16,0.0,0.1420115779381233,-0.1420115779381233,keine_dominanz
716,file:/C:/mallet/textkorpus/final_txtonly/2015_OP_FF_June11_Sam_55b3a6b100035299dc3eed5_pp.txt,2015,OP,Online-Plattform,June11,Sam 55b3a6b100035299dc3eed5,0.0,0.0226635054561513,-0.0226635054561513,keine_dominanz
717,file:/C:/mallet/textkorpus/final_txtonly/2015_OP_FF_Kah-Punkt_Als-die-Sterne-verschwanden_54f18cd900007550608d40a_pp.txt,2015,OP,Online-Plattform,Kah Punkt,Als die Sterne verschwanden 54f18cd900007550608d40a,0.0,0.0663368099402573,-0.0663368099402573,keine_dominanz
718,file:/C:/mallet/textkorpus/final_txtonly/2015_OP_FF_mari-fleur_Neulich-in-Berlin-und-zurueck_55afdd5d0004c7e71fe3c0ac_pp.txt,2015,OP,Online-Plattform,mari fleur,Neulich in Berlin und zurueck 55afdd5d0004c7e71fe3c0ac,0.0268569322108211,0.1131517700292876,-0.0862948378184665,keine_dominanz
719,file:/C:/mallet/textkorpus/final_txtonly/2015_OP_FF_meika_8-Minuten_55635adf000390562ec8f8f5_pp.txt,2015,OP,Online-Plattform,meika,8 Minuten 55635adf000390562ec8f8f5,0.0555198615327994,0.0330626927502912,0.022457168782508197,keine_dominanz
720,file:/C:/mallet/textkorpus/final_txtonly/2015_OP_FF_Myrina_Irischer-Sturm_5645a79600042c1a2ab41b26_pp.txt,2015,OP,Online-Plattform,Myrina,Irischer Sturm 5645a79600042c1a2ab41b26,0.0312854829216828,0.0228192530474736,0.008466229874209204,keine_dominanz
721,file:/C:/mallet/textkorpus/final_txtonly/2015_OP_FF_Myrina_Wir-sind_54bfc2dd00042c1a1d7aae47_pp.txt,2015,OP,Online-Plattform,Myrina,Wir sind 54bfc2dd00042c1a1d7aae47,0.1631882961139605,0.1782735986242903,-0.015085302510329801,keine_dominanz
722,file:/C:/mallet/textkorpus/final_txtonly/2015_OP_FF_nepenthe_Ersterbende-Lichter_55e61aac00022b052f7d0bbd_pp.txt,2015,OP,Online-Plattform,nepenthe,Ersterbende Lichter 55e61aac00022b052f7d0bbd,0.0,0.042449817632411,-0.042449817632411,keine_dominanz
723,file:/C:/mallet/textkorpus/final_txtonly/2015_OP_FF_nepenthe_Tequilakuesse_561167e700022b0572438e6_pp.txt,2015,OP,Online-Plattform,nepenthe,Tequilakuesse 561167e700022b0572438e6,0.1209173144973266,0.0323408344550287,0.0885764800422979,keine_dominanz
724,file:/C:/mallet/textkorpus/final_txtonly/2015_OP_FF_Ophelia1601_Das-Puzzlespiel_553934e50001dd371977c85d_pp.txt,2015,OP,Online-Plattform,Ophelia1601,Das Puzzlespiel 553934e50001dd371977c85d,0.0,0.0,0.0,keine_dominanz
725,file:/C:/mallet/textkorpus/final_txtonly/2015_OP_FF_Pfaffenhut_Vergissdeinnicht_5664387a00033be63b94b13b_pp.txt,2015,OP,Online-Plattform,Pfaffenhut,Vergissdeinnicht 5664387a00033be63b94b13b,0.0,0.0776164040162819,-0.0776164040162819,keine_dominanz
726,file:/C:/mallet/textkorpus/final_txtonly/2015_OP_FF_Ray-Celar_Kulturschock_55d08c820005008c2d7bcbea_pp.txt,2015,OP,Online-Plattform,Ray Celar,Kulturschock 55d08c820005008c2d7bcbea,0.0,0.0,0.0,keine_dominanz
727,file:/C:/mallet/textkorpus/final_txtonly/2015_OP_FF_SanniSa_Der-pinke-Tod-Fuer-die-DFH_5515673e0003a28e35a5694d_pp.txt,2015,OP,Online-Plattform,SanniSa,Der pinke Tod Fuer die DFH 5515673e0003a28e35a5694d,0.0533302755356713,0.0484307370271846,0.004899538508486699,keine_dominanz
728,file:/C:/mallet/textkorpus/final_txtonly/2015_OP_FF_Schmali_Migraene_566b28310003da0bb598c32_pp.txt,2015,OP,Online-Plattform,Schmali,Migraene 566b28310003da0bb598c32,0.0,0.0,0.0,keine_dominanz
729,file:/C:/mallet/textkorpus/final_txtonly/2015_OP_FF_Snowdiver_Wenn-alle-Stimmen-schweigen_54b2b5830002c4ae1201a9cb_pp.txt,2015,OP,Online-Plattform,Snowdiver,Wenn alle Stimmen schweigen 54b2b5830002c4ae1201a9cb,0.0,0.0,0.0,keine_dominanz
730,file:/C:/mallet/textkorpus/final_txtonly/2015_OP_FF_split_Auf-der-Parkbank_55b50c480003315cfc020db_pp.txt,2015,OP,Online-Plattform,split,Auf der Parkbank 55b50c480003315cfc020db,0.0,0.0377579795905932,-0.0377579795905932,keine_dominanz
731,file:/C:/mallet/textkorpus/final_txtonly/2015_OP_FF_split_Das-Seerosengrab_55b712da0003315c392c0ea1_pp.txt,2015,OP,Online-Plattform,split,Das Seerosengrab 55b712da0003315c392c0ea1,0.0,0.1822412067337183,-0.1822412067337183,keine_dominanz
732,file:/C:/mallet/textkorpus/final_txtonly/2015_OP_FF_split_Der-Puppenheiler_55bd2bc10003315cf56a7fe_pp.txt,2015,OP,Online-Plattform,split,Der Puppenheiler 55bd2bc10003315cf56a7fe,0.0,0.0340727204734341,-0.0340727204734341,keine_dominanz
733,file:/C:/mallet/textkorpus/final_txtonly/2015_OP_FF_split_Die-Ketten-die-uns-binden_55bdd9a50003315caa36593_pp.txt,2015,OP,Online-Plattform,split,Die Ketten die uns binden 55bdd9a50003315caa36593,0.0,0.0,0.0,keine_dominanz
734,file:/C:/mallet/textkorpus/final_txtonly/2015_OP_FF_split_Kerzenflackern_55c1a6da0003315cb22030d_pp.txt,2015,OP,Online-Plattform,split,Kerzenflackern 55c1a6da0003315cb22030d,0.0,0.0541260562479871,-0.0541260562479871,keine_dominanz
735,file:/C:/mallet/textkorpus/final_txtonly/2015_OP_FF_tasooks_Still_562196520000d4bf2a3ac2d4_pp.txt,2015,OP,Online-Plattform,tasooks,Still 562196520000d4bf2a3ac2d4,0.0,0.0319027075710314,-0.0319027075710314,keine_dominanz
736,file:/C:/mallet/textkorpus/final_txtonly/2015_OP_FF_Telda_Kleider-machen-Leute_55c6ec080004e2232e47fb4c_pp.txt,2015,OP,Online-Plattform,Telda,Kleider machen Leute 55c6ec080004e2232e47fb4c,0.0,0.1198451716049566,-0.1198451716049566,keine_dominanz
737,file:/C:/mallet/textkorpus/final_txtonly/2015_OP_FF_Thaunatas_Jenseits-der-Bruecke_55ed523500051b45a67bfef_pp.txt,2015,OP,Online-Plattform,Thaunatas,Jenseits der Bruecke 55ed523500051b45a67bfef,0.0,0.0,0.0,keine_dominanz
738,file:/C:/mallet/textkorpus/final_txtonly/2015_OP_FF_Ylvie-Davis_Elliot_551152eb000042a7223a1ed2_pp.txt,2015,OP,Online-Plattform,Ylvie Davis,Elliot 551152eb000042a7223a1ed2,0.0,0.1250675411726122,-0.1250675411726122,keine_dominanz
739,file:/C:/mallet/textkorpus/final_txtonly/2016_B_Die-Liebe-unter-Aliens_Terezia-Mora_Die-Gepard-Frage_pp.txt,2016,B,Buch,Terezia Mora,Die Gepard Frage,0.0403347279333375,0.1514603371866269,-0.1111256092532894,keine_dominanz
740,file:/C:/mallet/textkorpus/final_txtonly/2016_B_Die-Liebe-unter-Aliens_Terezia-Mora_Die-Liebe-unter-Aliens_pp.txt,2016,B,Buch,Terezia Mora,Die Liebe unter Aliens,0.0,0.0668539717492457,-0.0668539717492457,keine_dominanz
741,file:/C:/mallet/textkorpus/final_txtonly/2016_B_Die-Liebe-unter-Aliens_Terezia-Mora_Elli-Lamb-in-Mullingar_pp.txt,2016,B,Buch,Terezia Mora,Elli Lamb in Mullingar,0.0223781586373646,0.0547488182744948,-0.0323706596371302,keine_dominanz
742,file:/C:/mallet/textkorpus/final_txtonly/2016_B_Die-Liebe-unter-Aliens_Terezia-Mora_Fisch-schwimmt-Vogel-fliegt_pp.txt,2016,B,Buch,Terezia Mora,Fisch schwimmt Vogel fliegt,0.0,0.0670560888105151,-0.0670560888105151,keine_dominanz
743,file:/C:/mallet/textkorpus/final_txtonly/2016_B_Die-Liebe-unter-Aliens_Terezia-Mora_Perpetuum-mobile_pp.txt,2016,B,Buch,Terezia Mora,Perpetuum mobile,0.0703874545636694,0.0487979408095075,0.021589513754161904,keine_dominanz
744,file:/C:/mallet/textkorpus/final_txtonly/2016_B_Die-Liebe-unter-Aliens_Terezia-Mora_Selbstbildnis-mit-Geschirrtuch_pp.txt,2016,B,Buch,Terezia Mora,Selbstbildnis mit Geschirrtuch,0.0,0.0682326406106384,-0.0682326406106384,keine_dominanz
745,file:/C:/mallet/textkorpus/final_txtonly/2016_B_Die-Liebe-unter-Aliens_Terezia-Mora_Verliefen-sich-im-Wald_pp.txt,2016,B,Buch,Terezia Mora,Verliefen sich im Wald,0.0,0.0483663448577347,-0.0483663448577347,keine_dominanz
746,file:/C:/mallet/textkorpus/final_txtonly/2016_B_Die-Liebe-unter-Aliens_Terezia-Mora_À-la-recherche_pp.txt,2016,B,Buch,Terezia Mora,À la recherche,0.0,0.0273396753092225,-0.0273396753092225,keine_dominanz
747,file:/C:/mallet/textkorpus/final_txtonly/2016_B_Fallensteller_Sasa-Stanisic_Billard-Kasatschok_pp.txt,2016,B,Buch,Sasa Stanisic,Billard Kasatschok,0.0287584630414894,0.1195575742624126,-0.09079911122092321,keine_dominanz
748,file:/C:/mallet/textkorpus/final_txtonly/2016_B_Fallensteller_Sasa-Stanisic_Die-Fabrik_pp.txt,2016,B,Buch,Sasa Stanisic,Die Fabrik,0.0489626747929438,0.1867443331474671,-0.1377816583545233,keine_dominanz
749,file:/C:/mallet/textkorpus/final_txtonly/2016_B_Fallensteller_Sasa-Stanisic_Die-große-Illusion-am-Säge-Holz-und-Hobelwerk_pp.txt,2016,B,Buch,Sasa Stanisic,Die große Illusion am Säge Holz und Hobelwerk,0.0,0.0479957413337088,-0.0479957413337088,keine_dominanz
750,file:/C:/mallet/textkorpus/final_txtonly/2016_B_Fallensteller_Sasa-Stanisic_Die-immens-schönen-tragischen-blöden-glückseligen-deutschen-Flüsse_pp.txt,2016,B,Buch,Sasa Stanisic,Die immens schönen tragischen blöden glückseligen deutschen Flüsse,0.055908975203736805,0.0,0.055908975203736805,keine_dominanz
751,file:/C:/mallet/textkorpus/final_txtonly/2016_B_Fallensteller_Sasa-Stanisic_Georg-Horvath-ist-verstimmt_pp.txt,2016,B,Buch,Sasa Stanisic,Georg Horvath ist verstimmt,0.0211906591085346,0.0342547357387905,-0.013064076630255904,keine_dominanz
752,file:/C:/mallet/textkorpus/final_txtonly/2016_B_Fallensteller_Sasa-Stanisic_Im-Ferienlager-im-Wald_pp.txt,2016,B,Buch,Sasa Stanisic,Im Ferienlager im Wald,0.0,0.1395890990834675,-0.1395890990834675,keine_dominanz
753,file:/C:/mallet/textkorpus/final_txtonly/2016_B_Fallensteller_Sasa-Stanisic_In-diesem-Gewässer-versinkt-alles_pp.txt,2016,B,Buch,Sasa Stanisic,In diesem Gewässer versinkt alles,0.09089026153178781,0.11511246793956309,-0.024222206407775282,keine_dominanz
754,file:/C:/mallet/textkorpus/final_txtonly/2016_B_Fallensteller_Sasa-Stanisic_Its-okay-Its-also-not-okay_pp.txt,2016,B,Buch,Sasa Stanisic,Its okay Its also not okay,0.0,0.0450141659323273,-0.0450141659323273,keine_dominanz
755,file:/C:/mallet/textkorpus/final_txtonly/2016_B_Fallensteller_Sasa-Stanisic_Mo-klaut-ein-surrealistisches-Gemälde-einer-Syrischen-Surrealistin_pp.txt,2016,B,Buch,Sasa Stanisic,Mo klaut ein surrealistisches Gemälde einer Syrischen Surrealistin,0.0210817645605462,0.0,0.0210817645605462,keine_dominanz
756,file:/C:/mallet/textkorpus/final_txtonly/2016_B_Fallensteller_Sasa-Stanisic_Mo-und-ich-für-die-Dauer-der-Reise_pp.txt,2016,B,Buch,Sasa Stanisic,Mo und ich für die Dauer der Reise,0.0361512450743627,0.0232139509442483,0.0129372941301144,keine_dominanz
757,file:/C:/mallet/textkorpus/final_txtonly/2016_B_Fallensteller_Sasa-Stanisic_Pica-pau-de-cabeca-amarela_pp.txt,2016,B,Buch,Sasa Stanisic,Pica pau de cabeca amarela,0.0,0.0772177105641249,-0.0772177105641249,keine_dominanz
758,file:/C:/mallet/textkorpus/final_txtonly/2016_B_Lettipark_Judith-Hermann_Brief_pp.txt,2016,B,Buch,Judith Hermann,Brief,0.0260323337854836,0.1467927369351366,-0.12076040314965299,keine_dominanz
759,file:/C:/mallet/textkorpus/final_txtonly/2016_B_Lettipark_Judith-Hermann_Fetisch_pp.txt,2016,B,Buch,Judith Hermann,Fetisch,0.0,0.0476929667558233,-0.0476929667558233,keine_dominanz
760,file:/C:/mallet/textkorpus/final_txtonly/2016_B_Lettipark_Judith-Hermann_Gedichte_pp.txt,2016,B,Buch,Judith Hermann,Gedichte,0.0,0.2123551170530998,-0.2123551170530998,keine_dominanz
761,file:/C:/mallet/textkorpus/final_txtonly/2016_B_Lettipark_Judith-Hermann_Gehirn_pp.txt,2016,B,Buch,Judith Hermann,Gehirn,0.0259087188053733,0.0506071859678283,-0.024698467162455003,keine_dominanz
762,file:/C:/mallet/textkorpus/final_txtonly/2016_B_Lettipark_Judith-Hermann_Inseln_pp.txt,2016,B,Buch,Judith Hermann,Inseln,0.0,0.0662342224839105,-0.0662342224839105,keine_dominanz
763,file:/C:/mallet/textkorpus/final_txtonly/2016_B_Lettipark_Judith-Hermann_Kohlen_pp.txt,2016,B,Buch,Judith Hermann,Kohlen,0.0,0.1122964392673455,-0.1122964392673455,keine_dominanz
764,file:/C:/mallet/textkorpus/final_txtonly/2016_B_Lettipark_Judith-Hermann_Kreuzungen_pp.txt,2016,B,Buch,Judith Hermann,Kreuzungen,0.0,0.0855882945329793,-0.0855882945329793,keine_dominanz
765,file:/C:/mallet/textkorpus/final_txtonly/2016_B_Lettipark_Judith-Hermann_Lettipark_pp.txt,2016,B,Buch,Judith Hermann,Lettipark,0.0,0.2362752060029332,-0.2362752060029332,keine_dominanz
766,file:/C:/mallet/textkorpus/final_txtonly/2016_B_Lettipark_Judith-Hermann_Manche-Erinnerungen_pp.txt,2016,B,Buch,Judith Hermann,Manche Erinnerungen,0.0,0.0847785351521275,-0.0847785351521275,keine_dominanz
767,file:/C:/mallet/textkorpus/final_txtonly/2016_B_Lettipark_Judith-Hermann_Mutter_pp.txt,2016,B,Buch,Judith Hermann,Mutter,0.0,0.026000337370023,-0.026000337370023,keine_dominanz
768,file:/C:/mallet/textkorpus/final_txtonly/2016_B_Lettipark_Judith-Hermann_Osten_pp.txt,2016,B,Buch,Judith Hermann,Osten,0.0,0.0,0.0,keine_dominanz
769,file:/C:/mallet/textkorpus/final_txtonly/2016_B_Lettipark_Judith-Hermann_Papierflieger_pp.txt,2016,B,Buch,Judith Hermann,Papierflieger,0.0,0.0,0.0,keine_dominanz
770,file:/C:/mallet/textkorpus/final_txtonly/2016_B_Lettipark_Judith-Hermann_Pappelpollen_pp.txt,2016,B,Buch,Judith Hermann,Pappelpollen,0.0,0.1418928530568347,-0.1418928530568347,keine_dominanz
771,file:/C:/mallet/textkorpus/final_txtonly/2016_B_Lettipark_Judith-Hermann_Rückkehr_pp.txt,2016,B,Buch,Judith Hermann,Rückkehr,0.0,0.1786165560760932,-0.1786165560760932,keine_dominanz
772,file:/C:/mallet/textkorpus/final_txtonly/2016_B_Lettipark_Judith-Hermann_Solaris_pp.txt,2016,B,Buch,Judith Hermann,Solaris,0.0,0.0,0.0,keine_dominanz
773,file:/C:/mallet/textkorpus/final_txtonly/2016_B_Lettipark_Judith-Hermann_Träume_pp.txt,2016,B,Buch,Judith Hermann,Träume,0.0,0.0,0.0,keine_dominanz
774,file:/C:/mallet/textkorpus/final_txtonly/2016_B_Lettipark_Judith-Hermann_Zeugen_pp.txt,2016,B,Buch,Judith Hermann,Zeugen,0.0,0.0279092961547444,-0.0279092961547444,keine_dominanz
775,file:/C:/mallet/textkorpus/final_txtonly/2016_LW_Bachmann_3sat-Preis_Julia-Wolf_Walter-Nowak-bleibt-liegen_AUSZUG_pp.txt,2016,LW,Literaturwettbewerb,3sat Preis,Julia Wolf Walter Nowak bleibt liegen AUSZUG,0.0,0.0687842799708066,-0.0687842799708066,keine_dominanz
776,file:/C:/mallet/textkorpus/final_txtonly/2016_LW_Bachmann_Bachmannpreis_Sharon-Dodua-Otoo_Herr-Gröttrup-setzt-sich-hin_pp.txt,2016,LW,Literaturwettbewerb,Bachmannpreis,Sharon Dodua Otoo Herr Gröttrup setzt sich hin,0.0204850426360278,0.0900871602326663,-0.06960211759663851,keine_dominanz
777,file:/C:/mallet/textkorpus/final_txtonly/2016_LW_Bachmann_BKS-Publikumspreis_Stefanie-Sargnagel_Penne-vom-Kika_pp.txt,2016,LW,Literaturwettbewerb,BKS Publikumspreis,Stefanie Sargnagel Penne vom Kika,0.0408576935964178,0.0462037002010113,-0.005346006604593501,keine_dominanz
778,file:/C:/mallet/textkorpus/final_txtonly/2016_LW_Bachmann_Kelag-Preis_Dieter-Zwicky_Los-Alamos-ist-winzig_AUSZUG_pp.txt,2016,LW,Literaturwettbewerb,Kelag Preis,Dieter Zwicky Los Alamos ist winzig AUSZUG,0.0301191446958464,0.0737128602778562,-0.04359371558200981,keine_dominanz
779,file:/C:/mallet/textkorpus/final_txtonly/2016_LW_Moerser-Literaturpreis_01_Benedikt-Ketelaer_Lagerkoller_pp.txt,2016,LW,Literaturwettbewerb,01,Benedikt Ketelaer Lagerkoller,0.0,0.1934754224475735,-0.1934754224475735,keine_dominanz
780,file:/C:/mallet/textkorpus/final_txtonly/2016_LW_Moerser-Literaturpreis_02_Thorben-Utermann_Der-Weg-zum-Meer_pp.txt,2016,LW,Literaturwettbewerb,02,Thorben Utermann Der Weg zum Meer,0.0,0.1241623571590048,-0.1241623571590048,keine_dominanz
781,file:/C:/mallet/textkorpus/final_txtonly/2016_LW_Moerser-Literaturpreis_03_Sabine-Frambach_Sand-am-Meer_pp.txt,2016,LW,Literaturwettbewerb,03,Sabine Frambach Sand am Meer,0.0,0.1924334653206244,-0.1924334653206244,keine_dominanz
782,file:/C:/mallet/textkorpus/final_txtonly/2016_LW_Münchner-KGW_Amanda-Lasker-Berlin_Das-Lied-der-törichten-Kinder_pp.txt,2016,LW,Literaturwettbewerb,Amanda Lasker Berlin,Das Lied der törichten Kinder,0.0,0.21478758268744008,-0.21478758268744008,keine_dominanz
783,file:/C:/mallet/textkorpus/final_txtonly/2016_LW_Münchner-KGW_Denis-Leifeld_Wassergeburt-falschrum_pp.txt,2016,LW,Literaturwettbewerb,Denis Leifeld,Wassergeburt falschrum,0.0382048515183488,0.043730975586934,-0.0055261240685852,keine_dominanz
784,file:/C:/mallet/textkorpus/final_txtonly/2016_LW_Münchner-KGW_Ludwig-Fleischer_Die-Tonpuppe_pp.txt,2016,LW,Literaturwettbewerb,Ludwig Fleischer,Die Tonpuppe,0.3630942884785908,0.06543920739994541,0.2976550810786454,keine_dominanz
785,file:/C:/mallet/textkorpus/final_txtonly/2016_LW_Münchner-KGW_Stefan-Manuel-Eggenweber_Die%20Eingeweide%20meines%20Sohnes_pp.txt,2016,LW,Literaturwettbewerb,Stefan Manuel Eggenweber,Die%20Eingeweide%20meines%20Sohnes,0.040957128967337,0.0,0.040957128967337,keine_dominanz
786,file:/C:/mallet/textkorpus/final_txtonly/2016_LW_OpenMike_Benjamin-Quaderer_Für_immer_die_Alpen_AUSZUG_pp.txt,2016,LW,Literaturwettbewerb,Benjamin Quaderer,Für immer die Alpen AUSZUG,0.0,0.0,0.0,keine_dominanz
787,file:/C:/mallet/textkorpus/final_txtonly/2016_LW_OpenMike_Rudi-Nuss_kurze-Szenerie-mit-Loch_pp.txt,2016,LW,Literaturwettbewerb,Rudi Nuss,kurze Szenerie mit Loch,0.0,0.0,0.0,keine_dominanz
788,file:/C:/mallet/textkorpus/final_txtonly/2016_LW_OpenMike_Thilo-Dierkes_Von-Ajaccio-her_pp.txt,2016,LW,Literaturwettbewerb,Thilo Dierkes,Von Ajaccio her,0.11454447611524579,0.0457083518572001,0.0688361242580457,keine_dominanz
789,file:/C:/mallet/textkorpus/final_txtonly/2016_LW_Schreibwettbewerb-Literaturhaus-Zürich_01_Maya-Olah_Todesstille_pp.txt,2016,LW,Literaturwettbewerb,01,Maya Olah Todesstille,0.0,0.155692847558169,-0.155692847558169,keine_dominanz
790,file:/C:/mallet/textkorpus/final_txtonly/2016_LW_Schreibwettbewerb-Literaturhaus-Zürich_03_Bettina-Beutler-Prahm_Unerhörtes-Gebet_pp.txt,2016,LW,Literaturwettbewerb,03,Bettina Beutler Prahm Unerhörtes Gebet,0.1901655506494214,0.0,0.1901655506494214,keine_dominanz
791,file:/C:/mallet/textkorpus/final_txtonly/2016_LW_Schreibwettbewerb-Literaturhaus-Zürich_05_Désirée-Scheidegger_Matcha-für-Lili_pp.txt,2016,LW,Literaturwettbewerb,05,Désirée Scheidegger Matcha für Lili,0.0,0.1991064257211933,-0.1991064257211933,keine_dominanz
792,file:/C:/mallet/textkorpus/final_txtonly/2016_LW_Schreibwettbewerb-Literaturhaus-Zürich_06_Ina-Spang_Es-wird-morgen_pp.txt,2016,LW,Literaturwettbewerb,06,Ina Spang Es wird morgen,0.0,0.0422311095289427,-0.0422311095289427,keine_dominanz
793,file:/C:/mallet/textkorpus/final_txtonly/2016_LW_Schreibwettbewerb-Literaturhaus-Zürich_07_Peter-Gschwend_Unbekannte-Bekannte_pp.txt,2016,LW,Literaturwettbewerb,07,Peter Gschwend Unbekannte Bekannte,0.0,0.0,0.0,keine_dominanz
794,file:/C:/mallet/textkorpus/final_txtonly/2016_LW_Schreibwettbewerb-Literaturhaus-Zürich_09_Merle-Müller-Knapp_Waldsommer_pp.txt,2016,LW,Literaturwettbewerb,09,Merle Müller Knapp Waldsommer,0.0,0.1321053936862191,-0.1321053936862191,keine_dominanz
795,file:/C:/mallet/textkorpus/final_txtonly/2016_LW_Schreibwettbewerb-Literaturhaus-Zürich_10_Manuel-Kaufmann_Warum-Pinguine-gerne-zum-Himmel-schauen_pp.txt,2016,LW,Literaturwettbewerb,10,Manuel Kaufmann Warum Pinguine gerne zum Himmel schauen,0.1600266269627532,0.0923611918343708,0.06766543512838238,keine_dominanz
796,file:/C:/mallet/textkorpus/final_txtonly/2016_LW_Schreibwettbewerb-Literaturhaus-Zürich_11_Roman-Seifert_Im-Nachtzug_pp.txt,2016,LW,Literaturwettbewerb,11,Roman Seifert Im Nachtzug,0.0,0.2034919902429261,-0.2034919902429261,keine_dominanz
797,file:/C:/mallet/textkorpus/final_txtonly/2016_LW_Schreibwettbewerb-Literaturhaus-Zürich_12_Merja-Silferberg_Instrumente_pp.txt,2016,LW,Literaturwettbewerb,12,Merja Silferberg Instrumente,0.0,0.0771676407104418,-0.0771676407104418,keine_dominanz
798,file:/C:/mallet/textkorpus/final_txtonly/2016_LZ_SINN_2_Marie-Luise-Scherer_Das-Dorf_pp.txt,2016,LZ,Literaturzeitschrift,2,Marie Luise Scherer Das Dorf,0.0452400963085497,0.0733616514028371,-0.028121555094287397,keine_dominanz
799,file:/C:/mallet/textkorpus/final_txtonly/2016_LZ_SINN_3_Christoph-Meckel_Eine-Frau-allein_pp.txt,2016,LZ,Literaturzeitschrift,3,Christoph Meckel Eine Frau allein,0.0,0.0236923304429418,-0.0236923304429418,keine_dominanz
800,file:/C:/mallet/textkorpus/final_txtonly/2016_LZ_SINN_3_Siegfried_Pitschmann_Aufzeichnungen-eines-Lehrlings_pp.txt,2016,LZ,Literaturzeitschrift,3,Siegfried Pitschmann Aufzeichnungen eines Lehrlings,0.0539945879933186,0.0203117481618825,0.03368283983143609,keine_dominanz
801,file:/C:/mallet/textkorpus/final_txtonly/2016_LZ_SINN_6_André-Georgi_Seestück_pp.txt,2016,LZ,Literaturzeitschrift,6,André Georgi Seestück,0.0524385268652676,0.3522105775404726,-0.29977205067520496,keine_dominanz
802,file:/C:/mallet/textkorpus/final_txtonly/2016_LZ_SPRITZ_217_Anais-Meier_Mit-einem-Fuß-draußen_pp.txt,2016,LZ,Literaturzeitschrift,217,Anais Meier Mit einem Fuß draußen,0.0,0.0460276890208112,-0.0460276890208112,keine_dominanz
803,file:/C:/mallet/textkorpus/final_txtonly/2016_LZ_SPRITZ_217_Andreas-Lehmann_Alles-Gute_pp.txt,2016,LZ,Literaturzeitschrift,217,Andreas Lehmann Alles Gute,0.0,0.0334526302750921,-0.0334526302750921,keine_dominanz
804,file:/C:/mallet/textkorpus/final_txtonly/2016_LZ_SPRITZ_217_Andreas-Lehmann_Echos_pp.txt,2016,LZ,Literaturzeitschrift,217,Andreas Lehmann Echos,0.0,0.0262634921062756,-0.0262634921062756,keine_dominanz
805,file:/C:/mallet/textkorpus/final_txtonly/2016_LZ_SPRITZ_217_Andreas-Lehmann_Senke_pp.txt,2016,LZ,Literaturzeitschrift,217,Andreas Lehmann Senke,0.0,0.062447080703287694,-0.062447080703287694,keine_dominanz
806,file:/C:/mallet/textkorpus/final_txtonly/2016_LZ_SPRITZ_217_Barbara-Schibli_Die-Lauschenden_pp.txt,2016,LZ,Literaturzeitschrift,217,Barbara Schibli Die Lauschenden,0.0271606119585634,0.0600362687156245,-0.0328756567570611,keine_dominanz
807,file:/C:/mallet/textkorpus/final_txtonly/2016_LZ_SPRITZ_217_Christian-Schloyer_Namors-Nebel_pp.txt,2016,LZ,Literaturzeitschrift,217,Christian Schloyer Namors Nebel,0.057836896396709594,0.0,0.057836896396709594,keine_dominanz
808,file:/C:/mallet/textkorpus/final_txtonly/2016_LZ_SPRITZ_217_Corinna-Siegmund_Lucia_pp.txt,2016,LZ,Literaturzeitschrift,217,Corinna Siegmund Lucia,0.0,0.0210108937886862,-0.0210108937886862,keine_dominanz
809,file:/C:/mallet/textkorpus/final_txtonly/2016_LZ_SPRITZ_217_Jule-Sonnentag_Dickicht_pp.txt,2016,LZ,Literaturzeitschrift,217,Jule Sonnentag Dickicht,0.0277469524154061,0.0450131393932686,-0.0172661869778625,keine_dominanz
810,file:/C:/mallet/textkorpus/final_txtonly/2016_LZ_SPRITZ_217_Sascha-Macht_Die-Zerstörung_pp.txt,2016,LZ,Literaturzeitschrift,217,Sascha Macht Die Zerstörung,0.0,0.0824814225850164,-0.0824814225850164,keine_dominanz
811,file:/C:/mallet/textkorpus/final_txtonly/2016_LZ_SPRITZ_217_Volker-Kaminski_Alessandro_pp.txt,2016,LZ,Literaturzeitschrift,217,Volker Kaminski Alessandro,0.0,0.0618794961071166,-0.0618794961071166,keine_dominanz
812,file:/C:/mallet/textkorpus/final_txtonly/2016_LZ_SPRITZ_218_Beate-Meierfrankenfeld_Wald-Juni_pp.txt,2016,LZ,Literaturzeitschrift,218,Beate Meierfrankenfeld Wald Juni,0.0,0.0713835342020191,-0.0713835342020191,keine_dominanz
813,file:/C:/mallet/textkorpus/final_txtonly/2016_LZ_SPRITZ_218_Peter-Schünemann_Der-verlorene-Abschied_pp.txt,2016,LZ,Literaturzeitschrift,218,Peter Schünemann Der verlorene Abschied,0.0507263858922981,0.08390589444335,-0.0331795085510519,keine_dominanz
814,file:/C:/mallet/textkorpus/final_txtonly/2016_LZ_SPRITZ_218_Peter-Schünemann_Winterland_pp.txt,2016,LZ,Literaturzeitschrift,218,Peter Schünemann Winterland,0.0547364287116243,0.0222338297488963,0.032502598962728,keine_dominanz
815,file:/C:/mallet/textkorpus/final_txtonly/2016_OP_FF_AlexaRoxanne_Meine-Katze-ihre-Marotten-und-ich_57ffb2c50005f7b633255185_pp.txt,2016,OP,Online-Plattform,AlexaRoxanne,Meine Katze ihre Marotten und ich 57ffb2c50005f7b633255185,0.0510013028996111,0.1079544357290708,-0.056953132829459706,keine_dominanz
816,file:/C:/mallet/textkorpus/final_txtonly/2016_OP_FF_Anayaa_Ein-ganz-normaler-Tag_56c235c60002f96b1304e633_pp.txt,2016,OP,Online-Plattform,Anayaa,Ein ganz normaler Tag 56c235c60002f96b1304e633,0.0687122637879449,0.0814677592725757,-0.0127554954846308,keine_dominanz
817,file:/C:/mallet/textkorpus/final_txtonly/2016_OP_FF_AngelinaSchaedler_Naechtliche-Abenteuer_57ce8e9c0003a60fa7ec7a0_pp.txt,2016,OP,Online-Plattform,AngelinaSchaedler,Naechtliche Abenteuer 57ce8e9c0003a60fa7ec7a0,0.02868229727648,0.1923009679864356,-0.1636186707099556,keine_dominanz
818,file:/C:/mallet/textkorpus/final_txtonly/2016_OP_FF_Asmoday_Warum-auch-immer_5808c21e000631f621741ca2_pp.txt,2016,OP,Online-Plattform,Asmoday,Warum auch immer 5808c21e000631f621741ca2,0.1160913920041656,0.0,0.1160913920041656,keine_dominanz
819,file:/C:/mallet/textkorpus/final_txtonly/2016_OP_FF_Blackfire_Der-Tod_581e47a30004e8471889eb74_pp.txt,2016,OP,Online-Plattform,Blackfire,Der Tod 581e47a30004e8471889eb74,0.2336327052503898,0.1734421970775178,0.060190508172872,keine_dominanz
820,file:/C:/mallet/textkorpus/final_txtonly/2016_OP_FF_CThomas_Der-letzte-Gong_57cd5a570003005493a32d9_pp.txt,2016,OP,Online-Plattform,CThomas,Der letzte Gong 57cd5a570003005493a32d9,0.0,0.0,0.0,keine_dominanz
821,file:/C:/mallet/textkorpus/final_txtonly/2016_OP_FF_DawiL-Danger_Gold_57f255d20000412726c4c7db_pp.txt,2016,OP,Online-Plattform,DawiL Danger,Gold 57f255d20000412726c4c7db,0.0,0.0286924854968061,-0.0286924854968061,keine_dominanz
822,file:/C:/mallet/textkorpus/final_txtonly/2016_OP_FF_DawiL-Danger_Penguins_5867e990000041271313a542_pp.txt,2016,OP,Online-Plattform,DawiL Danger,Penguins 5867e990000041271313a542,0.0,0.0,0.0,keine_dominanz
823,file:/C:/mallet/textkorpus/final_txtonly/2016_OP_FF_Dea-ex-machina_Sommer-in-Europa_5852f5d400009c6922dbc3b2_pp.txt,2016,OP,Online-Plattform,Dea ex machina,Sommer in Europa 5852f5d400009c6922dbc3b2,0.1595843449323583,0.0,0.1595843449323583,keine_dominanz
824,file:/C:/mallet/textkorpus/final_txtonly/2016_OP_FF_dextro-energie_Kalle_581a369d00009914311bd9b7_pp.txt,2016,OP,Online-Plattform,dextro energie,Kalle 581a369d00009914311bd9b7,0.0,0.0356000121712803,-0.0356000121712803,keine_dominanz
825,file:/C:/mallet/textkorpus/final_txtonly/2016_OP_FF_Fara-ThoRn_V-E-P-Very-erotic-panties_570a5b050002de81d41057b_pp.txt,2016,OP,Online-Plattform,Fara ThoRn,V E P Very erotic panties 570a5b050002de81d41057b,0.0,0.1513197842317816,-0.1513197842317816,keine_dominanz
826,file:/C:/mallet/textkorpus/final_txtonly/2016_OP_FF_Gwenny_Medusa_579c0080000076f338fe4c6d_pp.txt,2016,OP,Online-Plattform,Gwenny,Medusa 579c0080000076f338fe4c6d,0.2096140830612062,0.0,0.2096140830612062,keine_dominanz
827,file:/C:/mallet/textkorpus/final_txtonly/2016_OP_FF_Juli-Hoernchen_Happy-Birthday-Jessy-Happy-Birthday-Mina_57de28150000553ac60ccfe_pp.txt,2016,OP,Online-Plattform,Juli Hoernchen,Happy Birthday Jessy Happy Birthday Mina 57de28150000553ac60ccfe,0.0,0.0293056970040118,-0.0293056970040118,keine_dominanz
828,file:/C:/mallet/textkorpus/final_txtonly/2016_OP_FF_June11_Lichtverschmutzung_5697e6f40003529918dc1b8d_pp.txt,2016,OP,Online-Plattform,June11,Lichtverschmutzung 5697e6f40003529918dc1b8d,0.0,0.0260302911100036,-0.0260302911100036,keine_dominanz
829,file:/C:/mallet/textkorpus/final_txtonly/2016_OP_FF_KillTimeOnValentine_Nur-ein-Augenblick_56d1b933000517f0a140e25_pp.txt,2016,OP,Online-Plattform,KillTimeOnValentine,Nur ein Augenblick 56d1b933000517f0a140e25,0.0,0.0,0.0,keine_dominanz
830,file:/C:/mallet/textkorpus/final_txtonly/2016_OP_FF_KugelfischFiction_Nachts-im-Geschirrspueler_57a5fc9100037ce314db2233_pp.txt,2016,OP,Online-Plattform,KugelfischFiction,Nachts im Geschirrspueler 57a5fc9100037ce314db2233,0.0,0.0714752219833101,-0.0714752219833101,keine_dominanz
831,file:/C:/mallet/textkorpus/final_txtonly/2016_OP_FF_LeylaxCharly_1-Ganz_576859040004329d1370960c_pp.txt,2016,OP,Online-Plattform,LeylaxCharly,1 Ganz 576859040004329d1370960c,0.0643096587053474,0.0,0.0643096587053474,keine_dominanz
832,file:/C:/mallet/textkorpus/final_txtonly/2016_OP_FF_LiamGesseper_Vergnuegliches-Kentern-auf-der-RMS-Romantik_56e2184a0005391731b39e1f_pp.txt,2016,OP,Online-Plattform,LiamGesseper,Vergnuegliches Kentern auf der RMS Romantik 56e2184a0005391731b39e1f,0.0528297626695946,0.0,0.0528297626695946,keine_dominanz
833,file:/C:/mallet/textkorpus/final_txtonly/2016_OP_FF_Lindbluete_Weil-Liebe-so-nicht-funktioniert_56927a760004a3591b221385_pp.txt,2016,OP,Online-Plattform,Lindbluete,Weil Liebe so nicht funktioniert 56927a760004a3591b221385,0.0,0.0,0.0,keine_dominanz
834,file:/C:/mallet/textkorpus/final_txtonly/2016_OP_FF_Miss-Infinity_Ertrinken_5746c8e9000279e039418b63_pp.txt,2016,OP,Online-Plattform,Miss Infinity,Ertrinken 5746c8e9000279e039418b63,0.0516994849759805,0.0517460236329413,-4.653865696079701e-05,keine_dominanz
835,file:/C:/mallet/textkorpus/final_txtonly/2016_OP_FF_Nayka-Nima_Silvesterkuss_58680f5f0006414413c96b39_pp.txt,2016,OP,Online-Plattform,Nayka Nima,Silvesterkuss 58680f5f0006414413c96b39,0.0784128694662133,0.0246197270270221,0.0537931424391912,keine_dominanz
836,file:/C:/mallet/textkorpus/final_txtonly/2016_OP_FF_Nayka-Nima_Weihnachten-bei-den-Claitons_585e3ff700064144266e47b8_pp.txt,2016,OP,Online-Plattform,Nayka Nima,Weihnachten bei den Claitons 585e3ff700064144266e47b8,0.0,0.0651710773100888,-0.0651710773100888,keine_dominanz
837,file:/C:/mallet/textkorpus/final_txtonly/2016_OP_FF_Nayka-Nima_Weihnachten-mit-Herz_586120390006414427f5b162_pp.txt,2016,OP,Online-Plattform,Nayka Nima,Weihnachten mit Herz 586120390006414427f5b162,0.0,0.0354711414209828,-0.0354711414209828,keine_dominanz
838,file:/C:/mallet/textkorpus/final_txtonly/2016_OP_FF_nepenthe_Wolkenbruchaugen_56b61ff600022b053910d7c6_pp.txt,2016,OP,Online-Plattform,nepenthe,Wolkenbruchaugen 56b61ff600022b053910d7c6,0.0309286544167225,0.0,0.0309286544167225,keine_dominanz
839,file:/C:/mallet/textkorpus/final_txtonly/2016_OP_FF_Noxxy_Erinnerungen_56b7bd0a0001706234a90de6_pp.txt,2016,OP,Online-Plattform,Noxxy,Erinnerungen 56b7bd0a0001706234a90de6,0.0,0.0659065041472577,-0.0659065041472577,keine_dominanz
840,file:/C:/mallet/textkorpus/final_txtonly/2016_OP_FF_Noxxy_Welke-Rosen_5741fd88000170621f0e3a34_pp.txt,2016,OP,Online-Plattform,Noxxy,Welke Rosen 5741fd88000170621f0e3a34,0.0,0.0368684472626448,-0.0368684472626448,keine_dominanz
841,file:/C:/mallet/textkorpus/final_txtonly/2016_OP_FF_Ophelia1601_Die-Flucht_575d04b50001dd372e285caf_pp.txt,2016,OP,Online-Plattform,Ophelia1601,Die Flucht 575d04b50001dd372e285caf,0.0338913266297356,0.0381948461905763,-0.004303519560840699,keine_dominanz
842,file:/C:/mallet/textkorpus/final_txtonly/2016_OP_FF_Ophelia1601_Die-Glueckstheorie_57f8a0660001dd37a150c26_pp.txt,2016,OP,Online-Plattform,Ophelia1601,Die Glueckstheorie 57f8a0660001dd37a150c26,0.0,0.2770460679795089,-0.2770460679795089,keine_dominanz
843,file:/C:/mallet/textkorpus/final_txtonly/2016_OP_FF_Pfaffenhut_Nora_56b68b3100033be626e7bdd1_pp.txt,2016,OP,Online-Plattform,Pfaffenhut,Nora 56b68b3100033be626e7bdd1,0.0,0.0631502235647278,-0.0631502235647278,keine_dominanz
844,file:/C:/mallet/textkorpus/final_txtonly/2016_OP_FF_Revery_Du-ich-ein-Lichtermeer_5706cbcf00058c813645746a_pp.txt,2016,OP,Online-Plattform,Revery,Du ich ein Lichtermeer 5706cbcf00058c813645746a,0.0,0.0,0.0,keine_dominanz
845,file:/C:/mallet/textkorpus/final_txtonly/2016_OP_FF_Sarile-und-Licia_Bluebird_56c06fa50004499036f9e2db_pp.txt,2016,OP,Online-Plattform,Sarile und Licia,Bluebird 56c06fa50004499036f9e2db,0.0,0.0436390308912059,-0.0436390308912059,keine_dominanz
846,file:/C:/mallet/textkorpus/final_txtonly/2016_OP_FF_Siegmund-Fuhr_Der-Fels-in-den-Fluten_571013240005c7071023cb28_pp.txt,2016,OP,Online-Plattform,Siegmund Fuhr,Der Fels in den Fluten 571013240005c7071023cb28,0.0,0.0293361465556621,-0.0293361465556621,keine_dominanz
847,file:/C:/mallet/textkorpus/final_txtonly/2016_OP_FF_split_Schattenspiel_5860fbc90003315ce4e42af_pp.txt,2016,OP,Online-Plattform,split,Schattenspiel 5860fbc90003315ce4e42af,0.1312565705085615,0.0,0.1312565705085615,keine_dominanz
848,file:/C:/mallet/textkorpus/final_txtonly/2016_OP_FF_Varjo_Avaritia_572f57810000eb035f86434_pp.txt,2016,OP,Online-Plattform,Varjo,Avaritia 572f57810000eb035f86434,0.0512060612448004,0.0263908583041126,0.0248152029406878,keine_dominanz
849,file:/C:/mallet/textkorpus/final_txtonly/2016_OP_FF_Witch23_Wenn-Aepfel-Reden-koennten-GxG_572e49fc0000051a3343ea8f_pp.txt,2016,OP,Online-Plattform,Witch23,Wenn Aepfel Reden koennten GxG 572e49fc0000051a3343ea8f,0.0,0.12026174261911221,-0.12026174261911221,keine_dominanz
850,file:/C:/mallet/textkorpus/final_txtonly/2016_OP_FF_Witness_Ladenschluss_5749f49c0002b799b284bb9_pp.txt,2016,OP,Online-Plattform,Witness,Ladenschluss 5749f49c0002b799b284bb9,0.020276617860236,0.0471272785133203,-0.026850660653084297,keine_dominanz
851,file:/C:/mallet/textkorpus/final_txtonly/2016_OP_FF_wxitelxly_Der-Biologieunterricht-des-Schreckens_573f2a100004c1dff450cc8_pp.txt,2016,OP,Online-Plattform,wxitelxly,Der Biologieunterricht des Schreckens 573f2a100004c1dff450cc8,0.0,0.3637849518775275,-0.3637849518775275,dominant_unterhaltend
852,file:/C:/mallet/textkorpus/final_txtonly/2017_B_Die-stillen-Trabanten_Clemens-Meyer_Der-Spalt_pp.txt,2017,B,Buch,Clemens Meyer,Der Spalt,0.0,0.0,0.0,keine_dominanz
853,file:/C:/mallet/textkorpus/final_txtonly/2017_B_Die-stillen-Trabanten_Clemens-Meyer_Die-Entfernung_pp.txt,2017,B,Buch,Clemens Meyer,Die Entfernung,0.0,0.0335003999965317,-0.0335003999965317,keine_dominanz
854,file:/C:/mallet/textkorpus/final_txtonly/2017_B_Die-stillen-Trabanten_Clemens-Meyer_Die-letzte-Fahrt-der-Strandbahn_pp.txt,2017,B,Buch,Clemens Meyer,Die letzte Fahrt der Strandbahn,0.0,0.0678829102094758,-0.0678829102094758,keine_dominanz
855,file:/C:/mallet/textkorpus/final_txtonly/2017_B_Die-stillen-Trabanten_Clemens-Meyer_Die-Rückkehr-der-Argonauten_pp.txt,2017,B,Buch,Clemens Meyer,Die Rückkehr der Argonauten,0.0,0.0,0.0,keine_dominanz
856,file:/C:/mallet/textkorpus/final_txtonly/2017_B_Die-stillen-Trabanten_Clemens-Meyer_Die-stillen-Trabanten_pp.txt,2017,B,Buch,Clemens Meyer,Die stillen Trabanten,0.0,0.0,0.0,keine_dominanz
857,file:/C:/mallet/textkorpus/final_txtonly/2017_B_Die-stillen-Trabanten_Clemens-Meyer_Drei_pp.txt,2017,B,Buch,Clemens Meyer,Drei,0.025401500504351,0.0700802777958732,-0.0446787772915222,keine_dominanz
858,file:/C:/mallet/textkorpus/final_txtonly/2017_B_Die-stillen-Trabanten_Clemens-Meyer_Eins_pp.txt,2017,B,Buch,Clemens Meyer,Eins,0.0,0.1796996679359329,-0.1796996679359329,keine_dominanz
859,file:/C:/mallet/textkorpus/final_txtonly/2017_B_Die-stillen-Trabanten_Clemens-Meyer_Glasscherben-im-Objekt-95_pp.txt,2017,B,Buch,Clemens Meyer,Glasscherben im Objekt 95,0.0,0.2441745058757238,-0.2441745058757238,keine_dominanz
860,file:/C:/mallet/textkorpus/final_txtonly/2017_B_Die-stillen-Trabanten_Clemens-Meyer_In-unserer-Zeit_pp.txt,2017,B,Buch,Clemens Meyer,In unserer Zeit,0.4314081054226384,0.0,0.4314081054226384,dominant_kritisch
861,file:/C:/mallet/textkorpus/final_txtonly/2017_B_Die-stillen-Trabanten_Clemens-Meyer_Späte-Ankunft_pp.txt,2017,B,Buch,Clemens Meyer,Späte Ankunft,0.0,0.0,0.0,keine_dominanz
862,file:/C:/mallet/textkorpus/final_txtonly/2017_B_Die-stillen-Trabanten_Clemens-Meyer_Unterm-Eis_pp.txt,2017,B,Buch,Clemens Meyer,Unterm Eis,0.0,0.2593007129753647,-0.2593007129753647,keine_dominanz
863,file:/C:/mallet/textkorpus/final_txtonly/2017_B_Die-stillen-Trabanten_Clemens-Meyer_Zwei_pp.txt,2017,B,Buch,Clemens Meyer,Zwei,0.0,0.0235685170943534,-0.0235685170943534,keine_dominanz
864,file:/C:/mallet/textkorpus/final_txtonly/2017_LW_Bachmann_3sat-Preis_Gianna-Molinari_Loses-Mappe_pp.txt,2017,LW,Literaturwettbewerb,3sat Preis,Gianna Molinari Loses Mappe,0.1078839440010392,0.3200053265691256,-0.2121213825680864,keine_dominanz
865,file:/C:/mallet/textkorpus/final_txtonly/2017_LW_Bachmann_Bachmannpreis_Ferdinand-Schmalz_mein-lieblingstier-heißt-winter_AUSZUG_pp.txt,2017,LW,Literaturwettbewerb,Bachmannpreis,Ferdinand Schmalz mein lieblingstier heißt winter AUSZUG,0.049566559893495,0.0524556963646014,-0.0028891364711063974,keine_dominanz
866,file:/C:/mallet/textkorpus/final_txtonly/2017_LW_Bachmann_BKS-Publikumspreis_Karin-Peschka_Wiener-Kindl_pp.txt,2017,LW,Literaturwettbewerb,BKS Publikumspreis,Karin Peschka Wiener Kindl,0.0440776582713373,0.1911330415833163,-0.14705538331197898,keine_dominanz
867,file:/C:/mallet/textkorpus/final_txtonly/2017_LW_Bachmann_Deutschlandfunk-Preis_John-Wray_Madrigal_pp.txt,2017,LW,Literaturwettbewerb,Deutschlandfunk Preis,John Wray Madrigal,0.0331906084911111,0.0,0.0331906084911111,keine_dominanz
868,file:/C:/mallet/textkorpus/final_txtonly/2017_LW_Bachmann_Kelag-Preis_Eckhart-Nickel_Hysteria_AUSZUG_pp.txt,2017,LW,Literaturwettbewerb,Kelag Preis,Eckhart Nickel Hysteria AUSZUG,0.0328080403281372,0.09959368539422919,-0.066785645066092,keine_dominanz
869,file:/C:/mallet/textkorpus/final_txtonly/2017_LW_Moerser-Literaturpreis_01_Pia-Helfferich_Wie-man-tausend_Kraniche-faltet_pp.txt,2017,LW,Literaturwettbewerb,01,Pia Helfferich Wie man tausend Kraniche faltet,0.0,0.0248566772002132,-0.0248566772002132,keine_dominanz
870,file:/C:/mallet/textkorpus/final_txtonly/2017_LW_Moerser-Literaturpreis_02_Lisa-Maria-Göbel_Stiche_pp.txt,2017,LW,Literaturwettbewerb,02,Lisa Maria Göbel Stiche,0.0265073695437833,0.0280096308311623,-0.0015022612873790003,keine_dominanz
871,file:/C:/mallet/textkorpus/final_txtonly/2017_LW_Moerser-Literaturpreis_03_André-Patten_Heimatfreunde_pp.txt,2017,LW,Literaturwettbewerb,03,André Patten Heimatfreunde,0.0301774988582627,0.0344633201600632,-0.0042858213018004965,keine_dominanz
872,file:/C:/mallet/textkorpus/final_txtonly/2017_LW_Münchner-KGW_Andrea-Will_Aschehäufchen_pp.txt,2017,LW,Literaturwettbewerb,Andrea Will,Aschehäufchen,0.0,0.0,0.0,keine_dominanz
873,file:/C:/mallet/textkorpus/final_txtonly/2017_LW_Münchner-KGW_Ariana-Molchen_Wärme-deinen-Nächsten_pp.txt,2017,LW,Literaturwettbewerb,Ariana Molchen,Wärme deinen Nächsten,0.0,0.0846633780756037,-0.0846633780756037,keine_dominanz
874,file:/C:/mallet/textkorpus/final_txtonly/2017_LW_Münchner-KGW_Ruth-Kornberger_Wenn-du-schreist_pp.txt,2017,LW,Literaturwettbewerb,Ruth Kornberger,Wenn du schreist,0.0,0.1149991031302774,-0.1149991031302774,keine_dominanz
875,file:/C:/mallet/textkorpus/final_txtonly/2017_LW_OpenMike_Baba-Lussi_So-kommts_pp.txt,2017,LW,Literaturwettbewerb,Baba Lussi,So kommts,0.0,0.0,0.0,keine_dominanz
876,file:/C:/mallet/textkorpus/final_txtonly/2017_LW_OpenMike_Mariusz_Hoffmann_Dorfköter_pp.txt,2017,LW,Literaturwettbewerb,Mariusz,Hoffmann Dorfköter,0.0324553133218412,0.0998683330160865,-0.06741301969424529,keine_dominanz
877,file:/C:/mallet/textkorpus/final_txtonly/2017_LW_OpenMike_Ralph_Tharayil_Das-Liebchen_pp.txt,2017,LW,Literaturwettbewerb,Ralph,Tharayil Das Liebchen,0.0376439658482201,0.0329336958320069,0.0047102700162132,keine_dominanz
878,file:/C:/mallet/textkorpus/final_txtonly/2017_LW_Schreibwettbewerb-Literaturhaus-Zürich_01_Nele-Nikolaisen_Planmässig_pp.txt,2017,LW,Literaturwettbewerb,01,Nele Nikolaisen Planmässig,0.0,0.285919350855169,-0.285919350855169,keine_dominanz
879,file:/C:/mallet/textkorpus/final_txtonly/2017_LW_Schreibwettbewerb-Literaturhaus-Zürich_02_Maike-Frie_Der-Karton_pp.txt,2017,LW,Literaturwettbewerb,02,Maike Frie Der Karton,0.0,0.0609345669196645,-0.0609345669196645,keine_dominanz
880,file:/C:/mallet/textkorpus/final_txtonly/2017_LW_Schreibwettbewerb-Literaturhaus-Zürich_03_Marco-Schneiter_Es-war-einmal_pp.txt,2017,LW,Literaturwettbewerb,03,Marco Schneiter Es war einmal,0.0532295193610211,0.5375777876592294,-0.48434826829820826,dominant_unterhaltend
881,file:/C:/mallet/textkorpus/final_txtonly/2017_LW_Schreibwettbewerb-Literaturhaus-Zürich_04_Claudia-Walder_Dreizehn_pp.txt,2017,LW,Literaturwettbewerb,04,Claudia Walder Dreizehn,0.0,0.1039021454645315,-0.1039021454645315,keine_dominanz
882,file:/C:/mallet/textkorpus/final_txtonly/2017_LW_Schreibwettbewerb-Literaturhaus-Zürich_05_Constanze-Geertz_Die-Aufgabe_pp.txt,2017,LW,Literaturwettbewerb,05,Constanze Geertz Die Aufgabe,0.0,0.0,0.0,keine_dominanz
883,file:/C:/mallet/textkorpus/final_txtonly/2017_LW_Schreibwettbewerb-Literaturhaus-Zürich_06_Seraina-Kobler_Auf-der-anderen-Seite-des-Zauns_pp.txt,2017,LW,Literaturwettbewerb,06,Seraina Kobler Auf der anderen Seite des Zauns,0.0,0.2523512240751055,-0.2523512240751055,keine_dominanz
884,file:/C:/mallet/textkorpus/final_txtonly/2017_LW_Schreibwettbewerb-Literaturhaus-Zürich_07_Hanna-Widmer_Juli_pp.txt,2017,LW,Literaturwettbewerb,07,Hanna Widmer Juli,0.0,0.0,0.0,keine_dominanz
885,file:/C:/mallet/textkorpus/final_txtonly/2017_LW_Schreibwettbewerb-Literaturhaus-Zürich_08_Mara-Meier_Der-Hund_pp.txt,2017,LW,Literaturwettbewerb,08,Mara Meier Der Hund,0.0,0.3307735301902528,-0.3307735301902528,keine_dominanz
886,file:/C:/mallet/textkorpus/final_txtonly/2017_LW_Schreibwettbewerb-Literaturhaus-Zürich_09_Marisa-Liehner_In-Ordnung_pp.txt,2017,LW,Literaturwettbewerb,09,Marisa Liehner In Ordnung,0.0,0.2442577403278825,-0.2442577403278825,keine_dominanz
887,file:/C:/mallet/textkorpus/final_txtonly/2017_LW_Schreibwettbewerb-Literaturhaus-Zürich_10_Andreas-Lehmann_Aus-dieser-allzu-großen-Ferne_pp.txt,2017,LW,Literaturwettbewerb,10,Andreas Lehmann Aus dieser allzu großen Ferne,0.0635353790710198,0.0,0.0635353790710198,keine_dominanz
888,file:/C:/mallet/textkorpus/final_txtonly/2017_LW_Schreibwettbewerb-Literaturhaus-Zürich_12_Lea-Ruckpaul_Ein-unerträglicher-Zustand_pp.txt,2017,LW,Literaturwettbewerb,12,Lea Ruckpaul Ein unerträglicher Zustand,0.0,0.0,0.0,keine_dominanz
889,file:/C:/mallet/textkorpus/final_txtonly/2017_LZ_SINN_2_Lutz-Seiler_Meine-Wohnung_pp.txt,2017,LZ,Literaturzeitschrift,2,Lutz Seiler Meine Wohnung,0.10557592567344,0.0213661888478977,0.0842097368255423,keine_dominanz
890,file:/C:/mallet/textkorpus/final_txtonly/2017_LZ_SINN_2_Marie-Luise-Scherer-_Die-Geschichte-von-Lydia-und-Behn_pp.txt,2017,LZ,Literaturzeitschrift,2,Marie Luise Scherer  Die Geschichte von Lydia und Behn,0.0,0.1165822081303124,-0.1165822081303124,keine_dominanz
891,file:/C:/mallet/textkorpus/final_txtonly/2017_LZ_SINN_5_Aris-Fioretos_Die-dichte-Welt_pp.txt,2017,LZ,Literaturzeitschrift,5,Aris Fioretos Die dichte Welt,0.1343011386696729,0.1659395083879547,-0.03163836971828182,keine_dominanz
892,file:/C:/mallet/textkorpus/final_txtonly/2017_LZ_SPRITZ_221_Helene-Bukowski_Milchzähne_pp.txt,2017,LZ,Literaturzeitschrift,221,Helene Bukowski Milchzähne,0.0,0.2534870056991227,-0.2534870056991227,keine_dominanz
893,file:/C:/mallet/textkorpus/final_txtonly/2017_LZ_SPRITZ_221_Marius-Hulpe_Die-Dörfer-von-gestern_pp.txt,2017,LZ,Literaturzeitschrift,221,Marius Hulpe Die Dörfer von gestern,0.0,0.1194217811399178,-0.1194217811399178,keine_dominanz
894,file:/C:/mallet/textkorpus/final_txtonly/2017_LZ_SPRITZ_224_Burkhard-Spinnen_Mein-erstes-richtiges-Buch_pp.txt,2017,LZ,Literaturzeitschrift,224,Burkhard Spinnen Mein erstes richtiges Buch,0.2400731117447168,0.0,0.2400731117447168,keine_dominanz
895,file:/C:/mallet/textkorpus/final_txtonly/2017_LZ_SPRITZ_224_Stefan-Sprenger_Fählüna-oder-Wie-Thöny-Hilty-Frick-und-Wachter-ein-Jahrzehnt-zu-früh-den-Punk-erfanden_pp.txt,2017,LZ,Literaturzeitschrift,224,Stefan Sprenger Fählüna oder Wie Thöny Hilty Frick und Wachter ein Jahrzehnt zu früh den Punk erfanden,0.1318955597829589,0.0,0.1318955597829589,keine_dominanz
896,file:/C:/mallet/textkorpus/final_txtonly/2017_LZ_SPRITZ_Sonderheft_Angelika-Klüssendorf_Bloß-ein-Mensch_pp.txt,2017,LZ,Literaturzeitschrift,Sonderheft,Angelika Klüssendorf Bloß ein Mensch,0.0,0.1518135903761641,-0.1518135903761641,keine_dominanz
897,file:/C:/mallet/textkorpus/final_txtonly/2017_LZ_SPRITZ_Sonderheft_Marlen-Pelny_Post-aus-Jyväskyla_pp.txt,2017,LZ,Literaturzeitschrift,Sonderheft,Marlen Pelny Post aus Jyväskyla,0.0,0.0752424508907398,-0.0752424508907398,keine_dominanz
898,file:/C:/mallet/textkorpus/final_txtonly/2017_OP_FF_Alike2018_Durch-die-Tuer_59eca487000423e41b49ec18_pp.txt,2017,OP,Online-Plattform,Alike2018,Durch die Tuer 59eca487000423e41b49ec18,0.0,0.0886149761285063,-0.0886149761285063,keine_dominanz
899,file:/C:/mallet/textkorpus/final_txtonly/2017_OP_FF_Alike2018_Wahrheit-oder-Wirklichkeit_59c4d0bf000423e4272efb7f_pp.txt,2017,OP,Online-Plattform,Alike2018,Wahrheit oder Wirklichkeit 59c4d0bf000423e4272efb7f,0.0,0.0224857613714052,-0.0224857613714052,keine_dominanz
900,file:/C:/mallet/textkorpus/final_txtonly/2017_OP_FF_AngelHawk_Das-heimliche-Buch_59fd98d00003e2c82f9e84e3_pp.txt,2017,OP,Online-Plattform,AngelHawk,Das heimliche Buch 59fd98d00003e2c82f9e84e3,0.0,0.0,0.0,keine_dominanz
901,file:/C:/mallet/textkorpus/final_txtonly/2017_OP_FF_Blue-Raven_Trockener-Lachs-und-suesse-Einhoerner_594366480007b553116acb0e_pp.txt,2017,OP,Online-Plattform,Blue Raven,Trockener Lachs und suesse Einhoerner 594366480007b553116acb0e,0.0,0.0453965736871638,-0.0453965736871638,keine_dominanz
902,file:/C:/mallet/textkorpus/final_txtonly/2017_OP_FF_Borin_even_594a5ce50003431d3a7c3802_pp.txt,2017,OP,Online-Plattform,Borin,even 594a5ce50003431d3a7c3802,0.0,0.0,0.0,keine_dominanz
903,file:/C:/mallet/textkorpus/final_txtonly/2017_OP_FF_DawiL-Danger_Bronze_58fceb69000041271741a100_pp.txt,2017,OP,Online-Plattform,DawiL Danger,Bronze 58fceb69000041271741a100,0.0,0.0,0.0,keine_dominanz
904,file:/C:/mallet/textkorpus/final_txtonly/2017_OP_FF_DawiL-Danger_Last-Christmas_58b2f6cb000041273a8941e2_pp.txt,2017,OP,Online-Plattform,DawiL Danger,Last Christmas 58b2f6cb000041273a8941e2,0.0,0.0,0.0,keine_dominanz
905,file:/C:/mallet/textkorpus/final_txtonly/2017_OP_FF_DawiL-Danger_Nachtschicht_591b2ebb0000412730df00a3_pp.txt,2017,OP,Online-Plattform,DawiL Danger,Nachtschicht 591b2ebb0000412730df00a3,0.0670498336280858,0.0,0.0670498336280858,keine_dominanz
906,file:/C:/mallet/textkorpus/final_txtonly/2017_OP_FF_DawiL-Danger_Silber_588ddb530000412710496c86_pp.txt,2017,OP,Online-Plattform,DawiL Danger,Silber 588ddb530000412710496c86,0.0,0.0,0.0,keine_dominanz
907,file:/C:/mallet/textkorpus/final_txtonly/2017_OP_FF_Harley-Laufeyson_Insanity_59c38c840007b91913afcf69_pp.txt,2017,OP,Online-Plattform,Harley Laufeyson,Insanity 59c38c840007b91913afcf69,0.1508789669607805,0.0421395111623197,0.10873945579846078,keine_dominanz
908,file:/C:/mallet/textkorpus/final_txtonly/2017_OP_FF_Jadeherz_Die-Geigenspielerin_59f4a1d000037cb61e1f842e_pp.txt,2017,OP,Online-Plattform,Jadeherz,Die Geigenspielerin 59f4a1d000037cb61e1f842e,0.0,0.1495674831372649,-0.1495674831372649,keine_dominanz
909,file:/C:/mallet/textkorpus/final_txtonly/2017_OP_FF_Jazz-Soul91_Im-Fenster-doesen_58b5d6e900044c2e16f32a52_pp.txt,2017,OP,Online-Plattform,Jazz Soul91,Im Fenster doesen 58b5d6e900044c2e16f32a52,0.1660990867743978,0.0,0.1660990867743978,keine_dominanz
910,file:/C:/mallet/textkorpus/final_txtonly/2017_OP_FF_Kukki-monsuta_Dann-stirb_59d53d560004306d2451b89c_pp.txt,2017,OP,Online-Plattform,Kukki monsuta,Dann stirb 59d53d560004306d2451b89c,0.0998738248092583,0.0,0.0998738248092583,keine_dominanz
911,file:/C:/mallet/textkorpus/final_txtonly/2017_OP_FF_Luxy_30-Situationen-die-fast-jeder-kennt-und-hasst_5a29976400044f0a1cc5ffb3_pp.txt,2017,OP,Online-Plattform,Luxy,30 Situationen die fast jeder kennt und hasst 5a29976400044f0a1cc5ffb3,0.0,0.0888061204311611,-0.0888061204311611,keine_dominanz
912,file:/C:/mallet/textkorpus/final_txtonly/2017_OP_FF_Mariko-Yamada_Die-Dunkelheit-das-Meer-und-die-Stille_589ed4bf0006e0b232dba1c2_pp.txt,2017,OP,Online-Plattform,Mariko Yamada,Die Dunkelheit das Meer und die Stille 589ed4bf0006e0b232dba1c2,0.0318576704100273,0.0823655369241922,-0.0505078665141649,keine_dominanz
913,file:/C:/mallet/textkorpus/final_txtonly/2017_OP_FF_Nayka-Nima_Weisse-Rose_58d63f42000641447d09658_pp.txt,2017,OP,Online-Plattform,Nayka Nima,Weisse Rose 58d63f42000641447d09658,0.0255024148802631,0.1007830806930543,-0.0752806658127912,keine_dominanz
914,file:/C:/mallet/textkorpus/final_txtonly/2017_OP_FF_Nayka-Nima_Zitronenschnute_59b7b47d000641441c4ff1e3_pp.txt,2017,OP,Online-Plattform,Nayka Nima,Zitronenschnute 59b7b47d000641441c4ff1e3,0.0,0.1783744281963544,-0.1783744281963544,keine_dominanz
915,file:/C:/mallet/textkorpus/final_txtonly/2017_OP_FF_PumkinPrincess_Kinderaugen_58e6637c0004aaf22166034b_pp.txt,2017,OP,Online-Plattform,PumkinPrincess,Kinderaugen 58e6637c0004aaf22166034b,0.0,0.0,0.0,keine_dominanz
916,file:/C:/mallet/textkorpus/final_txtonly/2017_OP_FF_Robbestris_2267_59483030000790ba1c303df6_pp.txt,2017,OP,Online-Plattform,Robbestris,2267 59483030000790ba1c303df6,0.106199127494235,0.0,0.106199127494235,keine_dominanz
917,file:/C:/mallet/textkorpus/final_txtonly/2017_OP_FF_Romance-Buddys_Das-Geburtstagskind-P1_59b05edc0008233a2f24f8cf_pp.txt,2017,OP,Online-Plattform,Romance Buddys,Das Geburtstagskind P1 59b05edc0008233a2f24f8cf,0.0,0.0,0.0,keine_dominanz
918,file:/C:/mallet/textkorpus/final_txtonly/2017_OP_FF_Romance-Buddys_Der-Tod-kam-mit-dem-Schluepfer-P2_59f376330008233ab6939d7_pp.txt,2017,OP,Online-Plattform,Romance Buddys,Der Tod kam mit dem Schluepfer P2 59f376330008233ab6939d7,0.0723252876379609,0.0231484410925138,0.049176846545447093,keine_dominanz
919,file:/C:/mallet/textkorpus/final_txtonly/2017_OP_FF_Romance-Buddys_Einmal-um-die-Welt-fuer-die-Liebe-P1_59a911fc0008233a37614fce_pp.txt,2017,OP,Online-Plattform,Romance Buddys,Einmal um die Welt fuer die Liebe P1 59a911fc0008233a37614fce,0.0,0.08393168571297771,-0.08393168571297771,keine_dominanz
920,file:/C:/mallet/textkorpus/final_txtonly/2017_OP_FF_Romance-Buddys_Familiengeheimnis-P2_59f8a1690008233a8dbe339_pp.txt,2017,OP,Online-Plattform,Romance Buddys,Familiengeheimnis P2 59f8a1690008233a8dbe339,0.0505259574531195,0.1654669519370815,-0.114940994483962,keine_dominanz
921,file:/C:/mallet/textkorpus/final_txtonly/2017_OP_FF_Romance-Buddys_Gebrannte-Mandeln-P1_59a90d2c0008233a2cb6c8a1_pp.txt,2017,OP,Online-Plattform,Romance Buddys,Gebrannte Mandeln P1 59a90d2c0008233a2cb6c8a1,0.0,0.0308199873552522,-0.0308199873552522,keine_dominanz
922,file:/C:/mallet/textkorpus/final_txtonly/2017_OP_FF_Romance-Buddys_Murphy-s-Rache-P1_59b3f2350008233a2b9e5f7b_pp.txt,2017,OP,Online-Plattform,Romance Buddys,Murphy s Rache P1 59b3f2350008233a2b9e5f7b,0.0,0.0353783125768003,-0.0353783125768003,keine_dominanz
923,file:/C:/mallet/textkorpus/final_txtonly/2017_OP_FF_Romance-Buddys_Verrueckt-aber-gluecklich-P1_59a91c3b0008233a10c6cb60_pp.txt,2017,OP,Online-Plattform,Romance Buddys,Verrueckt aber gluecklich P1 59a91c3b0008233a10c6cb60,0.0,0.0,0.0,keine_dominanz
924,file:/C:/mallet/textkorpus/final_txtonly/2017_OP_FF_Romance-Buddys_Wahre-Liebe-gibt-es-nur-unter-Geschwistern-P1_59ac73d20008233a319bc960_pp.txt,2017,OP,Online-Plattform,Romance Buddys,Wahre Liebe gibt es nur unter Geschwistern P1 59ac73d20008233a319bc960,0.0,0.0468881925251668,-0.0468881925251668,keine_dominanz
925,file:/C:/mallet/textkorpus/final_txtonly/2017_OP_FF_Sumanira_51-Grad_593f840b00053ced2bdc67ad_pp.txt,2017,OP,Online-Plattform,Sumanira,51 Grad 593f840b00053ced2bdc67ad,0.0384195471021912,0.0446854946134653,-0.0062659475112741,keine_dominanz
926,file:/C:/mallet/textkorpus/final_txtonly/2017_OP_FF_Sumanira_In-guten-wie-in-schlechten-Tagen_589dde1000053ced23aa8a14_pp.txt,2017,OP,Online-Plattform,Sumanira,In guten wie in schlechten Tagen 589dde1000053ced23aa8a14,0.0,0.0,0.0,keine_dominanz
927,file:/C:/mallet/textkorpus/final_txtonly/2017_OP_FF_Thomas-Heinrich_Princeton-12-Oktober-1953_58ea539e000715921396312b_pp.txt,2017,OP,Online-Plattform,Thomas Heinrich,Princeton 12 Oktober 1953 58ea539e000715921396312b,0.2642107232138847,0.0,0.2642107232138847,keine_dominanz
928,file:/C:/mallet/textkorpus/final_txtonly/2017_OP_FF_Tiara22_Tears-of-Hope_58d528d00000b34b3569d18e_pp.txt,2017,OP,Online-Plattform,Tiara22,Tears of Hope 58d528d00000b34b3569d18e,0.1364172065050102,0.1288829050673889,0.007534301437621321,keine_dominanz
929,file:/C:/mallet/textkorpus/final_txtonly/2017_OP_FF_TintenFeuer_Weil-du-perfekt-sein-musst_59a2da93000816fe25914cec_pp.txt,2017,OP,Online-Plattform,TintenFeuer,Weil du perfekt sein musst 59a2da93000816fe25914cec,0.0,0.1028309042499994,-0.1028309042499994,keine_dominanz
930,file:/C:/mallet/textkorpus/final_txtonly/2017_OP_FF_Vindur_Ein-ungleiches-Liebespaar_597627f800020500f2e65f3_pp.txt,2017,OP,Online-Plattform,Vindur,Ein ungleiches Liebespaar 597627f800020500f2e65f3,0.0,0.1298363735267587,-0.1298363735267587,keine_dominanz
931,file:/C:/mallet/textkorpus/final_txtonly/2017_OP_FF_Witness_Drive_5a2d84760002b799357e9bec_pp.txt,2017,OP,Online-Plattform,Witness,Drive 5a2d84760002b799357e9bec,0.0748715593674586,0.0,0.0748715593674586,keine_dominanz
932,file:/C:/mallet/textkorpus/final_txtonly/2017_OP_FF_Witness_Eismeer-oder-Die-Dissonanz-der-Moebel-im-Winter_59947a2b0002b79921450acf_pp.txt,2017,OP,Online-Plattform,Witness,Eismeer oder Die Dissonanz der Moebel im Winter 59947a2b0002b79921450acf,0.02647549218463,0.0308943301502533,-0.004418837965623302,keine_dominanz
933,file:/C:/mallet/textkorpus/final_txtonly/2017_OP_FF_Witness_Gleismeer-oder-Das-Atmen-der-Welt-im-Herbst_59fe1eee0002b79923b259a7_pp.txt,2017,OP,Online-Plattform,Witness,Gleismeer oder Das Atmen der Welt im Herbst 59fe1eee0002b79923b259a7,0.0,0.0,0.0,keine_dominanz
934,file:/C:/mallet/textkorpus/final_txtonly/2017_OP_FF_ZachaTheLunatic_Look-in-the-mirror-afraid-of-what-you-ll-find_59a40004000307692149a0a5_pp.txt,2017,OP,Online-Plattform,ZachaTheLunatic,Look in the mirror afraid of what you ll find 59a40004000307692149a0a5,0.0,0.0693281269087665,-0.0693281269087665,keine_dominanz
935,file:/C:/mallet/textkorpus/final_txtonly/2018_B_Die-Wahrheit-über-das-Lügen_Benedict-Wells_Das-Grundschulheim_pp.txt,2018,B,Buch,Benedict Wells,Das Grundschulheim,0.0544606480343635,0.0751268248972982,-0.020666176862934704,keine_dominanz
936,file:/C:/mallet/textkorpus/final_txtonly/2018_B_Die-Wahrheit-über-das-Lügen_Benedict-Wells_Die%20Wanderung_pp.txt,2018,B,Buch,Benedict Wells,Die%20Wanderung,0.0,0.0903558864639269,-0.0903558864639269,keine_dominanz
937,file:/C:/mallet/textkorpus/final_txtonly/2018_B_Die-Wahrheit-über-das-Lügen_Benedict-Wells_Die-Fliege_pp.txt,2018,B,Buch,Benedict Wells,Die Fliege,0.0675280479636132,0.0,0.0675280479636132,keine_dominanz
938,file:/C:/mallet/textkorpus/final_txtonly/2018_B_Die-Wahrheit-über-das-Lügen_Benedict-Wells_Die-Muse_pp.txt,2018,B,Buch,Benedict Wells,Die Muse,0.0,0.0309826539325887,-0.0309826539325887,keine_dominanz
939,file:/C:/mallet/textkorpus/final_txtonly/2018_B_Die-Wahrheit-über-das-Lügen_Benedict-Wells_Die-Nacht-der-Bücher_pp.txt,2018,B,Buch,Benedict Wells,Die Nacht der Bücher,0.0,0.0,0.0,keine_dominanz
940,file:/C:/mallet/textkorpus/final_txtonly/2018_B_Die-Wahrheit-über-das-Lügen_Benedict-Wells_Hunderttausend_pp.txt,2018,B,Buch,Benedict Wells,Hunderttausend,0.0,0.0,0.0,keine_dominanz
941,file:/C:/mallet/textkorpus/final_txtonly/2018_B_Die-Wahrheit-über-das-Lügen_Benedict-Wells_Ping-Pong_pp.txt,2018,B,Buch,Benedict Wells,Ping Pong,0.0287818036602197,0.1888587910221847,-0.160076987361965,keine_dominanz
942,file:/C:/mallet/textkorpus/final_txtonly/2018_B_Die-Wahrheit-über-das-Lügen_Benedict-Wells_Richard_pp.txt,2018,B,Buch,Benedict Wells,Richard,0.0,0.0597686186419323,-0.0597686186419323,keine_dominanz
943,file:/C:/mallet/textkorpus/final_txtonly/2018_LW_Bachmann_3sat-Preis_Anna-Stern_Warten-auf-Ava_pp.txt,2018,LW,Literaturwettbewerb,3sat Preis,Anna Stern Warten auf Ava,0.0,0.0301969656611722,-0.0301969656611722,keine_dominanz
944,file:/C:/mallet/textkorpus/final_txtonly/2018_LW_Bachmann_Bachmannpreis_Tanja-Maljartschuk_Frösche-im-Meer_pp.txt,2018,LW,Literaturwettbewerb,Bachmannpreis,Tanja Maljartschuk Frösche im Meer,0.0,0.079612218979962,-0.079612218979962,keine_dominanz
945,file:/C:/mallet/textkorpus/final_txtonly/2018_LW_Bachmann_BKS-Publikumspreis_Raphaela-Edelbauer_Das-Loch_pp.txt,2018,LW,Literaturwettbewerb,BKS Publikumspreis,Raphaela Edelbauer Das Loch,0.0320367976777051,0.057742425786904,-0.0257056281091989,keine_dominanz
946,file:/C:/mallet/textkorpus/final_txtonly/2018_LW_Bachmann_Deutschlandfunk-Preis_Bov-Bjerg_SERPENTINEN_AUSZUG_pp.txt,2018,LW,Literaturwettbewerb,Deutschlandfunk Preis,Bov Bjerg SERPENTINEN AUSZUG,0.0231425440684418,0.0642980295283524,-0.0411554854599106,keine_dominanz
947,file:/C:/mallet/textkorpus/final_txtonly/2018_LW_Bachmann_Kelag-Preis_Özlem-Özgül-Dündar_und-ich-brenne_pp.txt,2018,LW,Literaturwettbewerb,Kelag Preis,Özlem Özgül Dündar und ich brenne,0.0284907746828171,0.0,0.0284907746828171,keine_dominanz
948,file:/C:/mallet/textkorpus/final_txtonly/2018_LW_Moerser-Literaturpreis_01_Felix-Krakau_Centre-Court_pp.txt,2018,LW,Literaturwettbewerb,01,Felix Krakau Centre Court,0.0,0.265297995613352,-0.265297995613352,keine_dominanz
949,file:/C:/mallet/textkorpus/final_txtonly/2018_LW_Moerser-Literaturpreis_02_Maja-Münch_Namenlos_pp.txt,2018,LW,Literaturwettbewerb,02,Maja Münch Namenlos,0.1618257797711504,0.0,0.1618257797711504,keine_dominanz
950,file:/C:/mallet/textkorpus/final_txtonly/2018_LW_Moerser-Literaturpreis_03_Julia-Ostrau_Like-Neid-Neid_pp.txt,2018,LW,Literaturwettbewerb,03,Julia Ostrau Like Neid Neid,0.0440780251124785,0.1350209108524232,-0.09094288573994472,keine_dominanz
951,file:/C:/mallet/textkorpus/final_txtonly/2018_LW_Münchner-KGW_Anna-Stadler_Als-mein-imaginäres-Kind-der-Bananenspinne_pp.txt,2018,LW,Literaturwettbewerb,Anna Stadler,Als mein imaginäres Kind der Bananenspinne,0.0473457283346237,0.0,0.0473457283346237,keine_dominanz
952,file:/C:/mallet/textkorpus/final_txtonly/2018_LW_Münchner-KGW_Franziska-Hauser_Kim-unterm-Sofa_pp.txt,2018,LW,Literaturwettbewerb,Franziska Hauser,Kim unterm Sofa,0.0,0.0237662868178594,-0.0237662868178594,keine_dominanz
953,file:/C:/mallet/textkorpus/final_txtonly/2018_LW_Münchner-KGW_Joachim-Biedermann_Ezio_pp.txt,2018,LW,Literaturwettbewerb,Joachim Biedermann,Ezio,0.0325694985448057,0.0,0.0325694985448057,keine_dominanz
954,file:/C:/mallet/textkorpus/final_txtonly/2018_LW_Münchner-KGW_Sigrid-Eyb-Green_Atelier-mit-fleckigem-Sofa_pp.txt,2018,LW,Literaturwettbewerb,Sigrid Eyb Green,Atelier mit fleckigem Sofa,0.0,0.0252759333525956,-0.0252759333525956,keine_dominanz
955,file:/C:/mallet/textkorpus/final_txtonly/2018_LW_OpenMike_Yade-Yasemin-Önder_bulimieminiaturen_pp.txt,2018,LW,Literaturwettbewerb,Yade Yasemin Önder,bulimieminiaturen,0.023436273935432,0.1154909654649816,-0.09205469152954959,keine_dominanz
956,file:/C:/mallet/textkorpus/final_txtonly/2018_LW_Schreibwettbewerb-Literaturhaus-Zürich_01_Gabriela-Cheng-Voser_Brüche_pp.txt,2018,LW,Literaturwettbewerb,01,Gabriela Cheng Voser Brüche,0.0,0.0251510848509156,-0.0251510848509156,keine_dominanz
957,file:/C:/mallet/textkorpus/final_txtonly/2018_LW_Schreibwettbewerb-Literaturhaus-Zürich_02_Astrid-Gläsel_Ein-warmer-Wind_pp.txt,2018,LW,Literaturwettbewerb,02,Astrid Gläsel Ein warmer Wind,0.0,0.23025913835730938,-0.23025913835730938,keine_dominanz
958,file:/C:/mallet/textkorpus/final_txtonly/2018_LW_Schreibwettbewerb-Literaturhaus-Zürich_03_Lukas-Tschopp_Dame-und-Turm_pp.txt,2018,LW,Literaturwettbewerb,03,Lukas Tschopp Dame und Turm,0.0,0.1302249756643089,-0.1302249756643089,keine_dominanz
959,file:/C:/mallet/textkorpus/final_txtonly/2018_LW_Schreibwettbewerb-Literaturhaus-Zürich_04_Anne-Quirin_Consuela_pp.txt,2018,LW,Literaturwettbewerb,04,Anne Quirin Consuela,0.0372105176016557,0.0637408090655195,-0.0265302914638638,keine_dominanz
960,file:/C:/mallet/textkorpus/final_txtonly/2018_LW_Schreibwettbewerb-Literaturhaus-Zürich_05_Daniel-Salzmann_Bienenelfe_pp.txt,2018,LW,Literaturwettbewerb,05,Daniel Salzmann Bienenelfe,0.1385840869543105,0.0,0.1385840869543105,keine_dominanz
961,file:/C:/mallet/textkorpus/final_txtonly/2018_LW_Schreibwettbewerb-Literaturhaus-Zürich_06_Julia-Hofstetter_Die-Falle_pp.txt,2018,LW,Literaturwettbewerb,06,Julia Hofstetter Die Falle,0.1849770967572588,0.1008996237254481,0.08407747303181069,keine_dominanz
962,file:/C:/mallet/textkorpus/final_txtonly/2018_LW_Schreibwettbewerb-Literaturhaus-Zürich_07_Ela-Meyer_Wunde-Punkte_pp.txt,2018,LW,Literaturwettbewerb,07,Ela Meyer Wunde Punkte,0.0206523511071595,0.0601741886776889,-0.039521837570529406,keine_dominanz
963,file:/C:/mallet/textkorpus/final_txtonly/2018_LW_Schreibwettbewerb-Literaturhaus-Zürich_09_Isabel-Folie_Das-leere-Gewicht_pp.txt,2018,LW,Literaturwettbewerb,09,Isabel Folie Das leere Gewicht,0.0313074428774533,0.2671425430708402,-0.23583510019338688,keine_dominanz
964,file:/C:/mallet/textkorpus/final_txtonly/2018_LW_Schreibwettbewerb-Literaturhaus-Zürich_10_Lars-Menz_Neubaugebiet_pp.txt,2018,LW,Literaturwettbewerb,10,Lars Menz Neubaugebiet,0.0,0.1946339987436966,-0.1946339987436966,keine_dominanz
965,file:/C:/mallet/textkorpus/final_txtonly/2018_LW_Schreibwettbewerb-Literaturhaus-Zürich_11_Viviane-Ehrensberger_Der-Gutachter_pp.txt,2018,LW,Literaturwettbewerb,11,Viviane Ehrensberger Der Gutachter,0.1344371710478354,0.0,0.1344371710478354,keine_dominanz
966,file:/C:/mallet/textkorpus/final_txtonly/2018_LW_Schreibwettbewerb-Literaturhaus-Zürich_12_Simon-Morgenthaler_Grantiger-Brocken_pp.txt,2018,LW,Literaturwettbewerb,12,Simon Morgenthaler Grantiger Brocken,0.0778792838526657,0.0,0.0778792838526657,keine_dominanz
967,file:/C:/mallet/textkorpus/final_txtonly/2018_LZ_SINN_2_Christoph-Geiser_Der-Neandertaler-von-Darmstadt_pp.txt,2018,LZ,Literaturzeitschrift,2,Christoph Geiser Der Neandertaler von Darmstadt,0.0350507167810578,0.0,0.0350507167810578,keine_dominanz
968,file:/C:/mallet/textkorpus/final_txtonly/2018_LZ_SINN_3_André-Georgi_Die-Hand_pp.txt,2018,LZ,Literaturzeitschrift,3,André Georgi Die Hand,0.0690306496302605,0.0471590155665558,0.021871634063704695,keine_dominanz
969,file:/C:/mallet/textkorpus/final_txtonly/2018_LZ_SINN_3_Georg-Klein_Arbeit-am-Blasator_pp.txt,2018,LZ,Literaturzeitschrift,3,Georg Klein Arbeit am Blasator,0.0,0.0359761873712137,-0.0359761873712137,keine_dominanz
970,file:/C:/mallet/textkorpus/final_txtonly/2018_LZ_SINN_4_Thomas-Lehr_Der-Künstlerbesuch_pp.txt,2018,LZ,Literaturzeitschrift,4,Thomas Lehr Der Künstlerbesuch,0.0,0.0513214096323186,-0.0513214096323186,keine_dominanz
971,file:/C:/mallet/textkorpus/final_txtonly/2018_LZ_SINN_5_Kerstin-Kempker_Einer-muss-wachen-Nachtstück_pp.txt,2018,LZ,Literaturzeitschrift,5,Kerstin Kempker Einer muss wachen Nachtstück,0.0,0.118559337828437,-0.118559337828437,keine_dominanz
972,file:/C:/mallet/textkorpus/final_txtonly/2018_LZ_SPRITZ_226_Theodor-Weißenborn_Die-Nacht-in-Riom_pp.txt,2018,LZ,Literaturzeitschrift,226,Theodor Weißenborn Die Nacht in Riom,0.053545809614026205,0.17215146509659182,-0.11860565548256562,keine_dominanz
973,file:/C:/mallet/textkorpus/final_txtonly/2018_LZ_SPRITZ_227_Jakob-Nolte_Tagebuch-einer-jungen-Frau-die-am-Fall-beteiligt-war_pp.txt,2018,LZ,Literaturzeitschrift,227,Jakob Nolte Tagebuch einer jungen Frau die am Fall beteiligt war,0.0,0.0729189778191572,-0.0729189778191572,keine_dominanz
974,file:/C:/mallet/textkorpus/final_txtonly/2018_LZ_SPRITZ_227_Werner-Fritsch-LAUTE-STILLE_pp.txt,2018,LZ,Literaturzeitschrift,227,Werner Fritsch LAUTE STILLE,0.0450143243517514,0.1675726888726061,-0.1225583645208547,keine_dominanz
975,file:/C:/mallet/textkorpus/final_txtonly/2018_OP_FF_AimHigh_Kolission_5bad2ed60003aee5129cddcc_pp.txt,2018,OP,Online-Plattform,AimHigh,Kolission 5bad2ed60003aee5129cddcc,0.0405450240357823,0.0,0.0405450240357823,keine_dominanz
976,file:/C:/mallet/textkorpus/final_txtonly/2018_OP_FF_Aprilluna_Eilzustellung_5a8b17c70001ec6116691719_pp.txt,2018,OP,Online-Plattform,Aprilluna,Eilzustellung 5a8b17c70001ec6116691719,0.0,0.0215829904231957,-0.0215829904231957,keine_dominanz
977,file:/C:/mallet/textkorpus/final_txtonly/2018_OP_FF_Bellathea17_Zu-Spaet_5ad364820009408712d03cf7_pp.txt,2018,OP,Online-Plattform,Bellathea17,Zu Spaet 5ad364820009408712d03cf7,0.0829204360591983,0.0,0.0829204360591983,keine_dominanz
978,file:/C:/mallet/textkorpus/final_txtonly/2018_OP_FF_CmdrLola_Sphaerenharmonie-I-Sommerdreieck_5ae8e3ce0004fe412be4f57c_pp.txt,2018,OP,Online-Plattform,CmdrLola,Sphaerenharmonie I Sommerdreieck 5ae8e3ce0004fe412be4f57c,0.0,0.0,0.0,keine_dominanz
979,file:/C:/mallet/textkorpus/final_txtonly/2018_OP_FF_DawiL-Danger_Bernstein_5aae8f89000041273163877a_pp.txt,2018,OP,Online-Plattform,DawiL Danger,Bernstein 5aae8f89000041273163877a,0.0,0.0,0.0,keine_dominanz
980,file:/C:/mallet/textkorpus/final_txtonly/2018_OP_FF_Ender-Wiggin_Das-Leben-ist-wunderbar-kompliziert_5b12ccaf0000afde117769e6_pp.txt,2018,OP,Online-Plattform,Ender Wiggin,Das Leben ist wunderbar kompliziert 5b12ccaf0000afde117769e6,0.0,0.0980721908514331,-0.0980721908514331,keine_dominanz
981,file:/C:/mallet/textkorpus/final_txtonly/2018_OP_FF_Ender-Wiggin_Wie-sagt-man_5b49dc9f0000afde286fd4ab_pp.txt,2018,OP,Online-Plattform,Ender Wiggin,Wie sagt man 5b49dc9f0000afde286fd4ab,0.0,0.1349020903527364,-0.1349020903527364,keine_dominanz
982,file:/C:/mallet/textkorpus/final_txtonly/2018_OP_FF_eufohi_ankommen_5ad5f12b00024c34637202a_pp.txt,2018,OP,Online-Plattform,eufohi,ankommen 5ad5f12b00024c34637202a,0.0251525349764029,0.0295250264481234,-0.004372491471720499,keine_dominanz
983,file:/C:/mallet/textkorpus/final_txtonly/2018_OP_FF_eufohi_prozesse_5bb905a700024c342e826dc9_pp.txt,2018,OP,Online-Plattform,eufohi,prozesse 5bb905a700024c342e826dc9,0.0,0.0,0.0,keine_dominanz
984,file:/C:/mallet/textkorpus/final_txtonly/2018_OP_FF_Eve-Ellenberger_739-652-Schritte-bis-nach-oben_5c125dcb00091fc39ffc9be_pp.txt,2018,OP,Online-Plattform,Eve Ellenberger,739 652 Schritte bis nach oben 5c125dcb00091fc39ffc9be,0.0,0.0,0.0,keine_dominanz
985,file:/C:/mallet/textkorpus/final_txtonly/2018_OP_FF_Ginger-Snaps_Das-grosse-K_5bc9d81b0005db932e18c901_pp.txt,2018,OP,Online-Plattform,Ginger Snaps,Das grosse K 5bc9d81b0005db932e18c901,0.2927317057682101,0.0617295137131052,0.23100219205510492,keine_dominanz
986,file:/C:/mallet/textkorpus/final_txtonly/2018_OP_FF_griedelbauch_Wenn-einer-eine-Reise-tut_5bad605500068fec35e3222b_pp.txt,2018,OP,Online-Plattform,griedelbauch,Wenn einer eine Reise tut 5bad605500068fec35e3222b,0.0,0.0,0.0,keine_dominanz
987,file:/C:/mallet/textkorpus/final_txtonly/2018_OP_FF_haley_Dance-with-the-Dead_5bec1c9e000043d122305ccc_pp.txt,2018,OP,Online-Plattform,haley,Dance with the Dead 5bec1c9e000043d122305ccc,0.0,0.1214643163735324,-0.1214643163735324,keine_dominanz
988,file:/C:/mallet/textkorpus/final_txtonly/2018_OP_FF_invisible-ink_Narrenherz_5b5e19420001f46f23fd1068_pp.txt,2018,OP,Online-Plattform,invisible ink,Narrenherz 5b5e19420001f46f23fd1068,0.0429149381347204,0.0299655130452957,0.0129494250894247,keine_dominanz
989,file:/C:/mallet/textkorpus/final_txtonly/2018_OP_FF_Jack-Phoenix_Teufelskreise_5b59fbef0005e451b7bf31a_pp.txt,2018,OP,Online-Plattform,Jack Phoenix,Teufelskreise 5b59fbef0005e451b7bf31a,0.0,0.0,0.0,keine_dominanz
990,file:/C:/mallet/textkorpus/final_txtonly/2018_OP_FF_Joan-Quade_Die-Lux_5bb9ac9b00053c993b03e074_pp.txt,2018,OP,Online-Plattform,Joan Quade,Die Lux 5bb9ac9b00053c993b03e074,0.0,0.0832043310390721,-0.0832043310390721,keine_dominanz
991,file:/C:/mallet/textkorpus/final_txtonly/2018_OP_FF_lesbianlove_Bis-zum-Knochen-aufgeschnitten_5aad90a90008dcd73a14df20_pp.txt,2018,OP,Online-Plattform,lesbianlove,Bis zum Knochen aufgeschnitten 5aad90a90008dcd73a14df20,0.0874044565181845,0.0,0.0874044565181845,keine_dominanz
992,file:/C:/mallet/textkorpus/final_txtonly/2018_OP_FF_lesbianlove_Kleine-gefaehrliche-Dinge_5ab175680008dcd712ec4b2d_pp.txt,2018,OP,Online-Plattform,lesbianlove,Kleine gefaehrliche Dinge 5ab175680008dcd712ec4b2d,0.0,0.0,0.0,keine_dominanz
993,file:/C:/mallet/textkorpus/final_txtonly/2018_OP_FF_lesbianlove_Wie-Frauen-sind_5aaeaa260008dcd71a3ca45d_pp.txt,2018,OP,Online-Plattform,lesbianlove,Wie Frauen sind 5aaeaa260008dcd71a3ca45d,0.0,0.0,0.0,keine_dominanz
994,file:/C:/mallet/textkorpus/final_txtonly/2018_OP_FF_Lykaion_Wir-waren-acht_5c1545010005fe6818436159_pp.txt,2018,OP,Online-Plattform,Lykaion,Wir waren acht 5c1545010005fe6818436159,0.0,0.1837883685244318,-0.1837883685244318,keine_dominanz
995,file:/C:/mallet/textkorpus/final_txtonly/2018_OP_FF_Maugrim_Touch_5a778b4e00041e28314451b7_pp.txt,2018,OP,Online-Plattform,Maugrim,Touch 5a778b4e00041e28314451b7,0.0,0.0,0.0,keine_dominanz
996,file:/C:/mallet/textkorpus/final_txtonly/2018_OP_FF_Miss-Infinity_Maggie-May_5abe5c1e000279e0204a7888_pp.txt,2018,OP,Online-Plattform,Miss Infinity,Maggie May 5abe5c1e000279e0204a7888,0.0,0.0289770465293075,-0.0289770465293075,keine_dominanz
997,file:/C:/mallet/textkorpus/final_txtonly/2018_OP_FF_Mrs-NoName_fullmoon-high-school-of-love_5af9f883000585022807e74b_pp.txt,2018,OP,Online-Plattform,Mrs NoName,fullmoon high school of love 5af9f883000585022807e74b,0.0,0.0224560694547419,-0.0224560694547419,keine_dominanz
998,file:/C:/mallet/textkorpus/final_txtonly/2018_OP_FF_Naomi-Seer_Bekenntnis_5aa594830005729920675280_pp.txt,2018,OP,Online-Plattform,Naomi Seer,Bekenntnis 5aa594830005729920675280,0.0,0.0,0.0,keine_dominanz
999,file:/C:/mallet/textkorpus/final_txtonly/2018_OP_FF_Nayka-Nima_Alle-Jahre-wieder_5c096670000641442426a307_pp.txt,2018,OP,Online-Plattform,Nayka Nima,Alle Jahre wieder 5c096670000641442426a307,0.0,0.0414530743586062,-0.0414530743586062,keine_dominanz
1000,file:/C:/mallet/textkorpus/final_txtonly/2018_OP_FF_Nia-Askush_7-Schwestern_5ad9e5730003a7c635b7ce91_pp.txt,2018,OP,Online-Plattform,Nia Askush,7 Schwestern 5ad9e5730003a7c635b7ce91,0.0,0.1375865687108736,-0.1375865687108736,keine_dominanz
1001,file:/C:/mallet/textkorpus/final_txtonly/2018_OP_FF_Nia-Askush_Wuestenfuchs_5af8907f0003a7c625894c5e_pp.txt,2018,OP,Online-Plattform,Nia Askush,Wuestenfuchs 5af8907f0003a7c625894c5e,0.0,0.1069816316948795,-0.1069816316948795,keine_dominanz
1002,file:/C:/mallet/textkorpus/final_txtonly/2018_OP_FF_Nika-chan-Mond_Die-Sehnsucht-und-der-Wind_5ae74d6100077d1923048699_pp.txt,2018,OP,Online-Plattform,Nika chan Mond,Die Sehnsucht und der Wind 5ae74d6100077d1923048699,0.0,0.1011906184704924,-0.1011906184704924,keine_dominanz
1003,file:/C:/mallet/textkorpus/final_txtonly/2018_OP_FF_north-star_next-to-me_5a95b131000907b47c1c843_pp.txt,2018,OP,Online-Plattform,north star,next to me 5a95b131000907b47c1c843,0.0204437551891169,0.0,0.0204437551891169,keine_dominanz
1004,file:/C:/mallet/textkorpus/final_txtonly/2018_OP_FF_Oma-Wetterwachs_17-15-42_5b983fbe0009d85522e4b29f_pp.txt,2018,OP,Online-Plattform,Oma Wetterwachs,17 15 42 5b983fbe0009d85522e4b29f,0.0,0.1083864445631386,-0.1083864445631386,keine_dominanz
1005,file:/C:/mallet/textkorpus/final_txtonly/2018_OP_FF_Oma-Wetterwachs_An-der-Bundesstrasse_5b8515b20009d855194082a2_pp.txt,2018,OP,Online-Plattform,Oma Wetterwachs,An der Bundesstrasse 5b8515b20009d855194082a2,0.0,0.0,0.0,keine_dominanz
1006,file:/C:/mallet/textkorpus/final_txtonly/2018_OP_FF_Oma-Wetterwachs_Martin_5b864e720009d855374c5276_pp.txt,2018,OP,Online-Plattform,Oma Wetterwachs,Martin 5b864e720009d855374c5276,0.0274400315341725,0.0531419940608971,-0.025701962526724596,keine_dominanz
1007,file:/C:/mallet/textkorpus/final_txtonly/2018_OP_FF_Oma-Wetterwachs_Semesterferien_5b978de60009d855362ffa30_pp.txt,2018,OP,Online-Plattform,Oma Wetterwachs,Semesterferien 5b978de60009d855362ffa30,0.0,0.11198772707017779,-0.11198772707017779,keine_dominanz
1008,file:/C:/mallet/textkorpus/final_txtonly/2018_OP_FF_Orpheus-Harsley_Little-girl-why-are-you-crying_5b2aa3d70005d2eb22822744_pp.txt,2018,OP,Online-Plattform,Orpheus Harsley,Little girl why are you crying 5b2aa3d70005d2eb22822744,0.0333041881032279,0.03712909355585,-0.003824905452622103,keine_dominanz
1009,file:/C:/mallet/textkorpus/final_txtonly/2018_OP_FF_Panayota_Ende-einer-Zukunft_5b3a33870002d3523aee91a9_pp.txt,2018,OP,Online-Plattform,Panayota,Ende einer Zukunft 5b3a33870002d3523aee91a9,0.0923030850301341,0.0,0.0923030850301341,keine_dominanz
1010,file:/C:/mallet/textkorpus/final_txtonly/2018_OP_FF_Pfaffenhut_Land_5b48fb2d00033be61d172c52_pp.txt,2018,OP,Online-Plattform,Pfaffenhut,Land 5b48fb2d00033be61d172c52,0.0,0.37424538137632135,-0.37424538137632135,dominant_unterhaltend
1011,file:/C:/mallet/textkorpus/final_txtonly/2018_OP_FF_PumkinPrincess_Kindheit-in-den-90-s_5a4e28e70004aaf2228f061a_pp.txt,2018,OP,Online-Plattform,PumkinPrincess,Kindheit in den 90 s 5a4e28e70004aaf2228f061a,0.0,0.0208491158606016,-0.0208491158606016,keine_dominanz
1012,file:/C:/mallet/textkorpus/final_txtonly/2018_OP_FF_Saarkind_Zapfsaeule-Nummer-Zwei_5b768f9e0001f9af376bdbec_pp.txt,2018,OP,Online-Plattform,Saarkind,Zapfsaeule Nummer Zwei 5b768f9e0001f9af376bdbec,0.10495246994657381,0.0,0.10495246994657381,keine_dominanz
1013,file:/C:/mallet/textkorpus/final_txtonly/2018_OP_FF_Serena-Hell_Die-falsche-Entscheidung_5b687dd30001877b3950ac13_pp.txt,2018,OP,Online-Plattform,Serena Hell,Die falsche Entscheidung 5b687dd30001877b3950ac13,0.0761987673597977,0.050037502940125905,0.0261612644196718,keine_dominanz
1014,file:/C:/mallet/textkorpus/final_txtonly/2018_OP_FF_Serena-Hell_Halloween-Muffel-entmuffelt_5bda33cc0001877b16512818_pp.txt,2018,OP,Online-Plattform,Serena Hell,Halloween Muffel entmuffelt 5bda33cc0001877b16512818,0.0,0.128721667667406,-0.128721667667406,keine_dominanz
1015,file:/C:/mallet/textkorpus/final_txtonly/2018_OP_FF_Snoopy279_Saenk-ju-for-traeveling-wis-Deutsche-Bahn_5b4b526b0001367e1b9226f1_pp.txt,2018,OP,Online-Plattform,Snoopy279,Saenk ju for traeveling wis Deutsche Bahn 5b4b526b0001367e1b9226f1,0.0,0.0749638134785153,-0.0749638134785153,keine_dominanz
1016,file:/C:/mallet/textkorpus/final_txtonly/2018_OP_FF_split_Am-Ende-der-Nacht_5b805c040003315c13ecb494_pp.txt,2018,OP,Online-Plattform,split,Am Ende der Nacht 5b805c040003315c13ecb494,0.0,0.0327099249037996,-0.0327099249037996,keine_dominanz
1017,file:/C:/mallet/textkorpus/final_txtonly/2018_OP_FF_split_Ausgerechnet-Zombies_5bda15e50003315c28260d4a_pp.txt,2018,OP,Online-Plattform,split,Ausgerechnet Zombies 5bda15e50003315c28260d4a,0.0,0.0,0.0,keine_dominanz
1018,file:/C:/mallet/textkorpus/final_txtonly/2018_OP_FF_split_Freaks_5b899c380003315c337b2d7e_pp.txt,2018,OP,Online-Plattform,split,Freaks 5b899c380003315c337b2d7e,0.0,0.0462197285923324,-0.0462197285923324,keine_dominanz
1019,file:/C:/mallet/textkorpus/final_txtonly/2018_OP_FF_StoryFan_Die-Verkehrskontrolle_5bea3f5600022ce8df932a3_pp.txt,2018,OP,Online-Plattform,StoryFan,Die Verkehrskontrolle 5bea3f5600022ce8df932a3,0.0,0.1013694749857967,-0.1013694749857967,keine_dominanz
1020,file:/C:/mallet/textkorpus/final_txtonly/2018_OP_FF_Sumanira_If-I-wasn-t-your-daughter_5a5b3df300053ced746217a_pp.txt,2018,OP,Online-Plattform,Sumanira,If I wasn t your daughter 5a5b3df300053ced746217a,0.0371699851213914,0.0,0.0371699851213914,keine_dominanz
1021,file:/C:/mallet/textkorpus/final_txtonly/2018_OP_FF_tastentaenzerin_Sternenlachen_5b54d104000384f73691f2f3_pp.txt,2018,OP,Online-Plattform,tastentaenzerin,Sternenlachen 5b54d104000384f73691f2f3,0.0,0.0,0.0,keine_dominanz
1022,file:/C:/mallet/textkorpus/final_txtonly/2018_OP_FF_Thomas-Heinrich_Das-Hotel-der-Traeume_5bba1c7d0007159214ac9848_pp.txt,2018,OP,Online-Plattform,Thomas Heinrich,Das Hotel der Traeume 5bba1c7d0007159214ac9848,0.0,0.0947050571681509,-0.0947050571681509,keine_dominanz
1023,file:/C:/mallet/textkorpus/final_txtonly/2018_OP_FF_W4rriorC4t_Ich-falle_5bc4b9400009e5fc204260d9_pp.txt,2018,OP,Online-Plattform,W4rriorC4t,Ich falle 5bc4b9400009e5fc204260d9,0.0318154560290592,0.0,0.0318154560290592,keine_dominanz
1024,file:/C:/mallet/textkorpus/final_txtonly/2018_OP_FF_Witness_C_5aaade010002b7992c3ef30c_pp.txt,2018,OP,Online-Plattform,Witness,C 5aaade010002b7992c3ef30c,0.17618982912033948,0.0265355548157516,0.1496542743045879,keine_dominanz
1025,file:/C:/mallet/textkorpus/final_txtonly/2018_OP_FF_Witness_Kreismeer-oder-Das-Leuchten-der-Daecher-im-Fruehling_5ab68a770002b799167601c6_pp.txt,2018,OP,Online-Plattform,Witness,Kreismeer oder Das Leuchten der Daecher im Fruehling 5ab68a770002b799167601c6,0.0,0.0,0.0,keine_dominanz
1026,file:/C:/mallet/textkorpus/final_txtonly/2018_OP_FF_Witness_Momentflimmern_5b538f840002b7999ec2fbd_pp.txt,2018,OP,Online-Plattform,Witness,Momentflimmern 5b538f840002b7999ec2fbd,0.0,0.0833436515895658,-0.0833436515895658,keine_dominanz
1027,file:/C:/mallet/textkorpus/final_txtonly/2018_OP_FF_Witness_Sekundenscherben_5ad8eb0e0002b7992ce8f17e_pp.txt,2018,OP,Online-Plattform,Witness,Sekundenscherben 5ad8eb0e0002b7992ce8f17e,0.2387312535224237,0.0,0.2387312535224237,keine_dominanz
1028,file:/C:/mallet/textkorpus/final_txtonly/2019_B_Der-Trost-runder-Dinge_Clemens-J-Setz_Das-alte-Haus_pp.txt,2019,B,Buch,Clemens J Setz,Das alte Haus,0.0,0.0,0.0,keine_dominanz
1029,file:/C:/mallet/textkorpus/final_txtonly/2019_B_Der-Trost-runder-Dinge_Clemens-J-Setz_Das-Christkind_pp.txt,2019,B,Buch,Clemens J Setz,Das Christkind,0.0,0.030214175308009,-0.030214175308009,keine_dominanz
1030,file:/C:/mallet/textkorpus/final_txtonly/2019_B_Der-Trost-runder-Dinge_Clemens-J-Setz_Das-Schulfoto_pp.txt,2019,B,Buch,Clemens J Setz,Das Schulfoto,0.0,0.0,0.0,keine_dominanz
1031,file:/C:/mallet/textkorpus/final_txtonly/2019_B_Der-Trost-runder-Dinge_Clemens-J-Setz_Die-Frau_pp.txt,2019,B,Buch,Clemens J Setz,Die Frau,0.0,0.0,0.0,keine_dominanz
1032,file:/C:/mallet/textkorpus/final_txtonly/2019_B_Der-Trost-runder-Dinge_Clemens-J-Setz_Die-Gesichter-in-den-Liftspiegeln-der-Hochhäuser_pp.txt,2019,B,Buch,Clemens J Setz,Die Gesichter in den Liftspiegeln der Hochhäuser,0.0,0.0475309189982562,-0.0475309189982562,keine_dominanz
1033,file:/C:/mallet/textkorpus/final_txtonly/2019_B_Der-Trost-runder-Dinge_Clemens-J-Setz_Die-Lebenden_pp.txt,2019,B,Buch,Clemens J Setz,Die Lebenden,0.10655683573468899,0.0,0.10655683573468899,keine_dominanz
1034,file:/C:/mallet/textkorpus/final_txtonly/2019_B_Der-Trost-runder-Dinge_Clemens-J-Setz_Die-zwei-Tode_pp.txt,2019,B,Buch,Clemens J Setz,Die zwei Tode,0.0420258424869561,0.0216640677325106,0.020361774754445502,keine_dominanz
1035,file:/C:/mallet/textkorpus/final_txtonly/2019_B_Der-Trost-runder-Dinge_Clemens-J-Setz_Ein-See-weiss-mehr-von-der-Erdkrümmung-als-wir_pp.txt,2019,B,Buch,Clemens J Setz,Ein See weiss mehr von der Erdkrümmung als wir,0.0,0.0,0.0,keine_dominanz
1036,file:/C:/mallet/textkorpus/final_txtonly/2019_B_Der-Trost-runder-Dinge_Clemens-J-Setz_Elpenor_pp.txt,2019,B,Buch,Clemens J Setz,Elpenor,0.21305526781675801,0.0216937681557041,0.19136149966105392,keine_dominanz
1037,file:/C:/mallet/textkorpus/final_txtonly/2019_B_Der-Trost-runder-Dinge_Clemens-J-Setz_Frau-Triegler_pp.txt,2019,B,Buch,Clemens J Setz,Frau Triegler,0.0,0.0,0.0,keine_dominanz
1038,file:/C:/mallet/textkorpus/final_txtonly/2019_B_Der-Trost-runder-Dinge_Clemens-J-Setz_Jugend_pp.txt,2019,B,Buch,Clemens J Setz,Jugend,0.0238855842146618,0.0,0.0238855842146618,keine_dominanz
1039,file:/C:/mallet/textkorpus/final_txtonly/2019_B_Der-Trost-runder-Dinge_Clemens-J-Setz_Kvaloya_pp.txt,2019,B,Buch,Clemens J Setz,Kvaloya,0.0,0.0,0.0,keine_dominanz
1040,file:/C:/mallet/textkorpus/final_txtonly/2019_B_Der-Trost-runder-Dinge_Clemens-J-Setz_Otter-Otter-Otter_pp.txt,2019,B,Buch,Clemens J Setz,Otter Otter Otter,0.0,0.0,0.0,keine_dominanz
1041,file:/C:/mallet/textkorpus/final_txtonly/2019_B_Der-Trost-runder-Dinge_Clemens-J-Setz_Spam_pp.txt,2019,B,Buch,Clemens J Setz,Spam,0.07873712883123349,0.0466598254127563,0.032077303418477185,keine_dominanz
1042,file:/C:/mallet/textkorpus/final_txtonly/2019_B_Der-Trost-runder-Dinge_Clemens-J-Setz_Suzy_pp.txt,2019,B,Buch,Clemens J Setz,Suzy,0.0,0.0,0.0,keine_dominanz
1043,file:/C:/mallet/textkorpus/final_txtonly/2019_B_Der-Trost-runder-Dinge_Clemens-J-Setz_Südliches-Lazarettfeld_pp.txt,2019,B,Buch,Clemens J Setz,Südliches Lazarettfeld,0.0,0.0,0.0,keine_dominanz
1044,file:/C:/mallet/textkorpus/final_txtonly/2019_B_Der-Trost-runder-Dinge_Clemens-J-Setz_Vorgehen_pp.txt,2019,B,Buch,Clemens J Setz,Vorgehen,0.0893564818686584,0.0,0.0893564818686584,keine_dominanz
1045,file:/C:/mallet/textkorpus/final_txtonly/2019_B_Der-Trost-runder-Dinge_Clemens-J-Setz_Zauberer_pp.txt,2019,B,Buch,Clemens J Setz,Zauberer,0.0,0.0,0.0,keine_dominanz
1046,file:/C:/mallet/textkorpus/final_txtonly/2019_B_Entfernte-Geliebte_Maike-Wetzel_Arme-Ritter_pp.txt,2019,B,Buch,Maike Wetzel,Arme Ritter,0.0,0.114574487891777,-0.114574487891777,keine_dominanz
1047,file:/C:/mallet/textkorpus/final_txtonly/2019_B_Entfernte-Geliebte_Maike-Wetzel_Auf-dem-Eisernen-Steg_pp.txt,2019,B,Buch,Maike Wetzel,Auf dem Eisernen Steg,0.0,0.0,0.0,keine_dominanz
1048,file:/C:/mallet/textkorpus/final_txtonly/2019_B_Entfernte-Geliebte_Maike-Wetzel_Das-Hotel_pp.txt,2019,B,Buch,Maike Wetzel,Das Hotel,0.0721130140933819,0.147992722131671,-0.0758797080382891,keine_dominanz
1049,file:/C:/mallet/textkorpus/final_txtonly/2019_B_Entfernte-Geliebte_Maike-Wetzel_Der-König_pp.txt,2019,B,Buch,Maike Wetzel,Der König,0.0,0.26515803467524457,-0.26515803467524457,keine_dominanz
1050,file:/C:/mallet/textkorpus/final_txtonly/2019_B_Entfernte-Geliebte_Maike-Wetzel_Die-Insel_pp.txt,2019,B,Buch,Maike Wetzel,Die Insel,0.0237577228796815,0.071441606466287,-0.0476838835866055,keine_dominanz
1051,file:/C:/mallet/textkorpus/final_txtonly/2019_B_Entfernte-Geliebte_Maike-Wetzel_Die-Katze_pp.txt,2019,B,Buch,Maike Wetzel,Die Katze,0.0434085815501494,0.17165540493450593,-0.12824682338435653,keine_dominanz
1052,file:/C:/mallet/textkorpus/final_txtonly/2019_B_Entfernte-Geliebte_Maike-Wetzel_Doppelleben_pp.txt,2019,B,Buch,Maike Wetzel,Doppelleben,0.0257605740438069,0.0650192342685936,-0.039258660224786704,keine_dominanz
1053,file:/C:/mallet/textkorpus/final_txtonly/2019_B_Entfernte-Geliebte_Maike-Wetzel_Fremde-Fenster_pp.txt,2019,B,Buch,Maike Wetzel,Fremde Fenster,0.0,0.051574351094616,-0.051574351094616,keine_dominanz
1054,file:/C:/mallet/textkorpus/final_txtonly/2019_B_Entfernte-Geliebte_Maike-Wetzel_Geister_pp.txt,2019,B,Buch,Maike Wetzel,Geister,0.0,0.1488071177300473,-0.1488071177300473,keine_dominanz
1055,file:/C:/mallet/textkorpus/final_txtonly/2019_B_Entfernte-Geliebte_Maike-Wetzel_Gras-und-Rüben_pp.txt,2019,B,Buch,Maike Wetzel,Gras und Rüben,0.0243070289982455,0.0217434377413642,0.0025635912568813014,keine_dominanz
1056,file:/C:/mallet/textkorpus/final_txtonly/2019_B_Entfernte-Geliebte_Maike-Wetzel_Hochzeiten_pp.txt,2019,B,Buch,Maike Wetzel,Hochzeiten,0.0,0.0849206491534274,-0.0849206491534274,keine_dominanz
1057,file:/C:/mallet/textkorpus/final_txtonly/2019_B_Entfernte-Geliebte_Maike-Wetzel_In-der-Zwischenzeit_pp.txt,2019,B,Buch,Maike Wetzel,In der Zwischenzeit,0.0205900610574685,0.0,0.0205900610574685,keine_dominanz
1058,file:/C:/mallet/textkorpus/final_txtonly/2019_B_Entfernte-Geliebte_Maike-Wetzel_Leuchtend-rosa_pp.txt,2019,B,Buch,Maike Wetzel,Leuchtend rosa,0.0,0.0904124177057348,-0.0904124177057348,keine_dominanz
1059,file:/C:/mallet/textkorpus/final_txtonly/2019_B_Entfernte-Geliebte_Maike-Wetzel_Lou_pp.txt,2019,B,Buch,Maike Wetzel,Lou,0.0,0.0957258403346308,-0.0957258403346308,keine_dominanz
1060,file:/C:/mallet/textkorpus/final_txtonly/2019_B_Entfernte-Geliebte_Maike-Wetzel_Nördlich-von-Hollywood_pp.txt,2019,B,Buch,Maike Wetzel,Nördlich von Hollywood,0.0,0.1031132464112328,-0.1031132464112328,keine_dominanz
1061,file:/C:/mallet/textkorpus/final_txtonly/2019_B_Entfernte-Geliebte_Maike-Wetzel_Schlaf_pp.txt,2019,B,Buch,Maike Wetzel,Schlaf,0.1267966526455226,0.064397357984743,0.06239929466077959,keine_dominanz
1062,file:/C:/mallet/textkorpus/final_txtonly/2019_B_Entfernte-Geliebte_Maike-Wetzel_Zeugen_pp.txt,2019,B,Buch,Maike Wetzel,Zeugen,0.0,0.0391899981743289,-0.0391899981743289,keine_dominanz
1063,file:/C:/mallet/textkorpus/final_txtonly/2019_B_Entfernte-Geliebte_Maike-Wetzel_Zwei-Stimmen_pp.txt,2019,B,Buch,Maike Wetzel,Zwei Stimmen,0.0,0.0,0.0,keine_dominanz
1064,file:/C:/mallet/textkorpus/final_txtonly/2019_B_Gefühlte-Zuversicht_Frank-Jakubzik_Anderswo_pp.txt,2019,B,Buch,Frank Jakubzik,Anderswo,0.0275465065461404,0.0445715588624789,-0.0170250523163385,keine_dominanz
1065,file:/C:/mallet/textkorpus/final_txtonly/2019_B_Gefühlte-Zuversicht_Frank-Jakubzik_Das-Glück_pp.txt,2019,B,Buch,Frank Jakubzik,Das Glück,0.0,0.0728555307557108,-0.0728555307557108,keine_dominanz
1066,file:/C:/mallet/textkorpus/final_txtonly/2019_B_Gefühlte-Zuversicht_Frank-Jakubzik_Das-plötzliche-Ende-der-siebziger-Jahre_pp.txt,2019,B,Buch,Frank Jakubzik,Das plötzliche Ende der siebziger Jahre,0.0569552448559131,0.0836276028500532,-0.026672357994140104,keine_dominanz
1067,file:/C:/mallet/textkorpus/final_txtonly/2019_B_Gefühlte-Zuversicht_Frank-Jakubzik_Der-Gedankenkünstler_pp.txt,2019,B,Buch,Frank Jakubzik,Der Gedankenkünstler,0.0263153575683739,0.2317970548511624,-0.20548169728278848,keine_dominanz
1068,file:/C:/mallet/textkorpus/final_txtonly/2019_B_Gefühlte-Zuversicht_Frank-Jakubzik_Der-Lokomotivführer_pp.txt,2019,B,Buch,Frank Jakubzik,Der Lokomotivführer,0.0,0.2000219432301195,-0.2000219432301195,keine_dominanz
1069,file:/C:/mallet/textkorpus/final_txtonly/2019_B_Gefühlte-Zuversicht_Frank-Jakubzik_Die-Bestimmung_pp.txt,2019,B,Buch,Frank Jakubzik,Die Bestimmung,0.0338672923162346,0.0370607107527196,-0.0031934184364849974,keine_dominanz
1070,file:/C:/mallet/textkorpus/final_txtonly/2019_B_Gefühlte-Zuversicht_Frank-Jakubzik_Die-Freiheit_pp.txt,2019,B,Buch,Frank Jakubzik,Die Freiheit,0.0766634999152042,0.0419814095991823,0.0346820903160219,keine_dominanz
1071,file:/C:/mallet/textkorpus/final_txtonly/2019_B_Gefühlte-Zuversicht_Frank-Jakubzik_Irrsinnige-kleine-Lichter_pp.txt,2019,B,Buch,Frank Jakubzik,Irrsinnige kleine Lichter,0.0843419673412966,0.0638839957876035,0.02045797155369311,keine_dominanz
1072,file:/C:/mallet/textkorpus/final_txtonly/2019_B_Gefühlte-Zuversicht_Frank-Jakubzik_Lust_pp.txt,2019,B,Buch,Frank Jakubzik,Lust,0.0,0.2313232565179573,-0.2313232565179573,keine_dominanz
1073,file:/C:/mallet/textkorpus/final_txtonly/2019_B_Gefühlte-Zuversicht_Frank-Jakubzik_Martin-der-Kühne_pp.txt,2019,B,Buch,Frank Jakubzik,Martin der Kühne,0.0,0.0,0.0,keine_dominanz
1074,file:/C:/mallet/textkorpus/final_txtonly/2019_B_Gefühlte-Zuversicht_Frank-Jakubzik_Pendlerzug-nach-Portland_pp.txt,2019,B,Buch,Frank Jakubzik,Pendlerzug nach Portland,0.0,0.2014888650517537,-0.2014888650517537,keine_dominanz
1075,file:/C:/mallet/textkorpus/final_txtonly/2019_B_Gefühlte-Zuversicht_Frank-Jakubzik_Verpaßte-Chance_pp.txt,2019,B,Buch,Frank Jakubzik,Verpaßte Chance,0.0,0.10142427160039649,-0.10142427160039649,keine_dominanz
1076,file:/C:/mallet/textkorpus/final_txtonly/2019_B_Gefühlte-Zuversicht_Frank-Jakubzik_Zur-Hochzeit_pp.txt,2019,B,Buch,Frank Jakubzik,Zur Hochzeit,0.0273375816184689,0.0923682331345207,-0.0650306515160518,keine_dominanz
1077,file:/C:/mallet/textkorpus/final_txtonly/2019_B_Gefühlte-Zuversicht_Frank-Jakubzik_Zwei-japanische-Fabeln_Grausamkeit_pp.txt,2019,B,Buch,Frank Jakubzik,Zwei japanische Fabeln Grausamkeit,0.0,0.22429622000091118,-0.22429622000091118,keine_dominanz
1078,file:/C:/mallet/textkorpus/final_txtonly/2019_B_Gefühlte-Zuversicht_Frank-Jakubzik_Zwei-japanische-Fabeln_Zärtlichkeit_pp.txt,2019,B,Buch,Frank Jakubzik,Zwei japanische Fabeln Zärtlichkeit,0.0,0.07869219480674461,-0.07869219480674461,keine_dominanz
1079,file:/C:/mallet/textkorpus/final_txtonly/2019_B_Gefühlte-Zuversicht_Frank-Jakubzik_Zwischen-den-Fenstern_pp.txt,2019,B,Buch,Frank Jakubzik,Zwischen den Fenstern,0.0262352297192709,0.0471801947852661,-0.0209449650659952,keine_dominanz
1080,file:/C:/mallet/textkorpus/final_txtonly/2019_LW_Bachmann_3sat-Preis_Yannic-Han-Biao-Federer_Kenn-ich-nicht_pp.txt,2019,LW,Literaturwettbewerb,3sat Preis,Yannic Han Biao Federer Kenn ich nicht,0.0,0.0,0.0,keine_dominanz
1081,file:/C:/mallet/textkorpus/final_txtonly/2019_LW_Bachmann_Bachmannpreis_Birgit-Birnbacher_Der-Schrank_pp.txt,2019,LW,Literaturwettbewerb,Bachmannpreis,Birgit Birnbacher Der Schrank,0.0,0.0,0.0,keine_dominanz
1082,file:/C:/mallet/textkorpus/final_txtonly/2019_LW_Bachmann_BKS-Publikumspreis_Ronya-Othmann_Vierundsiebzig_pp.txt,2019,LW,Literaturwettbewerb,BKS Publikumspreis,Ronya Othmann Vierundsiebzig,0.2263633926626374,0.0,0.2263633926626374,keine_dominanz
1083,file:/C:/mallet/textkorpus/final_txtonly/2019_LW_Bachmann_Deutschland-Preis_Leander-Fischer_Nymphenverzeichnis-Muster-Nummer-eins-Goldkopf_pp.txt,2019,LW,Literaturwettbewerb,Deutschland Preis,Leander Fischer Nymphenverzeichnis Muster Nummer eins Goldkopf,0.0,0.05884126512947199,-0.05884126512947199,keine_dominanz
1084,file:/C:/mallet/textkorpus/final_txtonly/2019_LW_Bachmann_Kelag-Preis_Julia-Jost_Unweit-vom-Schakaltal_pp.txt,2019,LW,Literaturwettbewerb,Kelag Preis,Julia Jost Unweit vom Schakaltal,0.0210094833076013,0.039267593287821,-0.0182581099802197,keine_dominanz
1085,file:/C:/mallet/textkorpus/final_txtonly/2019_LW_Moerser-Literaturpreis_01_SabineFrambach_Die-Kopistin_pp.txt,2019,LW,Literaturwettbewerb,01,SabineFrambach Die Kopistin,0.1005821001944274,0.1839901194519772,-0.08340801925754981,keine_dominanz
1086,file:/C:/mallet/textkorpus/final_txtonly/2019_LW_Moerser-Literaturpreis_02_AnneStolle_Wenn-die-Maden-kommen_pp.txt,2019,LW,Literaturwettbewerb,02,AnneStolle Wenn die Maden kommen,0.1633266893309737,0.0450785295936048,0.11824815973736888,keine_dominanz
1087,file:/C:/mallet/textkorpus/final_txtonly/2019_LW_Moerser-Literaturpreis_03_ChristianHabermann_Vollidiot_pp.txt,2019,LW,Literaturwettbewerb,03,ChristianHabermann Vollidiot,0.1282693424734321,0.0243848586963391,0.103884483777093,keine_dominanz
1088,file:/C:/mallet/textkorpus/final_txtonly/2019_LW_OpenMike_Fiona-Sironic_Das-ist-der-Sommer-in-dem-das-Haus_pp.txt,2019,LW,Literaturwettbewerb,Fiona Sironic,Das ist der Sommer in dem das Haus,0.0,0.0272526744743539,-0.0272526744743539,keine_dominanz
1089,file:/C:/mallet/textkorpus/final_txtonly/2019_LW_Schreibwettbewerb-Literaturhaus-Zürich_01_Michèle-Hühne_Erklärungstod_pp.txt,2019,LW,Literaturwettbewerb,01,Michèle Hühne Erklärungstod,0.0,0.0,0.0,keine_dominanz
1090,file:/C:/mallet/textkorpus/final_txtonly/2019_LW_Schreibwettbewerb-Literaturhaus-Zürich_02_Lina-Schwenk_4x21=84_pp.txt,2019,LW,Literaturwettbewerb,02,Lina Schwenk 4x21=84,0.0,0.1534792118135891,-0.1534792118135891,keine_dominanz
1091,file:/C:/mallet/textkorpus/final_txtonly/2019_LW_Schreibwettbewerb-Literaturhaus-Zürich_03_Louise-Gold_Die-Malaria_von-Pi_pp.txt,2019,LW,Literaturwettbewerb,03,Louise Gold Die Malaria von Pi,0.0,0.0688014927234066,-0.0688014927234066,keine_dominanz
1092,file:/C:/mallet/textkorpus/final_txtonly/2019_LW_Schreibwettbewerb-Literaturhaus-Zürich_04_Sibylle-Zimmermann_Morsche-Knochen_pp.txt,2019,LW,Literaturwettbewerb,04,Sibylle Zimmermann Morsche Knochen,0.1109093282386483,0.1186104096246878,-0.007701081386039504,keine_dominanz
1093,file:/C:/mallet/textkorpus/final_txtonly/2019_LW_Schreibwettbewerb-Literaturhaus-Zürich_05_Marin-M-Lindner_Schimmlers-Teilung_pp.txt,2019,LW,Literaturwettbewerb,05,Marin M Lindner Schimmlers Teilung,0.0,0.1439996809487079,-0.1439996809487079,keine_dominanz
1094,file:/C:/mallet/textkorpus/final_txtonly/2019_LW_Schreibwettbewerb-Literaturhaus-Zürich_06_Marc-Späni_Der-Bahnwärter_pp.txt,2019,LW,Literaturwettbewerb,06,Marc Späni Der Bahnwärter,0.0475054281465428,0.1520940247690058,-0.104588596622463,keine_dominanz
1095,file:/C:/mallet/textkorpus/final_txtonly/2019_LW_Schreibwettbewerb-Literaturhaus-Zürich_07_Karin-Leroch_Die-Höhle-des-Drachen_pp.txt,2019,LW,Literaturwettbewerb,07,Karin Leroch Die Höhle des Drachen,0.0,0.22877914498766522,-0.22877914498766522,keine_dominanz
1096,file:/C:/mallet/textkorpus/final_txtonly/2019_LW_Schreibwettbewerb-Literaturhaus-Zürich_08_Dieter-Boller_Wiedersehen-im-Hamam_pp.txt,2019,LW,Literaturwettbewerb,08,Dieter Boller Wiedersehen im Hamam,0.0435366949661684,0.2073128615825674,-0.163776166616399,keine_dominanz
1097,file:/C:/mallet/textkorpus/final_txtonly/2019_LW_Schreibwettbewerb-Literaturhaus-Zürich_09_Katinka-Ruffieux_Streuner_pp.txt,2019,LW,Literaturwettbewerb,09,Katinka Ruffieux Streuner,0.0,0.13230009630065293,-0.13230009630065293,keine_dominanz
1098,file:/C:/mallet/textkorpus/final_txtonly/2019_LW_Schreibwettbewerb-Literaturhaus-Zürich_10_Helen-Hermens_Vogelmanns-Interpretation_pp.txt,2019,LW,Literaturwettbewerb,10,Helen Hermens Vogelmanns Interpretation,0.0364240782204807,0.1130124218271352,-0.0765883436066545,keine_dominanz
1099,file:/C:/mallet/textkorpus/final_txtonly/2019_LW_Schreibwettbewerb-Literaturhaus-Zürich_11_David-Jacobs_Robinson-und-Level-17_pp.txt,2019,LW,Literaturwettbewerb,11,David Jacobs Robinson und Level 17,0.0,0.0,0.0,keine_dominanz
1100,file:/C:/mallet/textkorpus/final_txtonly/2019_LZ_SINN_1_Georg-Klein_Junger-Pfau-in-Aspik_pp.txt,2019,LZ,Literaturzeitschrift,1,Georg Klein Junger Pfau in Aspik,0.0558358577115415,0.0767076873930307,-0.0208718296814892,keine_dominanz
1101,file:/C:/mallet/textkorpus/final_txtonly/2019_LZ_SINN_1_Lutz-Seiler_Der-einzige-Weg_pp.txt,2019,LZ,Literaturzeitschrift,1,Lutz Seiler Der einzige Weg,0.1495900375916845,0.0,0.1495900375916845,keine_dominanz
1102,file:/C:/mallet/textkorpus/final_txtonly/2019_LZ_SINN_2_Ingo-Schulze_Kakoj-Kaschmar-oder-You-are-welcome_pp.txt,2019,LZ,Literaturzeitschrift,2,Ingo Schulze Kakoj Kaschmar oder You are welcome,0.0,0.0,0.0,keine_dominanz
1103,file:/C:/mallet/textkorpus/final_txtonly/2019_LZ_SINN_3_Leander-Steinkopf_Geschichte-meines-Autos_pp.txt,2019,LZ,Literaturzeitschrift,3,Leander Steinkopf Geschichte meines Autos,0.0775001389244963,0.0,0.0775001389244963,keine_dominanz
1104,file:/C:/mallet/textkorpus/final_txtonly/2019_LZ_SINN_4_Roswitha-Haring_Zurück_pp.txt,2019,LZ,Literaturzeitschrift,4,Roswitha Haring Zurück,0.1444091536638015,0.0262414367000408,0.1181677169637607,keine_dominanz
1105,file:/C:/mallet/textkorpus/final_txtonly/2019_LZ_SINN_5_Esther-Kinsky_Nach-Split_pp.txt,2019,LZ,Literaturzeitschrift,5,Esther Kinsky Nach Split,0.0749769564635202,0.2439579999438838,-0.1689810434803636,keine_dominanz
1106,file:/C:/mallet/textkorpus/final_txtonly/2019_LZ_SINN_6_Tatjana-Arquint_Der-Blaubart-aus-Küsnacht_pp.txt,2019,LZ,Literaturzeitschrift,6,Tatjana Arquint Der Blaubart aus Küsnacht,0.0307467621333914,0.2011186934641468,-0.1703719313307554,keine_dominanz
1107,file:/C:/mallet/textkorpus/final_txtonly/2019_LZ_SINN_6_Tatjana-Arquint_Theo_pp.txt,2019,LZ,Literaturzeitschrift,6,Tatjana Arquint Theo,0.0613972589024399,0.1556063646555952,-0.09420910575315529,keine_dominanz
1108,file:/C:/mallet/textkorpus/final_txtonly/2019_LZ_SPRITZ_229_Lea-Wintterlin_Der-Bulle_pp.txt,2019,LZ,Literaturzeitschrift,229,Lea Wintterlin Der Bulle,0.0,0.0500528496662658,-0.0500528496662658,keine_dominanz
1109,file:/C:/mallet/textkorpus/final_txtonly/2019_LZ_SPRITZ_229_Marc-Lunghuß_Die-Rinne_pp.txt,2019,LZ,Literaturzeitschrift,229,Marc Lunghuß Die Rinne,0.0,0.0466148129926785,-0.0466148129926785,keine_dominanz
1110,file:/C:/mallet/textkorpus/final_txtonly/2019_LZ_SPRITZ_229_Sebastian-Behr_Miniquidi-Gold_pp.txt,2019,LZ,Literaturzeitschrift,229,Sebastian Behr Miniquidi Gold,0.0,0.1652492432825444,-0.1652492432825444,keine_dominanz
1111,file:/C:/mallet/textkorpus/final_txtonly/2019_OP_FF_Akanne_Der-wahre-Grund_5cfabf44000556de24e73f4b_pp.txt,2019,OP,Online-Plattform,Akanne,Der wahre Grund 5cfabf44000556de24e73f4b,0.0308627128494459,0.0,0.0308627128494459,keine_dominanz
1112,file:/C:/mallet/textkorpus/final_txtonly/2019_OP_FF_AlexClaain_Das-Scheinwerferlicht-der-Laterne_5d59978b00030c6985a6dba_pp.txt,2019,OP,Online-Plattform,AlexClaain,Das Scheinwerferlicht der Laterne 5d59978b00030c6985a6dba,0.0,0.0,0.0,keine_dominanz
1113,file:/C:/mallet/textkorpus/final_txtonly/2019_OP_FF_AlexClaain_Von-Schmetterlingen-und-Maden_5d193d7700030c6936fadb7c_pp.txt,2019,OP,Online-Plattform,AlexClaain,Von Schmetterlingen und Maden 5d193d7700030c6936fadb7c,0.0,0.0533324486049845,-0.0533324486049845,keine_dominanz
1114,file:/C:/mallet/textkorpus/final_txtonly/2019_OP_FF_Amrais_Suendenfall_5d5fc215000aee871de95b07_pp.txt,2019,OP,Online-Plattform,Amrais,Suendenfall 5d5fc215000aee871de95b07,0.0,0.1868958982426221,-0.1868958982426221,keine_dominanz
1115,file:/C:/mallet/textkorpus/final_txtonly/2019_OP_FF_another-lost-poet_About-her_5d29d8c0000a29d6121361e1_pp.txt,2019,OP,Online-Plattform,another lost poet,About her 5d29d8c0000a29d6121361e1,0.0,0.0,0.0,keine_dominanz
1116,file:/C:/mallet/textkorpus/final_txtonly/2019_OP_FF_Asmodeus94_Das-Atelier-des-Jackson-Clarke_5cd55d5f000acc7029f6752f_pp.txt,2019,OP,Online-Plattform,Asmodeus94,Das Atelier des Jackson Clarke 5cd55d5f000acc7029f6752f,0.0,0.1359337072496973,-0.1359337072496973,keine_dominanz
1117,file:/C:/mallet/textkorpus/final_txtonly/2019_OP_FF_Asmodeus94_Ein-regnerischer-Tag_5cd40c2c000acc70118b7c93_pp.txt,2019,OP,Online-Plattform,Asmodeus94,Ein regnerischer Tag 5cd40c2c000acc70118b7c93,0.0920913764377507,0.0,0.0920913764377507,keine_dominanz
1118,file:/C:/mallet/textkorpus/final_txtonly/2019_OP_FF_Asmodeus94_In-einem-Haus-am-See_5cd85071000acc70ec95b75_pp.txt,2019,OP,Online-Plattform,Asmodeus94,In einem Haus am See 5cd85071000acc70ec95b75,0.0,0.0832591373844133,-0.0832591373844133,keine_dominanz
1119,file:/C:/mallet/textkorpus/final_txtonly/2019_OP_FF_Asmodeus94_Jenseits-des-Flusses_5cde8034000acc703a9e6145_pp.txt,2019,OP,Online-Plattform,Asmodeus94,Jenseits des Flusses 5cde8034000acc703a9e6145,0.0,0.37774653352389925,-0.37774653352389925,dominant_unterhaltend
1120,file:/C:/mallet/textkorpus/final_txtonly/2019_OP_FF_Asmodeus94_Ohrenschmerz_5ced8f66000acc70129fc1fa_pp.txt,2019,OP,Online-Plattform,Asmodeus94,Ohrenschmerz 5ced8f66000acc70129fc1fa,0.0,0.0400326318962345,-0.0400326318962345,keine_dominanz
1121,file:/C:/mallet/textkorpus/final_txtonly/2019_OP_FF_Bane-Gats_Endgame_5cddb2770009df8d35701bfc_pp.txt,2019,OP,Online-Plattform,Bane Gats,Endgame 5cddb2770009df8d35701bfc,0.13448486399760312,0.0729134579479882,0.06157140604961492,keine_dominanz
1122,file:/C:/mallet/textkorpus/final_txtonly/2019_OP_FF_Bella-Steele_Immer-dieses-Grinsen_5c672bb1000a25b9db4c349_pp.txt,2019,OP,Online-Plattform,Bella Steele,Immer dieses Grinsen 5c672bb1000a25b9db4c349,0.0,0.0955218544900587,-0.0955218544900587,keine_dominanz
1123,file:/C:/mallet/textkorpus/final_txtonly/2019_OP_FF_Buecherwurm12_Am-Meer_5d5c2797000b24997d12564_pp.txt,2019,OP,Online-Plattform,Buecherwurm12,Am Meer 5d5c2797000b24997d12564,0.0,0.328149742371056,-0.328149742371056,keine_dominanz
1124,file:/C:/mallet/textkorpus/final_txtonly/2019_OP_FF_Buecherwurm12_Herbstzeit_5d7e9c99000b249927478ed4_pp.txt,2019,OP,Online-Plattform,Buecherwurm12,Herbstzeit 5d7e9c99000b249927478ed4,0.0,0.361902105310846,-0.361902105310846,dominant_unterhaltend
1125,file:/C:/mallet/textkorpus/final_txtonly/2019_OP_FF_Cedric_Osterhasen-malen-nicht_5caa119a000aa7e69924616_pp.txt,2019,OP,Online-Plattform,Cedric,Osterhasen malen nicht 5caa119a000aa7e69924616,0.0,0.0787211369843601,-0.0787211369843601,keine_dominanz
1126,file:/C:/mallet/textkorpus/final_txtonly/2019_OP_FF_Cylis-Tristik_Wuestensturm-Rebellion_5d49f70b000abb78cb17d65_pp.txt,2019,OP,Online-Plattform,Cylis Tristik,Wuestensturm Rebellion 5d49f70b000abb78cb17d65,0.0,0.0,0.0,keine_dominanz
1127,file:/C:/mallet/textkorpus/final_txtonly/2019_OP_FF_Dea-Desideria_Heimwegtelefon_5d877479000929ecbc61583_pp.txt,2019,OP,Online-Plattform,Dea Desideria,Heimwegtelefon 5d877479000929ecbc61583,0.0287754599471148,0.0237712495498336,0.0050042103972811995,keine_dominanz
1128,file:/C:/mallet/textkorpus/final_txtonly/2019_OP_FF_Dea-Desideria_Von-einem-der-auszog-heimzukehren_5d480a13000929ec14e67fd8_pp.txt,2019,OP,Online-Plattform,Dea Desideria,Von einem der auszog heimzukehren 5d480a13000929ec14e67fd8,0.0302817636657631,0.0,0.0302817636657631,keine_dominanz
1129,file:/C:/mallet/textkorpus/final_txtonly/2019_OP_FF_Eckstein_Die-German-Geschichte_5d3f372b0003b805dac523f_pp.txt,2019,OP,Online-Plattform,Eckstein,Die German Geschichte 5d3f372b0003b805dac523f,0.0,0.0,0.0,keine_dominanz
1130,file:/C:/mallet/textkorpus/final_txtonly/2019_OP_FF_Ellis-Hill_Incident_5d4207890005f34b3b6a7fa1_pp.txt,2019,OP,Online-Plattform,Ellis Hill,Incident 5d4207890005f34b3b6a7fa1,0.0255522435036721,0.0,0.0255522435036721,keine_dominanz
1131,file:/C:/mallet/textkorpus/final_txtonly/2019_OP_FF_Ender-Wiggin_Sondermeldung_5d2308930000afdee6f1d9e_pp.txt,2019,OP,Online-Plattform,Ender Wiggin,Sondermeldung 5d2308930000afdee6f1d9e,0.0915950016116049,0.0,0.0915950016116049,keine_dominanz
1132,file:/C:/mallet/textkorpus/final_txtonly/2019_OP_FF_Ender-Wiggin_Stille-Nacht-als-Weihnachten-starb_5dda588d0000afde11b6012b_pp.txt,2019,OP,Online-Plattform,Ender Wiggin,Stille Nacht als Weihnachten starb 5dda588d0000afde11b6012b,0.1794235229905738,0.0865041464278672,0.09291937656270659,keine_dominanz
1133,file:/C:/mallet/textkorpus/final_txtonly/2019_OP_FF_Ente123_Und-am-Ende-blieb_5d2c56c20008455635c7dbfb_pp.txt,2019,OP,Online-Plattform,Ente123,Und am Ende blieb 5d2c56c20008455635c7dbfb,0.086538822202288,0.0687501040302848,0.0177887181720032,keine_dominanz
1134,file:/C:/mallet/textkorpus/final_txtonly/2019_OP_FF_Fruehschlaeferin_Der-Mann-der-seine-Tochter-an-einem-Bahnsteig-verlor_5da79aa8000613098ea726d_pp.txt,2019,OP,Online-Plattform,Fruehschlaeferin,Der Mann der seine Tochter an einem Bahnsteig verlor 5da79aa8000613098ea726d,0.0,0.2145051385401615,-0.2145051385401615,keine_dominanz
1135,file:/C:/mallet/textkorpus/final_txtonly/2019_OP_FF_Hafer_Post-Mortem-Beschwerden_5c5d8e69000a79981835a818_pp.txt,2019,OP,Online-Plattform,Hafer,Post Mortem Beschwerden 5c5d8e69000a79981835a818,0.1725543381723893,0.0,0.1725543381723893,keine_dominanz
1136,file:/C:/mallet/textkorpus/final_txtonly/2019_OP_FF_Halbblut-Nerdy_Jagdsaison_5dc1a61f00054540139eeedc_pp.txt,2019,OP,Online-Plattform,Halbblut Nerdy,Jagdsaison 5dc1a61f00054540139eeedc,0.1259679379498905,0.0291786927937905,0.0967892451561,keine_dominanz
1137,file:/C:/mallet/textkorpus/final_txtonly/2019_OP_FF_haley_Kuerbiszeit_5dc702c7000043d11e2b3086_pp.txt,2019,OP,Online-Plattform,haley,Kuerbiszeit 5dc702c7000043d11e2b3086,0.0,0.0555530271130619,-0.0555530271130619,keine_dominanz
1138,file:/C:/mallet/textkorpus/final_txtonly/2019_OP_FF_Herbstbluete_Der-Spiegelsaal_5ca38cb5000985e43616a7a5_pp.txt,2019,OP,Online-Plattform,Herbstbluete,Der Spiegelsaal 5ca38cb5000985e43616a7a5,0.0468674501479475,0.0303811164914055,0.016486333656542,keine_dominanz
1139,file:/C:/mallet/textkorpus/final_txtonly/2019_OP_FF_Hibiskus_Das-Leben-kommt-zu-Besuch_5d9100b1000b339c1d2333d7_pp.txt,2019,OP,Online-Plattform,Hibiskus,Das Leben kommt zu Besuch 5d9100b1000b339c1d2333d7,0.0,0.25168867640533754,-0.25168867640533754,keine_dominanz
1140,file:/C:/mallet/textkorpus/final_txtonly/2019_OP_FF_Historia_Zimt-Zukunft_5da8b9a60005125229c4c9f7_pp.txt,2019,OP,Online-Plattform,Historia,Zimt Zukunft 5da8b9a60005125229c4c9f7,0.0797352324080097,0.1665108386633258,-0.0867756062553161,keine_dominanz
1141,file:/C:/mallet/textkorpus/final_txtonly/2019_OP_FF_Jadeherz_Zerschmetterlinge_5dd1512c00037cb68cfd3a3_pp.txt,2019,OP,Online-Plattform,Jadeherz,Zerschmetterlinge 5dd1512c00037cb68cfd3a3,0.0,0.0,0.0,keine_dominanz
1142,file:/C:/mallet/textkorpus/final_txtonly/2019_OP_FF_Kademlia_How-to-avoid-monsters-under-your-bed_5d13336c0004c2bb359538e6_pp.txt,2019,OP,Online-Plattform,Kademlia,How to avoid monsters under your bed 5d13336c0004c2bb359538e6,0.1363338000485108,0.0,0.1363338000485108,keine_dominanz
1143,file:/C:/mallet/textkorpus/final_txtonly/2019_OP_FF_Lady-Rumkugel_Ich-bin-Carla-du-bist-Herbert_5cdb519b00093e8f26b74412_pp.txt,2019,OP,Online-Plattform,Lady Rumkugel,Ich bin Carla du bist Herbert 5cdb519b00093e8f26b74412,0.0584994601890911,0.0,0.0584994601890911,keine_dominanz
1144,file:/C:/mallet/textkorpus/final_txtonly/2019_OP_FF_Lady-Rumkugel_Verliebt-in-einen-Dichter-Spin-Off_5c62276200093e8fe53e0b0_pp.txt,2019,OP,Online-Plattform,Lady Rumkugel,Verliebt in einen Dichter Spin Off 5c62276200093e8fe53e0b0,0.0,0.0283887955866995,-0.0283887955866995,keine_dominanz
1145,file:/C:/mallet/textkorpus/final_txtonly/2019_OP_FF_Lady-Rumkugel_Warum-eigentlich-Stadt-der-Liebe_5cdb551a00093e8f15e2d07c_pp.txt,2019,OP,Online-Plattform,Lady Rumkugel,Warum eigentlich Stadt der Liebe 5cdb551a00093e8f15e2d07c,0.0,0.0717489689764343,-0.0717489689764343,keine_dominanz
1146,file:/C:/mallet/textkorpus/final_txtonly/2019_OP_FF_lesbianlove_es-war-anders-einst_5dbf42180008dcd71d6dfbbf_pp.txt,2019,OP,Online-Plattform,lesbianlove,es war anders einst 5dbf42180008dcd71d6dfbbf,0.1011339036700235,0.2128519942628215,-0.111718090592798,keine_dominanz
1147,file:/C:/mallet/textkorpus/final_txtonly/2019_OP_FF_Lia-Roger_Nimmersatt_5c4cfc440002c5bcd7721ea_pp.txt,2019,OP,Online-Plattform,Lia Roger,Nimmersatt 5c4cfc440002c5bcd7721ea,0.1232620305698007,0.0254841691854054,0.0977778613843953,keine_dominanz
1148,file:/C:/mallet/textkorpus/final_txtonly/2019_OP_FF_Lokisdottir_An-der-kleine-Thermosbecher_5cf74d1c00039c9d12754550_pp.txt,2019,OP,Online-Plattform,Lokisdottir,An der kleine Thermosbecher 5cf74d1c00039c9d12754550,0.0276632291680012,0.0,0.0276632291680012,keine_dominanz
1149,file:/C:/mallet/textkorpus/final_txtonly/2019_OP_FF_Lykaion_Fremdkoerper_5dcdde350005fe682ef65664_pp.txt,2019,OP,Online-Plattform,Lykaion,Fremdkoerper 5dcdde350005fe682ef65664,0.0,0.07528153862809911,-0.07528153862809911,keine_dominanz
1150,file:/C:/mallet/textkorpus/final_txtonly/2019_OP_FF_memoirst_god-s-whisper_5d0aab2b000aef5933fd92a8_pp.txt,2019,OP,Online-Plattform,memoirst,god s whisper 5d0aab2b000aef5933fd92a8,0.0,0.0,0.0,keine_dominanz
1151,file:/C:/mallet/textkorpus/final_txtonly/2019_OP_FF_memoirst_jagdsaison_5d0bebc5000aef59300cc523_pp.txt,2019,OP,Online-Plattform,memoirst,jagdsaison 5d0bebc5000aef59300cc523,0.1543515465652961,0.0306690826158276,0.1236824639494685,keine_dominanz
1152,file:/C:/mallet/textkorpus/final_txtonly/2019_OP_FF_MiracleCat_When-there-is-no-escape_5cf4bcf6000a7542143384a1_pp.txt,2019,OP,Online-Plattform,MiracleCat,When there is no escape 5cf4bcf6000a7542143384a1,0.0354850769411717,0.0,0.0354850769411717,keine_dominanz
1153,file:/C:/mallet/textkorpus/final_txtonly/2019_OP_FF_MonBijou_Ein-Geist-im-Schneesturm_5d94e298000227451bbe5aa4_pp.txt,2019,OP,Online-Plattform,MonBijou,Ein Geist im Schneesturm 5d94e298000227451bbe5aa4,0.0,0.0,0.0,keine_dominanz
1154,file:/C:/mallet/textkorpus/final_txtonly/2019_OP_FF_Nessa-Seregon_Trinkst-du-nicht-Wieso_5d03ec250008535534bd4558_pp.txt,2019,OP,Online-Plattform,Nessa Seregon,Trinkst du nicht Wieso 5d03ec250008535534bd4558,0.0,0.1111829431428742,-0.1111829431428742,keine_dominanz
1155,file:/C:/mallet/textkorpus/final_txtonly/2019_OP_FF_Niabell_Rauhnacht_5dd16c7a00081ac72abbdda0_pp.txt,2019,OP,Online-Plattform,Niabell,Rauhnacht 5dd16c7a00081ac72abbdda0,0.0,0.0,0.0,keine_dominanz
1156,file:/C:/mallet/textkorpus/final_txtonly/2019_OP_FF_Oma-Wetterwachs_Huehnerfrikassee_5d2072340009d85531b02725_pp.txt,2019,OP,Online-Plattform,Oma Wetterwachs,Huehnerfrikassee 5d2072340009d85531b02725,0.077747409437803,0.2697847129160936,-0.19203730347829062,keine_dominanz
1157,file:/C:/mallet/textkorpus/final_txtonly/2019_OP_FF_Oma-Wetterwachs_Spaetsommerblues_5d0b5ffe0009d8551d2352ac_pp.txt,2019,OP,Online-Plattform,Oma Wetterwachs,Spaetsommerblues 5d0b5ffe0009d8551d2352ac,0.0,0.0,0.0,keine_dominanz
1158,file:/C:/mallet/textkorpus/final_txtonly/2019_OP_FF_Orpheus-Harsley_Somewhere-in-Neverland_5cb716500005d2eb12d3e614_pp.txt,2019,OP,Online-Plattform,Orpheus Harsley,Somewhere in Neverland 5cb716500005d2eb12d3e614,0.0,0.0337818845397822,-0.0337818845397822,keine_dominanz
1159,file:/C:/mallet/textkorpus/final_txtonly/2019_OP_FF_Phantanielle_Ein-Sommertag-am-Meer_5dcc1db00009c7b1142104a7_pp.txt,2019,OP,Online-Plattform,Phantanielle,Ein Sommertag am Meer 5dcc1db00009c7b1142104a7,0.0,0.1375469435207874,-0.1375469435207874,keine_dominanz
1160,file:/C:/mallet/textkorpus/final_txtonly/2019_OP_FF_Phantanielle_Ein-Tag-den-es-eigentlich-gar-nicht-gibt_5dcc0c370009c7b13097c4f9_pp.txt,2019,OP,Online-Plattform,Phantanielle,Ein Tag den es eigentlich gar nicht gibt 5dcc0c370009c7b13097c4f9,0.0,0.0205904102812361,-0.0205904102812361,keine_dominanz
1161,file:/C:/mallet/textkorpus/final_txtonly/2019_OP_FF_PineappleJayden_Der-Fotograf-steht-immer-allein_5ce2db6e00057b3f39e5b202_pp.txt,2019,OP,Online-Plattform,PineappleJayden,Der Fotograf steht immer allein 5ce2db6e00057b3f39e5b202,0.0,0.0564030929640676,-0.0564030929640676,keine_dominanz
1162,file:/C:/mallet/textkorpus/final_txtonly/2019_OP_FF_Priester_Die-Anstalt_5d31c0a7000ae5b4239822ee_pp.txt,2019,OP,Online-Plattform,Priester,Die Anstalt 5d31c0a7000ae5b4239822ee,0.0582684392371119,0.0895611492808724,-0.031292710043760504,keine_dominanz
1163,file:/C:/mallet/textkorpus/final_txtonly/2019_OP_FF_rainstormnights_Das-Leben-von-Geschichten_5e0754480008b07f238c9d20_pp.txt,2019,OP,Online-Plattform,rainstormnights,Das Leben von Geschichten 5e0754480008b07f238c9d20,0.0,0.0,0.0,keine_dominanz
1164,file:/C:/mallet/textkorpus/final_txtonly/2019_OP_FF_Riri-no-Shoka_Nein_5d7fa031000318222cc67a52_pp.txt,2019,OP,Online-Plattform,Riri no Shoka,Nein 5d7fa031000318222cc67a52,0.0,0.0,0.0,keine_dominanz
1165,file:/C:/mallet/textkorpus/final_txtonly/2019_OP_FF_Ririchiyo_Right-where-Im-meant-to-be_5cac5cf2000318221cdc64df_pp.txt,2019,OP,Online-Plattform,Ririchiyo,Right where Im meant to be 5cac5cf2000318221cdc64df,0.0,0.0,0.0,keine_dominanz
1166,file:/C:/mallet/textkorpus/final_txtonly/2019_OP_FF_Ronsen_Das-Glashaus_5c79aa6200040acc342f386a_pp.txt,2019,OP,Online-Plattform,Ronsen,Das Glashaus 5c79aa6200040acc342f386a,0.0853657318913638,0.0384728395220108,0.046892892369353005,keine_dominanz
1167,file:/C:/mallet/textkorpus/final_txtonly/2019_OP_FF_Rosethouartsick_Das-Problem-ist-Heute_5c6593bc000614fe64257ff_pp.txt,2019,OP,Online-Plattform,Rosethouartsick,Das Problem ist Heute 5c6593bc000614fe64257ff,0.0,0.0554662976853491,-0.0554662976853491,keine_dominanz
1168,file:/C:/mallet/textkorpus/final_txtonly/2019_OP_FF_Snoopy279_Wunderschoene-Menschen_5d4567210001367ef52e3d7_pp.txt,2019,OP,Online-Plattform,Snoopy279,Wunderschoene Menschen 5d4567210001367ef52e3d7,0.0,0.0,0.0,keine_dominanz
1169,file:/C:/mallet/textkorpus/final_txtonly/2019_OP_FF_strawberryowl_Eine-Leiche-und-Sekundenkleber_5d99ada40006324e1303ab52_pp.txt,2019,OP,Online-Plattform,strawberryowl,Eine Leiche und Sekundenkleber 5d99ada40006324e1303ab52,0.1560760438365493,0.0810825479218565,0.0749934959146928,keine_dominanz
1170,file:/C:/mallet/textkorpus/final_txtonly/2019_OP_FF_Sunkiss1301_Durchs-Fenster_5db84389000380402388f733_pp.txt,2019,OP,Online-Plattform,Sunkiss1301,Durchs Fenster 5db84389000380402388f733,0.0,0.0,0.0,keine_dominanz
1171,file:/C:/mallet/textkorpus/final_txtonly/2019_OP_FF_Tae_Offline_5cf02bf60000e6051a9244df_pp.txt,2019,OP,Online-Plattform,Tae,Offline 5cf02bf60000e6051a9244df,0.0,0.0,0.0,keine_dominanz
1172,file:/C:/mallet/textkorpus/final_txtonly/2019_OP_FF_Thomas-Heinrich_Der-schoene-Juengling_5ca78071000715922f3dcf93_pp.txt,2019,OP,Online-Plattform,Thomas Heinrich,Der schoene Juengling 5ca78071000715922f3dcf93,0.0,0.262223902530019,-0.262223902530019,keine_dominanz
1173,file:/C:/mallet/textkorpus/final_txtonly/2019_OP_FF_Thomas-Heinrich_Merlins-Vision_5db6954f000715921c2c95b0_pp.txt,2019,OP,Online-Plattform,Thomas Heinrich,Merlins Vision 5db6954f000715921c2c95b0,0.2517793932405737,0.088111626461282,0.16366776677929168,keine_dominanz
1174,file:/C:/mallet/textkorpus/final_txtonly/2019_OP_FF_W4rriorC4t_Ein-normaler-Tag-in-der-Schule-A-normal-day-at-school_5cba4b3c0009e5fc121b1d38_pp.txt,2019,OP,Online-Plattform,W4rriorC4t,Ein normaler Tag in der Schule A normal day at school 5cba4b3c0009e5fc121b1d38,0.1411493819986194,0.1918083729827125,-0.0506589909840931,keine_dominanz
1175,file:/C:/mallet/textkorpus/final_txtonly/2019_OP_FF_W4rriorC4t_Nachts_5c71e5910009e5fc3834a406_pp.txt,2019,OP,Online-Plattform,W4rriorC4t,Nachts 5c71e5910009e5fc3834a406,0.0,0.0,0.0,keine_dominanz
1176,file:/C:/mallet/textkorpus/final_txtonly/2019_OP_FF_Witness_winterblau_5c69a7db0002b799138faa20_pp.txt,2019,OP,Online-Plattform,Witness,winterblau 5c69a7db0002b799138faa20,0.0274400315341725,0.0432936275157222,-0.0158535959815497,keine_dominanz
1177,file:/C:/mallet/textkorpus/final_txtonly/2020_B_Ein-Manifest-Gegen-die-emotionale-Verkümmerung_Paulina-Czienskowski_1_pp.txt,2020,B,Buch,Paulina Czienskowski,1,0.0,0.0641046073163178,-0.0641046073163178,keine_dominanz
1178,file:/C:/mallet/textkorpus/final_txtonly/2020_B_Ein-Manifest-Gegen-die-emotionale-Verkümmerung_Paulina-Czienskowski_2_pp.txt,2020,B,Buch,Paulina Czienskowski,2,0.0363713250689863,0.0,0.0363713250689863,keine_dominanz
1179,file:/C:/mallet/textkorpus/final_txtonly/2020_B_Ein-Manifest-Gegen-die-emotionale-Verkümmerung_Paulina-Czienskowski_3_pp.txt,2020,B,Buch,Paulina Czienskowski,3,0.0,0.0,0.0,keine_dominanz
1180,file:/C:/mallet/textkorpus/final_txtonly/2020_B_Ein-Manifest-Gegen-die-emotionale-Verkümmerung_Paulina-Czienskowski_4_pp.txt,2020,B,Buch,Paulina Czienskowski,4,0.0946069870535177,0.0,0.0946069870535177,keine_dominanz
1181,file:/C:/mallet/textkorpus/final_txtonly/2020_B_Ein-Manifest-Gegen-die-emotionale-Verkümmerung_Paulina-Czienskowski_5_pp.txt,2020,B,Buch,Paulina Czienskowski,5,0.1646838294622984,0.0428967514210772,0.1217870780412212,keine_dominanz
1182,file:/C:/mallet/textkorpus/final_txtonly/2020_B_Ein-Manifest-Gegen-die-emotionale-Verkümmerung_Paulina-Czienskowski_6_pp.txt,2020,B,Buch,Paulina Czienskowski,6,0.0306392778180289,0.0,0.0306392778180289,keine_dominanz
1183,file:/C:/mallet/textkorpus/final_txtonly/2020_B_Ein-Manifest-Gegen-die-emotionale-Verkümmerung_Paulina-Czienskowski_7_pp.txt,2020,B,Buch,Paulina Czienskowski,7,0.0,0.0270814021898575,-0.0270814021898575,keine_dominanz
1184,file:/C:/mallet/textkorpus/final_txtonly/2020_B_Ein-Manifest-Gegen-die-emotionale-Verkümmerung_Paulina-Czienskowski_8_pp.txt,2020,B,Buch,Paulina Czienskowski,8,0.11213028725704541,0.0515490537478344,0.060581233509211005,keine_dominanz
1185,file:/C:/mallet/textkorpus/final_txtonly/2020_B_Ein-Manifest-Gegen-die-emotionale-Verkümmerung_Paulina-Czienskowski_9_pp.txt,2020,B,Buch,Paulina Czienskowski,9,0.0525609588548737,0.0,0.0525609588548737,keine_dominanz
1186,file:/C:/mallet/textkorpus/final_txtonly/2020_B_Grundlagenforschung_Anke-Stelling_Bei-den-Wölfen_pp.txt,2020,B,Buch,Anke Stelling,Bei den Wölfen,0.0,0.0234290012209728,-0.0234290012209728,keine_dominanz
1187,file:/C:/mallet/textkorpus/final_txtonly/2020_B_Grundlagenforschung_Anke-Stelling_Die-Stelle_pp.txt,2020,B,Buch,Anke Stelling,Die Stelle,0.0656126339488709,0.0307173307434182,0.0348953032054527,keine_dominanz
1188,file:/C:/mallet/textkorpus/final_txtonly/2020_B_Grundlagenforschung_Anke-Stelling_Feldsalat_pp.txt,2020,B,Buch,Anke Stelling,Feldsalat,0.0,0.087445254520014,-0.087445254520014,keine_dominanz
1189,file:/C:/mallet/textkorpus/final_txtonly/2020_B_Grundlagenforschung_Anke-Stelling_Glückliche-Fügung_pp.txt,2020,B,Buch,Anke Stelling,Glückliche Fügung,0.0,0.0287203309658947,-0.0287203309658947,keine_dominanz
1190,file:/C:/mallet/textkorpus/final_txtonly/2020_B_Grundlagenforschung_Anke-Stelling_Grandezza-II_pp.txt,2020,B,Buch,Anke Stelling,Grandezza II,0.0,0.0,0.0,keine_dominanz
1191,file:/C:/mallet/textkorpus/final_txtonly/2020_B_Grundlagenforschung_Anke-Stelling_Heilsversprechen_pp.txt,2020,B,Buch,Anke Stelling,Heilsversprechen,0.0268137319117969,0.22977724176947847,-0.20296350985768158,keine_dominanz
1192,file:/C:/mallet/textkorpus/final_txtonly/2020_B_Grundlagenforschung_Anke-Stelling_Leider-nein_pp.txt,2020,B,Buch,Anke Stelling,Leider nein,0.0201112710302894,0.0716438003217737,-0.0515325292914843,keine_dominanz
1193,file:/C:/mallet/textkorpus/final_txtonly/2020_B_Grundlagenforschung_Anke-Stelling_Ranunkeln_pp.txt,2020,B,Buch,Anke Stelling,Ranunkeln,0.024444467773709,0.0442835892771721,-0.019839121503463102,keine_dominanz
1194,file:/C:/mallet/textkorpus/final_txtonly/2020_B_Grundlagenforschung_Anke-Stelling_Raus_pp.txt,2020,B,Buch,Anke Stelling,Raus,0.056726762011402296,0.0719367211285892,-0.015209959117186908,keine_dominanz
1195,file:/C:/mallet/textkorpus/final_txtonly/2020_B_Grundlagenforschung_Anke-Stelling_Schlimmstenfalls_pp.txt,2020,B,Buch,Anke Stelling,Schlimmstenfalls,0.0,0.0,0.0,keine_dominanz
1196,file:/C:/mallet/textkorpus/final_txtonly/2020_B_Grundlagenforschung_Anke-Stelling_Sowohl-als-auch_pp.txt,2020,B,Buch,Anke Stelling,Sowohl als auch,0.1005590668243444,0.0244398913945907,0.0761191754297537,keine_dominanz
1197,file:/C:/mallet/textkorpus/final_txtonly/2020_B_Grundlagenforschung_Anke-Stelling_Unbeständig-und-kalt_pp.txt,2020,B,Buch,Anke Stelling,Unbeständig und kalt,0.0,0.0,0.0,keine_dominanz
1198,file:/C:/mallet/textkorpus/final_txtonly/2020_B_Grundlagenforschung_Anke-Stelling_Vorbei_pp.txt,2020,B,Buch,Anke Stelling,Vorbei,0.0,0.1027587964269261,-0.1027587964269261,keine_dominanz
1199,file:/C:/mallet/textkorpus/final_txtonly/2020_B_Grundlagenforschung_Anke-Stelling_Was-wenn-nicht-das_pp.txt,2020,B,Buch,Anke Stelling,Was wenn nicht das,0.0,0.0212149318094533,-0.0212149318094533,keine_dominanz
1200,file:/C:/mallet/textkorpus/final_txtonly/2020_B_Hotel-der-Schlaflosen_Ralf-Rothmann_Admiral-Frost_pp.txt,2020,B,Buch,Ralf Rothmann,Admiral Frost,0.027786624170643,0.27572790250934853,-0.24794127833870552,keine_dominanz
1201,file:/C:/mallet/textkorpus/final_txtonly/2020_B_Hotel-der-Schlaflosen_Ralf-Rothmann_Alle-Julias_pp.txt,2020,B,Buch,Ralf Rothmann,Alle Julias,0.0855940987688136,0.0,0.0855940987688136,keine_dominanz
1202,file:/C:/mallet/textkorpus/final_txtonly/2020_B_Hotel-der-Schlaflosen_Ralf-Rothmann_Auch-das-geht-vorbei_pp.txt,2020,B,Buch,Ralf Rothmann,Auch das geht vorbei,0.0454570211039407,0.1243160042677958,-0.07885898316385509,keine_dominanz
1203,file:/C:/mallet/textkorpus/final_txtonly/2020_B_Hotel-der-Schlaflosen_Ralf-Rothmann_Das-Sternbild-der-Idioten_pp.txt,2020,B,Buch,Ralf Rothmann,Das Sternbild der Idioten,0.0323344392258102,0.0,0.0323344392258102,keine_dominanz
1204,file:/C:/mallet/textkorpus/final_txtonly/2020_B_Hotel-der-Schlaflosen_Ralf-Rothmann_Der-Dicke-Schmitt_pp.txt,2020,B,Buch,Ralf Rothmann,Der Dicke Schmitt,0.0,0.0232689211552805,-0.0232689211552805,keine_dominanz
1205,file:/C:/mallet/textkorpus/final_txtonly/2020_B_Hotel-der-Schlaflosen_Ralf-Rothmann_Der-Wodka-des-Bestatters_pp.txt,2020,B,Buch,Ralf Rothmann,Der Wodka des Bestatters,0.0560464997588778,0.0313609212239852,0.024685578534892602,keine_dominanz
1206,file:/C:/mallet/textkorpus/final_txtonly/2020_B_Hotel-der-Schlaflosen_Ralf-Rothmann_Die-Nacht-in-der-Wüste_pp.txt,2020,B,Buch,Ralf Rothmann,Die Nacht in der Wüste,0.0,0.0367312675700919,-0.0367312675700919,keine_dominanz
1207,file:/C:/mallet/textkorpus/final_txtonly/2020_B_Hotel-der-Schlaflosen_Ralf-Rothmann_Ein-leises-Ziehen-in-der-Herzgegend_pp.txt,2020,B,Buch,Ralf Rothmann,Ein leises Ziehen in der Herzgegend,0.0,0.18714316375607087,-0.18714316375607087,keine_dominanz
1208,file:/C:/mallet/textkorpus/final_txtonly/2020_B_Hotel-der-Schlaflosen_Ralf-Rothmann_Geronimo_pp.txt,2020,B,Buch,Ralf Rothmann,Geronimo,0.0389246171016506,0.0280529484321953,0.010871668669455298,keine_dominanz
1209,file:/C:/mallet/textkorpus/final_txtonly/2020_B_Hotel-der-Schlaflosen_Ralf-Rothmann_Hotel-der-Schlaflosen_pp.txt,2020,B,Buch,Ralf Rothmann,Hotel der Schlaflosen,0.13869336090231948,0.0537792638837512,0.08491409701856828,keine_dominanz
1210,file:/C:/mallet/textkorpus/final_txtonly/2020_B_Hotel-der-Schlaflosen_Ralf-Rothmann_Wir-im-Schilf_pp.txt,2020,B,Buch,Ralf Rothmann,Wir im Schilf,0.0264624946464754,0.0512832776032753,-0.0248207829567999,keine_dominanz
1211,file:/C:/mallet/textkorpus/final_txtonly/2020_LW_Bachmann_3sat-Preis_Laura-Freudenthaler_Der-heißeste-Sommer_pp.txt,2020,LW,Literaturwettbewerb,3sat Preis,Laura Freudenthaler Der heißeste Sommer,0.0,0.0881784062409092,-0.0881784062409092,keine_dominanz
1212,file:/C:/mallet/textkorpus/final_txtonly/2020_LW_Bachmann_Bachmannpreis_Helga-Schubert_Vom-Aufstehen_AUSZUG_pp.txt,2020,LW,Literaturwettbewerb,Bachmannpreis,Helga Schubert Vom Aufstehen AUSZUG,0.3189857814698686,0.1074035493560923,0.2115822321137763,keine_dominanz
1213,file:/C:/mallet/textkorpus/final_txtonly/2020_LW_Bachmann_BKS-Publikumspreis_Lydia-Haider_Der-große-Gruß_pp.txt,2020,LW,Literaturwettbewerb,BKS Publikumspreis,Lydia Haider Der große Gruß,0.1124769938852893,0.06147680981301559,0.051000184072273705,keine_dominanz
1214,file:/C:/mallet/textkorpus/final_txtonly/2020_LW_Bachmann_Deutschlandfunk-Preis_Lisa-Krusche_Für-bestimmte-Welten-kämpfen-und-gegen-andere_pp.txt,2020,LW,Literaturwettbewerb,Deutschlandfunk Preis,Lisa Krusche Für bestimmte Welten kämpfen und gegen andere,0.0318875796069156,0.08179217555083479,-0.04990459594391919,keine_dominanz
1215,file:/C:/mallet/textkorpus/final_txtonly/2020_LW_Bachmann_Kelag-Preis_Egon-Christian-Leitner_Immer-im-Krieg_pp.txt,2020,LW,Literaturwettbewerb,Kelag Preis,Egon Christian Leitner Immer im Krieg,0.17940815702312718,0.0245669833425355,0.1548411736805917,keine_dominanz
1216,file:/C:/mallet/textkorpus/final_txtonly/2020_LW_Moerser-Literaturpreis_01_Miriam-v-Fest_Die-Prinzessin-von-Sansibar_pp.txt,2020,LW,Literaturwettbewerb,01,Miriam v Fest Die Prinzessin von Sansibar,0.0,0.1156002584513597,-0.1156002584513597,keine_dominanz
1217,file:/C:/mallet/textkorpus/final_txtonly/2020_LW_Moerser-Literaturpreis_02_Ada-Herx_Der-Ausstieg_pp.txt,2020,LW,Literaturwettbewerb,02,Ada Herx Der Ausstieg,0.046658709651164,0.0217966263603813,0.024862083290782697,keine_dominanz
1218,file:/C:/mallet/textkorpus/final_txtonly/2020_LW_Moerser-Literaturpreis_03_Celina-Farken_Wie-die-Sterne-ihren-Weg-zurück-nach-Paris-fanden_pp.txt,2020,LW,Literaturwettbewerb,03,Celina Farken Wie die Sterne ihren Weg zurück nach Paris fanden,0.0,0.0,0.0,keine_dominanz
1219,file:/C:/mallet/textkorpus/final_txtonly/2020_LW_Münchner-KGW_Anna-Hackl_Im-Rücken-das-Ende_pp.txt,2020,LW,Literaturwettbewerb,Anna Hackl,Im Rücken das Ende,0.0445795250330121,0.0,0.0445795250330121,keine_dominanz
1220,file:/C:/mallet/textkorpus/final_txtonly/2020_LW_Münchner-KGW_Martin-Ahrends_Fliegende-Strassenbahn_pp.txt,2020,LW,Literaturwettbewerb,Martin Ahrends,Fliegende Strassenbahn,0.0,0.0438761223810436,-0.0438761223810436,keine_dominanz
1221,file:/C:/mallet/textkorpus/final_txtonly/2020_LW_Münchner-KGW_Yelena-Schröder_Drei-Uhr-Fünfzehn_pp.txt,2020,LW,Literaturwettbewerb,Yelena Schröder,Drei Uhr Fünfzehn,0.053724021299523,0.0444556537144265,0.009268367585096499,keine_dominanz
1222,file:/C:/mallet/textkorpus/final_txtonly/2020_LW_OpenMike_Josefine-Soppa_Mirmar_AUSZUG_pp.txt,2020,LW,Literaturwettbewerb,Josefine Soppa,Mirmar AUSZUG,0.0,0.08898355631899721,-0.08898355631899721,keine_dominanz
1223,file:/C:/mallet/textkorpus/final_txtonly/2020_LW_OpenMike_Rebecca-Gisler_Hippobosca_pp.txt,2020,LW,Literaturwettbewerb,Rebecca Gisler,Hippobosca,0.0,0.2083325658174725,-0.2083325658174725,keine_dominanz
1224,file:/C:/mallet/textkorpus/final_txtonly/2020_LW_Schreibwettbewerb-Literaturhaus-Zürich_01_Flora-Hausammann_Grenzübertretung_pp.txt,2020,LW,Literaturwettbewerb,01,Flora Hausammann Grenzübertretung,0.0445010756184679,0.0204323280522827,0.024068747566185204,keine_dominanz
1225,file:/C:/mallet/textkorpus/final_txtonly/2020_LW_Schreibwettbewerb-Literaturhaus-Zürich_02_Anton-Beck_Im-Wattenmeer_pp.txt,2020,LW,Literaturwettbewerb,02,Anton Beck Im Wattenmeer,0.0279805433791229,0.0278095335626265,0.00017100981649640148,keine_dominanz
1226,file:/C:/mallet/textkorpus/final_txtonly/2020_LW_Schreibwettbewerb-Literaturhaus-Zürich_03_Bettina-Wiesendanger_Dementieren_pp.txt,2020,LW,Literaturwettbewerb,03,Bettina Wiesendanger Dementieren,0.1581459293006801,0.10343835907357771,0.0547075702271024,keine_dominanz
1227,file:/C:/mallet/textkorpus/final_txtonly/2020_LW_Schreibwettbewerb-Literaturhaus-Zürich_04_Tara-Pfrunder_Und-noch-einen-Meter-mehr_pp.txt,2020,LW,Literaturwettbewerb,04,Tara Pfrunder Und noch einen Meter mehr,0.0,0.0371644942243091,-0.0371644942243091,keine_dominanz
1228,file:/C:/mallet/textkorpus/final_txtonly/2020_LW_Schreibwettbewerb-Literaturhaus-Zürich_05_Corinne-Ammann_Distanzierter-Besuch_pp.txt,2020,LW,Literaturwettbewerb,05,Corinne Ammann Distanzierter Besuch,0.0228099368425562,0.0799595544656561,-0.0571496176230999,keine_dominanz
1229,file:/C:/mallet/textkorpus/final_txtonly/2020_LW_Schreibwettbewerb-Literaturhaus-Zürich_06_Nina-Maria-Metzger_Abgespielt_pp.txt,2020,LW,Literaturwettbewerb,06,Nina Maria Metzger Abgespielt,0.0,0.0313441927116349,-0.0313441927116349,keine_dominanz
1230,file:/C:/mallet/textkorpus/final_txtonly/2020_LW_Schreibwettbewerb-Literaturhaus-Zürich_07_Alexander-Estis_El-Niño_pp.txt,2020,LW,Literaturwettbewerb,07,Alexander Estis El Niño,0.0961954350988502,0.0213595559270565,0.0748358791717937,keine_dominanz
1231,file:/C:/mallet/textkorpus/final_txtonly/2020_LW_Schreibwettbewerb-Literaturhaus-Zürich_08_Mirjam-Kergl_Der-Frühling-neigt-sich-dem-Sommer-zu_pp.txt,2020,LW,Literaturwettbewerb,08,Mirjam Kergl Der Frühling neigt sich dem Sommer zu,0.0,0.0635509934173498,-0.0635509934173498,keine_dominanz
1232,file:/C:/mallet/textkorpus/final_txtonly/2020_LW_Schreibwettbewerb-Literaturhaus-Zürich_09_Andrin-Albrecht_Und-danke-für-den-Fisch_pp.txt,2020,LW,Literaturwettbewerb,09,Andrin Albrecht Und danke für den Fisch,0.0212802974819078,0.0272904962462755,-0.006010198764367702,keine_dominanz
1233,file:/C:/mallet/textkorpus/final_txtonly/2020_LW_Schreibwettbewerb-Literaturhaus-Zürich_09_Colin-Müller_Jesus-im-Bade_pp.txt,2020,LW,Literaturwettbewerb,09,Colin Müller Jesus im Bade,0.0620501963225148,0.0988055074007254,-0.0367553110782106,keine_dominanz
1234,file:/C:/mallet/textkorpus/final_txtonly/2020_LW_Schreibwettbewerb-Literaturhaus-Zürich_10_Susanne-Tägder_Sieben-Minuten_pp.txt,2020,LW,Literaturwettbewerb,10,Susanne Tägder Sieben Minuten,0.0998895837942053,0.0879406285657532,0.011948955228452102,keine_dominanz
1235,file:/C:/mallet/textkorpus/final_txtonly/2020_LW_Schreibwettbewerb-Literaturhaus-Zürich_11_Cornelius-Grupen_Die-Himmelsharfe_pp.txt,2020,LW,Literaturwettbewerb,11,Cornelius Grupen Die Himmelsharfe,0.0369777362842499,0.0,0.0369777362842499,keine_dominanz
1236,file:/C:/mallet/textkorpus/final_txtonly/2020_LW_Schreibwettbewerb-Literaturhaus-Zürich_12_Jasmine-Keller_Zurückgekehrt_pp.txt,2020,LW,Literaturwettbewerb,12,Jasmine Keller Zurückgekehrt,0.0306876158495894,0.0,0.0306876158495894,keine_dominanz
1237,file:/C:/mallet/textkorpus/final_txtonly/2020_LZ_SINN_4_Christian-Lehnert_Der-Wächter_pp.txt,2020,LZ,Literaturzeitschrift,4,Christian Lehnert Der Wächter,0.0336922094782368,0.1811745606099427,-0.14748235113170588,keine_dominanz
1238,file:/C:/mallet/textkorpus/final_txtonly/2020_LZ_SINN_4_Christian-Lehnert_Die-Glut_pp.txt,2020,LZ,Literaturzeitschrift,4,Christian Lehnert Die Glut,0.2535185539351349,0.0366855934687918,0.2168329604663431,keine_dominanz
1239,file:/C:/mallet/textkorpus/final_txtonly/2020_LZ_SINN_4_Christian-Lehnert_Im-Innern-des-Berges_pp.txt,2020,LZ,Literaturzeitschrift,4,Christian Lehnert Im Innern des Berges,0.1716197300504081,0.0333605823793797,0.1382591476710284,keine_dominanz
1240,file:/C:/mallet/textkorpus/final_txtonly/2020_LZ_SINN_4_Christian-Lehnert_Mikroben_pp.txt,2020,LZ,Literaturzeitschrift,4,Christian Lehnert Mikroben,0.2099396562268184,0.0,0.2099396562268184,keine_dominanz
1241,file:/C:/mallet/textkorpus/final_txtonly/2020_LZ_SINN_4_Christian-Lehnert_Wo-keine-Frage-war_pp.txt,2020,LZ,Literaturzeitschrift,4,Christian Lehnert Wo keine Frage war,0.1530292025926832,0.1200672023816931,0.032962000210990106,keine_dominanz
1242,file:/C:/mallet/textkorpus/final_txtonly/2020_LZ_SINN_4_Leander-Steinkopf_Zartplastik_pp.txt,2020,LZ,Literaturzeitschrift,4,Leander Steinkopf Zartplastik,0.0,0.22174901981862788,-0.22174901981862788,keine_dominanz
1243,file:/C:/mallet/textkorpus/final_txtonly/2020_LZ_SINN_4_Marjan-Asgari_Die-Liste_pp.txt,2020,LZ,Literaturzeitschrift,4,Marjan Asgari Die Liste,0.0,0.0247961912856227,-0.0247961912856227,keine_dominanz
1244,file:/C:/mallet/textkorpus/final_txtonly/2020_LZ_SINN_4_Ralph-Schock_Die-Abkürzung_pp.txt,2020,LZ,Literaturzeitschrift,4,Ralph Schock Die Abkürzung,0.0,0.088287076459276,-0.088287076459276,keine_dominanz
1245,file:/C:/mallet/textkorpus/final_txtonly/2020_LZ_SINN_4_Walle-Sayer_Additiv_pp.txt,2020,LZ,Literaturzeitschrift,4,Walle Sayer Additiv,0.0563665682461421,0.1458721719780362,-0.0895056037318941,keine_dominanz
1246,file:/C:/mallet/textkorpus/final_txtonly/2020_LZ_SINN_4_Walle-Sayer_Die-Katze-ist-das-Leben-der-Möbel_pp.txt,2020,LZ,Literaturzeitschrift,4,Walle Sayer Die Katze ist das Leben der Möbel,0.1267579820806884,0.1989894263549829,-0.07223144427429451,keine_dominanz
1247,file:/C:/mallet/textkorpus/final_txtonly/2020_LZ_SINN_4_Walle-Sayer_Die-leere-Seite-im-Reisetagebuch_pp.txt,2020,LZ,Literaturzeitschrift,4,Walle Sayer Die leere Seite im Reisetagebuch,0.0789474695295524,0.0,0.0789474695295524,keine_dominanz
1248,file:/C:/mallet/textkorpus/final_txtonly/2020_LZ_SINN_4_Walle-Sayer_Einschlafschwierigkeiten_pp.txt,2020,LZ,Literaturzeitschrift,4,Walle Sayer Einschlafschwierigkeiten,0.0,0.25984542795114507,-0.25984542795114507,keine_dominanz
1249,file:/C:/mallet/textkorpus/final_txtonly/2020_LZ_SINN_4_Walle-Sayer_Vermisstenanzeige_pp.txt,2020,LZ,Literaturzeitschrift,4,Walle Sayer Vermisstenanzeige,0.0,0.229341014388097,-0.229341014388097,keine_dominanz
1250,file:/C:/mallet/textkorpus/final_txtonly/2020_LZ_SPRITZ_233_Andrej-Schulz_Saturn-ohne-Ringe_pp.txt,2020,LZ,Literaturzeitschrift,233,Andrej Schulz Saturn ohne Ringe,0.0,0.0753906770501543,-0.0753906770501543,keine_dominanz
1251,file:/C:/mallet/textkorpus/final_txtonly/2020_LZ_SPRITZ_233_Kristin-Altmann_Der-Gipfel-von-allem_pp.txt,2020,LZ,Literaturzeitschrift,233,Kristin Altmann Der Gipfel von allem,0.0,0.0,0.0,keine_dominanz
1252,file:/C:/mallet/textkorpus/final_txtonly/2020_LZ_SPRITZ_233_Marlen-Pelny_Als-ich-einmal-fast-berühmt-wurde_pp.txt,2020,LZ,Literaturzeitschrift,233,Marlen Pelny Als ich einmal fast berühmt wurde,0.0,0.1706908396609572,-0.1706908396609572,keine_dominanz
1253,file:/C:/mallet/textkorpus/final_txtonly/2020_LZ_SPRITZ_233_Philipp-Sommer_Sie-nennen-ihn-auch-Atlas_pp.txt,2020,LZ,Literaturzeitschrift,233,Philipp Sommer Sie nennen ihn auch Atlas,0.0,0.2116535263548917,-0.2116535263548917,keine_dominanz
1254,file:/C:/mallet/textkorpus/final_txtonly/2020_LZ_SPRITZ_236_Philipp-Böhm_Playhouse_pp.txt,2020,LZ,Literaturzeitschrift,236,Philipp Böhm Playhouse,0.0,0.0,0.0,keine_dominanz
1255,file:/C:/mallet/textkorpus/final_txtonly/2020_LZ_SPRITZ_236_Özlem-Özgül-Dündar_grenze_pp.txt,2020,LZ,Literaturzeitschrift,236,Özlem Özgül Dündar grenze,0.0,0.0,0.0,keine_dominanz
1256,file:/C:/mallet/textkorpus/final_txtonly/2020_OP_FF_Aleviana_splitted-screen-united-souls_5e14fd65000483612c1256d2_pp.txt,2020,OP,Online-Plattform,Aleviana,splitted screen united souls 5e14fd65000483612c1256d2,0.0373818239423981,0.0280943179946106,0.0092875059477875,keine_dominanz
1257,file:/C:/mallet/textkorpus/final_txtonly/2020_OP_FF_Aliana-Trapp_In-Liebe-Tara_5e5e4d0c00099c28177b7f88_pp.txt,2020,OP,Online-Plattform,Aliana Trapp,In Liebe Tara 5e5e4d0c00099c28177b7f88,0.0780871965737476,0.0566262385467684,0.021460958026979206,keine_dominanz
1258,file:/C:/mallet/textkorpus/final_txtonly/2020_OP_FF_Aliana-Trapp_Ocean-Blue-Eyes_5eb98ff800099c28f009ecb_pp.txt,2020,OP,Online-Plattform,Aliana Trapp,Ocean Blue Eyes 5eb98ff800099c28f009ecb,0.1477505698498834,0.0,0.1477505698498834,keine_dominanz
1259,file:/C:/mallet/textkorpus/final_txtonly/2020_OP_FF_Aliana-Trapp_Sehnsuchtsvoll-Tabitha_5e6e479500099c28189abff6_pp.txt,2020,OP,Online-Plattform,Aliana Trapp,Sehnsuchtsvoll Tabitha 5e6e479500099c28189abff6,0.0,0.2479917328338472,-0.2479917328338472,keine_dominanz
1260,file:/C:/mallet/textkorpus/final_txtonly/2020_OP_FF_BlindAngel_A-Queer-Christmas-Charol_5ee7c9580004bf281637aefb_pp.txt,2020,OP,Online-Plattform,BlindAngel,A Queer Christmas Charol 5ee7c9580004bf281637aefb,0.0,0.0,0.0,keine_dominanz
1261,file:/C:/mallet/textkorpus/final_txtonly/2020_OP_FF_Caligula_Von-Helden_5ee9deea0002f4682cebbaea_pp.txt,2020,OP,Online-Plattform,Caligula,Von Helden 5ee9deea0002f4682cebbaea,0.1132329273647201,0.0519661395862979,0.0612667877784222,keine_dominanz
1262,file:/C:/mallet/textkorpus/final_txtonly/2020_OP_FF_CarlisleVolturi_Das-Phantom_5f76d1b0000143eb1c0d9f16_pp.txt,2020,OP,Online-Plattform,CarlisleVolturi,Das Phantom 5f76d1b0000143eb1c0d9f16,0.0,0.0,0.0,keine_dominanz
1263,file:/C:/mallet/textkorpus/final_txtonly/2020_OP_FF_Cassandra-Smith_Pandemie_5e9afde8000687df2eed7c59_pp.txt,2020,OP,Online-Plattform,Cassandra Smith,Pandemie 5e9afde8000687df2eed7c59,0.1985728334395194,0.0,0.1985728334395194,keine_dominanz
1264,file:/C:/mallet/textkorpus/final_txtonly/2020_OP_FF_ChangelingBiRe_F-Valentine-s-day_5e411dd80009ecfe37674c17_pp.txt,2020,OP,Online-Plattform,ChangelingBiRe,F Valentine s day 5e411dd80009ecfe37674c17,0.0,0.0397073769714821,-0.0397073769714821,keine_dominanz
1265,file:/C:/mallet/textkorpus/final_txtonly/2020_OP_FF_Chaostheorie08_Nie-genug_5fccd0a000098caa2ee161e5_pp.txt,2020,OP,Online-Plattform,Chaostheorie08,Nie genug 5fccd0a000098caa2ee161e5,0.1079849375933059,0.0311646545877013,0.07682028300560459,keine_dominanz
1266,file:/C:/mallet/textkorpus/final_txtonly/2020_OP_FF_Coward_Eins-zwei-drei-Ich-komme_5ea84b970009537137fcbfb2_pp.txt,2020,OP,Online-Plattform,Coward,Eins zwei drei Ich komme 5ea84b970009537137fcbfb2,0.0,0.135593163317848,-0.135593163317848,keine_dominanz
1267,file:/C:/mallet/textkorpus/final_txtonly/2020_OP_FF_custor13_Der-Zeidler_5f93053e00058782180e2bbc_pp.txt,2020,OP,Online-Plattform,custor13,Der Zeidler 5f93053e00058782180e2bbc,0.1163038556276908,0.19362198184971163,-0.07731812622202083,keine_dominanz
1268,file:/C:/mallet/textkorpus/final_txtonly/2020_OP_FF_custor13_Zeidlerweihnacht_5fc8ba8b0005878230f14c8e_pp.txt,2020,OP,Online-Plattform,custor13,Zeidlerweihnacht 5fc8ba8b0005878230f14c8e,0.0322506266313966,0.113071599846508,-0.08082097321511139,keine_dominanz
1269,file:/C:/mallet/textkorpus/final_txtonly/2020_OP_FF_ellinor_Die-eigenen-vier-Waende_5e20e5a600087e8738318121_pp.txt,2020,OP,Online-Plattform,ellinor,Die eigenen vier Waende 5e20e5a600087e8738318121,0.0844936369960328,0.0,0.0844936369960328,keine_dominanz
1270,file:/C:/mallet/textkorpus/final_txtonly/2020_OP_FF_Ellis-Hill_Leuchtturm_5f05cc340005f34b25b991d9_pp.txt,2020,OP,Online-Plattform,Ellis Hill,Leuchtturm 5f05cc340005f34b25b991d9,0.061690704387552905,0.0549635830370899,0.006727121350463008,keine_dominanz
1271,file:/C:/mallet/textkorpus/final_txtonly/2020_OP_FF_fanfiktionera_Papa-weisst-du-noch_5f1fdeef00060e4022024054_pp.txt,2020,OP,Online-Plattform,fanfiktionera,Papa weisst du noch 5f1fdeef00060e4022024054,0.0,0.0918859906729449,-0.0918859906729449,keine_dominanz
1272,file:/C:/mallet/textkorpus/final_txtonly/2020_OP_FF_Federhalter02_Sieben-Tage-Sommerwetter_5e80c805000bae622bdf37e2_pp.txt,2020,OP,Online-Plattform,Federhalter02,Sieben Tage Sommerwetter 5e80c805000bae622bdf37e2,0.0,0.0295836185661841,-0.0295836185661841,keine_dominanz
1273,file:/C:/mallet/textkorpus/final_txtonly/2020_OP_FF_Federhalter02_Zu-zweit-ganz-ohne-Zeit_5eb1e190000bae622e4ba870_pp.txt,2020,OP,Online-Plattform,Federhalter02,Zu zweit ganz ohne Zeit 5eb1e190000bae622e4ba870,0.0,0.1093911395850677,-0.1093911395850677,keine_dominanz
1274,file:/C:/mallet/textkorpus/final_txtonly/2020_OP_FF_Fiomymi_gruene-Wellen_5f7f3be30005f6233518d7bb_pp.txt,2020,OP,Online-Plattform,Fiomymi,gruene Wellen 5f7f3be30005f6233518d7bb,0.0,0.32677060225719223,-0.32677060225719223,keine_dominanz
1275,file:/C:/mallet/textkorpus/final_txtonly/2020_OP_FF_Gedankenchaos_Hoer-zu-und-schau-nicht-weg_5e15f6da000b04233783b72c_pp.txt,2020,OP,Online-Plattform,Gedankenchaos,Hoer zu und schau nicht weg 5e15f6da000b04233783b72c,0.2572594848156367,0.0224684804260467,0.23479100438959,keine_dominanz
1276,file:/C:/mallet/textkorpus/final_txtonly/2020_OP_FF_Gentle-Storm_Hallo_5e2c023d000a23a91a53dbe7_pp.txt,2020,OP,Online-Plattform,Gentle Storm,Hallo 5e2c023d000a23a91a53dbe7,0.0254127916305551,0.0,0.0254127916305551,keine_dominanz
1277,file:/C:/mallet/textkorpus/final_txtonly/2020_OP_FF_Halbblut-Nerdy_Das-Fake-Ich_5e8f0c2400054540704ff4c_pp.txt,2020,OP,Online-Plattform,Halbblut Nerdy,Das Fake Ich 5e8f0c2400054540704ff4c,0.093324720219128,0.0415713748534324,0.05175334536569559,keine_dominanz
1278,file:/C:/mallet/textkorpus/final_txtonly/2020_OP_FF_Jamie17_Zerknitterte-Erinnerung_5e3de6480005833de78d7a7_pp.txt,2020,OP,Online-Plattform,Jamie17,Zerknitterte Erinnerung 5e3de6480005833de78d7a7,0.0,0.0604009953159979,-0.0604009953159979,keine_dominanz
1279,file:/C:/mallet/textkorpus/final_txtonly/2020_OP_FF_Lifegamer_Minidrache_5eb17c6400032b7919365ef3_pp.txt,2020,OP,Online-Plattform,Lifegamer,Minidrache 5eb17c6400032b7919365ef3,0.0285014233386412,0.22667762212312828,-0.19817619878448708,keine_dominanz
1280,file:/C:/mallet/textkorpus/final_txtonly/2020_OP_FF_Luana-Black_Beyond-Eternity_5e4d763d000b44312c027a60_pp.txt,2020,OP,Online-Plattform,Luana Black,Beyond Eternity 5e4d763d000b44312c027a60,0.0,0.0304690283687746,-0.0304690283687746,keine_dominanz
1281,file:/C:/mallet/textkorpus/final_txtonly/2020_OP_FF_Luana-Black_Schneegloeckchenmorgen_5e3ff408000b4431261bd1a5_pp.txt,2020,OP,Online-Plattform,Luana Black,Schneegloeckchenmorgen 5e3ff408000b4431261bd1a5,0.0,0.0949470722824443,-0.0949470722824443,keine_dominanz
1282,file:/C:/mallet/textkorpus/final_txtonly/2020_OP_FF_MiKa_Der-Geist-des-Waldes_5e429ee90000ca2a25fb077d_pp.txt,2020,OP,Online-Plattform,MiKa,Der Geist des Waldes 5e429ee90000ca2a25fb077d,0.1007047695701194,0.2452574555338685,-0.1445526859637491,keine_dominanz
1283,file:/C:/mallet/textkorpus/final_txtonly/2020_OP_FF_MiracleCat_A-simple-day-in-the-life-of-Henri_5f76301d000a754223c636dc_pp.txt,2020,OP,Online-Plattform,MiracleCat,A simple day in the life of Henri 5f76301d000a754223c636dc,0.0,0.0602838867760274,-0.0602838867760274,keine_dominanz
1284,file:/C:/mallet/textkorpus/final_txtonly/2020_OP_FF_Nia-Askush_Unfall-ins-Glueck_5f0199170003a7c612834f6e_pp.txt,2020,OP,Online-Plattform,Nia Askush,Unfall ins Glueck 5f0199170003a7c612834f6e,0.0214201143709086,0.0501986082706863,-0.0287784938997777,keine_dominanz
1285,file:/C:/mallet/textkorpus/final_txtonly/2020_OP_FF_Pheromonicus_Tolliver-im-Katzenhimmel_5ed7f2b30006c90918d2cf56_pp.txt,2020,OP,Online-Plattform,Pheromonicus,Tolliver im Katzenhimmel 5ed7f2b30006c90918d2cf56,0.0460382725134572,0.089122969120159,-0.043084696606701806,keine_dominanz
1286,file:/C:/mallet/textkorpus/final_txtonly/2020_OP_FF_Philosoph_Computer-Internet-und-Co-Dschungelcamp-der-ganz-anderen-Art_5fae7097000b860238586fcf_pp.txt,2020,OP,Online-Plattform,Philosoph,Computer Internet und Co Dschungelcamp der ganz anderen Art 5fae7097000b860238586fcf,0.1383370518655626,0.1146484765817245,0.02368857528383811,keine_dominanz
1287,file:/C:/mallet/textkorpus/final_txtonly/2020_OP_FF_Rita-Solex_Der-schwarze-Schwan_5f0d44320007118d311aeb20_pp.txt,2020,OP,Online-Plattform,Rita Solex,Der schwarze Schwan 5f0d44320007118d311aeb20,0.0530883868781395,0.0,0.0530883868781395,keine_dominanz
1288,file:/C:/mallet/textkorpus/final_txtonly/2020_OP_FF_Rosethouartsick_Auf-Einmalwiedersehen_5ec93379000614fe2bdca632_pp.txt,2020,OP,Online-Plattform,Rosethouartsick,Auf Einmalwiedersehen 5ec93379000614fe2bdca632,0.0,0.0,0.0,keine_dominanz
1289,file:/C:/mallet/textkorpus/final_txtonly/2020_OP_FF_Rosethouartsick_Eine-Weltreise-1953_5ed8f584000614fe339d5da8_pp.txt,2020,OP,Online-Plattform,Rosethouartsick,Eine Weltreise 1953 5ed8f584000614fe339d5da8,0.0,0.1580536947005105,-0.1580536947005105,keine_dominanz
1290,file:/C:/mallet/textkorpus/final_txtonly/2020_OP_FF_Rosethouartsick_Zehn-Euro-Stunden_5e13451f000614fe8923dde_pp.txt,2020,OP,Online-Plattform,Rosethouartsick,Zehn Euro Stunden 5e13451f000614fe8923dde,0.0314439814981895,0.0741572170051297,-0.0427132355069402,keine_dominanz
1291,file:/C:/mallet/textkorpus/final_txtonly/2020_OP_FF_saturatedsoul_Regenbogenflagge_5e996e460008753c2124f591_pp.txt,2020,OP,Online-Plattform,saturatedsoul,Regenbogenflagge 5e996e460008753c2124f591,0.0,0.1151246456578592,-0.1151246456578592,keine_dominanz
1292,file:/C:/mallet/textkorpus/final_txtonly/2020_OP_FF_Selma-Winterbaum_Das-blaue-Kleid_5f292158000bf9ae2826a177_pp.txt,2020,OP,Online-Plattform,Selma Winterbaum,Das blaue Kleid 5f292158000bf9ae2826a177,0.0,0.0,0.0,keine_dominanz
1293,file:/C:/mallet/textkorpus/final_txtonly/2020_OP_FF_split_Auf-alten-Wegen_5fe8b8b30003315c10c62c2e_pp.txt,2020,OP,Online-Plattform,split,Auf alten Wegen 5fe8b8b30003315c10c62c2e,0.0,0.1171326295790536,-0.1171326295790536,keine_dominanz
1294,file:/C:/mallet/textkorpus/final_txtonly/2020_OP_FF_Suesse01_Das-Experiment-des-Weltenlenkers_5fcaaeac000c0c3226cd1771_pp.txt,2020,OP,Online-Plattform,Suesse01,Das Experiment des Weltenlenkers 5fcaaeac000c0c3226cd1771,0.0,0.0,0.0,keine_dominanz
1295,file:/C:/mallet/textkorpus/final_txtonly/2020_OP_FF_Summalla_Heute-nicht_5fae56f8000c97ef26bc960d_pp.txt,2020,OP,Online-Plattform,Summalla,Heute nicht 5fae56f8000c97ef26bc960d,0.0497641816637365,0.0644393816992548,-0.014675200035518296,keine_dominanz
1296,file:/C:/mallet/textkorpus/final_txtonly/2020_OP_FF_ThedaTannenbaum_Gefuehlschaos_5e1b2cbc000b4b93f7b04db_pp.txt,2020,OP,Online-Plattform,ThedaTannenbaum,Gefuehlschaos 5e1b2cbc000b4b93f7b04db,0.0814365988825022,0.0237309938828774,0.05770560499962479,keine_dominanz
1297,file:/C:/mallet/textkorpus/final_txtonly/2020_OP_FF_Thestralgirl1993_Das-blaue-Fahrrad_5edaaa3b000b5f97760d415_pp.txt,2020,OP,Online-Plattform,Thestralgirl1993,Das blaue Fahrrad 5edaaa3b000b5f97760d415,0.0,0.0641091977535653,-0.0641091977535653,keine_dominanz
1298,file:/C:/mallet/textkorpus/final_txtonly/2020_OP_FF_Thestralgirl1993_Krank_5ed17ee8000b5f97172068b1_pp.txt,2020,OP,Online-Plattform,Thestralgirl1993,Krank 5ed17ee8000b5f97172068b1,0.0,0.17249631873737808,-0.17249631873737808,keine_dominanz
1299,file:/C:/mallet/textkorpus/final_txtonly/2020_OP_FF_Thomas-Heinrich_Der-hilfsbereite-Student_5fb7d3880007159215a14b2e_pp.txt,2020,OP,Online-Plattform,Thomas Heinrich,Der hilfsbereite Student 5fb7d3880007159215a14b2e,0.0,0.0,0.0,keine_dominanz
1300,file:/C:/mallet/textkorpus/final_txtonly/2020_OP_FF_Thomas-Heinrich_Die-singende-Tuer_5fc78ddf000715921130474c_pp.txt,2020,OP,Online-Plattform,Thomas Heinrich,Die singende Tuer 5fc78ddf000715921130474c,0.0,0.0630034690449482,-0.0630034690449482,keine_dominanz
1301,file:/C:/mallet/textkorpus/final_txtonly/2020_OP_FF_Uhrwerksfluestern_Ein-letzter-Spaziergang-im-Staub_5f9c94ad000c660e328cf144_pp.txt,2020,OP,Online-Plattform,Uhrwerksfluestern,Ein letzter Spaziergang im Staub 5f9c94ad000c660e328cf144,0.0361208869440662,0.0843961958921048,-0.0482753089480386,keine_dominanz
1302,file:/C:/mallet/textkorpus/final_txtonly/2020_OP_FF_Vindur_Windspielgeschichten_5ee93d1b000205002ad5dd42_pp.txt,2020,OP,Online-Plattform,Vindur,Windspielgeschichten 5ee93d1b000205002ad5dd42,0.0,0.1548079541134777,-0.1548079541134777,keine_dominanz
1303,file:/C:/mallet/textkorpus/final_txtonly/2020_OP_FF_W4rriorC4t_Ein-heisses-Erkaeltungsbad_5e44542e0009e5fc1ce02abf_pp.txt,2020,OP,Online-Plattform,W4rriorC4t,Ein heisses Erkaeltungsbad 5e44542e0009e5fc1ce02abf,0.0,0.1312569472001204,-0.1312569472001204,keine_dominanz
1304,file:/C:/mallet/textkorpus/final_txtonly/2020_OP_FF_Witness_Diese-Geschichte-verwischt-beim-Lesen_5f2eb6360002b7991a2d7fd8_pp.txt,2020,OP,Online-Plattform,Witness,Diese Geschichte verwischt beim Lesen 5f2eb6360002b7991a2d7fd8,0.0,0.0,0.0,keine_dominanz
1305,file:/C:/mallet/textkorpus/final_txtonly/2021_B_BKS-Publikumspreis-und-Kelagpreis_Necati-Öziri_Morgen-wache-ich-auf-und-dann-beginnt-das-Leben_pp.txt,2021,B,Buch,Necati Öziri,Morgen wache ich auf und dann beginnt das Leben,0.2859478635796795,0.0,0.2859478635796795,keine_dominanz
1306,file:/C:/mallet/textkorpus/final_txtonly/2021_B_Vom-Aufstehen_Helga-Schubert_Alles-gut_pp.txt,2021,B,Buch,Helga Schubert,Alles gut,0.067180515591603,0.0,0.067180515591603,keine_dominanz
1307,file:/C:/mallet/textkorpus/final_txtonly/2021_B_Vom-Aufstehen_Helga-Schubert_Alt-sein_pp.txt,2021,B,Buch,Helga Schubert,Alt sein,0.0,0.0,0.0,keine_dominanz
1308,file:/C:/mallet/textkorpus/final_txtonly/2021_B_Vom-Aufstehen_Helga-Schubert_Betrachtungen_pp.txt,2021,B,Buch,Helga Schubert,Betrachtungen,0.0,0.0459582668222159,-0.0459582668222159,keine_dominanz
1309,file:/C:/mallet/textkorpus/final_txtonly/2021_B_Vom-Aufstehen_Helga-Schubert_Das-alles-nicht-nichts-davon_pp.txt,2021,B,Buch,Helga Schubert,Das alles nicht nichts davon,0.2856950643218315,0.0312688609147402,0.2544262034070913,keine_dominanz
1310,file:/C:/mallet/textkorpus/final_txtonly/2021_B_Vom-Aufstehen_Helga-Schubert_Das-eingelöste-Versprechen_pp.txt,2021,B,Buch,Helga Schubert,Das eingelöste Versprechen,0.4182041115331582,0.0466184138069512,0.371585697726207,dominant_kritisch
1311,file:/C:/mallet/textkorpus/final_txtonly/2021_B_Vom-Aufstehen_Helga-Schubert_Das-Märchen-und-die-Erwachsene-in-mir_pp.txt,2021,B,Buch,Helga Schubert,Das Märchen und die Erwachsene in mir,0.09846611486709131,0.3780403041059642,-0.2795741892388729,keine_dominanz
1312,file:/C:/mallet/textkorpus/final_txtonly/2021_B_Vom-Aufstehen_Helga-Schubert_Das-vierte-Gebot_pp.txt,2021,B,Buch,Helga Schubert,Das vierte Gebot,0.2938740147475341,0.0,0.2938740147475341,keine_dominanz
1313,file:/C:/mallet/textkorpus/final_txtonly/2021_B_Vom-Aufstehen_Helga-Schubert_Der-Duft-meines-Lebens_pp.txt,2021,B,Buch,Helga Schubert,Der Duft meines Lebens,0.051632766858977996,0.18733779192147387,-0.13570502506249588,keine_dominanz
1314,file:/C:/mallet/textkorpus/final_txtonly/2021_B_Vom-Aufstehen_Helga-Schubert_Der-erste-Tag-im-Jahr_pp.txt,2021,B,Buch,Helga Schubert,Der erste Tag im Jahr,0.2519518410440537,0.156427442939948,0.0955243981041057,keine_dominanz
1315,file:/C:/mallet/textkorpus/final_txtonly/2021_B_Vom-Aufstehen_Helga-Schubert_Die-Einfuhr-von-Uwe-Johnson_pp.txt,2021,B,Buch,Helga Schubert,Die Einfuhr von Uwe Johnson,0.3602613826487947,0.020668563459772,0.33959281918902273,keine_dominanz
1316,file:/C:/mallet/textkorpus/final_txtonly/2021_B_Vom-Aufstehen_Helga-Schubert_Die-vierte-Strophe_pp.txt,2021,B,Buch,Helga Schubert,Die vierte Strophe,0.0,0.2706279158204552,-0.2706279158204552,keine_dominanz
1317,file:/C:/mallet/textkorpus/final_txtonly/2021_B_Vom-Aufstehen_Helga-Schubert_Dämmerungen-eines-einzigen-Tages_pp.txt,2021,B,Buch,Helga Schubert,Dämmerungen eines einzigen Tages,0.0247232000373509,0.17390949095125122,-0.14918629091390032,keine_dominanz
1318,file:/C:/mallet/textkorpus/final_txtonly/2021_B_Vom-Aufstehen_Helga-Schubert_Ein-junger-Vater_pp.txt,2021,B,Buch,Helga Schubert,Ein junger Vater,0.4684009158883957,0.0498279223762501,0.4185729935121456,dominant_kritisch
1319,file:/C:/mallet/textkorpus/final_txtonly/2021_B_Vom-Aufstehen_Helga-Schubert_Keine-Angst_pp.txt,2021,B,Buch,Helga Schubert,Keine Angst,0.4700463235470247,0.0,0.4700463235470247,dominant_kritisch
1320,file:/C:/mallet/textkorpus/final_txtonly/2021_B_Vom-Aufstehen_Helga-Schubert_Mein-idealer-Ort_pp.txt,2021,B,Buch,Helga Schubert,Mein idealer Ort,0.11162415939857001,0.2883393247622449,-0.17671516536367488,keine_dominanz
1321,file:/C:/mallet/textkorpus/final_txtonly/2021_B_Vom-Aufstehen_Helga-Schubert_Mein-Wald_pp.txt,2021,B,Buch,Helga Schubert,Mein Wald,0.0699375789359245,0.2659429847149657,-0.1960054057790412,keine_dominanz
1322,file:/C:/mallet/textkorpus/final_txtonly/2021_B_Vom-Aufstehen_Helga-Schubert_Mein-Winter_pp.txt,2021,B,Buch,Helga Schubert,Mein Winter,0.0326285421964615,0.299256658827944,-0.2666281166314825,keine_dominanz
1323,file:/C:/mallet/textkorpus/final_txtonly/2021_B_Vom-Aufstehen_Helga-Schubert_Meine-Heimat_pp.txt,2021,B,Buch,Helga Schubert,Meine Heimat,0.2731639484421653,0.0678228817271445,0.20534106671502078,keine_dominanz
1324,file:/C:/mallet/textkorpus/final_txtonly/2021_B_Vom-Aufstehen_Helga-Schubert_Meine-neuen-Schuhe_pp.txt,2021,B,Buch,Helga Schubert,Meine neuen Schuhe,0.4615649755742523,0.0,0.4615649755742523,dominant_kritisch
1325,file:/C:/mallet/textkorpus/final_txtonly/2021_B_Vom-Aufstehen_Helga-Schubert_Meine-Ostergeschichte_pp.txt,2021,B,Buch,Helga Schubert,Meine Ostergeschichte,0.2442246859259089,0.0,0.2442246859259089,keine_dominanz
1326,file:/C:/mallet/textkorpus/final_txtonly/2021_B_Vom-Aufstehen_Helga-Schubert_So-fallen-die-Schatten-hinter-dich_pp.txt,2021,B,Buch,Helga Schubert,So fallen die Schatten hinter dich,0.2450572416086388,0.0467718432716308,0.19828539833700798,keine_dominanz
1327,file:/C:/mallet/textkorpus/final_txtonly/2021_B_Vom-Aufstehen_Helga-Schubert_Verwandte-ersten-Grades-im-westlichen-Ausland_pp.txt,2021,B,Buch,Helga Schubert,Verwandte ersten Grades im westlichen Ausland,0.3343803157251641,0.0353499400745014,0.2990303756506627,keine_dominanz
1328,file:/C:/mallet/textkorpus/final_txtonly/2021_B_Vom-Aufstehen_Helga-Schubert_Vom-Aufstehen_pp.txt,2021,B,Buch,Helga Schubert,Vom Aufstehen,0.3188527399032144,0.0982420082980292,0.22061073160518518,keine_dominanz
1329,file:/C:/mallet/textkorpus/final_txtonly/2021_B_Vom-Aufstehen_Helga-Schubert_Vom-Erinnern_pp.txt,2021,B,Buch,Helga Schubert,Vom Erinnern,0.2756627769596322,0.049173569524566405,0.2264892074350658,keine_dominanz
1330,file:/C:/mallet/textkorpus/final_txtonly/2021_B_Vom-Aufstehen_Helga-Schubert_Vom-Leben-innen_pp.txt,2021,B,Buch,Helga Schubert,Vom Leben innen,0.0715999653809201,0.1963807880530397,-0.12478082267211961,keine_dominanz
1331,file:/C:/mallet/textkorpus/final_txtonly/2021_B_Vom-Aufstehen_Helga-Schubert_Von-allem-genug_pp.txt,2021,B,Buch,Helga Schubert,Von allem genug,0.08539376149786,0.260297848460868,-0.17490408696300802,keine_dominanz
1332,file:/C:/mallet/textkorpus/final_txtonly/2021_B_Vom-Aufstehen_Helga-Schubert_Warum-schreiben_pp.txt,2021,B,Buch,Helga Schubert,Warum schreiben,0.0662801461788531,0.0518238993801327,0.014456246798720394,keine_dominanz
1333,file:/C:/mallet/textkorpus/final_txtonly/2021_B_Vom-Aufstehen_Helga-Schubert_Wintersonnenwende_pp.txt,2021,B,Buch,Helga Schubert,Wintersonnenwende,0.1449034835127434,0.0527330814767479,0.0921704020359955,keine_dominanz
1334,file:/C:/mallet/textkorpus/final_txtonly/2021_LW_Bachmann_3sat-Preis_Timon-Karl-Kaleyta_Mein-Freund-am-See_pp.txt,2021,LW,Literaturwettbewerb,3sat Preis,Timon Karl Kaleyta Mein Freund am See,0.0296210220493988,0.1465895597025023,-0.11696853765310349,keine_dominanz
1335,file:/C:/mallet/textkorpus/final_txtonly/2021_LW_Bachmann_Bachmannpreis_Nava-Ebrahimi_Der-Cousin_pp.txt,2021,LW,Literaturwettbewerb,Bachmannpreis,Nava Ebrahimi Der Cousin,0.0209188514146956,0.0,0.0209188514146956,keine_dominanz
1336,file:/C:/mallet/textkorpus/final_txtonly/2021_LW_Bachmann_Deutschlandfunk-Preis_Dana-Vowinckel_Gewässer-im-Ziplock_AUSZUG_pp.txt,2021,LW,Literaturwettbewerb,Deutschlandfunk Preis,Dana Vowinckel Gewässer im Ziplock AUSZUG,0.0747871025171418,0.0940905098658167,-0.019303407348674903,keine_dominanz
1337,file:/C:/mallet/textkorpus/final_txtonly/2021_LW_Bachmann_Kelag-Preis_Necati-Öziri_Morgen-wache-ich-auf-und-dann-beginnt-das-Leben_pp.txt,2021,LW,Literaturwettbewerb,Kelag Preis,Necati Öziri Morgen wache ich auf und dann beginnt das Leben,0.2702883075440592,0.0,0.2702883075440592,keine_dominanz
1338,file:/C:/mallet/textkorpus/final_txtonly/2021_LW_Moerser-Literaturpreis_01_Patricia-Janssen_Das-Erbe_pp.txt,2021,LW,Literaturwettbewerb,01,Patricia Janssen Das Erbe,0.11637766227364021,0.0734188461336007,0.04295881614003952,keine_dominanz
1339,file:/C:/mallet/textkorpus/final_txtonly/2021_LW_Moerser-Literaturpreis_02_Saskia-Wolff_Dahinter-wird-Stille_pp.txt,2021,LW,Literaturwettbewerb,02,Saskia Wolff Dahinter wird Stille,0.0,0.0,0.0,keine_dominanz
1340,file:/C:/mallet/textkorpus/final_txtonly/2021_LW_Moerser-Literaturpreis_03_Julia-Holtz_Ich-bin-noch-da_pp.txt,2021,LW,Literaturwettbewerb,03,Julia Holtz Ich bin noch da,0.0,0.0326111042678797,-0.0326111042678797,keine_dominanz
1341,file:/C:/mallet/textkorpus/final_txtonly/2021_LW_Münchner-KGW_Andrea-Behrens_Schnee-von-gestern_pp.txt,2021,LW,Literaturwettbewerb,Andrea Behrens,Schnee von gestern,0.0,0.0,0.0,keine_dominanz
1342,file:/C:/mallet/textkorpus/final_txtonly/2021_LW_Münchner-KGW_Frank-Schliedermann_Test-Test-Cinderella-has-left-the_pp.txt,2021,LW,Literaturwettbewerb,Frank Schliedermann,Test Test Cinderella has left the,0.1141400198886163,0.0,0.1141400198886163,keine_dominanz
1343,file:/C:/mallet/textkorpus/final_txtonly/2021_LW_Münchner-KGW_Leszek-Stalewski_Strahlen_pp.txt,2021,LW,Literaturwettbewerb,Leszek Stalewski,Strahlen,0.2598359114368039,0.1099901301387775,0.1498457812980264,keine_dominanz
1344,file:/C:/mallet/textkorpus/final_txtonly/2021_LW_Münchner-KGW_Marion-Dick_Woche-Zwei_pp.txt,2021,LW,Literaturwettbewerb,Marion Dick,Woche Zwei,0.0554036970154029,0.0205730208934562,0.03483067612194671,keine_dominanz
1345,file:/C:/mallet/textkorpus/final_txtonly/2021_LW_OpenMike_Eva-Maria-Dütsch_Urin-und-Blütenhonig_pp.txt,2021,LW,Literaturwettbewerb,Eva Maria Dütsch,Urin und Blütenhonig,0.0725103921722254,0.0483824568003435,0.024127935371881896,keine_dominanz
1346,file:/C:/mallet/textkorpus/final_txtonly/2021_LW_OpenMike_Kathrin-Vieregg_Cui-bono_pp.txt,2021,LW,Literaturwettbewerb,Kathrin Vieregg,Cui bono,0.0487568380628669,0.0,0.0487568380628669,keine_dominanz
1347,file:/C:/mallet/textkorpus/final_txtonly/2021_LW_OpenMike_Laura-Anton_Holzhausen_pp.txt,2021,LW,Literaturwettbewerb,Laura Anton,Holzhausen,0.0,0.0450197631025221,-0.0450197631025221,keine_dominanz
1348,file:/C:/mallet/textkorpus/final_txtonly/2021_LW_Schreibwettbewerb-Literaturhaus-Zürich_01_Anke-Laufer_Das-Zeichen_pp.txt,2021,LW,Literaturwettbewerb,01,Anke Laufer Das Zeichen,0.0,0.056953651568661404,-0.056953651568661404,keine_dominanz
1349,file:/C:/mallet/textkorpus/final_txtonly/2021_LW_Schreibwettbewerb-Literaturhaus-Zürich_02_Claudia-Stump_Wutwehr_pp.txt,2021,LW,Literaturwettbewerb,02,Claudia Stump Wutwehr,0.0519003804192075,0.0304896741985712,0.0214107062206363,keine_dominanz
1350,file:/C:/mallet/textkorpus/final_txtonly/2021_LW_Schreibwettbewerb-Literaturhaus-Zürich_03_Wolfgang-Weinlechner_Extreme-Massnahmen_pp.txt,2021,LW,Literaturwettbewerb,03,Wolfgang Weinlechner Extreme Massnahmen,0.0,0.1179888385824964,-0.1179888385824964,keine_dominanz
1351,file:/C:/mallet/textkorpus/final_txtonly/2021_LW_Schreibwettbewerb-Literaturhaus-Zürich_04_Inga-Brock_Der-Eklige_pp.txt,2021,LW,Literaturwettbewerb,04,Inga Brock Der Eklige,0.0855030436544718,0.1818523686189148,-0.096349324964443,keine_dominanz
1352,file:/C:/mallet/textkorpus/final_txtonly/2021_LW_Schreibwettbewerb-Literaturhaus-Zürich_05_Anna-Thea-Jaeger_Fragmentiertes-Portrait-einer-Suchenden_pp.txt,2021,LW,Literaturwettbewerb,05,Anna Thea Jaeger Fragmentiertes Portrait einer Suchenden,0.0,0.0740845508521228,-0.0740845508521228,keine_dominanz
1353,file:/C:/mallet/textkorpus/final_txtonly/2021_LW_Schreibwettbewerb-Literaturhaus-Zürich_06_Simon-Schmidt_Der-Angriff_pp.txt,2021,LW,Literaturwettbewerb,06,Simon Schmidt Der Angriff,0.0395169874863073,0.1426706965894926,-0.1031537091031853,keine_dominanz
1354,file:/C:/mallet/textkorpus/final_txtonly/2021_LW_Schreibwettbewerb-Literaturhaus-Zürich_07_Olaf-Lahayne_Umbra-mortis_pp.txt,2021,LW,Literaturwettbewerb,07,Olaf Lahayne Umbra mortis,0.0375091649920969,0.112754466575511,-0.0752453015834141,keine_dominanz
1355,file:/C:/mallet/textkorpus/final_txtonly/2021_LW_Schreibwettbewerb-Literaturhaus-Zürich_08_Annegret-Mühl_Systemfehler_pp.txt,2021,LW,Literaturwettbewerb,08,Annegret Mühl Systemfehler,0.17713120040019492,0.0942821458676942,0.08284905453250072,keine_dominanz
1356,file:/C:/mallet/textkorpus/final_txtonly/2021_LW_Schreibwettbewerb-Literaturhaus-Zürich_09_Gabriele-Palm-Funke_Kotzemeuschel_pp.txt,2021,LW,Literaturwettbewerb,09,Gabriele Palm Funke Kotzemeuschel,0.0250662700113621,0.0293605528019631,-0.004294282790601001,keine_dominanz
1357,file:/C:/mallet/textkorpus/final_txtonly/2021_LW_Schreibwettbewerb-Literaturhaus-Zürich_10_Lucie-Kolb_Der-Kormoran_pp.txt,2021,LW,Literaturwettbewerb,10,Lucie Kolb Der Kormoran,0.0,0.1307867856150984,-0.1307867856150984,keine_dominanz
1358,file:/C:/mallet/textkorpus/final_txtonly/2021_LW_Schreibwettbewerb-Literaturhaus-Zürich_11_Markus-Peter_Alles-was-sie-von-nun-an-sagen_pp.txt,2021,LW,Literaturwettbewerb,11,Markus Peter Alles was sie von nun an sagen,0.11942226181671431,0.0,0.11942226181671431,keine_dominanz
1359,file:/C:/mallet/textkorpus/final_txtonly/2021_LW_Schreibwettbewerb-Literaturhaus-Zürich_12_Alexandra-Maria-Pipos_Haarspalterei_pp.txt,2021,LW,Literaturwettbewerb,12,Alexandra Maria Pipos Haarspalterei,0.0,0.08298583244662411,-0.08298583244662411,keine_dominanz
1360,file:/C:/mallet/textkorpus/final_txtonly/2021_LZ_GRAMM_1_Clemens-Setz_Die-Übungen_pp.txt,2021,LZ,Literaturzeitschrift,1,Clemens Setz Die Übungen,0.0,0.0,0.0,keine_dominanz
1361,file:/C:/mallet/textkorpus/final_txtonly/2021_LZ_GRAMM_2_Lisa-Krusche_Grüne-Orangen_pp.txt,2021,LZ,Literaturzeitschrift,2,Lisa Krusche Grüne Orangen,0.0,0.0593264681735581,-0.0593264681735581,keine_dominanz
1362,file:/C:/mallet/textkorpus/final_txtonly/2021_LZ_GRAMM_3_Lennardt-Loß_Ein-großes-Dankeschön_pp.txt,2021,LZ,Literaturzeitschrift,3,Lennardt Loß Ein großes Dankeschön,0.0560058749036813,0.0658360504574331,-0.009830175553751798,keine_dominanz
1363,file:/C:/mallet/textkorpus/final_txtonly/2021_LZ_GRAMM_4_Mareike-Fallwickl_Tamina-Blue_pp.txt,2021,LZ,Literaturzeitschrift,4,Mareike Fallwickl Tamina Blue,0.17181092900674141,0.0343048371981749,0.13750609180856652,keine_dominanz
1364,file:/C:/mallet/textkorpus/final_txtonly/2021_LZ_GRAMM_5_Margaux-De-Weck_Ein-verlängertes-Wochenende_pp.txt,2021,LZ,Literaturzeitschrift,5,Margaux De Weck Ein verlängertes Wochenende,0.0,0.1126237352477254,-0.1126237352477254,keine_dominanz
1365,file:/C:/mallet/textkorpus/final_txtonly/2021_LZ_GRAMM_6_Akin-Emanuel-Sipal_Rote-Asche_pp.txt,2021,LZ,Literaturzeitschrift,6,Akin Emanuel Sipal Rote Asche,0.045748800745062,0.266170544024883,-0.220421743279821,keine_dominanz
1366,file:/C:/mallet/textkorpus/final_txtonly/2021_LZ_SINN_1_Kerstin-Kempker_Ohne-Form-sind-wir-Staub_pp.txt,2021,LZ,Literaturzeitschrift,1,Kerstin Kempker Ohne Form sind wir Staub,0.0,0.1425962616807369,-0.1425962616807369,keine_dominanz
1367,file:/C:/mallet/textkorpus/final_txtonly/2021_LZ_SINN_2_André-Georgi_Der-Türke_pp.txt,2021,LZ,Literaturzeitschrift,2,André Georgi Der Türke,0.0569183245108806,0.2040007408017294,-0.14708241629084878,keine_dominanz
1368,file:/C:/mallet/textkorpus/final_txtonly/2021_LZ_SINN_3_Hartmut-Lange-Am-Osloer-Fjord-oder-der-Fremde_pp.txt,2021,LZ,Literaturzeitschrift,3,Hartmut Lange Am Osloer Fjord oder der Fremde,0.0,0.0233584641067815,-0.0233584641067815,keine_dominanz
1369,file:/C:/mallet/textkorpus/final_txtonly/2021_LZ_SINN_4_Laura-Breh_Angst_pp.txt,2021,LZ,Literaturzeitschrift,4,Laura Breh Angst,0.032992540029939,0.0,0.032992540029939,keine_dominanz
1370,file:/C:/mallet/textkorpus/final_txtonly/2021_LZ_SINN_5_Renatus-Deckert_Das-japanische-Palais_pp.txt,2021,LZ,Literaturzeitschrift,5,Renatus Deckert Das japanische Palais,0.0,0.1283697265644769,-0.1283697265644769,keine_dominanz
1371,file:/C:/mallet/textkorpus/final_txtonly/2021_LZ_SINN_6_Giwi-Margwelaschwili_Der-Polyp-Polymat_pp.txt,2021,LZ,Literaturzeitschrift,6,Giwi Margwelaschwili Der Polyp Polymat,0.0443727873990722,0.0,0.0443727873990722,keine_dominanz
1372,file:/C:/mallet/textkorpus/final_txtonly/2021_LZ_SINN_6_Roswitha-Haring_Dreh-dich-nicht-um_pp.txt,2021,LZ,Literaturzeitschrift,6,Roswitha Haring Dreh dich nicht um,0.0,0.061553632548199705,-0.061553632548199705,keine_dominanz
1373,file:/C:/mallet/textkorpus/final_txtonly/2021_LZ_SPRITZ_237_Frederik-Tidén_you_pp.txt,2021,LZ,Literaturzeitschrift,237,Frederik Tidén you,0.06870490376893279,0.022384414854637,0.04632048891429579,keine_dominanz
1374,file:/C:/mallet/textkorpus/final_txtonly/2021_LZ_SPRITZ_237_Hieu-Hoang_Mein-Sohn-hält-mich-in-seiner-Hand_pp.txt,2021,LZ,Literaturzeitschrift,237,Hieu Hoang Mein Sohn hält mich in seiner Hand,0.0,0.0209319973348601,-0.0209319973348601,keine_dominanz
1375,file:/C:/mallet/textkorpus/final_txtonly/2021_LZ_SPRITZ_237_Paula-Steiner_Eierfrauen_pp.txt,2021,LZ,Literaturzeitschrift,237,Paula Steiner Eierfrauen,0.0,0.0,0.0,keine_dominanz
1376,file:/C:/mallet/textkorpus/final_txtonly/2021_LZ_SPRITZ_237_Rina-Schmeller_Die-Briefe-meiner-Mutter_pp.txt,2021,LZ,Literaturzeitschrift,237,Rina Schmeller Die Briefe meiner Mutter,0.0200144068968043,0.0373869502534056,-0.017372543356601298,keine_dominanz
1377,file:/C:/mallet/textkorpus/final_txtonly/2021_LZ_SPRITZ_238_Antonio-Skármeta_Der-Zwiebelfisch_pp.txt,2021,LZ,Literaturzeitschrift,238,Antonio Skármeta Der Zwiebelfisch,0.265479342002928,0.033231968941603,0.232247373061325,keine_dominanz
1378,file:/C:/mallet/textkorpus/final_txtonly/2021_LZ_SPRITZ_238_Gert-Loschütz_Der-Umzug_pp.txt,2021,LZ,Literaturzeitschrift,238,Gert Loschütz Der Umzug,0.0699601021979867,0.0,0.0699601021979867,keine_dominanz
1379,file:/C:/mallet/textkorpus/final_txtonly/2021_LZ_SPRITZ_239_Alexandru-Bulucz_Ungegenwart_pp.txt,2021,LZ,Literaturzeitschrift,239,Alexandru Bulucz Ungegenwart,0.1262796652236755,0.0254681272565806,0.10081153796709491,keine_dominanz
1380,file:/C:/mallet/textkorpus/final_txtonly/2021_LZ_SPRITZ_239_Durs-Grünbein_Das-Milch-und-Honig-Notizbuch_pp.txt,2021,LZ,Literaturzeitschrift,239,Durs Grünbein Das Milch und Honig Notizbuch,0.1310715043465264,0.097157137929878,0.0339143664166484,keine_dominanz
1381,file:/C:/mallet/textkorpus/final_txtonly/2021_LZ_SPRITZ_239_Ingo-Schulze_Rosi_pp.txt,2021,LZ,Literaturzeitschrift,239,Ingo Schulze Rosi,0.2225890202746906,0.12079456820553279,0.10179445206915781,keine_dominanz
1382,file:/C:/mallet/textkorpus/final_txtonly/2021_LZ_SPRITZ_239_Shida-Bazyar_Notate-4-Januar-2017_pp.txt,2021,LZ,Literaturzeitschrift,239,Shida Bazyar Notate 4 Januar 2017,0.0778725437526351,0.0343264260500602,0.043546117702574896,keine_dominanz
1383,file:/C:/mallet/textkorpus/final_txtonly/2021_LZ_SPRITZ_239_Thomas-Hettche_Würgeengel-90er-Jahre_pp.txt,2021,LZ,Literaturzeitschrift,239,Thomas Hettche Würgeengel 90er Jahre,0.0242506357830864,0.0,0.0242506357830864,keine_dominanz
1384,file:/C:/mallet/textkorpus/final_txtonly/2021_LZ_SPRITZ_239_Ulla-Lenze_Amok_pp.txt,2021,LZ,Literaturzeitschrift,239,Ulla Lenze Amok,0.0547241208428828,0.200425153512835,-0.14570103266995219,keine_dominanz
1385,file:/C:/mallet/textkorpus/final_txtonly/2021_LZ_SPRITZ_240_Lorenz-Just_Erde-Liebe-Chaos_pp.txt,2021,LZ,Literaturzeitschrift,240,Lorenz Just Erde Liebe Chaos,0.0,0.12389117364308029,-0.12389117364308029,keine_dominanz
1386,file:/C:/mallet/textkorpus/final_txtonly/2021_LZ_SPRITZ_Jonas-Lüscher_Bruder-Klaus_pp.txt,2021,LZ,Literaturzeitschrift,Jonas Lüscher,Bruder Klaus,0.0,0.26706520095971886,-0.26706520095971886,keine_dominanz
1387,file:/C:/mallet/textkorpus/final_txtonly/2021_OP_FF_Aidala_Gute-Nacht-Geschichte_60630475000c7fac1cc587fc_pp.txt,2021,OP,Online-Plattform,Aidala,Gute Nacht Geschichte 60630475000c7fac1cc587fc,0.0,0.2910289740287581,-0.2910289740287581,keine_dominanz
1388,file:/C:/mallet/textkorpus/final_txtonly/2021_OP_FF_AlexClaain_Goldener-Wolkenbruch_5fff66ef00030c69129d6a91_pp.txt,2021,OP,Online-Plattform,AlexClaain,Goldener Wolkenbruch 5fff66ef00030c69129d6a91,0.0,0.0677857302337372,-0.0677857302337372,keine_dominanz
1389,file:/C:/mallet/textkorpus/final_txtonly/2021_OP_FF_Alily-Scamander_Wie-eine-Feder-so-leicht_607de735000ad6c03432e2bf_pp.txt,2021,OP,Online-Plattform,Alily Scamander,Wie eine Feder so leicht 607de735000ad6c03432e2bf,0.0,0.0,0.0,keine_dominanz
1390,file:/C:/mallet/textkorpus/final_txtonly/2021_OP_FF_ChangelingBiRe_More-than-a-pretty-Boy_61af47420009ecfe132a89f6_pp.txt,2021,OP,Online-Plattform,ChangelingBiRe,More than a pretty Boy 61af47420009ecfe132a89f6,0.0,0.0366324397094766,-0.0366324397094766,keine_dominanz
1391,file:/C:/mallet/textkorpus/final_txtonly/2021_OP_FF_Elenor-Rohir_Der-Fremde-im-Vorhof_60d7f180000546518d91a36_pp.txt,2021,OP,Online-Plattform,Elenor Rohir,Der Fremde im Vorhof 60d7f180000546518d91a36,0.0629052528131589,0.0218880112764943,0.0410172415366646,keine_dominanz
1392,file:/C:/mallet/textkorpus/final_txtonly/2021_OP_FF_eve001_Die-Lesung_6071e614000be87336d025c1_pp.txt,2021,OP,Online-Plattform,eve001,Die Lesung 6071e614000be87336d025c1,0.1520522946531215,0.0416820258209892,0.1103702688321323,keine_dominanz
1393,file:/C:/mallet/textkorpus/final_txtonly/2021_OP_FF_Federhalter02_Feather-s-in-the-wind_60fb2ece000bae628429420_pp.txt,2021,OP,Online-Plattform,Federhalter02,Feather s in the wind 60fb2ece000bae628429420,0.0,0.059007565028609196,-0.059007565028609196,keine_dominanz
1394,file:/C:/mallet/textkorpus/final_txtonly/2021_OP_FF_Federhalter02_Leichenblass_60017989000bae623645d1ad_pp.txt,2021,OP,Online-Plattform,Federhalter02,Leichenblass 60017989000bae623645d1ad,0.0423101659132451,0.1361087730060056,-0.0937986070927605,keine_dominanz
1395,file:/C:/mallet/textkorpus/final_txtonly/2021_OP_FF_Ginger-Snaps_Ich-will-eure-rosa-Maedchen-Eier-sehen_601fed250005db9364b2e4d_pp.txt,2021,OP,Online-Plattform,Ginger Snaps,Ich will eure rosa Maedchen Eier sehen 601fed250005db9364b2e4d,0.0206011426387751,0.1455233553394685,-0.1249222127006934,keine_dominanz
1396,file:/C:/mallet/textkorpus/final_txtonly/2021_OP_FF_Jaco-Silverstone_Eine-helfende-Hand_60b39ac70002c3cf180c950c_pp.txt,2021,OP,Online-Plattform,Jaco Silverstone,Eine helfende Hand 60b39ac70002c3cf180c950c,0.0876096232751333,0.0246864210893288,0.0629232021858045,keine_dominanz
1397,file:/C:/mallet/textkorpus/final_txtonly/2021_OP_FF_JeanyEvans_Die-grosse-Freiheit_6096ec5800009b1a380fe80d_pp.txt,2021,OP,Online-Plattform,JeanyEvans,Die grosse Freiheit 6096ec5800009b1a380fe80d,0.0,0.0468441347076215,-0.0468441347076215,keine_dominanz
1398,file:/C:/mallet/textkorpus/final_txtonly/2021_OP_FF_JeanyEvans_Es-war-Sommer_609ea33400009b1a380fe80d_pp.txt,2021,OP,Online-Plattform,JeanyEvans,Es war Sommer 609ea33400009b1a380fe80d,0.0,0.1784447044690751,-0.1784447044690751,keine_dominanz
1399,file:/C:/mallet/textkorpus/final_txtonly/2021_OP_FF_JeanyEvans_Hinter-dem-Fenster_60ba83e700009b1a27fbffdc_pp.txt,2021,OP,Online-Plattform,JeanyEvans,Hinter dem Fenster 60ba83e700009b1a27fbffdc,0.0,0.0,0.0,keine_dominanz
1400,file:/C:/mallet/textkorpus/final_txtonly/2021_OP_FF_JeanyEvans_Magic-Moment_6058633400009b1a27fbffdc_pp.txt,2021,OP,Online-Plattform,JeanyEvans,Magic Moment 6058633400009b1a27fbffdc,0.0,0.11872931270459221,-0.11872931270459221,keine_dominanz
1401,file:/C:/mallet/textkorpus/final_txtonly/2021_OP_FF_Jo-Anderson_Nikolaeuse-kuesst-man-nicht_61ad31a200037a88399cee9a_pp.txt,2021,OP,Online-Plattform,Jo Anderson,Nikolaeuse kuesst man nicht 61ad31a200037a88399cee9a,0.0,0.0,0.0,keine_dominanz
1402,file:/C:/mallet/textkorpus/final_txtonly/2021_OP_FF_Kah-Punkt_Die-Einsamkeit-des-Montparnelle_61616e89000075501cf39b91_pp.txt,2021,OP,Online-Plattform,Kah Punkt,Die Einsamkeit des Montparnelle 61616e89000075501cf39b91,0.0,0.0219915977358585,-0.0219915977358585,keine_dominanz
1403,file:/C:/mallet/textkorpus/final_txtonly/2021_OP_FF_Killua4707_Chrollo-x-Reader_60b3defe000d3fda37bb1090_pp.txt,2021,OP,Online-Plattform,Killua4707,Chrollo x Reader 60b3defe000d3fda37bb1090,0.0411095611300357,0.0,0.0411095611300357,keine_dominanz
1404,file:/C:/mallet/textkorpus/final_txtonly/2021_OP_FF_Laileena_UNSF-CO-1-Strandparty_6186ceb400079dc52ae10356_pp.txt,2021,OP,Online-Plattform,Laileena,UNSF CO 1 Strandparty 6186ceb400079dc52ae10356,0.0,0.0355445432009849,-0.0355445432009849,keine_dominanz
1405,file:/C:/mallet/textkorpus/final_txtonly/2021_OP_FF_Laileena_UNSF-OS-1-Avens-Heimaturlaub_6195620600079dc5b9057f5_pp.txt,2021,OP,Online-Plattform,Laileena,UNSF OS 1 Avens Heimaturlaub 6195620600079dc5b9057f5,0.0,0.037759145027095,-0.037759145027095,keine_dominanz
1406,file:/C:/mallet/textkorpus/final_txtonly/2021_OP_FF_Laileena_UNSF-OS-2-Schneeballschlacht_61a7cbdc00079dc52c0a9d25_pp.txt,2021,OP,Online-Plattform,Laileena,UNSF OS 2 Schneeballschlacht 61a7cbdc00079dc52c0a9d25,0.0,0.0,0.0,keine_dominanz
1407,file:/C:/mallet/textkorpus/final_txtonly/2021_OP_FF_Laileena_Zeytin-und-der-Osterhase_619542eb00079dc5172ccadd_pp.txt,2021,OP,Online-Plattform,Laileena,Zeytin und der Osterhase 619542eb00079dc5172ccadd,0.0,0.1112328875749751,-0.1112328875749751,keine_dominanz
1408,file:/C:/mallet/textkorpus/final_txtonly/2021_OP_FF_Lighthouse_Alles-wie-immer-nichts-wie-zuvor_608b25310000837bf934176_pp.txt,2021,OP,Online-Plattform,Lighthouse,Alles wie immer nichts wie zuvor 608b25310000837bf934176,0.0,0.0,0.0,keine_dominanz
1409,file:/C:/mallet/textkorpus/final_txtonly/2021_OP_FF_Lighthouse_Der-Zuckergast_60c8cc320000837b9a191f0_pp.txt,2021,OP,Online-Plattform,Lighthouse,Der Zuckergast 60c8cc320000837b9a191f0,0.0,0.0,0.0,keine_dominanz
1410,file:/C:/mallet/textkorpus/final_txtonly/2021_OP_FF_Lolo05_Du_607aef0b000c53e42b51b108_pp.txt,2021,OP,Online-Plattform,Lolo05,Du 607aef0b000c53e42b51b108,0.0,0.0434080631103028,-0.0434080631103028,keine_dominanz
1411,file:/C:/mallet/textkorpus/final_txtonly/2021_OP_FF_Lolo05_Trugbilder_606aaee5000c53e42b51b108_pp.txt,2021,OP,Online-Plattform,Lolo05,Trugbilder 606aaee5000c53e42b51b108,0.0,0.1342915145154096,-0.1342915145154096,keine_dominanz
1412,file:/C:/mallet/textkorpus/final_txtonly/2021_OP_FF_Lolo05_Wie-Regen-auf-Asphalt_603ff65a000c53e425f7ccc9_pp.txt,2021,OP,Online-Plattform,Lolo05,Wie Regen auf Asphalt 603ff65a000c53e425f7ccc9,0.0,0.0,0.0,keine_dominanz
1413,file:/C:/mallet/textkorpus/final_txtonly/2021_OP_FF_Nayka-Nima_Mordgedanken_61c9bad9000641441dcbb9e2_pp.txt,2021,OP,Online-Plattform,Nayka Nima,Mordgedanken 61c9bad9000641441dcbb9e2,0.0,0.0366791109155897,-0.0366791109155897,keine_dominanz
1414,file:/C:/mallet/textkorpus/final_txtonly/2021_OP_FF_Nayka-Nima_Schokoladentropfen_609d39fc0006414423dd1ed5_pp.txt,2021,OP,Online-Plattform,Nayka Nima,Schokoladentropfen 609d39fc0006414423dd1ed5,0.0,0.0545371929304212,-0.0545371929304212,keine_dominanz
1415,file:/C:/mallet/textkorpus/final_txtonly/2021_OP_FF_Nesaja_Drachen-sollen-fliegen_5ff433f9000ba65233c7b17c_pp.txt,2021,OP,Online-Plattform,Nesaja,Drachen sollen fliegen 5ff433f9000ba65233c7b17c,0.0366392517100563,0.1623710030240528,-0.1257317513139965,keine_dominanz
1416,file:/C:/mallet/textkorpus/final_txtonly/2021_OP_FF_RADP_Gezeitenlos_60c89feb000375a78f1bb0a_pp.txt,2021,OP,Online-Plattform,RADP,Gezeitenlos 60c89feb000375a78f1bb0a,0.0,0.0273385715830411,-0.0273385715830411,keine_dominanz
1417,file:/C:/mallet/textkorpus/final_txtonly/2021_OP_FF_Samyschreibt_Der-Coolste-hat-Familie-Turbo-lenzen-erstellt_60c48c19000514ca233a0908_pp.txt,2021,OP,Online-Plattform,Samyschreibt,Der Coolste hat Familie Turbo lenzen erstellt 60c48c19000514ca233a0908,0.0,0.0,0.0,keine_dominanz
1418,file:/C:/mallet/textkorpus/final_txtonly/2021_OP_FF_TaeLina_Asteroid_612bdb3c000379cf2acfc334_pp.txt,2021,OP,Online-Plattform,TaeLina,Asteroid 612bdb3c000379cf2acfc334,0.0489806864753501,0.0,0.0489806864753501,keine_dominanz
1419,file:/C:/mallet/textkorpus/final_txtonly/2021_OP_FF_Thomas-Heinrich_An-der-Bushaltestelle_61afc20b0007159218c9bdc9_pp.txt,2021,OP,Online-Plattform,Thomas Heinrich,An der Bushaltestelle 61afc20b0007159218c9bdc9,0.0513587534935572,0.0,0.0513587534935572,keine_dominanz
1420,file:/C:/mallet/textkorpus/final_txtonly/2021_OP_FF_Thomas-Heinrich_Das-Jahrhunderttalent_60e71d150007159218c9bdc9_pp.txt,2021,OP,Online-Plattform,Thomas Heinrich,Das Jahrhunderttalent 60e71d150007159218c9bdc9,0.0,0.2759449275065886,-0.2759449275065886,keine_dominanz
1421,file:/C:/mallet/textkorpus/final_txtonly/2021_OP_FF_Thomas-Heinrich_Die-geheimsten-Wuensche_60a4c9c1000715928446bab_pp.txt,2021,OP,Online-Plattform,Thomas Heinrich,Die geheimsten Wuensche 60a4c9c1000715928446bab,0.0,0.2729526308208589,-0.2729526308208589,keine_dominanz
1422,file:/C:/mallet/textkorpus/final_txtonly/2021_OP_FF_Tim-Thomas_Abschied_605122e7000b5c4c113dd452_pp.txt,2021,OP,Online-Plattform,Tim Thomas,Abschied 605122e7000b5c4c113dd452,0.0,0.0240265346267786,-0.0240265346267786,keine_dominanz
1423,file:/C:/mallet/textkorpus/final_txtonly/2021_OP_FF_Tschuh_Kleine-Baeume-The-Blank-Rune_60b1324e000709ddc1a3c52_pp.txt,2021,OP,Online-Plattform,Tschuh,Kleine Baeume The Blank Rune 60b1324e000709ddc1a3c52,0.0,0.12669486825940152,-0.12669486825940152,keine_dominanz
1424,file:/C:/mallet/textkorpus/final_txtonly/2021_OP_FF_Vermis_Wie-die-Wilden_612f51b50000a6ea1e115008_pp.txt,2021,OP,Online-Plattform,Vermis,Wie die Wilden 612f51b50000a6ea1e115008,0.0,0.0,0.0,keine_dominanz
1425,file:/C:/mallet/textkorpus/final_txtonly/2021_OP_FF_Willow-Faith_Kassiopeia_616199c7000d6b571672f027_pp.txt,2021,OP,Online-Plattform,Willow Faith,Kassiopeia 616199c7000d6b571672f027,0.0,0.07098191090922229,-0.07098191090922229,keine_dominanz
1426,file:/C:/mallet/textkorpus/final_txtonly/2021_OP_FF_Winterwriter_Buero-ist-kein-Ponyhof_60cc4831000d20ae2fcf6757_pp.txt,2021,OP,Online-Plattform,Winterwriter,Buero ist kein Ponyhof 60cc4831000d20ae2fcf6757,0.0987175664964684,0.0,0.0987175664964684,keine_dominanz
1427,file:/C:/mallet/textkorpus/final_txtonly/2021_OP_FF_writer-to-be_Mondschein_6092ba5100031a14b761f83_pp.txt,2021,OP,Online-Plattform,writer to be,Mondschein 6092ba5100031a14b761f83,0.0874651706821591,0.0,0.0874651706821591,keine_dominanz
1428,file:/C:/mallet/textkorpus/final_txtonly/2021_OP_FF_YuriDuscae_Der-Warg_616256ba000a33db1f639f78_pp.txt,2021,OP,Online-Plattform,YuriDuscae,Der Warg 616256ba000a33db1f639f78,0.0,0.0498096370498939,-0.0498096370498939,keine_dominanz
1429,file:/C:/mallet/textkorpus/final_txtonly/2021_OP_FF_zuckerfuchs_Dorfbewohner-B_60ba5b490002b9b82bfba687_pp.txt,2021,OP,Online-Plattform,zuckerfuchs,Dorfbewohner B 60ba5b490002b9b82bfba687,0.0,0.0,0.0,keine_dominanz
1430,file:/C:/mallet/textkorpus/final_txtonly/2021_OP_FF_zuckerfuchs_Pazifik_610af3b10002b9b8c45b586_pp.txt,2021,OP,Online-Plattform,zuckerfuchs,Pazifik 610af3b10002b9b8c45b586,0.0,0.1039807200728305,-0.1039807200728305,keine_dominanz
1431,file:/C:/mallet/textkorpus/final_txtonly/2022_B_Brauchbare-Menschen_Magdalena-Schrefel_Automatenglück_pp.txt,2022,B,Buch,Magdalena Schrefel,Automatenglück,0.0411773244892253,0.0,0.0411773244892253,keine_dominanz
1432,file:/C:/mallet/textkorpus/final_txtonly/2022_B_Brauchbare-Menschen_Magdalena-Schrefel_Erntezeit_pp.txt,2022,B,Buch,Magdalena Schrefel,Erntezeit,0.0,0.038125603643464,-0.038125603643464,keine_dominanz
1433,file:/C:/mallet/textkorpus/final_txtonly/2022_B_Brauchbare-Menschen_Magdalena-Schrefel_Kirschkernernte_pp.txt,2022,B,Buch,Magdalena Schrefel,Kirschkernernte,0.0368942968371496,0.0973363504969275,-0.0604420536597779,keine_dominanz
1434,file:/C:/mallet/textkorpus/final_txtonly/2022_B_Brauchbare-Menschen_Magdalena-Schrefel_Kirschkernspucken_pp.txt,2022,B,Buch,Magdalena Schrefel,Kirschkernspucken,0.0200466158355431,0.0,0.0200466158355431,keine_dominanz
1435,file:/C:/mallet/textkorpus/final_txtonly/2022_B_Brauchbare-Menschen_Magdalena-Schrefel_Landpartie_pp.txt,2022,B,Buch,Magdalena Schrefel,Landpartie,0.0201377614197053,0.0265320025270269,-0.006394241107321601,keine_dominanz
1436,file:/C:/mallet/textkorpus/final_txtonly/2022_B_Brauchbare-Menschen_Magdalena-Schrefel_Mein-Vater-ruft-an_pp.txt,2022,B,Buch,Magdalena Schrefel,Mein Vater ruft an,0.0842342365849477,0.0,0.0842342365849477,keine_dominanz
1437,file:/C:/mallet/textkorpus/final_txtonly/2022_B_Brauchbare-Menschen_Magdalena-Schrefel_Nachrichtendienst_pp.txt,2022,B,Buch,Magdalena Schrefel,Nachrichtendienst,0.0,0.0370103050046472,-0.0370103050046472,keine_dominanz
1438,file:/C:/mallet/textkorpus/final_txtonly/2022_B_Brauchbare-Menschen_Magdalena-Schrefel_Schlafgänger_pp.txt,2022,B,Buch,Magdalena Schrefel,Schlafgänger,0.0,0.0,0.0,keine_dominanz
1439,file:/C:/mallet/textkorpus/final_txtonly/2022_B_Brauchbare-Menschen_Magdalena-Schrefel_Schlangestehen_pp.txt,2022,B,Buch,Magdalena Schrefel,Schlangestehen,0.1839551028921099,0.0,0.1839551028921099,keine_dominanz
1440,file:/C:/mallet/textkorpus/final_txtonly/2022_B_Brauchbare-Menschen_Magdalena-Schrefel_Weltuntergang_pp.txt,2022,B,Buch,Magdalena Schrefel,Weltuntergang,0.2523493917604278,0.031281391847619,0.22106799991280882,keine_dominanz
1441,file:/C:/mallet/textkorpus/final_txtonly/2022_B_Brauchbare-Menschen_Magdalena-Schrefel_Zusammengehen_pp.txt,2022,B,Buch,Magdalena Schrefel,Zusammengehen,0.0651774453951558,0.0204058235440499,0.0447716218511059,keine_dominanz
1442,file:/C:/mallet/textkorpus/final_txtonly/2022_B_Damenbart_Sarah-Pines_Buffalo_pp.txt,2022,B,Buch,Sarah Pines,Buffalo,0.0,0.1102202082210907,-0.1102202082210907,keine_dominanz
1443,file:/C:/mallet/textkorpus/final_txtonly/2022_B_Damenbart_Sarah-Pines_Calimesa_pp.txt,2022,B,Buch,Sarah Pines,Calimesa,0.0,0.0799574840566329,-0.0799574840566329,keine_dominanz
1444,file:/C:/mallet/textkorpus/final_txtonly/2022_B_Damenbart_Sarah-Pines_Damenbart_pp.txt,2022,B,Buch,Sarah Pines,Damenbart,0.0203240649968197,0.135517326637642,-0.11519326164082229,keine_dominanz
1445,file:/C:/mallet/textkorpus/final_txtonly/2022_B_Damenbart_Sarah-Pines_Die-schwarze-Witwe_pp.txt,2022,B,Buch,Sarah Pines,Die schwarze Witwe,0.0505278707827381,0.0,0.0505278707827381,keine_dominanz
1446,file:/C:/mallet/textkorpus/final_txtonly/2022_B_Damenbart_Sarah-Pines_Eierschalenrot_pp.txt,2022,B,Buch,Sarah Pines,Eierschalenrot,0.0,0.0693375200396844,-0.0693375200396844,keine_dominanz
1447,file:/C:/mallet/textkorpus/final_txtonly/2022_B_Damenbart_Sarah-Pines_Ein-Mann-kehrt-den-Rücken_pp.txt,2022,B,Buch,Sarah Pines,Ein Mann kehrt den Rücken,0.0,0.062360338058947,-0.062360338058947,keine_dominanz
1448,file:/C:/mallet/textkorpus/final_txtonly/2022_B_Damenbart_Sarah-Pines_Eisvogel_pp.txt,2022,B,Buch,Sarah Pines,Eisvogel,0.020796862240776,0.0415232880941926,-0.020726425853416598,keine_dominanz
1449,file:/C:/mallet/textkorpus/final_txtonly/2022_B_Damenbart_Sarah-Pines_Kalifornische-Abschiede_pp.txt,2022,B,Buch,Sarah Pines,Kalifornische Abschiede,0.0263140830512121,0.0815284398902775,-0.0552143568390654,keine_dominanz
1450,file:/C:/mallet/textkorpus/final_txtonly/2022_B_Damenbart_Sarah-Pines_Krabbencocktail_pp.txt,2022,B,Buch,Sarah Pines,Krabbencocktail,0.0,0.059017992798537,-0.059017992798537,keine_dominanz
1451,file:/C:/mallet/textkorpus/final_txtonly/2022_B_Damenbart_Sarah-Pines_One-Silver-Dollar_pp.txt,2022,B,Buch,Sarah Pines,One Silver Dollar,0.0,0.0,0.0,keine_dominanz
1452,file:/C:/mallet/textkorpus/final_txtonly/2022_B_Damenbart_Sarah-Pines_Peg-E._pp.txt,2022,B,Buch,Sarah Pines,Peg E.,0.0,0.0715012400057132,-0.0715012400057132,keine_dominanz
1453,file:/C:/mallet/textkorpus/final_txtonly/2022_B_Damenbart_Sarah-Pines_Persephone_pp.txt,2022,B,Buch,Sarah Pines,Persephone,0.0,0.10033637548120639,-0.10033637548120639,keine_dominanz
1454,file:/C:/mallet/textkorpus/final_txtonly/2022_B_Damenbart_Sarah-Pines_Schweiß_pp.txt,2022,B,Buch,Sarah Pines,Schweiß,0.0356685871679787,0.0896624821144889,-0.053993894946510204,keine_dominanz
1455,file:/C:/mallet/textkorpus/final_txtonly/2022_B_Damenbart_Sarah-Pines_Sie-schon-wieder_pp.txt,2022,B,Buch,Sarah Pines,Sie schon wieder,0.0,0.0359885923744309,-0.0359885923744309,keine_dominanz
1456,file:/C:/mallet/textkorpus/final_txtonly/2022_B_Damenbart_Sarah-Pines_Skizzen-einer-Ehe_pp.txt,2022,B,Buch,Sarah Pines,Skizzen einer Ehe,0.0,0.0500499342087619,-0.0500499342087619,keine_dominanz
1457,file:/C:/mallet/textkorpus/final_txtonly/2022_B_Damenbart_Sarah-Pines_Wintersonne_pp.txt,2022,B,Buch,Sarah Pines,Wintersonne,0.0498472704863936,0.15209293486887399,-0.1022456643824804,keine_dominanz
1458,file:/C:/mallet/textkorpus/final_txtonly/2022_B_Damenbart_Sarah-Pines_Zugenäht_pp.txt,2022,B,Buch,Sarah Pines,Zugenäht,0.0,0.1458212810129034,-0.1458212810129034,keine_dominanz
1459,file:/C:/mallet/textkorpus/final_txtonly/2022_B_Supermilch_Philipp-Böhm_Bei-Pac-Man-gewinnen_pp.txt,2022,B,Buch,Philipp Böhm,Bei Pac Man gewinnen,0.355749443024707,0.0,0.355749443024707,dominant_kritisch
1460,file:/C:/mallet/textkorpus/final_txtonly/2022_B_Supermilch_Philipp-Böhm_Das-Macdougall-Projekt_pp.txt,2022,B,Buch,Philipp Böhm,Das Macdougall Projekt,0.0,0.0257653254006107,-0.0257653254006107,keine_dominanz
1461,file:/C:/mallet/textkorpus/final_txtonly/2022_B_Supermilch_Philipp-Böhm_Der-Schlüssel-zum-Keller_pp.txt,2022,B,Buch,Philipp Böhm,Der Schlüssel zum Keller,0.0,0.0,0.0,keine_dominanz
1462,file:/C:/mallet/textkorpus/final_txtonly/2022_B_Supermilch_Philipp-Böhm_Die-Berge-unter-der-Stadt_pp.txt,2022,B,Buch,Philipp Böhm,Die Berge unter der Stadt,0.0278558715831216,0.0,0.0278558715831216,keine_dominanz
1463,file:/C:/mallet/textkorpus/final_txtonly/2022_B_Supermilch_Philipp-Böhm_German-Content-Superstar_pp.txt,2022,B,Buch,Philipp Böhm,German Content Superstar,0.1619518013519774,0.0,0.1619518013519774,keine_dominanz
1464,file:/C:/mallet/textkorpus/final_txtonly/2022_B_Supermilch_Philipp-Böhm_Playhouse_pp.txt,2022,B,Buch,Philipp Böhm,Playhouse,0.0,0.0,0.0,keine_dominanz
1465,file:/C:/mallet/textkorpus/final_txtonly/2022_B_Supermilch_Philipp-Böhm_So-klagte-der-King_pp.txt,2022,B,Buch,Philipp Böhm,So klagte der King,0.0,0.0,0.0,keine_dominanz
1466,file:/C:/mallet/textkorpus/final_txtonly/2022_B_Supermilch_Philipp-Böhm_Sterben-mit-den-Philistern_pp.txt,2022,B,Buch,Philipp Böhm,Sterben mit den Philistern,0.0,0.0,0.0,keine_dominanz
1467,file:/C:/mallet/textkorpus/final_txtonly/2022_LW_Bachmann_3sat-Preis_Leon-Engler_Liste-der-Dinge-die-nicht-so-sind-wie-sie-sein-sollten_pp.txt,2022,LW,Literaturwettbewerb,3sat Preis,Leon Engler Liste der Dinge die nicht so sind wie sie sein sollten,0.0577968170952314,0.0,0.0577968170952314,keine_dominanz
1468,file:/C:/mallet/textkorpus/final_txtonly/2022_LW_Bachmann_Bachmannpreis_Ana-Marwan_Wechselkröte_pp.txt,2022,LW,Literaturwettbewerb,Bachmannpreis,Ana Marwan Wechselkröte,0.042716478590989995,0.1230502809104681,-0.0803338023194781,keine_dominanz
1469,file:/C:/mallet/textkorpus/final_txtonly/2022_LW_Bachmann_BKS-Publikumspreis_Elias-Hirschl_Staublunge_pp.txt,2022,LW,Literaturwettbewerb,BKS Publikumspreis,Elias Hirschl Staublunge,0.196927998498426,0.0442340563421834,0.1526939421562426,keine_dominanz
1470,file:/C:/mallet/textkorpus/final_txtonly/2022_LW_Bachmann_Deutschlandfunk-Preis_Alexandru-Bulucz_Einige-Landesgrenzen-weiter-östlich-von-hier-aus-gesehen_pp.txt,2022,LW,Literaturwettbewerb,Deutschlandfunk Preis,Alexandru Bulucz Einige Landesgrenzen weiter östlich von hier aus gesehen,0.0,0.0,0.0,keine_dominanz
1471,file:/C:/mallet/textkorpus/final_txtonly/2022_LW_Bachmann_Kelag-Preis_Juan-S-Guse_Im-Falle-des-Druckabfalls_pp.txt,2022,LW,Literaturwettbewerb,Kelag Preis,Juan S Guse Im Falle des Druckabfalls,0.11032824316336201,0.0,0.11032824316336201,keine_dominanz
1472,file:/C:/mallet/textkorpus/final_txtonly/2022_LW_Moerser-Literaturpreis_01_Tina-Schlegel_Rote-Spuren_pp.txt,2022,LW,Literaturwettbewerb,01,Tina Schlegel Rote Spuren,0.0,0.2376273399424266,-0.2376273399424266,keine_dominanz
1473,file:/C:/mallet/textkorpus/final_txtonly/2022_LW_Moerser-Literaturpreis_02_Ann-Kristin-Hensen_Regen-im-Weltall_pp.txt,2022,LW,Literaturwettbewerb,02,Ann Kristin Hensen Regen im Weltall,0.024073556990398,0.0430927690809147,-0.019019212090516702,keine_dominanz
1474,file:/C:/mallet/textkorpus/final_txtonly/2022_LW_Moerser-Literaturpreis_03_Iris-Kogler_Siebzehn-Tage_pp.txt,2022,LW,Literaturwettbewerb,03,Iris Kogler Siebzehn Tage,0.0552918369717671,0.29126152758533336,-0.23596969061356626,keine_dominanz
1475,file:/C:/mallet/textkorpus/final_txtonly/2022_LW_Münchner-KGW_Cäcilie-Weise_Warmes-Fleisch_PUBLIKUMSPREIS_pp.txt,2022,LW,Literaturwettbewerb,Cäcilie Weise,Warmes Fleisch PUBLIKUMSPREIS,0.0506126687288209,0.1158602424207808,-0.06524757369195991,keine_dominanz
1476,file:/C:/mallet/textkorpus/final_txtonly/2022_LW_Münchner-KGW_Heike-Schwarze_3000-Meter_pp.txt,2022,LW,Literaturwettbewerb,Heike Schwarze,3000 Meter,0.0234725460384886,0.046626014997285,-0.023153468958796396,keine_dominanz
1477,file:/C:/mallet/textkorpus/final_txtonly/2022_LW_Münchner-KGW_Lisa-Viktoria-Niederberger_Und-Zohreh-schreit_pp.txt,2022,LW,Literaturwettbewerb,Lisa Viktoria Niederberger,Und Zohreh schreit,0.0253453988982815,0.0205228026135532,0.004822596284728298,keine_dominanz
1478,file:/C:/mallet/textkorpus/final_txtonly/2022_LW_Münchner-KGW_Thorsten-N-Siche_Bei-Kerbers-nebenan_pp.txt,2022,LW,Literaturwettbewerb,Thorsten N Siche,Bei Kerbers nebenan,0.0,0.0203819334413521,-0.0203819334413521,keine_dominanz
1479,file:/C:/mallet/textkorpus/final_txtonly/2022_LW_OpenMike_Patrick_Holzapfel_Gurgelgeräusche_pp.txt,2022,LW,Literaturwettbewerb,Patrick,Holzapfel Gurgelgeräusche,0.0993146495363771,0.0432954440264262,0.0560192055099509,keine_dominanz
1480,file:/C:/mallet/textkorpus/final_txtonly/2022_LW_Schreibwettbewerb-Literaturhaus-Zürich_04_Monika-Volaucnik_Auswege_pp.txt,2022,LW,Literaturwettbewerb,04,Monika Volaucnik Auswege,0.0,0.0,0.0,keine_dominanz
1481,file:/C:/mallet/textkorpus/final_txtonly/2022_LW_Schreibwettbewerb-Literaturhaus-Zürich_06_Elisabeth-Poleschinski_Beistand_pp.txt,2022,LW,Literaturwettbewerb,06,Elisabeth Poleschinski Beistand,0.0,0.0,0.0,keine_dominanz
1482,file:/C:/mallet/textkorpus/final_txtonly/2022_LW_Schreibwettbewerb-Literaturhaus-Zürich_07_Sebastian-Görtz_Trakoto-Effekt_pp.txt,2022,LW,Literaturwettbewerb,07,Sebastian Görtz Trakoto Effekt,0.1564774169402836,0.0,0.1564774169402836,keine_dominanz
1483,file:/C:/mallet/textkorpus/final_txtonly/2022_LW_Schreibwettbewerb-Literaturhaus-Zürich_09_Ulrike-Bleistein_Fortleben_pp.txt,2022,LW,Literaturwettbewerb,09,Ulrike Bleistein Fortleben,0.0,0.0267527455872452,-0.0267527455872452,keine_dominanz
1484,file:/C:/mallet/textkorpus/final_txtonly/2022_LW_Schreibwettbewerb-Literaturhaus-Zürich_10_Josephine-Bill_Mascha_pp.txt,2022,LW,Literaturwettbewerb,10,Josephine Bill Mascha,0.0232563963552366,0.0263038518832368,-0.0030474555280002,keine_dominanz
1485,file:/C:/mallet/textkorpus/final_txtonly/2022_LW_Schreibwettbewerb-Literaturhaus-Zürich_11_Silvia-Reusser_Ein-böser-Fall_pp.txt,2022,LW,Literaturwettbewerb,11,Silvia Reusser Ein böser Fall,0.1576734061301538,0.157811827405698,-0.00013842127554419825,keine_dominanz
1486,file:/C:/mallet/textkorpus/final_txtonly/2022_LW_Schreibwettbewerb-Literaturhaus-Zürich_12_Romina-Stargard_Im-Wartezimmer-des-Selbstmitleids_pp.txt,2022,LW,Literaturwettbewerb,12,Romina Stargard Im Wartezimmer des Selbstmitleids,0.0467226124860894,0.0,0.0467226124860894,keine_dominanz
1487,file:/C:/mallet/textkorpus/final_txtonly/2022_LZ_GRAMM_10_Alexandra-Stahl_John-Belushi_pp.txt,2022,LZ,Literaturzeitschrift,10,Alexandra Stahl John Belushi,0.0,0.1893481155613717,-0.1893481155613717,keine_dominanz
1488,file:/C:/mallet/textkorpus/final_txtonly/2022_LZ_GRAMM_11_Philipp-Winkler_Poolparty_pp.txt,2022,LZ,Literaturzeitschrift,11,Philipp Winkler Poolparty,0.0490670763767942,0.0353446651415138,0.013722411235280403,keine_dominanz
1489,file:/C:/mallet/textkorpus/final_txtonly/2022_LZ_GRAMM_12_Dana-Grigorcea_Immer-die-Liebe_pp.txt,2022,LZ,Literaturzeitschrift,12,Dana Grigorcea Immer die Liebe,0.0,0.0836193935383336,-0.0836193935383336,keine_dominanz
1490,file:/C:/mallet/textkorpus/final_txtonly/2022_LZ_GRAMM_7_Leon-Engler_Die-Aussicht_pp.txt,2022,LZ,Literaturzeitschrift,7,Leon Engler Die Aussicht,0.1282311678589085,0.0,0.1282311678589085,keine_dominanz
1491,file:/C:/mallet/textkorpus/final_txtonly/2022_LZ_GRAMM_8_Judith-Hermann_Abendbrot_pp.txt,2022,LZ,Literaturzeitschrift,8,Judith Hermann Abendbrot,0.0,0.1909038539149909,-0.1909038539149909,keine_dominanz
1492,file:/C:/mallet/textkorpus/final_txtonly/2022_LZ_GRAMM_9_Selim-Özdogan_Stock-und-Kopf_pp.txt,2022,LZ,Literaturzeitschrift,9,Selim Özdogan Stock und Kopf,0.0509214981234538,0.0598483644335729,-0.008926866310119103,keine_dominanz
1493,file:/C:/mallet/textkorpus/final_txtonly/2022_LZ_SINN_3_Ingomar-von-Kieseritzky_Der-jenseits-Baedeker_pp.txt,2022,LZ,Literaturzeitschrift,3,Ingomar von Kieseritzky Der jenseits Baedeker,0.1359488106653359,0.0456458982427838,0.0903029124225521,keine_dominanz
1494,file:/C:/mallet/textkorpus/final_txtonly/2022_LZ_SPRITZ_241_Charlotte-Milsch_tänzeln_pp.txt,2022,LZ,Literaturzeitschrift,241,Charlotte Milsch tänzeln,0.0200233624782981,0.07619509605001329,-0.05617173357171519,keine_dominanz
1495,file:/C:/mallet/textkorpus/final_txtonly/2022_LZ_SPRITZ_241_Ferial-Nadja-Karrasch_mutterfremd_pp.txt,2022,LZ,Literaturzeitschrift,241,Ferial Nadja Karrasch mutterfremd,0.0263705256118682,0.0235379764843649,0.0028325491275032998,keine_dominanz
1496,file:/C:/mallet/textkorpus/final_txtonly/2022_LZ_SPRITZ_241_Nora-Osagiobare_Manner-Sturm-der-Triebe_pp.txt,2022,LZ,Literaturzeitschrift,241,Nora Osagiobare Manner Sturm der Triebe,0.0204573258274325,0.0,0.0204573258274325,keine_dominanz
1497,file:/C:/mallet/textkorpus/final_txtonly/2022_LZ_SPRITZ_241_Roman-Kaiser-Mühläcker_Quinn_pp.txt,2022,LZ,Literaturzeitschrift,241,Roman Kaiser Mühläcker Quinn,0.0,0.0386380853151036,-0.0386380853151036,keine_dominanz
1498,file:/C:/mallet/textkorpus/final_txtonly/2022_LZ_SPRITZ_242_Thomas-Lehr_Es-reicht-doch-das-Matterhorn-zu-bestaunen_pp.txt,2022,LZ,Literaturzeitschrift,242,Thomas Lehr Es reicht doch das Matterhorn zu bestaunen,0.0848794207840218,0.0,0.0848794207840218,keine_dominanz
1499,file:/C:/mallet/textkorpus/final_txtonly/2022_LZ_SPRITZ_243_Alexandru-Bulucz_Einige-Landesgrenzen-weiter-östlich-von-hier-aus-gesehen_pp.txt,2022,LZ,Literaturzeitschrift,243,Alexandru Bulucz Einige Landesgrenzen weiter östlich von hier aus gesehen,0.0266378716215157,0.0,0.0266378716215157,keine_dominanz
1500,file:/C:/mallet/textkorpus/final_txtonly/2022_LZ_SPRITZ_Klemen-Kordež_A-Gringo-Like-Me_pp.txt,2022,LZ,Literaturzeitschrift,Klemen Kordež,A Gringo Like Me,0.0532537097980034,0.0,0.0532537097980034,keine_dominanz
1501,file:/C:/mallet/textkorpus/final_txtonly/2022_OP_FF_alegna70_Moorblumenliebe_62157b4a00043ca42dea9c12_pp.txt,2022,OP,Online-Plattform,alegna70,Moorblumenliebe 62157b4a00043ca42dea9c12,0.0,0.0548056432919306,-0.0548056432919306,keine_dominanz
1502,file:/C:/mallet/textkorpus/final_txtonly/2022_OP_FF_Bobby-Andrews_Blue-Birds_6350485c000e51833ad24e9d_pp.txt,2022,OP,Online-Plattform,Bobby Andrews,Blue Birds 6350485c000e51833ad24e9d,0.0,0.0,0.0,keine_dominanz
1503,file:/C:/mallet/textkorpus/final_txtonly/2022_OP_FF_butterfly-dimensions_Wir-waren-vorher-keine-Monster_62a89554000e25dfbe93618_pp.txt,2022,OP,Online-Plattform,butterfly dimensions,Wir waren vorher keine Monster 62a89554000e25dfbe93618,0.45670730713795316,0.0,0.45670730713795316,dominant_kritisch
1504,file:/C:/mallet/textkorpus/final_txtonly/2022_OP_FF_ChangelingBiRe_Sturmnacht_633714a00009ecfe34f207a0_pp.txt,2022,OP,Online-Plattform,ChangelingBiRe,Sturmnacht 633714a00009ecfe34f207a0,0.0267610259561472,0.0,0.0267610259561472,keine_dominanz
1505,file:/C:/mallet/textkorpus/final_txtonly/2022_OP_FF_Erzaehlerstimme_Komm-und-hol-mich_62d47c6900052605306c1e17_pp.txt,2022,OP,Online-Plattform,Erzaehlerstimme,Komm und hol mich 62d47c6900052605306c1e17,0.1358835237717488,0.0,0.1358835237717488,keine_dominanz
1506,file:/C:/mallet/textkorpus/final_txtonly/2022_OP_FF_Gewittermond_Roadtrip-issues_6388c485000e28fa3805ecec_pp.txt,2022,OP,Online-Plattform,Gewittermond,Roadtrip issues 6388c485000e28fa3805ecec,0.0,0.0537898389584243,-0.0537898389584243,keine_dominanz
1507,file:/C:/mallet/textkorpus/final_txtonly/2022_OP_FF_Hiiri_Ylfast_624d9a83000140e33a750896_pp.txt,2022,OP,Online-Plattform,Hiiri,Ylfast 624d9a83000140e33a750896,0.0728435579704921,0.0,0.0728435579704921,keine_dominanz
1508,file:/C:/mallet/textkorpus/final_txtonly/2022_OP_FF_invisible-ink_Loewewesen_62ddcb3d0001f46f8a2e306_pp.txt,2022,OP,Online-Plattform,invisible ink,Loewewesen 62ddcb3d0001f46f8a2e306,0.0,0.0,0.0,keine_dominanz
1509,file:/C:/mallet/textkorpus/final_txtonly/2022_OP_FF_irish_Hexenzauber_6344361a0001256a1e5b4fa2_pp.txt,2022,OP,Online-Plattform,irish,Hexenzauber 6344361a0001256a1e5b4fa2,0.0,0.1589960403690523,-0.1589960403690523,keine_dominanz
1510,file:/C:/mallet/textkorpus/final_txtonly/2022_OP_FF_Laileena_UNSF-CO-2-Ein-Taxiflug-der-ist-lustig_6208fe5500079dc51a26a719_pp.txt,2022,OP,Online-Plattform,Laileena,UNSF CO 2 Ein Taxiflug der ist lustig 6208fe5500079dc51a26a719,0.0,0.0229887860810606,-0.0229887860810606,keine_dominanz
1511,file:/C:/mallet/textkorpus/final_txtonly/2022_OP_FF_Laileena_UNSF-Prequel-1-Ausbildungsbeginn_62e5978700079dc510221286_pp.txt,2022,OP,Online-Plattform,Laileena,UNSF Prequel 1 Ausbildungsbeginn 62e5978700079dc510221286,0.0,0.0,0.0,keine_dominanz
1512,file:/C:/mallet/textkorpus/final_txtonly/2022_OP_FF_LittleShadows_Der-Streuner_627ab1cb000d66a1233e4873_pp.txt,2022,OP,Online-Plattform,LittleShadows,Der Streuner 627ab1cb000d66a1233e4873,0.0,0.0293165125534119,-0.0293165125534119,keine_dominanz
1513,file:/C:/mallet/textkorpus/final_txtonly/2022_OP_FF_Luchsderlettern_Ein-kantiger-Typ_62cb44f500005aeae664ef3_pp.txt,2022,OP,Online-Plattform,Luchsderlettern,Ein kantiger Typ 62cb44f500005aeae664ef3,0.0,0.0949969983290774,-0.0949969983290774,keine_dominanz
1514,file:/C:/mallet/textkorpus/final_txtonly/2022_OP_FF_MagicalWho_Nadja_620d8ea5000c228b2d71f8f5_pp.txt,2022,OP,Online-Plattform,MagicalWho,Nadja 620d8ea5000c228b2d71f8f5,0.0713832430168343,0.0,0.0713832430168343,keine_dominanz
1515,file:/C:/mallet/textkorpus/final_txtonly/2022_OP_FF_MagicalWho_Was-hast-du-denn_622113e9000c228b15a8c3c0_pp.txt,2022,OP,Online-Plattform,MagicalWho,Was hast du denn 622113e9000c228b15a8c3c0,0.0,0.0647978534446821,-0.0647978534446821,keine_dominanz
1516,file:/C:/mallet/textkorpus/final_txtonly/2022_OP_FF_Nayka-Nima_Nachtschweiss_62346e48000641443a8cce60_pp.txt,2022,OP,Online-Plattform,Nayka Nima,Nachtschweiss 62346e48000641443a8cce60,0.0845388589421697,0.0,0.0845388589421697,keine_dominanz
1517,file:/C:/mallet/textkorpus/final_txtonly/2022_OP_FF_Philosoph_Outing-der-anderen-Art_63179194000b8602161c8cad_pp.txt,2022,OP,Online-Plattform,Philosoph,Outing der anderen Art 63179194000b8602161c8cad,0.1586788091828191,0.0,0.1586788091828191,keine_dominanz
1518,file:/C:/mallet/textkorpus/final_txtonly/2022_OP_FF_PragDoma_Die-Hoelle-von-Bamberg_638eec050000738b1e7a94fa_pp.txt,2022,OP,Online-Plattform,PragDoma,Die Hoelle von Bamberg 638eec050000738b1e7a94fa,0.3399787494976458,0.0,0.3399787494976458,keine_dominanz
1519,file:/C:/mallet/textkorpus/final_txtonly/2022_OP_FF_ProximaCentauri_Forelle-Kartoffeln-Tomate-Mozzarella-Oh-und-eine-Leiche-im-Keller_62d54e6d000e35b4350b835d_pp.txt,2022,OP,Online-Plattform,ProximaCentauri,Forelle Kartoffeln Tomate Mozzarella Oh und eine Leiche im Keller 62d54e6d000e35b4350b835d,0.0,0.0,0.0,keine_dominanz
1520,file:/C:/mallet/textkorpus/final_txtonly/2022_OP_FF_Shattered-Sea-Glass_The-Old-Cardigan_6207c63a000db7201e7e887f_pp.txt,2022,OP,Online-Plattform,Shattered Sea Glass,The Old Cardigan 6207c63a000db7201e7e887f,0.0,0.0223447225337594,-0.0223447225337594,keine_dominanz
1521,file:/C:/mallet/textkorpus/final_txtonly/2022_OP_FF_Shattered-Sea-Glass_UNSF-Juliens-kleiner-Freund_62283a1a000db7201e7e887f_pp.txt,2022,OP,Online-Plattform,Shattered Sea Glass,UNSF Juliens kleiner Freund 62283a1a000db7201e7e887f,0.0,0.0,0.0,keine_dominanz
1522,file:/C:/mallet/textkorpus/final_txtonly/2022_OP_FF_SiebenRosenvonMina_Ich-kenne-das-Ende_6282993e000e14c666e5fff_pp.txt,2022,OP,Online-Plattform,SiebenRosenvonMina,Ich kenne das Ende 6282993e000e14c666e5fff,0.0900258648786922,0.0,0.0900258648786922,keine_dominanz
1523,file:/C:/mallet/textkorpus/final_txtonly/2022_OP_FF_Stonina_Kurzgeschichte-Der-Blumenmann_62ad0c6e000dfebd2c3dcfd9_pp.txt,2022,OP,Online-Plattform,Stonina,Kurzgeschichte Der Blumenmann 62ad0c6e000dfebd2c3dcfd9,0.0,0.2352314419404483,-0.2352314419404483,keine_dominanz
1524,file:/C:/mallet/textkorpus/final_txtonly/2022_OP_FF_Stonina_Kurzgeschichte-Der-Nah-Tod_62f6dab6000dfebd387c7dba_pp.txt,2022,OP,Online-Plattform,Stonina,Kurzgeschichte Der Nah Tod 62f6dab6000dfebd387c7dba,0.0,0.3210612811412958,-0.3210612811412958,keine_dominanz
1525,file:/C:/mallet/textkorpus/final_txtonly/2022_OP_FF_Willow-Faith_Waehle-den-Weg_6278079d000d6b57223c2145_pp.txt,2022,OP,Online-Plattform,Willow Faith,Waehle den Weg 6278079d000d6b57223c2145,0.0,0.3901535274626537,-0.3901535274626537,dominant_unterhaltend
1526,file:/C:/mallet/textkorpus/final_txtonly/2022_OP_FF_Witness_Nachtlicht_623730360002b79920b30513_pp.txt,2022,OP,Online-Plattform,Witness,Nachtlicht 623730360002b79920b30513,0.0251886492128142,0.0,0.0251886492128142,keine_dominanz
1527,file:/C:/mallet/textkorpus/final_txtonly/2022_OP_FF_Witness_Wuestengeister_62dd5cca0002b799a464ec9_pp.txt,2022,OP,Online-Plattform,Witness,Wuestengeister 62dd5cca0002b799a464ec9,0.0362062175449795,0.0,0.0362062175449795,keine_dominanz
1528,file:/C:/mallet/textkorpus/final_txtonly/2022_OP_FF_Zugolu_Wuestenkoenigs-Traum_63540d8a000439e2144da621_pp.txt,2022,OP,Online-Plattform,Zugolu,Wuestenkoenigs Traum 63540d8a000439e2144da621,0.0,0.0883356435097637,-0.0883356435097637,keine_dominanz
1529,file:/C:/mallet/textkorpus/final_txtonly/2023_B_Der-Fluss-und-das-Meer_Natascha-Wodin_Der-Fluss-und-das-Meer_pp.txt,2023,B,Buch,Natascha Wodin,Der Fluss und das Meer,0.2909292519347842,0.23042858283740922,0.060500669097374976,keine_dominanz
1530,file:/C:/mallet/textkorpus/final_txtonly/2023_B_Der-Fluss-und-das-Meer_Natascha-Wodin_Nachbarinnen_pp.txt,2023,B,Buch,Natascha Wodin,Nachbarinnen,0.1422258305996697,0.12345753141305481,0.018768299186614892,keine_dominanz
1531,file:/C:/mallet/textkorpus/final_txtonly/2023_LW_Bachmann_3sat-Preis_Laura-Leupi_Das-Alphabet-der-sexualisierten-Gewalt_pp.txt,2023,LW,Literaturwettbewerb,3sat Preis,Laura Leupi Das Alphabet der sexualisierten Gewalt,0.17149127002695302,0.0,0.17149127002695302,keine_dominanz
1532,file:/C:/mallet/textkorpus/final_txtonly/2023_LW_Bachmann_Bachmannpreis_Valerie-Gordeev_Er-putzt_pp.txt,2023,LW,Literaturwettbewerb,Bachmannpreis,Valerie Gordeev Er putzt,0.022580099582354,0.0,0.022580099582354,keine_dominanz
1533,file:/C:/mallet/textkorpus/final_txtonly/2023_LW_Bachmann_BKS-Publikumspreis_Kelag-Preis_Marin-Piekar_Mit-Wänden-sprechen-Pole-sind-schwierige-Volk_pp.txt,2023,LW,Literaturwettbewerb,BKS Publikumspreis,Kelag Preis Marin Piekar Mit Wänden sprechen Pole sind schwierige Volk,0.0812753686685624,0.0,0.0812753686685624,keine_dominanz
1534,file:/C:/mallet/textkorpus/final_txtonly/2023_LW_Bachmann_Deutschlandfunk-Preis_Anna-Felnhofer_Fische-fangen_pp.txt,2023,LW,Literaturwettbewerb,Deutschlandfunk Preis,Anna Felnhofer Fische fangen,0.0499045602933927,0.1272603505340405,-0.0773557902406478,keine_dominanz
1535,file:/C:/mallet/textkorpus/final_txtonly/2023_LW_Moerser-Literaturpreis_01_Inga-Hanka_Wiedersehen_pp.txt,2023,LW,Literaturwettbewerb,01,Inga Hanka Wiedersehen,0.0,0.0,0.0,keine_dominanz
1536,file:/C:/mallet/textkorpus/final_txtonly/2023_LW_Moerser-Literaturpreis_02_Helena-Ritgen_Wolkenschwer_pp.txt,2023,LW,Literaturwettbewerb,02,Helena Ritgen Wolkenschwer,0.0,0.0,0.0,keine_dominanz
1537,file:/C:/mallet/textkorpus/final_txtonly/2023_LW_Moerser-Literaturpreis_03_Katrin-Kluwe_Es-ist-nur-ein-Wort_pp.txt,2023,LW,Literaturwettbewerb,03,Katrin Kluwe Es ist nur ein Wort,0.0454484340651115,0.1085558070541672,-0.0631073729890557,keine_dominanz
1538,file:/C:/mallet/textkorpus/final_txtonly/2023_LW_Münchner-KGW_Elias-Ferrari_Vor%20dem%20Ende_pp.txt,2023,LW,Literaturwettbewerb,Elias Ferrari,Vor%20dem%20Ende,0.0,0.1054875098290091,-0.1054875098290091,keine_dominanz
1539,file:/C:/mallet/textkorpus/final_txtonly/2023_LW_Münchner-KGW_Inga-Hanka_Was-für-ein-schöner-Tag_pp.txt,2023,LW,Literaturwettbewerb,Inga Hanka,Was für ein schöner Tag,0.0376935732201324,0.1450522610651323,-0.10735868784499991,keine_dominanz
1540,file:/C:/mallet/textkorpus/final_txtonly/2023_LW_Münchner-KGW_Karin-Petersen_In-der-Ringbahn_pp.txt,2023,LW,Literaturwettbewerb,Karin Petersen,In der Ringbahn,0.0,0.1785710250484476,-0.1785710250484476,keine_dominanz
1541,file:/C:/mallet/textkorpus/final_txtonly/2023_LW_Münchner-KGW_Nancy-Ehrlich_Kranich_pp.txt,2023,LW,Literaturwettbewerb,Nancy Ehrlich,Kranich,0.0315743249666355,0.044681769108348104,-0.013107444141712603,keine_dominanz
1542,file:/C:/mallet/textkorpus/final_txtonly/2023_LW_OpenMike_Kenan-Kokic_Parkbankgroßeltern_pp.txt,2023,LW,Literaturwettbewerb,Kenan Kokic,Parkbankgroßeltern,0.14549931436602032,0.0728647840956814,0.07263453027033892,keine_dominanz
1543,file:/C:/mallet/textkorpus/final_txtonly/2023_LW_OpenMike_Salvatore-Calanduccia_Marta-Dei_pp.txt,2023,LW,Literaturwettbewerb,Salvatore Calanduccia,Marta Dei,0.1429060858430789,0.0761415740567336,0.0667645117863453,keine_dominanz
1544,file:/C:/mallet/textkorpus/final_txtonly/2023_LW_OpenMike_Susanne-Romanowski_Die-Heimsuchung_pp.txt,2023,LW,Literaturwettbewerb,Susanne Romanowski,Die Heimsuchung,0.0,0.0,0.0,keine_dominanz
1545,file:/C:/mallet/textkorpus/final_txtonly/2023_LW_Schreibwettbewerb-Literaturhaus-Zürich_01_Moné-Wohler_Wir-verschwinden-hier_pp.txt,2023,LW,Literaturwettbewerb,01,Moné Wohler Wir verschwinden hier,0.43133145018118446,0.0,0.43133145018118446,dominant_kritisch
1546,file:/C:/mallet/textkorpus/final_txtonly/2023_LW_Schreibwettbewerb-Literaturhaus-Zürich_03_Katrin-Wolf_Captain-Kirk_pp.txt,2023,LW,Literaturwettbewerb,03,Katrin Wolf Captain Kirk,0.0,0.0,0.0,keine_dominanz
1547,file:/C:/mallet/textkorpus/final_txtonly/2023_LW_Schreibwettbewerb-Literaturhaus-Zürich_04_Stefan-Andreas_Saint-Jacques_pp.txt,2023,LW,Literaturwettbewerb,04,Stefan Andreas Saint Jacques,0.0234592443100763,0.0748169770002831,-0.0513577326902068,keine_dominanz
1548,file:/C:/mallet/textkorpus/final_txtonly/2023_LW_Schreibwettbewerb-Literaturhaus-Zürich_05_Lian-Rasmussen_Rungholt_pp.txt,2023,LW,Literaturwettbewerb,05,Lian Rasmussen Rungholt,0.1278122836651149,0.2419164411506165,-0.1141041574855016,keine_dominanz
1549,file:/C:/mallet/textkorpus/final_txtonly/2023_LW_Schreibwettbewerb-Literaturhaus-Zürich_07_Leonie-Tooten_Die-Bürste_pp.txt,2023,LW,Literaturwettbewerb,07,Leonie Tooten Die Bürste,0.050689743382026295,0.0,0.050689743382026295,keine_dominanz
1550,"file:/C:/mallet/textkorpus/final_txtonly/2023_LW_Schreibwettbewerb-Literaturhaus-Zürich_08_Ingrid-Frank_Kaiser-Barbarossa,-der-Bahnwärter-und-die-Kaugummiautomaten_pp.txt",2023,LW,Literaturwettbewerb,08,"Ingrid Frank Kaiser Barbarossa, der Bahnwärter und die Kaugummiautomaten",0.275414595344592,0.0,0.275414595344592,keine_dominanz
1551,file:/C:/mallet/textkorpus/final_txtonly/2023_LW_Schreibwettbewerb-Literaturhaus-Zürich_09_André-Gärisch_Ernteversprechen_pp.txt,2023,LW,Literaturwettbewerb,09,André Gärisch Ernteversprechen,0.1169880996463915,0.0933621780758338,0.023625921570557692,keine_dominanz
1552,file:/C:/mallet/textkorpus/final_txtonly/2023_LW_Schreibwettbewerb-Literaturhaus-Zürich_10_Sigune-Schnabel_Amanda%20sucht_pp.txt,2023,LW,Literaturwettbewerb,10,Sigune Schnabel Amanda%20sucht,0.052685599510011,0.1270849493033295,-0.0743993497933185,keine_dominanz
1553,file:/C:/mallet/textkorpus/final_txtonly/2023_LW_Schreibwettbewerb-Literaturhaus-Zürich_11_Destina-Yildrim_Liebende-im-Wartezimmer_pp.txt,2023,LW,Literaturwettbewerb,11,Destina Yildrim Liebende im Wartezimmer,0.0,0.0718590021387123,-0.0718590021387123,keine_dominanz
1554,file:/C:/mallet/textkorpus/final_txtonly/2023_LW_Schreibwettbewerb-Literaturhaus-Zürich_12_Felix-Ernst-Peter-Schalk_Die-Verbannten_Das-Verlies-der-Zauberer_pp.txt,2023,LW,Literaturwettbewerb,12,Felix Ernst Peter Schalk Die Verbannten Das Verlies der Zauberer,0.049508331542632,0.0,0.049508331542632,keine_dominanz
1555,file:/C:/mallet/textkorpus/final_txtonly/2023_LZ_GRAMM_13_Judith-Poznan&Clint-Lukas_Gehen-oder-Bleiben_pp.txt,2023,LZ,Literaturzeitschrift,13,Judith Poznan&Clint Lukas Gehen oder Bleiben,0.0,0.0331163296406165,-0.0331163296406165,keine_dominanz
1556,file:/C:/mallet/textkorpus/final_txtonly/2023_LZ_GRAMM_14_Elias-Hirschl_Alles-wird-heller_pp.txt,2023,LZ,Literaturzeitschrift,14,Elias Hirschl Alles wird heller,0.19633586525335012,0.0,0.19633586525335012,keine_dominanz
1557,file:/C:/mallet/textkorpus/final_txtonly/2023_LZ_GRAMM_15_Ruth-Maria-Thomas_Glitzer_pp.txt,2023,LZ,Literaturzeitschrift,15,Ruth Maria Thomas Glitzer,0.0,0.0,0.0,keine_dominanz
1558,file:/C:/mallet/textkorpus/final_txtonly/2023_LZ_GRAMM_16_Rick-Lupert_Die-Sterne-über-der-Wüste_pp.txt,2023,LZ,Literaturzeitschrift,16,Rick Lupert Die Sterne über der Wüste,0.0227567632868223,0.0,0.0227567632868223,keine_dominanz
1559,file:/C:/mallet/textkorpus/final_txtonly/2023_LZ_GRAMM_17_Dmitrij-Gawrisch_Liebe-Grüße_pp.txt,2023,LZ,Literaturzeitschrift,17,Dmitrij Gawrisch Liebe Grüße,0.0,0.15691777601675172,-0.15691777601675172,keine_dominanz
1560,file:/C:/mallet/textkorpus/final_txtonly/2023_LZ_GRAMM_18_Jacinta-Nandi_Lady-Mücken_pp.txt,2023,LZ,Literaturzeitschrift,18,Jacinta Nandi Lady Mücken,0.064729814667558,0.036463598822253,0.028266215845305004,keine_dominanz
1561,file:/C:/mallet/textkorpus/final_txtonly/2023_LZ_SINN_1_Erhard-Weinholz_Nachtwege_pp.txt,2023,LZ,Literaturzeitschrift,1,Erhard Weinholz Nachtwege,0.0301199192191828,0.0,0.0301199192191828,keine_dominanz
1562,file:/C:/mallet/textkorpus/final_txtonly/2023_LZ_SINN_1_Wolfgang-Kohlhaase_Onkel-hast-du-Feuer_pp.txt,2023,LZ,Literaturzeitschrift,1,Wolfgang Kohlhaase Onkel hast du Feuer,0.0,0.0,0.0,keine_dominanz
1563,file:/C:/mallet/textkorpus/final_txtonly/2023_LZ_SINN_2_Leander-Steinkopf_Man-tut-nichts-anderes-dort_pp.txt,2023,LZ,Literaturzeitschrift,2,Leander Steinkopf Man tut nichts anderes dort,0.0,0.0,0.0,keine_dominanz
1564,file:/C:/mallet/textkorpus/final_txtonly/2023_LZ_SINN_2_Ralph-Schock_Vierhundertfünfundsechzig_pp.txt,2023,LZ,Literaturzeitschrift,2,Ralph Schock Vierhundertfünfundsechzig,0.209687047830017,0.0,0.209687047830017,keine_dominanz
1565,file:/C:/mallet/textkorpus/final_txtonly/2023_LZ_SINN_3_Ingo-Schulze_Weiße-Stellen-schwarze-Löcher-blinde-Flecken_pp.txt,2023,LZ,Literaturzeitschrift,3,Ingo Schulze Weiße Stellen schwarze Löcher blinde Flecken,0.16740854548755701,0.0278841085222265,0.1395244369653305,keine_dominanz
1566,file:/C:/mallet/textkorpus/final_txtonly/2023_LZ_SINN_4_Erhard-Weinholz_Einfache-Rezepte_pp.txt,2023,LZ,Literaturzeitschrift,4,Erhard Weinholz Einfache Rezepte,0.1915605478632041,0.1929832552304934,-0.0014227073672893054,keine_dominanz
1567,file:/C:/mallet/textkorpus/final_txtonly/2023_LZ_SINN_5_Kempker-Kerstin_Leonor-rückwärts_pp.txt,2023,LZ,Literaturzeitschrift,5,Kempker Kerstin Leonor rückwärts,0.1314840058316202,0.2231623659640352,-0.09167836013241498,keine_dominanz
1568,file:/C:/mallet/textkorpus/final_txtonly/2023_LZ_SPRITZ_245_Emily-Philippi_Peter-Papierflieger_pp.txt,2023,LZ,Literaturzeitschrift,245,Emily Philippi Peter Papierflieger,0.2554373414159634,0.0607015473598264,0.194735794056137,keine_dominanz
1569,file:/C:/mallet/textkorpus/final_txtonly/2023_LZ_SPRITZ_245_Eser-Aktay_Ferhat_pp.txt,2023,LZ,Literaturzeitschrift,245,Eser Aktay Ferhat,0.0,0.1109312056229686,-0.1109312056229686,keine_dominanz
1570,file:/C:/mallet/textkorpus/final_txtonly/2023_LZ_SPRITZ_245_Florentin-Schumacher_Familienkur_pp.txt,2023,LZ,Literaturzeitschrift,245,Florentin Schumacher Familienkur,0.0,0.10038533271757291,-0.10038533271757291,keine_dominanz
1571,file:/C:/mallet/textkorpus/final_txtonly/2023_LZ_SPRITZ_245_Leon-Engler_Verdrängungen-ersten-Grades_pp.txt,2023,LZ,Literaturzeitschrift,245,Leon Engler Verdrängungen ersten Grades,0.17886649395644738,0.0,0.17886649395644738,keine_dominanz
1572,file:/C:/mallet/textkorpus/final_txtonly/2023_LZ_SPRITZ_245_Mario-Petuzzi_Winterschlaf_pp.txt,2023,LZ,Literaturzeitschrift,245,Mario Petuzzi Winterschlaf,0.07433361215576481,0.0270438517016463,0.04728976045411851,keine_dominanz
1573,file:/C:/mallet/textkorpus/final_txtonly/2023_LZ_SPRITZ_245_Ta-Som-Yun_Oh-Sunny_pp.txt,2023,LZ,Literaturzeitschrift,245,Ta Som Yun Oh Sunny,0.0,0.07535464420348781,-0.07535464420348781,keine_dominanz
1574,file:/C:/mallet/textkorpus/final_txtonly/2023_LZ_SPRITZ_245_Tom-Jan-Putz_Oh-well_pp.txt,2023,LZ,Literaturzeitschrift,245,Tom Jan Putz Oh well,0.0,0.2826358280415687,-0.2826358280415687,keine_dominanz
1575,file:/C:/mallet/textkorpus/final_txtonly/2023_OP_FF_applesorbet_Nur-wir-zwei_64e0d1f70004de1414490314_pp.txt,2023,OP,Online-Plattform,applesorbet,Nur wir zwei 64e0d1f70004de1414490314,0.0336171340878094,0.0304364787104473,0.0031806553773620974,keine_dominanz
1576,file:/C:/mallet/textkorpus/final_txtonly/2023_OP_FF_Goldskara_Eine-Blume-im-Licht-der-Liebe_645a5ee60005e93428a962ff_pp.txt,2023,OP,Online-Plattform,Goldskara,Eine Blume im Licht der Liebe 645a5ee60005e93428a962ff,0.0,0.0906639673401921,-0.0906639673401921,keine_dominanz
1577,file:/C:/mallet/textkorpus/final_txtonly/2023_OP_FF_Hotte_Auf-ewig-verschwunden_64b671100008929462c396b_pp.txt,2023,OP,Online-Plattform,Hotte,Auf ewig verschwunden 64b671100008929462c396b,0.0907600522498785,0.0219588097616648,0.0688012424882137,keine_dominanz
1578,file:/C:/mallet/textkorpus/final_txtonly/2023_OP_FF_Hotte_Auf-Messers-Schneide_64218a9600089294305b232e_pp.txt,2023,OP,Online-Plattform,Hotte,Auf Messers Schneide 64218a9600089294305b232e,0.0,0.0796692973716933,-0.0796692973716933,keine_dominanz
1579,file:/C:/mallet/textkorpus/final_txtonly/2023_OP_FF_ikarus-1975_Die-dreizehnte-Rose_64ab037b000e6a8236a167b7_pp.txt,2023,OP,Online-Plattform,ikarus 1975,Die dreizehnte Rose 64ab037b000e6a8236a167b7,0.0,0.0389524543493607,-0.0389524543493607,keine_dominanz
1580,file:/C:/mallet/textkorpus/final_txtonly/2023_OP_FF_Jo-Anderson_Schnee-Herz-Chaos_656e1e7e00037a88399cee9a_pp.txt,2023,OP,Online-Plattform,Jo Anderson,Schnee Herz Chaos 656e1e7e00037a88399cee9a,0.0,0.0437446192208231,-0.0437446192208231,keine_dominanz
1581,file:/C:/mallet/textkorpus/final_txtonly/2023_OP_FF_Luna-Somnium_Wie-ein-Vogel-im-Kaefig_64d91115000bdf8b19f589d8_pp.txt,2023,OP,Online-Plattform,Luna Somnium,Wie ein Vogel im Kaefig 64d91115000bdf8b19f589d8,0.0,0.0,0.0,keine_dominanz
1582,file:/C:/mallet/textkorpus/final_txtonly/2023_OP_FF_MessageFromPurgatory_Buchladen_644fadab0008390e1a37fac5_pp.txt,2023,OP,Online-Plattform,MessageFromPurgatory,Buchladen 644fadab0008390e1a37fac5,0.0,0.0649149460904996,-0.0649149460904996,keine_dominanz
1583,file:/C:/mallet/textkorpus/final_txtonly/2023_OP_FF_Oscurita-Cassiopea_Stunden-aus-Glas_647cf475000e9d341f3088d7_pp.txt,2023,OP,Online-Plattform,Oscurita Cassiopea,Stunden aus Glas 647cf475000e9d341f3088d7,0.0369731738401466,0.0,0.0369731738401466,keine_dominanz
1584,file:/C:/mallet/textkorpus/final_txtonly/2023_OP_FF_Philosoph_Eine-kleine-Spukgeschichte_6536aea9000b8602def0660_pp.txt,2023,OP,Online-Plattform,Philosoph,Eine kleine Spukgeschichte 6536aea9000b8602def0660,0.0,0.0200385180825572,-0.0200385180825572,keine_dominanz
1585,file:/C:/mallet/textkorpus/final_txtonly/2023_OP_FF_PragDoma_Pompeji-Weglaufen-ist-zwecklos_6507e8400000738be5c8876_pp.txt,2023,OP,Online-Plattform,PragDoma,Pompeji Weglaufen ist zwecklos 6507e8400000738be5c8876,0.1084644512910793,0.0,0.1084644512910793,keine_dominanz
1586,file:/C:/mallet/textkorpus/final_txtonly/2023_OP_FF_Ricky-VL_Klassentreffen_651912b20007b62e230e080e_pp.txt,2023,OP,Online-Plattform,Ricky VL,Klassentreffen 651912b20007b62e230e080e,0.0,0.21100951709717672,-0.21100951709717672,keine_dominanz
1587,file:/C:/mallet/textkorpus/final_txtonly/2023_OP_FF_SandroAla_Anton_6470fafb000ec866128e0871_pp.txt,2023,OP,Online-Plattform,SandroAla,Anton 6470fafb000ec866128e0871,0.0484782153589402,0.0323247840164168,0.0161534313425234,keine_dominanz
1588,file:/C:/mallet/textkorpus/final_txtonly/2023_OP_FF_SandroAla_Das-Genie_646f1f76000ec8662c689b10_pp.txt,2023,OP,Online-Plattform,SandroAla,Das Genie 646f1f76000ec8662c689b10,0.0,0.23162722560734209,-0.23162722560734209,keine_dominanz
1589,file:/C:/mallet/textkorpus/final_txtonly/2023_OP_FF_SandroAla_Der-letzte-Sonnenaufgang_65465d00000ec8661873980d_pp.txt,2023,OP,Online-Plattform,SandroAla,Der letzte Sonnenaufgang 65465d00000ec8661873980d,0.0,0.0349782112268682,-0.0349782112268682,keine_dominanz
1590,file:/C:/mallet/textkorpus/final_txtonly/2023_OP_FF_SandroAla_Kein-Wort_646e3d52000ec8662efedc5e_pp.txt,2023,OP,Online-Plattform,SandroAla,Kein Wort 646e3d52000ec8662efedc5e,0.1871054407722487,0.0,0.1871054407722487,keine_dominanz
1591,file:/C:/mallet/textkorpus/final_txtonly/2023_OP_FF_SandroAla_Kruemel-am-Boden_647b7590000ec8666012e1d_pp.txt,2023,OP,Online-Plattform,SandroAla,Kruemel am Boden 647b7590000ec8666012e1d,0.1228821314625386,0.0401363033645981,0.0827458280979405,keine_dominanz
1592,file:/C:/mallet/textkorpus/final_txtonly/2023_OP_FF_SandroAla_Ludi-incipiant-und-wie-man-verliert_647b70d6000ec866166c6ec8_pp.txt,2023,OP,Online-Plattform,SandroAla,Ludi incipiant und wie man verliert 647b70d6000ec866166c6ec8,0.0,0.0873130687273115,-0.0873130687273115,keine_dominanz
1593,file:/C:/mallet/textkorpus/final_txtonly/2023_OP_FF_SandroAla_Regenbogenfarben_6561a8cc000ec866bb08ac0_pp.txt,2023,OP,Online-Plattform,SandroAla,Regenbogenfarben 6561a8cc000ec866bb08ac0,0.0,0.0424947001154946,-0.0424947001154946,keine_dominanz
1594,file:/C:/mallet/textkorpus/final_txtonly/2023_OP_FF_SandroAla_Shit-happens_6474f6dd000ec8662034f381_pp.txt,2023,OP,Online-Plattform,SandroAla,Shit happens 6474f6dd000ec8662034f381,0.0,0.0,0.0,keine_dominanz
1595,file:/C:/mallet/textkorpus/final_txtonly/2023_OP_FF_Schaten-Wolf_Im-Sternenmeer_645cee0a000c935d173450f4_pp.txt,2023,OP,Online-Plattform,Schaten Wolf,Im Sternenmeer 645cee0a000c935d173450f4,0.0225988570203106,0.0793787879034347,-0.056779930883124094,keine_dominanz
1596,file:/C:/mallet/textkorpus/final_txtonly/2023_OP_FF_sharon-cuthalion_Belvedere_6562090200062f373442ef78_pp.txt,2023,OP,Online-Plattform,sharon cuthalion,Belvedere 6562090200062f373442ef78,0.0,0.0,0.0,keine_dominanz
1597,file:/C:/mallet/textkorpus/final_txtonly/2023_OP_FF_Sheela-Parker_Der-gruselige-Nachtspaziergang_652be258000d39e38dacebe_pp.txt,2023,OP,Online-Plattform,Sheela Parker,Der gruselige Nachtspaziergang 652be258000d39e38dacebe,0.0,0.1541972998872749,-0.1541972998872749,keine_dominanz
1598,file:/C:/mallet/textkorpus/final_txtonly/2023_OP_FF_Snoopy279_Babysitter-wider-Willen_63c82fbd0001367e355b35a5_pp.txt,2023,OP,Online-Plattform,Snoopy279,Babysitter wider Willen 63c82fbd0001367e355b35a5,0.0,0.0373986734178784,-0.0373986734178784,keine_dominanz
1599,file:/C:/mallet/textkorpus/final_txtonly/2023_OP_FF_Snoopy279_Pinguine-im-Altenheim_64293e660001367e2bfaeba1_pp.txt,2023,OP,Online-Plattform,Snoopy279,Pinguine im Altenheim 64293e660001367e2bfaeba1,0.0,0.0,0.0,keine_dominanz
1600,file:/C:/mallet/textkorpus/final_txtonly/2023_OP_FF_SnoopyK_Das-zu-schnelle-Auto_64186906000e8bac1c2bb846_pp.txt,2023,OP,Online-Plattform,SnoopyK,Das zu schnelle Auto 64186906000e8bac1c2bb846,0.0,0.0,0.0,keine_dominanz
1601,file:/C:/mallet/textkorpus/final_txtonly/2023_OP_FF_Thomas-Heinrich_Der-Klassenausflug_64a854870007159220114eab_pp.txt,2023,OP,Online-Plattform,Thomas Heinrich,Der Klassenausflug 64a854870007159220114eab,0.0,0.0,0.0,keine_dominanz
1602,file:/C:/mallet/textkorpus/final_txtonly/2023_OP_FF_Thomas-Heinrich_Die-Brueckmanns_645fa84200071592379beac6_pp.txt,2023,OP,Online-Plattform,Thomas Heinrich,Die Brueckmanns 645fa84200071592379beac6,0.0804168378390041,0.0,0.0804168378390041,keine_dominanz
1603,file:/C:/mallet/textkorpus/final_txtonly/2023_OP_FF_Thomas-Heinrich_Droehnendes-Schweigen_65295b7700071592322433cf_pp.txt,2023,OP,Online-Plattform,Thomas Heinrich,Droehnendes Schweigen 65295b7700071592322433cf,0.0391192008651972,0.3143203129278732,-0.275201112062676,keine_dominanz
1604,file:/C:/mallet/textkorpus/final_txtonly/2023_OP_FF_Thrash4K_Gier_64300cd0000e1cac770b2c4_pp.txt,2023,OP,Online-Plattform,Thrash4K,Gier 64300cd0000e1cac770b2c4,0.1223715124974673,0.0,0.1223715124974673,keine_dominanz
1605,file:/C:/mallet/textkorpus/final_txtonly/2023_OP_FF_Tschuh_Punsch-The-Inner-Shadow_63d6d04d000709dd33277eef_pp.txt,2023,OP,Online-Plattform,Tschuh,Punsch The Inner Shadow 63d6d04d000709dd33277eef,0.0,0.0218725850111289,-0.0218725850111289,keine_dominanz
1606,file:/C:/mallet/textkorpus/final_txtonly/2023_OP_FF_Werfuchs_Was-das-Meer-verlangt_64d3952b000c8b28345855f1_pp.txt,2023,OP,Online-Plattform,Werfuchs,Was das Meer verlangt 64d3952b000c8b28345855f1,0.0,0.1789147737740684,-0.1789147737740684,keine_dominanz
1607,file:/C:/mallet/textkorpus/final_txtonly/2023_OP_FF_Yvy74_Das-Geheimnis-des-Sommerbachs-Kurzgeschichten-aus-der-Wetterau-Band-2_653e5315000e7c9a1c8d6a1a_pp.txt,2023,OP,Online-Plattform,Yvy74,Das Geheimnis des Sommerbachs Kurzgeschichten aus der Wetterau Band 2 653e5315000e7c9a1c8d6a1a,0.0210436552424056,0.0523918210065881,-0.031348165764182506,keine_dominanz
1608,file:/C:/mallet/textkorpus/final_txtonly/2023_OP_FF_Yvy74_Das-spaete-Maedchen-Kurzgeschichten-aus-der-Wetterau-Band-3_6541ff35000e7c9a1b24a4cf_pp.txt,2023,OP,Online-Plattform,Yvy74,Das spaete Maedchen Kurzgeschichten aus der Wetterau Band 3 6541ff35000e7c9a1b24a4cf,0.0,0.0547965568330732,-0.0547965568330732,keine_dominanz
1609,file:/C:/mallet/textkorpus/final_txtonly/2023_OP_FF_Yvy74_Der-letzte-Brief-Kurzgeschichten-aus-der-Wetterau-Band-4_6544bb6b000e7c9ac295f5f_pp.txt,2023,OP,Online-Plattform,Yvy74,Der letzte Brief Kurzgeschichten aus der Wetterau Band 4 6544bb6b000e7c9ac295f5f,0.0,0.0976755408763286,-0.0976755408763286,keine_dominanz
1610,file:/C:/mallet/textkorpus/final_txtonly/2023_OP_FF_Yvy74_Der-misslungene-Diebstahl-Kurzgeschichten-aus-der-Wetterau-Band-5_65489d43000e7c9a18246ff3_pp.txt,2023,OP,Online-Plattform,Yvy74,Der misslungene Diebstahl Kurzgeschichten aus der Wetterau Band 5 65489d43000e7c9a18246ff3,0.0,0.0,0.0,keine_dominanz
1611,file:/C:/mallet/textkorpus/final_txtonly/2023_OP_FF_Yvy74_Des-klugen-Mannes-Trick-Kurzgeschichten-aus-der-Wetterau-Band-8_6551eedb000e7c9a129aa965_pp.txt,2023,OP,Online-Plattform,Yvy74,Des klugen Mannes Trick Kurzgeschichten aus der Wetterau Band 8 6551eedb000e7c9a129aa965,0.0313201119798713,0.0481782008013044,-0.016858088821433102,keine_dominanz
1612,file:/C:/mallet/textkorpus/final_txtonly/2023_OP_FF_Yvy74_Unner-de-Wildsau-dorsch-Kurzgeschichten-aus-der-Wetterau-Band-1_653b2686000e7c9a3938fe39_pp.txt,2023,OP,Online-Plattform,Yvy74,Unner de Wildsau dorsch Kurzgeschichten aus der Wetterau Band 1 653b2686000e7c9a3938fe39,0.0602506612155436,0.0,0.0602506612155436,keine_dominanz
1613,file:/C:/mallet/textkorpus/final_txtonly/2023_OP_FF_Yvy74_Vom-Deiwwel-geridde-Kurzgeschichten-aus-der-Wetterau-Band-6_654a2211000e7c9a125fd17b_pp.txt,2023,OP,Online-Plattform,Yvy74,Vom Deiwwel geridde Kurzgeschichten aus der Wetterau Band 6 654a2211000e7c9a125fd17b,0.0487602369374541,0.0,0.0487602369374541,keine_dominanz
1614,file:/C:/mallet/textkorpus/final_txtonly/2023_OP_FF_Yvy74_Wie-ein-Dorf-zum-Namen-kam-Kurzgeschichten-aus-der-Wetterau-Band-7_654ca6ee000e7c9a15a30469_pp.txt,2023,OP,Online-Plattform,Yvy74,Wie ein Dorf zum Namen kam Kurzgeschichten aus der Wetterau Band 7 654ca6ee000e7c9a15a30469,0.0294749615204926,0.1026237463650715,-0.0731487848445789,keine_dominanz
