"buchtitel","auflage","publikationsjahr"
"1001fach lebenswert",NULL,2017
"1001 Geschichte","1. Auflage",2022
"1002fach lebenswert",NULL,2019
"100 Bilder 200 Geschichten","1. Auflage",2021
"100 Jahre Opa - 100 Geschichten","1. Auflage",2022
"100 kleine Geschichten zur großen Geschichte",NULL,2021
"100 moderne Kurzgeschichten",NULL,2023
"100% Schokolade","1. Aufl.",2008
"100 und ein Jahr","1. Aufl.",2012
"100 wahre Geschichten",NULL,2009
"101 B-Geschichten","1. Aufl.",2010
"10 Erotische Kurzgeschichten für Männer und Frauen",NULL,2022
"1:0 für dich und mich",NULL,2008
"10 inspirierende Kurzgeschichten zum Thema Loslassen",NULL,2020
"10 inspirierende Kurzgeschichten zum Thema Spontanität","1. Auflage",2019
"10 Jahre acabus Verlag","1. Auflage",2018
"10 Jahre alt",NULL,2010
"10 Krimi-Kurzgeschichten fürs Bett",NULL,2011
"10 Kurzgeschichten als Solodame","1. Auflage",2022
"10 Kurzgeschichten als Swingerpaar","1. Auflage",2022
"10 Kurzgeschichten fürs Bett",NULL,2011
"10 merkwürdige Geschichten",NULL,2009
"10 Minuten Auszeit - lustige und unterhaltsame Kurzgeschichten zum Durchschnaufen",NULL,2022
"10 Stories of life","Deutsche Erstausgabe",2020
"10und01 Märchen aus unseren Tagen",NULL,2017
"10 weitere Kurzgeschichten als Solodame","1. Auflage",2022
"111 Geschichten aus dem Kölner Zoo, die man kennen muss",NULL,2022
"111 Herzensweisheiten",NULL,2018
"113 einseitige Geschichten","1. Auflage",2016
"11 Comedy-Geschichten in Reimform",NULL,2019
"11 merkwürdige Geschichten",NULL,2008
"11 spannende Kurzgeschichten","1. Auflage",2016
"11 wilde Western Stories","1. Auflage",2020
"1, 2, 3, 4 Mama ist hier!",NULL,2019
"12 Monate Angst","Deutsche Erstveröffentlichung,  1. Auflage",2017
"13 andere Geschichten","1. Auflage",2022
"13 Geschichten vom Pech",NULL,2013
"13 Glücksmomente","1. Auflage",2023
"13 kleine Thriller","Orig.-Ausg.",2009
"13 Kurzgeschichten","1. Auflage",2023
"13 sagenhafte Geschichten","1. Auflage",2020
"13 SHADOWS - SAMMELBAND 1 - Romane und Erzählungen","1. Auflage",2018
"13 und andere Geschichten","1. Auflage",2020
"13 urbane Legenden","Erste Auflage",2023
"15. MDR-Literaturwettbewerb 2010","1. Aufl.",2010
"16 Kurz(e) Geschichten mitten aus dem Leben","1. Auflage",2017
"17 Facetten der Liebe","1. Auflage",2020
"1816 - das Jahr ohne Sommer",NULL,2013
"19",NULL,2023
"19:13",NULL,2013
"1918 - die unwirklichen Geschichten des Herrn Österreicher","Erste Auflage",2018
"1942 ",NULL,2014
"1945: Ist der Krieg nun aus?",NULL,2015
"1945 oder Vögel singen auch in Ruinen",NULL,2017
"1989er Schicksale","Erste Auflage",2019
"1991 - kurze Geschichten","1. Auflage",2020
"19 Geschichten aus dem Dazwischen","1. Auflage",2018
"19 merkwürdige Geschichten","1. Aufl.",2011
"1-Franken-Geschichten","1. Auflage",2016
"1 gutes Buch vong Humor her","1. Auflage",2017
"2024 - zwischen Zwang & Täuschung","Auflage 2",2020
"2029 - Geschichten von morgen","Originalausgabe, erste Auflage",2019
"2062","1. Aufl.",2012
"20 Bilder 40 Neue Geschichten","1. Auflage",2022
"20 frische Bilder, 40 neue Geschichten","1. Auflage",2023
"20 Kurzgeschichten",NULL,2008
"2112",NULL,2014
"21 Gründe, warum eine Frau mit einem Mann schläft","1. Auflage",2015
"2275 Tage mit Janosch","1. Aufl.",2011
"22 Geschichten von Kindern und Jugendlichen aus Haltern am See","1. Auflage",2019
"22 (und eine halbe) fantastische Kurzgeschichten","1. Auflage",2019
"23 + 23= I",NULL,2014
"23 illustrierte Geschichten aus Japan",NULL,2019
"24+2 WeihnachtsLichtGeschichten",NULL,2021
"24 Adventskalender-Geschichten",NULL,2014
"24 Ein-Schaf-Geschichten für Erwachsene",NULL,2018
"24 Geschichten aus dem hohen Norden","1. Auflage",2022
"24 Geschichten im Advent (Anthologie)","1. Auflage",2021
"24 Geschichten und Gedichte rund um Weihnachten",NULL,2011
"24 Geschichten von fabelhaften Frauen","1. Auflage",2020
"24 Geschichten zum Advent",NULL,2008
"24 Geschichten zur Weihnacht",NULL,2010
"24 Grad und windstill","1. Aufl.",2012
"24 Kurzgeschichten zum Advent - winterliche Schlüsselmomente","1. Auflage",2022
"24 Kurzgeschichten zum Advent - Zeilen im Schnee","1. Auflage",2023
"24 Küsse","1. Auflage",2022
"24 lustige Geschichten für die Vorweihnachtszeit","1. Auflage",2023
"24-mal den Zauber spüren","1. Auflage",2018
"24 Mini-Gruselgeschichten für den Advent",NULL,2020
"24 Toedliche Geschichten","1. Auflage",2023
"24 unheilige Geschichten für die Weihnachtszeit",NULL,2023
"24 Weihnachtsgeschichten","1. Auflage",2023
"24 zauberhafte Geschichten","1. Auflage",2017
"25 Jahre - der Fall des Eisernen Vorhangs","1. Aufl.",2014
"25 Jahre Hainburger Autorenrunde","1. Auflage",2015
"25 veselých historek z Abertam","Vydání druhé",2022
"26 Hexenjahre - ein Katzenleben",NULL,2016
"27 böse Kurzgeschichten","1. Auflage",2018
"29 Geschichten des Grauens","1. Auflage",2020
"2 Gute-Nacht-Geschichten Der kleine Stern - Max, der Besen","1. Auflage",2021
"30 Jahre Verlag",NULL,2008
"30 traumhafte Kurzgeschichten für Kinder","1. Auflage",2022
"31 Kurzgeschichten für Amy - (LUXUSAUSGABE)","1. Auflage",2021
"31 Kurzgeschichten für Conner - (LUXUSAUSGABE)","1. Auflage",2021
"31 Kurzgeschichten für Johann - Ein Namenbuch mit 31 Kurzgeschichten und Märchen","1. Auflage",2021
"31 Kurzgeschichten für Milan - (LUXUSAUSGABE)","1. Auflage",2021
"31 Kurzgeschichten für Tyler - (LUXUSAUSGABE)","1. Auflage",2021
"333 ostpreußische Späßchen",NULL,2011
"33 Kurzgeschichten für Erwachsene (Taschenbuch)","1. Auflage",2021
"365 Tage Liebe","1. Auflage",2017
"36 Begegnungen",NULL,2008
"36 Stufen zum Glück",NULL,2014
"37 aus 22",NULL,2023
"3 Jahre in Namibia",NULL,2021
"3 Kurzgeschichten über die Liebe",NULL,2022
"3 Leben","1. Aufl.",2015
"3 seltsame Geschichten","1. Aufl.",2012
"42 garstige Gerwalt-Geschichten",NULL,2013
"42 Grad","Erste Auflage",2018
"42 Sommergedichte",NULL,2011
"4 Shades of Black and White: schwarze Liebe, schwarzer Sex, weiße Passion - tausend Wege raus aus Afrika: 3 weiße Frauen, 1 schwarzer Mann","1. Auflage",2019
"4 STORIES","1. Auflage",2016
"4 Worte - 1 story","1. Auflage",2022
"50 Geschichten",NULL,2016
"50 - mit einem Lächeln ins nächste Jahrzehnt",NULL,2023
"50 schräge Kurzgeschichten zum Selberschreiben","1. Auflage",2021
"50 Shades of CSI Boston und andere Geschichten",NULL,2020
"50 x Best of Erotic","Limitierte Jubiläumsausg., 1. Aufl.",2012
"55 Erzählungen","1. Auflage",2021
"55 Gründe, Stuttgart trotzdem zu lieben","1. Auflage",2020
"5 Jahre - 5 Geschichten","Dt.-sprachige Orig.-Ausg., 1. Aufl.",2012
"5 mystische Geschichten","1. Aufl.",2015
"5 Stühle","1. Auflage",2023
"60er-Jahre-Geschichten",NULL,2022
"60 Jahre ohne Drehbuch",NULL,2022
"60 Kurzgeschichten","1. Auflage",2021
"60-Minuten-Geschichten - Schreiben gegen die Zeit",NULL,2013
"69 Short Stories",NULL,2013
"6 pieces - meat and greet","1. Aufl.",2013
"70 Glücksfenster",NULL,2011
"74 kurz- und langweilige Geschichten","1. Auflage",2020
"75 Geschichten aus dem Zettelkasten",NULL,2012
"77 Herzfenster",NULL,2009
"77 Traumfenster",NULL,2010
"77 Weihnachtsfenster","1. Auflage",2020
"7 Ahlemer Geschichten gegen das Vergessen","1. Auflage",2017
"7 Erotische Kurzgeschichten für Männer und Frauen",NULL,2022
"7 Euro 77","1. Aufl.",2009
"7 geile GayLe Geschichten","1. Auflage",2022
"7 Krimis: 7 Juli-Mörder 2020: Krimi Sammelband 5017","1. Auflage",2020
"7 kurze Geschichten","1. Auflage",2017
"7 sonderbare Geschichten","1. Aufl.",2011
"80 geschenkte Jahre","1. Auflage",2020
"8 Finale und ein bisschen drumherum ...","1. Auflage",2018
"8 verhängnisvolle kurz(e) Geschichten","1. Aufl.",2015
"99 buddhistische Kurzgeschichten","1. Auflage",2023
"Aaka, ein Pharao zum Verlieben","1. Auflage",2022
"Aarauer Kurzgeschichten","Originalausgabe",2022
"Aaregeflüster","1. Auflage",2017
"Aasfresser","1. Auflage",2019
"Ab 5.45 Uhr wird zurückgesprochen!","1. Aufl.",2010
"Abaufwärts","Erste Auflage",2015
"Abdias",NULL,2009
"Abend der O und andere SM-Geschichten",NULL,2019
"Abendfrieden",NULL,2008
"Abend in der Spinnerei",NULL,2009
"Abendland und Morgenland oder die ganze Welt",NULL,2020
"Abendrot",NULL,2018
"Abenteuer auf dem Bauernhof und in der guten Stube","1. Aufl.",2009
"Abenteuer aus dem Englischen Garten","Erste Auflage dieser Ausgabe",2023
"Abenteuer Bad Reichenhall","1. Auflage",2016
"Abenteuer eines beruflichen Globetrotters",NULL,2013
"Abenteuer eines Studentenvaters","1. Aufl.",2011
"Abenteuer im Elfenreich","1. Aufl.",2011
"Abenteuer inklusive","1. Auflage",2011
"Abenteuerliches Europa","1. Auflage",2023
"Abenteuerliches von der Küste",NULL,2009
"Abenteuerliche Träume",NULL,2013
"Abenteuer Medizin","Großdruck",2020
"Abenteuer mit Orion II","1. Auflage",2018
"Abenteuer mit Waldi und Schnurz",NULL,2021
"Abenteuertage",NULL,2020
"Abenteuer Tierschutz","1. Aufl.",2009
"Aber bitte mit Marmelade!",NULL,2020
"Aber bitte mit Reet!","Originalausgabe",2022
"Aber bitte mit Sahne!","Orig.-Ausg.",2014
"Aber das wär' doch nicht nötig gewesen!","Orig.-Ausg., 1. Aufl.",2008
"Aber der Schlüpfer bleibt an...",NULL,2011
"... aber der Wagen, der rollt",NULL,2009
"Aber die Rosen",NULL,2010
"Aber dieses Jahr schenken wir uns nichts","1. Auflage",2022
"Äberlausitz - mei Poaradies",NULL,2008
"Aber Makaber",NULL,2021
"Aber möglich, möglich muss es doch sein",NULL,2019
"Aber schön war es doch ...","1. Aufl., neue Ausg.",2015
"Abgedreht & aufgedreht","1. Auflage",2021
"Abgefahren","1. Aufl.",2010
"Abgelaufen",NULL,2012
"Abgeliefert",NULL,2008
"Abgeschminkt","1. Auflage",2019
"Abgestürzte Absinthtorte",NULL,2016
"Abgründe/Ohne Hoffnung","1. Auflage",2018
"Abgründe und andere Gründe",NULL,2022
"Ab in die Urne","Deutsche Erstausgabe",2019
"Ab ins Körbchen","Originalausgabe",2023
"Ablösungen",NULL,2009
"Ab morgen wird abgespeckt",NULL,2008
"Ab nach Kassel",NULL,2016
"Abnehmen mit Attila",NULL,2008
"A Book of Stories","1. Auflage 2023",2023
"Abschaum, Tinitussi, Zombies und andere schlechte Geschichten","1. Auflage",2021
"Abscheulichkeiten",NULL,2023
"Abschied","1. Aufl.",2011
"Abschiedsfarben",NULL,2020
"Abschied und andere Erzählungen",NULL,2015
"Abseits des Lichtes","1. Auflage",2020
"Abseits des Weges dem Sein auf der Spur","1. Aufl.",2008
"Absinth","1. Auflage",2017
"A bsondra Tag",NULL,2013
"Absprunghöhen",NULL,2014
"Abstellkammer - Makabere Kurzgeschichten","1. Auflage",2019
"Abstruse Augenblicke","1. Auflage",2017
"Absturz","Originalausgabe",2017
"Absurdes Glück",NULL,2012
"Abwärts",NULL,2023
"Abwege oder Irrungen",NULL,2019
"Abwrackprämie","1., Auflage",2013
"Abwürfe",NULL,2008
"Abzählherbst",NULL,2010
"Abzweigungen",NULL,2011
"Achat und Schatz","Originalausgabe",2019
"Ach du liebe Weihnachtszeit",NULL,2015
"Ach, du liebe Zeit...",NULL,2014
"Ach Mami","1. Auflage",2017
"Ach, meine Freundin, die Tugend ist gut, aber die Liebe ist besser","1. Aufl.",2010
"… ach Sylt, mein Sylt! – Drei kurze romantische Romane und Erzählungen","1. Auflage",2022
"Acht Betrachtungen",NULL,2013
"Acht Cola, acht Bier","1. Auflage",2021
"Achterbahn - schön war es doch","1. Aufl.",2014
"Achter Mai","1. Aufl.",2012
"Achtern Horizont","1. Auflage",2022
"Acht erotische Geschichten mitten aus dem Leben","Vollständige Taschenbuchausgabe, Originalausgabe",2019
"Acht linke Schuhe",NULL,2012
"Acht Pfoten im Mecklenburgischen","Vorabauflage",2018
"Achtundzwanzig",NULL,2014
"Achtung - fertig - los!","Special limited edition",2019
"Achtung, fertig, losgeschrieben!",NULL,2020
"Achtung, heiß!","1. Auflage",2022
"Achtung Weihnachten",NULL,2010
"Acht Wochen Dunkelheit","1. Auflage",2022
"Achtzehn Füße hat das Glück","Orig.-Ausg., 1. Aufl.",2010
"Ach, wär ich nur zu Hause geblieben","Orig.-Ausg., vollst. Taschenbuchausg.",2010
"Ach was",NULL,2008
"Ach was, Menschen!",NULL,2022
"„Ach, wie gut, dass niemand weiß“",NULL,2015
"Adalbert",NULL,2021
"Adam - 32 Geschichten oder so",NULL,2009
"Adam, du solltest mehr Obst essen!",NULL,2021
"Adam, ich hab nichts anzuziehen","1. Auflage",2020
"Adaptierte Erzählungen",NULL,2015
"AD ASTRA/AD ASTRA 001: Das Meer der Finsternis","1. Auflage",2020
"A Decade of Start-up Wisdom","1. Auflage",2023
"Adern im Stein","1. Auflage",2018
"Aderriss","1. Aufl.",2014
"Adieu",NULL,2014
"Adonisröschen",NULL,2014
"Adorno wohnt hier nicht mehr","Erstausgabe, 1. Auflage",2019
"Adveniat regnum tuum","1. Auflage",2016
"Advent, Advent","1. Auflage",2023
"Advent, Advent ... bis das vierte Lichtlein brennt!","1. Aufl.",2011
"Advent, Advent, der Christbaum brennt","1. Auflage",2017
"Advent durchs Schlüsselloch","1. Auflage",2019
"Advent fängt im September an",NULL,2012
"Adventgeschichten",NULL,2010
"Advent mit Jane Austen","1. Aufl.",2016
"Advent mit Oscar Wilde","1. Aufl.",2016
"Advent mit Selma Lagerlöf",NULL,2021
"Adventsbus-Geschichten","1. Auflage",2018
"Adventsgeschichten","1. Auflage, ungekürzte Ausgabe",2017
"Adventskalender Der Weihnachtswunsch der kleinen Maus - 24 kurze Geschichten für Kinder",NULL,2016
"Adventskätzchen","Orig.-Ausg.",2011
"Adventskatzen","Erste Auflage, Originalausgabe",2016
"Adventslektüre","Erste Auflage",2020
"Adventszauber",NULL,2009
"Advent und Weihnachten",NULL,2009
"Advent- und Weihnachtszeit","1. Aufl.",2011
"Advocatus Diaboli",NULL,2010
"Aegeria","1. Auflage",2018
"Aegypten stories","1. Aufl.",2012
"Aeolian World – Chomolungma – Novembernacht","1. Auflage",2023
"Aergia","1. Aufl.",2014
"Aether Gazette Sammelbände/Aether Gazette Sammelband No. 1","1. Auflage",2021
"Affen im Hörsaal","1. Auflage",2017
"Affenschande",NULL,2012
"Affentheater - der ganz normale Wahnsinn","1. Auflage",2018
"Affenzirkus",NULL,2020
"Afganskij dnevnik i drugie istorii iz žizni russkogo vrača",NULL,2012
"Afghanistan ade",NULL,2021
"Afrika",NULL,2010
"Afrika-Erzählungen von Jugendlichen aus Deutschland und Togo",NULL,2009
"Afrika rief ... und Kurzgeschichten, die das Leben schrieb","1. Auflage",2018
"Aftero und Aftera","1. Auflage",2018
"Again &amp; Again","1. Auflage",2022
"Agile Missions Impossible","Erste Auflage",2023
"Agile Short Stories",NULL,2019
"Agnes und der Engel","1. Auflage",2019
"A Gsälzbrot ond an Moscht","1. Auflage",2019
"Ägyptische Pralinen",NULL,2011
"Ahnungslos sind nur die Dummen","1. Auflage",2011
"Aimery und die Magie des Südens",NULL,2021
"Akazienskizze","1. Aufl.",2009
"Akilah tanzt","1. Auflage",2019
"A kind of blue","1. Auflage",2021
"Akte FF: unglaubliche Geschichten vom Fliegenfischen",NULL,2017
"Akte Mystery","1. Aufl.",2008
"Alain Pfisterer's Gedächtnis und andere Erzählungen","1. Auflage",2017
"Alarmstufe Weiß",NULL,2010
"Alba, Liebste und andere Erzählungen","1. Auflage",2018
"Alba und der Drache",NULL,2023
"Albins letzte Tage oder Gute-Nacht-Geschichten eines Verrückten",NULL,2020
"Albtraum und andere unheimliche Geschichten","1. Auflage",2020
"Albuquerque","1. Aufl.",2014
"Alchemie",NULL,2023
"Aleppo literarisch",NULL,2018
"Alexanderplatz","Taschenbuchausg., 1. Aufl.",2012
"Alice - mein erstes Hundejahr","1. Aufl.",2010
"Alicjas Wein","1. Auflage",2019
"Alien Contagium","1. Auflage",2022
"Alien love",NULL,2022
"Alifas Zeichen",NULL,2008
"All about Love: Sammelband","1. Auflage",2020
"Allá en el Norte",NULL,2013
"All die Jahre",NULL,2022
"All die schönen Winter","Erste Auflage, Originalausgabe",2023
"All dieses Gerede über Sex",NULL,2023
"Alle, Echte, Orth","1. Auflage",2018
"Alle Erzählungen","1. Aufl.",2011
"Alle Geschichten, die ich kenne","1. Aufl.",2015
"Allegro furioso",NULL,2011
"Allein",NULL,2019
"Allein in Australien und andere Geschichten",NULL,2010
"Alle Jahre wieder",NULL,2012
"Alle Jahre wieder - nicht nur zu Weihnachten",NULL,2017
"Alle Lust will Ewigkeit","1. Aufl.",2008
"Alle meine Männer? einige davon . . .","1. Auflage",2020
"Allen dicken Menschen steht Leder","1. Auflage",2016
"Allerhand",NULL,2014
"Allerhand & Allerlei",NULL,2013
"Allerhand ... amüsante Wirtshausgschichtli","1. Auflage",2017
"Allerhand ... Heiteres aus Main-Franken",NULL,2009
"Allerlei Geschichten aus dem Oderbruch","Orig.-Ausg., 1. Aufl.",2009
"Allerlei Kurzgeschichten",NULL,2013
"Allerlei - Kurzweiliges",NULL,2011
"Allerteufel",NULL,2008
"Alles Alltag",NULL,2020
"Alles anders!",NULL,2015
"Alles an seinem Platz","1. Aufl.",2008
"Alles auf Anfang!","1. Auflage",2020
"Alles außer Rand und Band",NULL,2023
"Alles aus Vergesslichkeit",NULL,2010
"Alles Bella!","1. Auflage",2020
"Alles Bestes","1. Aufl.",2013
"Alles dreht sich um Weihnachten",NULL,2017
"Alles easy?!","Printausgabe, 1. Auflage",2016
"Alles ein Geschenk der Zeit",NULL,2010
"Alles fließt",NULL,2009
"Alles frisch","Orig.-Ausg.",2014
"Alles für’n Appel und’n Ei","1. Auflage",2018
"Alles ganz menschlich","1. Aufl.",2010
"Alles gut","1. Aufl.",2011
"Alles Gute",NULL,2008
"Alles Gute zum Alltag!",NULL,2016
"Alles hat auch seine gute Seite ... such sie doch!","1. Aufl.",2014
"Alles hat ein Ende nur Corona nicht","1. Auflage",2021
"Alles hat seine Stunde",NULL,2009
"Alles hat seine Zeit",NULL,2012
"Alles im Fluss ...","1. Aufl.",2015
"Alles im Lot","1. Auflage",2021
"Alles ist Liebe","Auflage 1000",2015
"Alles kann ganz anders sein","1. Auflage",2023
"Alles kein Zufall",NULL,2016
"Alles kurz und klein","1. Auflage",2019
"Alles Liebe zu Weihnachten und andere Geschichten",NULL,2019
"Alles machbar, Herr Nachbar",NULL,2011
"Alles mit den Augen","1. Auflage",2019
"Alles muss ganz anders werden","1. Auflage",2020
"Alles Neiße, Oder?","Orig.-Ausg.",2011
"Alles nicht so einfach","Orig.-Ausg.",2012
"Alles Nonsens - oder was ...?",NULL,2019
"Alles nur nicht Weihnachten","1. Auflage",2019
"Alle spinnen. Ich stricke","1. Auflage",2017
"Alles schläft, einsam wacht","Dt. Erstveröff., 1. Aufl.",2014
"Alles sieht so festlich aus",NULL,2019
"Alles so schön grün hier :vVersammelte Fälle und Geschichten","1. Auflage",2016
"Alles steht still",NULL,2021
"Alle Storys",NULL,2017
"Alles was wir brauchen","1. Aufl.",2012
"Alles wie immer?",NULL,2013
"Alles wild so halb","1. Auflage",2021
"Alles wird wie niemand will","1. Aufl.",2009
"Alles zerstört, alles verbrannt",NULL,2011
"Alles Zufall oder wunderbare Fügung?",NULL,2023
"Alle wollen was erleben",NULL,2019
"Alle Zeitfenster auf Kippe","Dt. Erstveröff., 1. Aufl.",2011
"Allgäuer Geschichten","1. Auflage",2017
"Allgäuer Städte und unterhaltsame Geschichten",NULL,2019
"All in Berlin Geschichten aus dem Leben eines Friseurs","1. Auflage",2022
"All inclusive",NULL,2016
"Alltag","Deutsche Erstausgabe, 1. Auflage",2020
"Alltägliches anderswo. New York - und andere Geschichten",NULL,2013
"Alltagschaos","1. Aufl.",2009
"Alltagsflucht","1. Auflage",2018
"Alltagsfluchten","1. Auflage",2017
"Alltagsgeschichten","1. Aufl.",2009
"Alltagsgeschichten aus Rheinhessen Teil 2","1. Auflage",2021
"Alltags-Geschichten in Versform",NULL,2010
"Alltagsheld",NULL,2021
"Alltagsk(r)ämpfe",NULL,2008
"AlltagsLust","1. Auflage",2016
"Alltagsminiaturen Band 1","1. Auflage",2023
"Alltagsminiaturen Band 3","1. Auflage",2023
"Alltagsriesen","Originalausgabe",2016
"Alltagsträume","1. Auflage",2023
"All Tags Tücken, Miseren & letzte Dinge","1. Auflage",2017
"Alltags-Wahnsinn","1. Aufl.",2013
"Alltagswunder","1. Auflage",2019
"Alltagswundergeschichten","1. Auflage",2021
"All you can Fuck",NULL,2011
"Alois und Auguste",NULL,2009
"Alptraumkater","1. Aufl.",2009
"Als aber die Zeit erfüllt war",NULL,2008
"Als das Glück einen Haken schlug",NULL,2012
"Als das Leben noch in Ordnung war",NULL,2023
"Als das Telefon klingelte …","1. Aufl.",2010
"Als der Kellner schoss und andere Geschichten aus dem täglichen Sterben","1. Aufl.",2008
"Als der kleine Junge ein großes Wunder erlebt",NULL,2012
"Als der Krieg zu Ende ging",NULL,2015
"ALS DER MOND EIN EI LEGTE und andere Geschichten",NULL,2019
"Als der Mond vom Himmel fiel",NULL,2008
"Als der Weihnachtsbaum noch Äpfel trug",NULL,2017
"Als die Drogenbrutalität ins Wanken geriet ... und drei weitere Erzählungen ...",NULL,2016
"Als die Götter Mensch waren",NULL,2013
"Als die Kelten und Römer Geschichten erkochten",NULL,2019
"Als die Mönche die Heimat verließen",NULL,2023
"Als die Russen nach Hirschberg kamen und andere Geschichten",NULL,2008
"Als die Stadt brannte",NULL,2023
"Als die Tomaten noch nach Tomaten schmeckten","1. Auflage",2018
"Als die Vögel nicht mehr sangen",NULL,2022
"Als ein Doppelmörder vom Schalom überrascht wird",NULL,2012
"Als es begann - Kurzgeschichten","1. Auflage",2021
"Als es Nacht wurde, trieben wir heim",NULL,2009
"Als Geschenk einpacken, bitteschön","1. Aufl.",2010
"Als Großmama ein Mädche war",NULL,2023
"Als ich deutsch wurde",NULL,2019
"Als ich einst Prinz war von Arkadien",NULL,2010
"Als ich heute Morgen aufwachte, war alles weg, was ich mal hatte","Neuausgabe",2015
"Als ich König war und Maurer",NULL,2016
"Als Issi Braun ermordet wurde und andere moderne Märchen",NULL,2011
"Als Karl seine Stimme verlor","1. Auflage",2019
"Als Kind im Revier","1. Aufl.",2010
"Als Konrad Duden die Rechtschreibung erfand",NULL,2012
"Als Malchus sein Ohr verlor und andere Geschichten, die (so) nicht in der Bibel stehen",NULL,2013
"Als mich meine Einsamkeit wachküsste","1. Auflage",2023
"Als ob die Vögel zwitschern","1. Auflage",2021
"Als ob die Welt den Atem anhielt",NULL,2008
"Als Oma noch Kräuter sammelte",NULL,2019
"Als Oma noch Lametta bügelte",NULL,2018
"Als Oma noch mit Kohlen heizte",NULL,2013
"Also sprach der Maharadja ...","1. Aufl.",2009
"Als Pferd und Fohlen zu Weihnachten im Stall ankommen",NULL,2012
"Als sich der Stamm des Tisches bog",NULL,2014
"»Als stände Christus neben mir«",NULL,2014
"Als Teltow neu erfunden wurde",NULL,2010
"Als Vaters Bart noch rot war",NULL,2008
"Als Vater sich den Bart abnahm",NULL,2008
"Als wär´s ein Stück Papier","1. Aufl.",2011
"Als wir die Maikäfer waren","Erste Auflage",2023
"Als wir es wagten",NULL,2009
"Als wir klein und fröhlich waren",NULL,2023
"Als wir noch Brautleute waren",NULL,2023
"Als wir Wildschweine waren",NULL,2012
"Alt","Erstausgabe",2019
"Alte",NULL,2012
"Alte Bekannte","1. Aufl.",2011
"Alte Düsseldorfer Geschichten","1., Aufl.",2011
"Alte Erzählungen in neuen Farben","Erste Auflage",2019
"Alte Geschichten","1. Auflage",2018
"Alte Männer füttern keine Enten","1. Aufl.",2012
"Alte Märchen - und doch neu","1. Aufl.",2013
"Altenheim? Bitte nicht!",NULL,2010
"Altersbedingt","1. Auflage",2016
"Alter schützt vor Torheit nicht","1. Aufl.",2014
"Alter Schwede! 2020",NULL,2019
"Älter werden","1. Aufl.",2009
"Älter werden is koa [durchgestrichen] a Gaudi","1. Auflage",2023
"Älter werden - jung bleiben",NULL,2014
"Alte Schachteln","Taschenbucherstausg.",2009
"Altes Pferd liebt junges Gras und andere Geschichten ",NULL,2014
"Alte und neue Heimat","1. Auflage",2020
"Alte Wege",NULL,2013
"Altfranzösische Erzählungen von keltischen Feen",NULL,2016
"Althochdeutsche Literatur",NULL,2017
"Alt-Münchener Erzählungen",NULL,2015
"Altwerden ist nichts für Schlappschwänze",NULL,2010
"Altwiener Küchengeschichten",NULL,2019
"Altwiener Liebesgeschichten",NULL,2018
"Altwiener Tiergeschichten",NULL,2017
"Alwines Reise",NULL,2008
"Alyeska","Erste Auflage",2019
"Am Abend kamen die Schnecken",NULL,2022
"Am Abgrund ist die Aussicht schöner",NULL,2011
"Am Abhang der Wind",NULL,2019
"Amanda lass die Hand da","1. Aufl.",2009
"Am Anfang war die Kuh",NULL,2011
"Am Äquator",NULL,2014
"Amateure",NULL,2009
"Amative; Publisher präsentiert Aimeé Nikél, Erotische Geschichten","1. Aufl.",2011
"Amazing Crime Stories","1. Auflage",2019
"Ambigue Begegnungen","1. Auflage",2019
"Am Boden der Kaffeetasse",NULL,2022
"Am Brunnenrand","Erste Auflage",2016
"Am Deutschen Wesen soll die Welt genesen",NULL,2009
"Ameisenbär, Pinguin & Co.",NULL,2009
"Am Ende bleibt Hoffnung",NULL,2021
"Am Ende der Straße - das Meer","1. Auflage",2023
"Am Ende der Tage und andere Geschichten aus Spanien",NULL,2013
"Am Ende einer langen Sehnsucht",NULL,2013
"Am Ende ist Weitfortistan",NULL,2010
"Amerikanische Gefühle","1. Aufl.",2011
"Amerikkan Gotik","Dt. Erstausg.",2015
"Am Fleischerhaken",NULL,2019
"Am frühen Morgen","1. Auflage",2019
"Am Fuß des Kamels","Ungekürzte Taschenbuchausg.",2010
"Am gelben Hang","1. Auflage",2016
"Am Hancockberg",NULL,2020
"Am Heiligen Abend",NULL,2019
"Am Himmel kaum Gefälle","Erste Auflage",2019
"Am Himmelstor: Kein Zutritt für Scheinheilige","1. Auflage",2022
"Am Lande tut sich was",NULL,2008
"Am Landgraben",NULL,2019
"Am Markt gibts Eis aus Erdbeer, Vanille und Bürgermeister!","Orig.-Ausg. zum 850jährigen Stadtjubiläum",2010
"Am Meer","1. Auflage",2018
"Ammerlandpomeranzen Geschichten/Dorftrottel und Katzenjammer","1. Auflage",2016
"Amor animalium",NULL,2019
"Amor, das Leben und ich","Erste Auflage",2016
"A MOUNTAIN WALKED – Ganz unten und ganz oben, Band 1","1. Auflage",2023
"A MOUNTAIN WALKED – Ganz unten und ganz oben, Band 2: Neue Erzählungen aus dem Cthulhu-Mythos","1. Auflage",2023
"A MOUNTAIN WALKED – Ganz unten und ganz oben, Band 3","1. Auflage",2023
"Am Rand der Erinnerungen","1. Aufl.",2011
"Am Rand des virtuellen Universum",NULL,2023
"Am Rande des alltäglichen Wahnsinns",NULL,2008
"Am Reißbrett","1. Auflage",2019
"Am saufenden Band","1. Auflage",2021
"Am Scheideweg","1. Auflage",2023
"Amsterdam","Originalausgabe",2016
"Am toten Punkt","1. Auflage",2019
"Amtsmann Magd",NULL,2009
"Am Ufer meines Setzkastens",NULL,2021
"Am Ufer winkt Unendlichkeit – Illustrierte Sonderausgabe mit 12 phantastischen Erzählungen","1. Auflage",2022
"Amüsante und ironische Gute-Laune-Kurzgeschichten für Erwachsene und für Ihr Nachtkästchen!",NULL,2015
"Amüsante und nachdenkliche Geschichten",NULL,2008
"Am Vorabend des Taifuns",NULL,2011
"Am Wasser und zu Lande",NULL,2022
"Am Weg","1. vyd.",2015
"Am Wege Oins oms andr'","1. Auflage",2022
"Am Wegesrand","1. Aufl.",2009
"Am Wegrand",NULL,2018
"Am Weihnachtsbaum die Lichter brennen","1. Auflage, Großdruckausgabe",2017
"Am Windtelefon","Originalausgabe, 1. Auflage",2019
"AM YUKON - KANADA-ERZÄHLUNGEN","1. Auflage",2022
"Am Zug",NULL,2014
"Anakonda - Adrian- Allinger",NULL,2009
"Anal Deluxe","1. Aufl.",2014
"Anarchie in Ruhrstadt",NULL,2014
"Ana und die Fische","Erste  Auflage",2017
"Andante-Allegro für Opa und Enkel","1. Aufl.",2010
"An den Grenzen der Wirklichkeit",NULL,2008
"An den Kaukasus gekettet",NULL,2023
"An den Rändern","1. Auflage",2021
"An den Wassern",NULL,2009
"An der Bar und andere Texte",NULL,2008
"An der Baumgrenze","1. Aufl.",2010
"Andere Beziehungen","1. Auflage",2017
"Andere Dorfgeschichten","Erste Auflage",2021
"Andere Horizonte",NULL,2015
"Andere Länder, andere Fritten","Originalausgabe",2017
"Andere Menschen sind anders",NULL,2023
"Andererseits",NULL,2022
"Andere Welten",NULL,2009
"An der Grenze des Lichts",NULL,2022
"An der Guillotine und andere Erzählungen","1. Auflage",2021
"Andernorts","1. Auflage",2017
"An derselben Stelle des Flusses","1. Auflage",2020
"Andersens Märchen Update 1.1","1. Aufl.",2013
"Anderst",NULL,2019
"Anders-Wo","1. Auflage",2016
"ANDERSWO WEIT","1. Auflage",2021
"Anderwelt","1. Auflage",2022
"Anderwelt - alles was bleibt","Orig.-Ausg.",2011
"Anderzeiten",NULL,2018
"An die Rollatoren, fertig, los!",NULL,2023
"An diesem Dienstag","1. Auflage",2018
"An einem dieser Tage","1. Auflage",2018
"An einem Freitagabend",NULL,2011
"Anekdoten",NULL,2022
"Anekdoten aus alter Zeit",NULL,2009
"Anekdoten aus dem Leben einer Akademie","1. Aufl.",2008
"Anekdoten aus dem Leben Igor Rozols","1., Aufl.",2009
"Anekdoten, Glossen und Gedichte",NULL,2008
"Anekdoten treiben Blüten ...",NULL,2011
"Anekdoten und andere Merkwürdigkeiten","1. Aufl.",2012
"Anekdoten und merkwürdige Geschichten","1. Aufl.",2011
"Anekdoten vom Planeten Erde","1. Auflage",2020
"Anekdoten zum Advent",NULL,2012
"Anekdoten zur DDR","1. Aufl.",2014
"Anfangsverdacht","1. Auflage",2023
"Angel-Anekdoten","1. Aufl.",2014
"Angel Island","Orig.-Ausg., 1. Aufl.",2014
"Angeln beruhigt - weder Fische noch Würmer","1. Auflage",2019
"Angelner Sinfonie",NULL,2019
"Angeschwemmte Tage","1. Auflage",2023
"Angezapft war mein innerer Speicher",NULL,2011
"Angola entdecken!","1. Aufl.",2015
"An Gottes Segen ist alles gelegen",NULL,2014
"Angriff der Nanobots","1. Auflage",2019
"Angst!","1. Aufl.",2010
"Angstfänger",NULL,2008
"Angst - Geschichten aus der Kindheit",NULL,2015
"#angsthase",NULL,2020
"Angst vor blauem Himmel","1. Auflage",2018
"Angst vor Gott","1. Auflage",2023
"Angst zur blauen Stunde","1. Auflage",2009
"An hellen wie an trüben Tagen, kann die Poesie Dich tragen",NULL,2023
"Animal Spa","1. Auflage",2018
"Ankommen","1. Auflage",2016
"Ankommen im eigenen Leben",NULL,2023
"Anleitung im Korb geben","1. Auflage",2020
"Anleitung zum Fest",NULL,2010
"An meinen Geist",NULL,2011
"Anna 1964/Nana in der Fallle","1. Auflage",2020
"Annäherungen im Zwielicht","1. Auflage",2020
"Annas Einwände",NULL,2008
"Annas frivole Kurzgeschichten","1. Auflage, vollständige Taschenbuchausgabe, Originalausgabe",2016
"Annas Staub zu Gast/Annas Staub zu Gast - Omas Geschichten","1. Auflage",2022
"Annas Tränen",NULL,2012
"Anna und die fremde Frau",NULL,2016
"Annettes Anekdoten","1. Auflage",2023
"Anno 2048",NULL,2022
"Anruf-Beantworter und andere Kurzgeschichten","Erste Auflage einer Sonderausgabe",2021
"Anrufung des blinden Fisches ",NULL,2010
"Anschließend schlug ich beruhigend auf den Fahrgast ein","1. Auflage",2018
"Ansichten des Windes",NULL,2014
"Ansichten eines Hausschweins","1. Auflage",2018
"Ansichten eines Tagediebes","1. Aufl.",2014
"Ansichten eines Zweikäsehochs","Originalausgabe",2019
"Ansichtskarten","1. Aufl.",2011
"Ansichtssache?!","1. Aufl.",2013
"An Sieg und Rhein",NULL,2023
"Ansíth","Dt. Erstausg.",2008
"Anspielungen auf einen Fall","1. Auflage",2019
"Antaresnebel und andere Kurzgeschichten","1. Auflage (neue Sonderausgabe)",2021
"Anthologie","1. Aufl.",2013
"Anthologie 2011 / Günzburger Autoren-Verein","1. Aufl.",2011
"Anthologie #6",NULL,2020
"Anthologie auf das Jahr 1782","Nachdr. der Ausg., Stuttgart, Tobolsko, 1782",2009
"Anthologie Begegnungen",NULL,2012
"Anthologie bilingue de la poésie allemande",NULL,2010
"Anthologie - Das geschriebene Wort",NULL,2011
"Anthologie - das Leben, die Liebe, die Natur",NULL,2013
"Anthologie der deutschmährischen Literatur","1. Aufl.",2014
"Anthologie des Schicksals","1. Auflage",2020
"Anthologie Die Flieger","Erstausg.",2008
"Anthologie - die Magie des Mondes","1. Auflage",2016
"Anthologie du lied",NULL,2010
"Anthologie - Freiheit der Gedanken",NULL,2009
"Anthologie - Gedanken, Gefühle, Erinnerungen",NULL,2012
"Anthologie - Gedichte, Gedanken, ein Plädoyer für die Erhaltung der Natur und der Menschen",NULL,2018
"Anthologie - Gedichte, Gedanken, ein Plädoyer gegen das Aussetzen und Quälen von Tieren",NULL,2017
"Anthologie - Lyrik und Prosa",NULL,2010
"Anthologie vom Haus des Schreibens/Ging mir nie besser","1. Auflage",2017
"Anthologie Weihnachten: Weihnachten besitzt viele Gesichter","1. Auflage",2018
"Anthologie - Zeitgenossen",NULL,2008
"Anthologie zum Literarischen Wettbewerb des Reimo-Verlags 2015 So leben Asylbewerber in Bayern","1. Aufl.",2015
"Anton auf der Louise","1. Auflage",2014
"Antonia sucht den Weihnachtsmann","1. Auflage",2019
"Antonius schon wieder auf Achse",NULL,2009
"Anton und der Pistolenmann","1. Auflage",2016
"AnXt","1. Auflage",2022
"Apanies Perlen",NULL,2014
"Apfel",NULL,2016
"Apfelsinen am Lauschehang","1. Auflage",2022
"Aphrodite - Express","1. Auflage",2020
"Appetit auf mehr","1. Auflage",2016
"Applepie Stories",NULL,2018
"April, April","1. Auflage",2023
"April, April, Rüti macht, was es will",NULL,2020
"Aprillenwetter",NULL,2009
"April, Sturm und andere Turbulenzen","1. Aufl.",2015
"Ara","Dt. Erstausg.",2011
"ARACHNE","1. Auflage",2019
"Aran und Beat",NULL,2013
"Arbeiten für die Gartenlaube","1. Auflage",2022
"Arbeit ist ein Teil von mir ...",NULL,2008
"Arbeitslos - heimatlos - alles los",NULL,2008
"Arboretum ... Bäume tragen den Himmel",NULL,2008
"ARCHAIOS Sammelband Teil 1 bis 3","Neuerscheinung",2023
"Archivgeflüster","1. Auflage",2016
"Ardesis","1. Auflage",2018
"Arglose Träume und andere Geschichten ohne Ende",NULL,2009
"Arion Lusitanicus","1. Auflage",2023
"Aristoteles und die Kannibalen","1. Auflage",2018
"Arme Irre","1. Auflage",2021
"Armut Chaos Reichtum",NULL,2019
"Arndts Märchen Update 1.1","1. Auflage",2019
"Aroha","1. Auflage",2018
"Aroleit",NULL,2012
"Arsch hoch, Brust raus und los!","1. Auflage",2021
"Arsen und Friedenstäubchen",NULL,2016
"Ars moriendi","1., Aufl.",2013
"Artgerechte Menschenhaltung",NULL,2012
"Arthur unterm Regenbogen",NULL,2018
"Art of fun","Orig.-Erstausg.",2012
"Ärwin und dat mitte Kohle - Dönekes ohne Fiesematenten","1. Auflage",2016
"ArzDeitsch",NULL,2022
"Arznei gegen die Sterblichkeit",NULL,2019
"Asche","Erste Auflage",2022
"A scheene Bescherung","1. Auflage",2019
"Asche ist alles, was bleibt",NULL,2023
"Äs dat Ampellecht op Raut stonn",NULL,2009
"Aserbaidschanische Erzählungen",NULL,2013
"A shooting star & other stories",NULL,2015
"Aspekte der Raumzeit",NULL,2023
"Atala und René","1. Aufl.",2011
"Atemlos",NULL,2020
"Atemlos und lebenssatt","1. Auflage",2017
"Atemnot",NULL,2015
"Athanor",NULL,2009
"Athos: das Geheimnis des grünen Papageis","1. Auflage",2016
"Atlantis – die alte Prophezeiung: Sammelband 1 Sun Koh – Neue Abenteuer","1. Auflage",2020
"Atropos oder das Holzhaus am Alten See",NULL,2011
"At The Cemetery Gates","1. Auflage",2019
"Attitüden und Novellen",NULL,2013
"Auch aus schlimmen Buben kann was werden",NULL,2010
"Auch Beamte brauchen Horoskope","1. Aufl., ungek. Ausg.",2009
"Auch dein Herz ...",NULL,2011
"Auch ein Haar wirft einen Schatten und andere Geschichten","1. Aufl.",2008
"Auch heute kommt ein Weihnachtsengel",NULL,2009
"Auch in Barmbek scheint die Sonne","1. Auflage",2018
"Auch Lehrer fahren Zug - leider!",NULL,2019
"Auch so etwas gibt es","1. Auflage",2021
"Audienz beim Sonnenkönig",NULL,2008
"Auf Abwegen",NULL,2021
"Auf Anholt schieten die Möwen Lila","1. Auflage",2020
"Aufblick im Anfang",NULL,2013
"AufBruch","1. Veröff.",2012
"Aufbruch - Anthologie","1. Auflage",2022
"Aufbrüche",NULL,2012
"Aufbruch nach Kythera",NULL,2008
"Aufbruch nach Nebelland",NULL,2013
"Auf dem Berg",NULL,2011
"Auf dem Lande",NULL,2013
"Auf dem Nachttisch liegt ein Büchlein",NULL,2008
"Auf dem Wege zur amerikanischen Botschaft und andere Erzählungen","Originalgetreuer Nachdr. der Ausg. Berlin, Kiepenheuer, 1930",2008
"Auf dem Weg nach Hause und weitere Erzählungen aus der heutigen Zeit",NULL,2009
"Auf den anderen Ufern der Nacht","1. Auflage",2018
"Auf den Flügeln der Erinnerung","1. Auflage",2016
"Auf den Flügeln der Nacht",NULL,2009
"Auf den Flügeln der Zeit","1. Aufl.",2011
"Auf den Hund gekommen","1. Auflage",2017
"Auf den Platz gekommen",NULL,2011
"Auf den Schwingen der Sehnsucht",NULL,2016
"Auf den Spuren des Lächelns","1. Aufl.",2012
"Auf den Spuren des Lebens",NULL,2019
"Auf den Spuren verborgener Schätze am Walchensee",NULL,2014
"Auf den Wegen des Lebens",NULL,2012
"Auf den Wogen des Lebens","1. Aufl.",2010
"Auf der Alm da gibt's koa Sünd","1. Auflage, vollständige Taschenbuchausgabe, Originalausgabe",2021
"Auf der anderen Seite","Erstauflage",2023
"Auf der Arche ist der Jaguar Vegetarier",NULL,2015
"Auf der Bühne des Lebens",NULL,2016
"Auf der Galerie und andere Erzählungen","1. Aufl.",2010
"Auf der Lebensleiter",NULL,2015
"Auf der Suche nach dem Taubenbuch des Baal Schem Tow",NULL,2021
"Auf der Suche nach der entgangenen Milch","1. Aufl.",2011
"Auf der Suche nach der Schrift",NULL,2009
"Auf der Suche nach Marias Welt",NULL,2011
"Auf der Terrasse","1. Auflage",2017
"Auf der Walz",NULL,2017
"Auf der Wurzhütte und andere jagdliche Erzählungen",NULL,2013
"Auf die Knie!",NULL,2020
"Auf die Länge kommt es an","Orig.-Ausg.",2011
"Auf die Länge kommt's nicht an","Orig.-Ausg.",2012
"Auf die Plätzchen, fertig, los","Originalausgabe",2018
"Auf die Plätze, fertig ... Pause!",NULL,2021
"Auf die Seite gebracht","1. Auflage",2020
"Auf eigne Füß stehn",NULL,2008
"Auf einer Bank","Originalausgabe",2016
"Auf einmal ist alles anders",NULL,2020
"Auf einsamer Straße bei Nacht",NULL,2011
"Auf ein Wort",NULL,2023
"Auf ein Wort nur","1. Aufl.",2012
"Auferstehung",NULL,2008
"Auf ewig und dich",NULL,2011
"Auf flachen Sohlen auf und davon",NULL,2017
"Auf fremden Pfaden","1. Auflage",2017
"Auf fremden Spuren",NULL,2011
"Aufgeben ist keine Option!","1. Auflage",2023
"Auf gelbe Blätter geschrieben","1. Aufl.",2009
"Aufgelesen","1. Auflage",2023
"Aufgepeppt",NULL,2017
"Aufgeschrieben","1. Auflage",2020
"Aufgespießt",NULL,2008
"Auf halbem Weg",NULL,2018
"Auf heißen Kohlen","1. Aufl.",2014
"Auf Herz und Gewissen","1. Aufl.",2011
"Auf Ihr Wohl, Herr Nachbar und andere Geschichten",NULL,2015
"Auf Leben und Tod",NULL,2015
"Auf leisen Pfoten",NULL,2021
"Auf Luthers Patmos war der Teufel los ...","1. Auflage",2015
"Auf magischen Pfaden","Originalausgabe",2020
"Auf nach Anderswo!","1. Auflage",2022
"Auf nach Namibia","1. Auflage",2017
"Auf offenem Meer",NULL,2010
"Auf Pfaden im Regenwald","1. Auflage",2022
"Auf phantastischen Pfaden",NULL,2016
"Auf rauen Pfaden zu den Sternen",NULL,2013
"Auf Reisen","1. Aufl.",2012
"Aufruhr im Isartal",NULL,2012
"Auf Samtpfoten leise durch die Nacht",NULL,2019
"Auf sanften Sohlen",NULL,2023
"Aufschnitt",NULL,2021
"Aufs Ganze","Taschenbuchausgabe, Erstauflage, Erstveröffentlichung",2019
"Aufstieg der Menschheit","Originalausgabe",2022
"Aufstieg in den Bergen","1. Auflage",2023
"Auf Trümmern blühen Rosen",NULL,2017
"Auf unebenen Wegen","1. Auflage",2020
"Auf vier Pfoten kommt das Glück",NULL,2020
"Aufwachgedanken","1. Aufl.",2008
"Aufwärts",NULL,2021
"Auf Wiedersehen im Paradies",NULL,2015
"Aufzeichnungen eines Käfersammlers","Originalausgabe",2018
"Aufzeichnungen eines Tagelöhners","Orig.-Ausg.",2009
"Auf zur Wiesn","1. Aufl.",2014
"Augen-Blick","1. Auflage",2018
"Augenblick","1. Aufl.",2008
"Augenblicke","1. Auflage",2019
"Augenblicke, die berühren","Orig.-Ausg.",2010
"August","Orig.-Ausg., 1. Aufl.",2014
"Au-pair",NULL,2011
"Aura Moons wundersame Märlein","1. Auflage",2023
"Aurelian Sammelband 1","1. Auflage",2022
"Aurelian Sammelband 2","1. Auflage",2023
"Aurora","1. Auflage",2015
"Aus Angst wächst Mut",NULL,2016
"Ausblendung","1. Auflage",2019
"Ausblendung. Wege in die virtuelle Welt",NULL,2019
"Ausbruch",NULL,2021
"Aus dem All des Tages","1. Auflage",2021
"Aus dem Alltag eines Dienstleisters","1. Auflage",2022
"Aus dem Alltag gehebelt","1. Auflage",2020
"Aus dem Bayerischen Wald und aus Chicago",NULL,2018
"Aus dem Blickwinkel eines Nusssammlers","1. Auflage",2018
"Aus dem Ferienhaus geplaudert",NULL,2014
"Aus dem Gebirge",NULL,2016
"Aus dem Gleis",NULL,2013
"Aus dem Herzen für die Seele","1. Aufl.",2009
"Aus dem Leben des Heinerich Gottlieb","1. Auflage",2016
"Aus dem Leben einer Mutter",NULL,2023
"Aus dem Leben einer Tagediebin oder wen der Hafer sticht",NULL,2009
"Aus dem Leben eines Erfolgsschriftstellers","1. Auflage",2022
"Aus dem Leben eines Lohnschreibers","Orig.-Ausg., 1. Aufl.",2009
"Aus dem Leben eines Taugenichts","Orig.-Ausg.",2008
"Aus dem Leben erzählt","1. Auflage",2018
"Aus dem Leben gegriffen","1. Auflage",2018
"Aus dem Logbuch der Vagabundin",NULL,2013
"Aus dem Nähkästchen geplaudert","1. Auflage",2023
"Aus dem Nest gefallen","Neuausg., 1. Aufl.",2009
"Aus dem Ruder",NULL,2012
"Aus dem Spessart","1. Aufl.",2010
"Aus dem Tagebuch eines Kurzwarenhändlers und andere Geschichten","Orig.-Ausg., 1. Aufl., Erstdr.",2008
"Aus dem Takt","1. Auflage",2020
"Aus dem Tal",NULL,2009
"Aus dem Überseekoffer","1.0 Auflage",2022
"Aus den drei Leben eines zweimal Verstorbenen",NULL,2015
"Aus den Reben fließt das Leben","Orig.-Ausg.",2010
"Aus der Bühne des Lebens","1. Auflage",2020
"Aus der Erstarrung",NULL,2015
"Aus der Gedankenwelt eines normalen Menschen",NULL,2021
"Aus der guten alten Zeit",NULL,2020
"Aus der Kabine","1. Auflage",2016
"Aus der Mappe","1. Aufl.",2013
"Aus der Quelle der Lebensweisheit","Deutsche Erstausgabe, 1. Auflage",2016
"Aus der Reihe getanzt",NULL,2010
"Aus der Schublade","1. Auflage",2022
"Aus der Seele ...",NULL,2008
"Aus der Spiegelwelt","1. Aufl.",2012
"Aus der Traum","1. Aufl.",2014
"Aus der Welt von Fabula Ensis","1. Auflage",2022
"Aus der Zeit gefallen","1. Auflage",2020
"Aus dr Nubberschoaft",NULL,2018
"Ausdruckstanz ist keine Lösung","1. Aufl.",2011
"Aus einem alten Kräuterdorf","Erste Gesamtausgabe",2020
"Aus einem anderen Land","1. Aufl.",2008
"Aus einem kleinen toskanischen Bergdorf",NULL,2018
"Aus einem traurigen Arsch fährt nie ein fröhlicher Furz",NULL,2016
"Aus einer neuen Welt",NULL,2022
"Aus fernem Land","1. Auflage",2019
"Ausflug ins Paradies","Erste Auflage",2021
"Aus freiem Herzen","1. Auflage",2021
"Ausgedacht",NULL,2021
"Aus gegebenem Anlass: auf der Flucht",NULL,2023
"Ausgegrenzt",NULL,2017
"Ausgekippt im All","1. Aufl.",2013
"Ausgependelt",NULL,2019
"Ausgerechnet an Heiligabend",NULL,2009
"Ausgerechnet Deutschland",NULL,2019
"Ausgerechnet Tomaten ...",NULL,2021
"Ausgesprochen erotisch",NULL,2022
"Ausgetrickst bis Zwischenstopp","1. Auflage",2016
"Ausgewählte Erzählungen für die Jugend","1. Auflage",2020
"Ausgewählte Erzählungen und Kurzgeschichten - Großdruck","1. Auflage",2023
"Ausgewählte Prosa",NULL,2012
"Ausgewählte Werke","1. Aufl.",2009
"Ausgewundert","Erste Auflage",2021
"Aus Großvaters Erzählungen",NULL,2008
"Aus heiterem Himmel",NULL,2011
"Aus jüngst vergangener Zeit","1. Auflage",2019
".....aus Kinderaugen leuchtet die hohe Weihnachtszeit","1. Auflage",2021
"Auslandsdschungel",NULL,2016
"Aus lauter Liebe","Orig.-Ausg., 1. Aufl.",2013
"Aus Liebe zum Meer",NULL,2015
"Aus meiner Sicht",NULL,2013
"Ausnahmezustand im Schlaraffenland",NULL,2009
"Aus Nanies Schatzkästchen",NULL,2008
"Aus Omas Nähkästchen und Opas Geigenkasten",NULL,2012
"Aus PC und Tintenfass",NULL,2012
"Ausrasten",NULL,2021
"Ausreden",NULL,2022
"Ausschau halten nach Tigern",NULL,2011
"Aus Scherben gelesen",NULL,2008
"Aussee is a lustigs Ta°l",NULL,2013
"Außergewöhnliche Begebenheiten","1. Auflage",2023
"Aussicht",NULL,2021
"Aus Sprache",NULL,2015
"AUS TIEFSTER NOT SCHREI ICH ZU DIR","1. Auflage",2019
"Aus- und Einsichten",NULL,2008
"Auswandern","Originalausgabe",2017
"Aus_Wege","1. Auflage",2021
"Auswege ins Glück",NULL,2014
"Auszeit",NULL,2008
"Auszeit Storys","1. Auflage",2017
"Autobahn mit Raubvögeln","1. Auflage",2020
"AUTO-Biografie",NULL,2012
"Autolyse Wien",NULL,2017
"Autoren decken auf",NULL,2010
"Autos, Elstern, Lampengeister",NULL,2010
"Autosex - geil & hart","Vollständige Taschenbuchausgabe, Originalausgabe",2020
"Autsch!",NULL,2008
"Autumn of Love",NULL,2022
"Avantgarde, Chopin und frische Blumen",NULL,2014
"Avec un si léger bagage",NULL,2010
"A walk on the dark side","1. Tsd.",2008
"A wie Agapanthus, Z wie Zyklame","Orig.-Ausg.",2013
"Awwei awwer!","1. Aufl.",2008
"Axel Prahl präsentiert: Wilde Welle","Orig.-Ausg.",2014
"Azreds Buch",NULL,2010
"Baba Poem I-V","1. Auflage",2023
"Baba, wie lange fahren wir noch?",NULL,2019
"Babette postfaktisch","1. Auflage",2020
"Babo auf dem Weg","Deutsche Erstausgabe",2016
"Babytalk","1. Aufl.",2009
"Bach auf den Hund gekommen",NULL,2011
"Backbord oder Steuerbord",NULL,2014
"Background Check - Amerikanische Dichtung nach 2001","1. Aufl.",2011
"Backnang Stories 2014","1. Aufl.",2014
"Back to Life - Sammelband",NULL,2016
"Baden kann tödlich sein","Erstausgabe",2018
"Baden verboten!","1. Aufl.",2013
"Bad literature","1. Aufl.",2008
"Bad Sauerbrunn","1. Aufl.",2011
"Bad Weihnachten",NULL,2018
"Baff!",NULL,2012
"Bagatellen","1. Auflage",2016
"Bahn frei! Kartoffelbrei!","1. Aufl.",2015
"Baiana",NULL,2013
"Bald ist Ladenschluss",NULL,2021
"Bald nun ist Weihnachtszeit",NULL,2014
"Bali, Brasilien und andere Abenteuer","1. Aufl.",2009
"Balkonlesebuch","Orig.-Ausg.",2010
"Balladensch(w)atz",NULL,2022
"Ballast","1. Aufl.",2011
"Ballett mit Bestie","1. Aufl.",2013
"Balthasar's Erzählungen",NULL,2012
"Banalanga","1. Aufl.",2013
"Banalitäten des Wahnsinns",NULL,2015
"Band aus Licht","1. Auflage",2023
"Band ... der Elfenreihe",NULL,2009
"Bande meiner Kindheit",NULL,2019
"Bandits & Bitches","1., Auflage",2011
"Bäng","1. Aufl.",2013
"Bar",NULL,2008
"Barbara lächelt",NULL,2017
"Bärbel Wachholz und der weiße Tatra","1. Aufl.",2012
"Bärendienst",NULL,2021
"Bärenzart",NULL,2015
"Bärfurt am Main",NULL,2012
"Barfuß","1. Aufl.",2013
"Barfuß durch den Regen","Orig.-Ausg.",2008
"Barfuss durch die Galaxie","1. Auflage",2021
"Bärige Kurzgeschichten","1. Auflage",2022
"Bark & bite",NULL,2019
"Bärlauch","1.0. Auflage",2023
"Bärlauchzeit","1. Auflage",2019
"Barmherzig","1. Auflage",2020
"Barocke Blüte","1. Auflage",2018
"Barßeler Geschichten",NULL,2011
"Basel zwischen Himmel und Hölle","1. Ausgabe",2019
"Basilikumdrache und Schöpfungskrönchen","Originalausgabe",2016
"Bäslack","Erweiterte Fassung der Ausgabe von 2018",2021
"Bastardlieben","1. Auflage",2015
"Bathtime Stories","1. Auflage",2016
"Bauchlandung",NULL,2012
"Bauernparty und andere Geschichten aus dem Birkenland","1. Aufl.",2013
"Bauer Witthus im Jahr des Schweins","1. Auflage",2023
"Baumfänger","1. Auflage",2015
"Baumflüstern",NULL,2013
"Baumgeflüster",NULL,2009
"Baum singen",NULL,2012
"BauWerke",NULL,2015
"Bayerisches Hausbuch auf das Jahr 2022",NULL,2021
"Bayerisches Hausbuch auf das Jahr 2023",NULL,2022
"Bayerisches Hausbuch auf das Jahr 2024",NULL,2023
"Bayerisches Weihnachtsbuch",NULL,2019
"Bayrische Gschichtln",NULL,2011
"Bayrische Seeungeheuer",NULL,2017
"Beamter auf Lebenszeit","1. Auflage",2019
"Beast - gefangen & gerächt","Erste Taschenbuchausgabe",2019
"Beat des Lebens","Erstausg.",2012
"... because I love love stories",NULL,2023
"Beckmann & Freunde","1. Auflage",2014
"Beckmanns Fluch","1. Auflage",2023
"Bedenkenswert heiter, spielerisch ernst","1. Auflage",2018
"Beduftete Noten","1. Auflage",2023
"Beergast friert","1. Aufl.",2012
"Beerstein und andere Erzählungen vom Holocaust",NULL,2012
"Befernt","1. Aufl.",2014
"Befohlene Lust","1. Auflage, vollständige Taschenbuchausgabe, Originalausgabe",2021
"Before better roads",NULL,2008
"Befreien wir sie von den Hirngespinsten",NULL,2008
"Befreit und doch gefangen",NULL,2010
"Befreiung",NULL,2015
"Begegnungen","1. Aufl.",2009
"Begegnungen im Alltag und in der Fremde",NULL,2013
"Begegnungen im Garten","1. Aufl.",2008
"Begegnungen wagen",NULL,2010
"Begegnungen zwischen Russen und Deutschen",NULL,2023
"Begegnung im Schreiben",NULL,2010
"Begegnung in Paris und andere Geschichten",NULL,2012
"Begegnung mit dem göttlichen Kind",NULL,2008
"Begehre mich!",NULL,2011
"Begehre mich Baby","1. Auflage",2019
"Begierde, Mut und Fesseln","1. Auflage, vollständige Taschenbuchausgabe, Originalausgabe",2022
"Begin Again","1. Auflage",2021
"Beglücke mich!",NULL,2012
"Behalte den Flug im Gedächtnis","1. Auflage",2017
"Behalte ein freundliches Herz",NULL,2022
"Behind green eyes","Erstauflage",2022
"Bei Anruf Wort",NULL,2022
"Beichte in der Nacht und andere Geschichten von der Liebe",NULL,2008
"Beichtgeheimnisse",NULL,2018
"Bei den Brunettis zu Gast","Orig.-Ausg.",2009
"Bei den geele Riebe",NULL,2013
"Beide Sommer","1. Aufl.",2011
"Bei die Fische","1. Auflage",2023
"Bei diesem Regen","Sondered. zum 100. Geburtstag von Annemarie Schwarzenbach, 1. Aufl.",2008
"Beim Auftauchen der Himmel","1. Auflage",2017
"Beim Barras","1. Auflage",2023
"Beim Bau der chinesischen Mauer","Originalgetreuer Nachdr. der Ausg. Berlin, Kiepenheuer, 1931",2008
"Beim Dehnen singe ich Balladen","1. Aufl.",2015
"Bei mir in Zürich","1. Aufl.",2013
"Beim Vater aller Dinge","1. Aufl.",2008
"Beinahe Liebe","1. Auflage",2019
"Beinahe russische Geschichten",NULL,2011
"Beiß ihn tot, Tiger!","Erste Auflage",2017
"Bei uns auf dem Land ... und anderswo","1. Auflage",2018
"Bei Wind und Wetter","Erstaufl.",2008
"Bei Zeiten",NULL,2023
"Bekenntnisse",NULL,2020
"Bekenntnisse eines Rüpels und weitere skurrile Geschichten",NULL,2011
"Bekenntnisse eines Voyeurs",NULL,2014
"Belichtungszeit",NULL,2022
"Believe!",NULL,2011
"Bella!","1. Auflage",2018
"Bella und Paul","1. Auflage",2020
"Belletristische Literatur im Studium der Sozialen Arbeit","1. Auflage",2020
"Benedetto, der kleine blaue Engel",NULL,2010
"Benotete Düfte","1. Auflage",2021
"Benutz mich!","Orig.-Ausg., vollst. Taschenbuchausg., Aufl. 1",2012
"Beobachtet","1. Auflage, vollständige Taschenbuchausgabe, Originalausgabe",2018
"Berauscht & Besessen","Erstausg.",2013
"Berauscht Euch!","1. Aufl.",2014
"Bereit","1. Auflage",2019
"Bereit für neue Wege?!","1. Auflage",2023
"Bereitstellung",NULL,2018
"Berge","Erste Auflage",2022
"Bergers Kugel",NULL,2013
"Berggeister","1. Aufl.",2011
"Bergkameraden und andere Erzählungen",NULL,2016
"Bergkristall und andere Erzählungen",NULL,2018
"Bergler","1. Auflage",2016
"Bergmädchen","1. Auflage",2022
"Berg und Tal",NULL,2023
"Bergwärts","1. Aufl.",2012
"Bericht aus dem Zweidritteleis.",NULL,2011
"Berlin bei Nacht","Orig.-Ausg., 1. Aufl.",2013
"Berlin bewegt sich schneller, als ich schreibe",NULL,2020
"Berliner Adventskalender",NULL,2009
"Berliner Bürger*stuben","Originalveröffentlichung, Erstausgabe, 1. Auflage",2020
"Berlin ist mein Paris",NULL,2017
"Berlin mit alles","1. Aufl.",2008
"Berlin mit scharf","1. Auflage",2017
"Berner Blut","1. Aufl.",2013
"Berner Geschichten","Originalausgabe",2022
"Berner Krimis","1. Auflage",2021
"Bernhard und der Rote Riese",NULL,2019
"Bernsteinjahre","1. Auflage",2016
"Bernsteintage",NULL,2011
"Bernstein und Valencia","1. Auflage",2018
"Bernsteyn und Rose",NULL,2020
"Bernward von Hildesheim",NULL,2013
"Berufe in denen viel gebumst wird","1. Auflage, vollständige Taschenbuchausgabe, Originalausgabe",2022
"Beruf: Killer","Originalausgabe",2022
"Berühmte Erzähler und ihre Geschichten vom Wildern",NULL,2016
"Berühmte Frauen aus Chinas Geschichte",NULL,2010
"Berührende Geschichten",NULL,2014
"Berühr mich!","Orig.-Ausg., vollst. Taschenbuchausg., 1. Aufl.",2012
"Berührt, verführt, bezwungen",NULL,2017
"Berührungen",NULL,2013
"Beschädigtes Leben","1. Auflage",2019
"Beschenkt","1. Aufl.",2009
"Bescherung","1. Auflage",2017
"Beschreibung eines Dorfes","1. Aufl.",2009
"Besessen von einem Dämon","1. Aufl.",2012
"#beSINNlich","1. Auflage",2022
"Besinnliche Geschichten (1)","1. Auflage",2018
"Besinnliche Geschichten (2)","1. Auflage",2018
"Besinnliche Geschichten/Besinnliche Geschichten (3)","1. Auflage",2018
"Besinnliche Geschichten/Besinnliche Geschichten (4)","1. Auflage",2018
"Besinnliche Weihnacht",NULL,2012
"Besinnlichkeit ist aus, aber Glühwein wär noch da!","1. Auflage",2019
"Besoffene Elche und gekaufte Päpste","1. Auflage",2022
"Besondere Begegnungen","1. Auflage",2018
"Besser als Gold","1. Aufl.",2013
"Bestiae Mentis","1. Auflage",2023
"Bestiarium","Originalausgabe",2017
"Bestien","1. Auflage",2018
"Best of erotic","1. Auflage",2017
"Best of Frankenkrimis","Originalausgabe, erste Auflage",2016
"Best of ISSN' RÜDE","Großdruck, 1. Auflage",2016
"Best of ISSN' RÜDE ... und andere Geschichten*","1. Auflage",2016
"Best of Mama","Neuausg.",2013
"Best of Net-Verlag","1. Aufl.",2013
"Best of Net-Verlag 2013","1. Aufl.",2014
"Best of Passion","Dt. Lizenzausg.",2008
"Bestrafung","1. Auflage, vollständige Taschenbuchausgabe, Originalausgabe",2020
"Besuch im Westen","1. Auflage",2019
"Besuch von Drüben","1. Auflage",2022
"Bethlehems Begebenheiten",NULL,2013
"Betrachtung","1. Auflage",2019
"Betrunken","1. Aufl.",2013
"Betrunkener Frieden","Erstveröffentlichung",2023
"Betsy Berg",NULL,2012
"Bettgeflüster rechts und links der Isar",NULL,2009
"Bett-Geschichten",NULL,2015
"Bettgespräche","Orig.-Ausg., 1. Aufl., Erstdr.",2008
"Betthupferl","Vollständige Ausgabe, Originalausgabe, 1. Auflage",2023
"Bettlägerige Geheimnisse",NULL,2016
"Bett- und andere Geschichten",NULL,2008
"Between the Stories","1. Auflage",2021
"Beuys! Beuys! Beuys!",NULL,2023
"Bevor die Schatten wachsen",NULL,2008
"Bevor die Sonne untergeht","1. Auflage",2023
"Bewegende Kurzgeschichten",NULL,2016
"Bewegt","1. Aufl.",2010
"Bewegte Jahre",NULL,2022
"Bewegungsversuche",NULL,2008
"Beweisstück A. Eine a_sexuelle Anthologie","1. Auflage",2021
"Beziehungen",NULL,2009
"Beziehungskisten","1. Aufl.",2010
"Beziehungsmuster - Retsumsgnuheizeb",NULL,2015
"Beziehungsweise","1. Auflage",2022
"...beziehungsweise: Geschichten ohne Namen","1. Auflage",2018
"Beziehungsweise(n)","1. Auflage",2021
"Beziehungsweisen",NULL,2010
"Biberach lacht und schafft","1. Aufl.",2013
"Bienen oder Die verlorene Zukunft","1. Auflage",2020
"Bier","1. Aufl.",2016
"Bigoscht",NULL,2022
"Big Shots",NULL,2008
"Big Trouble",NULL,2012
"Biikebrennen","1. Aufl.",2010
"Bilder",NULL,2022
"Bilderberg bis Be Berlin",NULL,2013
"Bilderbuchboy","1. Aufl.",2013
"bilder:reise - reise:bilder",NULL,2021
"Bild mit Sprung",NULL,2021
"Bild von der Lüge","1., EA",2015
"Billy Budd","Genehmigte Taschenbuchausg., 1. Aufl.",2011
"Bindungen und andere Erzählungen",NULL,2013
"Binger Orte und ihre Geschichten","Erstauflage",2016
"Bin in Rente, ich muss gar nichts!",NULL,2023
"Biografisches und kreatives Schreiben an der Alice-Salomon-Hochschule Berlin",NULL,2015
"Biokalypse","1. Auflage",2023
"Biolatschen un Stricktüüg",NULL,2008
"Biomechanomicon",NULL,2019
"Birkenhain",NULL,2015
"... bis an die Baum-Grenze",NULL,2009
"Bis auf den Grund",NULL,2008
"Bis auf Heiteres","1. Aufl.",2012
"Bis dass das Messer schweigt",NULL,2023
"Bis der Arzt kommt","Orig.-Ausg.",2013
"Bis der Morgen graut","1. Aufl.",2008
"Bismarck-Anekdoten",NULL,2015
"Bismarcks Fahrrad","1. Aufl.",2010
"Bis nächster Tour!",NULL,2008
"Bisse","1. Auflage",2021
"Bissfest","1. Aufl.",2008
"Bist auch Du so?","1. Aufl.",2012
"Bist Du eine Lilith oder eine Eva?","1. Auflage",2021
"Bist du schon auf der Sonne gewesen?","Orig.-Ausg.",2008
"Bitte Anstand halten!","1. Auflage",2021
"Bitte, bitte, mach doch mit","1. Aufl.",2014
"Bitte Danke Schön","1. Auflage",2023
"Bitte nicht freundlich",NULL,2010
"Bitte nicht öffnen","1. Aufl.",2009
"Bitte nicht stören! Ich schreibe.","1. Auflage",2022
"Bitterböse Geschichten",NULL,2021
"Bitte recht freundlich",NULL,2011
"Bitterer Nachgeschmack","Orig.-Ausg., 1. Aufl.",2013
"Bitterkeit und Süße","1. Auflage",2023
"Bittersüße Kurzgeschichten","1. Auflage",2020
"Bittersüßer Nachtschatten","1. Aufl.",2014
"Bitte wend(t)en!",NULL,2014
"Bittken Platt rund üm den Visbeker Karktorn","1. Upplaoge",2011
"Bi wählang un blangenbi",NULL,2013
"Biwaknacht und andere Erzählungen aus den Bergen",NULL,2009
"Bizarre Erotik","1. Auflage",2022
"Bizarre erotische Geschichten","1. Auflage",2015
"Bizarre Geschichten","1. Auflage",2021
"Bizarre Geschichten/Bizarre Geschichten - Band II -","1. Auflage",2021
"Bizarre Geschichten/Bizarre Geschichten - Band III -","1. Auflage",2021
"Bizarre Geschichten/Bizarre Geschichten - Band IV -","1. Auflage",2021
"Bizarre Geschichten/Bizarre Geschichten - Band V -","1. Auflage",2021
"Bizarre Geschichten/Bizarre Geschichten - Band VI -","1. Auflage",2021
"Blackbox Marriage","1. Auflage",2021
"Black Friday – und andere Lettland-Geschichten",NULL,2016
"Black Heart","1. Auflage",2020
"Black Heart. Die Magie flüstert deinen Namen. Folgst du ihr?","1. Auflage",2021
"Black Heart Sammelband 1: Komm, ich erzähl dir ein Märchen von Gut und Böse","1. Erstauflage",2021
"Black Heart Sammelband 2: Der Palast der Träume sei ein sicherer Ort, haben sie gesagt","1. Erstauflage",2021
"Black Heart Sammelband 3: Es heißt, der König der Rebellen suche sein Herz","1. Erstauflage",2021
"Black Heart Sammelband 4","1. Auflage",2021
"Black Heart Sammelband/Black Heart Sammelband (1-4)","1. Auflage",2018
"black stories 4. Limitierte Sammler-Edition","1., Aufl.",2011
"black stories 5 nach 12 Edition","1. Auflage",2019
"black stories 7","1., Aufl.",2011
"black stories - Ab in die Kiste!","1. Auflage",2021
"black stories - Berlin","1. Auflage",2021
"black stories Bloody True Crime","1. Auflage",2023
"black stories Christmas Edition","1., Aufl.",2011
"black stories Dark Night Edition","1. Auflage",2019
"black stories - Fantasy Movies Edition","1. Auflage",2019
"black stories - Horror Movies Edition","1. Auflage",2020
"black stories - Killer Ladies Edition","1. Auflage",2019
"Black stories - Krimi-Edition",NULL,2010
"black stories Leichen, Pech & Pannen","1. Auflage",2022
"black stories - Nightmare on Christmas","1. Auflage",2020
"black stories Psycho","1. Auflage",2022
"black stories Tatortreiniger","1. Auflage",2023
"black stories - Tödliche Liebe","1. Auflage",2020
"black stories - Tödliche Party","1. Auflage",2021
"black stories - True Crime","1. Auflage",2021
"black stories Vorsicht, Verschwörung!","1. Auflage",2022
"Blackwood Sammelband/Blackwood - Zwei Scotland Yard und Magier Krimis","1. Auflage",2023
"Bladenight","Orig.-Ausg.",2011
"Blagmantelsch",NULL,2009
"Blamiere Dich täglich","1. Auflage",2022
"Blankenhorn und andere Stories","1. Auflage",2020
"Blanko Comic Buch","1. Auflage",2022
"Blasse Tage",NULL,2022
"Blattsalat","1. Aufl.",2010
"Blaue Pumps und Cappuccino","Orig.-Ausg., 1. Aufl.",2011
"Blauer Garten","1. Aufl.",2008
"Blauer Nebel",NULL,2023
"Blauer Rauch","1. Aufl.",2013
"Blaue Stunde",NULL,2023
"Blaugetaucht",NULL,2009
"Blau ist die Liebe",NULL,2011
"Blaurausch",NULL,2008
"Blaustich","1. Auflage",2022
"Bleiben Sie Schwarz-Rot-Gold","1. Aufl.",2009
"Bleiern liegt der späte Abend",NULL,2021
"Blendwerk",NULL,2012
"Blick durchs Kaleidoskop","1. Auflage, Erstausgabe",2016
"Blicke!",NULL,2023
"Blicke durch Fenster in der Zeit",NULL,2010
"Blicke in den Spiegel","1. Auflage",2020
"Blicke in die Zukunft",NULL,2012
"Blicken",NULL,2012
"Blicke und Begegnungen","1. Auflage",2020
"Blick in die Seele und darüber hinaus",NULL,2020
"Blicklichter","Erste Auflage",2020
"Blickwechsel",NULL,2009
"BlickWende",NULL,2018
"Blind Date","1. Auflage",2020
"Blinder Hass","1. Auflage",2018
"Blitzeis",NULL,2011
"Blitzsauber","Deutsche Erstausgabe",2020
"Blog.Geschichten","1. Auflage",2020
"Blondinenrettung","1. Auflage",2019
"Blondi's News",NULL,2021
"Bloß im Himmel",NULL,2018
"Bloß keinen Stress vermeiden","1. Auflage",2023
"Blues und Pistolen",NULL,2013
"Blühender Rhododendron",NULL,2008
"Blumen der Nacht","1. Auflage",2021
"Blumen für Magritte","1. Auflage",2015
"Blumen für Polefki",NULL,2023
"Blumengrüße von Herzen","Orig.-Ausg.",2010
"Blumen sind das Lächeln der Erde",NULL,2013
"Blumig erzählt",NULL,2017
"Bluntly honest - durchtriebene Gier","1. Auflage, vollständige Taschenbuchausgabe, Originalausgabe",2022
"Bluntly honest - unersättliche Gier","1. Auflage, vollständige Taschenbuchausgabe, Originalausgabe",2022
"Bluten","Originalausgabe",2019
"Blütenlese 2019","1. Auflage",2019
"Blütenlese 2020","1. Auflage",2020
"Blütenlese 2020 - Band 2","1. Auflage",2020
"Blütenträume für die Seele",NULL,2015
"Blut geleckt",NULL,2022
"Blutiger Mond über der Insel","1. Auflage",2022
"Blutkäppchen","1. Auflage",2021
"Blutkrieg","Ungekürzte Ausg., 1. Aufl.",2009
"Blutleer","1. Auflage",2018
"Blutlese",NULL,2010
"Blut - okkulte Stories","1. Auflage",2022
"Blutroter Selfkant",NULL,2009
"Blutrot und mausetot",NULL,2008
"Blutsbrüder",NULL,2015
"Blutsommer",NULL,2010
"Blutspuren im Hyperraum","1. Auflage",2023
"Blut und Bier","1. Aufl.",2008
"Blut und Liebe",NULL,2010
"Blut und Regenbögen","1. Auflage",2023
"Blut und Salbei",NULL,2023
"Blut und Worte","1. Auflage",2020
"Bock auf Verdon",NULL,2020
"Bockum-Hövel-Blues","1. Auflage",2018
"Bockwurst, ade!",NULL,2010
"Bockwurst, Eis und Jauchenauto",NULL,2011
"Boden, Kirschbaum, Bretter, Schreibtisch","1. Auflage",2017
"Bodo, die Klarinette und der tanzende Lehrer LaLa","1. Auflage",2020
"Body enhancements","1. Auflage",2023
"Bodyguard Daddies","1. Auflage",2019
"Boffski Boah, ey!","1. Auflage",2018
"Bogensprünge","1. Aufl.",2013
"Böhmen ist der Ozean",NULL,2018
"Böhmische Geschichten",NULL,2012
"Bok, bok, book",NULL,2011
"Bommel & Co.","1. Auflage",2020
"Bommelmann zum Zweiten",NULL,2010
"Bonam Noctem","1. Auflage",2021
"Bonbonheim in Barbenbronn",NULL,2021
"Bonbons von Goebbels",NULL,2009
"Bondage und mehr","1. Auflage",2016
"Bonjour Motte!","1. Auflage",2019
"BonnTastik II","1. Auflage",2019
"Bonustrack","1. Auflage",2018
"Boose-Nacht-Geschichten",NULL,2008
"Boppard","Erste Auflage",2018
"Borderline",NULL,2016
"bördeweit","1. Auflage",2019
"Bösartiges Frühstück",NULL,2014
"Boschs Vermächtnis","1. Auflage",2018
"Böse Clowns","Originalausgabe",2016
"Böse Engel","Erstausgabe",2020
"Böse Folgen",NULL,2008
"Böse Geschichte(n)",NULL,2021
"Böse Geschichten","1. Aufl.",2012
"Böse Geschichten aus dem Bergischen Land","1. Auflage",2022
"Böse Geschichten aus dem Ruhrgebiet","1. Auflage",2021
"Böse Geschichten aus Leipzig","1. Auflage",2022
"Böse Geschichten aus Thüringen","1. Auflage",2021
"Böse Geschichten aus Westfalen","1. Auflage",2020
"Böse Nacht Geschichten",NULL,2012
"Böse NachtGeschichten","1. Aufl.",2012
"Bösenachtgeschichten",NULL,2013
"Böse und versöhnlich",NULL,2022
"Boston combat","Originalausgabe",2020
"Botschaften aus der Zwischenwelt","1. Aufl.",2015
"Botschaften des Augenblicks","1. Auflage",2016
"Botschaften von den Quellen",NULL,2011
"Brainman","1. Aufl.",2009
"Brandenburgisches Hausbuch",NULL,2013
"Brandmal","Erstausgabe",2021
"Brandmeldungen","1. Auflage",2017
"Brasilienblues","Orig.-Ausg., 1. Aufl.",2013
"Bratva daddies",NULL,2020
"Brauchbare Menschen","Erste Auflage, Originalausgabe",2022
"Brauchet Sie's glei?","1. Aufl.",2010
"Brav war einmal!","1. Auflage",2022
"Break","1. Auflage",2020
"Bregenzer Saga",NULL,2013
"Breit' ich meine Flügel aus ...",NULL,2011
"Bremen 2041",NULL,2011
"Brenda & andere Geschichten & Fotografien",NULL,2016
"Brennen sollst du",NULL,2008
"Brief aus dem Meer",NULL,2012
"Briefe meiner Servas - Band 1 - Orange","1. Auflage",2014
"Brief mit Stiefmütterchen","1. Aufl.",2013
"Brieftaubengeschichten","1. Aufl.",2010
"Bringt der Weihnachtsmann auch Gurken?",NULL,2010
"Brinkmann und ich",NULL,2021
"Britta Bendixen's Künstlerpech & 13 weitere Kurzkrimis","Vollständige Taschenbuchausgabe",2016
"Brokkoli ist eine warme Farbe","1. Auflage",2023
"Bromser lernt die Liebe kennen",NULL,2022
"Brot in deiner Hand",NULL,2010
"Bruce die Fangschrecke","1. Auflage",2019
"Brüche oder Die Welt in den Novemberkeiten",NULL,2016
"Brüchige Welten",NULL,2012
"Bruchlichter",NULL,2011
"Bruchlinien","1. Auflage",2022
"Bruch-Stücke",NULL,2021
"Brückenschlag in die Ewigkeit",NULL,2023
"Bruder Klaus",NULL,2018
"Brunnbach",NULL,2013
"Brunnenstraße 3, Berlin","1. Aufl.",2011
"Buch aus Stein",NULL,2014
"Buch der bösen Träume","1. Auflage",2020
"Buch der Tagträume","1. Auflage",2017
"Bücher! Bücher!","1. Auflage",2022
"Bücher machen nicht nur Freu (n) de","1. Auflage",2021
"Bücher über die Vampirin Honor Blood/Honor Blood Sammelband","1. Auflage",2018
"Buch gegen das Verschwinden","1. Aufl.",2015
"Buch oder Bier?",NULL,2012
"Buch ohne Namen","1. Auflage",2019
"Buchpremieren Einfach Lesen","Erste Auflage",2021
"Büchsenlicht",NULL,2010
"Buchstabensuppe","1. Aufl.",2010
"Buchstabiere Gerechtigkeit und andere Geschichten","1. Aufl.",2015
"Bück dich, Genosse!",NULL,2016
"Bucket-List ohne Tabus! Unzensierte und knallharte Sexgeschichten für Frauen: Erotische Kurzgeschichten ab 18","1. Auflage",2020
"Buddhistische Kurzgeschichten","1. Auflage",2023
"Budenzauber","1. Auflage",2020
"Buenos dias ... mañana","Orig.-Ausg., Erstdr.",2011
"Bulgarischer Reigen","Erstveröffentlichung",2018
"Bumerang Mann","Erstauflage",2022
"Bündel von expliziten, schmutzigen und perversen Tabu-Erotik-Geschichten .../Tabu - Erotische Geschichten","1. Auflage",2023
"Bündner Jagderlebnisse",NULL,2008
"Bunte Augenblicke",NULL,2014
"Bunte Blätter",NULL,2010
"Bunte Blöre in‘n Wind","1. Uppl.",2010
"Bunte Geschichten","1. Auflage",2018
"Bunte Lichter","Dt. Erstveröff., 1. Aufl.",2013
"Bunte Pflaster für Seelenkratzer",NULL,2011
"Buntes Herbstgeflüster","1. Aufl.",2009
"Bunte Steine",NULL,2012
"Bunte Steine auf meinem Weg","1. Auflage",2023
"Bunte Tierwelten",NULL,2008
"Bunte Vielfalt",NULL,2008
"Buntgemischt","1. Auflage",2020
"Bunt sind schon die Wälder","Orig.-Ausg.",2008
"Bunt statt grau","1. Auflage",2019
"Bunt wie das Leben",NULL,2020
"Buongiorno","1. Auflage",2017
"Burgenbrand","1. Aufl.",2011
"Burk der Neandertaler - Wolfskönigin Ardak",NULL,2022
"Burnout Stories","Erste Auflage",2019
"Būrtrīh li-l-maut","1. Auflage",2016
"Burtscheider Halbwahrheiten","1. Auflage",2020
"Busenfreundinnen","1. Aufl.",2014
"Busenfreundschaften","1. Aufl.",2010
"Busenwunder","1. Aufl.",2014
"Business Ladys - geile Karrierefrauen","1. Auflage, vollständige Taschenbuchausgabe, Originalausgabe",2022
"Businesspläne",NULL,2008
"Café au lait",NULL,2008
"Cafe con leche","1. Aufl.",2012
"Caféhausgeschichten",NULL,2019
"Café Meridian","1. Auflage",2021
"Café noir & Under-Ground","1. Auflage",2022
"Café Olympia",NULL,2013
"Cafe Sternstein und andere Erzählungen","Orig.-Ausg.",2013
"Caitlynn","1. Auflage",2017
"Cala dell' Innamorata","1. Auflage",2023
"Calais - Dover",NULL,2012
"Call if you need me",NULL,2013
"Cambi","1. Auflage",2022
"Camilla auf meinen Füssen",NULL,2016
"Camouflage",NULL,2012
"Camus und die Eintagsfliege","1. Aufl.",2016
"Cantals Tränen",NULL,2016
"Cappuccino-Geschichten","1. Auflage",2018
"Caprice - Sex und Glamour","Orig.-Ausg., vollst. Taschenbuchausg., 1. Aufl.",2014
"Caput mortuum und andere Desaster","1. Aufl.",2012
"Cara Calla",NULL,2011
"Cardington Manor Sammelband 1-3","1. Auflage",2016
"Caríns Zwillinge","Erste Auflage",2018
"Carla's Auftrag und andere Geschichten vom Wolfsberg",NULL,2011
"Carl-Larsson: das Weihnachtsalbum",NULL,2023
"Carl Tohrberg","Neuausgabe, 1. Auflage",2017
"Carl Tohrbergs Weihnachten","1. Aufl.",2012
"Carpe diem!",NULL,2011
"Carro","1. Auflage",2021
"Casandras Familienbande","1. Auflage",2022
"Catch or die",NULL,2008
"Catparade","1. Aufl.",2014
"Catwalk",NULL,2008
"Céleste","1. Auflage",2017
"Celler Geschichte in Geschichten",NULL,2017
"Cernobyl","Originalausgabe",2017
"C'est la Vie","1. Auflage",2022
"Chacun à son goût oder Jeder nach seiner Façon",NULL,2023
"Chagall ist schuld","1. Aufl.",2009
"Chamäleons","1. Auflage",2017
"Champagner, Trüffel und Tatar",NULL,2009
"Champ & Kauline","Originalausgabe",2017
"Changes","1. Auflage",2021
"Chaos-Frauen und Macho-Männer","Originalausgabe, 1. Auflage",2011
"Chaos im Kopf","1. Erstauflage",2020
"Chaos in jung","1. Aufl.",2008
"Chaos Komplett",NULL,2016
"Chaos, Kumpel und Kasernen","1. Aufl.",2010
"Chaot","1. Auflage",2018
"Chaoten auf vier Pfoten",NULL,2019
"Charaktere gegen die Zeit","1. Aufl.",2012
"Chargé pour Soleure",NULL,2013
"Charly, bitte kommen!","1. Auflage",2017
"Chase","Deutsche Erstveröffentlichung, 1. Auflage",2020
"Cheap chops of Horror","1. Auflage",2018
"Cheeseburger","1. Auflage",2019
"Chemnitzer Stadtgeschichte_n",NULL,2019
"Chicago-Pizza","1. Auflage",2023
"Chili, Chai, Chapati",NULL,2011
"Chimären und andere Seltsamkeiten","1. Auflage",2018
"China in kleinen Geschichten","Orig.-Ausg.",2013
"China kenne ich, da war ich schon einmal","1. Auflage",2022
"Chinesische Märchen Update 1.1",NULL,2022
"Chinesische Transvestiten und andere irische Stories","1. Aufl.",2014
"Christkind kommt bald",NULL,2019
"Christkindles Blues","Originalausgabe, erste Auflage",2016
"Christkind, zünd de Kerzn o",NULL,2012
"Christmas Daddies","1. Auflage",2018
"Christnacht, Glocken, Engelslocken","1. Auflage",2018
"Christtagsfreude und Weihnachtszauber",NULL,2013
"Chroniken der Nachwelt","1. Auflage",2017
"Chroniken der Weisen","1. Auflage",2020
"Chronik von Schloss Ringenberg",NULL,2022
"Claas und Christian",NULL,2010
"Claire",NULL,2022
"Clara - das zweite Leben","Orig.-Ausg., 1. Aufl.",2012
"Clara Schumann","1. Auflage",2019
"Cleopatra und Fleischsalat","1. Auflage",2021
"Cloud City","1., Auflage",2012
"Club der jungen Götter","Orig.-Ausg., 1. Aufl.",2009
"Clubpoesie - tat.wort",NULL,2011
"Coaching",NULL,2011
"Coatlicue","1. Auflage",2019
"Coco Lavie","1. Auflage",2016
"Codename Alter Mann: Krimi Sammelband","1. Auflage",2020
"Codo","1. Auflage",2015
"Cole","1. Auflage",2019
"Collected stories",NULL,2023
"Collector","Taschenbuchausg.",2012
"Comedy Stories",NULL,2017
"Coming up to see you Mommy",NULL,2011
"Comment und cerevis","Nachdr. der Ausg. Leipzig, Unflad, 1886",2011
"Comptons Vögel","1. Aufl.",2012
"Computerdämmerung","Orig.-Ausg., 1. Aufl.",2010
"CONAN, DER PIRAT","1. Auflage",2018
"Concerto Grosso","1. Auflage",2022
"Con Dao","1. Aufl.",2011
"Connected Europe",NULL,2022
"Connie Roters' Endlich(er) Urlaub & 20 weitere Kurzgeschichten",NULL,2017
"Conny's  Freundeskreis",NULL,2012
"Conrad, der Aussteiger, und andere Geschichten",NULL,2014
"Contes","1. Auflage",2016
"Cookie und Waldemar","1. Auflage",2021
"Corona","1. Auflage",2021
"Corona Blues","1. Auflage",2021
"Coronajahr und Sanduhr",NULL,2021
"Corona-Storys","1. Auflage",2020
"Corona und andere Kurzgeschichten",NULL,2020
"Corona Zeit","1. Auflage",2020
"Coronöse Geschichten","1. Auflage",2022
"Corpus Meus","1. Auflage",2018
"Couchchaos","1. Auflage",2022
"Couchsurfen das Experiment: Wirklich ein bequemes Sofa?!","1. Auflage",2017
"Country","1. Auflage",2015
"Cowboy Western Sammelband 4012 – 4 Romane","1. Auflage",2020
"Cowboy Western Sammelband 4013 – 4 Romane","1. Auflage",2020
"Crazy in Love: Sammelband","Erste Taschenbuchausgabe",2019
"Crazy Stories",NULL,2011
"Credo al dente","1. Auflage",2017
"Credo und Testament, Himmlische Geschenke, Der Stadtstreicher und andere Erzählungen","Orig.-Ausg., 1. Aufl.",2012
"Crew aus der Vergangenheit Die Raumflotte von Axarabor – Sammelband 7 Romane","1. Auflage",2021
"Crime Fiction","1. Auflage",2020
"Crime Time - Kurzgeschichten für Regentage","1. Auflage",2021
"Cruor","1. Aufl.",2011
"Crys tale of ice, the moon and a shadow",NULL,2022
"Cuca",NULL,2021
"Cuckold Geschichten","Version 1.1",2017
"CURRICULUM","1. Auflage",2019
"Cuxhavener Geschichten",NULL,2008
"Cybäria",NULL,2022
"D9E - der loganische Krieg","1. Auflage",2018
"Da capo!",NULL,2018
"DAFÜR",NULL,2012
"Dagebliebene","1. Auflage",2019
"Da haben wir die Bescherung!","1. Auflage",2023
"Da hast du den Salat","1. Aufl.",2016
"Da haut's dem Glas die Dubbe raus","Auflage 1",2022
"Daheem","Auflage 500",2017
"Daheim und wieder da draußen",NULL,2017
"Daheim & unterwegs","1. Auflage",2016
"Daheim zwischen Nahe, Mosel und Rhein",NULL,2018
"dahinter","1. Auflage",2021
"Da ich ein Kind war",NULL,2008
"Da ist ein Riss in der Welt","Erste Auflage",2015
"Da lachen ja die Pferde","1. Auflage",2018
"Da machste nix dran!","1. Aufl.",2013
"Damals im Alpenrosendorf","1. Aufl.",2009
"Damals in der Steiermark","1. Auflage",2022
"Damals in Dresden mit nichts als dem Leben!",NULL,2009
"Damals – mein zweites Leben","1. Aufl.",2014
"Damals war ich fremd",NULL,2010
"Dame mit Fächer",NULL,2011
"Dame mit Hut","1. Auflage",2019
"Damenbart","Erste Auflage",2022
"Dame schlägt König","1. Auflage",2015
"Damgartener Anekdoten","1. Auflage",2016
"damit","1. Auflage",2021
"Dämmerschoppen","1. Aufl.",2009
"Dämmerung",NULL,2017
"Dämmrungsstücke",NULL,2019
"Dämonen III","1. Auflage",2022
"Dämonen in der Stadt - Bände 1 und 2","1. Auflage",2022
"Dämonenjagd in Freiburg","1. Auflage",2017
"Dämonenreiche","Orig.-Ausg.",2008
"Dämonenritt & 19 weitere Kurzgeschichten","Vollständige Taschenbuchausgabe",2021
"Dämonenzug","1. Aufl.",2011
"Dämon in dir","1. Aufl.",2013
"Dampfmaschinen und rauchende Colts","Dt. Erstveröff., 1. Aufl.",2014
"Dampf über Europa","Erste Auflage",2018
"Dandys","1. Auflage",2016
"Daneben",NULL,2013
"Dänen lügen nicht",NULL,2009
"Dänische Western","Orig.-Ausg.",2010
"Dankbarkeit macht das Leben leichter",NULL,2015
"Danke für die gute Zeit",NULL,2012
"Danke für dieses Leben","1. Auflage",2017
"Danke, liebe Großeltern ...",NULL,2008
"Dankeschöngeschichten",NULL,2016
"Danke, sehr aufdringlich!",NULL,2009
"Dann wird es sich zeigen, ob der Faden und die Farbe gut sind an unserem Fahnentuch","1. Auflage",2015
"Dann wurden sie noch schwärzer ...","1. Auflage",2016
"Danny",NULL,2008
"Dardesheim zwischen Fallstein und Huy","1. Auflage",2015
"Darf es etwas Meer sein?",NULL,2009
"Darf ich Dir das Sie anbieten?",NULL,2020
"Darf ich nachschenken?",NULL,2016
"Darf's sonst noch was sein?",NULL,2010
"Dark Creature",NULL,2019
"Dark Crime II",NULL,2019
"Dark Dates",NULL,2023
"Dark End","Originalausgabe, Erstveröffentlichung",2020
"Dark Journals","Auflage 1",2022
"Dark ladys night","Dt. Erstausg.",2011
"Dark Masked Nights","1. Auflage",2022
"DARK RED FATE","1. Auflage",2022
"Dark Spells","1. Auflage",2019
"Dark Spells: Sammelband","1. Auflage",2018
"Dark Stories",NULL,2010
"Dark Stories Nordsee",NULL,2011
"Darmstadt in der Barbarei",NULL,2019
"darum","1. Auflage",2022
"Darwins Schildkröte","Orig.-Ausg.",2008
"Das 17. Instrument","1. Auflage",2021
"Das Abendessen",NULL,2009
"Das Abendessen mit dem kleinen Chinesen",NULL,2014
"Das absolute Nichts","1. Auflage",2022
"Das achte Gebot","1. Auflage",2023
"Das Akkordeon","1. Auflage",2020
"Das alte Allesemer Windrad","1. Aufl.",2009
"Das alte Cello",NULL,2021
"Das Alte in Ehren halten, für das Neue leben","1. Aufl.",2010
"Das Andere","1. Aufl.",2015
"Das andere Gesicht",NULL,2013
"Das andere Weihnachten","1. Auflage",2016
"Da san mia dahoam","1. Aufl.",2015
"Das Antiquariat",NULL,2009
"Das Archiv der Geschichten","1. Auflage",2020
"Das Auflösen",NULL,2012
"Das ausgefallene Jahr",NULL,2022
"Das Auto in Rot und andere Beziehungskisten","1. Aufl.",2011
"Das avocadogrüne Känguru","1. Auflage",2018
"Das Badezimmer","1. Aufl.",2010
"Das badische Witzbüchle","1. Aufl.",2014
"Das Bananenbuch",NULL,2023
"Das Band, das uns band",NULL,2011
"Das Bärchen Much und das Märchenbuch",NULL,2017
"Das besondere Ereignis",NULL,2008
"Das beste Alter ist jetzt! - heitere Geschichten & Gedichte","1. Auflage",2019
"Das beste Geschenk von allen","1. Auflage",2022
"Das Bestiarium","1. Auflage",2020
"Das Bett der hundert Vögel",NULL,2009
"Das Bettelweib von Locarno. Anekdoten","1. Auflage",2018
"Das Bett in der Badewanne",NULL,2023
"Das bezaubernde Lächeln der Ann Ewill","1. Aufl.",2012
"Das Bild - eine Anthologie",NULL,2019
"Das bisschen Schönheit werden wir nicht mehr los","1. Aufl.",2013
"Das Blätterrauschen der Magie","1. Auflage",2020
"Das Blatt mit den Lösungen","1. Auflage",2020
"Das Blau der Frau - Kurzgeschichte eines hochfunktionalen Autisten","1. korrigierte Print Ausgabe",2021
"Das Blau der späten Stunde","1. Auflage",2015
"Das Blau des Ozeans","1. Auflage",2019
"Das blaue Boot","1. Auflage",2021
"Das blaue Kraut und andere Kurzgeschichten","1. Auflage",2017
"Das blaue Licht oder dreizehn Leben","1. Auflage",2016
"Das blaue Somali und andere Kurzgeschichten","Orig.-Ausg., 1. Aufl.",2010
"Das blaue Wunder - Out of the blue","1. Auflage",2021
"Das Blinddarm-Wochenende","1. Auflage",2020
"Das Blut der Polarlichter","1. Auflage",2020
"Das Blut der Vernunft","1. Aufl.",2011
"Das blutende Modell","1. Auflage",2022
"Das Bonus-Geheimnis und andere Geschichten aus der Business Class",NULL,2009
"Das Boot und andere Stories",NULL,2013
"Das Böse darf nicht siegen","1. Auflage",2022
"Das Böse in deiner Mitte","1. Auflage",2018
"Das Böse in mir","Originalausgabe",2018
"Das Böse kennt keine Grenzen","Erste Auflage",2018
"Das brennende Cello",NULL,2010
"Das brennende Einhorn",NULL,2023
"Das bretonische Licht",NULL,2008
"Das Bronzetor","1. Auflage",2021
"Das Buch",NULL,2012
"Das Buch danach","1. Aufl.",2014
"Das Buch der Einsamen","1. Aufl.",2012
"Das Buch der ergötzlichen Erzählungen des Bar Hebräus",NULL,2013
"Das Buch der Liebe",NULL,2019
"Das Buch der neuen Zeit","1. Aufl.",2008
"Das Buch der sieben Schreiber",NULL,2015
"Das Buch der unvollendeten Bücher und Geschichten","1. Auflage",2022
"Das Buch vom Fährmann","1. Aufl.",2015
"Das Buch vom Olli","1. Auflage",2021
"Das Buch vom Stellmacher","1. Auflage",2018
"Das Buch von Ruth","1. Auflage",2021
"Das Buch von Venedig",NULL,2016
"Das Buch zum Hessentag 2017",NULL,2017
"Das bunte Buch","1. Auflage",2020
"Das bunte Leben","Orig.-Ausg., 1. Aufl.",2012
"Das Cadvendarium - Neues aus der Wunderkammer",NULL,2020
"Das Café am Markt","1. Auflage",2020
"Das Chaos lauert überall","1. Aufl.",2013
"Das Coronaphon",NULL,2020
"DASDA","1. Auflage",2019
"Das Denken – Kurze Geschichten von vielem",NULL,2022
"Das Doppelbett des Papstes","1. Aufl.",2008
"Das Doppelleben des Harald G. ... und andere Geschichten",NULL,2010
"Das doppelte Ich","1. Auflage",2020
"Das Dorf der Frauen","Originalausgabe, 1. Auflage",2021
"Das Dorf der Nackten - freizügig und geil","1. Auflage, vollständige Taschenbuchausgabe, Originalausgabe",2021
"Das Dorf in Deinem Kopf",NULL,2013
"Das dreckige Dutzend","1. Aufl",2013
"Das dreißigste Jahr","Erste Auflage",2020
"Das dritte Ufer","1. Auflage",2019
"Das Dschungelbuch","1. Auflage",2020
"Das Duell",NULL,2018
"Das Dunkle",NULL,2016
"Das dunkle Spiel und andere Geschichten",NULL,2016
"Das Dunkle zwischen uns","1. Auflage",2023
"Das Echo der Tiefe",NULL,2014
"Das Efeublatt – Münsterländer Schollinsen","1. Auflage",2022
"Das Ehepaar und Andere",NULL,2014
"Das Eifel-Projekt","1. Auflage",2022
"D.A.S.E.I.N.",NULL,2016
"Da Sein",NULL,2008
"Dasein","1. Aufl.",2008
"Das Einhorn im Labyrinth",NULL,2018
"Das einsame Begräbnis","Deutsche Erstausgabe",2016
"Das Elfen-Mädchen",NULL,2013
"Das Ende der goldenen Zeit","1. Auflage",2015
"Das Ende der Kinderweihnacht",NULL,2022
"Das Ende wird Nabucco heißen","1. Aufl.",2014
"Das englische Puppenhaus","Orig.-Ausg., 1. Aufl.",2011
"Das Erdloch von Grimaldo","1. Aufl.",2013
"Das Erotik-Lesebuch der besonderen Orte",NULL,2021
"Das erste Gebet und andere Erzählungen","Deutsche Erstausgabe",2023
"Das erste Mal im Swingerclub",NULL,2023
"Das erste Mal: mit Toys!","1. Aufl.",2011
"Das erste Mal Parkplatz-Sex",NULL,2023
"Das erste Treffen",NULL,2023
"Das Erwachen von Grün und Feuer",NULL,2023
"Das erzählerische Werk","1. Aufl.",2012
"Das etwas andere Erste Mal",NULL,2008
"Das ewig Päpstliche zieht uns hinan","1. Aufl.",2010
"Das fatale Bündel","1. Aufl.",2008
"Das Fehlen des Flüsterns im Wind","1. Auflage",2018
"Das Fenster gegenüber","1. Auflage",2018
"Das Fenster zwischen den Welten – Unheimliche Erzählungen","1. Auflage",2022
"Das Feuerschiff","1. Auflage",2021
"Das Feuer und der Kolibri",NULL,2021
"Das find ich aber gar nicht komisch!","Orig.-Ausg.",2015
"Das Flussbad-Wunder und andere Erzählungen",NULL,2022
"Das Flüstern der Wipfel","Vollständige Taschenbuchausgabe",2023
"Das Flüstern zwischen den Zweigen","1. Aufl.",2011
"Das Fräulein","1. Auflage",2021
"Das Fräulein aus dem Wartesaal",NULL,2012
"Das fremde Mädchen","1. Auflage",2021
"Das Fresko","1. Auflage",2019
"Das Fressverhalten der Mäuse",NULL,2011
"Das Frühstücksei",NULL,2008
"Das fünfte Buch - neue Lebensläufe","1. Aufl.",2012
"Das Gedächtnis der Sanduhr",NULL,2022
"Das Gefängnis der Freiheit",NULL,2019
"Das Gefühl zu denken","Erste Auflage",2023
"Das Gegenwärtige des Vergangenen","1. Aufl.",2014
"Das Geheimnis","1. Auflage",2018
"Das Geheimnis der 7 Lotosblüten","1. Auflage",2021
"Das Geheimnis der alten Ming Vase und letzter Aufruf Afrika","1. Auflage",2018
"Das Geheimnis der Berge",NULL,2009
"Das Geheimnis der Damaszener Rose","1. Auflage",2021
"Das Geheimnis der Dessous","1. Aufl.",2015
"Das Geheimnis der Gerrard Street und andere seltsame Geschichten","1. Auflage",2023
"Das Geheimnis der Grünen Katze und 76 andere Kurzgeschichten",NULL,2023
"Das Geheimnis der Lady Belamy und andere Geschichten","1. Auflage",2019
"Das Geheimnis der Osterinsel und andere KunstKitsch-Geschichten",NULL,2022
"Das Geheimnis der Steine",NULL,2012
"Das Geheimnis der Verwegenen","1. Auflage",2018
"Das Geheimnis des alten Koffers",NULL,2014
"Das Geheimnis des Sommerbachs",NULL,2018
"Das Geheimnis des Überseekoffers","1. Auflage",2016
"Das geheimnisvolle Schloss","1. Auflage",2018
"Das Geheimnis von Studborne Abbey",NULL,2022
"Das geistliche Gespenst",NULL,2008
"Das gelbe Haus","1. Aufl.",2011
"... das Geld aus dem Fenster","1. Aufl.",2011
"Das Geld des Teufels",NULL,2009
"Das Geräusch der Stillleben","1. Auflage",2023
"Das Gericht der 1000 Sünden","1. Auflage, vollständige Taschenbuchausgabe, Originalausgabe",2023
"Das Gerüst und andere Geschichten aus Bayern",NULL,2014
"Das Geschenk der Engel",NULL,2009
"Das Geschenk des Monsieur Jacques",NULL,2018
"Das Geschenk des Sternenhimmels",NULL,2011
"Das Geschenk des Targi","1., Aufl.",2011
"Das Geschenk & Karlsbad tanzt","1. Auflage",2020
"Das Geschichtenhaus",NULL,2013
"DAS GESETZ DER WÜSTE","1. Auflage",2018
"Das Gesetz vom Fall der Körper",NULL,2013
"Das Gesetz zum Schutz der Dunkelheit",NULL,2008
"Das Gespenst mit dem Strohhut","Erste Auflage",2016
"Das geträumte Leben","1. Aufl.",2010
"Das Gewand",NULL,2020
"Das Gewicht der Seele",NULL,2009
"Das Gewitter",NULL,2011
"Das Gewitter und andere Erzählungen",NULL,2009
"Das Gewöhnliche im Leben","Originalausgabe",2018
"Das Gift der Angst","1. Auflage",2020
"Das gläserne Café",NULL,2008
"Das glaubst du ja nur","Erste Auflage",2016
"Das Glück der Melancholie",NULL,2014
"Das Glück in einer Blechdose","Orig.-Ausg.",2009
"Das Glück ist ein dämliches Grinsen",NULL,2018
"Das Glück ist eine Bohne und andere Geschichten",NULL,2021
"Das Glück ist ein Schmetterling",NULL,2014
"Das Glück ist schwarz",NULL,2015
"Das Glück mit dem Pech!","Orig.-Ausg.",2008
"Das Glück mit den Männern ... und andere Geschichten",NULL,2008
"Das Glück zwischen den Zeilen","1. Auflage",2020
"Das Glyzinienhaus",NULL,2020
"Das goldene Herz der Frau","1. Auflage",2018
"Das goldene Spiel","1. Auflage",2020
"Das Goldfisch-Komplott","1. Auflage",2015
"Das Grauen",NULL,2019
"Das grausige Hobby von Sir Joseph Londe","1. Auflage",2020
"Das große Ada-Halenza-Buch",NULL,2012
"Das große Buch vom Weihnachtsfest","Vollst. Taschenbuchausg., 1. Aufl.",2008
"Das große farbige Wilhelm-Busch-Album",NULL,2011
"Das große Katzenbuch",NULL,2009
"Das grosse Weihnachtsbuch",NULL,2009
"Das große Weihnachtsbuch","1. Auflage",2018
"Das Größte aller Tabus","1. Auflage",2022
"Das größte Geschenk",NULL,2018
"Das grüne Herz","1. Aufl.",2008
"Das Gutenberg-Konzil",NULL,2020
"Das Halbhalbe und das Ganzganze","1. Aufl.",2014
"Das Handtuch können Sie mitnehmen, aber der Fernseher bleibt hier!","Originalausgabe",2020
"Das Hängemattenbuch","Orig.-Ausg.",2011
"Das Hängemattenbuch - Geschichten von der Liebe","Orig.-Ausg.",2015
"Das Hasenpassen",NULL,2014
"Das hat er noch nie gemacht!","Deutsche Erstausgabe",2020
"Das hätte ich fast vergessen","1. Aufl.",2010
"Das hatte ich mir anders gedacht","1. Auflage",2021
"Das Hauptkommissar-Müller-Buch",NULL,2021
"Das Haus",NULL,2015
"Das Haus am Ende des Weges ...",NULL,2013
"Das Haus am Zeilenweise-Platz",NULL,2011
"Das Haus an der Brücke",NULL,2011
"Das Haus der Geschichten","1. Aufl.",2010
"Das Haus hinter dem Sumpf",NULL,2020
"Das Haus Lazarus",NULL,2020
"Das Haus mit den traurigen Augen","1. Auflage",2019
"Das Haus Nr. 83","1. Aufl.",2010
"Das Haus ohne Spiegel","1. Auflage",2014
"DAS HAUS OHNE TÜR - ERZÄHLUNGEN","1. Auflage",2019
"Das Heidenröslein",NULL,2014
"Das Heimchen zirpt - Grillentöne gereimt und ungereimt in heimischen Gedichten und Geschichten",NULL,2014
"Das heitere Frühlingsalbum",NULL,2014
"Das helle Weihnachtslicht","1. Auflage",2018
"Das Herz auf der Haut","1. Aufl.",2011
"Das Herz der Einsamkeit","1. Aufl.",2013
"Das Herz des Kaisers",NULL,2012
"Das Herz des Potts schlägt am Kanal","1. Aufl.",2012
"Das Herz hat seine Gründe",NULL,2011
"Das Herz ist das Ohr der Seele",NULL,2018
"Das Hexenhaus","1. Auflage",2021
"Das himmliche Kreuz","1. Auflage",2021
"Das Höhlenmädchen und der Höhlenmann","1. Auflage",2021
"Das Horoskop und andere merkwürdige Geschichten",NULL,2010
"Das Hosenschwein",NULL,2012
"Das Huhn auf dem Tisch","1. Auflage",2022
"Das Ich von morgen",NULL,2017
"Das Ideal","1. Aufl.",2011
"Das ist Freiheit für mich!","Originalausgabe",2019
"Das ist gegen alle Etikette","1. Aufl.",2016
"Das ist kein Berlin-Buch","1. Aufl.",2011
"Das ist noch nie passiert",NULL,2009
"Das ist so",NULL,2012
"Das ist wirklich das Allerletzte!","1. Auflage",2018
"Das Jahr der Toten",NULL,2008
"Das Kaleidoskop des weisen Händlers","1. Auflage",2017
"Das Kamel in meinem Garten und andere an den Kamelhaaren herbei gezogene Geschichten, Gedichte und Gerüchte, Briefe und Betrachtungen, Dialoge und Duette, Anklagen und Selbstbezichtigungen, Enthüllungen und Geheimtipps über mich und meine Vorfahren, über die Frauen, die Kinder, die Mäuse, den goldenen Gartenzwerg und die Welt",NULL,2008
"DAS KÄNGURU AUF DEM DACH","1. Auflage",2018
"Das Kaninchen und der Stein",NULL,2012
"Das Kind","1. Auflage, genehmigte Taschenbuchausgabe",2023
"Das Kind am Himmel","Orig.-Ausg.",2008
"Das kirschrote Stirnband",NULL,2022
"Das Klagen der Hyänen","1. Auflage",2021
"Das Klassentreffen","1. Auflage, vollständige Taschenbuchausgabe, Originalausgabe",2021
"Das Klassentreffen und andere Geschichten",NULL,2023
"Das kleine Abendbuch",NULL,2013
"Das kleine Buch des Dankes und Dankens","Erste Auflage",2022
"Das kleine Buch für Autoverrückte",NULL,2016
"Das kleine Buch vom Osterlachen",NULL,2023
"Das kleine Dummerle","1. Aufl.",2013
"Das kleine Glück für dich",NULL,2022
"Das kleine Glück im großen Alltag",NULL,2020
"Das kleine Gold","1. Auflage",2021
"Das kleine Kölsch das fliegen kann",NULL,2021
"Das kleine Selbst","Ungekürzte Taschenbuchausg., 1. Aufl.",2009
"Das kleine Vögelchen Piep - Kurzgeschichte eines hochfunktionalen Autisten","1. korrigierte Print Ausgabe",2021
"Das Kloster am Deich",NULL,2022
"Das Kloster am Deich II",NULL,2022
"Das Kloster am Deich III",NULL,2023
"Das Klümpchensglas und andere Geschichten aus der Eifel",NULL,2012
"Das Kneipenbuch - lustige Geschichten rund um die Kneipe","1. Auflage",2020
"Das Knie braucht Luft",NULL,2018
"Das Knie trifft nicht die Magengrube","1. Aufl.",2015
"Das kommt mir spanisch vor","Erstveröffentlichung, Erste Auflage",2022
"Das Körperalphabet","1. Aufl.",2011
"Das kosmische Spiel und 18 weitere SF-Geschichten","1. Aufl.",2014
"Das Krankenhaus am Ende der Stadt","1. Aufl.",2012
"Das Kreuz mit den Tafeln",NULL,2008
"Das Krimi-Potpourri","1. Auflage",2022
"Das Krippen-Casting","1. Auflage",2019
"Das Krokodil und der Pharao",NULL,2012
"Das kuhäugige Kamel","1. Auflage",2018
"Das Ku (h) riosum",NULL,2016
"Das Kumo-Kartell","Vollständige epub-to-Print-Ausgabe, 1. Aufl.",2016
"Das kunterbunte Weihnachtsbuch",NULL,2020
"Das Kurzgeschichten Universum","1. Auflage",2023
"Das Labyrinth","1. Auflage",2019
"Das Labyrinth und andere Kurzgeschichten",NULL,2012
"Das Lächeln der Erinnerung","1. Auflage",2022
"Das Lächeln der Galionsfigur","1. Auflage",2020
"DAS LÄCHELN DER MONA LISA BEI NACHT","1. Auflage",2018
"Das Lächeln des Himmels","Auflage 1500",2011
"Das Lächeln des Schnabeltiers","1. Auflage",2018
"Das Lächeln von Llucmajor",NULL,2021
"Das Lachen im Hals","1. Auflage",2016
"Das Lachen meines Vaters",NULL,2014
"Das Lachseminar",NULL,2014
"Das Lamm und sein Richter","1. Aufl.",2012
"Das lautlose Rinnen der Zeit","Erste Auflage",2014
"Das Leben als Konjunktiv",NULL,2015
"Das Leben anderer Leute",NULL,2012
"Das Leben an sich … und überhaupt",NULL,2011
"Das Leben auf dem Lande",NULL,2011
"Das Leben besteht aus Kurzgeschichten","1. Aufl.",2010
"Das Leben blüht für dich","1. Auflage",2018
"Das Leben - das Sterben",NULL,2010
"Das Leben der Dinge",NULL,2009
"Das Leben, der Tod und die Inseln des Glücks",NULL,2011
"Das Leben - ein Maskentanz durch die Zeit",NULL,2013
"Das Leben erzählt die schönsten, aber auch die unglaublichsten Geschichten","1. Auflage",2021
"Das Leben geht heiter",NULL,2022
"Das Leben – Geschichten aus der Wirklichkeit",NULL,2022
"Das Leben im Leben ...","1. Aufl.",2010
"Das Leben ist besser als sein Ruf","Vollständige Taschenbuchausgabe, 1. Auflage",2016
"Das Leben ist doch lebenswert",NULL,2009
"Das Leben ist ein Angelteich","1. Auflage",2020
"Das Leben ist eine Achterbahnfahrt",NULL,2019
"Das Leben ist eine Zicke","1. Auflage",2018
"Das Leben ist ein Kabarett",NULL,2008
"Das Leben ist ein Märchen",NULL,2012
"Das Leben ist ein Maskenball","1. Auflage",2018
"Das Leben ist ein Ponyhof",NULL,2015
"Das Leben ist ein Ponyhof! Erst macht man Mist, dann kuckt man doof!","Erstausgabe",2021
"Das Leben ist ein Ringelspiel","1. Auflage",2022
"Das Leben ist ein Schraubendampfer","1. Auflage",2023
"Das Leben ist keine Kunst","1. Auflage, Taschenbuchausgabe",2017
"Das Leben ist kein Luftballon!",NULL,2014
"Das Leben ist kein Weichspülmittel","Erstveröff.",2013
"Das Leben ist köstlich",NULL,2012
"Das Leben ist schwer wie Sau",NULL,2016
"Das Leben ist so schön!",NULL,2021
"Das Leben ist soso","1. Aufl.",2013
"Das Leben ist Wahnsinn ... aber auch schön",NULL,2020
"Das Leben ist wie ein Buch",NULL,2008
"Das Leben ist wie ein Pfirsich",NULL,2023
"Das Leben lernen",NULL,2008
"Das Leben lieben, trotzdem!",NULL,2008
"Das Leben prickelt wunderbar",NULL,2023
"Das Leben schätzen lernen",NULL,2021
"Das Leben schreibt Geschichten",NULL,2013
"das leben - sehr persönlich betrachtet","1. Auflage",2017
"Das Leben so schön, so gemein, so gefährlich",NULL,2021
"Das Leben und dazu eine Katze",NULL,2019
"Das Leben und Schlimmeres","Orig.-Ausg.",2011
"Das Leben zwischen den Stürmen",NULL,2023
"Das leise Ticken der Sonnenuhr",NULL,2019
"Das letzte Abendrot",NULL,2010
"Das letzte Date",NULL,2016
"Das letzte Frühstück","1. Aufl.",2011
"DAS LETZTE VIERTEL","1. Auflage",2023
"Das Leuchten der Bäume","Originalausgabe",2017
"Das Leuchten der Weihnacht","1. Auflage",2022
"Das Leuchten dieses Tages","1. Auflage",2022
"Das Leuchten unter dem Eis","Orig.-Ausg.",2009
"Das Licht am zweiten Morgen","1. Auflage",2023
"Das Licht auf der Mauer",NULL,2015
"Das Licht der Flammen auf unseren Gesichtern","1. Aufl.",2013
"Das Licht im Spiegel",NULL,2010
"Das Licht von Zauche",NULL,2015
"Das Liebenswerte am Kriminellen",NULL,2019
"Das Lied der triumphierenden Liebe","1. Aufl.",2011
"Das literarische Buch der Bäume",NULL,2016
"Das literarische Gartenbuch",NULL,2014
"Das literarische Orchester",NULL,2021
"Das Loch in der Hosentasche","1. Auflage",2019
"Das Loch in der Wand",NULL,2014
"Das lodernde Feuer","Orig.-Ausg.",2012
"Das Logo-Buch",NULL,2008
"Das Lotto-Ritual","Originalausgabe",2023
"Das Ludwig-Richter-Frühlingsalbum",NULL,2008
"Das Luxusgoldzimmer","1. Auflage",2015
"Das macht mich froh",NULL,2014
"Das Mädchen an der Knopflochmaschine",NULL,2018
"Das Mädchen aus Ostberlin",NULL,2013
"Das Mädchen, der Luftballon und der Mond",NULL,2016
"Das Mädchen im Walnussbaum",NULL,2017
"Das MädchenInternat","1. Auflage, vollständige Taschenbuchausgabe, Originalausgabe",2023
"Das Mädchen mit dem roten Koffer und andere unglaubliche Geschichten","1. Aufl.",2015
"Das Mädchen und die Zikade","1. Aufl.",2012
"Das Mädchen vom Felsriff","1. Aufl.",2008
"Das Mailäuten",NULL,2008
"Das Märchentor","1. Aufl.",2014
"Das Märchen von der Elfe",NULL,2019
"Das Meckern der Pferdekopfgeige",NULL,2010
"Das Meer in Erwartung der Schwimmer","1. Aufl.",2010
"Das Meerschweinchen im Kartoffelsalat",NULL,2010
"Das Meer und ich waren im besten Alter","1. Auflage",2017
"Das Meisterduo","1. Auflage",2019
"Das merkwürdige Leben auf dem Lande und anderswo",NULL,2015
"Das Messer",NULL,2018
"Das metaphysische Café und andere Wahrheiten","1. Auflage",2018
"Das Mietshaus des Schreckens","1. Aufl.",2008
"Das Mirakelbuch","1. Aufl.",2012
"Das Missverständnis",NULL,2022
"Das Museum der zerbrochenen Beziehungen","Deutsche Erstausgabe, 1. Auflage",2018
"Das müssen wir nicht mehr haben!","1. Aufl.",2008
"Das Muttermal auf der Haut der Einsamkeit","1. Auflage",2023
"Das mysteriöse Sammelsurium","1. Auflage",2021
"Das nächtliche Begräbnis des William Clarke",NULL,2023
"Das Nachtpfauenauge","Nachdr.",2013
"Das Nachttisch-Buch",NULL,2013
"Das nackte Grauen","Originalausgabe",2018
"Das Narrenschiff - keine Avantgarde",NULL,2010
"Das Nebelrad","1. Auflage",2017
"Das Negligé und andere Erzählungen","Originalausgabe",2019
"Das Nest","1. Aufl.",2011
"Das neue kleine Buch vom Osterlachen",NULL,2023
"Das Neunuhrglöcklein von Schaffhausen","1. Auflage",2022
"Das nicht Greifbare","1. Erstauflage",2018
"Das nie erreichte Ende der Welt","1. Aufl.",2014
"Das Nomadenmädchen und die Alte Méabh",NULL,2023
"Das Nonplusultra erleben","1. Auflage",2016
"Das öde Land und andere Geschichten vom Ende der Welt","Deutsche Erstveröffentlichung, 1. Auflage",2015
"DAS OFFENE GRAB","1. Auflage",2021
"Das Opfer. Unbekannte Erzählungen","1. Auflage",2018
"Das Paradies Oberhavel","Erstaufl.",2009
"Das perfekte Paar",NULL,2020
"Das Pfeifen im Ofen",NULL,2013
"Das Pflaster","1. Auflage",2018
"Das Pizza-Gorgonzola-Feeling",NULL,2008
"Das Plagiat","Zweite Auflage",2015
"Das Plejadenquartett",NULL,2010
"Das poetische Werk","Orig.-Ausg., 1. Aufl.",2011
"Da sprang er in den Ätna",NULL,2011
"Das Privileg der Außenseiter","1. Auflage",2023
"Das Protokoll und andere Erzählungen",NULL,2014
"Das Puppenhaus und andere Kurzgeschichten",NULL,2008
"Das Puzzle des Lebens","Erstauflage",2016
"Das Rad schläft",NULL,2013
"Das Rätsel eines Tages und andere surreale Geschichten",NULL,2011
"Das Rauschen der Tage",NULL,2014
"Das Regenbogenschüsselchen",NULL,2008
"Das Reh in der Dachlawine","1. Aufl.",2012
"Das Reich der Nekromanten",NULL,2008
"Das Reisen zwischen dem Licht",NULL,2009
"Das Riesen Urlaubsbuch der 204 heiteren Kurzgeschichten","1. Auflage",2020
"Das rosarote Hotel",NULL,2016
"Das rote Bonbon","1. Auflage",2021
"Das rote Haus","1. Auflage",2020
"Das rote Sofa",NULL,2013
"Das rote Tuch","1. Auflage",2021
"Das Rumoren am Rande der Ereignisse","1. Aufl.",2013
"Das Rumpsteak und der Dalai Lama","Originalausgabe",2018
"Das russische Mädchen und andere Erzählungen",NULL,2020
"Das schachspielende Chamäleon","1. Auflage",2019
"Das Scheitern geht weiter oder: Die Ohnmacht des Narren",NULL,2010
"Das Schicksal der Elbenkinder: Elbenkinder Band 4-7: Fantasy Sammelband","1. Auflage",2020
"Das Schicksal Wallensteins","1. Auflage",2023
"Das Schiff, das nie hätte gebaut werden dürfen","1. Auflage",2017
"Das schlagende Herz Ottos IV. Graf von Hoya oder Die Walpurgisnacht auf dem Huckberg","1. Auflage",2019
"Das Schlangentor",NULL,2009
"Das Schloss",NULL,2022
"Das schmerzhafte Weihnachtsglück des Landherrn Rodriguez de Cavalho und andere Erzählungen zur Weihnachtszeit","1. Aufl.",2013
"Das Schmusekätzchen und andere Geschichten",NULL,2013
"Das schnellste Hotel der Welt","1. Auflage",2019
"Das schönste Fest",NULL,2022
"Das schönste Fest im Jahr",NULL,2008
"Das schönste Geschenk","1. Auflage",2018
"Das schönste Geschenk - Geschichten rund um die Liebe","1. Auflage",2021
"Das schönste Weihnachtsfest","1. Auflage",2017
"Das schreckliche Zebra",NULL,2021
"Das Schreibkarussell",NULL,2014
"Das Schulmädchen",NULL,2011
"Das schwarze Holz","1. Auflage",2017
"Das schwarze Schwert","1. Auflage",2017
"Das Schweigen der Agenda",NULL,2023
"Das Schweigen der Gedanken",NULL,2022
"Das Schwein hat blaue Augen",NULL,2016
"Das Schwein vom Dienst","Orig.-Ausg.",2008
"Das Sechs-A-Team - Frauen erschaffen Geschichten","1. Auflage",2021
"Daß einer gestorben ist, heißt nicht, daß einer gelebt hat","1. Auflage",2020
"Das selbst wachsende Buch des Baba",NULL,2015
"Das seltsame Gasthaus in Moate",NULL,2023
"Das Sexhaus der Wollust","1. Auflage, vollständige Taschenbuchausgabe, Originalausgabe",2023
"Das SexLabor","1. Auflage, vollständige Taschenbuchausgabe, Originalausgabe",2021
"Das siamesische Klavier","Genehmigte Taschenbuchausg., 1. Aufl.",2012
"Das Silvesterbuch","1. Aufl.",2013
"Das sind die Fans und ihre Geschichten: SG Flensburg-Handewitt",NULL,2016
"Das sind so Geschichten",NULL,2018
"Das Skelett im Lehnstuhl","1. Aufl.",2011
"Das Slamperium schlägt zurück","1. Aufl.",2014
"Das Sofa beim Waldstein","1. Auflage",2020
"Das Sonnengeheimnis und andere Geschichten, die Licht schenken",NULL,2018
"Das Sonntagskind",NULL,2015
"Das späte Mädchen",NULL,2018
"Das Spiel des Wassers","1. Aufl.",2008
"Das Staunen der Kinder","1. Aufl.",2008
"Das steinerne Kaleidoskop","1. Auflage",2021
"Das steinerne Schiff","Erstausg.",2008
"Das System der Äpfel","1. Aufl.",2011
"Das Tafelzimmer Gottes","1. Auflage",2022
"Das Tanklöschfeuerzeug",NULL,2019
"Das Tartufo in der Badewanne","1. Auflage",2022
"Das Taschentuch","1. Auflage",2019
"Das Täubchen, das den Igel küssen wollte",NULL,2020
"Das Tor und der Tod",NULL,2016
"Das Tor zu den Traumländern - Unheimliche Erzählungen","1. Auflage",2023
"Das Trabi-Denkmal und andere deutsche Geschichten","Erw. und verb. Ausg., 1. Aufl.",2013
"Das träumende Einhorn und viele andere Geschichten zum Lesen und Vorlesen",NULL,2009
"Das träumende Mädchen",NULL,2019
"Das Treffen in Brakel","Erstausg.",2010
"Das trojanische Klavier","1. Auflage",2021
"Das T-Shirt meiner Frau","1. Aufl.",2014
"Das ultimative Risotto und andere wichtige Dinge im Leben",NULL,2019
"Das Umrühren des Weihnachtspuddings",NULL,2023
"Das Unbegreifliche der Katzenwege ... und andere Erzählungen","1. Aufl.",2015
"Das Unheil geschehe","1. Auflage",2018
"Das unheilvolle Niesen",NULL,2017
"Das unheimliche Haus",NULL,2023
"Das unselige Vermächtnis","1. Auflage",2016
"Das unsichtbare Band","Deutsche Erstausgabe, Originalausgabe",2021
"Das unsichtbare Mädchen","1. Auflage",2023
"Das Unvollendete","1. Auflage",2023
"Das Urteil","Orig.-Ausg.",2008
"Das Urteil und andere Erzählungen",NULL,2008
"Das Verbrechen wohnt gleich nebenan","1. Auflage",2019
"Das Verlangen der Lustsklavinnen","1. Auflage, vollständige Taschenbuchausgabe, Originalausgabe",2023
"Das verlorene Gesicht","1. Auflage",2017
"Das verräterische Herz und andere Erzählungen von der Vils","1. Auflage",2016
"Das Versagen der Pahdora",NULL,2023
"Das Verschwinden der Eislers","1. Auflage",2015
"Das verschwundene Altarkreuz",NULL,2013
"Das verschwundene Manuskript und andere Geschichten","1. Auflage",2019
"Das vierte zerbrochene Glas",NULL,2022
"Das Violoncello",NULL,2011
"Das Vorlesebuch für Demenzkranke",NULL,2013
"Das Wandern ist der Kinder Lust","1. Auflage",2016
"Das war ich nicht, das waren die Hormone!","1. Aufl.",2010
"Das war ja klar","1. Aufl.",2011
"Das wärmende Licht","1. Auflage",2019
"Das Wasser des Lebens",NULL,2022
"Das Wasser des Pazifiks","1. Auflage",2016
"Das Wasserloch in der Wüste","1. Aufl.",2009
"Das weibliche Element",NULL,2012
"Das Weihnachtsbaby wird gerettet",NULL,2013
"Das Weihnachtsgeschenk",NULL,2008
"Das Weihnachtskamel und andere Geschichten",NULL,2016
"Das Weihnachtskind","1. Auflage",2020
"Das Weihnachtskind und andere Erzählungen","1. Aufl.",2011
"Das Weihnachtsschaf","1. Auflage",2016
"Das Weihnachtswunder",NULL,2008
"Das Weiße im Auge",NULL,2021
"Das weisse Meer",NULL,2011
"Das Weißwurstfrühstück und andere Sauereien",NULL,2011
"Das Werk",NULL,2011
"Das Wesen wartet bei den Mähdreschern ; Geschichten aus der Grauzone",NULL,2018
"Das Weserschwein am Weserstein...",NULL,2016
"Das Wetter hat viele Haare",NULL,2017
"Das wilde Leben","1. Aufl.",2012
"Das Wildschwein im Himmelbett",NULL,2017
"Das Wildtaubenpaar","1. Auflage",2022
"Das wird ein Fest",NULL,2010
"Das Wort kennt keine Zeit","1. Auflage",2015
"Das wunderbare Drachenbuch","Originalausgabe, ungekürzte Ausgabe",2012
"Das Wunderbare ist so nah",NULL,2014
"Das Wunder findet nicht statt",NULL,2020
"Das Wunder Österreich",NULL,2014
"Das Wunder steckt in der Weihnachtstüte und weitere wahre Erzählungen",NULL,2014
"Das Wunder von Bernd","Orig.-Ausg., 1. Aufl.",2014
"Das Zeitalter der Karotten","1. Auflage",2021
"Das Zeitschiff der Tannari",NULL,2011
"Das zerbrochene Mädchen und andere Erzählungen","Dt. Erstveröff., 1. Aufl.",2011
"Das zerfallende Glück","1. Auflage",2017
"Das Zimmerchen und 16 weitere fein gesponnene Geschichten seltsamer Art",NULL,2017
"Das zweite Leben","1. Auflage",2021
"Das zwischen Männern und Frauen","Originalausgabe, 1. Auflage",2017
"Dat fängt in Kopp an","1. Auflage",2017
"Dat gaiht doch glatt bitau","1. Auflage",2017
"Dat Harze bubbert",NULL,2013
"Dat Siegerland",NULL,2010
"Dat wor et dann ...","1. Auflage",2018
"Dauergast in Darjeeling","1. Aufl.",2014
"Dauernd is irgendwas","1. Aufl.",2011
"Davon schwimmen",NULL,2015
"Da war doch noch was","1. Auflage",2019
"Da, wo ich herkomm","1. Auflage",2017
"Da Woid is mei Hoamat",NULL,2008
"Dead End","1. Auflage",2017
"Deadly running","1. Auflage",2020
"Death Jokers Motorcycle Club","1. Auflage",2021
"Death Mirror","1. Auflage",2019
"Decisions of Love - Band 1 und 2",NULL,2023
"Decisions of Love - Band 3 und 4",NULL,2023
"Deck mich zu, wenn du fertig bist","1. Auflage",2023
"Deer driif en heef foont sööden jurt",NULL,2017
"De Freggerd",NULL,2008
"De gesungene Speisekart",NULL,2009
"De Gewinn",NULL,2009
"De Hunsrick is mei Welt",NULL,2022
"Dein Alter ist kaum in Torte zu fassen",NULL,2023
"Dein bestes Alter ist jetzt!",NULL,2022
"Deine Gier kennt keine Grenzen","1. Auflage, vollständige Taschenbuchausgabe, Originalausgabe",2023
"Deinen Schlägen ergeben","1. Auflage, vollständige Taschenbuchausgabe, Originalausgabe",2018
"Deiner Dominanz ergeben","1. Auflage, vollständige Taschenbuchausgabe, Originalausgabe",2023
"Deine Schmerzen, unsere Lust","1. Aufl.",2012
"Deine Stimme hing in den Bäumen",NULL,2008
"Dein gieriges Verlangen","1. Auflage, vollständige Taschenbuchausgabe, Originalausgabe",2023
"Dein heißes Verlangen","1. Auflage",2020
"Dein ist mein ganzes Herz","Originalausgabe",2019
"Dein Klang in mir","1. Auflage",2018
"Dein Körper - meine Regeln","1. Auflage, vollständige Taschenbuchausgabe, Originalausgabe",2023
"Dein Schatten tanzt in der Küche","1. Auflage",2021
"Dein wildes Verlangen","1. Auflage, vollständige Taschenbuchausgabe, Originalausgabe",2022
"Dein Wort in Gottes Ohr",NULL,2012
"Déjà-vu","1. Auflage",2020
"Dekamerone","1. Auflage",2020
"De Kuckuck röppt all wedder",NULL,2009
"Delikate Geschichten",NULL,2010
"Delikt und Sühne",NULL,2014
"Deltaland",NULL,2023
"Dem Dichter sein Richter","Taschenbuchausg., 1. Aufl.",2014
"Demenz-Anekdoten und Cartoons zum Schmunzeln","1. Auflage",2018
"Dem Fröhlichen schlägt keine Stunde",NULL,2016
"Dem Garten Eden abgeschaut, Mensch und Landschaft, Gedichte und Grafiken","1. Auflage",2018
"Dem guten Tag flieht nie die Nacht","1. Aufl.",2013
"Dem Kölnbarde sing Krätzcher","1. Aufl.",2012
"Dem Leben begegnen","1. Aufl.",2011
"Dem Leben nachgezeichnet","1. Aufl.",2012
"Dem Leben und dem Wind abgelauscht","1. Auflage",2019
"Dem Mensch sein bester Kumpel","1. Aufl.",2012
"Demolition Derby",NULL,2023
"Dem Otto sein Leben von Bismarck","Orig.-Ausg.",2015
"Demütig","1. Aufl.",2008
"Den Bach rauf",NULL,2009
"Den Bach runter",NULL,2009
"Den Faden aufnehmen","1. Aufl.",2009
"Denke an mich",NULL,2019
"Denken mit dem Knie und andere fast wahre Geschichten",NULL,2008
"Denken wir uns",NULL,2008
"Denk ich an den Bodensee ...",NULL,2015
"Denk ich an früher ...",NULL,2017
"Denk ich an Weihnachten im April",NULL,2010
"Den Letzten küssen die Hunde",NULL,2012
"Den Löwenzahn zermalmt nicht die Kesselpauke oder Hinwendung zur Geborgenheit",NULL,2018
"Den Mond einfangen","1. Aufl.",2012
"Den Musil spreng ich in die Luft",NULL,2011
"... denn das Leben erzählt die seltsamsten Geschichten","1. Auflage",2023
"Denn die Liebe hört niemals auf",NULL,2009
"Denn ich bin ihre Mutter",NULL,2014
"Denn ich kann dich nicht begleiten",NULL,2021
"Denn im Herzen bin ich immer noch jung",NULL,2012
"„... denn jetzt hat meine Sehnsucht Bilder“",NULL,2010
"...denn morgen war auch noch ein Tag","1. Auflage",2021
"Denn unser Leben ist tierisch lustig","1. Aufl.",2014
"Den Schwarzwald im Rücken",NULL,2010
"Den Tag entlang",NULL,2011
"Den Wandel durchleben und Gott vertrauen",NULL,2020
"Den Wellen gegenüber","1. Auflage",2019
"de occultis - Die Kurzgeschichten","1. Auflage",2022
"De oole Eekboom oder die alte knorrige Eiche am Wegesrand",NULL,2010
"De Paster kummt","1. Aufl.",2008
"De platte Wiehnachtsmann","1. Ausg.",2008
"Deppentango",NULL,2018
"Deputy Dread und andere Geschichten",NULL,2017
"Der 7. September - ein Tag in der Geschichte der Familie Gregor","1. Auflage",2022
"Der Abgeordnete",NULL,2012
"Der abgetrennte Kopf",NULL,2012
"Der achtzigste Geburtstag",NULL,2012
"Der Affe mit der Gießkanne",NULL,2023
"Der Aldler Peterl",NULL,2014
"Der Alltag birgt Geschichten, die muss man einfach dichten!",NULL,2010
"Der Alltag ist makaber","1. Auflage",2015
"Der alltägliche Schiller","1. Aufl.",2009
"Der alltägliche Wahnsinn",NULL,2010
"Der Alltagsengel",NULL,2010
"Der Altar des Wahnsinns und andere Erzählungen",NULL,2022
"Der alte Friedhof",NULL,2014
"Der alte Hund",NULL,2017
"Der alte Kater oder Mein Leben als Single wider Willen","Originalausgabe",2020
"Der alte Mann in den Bergen",NULL,2017
"Der alte Mann und die Glatt",NULL,2014
"Der Altenpfleger","1. Aufl.",2011
"Der Altersweise",NULL,2012
"Der alte Schuppen und andere Geschichten","1. Auflage",2022
"Der alte Strom muss raus!","1. Aufl.",2013
"Der alte Tinus und die Magie der Runen","1. Auflage",2019
"Der Alte vom Müssenberge und andere Geschichten",NULL,2017
"Der alte weiße Mann",NULL,2021
"Der Ameisengott und zwei andere Erzählungen","Erste Auflage",2018
"Der Analphabet und der Menschenretter","1. Auflage",2020
"Der Andere","1. Aufl.",2008
"Der andere Ort - und weitere Kurzgeschichten",NULL,2013
"Der Anfang","1. Aufl.",2011
"Der Anrufabschrecker und seine lustigen Geschichten","1. Aufl.",2009
"Der Anti-Struwwelpeter","Neuausg.",2009
"Der Antrag","1. Auflage",2020
"Der Apfel auf dem Tisch","1. Auflage",2016
"Der Apfelbaum im Schnee",NULL,2012
"Der Apfel ... c'est si bon ... biss nin",NULL,2013
"Der Apfel fiel aus Venus' linker Hand","Erste Auflage",2015
"Der Apfelkönig und andere Geschichten",NULL,2011
"Der aphrodisiasche Ton",NULL,2015
"Der Arsch auf dem Sessel","Orig.-Ausg.",2008
"DER ATEM DER SONNE","1. Auflage",2023
"Der Atemzug vor dem Schrei","1. Auflage",2018
"Der Auftragsmörder & und andere reizende Leute","1. Auflage",2022
"Der Augsburger Kreidekreis und andere Erzählungen",NULL,2020
"Der Auserwählte","1. Auflage",2020
"Der Außerirdische",NULL,2022
"Der Autostopper","1. Aufl.",2014
"Der Babysitter und andere Geschichten","1. Auflage",2018
"Der Bach, der aus dem Wasser wollte","1. Auflage",2023
"Der Bäcker im Berg",NULL,2011
"Der Baron","1. Auflage",2020
"Der Basilikumdrache","1. Aufl.",2011
"Der Bauchfleckmeister",NULL,2014
"DER BAUCH MEINER SCHWESTER - EIN PERFEKTES PAAR - DIESES JÄHE VERSTUMMEN","1. Auflage",2017
"Der baumelnde Storch","1. Auflage",2019
"Der bayerische Jack the Ripper","1. Auflage",2018
"Der beflügelte Kaktus","Auftr.-Veröff.",2014
"Der Beginn","Vollständige epub-to-Print-Ausgabe, 1. Aufl.",2016
"Der Begleiter","Erste Auflage",2015
"Der bengalische Flip-Flop","Dt. Erstausg., 1. Aufl.",2013
"Der Berg der Vergessenheit","1. Aufl.",2013
"Der besoffene Geist und andere Geschichten","1. Auflage",2021
"Der Besserer","1. Auflage",2017
"Der beste aller Männer","Orig.-Ausg., 1. Aufl.",2008
"Der beste Fisch vom Schauspielhaus","1. Auflage",2021
"Der beste Staat",NULL,2018
"Der Besuch der Mutter","1. Auflage",2021
"Der Besuch und andere Erzählungen","Originalausgabe",2019
"Der betrogene Erbschleicher","1. Aufl.",2008
"Der Bettler, der Glück bringt","1. Aufl.",2012
"Der BildungsStruwwelpeter","1. Aufl.",2010
"Der blaue Hahn und andere kurze Geschichten","Orig.-Ausg., 1. Aufl.",2013
"Der blaue Hugo",NULL,2013
"Der blaue Lift","1. Auflage",2023
"Der blaue Schuhkarton","1. Aufl.",2014
"Der blaue Stuhl und andere Geschichten","1. Aufl.",2012
"DER BLECHSTERN","1. Auflage",2020
"Der Blick aus dem Fenster",NULL,2015
"Der Blick aus dem Küchenfenster","1. Auflage",2022
"Der Blick der Liebe","1. Auflage",2023
"Der Blick der Wenqian Chi","1. Auflage",2023
"Der Blick des Leguans",NULL,2017
"Der Blick in den Spiegel offenbart die kosmische Mutter","1. Auflage",2020
"Der Blinde hat ein Auge und ist König",NULL,2020
"Der blinde Tenor",NULL,2012
"Der Blinde und der Elephant","1. Auflage",2017
"Der Blumenschreck","1. Aufl.",2010
"Der Bonbonmann",NULL,2011
"Der böse Mensch","Erste Auflage",2017
"Der Bourbon des Grafikers","1. Auflage",2019
"Der brennende Adventskranz","1. Aufl.",2011
"Der Brillenbaum",NULL,2010
"Der Büchernarr und andere Geschichten","1. Auflage",2017
"Der Buckelspringer","1. Aufl.",2014
"Der Buddha mit den verbundenen Augen","Korrigierte Fassung",2016
"Der China-Schmitt",NULL,2018
"Der chinesische Vogelhändler","1. Auflage",2021
"Der Choral",NULL,2011
"DER COLT IST IHR GESETZ –","1. Auflage",2021
"DER COLT IST IHR GESETZ – Western-Sonderedition: Drei Romane und eine Kurzgeschichte","1. Auflage",2021
"Der Commissaire und andere unfreundliche Geschichten","1. Auflage",2018
"Der Condor kreist nicht mehr","1. Aufl.",2013
"Der Dachziegel ... und andere Pillnitzer Geschichten","Erste Auflage",2021
"Der dämonische Liebhaber","Orig.-Ausg.",2009
"Der de Luca Clan","1. Auflage",2023
"Der den Sturm stillt","1. Aufl.",2015
"Der Dichter und sein virtueller Sohn",NULL,2023
"Der - die - das Puff und weitere lebensnahe Kurzgeschichten",NULL,2017
"Der Dietrich - der Lebenssaft des kritischen Denkens",NULL,2023
"Der Dom ist mein Freund",NULL,2009
"Der Doppelgänger",NULL,2017
"Der doppelte Bruddler","1. Ausg.",2013
"Der doppelte Regenbogen ... und 20 andere mystische Geschichten","Erstausgabe",2016
"Der doppelte Stadtplan","1. Auflage",2019
"Der dreibeinige Esel … und andere Geschichten für Senioren","1. Auflage",2022
"Der Dreißigjährige Krieg Band 1-3: Der Winterkönig/ Der tolle Halberstädter/ Der Hexenbrenner","1. Originalausgabe",2020
"Der Dreißigjährige Krieg. Die große Roman-Reihe, Band 1 und 2 (Der Winterkönig/ Der tolle Halberstädter) in einem Bundle","1. Originalausgabe, revidierte Ausgabe, erweiterte Ausgabe",2018
"Der Dreiundvierzigjährige, der aus der Haustür trat und spazieren ging","Originalausgabe, 1. Auflage",2018
"Der dreizehnte Zopf",NULL,2014
"Der Drippendeller und andere Geschichten",NULL,2008
"Der dritte Marburger Krimi-Cocktail","1. Erstauflage",2018
"Der du bist und mich kennst - und andere Erzählungen",NULL,2019
"Der Duft der Kindheit",NULL,2010
"Der Duft der Zuckerpflanze und andere fiese Geschichten","Originalausgabe",2021
"Der Duft des Doppelpunktes",NULL,2010
"Der Duft des Sussita","1. Auflage",2020
"Der Duft des Weihrauchs",NULL,2019
"Der Duft von Sonne und Meer","1. Aufl.",2012
"Der Dung",NULL,2020
"Der dunkle Garten","1. Auflage",2022
"Der dunkle Pfad","1. Auflage",2022
"Der Durandl",NULL,2009
"Der Durchstreicher","Orig.-Ausg., 1. Aufl.",2012
"Der Durst der Stadt und andere SF-Geschichten",NULL,2014
"Der Echo-Komplex",NULL,2010
"Der Eifelmaler","1. Auflage",2022
"Der einsame Fels",NULL,2008
"Der einsame Kandidat","1. Aufl.",2008
"Der Einzelgänger","1. Aufl.",2010
"De Reis ne mie",NULL,2013
"Der Elefant ist los",NULL,2012
"Der elitäre Hypochonder","1. Aufl.",2011
"Der Engel","1. Auflage",2016
"Der Engel, der seine Flügel verbrannte","1. Auflage",2017
"Der Engelkönig blies ins Horn","1. Aufl.",2009
"Der Engel mit dem Marmorkuchen",NULL,2019
"Der Engel sagte: er ist da",NULL,2021
"Der Engel und die Taube",NULL,2008
"Der Enkeltrick","1. Auflage",2021
"Der Entenschatten","1. Auflage",2023
"Der entschwundene Garten",NULL,2015
"Der Erde auf der Spur","1. Auflage",2016
"Der erfüllte Traum","1. Aufl.",2008
"Der erste Satz","1. Aufl.",2014
"Der Erwin",NULL,2008
"Der Erzähler von Algier",NULL,2017
"Der etwas andere Kurzgeschichten-Adventskalender","1. Auflage",2020
"Der Eugen",NULL,2009
"Der Fährmann und andere Erzählungen",NULL,2009
"Der Fall Kaladien und andere Erzählungen","1. Aufl.",2014
"Der falsche Held",NULL,2016
"Der Fälscher","1. Aufl.",2013
"Der farngrüne Tiger","1. Auflage",2020
"Der Feind","1. Aufl.",2014
"Der Ferne so nah",NULL,2010
"Der fette Blinde","1. Auflage",2018
"Der Feuervogel","1. Auflage",2022
"Der Fido ist ein Mensch wie Du und ich und andere Kurzgeschichten",NULL,2009
"Der Fingerzeig und andere merkwürdige Geschichten",NULL,2013
"Der Fisch in der Heizung","1. Auflage",2020
"Der Fleck",NULL,2023
"Der Fleischprogrammierer",NULL,2011
"Der Fleischwurstbaum","1. Auflage",2018
"Der fliegerblaue Pullover",NULL,2011
"Der Fluch des blutroten Gottes","1. Auflage",2018
"Der Fluch des Buckligen","1. Aufl.",2010
"Der Flug des Falken",NULL,2019
"Der Flug des Kolibris","1. Auflage",2023
"Der Fluss",NULL,2018
"Der Fluß aller Dinge",NULL,2008
"Der Fluss und das Meer","Originalausgabe",2023
"Der Frack des Hornisten","1. Auflage",2020
"Der fränkische Moo","1. Auflage Taschenbuch",2016
"Der Frauenkrieg",NULL,2017
"Der Fremde","1. Aufl.",2008
"Der fremde Alltag","1. Auflage",2019
"Der Froschhahn",NULL,2012
"Der Frost, die rote Nase",NULL,2010
"Der Frühling küsst die Liebe wieder wach",NULL,2013
"Der Frühling nähert sich",NULL,2013
"Der Fugentreter","1. Aufl.",2012
"Der Fund",NULL,2021
"Der Fund im Sofa",NULL,2009
"Der Furz in der Flasche und andere Geschichten",NULL,2009
"Der Gänsjakob","1. Auflage",2018
"Der ganz normale Irrsinn","1. Auflage",2019
"Der Garten der Freundschaft","1. Auflage",2020
"DER GARTEN DER STERNE","1. Auflage",2021
"Der Garten meiner Mutter",NULL,2017
"Der Gartenoffizier",NULL,2008
"Der Gärtner war's","1. Aufl.",2013
"Der Geburtstagsengel",NULL,2008
"Der Gedanke",NULL,2009
"Der Gefühlstütenwanderer",NULL,2018
"Der geheimnisvolle Bote","1. Auflage",2014
"Der gehörnte Figaro","1. Auflage",2022
"Der Geist der Mirabelle","1. Aufl.",2013
"Der Geist der Zeche",NULL,2022
"Der Geisterfahrer","1. Aufl.",2013
"Der Geisterzug",NULL,2013
"Der gelbe Hut",NULL,2023
"Der gelbe Wagen und andere Erzählungen",NULL,2015
"Der geraubte Kelch",NULL,2018
"Der Geruch der Erde nach dem Regen","1. Auflage",2018
"Der Geruch der Stille","Dt. Erstausg.",2009
"Der Gerüchtsvollzieher",NULL,2008
"Der Geruch von Glück","Orig.-Ausg., Erstaufl.",2011
"Der gescheiterte Scheiterhaufen","1. Auflage",2021
"Der Geschichten-Koffer","1. Auflage",2018
"Der gestohlene Bazillus","1. Auflage",2019
"Der geteilte Hund",NULL,2021
"Der Gewinn",NULL,2018
"Der Glanz von M.","Orig.-Ausg.",2011
"Der Glaube an Übersinnliches","1. Aufl.",2015
"Der Glücksdrachen, Sammlung","1. Auflage",2019
"Der Gott der kleinen Hunde","1. Auflage",2019
"Der Gott hinter dem Fenster",NULL,2015
"Der gottlose Gottesdienst","1. Auflage",2021
"Der große Fang",NULL,2011
"Der große Heinz Erhardt",NULL,2011
"Der große Knall",NULL,2009
"Der große Tag","1. Auflage",2020
"Der größte aller Superhelden und 77 weitere Kurzgeschichten","1. Auflage",2020
"Der größte Orgasmus auf dem Balkan",NULL,2015
"Der Großvater und der Tod","1. Auflage",2023
"Der Grottenolm oder Gott auf dem Fahrrad",NULL,2010
"Der grüne Komet","1. Aufl.",2015
"Der grüne Planet",NULL,2020
"Der Gummibaum und seine Kinder und andere Geschichten","1. Auflage",2016
"Der Gurkenmann und andere Geschichten","Erste Auflage",2015
"Der gute Ergard und andere Kurzgeschichten","1. Auflage",2019
"Der gute Hilfs-Nikolaus","1. Auflage",2019
"Der Gynäkologe",NULL,2023
"Der Gynäkologe des Vatikans und andere römische Geschichten",NULL,2010
"Der Hai im Lech","Erstausg.",2010
"Der halbe Mann und andere Geschichten","1. Auflage",2021
"Der Hals der Sängerin","Erstausg.",2012
"Der Haschischklub","1. Aufl.",2015
"Der Haubentaucher",NULL,2008
"Derheeme, ein besonderes Jahrbuch",NULL,2022
"Der Heiland aus dem Glasturm","1. Aufl.",2016
"Der heilende Jade-Buddha und andere Märchen und Geschichten für Kinder und Erwachsene",NULL,2017
"Der Heiligenscheinorgasmus und andere Erzählungen",NULL,2016
"Der Heilmacher","1. Auflage",2023
"Derheimä",NULL,2013
"Der heitere Geist sei mit euch",NULL,2015
"Der Hellseherkorporal und andere Geschichten aus der Fremdenlegion",NULL,2013
"Der Herr aus Glas","Erstausgabe, 2. Auflage",2015
"Der Herr der Finsternis",NULL,2009
"Der Herr ist mein Hirte",NULL,2015
"Der Herzog von Dodendorf","1. Aufl.",2010
"Der Hexenbrenner","1. Auflage",2019
"Der Hexer von Kyburg",NULL,2010
"Der Hiatabua","1. Aufl.",2012
"Der Hiddenseer Knopf ... und andere Erzählungen","1. Auflage",2023
"Der Himmel aber ist immer blau","1. Auflage",2021
"Der Himmel bis zur Erde","Erste Auflage",2022
"Der Himmel - das sind die Anderen","1. Auflage",2019
"Der Himmel im Kopf","1. Auflage",2023
"Der Himmelspfeifer","1. Aufl.",2008
"Der Hirt","1. Auflage",2018
"Der Hof","1. Auflage",2021
"Der hohe Gast aus Tokio und andere Geschichten","1. Aufl.",2013
"Der Holzschnitzer",NULL,2015
"Der Homo sapiens im Alltag","1. Auflage",2020
"Der Honig Jäger",NULL,2016
"Der Hühnerkrieg",NULL,2013
"Der humpelnde Rollator","1. Auflage",2017
"Der Hund",NULL,2020
"Der Hundeausführroboterausführhund und andere Erzählungen",NULL,2022
"Der Hungerturm","1. Auflage",2020
"Der hustende Fisch",NULL,2014
"De Riesenzichache",NULL,2008
"Der indische Koffer und andere Geschichten","1. Aufl.",2011
"Der inszenierte Alltag",NULL,2020
"Der irre Chirurg oder In den Händen eines Wahnsinnigen",NULL,2019
"Der Irrtum des Hexers und weitere Kurzgeschichten","1. Auflage",2018
"Der Irrtum des Sengoku","1. Auflage",2019
"Der japanische Junge","1. Aufl.",2012
"DER JAZZ, DER SEX UND DER TOD","1. Auflage",2021
"Der Johann und andere Geschichten aus Koblenz",NULL,2020
"Der Jude, der am Sabbat nicht betet","1. Auflage",2018
"Der Junge, der Asta Nielsen sah","1. Auflage",2019
"Der Junge der das Schreiben lernte","1. Auflage",2020
"Der Junge, der den Hauptbahnhof Zürich in die Luft sprengte",NULL,2020
"Der junge Herr Godeau am Karfreitag","1. Auflage",2018
"Der junge Schweighard",NULL,2010
"Der Junge von damals",NULL,2010
"Der Jungfuchs im Dachsbau und weitere humorvolle Geschichten - fast ganz ohne Jägerlatein","Orig.-Ausg.",2011
"Der Junggeselle","1. Auflage",2017
"Der Kaiserstuhl ist nicht zum Draufsitzen!","Orig.-Ausg.",2010
"Der Kalligraph von Lanzhou und andere Kurzgeschichten",NULL,2022
"Der Kampf der Mähdrescher","1. Aufl.",2008
"Der Kampfschwimmer","1. Auflage",2019
"Der Kardinal",NULL,2009
"Der Kaschmirschal und andere Erzählungen",NULL,2011
"Der Käsekuchenmann und weitere mehr oder weniger wahre Kurzgeschichten","1. Auflage",2020
"Der Kasten unter der Wiese",NULL,2010
"Der Katastrophenbaumeister",NULL,2008
"Der katzegorische Imperativ","1. Aufl.",2013
"Der Katzenfänger und andere Grenzgänger",NULL,2020
"Der Kauz","1. Auflage",2017
"Der Kerl im Mann","1. Auflage",2020
"Der Kipod",NULL,2013
"Der Kirschbaum","1. Auflage",2015
"Der Kirtagspoet und andere Erzählungen",NULL,2018
"Der Klang der Blicke","1. Aufl.",2012
"Der klassische Adventskalender","Orig.-Ausg.",2013
"Der kleine Bär","1. Auflage",2015
"Der kleine Deuml","1. Auflage",2019
"Der Kleine Erfurter erzählt","1. Auflage",2018
"Der kleine Gatsby, Honor Blood, Indianer Joneson und das Rad der Scheiße",NULL,2023
"Der Kleine Hauch","1. Auflage",2023
"Der kleine Herr Lu Chi",NULL,2021
"Der kleine Junge","1. Auflage",2019
"Der kleine Mord","1. Auflage",2017
"Der kleine Muck hat Großes vor",NULL,2017
"Der kleine Osterspaziergang",NULL,2019
"Der kleine Pausen - Snack","1. Aufl.",2010
"Der kleine Prinz und der Mond",NULL,2015
"Der kleine Troubadour","1. Auflage",2015
"Der Kleine und andere Geschichten aus der Kindheit",NULL,2009
"Der kleine Vogel von Hiroshima","1. Auflage",2021
"Der kleine Weihnachtsbegleiter","Orig.-Ausg.",2009
"Der kleinste Stern",NULL,2009
"Der Klopfer","1. Auflage",2008
"Der Klügere kippt nach",NULL,2010
"Der Knabe Ganymed","1. Auflage",2020
"Der Knabe Hüssein und andere Erzählungen",NULL,2012
"Der Knappentisch",NULL,2020
"DER KNOCHENGENERAL","1. Auflage",2020
"Der komische Kafka",NULL,2015
"Der König der Altstadt",NULL,2014
"Der König der Tiere","1. Auflage",2017
"Der König im grünen Gewand",NULL,2013
"Der König kauft eine Unterhose","1. Auflage",2023
"Der König und seine Mätressen","1. Auflage, vollständige Taschenbuchausgabe, Originalausgabe",2022
"Der Kopf muss ab",NULL,2021
"Der Körper des Salamanders","Ungekürzte Taschenbuchausg.",2009
"Der kotzende Hund","1. Auflage",2021
"Der Krake - Kurzgeschichten über Deutschland",NULL,2016
"Der Kreis der Zeit",NULL,2020
"Der Krieg ist nah",NULL,2016
"Der Krippenholzwurm","1. Auflage",2017
"Der Krug und andere Geschichten aus Italien",NULL,2011
"Der kurze Traum der Braut des Sohnes des Architekten",NULL,2021
"Der Kuss","1. Auflage",2020
"Der Kuss der grünen Fee","1. Aufl.",2014
"Der lächelnde Hund","1. Auflage",2019
"Der lächelnde Schneemann",NULL,2018
"Der lange Schatten des Maulbeerbaums","Erstausgabe",2021
"Der lange Weg nach Mueda","1. Aufl.",2013
"Der Langeweile zum Trotz","1. Aufl.",2012
"Der Lappan soll weg!","1. Auflage",2019
"Der Lärm verstummt, bis Stille in dir ist",NULL,2012
"Der Lauf der Dinge","1. Aufl.",2016
"Der Lauf des Lebens",NULL,2016
"Der lebende See",NULL,2013
"Der Leibniz-Code","1. Aufl.",2008
"Der Lesefresskorb",NULL,2020
"Der letzte Apfel ohne humorlose Zusatzstoffe",NULL,2021
"Der letzte Blick",NULL,2021
"Der letzte Brief",NULL,2019
"Der letzte Flug","Originalausgabe",2020
"Der letzte Geschlechtsverkehr und andere Geschichten über das Altern","Genehmigte Taschenbuchausg., 1. Aufl.",2013
"Der letzte Mond","1. Aufl.",2008
"Der Letzte oder Begattet euch doch selber","1. Auflage",2017
"Der letzte Schluck Corona","1. Auflage",2020
"DER LETZTE SCHUSS","1. Auflage",2019
"Der letzte Stein auf den Pyramiden","1. Auflage",2015
"Der letzte Tag",NULL,2016
"Der letzte Tanz","1. Auflage",2016
"Der letzte Wikinger und andere Erzählungen","1. Aufl.",2014
"Der letzte Zug aus Vervins",NULL,2009
"Der letzte Zug um Mitternacht und andere Geschichten",NULL,2015
"Der Leutnant und die Pest","1. Aufl.",2008
"Der Lichtermann","1. Aufl.",2009
"Der Lidschlag der Libelle","Erstausgabe",2022
"Der Liebe Lust - der Liebe Leid",NULL,2013
"Der Liebestrank und andere märchenhafte Erzählungen",NULL,2009
"Der Lohrer Pranger und andere Geschichten",NULL,2020
"Der Lord starb zwanzig Meilen vor Key West",NULL,2017
"Der Lottogewinn","1. Auflage",2020
"Der Löwe aus Mitternacht","1. Auflage",2021
"Der Löwenbändiger",NULL,2022
"Der Löwe und andere Geschichten",NULL,2022
"Der Luftsack",NULL,2022
"Der Lügendetektor und andere Geschichten",NULL,2013
"Der lüsterne Engel - Stu Ungars letztes Spiel und vier andere SM-Stories",NULL,2010
"Der magische Wald","1. Auflage",2018
"Der Mai liegt weit zurück","1. Aufl.",2008
"Der Mann auf der Bank in der Sonne","1. Auflage",2021
"Der Mann auf der Parkbank",NULL,2012
"Der Mann, der einen Engel kaufen wollte",NULL,2009
"Der Mann, der im Chelsea Hotel einen Zimmerbrand bestellte","Deutsche Erstausgabe",2020
"Der Mann, der König sein wollte","1. Aufl.",2014
"Der Mann, der sich selbst besuchte",NULL,2012
"Der Mann, der Wunder vollbringen konnte","1. Auflage",2020
"Der Mann im Mais","1. Auflage",2020
"Der Mann mit dem Hut mit dem Hund wo bellt","1. Auflage",2020
"Der Mann mit dem Korb",NULL,2015
"Der Mann mit dem Tick",NULL,2015
"Der Mann mit den Messern","Nachdr.",2012
"Der Mann von Timanfaya",NULL,2023
"Der Mantel des Sterndeuters",NULL,2011
"Der Marburger Krimi-Cocktail I + II","1. Auflage",2022
"Der Marder und die Bache","1. Auflage",2023
"Der Mars ist wüst",NULL,2020
"Der Mars vor der Haustür","1. Aufl.",2012
"Der Maschinenfresser","1. Auflage",2021
"Der Medicus und seine Viola","1. Auflage",2015
"Der meint es wirklich ernst!","1. Auflage",2019
"Der Mensch an sich ist wunderbar, so mancher jedoch wunderlich",NULL,2021
"Der Mensch ist ein gar seltsames Wesen ...",NULL,2017
"Der Mensch ist Leben",NULL,2009
"Der Mensch ist nicht normal","1. Auflage",2023
"Der Mensch kann kein Schwein sein",NULL,2023
"Der Mensch und andere Erzählungen","1. Auflage",2021
"Der Missionar des Todes und weitere skurrile Texte",NULL,2022
"Der misslungene Diebstahl",NULL,2019
"Der Mitternachtsladen. Notizbuch",NULL,2023
"Der Moiren lange Schatten","1. Auflage",2018
"Der Mond im Ei",NULL,2014
"Der Mond ist ein Licht in der Nacht","Originalausgabe",2023
"Der Mond steht Kopf","1. Auflage",2023
"Der Mops, der Weihnachten verschlief","Erste Auflage",2022
"Der Mord ist das Ziel",NULL,2009
"Der Motorrad-Bischof und andere Erzählungen","1. Auflage",2023
"Der Motorradbischof und andere Erzählungen",NULL,2016
"Der Münchner im Himmel",NULL,2009
"Der Mutz","1. Aufl.",2008
"Der Mützenbaum","1. Auflage",2022
"Der Nabel der Welt","1. Auflage",2017
"Der Nabel der Zeit",NULL,2012
"Der nächste Erzähler","1. Aufl.",2010
"Der nächste Halt: Altenheim!?! ...",NULL,2008
"Der nackte Prinz in der Johanniskirche",NULL,2022
"Der Nebel Notre Dames und andere Geschichten","1. Aufl.",2009
"Der Neue mit der Harley","1. Auflage",2019
"Der neugierige Ochs’","1. Auflage",2017
"Der nicht mehr ganz junge Mann","Erstveröff.",2011
"Der Niedergang des mikrotext Verlags","1. Auflage",2023
"Der Normalsprecher",NULL,2011
"Der Obermieter","Erste Auflage",2019
"Der Oberrhein",NULL,2008
"Der Ochse auf der Stadtmauer",NULL,2011
"Der Ochs von Bethlehem","1. Aufl.",2010
"Der Ohrfeige nach","Dt. Erstveröff., 1. Aufl.",2014
"Der Onkel aus Triest",NULL,2009
"Der Organist von San Marco und weitere venezianische Geschichten",NULL,2011
"Der Pakt der Seherin & 24 weitere Kurzgeschichten","Vollständige Taschenbuchausgabe",2019
"Der Paradiesapfel und 19 weitere Geschichten","1. Aufl.",2008
"Der Park","1. Aufl.",2014
"Der Pensionist","1. Auflage",2019
"Der perfekte Angler","1. Aufl.",2011
"Der Pfeffermann und andere Ufhovener Geschichten","1. Aufl.",2012
"Der Pferdehimmel",NULL,2011
"Der Philosoph, der in den Brunnen fiel, und andere Geschichten",NULL,2009
"Der Philosoph und der Kimono","1. Auflage",2021
"Der Pirol kehrt zurück","1. Aufl.",2010
"Der Pitter","1. Auflage",2022
"Der Platz des Hundes","1. Aufl.",2010
"Der Postmeister und andere Erzählungen",NULL,2011
"Der Prager Golem",NULL,2019
"Der Präsident hat keine Zeit!","1. Auflage",2018
"Der Prinzgemahl und andere Geschichten aus Europa",NULL,2013
"Der prosaische Sonderling","1. Auflage",2019
"Der Psychiater und andere bösartige Geschichten","1. Auflage",2018
"Der Pudel der Pianistin","1. Auflage",2017
"Der Puppenspieler","1. Auflage",2021
"Der Putzmittelcocktail",NULL,2016
"Der Rabe, König Pest und seltsame Geschichten","1. Auflage",2020
"Der Rabe von Samarine",NULL,2012
"Der Räuber und andere Geschichten",NULL,2013
"Der Regen macht Urlaub am Meer",NULL,2011
"Der Regen pengte ins Gras","1. Auflage",2023
"Der Reiher und andere Erzählungen",NULL,2013
"Der Reim-Schmied",NULL,2012
"Der Reiter im Vorgebirge",NULL,2008
"Der Rest ist das, was übrig bleibt","1. Aufl.",2011
"Derrière La Porte","1. Auflage",2019
"Der Riesenmaulwurf und andre Geschichten",NULL,2008
"Der Ring",NULL,2019
"Der Ring der Niedersachsen",NULL,2010
"Der Riss im Kummer","1. Auflage",2023
"Der Ritt auf der Erbsrakete",NULL,2011
"Der Ritt auf der Katze",NULL,2010
"Der rosarote Himmel",NULL,2014
"Der Rosenflüsterer",NULL,2012
"Der rote Faden, der ein blauer wurde",NULL,2023
"Der rote Kater","1. Auflage",2017
"Der rote Koffer","1. Aufl.",2010
"Der rote Mantel (Kurzgeschichte)","1. Auflage",2021
"Der rote Schatten im Geäst","1. Aufl.",2013
"Der rote Seidenschal","Vollständige Taschenbuchausgabe",2015
"Der Rotkehlchenbaum","1. Auflage",2019
"Der Ruf",NULL,2014
"Der Ruf der großen Trommel",NULL,2008
"Der Ruf der Leere","1. Auflage",2023
"Der Ruf der Zwerge","1. Aufl.",2013
"Der Ruf des Uhus","1. Aufl.",2008
"Der Saligenfluch","1. Auflage",2021
"Der Sammler und andere Erzählungen",NULL,2016
"Der Sandkasten und andere Erzählungen","1. Auflage",2017
"Der Sandmann","Orig.-Ausg.",2008
"Der Sänger im Schnee","1. Aufl.",2011
"Der Sarg unter'm Weihnachtsbaum und andere bemerkenswerte Geschichten",NULL,2022
"Der Schatten aus der Tiefe","1. Auflage",2021
"Der Schattenkünstler","1. Auflage",2020
"Der schaudernde Fächer","1. Aufl.",2013
"Der Schein des Schönen","1. Aufl.",2008
"Der Schein trügt","1. Aufl.",2009
"Der Scheiterhaufen",NULL,2019
"Der Scherenschnitt-Struwwelpeter",NULL,2011
"Der schiefe Kirchturm",NULL,2019
"Der Schimmelreiter","Orig.-Ausg.",2008
"Der Schlächter von Cesena - grausam-mörderische Geschichten",NULL,2009
"Der schlafende Löwe","1. Auflage",2019
"Der Schlaf im Bauch des Chinesen","1. Aufl.",2013
"Der schlimme Winter des Josef Bichlmeier","1. Auflage",2022
"Der Schlurz und andere grausame Geschichten",NULL,2021
"Der Schlüssel liegt unter dem Stein","1. Aufl.",2012
"Der schmale Junge",NULL,2012
"Der Schmerz ist anderswo","1. Auflage",2023
"Der Schmetterling",NULL,2009
"Der Schneckenchecker und andere Erzählungen aus Halle-Neustadt","1. Aufl.",2009
"Der Schneckenesser von Paris","1. Aufl.",2013
"Der Schneemann von Wagenitz",NULL,2013
"Der Schneesturm","1. Auflage",2020
"Der Schnee von morgen","Print-Originalausgabe, deutsche Erstveröffentlichung",2018
"Der schöne Augenblick","1. Auflage, Originalausgabe",2021
"Der schöne Schein des Lächelns",NULL,2009
"Der Schopf des Kairos",NULL,2023
"Der Schoppenfetzer und seine weinfränkischen Kellergschichtli",NULL,2009
"Der Schrecken von Billy-Boy-City","1. Auflage",2017
"Der schreckliche Gott Taa","1. Auflage",2020
"Der schreckliche Prokurist","1. Auflage",2023
"Der Schrei der Kriegskinder",NULL,2014
"Der Schrei oder Die Zeit der Falken","1. Auflage",2020
"Der Schuster Flink",NULL,2008
"Der Schutzengel und andere Geschichten aus Wirklichkeit und Fantasie","1. Auflage",2022
"Der schwarze Duft","1. Auflage",2023
"Der schwarze Gott des Wahnsinns","Originalausgabe",2015
"Der schwarze Milan","1. Auflage",2017
"Der schwer erziehbare Kleiderkasten",NULL,2010
"Der sechste Mann","1. Auflage",2019
"Der See der unzähligen Wunder","1. Auflage",2016
"Der Seehund","1. Auflage",2023
"Der Seidelbast oder Corona inspirativ",NULL,2020
"Der Seiltänzer und weitere Geschichten",NULL,2021
"Der seltsame Fall von Dr. Jekyll und Mr. Hyde und andere Erzählungen","1. Aufl.",2015
"Der seltsame Leser","1. Auflage",2020
"Der Seniorenteller",NULL,2015
"Der Sichel-Mörder","1. Auflage",2019
"Der siebzehnte Berg","1. Auflage",2022
"Der Sieg","1. Auflage",2016
"Der silberne Faden","1. Auflage",2018
"Der silberne Kugelschreiber",NULL,2016
"Der Silvesterengel und andere unfassbare Geschichten",NULL,2010
"Der Sinn des Lebens liegt in dir selbst",NULL,2023
"Der Skandal um Pfarrer Brown","1. Auflage",2020
"Der Sohn des Drachen und andere wundersame Geschichten",NULL,2010
"Der Sommelier","1. Auflage",2019
"Der Sommer ist vorbei",NULL,2014
"Der Sonntagswächter",NULL,2011
"Der Spassmacher und andere Geschichten","1. Auflage",2022
"Der Spaziergang","1. Auflage",2017
"Der Spiegel von Echenon","1. Auflage",2015
"Der Sprachabschneider und andere Erzählungen","Originalausgabe",2015
"Der Sprint im Supermarkt","1. Auflage",2022
"Der Sprung in den Papierkorb","1. Aufl.",2008
"Der Sprung über den Abgrund. Oder:","1. Auflage",2014
"Der Sprung über den Abgrund oder: gesammelte Erzählungen aus verhangener Zeit",NULL,2014
"Der spukende Sarg",NULL,2017
"Der Spuk von Schloss Freudenthal","Orig.-Ausg.",2008
"Der Staat bin ich","1. Auflage",2016
"Der Stachel der Angst","1. Auflage",2021
"Der Stadtpark","1. Auflage",2016
"Der Statist",NULL,2015
"Der steht doch schon wieder",NULL,2015
"Der Stein","1. Aufl.",2011
"Der Stein des Anstoßes","1. Auflage",2019
"Der Steinigel und andere Geschichten","1. Aufl.",2012
"Der Steppe raue Freiheit","Originalausgabe",2019
"Der Stern der Reiche","1. Auflage",2020
"Der Steuerprüfer",NULL,2020
"Der Stille sanftes Licht",NULL,2021
"Der Stoff, aus dem die Träume sind","1. Aufl.",2011
"Der Storymaker und andere Neuköllner Geschichten",NULL,2021
"Der Struwwelköter",NULL,2008
"Der Struwwelpeter","1. Auflage",2021
"Der Struwwelpeter-Code und andere sonderbare Erzählungen","Originalveröffentlichung",2014
"Der Struwwelpeter oder lustige Geschichten und drollige Bilder",NULL,2010
"Der Student",NULL,2012
"Der Sturz",NULL,2020
"Der Sturz ins Glück","1. Aufl.",2014
"Der Surrealismus in Belgien","Erstausgabe, 1. Auflage",2019
"Der süsse Kuss der Rache","1. Auflage",2019
"Der Swimmingpool am grauen Meer",NULL,2011
"Der Tag, als Berta Bluhmfeld starb","Orig.-Ausg.",2008
"Der Tag, an dem der Mond auf die Erde fiel","1. Auflage",2017
"Der Tag, an dem die Farben aus der Welt verschwanden","1. Aufl.",2015
"Der Tag, an dem ich meine Schularbeiten nicht mehr gemacht habe ... und andere Geschichten",NULL,2011
"Der Tag, an dem Mick Jagger flach-gelegt  wurde und andere wirkliche, unwahrscheinliche oder wirklich unwahrscheinliche Geschichten",NULL,2012
"Der Tag der toten Katze","1. Auflage",2016
"Der Tag des Schmetterlings",NULL,2009
"Der Tag ist nun vergangen","Orig.-Ausg.",2010
"Der Tag war so glücklich","Erste Auflage",2018
"Der Tag wird in der Nacht erkannt",NULL,2019
"Der Tannenbaum des Todes","Originalausgabe",2019
"Der Tanz des Drachen","1. Auflage",2020
"Der tanzende 90-Jährige",NULL,2015
"Der tanzende Elch","1. Auflage",2016
"Der Taschenmesserfall und andere absurde Geschichten","1. Auflage",2018
"Der Taunus lässt büßen",NULL,2010
"Der tausendjährige Fluch","1. Aufl.",2014
"Der Taxifahrer",NULL,2023
"Der Teufel, den man Venus nennt",NULL,2012
"Der Teufel in der Sauna und andere Geschichten",NULL,2018
"Der Teufelsangler","1. Aufl.",2014
"Der Teufel soll die Sehnsucht holen",NULL,2022
"Der Teufel von Köln und Meister Hansen, der Scharfrichter von Siegburg","1. Aufl.",2008
"Der Tiefe ganze Breite",NULL,2023
"Der tierische-menschliche Charakter",NULL,2012
"Der Tischgast der letzten Feste","1. Aufl.",2008
"Der Titel dieses Buches ist ein Geheimnis","1. Auflage",2021
"Der Tod des Plagiators",NULL,2011
"Der Tod des Schamhaars",NULL,2015
"Der Tod des Verführers",NULL,2019
"Der Tod findet einen Weg","Deutsche Erstausgabe",2018
"Der Tod in Venedig und andere Erzählungen","Orig.-Ausg.",2008
"Der Tod ist nichts für Deppen","1. Auflage",2020
"Der Tod kennt keine Zeit","1. Auflage",2018
"Der Tod kommt auf Zahnrädern",NULL,2022
"Der Tod schlürft Austern","Erste Auflage",2015
"Der Tod steckt im Detail","Dt. Erstausg.",2015
"Der Tod tischt auf","1. Auflage",2017
"Der Tod trägt Lavendel","1. Aufl.",2014
"Der tolle Halberstädter","1. Auflage",2018
"Der Tolle vom Haus",NULL,2008
"Der Ton der Glocken über dem Meer",NULL,2014
"Der Torfshipper","Erstauflage",2016
"Der Tote am Kalten Baum",NULL,2013
"Der Tote im Gewächshaus","1. Auflage",2020
"Der Traum","1. Auflage",2023
"Der Trauma-Traum des Clowns","Erstauflage",2019
"Der Traum des Mönchs","1. Auflage",2022
"Der träumende Stern",NULL,2020
"Der Traum vom Glück","1. Aufl.",2009
"Der Traum vom Lavendel","1. Auflage",2022
"Der Traum vom Meer","1. Aufl.",2010
"Der Traum von Ségou",NULL,2022
"Der Treffer in Telgte",NULL,2013
"Der Treueprüfer",NULL,2008
"Der Trockenregen und andere Unmöglichkeiten","1. Auflage",2019
"Der Trollkönig",NULL,2020
"Der Tropfen, der zögerlich ins Höhlenbecken fiel","1. Auflage",2021
"Der Trost runder Dinge","Erste Auflage",2019
"Der Türkenpalast","1. Auflage",2020
"Der Turmgeist erzählt",NULL,2015
"Der tut nix, der will nur morden!","Originalausgabe",2015
"Der Überfall",NULL,2023
"Der U-Boot-Baum","1. Aufl.",2014
"DER UNDANKBARE ZWERG: Märchen, Sagen und Erzählungen aus aller Welt","1. Auflage",2022
"Der Uneinsichtige",NULL,2011
"Der unerfindliche Herr Schmandlau",NULL,2019
"Der unheimliche Besucher",NULL,2012
"Der unheimliche Zauber der Sterne","1. Auflage",2018
"Der Unscheinbare",NULL,2012
"Der unsichtbare Begleiter und andere Erzählungen",NULL,2015
"Der unsichtbare Thron und andere Erzählungen","Erste Auflage",2022
"Der Untergang des Morgenlands",NULL,2009
"Der unvergessene Frühling",NULL,2011
"Der Urlaub und andere Geschichten von Katzen und ihren Menschen",NULL,2010
"Der Vaghals",NULL,2022
"Der venezianische Spiegel",NULL,2013
"Der Verdacht","1. Aufl.",2014
"Der vergessliche Tod","1. Auflage",2022
"Der Verrückte und das Kind","1. Aufl.",2013
"Der Versehrte des Exzesses","1. Auflage",2020
"Der versiegelte Engel","1. Aufl.",2011
"Der versteckte Hahnrei",NULL,2023
"Der Versuch, zu sein","1. Aufl.",2012
"Der Verzicht",NULL,2010
"Der vierte Heilige-Drei-König","1. Aufl.",2010
"Der Viertelsekundenblick","1. Aufl.",2008
"Der Vitaminstoß","1. Aufl.",2010
"Der Vogelbaum und andere Erzählungen","1. Auflage",2018
"Der vom Mittelalter bis zur Neuzeit-Adventskalender",NULL,2022
"Der Vorwärtsfahrer",NULL,2009
"Der Vulkan oder die heilige Irene","1. Aufl.",2015
"Der Vulkan und andere Erzählungen",NULL,2018
"Der Wagen",NULL,2021
"Der wahre Grund","Ersterscheinung mit Widmung der Autorin",2015
"Der Waldweg",NULL,2008
"Der Wal heisst Beethoven","1. Auflage",2019
"Der Wal im See","1. Auflage",2020
"Der Waran","1. Auflage",2015
"Der warme Regen und andere Geschichten für Erwachsene auf Hoch und Platt",NULL,2014
"Der Wasserhahn tropft","1. Auflage",2020
"Der Weg des Erinnerns","1. Auflage",2021
"Der Weg durch die Wand",NULL,2012
"Der Weg nach Haina",NULL,2014
"Der Weg nach innen",NULL,2010
"Der Weg zum inneren Lächeln","1. Auflage",2020
"Der Weg zurück: Erzählungen","1. Auflage",2020
"Der Weg zurück nach vorn",NULL,2017
"Der Weihnachtself braucht Hilfe und andere kurze Geschichten","1. Auflage",2016
"Der Weihnachtsmann im Wandel unserer Zeit",NULL,2021
"Der Weihnachtsmann ist nicht ertrunken",NULL,2022
"Der Weihnachtsmann war’s","Zweite Auflage",2016
"Der Weihnachtsmarkt","1. Aufl.",2009
"Der Weihnachts-Pustebär und acht weitere außergewöhnliche Geschichten zu Weihnachten","1. Auflage",2023
"Der Weihnachtsrabe",NULL,2008
"Der Weihnachtssucher",NULL,2009
"Der Weinbau in Geschichten und Gesprächen","1., Auflage",2010
"Der Wein, der nicht getrunken werden durfte",NULL,2017
"Der Wein ist mein Vergnügen!","1. Auflage",2019
"Der weiße Globus","1. Auflage",2017
"Der Weisse Hirsch","1. Auflage",2018
"Der Weltenmampfer","Orig.-Ausg., 1. Aufl.",2010
"… der werfe den ersten Stein",NULL,2011
"Der Wert der Worte",NULL,2014
"Der wertvolle Kleiderbügel und andere Geschichten",NULL,2011
"Der Wespenstich","Vollständige Taschenbuchausgabe",2015
"Der Westbusen",NULL,2012
"Der Whiskyflaschenbaum","1. Aufl.",2009
"Der Wiesenblumenstrauß","1. Auflage",2017
"Der wilde, geile Westen","1. Auflage",2023
"Der Wildhonigsammler","1. Aufl.",2009
"Der Winterkönig","1. Auflage",2017
"Der Wirtshausförster und andere junge und alte Geschichten aus dem Bayerischen Wald",NULL,2009
"Der Witwer überquert den Berg","1. Auflage",2021
"Der Wöchentliche Beobachter von Polykarpszell",NULL,2009
"Der Wolf","1. Auflage",2014
"Der Wolf weint",NULL,2009
"Der Wunschsee",NULL,2008
"Der Wurf des Sämanns","1. Auflage",2020
"Der Zauber der Sonntagnachmittage",NULL,2020
"Der Zauber des Himmelsschlüsselchens",NULL,2010
"Der Zauberer erzählt","1. Auflage",2018
"Der Zauberkasten und andere Erzählungen",NULL,2009
"Der zehnte Teil",NULL,2010
"Der Zeitgeber und andere Tode",NULL,2020
"Der Zeitungsleser","1. Auflage",2021
"Der Zeit voraus",NULL,2011
"Der Zeitzwerg und andere Texte nur für diesen Moment",NULL,2023
"Der zerbrochene Leonardo","1. Auflage",2016
"Der Zockerkönig und andere Wirklichkeiten","1. Aufl.",2023
"Der Zufall ist ein Vogel, der langsam um die Ecke fliegt","1. Auflage",2015
"Der Zug",NULL,2012
"Der zweite Blick","1. Aufl.",2010
"Des Apfels Kern","1. Auflage",2017
"Des Boten Prüfung",NULL,2008
"De schöönste Dag","1. Aufl.",2009
"Des do",NULL,2019
"Des Federlesens Wert",NULL,2013
"Des Frühlings heitere Boten",NULL,2017
"Des Glückes Geheimnis","1. Aufl.",2008
"Des hann i mir glei denkt","1. Aufl.",2014
"Des Lebens große und kleine Abenteuer",NULL,2008
"Des Lebens ungeteilte Freude","1. Auflage",2022
"Des Meeres Rache","1. Aufl.",2009
"Des Menschen Wert",NULL,2015
"Des mir!",NULL,2009
"Des Nachts auf kaltem Wege","1. Auflage",2020
"Dessous zum Dessert","1. Aufl.",2011
"Des Teufels bizarre Kunst","Orig.-Ausg.",2011
"Des Teufels Großmutter wohnt in Köln",NULL,2014
"Des Welfen Liebe in den Zeiten der Feindschaft","1. Auflage",2019
"Detektei Rote Socke",NULL,2014
"De Ünnergang vun de Rawalpindi un anner Geschichten",NULL,2019
"Deutsche Erzählungen",NULL,2012
"Deutsch-französische Geschichte(n)","Erstausgabe",2021
"Deutsch-Irische Kurzgeschichten","1. Auflage",2022
"Deutschland bittersüß","1. Aufl.",2008
"Deutschsprachige Anthologie in elf Bänden","1. Aufl.",2009
"Deutschsprachige Gedichte - 8 Themen",NULL,2011
"De Walt is wie e Bilderbuch","1. Auflage",2020
"Dezember",NULL,2021
"Dezembergeflüster",NULL,2009
"Dezember müsst es immer sein",NULL,2023
"Dezembernacht",NULL,2019
"Dezente Weihnacht","1. Auflage",2018
"De Zwetschenweg",NULL,2008
"dialogannahme4","1. Auflage",2019
"Dialoge zwischen Menschen, Gott und der Welt, Vater und Kind, Mutter und Kind, Geschwistern, Freunden, Nachbarn, Menschen unterwegs, Bekannten und Unbekannten und zwischen Sicherheitsnadeln","Orig.-Ausg., 1. Aufl.",2013
"diá logos","1. Auflage",2023
"Diamonds &amp; Lies: Sammelband","1. Auflage",2018
"Dich liebt die Welt","1. Aufl.",2014
"Dich, mein stilles Tal",NULL,2008
"Dich nicht zu lieben","1. Auflage",2019
"Dicht am Wald und andere Geschichten",NULL,2008
"Dichter als Goethe","Orig.-Ausg., 1. Aufl.",2013
"Dichterzusammen",NULL,2012
"Dichtln und Gschichtln von am Obapfälza","1. Auflage",2023
"Dichtung und Wahrheit vom Schiller","1. Aufl.",2012
"Dich zu lieben war voll daneben","1. Aufl.",2012
"Dicker Hintern im Café auf Eis",NULL,2009
"Die 60 unerhörtesten Geschichten heiliger Jungfrauen","Fassung 2021",2021
"Die 7 Todsünden und ihre Folgen",NULL,2017
"Die Abenteuer des Dan Hess","1. Aufl.",2015
"Die Abenteuer des kleinen Zwuckel",NULL,2018
"Die Abenteuer des Odysseus und andere Geschichten aus Griechenland",NULL,2011
"Die abgewandte Seite der Worte","1. Auflage",2022
"Die Abschaffung der Demokratie","1. Aufl.",2015
"Die Agonie des Schmetterlings","1. Auflage",2015
"Die alte Mühl","1. Aufl. der überarb. Neuausg.",2008
"Die alten Götter","1. Aufl.",2014
"Die alten Klänge hör ich wieder schallen ...",NULL,2009
"Die Alternative wäre Dorsch gewesen",NULL,2015
"Die alte Standuhr und andere Geschichten",NULL,2013
"Die amourösen Abenteuer eines Fotografen",NULL,2019
"Die Andere Seite","Erstauflage",2020
"Die andere Seite der Sonne","Vollst. Taschenbuchausg., 1. Aufl.",2009
"Die andere Seite des Spiegels",NULL,2020
"Die Angsthäsin",NULL,2009
"Die Angst vor Jakob",NULL,2012
"Die Ankunft der Nacht",NULL,2014
"Die Anstalt","1. edition",2016
"Die Antwort auf alle Fragen",NULL,2023
"Die arme Zeit nach dem Zweiten Weltkrieg",NULL,2021
"Die artgerechte Haltung von Gedanken","1. Auflage",2019
"Die Artur-Knoff-Geschichten","1. Auflage",2018
"Die ärztliche Untersuchung",NULL,2023
"Die Asche toter Herzen und weitere Erzählungen",NULL,2021
"Die Auftragskillerin","Orig.-Ausg.",2011
"Die Augen der Wahrheit","1. Auflage",2018
"Die aus dem Osten kamen",NULL,2008
"Die Auserwählten","Sonderausgabe, 1. Auflage",2016
"Die Ausgewanderten",NULL,2013
"Die Ausländerin GOttes",NULL,2014
"Die Autorenwitwe",NULL,2022
"Die Axt",NULL,2015
"Die Bachstelze auf dem Glasdach und andere Kurzgeschichten von gestern und heute",NULL,2011
"Die Bahn und ich",NULL,2020
"Die Ballade von Chris &amp; Mick","1. Auflage",2023
"„Die Barke“","1. Auflage",2020
"DIE BARKE DER SEELEN – Brak, der Barbar: Band 1","1. Auflage",2017
"Diebe",NULL,2011
"Diebe, Fälscher, Fallensteller","1. Aufl.",2013
"Die Befreier","1. Auflage",2017
"Die Begegnung mit einem Engel",NULL,2011
"Die beiden Freunde von Bourbonne. Was halten Sie davon?","1. Auflage",2020
"Die Berliner Antigone","Nachdr.",2011
"Die Bernsteindame",NULL,2017
"Diebe sind auch nur Menschen","1. Aufl.",2011
"DiebesLust","1. auflage, vollständige Taschenbuchausgabe, Originalausgabe",2021
"Die beste aller möglichen Welten","1. Auflage",2022
"Die beste Hummelgeschichte der Welt und andere Geschichten","1. Auflage",2023
"Die besten deutschen Erzählungen","1. Aufl.",2010
"Die besten deutschen Geschichten und Gedichte","Erste Auflage",2020
"Die besten Erzählungen","1. Auflage",2019
"Die besten Geschichten","1. Auflage",2020
"Die besten Geschichten schreibt das Leben selbst","1. Auflage",2020
"Die besten Sexorgien in der Literatur","1. Aufl.",2014
"Die Bestie aus der Linzergasse","1. Auflage",2015
"Die Bestie von Paris und andere Geschichten","1. Aufl.",2012
"Die Bestimmung der Eisscholle",NULL,2018
"Die Bestrafungen der widerspenstigen Nanny","1. Auflage, vollständige Taschenbuchausgabe, Originalausgabe",2023
"Die Betrachtung des Unsichtbaren",NULL,2015
"Die bewegte Stadt","1. Auflage",2018
"Die Bibel in Reimen",NULL,2012
"Die Biber, die Menschen und der ganze Rest","Erste Auflage",2019
"Die Bienenzüchterin","1. Aufl.",2009
"Die Bildspringerin",NULL,2022
"Die bizarre Lust der Frauen",NULL,2009
"Die Blaubeer-Frau und andere Geschichten","1. Aufl.",2009
"Die blaue Grotte",NULL,2011
"Die blaue Jeansjacke",NULL,2023
"Die blaue Kugel",NULL,2012
"Die blauen Flügel",NULL,2013
"Die blauen Geschichten","1. Aufl.",2009
"Die blaue Puppenfrau",NULL,2010
"Die blaue Schlange (Taschenbuch)",NULL,2023
"Die blaue Tür","1. Aufl",2011
"Die blaue Wunde",NULL,2008
"Die Blumenhand","1. Auflage",2020
"Die Blusen des Böhmen","1. Auflage",2018
"Die Blutmütze",NULL,2013
"Die Blutstropfen des Kohlenrosses und andere sagenhafte Geschichten aus Osttirol",NULL,2021
"Die Bombe","1. Aufl.",2013
"Die Botschaft der alten Eiche","Orig.-Ausg., 1. Aufl.",2009
"Die Botschaft der Krippe",NULL,2021
"Die Botschaft der Weihnachtsglocken",NULL,2012
"Die Bratschistin","Dt. Erstausg.",2012
"Die Brautschau",NULL,2008
"Die brennende Tante",NULL,2011
"Die Brille des Flusses","1. Auflage",2022
"Die Brücken von Tompelin",NULL,2022
"Die Brücke über den dunklen Strom",NULL,2009
"Die Brüder B.",NULL,2014
"Die Brünne","1. Auflage",2016
"Die Brut des Grünen Abgrunds – Fünf unheimliche Romane und Erzählungen","1. Auflage",2022
"Die Buchbesprechung und andere skurrile Kurzgeschichten","1. Aufl.",2010
"Die Buche",NULL,2009
"Die Bücherkatze","Originalausgabe",2017
"Die Chroniken","1. Auflage",2020
"Die Chroniken der Seelenwächter","1. Auflage",2023
"Die Chroniken von Nyúmel",NULL,2022
"Die Chroniken - Widerparte & Gefolge","Originalausgabe",2016
"Die Corona Anthologie",NULL,2021
"Die Dädalus-Hypothese und andere, nicht ganz abwegige Vermutungen",NULL,2021
"Die Damaszener-Rose","1. Auflage",2020
"Die Dame im hellgrünen Seidenkleid",NULL,2008
"Die Dame mit dem Schleierhütchen","1. Auflage",2017
"Die Dame mit Hut erzählt",NULL,2010
"Die Damen der Geschichte","1. Aufl.",2014
"Die Dauer der Scham","1. Auflage",2019
"Die defekte Realität","1. Auflage",2020
"Die den Weg fanden","1. Auflage",2017
"Die Deutschen unter dem Damoklesschwert",NULL,2019
"Die dicke Dame und andere kurze Geschichten","1. Aufl.",2013
"Die Diener Kurzgeschichten/Die Komtess von Haberlund","1. Auflage",2021
"Die digitale Leichtigkeit des Seins",NULL,2016
"Die Dinge singen hör ich so gern",NULL,2013
"Die Dinge, wie sie sind","1. Aufl.",2014
"Die doppelte Anne",NULL,2020
"Die Dornen der weissen Rose","Großdruck, 1. Auflage",2018
"Die drei Seelen","1. Auflage",2018
"Die Dreißig Grenze","1. Auflage",2021
"Die dreizehnte Fee","1. Auflage",2020
"Die dritte Amtsglocke",NULL,2011
"Die dritte Wirklichkeit","1. Aufl.",2008
"Die Dschungelhure",NULL,2008
"Die dunkelbunten Farben des Steampunk","1. Aufl.",2015
"Die dunkle Lust der Seele","1. Auflage",2021
"Die dunkle Macht einer Mutter",NULL,2022
"Die dunklen Chroniken des Milton Sharp 1 - Dämonen Fantasy Sammelband 6 Romane","1. Auflage",2020
"Die dunklen Flecken des Mondes","1. Aufl.",2013
"DIE DUNKLE SEITE DES TAGES","1. Auflage",2020
"Die Ehre der Frau Hitt",NULL,2016
"Die Eichhörnchen Erzählungen",NULL,2023
"Die Eierfahrt und andere Lachgeschichten","Erstauflage",2023
"Die Eifel sehen und sterben","Orig.-Ausg.",2012
"Die Eingebungen des Arphaxat",NULL,2009
"Die Einhörner",NULL,2012
"Die Einsamkeit der Ministerin","1. Auflage",2023
"Die Einsamkeit des Fliesennobelpreislegers","1. Aufl.",2014
"Die Einsamkeit des Hurenkindes","1. Auflage",2017
"Die Einsamkeit des Kindes","1. Auflage",2019
"Die Eisblumenverkäuferin",NULL,2019
"Die elementaren Dinge",NULL,2022
"Die Engelmacherin",NULL,2008
"Die Enkelwoche",NULL,2013
"Die Entbindung auf dem Küchentisch ... und andere Erzählungen","1. Auflage",2016
"Die Entdeckung Südamerikas - der spirituelle Conquistador",NULL,2013
"Die Entfaltung realen Wahnsinns in Zeiten des Widerstands","1. Auflage",2020
"Die Entfremdung ist ein Untermieter der Hoffnung",NULL,2022
"Die Entlarvung des Osterhasen","Erstausg., 1. Aufl.",2013
"Die Entscheidung","1. Auflage",2022
"Die Erben des Blauen Hauses",NULL,2012
"Die erbeuteten Frauen","1. Aufl.",2013
"Die Erfindung des Augenblicks","Orig.-Ausg.",2012
"Die erfundene Frau","1. Auflage",2022
"Die erotischen Erzählungen des Grafen Bruno","1. Auflage",2021
"Die Erschaffung des Mannes und andere Geschichten für die kleine Erleuchtung",NULL,2008
"Die Erscheinung im Weißen Hotel",NULL,2010
"Die Erstbesteigung des Mount Chutney",NULL,2021
"Die erste deutsch-togoische Begegnung in Bassar 1894",NULL,2010
"Die Erzählungen","1. Aufl.",2008
"Die Erzählungen der Chassidim","Neuausg. mit Reg. und Glossar",2014
"Die Erzählungen & kleine Prosa","1. Auflage",2016
"Die Erzählungen und andere ausgewählte Prosa",NULL,2011
"Die Erzählungen und Märchen","1. Aufl.",2009
"Die Erzählungen und Prosagedichte","1. Aufl. dieser Einzelausg.",2012
"Die Erzählungen vom Winterkind","1. Auflage",2016
"Die Ewigen","Originalausgabe",2017
"Die Ewigkeit in einem Augenblick","Originalausgabe",2018
"Die extrem kurze Zeit der Seligkeit",NULL,2018
"Die fabelhafte Welt der Valerie","1. Aufl.",2012
"Die Fahne und der Fähnrich","1. Aufl.",2009
"Die falsche Demut","1. Aufl.",2014
"Die falschen Freundinnen","1. Aufl.",2011
"Die Fantasie ist der Sonntag der Erinnerung","1. Auflage",2021
"Die fantastischen Geschichten des Ludolfus de Witteringe","1. Auflage",2019
"Die Farbe der Könige",NULL,2012
"Die Farben aller Wellen",NULL,2023
"Die Farben des Lebens","1. Auflage",2019
"Die Farben des Regenbogens","1. Aufl.",2008
"Die Fee und andere Uuups!-Geschichten","1. Aufl.",2015
"Die Fenster von Sainte Chapelle",NULL,2011
"Die Ferne ist nah genug",NULL,2011
"Die fernen Orte des Versagens","Erste Auflage",2023
"Die Festung jenseits des Eises","Originalausgabe",2022
"Die fetten Jahre sind vorbei",NULL,2020
"Die feuchte Gier",NULL,2011
"Die Feuersonate und andere seltsame Geschichten aus Meine Zeitung",NULL,2010
"Die Fischschwester","1. Aufl.",2012
"Die fliegenden Pferde von Wien",NULL,2020
"Die Flitterwochen Sexclub Abenteuer",NULL,2023
"Die Flöte aus dem Mondgarten","1. Auflage",2023
"Die Flöte in der Wüste und andere Erzählungen aus 25 Jahren","1. Aufl.",2010
"Die Flötenspielerin",NULL,2015
"Die Flötistin und der Idiot",NULL,2020
"Die Form der Zeit",NULL,2010
"Die Frankfurterinnen","1. Aufl.",2015
"Die Frau, der ein Meteorit auf den Kopf fiel","Originalausgabe, 1. Auflage",2020
"Die Frau des schönen Mannes",NULL,2014
"Die Frau, die vom Himmel fiel und andere wahre Geschichten","1. Aufl.",2008
"Die Frauen - der zweite Weg","Orig.-Ausg., 1. Aufl.",2015
"Die Frauen des Dulders und andere Zumutungen",NULL,2020
"Die Frau im Schnee","1. Auflage",2016
"Die Frau im Zug",NULL,2014
"Die Frau mit den Koffern","1. Aufl.",2012
"Die fremde Frau",NULL,2020
"Die Freundin","1. Auflage",2018
"Die freundlichen Geister",NULL,2011
"Die Frivolitäten des Herrn von D.","1. Auflage",2020
"Die Fröschin","1. Aufl.",2013
"Die Frühaufsteherin","1. Auflage, Stand: April 2020",2020
"Die fünfte Etage","1. Aufl.",2012
"Die fünfte Welt - Midgard","Originalausgabe, 1. Auflage",2021
"Die Gage gibt's aber erst morgen ... !","1. Auflage",2021
"Die ganze Welt ist Staunen","1. Aufl.",2010
"Die Gartenkinder",NULL,2008
"Die Geburt der Eidechse","1. Auflage",2016
"Die Gedanken sind feig",NULL,2023
"Die gefährliche Macht schöner Geschichten","1. Auflage",2020
"Die Gefährlichkeit der Dinge","Originalausgabe",2018
"Die Geflügelten",NULL,2011
"Die geheimen Geschichten aus 1001 Nacht","1. Auflage",2019
"Die geheimen Zeichen der Patricia Vanhelsing: Fantasy Sammelband 10 Romane","1. Auflage",2020
"Die geheime Sex-Loge","1. Auflage, vollständige Taschenbuchausgabe, Originalausgabe",2023
"Die geheimnisvolle Villa und andere Geschichten",NULL,2021
"Die gehorsame Magd",NULL,2008
"Die Geige im Rapsfeld","1. Auflage",2020
"Die geilen Pastorentöchter","1. Auflage, vollständige Taschenbuchausgabe, Originalausgabe",2023
"Die geile Stiefmutter","1. Auflage, vollständige Taschenbuchausgabe, Originalausgabe",2020
"Die Geister der Sonnenburg",NULL,2009
"Die Geister sind los",NULL,2012
"Die geliehenen Strapse","1. Auflage",2016
"Die Gemochten",NULL,2022
"Die gesammelten Romane und Erzählungen",NULL,2023
"Die Geschichte des Körpers",NULL,2019
"Die Geschichten aus der Bar","1. Auflage",2023
"Die Geschichten danach ...",NULL,2017
"Die Geschichten der Liou Pai","1. Auflage",2023
"Die Geschichten der Wüste","1. Auflage",2016
"Die Geschichten des Charles Sealsfield",NULL,2010
"Die Geschichten des Herrn Casparis",NULL,2008
"Die Geschichten des Katers Alfred","1. Aufl.",2011
"Die Geschichten des Rabbi Nachman","1. Aufl.",2015
"Die Geschichten des Tönne Gausepohl",NULL,2023
"Die Geschichten des verstorbenen Iwan Petrowitsch Belkin/Повести покойного Ивана Петровича Белкина","1. Aufl.",2011
"Die Geschichten des Windes","1. Auflage",2022
"Die Geschichten von Revolverhand","1. Auflage",2023
"Die Geschichte vom Fischer","1. Auflage",2018
"Die Geschichte vom König, der die Zeit hütet","1. Auflage",2018
"Die Geschichte von Otto, der an einem Stück Graubrot starb","1. Auflage",2022
"Die Geschlechter",NULL,2015
"Die Gespenster von Berlin","1. Aufl.",2013
"Die getanzte Kollekte",NULL,2019
"Die gierige Sklavin . erotische Geschichten ","1. Auflage, vollständige Taschenbuchausgabe, Originalausgabe",2023
"Die Glosse","1. Aufl.",2012
"Die Glücksfalle","1. Aufl.",2013
"Die goldene Ente",NULL,2019
"Die goldene Feder",NULL,2021
"Die Göttin, ihr Allahältestes Testament und andere Geschichten","1. Auflage",2017
"Die Göttliche … und andere Geschichten","1. Auflage",2021
"Die Grabräuber",NULL,2008
"Die Graue Frau","1. Auflage",2018
"Die Grenze liegt am Horizont","1. Aufl.",2013
"Die Grenzen des Sommers","1. Auflage",2016
"Die griechische Seele suchend","Orig.-Erstausg.",2015
"Die Grillers","1. Aufl.",2010
"Die ... große Anthologie unseres Verlages",NULL,2012
"Die große Beleidigung","Neuausgabe",2022
"Die großen Ereignisse des kleinen Lebens","1. Auflage",2018
"Die großen Erzählungen",NULL,2012
"Die Großstädter",NULL,2012
"Die größte Hochzeit aller Zeiten","Originalausgabe",2016
"Die Grube und weitere Kurzgeschichten","1. Auflage",2017
"Die Grundprinzipien der Navigation","1. Aufl.",2014
"Die grüne Insel","Orig.-Ausg.",2012
"Die Grüne Muse","1. Auflage, Originalausgabe",2018
"DIE GRÜNEN FRAUEN","1. Auflage",2019
"Die grünen Schuhe oder der andere Weg","1. Aufl.",2014
"Die grüne Sau",NULL,2015
"Die grüne Wiese","1. Auflage",2019
"Die gute alte Zeit","1. Aufl.",2012
"Die gute Zeit ist nah",NULL,2013
"Die Häkeltante","1. Aufl.",2012
"Die Halbgaren","1. Auflage",2017
"Die halboffene Tür","1. Auflage",2018
"Die Halligpastorin","Originalausgabe",2022
"Die Hand am Sack","1. Aufl.",2010
"Die Hand des Schicksals","1. Auflage",2018
"Die harte Lust des wilden Westens","1. Auflage, vollständige Taschenbuchausgabe, Originalausgabe",2020
"Die Harznoks","1. Auflage",2020
"Die Haushaltshilfe und andere (Grusel-)Geschichten",NULL,2020
"Die Heimat in Mir: Erzählungen aus dem Indonesien der 50er Jahre",NULL,2022
"Die heiße Braut","1. Auflage, vollständige Taschenbuchausgabe, Originalausgabe",2020
"Die Helden des Rückzugs","1. Aufl.",2009
"Die Heldformel","1. Auflage",2016
"Die hellblauen Schuhe und andere wahre Geschichten","1. Auflage",2019
"Die Herren von Falkenberg",NULL,2017
"DIE HEXE - Geschichten für Erwachsene, die mit Kindern zu tun haben","1. Auflage",2020
"Die Hexe von Bernburg",NULL,2012
"Die Hexe von Großrudestedt","1. Auflage",2016
"Die Himmel rühmen die Herrlichkeit Gottes",NULL,2016
"Die Himmelsrutsche",NULL,2010
"Die Himmelsscheibe von Nebra",NULL,2015
"Die Hintergründigkeit des vordergründig Banalen","1. Auflage",2016
"Die Hitler Gottes","1. Aufl.",2011
"Die Hoffmann stirbt zuletzt","Erstausg.",2013
"Die Höhle des Schicksals",NULL,2016
"Die Horchenden",NULL,2022
"Die Hotterlocher","1. Aufl.",2014
"Die Hühnis kommen",NULL,2021
"Die Hummel in meinem Garten","1. Auflage",2020
"Die humorvollsten Kurzgeschichten, die KI jemals geschrieben hat","Originalauflage, 1. Auflage",2023
"Die Hundeblume","1. Auflage",2018
"Die Huren des alten Roms","1. Auflage, vollständige Taschenbuchausgabe, Originalausgabe",2023
"Die Hure von nebenan",NULL,2022
"Die indische Hochzeit. Geschichten über Liebe, Hoffnung und die Wege zum Glück","1. Auflage",2022
"Die inneren Fernen",NULL,2009
"Die Insel","1. Auflage",2016
"Die Insel der Feuerkrabben","1. Aufl.",2011
"Die Inseln der Musik in der Mitte der Welt","1. Auflage",2022
"Die Inseln unter dem Winde und andere Erzählungen",NULL,2014
"Die Inseltierärztin","1. Auflage, ungekürzte Ausgabe",2022
"Die Irritation","1. Aufl.",2012
"Die Jagd - licence for sex and crime","1. Auflage",2018
"Die Jahre danach",NULL,2009
"Die japanische Freundin","1. Auflage",2023
"Die Jennifer-Trilogie",NULL,2021
"Die junge Mondfrau","1. Auflage",2021
"Die Kaktusfrau","1. Aufl.",2012
"Die Kalendergeschichten","Neuausg.",2010
"Die Kälte jenseits der Träume",NULL,2008
"Die kalte Schulter des Labyrinths",NULL,2017
"Die Karawane der Papiertiger",NULL,2014
"Die Katastrophe meines Jahrhunderts","1. Aufl.",2009
"Die Katze","1. Auflage",2016
"Die Katze an der Krippe",NULL,2019
"Die Katze, die Weihnachten feiern wollte","Erste Auflage, Originalausgabe",2018
"Die Katze im See","1. Aufl.",2013
"Die Katzenprinzessin von Mallorca und andere phantastische Geschichten",NULL,2011
"Die Katze unterm Weihnachtsbaum","1. Auflage, Originalausgabe",2017
"Die Kerzenmelodie",NULL,2023
"Die kiffende Elster","1. Auflage",2019
"Die Kinder beruhigte das nicht","Ungekürzte Taschenbuchausg.",2009
"Die Kinderschwester",NULL,2014
"Die Kinder von Wyla","1. Auflage",2018
"Die Kirschenträgerin",NULL,2019
"Die Kirschlorbeeren schlagen zurück","1. Aufl.",2012
"Die Klabauterkatze und andere Fundstücke des Grauens","Dt. Erstveröff., 1. Aufl.",2011
"Die Klage des Faultiers","1. Auflage",2022
"Die Klarinettenspielerin",NULL,2018
"Die Kleider der Frauen",NULL,2008
"Die Kleider meines Lebens","1. Auflage",2017
"Die kleine Lichtinsel","1. Aufl.",2008
"Die kleine Losverkäuferin",NULL,2008
"Die kleinen Wunder","1. Aufl.",2008
"Die kleine Prinzessin im Mond und andere Kurzgeschichten!",NULL,2008
"Die kleine Republik",NULL,2012
"Die Kloßköchin und der Pfarrer von Gerach",NULL,2018
"Die Knast-Huren","1. Auflage, vollständige Taschenbuchausgabe, Originalausgabe",2023
"Die Kneipe war so wellig","1. Auflage",2017
"Die koboldhafte Welt der Waldwesen","1. Auflage",2020
"Die komischen deutschen Erzähler","Originalausgabe, 1. Auflage",2016
"Die konservierten Zeiten","1. Auflage",2020
"Die korrekte Anordnung der Tiere im Zoo","1. Auflage",2017
"Die Kraft der Düra","1. Auflage",2017
"Die Kristallkönigin",NULL,2012
"Die Kugeln des Kuliman","1. Aufl.",2010
"Die Kuh der englischen Königin","1. Aufl.",2013
"Die Künstlerin und der Clown",NULL,2009
"Die kunterbunten Geschichten aus dem Leben des Franz B.","1. Aufl.",2014
"Die Kürbis-Anthologie ..","Erstauflage",2022
"Die kurdischen Volksmärchen von Oskar Mann überliefert",NULL,2022
"Die kurzen Geschichten des Späte",NULL,2010
"Die Kurzgeschichten","1. Auflage",2015
"Die Kusine","1. Aufl.",2008
"Die lachende M.Uschi",NULL,2011
"Die Lachfalten sind schon da",NULL,2023
"DIE LADY AM STRAND","1. Auflage",2021
"Die Lady Macbeth des Mzensker Landkreises","1. Aufl.",2011
"Die lange lange Straße lang","1. Auflage",2022
"Die lange Nacht der Erzählungen","1. Auflage",2014
"Die lange Nacht des Vogelfängers","1. Aufl.",2011
"Die Lätzi Weid und andere unwahre Geschichten",NULL,2016
"Die Launen des Tages","1. Auflage",2016
"Die lauschende Leere – Unheimliche Erzählungen","1. Auflage",2022
"Die Leben der Doña Anna Maria Katharina",NULL,2014
"Die Lebern der Anderen","Orig.-Ausg., 1. Aufl.",2010
"Die leere Kammer und andere Erzählungen",NULL,2008
"Die Legende vom Blauen Planeten – Phantastische Erzählungen","1. Auflage",2022
"Die Legende von Halloween - Samhain","1. Aufl.",2013
"Die Legende von Sleepy Hollow, Rip Van Winkle, Der Gespensterbräutigam","1. Auflage",2020
"Die Legende von Sleepy Hollow und andere Erzählungen",NULL,2013
"Die Leibeigene","1. Auflage, vollständige Taschenbuchausgabe, Originalausgabe",2021
"Die Leiche im Apfelbaum","1. Auflage",2016
"Die Lesereise der Katja Thaya",NULL,2018
"Die Lesewoche","1. Auflage",2018
"Die letzte Drachenfeder",NULL,2021
"Die letzte Nacht","1. Aufl.",2016
"Die letzten Gesänge","1. Aufl.",2015
"Die letzten Rosen",NULL,2009
"Die letzten Tage des Kommissars",NULL,2015
"Die letzten Tage in Berlin",NULL,2011
"Die Letzten werden die Ärzte sein","1. Aufl.",2014
"Die letzte Reise","1. Aufl.",2014
"Die letzte Zugabe","Orig.-Ausg., 1. Aufl., Erstdr.",2009
"Die Leuchtkugeln",NULL,2012
"Die Leute in Baubeln","1. Aufl.",2015
"Die Leute von Illnau",NULL,2020
"Die Leute von Seldwillnau",NULL,2020
"Die Leute von Seldwyla",NULL,2012
"Die Libelle in der Bonboniere","Originalausgabe",2017
"Die Lichter des Winters","1. Auflage",2022
"Die Lichtsternwesen",NULL,2010
"Die Liebe am Strand von Malibu - Liebe & Schicksal - 37 Geschichten","1. Auflage",2021
"Die Liebe, das Kind der Freiheit",NULL,2012
"Die Liebe der Prinzessin Lapislazuli und andere Legenden und Märchen aus Japan",NULL,2014
"Die Liebe des gegebenen Augenblicks",NULL,2015
"Die liebe Familie ...",NULL,2010
"Die Liebe in Holland und Flandern","1., Aufl.",2010
"Die Lieben des Lebens","1. Auflage",2017
"Die Liebesabenteuer des Herrn Bobrica","1. Auflage",2018
"Die Liebes-Analphabeten","1. Auflage",2021
"DIE LIEBESDETEKTIVIN","1. Auflage",2020
"Die Liebeserklärung für Bea",NULL,2021
"Die Liebesmaschine und andere SF-Geschichten",NULL,2021
"Die Liebe unter Aliens","1. Auflage",2016
"Die Liebe zur Zeit des Mahlstädter Kindes","1. Aufl.",2011
"Die Logik der Süsse","1. Aufl.",2010
"Die Logik der Süße",NULL,2012
"Die Lösung oder Empfehlung an die Frau Gemahlin",NULL,2018
"Die Luft anhalten bis zum Meer",NULL,2012
"Die Lust, gekannt zu sein","1. Aufl.",2008
"Die lustigen Geschichten von Dschuha","1. Auflage",2016
"Die lustigsten Geschichten von Wilhelm Busch für Kinder",NULL,2013
"Die lustigsten und ungewöhnlichsten Geschichten aus 30 Jahre Einzelhandel",NULL,2021
"Die Macht der Liebe","1. Auflage",2022
"Die Macht der Worte","1. Auflage",2022
"Die Magdeburger Bluthochzeit","1. Auflage",2020
"Die Magie der Begegnung",NULL,2019
"Die Magie der Elbenkinder: Elbenkinder Band 1-3: Fantasy-Sammelband","1. Auflage",2020
"Die Magie der Liebenden","1. Auflage",2020
"Die magische Minka","1. Auflage",2023
"Die Maharani von Heiligenblut und andere kuriose Kurzgeschichten","1. Auflage",2016
"Die Mansarde",NULL,2023
"Die Maske","1. Aufl.",2011
"Die Maske des roten Todes","1., Aufl.",2010
"Die masurische Eisenbahnreise und andere heitere Geschichten",NULL,2010
"Die Mauern des Schweigens überwinden",NULL,2009
"Die Maurerkelle",NULL,2017
"Die Melodie der Faraglioni",NULL,2013
"Die Memoiren eines Beagle",NULL,2013
"Die Menschenfreunde","1. Aufl.",2009
"Die Meyerschen - Geschichte in Geschichten",NULL,2021
"Die milchfarbene Haut der Türen","1. Auflage",2019
"Die Mimik der Haie","1. Auflage",2023
"Die Modernisierung meiner Mutter","1. Auflage",2016
"Die Möhre im Stau. Kurzgeschichten",NULL,2009
"Die Mondbeschwörerin und andere Erzählungen",NULL,2015
"Die Morgenfahrt",NULL,2023
"Die Morsezeichen der Zikaden",NULL,2016
"Die Motte",NULL,2011
"Die Möwe","1. Aufl.",2014
"Die Mühen der Magie",NULL,2023
"Die Mühlstraßenbande",NULL,2016
"Die Muschel",NULL,2013
"Die Muschel und weitere Kurzgeschichten","1. Auflage",2023
"Die Musik auf den Dächern","Deutsche Erstausgabe, 1. Auflage",2021
"Die Mutationen",NULL,2019
"Die Mützenjäger und andere Geschichten aus Frankreich",NULL,2010
"Die Nachfahren des Lokators",NULL,2009
"Die Nacht der Erzählungen","1. Aufl.",2013
"Die Nacht der Hexen",NULL,2014
"Die Nacht des neuen Mondes","1. Aufl.",2014
"Die Nacht, die Lichter",NULL,2008
"Die Nächte von Bangkok","1. Auflage",2023
"... die Nacht hat uns verschluckt",NULL,2018
"Die Nacht nach Betti Hagen","1. Auflage",2015
"Die Nacht und ich",NULL,2008
"Die Nacht von Madrid",NULL,2013
"Die Nebelberger Splitterchronik","1. Erstauflage",2019
"Die Nebelprinzessin und der Notizzettelhalter",NULL,2008
"Die neue Stadt",NULL,2012
"Die neue Zeit","Originalausgabe, Erstdruck, 1. Auflage",2015
"Die Nichte auf dem Weg in die Stadt und andere Erzählungen",NULL,2010
"Die niederdeutsche Mundart auf der Elbinger Höhe","1. Aufl.",2010
"Die Niederlage der Nike","1. Auflage",2022
"Die Nische",NULL,2009
"Die Nitribitt und das Ende im Backpacker-Hotel","1. Auflage",2017
"Die Nonne und das Sterben","1. Aufl.",2010
"Diensdorfer Geschichten","1. Aufl.",2009
"Dienstags wird geschrieben",NULL,2014
"Die oberste Direktive","1. Auflage",2023
"Die Oma und ihre drei Enkel","1. Auflage",2022
"Die Oma war´s - wer sonst...",NULL,2016
"Die Organisation der Organe",NULL,2011
"Die Ostroute","1. Auflage",2019
"Die Ostsee","1. Auflage",2018
"Die Panne und andere Erzählungen","1. Auflage",2017
"Die Parkbank",NULL,2021
"Die Partei der Knoblauchfreunde","1. Aufl.",2010
"Die Paselke Stories",NULL,2021
"Die Passion des Patriarchen und andere Erzählungen","1. Auflage",2023
"Die passionierte Selbstmörderin",NULL,2021
"Die Pegnitz-Schäferinnen","1. Aufl.",2009
"Die Peripherie des Glücks",NULL,2009
"Die Perle auf dem Hügel",NULL,2012
"Die Perlen der Kleopatra",NULL,2021
"Die Petrurgie gediegenen Goldes: Dark Fantasy Kurzgeschichten","1. Auflage",2022
"Die Pfalz ist ein gelobt Land","veränd. Aufl.",2008
"Die Pferde sind an allem schuld",NULL,2008
"Die Piraten und ihre legendären Geschichten","1. Aufl.",2012
"Die Pokerparty",NULL,2023
"Die Prinzessin von Sirius und der Hund aus dem Süden","1. Auflage",2016
"Die Putze von Asgard",NULL,2016
"Die Putzfrau des Dr. Apokalypse",NULL,2014
"Die Pyramide",NULL,2022
"Die Quelle der Magie","Erstauflage",2020
"Die Raben und das Eichhörnchen und andere tierische Geschichten",NULL,2018
"Die Rache der Feder","1. Auflage, deutsche Erstausgabe",2015
"Die Rache der Nacktschnecken",NULL,2008
"Die Rache der Ungeborenen",NULL,2011
"Die Rache des Indianers und andere spannende Geschichten neu entdeckt","1. Auflage",2019
"Die Rache des kleinen Mannes","1. Aufl.",2009
"Die Rache einer Katze und andere Geschichten",NULL,2015
"DIE RAUMFLOTTE VON AXARABOR/DIE AXARABOR-SYMMETRIEN -DIE RAUMFLOTTE VON AXARABOR, BAND 2","1. Auflage",2019
"Die Raupe im Spiegel",NULL,2019
"Die Regenbogenkinder","Originalausgabe, Erstdruck, 1. Auflage",2018
"Die Regensammlerin",NULL,2014
"Die reine Wonne warś",NULL,2009
"Die reinste Wahrheit",NULL,2020
"Die Reise der Hexensteine","1. Auflage",2015
"Die Reise in die Vergangenheit und andere Erzählungen",NULL,2010
"Die Reise nach Smörebröd oder ganz alltägliche Geschichten meines Freundes Edwin",NULL,2012
"Die Reise nach Tilsit und andere litauische Geschichten","1. Aufl.",2009
"Die Retter der Menschheit und andere Kurzgeschichten","Vollständige Taschenbuchausgabe, 1. Auflage",2018
"Die Rettung des Gesalbten",NULL,2022
"Die Riebelessupp' im Zeichen des Klimawandels",NULL,2021
"Die Riesin und der Schatzmeister des Wetters","1. Auflage",2022
"Die Riten der Ee-Paa-Nook","1. Auflage",2023
"Die Ritterspornaffäre und andere Erzählungen",NULL,2008
"Die römische Saison","1. Auflage",2016
"Die Rosen in Annas Garten","1. Auflage",2017
"Die Rose und der Rittersporn",NULL,2017
"Die roten Schuhe","1. Aufl.",2013
"Die roten Schuhe und andere lustige Anekdoten",NULL,2008
"Die Rückeroberung","Genehmigte Taschenbuchausg., 1. Aufl.",2012
"Die Rückkehr","1. Auflage",2021
"Die Rückkehr des Astronauten","1. Auflage",2022
"Die Rückkehr des Windes und andere Geschichten",NULL,2022
"Die Rückkehr meines linken Armes","1. Auflage",2016
"Die Rückkehr und andere Erzählungen",NULL,2010
"Die Rumpelkammer","1. Auflage",2016
"Die russische Geliebte und andere Geschichten","1. Aufl.",2009
"Die Sache an dem Haken","1. Auflage",2018
"Die Sachensucherin","1. Aufl.",2015
"Die Safari der Versuchung: Erotische Kurzgeschichten für Frauen Teil 1","1. Auflage",2021
"Die Sagenhaften Geschichten des Humbolt von Lichtberg",NULL,2021
"Die Säntisbahn",NULL,2023
"Die Schäfer-Protokolle","1. Aufl.",2012
"Die Schandmauer","1. Auflage",2014
"Die Schätze von Obramkuza","1. Aufl.",2009
"Die scheintote Ziege","1. Aufl.",2008
"Die Schieß-Oma","1. Aufl.",2008
"Die schlafende Griechin hat ihre Tage","1. Auflage",2023
"Die schlafende Santa Maria und andere Geschichten",NULL,2008
"Die Schlager-Goldies greifen ein","1. Auflage",2022
"Die Schlüssel zum Himmel und andere Kurzgeschichten","1. Aufl.",2008
"Die Schmuckschatulle","1. Aufl.",2013
"DIE SCHMUTZIGE KAMERA","1. Auflage",2021
"Die Schnapsrekreation",NULL,2022
"Die Schnauze voll","1. Auflage",2023
"Die Schnecke der Eremitin","1. Auflage",2023
"Die Schneeflocke fiel vom Himmel!","1. Auflage",2017
"Die Schneehasen",NULL,2011
"Die Schneekönigin","1. Auflage",2020
"Die Schneekugel",NULL,2020
"Die Schneiderpuppe",NULL,2022
"Die Schokolade vor meiner Haustür",NULL,2021
"Die schöne Apothekerin",NULL,2023
"Die schöne Bäckerin aus dem Taunus","1. Auflage",2017
"Die schöne Farbe Grau",NULL,2011
"Die schöne Frau und das Ungeheuer","1. Aufl.",2014
"Die schöne Jugendzeit","1. Auflage",2021
"Die schöne Schwester Langeweile","Erste Ausgabe, Originalausgabe",2023
"Die Schönheit der Stadt, die ich verlasse","1. Auflage",2022
"Die schönste Augen nördlich der Alpen","1. Auflage",2017
"Die schönsten Anekdoten","Erste Auflage",2017
"Die schönsten Berliner Zehn-Minuten-Geschichten","1. Aufl.",2011
"Die schönsten Erzählungen","1. Aufl.",2008
"Die schönsten Erzählungen Islands","Orig.-Ausg., 1. Aufl.",2011
"Die schönsten Gedichte, Geschichten und Lieder","1. Auflage",2021
"Die schönsten Geschichten","1. Aufl.",2008
"Die schönsten Geschichten aus Afrika",NULL,2009
"Die schönsten Geschichten aus Maghrebinien",NULL,2008
"Die schönsten Geschichten für Kinder",NULL,2010
"Die schönsten Geschichten und Reportagen","1. Aufl.",2008
"Die schönsten Geschichten zur Weihnachtszeit",NULL,2014
"Die schönsten Kurzgeschichten",NULL,2014
"Die schönsten Kurzgeschichten der Welt",NULL,2014
"Die schönsten Kurzgeschichten zu Weihnachten",NULL,2019
"Die schönsten Märchen und Geschichten zur Weihnachtszeit","1. Aufl.",2014
"Die schönsten Steckenpferd-Geschichten aus früheren Tagen",NULL,2015
"Die schönsten Zaubermärchen",NULL,2010
"Die schönste Zeit",NULL,2023
"Die schönste Zeit ist heut",NULL,2020
"Die schönste Zeit ist jetzt","1. Auflage",2017
"Die schrägsten Berliner Zehn-Minuten-Geschichten","Orig.-Ausg., 1. Aufl.",2013
"Die Schrecken der Meere","1. Auflage",2016
"Die Schuldigen","Originalausgabe, 1. Auflage",2017
"Die Schule des Lebens",NULL,2009
"Die Schule von Xon","Orig.-Ausg.",2009
"Die Schwäbische Alb im Gedicht",NULL,2010
"Die Schwalben von Toledo","1. Auflage",2020
"Die schwarze Katze","1. Auflage, bearbeitete Ausgabe",2016
"Die schwarzen Punkte","1. Auflage",2018
"Die schwarzen Vögel Moni und Josa",NULL,2019
"Die Schwarze Witwe","1. Auflage",2020
"Die Schweizerreise",NULL,2008
"Die Schwestern vom Vinnbusch",NULL,2008
"Die See in der Tasche",NULL,2019
"Diese eine Frage","1. Aufl.",2013
"Die Seele der Männer","1. Aufl.",2011
"Die Seele voll von Frühlingsträumen",NULL,2020
"Die Seerose im Speisesaal","Ungekürzte Ausg., 1. Aufl.",2008
"Die Seherin und die Herren in Schwarz und andere Erzählungen","1. Auflage",2017
"Die Sehnsucht ist ein Anderer","1. Aufl.",2012
"Die Sehnsucht nach dem Unbestimmten","1. Auflage",2017
"Die Sehnsucht nach Glück und Liebe","1. Aufl.",2009
"Die Seiltänzerin",NULL,2016
"Die Sektion","1. Aufl.",2010
"Die Sekunden vor der Wahrheit","1. Auflage",2022
"Die seltsamen Erlebnisse der Stewardess Vanessa S.","1. Aufl.",2012
"Die seltsamen Geschichten von Lylekogen","1. Aufl.",2010
"Diese paar Minuten",NULL,2023
"Dieser eine Ort","1. Auflage",2021
"Dieser Moment","1. Auflage",2016
"Diese Sehnsucht war schon immer in mir",NULL,2012
"Dieses Kribbeln im Schlauch","1. Auflage",2018
"Dieses Lächeln ...",NULL,2012
"Dieses makellose Blau","1. Auflage 2021",2021
"Diese Stadt kann auch weiß sein","1. Aufl.",2010
"Diese und andere Wirklichkeiten",NULL,2008
"Diese Zeiten",NULL,2014
"Die ShoppingQueen und andere Geschichten","1. Auflage",2021
"Die sichtbare Stadt",NULL,2009
"#DieSichtderDinge","1. Auflage",2020
"Die sieben Farben der Liebe","1. Auflage",2021
"Die sieben Hunde und Koyo","Erstausgabe",2015
"DIE SILBERMONDKÖNIGIN","1. Auflage",2012
"Die Skurrilität des Seins",NULL,2018
"Diesmal geht es gut aus","1. Aufl.",2014
"Diesmal schenken wir uns ganz sicher nichts","Originalausgabe",2022
"Diesmal schenken wir uns nichts","Originalausgabe",2015
"Die Socken des Kritikers",NULL,2009
"Die Socken des Nobelpreisträgers",NULL,2009
"Die sonderbare Pilzvergiftung","1. Auflage",2023
"Die Sonne, die mir lacht","1. Auflage",2020
"Die Sonne geht auf",NULL,2013
"Die Sonne leuchtet um Mitternacht",NULL,2020
"Die Sonnenseiten des Lebens","1. Auflage",2020
"Die Sorgen der Killer",NULL,2012
"Die sorglosen Jahre","1. Auflage",2018
"Die Souffleuse",NULL,2023
"Die spannendsten Krimi-Kurzgeschichten","1. Auflage",2023
"Die Spinne in der Yucca-Palme","Originalausgabe, 440. -  444. Tausend",2016
"Die Spinnenfrau und andere phantastische Geschichten","1. Aufl.",2010
"Die Sprache der Fische",NULL,2014
"Die Sprache der Schmetterlinge","1. Auflage",2020
"Die Sprache einer Person",NULL,2011
"Diesseits","1. Aufl.",2012
"Die Stadt in der Phiole und andere fantastische Erzählungen",NULL,2014
"Die Stadt schläft nie","Orig.-Ausg., Erstdr., 1. Aufl.",2013
"Die Steine werden schweigen","1. Aufl.",2008
"Die Stille am Ende des Flurs",NULL,2013
"Die Stille nach dem Ton und die anderen preisgekrönten SF-Kurzgeschichten des SFCD-Literaturpreises 1985 – 1998 und des Deutschen Science-Fiction-Preises 1999 – 2012",NULL,2012
"Die stillen Trabanten","1. Auflage",2017
"Die Stimme des Schöpfers","1. Auflage",2018
"Die Stimme meines Vaters","1. Auflage",2017
"Die Straßen von New York - Berlin - San Francisco - Sizilien - New Orleans - Westerland - Köln - Salzburg - Los Angeles - Warschau - Dresden - Wien","1. Auflage",2020
"Die Strolche von Golchen","1. Aufl.",2011
"Die Stumme","1. Aufl.",2009
"Die Stunde der Schlangen",NULL,2022
"Die Suche nach dem Höhepunkt","1. Auflage, vollständige Taschenbuchausgabe, Originalausgabe",2018
"Die Südstaatenlady und eine weitere Kurzgeschichte",NULL,2009
"Die Summe aller Farben","1. Auflage",2021
"Die Sumpfloch-Saga (Sammelband 1)","1. Auflage",2018
"Die Sumpfloch-Saga (Sammelband 2)","1. Auflage",2019
"Dies und Das","1. Auflage",2021
"Die Suppenlative!","Orig.-Ausg.",2008
"Die Tage der Entscheidung",NULL,2022
"Die Tage des Pensionärs und seine gefährlichen Reisen","1. Aufl.",2015
"Die Tante Jolesch oder der Untergang des Abendlandes in Anekdoten",NULL,2011
"Die Tante kommt",NULL,2022
"Die Tänzer des Meeres",NULL,2013
"Die Tapetentür",NULL,2023
"Die Taschen der Madame Carrive","1. Auflage",2021
"Die Taubenjägerin","1. Aufl.",2014
"Die Tedoleraner","1. Auflage",2020
"Die Teufelsgeige und andere Bubenstreiche","1. Aufl.",2014
"Die Tiefe der Zeit","1. Auflage",2021
"Die Tochter","1. Auflage",2015
"Die Tochter des Samurai","1. Auflage",2020
"Die Tomatensauce und andere schauerliche Geschichten","1. Aufl.",2014
"Die Totenbändiger. Leichenfunde","1. Auflage",2021
"Die Toteninsel und andere unheimliche Geschichten",NULL,2010
"Die Toten sind nicht tot",NULL,2012
"Die Totmacher","1. Aufl.",2011
"Die Traumsammlerin",NULL,2023
"Die traurigen Geranien","1. Auflage",2020
"Die traurigen Geranien und andere Geschichten aus dem Nachlaß","1. Aufl.",2009
"Die Tricks der Diva",NULL,2010
"Die Trinkersonne","Ausgabe C",2017
"Die Trockenbeerenauslese","1. Auflage",2019
"Die Trübsal blasende Frühgeburt unreifer Gedanken!","1. Aufl.",2012
"Die Tüftler",NULL,2010
"Die Tugenden des Bösen",NULL,2013
"Die Tulpen benehmen sich seltsam",NULL,2021
"Die Turbulenzen des Herrn Rogalla","1. Auflage",2018
"Die Türen des Tages",NULL,2012
"Die Tür in der Mauer","1. Aufl.",2008
"Die türkische Freundin",NULL,2018
"Die Türme zu Bernburg",NULL,2010
"Die Überlebten",NULL,2010
"Die überlegene Alternative zum Sex und andere Kurzgeschichten ",NULL,2016
"Dieu est grand",NULL,2012
"Die Uhr schlug dreizehn",NULL,2008
"Die Uhr tickt und Hoffnung schafft´s","1. Auflage",2022
"Die ultimative Poetry-Slam-Anthologie","1. Aufl.",2014
"Die unartige Sklavin","1. Aufl.",2014
"Die Unbelehrbaren",NULL,2008
"Die Undankbarkeit der Kinder","1. Aufl.",2014
"Die unersättlichen Versuchungen der Nacht","1. Auflage, vollständige Taschenbuchausgabe, Originalausgabe",2023
"Die ungeahnte Begegnung","1. Auflage",2019
"Die ungeschriebenen Briefe und weitere Geschichten",NULL,2020
"Die ungewöhnlichen Untersuchungen des Doktor Yao","1. Auflage",2018
"Die unglaublichen Geschichten des Jorbald Süßgrund","1. Auflage",2018
"Die Unruhe des Uhrmachers und andere denkwürdig sonderbare Geschichten",NULL,2022
"Die Unschuldigen von Ipanema und andere Erzählungen","Erste Auflage",2021
"Die unsichtbaren Nachbarn und andere Geschichten","1. Aufl.",2008
"Die unzugängliche Burg und andere Erzählungen",NULL,2011
"Die ursprüngliche Essenz der Menschen","1. Auflage",2023
"Die verflixte Hexennacht",NULL,2016
"Die Verführung",NULL,2010
"DIE VERGÄNGLICHKEIT DER SPUREN - ERZÄHLUNGEN I","1. Auflage",2022
"Die vergessenen Träume","1. Auflage",2019
"Die vergessene Schokolade - Feodora","1. Auflage",2018
"Die verkauften Toten","1. Aufl.",2012
"Die verkorkste Korkeiche","1. Aufl.",2013
"Die verkrachte Expedition",NULL,2009
"Die Verlockung des Spiegels",NULL,2010
"Die verlorenen Stundenblumen",NULL,2022
"Die Vernunft des Instinkts und andere makabre Geschichten",NULL,2013
"Die Verschwörung",NULL,2011
"Die Verschwörung der Möwen","1. Aufl.",2013
"Die Verschwundenen","Vollständige epub-to-Print-Ausgabe, 1. Aufl.",2016
"Die verseuchte Bratwurst","1. Aufl.",2012
"Die versunkene Republik","1. Auflage",2021
"Die vertauschten Köpfe und andere Erzählungen",NULL,2010
"Die Verwandlung","1. Aufl.",2008
"Die Verwandlung, Überstunden für den Chef und weitere Stories",NULL,2009
"Die Vielfalt des Seins","Orig.-Ausg., 1. Aufl.",2011
"Die vier Ansichten eines sprechenden Fisches",NULL,2011
"Die vier Jahreszeiten der Liebe",NULL,2015
"Die vier Jahreszeiten des Todes","1. Auflage",2019
"Die vier Jahreszeiten und ein Rest","1. Aufl.",2012
"Die Villa am Rhein","1. Auflage",2020
"Die virginische Nymphe",NULL,2015
"Die Vogtei zwischen den Jahren","1. Auflage",2023
"Die Vollendung",NULL,2018
"Die volle Stunde – Viermal das Viertelstündchen Frankfurt","Originalausgabe",2023
"Die Wächterin jenseits der Sterne",NULL,2013
"Die wahre Lebensweisheit besteht darin, im Alltäglichen das Wunderbare zu sehen",NULL,2018
"Die wahren Geschichten von Karl May, Karl Marx, Mozart, Wagner, Hera und Zeus",NULL,2011
"Die wahren Zusammenhänge","1. Auflage",2017
"Die Wahrheit in den Wolken","1. Auflage",2019
"Die Wahrheit über das Lügen","1. Auflage",2018
"Die Waldmaid und andere seltsame Erzählungen","1. Auflage",2021
"Die Wand",NULL,2023
"Die Wanderdüne im Speisesaal",NULL,2009
"Die warme Stube der Kindheit","Originalausgabe, 1. Auflage",2019
"Die Warnerin",NULL,2014
"Die Wasserfrau","1. Aufl.",2010
"Die Weihnachtsengel",NULL,2009
"Die Weihnachtsgeschichte von Ole","1. Auflage",2021
"Die Weihnachtsuhr","1. Auflage",2021
"Die Weihnachtsvilla","Originalausgabe im Ullstein Taschenbuch, 1. Auflage",2020
"Die weiße Hexe von London: Sammelband 4 Romane","1. Auflage",2020
"Die weißen Jahre","Neuausgabe",2022
"Die weisse Taube von Pfäfers","1. Auflage",2022
"Die Wellen haben Hände",NULL,2012
"Die Wellenreiter","1. Auflage, Originalveröffentlichung",2021
"Die Welt als Wille und Vorstellung","Erstausg.",2013
"Die Welt anhalten",NULL,2021
"Die Welt auf Gleisen","Erste Auflage",2022
"Die Welt auf meiner Haut",NULL,2013
"Die Weltenformel","1. Auflage",2016
"Die Weltenlauscher","Erste Auflage",2021
"Die Welt für Anfänger","1. Auflage",2018
"Die Welt gegenüber",NULL,2021
"Die Welt hebt an zu singen",NULL,2016
"Die Welt im Fluss - Geschichten aus und in der Kinderzeit","1. Auflage",2020
"Die Welt in 24 Geschichten",NULL,2012
"Die Welt in einer Tasse Kaffee",NULL,2008
"Die Welt ist aus den Fugen",NULL,2009
"Die Welt ist voller Regenbogen",NULL,2008
"Die Welt jenseits unserer Vorstellungskraft",NULL,2012
"Die Welt liegt dir zu Füßen",NULL,2015
"Die Welt meines Dorfes","1. Aufl.",2009
"Die Welt meistern","Erste Auflage",2016
"Die Welt unter meinen Zehen",NULL,2019
"Die Welt, verbessert - fiktive Lösungen für reale Probleme",NULL,2023
"Die Wetterherren und andere Erzählungen",NULL,2018
"Die Wiederentdeckung des bundesdeutschen Ostens","1. Aufl.",2011
"Die Wildgans",NULL,2011
"Die willige Putzfrau","1. Auflage, vollständige Taschenbuchausgabe, Originalausgabe",2022
"Die Windfamilie","1. Aufl.",2013
"Die Winternacht",NULL,2020
"Die Wispernden Bücher - Feenreich","1. Auflage",2023
"Die Wispernden Bücher - Flammenhimmel","1. Auflage",2023
"Die Witwe und der Papagei","Erste Auflage",2022
"Die Witwe und ihre Pläne und andere Geschichten",NULL,2021
"Die Wolken des Amos",NULL,2018
"Die Wolldecke","Dt. Erstausg.",2008
"Die Wormser Republik","1. Auflage",2019
"Die Wortsammlerin",NULL,2009
"Die wunderbaren Frauen",NULL,2008
"Die wunderlichen Erzählungen des Jupp Kiepenlad","1. Aufl.",2014
"Die Wunderschönheit des Lebens","1. Aufl.",2010
"Die wundervolle Welt des Ole Jacobsen",NULL,2020
"Die Wunder zu Weihnachten","Orig.-Ausg., 1. Aufl.",2015
"Die Wurzel trägt dich",NULL,2012
"Die Wüsten-Geschichten des Christian von Aster","1. Aufl.",2012
"Die Xuxel","1. Auflage",2019
"Die Zärtlichkeit der Worte",NULL,2016
"Die Zärtlichkeit des Profis und andere erotische Geschichten",NULL,2017
"Die Zauberin",NULL,2008
"Die Zauberin der Nacht und der Mann",NULL,2023
"Die Zauberland Trilogie","1. Auflage",2018
"Die Zaubernuss",NULL,2011
"Die Zauberschale",NULL,2009
"Die Zauber von Rügen","Erstauflage",2021
"Die Zeckenbürstenkatzentreppe","1. Aufl.",2013
"Die Zeichen des Lebens deuten","1. Auflage",2021
"Die Zeit Begegnungen Die Schlinge","1. Auflage",2020
"Die Zeit danach","1. Auflage",2022
"Die Zeit, die noch bleibt","1. Auflage",2022
"Die Zeit fällt aus dem Kleiderschrank",NULL,2022
"Die zeitgenössische singhalesische Kurzgeschichte",NULL,2010
"Die Zeit hat keine Bremsen","1. Auflage",2019
"Die Zeit in den Leinenlumpen",NULL,2022
"Die Zeit mit Alexandra",NULL,2008
"Die Zeit, nachzudenken!",NULL,2012
"Die Zeitspanne",NULL,2015
"Die Zeit von gestern bis heute","1. Auflage",2017
"Die Zeitwaage","1. Aufl.",2009
"Die Zeit will kommen und gehen","1. Auflage",2021
"Die Zeitzauberfeder","1. Auflage",2020
"Die Zeit zwischen Mittsommer & Lughnasadh",NULL,2009
"Die zerbrochenen Engel","1. Aufl.",2010
"Die zerrissene Zeit","1. Auflage",2020
"Die zivilen Fahnder/innen","1. Auflage",2023
"Die Zuckerdose","1. Aufl.",2008
"Die Zuckerlfabrik im Schulbankfach",NULL,2011
"Die Zugfahrt","1. Auflage",2023
"Die Zugvögel","1. Auflage",2019
"Die Zukunft der Toten",NULL,2022
"Die Zukunft und andere Erzählungen",NULL,2014
"Die Zukunft war früher auch besser",NULL,2019
"Die Zukurzgekommenen","1. Aufl.",2014
"Die Zusammensetzung der Welt",NULL,2008
"Die zweite Amtsglocke",NULL,2009
"Die zweite Leiche","1. Auflage",2016
"Die zwölf Apostel",NULL,2009
"Die zwölf Monate des Jahres","Originalausgabe",2020
"Diffidos & Inhabitos","1. Auflage",2021
"Digger","1. Auflage",2015
"Dilaras Wegträumgeschichten",NULL,2020
"Dimensionen der Wir(r)klichkeit","1. Auflage",2017
"Dinge aus dem Leben",NULL,2015
"Dinge zwischen Himmel und Erde",NULL,2009
"Diplomaten-Geschichten","1. Auflage",2021
"Direkt nach Süd",NULL,2016
"Dirty Darkness - verruchte Dunkelheit","1. Auflage, vollständige Taschenbuchausgabe, Originalausgabe",2019
"Dirty-Talk-Stories","1. Aufl.",2012
"Distant Shore","Deutsche Erstveröffentlichung, 1. Auflage",2016
"Disteln und Ginster","1. Auflage",2022
"Distomo","1. Auflage",2017
"Disturbania",NULL,2008
"Divân mit Schonbezug",NULL,2022
"diverses, jenes - und auch dieses...",NULL,2011
"Diverse Wunder",NULL,2023
"DJ Dionysos","Orig.-Ausg., 1. Aufl.",2010
"Djerba, La douce",NULL,2014
"Doch",NULL,2016
"Doch der Rede wert!",NULL,2010
"..doch die Sehnsucht bleibt für immer.",NULL,2015
"Doch Dolly Parton sang nicht!",NULL,2023
"Doch mehr als grau","1. Auflage",2022
"Doch plötzlich war es Mord","Orig.-Ausg.",2012
"Doctor Who - 13 Doktoren, 13 Geschichten",NULL,2019
"Do hanne num",NULL,2010
"Doktor der Farb-Kriminologie","Deutsche Erstausgabe",2023
"Doktor Stromboli","1. Auflage",2020
"Dolce Vita","1. Auflage",2022
"Dolly & Toby",NULL,2020
"Doña Isidora und ihre unglaublichen Geschichten","1. Auflage",2018
"Donaukiesel",NULL,2010
"Donau-Weiber",NULL,2012
"Don Camillo am Merlot-Teich",NULL,2013
"Dönekes",NULL,2015
"Dönekes, Vertellekes, Witziges, Lustiges",NULL,2021
"Döner macht schöner","1. Auflage",2018
"Donia und die Islandpferde","Bearb. Aufl.",2014
"Donnersmarkter Anekdoten oder Lustige Geschichten aus Siebenbürgen af Sachsesch und auf Deutsch","1. Aufl.",2015
"Donnervögel und die Bedeutung der Farbe Grün","1. Auflage",2023
"Donnerwetter! Da hab' ich mich umsonst besoffen",NULL,2010
"Don´t give up my heart and soul","1. Auflage",2018
"Doppelband Kurzgeschichten","1. Auflage",2018
"Doppelgänger","1. Aufl.",2011
"Doppelt durchs Leben",NULL,2019
"Doppelte Lebensführung","Erste Auflage",2020
"Doppelter Abschied","1. Aufl.",2010
"Doppelt verdientes Glück","1. Auflage",2019
"Dora","1. Aufl.",2011
"Dorfgeschichten","Erste Auflage",2016
"Dorfgeschichten aus dem Werratal","1. Aufl.",2014
"Dorfgeschichten aus Überelbisch","1. Aufl.",2009
"Dorian Peabody","1. Auflage",2021
"Doris Hauser",NULL,2013
"Dornenkrone, Lorbeerkranz",NULL,2020
"Dornenpfade","1. Auflage",2019
"Dorsche haben traurige Augen","1. Aufl.",2011
"Dort geht Sergio","1. Auflage",2021
"Dort, im unendlichen Blau","1. Auflage",2020
"Dortmunder Geschichten vom Fliegen",NULL,2015
"Dost Chelo!","1. Aufl.",2014
"Downtown L.A.","1. Auflage",2020
"Down? und andere Geschichten vom Glück",NULL,2019
"Drabbles reloaded",NULL,2018
"Drachenaugen: Sammelband 1",NULL,2023
"Drachenaugen: Sammelband 2",NULL,2023
"Drachenaugen: Sammelband 3",NULL,2023
"Drachenaugen: Sammelband 4",NULL,2023
"Drachenaugen Sammelband/Drachenaugen - Sammelband 1","1. Auflage",2023
"Drachenaugen Sammelband/Drachenaugen - Sammelband 2","1. Auflage",2023
"Drachenaugen Sammelband/Drachenaugen - Sammelband 3","1. Auflage",2023
"Drachenaugen Sammelband/Drachenaugen - Sammelband 4","1. Auflage",2023
"Drachenlachen - fern und östlich","1. Auflage",2022
"Drachenlachen - Flammen und Fauchen",NULL,2020
"Drachenlicht und 20 andere phantastische Geschichten",NULL,2014
"Drachenreiten und andere Geschichten",NULL,2020
"Drachenreiter und Zwerge: Fantasy Sammelband","1. Auflage",2020
"Drachenwelten",NULL,2018
"Drachenwelt und Feenstaub","Orig.-Ausg.",2008
"Drachinnengesänge","Neuausgabe",2017
"Drahtseilakt","1. Auflage",2023
"Drahtseile wie Nerven","1. Auflage",2019
"Drama-Kurzgeschichten","1. Print-Auflage",2020
"Dramatische Drinks","1. Auflage",2017
"Draußen gibt's nur Kännchen","1. Aufl.",2012
"Draußen in der Nacht","Taschenbuchausgabe",2017
"Draußen um diese Zeit","1. Auflage",2015
"Draußen vor der Tür","Der Neusatz des Textes folgt der Ausgabe 1949",2022
"DreamLust","1. Auflage, vollständige Taschenbuchausgabe, Originalausgabe",2017
"Drehbuch",NULL,2014
"Dreh Dich nicht um","1. Auflage",2018
"Drehtür",NULL,2009
"Drei alte Erzählungen","1. Auflage",2018
"Drei Bauern auf Wallfahrt und andere Kurzgeschichten","1. Auflage",2016
"Drei Bäume","Erstausgabe",2022
"Dreibein","1. Auflage",2017
"Drei Betten für zwei Kranke","Originalausgabe, 2. Auflage",2017
"Dr. Eibls gesammeltes Scheitern",NULL,2014
"Drei dezente Kurzgeschichten","1. Auflage",2018
"Drei + eins","1. Auflage",2019
"Dreierlei Geschichten",NULL,2008
"Drei Erotische Kurzgeschichten für Männer und Frauen",NULL,2022
"Drei Erzählungen",NULL,2010
"Drei Fotos",NULL,2010
"Drei Freunde","1. Auflage",2017
"drei geschichten","1. Auflage",2016
"Drei Geschichten der Unberührbarkeit","1. Aufl.",2014
"Drei Geschichten über Gott, Friesland und das Grillen","1. Auflage",2018
"Drei heitere Erzählungen",NULL,2016
"Drei Höllenspiele",NULL,2013
"Dreikampf, Eros & Tattoos",NULL,2010
"Drei Könige im Abendland - oder wie es dazu kam, dass sie im Jahr 2012 immer noch die Krippe suchten.","1. Auflage",2018
"Drei Kormorane über der Weschnitz und andere Erzählungen","1. Auflage",2023
"Drei Kurzgeschichten",NULL,2023
"Dreimal kurz","1. Auflage",2020
"Dreimal um die Hauptwache","1. Aufl.",2013
"Dreimal zur Welt gekommen",NULL,2008
"Drei Männer - drei Frauen oder der Mann mit dem goldenen Lächeln","Erstausg.",2013
"Drei Mäuse im Winter",NULL,2020
"DREIOHR","1. Auflage",2023
"Drei Spiegel drei Frauen",NULL,2015
"Dreißig simple Kurzgeschichten",NULL,2008
"Dreißig Worte für Schnee","1. Auflage",2017
"Drei Stufen im Trockenen",NULL,2018
"Drei Stühle","1. Aufl.",2013
"Drei Tagesritte vom Bodensee","1. Aufl.",2011
"Drei tränenlose Geschichten",NULL,2014
"Dreiundsechzig","1. Auflage",2015
"Drei Verräter, ein Täter","1. Aufl.",2015
"Dreiviertel hunnert klaane Geschichten ausn Arzgebirg","1. Auflage",2015
"Drei Wanderer","1. Auflage",2020
"Drei Wochen drüber","Dt. Erstausg.",2013
"Drei Worte weiter","1. Auflage",2022
"Dreizehn Morde hat das Jahr","Orig.-Ausg.",2009
"Dreizehn Mythen - dreizehn Verbrechen","1. Auflage",2019
"Dresdner Liebe und Geschichten",NULL,2008
"Dr Hieros CNDS","1. Auflage",2023
"Dr. Hoffmann erzählt von der Liebe",NULL,2020
"Dringend!","1. Auflage",2015
"Drive-By Shots","1. Aufl.",2015
"Droadbodn","1. Auflage",2017
"Dr. Schmurgler und andere Geschichten","1. Auflage",2018
"Dr Struwwlgägger","1. Aufl.",2011
"Dr unheilige Wenzel","1. Aufl.",2013
"Dr. Vrkzta","1. Auflage",2019
"DSA5 - Dämonenmacht & Sternenkraft (Magier-Anthologie)",NULL,2022
"DSA5 - Donnerwacht Kampagne (Sammelband)",NULL,2021
"DSA5 - Zukunft im Sand (Wüstenreich-Anthologie)",NULL,2023
"D Sùnenenerschyy vam Solei Blang",NULL,2012
"Du & andere Irrtümer","1. Aufl.",2015
"Dubiose Geschichten","1. Auflage",2022
"Du bist bei mir","1. Aufl.",2009
"Du bist Deutschland? - ich bin einkaufen",NULL,2008
"Du bist kein Kind mehr","1. Aufl.",2014
"Du bist mein Mond","Orig.-Ausg.",2010
"Du bist schön, Marie","1. Aufl.",2010
"Du bist tot...!",NULL,2016
"Du bist zu Hause",NULL,2020
"Dublin stories",NULL,2012
"Du darfst nicht lesen","1. Auflage",2020
"Dudenbrooks",NULL,2011
"Duets-es?",NULL,2011
"Du fehlst","1. Auflage",2018
"Dufte Noten","1. Auflage",2015
"Düfte & Noten","1. Auflage",2019
"Duftige Benotungen","1. Auflage",2022
"Duftige Noten","1. Aufl.",2009
"Duftnoten","1. Aufl.",2008
"Du grünst nicht nur zur Sommerzeit",NULL,2017
"Du hast mir die Augen geöffnet, Milli und andere Kurzgeschichten",NULL,2017
"Du kannsch ma viel vazähle!","1. Auflage",2021
"Du kannst alles schaffen, wenn du nur chillst!",NULL,2021
"Du kommst mir gerade richtig!","Orig.-Ausg., Erstdr., 1. Aufl.",2014
"Du lieber Himmel!",NULL,2015
"Du machen Klickklick",NULL,2017
"Du musst zurücktreten, Junge!",NULL,2008
"Dünen, Sand und Meer","1. Aufl.",2014
"Du nicht hier","1. Auflage",2021
"DunkelBunt",NULL,2016
"Dunkelgraue Träume","1. Auflage",2022
"DUNKEL ist die NACHT",NULL,2022
"Dunkelkammern","Erste Auflage, Originalausgabe",2020
"Dunkelrot und Tiefschwarz – Unheimliche Erzählungen","1. Auflage",2022
"Dunkelrot und Tiefschwarz – Unheimliche Erzählungen (Hardcover)","1. Auflage",2022
"Dunkle Erinnerungen","1. Aufl.",2013
"Dunkle erotische Geschichten",NULL,2014
"Dunkle Geschichten","1. Aufl.",2009
"Dunkle Geschichten aus der alten Steiermark",NULL,2014
"Dunkle Geschichten aus Ostwestfalen und Lippe","1. Auflage",2019
"Dunkle Gestalten der Nacht","1. Aufl.",2014
"Dunkle Jugend","1. Auflage, Originalaufnahme",2022
"Dunkle Sonne",NULL,2021
"Dunkle und helle Momente","1. Auflage",2021
"Dunkle Verführungen","1. Aufl.",2011
"Dünne Haut und dickes Fell",NULL,2013
"Dünne Schicht über leerem Raum","1. Auflage",2021
"Dünnes Eis - Die Grenzpolizei",NULL,2022
"Durch deiner Blicke Macht","1. Auflage",2019
"Durch die Welt",NULL,2013
"Durch einen Flözarm von Wörtern",NULL,2012
"Durchschnittsfrau auf Abwegen",NULL,2009
"Durchs Leben gewhippt","1. Auflage",2022
"Durchs Leben pilgern","1. Aufl.",2010
"Durch Staub und Geröll","1. Auflage",2019
"Durch's Unkraut geschrieben",NULL,2017
"Durch Tag und Nacht","Orig.-Ausg., 1. Aufl.",2009
"Durch Traum und Zeit","1. Auflage",2018
"Durchzug","1. Aufl.",2015
"Du Sau!","1. Auflage",2022
"Düsseldorf linksrheinisch",NULL,2012
"Düsseldorf rechtsrheinisch",NULL,2014
"Düstere Weihnachten",NULL,2021
"Du und ich - Lebenswege","1. Auflage",2022
"Du wääscht jo",NULL,2014
"Du warst ganz prima",NULL,2011
"Du wolltest eigentlich noch nicht sterben","1. Auflage",2018
"Du wunderst dich",NULL,2012
"Dystopische Kurzgeschichten","1. Auflage",2021
"Dzieciństwo w Polsce, Dzieciństwo w Niemczech","1. Aufl.",2015
"East Side",NULL,2016
"Ebbes is immer","1. Aufl.",2011
"Eben war der Sarg noch da!","1. Aufl.",2012
"Eberhofer, Zefix!","Originalausgabe",2018
"Echnaton im Feuersturm",NULL,2014
"Echo der Stille",NULL,2009
"Echo einer anderen Welt","Originalausgabe",2020
"Echte Geier kotzen nicht",NULL,2019
"Echter selbstsüchtiger Liebhaber",NULL,2023
"Echte Schurken falsche Propheten",NULL,2023
"Echt nur Spass","Orig.-Ausg.",2014
"Ecrinautik","1. Auflage",2021
"Edelbach",NULL,2021
"Edgar und die anderen",NULL,2008
"Edi Finger - Um den Finger gewickelt",NULL,2013
"Edition: Tödlich!","1. Auflage",2022
"effektiv - perspektiv - normativ",NULL,2021
"E. Gabriel & Cie. GmbH","1. Auflage",2016
"E. Galaxien",NULL,2015
"Egons erste Hose",NULL,2020
"e-gutenberg",NULL,2014
"Ehebruch",NULL,2023
"Ehepartner zum Verkauf",NULL,2023
"Eiapopeia im Prenzelberg",NULL,2021
"Ei-Buch",NULL,2013
"Eickmeiers Traum und andere Geschichten",NULL,2014
"Eierspeis und Kabarett",NULL,2008
"Eiertanz",NULL,2022
"Eifeler Böse-Nacht-Geschichten",NULL,2019
"Eifelluft",NULL,2013
"Eifelnacht","Orig.-Ausg.",2011
"Eifelweihnacht, Weihnachtseifel","1. Auflage",2021
"Eifel-Winter","Orig.-Ausg.",2010
"Eigenartig",NULL,2016
"Eigenartige Geschichten",NULL,2012
"Eigener Herd ist Goldes wert - die schönsten Sprichwort-Geschichten rund um Haus und Hof",NULL,2014
"Eigengrau",NULL,2008
"Eigentlich Alltäglichkeiten",NULL,2011
"Eigentlich bin ich nur außen alt",NULL,2011
"Eigentlich glücklich","Erstaufl.",2011
"Eigentlich wäre noch viel zu sagen","1. Auflage, ungekürzte Ausgabe",2019
"Eigentlich wollte ich arbeiten",NULL,2015
"Eigentlich wollt' ich Blumen kaufen",NULL,2013
"Ein Abend beim Chinesen",NULL,2009
"Ein Abend irgendwo und andere kurze Geschichten","Originalausgabe, 1. Auflage",2021
"Ein Ahornblatt ... und weitere Kurzgeschichten","Originalausgabe",2017
"Ein Album voller Kurzgeschichten",NULL,2010
"Ein Alien kommt selten allein","1. Auflage",2020
"Ein Anderer wird dich führen","1., Aufl.",2010
"Ein Anfang - zwei Geschichten",NULL,2021
"Ein Aufenthalt in Estland und andere Erzählungen",NULL,2017
"Ein Auto voller Blumen",NULL,2013
"Ein Bäcker im Glück",NULL,2020
"Einbahnstraßen der Evolution","1. Aufl.",2013
"Ein Bayer besichtigt die Berliner Mauer und andere Geschichten","1. Aufl.",2010
"Ein Bild von Eintracht und Verlorenheit",NULL,2011
"Ein Bild von mir","1. Auflage",2020
"Ein bisschen Buddha steckt in jedem Tier","1. Auflage",2021
"Ein bisschen Marilyn und immer Frau",NULL,2019
"Ein bißchen Spaß muß sein",NULL,2009
"Ein Bleistift erzählt",NULL,2010
"Einblick - Ausblick - Durchblick",NULL,2011
"Einblicke",NULL,2020
"Einblick ins Autorenleben",NULL,2020
"Ein blinder Hahn in der Kornkammer",NULL,2015
"Ein Blumenstrauß voller Geschichten","1. Aufl.",2009
"Ein Buchdackel erzählt","1. Auflage",2020
"Ein bunter Blumenstrauß","Erstausg.",2009
"Ein bunter Blumenstrauß des Lebens - Blauer Band",NULL,2023
"Ein bunter Strauß aus dem Alpha-Beet","1. Aufl.",2014
"Ein bunter Strauß Gedichte",NULL,2011
"Ein Büro in La Boca",NULL,2009
"Ein Cop zum Verlieben","Erste Auflage",2017
"Ein Cowboy zum Verjagen ","1. Auflage",2022
"Ein Doktor in Schwarz",NULL,2016
"Ein Dorf am Rande der großen Welt","1. Aufl.",2012
"Ein Drache im Rotlichtviertel","Originalausgabe",2013
"Eindringlinge","1. Auflage",2020
"Ein dünner Faden",NULL,2015
"Ein Dutzend Gegenstände und ein Dutzend Geschichten","1. Aufl.",2008
"Ein Dutzend Langer Kerls wäre mir lieber","1. Aufl.",2016
"Eine Ahnung vom Ende des Glücks","Erste Auflage",2022
"Eine Amazone","1. Aufl.",2011
"Eine Anthologie",NULL,2020
"Eine Anthologie von Lyrik und Prosa verbunden mit Fotografien und Malereien der Autorengruppe Fabula aus Barth",NULL,2015
"Eine Art Bescherung","1. Auflage",2015
"Eine Art Mensch","1. Aufl.",2008
"Eine Art von Luxus",NULL,2009
"Eine Banane mag ich nicht","Originalausgabe",2018
"Eine blonde Geisha und andere bewegende Geschichten","1. Auflage",2016
"Eine Blütenlese atemberaubender japanischer Geschichten","1. Auflage",2017
"Ein echter Münchner!","1. Aufl.",2009
"Eine deutsche Geschichte",NULL,2012
"Eine deutsche Leidenschaft namens Nudelsalat und andere seltsame Geschichten",NULL,2011
"Eine einzige grosse Welt von Liedern","1. Auflage",2021
"Eine einzige Nacht",NULL,2023
"Eine Frage der Perspektive","1. Auflage",2023
"Eine Frau blickt sich an",NULL,2012
"Eine Frau fuhr nicht in die Schweiz","1. Aufl.",2012
"Eine Frau geht mit Kraft voraus",NULL,2015
"Eine Frau ruft an","1. Auflage",2016
"Eine Fremde Bondage Erotik Geschichte",NULL,2023
"Eine Fuhre Liebe",NULL,2008
"Eine ganz andere Welt",NULL,2017
"Eine geht noch","1. Auflage",2021
"Eine Göttin träumt",NULL,2010
"Eine Handvoll Geschichten","1. Auflage",2019
"Eine Handvoll Heiterkeit",NULL,2008
"Eine Handvoll Kastanien",NULL,2016
"Eine Handvoll Leben",NULL,2023
"Eine Hand voll Zeit",NULL,2011
"Eine Heimat am See",NULL,2010
"Eine Heimat für Jörg",NULL,2020
"Eine Herrlichkeit in Bayern","1. Aufl.",2009
"Eine hinreißende Geliebte ... und andere Erzählungen",NULL,2008
"Eine irische Winterreise","1. Auflage",2020
"Eine Irrenhausromanze und andere unglaubliche wahre irre Geschichten","1. Auflage",2016
"Eine Kaffeegrundsatzentscheidung",NULL,2022
"Eine Kindheit","1. Auflage",2018
"Eine kleine Bosheit zwischendurch","Erste Auflage, Originalausgabe",2019
"Eine kleine Emmentaler Nachtmusik und andere historische Geschichten",NULL,2015
"Eine kleine Ungarin und andere Geschichten",NULL,2011
"Eine Kugel Strappsiatella, bitte!","Originalausgabe",2016
"Eine Kuh macht Muh - viele Kühe machen Mühe","Orig.-Ausg.",2013
"Eine Kunstblume hört alles","1. Aufl.",2014
"Eine kurze Reise lang oder reizende Reisende","1. Auflage",2016
"Eine lange Zeit","1. Auflage",2016
"Eine Lektion in Orgasmen",NULL,2023
"Eine Liebe im Ausserfern",NULL,2022
"Eine Liebe über Grenzen - eine grenzenlose Liebe?","1. Aufl.",2010
"Eine Liebe - Vier Geschichten",NULL,2023
"Eine literarische Reise",NULL,2013
"Eine lüsterne und lüsterne Hausfrau",NULL,2023
"Eine Münze hat zwei Seiten","1. Aufl.",2013
"Eine Nacht als Stripperin",NULL,2023
"Eine Nacht im Juli, eine Nacht im Dezember",NULL,2020
"Eine Nacht im Kameha",NULL,2023
"Eine Nacht in Kairo","1. Aufl.",2011
"Eine Nacht mit Valentin","1. Auflage",2015
"Eine Nacht voller Geheimnisse","1. Auflage",2016
"Eine Nacht zum Erinnern",NULL,2023
"Einen Augenblick mir selbst auf der Spur",NULL,2014
"Eine neutrale Tüte bitte!","1. Auflage",2019
"Ein Engel schiebt","1. Auflage",2017
"Einen Pulsschlag lang","1. Auflage",2017
"Einen Schritt daneben","1. Auflage",2020
"Einen Versuch haben wir noch","Überarb. und erg. Neuveröff., 1. Aufl.",2013
"Eine offene Rechnung","1. Auflage",2020
"Eine Partie mit dem Selbst","1. Auflage",2019
"Eine Prinzessin für den Cowboy",NULL,2023
"Eine Prise Krise",NULL,2011
"Einer bleibt übrig, damit er berichte",NULL,2010
"Eine Reise in die Vergangenheit",NULL,2020
"Einer liebt immer mehr",NULL,2021
"Eine Rose für Nadeschda",NULL,2017
"Einer redet, keiner hört zu","1. Aufl.",2009
"Ein erster lesbischer Sex-Hochzeits-Sex-Vierer",NULL,2023
"Eine runde Sache","1. Auflage",2009
"Einer von Fünfhundert",NULL,2016
"Eines Abends im Mai",NULL,2011
"Eine Seele aus Flammen - Phönix","1. Aufl.",2015
"Eines geeigneten Tages",NULL,2010
"Eines Kekses lange Reise in die Nacht und andere kleine Geschichten aus dem Berliner Schreibsalon 2017-2022",NULL,2022
"Eine Sklavin als Geschenk","1. Auflage, vollständige Taschenbuchausgabe, Originalausgabe",2023
"Eine Socke zu wenig",NULL,2019
"Eine Sonnenuhr für beide Hemisphären und andere Erzählungen",NULL,2021
"Eine souveräne Frau","1. Aufl.",2012
"Eines Tages","1. Auflage",2021
"Eines Tages alles dir",NULL,2017
"Eine Stimme im Haus",NULL,2009
"Eine Stunde Zeiten","1. Auflage",2022
"Eine Tasse Tee","1. Auflage",2017
"Eine tötet",NULL,2020
"Eine tuwinische Geschichte und andere Erzählungen","1. Aufl.",2013
"Eine unberührte Welt",NULL,2022
"Eine unerwartete Begegnung","1. Aufl.",2008
"Eine unfreiwillige Wanderung","1. Aufl.",2013
"Eine Urlaubsliebe","Originalausgabe, 1. Auflage",2020
"Eine vergnügliche Reise durch den Lebensdschungel",NULL,2023
"Eine verhängnisvolle Autopanne",NULL,2013
"Eine Villa voller Worte","1. Auflage",2021
"Eine weitere Abhandlung über Geschichten ohne Sieger von Sascha ponti Hartmann","1. Auflage",2023
"Eine Wintertaufe und andere weihnachtliche Erzählungen","1. Aufl.",2010
"Eine Woche, ein Tag, eine Ewigkeit","Illustrierte Ausgabe",2016
"Ein Experiment mit Autoren, die ihre ersten Geschichten vorstellen","1. Auflage",2019
"Ein extraherrlicher Meersommerabend","1. Aufl.",2013
"Eine Zeit vorher und die Zeit heute","1. Auflage",2023
"Einfach da","Orig.-Ausg., 1. Aufl.",2015
"Einfach du selbst",NULL,2020
"Einfache Geschichten","1. Aufl.",2013
"Einfach.Glück",NULL,2013
"Einfach ins Herz",NULL,2018
"Einfach Leben",NULL,2021
"Einfach mal in fremden Betten hüpfen","1. Auflage",2018
"Einfach mal machen [durchgestrichen] lassen!","1. Auflage",2019
"Einfach Mensch sein","1. Auflage",2020
"Einfach nur ein Engel","1. Aufl.",2012
"Einfach Sascha","1. Auflage",2021
"Einfach schön locker bleiben",NULL,2015
"Einfach weg","Originalausgabe",2018
"Einfach Weihnachten",NULL,2009
"Ein Fall für Epikur","1. Aufl.",2008
"Ein Fall für Frosch","1. Aufl.",2009
"Ein falsches Spiel","1. Auflage",2020
"Ein falsches Vogelkind","1. Auflage",2019
"Ein falsches Wort und du bist tot","1. Auflage",2021
"Ein Fingerhut voll Harz",NULL,2020
"Ein Fisch im Urwald","1. Auflage",2017
"Ein Flügelschlag",NULL,2011
"Ein Frauenkenner am Matterhorn",NULL,2010
"Ein Freitag im Advent","1. Aufl.",2013
"Ein fröhliches Fest",NULL,2015
"Ein Frühlingsstrauß für dich",NULL,2019
"Ein Funken Wahrheit","1. Aufl.",2015
"Ein ganz alltägliches Wunder","1. Aufl.",2014
"Ein Garten voller Geschichten",NULL,2013
"Eingeborene bedrohen die Zivilisation","1. Auflage",2019
"Ein gefährliches Parfum","Wiederveröffentlichung, 1. Auflage",2017
"Eingefangene Alltagsmomente",NULL,2012
"Eingefangen im Rückspiegel",NULL,2008
"Ein gemeinsames Leben","1. Aufl.",2011
"Ein Geschenk wie kein anderes","Erste Auflage, Originalausgabe",2016
"Ein Geschichtenlöffel für die Buchstabensuppe",NULL,2019
"Ein Gib-und-Nimm-Geschäft",NULL,2020
"Ein Gigolo aus Bratislava",NULL,2012
"Ein Glas Leben","Orig.-Ausg.",2014
"Ein Glas Tränen","1. Auflage",2019
"Ein Glas voller Malzbonbons",NULL,2020
"Ein Glück, daß es dich gibt","1. Auflage",2020
"Ein Glück, dass wir nicht Frösche sind",NULL,2017
"Ein Grund morgens aufzustehen","1. Auflage",2016
"Ein Hai greift an und andere heitere Geschichten",NULL,2020
"Ein Hai im Fester und andere Erzählungen","1. Aufl.",2013
"Ein Halsband aus Sonnenlicht","1. Auflage",2021
"Ein Harzer Frosch am Wasserregal",NULL,2022
"Ein Hauch von einer andern Welt","1. Aufl.",2008
"Ein Hauch von Herbst","Orig.-Ausg.",2011
"Ein Hauch von Regenbogen",NULL,2013
"Ein Hauch von Süden","Orig.-Ausg.",2013
"Ein Hauch von Weihnachten: 30 besinnliche Geschichten für Erwachsene","1. Auflage",2023
"Ein Haus in Berlin",NULL,2019
"Ein Haus in Zürich","1. Aufl.",2011
"Ein Haus zum Lernen",NULL,2008
"Ein heißer Sommer ...","1. Aufl.",2008
"Ein helles Licht im dunklen Kerker",NULL,2014
"Ein Herrenzimmer und andere Geschichten um Raum und Zeit","1. Aufl.",2010
"Ein Herz ist wie ein neues Leben",NULL,2014
"Ein Himmel voller Zimtsterne | Liebevolle Geschichten zur Weihnachtszeit | Sammlung aus Lesungen in der Adventszeit | Geschichten mit Herz",NULL,2022
"Ein himmlisches Märchen",NULL,2012
"Ein Hitler im GULAG  und andere russische Geschichten",NULL,2014
"Einhorn & Drache - Geschichten zum Vorlesen oder zum Selberlesen",NULL,2023
"Einhörner, Kobolde und andere fantastische Wesen","1. Aufl.",2012
"Ein Hund ist kein Lama",NULL,2013
"Ein Hungerkünstler","1. Auflage",2020
"Ein Hungerkünstler und andere Erzählungen","1. Aufl.",2012
"Einige Dinge, die ich über meine Frau weiß","1. Auflage",2017
"Einige Geschichten der phantastischen Art","1. Auflage",2018
"Einige Momente Karls","1. Aufl.",2010
"Ein Kanake sieht rot","1. Aufl.",2014
"Ein Kater im Himmel",NULL,2013
"Ein Kessel Pommes","1. Auflage",2023
"Ein Kieselstein erzählt","1. Auflage",2018
"Ein Killer, ein Hacker und ein Teufel: Super Krimi Sammelband 3 Romane","1. Auflage",2020
"Ein Kind des Hochwaldes","1. Aufl.",2008
"Ein Kind versteht Wunder",NULL,2023
"Ein Kind versteht Wunder, Geschichten zum Gesundwerden für Erwachsene und die es werden wollen",NULL,2023
"Ein Kleid, ganz aus Schnee","1. Auflage",2019
"Ein kleines Herzchen namens Eri","Erstauflage",2022
"Ein klein wenig Hoffnung","1. Auflage",2016
"Ein Koffer voller Geschichten",NULL,2008
"Ein Koffer voller Monate","1. Auflage",2019
"Ein Korb voller Erinnerungen an Kreta","1. Aufl.",2008
"Ein Kreis aus Salz",NULL,2021
"EIN KRIMINELLES WEIHNACHTSFEST - DER BAUM BRENNT NICHT","1. Auflage",2021
"Ein kurzweilig Lesen von Till Eulenspiegel",NULL,2012
"Ein Kuss in der Luft","1. Auflage",2019
"Ein Lächeln am Morgen vertreibt alle Sorgen",NULL,2011
"Ein Lächeln für die Seele",NULL,2014
"Ein Lächeln für diese Welt","1. Auflage",2018
"Einladung nach Thüringen","1. Auflage",2020
"Ein Landarzt","1. Auflage",2016
"Ein Leben für die Dichtung ",NULL,2016
"Ein Leben in Geschichten",NULL,2010
"Ein Leben lang","1. Auflage",2018
"Ein Leben mit Autismus","1. Aufl.",2012
"Ein Leben mit Hunden",NULL,2009
"Ein Lederbeutel","1. Aufl.",2008
"Ein leichtes Leben",NULL,2010
"Ein Lesebuch",NULL,2012
"Ein letzter Mann",NULL,2014
"Ein Letztes von Herrn Meinrad & Co.",NULL,2016
"Ein Licht am Ende des Tunnels und andere Geschichten",NULL,2021
"Ein Licht kommt in die Welt",NULL,2015
"Ein Lichtstrahl ist überall",NULL,2012
"Ein liebenswerter Kern","1. Auflage",2021
"Ein literarischer Rettungsschirm für Europa",NULL,2013
"Ein Mädchen mordet","1. Auflage",2016
"Ein magischer Zaubertopf voller Kurzgeschichten","1. Auflage",2020
"Ein Makler für Mathea","1. Auflage",2020
"Einmal anders bitte",NULL,2014
"Einmal blüht die Herbstzeitlose","1. Aufl.",2013
"Einmal ist (nicht) keinmal","1. Aufl.",2010
"Einmal Matjes - aber bitte vegan","1. Auflage",2023
"Einmal Rio ...",NULL,2017
"Einmal Schnitzel mit Buch",NULL,2020
"Ein Manifest gegen die emotionale Verkümmerung","Erstausgabe",2018
"Ein Mann schreibt…..",NULL,2021
"Ein Mann spielt um sein Leben","1. Aufl.",2010
"Ein Mensch ohne Charakter","1. Auflage",2021
"Ein mieser Tag mit Happy-End","1. Auflage",2018
"Ein mörderischer Monat",NULL,2012
"Ein Murmeltier im Turm",NULL,2016
"Ein nackter Arsch kracht durch die Decke","1. Auflage",2021
"Ein Narrenwerk",NULL,2018
"Ein neuer Anfang","Erste Auflage, Originalausgabe",2022
"Ein neues Leben und weitere kurze Geschichten","Orig.-Ausg., . Aufl.",2014
"Ein Ort für Geschichte(n)",NULL,2011
"Ein Oscar für Hitler und zehn andere phantastisch-realistische Erzählungen",NULL,2015
"Ein paar gehen immer drauf","1. Auflage",2021
"Ein paar Jahrzehnte Ewigkeit",NULL,2014
"Ein perfektes Paar",NULL,2023
"Ein Pfund Zwetschgen, bitte!",NULL,2017
"Ein Platz im Schatten","1. Aufl.",2009
"Ein Poesiealbum namens Kotze","1. Auflage",2022
"Ein Querschnitt: Philosophie, Ökologie, Politik, Literatur und Geschichte",NULL,2012
"Ein Reigen - Erzählungen und Kurzgeschichten","1. Auflage",2022
"Ein Reisegepäck",NULL,2013
"Ein Rest von Trübung",NULL,2012
"Ein rosaroter Traum","1. Auflage",2020
"Einsamkeit hat viele Namen","1. Auflage",2018
"Einsamkeit mit rollendem r",NULL,2014
"Ein Sargtischler in NY und andere Stories","Orig.-Ausg.",2010
"EinSatz Geschichten","1. Auflage",2017
"Ein Schneemann feiert Weihnachten","1. Auflage",2017
"Ein schönes Leben","Genehmigte Taschenbuchausg., 1. Aufl.",2009
"Ein schwarzer Tag für Bernd K.",NULL,2021
"Einseitige Geschichten",NULL,2020
"Einsichten & Ausblicke","Normalausg., 1. Aufl.",2008
"Einsichten einer Querdenkerin","1. Auflage",2020
"Einsichten mit Aussichten",NULL,2019
"Ein Sommerbuch","1. Aufl.",2011
"Ein Sommer ohne Kanzler","1. Auflage",2019
"Ein Song für Malena","1. Auflage",2021
"Ein Sonntag zuviel",NULL,2011
"Ein starkes Stück","1. Auflage",2017
"Einsteigen - Losfahren - Lesen","1. Auflage",2017
"Einsteins Besuch und 6 andere Geschichten",NULL,2013
"Einsteins Erben","1. Auflage",2018
"Einstein überquert die Elbe bei Hamburg","1. Auflage",2017
"Ein Stern strahlt in dein Herz",NULL,2011
"Ein Stern strahlt in der Nacht",NULL,2013
"Ein Stern weist uns den Weg",NULL,2009
"Ein Strauß Spätwahrheit",NULL,2013
"Ein Strauß voller Dankbarkeit","1. Aufl.",2015
"Ein Stück des Weges","1. Auflage",2019
"Ein Stück vom Himmel","1. Aufl.",2011
"Ein Stück vom Regenbogen","1. Aufl.",2012
"Ein stürmischer Sonntag","1. Auflage",2015
"Eins, zwei, drei, vier, Eckstein ... - die schönsten Lausbuben-Geschichten aus früheren Tagen",NULL,2014
"Ein Tag","1. Aufl.",2009
"Ein Tag ohne Lächeln ist ein verlorener Tag",NULL,2020
"Ein Tag ohne Nacht","1. Auflage",2023
"Ein Tag wie morgen","1. Auflage",2017
"Ein Teller Nüsse und 50 Pfennig extra",NULL,2014
"Ein Teppich fürs Leben",NULL,2009
"Ein todsicherer Plan","1. Aufl.",2008
"Eintracht und Zwietracht","Orig.-Ausg., 1. Aufl.",2011
"Ein trauriger, aber tanzbarer Gedanke",NULL,2022
"Eintritt frei",NULL,2011
"Ein Tropfen im Fluss",NULL,2010
"Ein Umweg und andere Geschichten",NULL,2016
"Einunddreissig kleine Geschichten",NULL,2008
"Ein Unfall",NULL,2010
"Ein (un)gewöhnlicher Wintertag","1. Aufl.",2010
"Ein Vampir zum Küssen","Orig.-Ausg.",2010
"Ein verblüffendes Geständnis und weitere Kurzgeschichten",NULL,2022
"Ein Verbrechen und andere Geschichten","1. Auflage",2021
"Ein verdächtiger Brief und andere Geschichten",NULL,2017
"Ein verflixter Valentinstag","1. Auflage, vollständige Ausgabe, Originalausgabe",2023
"Ein verflixtes Halloween","1. Auflage, vollständige Ausgabe, Originalausgabe",2023
"Ein vitaler Toter",NULL,2014
"Ein Vogel singt viermal","1. Auflage",2016
"Ein Vogel wollte Hochzeit machen",NULL,2021
"Einweggeschichten zur Förderung des kommunikativen Verständnisses","1. Aufl.",2012
"Ein Weihnachtsengel zieht durchs Land",NULL,2022
"Ein Weihnachtslicht für dich",NULL,2021
"Ein weißes Blatt Papier","1. Auflage",2017
"Ein Wiedersehen zu Weihnachten - Serien-Epilog der Im Bann des Highlanders-Reihe",NULL,2023
"Ein Wort gibt das andere",NULL,2011
"Eisblumen","Erstauflage",2019
"Eisblumen am Fenster",NULL,2011
"Eisch kann mich noch gudd entsinne",NULL,2010
"Eiserne Ration für fichilante Sachsen",NULL,2010
"Eisflucht",NULL,2023
"Eisig","Orig.-Ausg.",2010
"Eiskalt abserviert","1. Aufl.",2013
"Ekstase gesucht",NULL,2014
"Elbe Blues","1. Aufl.",2012
"Elbnacht","1. Aufl.",2008
"El Cóndor Pasa",NULL,2011
"Electronic Harem",NULL,2015
"Elefanten in der Spree",NULL,2008
"Elefanten treffen",NULL,2016
"Elementare Lebenselixiere",NULL,2008
"Elf auf einen Streich",NULL,2019
"Elfenbein aus Peking","1. Auflage",2018
"Elfentanz und Feenstaub","1. Auflage",2016
"Elfentanz und Waldgeflüster","1. Auflage",2017
"Elf Geschichten aus einer fremden Welt","1. Auflage",2020
"Elf Märchen müsst ihr hören",NULL,2013
"Elf Märchen sollt ihr lesen",NULL,2016
"Elf unfassbare Fußball-Geschichten - Teil 2","1. Auflage",2020
"Eliantis","11. Auflage",2020
"Elisabeths letzte Reise","1. Aufl.",2012
"Elly - Wildenten-Geschichten",NULL,2011
"Eltern sind auch nur Menschen","Orig.-Ausg.",2013
"Elvira in der Weihnachtskugel .... und andere Geschichten",NULL,2015
"Elvis auf der Himmelsleiter","Erstauflage",2019
"Elwedritsche fange …","1. Auflage",2018
"Elwetritsche, Worscht und Woi",NULL,2020
"Elysion & Tartaros","1. Auflage",2022
"Emanzipation",NULL,2015
"Émile, Étienne und all die Anderen.. Provenzalische Geschichten vom Mas Roustan","1. Auflage",2016
"Emily und Michael",NULL,2013
"Emmerich Geistmarkt",NULL,2023
"Empfindsame Geschichten",NULL,2012
"Empirisch belegte Brötchen","Originalausgabe, 1. Auflage",2018
"En Abbel unn e Ei","1. Aufl.",2014
"En chemin",NULL,2011
"Ende der Fuchsjagd",NULL,2016
"Ende der Nacht",NULL,2010
"Ende der Weinlese","1. Auflage",2019
"Ende einer Pandemie und weitere Erzählungen","1. Auflage",2022
"Ende eines Theaterabends",NULL,2021
"Endless moments - (un)mögliche Liebe","1. Auflage",2022
"Endlich",NULL,2018
"Endlich allein",NULL,2023
"Endlich Ferien!","Orig.-Ausg.",2012
"Endlich ist wieder Mallorca!","1. Auflage",2021
"Endlichkeit und Vergänglichkeit",NULL,2022
"Endlich Schnurrlaub","Orig.-Ausg.",2014
"Endlich von ihm benutzt",NULL,2023
"Endlich Weihnachten!","Orig.-Ausg.",2014
"Endlich wieder Weihnachten","Erste Auflage",2019
"Endlich wieder Weihnachtszeit",NULL,2020
"Endlose Felder","Deutsche Erstausgabe",2017
"Endlose Lust - ich will alles","1. Auflage, vollständige Taschenbuchausgabe, Originalausgabe",2022
"Endstation - bitte aussteigen!",NULL,2010
"Engel",NULL,2012
"Engelchen",NULL,2012
"Engeldamm - Geschichten von der Straße",NULL,2013
"Engel der Hoffnung","1. Auflage",2021
"Engel der Toten",NULL,2020
"Engel für unsere Zeit",NULL,2009
"Engel. Genien. Geister",NULL,2012
"Engel, Hexen, Wiedertäufer",NULL,2013
"Engel mit und ohne Flügel",NULL,2022
"Engelratgeber und andere himmlische Geschichten",NULL,2009
"Engel - Schicksalhafte Begegnungen/ Von Menschen, Tieren und anderen Engeln","1. Auflage",2016
"Engelsharfe","1. Aufl.",2012
"Engelsmärchen","1. Auflage",2016
"Engel trifft man überall","Originalausgabe, 1. Auflage",2016
"Engel-Weihnacht",NULL,2008
"Engel, Wölfe und Halunken","1. Aufl.",2009
"Englein, Gauchos, Seidenäffchen und Co.",NULL,2015
"Englische Erzählungen (Bücher + 6 Audio-CDs) - Lesemethode von Ilya Frank","1. Auflage",2023
"Englische Erzählungen (Bücher + Audio-Online) - Lesemethode von Ilya Frank","1. Auflage",2022
"Englische Erziehung - gehasst und geliebt","1. Auflage, vollständige Taschenbuchausgabe, Originalausgabe",2023
"Englische Kurzgeschichten (Bücher + 6 Audio-CDs) - Lesemethode von Ilya Frank","1. Auflage",2023
"Englische Kurzgeschichten (Bücher + Audio-Online) - Lesemethode von Ilya Frank","1. Auflage",2022
"Englische Lyrik des Fin-de-Siècle",NULL,2019
"En hunsfol düntjin",NULL,2016
"Ennoia modi -- Das Modi-Konzept, Band 2, Herbst",NULL,2023
"Ens Blau nei gschrieba","1. Auflage",2019
"Entblätterte Zeit","1. Auflage",2022
"Entfernte Geliebte","Erste Auflage",2019
"Entfesselt","Orig.-Ausg., 1. Aufl.",2011
"Entfesselte Dämonen","1. Auflage",2023
"Entfesselte Emotionen","1. Auflage",2016
"Entflammtes Herz",NULL,2011
"Entfremdung",NULL,2008
"Entführt!?",NULL,2010
"Entführung in die Antike",NULL,2019
"Entgrenzt",NULL,2011
"Entscheidende Begegnungen",NULL,2018
"Entschuldigen Sie, wo geht's denn hier zum Galgen?","1. Auflage",2015
"Entspann dich, Hase!","Orig.-Ausg.",2011
"Entwirkt","1. Aufl.",2012
"Enzo's Gutnacht-Geschichten","1. Aufl.",2010
"Epikurs Bibliothek","1. Auflage",2021
"Epilog - Auf ewig vereint",NULL,2011
"Epische Augenblicke (Tischkalender 2015 DIN A5 quer)","1., Auflage 2014",2014
"Epische Augenblicke (Wandkalender 2015 DIN A2 quer)","1., Auflage 2014",2014
"Epische Augenblicke (Wandkalender 2015 DIN A3 quer)","1., Auflage 2014",2014
"Epische Augenblicke (Wandkalender 2015 DIN A4 quer)","1., Auflage 2014",2014
"Episoden aus dem wahren Leben - Erzählungen über Kinder",NULL,2013
"Episoden und Geschichten vorwiegend heiter","1. Auflage",2014
"Erbe",NULL,2011
"Erdbeeren aus Omas Garten",NULL,2023
"Erdbeeren mit Schlag",NULL,2008
"Erde im Herzen","1. Aufl.",2010
"Erdenwandler","1. Auflage",2020
"Erd-Erkundungen","1. Auflage",2023
"Erdgeschichten","1. Auflage",2020
"Er, die Schöne","1. Auflage",2019
"Erdnüsse. Totschlagen",NULL,2016
"Erdwelten","1. Aufl.",2009
"Ereignisse",NULL,2020
"Er-Fahrene Geschichten aus einer versunkenen Theater-Welt","1. Aufl.",2014
"Erfelyk","1. Auflage",2020
"Erfindung einer Sprache und andere Erzählungen ",NULL,2021
"Erfolglos zu neuen Ufern",NULL,2010
"Erfüllte Jahre",NULL,2012
"Erfüllte Morde","1. Aufl.",2008
"Erfülltes Leben",NULL,2012
"Erfurt - mordsmäßig aufgetischt","1. Auflage",2016
"Ergötzliche Nächte",NULL,2017
"Erhaben",NULL,2022
"Er hatte sie alle!","1. Erstauflage",2019
"Erich Plättle - aus dem Leben eines Handwerksmeisters",NULL,2011
"Eric Pane Grusel-Krimi Sammelband 1","1. Auflage",2023
"Eriks Reise","Originalausgabe",2020
"Erinnerung als Schmerz und Hoffnung","1. Auflage",2021
"Erinnerung an dich",NULL,2008
"Erinnerungen","1. Auflage",2017
"Erinnerungen an andere Zeiten",NULL,2012
"Erinnerungen an die Steinzeit und andere satirische Erzählungen",NULL,2010
"Erinnerungen an zwei Erlebnisreisen und Geschichten aus zwei Welten",NULL,2015
"Erinnerungen eines Nomaden-Kindes",NULL,2015
"Erinnerung in Blau",NULL,2023
"Erinnerung & Phantasie","Privatdr.",2008
"Er ist im Grund ein Melancholiker",NULL,2009
"Er ist wieder da!",NULL,2014
"Erkämpfte Niederlagen",NULL,2013
"Erkenntnis","1. Aufl.",2010
"Er konnte ja sehr drollig sein","1. Aufl.",2015
"Erkül Bwaroos erste Fälle","1. Auflage",2019
"Erkül Bwaroos weitere Fälle","1. Auflage",2020
"ErlangenNOIR",NULL,2023
"Erleben kann man nur im Leben","1. Auflage",2019
"Erlebnis Bergjagd",NULL,2011
"Erlebnisse","1. Auflage",2020
"Erlebnisse, Erkenntnisse",NULL,2013
"Erlebnisse mit Haustieren","1. Aufl.",2013
"Erlebt - erzählt - berichtet - geträumt",NULL,2010
"Erlebtes und Erlauschtes vom Rochusberg",NULL,2021
"Erlebtes weiter erzählt",NULL,2020
"Erlebte und erfundene Kurzgeschichten in Versform",NULL,2013
"Erlebte und erzählte Feuerwehrgeschichten",NULL,2009
"Erlebte Weihnacht",NULL,2011
"Erlesenes Europa",NULL,2012
"Erlesenes Weinviertel",NULL,2013
"Ernsthaft - nichtszig - schlicht - plus juchzend heiter","1. Auflage",2016
"Ernsthaft weiter",NULL,2012
"Ernst ist das Leben, heiter sind wir",NULL,2009
"Ernst und heiter auf der Himmelsleiter","1. Auflage",2019
"Erntezeit","1. Auflage",2016
"Eros","1. Auflage",2016
"Erotical V","1. Auflage",2021
"Erotic Stories","1. Auflage",2021
"Erotik. Extrem. Wahnsinn./Zu Tode geliebt","1. Auflage",2018
"Erotikgeschichten | Erotikroman/Sexgeschichten ab 18","1. Auflage",2018
"Erotische Abenteuer | Sexgeschichten ab 18","1. Auflage",2023
"Erotische Anekdoten","1. Aufl.",2009
"Erotische Begegnungen","1. Aufl.",2012
"Erotische Erzählungen",NULL,2009
"Erotische Experimente",NULL,2012
"Erotische Fantasien",NULL,2023
"Erotische Fantasien/E001: Erotische Fantasien","1. Auflage",2020
"Erotische Geschichten","1. Auflage",2020
"Erotische Geschichten 2","1. Auflage",2021
"Erotische Geschichten für Erwachsene",NULL,2009
"Erotische Kurzgeschichte aus dem Wald","1. Auflage",2022
"Erotische Kurzgeschichte für Frauen: Just one Dance","1. Auflage",2021
"Erotische Kurzgeschichten","1. Auflage",2014
"Erotische Kurzgeschichten für Frauen",NULL,2018
"Erotische Kurzgeschichten mit unerwartetem Ausgang","1. Auflage",2021
"Erotische Kurzgeschichte Sex mit dem Entführer",NULL,2022
"Erotische Kurzgeschichte Sex mit einem Bad Boy",NULL,2022
"Erotische Miniaturen und Kurzgeschichten","1. Auflage",2020
"Erotischer Kurzweil",NULL,2017
"Erotischer Roman und erotische Bücher für Erwachsene/20 böse, schmutzige und versaute Sexgeschichten","1. Auflage",2018
"Erotische Stories und Gedichte",NULL,2015
"Erotische Stürme",NULL,2010
"Erotische Übertragung",NULL,2023
"Erotissima",NULL,2015
"Er scheint zur Poesie Genie zu haben",NULL,2009
"Erschütterungen. Dann Stille.","1. Auflage",2020
"Erstaugust","1. Auflage",2019
"Erste Erzählungen",NULL,2009
"Erst eins, dann zwei, dann drei, dann vier",NULL,2010
"Erste Küsse, neue Küsse",NULL,2021
"Erste Liebe",NULL,2023
"Erste Liebe, erster Kuss","Orig.-Ausg.",2013
"Erste Lieben",NULL,2010
"Erstens kommt es anders ...","1. Aufl.",2010
"Erstens kommt es anders ... und zweitens als man denkt",NULL,2016
"Erste Schritte, letzte Wege",NULL,2020
"Erstkontakt","1. Auflage",2021
"Er stöhnt, sie stöhnt","Orig.-Ausg.",2009
"Er streichelt die Katze öfter als mich","1. Auflage",2015
"Erträumt erdacht erlebt","1. Auflage",2016
"Erwach(s)en",NULL,2014
"Erwartungen - Frauenstimmen aus Indien","1. Auflage",2016
"Erweckungssuppe und andere Geschichten von Frauen, die nicht gerne kochen","1. Aufl.",2008
"Erwins Reisen - galaktische Abenteuer eines pensionierten Beamten","Originalausgabe",2016
"Erwin und Elfriede",NULL,2008
"Er wollte überleben",NULL,2010
"Erynnerige us der Chynderzit","1. Auflage",2020
"Erzähl' doch keine Geschichten","1. Auflage",2022
"Erzähl doch mal ... Kinder schreiben Geschichten","1. Auflage",2017
"Erzählen ist auch eine Lösung",NULL,2019
"Erzähl es trotzdem, Tante Elsie!","1. Auflage",2022
"Erzähl ich von früher ...",NULL,2018
"Erzähl mal, Oma!",NULL,2008
"Erzähl mir..",NULL,2013
"Erzähl mir nichts vom Pferd - Geschichten einer Pferdenärrin","1. Aufl.",2012
"Erzähl mir von Weihnachten",NULL,2016
"Erzählreihe über Naturwesen und Edelsteine/Wesen der Erde erzählen","1. Auflage",2020
"Erzählst du mir noch eine Geschichte?","1. Auflage",2021
"Erzählte Lustspiele","1. Aufl.",2011
"Erzählungen","1. Aufl.",2008
"Erzählungen 1985-2018","1. Auflage",2018
"Erzählungen aus 1001 Nacht, 1. Band","1. Auflage",2022
"Erzählungen aus 1001 Nacht, 3. Band","1. Auflage",2022
"Erzählungen aus 1001 Nacht, 4. Band","1. Auflage",2022
"Erzählungen aus 1001 Nacht, 5. Band","1. Auflage",2022
"Erzählungen aus 1001 Nacht, 6. Band","1. Auflage",2022
"Erzählungen aus 1001 Nacht, 7. Band","1. Auflage",2022
"Erzählungen aus dem Abseits","1. Aufl.",2014
"Erzählungen aus dem Morgenland",NULL,2013
"Erzählungen aus dem Nachlass","1. Auflage",2018
"Erzählungen aus dem Riesengebirge",NULL,2014
"Erzählungen aus der Welt der Bücher/Abschied","1. Auflage",2016
"Erzählungen aus der Welt der Bücher/Bibliotaph","1. Auflage",2016
"Erzählungen aus der Welt der Bücher/Das Bücherdreieck","1. Auflage",2016
"Erzählungen aus der Welt der Bücher/Der Bibliophilen - Abend","1. Auflage",2019
"Erzählungen aus der Welt der Bücher/Die Magie der Bücher","1. Auflage",2019
"Erzählungen aus der Welt der Bücher/Von unsichtbarer Hand","1. Auflage",2016
"Erzählungen aus drei Jahrzehnten","1. Aufl.",2008
"Erzählungen aus Kolyma","1. Aufl.",2011
"Erzählungen aus Schwarze Pumpe","1., Erstauflage",2016
"Erzählungen aus Sizilien",NULL,2013
"Erzählungen aus Tirol",NULL,2017
"Erzählungen Belkins (mit 2 MP3 Audio-CDs) - Starter-Set - Russisch-Deutsch","1. Auflage",2023
"Erzählungen Belkins (mit Audio-Online) - Starter-Set - Russisch-Deutsch","1. Auflage",2023
"Erzählungen Belkins Starter-Paket Geschenkset - 2 Bücher (mit Audio-Online) + Eleganz der Natur Schreibset Basics","1. Auflage",2023
"Erzählungen Belkins Starter-Paket Geschenkset - 2 Bücher (mit Audio-Online) + Eleganz der Natur Schreibset Premium","1. Auflage",2023
"Erzählungen Belkins Starter-Paket Geschenkset - 2 Bücher (mit Audio-Online) + Marmorträume Schreibset Basics","1. Auflage",2023
"Erzählungen Belkins Starter-Paket Geschenkset - 2 Bücher (mit Audio-Online) + Marmorträume Schreibset Premium","1. Auflage",2023
"Erzählungen: Der Medizinmann, Das Seegespenst","1. Auflage, bearbeitete Ausgabe",2016
"Erzählungen der Sonnenstrahlen",NULL,2008
"Erzählungen eines Grenzgängers",NULL,2022
"Erzählungen eines Großvaters","Erste Auflage",2015
"Erzählungen eines indischen Vampirs","1. Auflage",2016
"Erzählungen eines Vampirs",NULL,2013
"Erzählungen: In der Strafkolonie, Blumfeld, Der Gruftwächter","bearbeitete Ausgabe",2017
"Erzählungen: Prinzessin auf der Erbse und Pimpernellche","1. Auflage, bearbeitete Ausgabe",2016
"Erzählungen über das Erleben und Begegnen",NULL,2015
"Erzählungen und Artverwandtes","1. Auflage",2020
"Erzählungen und Balladen","1. Auflage",2021
"Erzählungen und Briefe",NULL,2011
"Erzählungen und dergleichen",NULL,2013
"Erzählungen und Dichtungen",NULL,2020
"Erzählungen und Erinnerungen",NULL,2012
"Erzählungen und Essays","1. Aufl.",2011
"Erzählungen und Fragmente","1. Auflage",2020
"Erzählungen und Gedichte","1. Aufl.",2009
"Erzählungen und Gedichte der literarischen Interessengemeinschaft Gelsenkirchen [(LIGG)]","1. Aufl.",2013
"Erzählungen und Geschichten vom unteren Niederrhein",NULL,2010
"Erzählungen und Märchen 1915 - 1917","Erstveröff. nach den authentischen Hs. und Vorlagen",2013
"Erzählungen und nackte Tatsachen",NULL,2011
"Erzählungen und Romane","Nachdr.",2014
"Erzählungen und Schwänke","1. Auflage",2019
"Erzählungen und Zeitungsberichte aus Jenaer Zeit","Erste Gesamtausgabe",2020
"Erzählungen von den anderen","1. Auflage",2018
"Erzählungen -Warten auf Prinzesschen und andere Geschichten",NULL,2021
"Erzählungen zur Weihnachtszeit",NULL,2010
"Erzählungen zwischen den Welten","1. Auflage",2017
"Erzgebirgische Geschichten","1. Auflage",2017
"Esau im Staub",NULL,2009
"Es begab sich aber zu der Zeit ...",NULL,2010
"Es begab sich zu der Zeit ...",NULL,2014
"Es begann mit einem Loch im Schuh","1. Auflage",2017
"Es blühte der Mohn","1. Auflage",2022
"Es blüht eine Rose zur Winterzeit",NULL,2014
"Esel sei der Mensch, Milchreis und Knut!",NULL,2011
"Eselsohr auf Seite 19","1. Auflage",2020
"Es führt kein Weg zurück","1. Aufl.",2014
"Es geht","1. Aufl.",2015
"Es geschah hier und anderswo","1. Auflage",2019
"Es geschah (n) irgendwo","1. Auflage",2021
"Es geschah zu Halloween","Erste Auflage",2019
"Es gett de Maänsche bee de Lüüd",NULL,2021
"Es gibt eine andere Welt","1. Aufl.",2011
"Es gibt immer ein Leben danach",NULL,2015
"Es gibt so Tage ...","1. Auflage",2019
"Es ging immer nur um Jungen",NULL,2016
"Es ist alles im Lot",NULL,2015
"Es ist der Blick hinüber zum Patrone","1. Aufl.",2012
"Es ist der Geist, der führt","1. Auflage",2022
"Es ist doch alles nur menschlich","1. Aufl.",2011
"Es ist genau so, wie du denkst!",NULL,2022
"Es ist kaum zu glauben, was so alles passiert",NULL,2021
"Es ist nicht so","1. Aufl.",2013
"Es ist noch kein Meister vom Himmel gefallen",NULL,2014
"Es ist unsere Zukunft!",NULL,2022
"Es ist wie mit dem Glück",NULL,2010
"Es ist Zeit, mein Leben zu ändern","1. Auflage",2016
"Es ist Zeit zu verschwinden",NULL,2012
"Es ist zu schaffen","1. Auflage",2022
"Es kommt (fast) alles aus dem Bayrischen",NULL,2014
"Es kommt immer anders, als man denkt","1. Aufl.",2012
"Es kommt oft anders ...","1. Aufl.",2008
"Es lebe der Sport!",NULL,2014
"Es leben die Studenten",NULL,2022
"Es leuchtet die Welt der Weihnacht entgegen","1. Auflage",2016
"Es leuchtet uns ein heller Stern","1. Aufl.",2008
"Es muss Liebe sein",NULL,2019
"Es muss nicht immer ein Auto sein","1. Auflage",2016
"... es muss raus!","1. Auflage",2019
"Es passiert ... weltweit","1. Aufl.",2008
"Esplanada","1. Auflage",2021
"Espresso Geschichten","1. Auflage",2021
"Es richtig machen",NULL,2023
"Essays und Kurzgeschichten","Erstausgabe in russischer Übersetzung",2015
"Essig und Öl ... wie das Leben",NULL,2023
"… es sinkt auf meine Augenlieder ein goldner Kindertraum hernieder …",NULL,2010
"EssLust","Orig.-Ausg.",2010
"Es sprach das Huhn zum Hahn",NULL,2010
"Es sprach der Mond zur Erde","1. Aufl.",2015
"Es steht im Raum",NULL,2015
"EST! EST! EST!","Erstveröffentlichung",2023
"Estrelle, Sina und das Buddelschiff","1. Auflage",2018
"Es tröpfelt so vor sich hin","1. Auflage",2023
"Es tut so gut, dass es dich gibt",NULL,2015
"Es war die Nachtigall",NULL,2012
"Es war doch nur Sex",NULL,2019
"Es war eimal in Köln","1. Auflage",2019
"Es war ein Donnerstag, an dem ich verrückt wurde","Erstauflage",2020
"Es war einmal ... ... davor und danach","1. Auflage",2022
"Es war einmal ... in Mitterbach","1. Auflage",2017
"Es war einmal in Sachsen","1. Aufl.",2013
"Es war einmal und ist noch immer","1. Auflage",2020
"Es waren stille Tage … und andere Erzählungen",NULL,2014
"Es wäre schön",NULL,2014
"Es war Liebe","1. Aufl.",2011
"Es war mir ehrlich gesagt völlig egal",NULL,2008
"Es weihnachtet sehr","1. Auflage",2018
"Es weihnachtet trotzdem sehr","1. Auflage",2020
"Es weihnachtet überall",NULL,2008
"Es weihnachtet unter dem Christbaum",NULL,2023
"Es wird einmal ... Geschichten aus der Zukunft","1. Aufl.",2011
"Es wird schon heller","Erste Auflage",2018
"ES ZIEHT!",NULL,2022
"E. T. A. Hoffmann, Romane und Erzählungen","Nachdr.",2012
"Et kümmt drop an ...",NULL,2011
"Etnichts","Deutschsprachige südafrikanische Originalausgabe, first edition",2017
"Etwas, das mich glücklich macht",NULL,2014
"Etwas ist faul","1. Auflage",2022
"Etwas ist immer",NULL,2019
"Etwas sehr, sehr Schönes",NULL,2009
"Eucheens Geschichten am Gartenzaun","1. Aufl.",2012
"Eulen und Käuze (Tischkalender 2016 DIN A5 quer)","1. Auflage 2015",2015
"Eulen und Käuze (Wandkalender 2016 DIN A3 quer)","1. Auflage 2015",2015
"Eulen und Käuze (Wandkalender 2016 DIN A4 quer)","1. Auflage 2015",2015
"Europas gekreuzte Wege",NULL,2022
"Ev32",NULL,2014
"Eva, da ist der Wurm drin","1. Auflage",2020
"Ex Cathedra",NULL,2015
"Executive Suite",NULL,2018
"Exit Schattenkopf","1. Aufl.",2011
"Exotische Welten",NULL,2022
"EXTRAPOLATIONEN - SCIENCE FICTION - WERKAUSGABE, BAND 1","1. Auflage",2022
"Extrascharf!","Orig.-Ausg., 1. Aufl.",2013
"Extraterrestrisch","1. Auflage",2021
"Fabelhaft!",NULL,2021
"FABELhafte Denkanstöße",NULL,2017
"Fabeln, Märchen, Kurzgeschichten und Gedanken für Jung und Alt",NULL,2019
"Fabeln und Erzählungen",NULL,2013
"Fabelum","1. Aufl.",2014
"Fabulae","1. Auflage",2019
"Fabula Lux","1. Auflage",2017
"Fabula madrasa",NULL,2020
"Fabula nostalgica","Erstausg.",2014
"Fabularium",NULL,2012
"Fabulistan","1. Aufl.",2010
"Facetten des Daseins",NULL,2013
"Fachwerkgeflüster aus dem Eichsfeld und anderswo",NULL,2017
"Fäden des Schicksals und 21 andere Geschichten",NULL,2011
"Fahrlehrer am Rande des Wahnsinns","1. Aufl.",2014
"Fahrlehrer sind auch keine Engel","1. Auflage",2016
"Fahrlehrer sind auch nur Menschen","1. Aufl.",2012
"Fahrplan ins Glück",NULL,2021
"Fahrrad Erzählungen",NULL,2022
"Fahrradspaß",NULL,2014
"Fahrschule der Lust","Vollständige Taschenbuchausgabe, Originalausgabe",2021
"Fahrt in die Sommerferien",NULL,2010
"Fakes, Flopps und Flausen","1. Auflage",2017
"Faktor: Gier","1. Auflage, vollständige Taschenbuchausgabe, Originalausgabe",2021
"Faktor: Lust","1. Auflage, vollständige Taschenbuchausgabe, Originalausgabe",2020
"Fallen",NULL,2016
"Fallen Sammelband",NULL,2023
"Fallensteller","1. Auflage",2016
"Fallobst",NULL,2008
"Falltür ins Blaue",NULL,2008
"Fallwind",NULL,2012
"Falsches Spiel","1. Aufl.",2008
"Falsche Töne",NULL,2009
"falsch gedenkt",NULL,2022
"Falsch reisen.",NULL,2014
"Familie am Bach",NULL,2013
"Familienaffären","1. Auflage",2018
"Familienausstellung",NULL,2020
"Familienbande - Geschichten von Liebe und Hass","1. Auflage",2019
"Familienbande mit Hund und Vogel","1. Auflage",2019
"Familiengeheimnisse","Erste Auflage",2020
"Familien Geschichten","1. Auflage, vollständige Taschenbuchausgabe, Originalausgabe",2021
"Fangnetze",NULL,2010
"Fanny Dieckhoff","1. Auflage",2019
"Fanny von Montana und andere Kurzgeschichten","1. Aufl.",2011
"Fantasiereisen",NULL,2013
"Fantastic history","1. Auflage",2018
"Fantastic seasons","1. Aufl.",2014
"Fantastische Erzählungen",NULL,2018
"Fantastische Freundinnen und wo sie zu finden sind","1. Auflage",2019
"Fantastische Geschichten",NULL,2019
"Fantastische Geschichten, 1. Band","1. Auflage",2021
"Fantastische Geschichten, 2. Band","1. Auflage",2021
"Fantastische Geschöpfe unter uns","1. Aufl.",2014
"Fantastische Kurzgeschichten","1. Auflage",2023
"Fantastische LMU","Vollständige Taschenbuchausgabe",2023
"Fantastisches","Erstaufl.",2010
"Fantastisches Blattwerk","1. Auflage",2021
"Fantastische Sexplosionen",NULL,2010
"Fantastische und märchenhafte Geschichten in und um Schillingsfürst",NULL,2023
"Fantastische Welten","1. Auflage",2017
"Fantastische Wesen","Originalausgabe",2019
"Fantastische Wortschatz Geschichten",NULL,2019
"Fantasy-Geschichten",NULL,2014
"Fantomas gegen die multinationalen Vampire und andere Erzählungen aus und über Lateinamerika",NULL,2009
"Farben",NULL,2018
"Farben der Gegenwart",NULL,2022
"Farben der Lust","1. Auflage, vollständige Taschenbuchausgabe, Originalausgabe",2018
"Farben der Vergangenheit",NULL,2016
"Farben der Zukunft",NULL,2021
"Farbenfrohe Dunkelheit",NULL,2022
"Farben in wechselndem Licht","1. Auflage",2020
"FaRK-Chronicles - lost places","1. Auflage",2019
"Fasnacht",NULL,2014
"Fassaden, Risse",NULL,2013
"Fassbrause, Lebertran und Zuckerei, BVG, Müllabfuhr, Diskothek, Tunneleule",NULL,2022
"Fast ein Idyll",NULL,2022
"Fast ein neues Leben","Erste Auflage",2020
"Fast letzte Erzählungen","1. Aufl.",2009
"Fast nichts mehr ist mehr da, fast alles weit weg","1. Auflage",2022
"Fast schon kriminell",NULL,2011
"Fast unglaublich",NULL,2022
"Fast wahre Anekdoten","1. Auflage",2020
"Fast wia im richtigen Leben",NULL,2011
"Faszination alter Reiche","1. Aufl.",2014
"Faszinationen","Originalausgabe",2016
"Fatale Kurzgeschichten","1. Auflage",2018
"Fata Morgana",NULL,2021
"Faulenzer-Lesebuch","Orig.-Ausg.",2012
"Fauna, Fans, Fanatiker",NULL,2008
"Februar",NULL,2013
"Federleicht & Tränenschwer","Auflage 1",2015
"Federleicht verführt",NULL,2016
"Federlesen",NULL,2020
"Federnwanderung","1. Auflage",2023
"Feder & Schwert präsentiert: Eis und Dampf","1. Aufl.",2013
"Federstilzchens Allerlei",NULL,2013
"Feentänze","Erstausgabe",2020
"Fee Nummer 13","Erste Auflage",2022
"Fehler",NULL,2022
"Fehlgänge",NULL,2019
"Fehlkalkulation","1. Auflage",2015
"Fehmarn hat zu","1. Auflage",2020
"Feierabend!",NULL,2019
"Feierabend-Geschichten","Erstveröffentlichung",2013
"Feiertagsgeschichten","1. Aufl.",2008
"Feinbaum und andere Geschichten","1. Auflage",2015
"Feines Raunen in vier Wänden",NULL,2010
"Fein vorbei an der Wahrheit",NULL,2021
"Feldgassen-Geschichten",NULL,2011
"Feldzug gegen die Frösche","Neuausgabe",2015
"Feldzug nach Nanda","Orig.-Ausg.",2009
"Felicitas","1. Aufl.",2013
"Felicitas erotische Vertellen","1. Aufl.",2013
"Felix Polonia",NULL,2011
"Felix & seine Geschichten: Weihnachtszeit im Erzgebirge",NULL,2009
"Fell & Flausen",NULL,2020
"Felsenbein",NULL,2013
"Felsenfest!",NULL,2013
"Female science faction reloaded",NULL,2008
"Fenster der Seele","Erstveröffentlichung",2019
"Fenster-Dichtungen",NULL,2023
"Fenster, Rahmen",NULL,2017
"Fenster zum Kreisel","1. Aufl.",2008
"Fenster zur Straße",NULL,2011
"Ferien in Vence",NULL,2009
"Fermiditi fermidati Seniore","1. Aufl.",2015
"Ferngelenkt von zarter Hand",NULL,2011
"Fernland",NULL,2018
"Fern vom Innergebirg","1. Auflage",2014
"Fernwärme","1. Auflage",2021
"Fernweh","Orig.-Ausg.",2008
"Fernweh ist 'ne Scheißidee",NULL,2015
"Fesseln","1. Auflage",2020
"Fesselnde Erzählungen aus der Anderswelt",NULL,2017
"Fesseln der Leidenschaft","1. Auflage, vollständige Taschenbuchausgabe, Originalausgabe",2021
"Fesseln der Lust","Originalausgabe",2018
"Fesselnde Überstunden","1. Auflage",2019
"Fest am Land",NULL,2020
"Fest der Geier und andere verstörende Geschichten",NULL,2017
"Feste feiern, wohin sie fallen","1. Aufl.",2010
"Festivalsommer","1. Auflage",2023
"Festtage und andere Katastrophen",NULL,2016
"Feuchte Gedanken",NULL,2009
"Feuchte Lippen, nasse Höschen",NULL,2011
"Feuchte Luder","1. Aufl.",2011
"Feuerberg und Tigerholz",NULL,2015
"Feuerbrüder",NULL,2008
"Feuergott","Orig.-Ausg., 1. Aufl.",2011
"Feuer hinterm Haus",NULL,2022
"Feuerhöhe","1. Auflage",2020
"Feuer ist eine seltsame Sache","1. Aufl.",2013
"Feuerland","1. Aufl.",2015
"Feuermelder","1. Aufl.",2010
"Feuerportale/Feuerportale Der Graue Wolf","1. Auflage",2023
"Feuer und Polarlicht","1. Auflage",2021
"Feuerwehr","1. Aufl.",2010
"Feuerwerk der guten Laune","1. Auflage",2023
"Feuriger Tanz",NULL,2010
"F. - Francois",NULL,2015
"Fieberglasträume",NULL,2013
"Fieber im Thermometer",NULL,2009
"Fieberträume","Orig.-Ausg.",2014
"Fiesematenten","1. Auflage",2016
"Fiésole und andere Geschichten","1. Auflage",2023
"Figgn, Alda! und andere Geschichten","Erste Auflage",2016
"Fiktionale Realitäten","1. Aufl.",2014
"Fiktive Monologe krebskranker Frauen",NULL,2019
"Filguri","1. Auflage",2018
"Filona","1. Auflage TB",2022
"Finale","1. Auflage",2018
"Finde deine Zeit Gedichte und Kurzgeschichten",NULL,2023
"Findel - Im Auftrag des Königs","1. Auflage",2021
"Fin de parcours",NULL,2016
"Finde ... Umbrüche",NULL,2009
"Findungen","1. Auflage",2020
"FINGERABDRÜCKE","1. Auflage",2021
"Fingerpflanzen","Erste Auflage",2017
"Fingerübungen","Erste Auflage",2021
"Finger zeig",NULL,2014
"Finita la comedia",NULL,2022
"Finito. Schwamm drüber","1. Aufl.",2011
"Finkwarder votillt",NULL,2011
"Finstere Geheimnisse","1. Auflage",2018
"Finstere Gesellen","1. Auflage, neue Ausgabe",2016
"Fiona lebt Dominanz","Deutsche Erstausgabe",2018
"First Edition",NULL,2011
"Fisch am Köder und andere kuriose Geschichten",NULL,2008
"Fischbrötchen zum Frühstück",NULL,2020
"Fischer am Berge","1. Auflage",2023
"Fischer Fred fischt fette Fische","1. Auflage",2020
"Fisch gestrichen","1. Auflage",2019
"Fischlandsommer",NULL,2015
"FISCHMAUL",NULL,2022
"Fish Tales & Coyote Stories","1. Aufl.",2012
"Five Fucking Downers","1. Auflage",2020
"FKK freizügig und verdorben","1. Auflage, vollständige Taschenbuchausgabe, Originalausgabe",2022
"Flaming Hearts","1. Auflage",2018
"Flamingos","1. Aufl.",2010
"Flammenerwachen",NULL,2017
"Flamme und Schlüssel",NULL,2011
"FLANIERBUCH №1","1. Auflage",2021
"Flaschendrehn",NULL,2011
"Flaschenpost und anderes Strandgut",NULL,2019
"Flashback","Orig.-Ausg.",2010
"Flatruet oder die Träume der Rentiere","Orig.-Ausg.",2011
"Fledermaus im Federhaus","1. Auflage",2021
"Fleischlos und gepfeffert",NULL,2023
"Fliegende Fische","1. Auflage",2022
"Fliegende Schildkröten","1. Auflage",2016
"Fliegen, Frösche, Flaschenpost","Orig.-Ausg.",2008
"Fliegen und Fangen in der Zirkuskuppel",NULL,2021
"Flieger Schorsch und andere Kurzgeschichten",NULL,2013
"Flieg nicht so hoch mein kleiner Freund",NULL,2021
"Flieg Vogel Hoffnung",NULL,2009
"Fliehende Lichter","1. Auflage",2017
"Fließen",NULL,2012
"Fließendes Land",NULL,2012
"Flirmsse","1. Auflage",2017
"Flirt mit dem Stier","1. Auflage",2015
"Florida hinterm Bahnhof","Erstausgabe, 1. Auflage",2020
"Flori & Nori","1. Aufl.",2013
"Flucht aus dem Irisgarten",NULL,2010
"Fluchten und Auswege",NULL,2011
"Flüchtige ...",NULL,2019
"Flüchtige Begegnungen","1. Auflage",2023
"Flüchtige Nähe","1. Aufl.",2010
"Flüchtiges Zuhause","1. Auflage",2018
"Fluchtpunkt",NULL,2015
"Fluchtpunkte","1. Aufl.",2013
"Fluchtpunkte und andere Erzählungen",NULL,2018
"Fluchtraum",NULL,2016
"Fluchtversuche","Genehmigte Taschenbuchausg., 1. Aufl.",2009
"Flucht von Zumura","1. Auflage",2019
"Fluffige und andere Zeiten",NULL,2008
"Flugangst und Regenträume",NULL,2017
"Flugangst ... und weitere amüsante Kurzgeschichten","1. Auflage",2019
"Flügelmann und andere Geschichten",NULL,2023
"Flügelschlag der Engel",NULL,2008
"Flügelschlagen",NULL,2012
"Flügge",NULL,2018
"Flugsand",NULL,2013
"Flugversuche","1. Auflage",2021
"Flugzeugkollision von Überlingen 20 Jahre – 20 Geschichten der Freundschaft","1. Auflage",2022
"Flussab","1. Aufl.",2009
"Flussaufwärts",NULL,2017
"Flusskiesel","1. Auflage",2020
"Flussmitte",NULL,2015
"Flussopfer","1. Auflage",2015
"Flusspferd im Frauenbad","1. Auflage",2016
"Flüstern gegen die Wölfe",NULL,2021
"Fly",NULL,2008
"Föhrerinnert",NULL,2014
"Folge der Weisheit deines Herzens",NULL,2022
"Folgen wir dem Stern",NULL,2014
"Forbidden bonds","1. Auflage",2018
"Forbidden Obsession","1. Auflage",2019
"Forbidden Seduction","1. Auflage",2018
"Förde","1. Aufl.",2009
"Foreign Affairs",NULL,2011
"Forelle mit Erdbeeren","1. Aufl.",2013
"Forellenquintett","Orig.-Ausg., 1. Aufl.",2012
"Forellen rauchen nicht","Dt. Orig.-Ausg., 1. Aufl.",2013
"Forschungen eines Hundes","1. Auflage",2018
"Fortellas Geschichten","1. Auflage",2021
"Fortgegangen",NULL,2008
"Fortschritt, unverhofft",NULL,2016
"Fortunas Kleider",NULL,2021
"Fotografie als Kunst (Tischkalender 2015 DIN A5 quer)","1., Auflage 2014",2014
"Fotografie als Kunst (Wandkalender 2015 DIN A3 quer)","1., Auflage 2014",2014
"Fotografie als Kunst (Wandkalender 2015 DIN A4 quer)","1., Auflage 2014",2014
"Fotokunst, Geschichten und Perspektiven",NULL,2022
"Fracht","Orig.-Ausg.",2009
"Fracking Desaster Blues","Ungekürzte Taschenbuchausgabe, 1. Auflage",2014
"Fragen an das Leben ... und andere Geschichten",NULL,2009
"Fragen Sie nach Fritz","1. Aufl.",2013
"Fragile","1. Erstauflage",2018
"Frag-lich-t-e Mo-mente",NULL,2014
"Fragment 3793",NULL,2013
"Fragmentarium",NULL,2015
"Fragmente der Zeit","1. Auflage",2017
"Frag nicht so viel",NULL,2020
"Frai de heit, s isch Weihnachdszeit","1. Auflage",2023
"François und andere Erzählungen","1. Aufl.",2013
"Franio","Ungekürzte Taschenbuchausg.",2012
"Franken sitzt genüsslich auf der Zeit und die dreht ihre Runden auf dem Karussell Oberfranken Kulmbach Weismain Kasendorf Mainroth Kelten",NULL,2023
"Frankfurter Kulturbeute(l)","1. Auflage",2018
"Frankfurter Momente","1. Auflage",2020
"Frankfurter Schmunzelgeschichten",NULL,2021
"Frankfurter Verkehrsliteratour","Erste Auflage",2015
"Frankfurt Hauptstadt des Verbrechens und andere satirische Kurzgeschichten",NULL,2016
"Frankfurt Young Stories 2020","1. Auflage",2020
"Fränkie und das Wesen der Dinge","1. Aufl.",2014
"Fränkische Broudzeid","1. Aufl.",2008
"Fränkische Geschichten","1. Auflage",2020
"Fränkisch ± frech ± frei",NULL,2016
"Frankreich à la carte","1. Auflage",2017
"Frankreich oh làlà",NULL,2015
"Fränk und andere Erzählungen","1. Aufl.",2010
"Franz - eine Karriere",NULL,2017
"Franziskus der Erste",NULL,2017
"Franz Kafkas Erzählungen","1. Auflage",2018
"Französische Kurzgeschichten (Bücher + 7 Audio-CDs)","1. Auflage",2023
"Französische Kurzgeschichten (mit kostenlosem Audio-Download-Link)","1. Auflage",2022
"Frauchen ist nicht stubenrein","1. Aufl.",2012
"Frau Edeka macht Mittag",NULL,2012
"Frauen!",NULL,2010
"FrauenFriedensgedanken",NULL,2009
"Frauen geben niemals auf","1. Auflage",2021
"Frauengeschichten",NULL,2012
"Frauenhand auf Männerpo und andere Geschichten","Erw. Neuausg.",2009
"Frauenhaus","Erste Auflage",2023
"Frauen in den besten Jahren","1. Auflage",2015
"Frauen-Land?","Erstausg.",2015
"Frauen-Leben","1. Auflage",2017
"Frauen - Männer","Orig.-Ausg.",2014
"Frauen mit Männergeschichten","1. Auflage",2020
"Frauenpower",NULL,2023
"Frauen sind ... wunderbar!","1. Aufl.",2011
"Frauen und Geschichten aus Indien",NULL,2011
"Frauen und Männer, Männer und Frauen","1. Auflage",2023
"Frauen und Männer wollen immer nur das eine",NULL,2010
"Frauen wie wir","1. Aufl.",2012
"Frauen wollen immer nur das Eine",NULL,2010
"Frau Fröhlich feiert anders",NULL,2015
"Frau Hühnermeyer und der Sprung durch die Küche","1. Auflage",2019
"Fräulein Bitte-Danke",NULL,2008
"Fräulein Frauke",NULL,2014
"Frau Seebergers Keller",NULL,2022
"Frau und Mann... die unendliche Geschichte","1. Aufl.",2011
"Freaks!","1. Aufl.",2010
"Freche Frauen feiern Weihnachten","Orig.-Ausg.",2008
"Freedom Falls",NULL,2021
"Fregatte in grüner Flusslandschaft","1. Auflage",2017
"Freie Platzwahl","1. Auflage",2015
"Freie Sklavinnen",NULL,2017
"Freie Stücke","Originalveröffentlichung, Erstausgabe, 1. Auflage",2019
"Freiheit",NULL,2023
"Freiheit grenzenlos","1. Aufl.",2014
"Freiheit herrscht nicht","1. Aufl.",2010
"Freiheit hier und anderswo","1. Auflage",2019
"Freiheitliche Kurzgeschichten","1. Auflage",2023
"FreiLuftSex","1. Auflage, vollständige Taschenbuchausgabe, Originalausgabe",2022
"Freiraum",NULL,2016
"Freitag, der 13.",NULL,2008
"Freitags von Zehn bis Zwölf","1. Aufl.",2011
"Freitod eines Stückes Abschaum",NULL,2013
"Freizeit mit dem Enkelkind","1. Auflage",2019
"Fremd",NULL,2012
"Fremde",NULL,2010
"Fremde Augen",NULL,2014
"Fremde Frauen",NULL,2013
"Fremde Helden",NULL,2020
"Fremde Männer",NULL,2019
"Fremde Menschen an meinem Bett","1. Auflage",2021
"Fremdes Gelände","1. Aufl.",2009
"Fremde Szenen","1. Aufl.",2014
"Fremde Welt","Orig.-Ausg.",2013
"Fremde Welten","1. Auflage",2019
"Fremdgefahren",NULL,2012
"Fremdgehen für vier","1. Auflage",2022
"Fremdgehen - verbotenes Verlangen","1. Auflage, vollständige Taschenbuchausgabe, Originalausgabe",2022
"Fremdgelesen",NULL,2023
"Fremdlieben",NULL,2013
"Fremdsprechen","1. Aufl.",2010
"Frenetik","1. Auflage",2019
"Freude hat sich versteckt oder Gesund heisst immer auch ein bisschen bescheuert","1. Auflage",2017
"Freude im Advent",NULL,2012
"Freude kommt in jedes Haus",NULL,2011
"Freudenalphabet","1. Auflage",2017
"Freude schenkt dem Leben Flügel","1. Auflage",2018
"Freude strahlt in unser Leben",NULL,2015
"Freude zeigt sich am strahlenden Gesicht",NULL,2015
"Freue dich!","Originalausgabe",2017
"Freue dich, o Christenheit",NULL,2019
"Freunde auf vier Pfoten 2021",NULL,2020
"Freunde auf vier Pfoten 2022",NULL,2021
"Freunde auf vier Pfoten 2023",NULL,2022
"Freunde, nicht diese Töne","1. Auflage",2018
"Freundinnen","1. Auflage",2018
"Freundschaft","Orig.-Ausg., 1. Aufl.",2013
"Freundschaft, das ist wie Heimat","1. Aufl.",2012
"Freundschaften, Liebschaften und andere Kurzgeschichten","1. Auflage",2019
"Freundschaft - Geschichten für uns","Erste Auflage",2017
"Freundschaft ist das größte Geschenk",NULL,2013
"Frida und das Erdbeben.","1. Auflage",2020
"Frieda mit dem Fuchsgesicht",NULL,2012
"Friede auf Erden und im Treppenhaus",NULL,2011
"FriedenLieben",NULL,2017
"Friedensmusik",NULL,2008
"Friedrich Gerstäcker - Ein Lesebuch","1. Auflage",2020
"Friedrichwilhelms Kurzgeschichten",NULL,2013
"Friends and Lovers","1. Auflage",2021
"Friesische Novellen","1. Auflage",2020
"Frisch aus der Feder","1. Auflage",2020
"Frische oder fettarme Kuhmilch?",NULL,2010
"Frischer Wind in flauen Gassen",NULL,2015
"Frisches Blut","Deutsche Originalausgabe, erste Auflage",2018
"Frisches Brot",NULL,2019
"Fritz & Frieda auf Borkum",NULL,2011
"Fritz ist doof","1. Auflage",2021
"Fritz's Erzählungen",NULL,2021
"Fritz und das Bratkartoffelverhältnis","1. Aufl.",2013
"Frivölchen","1. Aufl.",2012
"Frohe Ostern","1. Aufl.",2014
"Frohes Fest","1. Aufl.",2008
"Frohe Weihnacht","1. Auflage",2017
"Frohe Weihnachten","1. Auflage",2017
"Frohe Weihnachten 2","1. Auflage",2018
"Frohe Weihnachtszeit!",NULL,2011
"Frohe Weihnacht überall","1. Auflage",2019
"Fröhliche Früchtchen","1. Auflage",2021
"Fröhlicher Advent","Orig.-Ausg., 1. Aufl.",2009
"Fröhliche Weihnacht",NULL,2008
"Fröhliche Weihnachten",NULL,2018
"Fröhliche Weihnachten: festliche und freche Gedichte und Geschichten zum Fest","1. Auflage",2019
"Fröhliche Weihnachten im Taunus","Taschenbuchausgabe, 1. Auflage",2021
"Fröhliche Weihnachtszeit",NULL,2013
"Fröhliche Weihnacht überall","Originalausgabe",2023
"Fröhlich verwildern","1. Auflage",2019
"From A Distance","1. Auflage",2018
"Frontsignale",NULL,2010
"Frösche im Weihnachtsbaum","Originalausgabe, 1. Auflage",2023
"Frostige Spuren",NULL,2021
"Frost im Frühling","Erstauflage",2017
"Fruchtfliegendompteur","Originalausgabe",2015
"Frühe erotische Erzählungen","1. Auflage",2022
"Frühe Erzählungen","1. Auflage",2018
"Früher war alles früher","Originalausgabe, 1. Auflage",2020
"Früher war ich jünger","1. Auflage",2015
"Früher war ich mal Lesbe","Veränd. Aufl.",2012
"Früher war mehr ...","Orig.-Ausg.",2009
"Frühjahrsputz für deine Seele",NULL,2013
"Frühling für deine Seele",NULL,2015
"Frühling für Fortgeschrittene",NULL,2017
"Frühling, ja du bists!","Orig.-Ausg.",2009
"Frühlingsblätter","1. Aufl.",2015
"Frühlingsboten für die Seele",NULL,2017
"Frühlingsfarben für die Seele",NULL,2013
"Frühlingsgefühle","Erste Auflage, Originalausgabe",2018
"FrühlingsLust","1. Auflage, vollständige Taschenbuchausgabe, Originalausgabe",2021
"Frühling, Sommer, Herbst und Wut",NULL,2015
"Frühling, Sommer, Herbst, Winter","1. Auflage",2017
"Frühlings-Rollen",NULL,2009
"Frühlingssonne für die Seele",NULL,2014
"Frühling wird es wieder",NULL,2011
"Frühsommernächte","1. Auflage",2022
"Frühstückchen","1. Auflage",2020
"Frühstück im Schaufenster",NULL,2013
"Frühstück mit Axt",NULL,2012
"Frutti di mare",NULL,2023
"Fuchs im Aufzug","1. Auflage",2017
"Fuchs trägt Rasierwasser",NULL,2022
"Fuck[dis]ability",NULL,2019
"Fucking Karma oder Von Geschichten, die niemals enden","1. Auflage",2016
"Fucking Munich","Orig.-Ausg.",2013
"Fuck Off !!!",NULL,2014
"Führer befiehl, wir folgen dir",NULL,2015
"Fülle des Lebens in unserer Mitte bewahrt","1. Auflage",2020
"Füller Knüller Abenteuer","1. Auflage",2019
"Fundbüro","1. Auflage",2019
"Fundsachen im Vertiko","1. Aufl.",2009
"Fundsoken",NULL,2014
"Fundstellen",NULL,2013
"Fünf Frauen fahren Ferrari",NULL,2010
"Fünf Geschichten aus Russland ( deutsche Ausgabe)","1. Aufl.",2015
"Fünf kuriose Geschichten","1. Auflage",2018
"Fünf-Minuten-Geschichten","1. Aufl.",2016
"Fünf Minuten vor Vier",NULL,2017
"Fünf paar Gründe fürs Töten und zu leben","1. Auflage",2017
"Fünf von Zwölf",NULL,2008
"Fünf weitere Kurzgeschichten","1. Auflage",2021
"Fünf Witwen","1. Aufl.",2015
"Fünfzehntel","1. Aufl.",2011
"Funke im Reisig",NULL,2010
"Funkelwein und Käseteller","1. Auflage",2017
"Funkenflug","Erstausgabe",2015
"Funkensausen","1. Aufl.",2012
"Funkschatten","1. Auflage",2019
"Funkstelle! KRIPO Penzing übernimmt!","1. erste Auflage",2023
"Funky Punky","1. Auflage",2016
"Funtastik","1. Auflage",2016
"Für alle brennt ein Kerzlein hell","1. Aufl.",2009
"Für Aug' und Ohr",NULL,2022
"Fürchte den Xenos","Dt. Erstausg.",2014
"Für Eile fehlt mir die Zeit","1. Auflage",2019
"Für eine ganz besondere Mutter",NULL,2008
"Für Frieden gegen Gewalt",NULL,2010
"Für Garderobe keine Haftung!",NULL,2011
"Für immer","1. Auflage",2014
"Für immer Maskenball","1. Auflage",2023
"Für immer Punk?","1. Auflage",2016
"Für Konfetti ist man nie zu alt!","1. Auflage",2020
"Für Leckerlis könnten wir ster'm","1. Auflage",2019
"Für love & peace","1. Auflage",2022
"Für Senioren und andere nette Leute","1. Auflage",2017
"Fürst Pückler","1. Auflage",2020
"Für Viktor","1. Auflage",2020
"Für zwei Groschen Gemischtes",NULL,2017
"Fußball in der Kritik",NULL,2022
"Fußball ist unser Lieben","Orig.-Ausg., 1. Aufl.",2011
"Fußballmord","1. Aufl.",2013
"Fussel-Geschichten",NULL,2012
"Fußgänger bitte drücken","1. Auflage",2018
"Futsch und - weg?","Orig.-Ausg., 1. Aufl.",2008
"Fütter mich",NULL,2009
"F wie Vogel","1. Auflage",2016
"Galaktische Spuren","Erste Auflage",2018
"GALAXIS SCIENCE FICTION, Band 17: VAMPIRE AUS DEM WELTRAUM","1. Auflage",2019
"GALAXIS SCIENCE FICTION, Band 18: DIE TANTALUS-CHRONIKEN","1. Auflage",2019
"GALAXIS SCIENCE FICTION, Band 19: DIE ABSOLUTE ZAHL","1. Auflage",2019
"GALAXIS SCIENCE FICTION, Band 1: DIE STADT IM MEER","1. Auflage",2022
"GALAXIS SCIENCE FICTION, Band 20: DIE TAUSEND AUGEN DES KRADO 1","1. Auflage",2019
"GALAXIS SCIENCE FICTION, Band 21: DÄMONENBRUT","1. Auflage",2019
"GALAXIS SCIENCE FICTION, Band 22: SCHICKSAL IM SAND","1. Auflage",2019
"GALAXIS SCIENCE FICTION, Band 23: DIE DUNKELHEIT","1. Auflage",2020
"GALAXIS SCIENCE FICTION, Band 24: DIE LETZTEN UNSTERBLICHEN","1. Auflage",2020
"GALAXIS SCIENCE FICTION, Band 25: DIE LADY MIT DEM 6. SINN","1. Auflage",2020
"GALAXIS SCIENCE FICTION, Band 27: KOMET DER VERWANDLUNG","1. Auflage",2020
"GALAXIS SCIENCE FICTION, Band 28: ZEIT-BOMBE","1. Auflage",2020
"GALAXIS SCIENCE FICTION, Band 29: INVASION VON DER EISWELT","1. Auflage",2020
"GALAXIS SCIENCE FICTION, Band 2: TÖDLICHE TRÄUME","1. Auflage",2022
"GALAXIS SCIENCE FICTION, Band 30: INSEL DER TYRANNEN","1. Auflage",2020
"GALAXIS SCIENCE FICTION, Band 31: DIE LAUTLOSE INVASION","1. Auflage",2020
"GALAXIS SCIENCE FICTION, Band 33: GEFANGENER IN RAUM UND ZEIT","1. Auflage",2020
"GALAXIS SCIENCE FICTION, Band 34: KAMPF GEGEN DIE UNSICHTBAREN","1. Auflage",2020
"GALAXIS SCIENCE FICTION, Band 35: DER ZORN DER ERDE","1. Auflage",2021
"GALAXIS SCIENCE FICTION, Band 36: GEDANKENVAMPIRE","1. Auflage",2021
"GALAXIS SCIENCE FICTION, Band 37: DIE ZEIT WIRD KOMMEN - DREI VERSIONEN DER ZUKUNFT","1. Auflage",2021
"GALAXIS SCIENCE FICTION, Band 38: ZAUBERBANN DER VENUS","1. Auflage",2021
"GALAXIS SCIENCE FICTION, Band 39: AGENTEN DER GALAXIS","1. Auflage",2021
"Galaxis Science Fiction, Band 3: Die Zeit-Agenten","1. Auflage",2023
"GALAXIS SCIENCE FICTION, Band 40: TITANS TOCHTER","1. Auflage",2021
"GALAXIS SCIENCE FICTION, Band 41: DIE GOLDENE GÖTTIN","1. Auflage",2021
"GALAXIS SCIENCE FICTION, Band 42: STADT UNTER GLAS","1. Auflage",2021
"GALAXIS SCIENCE FICTION, Band 43: GEWALT ZWISCHEN DEN STERNEN","1. Auflage",2022
"GALAXIS SCIENCE FICTION, Band 44: BLITZSTART NACH UNBEKANNT","1. Auflage",2022
"GALAXIS SCIENCE FICTION, Band 45: DIE REBELLION DES SCÜTZEN CADE","1. Auflage",2022
"GALAXIS SCIENCE FICTION, Band 46: PLANET DER VERBANNTEN","1. Auflage",2022
"GALAXIS SCIENCE FICTION, Band 47: STÜTZPUNKT IM SANDMEER","1. Auflage",2022
"GALAXIS SCIENCE FICTION, Band 48: DER ZEITFAKTOR","1. Auflage",2022
"Galaxis Science Fiction, Band 49: Zwischen Gestern und Niemals","1. Auflage",2023
"Galaxis Science Fiction, Band 4: Im Kosmos verschollen","1. Auflage",2023
"Galaxis Science Fiction, Band 50: Im Reich der 12 Monde","1. Auflage",2023
"Galaxis Science Fiction, Band 5: Der Zeit-Effekt","1. Auflage",2023
"Galaxis Science Fiction, Band 6: Das Janus-Syndrom","1. Auflage",2023
"Galen",NULL,2020
"Gallegher der Laufbursche und andere Stories","1. Auflage",2022
"Game of Klotz",NULL,2022
"Games of Elements",NULL,2017
"Gang durch die Nacht","1. Auflage",2023
"Gangsterblues","1. Auflage",2019
"Gänseblümchen für die Seele",NULL,2012
"Gänseblümchen hat Gänsehaut","Originalausgabe, 1. Auflage",2015
"Gänseblümchen uns Leberwurst","1. Auflage",2021
"Gänsehals und Putenbrust",NULL,2021
"Gänsehaut und kaltes Grausen",NULL,2013
"Gans und gar","Erste Auflage, Originalausgabe",2016
"Ganz alltägliche Weihnachtswunder","1. Auflage",2021
"Ganz aus Schokolade",NULL,2023
"Ganz besondere alte Damen","1. Auflage",2018
"Ganz famos und virtuos",NULL,2010
"Ganz für Familie","1. Auflage",2020
"Ganz schön anders - Fremde(s) und Unbekannte(s)","1. Auflage",2019
"Ganz weit weg","1. Aufl.",2008
"Ganz werden",NULL,2009
"Garagengeflüster","1. Auflage",2022
"Garantiert keine Literatur",NULL,2018
"Gar greuliche Thaten",NULL,2018
"Garstedter Geschichten in Hoch un Platt",NULL,2016
"Garten",NULL,2014
"Gärten",NULL,2020
"Gartenfrosch Geschichten",NULL,2022
"Gartenzauber","1. Aufl.",2009
"Gayfühlvoll",NULL,2008
"Gayheimnisse","Orig.-Ausg.",2010
"Gaylüste","Orig.-Ausg.",2009
"Gebangt ... gehofft ... gewagt - geschafft",NULL,2016
"Gebete an die Cloud","1. Auflage",2017
"Gebeugte Wahrheit",NULL,2015
"Geborgte Heimat",NULL,2009
"Gebrauchsanweisung für Weihnachten","Neuausg.",2014
"Gebunden","1. Auflage",2015
"Geburtstag","Originalausgabe, 1. Auflage",2017
"Gedanken auf Papier gebracht","Orig.-Ausg.",2012
"Gedanken aus dem Niemandsland",NULL,2019
"Gedanken aus Übermorgen",NULL,2014
"Gedanken einer Mutter",NULL,2021
"Gedanken eines Katers beim Dösen und andere Geschichten","1. Aufl.",2009
"Gedanken eines Opfers","1. Aufl.",2008
"Gedanken fliegen sich frei",NULL,2011
"Gedankengeschwulst",NULL,2010
"Gedankenhölle",NULL,2010
"Gedanken in Buchstaben","1. Auflage",2021
"Gedankenspiele","1. Aufl.",2013
"Gedankensplitter",NULL,2017
"Gedankensplitter im Spannungsfeld zwischen Rittern, Tod und Schwiegermüttern",NULL,2009
"Gedankensprünge",NULL,2008
"Gedankenspuren - nicht alltägliche Kurzgeschichten",NULL,2014
"Gedankenstücke",NULL,2010
"Gedanken zwischen Raum und Zeit",NULL,2010
"Gedichte am Rande","1. Aufl.",2010
"Gedichte, Erzählungen, Hörspiele, Zeitkritisches",NULL,2019
"Gedichte, Erzählungen, Schwänke",NULL,2010
"Gedichte - Gefährten",NULL,2009
"Gedichte & Geschichten",NULL,2023
"Gedichte, Geschichten, Erzählungen in Mundart und Hochdeutsch, Sprichwörter und Redensarten, Omerner Plott von A-Z","1. Auflage",2019
"Gedichte, Geschichten, Hirngespinste",NULL,2008
"Gedichte, Geschichten mit Nadel und Faden",NULL,2018
"Gedichte, Kurzgeschichten, Entwürfe",NULL,2019
"Gedichte, Reime und gereimte Erzählungen","1. Aufl.",2013
"Gedichte und Erzählungen","1. Aufl.",2010
"Gedichte und Geschichten","1. Auflage",2021
"Gedichte und Geschichten aus 7 Jahrzehnten","1. Auflage",2021
"Gedichte und Geschichten aus Husum und Nordfriesland",NULL,2017
"Gedichte und Geschichten, die das Herz streifen","Originalausgabe, 1. Auflage",2021
"Gedichte und Geschichten, die das Leben schrieb","1. Aufl.",2011
"Gedichte und Geschichten/Lebensgedanken","1. Auflage",2016
"Gedichte und Geschichten zum Vortragen, leise Lesen, zum Nachdenken",NULL,2020
"Gedichte und Geschichten zur Erbauung und Erheiterung",NULL,2008
"Gedichte und kleine Geschichten","1. Auflage",2020
"Geduld bringt Rosen",NULL,2010
"Gefährliche Gewässer","1. Aufl.",2008
"Gefährliche Gier","1. Auflage, vollständige Taschenbuchausgabe, Originalausgabe",2023
"Gefährliche Weihnachten",NULL,2021
"Gefallener Engel",NULL,2016
"Gefangen",NULL,2014
"Gefangene der Begierde",NULL,2014
"Gefangen im Dekolleté","1. Auflage",2013
"Gefangen im Fibro-Nebel Band 1",NULL,2022
"Gefangen in Asien I Erotikgeschichte","1. Auflage",2021
"Gefangen in Freiheit","1. Auflage",2016
"Gefangen in ihrer Haut","Originalausgabe, 1. Auflage",2016
"Gefickt von meinem schwarzen Boss",NULL,2023
"Geföhnte Klone",NULL,2008
"Gefühle brauchen Gefühle","1. Aufl.",2012
"Gefühlsachterbahnfahrt","1. Auflage",2023
"Gefühlte Augenblicke",NULL,2010
"Gefühlte Freiheit",NULL,2010
"Gefühlte Zuversicht","Erste Auflage, Originalausgabe",2019
"Gefundene Momente","Erstausg.",2009
"Gegen das Vergessen","1. Aufl.",2008
"Gegen den Lauf der Zeit",NULL,2012
"Gegen ein Leben auf der Überholspur","1. Auflage",2020
"Gegenlauschangriff","Erste Auflage",2019
"Gegenlicht","1. deutschsprachige zusammengefasste Auflage der 3 Bände der Trilogie Gegenlicht",2020
"Gegen Morgen","1. Auflage",2017
"GegenSätze","1. Veröff.",2012
"Gegen's Heimweh","Vollst. dt. Erstausg., Orig.-Ausg.",2008
"Gegenüber der Wirklichkeit","1. Auflage",2022
"Gegen unendlich",NULL,2017
"Gegenwind",NULL,2009
"Gehbare unWEGbarkeiten","1. Aufl.",2008
"Geheime Geschichten aus dem Rotlichtmilieu",NULL,2021
"Geheime Geschichten aus dem Rotlichtmilieu BAND 1",NULL,2022
"Geheime Geschichten aus dem Rotlichtmilieu BAND 2",NULL,2022
"Geheime Geschichten aus dem Rotlichtmilieu BAND 3",NULL,2022
"Geheimes Frauenwissen","1. Auflage",2019
"Geheimnis","Originalausgabe, 1. Auflage",2019
"Geheimnis - eine Suche beginnt","1. Aufl.",2011
"Geheimnisse","1. Auflage",2023
"Geheimnisse im Habichtswald",NULL,2016
"Geheimnisvolle fremde Seele","Erste Auflage",2016
"Geheimnisvolle Gebaeude","Erste Auflage",2022
"Geheimnisvolle Geschichten",NULL,2010
"Geheimnisvolles Ostbayern","1. Auflage",2022
"Geheimnisvolles Sternengeflüster","1. Aufl.",2008
"Geheimnisvolle Wesen ... sie kommen","1. Aufl.",2012
"Geheimnis Weihnachtszeit",NULL,2014
"Geheim! Was Chefs nicht wissen dürfen!","1. Auflage",2016
"Gehen lernen","1. Aufl.",2010
"Gehen Sie in die Toskana und andere Irrtümer","1. Aufl.",2010
"Gehen und Kommen",NULL,2023
"Geh mir aus der Sonne!",NULL,2011
"Gehör-Gänge",NULL,2012
"Gehorsam","Vollst. Taschenbuchausg.",2012
"Geht dieser Zug nach Taranto?",NULL,2019
"Geht doch!","1. Auflage",2020
"Geht's noch?","1. Aufl.",2014
"Geile erotische Geschichten mitten aus dem Leben","1. Auflage, vollständige Taschenbuchausgabe, Originalausgabe",2022
"Geile heiße Gute-Nacht-Geschichten","1. Auflage, vollständige Taschenbuchausgabe, Originalausgabe",2021
"Geiles Inselleben","1. Auflage, vollständige Taschenbuchausgabe, Originalausgabe",2021
"Geiles Landleben","1. Auflage, vollständige Taschenbuchausgabe, Originalausgabe",2022
"Geile Zuchtstuten - abgerichtet, benutzt und besamt","1. Auflage",2021
"Geil und verdorben","1. Auflage, vollständige Taschenbuchausgabe, Originalausgabe",2023
"Geister, Cowboys",NULL,2014
"Geisterfahrer",NULL,2012
"Geisterland",NULL,2017
"Geister, Mörder, Minnesänger","Orig.-Ausg.",2014
"Geisterstunde auf Sanssouci",NULL,2012
"Geistliche Erzählungen und weltliche Gedichte","1. Auflage",2019
"Gelato con panna",NULL,2014
"Gelbe Seide","1. Auflage",2018
"Gelbes Gold in dunklen Wassern","1. Auflage",2016
"Gelb ist die Farbe der Verheißung",NULL,2013
"Geld ist und bleibt Geld","1. Aufl.",2011
"Gelegentlich getan, meistens vertuscht, letztlich wohlgefühlt","1. Aufl.",2013
"Geliebt","1. Aufl.",2014
"Geliebte Gottes",NULL,2012
"Geliebt, gehasst, gefürchtet …","1. Auflage",2022
"Geliebt. Gelebt. Gestorben.","Erstauflage",2018
"Gelsenkirchener Anthologie",NULL,2015
"Gemälde trifft Poesie",NULL,2023
"Gemeinsam grundverschieden",NULL,2015
"Gemischte Gefühle",NULL,2011
"Gemischte Gerüche und kriminelle Geschichten",NULL,2010
"Gemischter Satz","1. Auflage",2018
"Gemordet wird am Wochenende",NULL,2015
"Genauer betrachtet sind Menschen auch nur Leute","Originalausgabe",2016
"Genau so ich","1. Auflage",2022
"Genauso ist es",NULL,2009
"Genau so ist es passiert","Erste Auflage",2018
"Generationen","1. Auflage, deutsche Erstveröffentlichung",2023
"Genesis und andere groteske Geschichten",NULL,2022
"Genie in der Provinz und andere Erzählungen und Gedichte von Autoren aus Ostwestfalen",NULL,2021
"Genies, mit einem Schuss Verrücktheit",NULL,2012
"Geniole Schmunzel-Geschichten","1. Auflage",2019
"GEO Raumschiff 59302",NULL,2019
"George Grosz, Rudolf Omansen und ein Huhn","1. Auflage",2019
"Gepäckkontrolle","1. Auflage",2023
"Gerda und ihre Freunde",NULL,2021
"Gerdbische","1. Auflage",2020
"Gerd Dudenhöffer liest Dudenhöffer",NULL,2013
"Gerechtes Waidwerk",NULL,2008
"Gereimte Erzählungen und Geschichten","1. Aufl.",2013
"Gereimter Brei und tolle Kinderei",NULL,2019
"Gereimt und ungereimt",NULL,2010
"Geringfügige Anlässe","1. Auflage",2021
"German stories of crime and evil from the 18th century to the present",NULL,2015
"Gern, wenn du willst","1. Aufl.",2012
"Gesammelte Erzählungen","1. Aufl.",2013
"Gesammelte Erzählungen - Kassette",NULL,2009
"Gesammelte Scherben",NULL,2020
"Gesammelte Werke","Erste Auflage",2021
"Gesammelte Werke/Gesammelte Werke - 2023 - Band 1 von 3","1. Auflage",2023
"Gesammelte Werke in Einzelausgaben",NULL,2011
"Gesammelte Worte","1. Auflage",2021
"Gesänge aus dunklen Zeiten","1. Aufl.",2013
"Gesänge der Nacht",NULL,2018
"Gesang in den Maisfeldern von Eddyville",NULL,2013
"Geschehnisse um Licht und Finsternis",NULL,2022
"Geschenkbuch »Goldene Liebe rostet nicht«",NULL,2020
"Geschenke der Hoffnung",NULL,2018
"Geschenkt","1. Aufl.",2011
"Geschenk vom Olymp und andere Bescherungen ; neue ägäische Geschichten","1. Aufl.",2012
"Geschichten","1. Auflage",2015
"Geschichten-Allerlei","1. Aufl.",2013
"Geschichten am Kamin","1. Aufl.",2014
"Geschichten am Lagerfeuer","1. Auflage, Privatausgabe",2019
"Geschichten am Montagmorgen",NULL,2009
"Geschichten am Rand - Lebenslichter","1. Auflage",2021
"Geschichten am Schienen#Strang","1. Auflage",2020
"GESCHICHTEN AN DER KREUZUNG",NULL,2023
"Geschichten an Lecker-Omas Herd",NULL,2010
"Geschichten auf dem Meeresgrund","1. Aufl.",2012
"Geschichten auf vier Pfoten","1. Aufl.",2011
"Geschichten aus 1001 Prosektur",NULL,2020
"Geschichten aus 2001 Nacht",NULL,2008
"Geschichten aus Baden und dem Elsass",NULL,2009
"Geschichten aus Bad Neuenahr-Ahrweiler",NULL,2018
"Geschichten aus Bansin",NULL,2008
"Geschichten aus Bilk",NULL,2013
"Geschichten aus Burdach","1. Auflage",2023
"Geschichten aus Byblos","1. Auflage",2017
"Geschichten aus dem Adlerhof",NULL,2012
"Geschichten aus dem Alexandria Inn","1. Auflage",2022
"Geschichten aus dem Alltag einer Studentin",NULL,2020
"Geschichten aus dem alten Oberneuland","1. Auflage",2018
"Geschichten aus dem alten Pitaval","1. Auflage",2020
"Geschichten aus dem alten Rottenburg",NULL,2022
"Geschichten aus dem Andersraum","1. Auflage",2021
"Geschichten aus dem Atlantis System/Unendliche Energie","1. Auflage",2018
"Geschichten aus dem Bremer Westen","1. Auflage",2018
"Geschichten aus dem Diesseits",NULL,2020
"Geschichten aus dem Drachenwinkel","1. Aufl.",2014
"Geschichten aus dem dritten Jahrtausend","1. Aufl.",2010
"Geschichten aus dem Duden",NULL,2015
"Geschichten aus dem Ei","1. Auflage",2021
"Geschichten aus dem Einweckglas",NULL,2016
"Geschichten aus dem Elfenreich",NULL,2009
"Geschichten aus dem Elterngarten",NULL,2012
"Geschichten aus dem Finsterland","1. Auflage",2013
"Geschichten aus dem Finsterwald",NULL,2021
"Geschichten aus dem Frühstücksraum","1. Auflage",2018
"Geschichten aus dem Garten","1. Auflage",2023
"Geschichten aus dem Gesternland",NULL,2010
"Geschichten aus dem großen Krieg",NULL,2014
"Geschichten aus dem Hinterhalt",NULL,2008
"Geschichten aus dem Holsteiner Land","1. Auflage",2015
"Geschichten aus dem Hörer",NULL,2023
"Geschichten aus dem Hut",NULL,2012
"Geschichten aus dem Jainismus",NULL,2010
"Geschichten aus dem Kaleidoskop des Lebens",NULL,2023
"Geschichten aus dem Keller","1. Auflage",2020
"Geschichten aus dem Kopf eines Verrückten","1. Auflage",2018
"Geschichten aus dem Kürnbergwald, gekürzt.",NULL,2008
"Geschichten aus dem Land hinter den sieben Schmerzen","Vollständige Taschenbuchausgabe, 1. Auflage",2021
"Geschichten aus dem Leben","1. Auflage",2018
"Geschichten aus dem Leben des Autors",NULL,2013
"Geschichten aus dem Leben des Herrn Friedrich Motz",NULL,2010
"Geschichten aus dem Lechrain","1. Auflage",2022
"Geschichten aus dem Lesezwergental, Band1","1. Auflage",2020
"Geschichten aus dem magischen Café","1. Auflage",2022
"Geschichten aus dem Morgennebel",NULL,2022
"Geschichten aus dem Mund","1. Auflage",2021
"Geschichten aus dem Niemandsland",NULL,2008
"Geschichten aus dem Palmenwald","1. Auflage",2017
"Geschichten aus dem Paradies","1. Auflage",2020
"Geschichten aus dem Polizeialltag","1. Auflage",2021
"Geschichten aus dem Puff",NULL,2021
"Geschichten aus dem Rheingau","31. Auflage",2018
"Geschichten aus dem Rohr",NULL,2011
"Geschichten aus dem Schäufele",NULL,2014
"Geschichten aus dem Sumpfgehege","1. Auflage",2022
"Geschichten aus dem Tintenfass",NULL,2022
"Geschichten aus dem Unteren Reich 1 - 5","1. Auflage",2021
"Geschichten aus dem verborgenen Königreich",NULL,2010
"Geschichten aus dem Vollmond-Tal","1. Aufl.",2010
"Geschichten aus dem Waschsalon",NULL,2013
"Geschichten aus dem Wiener Wald",NULL,2009
"Geschichten aus dem Wienerwald","1. Auflage",2020
"Geschichten aus den Herbstlanden","1. Auflage",2018
"Geschichten aus der Arbeitswelt",NULL,2016
"Geschichten aus der Black Box Basel",NULL,2014
"Geschichten aus der Dämmerung","1. Auflage",2017
"Geschichten aus der Feuerwehr",NULL,2014
"Geschichten aus der Gruft","1. Auflage",2022
"Geschichten aus der Heimat und der Fremde","Deutsche Erstausgabe, 1. Auflage",2020
"Geschichten aus der Hienzey","Erste Auflage",2022
"Geschichten aus der Hosentasche","1. Auflage",2017
"Geschichten aus der Jakobsmuschel","1. Aufl.",2010
"Geschichten aus der Klosterwerkstatt",NULL,2009
"Geschichten aus der Maxvorstadt","1. Auflage",2018
"Geschichten aus der Meisenburg","Originalausgabe",2021
"Geschichten aus der Mottenkiste",NULL,2009
"Geschichten aus der Müllerstraße",NULL,2013
"Geschichten aus der Nachbarschaft","1. Auflage",2019
"Geschichten aus der Pampa","1. Auflage",2021
"Geschichten aus der Pferdeklappe","1. Auflage",2016
"Geschichten aus der Provence","1. Aufl.",2008
"Geschichten aus der Rodina",NULL,2022
"Geschichten aus der Rotfabrik",NULL,2008
"Geschichten aus der Salzblumenstadt",NULL,2013
"Geschichten - aus der Schule geplaudert",NULL,2011
"Geschichten aus der Seekiste",NULL,2009
"Geschichten aus der Spanschachtel","1. Auflage",2018
"Geschichten aus der Unterwelt","1. Aufl.",2009
"Geschichten aus der Volkshochschule","1. Aufl.",2014
"Geschichten aus der Welt nach dem Letzten Krieg - Die Schwarmkönigin","1. Auflage",2019
"Geschichten aus der Welt nach dem Letzten Krieg - Monstra Coelorum","1. Auflage",2021
"Geschichten aus der Welt nach dem Letzten Krieg - Novi Fines","1. Auflage",2023
"Geschichten aus der Welt nach dem Letzten Krieg - Spes Impavida","1. Auflage",2021
"Geschichten aus der Welt nach dem Letzten Krieg - Tabula Rasa","1. Auflage",2020
"Geschichten aus der Wortweberei zwischen den Meeren","1. Auflage",2020
"Geschichten aus der Wundertüte","1. Auflage",2023
"Geschichten aus der Wüste","1. Aufl.",2012
"Geschichten aus der Zeit","1. Auflage",2017
"Geschichten aus Dingens und von anderswo","1. Auflage",2019
"Geschichten aus Donnas Kaschemme",NULL,2021
"Geschichten aus einer anderen Welt","1. Auflage",2020
"Geschichten aus einer verrückten Welt","1. Auflage",2021
"Geschichten aus Elamer",NULL,2021
"Geschichten aus feuchter Feder",NULL,2015
"Geschichten aus Friedstatt/Geschichten aus Friedstatt Band: 2 Flammendurst","1. Auflage",2018
"Geschichten aus Friedstatt/ Geschichten aus Friedstatt Band: 3 Friedstatt muss leben!","1. Auflage",2018
"Geschichten aus gesunden und aus kranken Tagen","1. Auflage, neue Ausgabe",2017
"Geschichten aus Hinterindien",NULL,2011
"Geschichten aus Hohenlohe und Tauberfranken",NULL,2010
"Geschichten aus Japan","1. Aufl.",2012
"Geschichten aus Jena frei erfunden und publiziert von Rosi Masuch","Erstveröffentlichung",2022
"Geschichten aus Joaquins Bar",NULL,2013
"Geschichten aus Katzenbach","1. Auflage",2022
"Geschichten aus Klatschhausen",NULL,2020
"Geschichten aus Kleindottersdorf",NULL,2011
"Geschichten aus Latexia","1. Auflage",2018
"Geschichten aus Lunas Sternengarten - die Mission","1. Auflage",2022
"Geschichten aus Marakesch","1. Aufl.",2014
"Geschichten aus (m) einer Schatztruhe","1. Auflage",2021
"Geschichten aus Naraar","1. Auflage",2021
"Geschichten aus Nebelhaven","1. Auflage",2023
"Geschichten aus Niedersachsen",NULL,2011
"Geschichten aus Oberland/Mysterien von Oberland","1. Auflage",2021
"Geschichten aus Oberschwaben",NULL,2009
"Geschichten aus Oman","1. Auflage",2018
"Geschichten aus Papier","1. Aufl.",2011
"Geschichten aus Paris",NULL,2008
"Geschichten aus Potzanien",NULL,2012
"Geschichten aus Püttelkow und Anderswo","1. Auflage",2023
"Geschichten aus Rammelstadt","1. Auflage",2018
"Geschichten aus Rentenhausen","1. Auflage",2018
"Geschichten aus Richards Ballsälen",NULL,2009
"Geschichten aus Robynor","1. Auflage",2017
"Geschichten aus St. Helens/Gänseblümchenzärtlichkeit: Junge Liebe in St. Helens","1. Auflage",2022
"Geschichten aus Stuttgart",NULL,2011
"Geschichten aus tausendundeinem Jena","1. Aufl.",2011
"Geschichten aus Ternitz",NULL,2011
"Geschichten aus Thailand",NULL,2009
"Geschichten aus zweiter Hand",NULL,2008
"Geschichten-Bowle",NULL,2022
"Geschichten-Cocktail, geschüttelt und gerührt",NULL,2012
"Geschichten, de dat Leben schrifft",NULL,2009
"Geschichten der Freude",NULL,2010
"Geschichten der Zuversicht",NULL,2008
"Geschichten des alten Baums","1. Auflage",2023
"Geschichten des Grauens","1. Auflage",2015
"Geschichten des Ruheständlers Abdef Gilmop",NULL,2016
"Geschichten des Windes","1. Auflage",2021
"Geschichten, die aus dem Rahmen fallen",NULL,2020
"Geschichten, die das Fliegen schrieb","1. Auflage",2019
"Geschichten die das JobCenter schrieb","1. Auflage",2018
"Geschichten, die das Landesmuseum schrieb",NULL,2021
"Geschichten die das Leben liefert",NULL,2022
"Geschichten die das Leben schreibt",NULL,2013
"Geschichten die das Leben schrieb","1. Auflage",2019
"Geschichten, die das Leben so schreibt",NULL,2013
"Geschichten, die das Verkehrshaus schrieb","1. Auflage",2017
"Geschichten, die dein Herz berühren","1. Auflage",2016
"Geschichten die der Bahnhof schrieb",NULL,2008
"Geschichten die der Fussball schrieb",NULL,2008
"Geschichten, die die Seele schreibt",NULL,2011
"Geschichten, die die Seele wärmen",NULL,2010
"Geschichten die die Welt (be)-deuten!",NULL,2010
"Geschichten die einer schrieb bevor die Welt ihn verschluckte","1. Auflage",2019
"Geschichten, die einer schrieb, bevor er mit dem Kopf gegen eine Wand rannte","1. Auflage",2023
"Geschichten, die glücklich machen","Orig.-Ausg., 1. Aufl.",2014
"Geschichten, die in mir wohnen","1. Auflage",2018
"Geschichten, die keiner lesen will","1. Auflage",2022
"Geschichten, die keine sind","1. Auflage",2020
"Geschichten, die man nicht erfinden kann.","1. Auflage",2015
"Geschichten, die meine Knochen erzählen",NULL,2014
"Geschichten, die mir zuflogen","1. Auflage",2023
"Geschichten, die Mut machen",NULL,2021
"Geschichten, die passieren ...","Erste Auflage",2019
"Geschichten, die wir erzählen","Erste Auflage",2019
"Geschichten durch das Schlüsselloch",NULL,2011
"Geschichten einer Dithmarscher Outlaw-Diva","1. Auflage",2017
"Geschichten einer Oberpfälzer Wirtin","1. Aufl.",2009
"Geschichten eines Geistreisenden oder: Neues aus Joaquins Bar",NULL,2016
"Geschichten eines Jägers","1. Auflage",2023
"Geschichten eines nicht ganz Dichten","1. Auflage",2017
"Geschichten eines Reisen-dan","1. Aufl.",2010
"Geschichten eines Stifts",NULL,2020
"Geschichten - einfach so - demi-sec","1. Auflage",2023
"Geschichten erzählen, das war sein Eins und Allles",NULL,2016
"Geschichtenerzähler","Originalausgabe, 1. Auflage",2017
"Geschichten – erzählt für dich",NULL,2021
"Geschichten für den Nahverkehr","1. Auflage",2020
"Geschichten für den Ruheraum","1. Aufl.",2008
"Geschichten für Dich",NULL,2010
"Geschichten für die etwas ältere Generation","1. Aufl.",2008
"Geschichten für Entdecker","1. Aufl.",2009
"Geschichten für Flieger","1. Aufl.",2009
"Geschichten für Genießer",NULL,2015
"Geschichten für glückliche Stunden","Originalausgabe",2023
"Geschichten für glückliche Tage",NULL,2015
"Geschichten für Jedermensch",NULL,2019
"Geschichten für Junggebliebene","1. Auflage",2023
"Geschichten für Kinder",NULL,2018
"Geschichte(n) für meinen Urenkel",NULL,2012
"Geschichten für Ruth",NULL,2021
"Geschichten fürs Gemüt",NULL,2008
"Geschichten fürs Herz",NULL,2011
"Geschichten für Training und Therapie","1. Aufl.",2011
"Geschichten, Gärten, gute Nachbarn","1. Auflage",2017
"Geschichten & Gebäck für jede Jahreszeit",NULL,2021
"Geschichten - Gedichte - Gedanken",NULL,2013
"Geschichten, Geschichtchen (crtice) .... und das Kochen","1. Auflage",2021
"Geschichten gibt es viele",NULL,2015
"Geschichten großer Geister",NULL,2010
"Geschichten hinter der Geschichte","Erstausg.",2010
"Geschichten hinter der Liebe",NULL,2015
"Geschichten im Gesicht",NULL,2013
"Geschichten im Vorübergehen",NULL,2020
"Geschichten in Gedichten","Orig.-Ausg., 1. Aufl.",2012
"Geschichten in Kürze mit lyrischer Würze","1. Auflage",2022
"Geschichten in Leichter Sprache","1. Auflage",2017
"Geschichten in Versform",NULL,2011
"Geschichten kunterbunt",NULL,2009
"Geschichten, Märchen Etüden","1. Auflage",2018
"Geschichten mit Ausblick","1. Auflage",2018
"Geschichten mit Marianne","1. Auflage",2020
"Geschichten mit Meeresblick",NULL,2022
"Geschichten mit Seele","1. Aufl.",2011
"Geschichte(n) neu aufgemöbelt",NULL,2014
"Geschichten nicht nur vom Wein",NULL,2015
"Geschichten ohne Ei",NULL,2011
"Geschichten Ohne Strom - Anthologie",NULL,2022
"Geschichten paradoxer Welten","1. Auflage",2020
"Geschichten, Reime, Rätsel & Sprichwörter","1. Aufl.",2011
"Geschichten rund ums Häusl",NULL,2022
"Geschichten rund ums Wirtshaus",NULL,2016
"Geschichten-Schatz","1. Auflage",2017
"Geschichten sind überall zu Hause",NULL,2015
"Geschichten, so bunt wie das Leben",NULL,2020
"Geschichten süß-sauer",NULL,2017
"Geschichten taum Hulen un Högen","1. Auflage",2018
"Geschichten to go","1. Auflage",2017
"Geschichten über 30",NULL,2017
"Geschichten über Bilder die sind, waren und immer sein werden.","1. Auflage",2023
"Geschichten über das Glück","1. Auflage",2022
"Geschichten über den kleinen Wichtel Purzel","1. Auflage",2019
"Geschichten über den Tod hinaus","1. Auflage",2022
"Geschichten über die Liebe und andere Absonderlichkeiten","1. Auflage",2018
"Geschichten über Herbert, Hubert und andere Zeitgenossen","1. Aufl.",2013
"Geschichten über hochsensible, hochbegabte und/oder autistische Kinder/Christopher und die Schmetterlinge in seinem Bauch","1. Auflage",2020
"Geschichten über hochsensible, hochbegabte und/oder autistische Kinder/Du wirst deinen Weg schon finden- Kathi ist ein fröhliches Kind","1. Auflage",2023
"Geschichten über Liebe, Krieg und Schach",NULL,2016
"Geschichten über Sie","1. Auflage",2023
"Geschichten um Daniel - und anderes","1. Auflage",2023
"Geschichten um Manfred den Magier auf seinem weiten Weg durch sieben und eine Welt","1. Aufl.",2008
"Geschichten um Ritter Fips von Fipsenstein",NULL,2008
"Geschichten umständehalber abzugeben",NULL,2015
"Geschichten und Bilder",NULL,2022
"Geschichten und Bilder in vier Farben","1. Auflage",2020
"Geschichten und Dichtungen","1. Aufl.",2013
"Geschichten und Erzählungen aus Schrattenberg im Weinviertel",NULL,2011
"Geschichten und Fabeln Teil II","1. Auflage",2020
"Geschichten und Gedanken",NULL,2009
"Geschichten und Gedichte",NULL,2008
"Geschichten und Gedichte aus dem Renchtal und der näheren Umgebung","1. Aufl., neue Ausg.",2015
"Geschichten und Gedichte die das Leben schreibt","1. Auflage",2023
"Geschichten und Gedichte von Gott und der Welt",NULL,2019
"Geschichten und Gedichte zur Weihnachtszeit aus dem Lipperland",NULL,2023
"Geschichten und Reime im weltweit einmaligen Oberharzer Dialekt","1. Auflage",2021
"Geschichten und Sagen aus Bremen und Verden","1., Auflage",2010
"Geschichten und Science Fiction",NULL,2018
"Geschichten und Witze aus aller Welt - es geht noch weiter",NULL,2019
"Geschichten unergründlicher Seelen","1. Aufl.",2012
"Geschichten unglaubliche, jedoch wahrhaftige und wundersame Begebenheiten","1. Auflage",2023
"Geschichten unter dem Sternenhimmel","1. Auflage",2020
"Geschichten unter dem Weltenbaum",NULL,2010
"Geschichten unter der Haube","1. Auflage",2018
"Geschichten unterm Tannenbaum",NULL,2020
"Geschichten unterm Weihnachtsbaum",NULL,2013
"Geschichten ut Kauhstörp",NULL,2008
"Geschichten ut uns Dörp",NULL,2014
"GeSchichten voller Lust","1. Auflage",2023
"Geschichten voller Sprichwörter","1. Auflage",2018
"Geschichten vom anderen Ende der Leine","1. Auflage",2019
"Geschichten vom Bodensee","Orig.-Ausg., 1. Aufl.",2012
"Geschichten vom Drachen",NULL,2010
"Geschichten vom einzig wahren Nono","1st edition",2023
"Geschichten vom Ende der Welt","1. Aufl.",2009
"Geschichten vom Federvieh",NULL,2020
"Geschichten vom Fliegen",NULL,2008
"Geschichten vom Fluss",NULL,2015
"Geschichten vom Glauben","1. Auflage",2015
"Geschichten vom Glück","1. Aufl.",2014
"Geschichten vom Heiraten","Erste Auflage",2015
"Geschichten vom Herrn B.","1. Auflage",2016
"Geschichten vom Herrn G.",NULL,2013
"Geschichten vom Herrn Keuner","Orig.-Ausg., 1. Aufl.",2012
"Geschichten vom Herrn mit Hut und andere Kurz- und Kriminalgeschichten","Orig.-Ausg., 1. Aufl.",2010
"Geschichten vom Kaff der guten Hoffnung","1. Auflage",2020
"Geschichten vom Lande",NULL,2009
"Geschichten vom Land und anderen Abgründen","1. Aufl.",2009
"Geschichten vom Leben",NULL,2014
"Geschichten vom Lehrer V.","1. Auflage",2022
"Geschichten vom lieben Gott","1. Aufl.",2008
"Geschichten vom lieben Gott und weitere Novellen",NULL,2015
"Geschichten vom Mute","1. Auflage",2015
"Geschichten vom Olivenschorsch",NULL,2014
"Geschichten vom platten Land",NULL,2022
"Geschichten vom Stück",NULL,2023
"Geschichten vom Taibai-Berg",NULL,2009
"Geschichten vom Tanz aus Licht und Schatten","1. Auflage",2023
"Geschichten vom Tod","1. Auflage",2019
"Geschichten vom Weißen Drachen","1. Auflage",2018
"Geschichten vom Weltenrand",NULL,2016
"Geschichten von 7 bis 70",NULL,2015
"Geschichten von den Inseln",NULL,2023
"Geschichten von den Nussknackern und dem alten erzgebirgischen Bergbau",NULL,2021
"Geschichten von der Beziehungsplattform",NULL,2018
"Geschichten von der Heiterkeit","1. Auflage",2015
"Geschichten von der Insel Pag",NULL,2019
"Geschichten von der Kräuterfrau",NULL,2015
"Geschichten von der Liebe","1. Auflage",2015
"Geschichten von der Straße","1. Auflage",2023
"Geschichten von deutscher Art",NULL,2012
"Geschichten von drüben",NULL,2009
"Geschichten von einer Edeldame","1. Aufl.",2008
"Geschichten von Engeln und anderen Zeitgenossen","1. Aufl.",2009
"Geschichten von Frau K.",NULL,2016
"Geschichten von Frau Kasimir",NULL,2008
"Geschichten von gestern und heute für große und für kleine Leute",NULL,2008
"Geschichten von hüben und drüben",NULL,2015
"Geschichten von Käpt´n Chaos","1. Aufl.",2012
"Geschichten von Kindern aus der Grundschule Dummerstorf","1. Auflage",2010
"Geschichten von mir",NULL,2013
"Geschichten von Richtern, Rössern und Reitern",NULL,2021
"Geschichten von Trulla",NULL,2008
"Geschichten von und übers Erchen",NULL,2009
"Geschichten von unterwegs",NULL,2021
"Geschichten von Werner Blum/Band 1 - Familiengeschichten","1. Auflage",2016
"Geschichten von Werner Blum/Band 2 - Was uns das Leben alles beschert","1. Auflage",2016
"Geschichten von Werner Blum/Band 3 - So spielt das Leben","1. Auflage",2016
"Geschichten von Werner Blum/Band 4 - Time Shift & Des Menschen Würde","1. Auflage",2016
"Geschichten von woanders","1. Auflage",2022
"Geschichten, wie aus dem Leben","1. Auflage",2023
"Geschichten wie diese",NULL,2013
"Geschichten zum Bild","1. Aufl.",2014
"Geschichten zum Einschlafen für Erwachsene",NULL,2020
"Geschichten zum Einschlafen, Wachwerden und für Zwischendurch","1. Auflage",2020
"Geschichten zum Entspannen","1. Aufl.",2015
"Geschichten zum Geburtstag",NULL,2014
"Geschichten zum Lesen und Leben",NULL,2020
"Geschichten zum Nachdenken",NULL,2021
"Geschichten zum Schmunzeln","1. Auflage",2020
"Geschichten zum Schmunzeln + Runzeln","Orig.-Ausg., 1. Aufl.",2010
"Geschichten zum Träumen",NULL,2016
"Geschichten zum Verlieben","Erste Auflage, Originalausgabe",2017
"Geschichten zum Wohlfühlen",NULL,2014
"Geschichten zum Zappen","1. Auflage",2022
"Geschichten zur Entspannung","1. Auflage",2021
"Geschichten zur Weihnacht","1. Auflage",2015
"Geschichten zur Weihnachtszeit","Orig.-Ausg., 1. Aufl.",2012
"Geschichten zwischen den Jahren",NULL,2008
"Geschichten zwischen Tür und Angel",NULL,2011
"Geschichten zwischen Wachen und Träumen","1. Aufl.",2011
"Geschichte und Geschichten vom Arni",NULL,2018
"Geschichtliche Erzählungen",NULL,2019
"Geschmack der Liebe","1. Aufl.",2010
"Geschnitzte Geschichten","Erstausgabe",2017
"Geschrei des Raben","1. Auflage",2021
"Geschwister",NULL,2008
"Geschwisterzoff","1. Auflage",2019
"Gesegnete Weihnachten",NULL,2016
"Gesichertes",NULL,2010
"Gesichter der Konquista: eine Blütenlese",NULL,2021
"Gespaltener Schädel und andere Kurzgeschichten",NULL,2019
"Gespiegelte Landschaften","1. Auflage",2019
"Gespräche am Zürichsee",NULL,2021
"Gespräche zwischen den Zeiten",NULL,2012
"Gestalten der Kindheit und Jugend",NULL,2008
"Gestatten, bestatten!",NULL,2012
"Gestatten, Bestatter!",NULL,2008
"Gestatten: Bienzle, Pensionär!",NULL,2015
"Gestatten, dein Schatten und andere Erzählungen",NULL,2016
"Gestatten: Karlchen - französische Bulldoge und ein Seelenhund","Ungekürzte Taschenbuchausgabe",2018
"Gestatten, Kümmel. Von Beruf Katze",NULL,2012
"Gestatten: Mein Name ist Paddington vom Kirchberg",NULL,2010
"Gestern","Erste Auflage",2015
"Gestern hab ich den Zufall getroffen","1. Auflage",2018
"Gestern, heute, jederzeit","Erstauflage",2018
"Gestern ist heute","1. Auflage",2018
"Gestern Nacht im Taxi",NULL,2015
"Gestern war auch schon ein Tag","1. Aufl.",2009
"Gestochen scharf - sexy Tattoo Storys","1. Auflage, vollständige Taschenbuchausgabe, Originalausgabe",2022
"Gestrandet","1. Aufl.",2012
"Gestrandete Riesen","1. Auflage",2019
"Geteilte Tage",NULL,2021
"Geteilte Welt",NULL,2023
"Ge-trennt","1. Auflage",2021
"Getrieben","1. Aufl.",2012
"Gewagte Nähe",NULL,2016
"Gewagt, gestolpert und gesprungen",NULL,2012
"Gewaltige Metamorphose","1. Auflage",2015
"Gewöhnliche Geschichten über das Ungewöhnliche",NULL,2022
"Gewöhnliche Leute","1. Aufl.",2008
"Gezeiten","1. Aufl.",2010
"Gezeitenhorizonte",NULL,2018
"Gezeitenströme","1. Auflage",2019
"Gezeitenwechsel",NULL,2009
"Gezüchtigt","1. Auflage, vollständige Taschenbuchausgabe, Originalausgabe",2021
"Ghost stories of flesh and blood","1. Auflage",2018
"Giacometti hinkt","1. Auflage",2019
"Gib dem Alter einen Gin!",NULL,2021
"Gib den Himmel nicht auf","1. Aufl.",2008
"Gib ihm Sprache","Originalausgabe",2015
"Gib's mir!","1. Auflage, vollständige Taschenbuchausgabe, Originalausgabe",2016
"Gib's mir! Und zwar jetzt!","Vollständige Taschenbuchausgabe, Originalausgabe",2021
"Gib's mir und zwar richtig!","1. Auflage, vollständige Taschenbuchausgabe, Originalausgabe",2021
"Gierige Hausfrauen und ihre standfesten Männer","1. Auflage, vollständige Taschenbuchausgabe, Originalausgabe",2021
"Gieriges Verlangen","1. Auflage, vollständige Taschenbuchausgabe, Originalausgabe",2023
"Gier und das Kaspische Meer","1. Auflage",2023
"Gift der Jugend","1. Aufl.",2008
"GIFT - Dunkle Geschichten","1. Auflage",2019
"Giftige Genossen","1. Aufl.",2010
"Giftiger Fisch",NULL,2009
"Gigis Krimis",NULL,2013
"Giovannis blonde Frauen","Erste Auflage",2018
"Gipfelstürmer","1. Auflage",2022
"Giri",NULL,2022
"Gisela’s träumerische Geschichten",NULL,2017
"Giulia und das Erdbeben von Sondrio",NULL,2012
"Glanz und Schatten","1. Auflage",2017
"Glasmasken","1. Aufl.",2012
"Glaspyramide","1. Aufl.",2015
"Glaube an Liebe und Gefühle",NULL,2010
"Glaube, Liebe, Hoffnung",NULL,2012
"Glaube & Schönheit","1. Auflage",2018
"Glaube und Angst","1. Aufl.",2011
"Glaubst Du an den Weihnachtsmann?",NULL,2023
"Glaubst du, es war Liebe?",NULL,2014
"Gleann Comhann - Gefangen im Tal der Tränen",NULL,2021
"Gletscherströme",NULL,2013
"Glitzerträume",NULL,2012
"Glocken der Heimat",NULL,2018
"Gloria",NULL,2010
"Glorie des Freigeist","Erstauflage",2015
"Glossen und Geschichten","1. Auflage",2021
"Glück","Originalausgabe",2016
"Glück auf - oje du fröhliche","1. Auflage",2019
"Glück ist eine Form von Mut","1. Auflage",2017
"Glück ist gar nicht mal so selten","1. Auflage",2017
"Glückliche Kindertage - lang, lang ist es her ...","1. Auflage",2016
"Glückliche Paare in unglücklichen Zeiten","1. Auflage 2021",2021
"Glücklicher Tod eines Rebellen",NULL,2009
"Glückliche Wochen",NULL,2021
"Glücklich mit nichts","Erste Auflage",2019
"Glückloses Glück","1. Aufl.",2011
"Glück nach Maß",NULL,2023
"Glück sammeln","1. Aufl.",2008
"Glücksbringer und andere Katastrophen",NULL,2016
"Glücksgeschichten",NULL,2009
"Glück sieht jeder anders","1. Auflage",2018
"Glücksinn",NULL,2009
"Glücksmacher",NULL,2017
"Glücksmomente",NULL,2020
"Glücksmomente fürs Herz",NULL,2020
"Glückspilze",NULL,2011
"Glückspilze und Pechvögel","1. Aufl.",2011
"Glückssache","1. Aufl.",2011
"Glück sucht Empfänger",NULL,2010
"Glücksversuche","1. Aufl.",2008
"Glück und andere Katastrophen",NULL,2010
"Glück und Glas","1. Auflage",2021
"Glückwunsch","1. Auflage",2023
"Glückwunsch zum Abitur",NULL,2020
"Glut der Unruh","Orig.-Ausg., 1. Aufl.",2008
"Glutnacht",NULL,2023
"Glut und Lohe",NULL,2014
"Gnadenlos",NULL,2008
"Gnadenschuss der Liebe","1., ungek. Ausg.",2013
"Godewind","1. Aufl.",2010
"Goethe, Glück und Helgoland","1. Aufl.",2015
"Goethe, Schiller & Company","Dt. Orig.-Ausg., 1. Ausg.",2011
"Goethe schtirbt","1. Aufl.",2010
"Goethe und die Schrebergärtner","Erstausg., 1. Aufl.",2014
"Gogo",NULL,2008
"Goha der Ägypter","1. Auflage",2022
"Goldachs Erzählungen",NULL,2012
"Goldene Liebe rostet nicht",NULL,2016
"Goldene Momente","1. Aufl.",2008
"Goldener Herbst","Orig.-Ausg.",2012
"Goldenes Werdenfelser Land",NULL,2017
"Goldene Weisheiten fürs Leben",NULL,2013
"Goldfischgedächtnis",NULL,2011
"Goldfluch","Erste Auflage",2015
"Gold Tales - Storys vom Suchen & Finden","1. Aufl.",2013
"Gönn' dir eine Pause!",NULL,2018
"Good Girls, Bad Girls","1. Auflage",2016
"Goodwill im Leben",NULL,2021
"Gorch Fick","1. Aufl.",2011
"Gothic erotic","1. Aufl.",2013
"Götter & Könige",NULL,2021
"Götterradio","1. Auflage",2019
"Götter und ihre Fans",NULL,2012
"Gotteserzählungen","1. Auflage",2023
"Gottesquartett",NULL,2020
"Gottesraub und andere Geschichten","1. Auflage",2015
"Gottes seltsame Helden","Orig.-Ausg.",2011
"Gottes tote Katze und die Last der Existenz","1. Auflage",2016
"Gottfried oder im Dunst des Verdachts","Orig.-Ausg., 1. Aufl.",2015
"Gott hält viel aus",NULL,2009
"Gott im Verstand, das Herz in der Hand",NULL,2011
"Gott ist eine schwarze Frau",NULL,2017
"Gott kann nicht überall sein, deshalb schuf er die Mütter",NULL,2017
"Gott lächelt","1. Auflage",2019
"Göttliches Puzzle","1. Aufl.",2015
"Gott und die Welt","1. Aufl.",2012
"Grabesschweigen",NULL,2022
"Graciela nimmt Maß",NULL,2010
"Gracielas Hintern",NULL,2009
"Graf Greiffenstein auf Reisen","Ersterscheinung mit Widmung der Autorin",2015
"Grafschafter Geschichten",NULL,2015
"Granada Grischun","1. Auflage",2017
"Grand est petit ouest",NULL,2017
"Gratwanderung","1. Auflage",2016
"Gratwanderung Leben",NULL,2010
"Grau","1. Auflage",2016
"Grauen in der Dunkelheit","Originalausgabe",2017
"Grau, Grün und andere Ungereimtheiten",NULL,2013
"Grauoranges","1. Auflage",2016
"Grausames Licht",NULL,2020
"Grauzone",NULL,2018
"Great German short stories of the twentieth century",NULL,2012
"Greenwater Hill","1. Auflage",2019
"GreenZeug",NULL,2009
"Grell","1. Auflage",2017
"Grenzenlos?","Erstausgabe in dieser Zusammenstellung",2020
"Grenzenlose Katzenliebe","1. Aufl.",2009
"Grenzenlose Lust","Orig.-Ausg.",2013
"Grenzenlos heißes Verlangen","1. Auflage, vollständige Taschenbuchausgabe, Originalausgabe",2022
"Grenzen überschreiten","Orig.-Ausg., 1. Aufl.",2008
"Grenzerfahrungen",NULL,2009
"Grenzergeschichten1964 bis 1990",NULL,2019
"Grenzgänge",NULL,2010
"Grenzgänger",NULL,2008
"Grenzkreuzgeschichten",NULL,2013
"Grenzland",NULL,2009
"Grenzlandschaften oder Die Wut der Schafe",NULL,2016
"Grenzporträts",NULL,2017
"Grenzüberschreitung",NULL,2016
"Grenzüberschreitungen",NULL,2011
"Grenzwege","1. Aufl.",2011
"Grete Minde",NULL,2009
"Grey Anthology","Dt. Erstausg.",2009
"Griechische Einladung","1. Aufl.",2013
"Griechische Einladung in die Ägäis",NULL,2014
"Griechische Einladung in die Musik","Erste Auflage",2017
"Griechische Einladung in die Politik","1. Aufl.",2015
"Griechische Götter und ihre Macken","1. Aufl.",2012
"Grimms Märchen Update 1.3",NULL,2018
"Große Erzählungen der Weltliteratur",NULL,2019
"Große Geschichte(n) im kleinen Cottbus",NULL,2022
"Grosse Geschichten vom kleinen Volk","Dt. Erstausg., Orig.-Ausg., 1. Aufl.",2012
"Große Geschichten vom kleinen Volk","1. Aufl. 2017",2017
"Großeltern","Originalausgabe",2023
"Grösser als du","1. Auflage",2021
"Größer als unser Herz",NULL,2009
"Größere Liebe","1. Auflage",2020
"Großer Wind – Kleiner Wind","1. Auflage",2018
"Großes Koch Buch","1. Auflage",2018
"Großes Mädchen",NULL,2011
"Großmanns Erzählungen","1. Auflage",2018
"Großmutters schönstes Weihnachtsgeschenk und andere erlebte Geschichten",NULL,2022
"Großstadtfrauen",NULL,2014
"Großstadtnächte",NULL,2022
"Großstadttragödien: Else Feldmanns Erzählungen","1. Aufl.",2009
"Großstadtwunder",NULL,2023
"Großvaters Geschichten",NULL,2011
"Großvater und andere Menschen",NULL,2022
"Großvater und Enkel, ein Bild aus der Katholikenverfolgung in England unter Elisabeth und Lady Nithsdale, eine Erzählung aus der Zeit der Kämpfe für die Stuarts","1. Aufl., zur Orig.-Ausg. sprachlich überarb.",2010
"Grotesk!","1. Aufl.",2011
"Grund, der trägt","Erstausg.",2013
"Grundgefühle",NULL,2023
"Grundkurs Weltherrschaft","Orig.-Ausg., 1. Aufl.",2013
"Grundlagenforschung","1. Auflage",2020
"Grüne Fische","1. Auflage",2019
"Grüne Hasen dampfen ab","1. Auflage",2018
"Grüne Höllen",NULL,2020
"Grüner Wind erzählte mir Geschichten","1. Auflage",2019
"Grünes Land in Sicht","1. Aufl.",2012
"Grüne Windmühlen",NULL,2008
"Grungy Nuts",NULL,2018
"Grün ist die Farbe der Ferne",NULL,2010
"Grün-weiße Geschichten aus der Steiermark","1. Auflage",2019
"Gruschelke und Engelmannke","Ungekürzte Ausg., 1. Aufl.",2008
"Gruselige Geschichten aus Nordfriesland","1. Aufl.",2008
"Gruselmeer","1. Auflage",2017
"Gruss an Amphitrite","Originalausgabe, 1. Auflage",2020
"Grüße aus dem Garten",NULL,2010
"Grüße aus dem Saarland","Erstauflage",2019
"Grüße aus Shangri-La","1. Aufl.",2008
"Grüße Mary!",NULL,2018
"G'scheit goschert","Erste Auflage",2019
"Guerillaspießer","1. Aufl.",2015
"Guerillas & Schmotter","Originalausgabe",2015
"Gulas Menü","1. Aufl.",2011
"Gummitwist in Schalke-Nord","1. Aufl.",2012
"Gummitwist und Wii - Geschichte in Geschichten",NULL,2012
"Gunda, Clara, du und ich",NULL,2013
"Günner Mambrallek: Bor hömma","Originalausgabe",2020
"Günner Mambrallek: Gezz kucksse!","Orig.-Ausg.",2013
"Günner Mambrallek: So isset!","Orig.-Ausg.",2011
"Günner Mambrallek: Wat willze","Originalausgabe",2016
"Gurkenglas, Spinatwachtel und Sockengenese","Orig.-Ausg., 1. Aufl.",2014
"Gurrletta Steinhöfl","1. Aufl.",2012
"Gut abgehangen","Deutsche Erstausgabe",2022
"Gute alte Weihnachtszeit","Großdruck",2016
"Gute Besserung!","1. Aufl.",2011
"Gute Besserung - Steffen Kersken - 2023",NULL,2023
"Gute Droge",NULL,2008
"Gute Fee – böse Fee","1. Aufl.",2014
"Gute Gedanken für jeden Tag",NULL,2017
"Güte grenzt an Dummheit",NULL,2014
"Gute-Laune-Geschichten","Originalausgabe",2016
"Gute Laune kennt kein Alter - heitere Geschichten, Gedichte und Rätsel für Menschen mit Demenz",NULL,2017
"Gute Nacht, Carlo","1. Auflage",2017
"Gute Nacht, Doris",NULL,2008
"(Gute)-Nacht-Geschichten","1. Auflage",2020
"Gute-Nacht-Geschichten für Männer und Frauen","Orig.-Ausg.",2009
"Gute-Nacht-Geschichten und Gedichte über den Mond und seine Nachbarn","1. Aufl.",2014
"Gute-Nacht-Geschichten zum Entspannen",NULL,2010
"Gute Nacht, Köln!",NULL,2008
"Guten Appetit","1. Auflage",2020
"Guten Morgen",NULL,2023
"Guten Morgen, du schöner Mehrzweckkomplex","1. Auflage",2018
"Guten Tag, mein Name ist ...",NULL,2009
"Guten Tag, Tod mein Name. Der Tod","1. Auflage",2015
"Gute Vorsätze, schlechtes Karma","Orig.-Ausg., 1. Aufl.",2008
"Gute Zeit für die Seele",NULL,2014
"Gut, ihr habt gewonnen",NULL,2008
"Gut leben – früh sterben","Orig.-Ausg.",2014
"Gütsili","1. Auflage",2015
"Gut und Böse","1. Aufl.",2011
"Gwalt",NULL,2010
"Haarig",NULL,2014
"Haarige Geschichten",NULL,2017
"Haarige Zeiten","1. Aufl.",2009
"Haar-sträubend",NULL,2016
"Haben Tauben Hoffnung",NULL,2023
"Hab ich mir´s doch gleich gedacht",NULL,2017
"Hab ich sie noch alle?","1. Aufl.",2013
"Hab' keine Angst",NULL,2023
"Hab' Sonne im Herzen","1. Aufl.",2009
"Hacke & Schüppe: Pflegefrei?",NULL,2014
"Haesel und ihre Freunde","1. Aufl.",2012
"Hafenlichter",NULL,2014
"Hahnenkampf",NULL,2018
"Hahn, Maus und Schwein gehabt",NULL,2008
"Hai Society",NULL,2014
"Halber Mensch",NULL,2013
"Halb kaputte Welten","Originalausgabe",2022
"Halbschattengewächse auf Mischboden",NULL,2009
"Hall dich kurrasch!","1. Auflage",2015
"Hallesche Anthologie",NULL,2012
"Hallo Doc!",NULL,2014
"Hallo, Grete",NULL,2021
"Hallo Herr Doktor","1. Auflage",2016
"Hallo, ich bin der Erich!",NULL,2022
"Hallo, ich bin Joschi!","1. Aufl.",2013
"Hallo, Postler, Hallo, Taxler","1. Auflage",2022
"Halloween Daddies","1. Auflage",2018
"HALLOWEEN-KULT","1. Auflage",2019
"Halme im Wind",NULL,2012
"Halt! Zoll!",NULL,2008
"Hamborger Schippergeschichten","Nachdruck der Originalausgabe von 1907, bearbeitete Ausgabe",2017
"Hamburg brutal",NULL,2020
"Hamburg drunter und drüber",NULL,2020
"Hamburger Allerlei und andere Geschichten aus meiner Kindheit","1. Aufl.",2013
"Hamburger Nächte","Orig.-Ausg.",2013
"Hamburger Tüddelkram und andere Geschichten","1. Auflage",2020
"Hamburg hart + zart",NULL,2011
"Hamburgian Psycho","1. Auflage",2020
"Hamburg schreibt eine Nacht im November",NULL,2017
"Hamiyet, wo bleibt mein Küsschen?","1. Auflage",2021
"Hammerhart","1. Auflage",2022
"Hämmes Hämmer","1. Auflage",2017
"Hanauer Geschichten",NULL,2011
"Hände, die dich halten",NULL,2011
"Hände, die Geschichten erzählen (Tischkalender 2014 DIN A5 quer)","1., Auflage 2013",2013
"Hände, die Geschichten erzählen (Wandkalender 2014 DIN A3 quer)","1., Auflage 2013",2013
"Hände, die Geschichten erzählen (Wandkalender 2014 DIN A4 quer)","1., Auflage 2013",2013
"Handicap",NULL,2011
"Handtaschenkram und anderes Unergründliches",NULL,2008
"Handy",NULL,2009
"Handyman Jack","1. Aufl.",2008
"Handy Stories","Orig.-Ausg., 1. Aufl.",2010
"Hanni lebt mit einem Thunfisch",NULL,2021
"Hanno und der Mützendreher",NULL,2008
"Hannöversche Geschichten","1. Aufl.",2012
"Hans Clauert, der märkische Eulenspiegel","Nachdr. der Ausg. Berlin : Voltz, 1587",2008
"Hanseschwestern - Historical Romance Sammelband 6020: 3 Romane","1. Auflage",2020
"Hansi und Mona_Blue","1. Auflage",2016
"Hans Jörgel","1. Auflage",2023
"Häppchen zwischen den Gängen",NULL,2020
"HapPeeness","1. Auflage",2017
"Happy End",NULL,2009
"Happy Queer Summer","1. Auflage",2021
"Hard beats vom Kreis neun",NULL,2020
"Harey",NULL,2008
"Harlekin","1. Auflage",2021
"Harmonie-Geschichten",NULL,2014
"Harmonika & Poesie",NULL,2009
"Harry",NULL,2011
"Hartbitter","1. Auflage",2020
"Harte Arbeit - derbe Sprüche","1. Auflage, neue Ausgabe",2016
"Harte Bandagen",NULL,2015
"Harte Geschichten",NULL,2012
"Harte Kollektion",NULL,2023
"Harte Landung",NULL,2008
"Harte Marshals: Wichita Western Sammelband 5 Romane","1. Auflage",2021
"Hart entsaftet in den USA",NULL,2022
"Harter Kern küsst weiche Schale","1. Aufl.",2008
"Harter Kern Sendling - 70er und 80er Jahre in Echtzeit",NULL,2022
"Härter Sex mit einem Fremden",NULL,2023
"Hartes Brot","1. Auflage",2021
"Hartes Verlangen und Feuchte Gier","1. Auflage",2017
"Harte Western Sammelband 5015 - 5 Romane Juni 2020","1. Auflage",2020
"Harte Zeiten",NULL,2009
"Hartgekocht","1. Aufl., vollst. Taschenbuchausg.",2014
"Hart, Hemmungslos und unzensiert","1. Auflage",2021
"Hartmut Rißmanns (nicht ganz ernst gemeinte) Gute Nacht Geschichten","Orig.-Ausg., Erstdr., 1. Aufl.",2013
"Hartpuckern",NULL,2010
"Hart und feucht","1. Aufl., Taschenbuchausg.",2010
"Hart und Lustvoll Genommen/Geile Adlige Hart Genommen - Schwiegermutters Liebling","1. Auflage",2017
"Hart und Lustvoll Genommen/Geile Azubine Hart Genommen - Jung und willig","1. Auflage",2017
"Hart und Lustvoll Genommen/Geile Elfe Hart Genommen - DPS hart von hinten","1. Auflage",2017
"Hart und Lustvoll Genommen/Geile Feger Hart Genommen - 19 anregende Gute Nacht Geschichten","1. Auflage",2017
"Hart und Lustvoll Genommen/Geile Feger Hart Genommen - 24 anregende Gute Nacht Geschichten","1. Auflage",2017
"Hart und Lustvoll Genommen/Geile Feger Hart Genommen - 29 anregende Gute Nacht Geschichten","1. Auflage",2017
"Hart und Lustvoll Genommen/Geile Feger Hart Genommen - 34 anregende Gute Nacht Geschichten","1. Auflage",2017
"Hart und Lustvoll Genommen/Geile Feger Hart Genommen - 39 anregende Gute Nacht Geschichten","1. Auflage",2017
"Hart und Lustvoll Genommen/Geile Feger Hart Genommen - 59 anregende Gute Nacht Geschichten","1. Auflage",2017
"Hart und Lustvoll Genommen/Geile Haushälterin Hart Genommen - Ganz nah dran am Dienstmädchen","1. Auflage",2017
"Hart und Lustvoll Genommen/Geile Kundin Hart Genommen - Vom lüsternen Pizzaboten begattet","1. Auflage",2017
"Hart und Lustvoll Genommen/Geile Lehrkraft Hart Genommen - Für gute Noten tut sie alles","1. Auflage",2017
"Hart und Lustvoll Genommen/Geile Stieftochter Hart Genommen: Aufregende Erlebnisse","1. Auflage",2017
"Hart und Lustvoll Genommen/Geile Verdächtige Hart Genommen - Auf der Spur des Serienfickers","1. Auflage",2017
"Hart und Lustvoll Genommen/Geile Wanderin Hart Genommen - Der Berg ruft","1. Auflage",2017
"Hart und Lustvoll Genommen/Scharfe Feger Hart Genommen - Die 25 neusten Gute Nacht Geschichten","1. Auflage",2017
"Hart und Lustvoll Genommen/Von Geheimagentin Alle Verführt - Die Spionin mit Leidenschaft im Blut","1. Auflage",2017
"Hart wie Krupp-Stahl","1. Auflage",2011
"Hasenbrot und andere weltbewegende Dinge","1. Auflage",2020
"Hasenbrot und Gänsewein","1. Auflage",2021
"Hasenweisheit",NULL,2018
"Hast du den Mut gesehen?","Erstauflage",2019
"Hast du noch Träume","1. Auflage",2023
"Hätten Taschen Augen",NULL,2014
"Haunted Herbst!","1. Auflage",2023
"Hauptbahnhof","1. Aufl.",2008
"Hauptgewinn","Erste Auflage",2016
"Hauptsache nichts mit Menschen","1. Aufl.",2012
"Hauptsach`s dichtet",NULL,2018
"Haus am Meer",NULL,2013
"Hausbesuche","1. Auflage",2018
"Häuser des Lichts","Erstausg.",2011
"Hausfrau & Mutter, berufstätig","1. Auflage",2020
"Häuslballade und andere Erzählungen","1. Auflage",2022
"Hausmädchen - wildes Treiben hinter verschlossenen Türen","1. Auflage, vollständige Taschenbuchausgabe, Originalausgabe",2019
"Hausmittel","1. Auflage",2020
"Haus, wo sind deine Spiegel?",NULL,2016
"Haut","Erste Auflage",2022
"Hautarrest",NULL,2021
"haut & knochen",NULL,2022
"Hautkontakt",NULL,2009
"Hautnah","1. Aufl.",2013
"Häutungen des Herzens","1. Aufl.",2015
"Hawischä Gebabbel","1. Auflage",2022
"Heba, das Mädchen aus Kairo",NULL,2011
"Hegauer Geschichten zur Weihnachtszeit","Erstauflage",2015
"Hei dampet no!",NULL,2012
"Heidelberg, du mein Heidelberg!","1. Aufl.",2011
"Heidelberger Geschichten",NULL,2010
"Heidelberg hat was!","1. Auflage",2018
"Heidemarie Auer mit Plem-Plem-Geschichten",NULL,2012
"Heidjer Geschichten",NULL,2012
"Heilende Geschichten und Gedichte","1. Auflage",2017
"Heile Welt",NULL,2014
"Heilige Kühe",NULL,2023
"Heilsame Geschichten",NULL,2017
"Heimat","1. Auflage",2020
"Heimat, Fremde","Orig.-Ausg.",2015
"Heimatliebe-Geschichten",NULL,2015
"Heimatlos (Illustriert)","1. Auflage",2019
"Heimat, mein Glück!","1. Auflage",2017
"Heimatsafari","Erstauflage",2016
"Heimat, schöne Fremde",NULL,2010
"Heimat suchen",NULL,2022
"Heimatsuchen",NULL,2021
"Heimchen am Schwert","1. Printauflage",2017
"Heimgekehrt","1. Aufl.",2012
"Heimis unheimliche Geschichten",NULL,2016
"Heimkehr","1. Aufl.",2014
"Heimkehr und Rückkehr","1. Auflage",2010
"Heimlich gscheit",NULL,2012
"Heiner, de Kraun",NULL,2018
"Heino",NULL,2023
"Heiraten schön trinken",NULL,2013
"Heiss","Orig.-Ausg., vollst. Taschenbuchausg.",2010
"Heiße Bescherung","Orig.-Ausg.",2009
"Heiße erotische Träume","1. Auflage",2020
"Heiße Geschichten für geile WinterNächte","1. Auflage, vollständige Taschenbuchausgabe, Originalausgabe",2020
"Heiße Gute-Nacht-Geschichten","1. Auflage, vollständige Taschenbuchausgabe, Originalausgabe",2017
"Heisse [Heiße] Erotik-Stories",NULL,2010
"Heiße Hose","1. Auflage",2015
"Heiße Karibik-Kreuzfahrt","1. Auflage, vollständige Taschenbuchausgabe, Originalausgabe",2019
"Heisse Massagen","1. Auflage, vollständige Taschenbuchausgabe, Originalausgabe",2020
"Heisser","1. Auflage, vollständige Ausgabe, Originalausgabe",2019
"Heißer!","Orig.-Ausg., 1. Aufl.",2009
"Heißer Sommer","Orig.-Ausg.",2012
"Heiße Schokolade und was die Seele sonst noch wärmt",NULL,2018
"Heiße Seitensprünge","1. Auflage",2020
"Heißes Knistern - extravagante intime Geständnisse","Erstauflage",2017
"Heißester Sommer",NULL,2014
"Heisse Urlaubsgeschichten","1. Auflage, vollständige Taschenbuchausgabe, Originalausgabe",2021
"Heiße Zeiten, heiße Geschichten","Orig.-Ausg.",2015
"Heißkalt","Orig.-Ausg.",2013
"Heiter-amouröse Anekdoten",NULL,2019
"Heiter bis feierlich","Originalausgabe",2018
"Heiter bis frostig","Originalausgabe",2016
"Heiter bis frühlingsfeucht",NULL,2022
"Heiter bis grantig",NULL,2023
"Heiter bis köstlich","Originalausgabe, 1. Auflage",2019
"Heiter bis mörderisch",NULL,2010
"Heiter bis mysteriös","1. Auflage",2018
"Heiter bis neblig","Originalausgabe",2021
"Heiter bis peinlich","1. Auflage",2023
"Heiter bis sandig","Originalausgabe, 1. Auflage",2016
"Heiter bis schaurig","1. Auflage",2019
"Heiter bis stürmisch",NULL,2020
"Heiter bis unbedenklich",NULL,2017
"Heiter bis unfreundlich",NULL,2016
"Heiter bis verliebt","Originalausgabe",2017
"Heiter bis wolkig",NULL,2017
"Heiter bis wolkig - 10 Kurzgeschichten","1. Auflage",2018
"Heiter bis wolkig - Lebensfugen",NULL,2009
"Heiter bis ?-würdig",NULL,2013
"Heitere Gedichte und Anekdoten",NULL,2016
"Heitere Geschichten",NULL,2013
"Heitere Geschichten mit Pfiff","1. Auflage",2020
"Heitere Geschichten vom Miteinander",NULL,2010
"Heitere Kurzgeschichten","1. Auflage",2021
"Heiterer Advent",NULL,2008
"Heiteres aus dem Erzgebirge und Vogtland","1. Auflage",2018
"Heiteres Darüberstehen",NULL,2010
"Heiteres rund um Gottes Bodenpersonal",NULL,2014
"Heiteres und Nachdenkliches","1. Aufl.",2015
"Heitere und besinnliche Geschichten",NULL,2013
"Heiter, lustig, ganz verrückt","1. Auflage",2016
"Hei un öht",NULL,2010
"Helden",NULL,2020
"Helden sind immer die anderen","1. Aufl.",2013
"Held*Innen",NULL,2021
"Heldinnen","1. Auflage",2018
"Heldinnen des Glücks","1. Aufl.",2010
"Helene",NULL,2017
"Helen. Venezianische Groteske oder Petrarcas Blick vom Mont Ventoux",NULL,2014
"Helga im Kamin und andere Geschichten",NULL,2011
"Helium und Katzengold",NULL,2014
"Helle Materie","1. Auflage",2019
"Helles Grau, federleicht","1. Auflage",2022
"Helle Tage - dunkle Tage",NULL,2022
"Hellwalkers MC","1. Auflage",2020
"Hell wie der Mond und stark wie Eisen",NULL,2016
"Helmud","1. Aufl.",2010
"Helvetia literarisch",NULL,2008
"Hemmungsloses Begehren","1. Auflage, vollständige Taschenbuchausgabe, Originalausgabe",2021
"Henris Welt","1. Aufl.",2008
"Henry, der sanfte Irre","Taschenbuchausg., 1. Aufl.",2009
"Herausgehen",NULL,2018
"Herbst Anthologie","1. Auflage",2023
"Herbstblätter","1. Aufl.",2013
"Herbstblätter lebensbunt","Erstauflage",2016
"Herbstkind","Dt. Erstausg.",2008
"Herbstlaub",NULL,2008
"HerbstLust","1. Auflage, vollständige Taschenbuchausgabe, Originalausgabe",2021
"Herbstmond und Winterstern","1. Aufl.",2010
"Herbstsonne","1. Auflage",2018
"Herbstzauber",NULL,2008
"HerbstZeitLese",NULL,2014
"Herkules an der Leine und andere Erzählungen","Orig.-Ausg.",2009
"Hermann, das Ei","Orig.-Ausg., 1. Aufl.",2015
"Hermann Löns",NULL,2018
"Hermäon","1., Auflage",2011
"Hermine mit der dicken Schnute oder Unzufriedenheit sieht man auch an den Lippen",NULL,2011
"Her mit dem wilden Leben!","1. Auflage",2021
"Herr A","1. Auflage",2020
"Herr Doktor, das muss ich mir auf einer schmutzigen Toilette geholt haben!",NULL,2012
"Herrengedeck","1. Auflage",2019
"Herrenpartie und weitere BDSM-Geschichten","1. Auflage",2022
"Herr Fröhlich",NULL,2023
"Herr Grieskötz und Herr Wunderlich und andere Geschichten aus der verkehrten Welt","Originalausgabe",2022
"Herrin des Todes","1. Auflage",2018
"Herr Kohler und das Leben","1. Auflage",2017
"Herr Kubin zieht den Hut","Erstausgabe",2020
"Herrn Drehsels Weg zum Licht",NULL,2009
"Herrn Murmelsams Trinklieder","1. Auflage",2019
"Herr Popel",NULL,2020
"Herr, schmeiß Hirn ra!",NULL,2009
"Herr Sutter und seine Schwestern","1. Auflage",2018
"Herr Tod schmeißt hin","1. Auflage",2014
"Herr Tod will leben","1. Auflage",2019
"Herr Tod will sterben","1. Auflage",2018
"Herr T - Tee-Geschichten","1. Auflage",2016
"Herr über Land und Meer","Deutsche Erstveröffentlichung, 1. Auflage",2018
"Herr über nichts","Neuausg., 1. Aufl.",2015
"Herr Wohllieb sucht das Paradies","1. Auflage",2017
"Hertha, Wilhelm und Maria","1. Aufl.",2011
"Herz","1. Auflage",2016
"Herz-an-Herz-Gefühl",NULL,2014
"Herz aus Glas",NULL,2008
"Herzbeben auf Rezept",NULL,2023
"Herzblätter",NULL,2017
"Herzblutlyrik","Orig.-Ausg.",2008
"Herzbuch Freundschaft","Originalausgabe",2015
"Herzbuch Frieden","Originalausgabe",2017
"Herzbuch Glücksmomente","Originalausgabe",2017
"Herzbuch Liebe","Orig.-Ausg.",2015
"Herzbuch Stille","Originalausgabe",2018
"Herzbuch Träume","Orig.-Ausg.",2015
"Herzensangelegenheiten","1. Aufl.",2011
"Herzensflüstern",NULL,2009
"Herzensfreundin","Originalausgabe",2020
"Herzenssachen",NULL,2012
"Herzerfrischende Atempausen","1. Auflage",2022
"Herzkaspertheater",NULL,2023
"Herzklopfen kann man nicht hören","1. Auflage",2021
"Herzklopfen und andere Lebenszeichen","1. Aufl.",2008
"Herzliabs Kindl",NULL,2010
"Herzlichst, Dein Köln","1. Auflage",2018
"Herzloses Land",NULL,2008
"Herzperlen","1. Aufl.",2010
"Herz & Rasen",NULL,2019
"Herz, Schmerz und dies und das","1. Auflage",2020
"Herztomaten","1. Auflage",2018
"Herz über Kopf",NULL,2020
"Herzumschlungen",NULL,2009
"Herz verloren - Hund gefunden","Originalausgabe",2016
"Herzwärts","1. Auflage",2019
"He shot me down","1. Aufl.",2011
"Hetero Daddy und Gay Mom - die kollegiale Idealkombination","1. Auflage",2020
"Hetzjagd","1. Auflage",2020
"Heuschnupfen",NULL,2010
"Heute, gestern, morgen","1. Aufl.",2012
"Heute hatte ich noch kein Glück",NULL,2013
"Heute muss ich Albert heißen",NULL,2010
"Heute nicht","1. Auflage",2021
"Heute nicht, Wladislaw! ... und weitere schauerliche Geschichten","1. Auflage",2022
"Heute schon gelacht?","1. Auflage",2020
"Heute zieht ein Wichtel bei uns ein","Originalausgabe, 2. Auflage",2021
"Hexe Agathes Geschichten aus dem Zauberforsthaus",NULL,2015
"Hexenbiss und Rittersprung","1. Auflage",2015
"Hexengold und andere Erzählungen","1. Aufl.",2008
"Hexen haben’s heute schwer","1. Auflage",2015
"Hexenhäppchen","1. Auflage",2022
"Hexeninternat der Sünden",NULL,2018
"Hexenjagd","1. Aufl.",2011
"Hexenjungfern","1. Aufl.",2009
"Hexenplatz und Mörderstein",NULL,2010
"Hexensabbat","1. Aufl.",2008
"Hexenstaub",NULL,2018
"Hexentotentanz und andere Kriminalgeschichten",NULL,2019
"Hibiskus","1. Aufl.",2009
"Hier",NULL,2017
"Hier auf Erden den Himmel spüren","1. Auflage",2017
"Hier bist du falsch!",NULL,2022
"Hier endet der Himmel",NULL,2012
"Hier ist dort ganz anders","1. Auflage",2021
"Hiersein ist herrlich","1. Aufl.",2010
"Hier snackt Käpt'n Cordts","1. Aufl.",2010
"Hier stehe ich ...",NULL,2016
"Hier stehe ich … Ich kann nicht anders",NULL,2021
"Hier und da, dann und wann","1. Auflage",2019
"Hier und einiges mehr",NULL,2012
"Highland happiness - Geschichten aus Kirkby","1. Auflage",2022
"Highland-Hexen-Kurzgeschichten","1. Auflage",2022
"Highlights auf Schattenwegen",NULL,2012
"Highmatt",NULL,2008
"Hildesheimer Weihnachtszauber","Orig.-Ausg., Erstdr., 1. Aufl.",2012
"Hilfe, die Kunden kommen!",NULL,2012
"Hilfe, es wird Weihnachten",NULL,2015
"Hilfe für die Vergessenen",NULL,2023
"Hilfe, ich bin eine Oma!",NULL,2020
"Hilfe, ich bin Mama!","Erste Auflage",2018
"Hilflos und andere Kurzgeschichten",NULL,2016
"Himbeerbonbon",NULL,2013
"Himbeerbonbons","1. Auflage",2023
"Himbeerjoghurt",NULL,2012
"Himmel, Arsch und Zwirn",NULL,2022
"Himmel, der nirgendwo endet",NULL,2023
"Himmelgrün und Erbsenblau",NULL,2010
"Himmel in Blau",NULL,2010
"Himmelreichforschung","1. Auflage",2021
"Himmels Blau","1. Aufl.",2014
"Himmelslicht und Erdenleuchten",NULL,2010
"Himmelslicht und Höllenschlund",NULL,2009
"Himmelsstürmer",NULL,2022
"Himmeltragen","1. Aufl.",2014
"Himmel und Erde","1. Auflage",2022
"Himmel und Hölle",NULL,2010
"Himmlische Boten",NULL,2010
"Himmlische Botschaften",NULL,2013
"Himmlisches Geflügel","1. Aufl.",2012
"Himmlische Weihnachten","1. Auflage",2017
"Himmlische Weihnachtszeit",NULL,2012
"Himmlisch heiße Schleckereien zu Weihnachten","1. Auflage, vollständige Ausgabe, Originalausgabe",2019
"Hinaus in die Heide, zum Fluss",NULL,2010
"Hinderberge","1. Auflage",2019
"Hineinhorchen","1. Auflage",2015
"Hinter bunten Lichtern","1. Auflage, deutsche Erstveröffentlichung",2020
"Hinter dem Himmelshund",NULL,2022
"Hinter dem Horizont",NULL,2020
"Hinter dem Licht","1. Aufl.",2014
"Hinter dem Nebelwald","1. Auflage",2018
"Hinter dem Schein",NULL,2014
"Hinter den Fassaden",NULL,2013
"Hinter den Schneebergen",NULL,2018
"Hinter den sieben Bergen",NULL,2012
"Hinter der bunten Mauer","1. Aufl.",2014
"Hinter der Teufelsbrücke",NULL,2020
"Hinter der Wand","1. Aufl.",2011
"Hinter Dornenhecken und Zauberspiegeln",NULL,2016
"Hintergasse und andere Kurzprosa","Erste Auflage",2018
"Hinter geschlossenen Lidern","1. Aufl.",2011
"Hinterher ist man immer klüger",NULL,2022
"Hinterholz und andere Geschichten","Erstausg., 1. Aufl.",2011
"Hinter mir, da gilt es nicht",NULL,2015
"Hinter sieben Bergen",NULL,2008
"Hinter verschlossenen Türchen",NULL,2015
"Hinter verschlossenen Türen",NULL,2011
"Hinterwaldsried und anderswo",NULL,2020
"Hinter weißen Türen",NULL,2008
"Hin und weg","1. Auflage",2019
"Hin und weg - Geschichten für unterwegs",NULL,2020
"Hinz- und Kurzgeschichten",NULL,2009
"Hipp, Hipp, Hurra!","Erstdr.",2011
"Hirngeplapper.",NULL,2011
"Hirngespinste",NULL,2023
"Hirnkastlschutza","1. Auflage",2016
"Histórias sombrias da realidade",NULL,2017
"Historische Erzählungen I","1. Auflage",2008
"Historische Kurzgeschichten",NULL,2010
"Historische Kurzgeschichten aus Westfalen","1. Aufl.",2010
"His way - Sammelband",NULL,2022
"Hitzemond","1. Aufl.",2013
"Hochbahn - Geschichten aus dem Untergrund","1. Auflage",2023
"Höchigeschichten","1. Auflage",2019
"Hochlandlust","1. Aufl.",2008
"Hochmut, Hass und Liebe","Originalausgabe",2021
"Höchste Eisenbahn!",NULL,2012
"Höchste Zeit für Heiterkeit","1. Auflage",2015
"Hochwürden unter Kontrolle","1. Aufl.",2013
"Hochzeit? Hochzeit!","1. Auflage, Originalausgabe",2017
"Hochzeit in Jakobswalde",NULL,2021
"Hochzeit in Las Cañas",NULL,2021
"Hochzeitsreise nach Riva",NULL,2018
"Hoffen",NULL,2023
"Hoffnung",NULL,2023
"Hoffnung am Himmel und andere kurze Geschichten",NULL,2016
"Hoffnung, das Tor zwischen Verstand und Herz, Liebe, der Schlüssel des Verzeihens ","1. Auflage",2019
"Hoffnung, die durchs Leben trägt","1. Auflage",2017
"Hoffnungsfunken","1. Auflage",2023
"Hoffnungsschimmer","1. Auflage",2021
"Hoffnungsweise",NULL,2017
"Höhenflüge und Abgründe",NULL,2010
"Höhenflüge und Bauchpflatscher",NULL,2010
"Höhepunkte","Orig.-Ausg., 1. Aufl.",2009
"Höhepunkte - Liebe macht Lust","1. Aufl.",2014
"Höhepunkte und Tiefschläge",NULL,2013
"Höhlische Geschichten","1. Aufl.",2008
"Höllenhammer","1. Auflage",2023
"Höllenhimmel",NULL,2014
"Hollerstraße 7","1. Auflage",2015
"Hollywood Mansion und andere Kurzgeschichten, and other short stories","Erstausg.",2013
"Holt die Tauben aus dem Schlag",NULL,2017
"Holunderduft","1. Aufl.",2013
"Holundertage",NULL,2008
"Homezone",NULL,2012
"Hommage","Orig.-Erstausg.",2009
"Honeydew",NULL,2016
"Honigkuchenmelodie","1. Auflage",2020
"Honigmund","Vollst. dt. Erstausg.",2015
"Honigmuscheln","1. Aufl.",2015
"Hoppla, Hochwürden!",NULL,2022
"Horch und Guck","1. Aufl.",2012
"Horchvöglein, Totenhan und Elfriede Eichner","1. Aufl.",2012
"HörErlebnisse beim Kochen",NULL,2020
"Horizonte",NULL,2016
"Horn mit Seele",NULL,2023
"Hornsche Geschichten",NULL,2010
"Horror Cocktail","Originalausgabe",2016
"Horror Short Stories","1. Auflage",2020
"Horst",NULL,2015
"Hörst du den Wind?",NULL,2010
"Hörst du im Fliederbusch die Amsel schlagen?","1. Aufl.",2008
"Hort der Geschichte(n)",NULL,2022
"Horventure: Das Weihnachtsdrama",NULL,2023
"Horventure: Die Halloween-Nacht",NULL,2023
"Hot Affair","1. Aufl.",2012
"Hot Devils Club",NULL,2022
"Hotel A_toria","1. Auflage",2018
"Hotel der Schlaflosen","Erste Auflage",2020
"Hotel der Sünde","1. Auflage, vollständige Taschenbuchausgabe, Originalausgabe",2019
"Hotelgeschichten aus Tunesien",NULL,2022
"Hotel Istanbul","1. Auflage",2017
"Hotline zum Schöpfer",NULL,2008
"Hot Spots I","1. Auflage",2023
"Hotwife, Cuckold, Kurtisane","1. Auflage",2021
"How to enjoy your Gartenglück","Originalausgabe",2020
"How to say ich liebe dich","Originalausgabe",2020
"Hsiao Hsun","1. Auflage",2018
"Hübsch",NULL,2009
"Huch, das Leben!",NULL,2017
"Huchting","1. Auflage",2020
"Hugo",NULL,2010
"Hühner-Gegacker","1. Auflage",2018
"Hühnergott","1. Aufl.",2016
"Hühnerhaut",NULL,2008
"Humanoid",NULL,2013
"Humor aus dem Leben","1. Auflage",2020
"Humoriges Strandgut",NULL,2010
"Humor ist die Sahne im Kaffee",NULL,2016
"Humoristenmenü alla toscana","1. Auflage",2017
"Humor ist, wenn man lacht","1. Auflage",2019
"Humor ist wenn man trotzdem stirbt","Originalausgabe",2022
"Humor und Treppenwitz","1. Aufl.",2008
"Hundefreuden & Katzenabenteuer","1. Auflage",2020
"Hunde im Weltraum","1. Auflage",2018
"Hunde lärmen nicht, sie bellen nur",NULL,2020
"Hundeliebe!",NULL,2014
"Hunderteins Einsatzgeschichten",NULL,2017
"Hundert Herzschläge Freigepäck",NULL,2012
"Hundert Jahre Seewinkel",NULL,2021
"Hundert Leben",NULL,2023
"Hunde sind Menschen wie du und ich",NULL,2009
"Hunde wie wir",NULL,2019
"Hundherum Heldenhaft","1. Auflage",2021
"Hund, Katze, Graus","bearb. und erw. Neuausg., 1. Aufl.",2014
"Hundstage","1. Aufl.",2012
"Hundswochen",NULL,2014
"Hungerblüte","1. Auflage",2017
"Hüpfsteine",NULL,2016
"Huren","1. Auflage",2017
"Hurenballade","Erste Auflage",2016
"Hurenspiel","1. Auflage",2018
"Huren und Zitronen","1. Auflage",2018
"Hurra, wir dreh’n uns noch","1. Auflage",2017
"Hüte das Wilde","1. Auflage",2017
"Hüter der Tränen und andere Erzählungen",NULL,2022
"Hutt Dir och en Holiday Consultant?",NULL,2009
"Hüttenbuchverse zum Zweiten","1. Auflage",2017
"Huzei-Geschichten","1. Auflage",2022
"Hyazinthenduft",NULL,2012
"Hydros",NULL,2022
"Hypnose-Psychotherapie-Geschichten",NULL,2023
"I am Frank O'Phil","1. Aufl.",2014
"I am the zoo",NULL,2014
"I and I","Orig.-Ausg.",2012
"I and me - und immer war es Liebe",NULL,2010
"Iber der grenets","1. Auflage",2021
"Ibiza und Mallorca, eine Welt für sich","1. Auflage",2018
"Ibrahim und die Heilige Nacht",NULL,2008
"Ibs' Welt","1. Auflage",2021
"Icey's Erzählungen",NULL,2013
"Ich aber","1. Aufl.",2009
"Ich, Adam",NULL,2014
"Ich atme vorsichtig","1. Aufl.",2010
"Ich bekomme nicht genug","1. Auflage, vollständige Taschenbuchausgabe, Originalausgabe",2023
"Ich bin an wenigen Orten daheim",NULL,2010
"Ich bin auf eurer Seite","1. Auflage",2016
"Ich bin das Festland",NULL,2012
"Ich bin da wohl jetzt falsch hier?",NULL,2009
"Ich bin die Nacht, die Musik, die Zigarette","Originalausgabe",2022
"Ich bin ein Bork!","Orig.-Ausg., Erstdr., 1. Aufl.",2014
"ich bin eine DO-KHYI","1. Aufl., neue Ausg.",2013
"Ich bin ein Kind des Universums",NULL,2019
"Ich bin erregt!","1. Auflage, vollständige Taschenbuchausgabe, Originalausgabe",2022
"Ich bin feucht!","1. Auflage",2023
"Ich bin geil!","1. Auflage, vollständige Taschenbuchausgabe, Originalausgabe",2022
"Ich BIN Gerry Weibel",NULL,2014
"Ich bin gierig!","1. Auflage, vollständige Taschenbuchausgabe, Originalausgabe",2022
"Ich bin heiß!","1. Auflage, vollständige Taschenbuchausgabe, Originalausgabe",2022
"Ich bin hier bloß der Mensch",NULL,2014
"Ich bin jetzt am Johannesweg",NULL,2014
"Ich bin Kaiser",NULL,2022
"Ich bin nicht ganz normal","Erstausg.",2008
"Ich bin nicht in meinem Alter","1. Auflage",2021
"Ich bin offen für alles","1. Auflage",2021
"Ich bin richtig scharf!","1. Auflage, vollständige Taschenbuchausgabe, Originalausgabe",2023
"Ich bin scharf","Orig.-Ausg., 1. Aufl.",2011
"Ich bin scharf auf dich!","1. Auflage, vollständige Taschenbuchausgabe, Originalausgabe",2023
"Ich bin's, Ihr Pferd","1. Auflage",2020
"Ich bin unanständig!","1. Auflage, vollständige Taschenbuchausgabe, Originalausgabe",2022
"Ich bin verdorben!","1. Auflage, vollständige Taschenbuchausgabe, Originalausgabe",2022
"Ich bin weil wir sind","Erstauflage",2015
"Ich bin wie Du",NULL,2012
"Ich bin wild und sexgeil!","1. Auflage, vollständige Taschenbuchausgabe, Originalausgabe",2023
"Ich bin willig!","1. Auflage, vollständige Taschenbuchausgabe, Originalausgabe",2023
"Ich bitte um Milde","1. Aufl.",2009
"Ich dachte an Siracusa",NULL,2016
"Ich dachte, das Nichts wäre leiser","Erste Auflage",2019
"Ich dachte schon, du wärst echt","1. Auflage",2018
"Ich darf bei den Zitronen wohnen","1. Auflage",2023
"Ich dreh mich lieber noch mal um und bin weit, weit weg","1. Auflage",2016
"Ich esse Senf und schreie!","1. Aufl.",2013
"Ich fabuliere ... also bin ich","1. Auflage",2018
"Ich fahr' so gerne Rad ...","Neuausg.",2012
"Ich find´s nett, das Alphabet!",NULL,2021
"Ich fühl den Schmerz","1. Aufl.",2015
"Ich geh den Wall entlang",NULL,2018
"Ich geh' so gern durch diese Stadt",NULL,2023
"Ich-Geschichten","1. Aufl.",2011
"Ich glaube an Magie","1. Aufl.",2011
"Ich glaube, verliebt",NULL,2019
"Ich glaub, ich krieg nen Vogel",NULL,2020
"Ich glaub' ich spinne",NULL,2009
"Ich glaub's nicht","1. Auflage",2022
"Ich hab die Nacht geträumet",NULL,2022
"Ich habe das Bedürfnis nach Freunden",NULL,2013
"Ich habe gesehen","1. Auflage",2019
"Ich habe Kafka getötet","Erstausgabe",2018
"Ich hab jetzt auch Knie","1. Auflage",2019
"Ich hab Sie schon leuchten hören!",NULL,2022
"Ich hab so Sehnsucht nach Gewalt","1. Aufl.",2008
"Ich hätte gerne eine LSD-Leuchte!","Orig.-Ausg.",2014
"Ich hätte König sein können",NULL,2021
"Ich hatte sie alle","1. Auflage, erweiterte Neuausgabe",2018
"Ich heirate Olly und 71 weitere Geschichten bunt wie das Leben",NULL,2014
"Ich heiße Kevin","1. Aufl.",2013
"Ich heiße übrigens Jenny","1. Aufl.",2015
"Ich im Du","1. Auflage",2022
"Ich, immer, ich","1. Auflage",2019
"Ich im Sternenmeer","1. Auflage",2018
"Ich kann Dir nicht widerstehen!","1. Auflage, vollständige Taschenbuchausgabe, Originalausgabe",2023
"Ich kann jeder sagen","1. Aufl.",2009
"Ich kann nichts dafür, ich bin so","1. Aufl.",2012
"Ich lege mein Herz","1. Auflage",2019
"Ich liebe dich auf ungarisch","Erstveröff.",2008
"Ich liebe dich trotzdem, Jane und andere Geschichten",NULL,2013
"Ich liebe Eselohren",NULL,2022
"Ich mach mir einen Reim darauf",NULL,2011
"Ich mein ja nur ... ","1. Auflage",2016
"Ich möchte euer Rattenfänger sein","Orig.-Erstausg.",2012
"Ich möchte keine Pinguine mehr geschenkt bekommen!",NULL,2016
"Ich möcht' mal aus der Schule plaudern!","1. Aufl.",2008
"Ich muss gehorchen","1. Auflage, vollständige Taschenbuchausgabe, Originalausgabe",2023
"Ich muss hinaus. Die Stadt ist eine Gruft. Anthologie","1. Auflage",2022
"Ich nehm dich mit an einen Ort","1. Auflage",2023
"Ich rauch' ja selbst manchmal","1. Aufl.",2008
"Ich ruf dann mal an! 25 Silberjahre ... Geschichten mit Pfiff","1. Auflage",2018
"Ich sag Du zu mir","1. Auflage",2022
"Ich sage, nichts ist dein Besitz","1. Auflage",2020
"Ich schenk dir ein Lächeln",NULL,2019
"Ich schenk dir schöne Stunden",NULL,2008
"Ich sehe doppelt - Zwillingsgeschichten","Erste Auflage",2020
"Ich sehe Hunde, die an der Leine reißen","Erste Auflage",2019
"Ich stell Dir die Schatten schärfer",NULL,2012
"Ich strick mir einen Schal aus Zeit","1. Auflage",2021
"Ich tue alles, was du hörst",NULL,2017
"Ich und Du","Deutsche Erstausgabe, 1. Auflage",2021
"Ich unterwerfe mich!","1. Auflage, vollständige Taschenbuchausgabe, Originalausgabe",2018
"Ich verkünde euch eine große Freude",NULL,2015
"Ich verspreche dir einen schönen Sommer","1. Auflage",2021
"Ich wander us",NULL,2014
"Ich war besessen","1. Aufl.",2013
"Ich war einmal","1. Aufl.",2013
"Ich wäre überall und nirgends","1. Auflage",2016
"Ich war noch nie in Afrika",NULL,2011
"Ich warte am Jakobsbrunnen",NULL,2009
"Ich weiß noch, wie es früher war","1. Auflage",2018
"Ich werde nie mehr auseinandergehen","Orig.-Ausg.",2009
"Ich will dich","1. Aufl.",2010
"Ich will dich, aber ... Anja und die Liebe","1. Auflage",2018
"Ich will dich ganz","Vollständige Taschenbuchausg., Orig.-Ausg., 1. Aufl.",2008
"Ich will dich ganz & gar","Orig.-Ausg., vollst. Taschenbuchausg., 1. Aufl.",2008
"Ich will dich jetzt","Vollst. Taschenbuchausg., Orig.-Ausg., 1. Aufl.",2010
"Ich will dich jetzt & hier","Vollst. Taschenbuchausg., Orig.-Ausg., 1. Aufl.",2012
"Ich will dich schmecken - wild & hemmungslos","1. Auflage, vollständige Taschenbuchausgabe, Originalausgabe",2021
"Ich will dich sofort","1. Auflage, vollständige Taschenbuchausgabe, Originalausgabe",2020
"Ich will dich spüren - schnell jung sexy","1. Auflage, vollständige Taschenbuchausgabe, Originalausgabe",2020
"Ich will dich verführen - sinnlich entfesselt heiß","1. Auflage, vollständige Taschenbuchausgabe, Originalausgabe",2022
"Ich will die Welt mit Terror überziehen! Oder Schokolade","1. Aufl.",2012
"Ich will es geil","1. Auflage, vollständige Taschenbuchausgabe, Originalausgabe",2023
"Ich will es hart","Ungekürzte Ausg., 1. Aufl.",2013
"Ich will es immer noch unanständig","1. Auflage, vollständige Taschenbuchausgabe, Originalausgabe",2021
"Ich will es noch mal unanständig!","1. Auflage, vollständige Taschenbuchausgabe, Originalausgabe",2021
"Ich will es unanständig!","1. Auflage, vollständige Taschenbuchausgabe, Originalausgabe",2019
"Ich will es wieder unanständig!","1. Auflage, vollständige Taschenbuchausgabe, Originalausgabe",2022
"Ich will fei nix gsachd ham","1. Auflage",2018
"Ich will nicht in die Apotheke",NULL,2020
"Ich will nicht sterben","1. Auflage",2018
"Ich will's heiß","Lizenzausg., 1. Aufl.",2013
"Ich wollt ich wärn Pog, wo um de Eck könnt kieken","1. Auflage",2023
"Ich wünsche dir wunderbare Weihnachten",NULL,2014
"Ich wünschte, sie ginge wieder ins Bett und ließe mich in Frieden meine Mausefallen stellen","1. Aufl.",2015
"Ich würde es wieder tun",NULL,2013
"Ich zeige Dir die Zukunft, sagt der Clown","Dt. Erstausg.",2008
"Icke, meine und andere Tatorte",NULL,2012
"Ida erfindet das Schießpulver",NULL,2012
"Ideen-Reich",NULL,2014
"Identitas","1. Auflage",2023
"Ihlowsionen","1. Aufl.",2012
"Ihr aber, für wen haltet ihr mich?",NULL,2014
"Ihr da!",NULL,2014
"Ihr seid das Salz der Erde",NULL,2014
"Ikaros Kinder","1. Auflage",2019
"Ikarus auf dem Dorfe",NULL,2009
"Ikarus und andere Erzählungen",NULL,2008
"Il corn da puolvra dad Abraham ed oters raquints",NULL,2015
"Illusionen","1. Aufl.",2010
"Illustrierte Erotische Literatur/Erotische Erzählungen","1. Auflage",2023
"Illustrierte Erotische Literatur/Erotische Geschichten","1. Auflage",2023
"Illustrierte Geschichten, 1. Band","1. Auflage",2022
"Illustrierte Geschichten, 3. Band","1. Auflage",2022
"Illustrierte Geschichten, 4. Band","1. Auflage",2022
"Illustrierte Geschichten, 5. Band","1. Auflage",2022
"Ilonka und andere Erzählungen","1. Aufl.",2014
"Il passato vive",NULL,2014
"Ilse Mühlbachs Lesebuch","1. Aufl.",2010
"Ilvas Welt","1. Aufl.",2012
"Images d’Allemagne dans la littérature et les médias français",NULL,2012
"Imaginauten","1. Auflage",2018
"Imagine!",NULL,2013
"Imagine Africa 2060","1. Auflage",2019
"Im Alleingang",NULL,2010
"Im Alltag und auf Reise, mal heiter und mal scheiße","1. Auflage",2015
"Im Angesicht des Todes","1. Auflage",2018
"Im Atem des Meeres","Erstaufl.",2009
"Im Auftrag des Himmels","1. Aufl.",2014
"Im Auf und Ab des Lebens","Orig.-Ausg.",2013
"Im Bach gebadet",NULL,2009
"Im Bann der Anderswelt","Originalausgabe",2019
"Im Bann der Illusionen","1. Auflage",2021
"Im Bann des Eichelhechts",NULL,2021
"Im Bann des Eichelhechts und andere Geschichten aus Sprachland","1. Auflage, Taschenbuchausgabe",2023
"Im Bann des Highlander - Sammelband 1: Band 1-4 (Clan Cambel)",NULL,2023
"Im Bann des Highlanders - Sammelband 2: Band 5-7 (Clan Mackenzie)",NULL,2023
"Im Bann des Highlanders - Sammelband 3: Band 8-10 (Clan MacDonald)",NULL,2023
"Im Bann des Wikingers Sammelband",NULL,2023
"Im Banne Afrikas",NULL,2023
"Im Bienenlicht","Originalausgabe",2023
"Im Birnbaumschatten","1. Aufl.",2012
"Im blauen Zug",NULL,2016
"Im Boot mit Madonna",NULL,2008
"Im Café und auf der Straße","1. Auflage",2019
"Im Club",NULL,2023
"Im Dämmerlicht",NULL,2022
"Im Dickicht des Lebens","1. Aufl.",2015
"Im Dörfle",NULL,2016
"Im Eisluftballon","1. Aufl.",2011
"Im Fadenkreuz","1. Auflage",2022
"Im Fegefeuer der Nachkriegszeit","1. Auflage",2023
"IM FEUERNEBEL","1. Auflage",2021
"… im fliegenden Wechsel",NULL,2021
"Im Fluss des Tages","1. Auflage",2017
"Im Fluss des Zeitenstroms",NULL,2013
"Im Freien",NULL,2021
"Im freien Fall","Originalausgabe, 1. Auflage",2023
"Im freien Fall und andere Kurzgeschichten",NULL,2013
"Im Garten des Schönen",NULL,2013
"Im Garten - Geschichten zum Selberschreiben",NULL,2023
"Im Gassensitz",NULL,2014
"Im gefällten Baum nistet kein Vogel",NULL,2011
"Im Gefängnis und doch frei","1. Aufl.",2008
"Im Gegenlicht","1. Aufl.",2014
"Im Gestern von Übermorgen","Originalausgabe",2022
"Im Gewächshaus",NULL,2010
"Im Glanz der Weihnacht",NULL,2012
"Im gleitenden Licht","1. Aufl.",2009
"Im grünen Palast",NULL,2019
"Im Herbst",NULL,2023
"Im Herzen der Anderen unsterblich","1. Auflage",2019
"Im Herzen des Böhmerwaldes","1. Auflage",2018
"Im Herzen des goldenen Dreiecks","Deutsche Erstausgabe, 1. Auflage",2020
"Im Herzen von Köln",NULL,2021
"Im Himmel ist kein Platz für einen Esel und weitere Geschichten für Kinder und Erwachsene","1. Aufl.",2009
"Im Himmel werden wir uns wiedersehen - falls noch Platz ist!","1. Auflage",2016
"Im Jaguar nach Offenbach","1. Auflage",2015
"Im Jakobsland",NULL,2012
"Im Keller brennt Licht",NULL,2009
"Imkermord & Bienentod","1. Auflage, Originalausgabe",2017
"Im K fig",NULL,2022
"Im Kielwasser der Zeit",NULL,2022
"Im Kleinen Schwarzen Teil 6","1. Auflage",2022
"Im Kleinen Schwarzen Teil 7","1. Auflage",2023
"Im Kräutergarten","1. Auflage",2022
"Im Land der blauen Tonnen",NULL,2020
"Im Land der Hoffnung",NULL,2014
"Im Land der Magie",NULL,2019
"Im Land des Lächelns",NULL,2008
"Im Leben geht mancher Schuss daneben",NULL,2020
"Im Leben ist (fast) alles alltäglich","1. Auflage",2020
"Im Leben unterwegs",NULL,2022
"Im letzten Atemzug",NULL,2019
"Im Licht der Vollen Mondin","1. Auflage",2019
"Im Licht der Weihnacht",NULL,2017
"Im Licht des Sonnenboten",NULL,2010
"Im Licht von Orion","1. Auflage",2016
"Immer bekommt der blöde Tenor die Dame",NULL,2010
"Immer heiter auf der Leiter",NULL,2013
"Immer ist irgendwas",NULL,2022
"Immer ist was",NULL,2008
"Immer is was, nie is nix","Originalausgabe",2023
"Immer mit der Ruhe!",NULL,2013
"Immer mit rotem Sofa","1. Auflage",2019
"Immer noch alles easy?!","Printausgabe, 1. Auflage",2016
"Immer schaut ein Mensch hervor","1. Auflage",2017
"Immer wieder Liebe",NULL,2009
"Immer wieder mittendrin","1. Auflage",2021
"Immer wieder montags ...","1. Auflage",2022
"Immer wieder samstags 1 & 2","Dt. Erstausg.",2014
"Immer wieder Weihnacht",NULL,2009
"Im Moorhof und andere unwahre Geschichten",NULL,2019
"Im Morgenlicht","1. Aufl.",2010
"Im Nachtwind","Orig.-Ausg.",2009
"Im Namen des Bösen","Originalausgabe",2018
"Im Namen unserer Schützlinge",NULL,2021
"Im Narrenturm","1. Aufl.",2014
"Im Norden des Südens","1. Auflage",2019
"Im Osten geht die Sonne unter: 10 Erzählungen aus der DDR-Zeit","1. Auflage",2016
"Im Paradies verlaufen","1. Aufl.",2011
"Im Plau-sch mi(d)t der Zeit","1. Aufl.",2008
"Impressionen",NULL,2008
"Im Puff oder Geile Frauen","1. Auflage",2020
"Im Regen","Orig.-Ausg.",2009
"Im Reich der Fische",NULL,2009
"Im Schatten der Gipfel","1. Auflage",2019
"Im Schatten der Hölle",NULL,2009
"Im Schatten der Hundstage",NULL,2014
"Im Schatten der Kiefer","1. Auflage",2016
"Im Schatten der Kirchenburgen",NULL,2014
"Im Schatten der Kreidefelsen, wo Steinmännchen wohnen und Möwen kreischen","Erstauflage",2022
"Im Schatten des Feldmarschalls",NULL,2021
"Im Schatten des Leuchtturms","Originalausgabe",2018
"Im Schein der Kerzen",NULL,2008
"Im Schein der Nachttischlampe","1. Auflage",2018
"Im Schlaf",NULL,2009
"Im schlimmsten Fall geht alles gut",NULL,2021
"Im Schlossgraben","1. Auflage",2018
"Im Schtetl",NULL,2010
"Im Schuppen ein Mann","Originalausgabe",2019
"Im Sitzen läuft es sich besser davon","1. Aufl.",2009
"Im Sog der Gefühle","1. Aufl.",2014
"Im Sog des Bodensees",NULL,2009
"Im Sommer werden die Tage wieder länger sein",NULL,2015
"Im Spiegel der Wellen","Originalausgabe, 1. Auflage",2020
"Im Stadtgarten gibts rosa Hühner!",NULL,2015
"Im ständigen Wandel","1. Auflage",2019
"Im Staub der jungen Jahre",NULL,2018
"Im Sternzeichen des Esels","Neuausgabe zum 100. Geburtstag von Kurt Marti",2020
"Im Tale grünet Hoffnungsglück",NULL,2013
"Im teuflischen Rausch der menschlichen Sinne",NULL,2008
"IM TIEFSTEN MITTELALTER","1. Auflage",2019
"Im Traum bist du mir begegnet","1. Aufl.",2012
"Im Trockendock",NULL,2013
"Im Turm","1. Aufl.",2008
"Im UnRuhestand",NULL,2009
"Im Venusberg","1. Auflage",2017
"Im Verlies","1. Aufl.",2013
"Im Vogelgarten",NULL,2019
"Im Vorbeigehen",NULL,2023
"Im Wandel der Jahre",NULL,2011
"Im Wasser der Spree","1. Aufl.",2013
"Im Weltall viel Neues",NULL,2016
"Im Wendekreis des Jasagers",NULL,2014
"Im Winter der Zeit",NULL,2017
"Im Winter muss mit Bananenbäumen etwas geschehen","Erste Auflage",2021
"Im Wohnpalast - Das Libellenauge","1. Auflage",2020
"Im Wolkenkino","1. Auflage",2020
"Im Zauber der Geschichten",NULL,2013
"Im Zaubergarten der Worte","1. Auflage",2021
"Im Zauber von Sagen und Märchen",NULL,2008
"Im Zauberwald","1. Auflage",2023
"Im Zeichen des Lotus","1. Auflage",2018
"Im Zug nach Irgendwo","1. Auflage",2021
"In 1000 Jahren wird es in Schlieren nur noch Mercedes-Benz geben",NULL,2020
"In 100 Worten",NULL,2017
"In 18 Morden um die Welt",NULL,2021
"In 80 Texten übers Meer",NULL,2023
"In allen Facetten",NULL,2011
"In Amor's Namen unterwegs","1. Aufl.",2012
"In andere Welten",NULL,2023
"In Annum",NULL,2022
"In Arbeit","1. Aufl.",2010
"In bester Gesellschaft","Originalausgabe",2019
"In Bethlehems Stall",NULL,2008
"In Carmens Bar und weitere Geschichten",NULL,2021
"In Clanthons Auftrag",NULL,2023
"Incubi","1. Auflage",2021
"In deinem Herzen wird es Weihnacht",NULL,2017
"In deinen Blicken","1. Auflage",2018
"Indem ich mich unterhalte, unterhalte ich die anderen!","Schwäb. Erstausg.",2010
"In den Bergen Maillols","1. Auflage",2023
"In den Fängen der Bequemlichkeit","Originalausgabe",2018
"In den Wellen",NULL,2022
"In den Zeiten der Liebe","1. Auflage",2017
"In der Ferne näher bei mir","1. Aufl.",2013
"In der Fremde zuhause",NULL,2022
"In der Grauzone","1. Aufl.",2013
"In der Hand des Knaben die Zügel",NULL,2010
"In der Höhle lauert der Tod",NULL,2008
"In der Kreide",NULL,2020
"In der Luft",NULL,2011
"In der mittleren Ebene","Erste Auflage, Originalausgabe",2016
"In der Möwe liegt die Kraft","1. Auflage",2020
"In der Niederlage liegt eine Würde, die dem Sieg kaum zusteht","Erste Auflage",2017
"In der Schwebe","1. Auflage",2019
"In der Stille",NULL,2008
"In der Straße der Schwalben",NULL,2021
"In der Strömung unserer Zeit","Erstaufl.",2010
"In der Tiefe","1. Auflage",2020
"In der Tiefe - die Anthologie","1. Auflage",2018
"Indiana Love - Sammelband","1. Auflage",2021
"Indian Summer",NULL,2009
"In die klare Luft springen",NULL,2020
"Indienfahrer Sex","1. Auflage",2016
"In diesem Jahr der letzte Gast","1. Auflage",2016
"In dieser Wildnis","1. Aufl.",2010
"indigo",NULL,2016
"In Dimis Kopf",NULL,2014
"In Dimis Schublade",NULL,2012
"In Dingenskirchen","Orig.-Ausg.",2011
"Indiras Fenster","1. Auflage",2018
"Indisches Mädchen heiratet Frosch - die irrsten wahren Geschichten der Welt",NULL,2009
"In dulci jubilo",NULL,2009
"In dunklen Ecken",NULL,2022
"In dunklen Gegenden","1. Aufl.",2014
"In Eile, im Mantel","1. Auflage",2018
"In einem anderen Land, in einer anderen Zeit",NULL,2013
"In einem toten Haus",NULL,2012
"In einen Escort verliebt man sich nicht",NULL,2023
"In einer Bar unter dem Meer",NULL,2013
"In einer Falte der Welt",NULL,2018
"In Erinnerung bleiben",NULL,2015
"In euren hellen Nächten",NULL,2022
"Infinity Chill","1. Auflage",2018
"In Freiburgs Schatten","1. Aufl.",2011
"in freiem Fall","Originalausgabe",2023
"In fremden Gärten",NULL,2013
"In fremden Jagdgründen","1. Auflage",2016
"In fremden Leben","1. Auflage",2016
"In getrennten Zellen",NULL,2012
"In Grimmen soll's nicht stimmen?! - Erzähl doch mal...","1. Auflage",2017
"In Hermanns Schatten","Orig.-Ausg.",2009
"In Hexenwäldern und Feentürmen",NULL,2017
"In Hickenhacken",NULL,2008
"In himmlischer Ruh",NULL,2021
"In Jahren wie diesen",NULL,2023
"In jedem Anfang liegt ein Zauber","1. Aufl.",2013
"In jedem Tropfen ein Meer",NULL,2021
"In jeder Story steckt ein Funken Wahrheit!",NULL,2018
"Injektionen an die richtige Stelle",NULL,2013
"Inkas Lesetraum(a)",NULL,2011
"In kleinen Städten","1. Aufl.",2013
"In kürze ...",NULL,2014
"In Liebe dein Karl","1. Auflage",2020
"In meinem Kopf","1. Auflage",2022
"Inmitten der Apokalypse","1. Auflage",2022
"In my young life","1. Auflage",2023
"In Nektar geschrieben","1. Auflage",2021
"*innen - Frauengeschichten","1. Auflage",2019
"Inneres Zittern",NULL,2023
"Innocent & Co.",NULL,2021
"Innsbrucker Totentanz",NULL,2009
"Ins All verbannt",NULL,2013
"In schlafloser Nacht",NULL,2022
"In seiner Hand","1. Auflage",2015
"Insektensektensekt","Orig.-Ausg.",2014
"Insekten sterben, Menschen auch!",NULL,2021
"Insel -mein- Leben","1. Auflage",2022
"Inseln",NULL,2010
"Inseln und andere Skizzen","Erste Auflage",2019
"Inside",NULL,2009
"Ins Licht",NULL,2015
"Ins Licht sehen","1. Auflage",2016
"Ins Offene",NULL,2020
"Inspirationen für's Herz","1. Auflage",2015
"Inspiration Fotografie (Tischkalender 2015 DIN A5 hoch)","1., Auflage 2014",2014
"Inspiration Fotografie (Wandkalender 2015 DIN A3 hoch)","1., Auflage 2014",2014
"Inspiration Fotografie (Wandkalender 2015 DIN A4 hoch)","1., Auflage 2014",2014
"Inspiration Hermann Hesse","Erste Auflage, Originalausgabe",2022
"Inspirierende Geschichten für`s Herz",NULL,2018
"Inspiriert",NULL,2018
"In Stein am Rhein fließt die Donau in den Tegernsee","1. Auflage",2023
"Ins Wasser gefallen",NULL,2020
"Integrier dich, Opa!",NULL,2008
"Intelligenz ist keine Krankheit",NULL,2023
"Interferenzen","1. Aufl.",2008
"Intergalaktisches Seemannsgarn","1. Printaufl.",2013
"Intermezzi",NULL,2013
"Internet",NULL,2009
"Internetkrimis - der Blick ins Ungewisse","1. Aufl.",2012
"Internet Sex",NULL,2010
"Intime Fantasien",NULL,2023
"In Togo, dunkel und andere Geschichten","1. Aufl.",2013
"In Ufernähe","1. Aufl.",2009
"In Umarmungen des Frühlings","1. Auflage",2019
"In unbewusstem Hoffen",NULL,2015
"In und um Göllheim","1. Auflage",2017
"In vino veritas",NULL,2013
"In vitro Veronica",NULL,2019
"In Wahrheit sind es Bilder",NULL,2011
"In weiter Ferne so nah","Erstausg.",2015
"In Wirklichkeit sagte ich nichts","1. Aufl.",2010
"Iou",NULL,2012
"Iphorismische Short Stories","1. Auflage",2022
"Irdenday","Originalausgabe",2021
"Irdisches Tagebuch und andere Erzählungen",NULL,2014
"Irgendwann ist Schluss","1. Aufl.",2013
"Irgendwas ist immer","Erstveröffentlichung",2021
"Irgendwas ist immer ...ein Kater auf Streifzug","1. Auflage",2021
"Irgendwas mit Buchstaben","1. Auflage",2019
"Irgendwas mit Möwen",NULL,2019
"Irgendwas mit Seele","1. Auflage",2019
"Irgendwie geht's immer weiter","1. Aufl.",2009
"Irgendwie ist das so ...","1. Auflage",2021
"Irgendwie nach Panama","1. Auflage",2020
"Irgendwo grünt doch die Liebe",NULL,2015
"Irgendwo ins grüne Meer","Originalausgabe, 1. Auflage",2016
"Irgendwo ist mehr","1. Aufl.",2016
"Irgendwo und nirgends",NULL,2013
"Irische Sehnsucht","Deutsche Erstausgabe",2018
"Iris, meine Liebe und andere Erzählungen","1. Aufl.",2010
"Irka",NULL,2014
"Irmi's unveröffentlichte Begebenheiten",NULL,2010
"Ironisch","1. Aufl.",2014
"Irreale Pannonische Geschichten",NULL,2012
"Irre Geschichten",NULL,2008
"Irrfahrer","1. Auflage",2018
"Irrfahrten","1. Auflage",2021
"Irritiert und amüsiert",NULL,2022
"Irrsinnige Begegnungen",NULL,2016
"Irrtümer der Manifestation",NULL,2021
"Irrwege",NULL,2009
"Isaban Sabine Römmer präsentiert: Kay Löfflers kleines Männerhasserinnenbuch",NULL,2010
"Isabel kommt nicht",NULL,2015
"Is allens anners as güstern",NULL,2009
"Isarrauschen",NULL,2022
"Isarschönheiten",NULL,2019
"Ise",NULL,2018
"Isoldes Liebhaber","Erste Auflage",2020
"Ist dein Pferd tot, steig ab","1. Auflage",2021
"Ist denn heute Sonntag?","1. Auflage",2017
"Ist der Herd wirklich aus?",NULL,2011
"Ist der immer so?","1. Auflage",2023
"Ist die Avocado regional?","1. Auflage",2020
"Ist Erwin da? und andere traurige Geschichten","1. Auflage",2021
"Ist ja irre ...","Orig.-Ausg., 1. Aufl.",2011
"Ist ja tierisch","1. Aufl.",2014
"Ist sie das, die Liebe?",NULL,2019
"Italienische Geschichten","1. Auflage",2015
"Italienische Impressionen",NULL,2018
"Italienische Kurzgeschichten (Bücher + 9 Audio-CDs)","1. Auflage",2023
"Italienische Kurzgeschichten (mit kostenlosem Audio-Download-Link)","1. Auflage",2022
"Italienische Nacht","1. Aufl.",2008
"Italienisches und andere erfundene Geschichten aus meiner Sippschaft","1. Auflage",2021
"Italienische Weihnachten",NULL,2016
"It’s a Ten, Baby!","1. Auflage",2022
"It's sparkling",NULL,2022
"I wouldn't start from here",NULL,2008
"Ja",NULL,2015
"Jaaa, Marita hebt ab ...","1. Auflage",2016
"Jacke wie Hose",NULL,2010
"Jackie in Silber","1. Aufl.",2008
"Jack Nuri ist der stabile Mann","1. Auflage",2019
"Jacob und Wilhelm Grimms Bauern","1. Aufl.",2013
"Ja, das ist nicht schön",NULL,2019
"Jagdfieber","1. Aufl.",2011
"Jagdfieber in Franken",NULL,2019
"Jagdhunde an meiner Seite",NULL,2009
"Jagdinstinkt - Geschichten aus dem Großstadtdschungel","1. Auflage",2017
"Jagdtage mit Überraschungen",NULL,2009
"Jäger und Gejagte","1. Aufl.",2009
"Jahre des Sturms",NULL,2022
"Jahresrausch","1. Auflage",2023
"Jahreszeiten, Lebenszeiten und andere Erzählungen",NULL,2019
"Jahreszeitennotizen und andere Geschichten",NULL,2023
"Jahreszeiten zwischen Lech und Ammersee","Erstausgabe",2019
"Jahrhundertchronik",NULL,2020
"Jahrhundertspuren","Erstaufl.",2008
"Jahrzeit",NULL,2011
"J'aime - Die Traumfrau","1. Aufl.",2011
"Jakob & Luise","1. Auflage",2023
"Jakobs Auswanderung","1. Auflage",2018
"Jakob sien Geschichten",NULL,2011
"Jakobs Weg",NULL,2021
"Jakob van Hoddis","1. Auflage",2021
"Jamaika",NULL,2011
"Ja mei, es is hoit so",NULL,2011
"Jammerland",NULL,2009
"Jan Id und die anderen Seeleute","1. Auflage",2020
"Janna","Orig.-Ausg.",2011
"Jann von'n Moor un anner Geschichten ut Stadt un Land",NULL,2015
"Januar und andere Geschichten","1. Aufl.",2013
"Japanische Märchen Update 1.1",NULL,2023
"Jaqueline oder K139",NULL,2018
"Jasminblütenpampe",NULL,2014
"Ja, so war´s","1. Auflage",2020
"Ja, toll!",NULL,2008
"Ja wo gibt's denn sowas?",NULL,2015
"Jazz","1. Auflage",2022
"Jazzblau & sofagrün",NULL,2008
"Jazz, eine Traumfrau und ...","1. Auflage",2020
"Jazz und Ikebana","Orig.-Ausg., 1. Aufl.",2009
"Jechterondoo! Und 23 weitere Kurzgeschichten im urchigen Kurzenberger Dialekt","1. Aufl.",2009
"Jedem seine eigene Hölle","1. Auflage",2015
"Jede Nacht","1. Aufl.",2010
"Jeder ist verdächtig",NULL,2008
"Jeder Mensch hat sein Schicksal",NULL,2008
"Jeder Ofen braucht Brennholz - wie das Herz",NULL,2011
"Jeder Tag bringt seine Geschenke mit",NULL,2018
"Jeder Tag ein Stück zum Glück",NULL,2014
"Jeder Tag ist schön!","1. Auflage",2020
"Jeder Tod ist anders","1. Aufl.",2014
"Jede Sau frisst aus ihrem Trog",NULL,2011
"Jedes Jahr ein Schmetterling","1. Auflage",2018
"Jedes Kind ist besonders und andere Geschichten",NULL,2022
"Jedes Wort ein Atemzug","1. Aufl.",2014
"Jenny in der Gummi-Klinik",NULL,2009
"Jenny macht Revolution",NULL,2010
"Jenseits",NULL,2008
"Jenseits aller Galaxien: Science Fiction Sammelband","1. Auflage",2020
"Jenseits BlassBlau","1. Auflage",2020
"Jenseits der dunklen Wege","1. Aufl.",2012
"Jenseits der Grenze",NULL,2008
"Jenseits der Traumgrenze",NULL,2023
"Jenseits des Nebels",NULL,2011
"Jenseits des Rheins",NULL,2016
"Jenseits von Gut",NULL,2010
"Jergescher Geschichten",NULL,2017
"Jesus in Auschwitz",NULL,2009
"Jesus in der Samariterstraße",NULL,2014
"Jesus ist in Salzburg geboren",NULL,2017
"Jesus’ Katze",NULL,2021
"Jesus von Neukölln",NULL,2022
"Jetzd guck no!","1. Aufl.",2012
"Jetzt",NULL,2010
"Jetzt auf allen Bestsellerlisten!","Orig.-Ausg.",2012
"Jetzt bin ich hier",NULL,2013
"Jetzt erst recht gierig & unersättlich","1. Auflage, vollständige Taschenbuchausgabe, Originalausgabe",2020
"Jetzt hab ich vergessen, was ich sagen wollte",NULL,2023
"Jetzt habt ihr eine Kunst!",NULL,2013
"Jetzt hier. Und wieder",NULL,2010
"Jetzt ist aber Schluss!","1. Auflage",2019
"Jetzt ist endlich Feierabend!","1. Auflage",2020
"Jetzt mach schon!","1. Auflage",2015
"Jetzt mal ganz unter uns","1. Auflage",2020
"Jetzt schlagts dreizehn",NULL,2009
"Jetzt wird es spannend","1. Auflage",2020
"Jetzt wirds Dag","1. Aufl.",2008
"Johann Karl Wezels Satiren: Kakerlak oder die Geschichte eines Rosenkreuzers, satirische Erzählungen","1. Auflage",2019
"John Carter - Der Riese und die Gelben vom Mars","1. Auflage",2021
"John Carter - Die Hölle von Baarsoom","1. Auflage",2021
"John Carter - Knochenmänner und die unsichtbaren vom Mars","1. Auflage",2021
"John Holler greift ein","1. Aufl.",2010
"Johnny Panic und die Bibel der Träume","1. Aufl.",2011
"Jonathans Reise nach Rom","1. Auflage",2018
"Jonathan träumt und andere Erzählungen",NULL,2014
"Jongleur der Worte",NULL,2010
"Joorestieden","1. Aufl.",2008
"Josef hat Geburtstag","1. Auflage",2020
"Josefines Erbe",NULL,2012
"Josh","1. Auflage",2023
"Josha Schneelicht - Weiß","1. Auflage",2021
"Jubel, Trubel, Österreich",NULL,2009
"Jubiläumsband 2017","1. Auflage",2017
"Judassohn",NULL,2011
"Jüdische Anekdoten",NULL,2011
"Jugend","1. Auflage",2022
"Jugend eines Volkes",NULL,2016
"Jugendfrei",NULL,2015
"Jugendland","1. Aufl.",2012
"Jugendstil und Heinerblut","Originalausgabe",2023
"Juleika Lippenrot","1. Auflage",2016
"JULIA - AM ENDE EINES TAGES - DUNKEL IST DIE NACHT",NULL,2016
"Julien",NULL,2012
"Julius zwischen den Welten","1. Auflage",2017
"Julzauber","1. Auflage",2019
"Junge Autoren der Klassen 4 - 8: Geschichten zum Thema Gerechtigkeit",NULL,2011
"Junge Braut, heiße Frau",NULL,2023
"Jungenhymnen",NULL,2014
"Jungenliebe","Erste Auflage",2019
"Junge Wilde und Philosophen","1. Auflage",2020
"Junge Wölfe","1. Auflage",2016
"Jung, schön, erfolgreich",NULL,2010
"Jung, wat biste jroß jeworden!","1. Auflage",2020
"Junibrücken",NULL,2013
"Jupiter",NULL,2022
"Jupp erzählt Geschichten","1. Auflage",2015
"Jurasan",NULL,2021
"Juri Gagarins Sprung aus dem Fenster","1. Aufl.",2008
"Just one Dance",NULL,2022
"K11",NULL,2022
"K12",NULL,2023
"K4-Revier-Geschichten",NULL,2020
"Kaaleb Nachtfar - Grün","Ausgabe 1, Auflage 1",2018
"Kabarettistische Lesereise",NULL,2013
"Kaffee","Originalausgabe",2022
"Kaffeeduft und Sonnenschein",NULL,2023
"Kaffeehaus-Lust","1. Aufl.",2013
"Kaffee kann tödlich sein und andere Geschichten auf Wienerisch","1. Auflage",2015
"Kaffee & Kuchen","1. Aufl.",2013
"Kaffee mit Congnac","1. Aufl.",2011
"Kaffeepausengeschichten","Erstausg.",2012
"Kafka - ein Doppelgänger zweier Welten",NULL,2013
"Kafka für Kinder und Erwachsene","1. Erste Auflage",2018
"Kafka & Knödel","1. Aufl.",2013
"Kafkas Welten","1. Auflage",2019
"Kahlgrundzauber","Vollst. Taschenbuchausg.",2009
"Kaiserschmarrn",NULL,2008
"Kaiser Wilhelms Wal","1. Aufl.",2013
"Kai Trinkwasser erklärt die Welt","1. Auflage, Originalausgabe",2021
"Kakadu fressen Chihuahua - Oder der Snookermord",NULL,2016
"Kaktus der Verwesung","Erstausg.",2013
"Kaktus und Gefühlsmatsch","1. Auflage",2018
"Kaleidoskop","1. Auflage",2017
"K A L E I D O S K O P Begegnungen Geschichten Erlebnisse","1. Auflage",2017
"Kaleidoskop der Bilder und Geschichten",NULL,2012
"Kaleidoskop der Gesichter","Originalausgabe, 1. Auflage",2021
"Kaleidoskop des Lebens","1. Auflage",2015
"Kaleidoskop - Geschichten","1. Auflage",2016
"Kaleidoskopica",NULL,2023
"Kaleidoskop Kurzgeschichten",NULL,2022
"Kalender 2020","1. Auflage",2019
"Kalendergeschichten",NULL,2013
"Kalenderkrimis von der Küste","1. Auflage",2018
"Kalte Duschen, warmer Regen","Deutsche Erstveröffenlichung, 1. Auflage",2018
"Kaltes Blut",NULL,2018
"Kaltstart mit Schuss",NULL,2019
"Kameraübung",NULL,2016
"Kaminfeuer","1. Auflage",2019
"Kaminfeuerabende","1. Auflage",2022
"Kaminfeuer-Geschichten von R.G. Wardenga by SÜLTZ BÜCHER","1. Auflage",2018
"Kamingeschichten",NULL,2011
"Kaminholzverleih","1. Auflage",2022
"Kammerflimmern",NULL,2009
"Kampenwand","1. Auflage",2017
"Kämpfen wie Männer","1. Aufl.",2012
"Kann auch Hochdeutsch",NULL,2013
"Kannibalismus à la carte","1. Aufl.",2013
"Kanns nicht und wills nicht",NULL,2014
"kann Spuren von Tod enthalten","1. Auflage",2023
"Kannst du denn fliegen?","1. Aufl.",2009
"KANTHARIDIN - DREI NOVELLEN UND EINE KURZGESCHICHTE","1. Auflage",2019
"Kanzdriewili","1. Aufl.",2009
"Kaperfahrten","1. Auflage",2019
"Kapitulationen","1. Aufl.",2011
"Karakul - noch ein Leben",NULL,2020
"Karibik vor der Haustür","1. Auflage",2017
"Karierte Maiglöckchen","1. Aufl.",2012
"Karla Geschichten Die Schnitzerin","1. Auflage",2019
"Karl der ganz Kleine",NULL,2022
"Karl der Große erzählt Geschichten",NULL,2013
"Karl - Geschichten eines Großen","1. Aufl.",2014
"Karli opp Weltreise",NULL,2009
"Karl Mays Werke","1. Aufl.",2008
"Karl Nepomuks Osterfeuer und andere Erzählungen",NULL,2009
"Karls Geschichten","1. Erstauflage",2017
"Karlsruher Befindlichkeiten",NULL,2015
"Karlsruher Orte","1. Aufl.",2010
"Karma-Express","1. Auflage",2015
"Karmesin",NULL,2012
"Karnevalistisches Sammelsurium und Geschichten zum Schmunzeln und Nachdenken",NULL,2022
"Karriere (des) illusionen - Rückwärts auf der Überholspur","1. Auflage",2018
"Kartographie der Nacht","Orig.-Ausg., 1. Aufl.",2011
"Karussell an den Seitenstraßen","1. Auflage",2018
"Karussell des Lebens","1. Auflage",2020
"Kasatschok","1. Aufl.",2012
"Kasch dängge!",NULL,2014
"Käsebrot und andere Kurzgeschichten","Erstauflage",2017
"Käsekuchen-Trilogie/Luftikusse und Luftkolosse","11. Auflage",2019
"Kassandras Erlösung und andere Geschichten","1. Aufl.",2014
"Kästner im Schnee","1. Aufl.",2009
"Katastrophen",NULL,2010
"Katerfrühstück","1. Aufl.",2012
"Kater Theo und Konsorten","1. Auflage",2018
"Katharina vom Schönplimatal",NULL,2022
"Kati und Sven und das Buch der Geschichten","1. Aufl.",2008
"Katze Grizzy",NULL,2011
"Katzen","Originalausgabe, 1. Auflage",2017
"Katzen duschen nie!","1. Auflage, Originalausgabe",2016
"Katzenfernsehen und andere Geschichten von Herrn Reitmeister","Originalausgabe",2017
"Katzengold","1. Aufl.",2009
"Katzengräser","1. Aufl.",2014
"Katzen-Haiku",NULL,2010
"Katzen kann man alles sagen","Erste Auflage",2021
"Katzenliebe","Orig.-Ausg.",2015
"Katzenmann, Roland, faule Grete",NULL,2011
"Katzenmusik und Katerstimmung","1. Aufl.",2012
"Katzentisch",NULL,2009
"Katzenwodka","1. Auflage, Version: 1.3",2016
"Kaufbeurer Heftchen II","1. Auflage",2022
"Kaufhausgeflüster und andere Geschichten",NULL,2015
"Kaum zu glauben","1. Auflage",2017
"Kebab zum Bankgeheimnis",NULL,2012
"Keene Langewiel in Sicht",NULL,2015
"Keeping up with de 8046er",NULL,2020
"Kehlenreiter",NULL,2021
"Keilnuchten, Schnäppchenjagd und Lutherrosse",NULL,2012
"Kein Aufwand","1. Auflage",2016
"Kein Ausweg","1. Auflage",2022
"Keine Chance für Mister Murphy",NULL,2014
"Keine Chance für Mr. Right",NULL,2021
"Keine Diagnose durch die Hose",NULL,2013
"(K)eine Erinnerung und andere Geschichten, die die Seele schrieb",NULL,2011
"Kein Elch. Nirgends","Orig.-Ausg., 1. Aufl.",2014
"Keine Märchen","1. Auflage",2019
"Keinen Augenblick mehr mit dir",NULL,2011
"Keiner bekommt alles","1. Aufl.",2014
"Keiner bleibt für immer","1. Auflage",2023
"Keines Menschen Seele",NULL,2014
"Keines natürlichen Todes","1. Aufl.",2011
"Keine Sorge, wir machen das zum ersten Mal!","1. Auflage",2023
"Keine Spuren","1. Aufl.",2009
"Keine Welt","1. Auflage",2022
"Keine Zehn Worte","1. Auflage",2022
"Keine Zeit zum Jammern","1. Aufl.",2010
"Keine Zeugen",NULL,2016
"Kein Grashalm wächst für sich allein",NULL,2011
"Kein Krieg in Deutschland",NULL,2012
"(K)einmal werden wir noch wach","1. Auflage",2022
"Kein Meer",NULL,2015
"Kein Porno ohne Handlung","Erste Auflage",2016
"Kein Schluß geht nicht","1. Aufl.",2012
"Kein schönes Buch",NULL,2008
"Kein Thema","1. Aufl.",2010
"Kein Tiger in Sicht","1. Auflage",2015
"Kein Weg zurück","1. Auflage",2018
"Kein weiter Weg vom Pudding Shop zum Père Lachaise",NULL,2011
"Kein Weltuntergang","1. Printaufl.",2014
"Kein Wölkchen am Himmel",NULL,2009
"Kein Wort für Blau",NULL,2016
"Keksgekrümel",NULL,2019
"Kelkheim schreibt ein Buch","1. Auflage",2016
"Kellergeister","Erstausg.",2012
"Keller, Schlüssel","1. Auflage",2016
"Kemmer Ermittelt","1. Auflage",2023
"Kentauren im Stadtpark",NULL,2019
"Kerkergeschichten","Originalausgabe",2019
"Kerzenflackern",NULL,2009
"Kerzenschein in jedem Haus",NULL,2020
"Kerzenschein und Tannenduft",NULL,2019
"Kerzen, Wunder, Himmels-Zunder","1. Auflage",2017
"Kettenkarussell","1. Aufl.",2008
"Keusche Liebes-Brunst","Originalausgabe",2016
"Kevin, der Pilot","1. Auflage, limitierte Originalausgabe",2023
"Kevin lernt Dolmetschen","Neuausgabe",2016
"Kho Iye",NULL,2022
"Kidz4kids 1.0","1. Aufl.",2014
"Kidz4kids 2.0","1. Auflage",2015
"kidz4kids 3.0","1. Auflage",2016
"kidz4kids 4.0","1. Auflage",2017
"Kidz4kids 6.0","1. Auflage",2019
"Kiek mal an!","1. Aufl.",2008
"Kiesbergstraße 83","1. Auflage",2017
"Kieselsteine und Wurzelholz","Erste Auflage",2017
"Kiesel zum Gedenken",NULL,2012
"Kille Kille Geschichten",NULL,2020
"Killen Sie die Eichhörnchen!",NULL,2017
"Killerkakao","Orig.-Ausg.",2008
"Killer Stories","1. Auflage",2023
"Kind","1. Aufl.",2010
"Kinder - Anthologie, Prosa, Lyrik","1. Aufl.",2008
"Kinder-Augenblicke",NULL,2008
"Kinder der Freude und andere Geschichten",NULL,2012
"Kinder, die im Dunkeln spielen","1. Auflage",2021
"Kinderdressur",NULL,2013
"Kinder? Ja!",NULL,2008
"Kinder, Kinder, Kinder","1. Auflage",2016
"Kinder, Küche, tralala ... - die schönsten Familien-Geschichten aus früheren Tagen",NULL,2014
"Kinderlesebuch","1. Auflage",2016
"Kinder meines Herzens","1. Aufl.",2010
"Kinder-Theater und weitere Schmonzetten",NULL,2011
"Kinder, war das schön",NULL,2013
"Kindheit adieu","1. Aufl.",2009
"Kindheitserinnerungen","1. Aufl.",2012
"King George, Chagall, die Monroe und wir","1. Aufl.",2012
"Kippfigur",NULL,2011
"Kirchdorf Icker",NULL,2013
"Kirschbaum, verdammt","Originalausgabe",2021
"Kirschblüten Sushi","1. Auflage",2022
"Kirschenzeit",NULL,2010
"KISMET","1. Auflage",2021
"Kismet heißt Schicksal","1. Aufl.",2014
"Kiwi-Desaster","1. Auflage",2020
"Klamauk und wildes Zeug",NULL,2023
"Klangfarben",NULL,2011
"Klangraum","1. Aufl.",2013
"Klangwellen",NULL,2016
"Klapperschluck und andere Wahrheiten",NULL,2011
"Klappe zu - Balg tot","1. Aufl.",2009
"Klarer Fall",NULL,2014
"Klassiker aaf oberpfälzisch","1. Aufl.",2011
"Klassiker der Kinder- und Jugendliteratur/ Geschichten aus der Murkelei","1. Auflage",2020
"Klassischer Horror","Originalausgabe",2022
"Klatschmohn","1. Aufl.",2008
"Klavier-Wanka",NULL,2012
"Kleider machen Leute","Orig.-Ausg.",2008
"Klein, aber oho!","1. Auflage",2021
"Kleine Adventswunder",NULL,2018
"Kleine Alltäglichkeiten","1. Aufl.",2014
"Kleine Begebenheiten","1. Auflage",2020
"Kleine Berliner Geschichten",NULL,2010
"Kleine Beweise der Freundschaft","1. Aufl.",2014
"Kleine Chronik","1. Auflage",2018
"Kleine Erkenntnisse oder Das Nashorn auf dem Flügel","1. Auflage",2020
"Kleine Erzählungen aus dem Schwarzwald",NULL,2009
"Kleine Fische und Mistkäfer","1. Auflage",2023
"kleine Fluchten, große Flucht","1. Auflage",2023
"Kleine Freiheiten",NULL,2010
"Kleine Freuden des Alltags","Orig.-Ausg., Erstdr., 1. Aufl.",2009
"Kleine Gangster - große Gangster",NULL,2011
"Kleine geile Geheimnisse","1. Auflage, vollständige Taschenbuchausgabe, Originalausgabe",2021
"Kleine Geschenke vom Größten",NULL,2015
"Kleine Geschichten","1. Auflage",2017
"Kleine Geschichten aus meinem Leben",NULL,2013
"Kleine Geschichten, die guttun",NULL,2022
"... kleine Geschichten, Gedichte und Gedanken. N°2.","11. Auflage",2022
"Kleine Geschichten ... rund um den Löwen","1. Auflage",2021
"Kleine Geschichten rund um Weihnachten","1. Auflage",2015
"Kleine Geschichten, so bunt wie das Leben ...","1. Auflage",2022
"Kleine Geschichten über Enkel und andere Lichtblicke des Lebens","1. Aufl.",2009
"Kleine Geschichten über Politik und andere Leiden des Lebens","1. Aufl.",2008
"Kleine Geschichten um die Gute Mär",NULL,2012
"... kleine Geschichten - und so ...","1. Auflage",2020
"Kleine Geschichten voller Weisheit","1. Aufl.",2012
"Kleine Geschichten vom Englein Silbertüpfchen","1., Aufl.",2009
"Kleine Geschichten von grossen Gefühlen","1. Auflage",2018
"Kleine Geschichten zum Leben und Alltag","1. Auflage",2017
"Kleine Geschichten zur Weihnachtszeit","1. Auflage",2019
"Kleine Glücklichmacher",NULL,2011
"Kleine grüne Meilensteine","1. Auflage",2018
"Kleine Gute-Nacht-Geschichten auch „hellwach“ zu lesen","1. Auflage",2016
"Kleine Happen und Hannah",NULL,2022
"Kleine Jungs und große Mädchen","1. Auflage",2020
"Kleine Kaiser",NULL,2017
"Kleine Koffer","1. Aufl.",2010
"Kleine Leuchttürme","1. Auflage",2018
"Kleine Leute in großen Geschichten",NULL,2021
"Kleine Leute und andere Erzählungen","1. Aufl.",2010
"Kleine Morde unter Nachbarn",NULL,2012
"Kleine Paradiese","1. Aufl.",2013
"Kleine Polizei im Schnee","1. Aufl.",2012
"Kleine Prosa","1. Aufl.",2008
"Kleiner Glanz","1Erste Auflage",2020
"Kleiner Mord zwischendurch","1. Auflage",2016
"Klein Erna",NULL,2011
"Kleiner Worte-Kosmos","1. Auflage",2021
"Kleine Schätze",NULL,2017
"Kleine Scheißhausgeschichten","1. Aufl.",2010
"Kleine Schritte",NULL,2009
"Kleine Schule des Humors","1. Auflage",2017
"Kleines Manifest der Träume","1. Auflage",2019
"Kleines Schmunzelbuch",NULL,2013
"Kleine Tiere",NULL,2009
"Kleine Traumfängereien",NULL,2012
"Kleine unglaubliche Geschichten",NULL,2011
"Kleine Weihnachtswunder",NULL,2018
"Kleine Werke mit Köpfchen und Feder","1. Auflage",2019
"Kleine Wunder",NULL,2015
"Kleinolberndorf",NULL,2008
"Kleinviehmist","1. Aufl.",2010
"Kleist & ich","1. Aufl.",2012
"Kleopatras Kuss",NULL,2018
"Klerus, Pest und Jungfernkranz",NULL,2011
"Kletterschuh und Knobelbecher",NULL,2011
"Klettgausonne","1. Aufl.",2014
"Klimadelirium und andere furchtbare Erzählungen","1. Auflage",2020
"Klimazukünfte 2050","Originalausgabe, 1. Auflage",2023
"Klingelbeutel",NULL,2010
"Klippenflieger","1. Auflage",2020
"Klirrend kalter Winter","Orig.-Ausg.",2012
"Klogeschichten - das Original","1. Auflage",2022
"Klönmontag auf Helgoland","1. Aufl.",2009
"Klopfzeichen aus der Vergangenheit",NULL,2023
"Klopfzeichen des Gemüts",NULL,2013
"Klor bi Anker! Oder Geschichten vom ersten und wahrhaftigen Leben des Kaftains Blaubeer","1. Auflage",2019
"Klostergeschichten geil und sündig","1. Auflage, vollständige Taschenbuchausgabe, Originalausgabe",2020
"Klostergeschichten heiß & qualvoll","1. Auflage, vollständige Taschenbuchausgabe, Originalausgabe",2019
"Klüere","1. Auflage",2018
"Kluge Frauen - Geschichten",NULL,2014
"Kluge Frauen leben bunter","1. Auflage",2017
"Kluge Frauen wissen, was wirklich zählt","1. Aufl.",2016
"Kluge Geschichten für Nachteulen","1. Auflage",2018
"Kluge G´schichten",NULL,2014
"Klugscheißer","1. Aufl.",2010
"Knall auf Fall allein",NULL,2011
"Knapp daneben - Geschichten für den nächsten Tag -","1. Auflage",2021
"KNEF – Kids Adventure Stories","1. Auflage",2022
"Kneipengeschichten","1. Aufl.",2009
"Knisternde Kurzgeschichten","1. Auflage",2021
"Knopf ohne Knopfloch","1. Auflage",2019
"Knubbel dr Vedde",NULL,2008
"Knüppelhart in Deutschland",NULL,2013
"Knusperhaus",NULL,2023
"Knut, Heinz, Schorsch und die anderen","1. Aufl.",2009
"Kochen Auf gut Schwäbisch",NULL,2012
"Kochen & küssen",NULL,2009
"Kochlöffel, Trecker und Beziehungskiste","1. Auflage",2022
"Koffer voller Kapriolen","1. Auflage",2023
"KohlenHydrate-Eddy in Berlin","1. dt. Aufl.",2011
"Koitus mit der Meerjungfrau","Dt. Erstausg.",2012
"Kokos und bitterer Tee",NULL,2009
"Kolja","1. Aufl.",2012
"Kölle hückzedachs",NULL,2011
"Kollektion Lasswitz","1. Aufl.",2008
"Kollisionen","1. Auflage",2015
"Kölner Kindheitserinnerungen",NULL,2020
"Kölner Krimi Kurzgeschichten",NULL,2021
"Köln ist nicht Berlin","1. Auflage",2018
"Kolonien - Welt unter Dampf","1. Auflage",2018
"Kölsche Weihnachtsfreude",NULL,2016
"Komische Geschichten","1. Aufl.",2010
"Komm auf die Schaukel, Luise!","1. Auflage",2019
"Komm doch ein Stück mit - c'est la vie",NULL,2009
"Komm herab",NULL,2014
"Kommissar Prohaska: Weltstadt Innsbruck",NULL,2010
"Kommissar Traudich und das Schweigen des Stoppelfelds","1. Auflage",2021
"Komm, lieber Mai ...",NULL,2011
"Komm nach Madagaskar",NULL,2008
"Kommt das Herz zu kurz?","1. Aufl.",2014
"Kommt ein Arzt zum Menschen ...","1. Auflage",2018
"... kommt ma nitt mit Wellnissdaach","1. Aufl.",2011
"Kommt Zeit, kommt Tat","1. Aufl.",2009
"Komm, wir gehen in den Garten",NULL,2020
"Komm zur Ruhe, finde neue Kraft",NULL,2022
"Kompassträume","1. Aufl.",2013
"Kompost für die Seele",NULL,2021
"Kondorkinder","1. Aufl.",2013
"Konfrontation mit weiblicher Lust",NULL,2011
"Kongress mit Lucifer","1. Auflage",2015
"König & Bruder Narr","1. Auflage",2020
"Könige der Nacht","1. Auflage",2018
"Könige von Nichts","1. Auflage",2019
"Königin der Wölfe","1. Auflage",2023
"Königlich Bayerisches Kopfkissenbuch","1. Auflage",2020
"KÖNIGSKINDER - Dramolette, Lyrik u.Kurzgeschichten!",NULL,2012
"Königssee und andere dunkle Kurzgeschichten","1. Auflage",2019
"Königsweihe","1. Aufl.",2010
"Können Sie da mehr Volumen zaubern?","Orig.-Ausg., 1. Aufl.",2014
"Können Sie mir bitte erklären, was Schmore sind - diese Tiere kenne ich überhaupt nicht!",NULL,2008
"Können Sie mir sagen, wo es hier lang geht? Geschichten über Männer, ihre Träume und Stolpersteine",NULL,2023
"Konquista spielen",NULL,2010
"Konsequenzen","1. Auflage",2018
"Konserviert!","1. Auflage",2023
"Konstantins Boulevard","1. Aufl.",2010
"Kontakt",NULL,2020
"Koordinaten","1. Aufl.",2012
"Kopf hoch, alter Esel!","1. Auflage",2017
"Kopfkino","1. Aufl.",2014
"Kopfkino - die Urmutter aller Sadisten",NULL,2010
"KopfKissenKino","Orig.-Ausg.",2013
"Kopfkissentexte","1. Auflage",2018
"Kopfstand mit Tulpe",NULL,2022
"Kopfstand-Umkehr der Gedanken","1. Auflage",2020
"Kopfüber in die blaue Ferne",NULL,2017
"Kormorane",NULL,2012
"Kornelimünster","Erste Auflage",2016
"Körper","1. Auflage",2020
"Körpersprache",NULL,2023
"Körper Teile","1. Auflage",2017
"Kosmos der Abseitigen",NULL,2022
"Kostbarer als Gold, süßer als Honig","Auftr.-Veröff.",2012
"Kostbarkeit","1. Auflage",2018
"Kostbarkeiten am Wegesrand",NULL,2021
"Kostbar wie Elfenbein","1. Aufl.",2012
"Kostenfaktor Mensch","Erstauflage",2022
"Kostproben","Erstausgabe",2020
"Kraftquellen","1. Aufl.",2009
"Kraftvoll gestolpert","1. Aufl.",2010
"Krähenbeisser","1. Auflage",2017
"Krakelbock","Deutsche Erstausgabe, 1. Auflage",2020
"Kraniche im Gegenlicht",NULL,2008
"Kranke Geschichten","1. Aufl.",2013
"Krankenhaus – Geschichten",NULL,2015
"Krause, der Tod und das irre Lachen","1. Aufl.",2012
"Kräuter-Code","1. Aufl.",2012
"Kräutersommer","1. Aufl.",2015
"Kraut & Rüben","1. Auflage",2020
"Kreatives Chaos",NULL,2009
"Kretazeit",NULL,2012
"Kreuzberger Geschichten","1. Auflage",2020
"Kreuzfahrt durch die Republik","Originalausgabe",2022
"Kreuzfidel & himmlisch heiter",NULL,2016
"Kreuz und mehr","1. Auflage",2018
"Kreuz und quer","1. Aufl.",2011
"Kreuz und quer und mittendurch",NULL,2010
"Krieg","1. Auflage",2016
"Krieg der Kröten","1. Auflage",2016
"Kriege brechen nicht aus Kriege werden begonnen","1. Auflage",2022
"Krieger des Nordens","1. Auflage",2018
"Krieg ich schulfrei, wenn du stirbst?","Orig.-Ausg.",2012
"Kriemhilds Lache","1. Aufl.",2013
"KriExit - Zeit für Frieden","Originalausgabe",2017
"Krimi-Adventskalender",NULL,2018
"Krimi-Geschichten","Orig.-Ausg., 1. Aufl.",2011
"Krimigeschichten",NULL,2023
"Krimi - Kurzgeschichten","1. Auflage",2022
"Kriminalgeschichten aus dem Weserbergland",NULL,2010
"Kriminalgeschichten aus Königsborn","1. Auflage",2020
"Kriminelles und Abwegiges","1. Auflage",2020
"Kriminelles und Anverwandtes","1. Auflage",2023
"Kriminelles, Wundersames und Geschichten, die das Leben schrieb",NULL,2009
"Krimis aus der Hexenküche","1. Aufl.",2011
"Krimis aus der Region","Erste Auflage",2021
"Krimis für jede Lebenslage","1. Auflage",2019
"Krimis mit Fell und Schnauze","1. Aufl.",2011
"Krimis und andere spannende Geschichten","1. Auflage",2017
"Krimizeit Pforzheim",NULL,2010
"Krippengeschichten",NULL,2017
"Krise","1. Auflage",2017
"Krisennovellen",NULL,2010
"Krisen, Schatten und Zyklamen","1. Aufl.",2012
"Krokodile sind grau",NULL,2020
"Kroko und Tatù","1. Auflage",2019
"Krönchen der Schöpfung","1. Auflage",2016
"Kronenburg","Erste Auflage",2016
"Krö, Schild und Te",NULL,2008
"Kröskenskisten","1. Auflage",2019
"Kröskenskisten II","1. Auflage",2019
"Kröskenskisten III","1. Auflage",2019
"Kröskenskisten IV","1. Auflage",2021
"Kröskenskisten V","1. Auflage",2021
"Krücken-Tacke und andere Geschichten aus dem Alltag",NULL,2014
"Krummer Wald",NULL,2023
"Krumme Touren","1. Aufl.",2009
"Krüppelpinien",NULL,2019
"Küchenlatein","Erste Auflage",2018
"Küchentisch und Kachelofen",NULL,2020
"Küchenwahnsinn",NULL,2021
"Kuckucksnester",NULL,2022
"Kühe in Halbtrauer","Erste Auflage",2022
"Kuhgeflüster",NULL,2016
"Kühles Bad","1. Auflage",2017
"Kühner Kosmos",NULL,2011
"Kujtime nga Kosova",NULL,2023
"Kulinarischer Selfkant","1. Auflage",2022
"Kultfiguren",NULL,2010
"Kult, Sex & Sklaverei","1. Auflage, vollständige Taschenbuchausgabe, Originalausgabe",2020
"Kult Steine","1. Auflage",2016
"KULT Taroticum und andere Erzählungen LIMITIERT",NULL,2022
"Kulturrevolution","1. Auflage",2018
"Kulturschock China oder: Wie ich die Grosse Mauer erklomm","1. Auflage",2019
"Kulturschock, Integration, Diskriminierung, Ehrensache, Doppelpass und andere Geschichten","1. Auflage",2023
"kult.ur.sprung",NULL,2019
"Kummersdorf","1. Aufl.",2011
"Kummer und Freude - im Wandel der Zeit",NULL,2009
"Kumm, geh fort!",NULL,2011
"Kumm rei in unner' Hutzenstub","1. Auflage",2015
"Kundenkoller",NULL,2008
"Kunibert Kumbernuss","1. Aufl.",2009
"Kunkelgefunkel",NULL,2021
"KunstGeschichten","Orig.-Ausg., 1. Aufl.",2012
"Künstlerpech",NULL,2011
"Kunterbunte Kurzgeschichten","1. Auflage",2019
"Kunterbunte schwarz-weiß Geschichten",NULL,2008
"Kunterbuntes Leben","1. Aufl.",2010
"Kuriose Geschichten aus dem Oldenburger Land","1. Auflage",2018
"Kuriose Geschichten aus den Alpen","1. Aufl.",2014
"Kuriose Geschichten - rund um den Geschichtenbaum","1. Auflage",2018
"Kuriose Grenzgeschichten","1. Auflage",2017
"Kurpfälzer Gebabbl",NULL,2014
"Kurts Geschichten",NULL,2023
"Kurts Kurzgeschichten Band III","1. Auflage",2021
"Kurts Kurzgeschichten Band IV","1. Auflage",2022
"Kurts literarisches Adventsbuch","1. Auflage",2023
"Kurz & dunkel","1. Auflage",2021
"kurze 05","1. Auflage",2022
"Kurze Fuffzehn ; kurze Krimis und Geschichten für die Künstlergruppe Falter ; politisch teils Unkorrektes Neues und Altes zur Unterhaltung","1. Aufl.",2015
"Kurze Geschichten","1. Auflage",2018
"Kurze Geschichten am Lagerfeuer","1. Auflage",2018
"Kurze Geschichten, die das Leben schrieb","1. Auflage",2017
"Kurze Geschichten für Kinder und auch für Solche, welche die Kinder lieb haben","1. Aufl.",2011
"Kurze Geschichten über Abschiede",NULL,2014
"Kurze Geschichten vom Lauf der Dinge",NULL,2020
"Kurze Geschichten von kleinen und großen Gemetzeln","1. Auflage",2016
"Kurze Geschichten ... zum Beispiel aus Glarus",NULL,2011
"Kurze mit Schuss oder Sahnehäubchen","1. Auflage",2017
"Kurz erzählt",NULL,2012
"Kurzes und Längeres",NULL,2022
"KURZFILME 2.0","1. Auflage",2019
"Kurzgeschichte Das Leben lieben lernen","1. Auflage",2023
"Kurzgeschichten","1. Aufl.",2011
"Kurz Geschichten aus aller Welt fürs neue Millennium","Erste Auflage",2023
"Kurzgeschichten aus Aserbaidschan","1. Aufl.",2009
"Kurzgeschichten aus Asgard","1. Auflage",2023
"Kurzgeschichte(n) aus dem ehemaligen Osten",NULL,2010
"Kurzgeschichten aus dem Kinderzimmer",NULL,2019
"Kurzgeschichten aus dem Nordstrander Krimi-Workshop 2014",NULL,2014
"Kurzgeschichten aus dem prallen Leben",NULL,2020
"Kurzgeschichten aus dem wahren Leben",NULL,2018
"Kurzgeschichten aus den Voralpen",NULL,2014
"Kurzgeschichten aus Rollitaun","Erstaufl.",2014
"Kurzgeschichten aus Wattenscheid",NULL,2009
"Kurzgeschichtenband","1. Aufl.",2012
"Kurzgeschichten Band 1","1. Auflage",2022
"Kurzgeschichten Band 1 (Buch + Audio-CD) - Lesemethode von Ilya Frank - Zweisprachige Ausgabe Englisch-Deutsch","1. Auflage",2023
"Kurzgeschichten Band 1 (mit Audio)","1. Auflage",2020
"Kurzgeschichten Band 2","1. Auflage",2022
"Kurzgeschichten Band 3","1. Auflage",2022
"Kurzgeschichten Band 4","1. Auflage",2022
"Kurzgeschichten-Buffet","1. Auflage",2021
"Kurzgeschichten der Fortpflanzung","1. Auflage",2020
"Kurzgeschichten des Ankommens",NULL,2023
"Kurzgeschichten, die es zu lesen lohnt","1. Auflage",2023
"Kurzgeschichten & Entspannung","1. Auflage",2017
"Kurzgeschichten für Erwachsene - Reisen um die Welt","Originalausgabe, 1. Auflage",2023
"Kurzgeschichten für Erwachsene – Reise um die Welt",NULL,2023
"Kurzgeschichten für gestresste Männer",NULL,2015
"Kurzgeschichten für jede Jahreszeit",NULL,2008
"Kurzgeschichten für junge und ältere Leser",NULL,2008
"Kurzgeschichten für Jung und Alt",NULL,2014
"Kurzgeschichten für Kinder","1. Auflage",2020
"Kurzgeschichten für Kinder/36 Kurzgeschichten für Kinder (Kurzgeschichten Nr.6)","1. Auflage",2021
"Kurzgeschichten für Kinder/36 Kurzgeschichten für Kinder (Kurzgeschichten Nr.6) (Edle Ausgabe zum Verschenken)","1. Auflage",2021
"Kurzgeschichten für Kinder/Das Attentat","1. Auflage",2023
"Kurzgeschichten für stürmische Zeiten","1. Auflage",2022
"Kurzgeschichten für zwischendurch",NULL,2018
"Kurzgeschichten gegen Krebs","1. Auflage",2021
"Kurzgeschichten kreuz und quer","1. Auflage",2017
"Kurzgeschichten, Lyrisches und Verträumtes",NULL,2010
"Kurzgeschichten mit Gefühl 1","1. Auflage",2021
"Kurzgeschichten-Potpourri","1. Print-Auflage",2020
"Kurzgeschichten Sammelbände/Gestorben wird anders. Stories","1. Auflage",2019
"Kurzgeschichten, so wie sie das Leben schrieb",NULL,2014
"Kurzgeschichten über das Leben (2) - Nicht alle Tage scheint die Sonne","1. Auflage",2023
"Kurzgeschichten über das Leben - Tage, die man nicht vergisst","1. Auflage",2021
"Kurzgeschichten über das Leben und die Liebe, unter dem Motto: Gehen wir zu dir ... oder zu mir?","Originalausgabe, 1. Auflage",2016
"Kurzgeschichten über den Homo sapiens in seinem natürlichen Lebensraum","1. Auflage",2020
"Kurzgeschichten U.Christ/ Sechs Kurzgeschichten Band I.","1. Auflage",2019
"Kurzgeschichten und Aufsätze",NULL,2023
"Kurzgeschichten und eine Novelle","Erstausg.",2008
"Kurzgeschichten und Gedichte","1. Aufl.",2014
"Kurzgeschichten und Gedichte / Literarisches Fragment Frankfurt am Main",NULL,2009
"Kurzgeschichten und heitere Anmerkungen Band I bis III","1. Auflage",2019
"Kurzgeschichten und heitere Anmerkungen Band II","1. Auflage",2019
"Kurzgeschichten und Kommentare",NULL,2013
"Kurzgeschichten und Schüttelreime","1. Auflage",2017
"Kurzgeschichten vom Land aus Vergangenheit und Gegenwart","1. Auflage",2016
"Kurzgeschichten von Menschen, Tieren und anderem",NULL,2018
"Kurzgeschichten von Menschen und Tieren","1. Aufl.",2013
"Kurzgeschichten/Wenn die Seele Rutschbahn fährt","1. Auflage",2016
"Kurzgeschichten, wie sie das Leben so schreibt",NULL,2021
"Kurzgeschichten zwischen Phantasie und Wirklichkeit",NULL,2023
"kurzgeschichtet","1. Auflage",2021
"KURZ&KNAPP","1. Auflage",2019
"Kurzparkzone",NULL,2010
"Kurzstrecken Geschichten","Deutsche Erstveröffentlichung, 1. Auflage",2016
"Kurzum - Kurzgeschichten",NULL,2023
"Kurz und bündig","1. Auflage",2021
"Kurz und furchtbar",NULL,2021
"Kurz und gut","1. Auflage",2023
"Kurz und knapp","1. Auflage",2020
"Kurz und kopflos","Originalausgabe",2020
"Kurz und kürzer","1. Auflage",2021
"kurz und schmerzend: 23 Geschichten, die es in sich haben","1. Auflage",2020
"Kurz und schmerzvoll","1. Aufl.",2009
"Kurz und sündig","1. Aufl.",2012
"Kürzungen und andere skurrile Geschichten",NULL,2010
"Kurz vor Ende der Welt","1. Auflage",2021
"Kurzweilige Geschichten für zwischendurch","1. Auflage",2022
"Kuss der Regenfrau","1. Aufl.",2011
"Küss die Hand, die du nicht brechen kannst",NULL,2012
"Küss die Taube!","1. Auflage",2017
"Kuss & Gut","1. Auflage",2021
"Kuss ins Glück","1. Auflage",2019
"Küste im Fernglas",NULL,2012
"Küstenklatsch",NULL,2020
"Kyklops Schafe",NULL,2022
"Laat di Tiet is ok en Walzer","1. Auflage",2018
"La Balme - Zuflucht. Geschichten aus Palmbach von gestern und heute.","1. Auflage",2016
"Labyrinth","Orig.-Ausg., 1. Aufl.",2012
"Labyrinth des Lebens","1. Auflage",2017
"Labyrinthe","Deutsche Erstveröffentlichung, 1. Auflage",2016
"L´Accordeoniste -- Der Akkordeonspieler",NULL,2020
"Lach-Challenge","Originalausgabe",2019
"Lach dich gesund","1. Auflage",2019
"Lächeln bitte!",NULL,2008
"Lachen","Originalausgabe, 1. Auflage",2020
"Lachender Tod","Originalausgabe",2017
"Lachendes Möwenland",NULL,2010
"Lachen gefällig?","1. Auflage",2018
"Lachen hilft (fast immer)",NULL,2021
"Lachen ist die beste Medizin",NULL,2018
"Lachen macht gesund",NULL,2011
"Lachen Sie jetzt!!!",NULL,2017
"Lachens.net oder doch?","1. Auflage",2015
"Lachen unter'm Tannenbaum",NULL,2011
"Lachfalten oder Krähenfüße","1. Aufl.",2011
"Lachgranaten","1. Aufl.",2008
"Lach jetzt - stirb später",NULL,2016
"Lach- und Spritzgeschichten","1. Auflage",2023
"Ladies",NULL,2022
"Ladies' Lunch","1. Auflage, deutsche Erstausgabe",2023
"Ladys, Lust und Leidenschaft",NULL,2019
"Lagebericht und andere Erzählungen",NULL,2008
"Lagerfeuer- Geschichten","1. Auflage",2017
"La La Land stories","Erstausgabe",2017
"Lametta für ein ganzes Jahr","1. Auflage",2018
"L' amore e altre forme d'odio",NULL,2008
"Lamutische Märchen und Erzählungen",NULL,2011
"Land der Väter und Verräter",NULL,2010
"Land des Lichts",NULL,2014
"Landkrank","Erste Auflage",2022
"Landleben","1. Auflage",2018
"Landluft","1. Aufl.",2013
"Landluft trifft Stadtluft",NULL,2012
"Landlust & Landluft",NULL,2015
"Land über und Land unter",NULL,2010
"Land und Brot","1. Auflage",2021
"Land und Lebenslust",NULL,2012
"Langer Atem","1. Aufl.",2011
"Längere Kurzgeschichten",NULL,2018
"Langer Nachhall: zwischen Newa und Rhein","1. Auflage",2019
"Langer Tag mit grüner Hose","1. Aufl.",2015
"Langeweile ausgeschlossen",NULL,2010
"Langsam schiebt sie ihren Rollator",NULL,2014
"La Peregrina","1. Auflage",2016
"Lars-Friedrich im Außendienst",NULL,2013
"Larven",NULL,2016
"Larvenfänger","1. Auflage",2022
"Lasagne al forno ... und andere Geschichten vom Pferd",NULL,2015
"Lass bitte einen Faden Liebe dran oder Wer bin ich, wenn ich ohne Ruder bin?",NULL,2015
"Lass Blumen morden","1. Aufl.",2023
"Lass das Gute in dir blühen",NULL,2023
"Lass Deine Gedanken verreisen",NULL,2010
"Laß deine Gefühle tanzen",NULL,2023
"Laß dich ja nicht zum Lachen verleiten",NULL,2008
"Lass die Sonne in dein Herz",NULL,2015
"Lass es Liebe sein",NULL,2014
"Lass es Liebe werden!",NULL,2020
"Lass mich die Kerze anzünden",NULL,2008
"Lass sie mal machen","1. Auflage",2023
"Lasst mich durch, ich muss aufs Sofa!","1. Auflage",2018
"Lasst mich wieder euer Kind sein",NULL,2013
"Laßt mir meinen optimistischen Pessimismus",NULL,2013
"Lasst uns einen Spaziergang machen","1. Auflage",2020
"Lasst uns Weihnachten wieder leise feiern . weihnachtliche Geschichten zum Träumen aus der Schweiz",NULL,2023
"Lass uns geil sein, wild und verdorben","1. Auflage, vollständige Taschenbuchausgabe, Originalausgabe",2023
"Lass uns von der Hoffnung reden",NULL,2015
"Last Order",NULL,2010
"Last Order und andere dunkle Geschichten","1. Auflage",2022
"Late Night Stories","1. Auflage",2022
"La Tour du Mariage",NULL,2014
"Latte Macchiato","1. Aufl.",2013
"Laufbekanntschaften",NULL,2013
"Lauf, du Sau!",NULL,2015
"Lauf: Genuss",NULL,2009
"Laurentiustränen",NULL,2012
"Lauriacum","1. Auflage",2018
"Lausbubengeschichten aus Regensburg","1. Aufl.",2014
"Lausdirndlgeschichten",NULL,2012
"Lauselümmel",NULL,2022
"Lausitzer Heide - Lausitzer Land",NULL,2012
"Lausitzer Kram",NULL,2009
"Lauter ironische Geschichten",NULL,2008
"Lauter Viechereien","1. Aufl.",2016
"Laute stille Zeit","Erstausg.",2010
"Laut lauter Lyrik",NULL,2009
"Lautlose Explosionen","1. Aufl.",2013
"Lautlose Tage",NULL,2010
"La vie est belle",NULL,2018
"Lealöwins zauberhaftes Rudelleben","1. Aufl.",2014
"Lebe lieber leichter",NULL,2023
"Leben am Horizont",NULL,2011
"Leben andernorts",NULL,2009
"Lebendige Geilheit","1. Auflage, vollständige Taschenbuchausgabe, Originalausgabe",2021
"Lebendige Noten","Erste Auflage",2020
"Leben im Angesicht des Todes",NULL,2013
"Leben im Aufbruch","1. Aufl.",2009
"Leben im Luxus",NULL,2009
"Leben in Geschichten",NULL,2012
"Leben in Grenzen","1.Auflage",2018
"Leben in zwei Blättern","1. Auflage",2021
"Leben, Leid und Liebe","1. Auflage",2018
"Lebenliebenhassenlassen und andere Geschichten",NULL,2013
"Leben mit Düsseldorf",NULL,2013
"Leben, nichts als lieben","Originalausgabe",2019
"Leben pur",NULL,2015
"LebensART - nie komme heim",NULL,2013
"LebensART - ohne Dach und doch Zuhause",NULL,2013
"Lebensatem - Atem des Lebens",NULL,2021
"Lebensbegleiter","1. Auflage",2017
"Lebensbilder","1. Auflage",2018
"Lebensbilder Momentaufnahmen","1. Auflage",2019
"Lebensblüten","Orig.-Erstausg.",2010
"Lebenserfahrungen Kurzgeschichten und Gedichte","1. Aufl.",2012
"Lebensfarben",NULL,2011
"Lebenskaleidoskop","1. Auflage",2021
"Lebenskarussell",NULL,2013
"Lebenslagen","1. Auflage",2020
"Lebenslanger Kampf",NULL,2015
"Lebenslauf des Oberstleutnants Wilhelm Ritgen (1789 – 1863)",NULL,2011
"Lebenslauf oder das Rad der Zeit","1. Aufl.",2010
"Lebenslauf, zweiter Absatz","1. Aufl.",2011
"Lebens Laute, leise...",NULL,2012
"Lebenslinien","1. Auflage",2016
"Lebenslinien - erlebt - erdacht",NULL,2020
"Lebensmomente",NULL,2010
"Lebensnähe","1. Aufl.",2012
"Leben sollte gelebt werden","1. Auflage",2021
"Leben spüren Tag für Tag","Erstaufl.",2009
"Lebenssaiten",NULL,2010
"Lebensschätze",NULL,2014
"Lebensvoll und liebenswert","Originalausgabe, 1. Auflage",2018
"Lebenswege","Originalausgabe, 2. Auflage",2022
"Lebenswendungen",NULL,2015
"Lebens+Werk+Statt/Kurze Geschichten als Denkanstöße für Gespräche über Themen des Glaubens","1. Auflage",2020
"Lebenszauber","Originalausgabe",2016
"LebensZeichen","1. Auflage",2018
"Lebenszeichen mit 14 Nothelfern",NULL,2014
"Lebenszeit ist Erntezeit",NULL,2011
"Leben und Leben lassen",NULL,2014
"Leben und Lieben im alten Rom und der Renaissancezeit",NULL,2019
"Leben und Lieben im Mittelalter",NULL,2017
"Leben, wo bist Du?","1. Auflage",2019
"Leben zwischen Wald und Reben",NULL,2015
"Lebst du noch oder wohnst du nur?","1. Auflage",2018
"Leck mich auf","Dt. Erstausg.",2009
"Leeres Zentrum",NULL,2015
"Leer Gut Geschichten","Orig.-Ausg., 1. Aufl.",2012
"Legenden am Lagerfeuer","Erstausg.",2014
"Legenden aus Kalk",NULL,2022
"Legenden im Wind","1. Aufl.",2014
"Legenden und ein Söhnchen",NULL,2008
"Legenden und Märchen vom Mittelrhein","1. Aufl.",2008
"Leggomagiggo","1. Auflage",2017
"Lehmann, Erdmann, Liebermann","1. Auflage",2021
"Lehmanns Erzählungen oder So schön war mein Markt","1. Auflage",2017
"... Lehrer sein dagegen sehr",NULL,2009
"Leiblachtal Lesebuch","1. Auflage",2019
"Leichter als Vakuum","Originalausgabe, erste Auflage",2017
"Leidenschaft","1. Auflage",2018
"Leidenschaftliche Begegnungen","1. Auflage",2021
"Leidenschaftliches Verlangen - Sex für Frauen, Paare und Männer",NULL,2022
"Leider haben wir eine Mama erwischt, die ihre Kinder nicht mit dem Auto in die Schule fährt und andere Geschichten","1. Aufl.",2009
"Leider krass","Erste Auflage",2015
"Leidgenossen zwischen Krummer Lanke, Reichstag und Gedächtniskirche","1. Aufl.",2013
"Leila","1. Auflage",2016
"Leinebergland kriminell","Dt. Erstausg.",2010
"Leinen los!?","1. Aufl.",2012
"Leipzig - die utopische Kommune 1989 - 2015",NULL,2015
"Leipziger Geschichten","Originalausgabe, 1. Auflage",2020
"Leipzig morbid","1. Auflage",2017
"L.eipzig SpuE.ren",NULL,2013
"Leise Geschichten der lauten Kängurus","1. Auflage",2020
"Leise Leute","Deutsche Erstausgabe, 1. Auflage",2022
"Leise Worte des Friedens",NULL,2023
"Leitfaden zum Umgang mit ungebetenen Gästen","1. Auflage",2018
"Le massacre des illusions",NULL,2011
"Lemuria","Neuausg.",2008
"Lena - Fremde Welt - Savonarola","1. Auflage",2022
"Lenas Welt","Originalausgabe, 1. Auflage",2021
"Lesbian Dance Class",NULL,2022
"Lesbian summer dreams","Orig.-Ausg.",2013
"Lesebuch",NULL,2008
"Lesebuch für Schrägdenker und andere Durchgeknallte","1. Auflage",2018
"Leselust für 50 plus!",NULL,2010
"Lesen in der Métro","1. Aufl.",2011
"Lesen und genesen","Originalausgabe",2021
"Lesewetter-Geschichten","Orig.-Ausg.",2013
"Lesgische Prosa","1. Auflage",2021
"Lettipark",NULL,2016
"Letzte Ausfahrt Mutterbrust","1. Auflage",2020
"Letzte Ausfahrt vor der Grenze","1. Aufl.",2011
"Letzte Chance für den Sohn des Ministers und weitere wahre Erzählungen",NULL,2013
"Letzte Erzählungen","1. Auflage",2020
"Letzte Freunde",NULL,2011
"Letzter Bus ab Gruiten Dorf","1. Auflage",2021
"Letzter Gang",NULL,2008
"Letzter Mann","1. Auflage",2019
"Letzter Sommertag",NULL,2010
"Letzte Runden","1. Aufl.",2011
"Letztes Boot darin ich fahr",NULL,2008
"Letzte Schlachten",NULL,2019
"Letzte Stories","1. Aufl.",2010
"Leuchtende Kioske","1. Auflage",2020
"Leuchtender Atem","1. Auflage",2016
"Leuchtende Tage","Erste Auflage, Originalausgabe",2019
"Leude - die namhafte Poetry-Slam-Anthologie","Erste Auflage",2020
"Leumundszeugnis","1. Auflage",2019
"Leute gibt's (1)","1. Auflage",2019
"Levanders Blumen",NULL,2015
"Levi Mühsam","1. Auflage",2022
"Levins Abschied","1. Auflage",2016
"Ley Lines und weitere mystische Momente","1. Aufl.",2011
"LH774","1. Auflage",2016
"Liane Neumann präsentiert Du und wir",NULL,2008
"Libelle, Maus u. Co - Geschichten der Kleintiere",NULL,2020
"Libellen im Wind",NULL,2011
"Libellenliebe",NULL,2023
"Liber nominum mortuorum",NULL,2014
"Liber Thanatamor","1. Auflage",2020
"Licht",NULL,2009
"Licht Aus!","1. Auflage",2020
"Licht Blicke",NULL,2014
"Lichtblicke",NULL,2014
"Lichtbringer",NULL,2008
"Lichtbruch","1. Aufl.",2012
"Licht des Schweigens","Orig.-Ausg., 1. Aufl.",2011
"Lichter auf den Tannenspitzen",NULL,2021
"Lichter der Kleinstadt",NULL,2009
"Lichterglanz im Herzen",NULL,2010
"Lichterkettensägenmassaker","Orig.-Ausg., 1. Aufl.",2012
"Lichterloh","Originalausgabe, 1. Auflage",2016
"Lichterschein & Tannenduft",NULL,2022
"Lichter Wahn Sinn","1. Aufl.",2013
"Lichtlos",NULL,2010
"lichtstreifen",NULL,2023
"Licht über der Schattenstadt und andere Geschichten","1. Aufl.",2010
"Licht und Schatten unterm weißblauen Himmel",NULL,2012
"Lichtvolle Momente","1. Auflage",2016
"Liebe","1. Aufl.",2014
"Liebe - 3 Geschichten, 3 Frauen, 1 Stadt","1. Auflage",2018
"Liebe als Lebenselixier","1. Aufl.",2014
"Liebe am Main","1. Aufl.",2008
"Liebe blaue graue Nacht","1. Auflage",2020
"Liebe bringt die Welt zum Leuchten",NULL,2015
"Liebe deine Toten","1. Auflage",2018
"Liebe Freundin",NULL,2008
"Liebe gehört zum Handwerk","1. Auflage",2016
"Liebe geht oft seltsame Wege","1. Aufl.",2010
"Liebe, Glaube, Hohngelächter","1. Auflage",2021
"Liebe hat ihren Preis",NULL,2011
"Liebe Heimat","1. Auflage",2016
"Liebe heute",NULL,2009
"Liebe im hohen Gras","1. Auflage dieser Ausgabe",2022
"Liebe im Winter","1. Auflage",2016
"Liebe in Zeiten der Prostata und andere Geschichten",NULL,2012
"Liebe ist der Weg","1. Aufl.",2013
"Liebe ist ewig doch nicht immer beständig","1. Auflage",2021
"Liebe ist Gewühle",NULL,2010
"Liebe könnte so einfach sein! Oder?",NULL,2011
"Liebe, lebenslänglich","1. Auflage",2015
"Liebe, Leidenschaft und andere Katastrophen","1. Auflage",2020
"Liebe, Licht der Welt",NULL,2009
"Liebe, Lust und ... Fahrstühle",NULL,2015
"Liebe macht doof",NULL,2011
"Liebe Mama",NULL,2013
"Liebe mich!",NULL,2014
"Liebe, Mord und andere Fälle",NULL,2016
"Liebe, Mord und Totschlag",NULL,2010
"Liebe, Mut und kostbare Perlen","1. Auflage",2020
"Liebende ... auf Mindestabstand",NULL,2020
"Liebe(n) & Tod(e)",NULL,2022
"Lieben und Leiden im Schwarzenburgerland",NULL,2021
"Lieben und lieben lassen","Originalausgabe, Erstdruck",2016
"Liebe ohne Kompromisse","1. Auflage",2019
"Liebe, Rache und Llokuma ",NULL,2016
"Lieber Blumen.",NULL,2011
"Liebesarten","Genehmigte Taschenbuchausg., 1. Aufl.",2009
"Liebesarten und andere Geschichten vom Leben","1. Auflage",2017
"Liebesbriefe sind keine Rechnungen",NULL,2015
"Liebesfacetten","Taschenbuchausgabe, 1. Auflage",2016
"Liebesfluchten","1. Aufl.",2009
"Liebesgeflimmer","1. Auflage",2023
"Liebesgefühle und andere Geschichten","Erste bearbeitete Ausgabe",2020
"Liebesgeschichten",NULL,2012
"Liebesgeschichten aus Bad Kissingen","1. Auflage",2023
"Liebesgetaumel","1. Auflage",2020
"Liebesglück",NULL,2017
"Liebesglück unter italienischer Sonne",NULL,2020
"Liebesgrüße aus Mostrich","1. Auflage",2018
"Liebesgschichten und Scheidungssachen",NULL,2020
"Liebeslänglich",NULL,2010
"Liebesleute",NULL,2011
"Liebesmüh mal drei","1. Auflage",2022
"Liebe so groß, so klein","1. Aufl.",2011
"Liebes Paar","1. Aufl.",2014
"Liebesperlen","1. Auflage",2018
"Liebesrausch & Bettentausch","1. Auflage, vollständige Ausgabe, Originalausgabe",2023
"Liebesschloss","Originalausgabe",2018
"Liebesschmerz",NULL,2009
"Liebesspiel",NULL,2008
"Liebe, Staunen, Nebelfelder","1. Auflage",2023
"Liebes Werben","1. Aufl.",2008
"Liebeszeichen über diesen neuen Tagen","Ausg. 2009",2009
"Liebe, Tod & Sünde",NULL,2019
"Liebe und andere Verdrießlichkeiten",NULL,2018
"Liebe und Mord in deiner Nähe",NULL,2020
"Liebe und Schmerz und der ganze verdammte Kram","1. Auflage",2018
"Liebe und unsere Fehler sind die besten Lehrer des Lebens","1. Aufl.",2015
"Liebe und Verrat im Paradies","1. Auflage",2018
"Liebe, Verrat und Tod",NULL,2019
"Liebhaberinnen","Orig.-Ausg., 1., Aufl.",2011
"Liebliche Wesen - ein Traum?","1. Aufl.",2014
"Lieblings.Geschichten","1. Auflage",2020
"Liebst Du mich, ich liebe Dich","Sonderausgabe, erste Auflage dieser Ausgabe",2017
"Liederbacher Dorfpoeten","1. Auflage",2019
"Lies dich schlank!","1. Aufl.",2015
"Lies die Biber","1. Aufl.",2014
"Liese","1. Auflage",2015
"Lila ist die Farbe der Zuversicht",NULL,2015
"Lilíth, eine Metamorphose",NULL,2011
"Lilja und ihre Steine","1. Aufl.",2012
"Lilly sucht ihr inneres Licht","1. Auflage",2021
"Limit","1. Auflage",2016
"Lindenreiter",NULL,2016
"Lingua franca",NULL,2019
"LINKShändig","1. Aufl.",2014
"Links vom Polarstern",NULL,2008
"Linz-Orte",NULL,2013
"Lippisches Panoptikum","1. Auflage",2018
"Lisbeth lässt sich nicht unterkriegen","1. Auflage",2020
"Lit. Berlin-Marathon",NULL,2013
"Literaresch Welten",NULL,2012
"Literarische Pantomimen",NULL,2012
"Literarischer Adventskalender","1. Aufl.",2010
"Literarische Spätlese",NULL,2014
"Literarische Wanzen",NULL,2014
"Literaten auf Achse",NULL,2015
"Literatur DUO Letterario 2022","1. Auflage",2022
"Literatur DUO Letterario 2023","1. Auflage",2023
"Literatur im Museum",NULL,2012
"Literaturland Oberösterreich","1. Auflage",2015
"Literaturpreis Mecklenburg-Vorpommern 2016","1. Auflage",2017
"Literatur sichten",NULL,2021
"Literatur Tandem letterario -2021","1. Auflage",2021
"Literatur trifft Kunst im Europa-Skulpturenpark Beratzhausen","1. Auflage",2019
"Literaturwegen","1. Aufl.",2011
"LIVE OR DIE MAG","1. Auflage",2022
"Liw erzählt ...","1. Aufl.",2012
"Lizenz zum Tröten","1. Auflage",2018
"Loch in dünner Zeit",NULL,2020
"Lodynski's Flohmarkt","1. Auflage",2016
"Lodzer Texte. Retusche",NULL,2010
"Logbuch für Venedig oder Bündnis Christine de Pizan","1. Auflage",2020
"Logographien",NULL,2014
"Lombok - Es war einmal ...","Erste Auflage",2018
"Look out kid","Ungekürzte Ausgabe im Ullstein Taschenbuch, 1. Auflage",2022
"Loosli für die Jackentasche","1. Aufl.",2010
"Loot dat Zicken!","1. Upl.",2011
"Lord Arthur Saviles Verbrechen","1. Aufl.",2008
"Lores Allerlei des Lebens",NULL,2011
"Lose","1. Auflage",2019
"Lose Blätter","1. Auflage",2019
"Los-Geschichten","1. Aufl.",2011
"Loslassen",NULL,2023
"Los Momentos","1. Aufl.",2014
"Lost Paradise","1. Auflage",2022
"Lost Stories","1. Auflage",2023
"Lothar B. liebt Sylvia K. und den Alkohol",NULL,2023
"Lou & Jace","1. Auflage",2019
"Love","1. Aufl.",2013
"LOVE &amp; ROMANCE &amp; MYSTERY","1. Auflage",2022
"Love is hell ... und wir auch","Orig.-Ausg.",2008
"Lovely Skye","Deutsche Erstveröffentlichung, 1. Auflage",2016
"Love Me Harder",NULL,2017
"Love me - Like nobody's watching",NULL,2022
"Love me, Tinder",NULL,2015
"Lovisa",NULL,2008
"Löwenweisheit","1. Auflage",2021
"Löwenzahn und Marzipan",NULL,2008
"Lübecker Geschichte(n)","1. Aufl.",2012
"Luce",NULL,2009
"Luckau erzählt von A bis Z",NULL,2021
"Lückentexte",NULL,2012
"Luder sind mir willkommen",NULL,2014
"Ludewig","1. Aufl.",2013
"L͏ü͏ëgen un anner Waorhaiten",NULL,2022
"Luft",NULL,2009
"Luft, die ich atme","1. Auflage",2019
"Luft gibt's überall - aber atmen kannste nur hier","1. Aufl.",2011
"Luftpost","1. Aufl.",2011
"Luftschlösser","1. Aufl.",2012
"Lügenband",NULL,2012
"Lügen über Länder und Leute",NULL,2011
"Lügen wie gedruckt","1. Aufl.",2014
"Lug und Trug",NULL,2012
"Luise im Schnee",NULL,2010
"Luise wird achtzig","1. Auflage",2020
"Luis & Luis",NULL,2012
"Lunar Las Vegas -- Major Luke",NULL,2020
"Lust auf dich","Orig.-Ausg., vollst. Taschenbuchausg., 1. Aufl.",2012
"Lust auf Dorf?",NULL,2014
"Lust auf ihn",NULL,2009
"Lüsternes Verlangen","1. Auflage, vollständige Taschenbuchausgabe, Originalausgabe",2023
"Lust extrem","1. Aufl.",2011
"Lust hoch 3","1. Aufl.",2010
"Lustige Feuerwehrgeschichten","1. Aufl.",2008
"Lustige Geschichten für Hundefreunde",NULL,2008
"Lustige Geschichten in Erzgebirgischer Mundart","1. Aufl.",2008
"Lustige Geschichten von großen und kleinen Menschen",NULL,2010
"Lustige, traurige, gruselige Geschichten 2003-2017",NULL,2019
"Lustige und andere Geschichten",NULL,2008
"Lustpunkte","Orig.-Ausg., vollst. Taschenbuchausg., 1. Aufl.",2012
"Lust und Last des Alterns",NULL,2015
"Lust und Leid und Liebesklagen",NULL,2011
"Lust und Liebe im Internat",NULL,2015
"Lustvoll","1. Auflage",2018
"Lustvolles für einsame Stunden","1. Auflage, vollständige Taschenbuchausgabe, Originalausgabe",2019
"Lustvoll schwanger!","1. Aufl.",2011
"Lustwandel","Erstauflage",2009
"Luter lüttje Begebenheiten",NULL,2011
"Lütte Schieter schietern Schiete","1. Auflage",2020
"Luzie wartet",NULL,2008
"Luzifers Geliebte","1. Aufl.",2011
"Lyrik bringt´s","1. Aufl.",2011
"Lyrik mit Biss","1. Auflage",2016
"Lyrische Kopfgeburten","1. Aufl.",2014
"Lyrische Stunden",NULL,2010
"Mäandern","Orig.-Ausg., 1. Aufl.",2014
"mach doch airbnb","1. Auflage",2023
"Machen wir es wie Miss Marple! -1","1. Auflage",2022
"Machen wir es wie Miss Marple - 2","1. Auflage",2022
"Machet gut, Schwatte!","1. Auflage",2017
"Mach keine Geschichten!",NULL,2008
"Mach mich geil!","Orig.-Ausg., vollst. Taschenbuchausg., 1. Aufl.",2010
"Mach mich gierig!","Orig.-Ausg., vollst. Taschenbuchausg., 1. Aufl.",2009
"Mach mich heiß!","Orig.-Ausg., 1. Aufl.",2009
"Mach mich heiss, Vampir!","1. Auflage, vollständige Taschenbuchausgabe, Originalausgabe",2020
"Mach mich nass!","1. Auflage, vollständige Taschenbuchausgabe, Originalausgabe",2023
"Mach mich scharf!","Orig.-Ausg., vollst. Taschenbuchausg., 1. Aufl.",2008
"Mach mich wild!","Orig.-Ausg., vollst. Taschenbuchausg., 1. Aufl.",2009
"Mach mir bloß k(l)eine Geschichten!",NULL,2012
"Mach mit mir, was du willst!","1. Auflage, vollständige Taschenbuchausgabe, Originalausgabe",2022
"Machos, Macheten & Mojitos","1. Auflage",2017
"Mach's Maul auf!",NULL,2013
"Machs mir","1. Auflage, vollständige Taschenbuchausgabe, Originalausgabe",2020
"Machs mir geil und heiss","1. Auflage, vollständige Taschenbuchausgabe, Originalausgabe",2021
"Machs mir hart","1. Auflage, vollständige Taschenbuchausgabe, Originalausgabe",2021
"Machs mir hart und zart","1. Auflage, vollständige Taschenbuchausgabe, Originalausgabe",2021
"Machs mir immer und überall","1. Auflage, vollständige Taschenbuchausgabe, Originalausgabe",2020
"Machs mir immer wieder","1. Auflage, vollständige Taschenbuchausgabe, Originalausgabe",2021
"Machs mir immer wieder wild","1. Auflage",2023
"Machs mir jetzt","Vollständige Taschenbuchausgabe, Originalausgabe",2020
"Machs mir jetzt und hier","1. Auflage, vollständige Taschenbuchausgabe, Originalausgabe",2021
"Machs mir jetzt und richtig","1. Auflage, vollständige Taschenbuchausgabe, Originalausgabe",2021
"Machs mir noch mal","1. Auflage, vollständige Taschenbuchausgabe, Originalausgabe",2020
"Machs mir noch mal wild","1. Auflage, vollständige Taschenbuchausgabe, Originalausgabe",2022
"Machs mir noch mehr","1. Auflage, vollständige Taschenbuchausgabe, Originalausgabe",2020
"Machs mir richtig geil","1. Auflage, vollständige Taschenbuchausgabe, Originalausgabe",2020
"Machs mir richtig hart","1. Auflage, vollständige Taschenbuchausgabe, Originalausgabe",2021
"Machs mir richtig wild","1. Auflage, vollständige Taschenbuchausgabe, Originalausgabe",2022
"Machs mir wild","1. Auflage, vollständige Taschenbuchausgabe, Originalausgabe",2021
"Machs mir wild & heftig","1. Auflage, vollständige Taschenbuchausgabe, Originalausgabe",2022
"Machs mir wild und geil","1. Auflage, vollständige Taschenbuchausgabe, Originalausgabe",2023
"Machs mir wild und hart","1. Auflage, vollständige Taschenbuchausgabe, Originalausgabe",2022
"Machs mir wild und überall","1. Auflage, vollständige Taschenbuchausgabe, Originalausgabe",2023
"Machs mir wild und zart","1. Auflage, vollständige Taschenbuchausgabe, Originalausgabe",2022
"Mach's noch mal","Orig.-Ausg., 1. Aufl.",2014
"Macht der Sinne","1. Auflage, vollständige Taschenbuchausgabe, Originalausgabe",2020
"macht Geschichten",NULL,2022
"Macht, Gier, Hunger","1. Auflage",2018
"Macht nix!","1. Aufl.",2012
"Machtschattenspiele","1. Auflage",2018
"Macht Sex Spaß?","Orig.-Ausg., 1. Aufl.",2012
"Madam Dorims kleine Gute-Nacht-Geschichten",NULL,2012
"Madame Lolitas lustvoll lyrisch lausiges Lesebuch","1. Auflage",2018
"Mädchen","1. Aufl.",2013
"Mädchenklo","1. Auflage",2015
"Mädchen vor dem Fenster","1. Auflage",2021
"Madonna, ein Blonder!","Orig.-Ausg.",2012
"Madrigal","Originalausgabe",2021
"Mafia Daddies","1. Auflage",2018
"Maghrebinische Geschichten",NULL,2011
"Magical stories","1. Auflage",2020
"Magic future money","1. Auflage",2021
"Magic Stories",NULL,2018
"Magie",NULL,2021
"Magie der Nacht und andere Geschichten",NULL,2015
"Magie des Lesens",NULL,2021
"Magie und Sternenstaub",NULL,2019
"Magische Geschichten","1. Aufl.",2013
"Magische Kurzgeschichten","1. Auflage, Originalausgabe",2016
"Magische Kurzgeschichten Band 8 - Frühlings-Erwachen","1. Auflage",2019
"Magische Schattenwelten","Originalauflage, 1. Auflage",2023
"Magisches Weihnachten",NULL,2018
"Magische Versuche",NULL,2009
"Magische Weihnachten","1. Auflage",2021
"Magische Weine","1. Aufl.",2012
"Magische Wende",NULL,2020
"Magritte","1. Aufl.",2012
"Magst du die Nacht?","Originalausgabe",2023
"Mäh!","Orig.-Ausg., 1. Aufl.",2013
"Maiglocken-Pesto und Grinsefalten",NULL,2023
"Mai-Kätzchen - Abenteuer auf vier Pfoten",NULL,2016
"Main Genuss","1. Auflage",2021
"Mainhattan love",NULL,2022
"Mainufer","1. Auflage",2021
"Mainzauber","1. Aufl.",2014
"Makellose Männer","1. Auflage",2019
"Maknova Gazette -Sonderausgabe-","1. Auflage",2019
"Mal ausspannen oder Ausflug ins Grüne",NULL,2011
"Malediven - Ein erotisches Wiedersehen",NULL,2023
"Malerische NATUR und Geschichten (Tischkalender 2017 DIN A5 quer)","1. Édition 2016",2016
"Malerische NATUR und Geschichten (Wandkalender 2017 DIN A2 quer)","1. Édition 2016",2016
"Malerische NATUR und Geschichten (Wandkalender 2017 DIN A3 quer)","1. Édition 2016",2016
"Malerische NATUR und Geschichten (Wandkalender 2017 DIN A4 quer)","1. Édition 2016",2016
"Mal ernst, mal heiter",NULL,2017
"Malheur",NULL,2023
"Malheur-Geschichten",NULL,2019
"Malinois","1. Auflage",2019
"Mallorca","Erstausg.",2013
"Mallorca Chili","1. Auflage",2020
"MALLORCA – GELIEBTE INSEL","1. Auflage",2019
"Mallorca is different","1. Auflage",2019
"Mallorca Mediterra","1. Auflage",2021
"Mal nett, mal weniger","1. Auflage",2016
"Mal oben, mal unten, wie das Leben so spielt",NULL,2008
"Malteros",NULL,2023
"Mal witzige Kurzgeschichten, mal auch nicht, mal tierische",NULL,2019
"Mama hält mich fest, wenn ich lache","1. Auflage",2019
"Mamas Kuschelkissen",NULL,2014
"Mama und Papa hatte ich nicht, ich musste Renate und Eberhard sagen",NULL,2018
"Mama Weihnachtsmann und andere Geschichten",NULL,2008
"Mamma mia","Originalausgabe, 1. Auflage",2018
"Management-Geschichten","1. Aufl.",2009
"Manatoa","1. Auflage",2016
"Manche Frösche muss man 2x küssen","Erste Auflage",2022
"Manche lachen auch gar nicht mehr!",NULL,2019
"Manchmal braucht man einen Engel",NULL,2014
"Manchmal eine Stunde, da bist du",NULL,2017
"Manchmal hilft nur Mord",NULL,2008
"Manchmal ist das Schicksal gnädig ...",NULL,2023
"Manchmal ist das Schicksal schneller ...",NULL,2012
"Manchmal jaulen, manchmal tanzen wir","1. Auflage",2021
"Manchmal lüge ich und manchmal nicht",NULL,2011
"Manchmal muss es Mord sein",NULL,2016
"Manchmal spreche ich mit Gott",NULL,2012
"Manchmal waren sie schwarz","1. Aufl.",2013
"Manchmal war es auch sehr schön","Orig.-Ausg., 1. Aufl.",2013
"Manchmal war es Liebe",NULL,2012
"Mandala Sammelband 50 Mandala Motive zum Ausmalen - Wilde Tiere","1. Auflage",2023
"Manfred-Kyber-Reihe",NULL,2009
"Manfred Rommels schwäbisches Allerlei",NULL,2008
"Mängelexemplare: am Ende der Zeit",NULL,2023
"Mängelexemplare: das Familienvermächtnis",NULL,2023
"Mängelexemplare: Dystopia","1. Aufl.",2014
"Mängelexemplare: haunted",NULL,2015
"Mängelexemplare: heimgesucht","1. Auflage",2017
"Mängelexemplare: hinter den Fenstern",NULL,2023
"Manhattan crime","Orig.-Ausg., 1. Aufl.",2015
"Manhattan moments","Orig.-Ausg.",2009
"Manhattan tender","Orig.-Ausg., 1. Aufl.",2014
"Man höre und staune!",NULL,2011
"Man kann auch ohne Kinder keine Karriere machen","Originalausgabe",2023
"Man kann im Leben gar nicht genug verpassen","1. Aufl.",2011
"Man kann sich auch wortlos aneinander gewöhnen das muss gar nicht lange dauern",NULL,2010
"Man mott sick blaoß to helpen wiëtten",NULL,2011
"Man müsste mehr ans Meer","1. Aufl.",2015
"Männer, die nach Liebe suchen","Erstveröff.",2011
"Männerfantasien der besonderen Art","Taschenbuchausgabe",2021
"Männer. Frauen. Tage. Nächte","1. Aufl.",2009
"Männer, Frauen und andere Biester",NULL,2016
"Männer-Geschichten",NULL,2010
"Männergeschichten 3","1. Auflage",2018
"Männer im Leben",NULL,2010
"Männer in Kamelhaarmänteln","1. Auflage",2020
"Männerküsse","Orig.-Ausg.",2010
"Männer mit Dutt und andere Verhütungsmittel","1. Auflage",2019
"Männer morden sanfter",NULL,2011
"Männer und Frauen",NULL,2009
"Mann + Frau=Problem",NULL,2017
"Mannheimer Brezel-Geschichten und -Verse",NULL,2013
"Mannheimer Sagen und Geschichten",NULL,2015
"Mann mit Hut","1. Auflage",2017
"Mann-O-Mann, Frau-O-Frau","1. Aufl.",2013
"Mann schmeisst Hund auf Bär","Originalausgabe",2018
"Mann und Maus",NULL,2009
"Man schließt nur kurz die Augen",NULL,2008
"Mantapoint",NULL,2008
"Mantelprobe","1. Aufl.",2015
"Manuela - Karibikkrimi","1. Auflage",2023
"Marburger Geschichten","1. Auflage",2023
"Märchen aus 1001 Nacht Update 1.1",NULL,2017
"Märchenbuch, es war einmal ...",NULL,2010
"Märchen, Erzählungen, Gedichte",NULL,2010
"Märchen, Fabeln, Sagen und andere Erzählungen",NULL,2013
"Märchenhaft",NULL,2011
"Märchenhafte Lichtblicke",NULL,2018
"Märchenhafte Nächte in Uromas Traumbett","Orig.-Ausg., 1. Aufl.",2012
"Märchenhafte Realitäten",NULL,2009
"Märchenhafte Schatzkiste - Anthologie","1. Auflage",2016
"Märchenhaftes, Phantastisches, Sanftes, Dummes, Zärtliches, Liebes, Realistisches, Kritisches, Historisches, Ironisches, Authentisches, Grausames von und über den Wolf",NULL,2019
"Märchenhaftes (um) Lübbenau",NULL,2016
"Märchenhafte un(d)glaubliche Geschichten",NULL,2022
"Märchen im Gepäck - Hakayat fi Haqibati","1. Auflage",2018
"Märchen im Reim","Erste Auflage",2021
"Märchenland","1. Aufl.",2011
"Märchenprinzen küsst man nicht und andere Gedichte und Geschichten","1. Auflage",2015
"Märchenreichliche Geschichten",NULL,2012
"Märchen, Sagen und andere Geschichten aus dem Land Tussi (in Togo)",NULL,2017
"Märchen, Sagen und Geschichten aus dem Lipperland","1. Aufl.",2010
"Märchen über verborgene Schätze","Erste Auflage",2023
"Märchen und Erzählungen",NULL,2012
"Märchen und Erzählungen der digitalen Ethik","1. Auflage",2021
"Märchen und Erzählungen zur Weihnachtszeit",NULL,2019
"Märchen und fantastische Geschichten","1. Auflage",2023
"Märchen und Geschichten","1. Auflage",2022
"Märchen und Geschichten der Beduinen im Sinai",NULL,2013
"Märchen und Geschichten der Hoffnung in Zeiten des globalen Wandels","Auflage 323",2020
"Märchen und Geschichten zum globalen Wandel","Auflage 317",2020
"Märchen und Geschichten zur Weihnachtszeit von Andersen bis Ringelnatz",NULL,2013
"Märchen und Geschichten zur Winterzeit",NULL,2015
"Märchen und Legenden",NULL,2015
"Märchen- und sagenhafte Geschichten rund um Teltow",NULL,2022
"Märchen, Verbrecher und Füchse",NULL,2010
"Märchen vom Reißaus","1. Aufl.",2014
"Märchenwelt","1. Auflage",2021
"Märchen zum Schutz des Erdengartens/Hoffnung für den Erdengarten","Auflage 330",2020
"Marga ritt","Deutsche Erstausgabe",2022
"Maria, ihm schmeckt's nicht!","Sonderausg., 1. Aufl.",2009
"Marianne und weitere Erzählungen",NULL,2021
"Maria Walewska","1. Auflage",2023
"Mariella Mehr - Widerworte","1. Auflage",2017
"Maries zauberschöne Kurzgeschichten","1. Auflage",2022
"Marilyn",NULL,2023
"Mario Otto - Gesammelte Werke - BAND 1","1. Auflage",2021
"Mario Otto - Gesammelte Werke - BAND 2","1. Auflage",2021
"Mario Otto - Gesammelte Werke - BAND 2 - Alle Kurzgeschichten, Märchen, Gedichte und Erzählungen","1. Auflage",2020
"Mário Peixoto: Sechs Erzählungen","1. Auflage",2018
"Mariposa, Geschichten aus der Nachbarschaft",NULL,2013
"Maritime Erzählungen","1. Auflage",2016
"maritime gelbe Reihe bei Jürgen Ruszkowski/Der Schiffszimmermann und Der Walfischfänger und Das Wrack Drei Erzählungen aus der Seefahrt des 19. Jahrhunderts - Band 162e in der maritimen gelben Buchreihe bei Jürgen Ruszkowski - Farbe","1. Auflage",2021
"maritime gelbe Reihe bei Jürgen Ruszkowski/Erinnerungszauber - Heitere und besinnliche Kurzgeschichten und lyrische Texte, auch zum Vorlesen - Band 38e farbig in der gelben Buchreihe bei Jürgen Ruszkowski","1. Auflage",2020
"maritime gelbe Reihe bei Jürgen Ruszkowski/Kleine Sonnenstrahlen - Heitere und besinnliche Kurzgeschichten, auch zum Vorlesen - Band 27e farbig in der gelben Buchreihe bei Jürgen Ruszkowski","1. Auflage",2020
"maritime gelbe Reihe bei Jürgen Ruszkowski/Winter- und Weihnachtstexte - Weihnachtliche Kurzgeschichten und lyrische Texte, auch zum Vorlesen - Band 43e farbig in der gelben Buchreihe bei Jürgen Ruszkowski","1. Auflage",2020
"Maritime Geschichten","1. Aufl.",2009
"Märkische Geschichten","Orig.-Ausg., 1. Aufl.",2008
"Mark Twain - ein Amerikaner in Heidelberg",NULL,2015
"Marla Meerlicht … und die Reise beginnt",NULL,2011
"Märlein & Gespönnsel",NULL,2022
"Marlene and me","1. Auflage",2018
"Marlen Haushofer: Die gesammelten Romane und Erzählungen","1. Auflage, Kritische Ausgabe, neue Ausgabe, Mit Anmerkungen versehene Ausgabe, Ungekürzte Ausgabe, kritische Ausgabe, annotierte Ausgabe, ungekürzte Ausgabe",2023
"Marodes im Detail (Tischkalender 2014 DIN A5 quer)","1., Auflage 2013",2013
"Marodes im Detail (Wandkalender 2014 DIN A3 quer)","1., Auflage 2013",2013
"Marodes im Detail (Wandkalender 2014 DIN A4 quer)","1., Auflage 2013",2013
"Marokkanische Geschichten","Orig.-Ausg.",2011
"Marrakesch","1. Aufl.",2012
"Marshmallows auf der Haut","1. Auflage",2021
"Marslandschaften","Originalausgabe, Erste Auflage",2020
"Mars Ultor","1. Auflage",2022
"Marthe Lochers Erzählungen","1. Auflage",2019
"Martin","1. Aufl.",2011
"Martins Inselliebe",NULL,2011
"Mary oder Die Nacht der Frauen","1. Auflage",2016
"Marzahn mon amour","1. Auflage",2019
"Märzwind",NULL,2012
"Mascarade",NULL,2016
"Maschine kapuuut und andere Kurzgeschichten",NULL,2019
"Maschinen","1. Auflage, deutsche Erstveröffentlichung",2018
"Maserungen",NULL,2022
"Masken","1. Aufl.",2013
"MasSagenHafte Geschichten","1. Auflage",2017
"Massage: wie im Himmel",NULL,2011
"Massaker in RobCity","1. Auflage",2019
"Maßarbeit Gottes und weitere Erzählungen",NULL,2012
"Massige Frauen gesucht","1. Aufl.",2010
"Maßstäbe","1. Auflage",2017
"Mataruas Vermächtnis",NULL,2011
"Mathias","1. Auflage",2020
"Mathilde, Felix und ein Hund","1. Aufl.",2011
"Matrjoschka!","1. Auflage",2023
"Matthias Lang","1. Aufl.",2010
"Mauern",NULL,2009
"Mauro und andere Kurzgeschichten",NULL,2023
"Mäusefest",NULL,2017
"Mäuseköttel ... und andere durchaus ernsthafte Erzählungen","1. Auflage",2020
"Max Prosa",NULL,2018
"Max und Moritz",NULL,2011
"MAYBE forever",NULL,2021
"Maybe someday - Liebe ist nicht genug",NULL,2021
"Maybe this time - Liebe findet einen Weg",NULL,2020
"McSorley’s wonderful saloon",NULL,2011
"Medizin und Wahnsinn","Orig.-Ausg.",2009
"Meeresblau mit Sommersprossen","Erste Auflage",2023
"Meeresrauschen",NULL,2008
"Meeresungeheuer im Salzhaff","1. Aufl.",2008
"Meerglas","1. Auflage",2020
"Meergrüne Augen",NULL,2008
"Meer Jung Frau",NULL,2015
"Meermädchen und Sternensegler","Orig.-Ausg.",2015
"Meer & mehr",NULL,2017
"Meer Morde",NULL,2023
"MeerZeit",NULL,2019
"Mehr als du siehst","1. Aufl.",2009
"Mehr Bella!","1. Auflage",2018
"Mehr Blick","1. Aufl.",2013
"Mehr erotische Geschichten mitten aus dem Leben","1. Auflage, vollständige Taschenbuchausgabe, Originalausgabe",2021
"Mehr geile Stiefmütter","1. Auflage, vollständige Taschenbuchausgabe, Originalausgabe",2022
"Mehr Geschichten von drüben",NULL,2011
"Mehr heisse Gute-Nacht-Geschichten","1. Auflage, vollständige Taschenbuchausgabe, Originalausgabe",2020
"Mehr Liebe","1. Aufl.",2010
"Mehr Lustvolles für einsame Stunden","1. Auflage, vollständige Taschenbuchausgabe, Originalausgabe",2021
"Mehrstimmig",NULL,2021
"Mehr Urlaub auf hoher See",NULL,2012
"Mehr Welterklärer und andere Wegeriche","1. Aufl.",2014
"Mehr Zuhause als ich",NULL,2017
"Mein 151. Geburtstag","1. Aufl.",2013
"Mein Altai",NULL,2019
"Mein Augenzugesicht",NULL,2012
"Mein außerirdischer Liebhaber",NULL,2009
"Mein Bergdorf gleich unterm Himmel",NULL,2010
"Mein Besuch bei Ernst Jünger",NULL,2019
"Mein bewegtes Leben",NULL,2008
"Mein Bruder schiebt sein Ende auf","1. Aufl.",2012
"Mein Czernowitz","1. Auflage",2018
"Meine 500 besten Freunde","1. Aufl.",2013
"Meine Anekdoten zur Rhetorik des Lebens","1. Aufl.",2008
"Meine beste Freundin","1. Auflage",2017
"Meine Besten","1. Auflage",2020
"Meine bunte Stadt",NULL,2017
"Meine Corgis und ich",NULL,2014
"Meine Donau",NULL,2018
"Meine einzige Frau",NULL,2023
"Meine erste Liebe und andere Geschichten aus Deutschland",NULL,2012
"Meine Erzählungen",NULL,2020
"Meine Freundin Isabell","1. Auflage",2022
"Meine Fußpflegerin stellt Fragen an das Universum","1. Aufl.",2015
"Meine ganz verrückte Märchenwelt",NULL,2017
"Meine Gedanken auf Papier",NULL,2016
"Meine gesammelten Werke","1. Auflage",2020
"Meine Geschichten","1. Auflage",2023
"Meine Heimat - deine Heimat",NULL,2014
"Meine Heimat - Kleinmachnow","1. Auflage",2020
"Meine Heimlichkeiten","Originalausgabe",2016
"Meine Hölle, die du nicht siehst","Originalausgabe",2017
"Meine Katzen-Affäre","1. Auflage",2018
"Meine Katze ... und ich",NULL,2022
"Meine Kinderjahre",NULL,2010
"Meine Kühe können fliegen","1. Aufl.",2014
"Meine Kur und ihre Schatten","1. Auflage",2021
"Meine Kurzgeschichten","1. Auflage",2017
"Meine Lebenswende",NULL,2014
"Meine Liebesinsel","Orig.-Ausg.",2013
"Meine Lust ist Leben","1. Aufl.",2011
"Meine Macke gehört mir!!",NULL,2019
"Meine Menschen","1. Aufl.",2013
"Meine Milchzahn-Geschichten","1. Auflage, neue Ausgabe",2016
"Meine Mutter, ihre Katze und der Staubsauger","1. Auflage, Erstveröffentlichung",2016
"Meine Mutter ... und ich","Erstauflage",2023
"Meine Mutter weinte, als Stalin starb","1. Aufl.",2013
"Meine Mutter zu Wasser und zu Lande","1. Aufl.",2010
"Mein Engel Fritz und Geschichten aus meinem Leben","1. Auflage",2017
"Meine nicht [durchgestrichen] jüdischen Geschichten",NULL,2020
"Meine Puppenkinder und ihre Geschichten",NULL,2008
"Mein erster Schultag .... und was dann noch geschah",NULL,2020
"Mein erstes Pfeifkonzert","1. Auflage",2017
"Meine schöne Schwester",NULL,2013
"Meine Sekretärin und Annachiara","1. Aufl.",2010
"Meines Großvaters Dorf",NULL,2011
"Meines Großvaters Märchen","1. Auflage",2021
"Meine stille Nacht",NULL,2022
"Meine südhessischen Weihnachtsgeschichten","1. Auflage",2020
"Meine Teneriffa-Geschichten",NULL,2008
"Meine tierische Familie","1. Aufl.",2010
"Meine verfickte Inzestfamilie","1. Auflage, vollständige Ausgabe, Originalausgabe",2019
"Meine wildesten Tinder Dates","1. Auflage, vollständige Taschenbuchausgabe, Originalausgabe",2022
"Meine wundervolle Weihnachtsmischung","1. Auflage",2022
"Meine Zeit als Unteroffizier","1. Auflage",2022
"Meine Zeit, deine Zeit",NULL,2012
"Meine Zeit hat viele Farben","1. Auflage",2020
"Meine Ziegenrücker Geschichten oder: Fünfzehn Jahre in Ziegenrück",NULL,2016
"Mein Franken-Buch","Originalausgabe, 1. Auflage",2016
"Mein Freund, der Baum","1. Aufl.",2011
"Mein Freund, der Herr Augustin",NULL,2018
"Mein Freund Jupp",NULL,2008
"Mein gedeckter PoeTisch","1. Aufl.",2011
"Mein geiles Geheimnis . erotische Geschichten","1. Auflage, vollständige Taschenbuchausgabe, Originalausgabe",2023
"Mein Gotland","1. Auflage",2020
"Mein Gott, was tust du!",NULL,2009
"Mein Großvater besucht mich",NULL,2015
"Mein Großvater und seine Geschichten","1. Auflage",2017
"Mein Handatlas",NULL,2022
"Mein Harem","Erstausg., 1. Aufl.",2009
"Mein Herz am Meer","Originalausgabe",2016
"Mein Hundejahr mit Ruby","Orig.-Ausg.",2008
"Mein Hund hat Burnout","1. Auflage",2021
"Mein Hund heißt Nein!","Großdruck, 1. Auflage",2017
"Mein Hund, mein Psychiater und ich","1. Auflage",2018
"Mein Hund ... und ich","Erstauflage",2021
"Mein Ich und sein Leben","1. Aufl.",2015
"Mein Industrieviertel","1. Auflage",2017
"Mein Jahr 2021 mit SWR1 Hits & Storys","1. Auflage",2020
"Mein Jahr in Geschichten","1. Auflage",2020
"Mein kalter Bruder Januar",NULL,2022
"Mein Kinderland",NULL,2014
"Mein Kopf, das Buch und ich",NULL,2014
"Mein Kopf lässt mich nicht in Ruh",NULL,2023
"Mein Körper weiß alles",NULL,2011
"Mein Leben im Altenheim",NULL,2010
"Mein Leben im Dschungel","Erste Auflage",2015
"Mein letzter Flug","1. Auflage",2021
"Mein letztes Buch","1. Auflage",2016
"Mein Lieblingsmensch",NULL,2022
"Mein Lieblingstier ... und ich","Erstauflage",2023
"Mein lila Hut",NULL,2010
"Mein Mann und ich","1. Aufl.",2011
"Mein Märchenbaum in den Zeiten und Welten",NULL,2022
"Mein Mostviertel","Erstausg.",2015
"Mein Nachbar, der König",NULL,2012
"Mein Nachbar mit der großen Latte",NULL,2018
"Mein Nachbar Urs",NULL,2014
"Mein Name ist Bender, Hans Bender","1. Auflage",2021
"Mein Name ist Jacey, die Hauskatze","Erstaufl.",2013
"Mein schmutziges Hobby","1. Auflage, vollständige Taschenbuchausgabe, Originalausgabe",2021
"Mein sensationeller Riesengewinn",NULL,2017
"Mein Sonntag in Münster",NULL,2017
"(M)ein Stein","1. Aufl.",2010
"Mein Stern wird nie vergehen!",NULL,2010
"Mein Trabi und ich",NULL,2008
"Mein Trauerbuch","Erstauflage",2017
"Mein ungewöhnliches Leben","1. Aufl.",2014
"Mein unsortiertes Tagebuch",NULL,2019
"Meinwahnstraße","1. Aufl.",2011
"Mein Weggenosse und andere Erzählungen","1. Aufl.",2011
"Mein Weg zum Buch",NULL,2012
"Mein Weg zum Seelenlicht",NULL,2018
"Mein Weinviertel","Erstausgabe",2016
"Mein weißer Fuchs","Erste Auflage",2019
"Mein wunderbarer Wedding","1. Aufl.",2010
"Mein Wunschzettel  ... und wie sich das Wünschen veränderte","1. Aufl.",2010
"Mein zweisprachiges ich",NULL,2019
"MEISTENS FRIEDLICH",NULL,2023
"Meistens kommt es anders ... Aber Hauptsache, es macht Spaß!","1. Auflage",2021
"Meistererzählungen","Zweisprachige Ausgabe",2021
"Meisterinnen des Lichts",NULL,2008
"Meister Rose und andere Geschichten",NULL,2010
"Melange an der Donau","1. Auflage",2022
"Mela, Witkowski und ich · Argonautin","1. Auflage",2022
"Melodie in der Zeit","1. Auflage",2019
"Melodien",NULL,2020
"Melodien des Lebens",NULL,2022
"Melzervariationen","1. Auflage",2017
"Memiana - Schatten-Jagd","1. Auflage",2022
"Memoiren vaerysischer Helden II","1. Auflage",2022
"Mennes imaginäre Welt","1. Auflage",2021
"Mensch 3.0","1. Auflage",2023
"Mensch - Das seltsame Wesen","1. Auflage",2016
"Menschen am Meer","Orig.-Ausg.",2011
"Menschen, Bücher, Katastrophen","1. Auflage",2019
"Menschen, die Spuren hinterließen",NULL,2021
"Menschen im Glück","Orig.-Ausg.",2009
"Menschen in deutschen Städten",NULL,2020
"Menschen.leben",NULL,2023
"Menschenlos",NULL,2012
"Menschen sind anstrengend - Katzen auch!","1. Auflage",2020
"Menschen sind eben auch nur Menschen","1. Auflage",2020
"Menschen sind super","1. Auflage",2020
"Menschen und andere seltsame Wesen","Vollständige Taschenbuchausgabe",2022
"„Menschen“ und „buntes Flohmarkttreiben“",NULL,2010
"Menschen und ihre Geschichten",NULL,2010
"Menschen unterm Sternenhimmel","Orig.-Ausg.",2013
"Menschen wie du","1. Aufl.",2009
"Mensch Jesus",NULL,2015
"Mensch lernt von Mensch","Erstausgabe Taschenbuch",2015
"Menschlich","Limitierte Ed., 1. Aufl.",2012
"Menschliche Augenblicke",NULL,2017
"Mensch, Michel!",NULL,2008
"Mensch sein, Herz haben, sich empören",NULL,2021
"Mensch, Tier und Stern","1. Auflage",2017
"Mensch und Hund","1. Aufl.",2010
"Mensch und Natur","1. Auflage",2022
"Merk-Würdige Begegnungen",NULL,2010
"Merkwürdige Geschichten eines Reihenhäuslers","1. Auflage",2019
"Merlin's Erzählungen I-III","1. Auflage",2018
"Merode","Erste Auflage",2015
"Merseburger Zaubergeschichten","Erste Ausgabe",2021
"Mescalero","1. Aufl.",2015
"Message sent to: Romeo",NULL,2018
"Messerschnitte",NULL,2012
"Metallhasenalltag",NULL,2023
"Metamorphose","1. Aufl.",2014
"Met-Magie – der Trunk der Götter, Barden und Bauern","1. Auflage",2022
"Metropolenpilger",NULL,2010
"Mettenkopp","1. Erstauflage",2019
"Meuterei auf Titan","Deutsche Erstveröffentlichung",2017
"Mia und die alte Katze",NULL,2014
"Michael Jackson Geschichte seiner Geschichten",NULL,2021
"Michael Köhlmeiers Märchen-Dekamerone",NULL,2011
"Michaels Kurzgeschichten","1. Auflage",2018
"Mich laust der Affe","1. Auflage",2021
"Mich wundert nix",NULL,2021
"Middenmang",NULL,2021
"Midland in Stilfs","Erste Auflage",2016
"Midlife Blues",NULL,2011
"Midnight Special und andere böse Geschichten",NULL,2010
"Midnight stories","1. Auflage",2021
"Miene Riemels up Loitz","Originalausgabe",2014
"Mikrobiologie des Alltags","1. Aufl.",2015
"Mikromegas","1. Aufl.",2008
"Milas kleine Geschichten",NULL,2009
"MILCH FÜR DEN SCHLANGENKÖNIG","1. Auflage",2022
"Milchmädchen, rechne dich!","1. Aufl.",2009
"Milchmädchenrechnung","1. Aufl.",2008
"Milch & Musik",NULL,2015
"Milchreis zum Geburtstag",NULL,2015
"Milde Brise","1. Aufl.",2011
"MILFS - geile Mütter","1. Auflage, vollständige Taschenbuchausgabe, Originalausgabe",2019
"MILFs, GILFs und die Männer, die sie lieben ...","1. Auflage, vollständige Taschenbuchausgabe, Originalausgabe",2022
"MILFs - Neugier auf Neues","1. Auflage, vollständige Taschenbuchausgabe, Originalausgabe",2022
"Millefleurs",NULL,2014
"Millionaires Club - Finn - Tanner - Noah","Erste Auflage",2017
"Millionaires Club - Hunter - Holden - Ashton","Erste Auflage",2017
"Millionaires Club - Tristan - Chandler - Jayden","Erste Auflage",2017
"Millionärin wider Willen","1. Auflage",2019
"Mimikry","1. Auflage",2022
"Mimosa fliegt","1. Aufl.",2009
"Mindbook","1. Auflage",2012
"Mindbreaker - Sammelband","1. Auflage",2022
"Minderhoud´s tödliches Erbe","1. Auflage",2016
"Mindfuck stories","1. Auflage",2013
"Mind the gap! und andere Kurzgeschichten","1. Auflage",2019
"Miniaturen",NULL,2018
"Miniaturen in Blau","Zweite Auflage",2021
"Minimalisten tragen kaum Frisur",NULL,2023
"Min irst Honorar",NULL,2011
"Minotaurus","1. Auflage",2023
"Minutenlicht",NULL,2018
"Mir Alemanne",NULL,2010
"Miranda und die Wunderfeder",NULL,2012
"Mir gehts echt Tod!","Originalausgabe",2013
"Mirgorod","1. Auflage",2020
"Mir ist die Zunge so schwer","1. Auflage",2017
"Mirós Mädchen",NULL,2016
"Mir san dabei gwen","1. Aufl.",2008
"M. I. Santhrop",NULL,2014
"Mischsaaten","1. Aufl.",2012
"Mischung",NULL,2008
"Missbrauchsopfer",NULL,2012
"Mission: Durchgeknallt",NULL,2014
"Mission Weihnachten","1. Auflage",2023
"Miss Marple's Erben","1. Aufl.",2013
"Missverstandene Monster","1. Printauflage",2015
"Miss you und andere Heucheleien",NULL,2023
"Miststücke","Orig.-Ausg., 1. Aufl.",2011
"Mit 70 hat man das meiste Brot gegessen",NULL,2009
"Mit Anmut und Härte",NULL,2013
"Mit Céline unterwegs",NULL,2008
"Mit dem Drachen tanzen","1. Auflage",2021
"Mit dem Rücken zur Wand",NULL,2011
"Mit dem Schicksal spielt man nicht. Spannende Kurzgeschichten von A bis Z","1. Auflage",2020
"Mit den Bullen bei den Bullen","1. Aufl.",2013
"Mit den Händen ein Herz","1. Auflage",2023
"Mit der Laus an der Leber",NULL,2011
"Mit des Blitzes Schnelle","Orig.-Ausg.",2012
"Miteinander in Hilden",NULL,2015
"Mit einem Einhorn nach Nevada","Erstausgabe",2019
"Mit einem Lächeln auf den Lippen …",NULL,2014
"Mit fremden Teufeln tanzen",NULL,2015
"Mit Genuss in Taxe, Bahn und Bus","Originalausgabe, 1. Auflage",2016
"Mit Geschichten durchs Jahr","Orig.-Ausg.",2011
"Mit Glasfedern schreiben",NULL,2013
"Mit Glatze kann man nicht mit Locken locken",NULL,2013
"Mit grünen Klößen und der Nachtigall","1. Aufl.",2012
"Mit Haut und Hingabe",NULL,2010
"Mit heiserer Stimme flüstert der Tod",NULL,2015
"Mit jedem Zug",NULL,2009
"Mit leichtem Gepäck","Orig.-Ausg., 1. Aufl.",2012
"Mit meiner Oma am Kamin","1. Auflage",2020
"Mit meiner Schreibmaschine",NULL,2014
"Mit Minschen un Deerten kannst wat beleven",NULL,2008
"Mit Mut fangen die schönsten Geschichten an - Mein Planer für alles, was ich erreichen will",NULL,2019
"Mit'n Dampfschiff auf Prigglitz und andere Erzählungen",NULL,2017
"Mit Notarztkoffer und Geigenkasten, 50 Jahre unterwegs",NULL,2020
"Mit Pfeil und Bogen","1. Auflage",2017
"Mit Poesie und spitzer Feder","Erstaufl.",2008
"Mit Rucksack, Floß und Wanderstab",NULL,2013
"Mit Sack und Rute",NULL,2010
"Mit Schirm, Charme und Fahrradhelm","1. Auflage",2020
"Mit Schutzmaske ins Paradies","1. Auflage",2020
"Mit spitzer Feder durch die Zeit","1. Auflage",2019
"Mit starkem Willen und Gefühl","1. Auflage",2022
"Mittag beim Italiener","1. Aufl.",2013
"Mittagsdämmerung","1. Aufl.",2013
"Mittelalteridylle","1. Aufl.",2014
"Mitteldeutsche Geschichten und Anekdoten","1. Auflage",2018
"Mittelmosel Bittersüß","Erste Auflage",2016
"Mitten auf der Straße",NULL,2009
"Mitten aus'm Leben","1. Auflage",2020
"Mittendrin",NULL,2020
"Mittendrin der Hahneberg","1. Auflage",2019
"Mittendrin statt nur dabei","1. Auflage",2021
"Mitten im Augenblick",NULL,2010
"Mitten im Herbst","1. Auflage",2018
"Mitten im Leben",NULL,2014
"Mitten im Leben - und außen vor","1. Auflage",2017
"Mitten im Satz",NULL,2014
"Mitten in der Nacht am Tag",NULL,2017
"Mitten in der Weihnachtsnacht","1. Auflage",2018
"Mitten ins Herz & weitere kriminelle Kurzgeschichten","Erste Auflage",2019
"Mitten unter Engeln","1. Auflage",2022
"Mitten unter uns","1. Aufl.",2009
"Mitternacht",NULL,2021
"Mitternachtsgeschichten",NULL,2010
"Mitternachtsstunde",NULL,2013
"Mitternachtssymphonie","1. Auflage",2022
"Mit Tina auf dem Schutzenfest",NULL,2023
"Mittsommer",NULL,2015
"Mittwegs schwand die gerade Spur",NULL,2015
"Mittwochskind","1. Auflage",2017
"Mit verstellter Stimme",NULL,2020
"Mit Worten spielen, anstatt mit Fäusten zu sprechen",NULL,2013
"Mit Wort und Paukenschlag",NULL,2011
"Mixed Bag Stories and Poems",NULL,2010
"Mixtum Compositum",NULL,2023
"Möchtegern-Dichter",NULL,2020
"Model Cora und andere merkwürdige Geschichten",NULL,2011
"Moderne Weihnachten",NULL,2020
"Modern love","Orig.-Ausg., 1. Aufl.",2013
"Modern Türk klasikler",NULL,2017
"Möge das Schwein stets mit dir sein!",NULL,2022
"Möge die Nacht mit dir sein",NULL,2020
"Mögliche und unmögliche Geschichten aus einem Einrichtungshaus","1. Auflage",2023
"Moin",NULL,2019
"Mol gucke","1. Aufl.",2015
"Molscher Pfirsich",NULL,2010
"Moment!","Orig.-Ausg.",2012
"Momentaufnahmen und andere Erzählungen","Erstausg.",2012
"Momente","1. Auflage",2020
"Momente der Leidenschaft",NULL,2023
"Momente des Lebens",NULL,2018
"Momente des Vergnügens",NULL,2023
"Momente wie diese","1. Auflage",2015
"moments","1. Auflage",2018
"Moment Schwester, das Abführmittel wirkt gerade","Originalausgabe",2022
"Momentum","1. Auflage",2022
"MONA - Eine Katze lebt Chaos und Poesie","1. Auflage",2018
"Monatslieben",NULL,2012
"Mond","1. Auflage",2016
"Mondgesänge",NULL,2018
"mondin und andere Geschichten","1. Auflage",2017
"Mondlichttänzer","1. Aufl.",2008
"Mondmysterien","Neuausgabe",2022
"Mondo kranko","1. Aufl.",2013
"Mondspuren, Sonnenpfade","Erstausg.",2009
"Mondstation * Möwe * Quadrocopter",NULL,2019
"Mondstaub","1. Auflage",2016
"Mond und andere Erzählungen",NULL,2020
"Mondwiege","1. Aufl.",2013
"Mondwurzel",NULL,2019
"Money",NULL,2008
"Monolog einer Unterhose und andere Erzählungen",NULL,2009
"Monolog in Schwarz und andere dunkle Erzählungen",NULL,2010
"Monsignore","1. Auflage",2020
"Monster im Schrank",NULL,2019
"Monster in meiner Seele",NULL,2022
"Monster, Mythen, Märchenhelden",NULL,2017
"Monsters of poetry",NULL,2009
"Monstrum","1. Auflage",2019
"Monsun","Erstausg.",2015
"Montag im Oktober","1. Auflage",2020
"Montagskinder",NULL,2008
"Montagslaune",NULL,2009
"Montags wird gemordet","Orig.-Ausg.",2011
"Montana Souls","1. Auflage",2020
"Montenegrinische Geschichten","1. Aufl.",2013
"Moon Groove","Erstauflage",2023
"MoonGroove","Erstauflage",2022
"Mooreule und Öhrli-Pötscher",NULL,2017
"Moosmann",NULL,2011
"Mopsfidel auf Gottes schöner Erde",NULL,2017
"Moralische Erzählungen","1. Auflage",2020
"Morbus animus","1. Aufl.",2011
"Mord","1. Aufl. September 2012",2012
"Mord am Leuchtturm",NULL,2014
"Mord &amp; andere lustige Geschichten","1. Auflage",2023
"Mord an der Rotbuche","1. Aufl.",2010
"Mord auf Nordisch",NULL,2009
"Mord aus Rache","1. Aufl.",2013
"Morde, die ungeklärt bleiben","1. Aufl.",2013
"Morde, Leichen und mysteriöse Geschichten","Erste Auflage",2020
"Mörder auf der Flucht","Originalausgabe",2016
"Mörder, Henker, Spökenkram",NULL,2015
"Mörderische Alpen","1. Auflage",2019
"Mörderische Begierden",NULL,2012
"Mörderische Hunde - mörderische Menschen",NULL,2021
"Mörderischer Chiemgau","Orig.-Ausg.",2011
"Mörderischer Selfkant","1. Aufl.",2014
"Mörderisches Weinviertel","1. Auflage",2017
"Mörderische Symphonie","1. Aufl.",2012
"Mörderisches Zwingenberg",NULL,2012
"Mörderische Turbulenzen in der Bäderstadt","Erstausgabe",2021
"Mörderische Weihnachten","Orig.-Ausg., 1. Aufl.",2010
"Mörder, Stars und tolle Typen","1. Aufl.",2011
"Mörder unterwegs",NULL,2012
"Mord im Barranco","1. Auflage",2018
"Mord im Kostsalon",NULL,2011
"Mord im Münsterland",NULL,2021
"Mord in der Bäderstadt und andere Unannehmlichkeiten","Erstausgabe",2020
"Mord in Gurk",NULL,2017
"Mord in Kürze","1. Aufl.",2010
"Mord-Ost","1. Aufl.",2013
"Mords Burgen und Schlösser","1. Auflage",2018
"Mordsgaudi","Orig.-Ausg., 1. Aufl., Erstdr.",2010
"Mordsgeschichten aus dem Eichsfeld und anderswo",NULL,2016
"Mords-Idylle",NULL,2012
"Mordskarriere",NULL,2013
"Mordskerle","1. Auflage",2017
"Mordskohl","Orig.-Ausg., Erstdr., 1. Aufl.",2013
"Mords Kunst","1. Auflage",2020
"Mords Odenwald","1. Auflage",2022
"Mordsurlaub","1. Aufl.",2013
"Mordsweiber",NULL,2012
"Mordswut und Rachegelüste","1. Auflage",2020
"Mordswut un Rachgelüste","1. Auflage",2019
"MordsZeit","1. Erstausgabe",2022
"Mord über sechzig","1. Auflage",2020
"Mord und andere kleine Geschenke des Himmels",NULL,2014
"Mord und andere schöne Tode","1. Auflage",2016
"Mord und andere Untaten","Orig.-Ausg.",2009
"Mord und Totlach","Orig.-Ausg.",2014
"Morgen",NULL,2019
"Morgendunkel und andere Stories",NULL,2008
"Morgendusche","1. Auflage",2019
"Morgenerwachen","Erstaufl.",2014
"Morgen ist ein anderer Tag","Originalausgabe",2022
"Morgen ist es vorbei","1. Aufl.",2015
"Morgen ist noch kein Tag","1. Aufl.",2014
"Morgen ist's noch früh genug zu spät ...",NULL,2010
"Morgen kommt der Weihnachtsmann","1. Auflage",2016
"Morgenländische Erzählungen","1. Aufl.",2012
"Morgens beim Bäcker","1. Auflage",2022
"Morgenstund hat Gold im Mund - die schönsten Sprichwort-Geschichten von früh bis spät",NULL,2014
"Morgentau & Abendreif","1. Printauflage",2017
"MORITATEN","1. Auflage",2020
"Moriturus","Originalausgabe",2018
"Morpheus oder Der Schnabelschuh",NULL,2013
"Morsezeichen aus der Einsamkeit",NULL,2021
"Mortaler Ausgang","1. Auflage",2020
"Mortens langer Marsch","Orig.-Ausg.",2012
"Mörter",NULL,2019
"Mortifera",NULL,2014
"Mosaik","1. Auflage",2019
"Mosaik aus Licht",NULL,2014
"Moses - der Sohn vom Nil","1. Auflage",2022
"Moses im Sylter Watt","1. Aufl.",2008
"Moskitos Tod & andere Glücksmomente",NULL,2010
"Mostdef - Voll mein Leben",NULL,2010
"Motorprosa","1. Auflage",2020
"Mottenpfiffe und Flohwalzer","1. Aufl.",2009
"Möwenschiss und Knieperkohl","1. Auflage",2022
"Möwen über Poullou C'Hou","1. Auflage",2017
"Mr. Jupiter's Geschichten von der Erde",NULL,2021
"MS – Gedankenspiele (Sammelband)","1. Auflage",2023
"Mueterland",NULL,2011
"Muldental",NULL,2014
"Müllers Erzählungen",NULL,2011
"Multiple Geschichten - meine Sklerose","1. Auflage",2019
"München über- und unterirdisch",NULL,2015
"Münchhausen","1. Auflage, neue Ausgabe",2016
"Münchner Blut: Das dunkle Porzellan","1. Auflage",2023
"MÜNCHNER BLUT II","1. Auflage",2022
"MÜNCHNER BLUT III","1. Auflage",2022
"MÜNCHNER BLUT IV","1. Auflage",2022
"MÜNCHNER BLUT V","1. Auflage",2022
"MÜNCHNER BLUT VI","1. Auflage",2022
"Münchner Brunnen-Geschichten",NULL,2021
"Münchner Geschichten","1. Auflage",2018
"Mundart Geschichten aus dem Zürcher Oberland/Giireiti","1. Auflage",2020
"Mundart Geschichten aus dem Zürcher Oberland/Hansdampf","1. Auflage",2020
"Mundart, Geschichten, Gedichte und Lieder aus und über Kemmern",NULL,2016
"Mundartprosa von Ludwig Schröder, Friedrich Wilhelm Haase und Fritz Linde","1. Auflage",2020
"Munkey","1. korrigierte Print Ausgabe",2021
"Murks","1. Aufl.",2013
"Murt",NULL,2012
"Musäus Märchen Update 1.1","1. Aufl.",2014
"Muscheln, Mousse und Messer",NULL,2010
"Museum der Einsamkeit","1. Originalausgabe",2023
"Musica fantastica",NULL,2023
"Musik","1. Aufl.",2012
"Musikalische Momente","1. Aufl.",2010
"Musik für Barbiepuppen",NULL,2012
"Musik in meiner Seele",NULL,2022
"Musik ist die Sprache der Engel",NULL,2014
"Müssen wir da auch noch hin?","Originalausgabe",2019
"Müssen wir schon wieder machen, was wir wollen?","Orig.-Ausg.",2013
"Müßiggang und Hirnschmalz","1. Aufl.",2011
"Muteki - ohne Gegner","1. Auflage",2020
"Mutige Frauen bewegen die Welt",NULL,2021
"Mut, Kraft, Weiblichkeit","Erstaufl.",2011
"Mutmachgeschichten für Mädchen/ Weil ich ein Mädchen bin","1. Auflage",2020
"Mutmach-Geschichten von Frauen für Frauen","1. Auflage",2021
"Mutmassungen",NULL,2022
"Mütter","1. Auflage",2016
"Mutter Doras letzte Liebe",NULL,2015
"Mutterherz","Originalausgabe",2018
"Mutter meine Fremde und andere Montags-Geschichten","1. Auflage",2017
"Mütter sind wie Felsen in der Brandung",NULL,2009
"Mutterzunge","1. Aufl.",2013
"Mutti geht's gut","Orig.-Ausg., 1. Aufl.",2012
"Mutti hebt ab","Orig.-Ausg., 1. Aufl.",2014
"Muttishund",NULL,2010
"Mut und Hoffnung - Hand in Hand","1. Auflage",2018
"Mut zur Geilheit","1. Auflage, vollständige Tschenbuchausgabe, Originalausgabe",2019
"Myanmar - Burma erzählt","1. Aufl.",2009
"My name is Jane, Sweet Baby Jane",NULL,2016
"Mysterien des Alltags","1. Auflage",2021
"Mysterioese Friedhoefe und Grabstaetten","Erste Auflage",2018
"Mysteriös","1. Aufl.",2012
"Mysteriöse Orte","Erste Auflage",2016
"Mysteriöse Thriller-Geschichten aus Deutschland","1. Auflage",2020
"Mysteriöse Zeitkapsel","Erste Auflage",2015
"Mystische Burgen in der Oberpfalz","1. Auflage",2019
"Mystische Geisterschiffe","Erste Auflage",2016
"Mystische Geschichten über Druden, Belzebuben und Nebelgeister",NULL,2017
"Mystische Oberpfalz","1. Auflage",2017
"Mystische Schwingen","Erstauflage",2022
"Mythen über Irrlichter","1. Aufl.",2015
"Mythgart - Abenteuer des dunklen Meisters - Anthologie (5E)",NULL,2022
"Mythopia",NULL,2010
"Mythos Südafrika","1. Aufl.",2009
"Nach Art des Hundes",NULL,2018
"Nachbarschafts-Geschichten in Hoch & Platt",NULL,2016
"Nachbarschuft und Strandameisen","1. Aufl.",2010
"Nachbemerkungen zu Thomas Mann (2)","1. Auflage",2016
"Nachbilder",NULL,2021
"Nachdem",NULL,2010
"Nach dem Fest",NULL,2018
"Nach dem Krieg","Erstveröffentlichung",2023
"Nach den Gespenstern",NULL,2021
"Nachdenkenswerte Ereignisse",NULL,2022
"Nachdenken über 4.0","1. Auflage",2019
"Nachdenken über NSX","1. Aufl.",2014
"Nachdenkliche Geschichten für Jung und Alt","1. Auflage",2017
"Nach der Zerstörung","1. Aufl.",2015
"nachDRUCK/Kurzgeschichtenwettbewerb | Schreiben gegen den Weltuntergang 2012","1. Auflage",2015
"Nach fünfhundertzwanzig Weltmeertagen","1. Aufl.",2016
"Nach hinten nicht und nicht nach vorne",NULL,2021
"Nachklänge","1. Auflage",2018
"Nachkommenschaften",NULL,2012
"Nachkriegsjahre im Osten",NULL,2010
"Nachmittag mit langsamer Erwärmung","Wiederauflage",2022
"Nach oben ist das Leben offen","1. Aufl.",2012
"Nachrichten",NULL,2022
"Nachrichten aus dem Landesinnern","1. Auflage",2019
"Nachrichten aus der Provinz",NULL,2016
"Nachrichten aus einem toten Hochhaus",NULL,2020
"Nachrichten vom Mars","1. Auflage",2020
"Nachsaison endlich!",NULL,2020
"Nach Sonnenuntergang","Erste Auflage",2018
"Nachspiel",NULL,2009
"Nächster Halt Verlangen",NULL,2014
"Nächste Station ... ungewiss","1. Auflage",2018
"Nacht",NULL,2022
"Nachtangeln und andere Kurzgeschichten",NULL,2008
"Nacht-Angst: Horror-Kurzgeschichten","1. Auflage",2022
"Nacht auf die Handfläche",NULL,2016
"Nachtblut - Blutnacht","1. Aufl.",2008
"Nächtebuch",NULL,2012
"Nächte der Lust, Nächte der Macht!","1. Auflage, vollständige Taschenbuchausgabe, Originalausgabe",2021
"Nächte - feucht &amp; golden","1. Auflage",2018
"Nächte mit Bosch",NULL,2011
"Nachterlebnis mit fünf Buchstaben","1. Auflage",2023
"Nachtfalter - Lachfalten",NULL,2014
"Nachtfische",NULL,2008
"Nachtgedanken",NULL,2019
"Nachtgeflüster","1. Auflage",2021
"Nachtgeschichten","1. Auflage",2018
"Nachtgesichter","1. Auflage",2022
"Nacht (g) schicht","1. Auflage",2019
"Nachtigall, ich hör' dir strapsen",NULL,2016
"Nacht in Scherb","Erste Auflage",2021
"Nächtlicher Weg","1. Aufl.",2014
"Nacht liegt über Babylon und andere Kurzgeschichten",NULL,2014
"Nachtmahre","1. Auflage",2019
"Nacht ohne Ende","Originalausgabe",2019
"Nachtparty",NULL,2023
"Nachts","Erstausgabe",2015
"Nachtsaison",NULL,2008
"Nachtschattengewächse",NULL,2011
"Nachtschwarz, Himmelgrau","1. Auflage",2015
"Nachtsendung",NULL,2016
"Nachts in der Bücherei","1. Auflage",2018
"Nachts in der träumenden Stille",NULL,2021
"Nachts ist jeder ein Feind",NULL,2019
"Nachts schlafen die Ratten doch und andere Kurzgeschichten","Ungekürzte Texte",2018
"Nachtstücke",NULL,2013
"Nachts, weit von hier",NULL,2015
"Nachts, wenn die Erinnerungen kommen",NULL,2011
"Nachttisch-Geschichten",NULL,2016
"Nacht über Gunlock","1. Auflage",2018
"Nacht über Median","1. Aufl.",2011
"Nachtzeit",NULL,2020
"Nachtzug 22 Uhr 10","Erstaufl.",2014
"Nach vielen Sommern sterben die Schwäne","1. Auflage",2018
"Nach vorne!",NULL,2010
"Nach vorne gedacht","1. Auflage",2021
"Nach Weibern sortiert","Erstauflage",2017
"Nach wie vor inzwischen","1. Auflage",2017
"Nach Wolke 7","Originalausgabe - Erstdruck",2015
"Nackte Männer und andere erotische Geschichten","1. Aufl.",2014
"Nackt im Harem","1. Auflage",2022
"Nackt im Treppenhaus","Originalausgabe im Ullstein Taschenbuch, 1. Auflage",2016
"Nacktschmecken","1. Aufl.",2014
"Nackt und scharf","Orig.-Ausg., 1. Aufl.",2013
"Na dann - ein frohes Fest!","1. Auflage",2017
"Na dann, frohes Fest!","1. Auflage",2020
"Na dann ... wachsam bleiben!","1. Auflage",2019
"Nadeln aus Ruß","1. Auflage",2020
"Nadia Nebeski und andere Amerikas",NULL,2014
"Nägenklauk","1. Aufl.",2012
"Nah am Wasser",NULL,2014
"Nahe Fremde","1. Aufl.",2008
"Nahsicht",NULL,2010
"Nah vorbei",NULL,2020
"Nä ihr Kennr ihr Lü!","1. Auflage",2020
"Nainai erzählt ...","1. Auflage",2016
"Na ja ... und andere Weinviertler Seufzer",NULL,2013
"Namenlos ankommen","1. Auflage",2018
"Nanopolis",NULL,2011
"Narrenflieger","1. Aufl.",2014
"Nasentanz",NULL,2010
"Nase & Rücken",NULL,2011
"Na so was!",NULL,2008
"Nasse Fesseln",NULL,2008
"NATHALIE oder Das gestohlene Lied",NULL,2022
"Natürliche Auslese","1. Auflage",2017
"Natürlich & menschlich",NULL,2014
"Naturverliebt","1. Auflage",2022
"Navigator","Dt. Erstausg.",2014
"Na warte!",NULL,2009
"Na, wie war's ...?",NULL,2009
"nazar degmesin - Möge es vom bösen Blick verschont bleiben","1. Aufl.",2008
"Neapel ist (nicht) weit","1. Auflage",2023
"Nebel-Leben",NULL,2008
"Nebel - Streif - Zug der Literatur",NULL,2014
"Nebel über der Niers",NULL,2012
"Nebel über der Stadt","1. Auflage",2016
"Nebenan","1. Auflage",2015
"Neben dem Verstand","1. Aufl.",2012
"Neben der Wirklichkeit","1. Auflage",2021
"Nebenwelten",NULL,2023
"Nebenwirkungen und Spätfolgen","1. Aufl.",2012
"Necrosteam",NULL,2021
"Nee Sagen, Määrkens un Vertellen ut den Kreis Horburg un ümto",NULL,2009
"Negroni und andere Erzählungen",NULL,2013
"Nehmen Sie doch mal mich","Erste Auflage",2017
"Neigschmeckt",NULL,2019
"Nekil und andere Geschichten",NULL,2012
"Nelly N.","1. Aufl.",2010
"Nellys Leben steht kopf","1. Aufl.",2013
"Nennen wir ihn Rumpelstilzchen",NULL,2019
"Nennt mich nicht Nigger","1. Auflage",2020
"Nervenkitzel",NULL,2015
"Net ohna!",NULL,2010
"Nettsein ist auch keine Lösung","1. Auflage",2016
"Neuanfang","1. Auflage",2023
"Neubeginn","1. Auflage",2020
"Neue alte fremde Heimat","Orig.-Ausg.",2012
"Neue Anthologie des schwarzen Humors",NULL,2017
"Neue Brieftaubengeschichten","1. Aufl.",2013
"Neue bunte Geschichten","1. Auflage",2023
"Neue Einfälle des Kauzes",NULL,2010
"Neue Geschichten",NULL,2014
"Neue Geschichten aus Bilk",NULL,2016
"Neue Geschichten aus Damgarten und von anderswo","1. Auflage",2017
"Neue Geschichten aus dem Paradies",NULL,2022
"Neue Geschichten aus dem Wisserland","1. Auflage",2023
"Neue Geschichten aus den Herbstlanden",NULL,2023
"Neue Geschichten aus Göblein",NULL,2018
"NEUE GESCHICHTEN DES GRAUENS","1. Auflage",2019
"Neue Geschichten für die Brüder Grimm","1. Aufl.",2013
"Neue Geschichten für zwischendurch",NULL,2010
"Neue Geschichten nicht nur vom Wein","1. Auflage",2019
"Neue Geschichten über Herbert, Hubert und andere Zeitgenossen","Erste Ausgabe",2015
"Neue Geschichten vom Herrn mit Hut","Orig.-Ausg., 1. Aufl.",2015
"Neue Geschichten vom Inneren Ich","1. Auflage",2018
"Neue Geschichten von drüben",NULL,2010
"Neue Gute-Nacht-Geschichten für Frauen, die nicht einschlafen wollen","Orig.-Ausg.",2008
"Neue Gute-Nacht-Geschichten für Männer, die nicht einschlafen wollen","Orig.-Ausg.",2008
"Neue Helden",NULL,2010
"Neue Herzblatt-Geschichten","Orig.-Ausg.",2008
"Neue Narren braucht das Land","1. Auflage",2023
"Neue Prosa aus Schleswig-Holstein",NULL,2018
"Neues aus 125 Jahren",NULL,2022
"Neues aus Bellabü","1. Auflage",2023
"Neues aus dem Kohlenpott","1. Auflage",2018
"Neues aus dem Supermarkt",NULL,2011
"Neues aus der Pferdeklappe","1. Auflage",2021
"Neues aus Ksar Chevalier","Originalausgabe, 1. Auflage",2018
"Neues aus Pottenmoor","Originalausgabe, Erstdruck, 1. Auflage",2015
"Neues aus Schlampenacker","1. Auflage",2023
"Neue Schau",NULL,2023
"Neues Leben",NULL,2010
"Neues vom 1. April, dem Waiblinger Altstadtfest und der Gartenschau","1. Auflage",2018
"Neues vom Käpt'n","1. Auflage",2017
"Neues vom Kater und andere Geschichten","1. Aufl.",2008
"Neues vom Tatort Tegel","Originalausgabe, 1. Auflage",2017
"Neues von den Hühnis",NULL,2022
"Neues von der Sprachenverwirrung",NULL,2013
"Neues von Gestern","1. Auflage",2023
"Neues von Herrn Meinrad & Co.","1. Aufl.",2008
"Neues von Kindern, Mäusen und Räubern",NULL,2020
"Neue Träume aus der Roten Kammer","Orig.-Ausg.",2009
"Neue und alte mehr oder weniger böse Kurzgeschichten","1. Auflage",2022
"Neue Wahrheiten","Erste Auflage",2019
"Neue Wege gehen","Erste Auflage, Originalausgabe",2023
"Neukölln, mon amour","Orig.-Ausg., 1. Aufl.",2011
"Neulich im Himmel",NULL,2023
"Neulich im Paradies",NULL,2019
"Neulich im Schrank",NULL,2015
"Neun kompakte Erzählungen - durchaus zum Nachdenken",NULL,2018
"Neun schräge Geschichten - und eine Gerade",NULL,2014
"Neun seltsame Frauen",NULL,2021
"Neununddreißig Lebensträume","1. Aufl.",2014
"Neunundneunzig minimale Geschichten",NULL,2012
"Neunzehn weitere denkwürdige Geschichten über den Sinn und Unsinn des Lebens und eine verrückte Spezies namens Mensch","1. Auflage",2022
"Neurosen welken nicht",NULL,2016
"Neuss: literarisch",NULL,2020
"Neuste Geschichten aus Bilk","1. Auflage",2017
"Neuthal","1. Aufl.",2013
"Never date the CEO","1. Auflage",2022
"Neverending Stories","1. Auflage",2021
"New York machen wir das nächste Mal",NULL,2011
"Nice Big American Baby",NULL,2008
"Nicht allein in dieser Zeit","Erstausgabe",2023
"Nicht alles aus dem Allgäu ist Käse",NULL,2013
"Nicht anfassen",NULL,2010
"Nicht besser, aber modern",NULL,2017
"Nicht die Hoffnung stirbt zuletzt","1. Auflage",2017
"Nicht Du bist verrückt sondern die Welt",NULL,2023
"Nicht einmal einen Hund besass er",NULL,2008
"Nicht ernst zu nehmen",NULL,2013
"Nicht hier, nicht jetzt",NULL,2012
"Nicht lecker, aber Weltrekord","1. Aufl.",2010
"Nicht mit mir! ... und andere Geschichten","1. Aufl.",2008
"(Nicht noch) eine Weihnachtsgeschichte!","1. Auflage",2015
"Nicht nur der Hund begraben …","Orig.-Ausg., 1. Aufl.",2014
"Nicht nur Hasen schlagen Haken",NULL,2023
"Nicht nur seelenverwandt","1. Auflage",2018
"Nicht nur Weihnachtsmärchen ...",NULL,2008
"Nicht öffentlich",NULL,2009
"Nicht ohne Netz","1. Aufl.",2011
"NICHT RUNZELN – LIEBER SCHMUNZELN",NULL,2021
"NICHTS",NULL,2020
"Nichts als die Wahrheit",NULL,2013
"Nichts als Liebe","1. Auflage",2020
"Nichts als Lügen",NULL,2014
"Nichts Böses",NULL,2013
"Nicht schon wieder Essen!","Orig.-Ausg.",2009
"Nicht schon wieder keine Tore","1. Aufl.",2016
"Nicht schon wieder Ostern!","Orig.-Ausg.",2009
"Nicht schon wieder Wellen!","Orig.-Ausg.",2010
"Nichts ist alltäglich",NULL,2016
"Nichts ist erledigt!","1. Auflage",2023
"Nichts ist vollkommen, vollkommen ist das Nichts!",NULL,2008
"NICHTS.KONSENS","1. Auflage",2018
"Nichts, nichts",NULL,2010
"Nichts wie raus!","Erste Auflage, Originalausgabe",2016
"Nichts wie weg!!",NULL,2018
"nicht unfehlbar","1. Auflage",2020
"Nicht zu spät","1. Auflage",2019
"Niddderau ... schreibt ein Buch","1. Auflage",2019
"Nideggen","Erste Auflage",2016
"Niederösterreich in blau-gelben Anekdoten","Erste Auflage",2021
"Nieder-Rhein",NULL,2009
"Niederrhein-Blues und andere Geschichten",NULL,2010
"Niederrhein im Kopp und Orsoy im Bauch",NULL,2010
"Niederrheinische Geschichten zum Schmunzeln",NULL,2010
"Niemand sah mich zwischen den Blüten","1. Aufl.",2011
"Niemandsland",NULL,2022
"Nie wieder Frieden","1. Auflage",2016
"Nie wieder Martini","1. Auflage",2021
"Nik & Lu. Dezember. Ein Jahr später.","1. Auflage",2018
"Nikolo bum bum",NULL,2014
"Nimm dir Zeit, genieße den Tag",NULL,2021
"Nimm einen Namen","1. Auflage",2020
"Nimm mich","1. Auflage, vollständige Taschenbuchausgabe, Originalausgabe",2019
"Nimm mich jetzt","1. Auflage, vollständige Taschenbuchausgabe, Originalausgabe",2019
"Nimm mich jetzt und hier","1. Auflage, vollständige Taschenbuchausgabe, Originalausgabe",2021
"Nimm mich wild","1. Auflage, vollständige Taschenbuchausgabe, Originalausgabe",2022
"Nimm Zwei","1. Auflage, vollständige Taschenbuchausgabe, Originalausgabe",2022
"Nirgendwohin, irgendwohin","1. Aufl.",2013
"Nirwana oder Das nächste Leben","1. Auflage",2019
"Nitro Xtine ... oder drei Stellen hinterm Komma ...",NULL,2008
"Nixenzauber",NULL,2022
"Nizza oder die Liebe zur Kunst","1. Aufl.",2013
"No alles gliich wie morn",NULL,2009
"Noch 10 Tage oder das Glück zu leben",NULL,2013
"Noch drei Geschichten bis Weihnachten","1. Auflage",2020
"Noch ein Stück, bitte ...!",NULL,2008
"Noch hundert Lichtjahre bis Buffalo","1. Aufl.",2014
"Noch immer gierig & unersättlich","1. Auflage, vollständige Taschenbuchausgabe, Originalausgabe",2019
"Noch ist es dämmrig",NULL,2014
"Nochmal Uuups!","1. Auflage",2016
"Noch mehr erlebt","1. Auflage",2022
"Noch mehr Geschichten aus dem Leben","1. Aufl.",2013
"Noch mehr Gute-Laune-Geschichten","Originalausgabe",2020
"Noch mehr Müll","1. Auflage",2022
"Noch mehr Schoten",NULL,2012
"Noch mehr Toiletten-Lektüre","1. Auflage",2020
"Noch mehr verspukte Geschichten",NULL,2018
"Noch schlafen Sterne nicht","Orig.-Ausg., 1. Aufl.",2014
"Noch süßere Not","1. Auflage",2016
"Noel_Dr_über",NULL,2023
"(No) more Future!","1. Auflage",2022
"Nonsense","1. Auflage",2019
"Nonsense_1_DR","1. Auflage",2020
"Nonsense 2_D","1. Auflage",2020
"Noodlandt in 't Paradies","1. Auflage",2022
"Nordamerika",NULL,2013
"Nordhorner Geschichten",NULL,2010
"Nordische Geschichten","1. Aufl.",2012
"Nordische Mythologie für Kinder","1. Auflage",2021
"Nordisches Land","1. Auflage",2018
"Nordrhein-westfälische Einladung","Erste Auflage",2015
"Nor gebabbelt - gschafft is glei",NULL,2012
"Normale Leute","1. Auflage",2017
"Northeim voll versunken",NULL,2018
"Northern Gothic",NULL,2015
"Norwegen und die Norweger",NULL,2008
"Nostalgic Medley",NULL,2008
"Nostalgische Herbst-Geschichten",NULL,2019
"Notendüfte","1. Aufl.",2014
"Noten duftig","1. Aufl.",2011
"Noten verduftet","1. Auflage",2017
"Nothing's like before",NULL,2015
"Nötige Düfte","1. Aufl.",2013
"Notizbuch","1. Auflage",2019
"Notizbücher",NULL,2009
"Notizen am Rande","1. Auflage",2018
"Notvorrat und andere Leckereien",NULL,2009
"Novelle einer überschaubaren Apokalypse","1. Aufl.",2014
"Novellen und Erzählungen","1. Auflage",2020
"Novellino","1. Aufl.",2012
"November's Death Sammelband","1. Auflage",2023
"No way out",NULL,2014
"'n paar Schoten",NULL,2008
"Nun kann es Weihnachten werden",NULL,2023
"Nuraghische Geister","1. Aufl.",2009
"Nur allzu menschlich","1. Aufl.",2009
"... nur auf einen Kaffee!",NULL,2011
"Nur beim Träumen frei","Originalausgabe",2018
"Nur das halbe Leben","Orig.-Ausg., 1. Aufl.",2010
"Nur der Kater war Zeuge","Orig.-Ausg., 1. Aufl.",2014
"Nur die","1. Aufl.",2009
"Nur eine Frage noch ...",NULL,2015
"Nur einen Augenblick","Limitierte Erstausgabe im Jubiläumsjahr",2016
"NUR EINER KANN GEWINNEN","1. Auflage",2020
"Nur ein paar Augenblicke",NULL,2012
"Nur ein paar Schritte ...",NULL,2016
"Nur ein paar Zeilen","1. Auflage",2023
"Nur ein Wort","1. Auflage",2022
"Nur Fliegen ist schöner",NULL,2015
"Nur für Frauen",NULL,2008
"Nur Idioten sind glücklich",NULL,2009
"Nur im Dunkeln funkeln Sterne",NULL,2019
"Nur immer weiter",NULL,2011
"Nur kurz","1. Auflage",2019
"Nur mal kurz ...","1. Auflage",2022
"Nürnberger mit Piep & andere Geschichten",NULL,2020
"Nürnberger Pakete",NULL,2009
"Nur nicht nach Plan",NULL,2014
"Nur noch einmal","1. Auflage",2017
"Nur weil du in der Garage schläfst, bist du noch lange kein Porsche","1. Aufl.",2010
"Nur wenn der Wind im Gras singt ...",NULL,2010
"Nu schiggeds awwer bahle!","1. Auflage",2017
"Nutzlos","1. Auflage",2017
"O alte Burschenherrlichkeit","Nachdr. der Ausg. 1894",2011
"Oase Neukölln",NULL,2022
"Oasenzeit",NULL,2010
"Obacht Weihnacht!","Originalausgabe",2018
"ÖBB Literaturpreis - die besten Kurzgeschichten 2014",NULL,2014
"Ob eine Federboa beisst?","1. Auflage",2016
"Oben in der Duftwelt, diesmal speziell",NULL,2012
"Oberbergische Fundstücke","1. Auflage",2018
"Oberschlesische Erzählungen",NULL,2010
"Oberschlesische Geschichten",NULL,2010
"Obsession Online",NULL,2013
"Ob Sie's glauben oder nicht ...",NULL,2015
"Obstsalat","1. Aufl.",2011
"OceanLust",NULL,2022
"Ode an die Freude","1. Aufl.",2015
"Odem des Todes","Erste Auflage",2021
"Oder, mein Fluss",NULL,2008
"Odyssee auf unbefahrenem Meer","1. Auflage",2021
"Odyssee der Sternfahrer: Science Fiction Sammelband","1. Auflage",2020
"Odysseen",NULL,2020
"Offbeat",NULL,2011
"Offenbacher Einladung","Erste Auflage",2019
"Off the beaten path",NULL,2021
"O Fortuna, du Luder",NULL,2020
"Oft bemerkt die Welt uns nicht",NULL,2020
"Öfter mal nichts Neues","1. Auflage",2019
"Oft kommt es anders, als man denkt",NULL,2016
"Oh, das bin ja ich",NULL,2022
"Oh du fröhliche...?","1. Auflage",2017
"Oh du fröhliche Zweisamkeit",NULL,2014
"Oh je - ein Golfspieler!","1. Auflage",2022
"Oh, mein Gott!","1. Aufl.",2008
"Ohne Happy End","1. Auflage",2017
"Ohne Jacke tanzen","1. Auflage",2020
"Ohne Kippschutz unterwegs","1. Auflage",2020
"Ohne mich","Erste Auflage",2018
"Ohne Umweg",NULL,2008
"Oh no ... kein Rum in der Schokolade!","1. Aufl.",2009
"Oh Schreck, du fröhliche!","1. Auflage",2015
"Oh Tannenbaum",NULL,2014
"Ois ha°t sei Zeit",NULL,2011
"Okkos Borkum",NULL,2009
"Oldenburger Geschichte(n) oder warum die Oldenburger in der Kirche schnarchen","1. Aufl.",2009
"Old Kara Ben Winnetou",NULL,2011
"Oldtimer sucht Youngtimerin im Internet","Originalausgabe, 1. Auflage",2023
"Oleanderblütenträume","1. Aufl.",2015
"Olivia",NULL,2020
"Olle im Doaf",NULL,2020
"Oller oder doller?","1. Auflage",2017
"Oma Carlas Zwiegespräche mit Herrn Schnick-Schnack",NULL,2011
"Oma, die Nachtcreme ist für 30-Jährige!","Originalausgabe im Ullstein Taschenbuch, 1. Auflage",2017
"Oma, erzähl mir eine Geschichte - Ein Erinnerungsbuch zum Ausfüllen für Omas","1. Auflage",2019
"Oma Hulda auf Abwegen",NULL,2017
"Oma Krawutke ermittelt","1. Auflage",2020
"Oma- & Opa-Geschichten",NULL,2015
"Omas Fröschlein Geschichten","1. Auflage",2020
"Omas Geschichten - Geschichten mit Oma","1. Aufl.",2014
"Omas Schatztruhe","1. Auflage",2019
"O Mosella","1. Auflage",2017
"Once we were cosmic, Baby - und was aus uns wurde","1. Auflage",2023
"One Short Year","1. Auflage",2022
"Onigiri das Reisbällchen","1. Auflage",2021
"Onipa",NULL,2011
"Onkel Emmerich",NULL,2023
"Onkel Hanni/Onkel Hanni, Band 6","1. Auflage",2019
"Onkel Mu",NULL,2009
"Only Cigars!",NULL,2012
"On my mind ...",NULL,2008
"Oooh, Dicker, mein Dicker ...",NULL,2015
"Oos Ahweile Platt","1. Aufl.",2009
"Opa, der Lausbube",NULL,2008
"Opa, erzähl mal",NULL,2013
"Opa, erzähl mal, wie's damals war",NULL,2019
"OPAK",NULL,2015
"Opa macht das schon …","1. Auflage",2018
"Opa Paul und die Russen",NULL,2012
"Op de Food","1. Aufl.",2009
"Operation Lazarus",NULL,2022
"Operation Ratlines",NULL,2022
"Opferblut",NULL,2015
"Op'n lütten Klönsnack","1., Aufl.",2013
"Op 'n Weg","1. Aufl.",2009
"Opowiadania",NULL,2011
"Oppchen und sein Enkel",NULL,2021
"Opti-miss-mus","1. Aufl.",2011
"Op Wiehnachten to",NULL,2018
"Orangenes Schweigen","1. Aufl.",2012
"Orang Utan Klaus","Orig.-Ausg., 1. Aufl.",2015
"Orbiter - Geschichten aus der Ümlaufbahn","1. Auflage",2022
"Orgel zur Marktzeit","1. Auflage",2018
"Orientalische Geschichten","Erstausg.",2008
"orientExtrem",NULL,2011
"Original Fortschritt","1. Auflage",2016
"Orme Poede, wormstischisch Fallobst un e schej Bescherung",NULL,2009
"Orpheus Traum",NULL,2011
"Orte der Erinnerung","Dt. Erstausg.",2011
"Örtlich (un)begrenzt",NULL,2010
"Ort und Zeit mussten reif werden","1. Aufl.",2009
"Ostdeutsche Geschichten",NULL,2015
"Osterfacetten","Erstausgabe",2023
"Osterhase, Weihnachtsmann, Zahnfee und Co. mit ihren Macken und versteckten Vorlieben","1. Auflage",2022
"Osterinselchen",NULL,2010
"Ostern - Frühling - Glücksgefühle","1. Aufl.",2011
"Österreich. Karl",NULL,2008
"Osterspaziergang",NULL,2012
"Ostfriesische Petitessen","1. Auflage",2015
"Ostfriesischer Totentanz",NULL,2018
"Ostfriesland erzählt",NULL,2011
"Ost-Rand Geschichten","1. Auflage",2022
"Östringer Geschichten",NULL,2014
"O Struwwelpeter or stories alegre en piktures divertent",NULL,2009
"Ostthüringer Geschichtenbuch","Erste Auflage",2020
"Ostwestfalen-Lippe - OWL, witzig - mystisch - kriminell","1. Auflage",2019
"Ost-Westpassagen",NULL,2010
"Oszillograph",NULL,2012
"O Tannenbaum","1. Auflage",2015
"Ottakringer Sterbensläufte","1. Aufl.",2011
"Otto mit dem Pfeil im Kopf","1. Aufl.",2015
"Out of Balance","1. Print-Auflage",2023
"Out of Innergebirg","1. Aufl.",2010
"Outpost",NULL,2021
"Ova da savun",NULL,2012
"Overcoming prejudice","1. Auflage",2023
"Overdrive - Erotische Sex-Geschichten","1. Auflage",2021
"O wunderbare Gnaden-Blum","1. Aufl.",2009
"Paar-ti-Tour","1. Aufl.",2011
"Paarweise","1. Aufl.",2012
"Pack die Badehose ein ...",NULL,2015
"Packende Erzählungen","1. Auflage",2018
"Pack´s an und mach das Beste draus","1. Auflage",2016
"Packstation 143",NULL,2022
"Painliche Geschichten",NULL,2009
"Pake ahtao Apalai tō ehtopohpyry poko Rauschert nymerohpyry sero","1. Auflage",2019
"Palast der Leidenschaft",NULL,2023
"Palastwache","1. Aufl.",2010
"Pandemie",NULL,2020
"Panisches Idyll",NULL,2010
"Pannen, Pilze und ein Pool",NULL,2022
"Panoptikum","1. Aufl.",2014
"Papierfische",NULL,2017
"Papierschiffchen am Horizont","1. Auflage",2021
"Pappelstimmen",NULL,2019
"Parabeln","1. Auflage",2021
"Paradies 3000",NULL,2020
"Paradies auf Erden?","1. Auflage",2020
"Paradiese",NULL,2015
"Paradies Garten",NULL,2014
"Paradiesvogel","Erste Auflage",2023
"Paradiesvögel",NULL,2012
"Paradise Island - Nasse Geschichten",NULL,2022
"Paragramme","1. Aufl.",2011
"Paranoide Albträume","1. Auflage",2019
"Paranormale Phänomene","1. Aufl.",2014
"Pardon auf den Lippen",NULL,2013
"Paris, zwanzigster Juli",NULL,2012
"Park & Write","1. Auflage",2020
"Parole Volles Rohr Bonanza","1. Auflage",2021
"Partner fürs Leben","Dt. Erstausg.",2008
"Partnerinnen","1. Auflage",2016
"Partner, Paare, Paarungen",NULL,2012
"Partnerschaft ade","1. Aufl.",2008
"Partybus","1. Auflage",2022
"Parzelle Paradies","Erstausg., 1. Aufl.",2008
"Pascha, Perle und Perlchen",NULL,2008
"Passader Erzählungen","1. Auflage",2019
"Passagen ohne Netz",NULL,2013
"Passanten",NULL,2021
"Passion Theater",NULL,2008
"Pass mer fei auf!","1. Aufl.",2010
"Pass springt","Erstausg.",2009
"Passt, wackelt un hett Luft!",NULL,2017
"Patagonien",NULL,2009
"P-attacke","1. Aufl.",2010
"Paula - 28 Geschichten","1. Aufl.",2008
"Paulas kleines Geschichtenbuch","Orig.-Ausg., 1. Aufl., Erstdr.",2011
"Paulinchen's Kurzgeschichten","1. Auflage",2018
"Paul in den Bäumen",NULL,2011
"Paul-Otto Zwei Kreise, ein Strich","1. Auflage",2016
"Pause - Geschichten und Bilder",NULL,2020
"Pech klebt oder der ganz normale Wahnsinn ; lustige und groteske Geschichten über einen liebenswerten Chaoten","1. Aufl.",2013
"Pechvögel sind die einzige, nicht aussterbende Vogelart","1. Aufl.",2012
"Peer Wind und Regen","Erstveröffentlichung",2023
"Peinliche Gewinner",NULL,2009
"Peinliche Liebschaften",NULL,2009
"Peinlich, Heiß, SEX","1. Auflage",2022
"Peinlich, peinlich","1. Aufl.",2011
"Peitschen, Fesseln, SM und Analsex - Die besten Sex-Geschichten in der Literatur","1. Auflage",2014
"Pelle und ich sind unterwegs","1. Auflage",2018
"Pelze, Tee und vier Babuschkas",NULL,2010
"Pendulus und andere gruselige Geschichten","1. Aufl.",2010
"Penelopes Weg ... und andere kleine Geschichten aus Münster",NULL,2020
"Penthesiela Moabit",NULL,2023
"Perfektion - Wunsch nach Freiheit","1. Auflage",2022
"Perlenjagd und andere Geschichten","Erste Auflage",2020
"Perseiden",NULL,2022
"Persönliche Geschichten aus dem Jahr 2020",NULL,2021
"Persönlichkeit",NULL,2013
"Perspektiven",NULL,2021
"Perspektiven und andere Geschichten","1. Auflage",2016
"Perverse Nächte",NULL,2023
"Pesnja ne končaetsja","1. Auflage",2017
"Peter, Central Park 12 Uhr 10",NULL,2022
"Peterchens Kutschfahrt","1. Auflage",2019
"Peterchens Schlittenfahrt","1. Auflage",2017
"Peterchens Wüstenfahrt","1. Auflage",2018
"Petermännchen will König werden","1. Auflage",2019
"Petersburger Erzählungen","1. Auflage",2020
"Petra´s Gespür ... für den Arsch der Welt",NULL,2022
"Pfad der Jäger","1. Auflage",2020
"Pfadfinder der Nacht",NULL,2014
"Pfarrer Kohli platzt der Kragen",NULL,2020
"Pfarrer Ottos böse Geschichten","1. Aufl.",2012
"Pfarrer Roderich Krücke und seine Lipper",NULL,2014
"Pfefferspray für dein Gehirn","1. Auflage",2017
"Pfeifen",NULL,2015
"Pfeifen mit Pfiff",NULL,2009
"Pfeifenrauch und Rosenduft","1. Aufl.",2012
"Pferdeduft und Hufgetrappel","1. Auflage",2017
"Pferdefleisch und Plastikblumen","1. Aufl.",2013
"Pferdehandel","1. Auflage",2016
"Pferdemanie",NULL,2010
"Pfui Deibel!",NULL,2012
"Phantasie gegen Pandemie","1. Auflage",2020
"Phantasmagoriana","1. Auflage",2023
"Phantastisch",NULL,2009
"Phantastische Erzählungen","1. Aufl.",2011
"Phantastische Fantasien","Orig.-Ausg.",2011
"Phantastische Irritationen",NULL,2020
"Phantastisches Bonn","1. Auflage",2017
"Phantastisches Frühstück",NULL,2014
"Phantastisches Giessen","Originalausgabe",2023
"Phantastisches Schwaben",NULL,2019
"Philosophie des Autofahrens","1. Auflage",2022
"Philosophische Alltagsgedanken",NULL,2023
"Philosophische Erzählungen",NULL,2011
"Physikstunde","1. Auflage",2020
"Picknick am See",NULL,2016
"Picknick in Sodom",NULL,2011
"Piepenbrinks Hochzeit",NULL,2021
"Piepsi und Sammy",NULL,2015
"Pikant! Pikant!",NULL,2009
"Pik As",NULL,2008
"Pillnitzer Geschichten","Erste Auflage",2020
"Pilot in letzter Entscheidung",NULL,2012
"Pilum Literaricum 25/ 2020","1. Auflage",2020
"PILUM LITERARICUM 30/2022","1. Auflage",2022
"Pink - 10",NULL,2008
"Pink Tales – Storys von Flo-Flo-Florida","1. Aufl.",2014
"Pinsel-Streiche",NULL,2011
"Piratenbeute",NULL,2011
"Piratenherz","1. Aufl.",2010
"Piroschka ist tot",NULL,2023
"Piroschka und die Wolpertinger",NULL,2012
"Pistole mit sechzehn","1. Auflage",2016
"Pitts Poesie und Kurzgeschichten",NULL,2020
"Plan B wie Baby",NULL,2023
"Planet Luxemburg und andere komische Geschichten","Orig.-Ausg., 1. Aufl.",2012
"Planglück",NULL,2017
"Planta Nubo",NULL,2023
"Planvoll gescheitert","1. Auflage",2022
"Plattdeutsche Kurzgeschichten",NULL,2016
"Plattdütsch Land",NULL,2015
"PlattFormen",NULL,2015
"Platt gekallt",NULL,2011
"Platt is wat",NULL,2015
"PlattSnack","1. Auflage",2023
"Plätzchenduft und Tannengrün","1. Aufl.",2014
"Platz der Geschichten",NULL,2017
"Plaudereien aus der Wörterdose",NULL,2016
"Plön",NULL,2010
"Plötzlich","Auflage 1",2018
"Plötzlich Bescherung und andere (un)weihnachtliche Geschichten","Originalausgabe, 2. Auflage",2022
"Plötzlich fiel meine Nachbarin vom Stuhl",NULL,2008
"Plötzlich geküsst","1. Auflage",2020
"Plötzlich war er da","1. Auflage",2018
"PM - Personal Message","Erstauflage",2019
"Pocket-Stories to go","1. Auflage",2020
"Poesie und süße Lust",NULL,2021
"Poesie zum Verschenken","1. Aufl.",2011
"Poetry tREnD",NULL,2010
"Point Zero und andere Kurzgeschichten","Vollständige Taschenbuchausgabe",2016
"POLARLICHT","1. Auflage",2019
"POLARLICHT - GESAMMELTE ERZÄHLUNGEN","1. Auflage",2021
"Polarstation","1. Auflage",2022
"Poli Romantiko",NULL,2008
"Politiker haben kurze Beine",NULL,2011
"Politik? Lach einfach drüber",NULL,2018
"Politik mit Hundeklo","1. Aufl.",2011
"Polizei-Geschichten","1. Auflage",2017
"Polizist, Freund, Helfer und Mensch","1. Auflage",2017
"Polnisch lernen",NULL,2012
"Polstergespräche",NULL,2013
"Poor Millionaire & Miss Grinch","1. Auflage",2021
"Pornland",NULL,2022
"Porridge, pies and pistols",NULL,2013
"Porträts einer Frau","Erstausgabe",2020
"Poseidons Wette und andere Geschichten",NULL,2011
"Post aus Rom","1. Auflage",2020
"Post aus Samoa",NULL,2009
"Postcard Stories Katzen",NULL,2009
"Postmoderne Romanerzählungen",NULL,2021
"Post von Paul","1. Auflage",2021
"Potpourri der Gedanken",NULL,2011
"Potpourri des Lebens",NULL,2008
"Potsdamer Anekdoten",NULL,2008
"Pott meets poetry","1. Aufl.",2013
"Pott Pouree - verreimte Lieblingsrezepte",NULL,2015
"Pott und die Welt",NULL,2009
"Prägende Erlebnisse",NULL,2022
"Prager deutsche Erzählungen","1. vydání",2015
"Prager Geschichten",NULL,2015
"PragMagisch",NULL,2013
"Prägungen",NULL,2014
"Präpositionen","1. Auflage",2022
"PrärieLust","1. Auflage, vollständige Taschenbuchausgabe, Originalausgabe",2023
"Präsenz und Todestöne","Originalausgabe, 1. Auflage",2021
"Preistexte 08",NULL,2008
"Preistexte 09",NULL,2009
"preistexte21","1. Auflage",2021
"PREMIER MAI VIVE LA FRANCE! oder: die Hölle = BRD = Kapitalismus mit menschlichem Antlitz? 2.Auflage","1. Auflage",2018
"Prickelnde Stories aus einem Füllhorn von Ideen","1. Auflage",2023
"Priester des Todes",NULL,2011
"Primus","1. Auflage",2018
"Prinzessinnenüberschuss und andere Geschichten",NULL,2011
"Prinz Feuerkopf, Räuber Schneemilch und andere Geschichten",NULL,2012
"Privat","1. Auflage",2019
"Probeliegen",NULL,2011
"Professorenmensa","Erstausgabe",2020
"Professor N ... ist doof",NULL,2014
"PROFESSOR VAN DUSEN: DAS RÄTSEL VON ZELLE 13 UND WEITERE FÄLLE DER DENKMASCHINE","1. Auflage",2020
"Programm Pandora und andere Kurzgeschichten","1. Aufl.",2014
"Projekt Mensch","1. Aufl.",2008
"Promille und Endorphine","1. Auflage",2020
"Prominenz","1. Auflage",2019
"Prosa",NULL,2008
"Prosablüten","1. Aufl.",2011
"Prosaische Passionen","Originalausgabe",2022
"Prosaranken","1. Aufl.",2013
"Prost, Harry!","1. Auflage",2016
"Protective Men Trilogy","1. Auflage",2018
"Protokoll Delta Bravo",NULL,2023
"Prototypen und andere Unwägbarkeiten",NULL,2011
"Provenzalische Begegnungen","1. Aufl.",2014
"Provinzlexikon","Genehmigte Taschenbuchausg., 1. Aufl.",2011
"proWort",NULL,2019
"Proxima Virginis und andere Geschichten",NULL,2010
"psst ...","1. Auflage",2022
"Psychedelia","1. Aufl.",2012
"Psychoanalyse","1. Auflage",2023
"Psychologische Verteidigung","1. Aufl.",2013
"PSYCHOPOESIE Die Kapitänin und die Welle",NULL,2023
"Psychs of New Pretoria","1. Auflage",2023
"Pufisound","1. Auflage",2022
"Pulsschlag",NULL,2009
"Pulswärmer",NULL,2008
"Puppenmutti Friedelchen und weitere Geschichten",NULL,2015
"Pure Lebenslust",NULL,2013
"Pure Lust",NULL,2011
"Purpurne Lust","Orig.-Ausg.",2011
"Purzelbäume im Kopf","1. Auflage",2023
"Puste-Blume","1. Auflage",2022
"Pusteblume",NULL,2019
"Putins Pudel und andere fast wahre Geschichten aus Russland",NULL,2016
"Puulkartüffeln","1. Aufl.",2008
"Pyjamastories","1. Auflage",2022
"Qasem Schneider in Beirut","1. Auflage",2018
"Quadratmetergeschichten",NULL,2012
"Quälende Gedanken","1. Auflage",2017
"Qualverwandt",NULL,2011
"Quartessenz",NULL,2011
"Quattro stagioni","Orig.-Ausg., 1. Aufl.",2013
"Que concierne",NULL,2019
"Quedlinburger Anekdoten",NULL,2012
"Queeres entdecken",NULL,2022
"Queeres entdecken 2022",NULL,2022
"Queeres entdecken 2023",NULL,2023
"Quelle chance! et autres nouvelles",NULL,2017
"Quer",NULL,2013
"Quer Beet ...","Originalausgabe, 1. Auflage",2015
"Quer Beet aufs Treppchen","1. Auflage",2020
"Quer Beet aufs Treppchen/Quer Beet aufs Treppchen 2020/21","1. Auflage",2021
"Querbeet durch's Leben","1. Auflage",2023
"Querbunt",NULL,2020
"Quer durch die Welt wuseln - Afrika!","Originalausgabe",2017
"Quer durchs Quartier in die Welt hinein","1. Aufl.",2013
"Querschläger","1. Auflage",2018
"Quersumme 9 Erzählungen",NULL,2008
"Querwärts ... Stories","Erstaufl.",2013
"Quessess","1. Aufl.",2008
"Qui bono","Jugendfreie Version, 1. Auflage",2017
"QUICK &amp; DIRTY 2 - Geschichten mit X","1. Auflage",2018
"Quintessenz",NULL,2018
"Quintiliano","1. Auflage",2016
"Quintilliano","1. Auflage",2017
"quodlibet","1. Auflage",2018
"Rabbi Lach und seine Geschichten",NULL,2015
"Rabenschwarz","1. Auflage",2022
"Rabenschwarze Schicksale","Erstaufl.",2012
"Rabenschwarz und schwanenweiß",NULL,2009
"Raben-Stephan & Co.",NULL,2021
"Rabens Weihnacht – Der kleine Dschinn und andere Geschichten zum Fest","1. Auflage",2022
"Racconti sotto le stelle","Prima edizione bilingue italiano/tedesco",2021
"Rache der Vergangenheit","1. Auflage",2023
"Rache ist Senf","1. Aufl.",2008
"Rachel ist süß",NULL,2008
"Rache zeugt die schönsten Morde","1. Aufl.",2016
"Radfahren schön trinken",NULL,2014
"Radioaktive Tierrundschau",NULL,2009
"Radio Heimat","1. Aufl.",2009
"Rafael, Theo, Laurent","1. Auflage",2019
"Rainbow Nights - Sex in Hollywood","1. Auflage, vollständige Taschenbuchausgabe, Originalausgabe",2022
"Ramsch","1. Auflage",2019
"Ran an'n Sarg und mitjeweent","1. Aufl.",2010
"Randbegegnungen","Deutsche Erstausgabe",2016
"Randgeher",NULL,2019
"Randgruppenmitglied","1. Aufl.",2010
"Randnotizen","Orig.-Ausg.",2014
"Randvermerke",NULL,2017
"Randwelten","1. Auflage",2020
"Rania","1. Aufl.",2012
"Rantschilwis Weg","Erste Auflage",2020
"Ränzelhinrich","1. Aufl.",2012
"Rapunzelzeiten","Erste Auflage",2022
"Rasante Rhapsodien","1. Auflage",2023
"Rassismus, Gender & Lillemor","1. Auflage",2018
"Rätselhafte Orte","Erste Auflage",2022
"Rätselhafte Orte unter der Erde","Erste Auflage",2023
"Raubritter und Burgfräulein in Thüringen","1. Auflage",2023
"Räuchermanndl und Weihnachtsgansl",NULL,2014
"Rauch über dem Spellersiek","1. Aufl.",2011
"Raumanzüge & Räuberpistolen","Orig.-Ausg., 1. Aufl.",2010
"Raumforderung","1. Auflage",2016
"Raumpatrouille","1. Auflage",2016
"Raumtexte",NULL,2011
"Raunächte - das Koch-Lesebuch","1. Auflage",2016
"Rauschzeit",NULL,2010
"Reality Stories","1. Auflage",2022
"Re-Animator und weitere Erzählungen",NULL,2019
"Rebellen, Zicken und Millionäre",NULL,2013
"Rebellionen - moderne Sanskrit-Erzählungen über Tradition und Neuerung im Alltag indischer Paare",NULL,2020
"Rebellion in Sirius City","1. Auflage",2020
"Reclams Weihnachtsbuch",NULL,2019
"Reclams Winterbuch",NULL,2019
"Redefluss und Wortbrücken","1. Auflage",2023
"Reden ist Silber, Schreiben ist Gold",NULL,2021
"Reeperbahngeflüster","1. Aufl.",2012
"Rega Band 1",NULL,2020
"Regenbogenfragmente Hoffnung",NULL,2023
"Regenbogenhund","1. Auflage",2015
"Regenbogenläufer","1. Aufl.",2009
"Regenbogensteine",NULL,2008
"Regenbogen über Lateinamerika","1. Aufl.",2009
"Regenbogenzeit",NULL,2010
"Regensburg und überall","1. Auflage",2015
"Regen sich regen erregen",NULL,2020
"Regen zwei Schirme",NULL,2011
"Regionale Schlossgeschichten","Erste Auflage",2023
"Rehe am Meer","1. Aufl.",2008
"Reiche Mädchen",NULL,2012
"Reich ohne Schatten","Originalausgabe",2016
"Reichtum des Lebens","1. Auflage",2021
"Reife Frau",NULL,2023
"Reife MILF Fantasien","1. Auflage, vollständige Taschenbuchausgabe, Originalausgabe",2022
"Reif für Berlin","1. Auflage",2020
"Reif für die Insel","Orig.-Ausg., 1. Aufl.",2011
"Reif trifft jung","1. Auflage, vollständige Taschenbuchausgabe, Originalausgabe",2019
"Reif trifft jung - erfahren trifft neugierig","1. Auflage, vollständige Taschenbuchausgabe, Originalausgabe",2020
"Reif trifft jung - junges Fleisch","1. Auflage, vollständige Taschenbuchausgabe, Originalausgabe",2020
"Reif trifft jung - jung, naiv & willig","1. Auflage, vollständige Taschenbuchausgabe, Originalausgabe",2020
"Reim in ... Reim out","1. Aufl.",2010
"Rein akustisch",NULL,2017
"Reinders' Tod","1. Aufl.",2013
"Reine Frauensache!","1. Aufl.",2011
"Reine Fundsachen",NULL,2010
"Reinhardsbrunner Poesiealbum",NULL,2016
"Reiseabenteuer des Drachen","Erste Auflage",2016
"Reisebericht nach und Kurzgeschichten aus Kuwait","1. Auflage",2021
"Reisefertig",NULL,2020
"Reise: Genuss",NULL,2011
"Reiseglut",NULL,2013
"Reise-Impressionen","1. Auflage",2020
"Reise ins Land Verkehrtherum","Originalausgabe",2020
"Reiselust",NULL,2008
"Reiselust naschen",NULL,2013
"ReiseLust - Orte der Leidenschaft","1. Auflage, vollständige Taschenbuchausgabe, Originalausgabe",2023
"Reiselust und Gartenträume","1. Auflage",2017
"Reiselust und Lebenslust","1. Auflage",2022
"Reisen","Orig.-Ausg., 1. Aufl.",2015
"Reise nach Polstadt","1. Auflage zum 150. Geburtstag von Friedrich Wilhelm Mader am 1. September 2016",2016
"Reise nach Utrecht und andere Geschichten","1. Auflage",2023
"Reisen auf dem Weg des Lebens","1. Aufl.",2010
"Reisen durch die Zeit","1. Aufl.",2010
"Reisen Essen Schreiben",NULL,2019
"Reisen in ein anderes Leben",NULL,2011
"Reisen können",NULL,2013
"Reisen – und was es zu erzählen gibt","1. Aufl.",2011
"Reiseprostituierte",NULL,2023
"Reisetagebücher","Originalausgabe, 1. Auflage",2017
"Reisetagebücher zum Bahnreisen/Erlebnisreisen","1. Auflage",2014
"Reiseziel Utopia","1. Auflage",2018
"Reissalon","1. Auflage",2016
"Reißwolf Hirn",NULL,2012
"Reizvolle Episoden zwischen Afrika und Europa",NULL,2013
"Relativ Kleine, absolut wahre Geschichten","1. Aufl.",2008
"Religion und Liebe",NULL,2017
"Relikte aus dem Würfelbecher des Schicksals",NULL,2022
"Relikte bei Windwechsel",NULL,2016
"Rendezvous mit dem Fettnäpfchen","1. Auflage",2019
"Rendezvous mit dem Tod","1. Auflage",2020
"Rendezvous mit dem Tod und weitere unheimliche Kurzgeschichten","Originalausgabe, 1. Auflage,",2015
"Rendez-vous mit mir","1. Auflage",2016
"Rendezvous mit Regensburg","1. Auflage",2023
"Rendezvous von Geschichten & Gedichten","Zweite Auflage",2019
"Rentiere im Anflug",NULL,2021
"Rentner werden ist nicht schwer ...","1. Aufl.",2012
"Requiem auf eine Hand",NULL,2013
"Resonanzen",NULL,2008
"Ressentiment","1. Auflage",2023
"Restposten der Gefühle","1. Aufl.",2009
"Rest weg! - die übrigen Geschichten",NULL,2017
"Resümee, aber alt werde ich morgen",NULL,2021
"Rette mich wer kann!",NULL,2014
"Retter der Heimat",NULL,2011
"Retter der Wirklichkeit oder der Tag, an dem der Himmel grün war","1. Aufl.",2015
"Rettungen","Erste Auflage",2020
"Revierförster","1. Aufl.",2012
"Revolution in Bethlehem",NULL,2019
"Revolution und Filzläuse","Ungekürzte, vom Autor überarb. Ausg., 1. Aufl.",2009
"Revolverhelden auf Klassenfahrt","Dt. Erstveröff., 1. Aufl.",2014
"Rezepte und Geschichten rund ums Kochen",NULL,2022
"Rheinberg","1., Auflage",2012
"Rheinische Morde","Taschenbuchausg., dt. Erstausg.",2011
"Rheinisches Land und rheinische Leute",NULL,2012
"Rheinisches Rondeau","1. Aufl.",2012
"Rhododendrongrüne Olivengedanken","1. Aufl.",2008
"Rhonewind",NULL,2014
"Rhythmen, die die Welt bewegten","1. Aufl.",2010
"Rhythmische Leidenschaft","1. Auflage, vollständige Taschenbuchausgabe, Originalausgabe",2022
"Ricardos Weg ",NULL,2019
"Richtig liegen",NULL,2011
"Richtig Tanzen","Originalausgabe",2017
"Richtungswechsel","1. Auflage",2021
"Ricky",NULL,2014
"Ridiculous, neue Kurzgeschichten",NULL,2013
"Riding Free - Geschichten aus dem Bikerleben","Originalausgabe",2020
"Riesenfloh mit Zahnprothese",NULL,2011
"Rike und Manuel",NULL,2021
"Rinforzando",NULL,2008
"Rio Grande Charly Sammelband 5 Western Romane","1. Auflage",2021
"Risikoanalyse","1. Aufl.",2013
"Riskante Fahrt in die Sahara","1. Auflage",2020
"Risse","1. Aufl.",2012
"Risse im Beton","1. Aufl.",2009
"Risse im Schafspelz",NULL,2022
"Risse in der Fassade","1. Auflage",2023
"Rituale des Verschwindens","1. Auflage",2019
"Robbenjagd in Berlin",NULL,2009
"Robert und andere gereimte Geschichten, Satiren und Märchen",NULL,2013
"Robinson-Geschichten",NULL,2022
"Robofreund","1. Auflage",2022
"Roboterliebe","1. Aufl.",2013
"Rock Around The Tannenbaum","1. Auflage",2021
"Rocker Geschichten","1. Auflage, vollständige Taschenbuchausgabe, Originalausgabe",2019
"Rock'n'Roll Stories","1. Aufl.",2011
"Rockstar 5.0","1. Auflage",2020
"Rohrstocktagebuch",NULL,2009
"Rokoko-Geschichten",NULL,2010
"Roland schmunzelt","1. Aufl.",2008
"Rolduc","Erste Auflage",2017
"Rolf Torring",NULL,2015
"Rolf und Andra",NULL,2021
"Rolf und Frau Schubert","Deutsche Erstausgabe",2015
"Rolle hinterwärts",NULL,2010
"Rollen-Spiele","1. Aufl.",2013
"Rollentausch","Erste Auflage",2020
"Rolle rückwärts",NULL,2016
"Rolling Stoned","1. Auflage",2019
"Rollo und die Gespenster","1. Auflage",2021
"Romane & Erzählungen",NULL,2010
"Romane, Erzählungen, Journale","1. Aufl.",2009
"Romane, Erzählungen, Tagebücher","1. Aufl.",2008
"Romane und Erzählungen",NULL,2010
"Romans Erzählungen","1. Auflage",2022
"Romantische Auszeiten",NULL,2020
"Romantische Erzählungen",NULL,2009
"Romeo & Aileen","1. Auflage",2019
"Romeoblues","1. Auflage",2016
"Römische Geschichten","1. Auflage",2021
"Römisches Vorspiel",NULL,2008
"Rom - Oberhausen","1. Auflage",2018
"Ronooms Jagd und andere Science Fiction Geschichten",NULL,2012
"Rosa ist Rosa","1. Aufl.",2008
"Rosen brechen",NULL,2016
"Rose Noire",NULL,2009
"Rosensplitter",NULL,2012
"Rosi auf der Suche nach Geld und Glück",NULL,2017
"Rosige Aussichten",NULL,2020
"Rosmarin und Thymian",NULL,2016
"Rost","1. Auflage",2016
"Rostocker Gepinsel ... und andere Erzählungen","1. Auflage",2023
"R o t a t i o n","1. Auflage",2023
"Rote Ampel Vater Unser","1. Aufl.",2014
"Rote Ranunkeln","1. Auflage",2018
"Rot gegen Rot",NULL,2008
"Rothenburger Histörchen","1. Aufl.",2008
"Rot ist die Farbe der Sehnsucht",NULL,2011
"Rotjäckchen und der perverse Wolf","1. Auflage",2016
"Rotkehlchen umschwirren mich",NULL,2013
"Rotweinlaune auf Weißweinbasis","1. Aufl.",2013
"Rotwein oder Weißwein","1. Auflage",2021
"Rot wie Blut","1. Auflage",2019
"Rouven Hardlicht - Blau","Ausgabe 3",2016
"Royal Baby",NULL,2014
"Royal Daddies","1. Auflage",2018
"Royal Mile - Mein Schritt aus den Schatten","1. Auflage",2020
"Ruby lebt","Erstausg.",2011
"Rubys Welt","Dt. Erstausg.",2010
"Rückblende","1. Auflage",2020
"Rückenwind",NULL,2010
"Rückfall – eingeplant!",NULL,2017
"Rückkehr",NULL,2010
"Rückkehr ins Paradies",NULL,2016
"Rückkehr nach Schapdetten","1. Auflage",2019
"Rücksichten",NULL,2020
"Rückwärtslaufen","1. Aufl.",2011
"Rückweg mit leichtem Gepäck",NULL,2008
"Ruhepol","Orig.-Ausg.",2015
"Ruhestand",NULL,2023
"Ruhm","1. Aufl.",2009
"Ruhrpott Blagen","1. Auflage",2023
"Ruht ein Text in allen Dingen","1. Auflage",2021
"Ru lin wai shi",NULL,2015
"Runde Geschichten um eckige Pannen",NULL,2012
"Rund üm denn Kerktoorn","1. Auflage",2019
"Rund um die Ecken des Lebens","1. Auflage",2020
"Rund um die Krippe","1. Auflage",2020
"Rund um die Welt in mehr als 80 SF Geschichten","Erste Auflage",2016
"Rundumschlag","1. Aufl.",2013
"Rund wie die Erde","Orig.-Ausg., 1. Aufl.",2012
"Runnäzus","1. Aufl.",2008
"Runz, der Wahrheitssucher oder andere kurze Geschichten","1. Auflage",2016
"Ruprechts großer Rutentest","1. Auflage",2017
"Rusalka und ihre Kinder",NULL,2022
"Russentied in Tarnow","1. Auflage",2019
"Russen und Prußen","1. Aufl.",2009
"Russian reds",NULL,2011
"Russisch Brot",NULL,2009
"Russische Erzählungen (Bücher + 3 MP3 Audio-CDs) - Lesemethode von Ilya Frank","1. Auflage",2023
"Russische Erzählungen Geschenkset - 3 Bücher (mit Audio-Online) + Eleganz der Natur Schreibset Basics","1. Auflage",2023
"Russische Erzählungen Geschenkset - 3 Bücher (mit Audio-Online) + Eleganz der Natur Schreibset Premium","1. Auflage",2023
"Russische Erzählungen Geschenkset - 3 Bücher (mit Audio-Online) + Marmorträume Schreibset Basics","1. Auflage",2023
"Russische Erzählungen Geschenkset - 3 Bücher (mit Audio-Online) + Marmorträume Schreibset Premium","1. Auflage",2023
"Russische Erzählungen (mit kostenlosem Audio-Download-Link)","1. Auflage",2022
"Russische Geschichten/ Besuch aus Orkutsk","1. Auflage",2018
"Russische Geschichten/ Nach Gott gucken","1. Auflage",2017
"Russische Kurzgeschichten (Bücher + 9 Audio-CDs)","1. Auflage",2023
"Russische Kurzgeschichten (mit kostenlosem Audio-Download-Link)","1. Auflage",2022
"Saarland Buch/Das saarländische Weihnachtsbuch",NULL,2022
"Saarland Buch/'s Guddsje - Orginelles und Originale im Saarland - Saarland Buch",NULL,2023
"Saarland Krimiland","1. Aufl.",2014
"Saat des Grauens und andere Geschichten","Originalausgabe",2016
"Sacha gibts","1. Aufl.",2010
"Sachlicher Bericht über das Glück, ein Morphinist zu sein","1. Aufl.",2011
"Sächsischer Kaffee",NULL,2009
"Sackgasse",NULL,2009
"Sackratten-Blues",NULL,2011
"Sad face - happy face","Dt. Erstausg.",2008
"Sad roses",NULL,2009
"Saferions Auftrag: Tripolonium",NULL,2022
"Safranhimmel","1. Auflage",2022
"Safran, Sushi und Prosecco",NULL,2008
"Sag amoi, des gibt' s doch ned!",NULL,2010
"Sagas aus dem Alten Irland",NULL,2023
"Sag' einfach Danke und Geschichten, die das Herz berühren","1. Aufl.",2009
"Sagen & Geschichten aus Dettelbach",NULL,2011
"Sagengestalten der Oberpfalz",NULL,2023
"Sagenhaft böse","Erste Auflage",2019
"Sagenhafte Geschichten","1. Auflage",2021
"Sagenhafte Geschichten aus der Eifel: des Teufels Gold",NULL,2013
"Sagenhafte Lüneburger Heide","1. Auflage",2019
"Sagenhaftes Bergisches Land","1. Auflage",2023
"Sagenhaftes Burgen- und Heideland","1. Auflage",2017
"Sagenhaftes Oldenburger Land","1. Auflage",2017
"Sagenhafte und erlebte Geschichten um die Scheeßeler Mühle",NULL,2014
"Sagenhafte Verbrechen aus dem Lechrain","Erstausgabe",2016
"Sagenkinder","1. Aufl",2010
"Sagen, Legenden und Geschichten im Kreis Cochem-Zell",NULL,2017
"Sagen, Määrkens und Vertellen ut den Kreis Horborg un Ümto",NULL,2008
"Sagen, Märchen, Schwänke und Geschichten aus Mödling und Umgebung","1. Auflage",2021
"Sagen reloaded",NULL,2020
"Sagen und andere wunderliche Geschichten",NULL,2020
"Sagen und Anekdoten aus Homburg am Main und Umgebung",NULL,2018
"Sagen und Geschichten über die Insel Rügen./Die Jungfrau aus Störtebekers Schatzkammer","1. Auflage",2016
"Sagen und Geschichten von der Sieg",NULL,2009
"Sagen vom Rübezahl",NULL,2015
"Sagen von Androulan - Gun Lah","Erste Auflage",2023
"Sag es in Leuchtbuchstaben","1. Aufl.",2014
"Sag mal im Park",NULL,2013
"Sag nicht, es war einmal. Berlin ist immer!",NULL,2013
"Sagte sie","1. Auflage",2018
"Sah ein Ross ein Knäblein stehen","1. Auflage",2021
"Sahnehäubchen für die Seele",NULL,2011
"Saisonarbeit","1. Auflage",2018
"Sake und Schreibe","1. Aufl.",2014
"Sakrament des Todes","1. Aufl.",2014
"Salamanderbeine","Originalausgabe",2023
"SALLY STRASS KÄMPFT GEGEN DAS BÖSE","1. Auflage",2019
"Salon 1988 bis heute","1. Auflage",2019
"Salsa goes sexy!","Erstausgabe",2019
"Salzburger Satiren","1. Aufl.",2014
"Salz der Erde","1. Aufl.",2016
"Salz mit Schokolade",NULL,2023
"Samen des Guten","1. Aufl.",2010
"Samester Jagd-Geschichten","1. Auflage",2020
"Samira","Erste Auflage",2021
"Sammelband","1. Auflage",2022
"Sammelband Abenteuerstories aus vergangener Zeit",NULL,2022
"Sammelband Deutsch-Südwestafrika",NULL,2016
"Sammelband Kurzgeschichten","1. Auflage",2018
"Sammelband Nr. 6","1. Auflage",2019
"Sammelband: Saint-Tropez Krimis 10 - 12","1. Auflage",2022
"Sammelband: Saint-Tropez Krimis 13 - 15","1. Auflage",2023
"Sammelband: Saint-Tropez Krimis 7 - 9","1. Auflage",2021
"Sammelband The Passion Collection","1. Auflage",2018
"Sammelsurium","1. Auflage",2019
"Sammelsurium der Welten",NULL,2023
"Sammelsurium der Zeit",NULL,2022
"Samstags war Badetag","1. Auflage",2016
"Samtene Nächte","Orig.-Ausg.",2010
"Sämtliche Erzählungen",NULL,2008
"Sämtliche Romane und Erzählungen",NULL,2009
"Sämtliche Werke",NULL,2008
"Sämtliche Werke und Briefe",NULL,2010
"Sanatorium","1. Auflage",2020
"Sandalen im Winter","1. Auflage",2021
"Sandfisch","1. Aufl.",2008
"Sandoval",NULL,2016
"Sandro der Fußballspieler",NULL,2014
"Sandy Knaller",NULL,2015
"Sanfte Hügel auf hartem Granit",NULL,2014
"Sanfte Morde und andere Begebenheiten",NULL,2008
"Säntis und Alpstein im Gedicht",NULL,2009
"Sanuk und der weiße Elefant","1. Auflage",2017
"Saphira and Linus","1. Auflage",2022
"Sarg die Wahrheit!","1. Auflage",2020
"Sarggeschichte","1. Auflage",2019
"Saschas Slavin","1. Aufl.",2015
"Sa Tire","Originalausgabe, Erstdruck",2015
"Satire satt",NULL,2015
"Satura",NULL,2008
"Saturday Night","Orig.-Ausg.",2009
"Sätze über Planken",NULL,2013
"Sauber!","Erste Auflage",2016
"Sauberer Strom, sauberes Geld, sauberer Schuss","1. Auflage",2016
"Sauerländische Mundart-Anthologie VII","1. Auflage",2018
"Sauer macht lustig! … Und weitere humoristische Anekdoten zum Vorlesen, Lachen und Plaudern",NULL,2021
"Sauerstoff","1. Auflage",2019
"Saul unter den Propheten",NULL,2011
"SaunaSex und 12 andere heiße Geschichten",NULL,2010
"Saure Äpfel, harte Nüsse, weiche Birnen",NULL,2018
"Säuremax und Seifenorge",NULL,2009
"Sava und andere fantastische Erzählungen",NULL,2023
"S-Bahn-Geschichten",NULL,2008
"Schabenfreude",NULL,2011
"Schabernack unter der Burg","1. Auflage",2016
"Schachfiguren und Glücksbringer","1. Aufl.",2008
"Schachmatt","1. Auflage",2020
"Schade, dass man einen Wein nicht streicheln kann",NULL,2019
"Schäfchenweiche Windelwelt","1. Auflage",2016
"Schafkopfen mit Mozart und andere Glossen, Satiren, Gedichte & Kurzgeschichten",NULL,2022
"Schalenmenschen",NULL,2019
"Schall und Rauch",NULL,2012
"Schamlos",NULL,2009
"Schamlos scharmant","1. Aufl.",2012
"Schamlos und sexbesessen",NULL,2010
"Schamlos und verdorben",NULL,2010
"Schaper´sche Geschichten",NULL,2014
"Scharf","Ungekürzte Ausg., 1. Aufl.",2010
"Scharf auf dich",NULL,2012
"Scharfes kurz Angerichtet","1. Auflage",2022
"Scharfes und Frivoles","1. Auflage",2020
"Scharf geschossen","Orig.-Ausg.",2011
"Scharf gewürzt","1. Aufl.",2013
"Scharf ist die Waffe des Schreiberlings","1. Aufl.",2014
"Schattenbilder","1. Auflage",2020
"Schatten der Anderswelt: 7 Romane und Erzählungen","1. Auflage",2020
"Schatten der Zeit oder Geschichten von kleinen Leuten im Vogtland","1. Auflage",2020
"Schatten - die Anthologie","1. Auflage",2020
"Schattenfeuer","1. Auflage",2016
"Schattenflammen","1. Auflage",2018
"Schattenhaft",NULL,2008
"Schatten in Teheran",NULL,2013
"Schattenkinder","1. Aufl. Dezember 2011",2011
"Schattenland","Orig.-Veröff.",2013
"Schattennächte","1. Aufl.",2013
"Schatten, Schauer, Spukgestalten",NULL,2012
"Schatten Seiten","1. Auflage",2022
"Schattenseiten","1. Aufl.",2010
"Schattenspiel",NULL,2008
"Schattenspringer auf Kreuzfahrt",NULL,2021
"Schatten suchen keine Ewigkeit",NULL,2013
"Schatten und Blut","1. Auflage",2023
"Schattenwanderung",NULL,2010
"Schattenwelten","1. Auflage",2018
"Schattenwesen","1. Auflage",2023
"Schattenzeit","1. Aufl.",2015
"Schattenzeit Geschichten",NULL,2016
"Schätze eines Inselchens",NULL,2008
"Schatz im Scheißhaus","1. Auflage",2019
"Schatzkästchen","Originalausgabe",2014
"Schau auf den Mond und den Wald und die Elbe","1. Aufl.",2012
"Schauergeschichten für ängstliche Männer","Erste Auflage",2017
"Schauermärchen","1. Auflage",2019
"Schau in die Zukunft","1. Aufl.",2015
"Schau mal Papa, ein Flingumin!","1. Auflage",2019
"Schaurige Geschichten vom Bauernhof und das Geheimnis der düsteren Kammer","1. Auflage",2019
"Schaurige Orte am Niederrhein","1. Auflage",2022
"Schaurige Orte auf Mallorca","1. Auflage",2023
"Schaurige Orte in der Schweiz","1. Auflage",2021
"Schaurige Orte in Österreich","1. Auflage",2023
"Schaurige Orte in Südtirol","1. Auflage",2022
"Schechina","1. Auflage",2016
"Scheherazades Kinder","1. Auflage",2021
"Scheidung auf Probe","1. Auflage",2015
"Scheidungsstammtisch","1. Aufl.",2015
"Schein oder Sein?","Originalausgabe",2017
"Schellackouvertüren",NULL,2010
"Schenk dem Tag ein Lächeln",NULL,2011
"Schenk mir einen Regenbogen","Limitierte Jubiläumsedition",2018
"Schenk mir ein Jahr ohne Weihnachten","1. Auflage",2016
"Scherben bringen Glück","1. Aufl.",2014
"Scherben einer Göttin: Liliths verborgene Gesichter","1. Auflage, limitierte Schmuckausgabe",2022
"Scherbenhaufen",NULL,2019
"Scherbenschreiberei","1. Auflage",2020
"Scherereien im Paradies",NULL,2018
"Schichtwechsel",NULL,2017
"Schicke Mütze","1. Aufl.",2012
"Schick mich, ich bin schnell","1. Auflage",2017
"Schicksale & ärztliches Handeln",NULL,2009
"Schicksalhafte Begegnungen","Deutsche Erstausgabe",2016
"Schicksalsfragmente Eins","1. Auflage",2021
"Schicksalsfragmente Zwei","1. Auflage",2021
"Schicksalsmelodie",NULL,2008
"Schicksalsschläge","1. Aufl.",2013
"Schicksalssommer - von heiter bis tödlich","Printausgabe, 1. Auflage",2023
"Schieß los!","Orig.-Ausg.",2013
"Schillers Anthologie-Gedichte, kritisch herausgegeben","1. Aufl.",2010
"Schiller, Schorle, Schenkelfeger","1. Auflage",2018
"Schimmler","1. Auflage",2023
"Schizophrene Geschichten","Erste Auflage",2017
"Schlachtensee","1. Auflage",2023
"Schlachtgraus","1. Aufl.",2014
"Schlafen im Kartoffelsack",NULL,2010
"Schlaflos brennen die Wörter",NULL,2018
"Schlaflos in Paderborn","1. Auflage",2016
"Schlaf schön ein Geschichten",NULL,2020
"SchlagArtig!","1. Auflage",2019
"Schlagende Wetter auf Johanne","1. Aufl.",2014
"Schlaglichter aus dem Leben","1. Auflage",2021
"Schlaglichter aus dem Leben (Band 2)","1. Auflage",2021
"Schlangen schauen",NULL,2016
"Schlange und Schwan",NULL,2013
"Schlanker werden","1. Aufl.",2012
"Schlaraffische Geschichten","Nummerierte und signierte Ed.",2013
"Schleier-Haft",NULL,2010
"Schlemihls Erzählungen",NULL,2021
"Schlesische Geschichten","1. Auflage",2018
"Schlichte Geschichten aus den indischen Bergen","1. Auflage",2022
"Schliemann will nach oben","1. Auflage",2023
"Schlimme Geschichten",NULL,2013
"Schloss aus Eis und Schnee","Originalausgabe",2016
"Schloss Elmenor und andere Kurzgeschichten","1. Aufl.",2008
"Schlosslektüre","1. Auflage",2020
"Schlosstraminer","1. Auflage",2021
"Schlüsselerlebnis","1. Aufl.",2012
"Schlüssel-Erlebnisse","Orig.-Ausg.",2012
"Schlüsselerlebnisse",NULL,2013
"Schlüsselstellen",NULL,2009
"Schlüssel zum Herzen","1. Aufl.",2010
"Schluss mit den Träumen!",NULL,2022
"Schluss mit Kummer, Liebes!","Orig.-Ausg., 1. Aufl.",2013
"Schluss striche","Originalausgabe",2017
"Schmeckt's?","1. Auflage",2018
"SchmerzGrenze","Orig.-Ausg.",2013
"Schmerzgrenzen",NULL,2019
"Schmerzhafte Verführungen","Vollst. Taschenbuchausg.",2011
"Schmerz & Lust",NULL,2022
"Schmetterlinge","1. Aufl.",2011
"Schmetterlinge im Tiefflug","1. Auflage",2019
"Schmetterlinge in der Herbstsonne","Dt. Erstausg.",2010
"Schmetterling und Tannenbaum","1. Aufl.",2010
"Schmunzelmord/Schmunzelmord 2","1. Auflage",2022
"Schmunzeln erlaubt",NULL,2016
"Schmunzeltexte","1. Auflage",2019
"Schmunzlnd ausn Lebm gredt",NULL,2010
"Schmutzige Frauen-Fantasien","1. Aufl.",2013
"Schmutzige Geschichten","Vollst. Taschenbuch-Neuausg.",2010
"Schmutziger Sex",NULL,2023
"Schnappschüsse superspezial",NULL,2011
"Schnarr!",NULL,2022
"Schneckenkönig",NULL,2009
"Schnecken schlachten","1. Auflage",2023
"Schnee, der auf die Felder fällt","Erstauflage",2023
"Schneedorf","Erstaufl.",2012
"Schneeengel in braunem Cord","1. Aufl.",2010
"Schneefallgrenze","1. Aufl.",2010
"Schneeflockenzeit","1. Auflage",2016
"Schneegestöbert",NULL,2009
"Schnee im August","1. Aufl.",2015
"Schnee im Juni",NULL,2020
"Schnee in Venedig","Originalausgabe",2021
"Schneeplaneten",NULL,2023
"Schneespuk - Sommertrio - Katzenbunt",NULL,2008
"Schneestern, Zimtstern, Weihnachtsstern",NULL,2018
"Schneesturm im Hochsommer",NULL,2021
"Schnee von gestern",NULL,2011
"Schneewittchen darf nicht sterben","1. Auflage",2016
"Schnelle geile Sexbegegnungen","1. Auflage, vollständige Taschenbuchausgabe, Originalausgabe",2023
"Schnickschnack & Goldlametta","1. Auflage",2019
"Schnieke, schräg und buntscheckig",NULL,2018
"Schnittlauch für die Seele",NULL,2023
"Schnullerchen",NULL,2020
"Schnuppi, der Hund - und andere Kurzgeschichten",NULL,2016
"Schnurremutz & Co.","Erstausg.",2013
"Schockierende Zeitkapsel","Erste Auflage",2015
"Schockwelle","Taschenbuchausgabe",2016
"Schoki Doki","Weihnachtsedition, 1. Auflage",2018
"Schokolade",NULL,2016
"Schokoladiges",NULL,2009
"Schönau Schlechtnau Todtnau",NULL,2023
"Schön, dass man noch Träume hat",NULL,2009
"Schöne Bescherung!","1. Auflage",2018
"Schöne, böse Erinnerungen","1. Aufl.",2008
"Schöne Ferien!","Originalausgabe",2020
"Schöne geile Welt","1. Auflage, vollständige Taschenbuchausgabe, Originalausgabe",2018
"Schöne Geschichten",NULL,2020
"Schöne neue Welt","1. Auflage",2017
"Schönen Feierabend Angst",NULL,2021
"Schönen Sonntag",NULL,2010
"Schöner als oben","1. Auflage",2022
"Schöner Morden in Ostwestfalen-Lippe","Orig.-Ausg.",2011
"Schöner schwimmen","1. Aufl.",2012
"Schönes Spiel um heiße Hintern","1. Aufl.",2008
"Schöne Sünden",NULL,2008
"Schön, geil und tödlich","1. Auflage, vollständige Taschenbuchausgabe, Originalausgabe",2018
"Schönheit des Verfalls/Geburtstagskalender (Tischkalender immerwährend DIN A5 quer)","1., Auflage",2014
"Schönheit des Verfalls/Geburtstagskalender (Wandkalender immerwährend DIN A3 quer)","1., Auflage",2014
"Schönheit des Verfalls/Geburtstagskalender (Wandkalender immerwährend DIN A4 quer)","1., Auflage",2014
"Schön ist alles, was man mit Liebe betrachtet",NULL,2009
"Schön kurz","1. Auflage",2020
"Schon vorbei","1. Aufl.",2009
"Schon wieder ein Jahr jünger!",NULL,2022
"Schon wieder Weihnachten","Erstausg., 1. Aufl.",2008
"Schöpfung Plan B","1. Auflage",2021
"Schottland und andere Erzählungen","Erste Auflage",2018
"Scho wieder Weihnachten?","1. Auflage",2016
"Schräge Geschichten aus dem Mittelpunkt des schrecklichen Ungefähr",NULL,2011
"Schräge Kurzgeschichten einer ganz normalen Familie","1. Aufl.",2013
"Schräge Spur",NULL,2015
"Schräges Vogelgezwitscher",NULL,2009
"Schräge Weihnacht",NULL,2020
"Schräg in der Landschaft",NULL,2010
"Schrappel",NULL,2023
"Schrecken der Nacht Kollektion",NULL,2022
"Schreckliche Treue","Ungekürzte Auflage im Ullstein Taschenbuch, 1. Auflage",2021
"Schreiberei",NULL,2015
"Schreiberlinge küssen gut",NULL,2022
"Schreib:Raum","1. Auflage",2020
"SchreibReisen",NULL,2009
"Schreibspaß",NULL,2019
"schreibSPUREN 2010",NULL,2010
"SchreibTalente",NULL,2011
"SchreibwerkstattLiteratur",NULL,2012
"Schrei der Befreiung","1. Auflage",2022
"Schrille Nacht, die Sterne munkeln","1. Aufl.",2010
"Schrittmacher","1. Aufl.",2013
"Schrittweise Glück",NULL,2023
"Schrullige Hühner",NULL,2008
"Schrumpelhaut und Silberhaar","1. Auflage",2019
"Schrunzel","1. Auflage",2019
"Schubertpark","1. Auflage",2020
"Schugum - der Wächter",NULL,2015
"Schuhe der Scham","1. Auflage",2017
"Schuld","Neuausgabe, 1. Auflage",2017
"Schuldig und unschuldig",NULL,2016
"Schuld war nur die Mustertapete 2","1. Auflage",2016
"Schule der Gottlosigkeit",NULL,2019
"Schule der Sünde","1. Auflage, vollständige Taschenbuchausgabe, Originalausgabe",2020
"Schule erzählt Geschichte(n)",NULL,2013
"Schultage",NULL,2014
"Schund und Bühne","Erste Auflage",2020
"Schüttelfrost","Orig.-Ausg.",2012
"Schutzengel - ausgebucht?","1. Auflage",2018
"Schutzräume und Zwietracht – Phantastische Erzählungen","1. Auflage",2023
"Schwabinger Krawall","1. Aufl.",2008
"Schwäbische Geisterstunde","1. Aufl.",2009
"Schwäbische Romantik",NULL,2009
"Schwanengesang",NULL,2014
"Schwanenhals und Krähenfüße",NULL,2009
"Schwan im Spiegel","1. Auflage",2021
"Schwarze Gedanken","31. Auflage",2018
"Schwarze Geschichten",NULL,2016
"Schwarze Geschichten III","1. Auflage",2020
"Schwarze Geschichten II und Gedichte","1. Auflage",2018
"Schwarze Kittel",NULL,2009
"Schwarze Märchen",NULL,2014
"Schwarzer Hund am Meer","1. Auflage",2022
"Schwarzer Kaffee","1. Aufl.",2013
"Schwarzer Kaffee und Rum","1. Aufl.",2014
"Schwarzer Schnee",NULL,2009
"Schwarze Schäfchen, rote Socken und der goldene Westen","1. Aufl.",2011
"Schwarze Seelen","Orig.-Ausg.",2011
"Schwarz ist die Farbe der Liebe",NULL,2011
"Schwarz ist weiß",NULL,2022
"Schwarzlicht",NULL,2011
"Schwarzopalgrün",NULL,2023
"Schwarzpinkes",NULL,2015
"Schwarz und ohne alles","1. Aufl.",2008
"Schwarz und Weiß","1. Auflage",2021
"Schwarz und weiss - Fluch oder Segen?",NULL,2008
"Schwarzwald-Lesebuch",NULL,2011
"Schwarzwald reagiert auf eine Anzeige",NULL,2014
"Schwarz weiße Geschichten",NULL,2014
"Schwarz-Weiß-Geschichten aus Afrika und Deutschland","Erstaufl.",2010
"Schweigen segelt lautlos",NULL,2013
"Schweinegezadder","Ungekürzte Ausg., 1. Aufl.",2010
"Schweineschinken fliegen schneller","1. Auflage",2022
"Schwein gehabt","1. Auflage",2017
"Schweißnackt","1. Auflage",2020
"Schwere Jungs & leichte Mädchen","1. Auflage",2018
"Schwertgesang und Zauberschatten",NULL,2022
"Schwester, bleibt mein Arm so?","Orig.-Ausg.",2015
"Schwester Edith und andere Geschichten über Frauen",NULL,2010
"Schwesterherz","Originalausgabe",2018
"Schwestern","1. Originalausgabe",2022
"Schwimmende Kaffeekränzchen und andere heitere Geschichten aus Thüringen","1. Aufl.",2008
"Schwimmendes Grün","1. Auflage",2018
"Schwindelfrei","1. Aufl.",2013
"Schwingen der Freiheit","1. Aufl.",2010
"Schwingendes Leben",NULL,2008
"Schwule Mädchen",NULL,2010
"Science-Fiction Anthologie 2021","1. Auflage",2022
"SCIENCE FICTION HEUTE IST DIE REALITÄT MORGEN - Geschichten über Schwarze Löcher, Raumschiffe, den Urknall ...","1. Auflage",2021
"Science-Fiction, Horror & Co",NULL,2015
"Science-Fiction-Kurzgeschichten",NULL,2009
"Science Fiction Kurzgeschichten FUTURE","1. Auflage",2021
"Science Fiction Stories III","1. Auflage",2022
"SciFies","1. Aufl.",2013
"Sci-Fi snacks",NULL,2009
"Scirocco","Originalausgabe, erste Auflage",2020
"Seal Team Two Sammelband","1. Auflage",2019
"Sechs Geschichten",NULL,2021
"Sechs Kugeln für den Bastard","Deutsche Erstausgabe",2023
"Sechs Minuten Schulden",NULL,2010
"Sechs weise Geschichten mit Herz","Originalausgabe",2016
"Sedimente der Zeit","1. Auflage",2022
"SEEFAHRT! V","1. Auflage",2020
"Seegang","1. Auflage",2023
"Seelen am Abgrund","1. Auflage",2023
"SeelenAugenBlicke",NULL,2012
"Seelenbalsam für Herz & Verstand",NULL,2011
"Seelenbaum",NULL,2018
"Seelenbrüche ...","1. Auflage",2018
"Seelenfarbe","Erste Auflage",2015
"Seelenfeuer",NULL,2012
"Seelen Fragmente",NULL,2019
"Seelenkämpfer","1. Auflage",2018
"Seelenkur am Gartenteich","1. Aufl.",2015
"Seelen-Pflaster",NULL,2016
"SeelenPflaster",NULL,2014
"Seelen Reisen",NULL,2010
"Seelenstreichler für Herz & Verstand","1. Auflage",2018
"Seelen-Träume","1. Aufl.",2009
"Seelenufer","1. Auflage",2019
"Seelenvermessungen",NULL,2009
"Seelische (Brot-)Zeit","Stand November 2018",2018
"Seerücken",NULL,2011
"Seesäcke",NULL,2012
"Seetulpen & Meeresrosen und andere Geschichten",NULL,2013
"Sehnen, Träumen und Erinnern","1. Aufl.",2012
"Sehnsucht","Originalausgabe, 1. Auflage",2018
"Sehnsucht nach dem inner'n Land",NULL,2013
"Sehnsucht nach dem innern Land",NULL,2013
"Sehnsucht nach Jordoswill",NULL,2022
"Sehnsucht nach neuen Ufern","1. Aufl.",2013
"Sehnsucht nach Überall","1. Auflage",2019
"Sehnsuchtsblüten wirbeln durch die Luft","1. Aufl.",2012
"Sehnsucht(s) Träume","1., Aufl.",2008
"Sehnsuchtswort Liebe","1. Auflage",2020
"Sehnsucht - und dann?",NULL,2013
"Sehr geehrter Herr Sensenmann","1. Auflage",2020
"Sehrgeehrte und andere",NULL,2009
"Sehr schrullige Short-Stories",NULL,2009
"Sehr verfahren",NULL,2010
"Seidenpapierhaut",NULL,2008
"Sei du selbst, alles andere wirst du eh verkacken","Originalausgabe",2016
"Seifenblasen",NULL,2011
"Seifenblasengrüße",NULL,2010
"Seifenblasen und Traumkristalle","1. Aufl., ungekürzte Sonderausg.",2012
"Sei heiter im Herzen",NULL,2016
"Seilbahn des Lebens",NULL,2022
"Seiltänze","1. Auflage",2019
"Seiltanzen","1. Auflage",2019
"Sei Mensch, hab Herz!",NULL,2021
"Seine Güte hört niemals auf",NULL,2013
"Seine Majestät kommt!","1. Aufl.",2015
"Seine schönsten Erzählungen","1. Auflage",2017
"Sein Leben gestalten",NULL,2019
"Sein letztes Lächeln","1. Auflage",2020
"Sein schönster Sommer","1. Auflage",2017
"Sein Tod ist nie von Dauer","1. Auflage",2023
"Sein Vater und ihre Mutter","1. Aufl.",2010
"Seitentriebe","1. Auflage",2019
"Seitenweise",NULL,2019
"Seitwärts",NULL,2023
"Selbstdialogische Anekdoten","1. Auflage",2019
"Selbst erlebt","1. Auflage",2022
"Selbstgespräch mit Protoplasma",NULL,2009
"Selbst ist die Frau und andere Erfreulichkeiten",NULL,2013
"Selfie mit Sheikh","1. Auflage, genehmigte Taschenbuchausgabe",2019
"Seligenstädter Einladung","Erste Auflage",2019
"Seltene Zwiebeln im Kongo","1. Aufl.",2015
"Seltsame Geschichten",NULL,2011
"Seltsames, mit Blut","1. Auflage",2021
"Seltsame Weihnachtsgeschichten","1. Auflage",2023
"Seltsame Wendungen",NULL,2022
"Seltsame Zeiten","1. Auflage",2022
"Selzers Singen","1. Aufl.",2010
"Seniorenfieber",NULL,2008
"Seniorenschlägerei",NULL,2014
"SENsor",NULL,2013
"Senta bremst ein","1. Aufl.",2014
"Senta gibt Gas",NULL,2016
"Separation","1. Auflage",2019
"Separator - die Schattengrenze","1. Aufl.",2009
"September",NULL,2014
"Septemberregen","Erste Auflage",2016
"Septembertage in Berlin","1. Aufl.",2015
"Septemberwind 1989 - eine Flucht und andere Ost-West-Geschichten",NULL,2019
"Seraphica",NULL,2009
"Serie/Lesen to go","11. Auflage",2020
"Serviert im Doppelpack",NULL,2014
"Seven times","Gesamtausgabe, deutsche Erstausgabe",2016
"Sewastopoler Erzählungen","1. Auflage",2020
"Sex","1. Auflage",2015
"Sex am Limit - derb und sexklusiv","1. Auflage, vollständige Taschenbuchausgabe, Originalausgabe",2023
"SexGames","1. Auflage, vollständige Taschenbuchausgabe, Originalausgabe",2018
"SexGier","1. Auflage, vollständige Taschenbuchausgabe, Originalausgabe",2019
"Sex Hardcore",NULL,2023
"Sex Heiße Geschichten","1. Auflage",2020
"Sex heiße Tage",NULL,2008
"SEX IM 21. JAHRHUNDERT","1. Auflage",2019
"Sex im alten Rom","Orig.-Ausg., 1. Aufl.",2013
"Sex im Auto","1. Auflage, vollständige Taschenbuchausgabe, Originalausgabe",2023
"Sex im Busch","Orig.-Ausg., 1. Aufl.",2013
"Sex ist wie Mehl","1. Auflage",2022
"SexLeben","1. Auflage, vollständige Taschenbuchausgabe, Originalausgabe",2021
"SexLovers","Orig.-Ausg., vollst. Taschenbuchausg., 1. Aufl.",2014
"Sex-Monster","1. Auflage",2016
"Sex ohne Zensur",NULL,2023
"Sex & Pearls & Rock ’n’ Roll","1. Auflage",2019
"Sexperimente",NULL,2012
"SEX PER TELEFON","1. Auflage",2020
"SexTräume in der Hitze der Nacht","1. Auflage, vollständige Taschenbuchausgabe, Originalausgabe",2021
"Sex über sechzig",NULL,2011
"Sex und Erotik ab 18/Erotische Geschichten - Wenn mich mal die Lust überkommt - Sexgeschichten","1. Auflage",2018
"Sex unter Kollegen - das heiße Büro","1. Auflage, vollständige Taschenbuchausgabe, Originalausgabe",2020
"Sex unter Kollegen - geil und öffentlich:  erotische Geschichten","1. Auflage, vollständige Taschenbuchausgabe, Originalausgabe",2020
"Sex - von Spaß war nie die Rede","Ungekürzte Taschenbuchausg.",2011
"Sexy Cologne","Orig.-Ausg.",2014
"Sex zu dritt","1. Auflage, vollständige Taschenbuchausgabe, Originalausgabe",2021
"SF Abenteuer-Paket 1006 - Raumkapitän am Schwarzen Loch: Science Fiction Sammelband 1006","1. Auflage",2020
"Shacklewell Lane",NULL,2010
"Shades of Lust","1. Aufl.",2013
"Shadodex - fantasy und mystery","1. Aufl.",2015
"Shakespeares Hühner","1. Aufl.",2012
"Sherezad erzählt weiter (oder wieder)",NULL,2015
"Sherlock Holmes Sammelband 1-3","1. Auflage",2020
"Sherlock Holmes und das Uhrwerk des Todes",NULL,2009
"Shit happens",NULL,2014
"Short stories","1. Auflage",2020
"short stories 11 borderline 17","1. Auflage",2020
"Short stories für Haus Lange Haus Esters",NULL,2020
"Short Stories of Fear","1. Auflage",2020
"Short Storys",NULL,2017
"Showdown in Laramie","1. Aufl.",2014
"Siamesische Verhältnisse",NULL,2019
". . . Sich regen","1. Auflage",2017
"Sie",NULL,2023
"Sieben deutsche Leben",NULL,2017
"Siebenerlei Leut'","1. Aufl.",2014
"Sieben Frauen","1. Auflage",2016
"Sieben Grenzen","1. Auflage",2016
"Sieben hoch zwei",NULL,2013
"Sieben kurze Geschichten","1. Auflage",2020
"Sieben Kurzgeschichten und ein Gedicht",NULL,2019
"Sieben Leben","1. Auflage",2017
"Siebenmal Gänsehaut","1. Auflage Einzel-Printausgabe",2017
"Sieben Nächte - gierig, geil und schmutzig","1. Auflage, vollständige Taschenbuchausgabe, Originalausgabe",2021
"Sieben Narben später","1. Aufl.",2011
"Siebenschlaf","Erstausg.",2012
"Sieben seltsame Geschichten","1. Auflage",2023
"Siebensterns Geheimnis",NULL,2011
"Sieben Surseer Geschichten",NULL,2010
"Sieben verhexte Geschichten","Ausgabe Februar 2018",2018
"Sieben Welten","1. Einzel-Printauflage",2017
"Siebzehn Tage",NULL,2016
"Sie dürfen sich nun entfernen",NULL,2012
"Sie/Er",NULL,2012
"Sie folgten dem Weihnachtsstern","1. Auflage",2018
"Sie hat ja Recht und andere Geschichten","1. Aufl.",2009
"Sieht gut aus",NULL,2008
"Sie machte Frieden","1. Auflage",2018
"Sie oder zwei blaue Teetassen","Orig.-Ausg.",2011
"Sie sind auferstanden","1. Aufl.",2014
"Siesta für die Seele",NULL,2015
"Sie tanzte nur diesen Sommer",NULL,2016
"Sie träumt von Pferden","1. Aufl.",2015
"Sie trommelten mit den Fäusten den Takt",NULL,2012
"Sie versprachen das Paradies und schufen die Hölle",NULL,2010
"Sie werden lachen!","1. Aufl.",2013
"Sie wird dich holen",NULL,2015
"Sigfrids Träume","1. Auflage",2017
"Signaturen","Orig.-Ausg.",2013
"Sihl City","1. Auflage",2023
"Silberfunken Schattenflug",NULL,2020
"Silberne Zeit",NULL,2021
"Silberschatz & Hexentod","1. Aufl.",2012
"Silberstreifen","Orig.-Erstausg.",2011
"Silent Stories","1. Auflage",2023
"Silvester mit Balzac",NULL,2021
"Silvio scheitert an Gipsy und andere Kurzgeschichten",NULL,2021
"SIMULATIONEN - SCIENCE FICTION - WERKAUSGABE, BAND 2","1. Auflage",2022
"Sinangelus und Asmara","1. Aufl.",2010
"Sind Sie das Taxi?","1. Aufl.",2011
"Sinfonie des Lebens",NULL,2008
"Sinful Dynasty: The Jones Family 1 - 3 (Sammelband)",NULL,2023
"Singende Worte",NULL,2021
"Single-City","1. Aufl.",2009
"Singlefrauen-Kurzgeschichten, vom Leben diktiert","1. Aufl.",2010
"Singlezeit",NULL,2018
"Singularkollektiv",NULL,2023
"Sinistre Anekdoten","1. Auflage",2021
"Sinn des Lebens",NULL,2015
"Sinnesrausch","Orig.-Ausg., 1. Aufl.",2008
"Sinnes-Wandel",NULL,2011
"Sinnieren",NULL,2011
"Sinnliche Fluchten ","Vollst. Erstausg.",2008
"Sinnliche Geschichten - Erotissima",NULL,2022
"Sinnliche Lehrjahre","1. Auflage",2017
"Sinnliche Momente","1. Auflage",2022
"Sinnliche Verlockung","1. Auflage",2019
"Sinn und Unsinn","1. Auflage",2018
"Sinn-volle Geschichten","1. Aufl.",2013
"Sinnvolle Geschichten für sogenannte Erwachsene",NULL,2018
"SIN PLAYERS/SIN PLAYERS Sammelband","1. Auflage",2023
"'s is' wie's is'",NULL,2009
"Sisyphos im Lärm der Stille",NULL,2012
"Sisypussy","1. Aufl.",2013
"Sitzpinkler","1. Auflage",2016
"Sizilianische Streifzüge","1. Aufl.",2011
"'s Josefle ond I - Anekdoten ums Klepperle","1., Auflage",2014
"Sk°al Admiral von Schneider",NULL,2008
"Skandinavien",NULL,2014
"Skepsis im Sand",NULL,2009
"SkiLust","1. Auflage, vollständige Taschenbuchausgabe, Originalausgabe",2021
"Skizzen eines Schachspielers","1. Auflage",2021
"Skizzen - Schatten - Zyklamen",NULL,2011
"Sklavin Althea","1. Auflage",2014
"Skollander Wintergeschichten","1. Auflage",2023
"Skurrile Geschichten",NULL,2016
"Skurrile Geschichten aus dem nächtlichen Taxigeschäft","1. Auflage",2019
"Skurrile Kurzgeschichten",NULL,2014
"Skurrile Kurzkrimis und sonderbare Geschichten",NULL,2012
"Slalom","1. Aufl.",2011
"Slow Christmas","Orig.-Ausg., 1. Aufl.",2009
"Sluderei","1. Aufl.",2009
"Smålholmen und andere Geschichten",NULL,2008
"s’Mäppli",NULL,2021
"Smaragd Saturn",NULL,2010
"Smartphone-Storys","1. Auflage",2023
"Snakewoman und andere phantastische Geschichten",NULL,2012
"Snapshots","1. Auflage",2017
"So a G'schicht","1. Auflage",2022
"Sobald ich ich sage, ist mir nicht mehr zu trauen","Erste Auflage",2022
"So bunt wie das Leben","1. Auflage",2018
"Soccer",NULL,2018
"So der Herr mit Zylinder",NULL,2022
"Sodom City",NULL,2017
"Sodoms Untergang","1. Auflage",2021
"So ein Buch",NULL,2011
"So ein Mensch",NULL,2010
"So ein Mensch Erzählungen","1. Auflage",2023
"So feierten wir damals",NULL,2014
"So fühlt sich Hoffnung an",NULL,2018
"So geht’s weiter!?",NULL,2023
"So geht's weiter: ernst und heiter","Originalausgabe, 1. Auflage",2015
"So gewinnst du jede Wette",NULL,2022
"So glücklich war ich noch nie",NULL,2021
"So grün war mein Tal",NULL,2023
"So gut kennen wir uns auch nicht","1. Auflage",2018
"So hatte Gott sich das gedacht und fand: Das hab ich gut gemacht.","1. Auflage",2017
"So isches halt  - s ' Láwe",NULL,2011
"So isch no au wieder","1. Aufl.",2009
"So isch’s wore","1. Auflage",2017
"So isser, dor Saggse!","1. Auflage",2018
"So ist das jeden Tag im meinem Leben",NULL,2008
"So ist das Leben",NULL,2010
"So ist das Leben! - Ist das so?","1. Auflage",2022
"So ist es!",NULL,2012
"So ist es oder Nicht","Erste Auflage",2022
"So jedenfalls war sie vorhin ...",NULL,2008
"So jung wie die Hoffnung",NULL,2012
"So kann's auch gehen...","1. Auflage",2016
"So kann's kommen",NULL,2022
"SOKO Graz - Steiermark","1. Auflage",2017
"SOKO Marburg-Biedenkopf","Originalausgabe",2016
"So könnte es passiert sein","1. Auflage",2015
"Solange die Katze wartet, ist die Maus noch nicht tot",NULL,2018
"So lange her, schon gar nicht mehr wahr","Erste Auflage",2016
"Solaria","1. Auflage",2017
"Solche Geschenke","Genehmigte Taschenbuchausg., 1. Aufl.",2008
"Soldaten sind vorbeimarschiert",NULL,2020
"So leuchtet die Welt der Weihnacht entgegen",NULL,2011
"Soleure, je t'aime",NULL,2016
"Solipsistische Merkwürdigkeiten","1. Auflage",2021
"Soll es brennen",NULL,2022
"Solo am Sonntag","1. Auflage",2016
"Solo für Streicher",NULL,2009
"Solopart","1. Aufl.",2014
"Sol y Café","1. Aufl.",2013
"Sommerausflüge","Orig.-Ausg., 1. Aufl.",2013
"Sommerduft für deine Seele",NULL,2013
"Sommerferien",NULL,2013
"Sommerfrische","Dt. Erstausg.",2009
"Sommerfrische und Einmachzeit","1. Auflage, Großdruckausgabe",2018
"Sommerfunkeln","Originalausgabe",2017
"Sommergayflüster","Orig.-Ausg.",2013
"Sommerglück ","Orig.-Ausg.",2014
"Sommerhaus, später",NULL,2023
"Sommerhitze","1. Aufl.",2011
"Sommer, jetzt!","Originalausgabe",2018
"Sommerliebe","Orig.-Ausg.",2011
"Sommerliebe und andere Erzählungen","Orig.-Ausg., 1. Aufl.",2013
"Sommerlügen",NULL,2010
"SommerLust","1. Auflage, vollständige Taschenbuchausgabe, Originalausgabe",2018
"Sommermeerchen","Orig.-Ausg.",2014
"Sommernachtsflüstern","1. Auflage",2018
"Sommerneige","1. Aufl.",2013
"Sommernomaden",NULL,2016
"Sommer-Potpourrie","1. Aufl.",2012
"SommerRegentage",NULL,2008
"Sommerregentänze","1. Auflage",2023
"Sommerschlussverkauf für raffinierte Morde: Krimi Sammelband 5013","1. Auflage",2020
"Sommerschnee und Todesstreifen",NULL,2014
"Sommersehnsucht & Inselträume","Orig.-Ausg.",2012
"SommerSex - gierig & geil","1. Auflage, vollständige Taschenbuchausgabe, Originalausgabe",2020
"SommerSex - heiss und wild","1. Auflage, vollständige Taschenbuchausgabe, Originalausgabe",2020
"Sommersonnenwende in Goseck",NULL,2011
"Sommersüße","1. Auflage",2019
"Sommertage","1. Auflage",2022
"Sommertage sind nicht immer",NULL,2017
"Sommerträume",NULL,2010
"Sommerwege","1. Auflage",2023
"Sommerwürml, Krabbelkaafer",NULL,2022
"Somnia","Neuausgabe",2017
"Somos los niños latinos","1. Auflage",2022
"Sonderbare Dinge","1. Auflage",2018
"Sonderbare Geschichten",NULL,2013
"Sonderlich.Wunderlich.","1. Auflage",2019
"So 'ne Sache mit der Liebe","1. Aufl.",2010
"SONGS AUS DER KONVERTERKAMMER","1. Auflage",2019
"So nimmt man das Leben mit","1. Auflage",2019
"Sonne, Mord & Meer",NULL,2016
"Sonnenaufgang","Deutsche Erstausgabe",2016
"Sonnenaufgang im Wasserglas",NULL,2012
"Sonnenblumengeflüster","1. Auflage",2019
"Sonnenblumen im September",NULL,2011
"Sonnenbrand",NULL,2021
"Sonnenflecken","1. Aufl.",2014
"Sonnenkinder und Traumgestalten",NULL,2013
"Sonnenlachen Schattenträume","Originalausgabe",2022
"Sonnenschein bis wechselnd wolkig",NULL,2009
"Sonnenschirme in Venedig",NULL,2011
"Sonnenstern",NULL,2023
"Sonnenstrahlen in der Nacht",NULL,2022
"Sonnenwende","1. Aufl.",2011
"Sonne, Regen, Wind und Schnee ...","1. Aufl.",2014
"Sonne und Mond - faszinierend und anziehend (Tischkalender 2016 DIN A5 quer)","1. Auflage 2015",2015
"Sonne und Mond - faszinierend und anziehend (Wandkalender 2016 DIN A2 quer)","1. Auflage 2015",2015
"Sonne und Mond - faszinierend und anziehend (Wandkalender 2016 DIN A3 quer)","1. Auflage 2015",2015
"Sonne und Mond - faszinierend und anziehend (Wandkalender 2016 DIN A4 quer)","1. Auflage 2015",2015
"Sonnseitig schattseitig",NULL,2014
"Sonntags nie!","1. Auflage",2021
"Sonnwendfrüchte",NULL,2019
"Sons of hel - Texas","1. Auflage",2021
"Soooo müde",NULL,2020
"Soooo wach",NULL,2021
"Sooo sehr mag ich dich!",NULL,2009
"Sophia oder der Anfang aller Geschichten",NULL,2015
"Sophie blinzelt",NULL,2016
"Sophie und die Krimifrauen vom alten Bahnhof","1. Auflage",2020
"Sophie und die Krimifrauen vom alten Bahnhof -2-","1. Auflage",2021
"So reiß mich aus den Ängsten","1. Aufl.",2012
"Sorglose Schmatzer und Egoisten",NULL,2015
"Sorry, meine Katze hat den Staubsauger angemacht",NULL,2021
"So schwäddse mir im Landkreis Neunkirchen",NULL,2013
"So schwäddse mir im Landkreis St. Wendel",NULL,2012
"So seh´g i des","1., Auflage",2010
"So sexy ist der Norden! Band 4","1. Auflage",2018
"So sexy ist der Norden! Band 5","1. Auflage",2019
"So sexy ist der Norden! Band 9","1. Auflage",2023
"So sexy ist der Süden! Band 7","1. Auflage",2019
"So sexy ist Hannover! Band 8","1. Auflage",2022
"So sexy ist Niedersachsen! Band 1","1. Auflage",2019
"So sexy ist SAP! Band 6","1. Auflage",2019
"So sind wir eben!",NULL,2011
"So starben die römischen Kaiser","Orig.-Ausg.",2013
"So tickt Island","1. Auflage",2016
"So träumen die Frauen","1. Auflage",2016
"SoulHeart Stories","1. Auflage",2020
"So und anders",NULL,2014
"Soundcheck","Originalausgabe",2019
"Sou wor's un sou is es",NULL,2015
"So verdorben - 30 Sexgeschichten","1. Auflage",2023
"So viel Leben","1. Auflage",2017
"So war das alte Wien",NULL,2022
"So war Weihnachten früher",NULL,2014
"So was kann nur einem Esel gescheh'n",NULL,2008
"So weit der Himmel ist",NULL,2008
"So weit Lisa denken kann",NULL,2012
"So weit uns Spaniens Hoffnung trug","1. Auflage",2016
"So wie du kann jeder aussehen",NULL,2010
"So wie du warst","1. Aufl.",2012
"So wurden die Götter geboren und die Pyramiden erbaut",NULL,2012
"So zärtlich war Suleyken","1. Aufl.",2015
"Soziale Aspekte","1. Aufl.",2010
"Soziale Balance",NULL,2010
"Space, Neue Welten","1. Auflage",2018
"Space rocks",NULL,2011
"Spagat auf Zeit","1. Auflage",2019
"Spanische Kurzgeschichten (Bücher + 6 Audio-CDs)","1. Auflage",2023
"Spanische Kurzgeschichten (mit kostenlosem Audio-Download-Link)","1. Auflage",2022
"Spanking and more","1. Auflage",2019
"SPANKING Kurzgeschichten über den 3. Weg der Sexualität","1. Auflage",2018
"Spanking - why not?","1. Auflage",2018
"Spank me!","1. Auflage",2020
"Spannende Erlebnisse von Kindern aus Beilngries","Orig.-Ausg.",2010
"Spannende Geschichten von Max",NULL,2013
"Spannende Krimisammlung aus drei Kurzgeschichten","1. Auflage",2022
"Spannende Kurzgeschichten aus den 1920er und 1930er Jahren","1. Auflage",2022
"Spannende Kurzgeschichten für unterwegs",NULL,2015
"Spannendes Mittelalter","1. Aufl.",2011
"Spannende Thriller-Geschichten","1. Auflage",2018
"Spannung, Abenteuer & Liebe","1. Auflage",2019
"Spaß zu Dritt",NULL,2013
"Späte Erkenntnis",NULL,2013
"Späte Erzählungen",NULL,2021
"Späte Offenbarung","1. Auflage",2018
"Späte Rache","1. Aufl.",2011
"Später, vielleicht",NULL,2016
"Spätestens morgen","1. Aufl.",2013
"Späte Stunde der Wahrheit","1. Aufl.",2013
"Spät-Lese",NULL,2011
"Spätlese","1. Auflage",2019
"Spätsommerblau","1. Auflage",2018
"Spätzchen, 109 ist doch kein Alter","1. Auflage",2022
"Spaziergänge im Theresienthal - Geschichten vom Sein","1. Auflage",2022
"Spaziergänger zwischen den Welten","1. Auflage",2022
"Special event - 1001 Nacht",NULL,2023
"Speedys Kurzgeschichten",NULL,2018
"Spendenbuch-Anthologie Kurzgeschichten/Hilfe für die Flutopfer","1. Auflage",2021
"Spendenbuch-Anthologie Kurzgeschichten/Hilfe Für die Flutopfer - Band 3","1. Auflage",2022
"Spendenbuch-Anthologie Kurzgeschichten/Hilfe Für die Flutopfer - Band 4","1. Auflage",2021
"Spendenbuch-Anthologie Kurzgeschichten/Hilfe Für die Flutopfer - Band 5","1. Auflage",2022
"Spendenbuch-Anthologie Kurzgeschichten/Hilfe Für die Flutopfer - Band 6","1. Auflage",2022
"Spera","1. Auflage",2018
"Sperlingssommer",NULL,2012
"Sperrgebiete","1. Aufl.",2015
"Sperriges Leben",NULL,2017
"Spetzbove, Kniesbüggele un ander Lück",NULL,2011
"Spezialitäten von Zerberösle","1. Aufl.",2009
"Sphärenklänge","Originalausgabe, erste Auflage",2019
"Spiegelbilder","1. Aufl.",2010
"Spiegelbrüche",NULL,2020
"Spiegeleier","1. Aufl.",2009
"Spiegelei ist auch mal lecker","1. Auflage",2018
"Spiegelgericht",NULL,2008
"Spiegel-Schrift","1. Auflage",2022
"Spielbare Geschichten für das Theater mit Figuren, Schatten und Masken",NULL,2008
"Spiel der Lebensmelodie","1. Auflage",2019
"Spiel des Lebens",NULL,2020
"Spielen",NULL,2017
"Spielgefährten","1. Auflage",2016
"Spielzeugland",NULL,2011
"Spinnenküsse",NULL,2008
"Spinnenpiñata",NULL,2022
"Spinnweben - ausgewählte Erzählungen","1. Aufl.",2015
"Spirits of Rainbowlove","1. Auflage",2023
"Spirit Stories","1. Auflage",2017
"Spitzer Bleistift und Smartphone",NULL,2020
"Splatterwahn","1. Auflage",2021
"Splitter","Originalausgabe",2016
"Sprachgemach","1. Aufl.",2008
"Sprach: kein Problem - und lief davon",NULL,2009
"Sprachrohre",NULL,2021
"Sprechende Pflanzenwelt","1. Aufl.",2012
"Sprechende Tierwelt","1. Aufl.",2012
"Sprengel für alle","1. Auflage",2017
"Spring of Love",NULL,2023
"Sprockhöveler Geschichten",NULL,2008
"Spruchzeit: Zitate, Geschichten, Kurioses","1. Aufl.",2008
"Sprudelnde Lust",NULL,2023
"Sprung",NULL,2010
"Spukgeschichten am Lagerfeuer","1. Aufl.",2012
"Spuk im Hammrichshof","1. Auflage",2015
"Spuk in Hamburg und andere zwielichtige Geschichten und Gedichte","1. Aufl.",2014
"Spuren","1. Aufl.",2010
"Spurenfragmente","Orig.-Ausg., 1. Aufl.",2012
"Spuren im Sand",NULL,2008
"Spuren im Schnee",NULL,2015
"Spuren im Schnee, die schwarze Hochzeit und 9 weitere SM-Stories",NULL,2009
"Spuren im Wasser und andere Erzählungen",NULL,2020
"Spurensuche Am Neuen Palais",NULL,2016
"Spur entlang der dänischen Nordseeküste","1. Auflage",2023
"Spuren von Glück, Tod und Glauben",NULL,2010
"Spurlos","1. Auflage",2023
"Stachelschweine","1. Auflage",2019
"Stadium Vierzehn","1. Aufl.",2011
"Stadt der Revolvermänner: Western Roman Sammelband 7 Romane","1. Auflage",2021
"Stadt der Sünde","1. Auflage, vollständige Taschenbuchausgabe, Originalausgabe",2022
"StadtLandKuss",NULL,2011
"Stadt Land Russ'",NULL,2010
"Stadtmensch sucht Landleben",NULL,2012
"Stadt ohne Engel","Erste Auflage",2016
"Stadtrodaer Nachtwächter Geschichten",NULL,2020
"Stadt voller Geister","1. Aufl.",2013
"Stahläonen","1. Auflage",2019
"Stahlstück","1. Aufl.",2010
"Stahl und Glas","1. Auflage",2014
"Stammbaum - der Mensch ist für Bewegung geschaffen","Orig.-Ausg., 1. Aufl.",2008
"Stammtischmorde","1. Aufl.",2014
"Starke Bande","1. Aufl.",2012
"Starke Frauen",NULL,2015
"Starke Frauen und die Liebe",NULL,2014
"Starker Abgang","Orig.-Ausg.",2012
"Stärker als der Krieg ist die Liebe",NULL,2023
"S.T.A.R.S. Sammelband","1. Auflage",2018
"S.T.A.R.S. Sammelband 2","1. Auflage",2020
"Station Albtrauf","1. Aufl.",2012
"StattGespenster",NULL,2021
"Stäube"," Erstausgabe",2021
"Staub und Regenbogensplitter",NULL,2017
"Staudamm für Weihnachten",NULL,2016
"Stausbergs Geschichten",NULL,2016
"Steam Master","1. Auflage",2017
"Steampunk 1851","1. Aufl.",2013
"Steampunk-Akte Deutschland","1. Aufl.",2014
"Steffis Gedanken",NULL,2009
"Steh auf, geh hin! Wenn Glaube in den Hintern tritt",NULL,2022
"StehaufMensch!",NULL,2019
"Stehcafé","Orig.-Ausg.",2010
"Stehlen & Rauben",NULL,2009
"Steine auf Reisen und fünf andere außergewöhnliche Geschichten",NULL,2008
"Steine können rückwärts fliegen",NULL,2009
"Steine - kosmische Helfer zum Glück",NULL,2009
"Steinesammlung",NULL,2010
"Steinkohlenpennäler",NULL,2009
"Steinreich",NULL,2021
"Stein und Krokus","1. Aufl.",2011
"Steinweisen",NULL,2013
"Steirische Lausbuben-Geschichten",NULL,2012
"Stell dir vor, du wirst älter und gehst einfach nicht hin","1. Auflage",2019
"Stellenweise heiter",NULL,2021
"Sterblich ...","Aufl. 1",2010
"Sternbilder","Neuausgabe",2021
"Sterne","1. Auflage",2018
"Sterne berühren",NULL,2014
"Sterne, Engel und Geschenke",NULL,2014
"Sternenaugenblicke",NULL,2008
"Sternenfänger",NULL,2008
"Sternenfeuer","1. Auflage",2016
"Sternenflammen","1. Auflage",2018
"Sternenfunkeln bei Mondgeflüster",NULL,2010
"Sternengeheimnisse","Orig.-Ausg.",2014
"Sternenglut - Ein Raum voller Welten",NULL,2023
"Sternenglut - Galaxie der Abenteuer",NULL,2022
"Sternenglut - Reisen ins Grenzenlose",NULL,2022
"Sternenkind","1. Auflage",2018
"Sternenleere","Originalausgabe",2015
"Sternenleuchten","1. Aufl.",2015
"Sternenlicht auf stillem Schnee",NULL,2020
"SternenLust","Orig.-Ausg.",2008
"Sternenschiff","1. Aufl.",2011
"Sternenstaub","1. Aufl.",2011
"Sternenzauber",NULL,2012
"SternenZauberZeit",NULL,2008
"Sternenzeit",NULL,2011
"Sternschnuppenreiter und der Berg des Kristalls","1. Auflage",2018
"Sternstunden","Erste Auflage",2020
"Sternstunden zur Weihnachtszeit",NULL,2022
"Sternzeichen-Geschichten","1. Aufl.",2014
"Steuerhinterziehung, die Dackeltheorie und ein schwarzes Schlafzimmer","1. Auflage",2021
"St. Florian","1. Auflage",2016
"Sti(e)lblüten und Geschichten mit Humor",NULL,2020
"Stille","Dt. Erstveröff., 1. Aufl.",2014
"Stilleben mit wildem Tier","1. Auflage",2018
"Stille Liebe","1. Auflage",2016
"Stille Nacht, besinnliche Nacht","1. Aufl.",2014
"Stille Nacht, freudige Nacht",NULL,2015
"Stille Nacht, fröhliche Nacht",NULL,2014
"Stille Nacht, heilige Nacht",NULL,2010
"Stille Nacht, heitere Nacht",NULL,2013
"Stille Nacht, Katzennacht","Erste Auflage, Originalausgabe",2023
"Stille Nacht light","Orig.-Ausg., 1. Aufl.",2012
"Stille Nacht, schaurige Nacht ",NULL,2014
"Stille Nacht und Feuerwerk",NULL,2017
"Stille Post",NULL,2011
"Stille Weihnachtswunder",NULL,2012
"Still präsent",NULL,2019
"Still riefen uns die Sterne","1. Auflage",2019
"Stimmen",NULL,2020
"Stimmen aus Abenberg","1. Auflage",2019
"Stimmen aus dem Hinterhaus",NULL,2016
"Stimmen aus dem N(I)rgendwo","Originalausgabe, 1. Auflage",2021
"Stimmen der Jugend",NULL,2014
"Stimmen der Nacht",NULL,2008
"Stimmen über dem Grund",NULL,2019
"Stimmen und Stimmungen",NULL,2008
"Stimme und Atem","1. Auflage",2019
"Stirbst du nicht, dann lebst du nicht","Taschenbuch-Orig.-Ausg., 1. Aufl.",2013
"St. Martin",NULL,2022
"Stock und Hut",NULL,2021
"Stollen, Glühwein, Weihnachtsplätzchen",NULL,2014
"Stoppelfieber","Orig.-Ausg.",2011
"Storch und andere Geschichten","1. Aufl.",2011
"Störfaktor Kunde","1. Auflage",2014
"Störfall","1. Auflage",2021
"Störgeräusche","1. Aufl.",2014
"Stories","1. Auflage",2016
"Stories of a German-Indian partnership/the Good Samaritans","1. Auflage",2022
"Stories of a German-Indian partnership/the Good Shepherds","1. Auflage",2022
"Stories of my life","1. Auflage",2023
"Stories to tell your loved ones at night","1. Auflage",2022
"Stories without borders","1. Aufl.",2010
"Storie Veneziane","1. Aufl.",2009
"Störtebeker","1. Auflage",2017
"Störung der Totenruhe",NULL,2023
"Störung im Betriebsablauf",NULL,2014
"Störung unerwünscht!",NULL,2008
"Story Mix","Originalausgabe",2023
"Storytelling: Text sucht Bild",NULL,2013
"St. Pöltner Geschichten","1. Aufl.",2009
"Strafe","1. Auflage",2018
"Strafzettel für die Liebe","Zweite Auflage",2022
"Strahlinchen bringt Licht ins Dunkel",NULL,2021
"Stralsundische Geschichten","1. Auflage der Taschenbuch-Sonderausgabe, Lizenzausgabe",2021
"Strandgeflüster ohne Ende",NULL,2021
"Strandgut","1. Aufl.",2009
"Strandkorbgeschichten Sylt",NULL,2013
"Strandkorb-Lektüre - 21 Geschichten für den Mann",NULL,2013
"Strandkorb-Lektüre - 21 Geschichten für die Frau",NULL,2013
"Strandkorb und weitere Kurzgeschichten","1. Auflage",2016
"Strandlesebuch",NULL,2011
"Strandtrift","Orig.-Ausg.",2011
"Straßenbahnen weichen nicht aus","1. Auflage",2021
"Strassenpoesie",NULL,2008
"Sträuben","1. Auflage",2018
"Streckenweise farbenblind",NULL,2011
"Streiflichter","1. Auflage",2016
"Streifzüge",NULL,2011
"StreifzugGedanken","1. Auflage",2020
"Streusand","1. Aufl.",2011
"STRICHCODE/STRICHCODE - Machtlos","1. Auflage",2021
"Strizzi-Anekdoten","1. Auflage",2019
"Strohhalm in Luzifers Schweif","1. Auflage",2015
"Stroke Unit","1. Auflage",2021
"Stromabwärts","1. Aufl.",2010
"Stromwanderer","1. Auflage",2020
"Struktur, Tapete",NULL,2015
"Student von 1967","1. Auflage",2019
"Stundenbuch der Lust","1. Aufl.",2009
"Stunden der Sehnsucht: vierzehn rahjagefällige Das Schwarze Auge Kurzgeschichten",NULL,2023
"Stundengeriesel","1. Aufl.",2011
"Stuntman unter Wasser","1. Aufl.",2014
"Stürenburg-Geschichten","1. Aufl.",2009
"Sturmgesang","1. Auflage",2019
"Stürzen, drüber schlafen","1. Aufl., Orig.-Ausg.",2013
"Stusszucker","1. Auflage",2020
"Succubi","1. Auflage",2021
"Succubus diese und weitere Geschichten fantastischer Art","Taschenbuchausg., 1. Aufl.",2013
"Suche Wohnung für mich und meine Möpse","Orig.-Ausg., 1. Aufl.",2015
"Süchtig nach den Worten",NULL,2013
"Südafrika",NULL,2013
"Südflimmern","1. Auflage",2022
"Südlicht und andere Erzählungen",NULL,2009
"Südmährische Geschichten","Auflage 2018",2018
"Sudoku für Männer",NULL,2011
"Südtirol","Originalausgabe",2022
"Südtiroler Zeitreisen","Orig.-Ausg.",2012
"Südtirol zum Schmunzeln",NULL,2013
"Südwind oder Der Reigen der Träume","1. Auflage",2019
"SugarDaddys","1. Auflage, vollständige Taschenbuchausgabe, Originalausgabe",2021
"Sültz' Sparbuch Nr.13 - Horror - 13 Horror Kurzgeschichten, inkl. Der Sichelmörder - The Sickle Killer","1. Auflage",2019
"Sültz' Sparbuch Nr.5 - 22 Science Fiction Kurzgeschichten","1. Auflage",2018
"Summer in the City","1. Aufl.",2012
"Summer of Love",NULL,2022
"Sünde einer Nacht und andere Geschichten","1. Aufl.",2012
"Sünden auf der Arbeit","1. Auflage, vollständige Taschenbuchausgabe, Originalausgabe",2020
"Sündige Geständnisse","1. Auflage, vollständige Taschenbuchausgabe, Originalausgabe",2022
"Sündiger Rausch",NULL,2011
"Sündig heiße Begegnungen","1. Auflage, vollständige Taschenbuchausgabe, Originalausgabe",2022
"Sunnivas Spuren","1. Auflage",2021
"Supermilch","1. Auflage",2022
"Super Western Sammelband 6018 – 5 Romane um harte Männer","1. Auflage",2020
"Suppengörls","1. Aufl.",2013
"Surbacher Geschichten","1. Auflage",2022
"Surfen im Paradies",NULL,2020
"Susannes Augenblicke","1. Ausg.",2013
"Susannes Kurzgeschichten aus Raum und Zeit","1. Auflage",2019
"Sushi Texte",NULL,2013
"Süße Erotik für zarte Damen und harte Jungs","Erstaufl.",2013
"Süße Gelüste","Originalausgabe",2023
"Süßer als Salz",NULL,2023
"Süßer die Glocken ...",NULL,2022
"Süßer die Glocken nie klingen ...","1. Auflage",2018
"Süßigkeiten zum Lesen",NULL,2008
"Sven Hofestedt sucht Geld für Erleuchtung","1. Aufl.",2010
"Swingerclub-Anekdoten","Vollst. Taschenbuchausg., Orig.-Ausg.",2013
"S wird nid immer e so sy",NULL,2022
"SYLT - Inselinformationen und Kurzgeschichten für den nächsten Urlaub auf der Insel Sylt","1. Auflage",2020
"SYLT KRIMINALROMANE - Kurzgeschichten direkt aus Tinnum - SÜLTZ AUF SYLT","1. Auflage",2019
"Sylvana, die nicht von dieser Welt ist","1. Auflage",2019
"Synapsenkoller",NULL,2009
"Synkope",NULL,2023
"Szenen der Lust, mit allen Sinnen genießen",NULL,2012
"Szenen mit Töchtern",NULL,2022
"Tabu - Erotische Geschichten",NULL,2023
"Tabu-Geschichten",NULL,2017
"Tabu Leidenschaften",NULL,2023
"Tabulose Geschichten",NULL,2016
"Tabuloses Verlangen - Sex für Frauen, Männer und Paare – Sammelband",NULL,2022
"Tabulose Verführung",NULL,2019
"Tachles",NULL,2013
"TafelRunde LeseZeit",NULL,2014
"Tafelspitzen",NULL,2014
"Tag des Zitronenfalters","1. Aufl.",2014
"Tagebuch einer VIP Düse",NULL,2019
"Tagebuch eines Unbekannten",NULL,2012
"Tagebücher/ Tagebuch Notizbuch mit nummerierten Seiten und Inhaltsverzeichnis - Meine lustigsten Geschichten","1. Auflage",2019
"Tage der Freuden","1. Aufl.",2011
"Tage des Lesens","Erste Auflage, Originalausgabe",2023
"Tage - dunkler als die Nacht",NULL,2021
"Tage mit Echo","1. Aufl.",2013
"Tage mit Turmalin","1. Aufl.",2014
"Tagesgeschäfte","1. Aufl.",2015
"Tageslicht",NULL,2010
"Tage über dem Land","1. Aufl.",2012
"Tage wie aus blauer Seide",NULL,2011
"Tag für Tag","1. Aufl.",2010
"Täglich 3 Tropfen Humor",NULL,2021
"Tägliches Befremden",NULL,2020
"Tag & Nacht, bittersüß","1. Aufl.",2012
"TagNächte","1. Aufl.",2010
"Tagträume","1. Auflage",2018
"Tagträume: Die ersten Erzählungen","1. Auflage",2019
"Tagträume einer MILF: erotische Geschichten","1. Auflage, vollständige Taschenbuchausgabe, Originalausgabe",2022
"Tagträume und Nachtgedanken","1. Auflage",2023
"Tales Tenebris",NULL,2023
"Talivan","1. Aufl.",2009
"Tall trees and shadows",NULL,2008
"Tamara und Konsorten","1. Auflage",2023
"Tangata, Tangata","1. Auflage",2019
"Tango der Lust","1. Auflage, vollständige Taschenbuchausgabe, überarbeitete Neuauflage",2016
"Tango fatal","1. Auflage",2023
"Tanjas Welt",NULL,2008
"Tanke schön!","1. Auflage",2020
"Tannenblut","1. Auflage",2018
"Tannenduft und Lichterglanz",NULL,2018
"Tante Joice und die Lust am Leben",NULL,2010
"Tante Semra im Leberkäseland","Orig.-Ausg.",2008
"Tante Thea hat es drauf",NULL,2012
"Tantrafee","1. Aufl.",2010
"Tanz der Herzen",NULL,2014
"Tanz der Maifliegen",NULL,2012
"Tanz des Lebens",NULL,2013
"Tanzende bunte Glitzersteine",NULL,2009
"Tanzen gehen","1. Auflage",2019
"Tanz im Zwielicht","1. Auflage",2022
"Tanz mit mir","1. Auflage",2022
"Tanzsang","1. Aufl.",2008
"tanz.zwischen.welten",NULL,2015
"Tao - der Weg zu m(d)ir",NULL,2011
"Tarnkappen-Geschichten","1. Aufl.",2013
"Tasso im Irrenhaus","Originalausgabe",2021
"Täterskizzen","Lizenzausgabe, 1. Auflage",2021
"Tatorte Bayern","1. Aufl.",2011
"Tatort Eifel","Originalausgabe",2017
"Tatort Emsland","1. Auflage",2017
"Tatort Hunsrück - Sammelbände/Hannes Wildecker’s Tatort Hunsrück","1. Auflage",2019
"Tatort Kloster Denkendorf",NULL,2015
"Tatortreinigung","1. Aufl.",2011
"Tatort Unterelbe","1. Auflage",2018
"Tatort: Wardenburg, 6. Teil","1. Aufl.",2010
"Tatort: Wardenburg, 7. Teil","1. Aufl.",2014
"Tatort Werne","1. Auflage",2023
"Tattoo Studio","1. Auflage",2022
"Täubele, mein geliebtes Täubele","1. Auflage, Originalausgabe",2008
"Tauben am Fenster und andere Geschichten","1. Auflage",2017
"Taubenauge und Holunder",NULL,2014
"Tauben aus der Hölle","1. Auflage",2018
"Taubendrehen",NULL,2011
"Tauchgänge","1. Aufl.",2015
"Taufeuchter geschnittener Rasen",NULL,2010
"Tauflaogen",NULL,2013
"Tausche Mann - Mord geht auch",NULL,2016
"Tausend kleine Kieselsteine","1. Aufl.",2011
"Tausendundein Ort",NULL,2020
"Tausend und ein Tag","1. Aufl.",2014
"Tausendundein Tag","1. Auflage",2017
"Taxiblues","1. Auflage",2017
"Taxi der guten Seele","1. Auflage",2020
"Taxi mit Elfe","1. Auflage",2020
"Taxi zum Himmel",NULL,2013
"Taylor & Sons","Gesamtausgabe",2015
"Teamleitung in der realen Welt","1. Auflage",2022
"Tee","Originalausgabe",2022
"Tee-Geschichten","1. Auflage",2019
"Teegestöber",NULL,2017
"Tee und Geige","Orig.-Ausg.",2008
"Teewurst und Thanatos","1. Aufl.",2009
"Teilweise tödlich","1. Auflage",2016
"Teilwelten",NULL,2014
"Telelyt - sämtliche Science Fiction Erzählungen 1871-1910","1. Auflage zum 170. Geburtstag von Kurd Laßwitz am 20. April 2018",2018
"Termin bei Dr. Holiday und andere Geschichten",NULL,2012
"Terra femina","1. Aufl.",2009
"Terranova","1. Aufl.",2011
"Territorium","1. Aufl.",2009
"TERROR","1. Auflage",2020
"Tessiner Erzählungen",NULL,2018
"Testament eines Goldkorns",NULL,2021
"Teufel, Schrazen, Wolpertinger","Originalausgabe",2021
"Teufelspakt, Lüge und Moral","1. Auflage",2022
"TEUFELSTRÄUME","1. Auflage",2020
"Teufelsweib","Deutsche Erstausgabe",2023
"Teufelswerk","1. Auflage zum 150. Geburtstag von Hermann Löns am 29. August 2016",2016
"Teuflische Früchte",NULL,2009
"Teuflische Verträge",NULL,2009
"Teuflisch verliebt","Orig.-Ausg.",2011
"Teuto Tod","Orig.-Ausg.",2013
"Text cocktail mix 2015",NULL,2015
"Texte","1. Auflage",2022
"Texte aus der Truhe","1. Auflage",2016
"Texte der Kempener Schreibwerkstatt","1. Aufl.",2011
"Texte der Schreibgruppe P. S. in der Hofreite Palmy",NULL,2010
"Texten, Täuschen, Töten",NULL,2011
"Texte und Kurzgeschichten",NULL,2019
"Text-lese",NULL,2009
"Thailand - Erlebnisse in Pattaya 1",NULL,2009
"Thailand - Erlebnisse in Pattaya 2",NULL,2009
"Thailand - Erlebnisse in Pattaya 3",NULL,2009
"Thalia","1. Aufl.",2014
"That's ME in allen Variationen",NULL,2014
"The A-Files","1. Auflage",2019
"Theater-Spiel","1. Auflage",2015
"Theaterstücke","1. Auflage",2016
"The cat that walked by himself or just so stories","Originalausgabe, 1. Auflage",2017
"The cowboys of sleepy oaks county",NULL,2021
"The D-Files: die Drachen Akten","1. Auflage",2020
"The end","Erstauflage",2023
"The Mainsfield Sisters","1. Auflage",2022
"The millionaires club","1. Auflage",2018
"Theodor Storms Weihnachtsbuch",NULL,2017
"The other side",NULL,2017
"The P-Files","1. Auflage",2018
"Therapie","1. Auflage",2021
"Theresas Antwort","1. Aufl.",2013
"Thermentod","1. Auflage",2019
"THE SICKLE KILLER ... and other horror short stories - SUELTZ BOOKS","1. Auflage",2019
"The twin beech and other stories",NULL,2019
"The U-Files - die Einhorn Akten","1. Auflage",2017
"The Unbearables",NULL,2017
"The zaund of groove","1. Auflage",2021
"Things that I won't do for love","Orig.-Ausg.",2012
"Thomas Vivía Solo",NULL,2013
"THON - Fragen an meine Kindheit",NULL,2010
"Those were the days my friend",NULL,2008
"Three Scars","1. Erstauflage",2020
"Through the years - Reise über ein Jahrhundert",NULL,2014
"Thüringen - all meine Gedanken","1. Aufl.",2010
"Thüringer Anthologie","1. Auflage",2018
"Thüringer Dorfleben","1. Aufl.",2013
"Thüringer Hochzeitsbüchlein","1. Aufl.",2008
"Thüringische Einladung",NULL,2018
"Tiefen einer Götterseele","1. Auflage",2021
"Tiefenmesser","1. Aufl.",2015
"Tiefer in die Dunkelheit","1. Auflage",2012
"Tiefgang und Höhenflug",NULL,2016
"Tief in mir","Orig.-Ausg., 1. Aufl.",2013
"Tiefsinn statt Unsinn","Erstaufl.",2012
"Tiefstehende Sonne","1. Aufl.",2011
"Tiere","Orig.-Ausg., 1. Aufl.",2012
"Tiere als Freunde im Mittelalter","1. Aufl.",2010
"Tiere gibt's, die gibt's gar nicht!","1. Aufl.",2012
"Tiere sind auch nur Menschen","1. Auflage",2015
"Tierische Coronawampe","1. Auflage",2021
"Tierische Geschichten",NULL,2014
"Tierisch ernst und menschlich heiter","1. Aufl.",2009
"Tierisches Alphabet",NULL,2023
"Tierisches aus Berlin",NULL,2008
"Tierische Teufel – teuflische Tiere","1. Auflage",2015
"Tierische Tragödien","1. Aufl.",2010
"Tierische und andere Offerten",NULL,2010
"Tierisch gut!","1. Aufl.",2016
"Tierisch gute Freunde","1. Auflage",2017
"Tierisch gute Geschichten mit Nero, dem Charakterhund","1. Aufl.",2014
"Tierisch gute Kurzgeschichten",NULL,2017
"Tierisch - menschlich","1. Aufl.",2009
"Tierisch Menschliches","1. Auflage",2020
"TIGER DER SEE - DIE CORMAC-MAC-ART-ERZÄHLUNGEN","1. Auflage",2021
"Till Eulenspiegel im Himmel","1. Auflage",2021
"Till - wie Till Eulenspiegel","Orig.-Ausg.",2013
"Tilmanns Frau und andere Erzählungen",NULL,2021
"Timescapes - aller-retour",NULL,2022
"Timo, der kleine Omit und andere Familiengeschichten",NULL,2010
"Tinderbell - die Datingfee","1. Auflage",2022
"Tingeln durch das Land Danach – Band 1",NULL,2021
"Tingeln durch das Land Danach – Band 2",NULL,2021
"Ti nivol mi",NULL,2008
"Tinte im Weißwein",NULL,2017
"Tintenblau wogende Stunden","Originalausgabe",2023
"Tintenfischringerl zum Niederknien","Erstausg.",2014
"Tintengold","1. Auflage",2018
"Tir-dana",NULL,2017
"Tisch für Zwei",NULL,2016
"Tito ist tot","Genehmigte Taschenbuchausg., 1.  Aufl.",2013
"T.i. - Virus","1. Auflage",2018
"Tja dann - happy birthday!",NULL,2010
"To all the boys I've fucked before","Originalausgabe, 1. Auflage",2020
"Toast mit Gurke","1. Auflage",2023
"Tod am Kamin",NULL,2011
"Tod am Starnberger See","1. Aufl.",2010
"Tod bringen","Erste Auflage",2016
"Tod der gelben Blume",NULL,2013
"Tod durch Kasten","Erste Auflage",2014
"Todesahnungen","1. Auflage",2021
"Todescocktail",NULL,2021
"Todesspiele","1. Auflage",2018
"Todeszone Lahn","1., Originalausgabe",2017
"Todholz","1. Auflage",2019
"Tod im Schloßpark",NULL,2023
"Tod im Taunus","Orig.-Ausg.",2011
"Tod im Totholz","1. Auflage",2016
"Tod im Weinkeller","1. Aufl.",2011
"Tod in Sils Maria",NULL,2009
"Tod in Tegel und andere Geschichten",NULL,2013
"Tödliche Aussichten","1. Aufl.",2013
"Tödliche Beichte","Vollständige ePub-to-Print-Ausgabe",2017
"Tödliche Hanse",NULL,2019
"Tödlicher Selfkant",NULL,2011
"Tödliches Halloween","1. Auflage",2012
"Tödliche Wasser","1. Aufl.",2009
"Tödliche Weihnachten","1. Auflage",2020
"Tödliche Weihnacht überall","Orig.-Ausg.",2012
"Tödlich währt am längsten","Originalausgabe",2023
"Tod, Mord, Sport",NULL,2020
"Todsicher, Isolde!",NULL,2008
"Tohuwabohu","1. Aufl.",2012
"Toilettenlektüre",NULL,2012
"Tolkiens größte Helden","Orig.-Ausg.",2012
"Tolldreiste Geschichten in Gedichten über Beziehungen und andere Katastrophen",NULL,2009
"Tolldreiste Geschichten zur Bücherliebhaberei","1. Auflage",2019
"Tollhaus der gebrochenen Herzen","Erstauflage",2016
"Tollwut",NULL,2017
"Tomaten","1. Aufl.",2014
"Tomaten aus Tulsa","1. Auflage",2015
"Tomaten im Kopf","1. Aufl.",2009
"Tomatenzeit","1. Auflage",2019
"Tombola","1. Aufl.",2011
"Tomcat",NULL,2009
"Toms Reise und andere Erzählungen über Großväter und ihre Enkel",NULL,2010
"Topidioten",NULL,2009
"Tore in die Finsternis",NULL,2008
"Tortenschlachten",NULL,2015
"Tortillas, Tapas und Toxine",NULL,2014
"Töster Blicke – Erzählungen","1. Auflage",2022
"Töte Baby, Töte - Tatort Boston",NULL,2022
"Tote Musik und andere Erzählungen",NULL,2015
"Totenklage","1. Aufl.",2012
"Totentanz","1. Auflage",2012
"Tote reisen nicht",NULL,2014
"Totes Leben","Originalausgabe",2017
"Tote und andere Entdeckungen","Originalausgabe, 1. Auflage",2016
"Totholz",NULL,2019
"Tour de mord","1. Auflage, deutsche Erstausgabe",2021
"Transferzone des Lebens",NULL,2016
"Transit","1. Auflage",2022
"Transsilvanische Geschichten","1. Aufl.",2012
"Trash","1. Aufl.",2008
"Tratsch und Knatsch sowie andere Geschichten aus dem Dorfleben",NULL,2009
"Tratsch vun frieher un itze","1. Auflage",2019
"TRAUMA",NULL,2021
"Traumberuf Marktschreier","Erste Auflage",2017
"Träume",NULL,2014
"Träume aus der Zukunft","1. Auflage",2021
"Träume entspringen dem Fluss",NULL,2021
"Träume, fast umsonst","1. Auflage",2016
"Träume - kurze Geschichten",NULL,2022
"Träume leben - Geschichten und Gedanken","1. Auflage",2021
"Träumend in die Ferne schauen",NULL,2010
"Träumen im Steilhang",NULL,2019
"Träumen kann gefährlich sein",NULL,2018
"Träumereien","Originalausgabe, 1. Auflage",2020
"Träume und Albträume","1. Auflage",2023
"Träume ..., und doch so real","1. Aufl.",2010
"Träume vom Frühling",NULL,2013
"Träume weiter, Willy!","1. Aufl.",2012
"Traumfrau",NULL,2008
"Traumgalerie","1. Aufl.",2014
"TRAUMhafte GESCHICHTEN","1. Auflage",2023
"Traumhaus am Meer",NULL,2014
"Traum in a-Moll und andere Geschichten","1. Aufl.",2009
"Traumjob Amtstierärztin","Orig.-Ausg., 1. Aufl.",2010
"TraumLand","1. Auflage",2021
"Traummann per E-Mail","Dt. Erstausg.",2009
"Traummenschen oder Menschentraum?",NULL,2011
"Traum, Phantasie und Wirklichkeit",NULL,2013
"Traumreise - Geschichten","Dt. Erstausg., 1. Aufl.",2009
"Traumreisen in Welten sinnlicher Fülle",NULL,2010
"Traumsaat der Augenblicke","1. Aufl.",2010
"Traumschatten - Schattenträume",NULL,2011
"Traumschaukel","1. Aufl.",2014
"Traumschiefer",NULL,2010
"Traumstille","1. Auflage",2021
"Traumtänzer",NULL,2023
"Traum und Wahrheit",NULL,2013
"Treffen sich zwei Jäger ...",NULL,2015
"Treffliche Pointen","1. Aufl.",2010
"TreffPunkte",NULL,2018
"Treffpunkt Gasometer","1. Auflage",2017
"Treffpunkt Leben","Deutsche Erstausgabe, Originalausgabe",2022
"Treibholz","1. Auflage",2020
"Treibsand und andere seltsame Geschichten","1. Auflage",2017
"Tremolando",NULL,2010
"Treppen der Lust",NULL,2022
"Trete ein in Wundergärten ...",NULL,2009
"Trilogie der menschlichen Geschichten","1. Auflage",2020
"Trilogie in Blau","1. Aufl.",2013
"Trips auf dem Weg","1. Auflage",2020
"Trish","1. Auflage",2019
"Trockensümpfe",NULL,2008
"Trojanische Steckenpferde","1. Auflage",2020
"Trollwege","1. Auflage",2017
"Tropfenklang aufs Tamburin","1. Auflage",2023
"Trost-Geschichten",NULL,2014
"Trotz alledem",NULL,2013
"Trotzdem: Liebe",NULL,2017
"Troubadourdichtung",NULL,2008
"Trucker babes","1. Auflage, vollständige Taschenbuchausgabe, Originalausgabe",2021
"Trucker Trek gen-Italien","1. Auflage",2022
"True Eyes","1. Auflage",2019
"True Stories",NULL,2020
"Trust","1. Auflage",2021
"Tschüss, Frau Doktor","Originalausgabe, 1. Auflage",2018
"Tschüssikowski","1. Auflage",2017
"Ttoglefuet","1. Aufl.",2014
"Tuchscherer AG","1. Auflage",2023
"Tu Dich auf","1. Aufl.",2008
"Tulpen, Grachten, Pindakaas","1. Auflage",2019
"Turboprop","1. Aufl.",2008
"Türen, Tore & Portale",NULL,2022
"Türen zum Advent",NULL,2008
"Türkische Erzählungen des 20. Jahrhunderts","Aktualisierte und erw. Neuausg., 1. Aufl.",2008
"Türkischer Honig - rot-weiß",NULL,2014
"Turksib","1. Aufl.",2008
"Turmfrisuren im Affentheater",NULL,2020
"Tüte im Zahn","1. Aufl.",2008
"Tut's schon weh?","1. Aufl.",2010
"Tuttifrutti","Erste Auflage",2016
"Tüünkraam","1. Auflage",2023
"Twee Hannen vull Erotik","1. Auflage",2019
"Twintig",NULL,2010
"Tzantza","1. Auflage",2018
"U8 Untergrundminiaturen",NULL,2022
"Über alle Berge","1. Auflage",2019
"Überall lauert das Böse",NULL,2017
"Überall Schillert's",NULL,2013
"Über Bande und andere Erzählungen von starken Frauen",NULL,2017
"Über Berge, Menschen und insbesondere Bergschnecken","1. Auflage",2020
"Über das Erden der Cloud",NULL,2014
"Über das Leben und Wirken der sogenannten »Toten«","1. Auflage",2021
"Über das Unglück geistreich zu sein oder 450 Anekdoten über Philosophen, Künstler, Päpste und Politiker","3. Aufl., 1. Aufl. dieser Ausg.",2012
"Über dem Abgrund der Himmel",NULL,2019
"Über dem Regenbogen","1. Auflage",2017
"Über den Berg","1. Auflage",2019
"Über den Bergen wohnt das Glück",NULL,2023
"Über den Rand der Zeit","1. Aufl.",2013
"Über den Schaumberg hinaus",NULL,2008
"Über den Tag hinaus","1. Auflage",2018
"Über die eigenen Füße stolpern","1. Auflage",2023
"Über die Freiheit oder Münzenberger Geschichten",NULL,2022
"Über die Freundschaft",NULL,2008
"Über die Gleise","Deutsche Erstausgabe",2022
"Über die Haut","1. Auflage",2020
"Über die Jahre","1. Auflage",2020
"Über die Rolle der Bedeutung und ihre Umsetzung in die Praxis",NULL,2008
"Über die Unsterblichkeit","1. Aufl.",2009
"Über die Wolken",NULL,2015
"Überflüssiges","Originalausgabe",2023
"Über Geld schreibt man doch!",NULL,2011
"Überirdisch","Deutsche Erstveröffentlichung",2011
"Überleben","Erstausgabe",2022
"Überlebensgeschichten","1. Auflage",2017
"Überlebt",NULL,2009
"Über Lesben, Lebkuchen und Leidenschaft","Orig.-Ausg.",2014
"Über Mut - über Leben","1. Auflage",2019
"Überraschungsmomente","Erstausgabe",2015
"Überschreitung der Grenzen","1. Auflage",2016
"Übersinnlich",NULL,2011
"Über Staub und andere Feinde des Wohlbefindens","1. Auflage",2016
"Über Unkraut diskutieren",NULL,2017
"Über uns wird die Kellerwohnung frei","1. Auflage",2022
"überwegs","1. Auflage",2023
"Uferbefestigung","1. Aufl.",2011
"Uffgelese",NULL,2014
"Uff guud Pälzisch gsaad",NULL,2010
"Uigurische Geschichten","1. Auflage",2015
"Uitkyk","Originalausgabe, 1. Auflage",2017
"UlP - unsre liebe Post",NULL,2019
"Um 9 Uhr",NULL,2023
"Umarmungen",NULL,2008
"Umbruch - Ursprung - Utopie",NULL,2013
"Umbruchzeiten","1. Aufl.",2010
"Um die Ecke gebracht",NULL,2014
"Um halb fünf Rossini",NULL,2016
"Um mich herum Geschichten",NULL,2022
"Umm Nur","1. Aufl.",2011
"Umsonst haben wir nicht gelebt",NULL,2019
"Umsteigen in Babylon","1. Auflage",2016
"Umstell Geschichten","1. Auflage",2018
"Um vier bei Roberta ...",NULL,2023
"Umweg",NULL,2008
"Unartige Geschichten",NULL,2014
"Unbändige Geilheit","1. Auflage, vollständige Taschenbuchausgabe, Originalausgabe",2021
"Unbehauste",NULL,2016
"Unberechenbare Gier","1. Auflage, vollständige Taschenbuchausgabe, Originalausgabe",2022
"… und abends marokkanisch","1. Auflage",2021
"Und (Alles geschenkt)",NULL,2015
"Und alles wird gut",NULL,2009
"... und auf einmal bist du tot","1. Auflage, ungekürte Taschenbuchausgabe",2018
"Und beim Licht des Wolfes kehren sie wieder",NULL,2017
"Und dämlich grinst das Dromedar","Originalausgabe, (1. Auflage)",2023
"Und dann fängt die Vergangenheit an","Originalausgabe, 1. Auflage",2016
"Und dann gehen sie weiter",NULL,2013
"Und dann ist das Kaninchen gestorben",NULL,2016
"Und dann ist Weihnacht",NULL,2011
"Und dann kam Wudi","1. Auflage",2016
"Und dann klingelst du bei mir",NULL,2023
"Und dann traf ich Arjeta",NULL,2008
"Und dann und wann die Abendsonne","1. Auflage",2016
"Und dann und wann ein weißer Elefant","1. Auflage",2023
"... und dann war da noch Weihnachten",NULL,2020
"Und das Wort ward Stein","1. Auflage",2022
"... und Denken ist Glückssache","1. Aufl.",2010
"... und dennoch blühen sie",NULL,2009
"Und dennoch ist es Leben",NULL,2012
"... und der Himmel lacht dazu",NULL,2008
"... und der Himmel schweigt","Erstauflage",2019
"Und der Tod fragte sich, ob er (un) endlich ist","Erstauflage",2023
"Und die Moral...",NULL,2008
"Und die Seele blüht auf",NULL,2023
"Und draußen die Welt","Erste Auflage",2020
"Und ein Stich gute Butter",NULL,2009
"Under a liquid sky","1. Aufl.",2009
"Under the radar and other stories",NULL,2008
"... und es hat ZOOM gemacht!",NULL,2021
"Und es passiert immer wieder",NULL,2008
"Und es waren drei Brüder",NULL,2015
"Und es werde Licht!",NULL,2010
"Und Eva sagte","1. Auflage",2019
"Und ewig lockt die Liebe","1. Auflage",2019
"... und ganz, ganz viele Doofe!",NULL,2014
"... und hab ein weit' Revier",NULL,2009
"Und hieb ihm das rechte Ohr ab",NULL,2009
"Und ich lebe doch!","1. Auflage",2017
"Und ich sag noch: Halt ihn fest!","1. Auflage",2022
"Undicht, Dichtun, Dichdung",NULL,2018
"Und immer droht der Weihnachtsmann","Ungekürzte Taschenbuchausg.",2009
"Und immer wieder lockt das Leben","Großdruck",2016
"Und im Rückspiegel das Licht","1. Auflage",2023
"Und in dem Moment holt meine Liebe zum Gegenschlag aus","1. Auflage",2017
"Undinenzauber",NULL,2009
"Undine und andere Erzählungen",NULL,2009
"Und irgendwo blüht ein Vergissmeinnicht","1. Auflage",2023
"... und Kain erschlug den Abel","1. Aufl.",2013
"... und keiner will 50 sein","1. Aufl.",2010
"Und konnten es einfach nicht fassen","Ungekürzte Ausg., 1. Aufl.",2015
"Und manchmal lacht der Franke doch!",NULL,2014
"... und morgen gibt es Omelette",NULL,2020
"UND MORGEN SCHON WERDE ICH WIEDERKEHREN - ERZÄHLUNGEN II","1. Auflage",2022
"Und morgen will ich einen Esel !","1. Auflage",2019
"Und nebenbei noch Abitur","1. Auflage",2020
"Und niemand glaubt an mich?!",NULL,2014
"... und niemand weinte eine Träne",NULL,2009
"… und niemand weiß warum",NULL,2018
"Un(d)-Patho-logisches","1. Aufl.",2012
"... und plötzlich ändert sich alles","1. Auflage, ungekürzte Taschenbuchausgabe",2018
"und plötzlich war alles ganz anders","1. Auflage",2021
"Und plötzlich war es Liebe","1. Auflage",2020
"Undrliats",NULL,2012
"... und Rosen Silberperlen tragen",NULL,2008
"Und scho is wieder Weihnachten","1., Aufl.",2016
"Und schuld sind nur die Gletscher",NULL,2021
"Und selbst?","1. Auflage",2017
"... und sie folgten dem Stern!",NULL,2010
"Und Sophia lächelt","1. Aufl.",2013
"Und über allem schwebt Magie",NULL,2023
"Und um uns die Nacht",NULL,2009
"Und wär es nur für einen Augenblick","1. Aufl.",2011
"... und was kann man damit später mal machen?","Orig.-Ausg., 1. Aufl.",2013
"Und wer fängt uns auf? Erzählungen, Gedichte und ein Manifest","1. Auflage",2023
"Und wer wird Gott sein","1. Aufl.",2012
"Und wie begegne ich dir","1. Aufl.",2013
"... und wieder 13 Horror Geschichten","1. Auflage",2021
"Und wieder blühen Rosen",NULL,2022
"Und wieder mal Krimis","Erste Auflage",2017
"Und wieder zieht das Elchgespann …",NULL,2012
"Und wo bleibt mein Wunder?","1. Auflage",2022
"Unerbittliche Geschichten","Originalausgabe, 1. Auflage",2018
"(Un) Erfundenheiten","1. Auflage",2023
"Unerhörte Geschichten",NULL,2012
"Unerklärliche Geschichten",NULL,2013
"Unerklärliches","1. Auflage",2021
"Unerwartete Helden","1. Auflage",2019
"Unerwartetes","1. Auflage",2018
"Unerwartet geliebt","1. Auflage",2020
"Un Fertig",NULL,2020
"Unfugsames","Privatausg. erster Hand",2009
"un-fulfilled",NULL,2022
"Ungebetene Gäste und andere mörderische Geschichten","1. Auflage",2023
"Ungehemmte Lust","1. Auflage",2022
"Ungeheuer","Auflage: 1",2023
"Ungelöst","Originalausgabe",2016
"Ungerecht wie die Liebe","1. Aufl.",2010
"(Un-) Geschichten & Gedichte",NULL,2014
"UnGeschminkt","1. Auflage",2019
"Ungesehene Tränen",NULL,2011
"Ungewöhnlich",NULL,2011
"Ungewöhnliche Geschichten",NULL,2022
"Ungewöhnliche Leute",NULL,2010
"Ungezogene Hunde","1. Auflage",2021
"Un giorno della vita",NULL,2014
"unglaublich","1. Auflage",2021
"Unglaublich - aber wahr",NULL,2009
"Unglaubliche Beobachtungen in der Nachbarschaft","Erste Auflage",2019
"Un-glaubliche Geschichten",NULL,2013
"Unglaubliche Geschichten","1. Auflage",2021
"Unglaubliche Geschichten aus dem Allgäu","1. Auflage",2019
"Unglaubliche Geschichten zum Schmunzeln und Nachdenken","1. Aufl.",2015
"Unglaubliche und witzige Kurzgeschichten aus dem Wunderland der digitalen Fantasie",NULL,2023
"Unheimliche Geschichten aus Japan",NULL,2013
"Unheimliche Schattenspiele",NULL,2017
"Unheimlichkeiten","Großdruck, 1. Auflage",2016
"Uni",NULL,2008
"Unicorns don't swim","1. Aufl.",2016
"Universum Ackerstraße","1. Aufl.",2011
"Universum in der Tasche","Originalausgabe",2023
"Unklare Verhältnisse",NULL,2017
"Unner de Wildsau dorsch",NULL,2019
"Ünnern Heven","1. Auflage",2022
"Unnerwäggens",NULL,2011
"Unnötig",NULL,2013
"Un nune .... en been wat op Harzer Platt","1. Aufl.",2014
"Un nu noch dat","1. Aufl.",2009
"Unruh",NULL,2023
"Unruhen",NULL,2021
"Unruhiger Stillstand",NULL,2015
"Unschuldiges Abenteuer",NULL,2020
"Unschuldsmonster","1. Auflage",2021
"Unseliger Herbst","Erste Auflage",2018
"Unser Bürgermeister im Bordell",NULL,2015
"Unsere Delegierten sind schön",NULL,2009
"Unsere Glücksmomente - Geschichten aus Kiel","1. Auflage",2021
"Unsere Hunde","1. Auflage",2023
"Unsere Sache",NULL,2012
"Unsere unbekannte Familie","Erste Auflage, Originalausgabe",2018
"Unsere Welt 2050","1. Aufl.",2010
"Unsere zweite Haut",NULL,2010
"Unser Freund Nico",NULL,2008
"Unser Sandmännchen - Das große Buch der Gute-Nacht-Geschichten",NULL,2021
"Unsicherheiten",NULL,2015
"Uns Moderspraak","1. Aufl.",2014
"Uns' Oma is over the Ocean",NULL,2013
"Unsortiert",NULL,2008
"Unstillbare Begierde - Lust auf Passion","1. Auflage, vollständige Taschenbuchausgabe, Originalausgabe",2021
"Unstillbare Gier","1. Auflage, vollständige Taschenbuchausgabe, Originalausgabe",2021
"Unstillbare Leidenschaft - Lust auf Verlangen","1. Auflage, vollständige Taschenbuchausgabe, Originalausgabe",2022
"Unstillbare Wollust - Lust auf Sex","1. Auflage, vollständige Taschenbuchausgabe, Originalausgabe",2021
"Unten ist noch Glut","1. Auflage",2022
"Untenrum ab, bitte!","1. Auflage",2017
"Unter dem Buddha-Baum und zwölf weitere Geschichten","Erstaufl.",2012
"Unter dem Eis wächst Hoffnung",NULL,2019
"Unter dem Erinnerungsbaum",NULL,2018
"Unter dem Himmelszelt","1. Auflage",2016
"Unter dem Himmel und in Berlin",NULL,2014
"Unter dem Konferenztisch",NULL,2013
"Unter dem Kreuzesbanner",NULL,2009
"Unter dem Tannenbaum","Erste Auflage",2020
"Unter dem Weihnachtsstern",NULL,2010
"Unter dem Zauberbaum",NULL,2008
"Unter den heimlichen Schatten – 9 unheimliche Erzählungen","1. Auflage",2022
"Unter den Türmen hinter der Stadt","Originalausgabe",2021
"Unter der Sonne",NULL,2008
"Unter Deutschen","1. Auflage",2021
"Unter die Haut","1. Auflage",2020
"Unter einem grünen Apfelbaum",NULL,2017
"Unter einem Hut","1. Auflage",2016
"Unter Eselsbrücken",NULL,2008
"... unter falschem Namen","1. Auflage",2022
"Unter Franken","1. Aufl.",2012
"Unter fremden Himmeln","1. Auflage",2018
"Unter Freunden","1. Aufl.",2009
"Unter Freunden und andere Geschichten aus der Business class",NULL,2008
"Unter Freunden und Dämonen","1. Aufl.",2015
"Unterhaltung",NULL,2014
"Unterm Schlangenträger und andere Geschichten vom Verschwinden","1. Auflage",2021
"Unter Reihern",NULL,2014
"Unter Strom",NULL,2018
"Unter Tage","1. Aufl.",2010
"Untertan - Texte zur Zeit",NULL,2015
"Unter Wasser",NULL,2018
"Unterwegs","Originalausgabe",2017
"Unterwegs in blauen Irrgärten",NULL,2023
"Unterwegs in Feld & Wiese","1. Auflage",2017
"Unterwegs mit Hank",NULL,2020
"Unterwegs nach Üsküdar","1. Aufl.",2011
"UNTERWEGS - vergnügliche und merkwürdige Geschichten","1. Auflage",2019
"Unterwegs, wohin auch sonst",NULL,2013
"Unterwirf mich!",NULL,2010
"Unterworfen","Lizenzausg.",2010
"Untiefen",NULL,2011
"Unvergessene Heimat",NULL,2008
"Unvergesslich!","1. Auflage",2018
"Unvergessliche Schicksale","Erste Auflage",2023
"Unverhofftes Wiedersehen und andere Geschichten aus dem Schatzkästlein des rheinischen Hausfreundes",NULL,2009
"Unverhofft kommt oft",NULL,2018
"Unvertraut","1. Auflage",2021
"Unwahre Geschichten","1. Auflage",2023
"Unwahrscheinliche Abenteuer","Erste Auflage",2016
"Unwetter","1. Auflage",2016
"Unwiderstehlich","Orig.-Ausg.",2013
"Unzeit","1. Aufl.",2016
"Unzeiten","1. Auflage",2022
"Unzeitgemäße Betrachtungen zum Ruhestand!","1. Aufl.",2009
"Unzertrennlich, unersetzlich",NULL,2008
"Unzüchtige Luder","1. Auflage, vollständige Taschenbuchausgabe, Originalausgabe",2022
"Unzweifelhaft der Beste","1. Auflage",2015
"Up'n Padd",NULL,2022
"Üppige Geschichten",NULL,2022
"Upschnappt!","1. Aufl.",2010
"Urbanhafen",NULL,2011
"Urknall",NULL,2013
"#Urknallkinder",NULL,2022
"Urlaub",NULL,2023
"Urlaub am Meer",NULL,2013
"Urlaub auf hoher See",NULL,2011
"Urlaub in Absurdistan",NULL,2009
"Urlaubsgeschichten für Daheimgebliebene",NULL,2009
"Urlaubskapriolen und Geschichten vom Lande (Humoresken)",NULL,2012
"Urlaubslesebuch","Orig.-Ausg.",2012
"Urlaubstraum(a)","1. Auflage",2016
"Urs, Caipirinha-Frühstücksclub","1. Aufl.",2014
"Ursprung","1. Auflage",2018
"Urwaldgäste","1. Aufl.",2014
"Usedomer Geschichten",NULL,2013
"U snu nikada nije dosadno",NULL,2023
"Ut miene Kökschentiet","1. Aufl.",2010
"Utopia 07","Orig.-Ausg.",2008
"Utopisch","1. Auflage",2020
"Uuups!","1. Aufl.",2012
"Uverhoffte Gäst sei aah Menschen!",NULL,2008
"Valse triste","Orig.-Ausg., 1. Aufl., Erstdr.",2012
"Valys","Vollständige Taschenbuchausgabe",2023
"Vampire Cocktail","1. Aufl.",2012
"Vampire sind überall","1. Aufl.",2011
"Vampir Geschichten/ Das Vampir Grab","1. Auflage",2020
"Vanua Vonu Die fabelhaften Geschichten vom grünen Gorilla &amp; dem fast weißen Panda","1. Auflage",2021
"Variationen des Glücks","1. Aufl.",2011
"Väter","Originalausgabe",2022
"Vater Himmel, Mutter Erde","1. Aufl.",2010
"Vaterland ist abgebrannt","1. Aufl.",2013
"Vater Staat. Mutter Erde. Tante Mitzi","Ungekürzte Orig.-Ausg., 1. Aufl.",2012
"Vazähl ma nix!","1. Auflage",2020
"Veddel 20539","Erste Auflage",2018
"Vegetarisch mit Speck","Originalausgabe, 1. Auflage, illustrierte Ausgabe, ungekürzte Ausgabe",2019
"Venedig, deine Katzen!",NULL,2008
"Venezianische Kurzgeschichten",NULL,2009
"Venice Beach","1. Auflage",2020
"Venus ist tot","Orig.-Ausg.",2008
"Verbannte Geschichten",NULL,2020
"Verborgen","1. Auflage",2019
"Verborgene Kinder","1. Auflage",2022
"Verbotene Bücher","Deutsche Erstveröffentlichung, 1. Auflage",2015
"Verbotene Gelüste","1. Auflage, vollständige Taschenbuchausgabe, Originalausgabe",2022
"Verbrechen","1. Auflage, genehmigte Taschenbuchausgabe",2020
"Verbrechen und andere Leidenschaften","Originalausgabe, 1. Auflage",2017
"Verbrecherjagd vor Mitternacht",NULL,2023
"Verdächtige Gerüche aus der Gerüchteküche","1. Auflage",2020
"Verdichtete Geschichten",NULL,2011
"Verdichtete Hoffnung",NULL,2008
"Verdichtetes Mysterium","1. Auflage",2017
"Verdorbene Laster","1. Auflage, vollständige Taschenbuchausgabe, Originalausgabe",2023
"Verdorbenes Treiben in den Hamptons","1. Auflage, vollständige Taschenbuchausgabe, Originalausgabe",2023
"Verduftete Noten","1. Auflage",2018
"Vereinsamungen","Dt. Erstausg.",2011
"Verfallene Hütten",NULL,2019
"Verfehlte Orte","Erste Auflage",2019
"Verfemte Sprachen","1. Auflage, zweisprachige Ausgabe",2019
"Verficktes Herz & andere Geschichten","Orig.-Ausg.",2013
"Verfluchte Mahnmale und Gedenkstätten","Erste Auflage",2018
"Verfluchte Staedte","Erste Auflage",2016
"Verfolgt","1. Aufl.",2009
"Verführt und Begehrt","1. Auflage, deutschsprachige Erstausgabe",2022
"Verführt vom Vater meines Freundes","1. Auflage",2021
"Vergangenes bricht sich Bahn","1. Aufl.",2010
"Vergänglich wie Stein","1., Erstausgabe Oktober 2015, neue Ausg.",2015
"Vergessen? Ach wo!","1. Auflage",2016
"Vergessene Geschichten",NULL,2023
"Vergessenes Kind","Erstauflage",2018
"Vergessen, zu fragen","1. Auflage",2021
"Vergissmeinnicht und Gänseblümchen",NULL,2022
"Verhaftung der Jahreszeiten",NULL,2019
"Verhältnisse","1. Aufl.",2012
"Verhängnisvoller Vertrag","Zweite Auflage",2022
"Verhängnisvoll – mein anderes Ich","1. Aufl.",2012
"Verhext ... ist bei uns gar nichts",NULL,2020
"Verhunzungen und Warnungen",NULL,2022
"Verirrt im Paradies","1. Auflage",2016
"Verkehrte und andere Welten","1. Auflage",2016
"Verkehrte Welt",NULL,2010
"Verkehr vorerst gestoppt","1. Auflage",2018
"Verklüftet in München","1. Aufl.",2014
"Verlangen wider Willen","1. Auflage, vollständige Taschenbuchausgabe, Originalausgabe",2020
"Verlängertes Wochenende mit Jane_372Rose",NULL,2019
"Verlaufene Tage","1. Auflage",2017
"Verlaufsänderungen",NULL,2015
"Verlegen",NULL,2022
"Verliebte Weihnacht","1. Auflage",2022
"Verliebt in alte Residenzen",NULL,2014
"Verlobung mit Hindernissen","1. Auflage",2017
"Verlockende Schätze","1. Aufl.",2010
"Verloren","1. Aufl.",2009
"Verloren ans Paradies",NULL,2013
"Verlorene Gedanken","Erstauflage",2018
"Verlorene Grenzen - Gedichte und Geschichten 1981 bis 2002",NULL,2021
"Verlorener Gesang","1. Auflage",2023
"Verlorenes Glück",NULL,2022
"Verlorenes Meer","1. Auflage",2017
"Verlorenes Wissen",NULL,2008
"Verlorene Träume","1. Auflage",2021
"Verloren gehen",NULL,2008
"Verloren im Alltag","1. Auflage",2019
"Verloren und wiedergefunden","1. Aufl.",2010
"Verloren Wasser","1. Auflage",2018
"Vermessungen einer Liebe",NULL,2022
"Vermintes Echo","1. Aufl.",2014
"Vermutungen",NULL,2010
"Verona liegt woanders","Orig.-Ausg., 1. Aufl., Erstdr.",2010
"Verpasst","1. Auflage",2015
"Verpasste Augenblicke",NULL,2008
"Verrat",NULL,2018
"Ver-Ratgeber für das  Arbeits-Los und andere Geschichten",NULL,2016
"Ver-rückte Geschichten","1. Aufl.",2015
"Verrückte Geschichten vom Bären Nikodemus mit dem Flughund Namenlos, vom Wilden Räuber Hopsassa, vom Hochzeitswurm und vom Drachen","1. Aufl.",2011
"Verrückte Geschichten vom Planet Terra/Die Expedition","1. Auflage",2017
"Verrückte Geschichten von Fin dem tolldreisten Hund",NULL,2022
"Verrückt nach Leben",NULL,2013
"Versäumter Augenblick und unverlorenes Paradies",NULL,2023
"Versaute Abenteuer","1. Auflage, vollständige Taschenbuchausgabe, Originalausgabe",2023
"Verschieden!",NULL,2019
"Verschiedene Geschichten","1. Auflage",2021
"Verschiedenes aus dem Alltag",NULL,2015
"Verschlusssache","1. Printauflage",2015
"Verschmolzen","1. Aufl.",2012
"Verschneit liegt rings die ganze Welt","Orig.-Ausg.",2009
"Verschollen","1. Aufl.",2011
"Verschreibungspflichtig","1. Auflage",2009
"Verschwunden und ermordet: Kriminalroman Sammelband 3 Krimis","1. Auflage",2020
"Verse, Lieder und Geschichten",NULL,2008
"Verse und Erzählungen",NULL,2016
"Versickerungen",NULL,2022
"Versklavt - Die Rache der Königinnen & Zu Füßen der Schülerin",NULL,2023
"Versöhnung","Orig.-Ausg., 1. Aufl.",2009
"Verspätung!",NULL,2015
"Versprechen gehalten",NULL,2016
"Verstehe mich wer will",NULL,2013
"Versteigert! Das gehorsame Ehepaar","1. Auflage, vollständige Taschenbuchausgabe, Originalausgabe",2020
"Verstörende Geschichten",NULL,2018
"Versuchung",NULL,2015
"Vertellen ut ole Tieden",NULL,2011
"Vertell mal vun fröher","1. Auflage",2020
"Vertrackte Affären",NULL,2016
"Vertrautes Terrain","1. Auflage",2018
"Verurteilt zu akzeptieren",NULL,2012
"Verwandlungen","1. Aufl.",2010
"Verwandte auf dem Mars",NULL,2008
"Verwandte Seelen",NULL,2023
"Verwandt mit Marquis de Sade & Zen",NULL,2012
"Verweile","1. Aufl.",2010
"Verweilen","1. Auflage",2019
"Verwirrung der Gefühle","1. Aufl.",2013
"Verwirrung der Gefühle und andere Erzählungen",NULL,2011
"Verzauberter Schwarzwald","1. Aufl.",2008
"VERZAUBERT - NOVEMBERSCHNEE - DAS BLOCKHAUS",NULL,2016
"Verzettelt",NULL,2008
"Verzweiflungen",NULL,2011
"Verzweigungen","Originalausgabe",2021
"Verzwickt und angerissen","1. Auflage",2017
"Victim of Darkness",NULL,2023
"Viele Grüße aus dem schönsten Land der Welt",NULL,2013
"Viele kleine Schritte ...","1. Auflage",2018
"Vielfalt","1. Auflage",2022
"Viel Glück und viel Freude",NULL,2019
"Vielleicht begab es sich aber ...",NULL,2013
"Vielleicht Esther","1. Aufl.",2014
"Viel mehr Urlaub auf hoher See","1. Auflage",2017
"Viel und wenig",NULL,2009
"Vier",NULL,2023
"Vierbeinige Weggefährten",NULL,2014
"Vierertreffen Schottland - Irland","1. Auflage",2016
"Vier Erzählungen","1. Auflage",2020
"Vier Fantastische Stories","1. Auflage",2021
"Vier Geschichten zum Fest","1. Aufl.",2011
"Vier Jahreszeiten Liebe","1. Aufl.",2011
"Vierlinge","1. Aufl.",2009
"Vier Morde unterm Weihnachtsbaum","1. Auflage",2023
"Vier neue Kurzgeschichten","1. Auflage",2019
"Viernheimer Apfelmus","1. Auflage",2017
"Vier Stufen",NULL,2015
"Vier Tage Wetter","1. Aufl.",2010
"Vier tausend zwei hundert zwei und zwanzig Kilometer",NULL,2023
"Vierundzwanzig","1., Unveränderte Neuausgabe",2012
"Villa Spada",NULL,2019
"Vill Lachen, Ohnewitz","1. Aufl.",2010
"Vincents Umbau und andere Geschichten","1. Aufl.",2014
"Vino e Caffé","1. Auflage",2021
"Virtuelle Begegnungen","1. Auflage",2020
"Virulent","1. Auflage",2020
"Virulente Geschichten","1. Auflage",2021
"Visionen - Geschichten aus der Zukunft","1. Auflage",2019
"Visionen zu Mittelerde",NULL,2012
"Viva la Vita","1. Auflage",2019
"Vivat Academia!","1. Aufl.",2011
"Vo äägelige Urnäscher",NULL,2017
"Vo dr Liebi an dr Fasnacht ...","Orig.-Ausg.",2014
"Vögel fliegen nicht geradeaus",NULL,2017
"Vogelfrei",NULL,2008
"Vogelfreunde","1. Auflage",2018
"Vogelfreundin - Düstere Geschichten","1. Auflage",2023
"Vohburger Geschichte(n)","1. Aufl.",2011
"Voigtsdorfer Geschichten",NULL,2012
"Volk der Freien","1. Auflage",2021
"Volkshochschultango","1. Aufl.",2010
"Voll daneben!","1. Aufl.",2011
"Voller Wermut blicke ich auf mein Leben zurück","Originalausgabe",2020
"Voll geschrieben!","1. Auflage",2018
"Völlig irre","1. Aufl.",2008
"Völlig losgelöst von der Erde",NULL,2016
"Voll ins Schwarze","Orig.-Ausg.",2010
"Vollkommenheit & 20 weitere Kurzgeschichten","Vollständige Taschenbuchausgabe",2018
"Vollmond-Pilze, verbuddelte Bembel und andere Kurzgeschichten","1. Auflage",2020
"Vollmond über Weissbad",NULL,2013
"Vollpension mit Therapie",NULL,2013
"Voll von Freude",NULL,2016
"Voll von Gedanken","1. Auflage",2017
"Vom anderen Sein",NULL,2009
"Vom Aufstehen","Originalausgabe",2021
"Vom Deiwwel geridde",NULL,2019
"Vom Dorf um die Welt und zurück",NULL,2021
"Vom Duft der Rosenblüte","Limitierte Jubiläumsedition",2018
"Vom Einhorn, das die Welt rettet, Robotern, Tierrevolution und Fabelwesen","1. Auflage",2019
"Vom Elbbach an den Hindukusch","1. Auflage",2021
"Vom Ende her","1. Auflage",2018
"Vom Engel, der seine Flügel suchte",NULL,2012
"Vom fliegenden Robert","Erste Auflage",2018
"Vom Folgen und Bleiben","1. Auflage",2023
"Vom Frieren der Lerchen",NULL,2021
"Vom Gartenzwerg und Wackeldackel",NULL,2015
"Vom Gefühl eine Sektflasche zu sein","1. Auflage",2018
"Vom Geheimnis der Weihnacht","1. Auflage",2016
"Vom geräumten Meer, den gemieteten Socken und Frau Butter",NULL,2012
"Vom Geschlecht der Engel und anderen Kalamitäten","1. Auflage",2017
"Vom Glück, 70 zu sein","1. Auflage",2021
"Vom Glück der frühen Jahre",NULL,2021
"Vom Glück des Spazierens",NULL,2022
"Vom Glück, einer Vogelspinne zu begegnen",NULL,2019
"Vom Glück, Großeltern zu sein",NULL,2023
"Vom Glück, nicht allein zu sein","1. Auflage",2015
"Vom Glück zu lesen","1. Auflage",2016
"Vom großen Ganzen","1. Aufl.",2012
"Vom Hafer gestochen",NULL,2022
"Vom Heldenfrühstück zum Ohrenschmaus",NULL,2022
"Vom Himmel hoch","1. Auflage",2019
"Vom Himmel hoch, da komm ich her","1. Auflage",2017
"Vom Hören zum Sagen","1. Aufl.",2013
"Vom Irrwitz des Alltags","1. Auflage",2016
"Vom Kleingartendach die rauchende Innenstadt","1. Auflage",2023
"Vom Kopf aufs Blatt","1. Auflage",2023
"Vom Krokus bis zum Bratapfelduft",NULL,2014
"Vom Lachen der Engel und Menschen",NULL,2013
"Vom Land der Frauen und keltischen Helden",NULL,2016
"Vom Leben",NULL,2014
"Vom Leben auf dem Lande",NULL,2008
"Vom Leben der Kaulquappen","1. Aufl.",2014
"Vom Leben erfüllt",NULL,2020
"Vom Leben geschrieben","1. Auflage",2019
"Vom Leben geschrieben - Kurzgeschichten Teil II","1. Auflage",2019
"Vom Leben mit Papageien und anderen Paradiesvögeln","1. Auflage",2019
"Vom Leben und Schweben in Wuppertal","Dt. Orig.-Ausg., 1. Aufl.",2013
"Vom Leben und Tod","1. Aufl.",2014
"Vom Leben und Weben in Wuppertal","1. Auflage, deutsche Originalausgabe",2016
"Vom Leuchten der Sterne und andere Geschichten","1. Auflage",2015
"Vom Lieben und Nichtlieben","1. Auflage",2023
"Vom Lügen und vom Träumen",NULL,2021
"Vom Marinius-Planeten und dem ausserirdischen König Mauritsius",NULL,2014
"Vom Minirock und dem Männerpo","1. Auflage",2017
"Vom Miteinander","1. Auflage",2019
"Vom Mut der Anderen",NULL,2014
"Vom östlichen Wind verweht",NULL,2023
"Vom Pferd erzählen","1. Auflage",2020
"Vom Rand der Vernunft",NULL,2023
"Vom Reichtum des Zeithabens",NULL,2022
"Vom Schälen der Drachenfrucht","1. Auflage",2021
"Vom Schatz im Kies und anderen Reichtümern",NULL,2013
"Vom Schicksal verweht","1. Auflage",2021
"Vom schönen Schein",NULL,2020
"Vom Schreiner zum Konditor",NULL,2011
"Vom Schuster und seinen Leisten","Großdruck",2018
"Vom Schweigen und vom Licht","1. Auflage",2021
"Vom Sein zum Bewusstsein - vom Wissen zum Dasein",NULL,2020
"Vom Sex besessene Schlampen","1. Auflage, vollständige Taschenbuchausgabe, Originalausgabe",2023
"Vom Sieg der Toten und dem Tod des Träumers","Originalausgabe, Erstdruck",2019
"Vom Sinn für den Augenblick",NULL,2015
"Vom Stinkemichel und seinen Freunden","1. Auflage",2019
"Vom Tabarz","1. Aufl.",2011
"Vom Tier Jaromír","Erstausg.",2009
"Vom Tod eines alten Lesers","1. Aufl.",2008
"Vom Überleben","1. Auflage",2023
"Vom Unaussprechlichen","1. Auflage",2022
"Vom Verlust der Leichtigkeit",NULL,2021
"Vom Watzmann über Maria Eck an den Chiemsee",NULL,2012
"Vom Weggehen und vom Ankommen...","1. Auflage",2019
"Vom Weihnachtsmann","1. Aufl.",2015
"Vom Weinen und Lachen",NULL,2011
"Vom Wunder der Bäume",NULL,2021
"Vom Wunder einer Winternacht",NULL,2020
"Vom Wünschen und Schenken","Orig.-Ausg.",2011
"Vom Zauber der Bergweihnacht",NULL,2021
"Vom Zustand der Welt um 4 Uhr 35","1. Auflage",2016
"Von Alt zu Jung",NULL,2011
"Von Ameis' Wolf und Schwein","1. Aufl.",2011
"Von A nach B","1. Aufl.",2014
"Von A nach B plus X","Orig.-Ausg.",2008
"Von Andromeda bis Winnetou","1. Auflage",2017
"Von Anfang an","1. Auflage",2018
"Von Ansichten und Aussichten",NULL,2021
"Von Anwendung bis Zwischenvisite",NULL,2012
"Von Apfelbaum bis Schwanenherz",NULL,2016
"Von Apfelgrün bis Zölibat",NULL,2017
"Von A - Z oder: wie ich mich bemühe, die besten meiner Geschichten in einem Buch unterzubringen",NULL,2012
"Von Belang",NULL,2019
"Von Bettmäusen und anderen Problemfällen",NULL,2012
"Von blauen Leichen","1. Auflage",2016
"Von Boxern, Weibern und anderen Geschichten","1. Auflage",2020
"Von Brandasund bis Nasholim","1. Ausgabe",2019
"Von Brotessern und Fleischessern","1. Aufl.",2014
"Von Bruchpiloten und anderen Helden. Beziehungen - Menschen - Alltag.","1. Auflage",2019
"Von Cappuccino bis Sauerwein","1. Aufl.",2008
"Von den Heiopeis und Gurkenfröhlichs dieser Welt",NULL,2014
"Von den letzten Dingen","1. Auflage",2016
"Von den Leuten hinterm Deich",NULL,2008
"Von den zwei Arten des Vergessens","1. Auflage",2022
"Von der Agora des antiken Böotiens zum deutschen Supermarkt",NULL,2021
"Von der Freiheit des Schreibens",NULL,2011
"Von der Gerechtigkeit Träumen",NULL,2010
"Von der Hunsrückjagd und anderswo ...",NULL,2008
"Von der Irritation des Lebens",NULL,2022
"Von der Liebe - eine Anthologie",NULL,2008
"Von der Liebe und vom Teufel",NULL,2016
"Von der Nacht, der Furcht und dem abgrundtief Bösen","1. Aufl.",2008
"Von der Vergeblichkeit der Liebesmüh","1. Auflage",2017
"Von der Werra an die Wuhle",NULL,2009
"Von der Wiege bis zur Bahre",NULL,2016
"Von Dick- und Dünnhäutern","1. Aufl.",2008
"Von dieser Liebe darf keiner wissen",NULL,2013
"Von dunklen Augen und dunklen Seiten","1. Aufl.",2009
"VON DUNWICH BIS INNSMOUTH","1. Auflage",2021
"Von Einem, der auszog, den Anfang des Regenbogens zu finden","1. Auflage",2018
"Von einem, der auszog, einen Engel zu kaufen",NULL,2014
"Von einem, der auszog mit Bildern zu schreiben","1. Aufl.",2014
"Von einer die auszog das Fürchten zu lernen","1. Aufl.",2008
"Von einer langen Heimkehr",NULL,2010
"Von Eis und Meer","1. Aufl.",2010
"Von Evchensruh nach Adams Hoffnung","1. Auflage",2017
"Von Fiesole nach Pasing und andere Geschichten",NULL,2015
"Von Fluchten und Wiederfluchten",NULL,2017
"Von Flussgeistern & Mysteriösem","1. Auflage",2019
"Von Flusshexen und Meerjungfrauen",NULL,2020
"Von Frauen und Pferden","1. Auflage",2023
"Von Frauen und Rabbinern","Originalausgabe, limitiert und nummeriert",2020
"Von Geistern und Götzen","1. Aufl.",2013
"Von gestressten Killern und genervten Opfern","1. Aufl.",2010
"Von Giraffen und Küssen","1. Auflage",2017
"Von Glücksrittern und Alltagsheldinnen","1. Auflage",2021
"Von Glückssuchern und Weltentdeckern","1. Auflage",2019
"Von Gottes Kraft getragen",NULL,2012
"Von Gott, Menschen und Tieren",NULL,2014
"Von guten Mächten","1. Auflage",2020
"Von Helden und Versagern","1. Aufl.",2009
"Von heroischen Leidenschaften","1. Auflage",2016
"Von Hessen und Chatten","1. Auflage",2020
"Von Höhenflügen und Abstürzen","1. Auflage",2021
"Von Hundeschnauzen und Hundeseelen","1. Auflage",2022
"»Von Inseln weiß ich …«","1. Auflage, neue Ausgabe",2017
"Von Katten un Karken",NULL,2008
"Von Katze, Molch und Weihnachtsmann","1. Auflage",2020
"Von Katzentötern, schwebenden Rauchern und der Suche nach Nilpferden",NULL,2018
"Von klugen Tauben und dummen Falken","Zweite Auflage",2018
"Von Klütenewern und Kanalsteurern",NULL,2015
"Von Lebenslust ... bis Alltagsfrust","Originalausgabe",2022
"Von Lebertran und Scheuermann","1. Auflage",2022
"Von Leidenschaften und Verlusten","1. Auflage",2020
"Von Liebe, Krieg und Feuer","1. Auflage",2020
"Von Liebe und anderen Abschieden","1. Auflage",2015
"Von Liebe und Einsamkeit","1. Aufl.",2015
"Von Lübeck bis Laboe","1. Auflage",2020
"Von Mägden, Söldnern und Halunken","1. Auflage",2016
"Von makabren Spielen und dem geheimnisvollen Schrei",NULL,2015
"... von Männern, Mädchen, Löwen und Hemingway","Orig.-Erstausg., Erstaufl.",2010
"Von Maulwürfen, Männern und anderen Tieren","1. Auflage",2022
"Von Maus, Hund und Honigbär",NULL,2017
"Von Meerjungfrauen, Kapitänen & fliegenden Fischen","Orig.-Ausg.",2012
"Von Menschen","1. Auflage",2018
"Von Menschen und Leben",NULL,2008
"Von Menschen und Leuten","1. Auflage",2017
"Von Menschen und Masken","Originalausgabe",2021
"Von Menschen und Menschlichem",NULL,2009
"Von Menschen und Milben",NULL,2019
"Von mir an dich ...",NULL,2008
"Von mir zu Dir","1. Aufl.",2009
"Von Moment zu Moment","1. Auflage",2022
"Von Morden und Menschen",NULL,2010
"Von Ostern bis Oktober",NULL,2013
"Von Paris nach Pento","1. Aufl.",2014
"Von Perlen und Hunden","Neuausgabe der im April 2006 im Verlag des Ersten Deutschen Fantasy Club e.V., Passau, als Fantasia 194 erschienenen Erstausgabe",2017
"Von Pralinen, Wettbewerben und Handtaschen","1. Auflage",2016
"Von Querköpfen und Taugenichtsen","1. Auflage",2020
"Von Reina, Ainoa und anderem Getier","Erste Auflage",2022
"Von Reisenden und Daheimgebliebenen","1. Auflage",2019
"Von Schriftstellern, Troubadixen und heiligen Löchern","1. Auflage",2016
"Von Schweinsfüßle, Omas Liebestöter und weitere Geschichten","1. Auflage",2023
"Von sie. Zu er. Zu mir","1. Auflage",2022
"Von Spiegeln und Schatten",NULL,2018
"Von Taten und Tätern","1. Aufl.",2009
"Von Torfköppen und Moorbuben","1. Auflage",2022
"Von Träumen und Wirklichkeiten","1. Auflage",2021
"Von Türchen zu Türchen",NULL,2014
"Von Unkrautsuppe und dem Einkriegezeck",NULL,2008
"Von Verwandlungen","1. Auflage",2017
"Von Waldgeistern, sprechenden Blumen und Einhörnern, Märchenzauber","1. Auflage",2019
"Von Wanderern und Brückenfesslern","Orig.-Ausg., 1. Aufl.",2009
"Von wegen alt","1. Aufl.",2008
"Von wegen Ruhestand","1. Auflage",2019
"Von weißen und schwarzen Schafen",NULL,2011
"Von Weiten und Zeiten",NULL,2016
"Von Wellen und Weite","1. Auflage",2022
"Von Weltenbummlern und Lebenskünstlern","1. Auflage",2018
"Von wo ich anrufe",NULL,2014
"Von Würmern und vom Müssen müssen",NULL,2008
"Von Zauberfeuer und Feuerzauber",NULL,2023
"Von Zeit zu Zeit bin ich ganz normal verrückt","Erste Auflage",2022
"Von Zeit zu Zeit unterwegs zwischen Harz und Heide",NULL,2016
"Von Ziegen, vom Fliegen, vom Scheitern und vom Siegen","1. Auflage",2020
". . . vor allem auf Reisen","1. Auflage",2021
"Vor Anbruch der Morgenröte","Erste Auflage",2017
"Vorbei",NULL,2009
"Vorboten des Grauens",NULL,2011
"Vor dem Fenster","1. Auflage, ungekürzte Ausgabe",2018
"Vor dem Kamin",NULL,2013
"Vor dem letzten Augenblick",NULL,2012
"Vor dem Tunnel","1. Auflage",2023
"Vör dien egen Döör",NULL,2009
"Vorfahren","1. Aufl.",2013
"Vorfreude auf Weihnachten","1. Auflage, Neuerscheinung",2017
"Vorgestern unterwegs",NULL,2016
"Vorhang auf!","1. Auflage",2016
"Vorläufige Höhepunkte der Baukunst","1. Auflage",2020
"Vorlesebuch Advent und Weihnachten",NULL,2012
"Vorne im Hinterland","1. Aufl.",2010
"Vororte-Miniaturen","1. Auflage",2016
"Vorrücken im Gegenuhrzeigersinn","1. Auflage",2017
"Vor.Sicht Ab.Gründe","1. Auflage",2017
"Vorsicht an der Bahnsteigkante!",NULL,2011
"Vorsicht Gedichte!!!",NULL,2013
"Vorspiel",NULL,2008
"Vor verschlossenen Pforten","Originalausgabe",2017
"Vor vielen hundert Jahren",NULL,2008
"Vorwärts immer, rückwärts nimmer!","Rote Edition",2020
"Vorwiegend heiter","1. Auflage",2023
"Vorwiegend vergnügliche Geschichten in Gedichten","1. Aufl.",2010
"Voyage",NULL,2021
"Vun Katten un Karnickel",NULL,2009
"Vun Mensche un Leit",NULL,2015
"Wäär gaggerd, muss aach lee'e",NULL,2011
"Waar i a Charivari",NULL,2011
"Wachsen","1. Auflage",2019
"Waffensalat, eiskalt serviert",NULL,2023
"Wagner E. Steins Erzählungen","1. Auflage",2019
"Wagner E. Steins Erzählungen II","1. Auflage",2019
"Wahltag","1. Auflage",2018
"Wahn","Orig.-Ausg.",2013
"Wahneswogen","Erste Auflage",2017
"Wahnsinn am Airport",NULL,2011
"Wahnsinn Wartezimmer","1. Auflage",2017
"Wahre Begebenheiten","1. Auflage",2021
"Wahre Freundschaft","1. Auflage",2021
"Wahre Geschenke",NULL,2009
"Wahre Geschichten"," Erste Auflage",2021
"Wahre Geschichten eines aussergewöhnlichen Katers","1. Auflage",2019
"Wahre Geschichten von Jerry, Otti und Yoschi",NULL,2008
"Wahre gruselige Geschichten über verdammte Seelen, weiße Frauen und Hexen",NULL,2019
"Wahre Helden aus den Zeiten","1. Auflage",2019
"Wahre Helden wollten keine sein",NULL,2023
"Wa(h)re Lebenslügen","1. Aufl.",2015
"Wahre lustige Geschichten und Anekdoten erzählt von vier Pfoten","Erstausg.",2013
"Während",NULL,2008
"Wahres aus Sachsen und Franken",NULL,2017
"Wahres GLÜCK findest Du in Dir!",NULL,2016
"Wahre Weihnachswunder","11. Auflage",2018
"Wahre Weihnachtswunder",NULL,2011
"Wahrhaftigkeit","1. Auflage",2021
"Wahrheitstropfen","1. Aufl.",2009
"Wahr oder nicht wahr","Orig.-Ausg.",2012
"Wahrscheinliche und unwahrscheinliche Geschichten","1. Auflage",2018
"Wald der Elfen","1. Auflage",2019
"Waldemar Müller",NULL,2013
"Waldeslust und Hühnerbrust",NULL,2009
"Waldgeflüster","1. Aufl.",2013
"Waldheimat",NULL,2018
"Waldstettener G'schichten","1. Auflage",2019
"Wald und Flur",NULL,2013
"Walk along",NULL,2019
"Walter Aar - aus dem Leben eines Schwindlers","1. Aufl.",2008
"Walzer mit Mr. Spock","1. Auflage",2020
"Wandel","1. Aufl.",2011
"Wandelbar",NULL,2008
"Wandelnde Wellen","1. Auflage, Version 1.0",2016
"Wandelnde Zebrastreifen","1. Aufl.",2009
"Wanderer",NULL,2019
"Wanderer unter dunklen Himmeln","1. Auflage",2018
"Wandering spirits","1. Aufl.",2010
"Wandern lieb' ich für mein Leben",NULL,2023
"Wanderung zur Quelle","1. Aufl.",2013
"Wandkalender mit Spirale 2019 Zwiesel und Bayerischer Wald/ Böhmen in Bayern A4 mit Kalendarium","1. Originalausgabe",2018
"Wandlungen",NULL,2015
"Wann du willst","Orig.-Ausg., 1. Aufl.",2013
"Wann ich net schloofe kann ...",NULL,2013
"Wann kommt die Liebe","1. Aufl.",2010
"Wäre die Erde schön, wäre Gott nicht im Himmel",NULL,2019
"Wäre doch gelacht",NULL,2009
"War es Absicht oder doch nur Zufall","1. Auflage",2019
"War es Liebe?",NULL,2014
"War ich das?",NULL,2022
"Warme Füsse","Erste Auflage",2022
"Warme Milch mit Honig",NULL,2019
"Warmer Regen","1. Aufl.",2012
"Warm wie die Herbstsonne",NULL,2023
"Warnung",NULL,2017
"War schön jewesen","Originalausgabe im Ullstein Taschenbuch, 1. Auflage",2016
"Warten ...",NULL,2021
"Warten auf das Christkind",NULL,2021
"Warten auf das große Wort",NULL,2013
"Warten auf Grün","1. Auflage",2019
"Warten auf Ketty","1. Auflage",2016
"Warten auf Weihnachten","Erste Auflage, Originalausgabe",2022
"Warten bis der Artz kommt ...","1. Auflage",2019
"Warte nur"," Originalausgabe, ungekürzte Ausgabe",2018
"Warte nur, balde dichtest du auch!","Orig.-Ausg., 1. Aufl.",2010
"Warten, warten auf ...","1. Auflage",2016
"Wartezimmergeschichten",NULL,2016
"Warum das Kind in der Polenta kocht","1. Auflage",2019
"Warum der Börsengang des Himmels scheiterte","1. Aufl.",2008
"Warum die Menschen lächeln",NULL,2011
"Warum Eva die Handtasche erfand und Gott die Migräne","1. Aufl.",2010
"„Warum habt Ihr DAS nur gemacht?",NULL,2012
"Warum ich keine Karriere gemacht habe oder: Ich stehe hier und singe","1. Auflage",2016
"Warum ich schreibe",NULL,2016
"Warum in die Ferne schweifen?",NULL,2023
"Warum Leonard auf Bernstein ritt",NULL,2023
"Warum liegt hier Stroh? - erotische Geschichten","1. Auflage, vollständige Taschenbuchausgabe, Originalausgabe",2019
"Warum man den indigenen Völkern keine Glasperlen mitbringen sollte","1. Auflage",2021
"Warum, Silke, warum?",NULL,2021
"Warum sind die anderen keine besseren Menschen?","1. Auflage",2021
"Warum Tante Iphigenia mir einen Koch schenkte","Sonderproduktion, 1. Aufl.",2014
"Was alles fehlt",NULL,2011
"Was am Ende bleibt",NULL,2019
"Was bei Nacht geschah ...",NULL,2014
"Was bleibt ist das Urteil",NULL,2018
"Waschen, schneiden ... Wuff!",NULL,2012
"Was das Herz berührt",NULL,2008
"Was das Leben hergibt","1. Auflage",2019
"Was das Leben mit der Liebe macht","Lizenzausg., 1. Aufl.",2013
"Was der Himmel erlaubt","1. Aufl.",2011
"Was der Humor auf die Beine stellt","1. Aufl.",2013
"Was doch alles so passiert ... ;)","1. Auflage",2018
"Was du heute kannst entkorken, das verschiebe nicht auf morgen!","1. Auflage",2016
"Was du nicht siehst.","1. Auflage",2023
"Was du nicht willst, das man dir tu ...",NULL,2019
"Was du nicht wissen willst ...",NULL,2014
"Was Eltern brauchen","1. Auflage",2022
"Was fehlt eigentlich","1. Auflage",2018
"Was für ein Hundeleben","Deutsche Erstausgabe",2020
"Was für ein Sommer","1. Auflage",2019
"Was für Freunde","1. Auflage",2021
"Was für Marken ...",NULL,2015
"Was für Spinner","1. Auflage",2018
"Was geht, wenn nichts mehr geht?","1. Auflage",2016
"Was gibt's da zum Lachen?",NULL,2008
"Was habe ich verpasst","1. Auflage",2021
"Was haben Sie da angerichtet","1. Auflage",2017
"Was hinter dem Spiegel ist","Originalausgabe",2019
"Was ich nie mehr sagen will zu Mickey Rourke","1. Aufl.",2008
"Was ich noch erzählen wollte",NULL,2011
"Was ich noch sagen wollte ...",NULL,2009
"Was ich schon immer mal erzählen wollte",NULL,2018
"Was (in) einer Familie noch so alles unterkommt ...",NULL,2023
"Was ist denn sonst noch im Kühlschrank","1. Auflage",2019
"Was ist der Mensch?","Originalausgabe, 1. Auflage",2022
"Was ist schön?","1. Aufl.",2014
"Was ist Weihnachten für mich","1. Aufl.",2010
"Was kostet denn ein Zwanziger-Eis?","1. Aufl.",2012
"Was machen denn so die Nachbarn?",NULL,2012
"Was man nicht sieht","1. Aufl.",2011
"Was morgen geschah","Originalausgabe",2021
"Was nicht geschah","1. Auflage",2019
"Was nicht verjährt","1. Aufl.",2008
"Was nicht zu erwarten war - 33 Kurzgeschichten mit Illustrationen, die auch anders hätten ausgehen können. Manche sogar schlechter!",NULL,2022
"Was reimt sich auf Wochenende? Prosecco!","1. Auflage",2019
"Wasser",NULL,2009
"Wasserburg - verWunschen & verZaubert","1. Auflage",2021
"Wassergeflüster","1. Aufl.",2014
"Wasserkochen leicht gemacht ...?",NULL,2009
"Wassermainwasser","1. Aufl.",2012
"wasser.spiegel",NULL,2018
"Wasserspiele.","1. Auflage",2021
"Wasserstoffbrennen",NULL,2018
"Wasser-Werke",NULL,2010
"Wasserzauber",NULL,2011
"Was so alles geschieht - 10 Kurzgeschichten",NULL,2019
"Was soll ich erzählen","1. Aufl.",2014
"Was trägt der Papst nach Feierabend?",NULL,2008
"Was uns so durch den Kopf geht ...",NULL,2013
"Was unvergessen bleibt","1. Auflage",2023
"Was versteht Horst schon von Lyrik","1. Aufl.",2010
"Was wäre, wenn ...","Orig.-Ausg., 1. Aufl.",2008
"Was wird morgen sein?","Orig.-Ausg.",2008
"Was wir nicht sehen","1. Aufl.",2013
"Was wir zu Corona sagen","1. Auflage",2022
"Was wissen Heilige vom Leben","1. Auflage",2020
"Was wünscht mir meine Geliebte",NULL,2010
"Was zum Teufel geht hier vor?","Orig.-Ausg., 1. Aufl.",2011
"Was zum Träumen und was zum Nachdenken","1. Auflage",2020
"Watch yr Socken!",NULL,2022
"Water",NULL,2015
"Wat maken ...?!",NULL,2013
"Wat sachsse?","Originalausgabe",2023
"Wat twischen Heven un Erd so passeert",NULL,2014
"Waves of love - endless summer: 20 Kurzgeschichten","Erste Auflage",2017
"Wä weiß, woför et jot es ...",NULL,2016
"Way ear","1. Auflage",2022
"Wayfarers","1. Auflage",2017
"Wechselhaft heiter bis wolkig","Orig.-Erstausg.",2008
"Wechselnd bewölkt doch vorwiegend heiter","Orig.-Ausg.",2008
"Wechselndes Licht",NULL,2010
"Wechselwirkungen","1. Aufl.",2014
"Weckels Angst",NULL,2017
"Wedding","Deutsche Erstausgabe",2017
"Wedding sehen und sterben","1. Auflage",2020
"Wedding undercover und andere Geschichten","1. Auflage",2015
"Weekend","1. Aufl.",2008
"weg","1. Auflage",2021
"Wega",NULL,2020
"Weg am Rand","1. Auflage",2019
"Weg bist du","Taschenbuchausg., 1. Aufl.",2014
"Wege","1. Auflage",2020
"Wege der Liebe","1. Auflage",2022
"Wege des Schicksals","Originalausgabe",2019
"Wege durch die Angst","1. Auflage",2023
"Wege, Gänge","1. Auflage",2018
"Wege ins Licht","Deutsche Erstausgabe, 1. Auflage",2023
"Wege ins Offene","Deutsche Erstausgabe, 1. Auflage",2020
"Wege und Entscheidungen","1. Auflage",2015
"Weggetreten","1. Auflage",2016
"Wegkreuze","1. Auflage",2017
"Weg-Kreuzungen","1. Aufl.",2011
"Wegstationen",NULL,2014
"Wegstücke","1. Auflage",2019
"Wegträume begleiten mein Staunen","1. Aufl.",2011
"Wegweisende Grenzerfahrungen","1. Auflage",2021
"Wehre dich deiner Haut","1. Auflage",2018
"Wehre dich nicht",NULL,2008
"Weiberlist","1. Auflage",2017
"Weibsbilder",NULL,2015
"Weider und Treiber und subjektive Bilder",NULL,2013
"Weihnacht","1. Auflage",2018
"Weihnacht 1944",NULL,2014
"Weihnacht eines Träumers und fünf andere Erzählungen","1. Aufl.",2012
"Weihnachten","1. Aufl.",2009
"Weihnachten auf Burg Dunrannoch",NULL,2022
"Weihnachten auf Huntington Castle",NULL,2019
"Weihnachten bei Kerzenschein","Orig.-Ausg.",2010
"Weihnachten, das Fest der Feste",NULL,2014
"Weihnachten derham im Arzgebirg","1. Aufl.",2009
"Weihnachten, die besondere Zeit für Stille, Liebe, Licht",NULL,2010
"Weihnachten! Ein fränkisches Lesebuch zum Fest des Jahres",NULL,2018
"Weihnachten einst und jetzt","1. Aufl.",2013
"Weihnachten für Verliebte","Erste Auflage, Originalausgabe",2020
"Weihnachten im Heiligen Land ",NULL,2008
"Weihnachten im Norden","1. Auflage",2020
"Weihnachten im Odenwald",NULL,2009
"Weihnachten im Pott",NULL,2015
"Weihnachten im Saarland",NULL,2010
"Weihnachten im Schloss","1. Auflage",2021
"Weihnachten im StirnhirnhinterZimmer","1. Aufl.",2010
"Weihnachten im Sturm",NULL,2011
"Weihnachten in allen Stuben",NULL,2012
"Weihnachten in den Alpen","Orig.-Ausg., 1. Aufl.",2013
"Weihnachten in der Stadt",NULL,2014
"Weihnachten in der Waldheimat",NULL,2012
"Weihnachten in London - und sechs weitere Kurzgeschichten","1. Auflage",2020
"Weihnachten in Uetersen in den 1950er Jahren",NULL,2011
"Weihnachten in unseren Herzen",NULL,2020
"Weihnachten ist lebenslänglich","1. Aufl.",2012
"Weihnachten ist relativ",NULL,2018
"Weihnachten ist überall","1. Auflage",2018
"Weihnachten kann kommen","Orig.-Ausg., 1. Aufl.",2013
"Weihnachten könnte so schön sein","!. Auflage, Originalausgabe",2018
"Weihnachten - Lieder & Geschichten",NULL,2010
"Weihnachten mit der buckligen Verwandtschaft",NULL,2016
"Weihnachten mit Hund","Orig.-Ausg., 1. Aufl.",2010
"Weihnachten mit Katze","1. Aufl.",2010
"Weihnachten mit Magie","1. Aufl.",2011
"Weihnachten ohne Parfum","1. Aufl.",2015
"Weihnachten, so schön, wie es früher einmal war","Erste Auflage, Originalausgabe",2018
"Weihnachten steht vor der Tür ...","1. Aufl.",2012
"Weihnachten will ich zu Hause sein",NULL,2017
"Weihnachten wird's","1. Auflage",2021
"Weihnachtliche Geschichten","1. Auflage",2021
"Weihnachtliche Kurzgeschichten",NULL,2021
"Weihnachtliches aus Pommern","1. Auflage",2015
"Weihnachtliche Weisheit",NULL,2010
"Weihnachtlich glänzet der Wald","1. Auflage",2019
"Weihnachtsanektötchen - spannende Geschichten aus dem Harz",NULL,2023
"Weihnachtsanektötchen - spannende Geschichten aus dem Weserbergland",NULL,2023
"Weihnachtsanektötchen - spannende Geschichten aus Dresden",NULL,2022
"Weihnachtsanektötchen - spannende Geschichten aus Flensburg",NULL,2022
"Weihnachtsanektötchen - spannende Geschichten aus Hannover",NULL,2023
"Weihnachtsanektötchen - spannende Geschichten aus Ostfriesland",NULL,2022
"Weihnachtsbescherung",NULL,2018
"WeihnachtsDuft-Geschichten",NULL,2011
"Weihnachtsduft in jedem Haus",NULL,2022
"Weihnachtsduft und Erfindergeist",NULL,2023
"Weihnachtserlebnis der Heiligen Nacht",NULL,2009
"WeihnachtsFest-Geschichten",NULL,2009
"Weihnachtsfieber",NULL,2009
"Weihnachtsfrauen feiern anders",NULL,2022
"Weihnachtsfreude im Herzen","1. Auflage",2019
"Weihnachtsgeflüster, Besinnlichkeit & Winterträume",NULL,2008
"Weihnachtsgeheimnisse","1. Auflage",2016
"Weihnachts-Geister","Neuausg.",2013
"Weihnachtsgeschichten","1. Auflage",2017
"Weihnachtsgeschichten aus Unna Königsborn für die ganze Familie","1. Auflage",2020
"Weihnachtsgeschichten fürs Herz Teil 3.","11. Auflage",2019
"Weihnachtsgeschichten fürs Herz/Weihnachtsgeschichten fürs Herz Teil II","20. Auflage",2018
"Weihnachtsglanz im Winterwald",NULL,2011
"Weihnachtsherzen","1. Aufl.",2014
"Weihnachtskätzchen","Orig.-Ausg.",2009
"Weihnachtskatzen","Erste Auflage, Originalausgabe",2021
"Weihnachtskristalle","Erste Auflage",2020
"Weihnachtslichter",NULL,2011
"Weihnachtslichterhimmel",NULL,2021
"Weihnachtsmänner","1. Auflage",2023
"Weihnachtsmärchen und Geschichten",NULL,2012
"Weihnachtsmarktzauber","1. Aufl.",2014
"WeihnachtsMutmachGeschichten",NULL,2023
"Weihnachtsnacht & Kerzenschein",NULL,2014
"Weihnachtspunsch und Sternenzauber",NULL,2012
"WeihnachtsSchmuckGeschichten",NULL,2012
"Weihnachtsstern",NULL,2013
"Weihnachtssterne","1. Aufl.",2014
"WeihnachtsStern-Geschichten",NULL,2008
"Weihnachtsstern & Winterglitzern","1. Auflage",2020
"Weihnachtstraum",NULL,2020
"Weihnachtsträume","Erstauflage",2019
"Weihnachtsträume 2009",NULL,2009
"Weihnachtsüberraschung",NULL,2015
"Weihnachts- und andere Geschichten",NULL,2018
"Weihnachtswelten 2021",NULL,2021
"Weihnachtswunder","1. Auflage",2016
"Weihnachtswunder für dich","1. Auflage",2023
"Weihnachtswunderlichter","1. Aufl.",2015
"Weihnachtswunderzeit","1. Auflage",2019
"Weihnachtswunsch",NULL,2021
"Weihnachtswünsche - Neujahrspläne",NULL,2022
"Weihnachtszauber","Originalausgabe",2019
"Weihnachtszauber aus der Dose","Orig.-Ausg.",2009
"Weihnachtszauber - Besinnliche Weihnachtsgedichte und -geschichten","1. Auflage",2020
"Weihnachtszauber Winternacht",NULL,2011
"Weihnachtszoff am Gartenzaun",NULL,2023
"Weihnacht wird's nun wieder",NULL,2012
"Weihrauch, Kath + Al-Maqah","1. Auflage",2016
"Weihrauch & Orangenlikör","1. Auflage",2016
"Weil der Mensch was lernen muss...",NULL,2010
"Weil die Gegenwart stets flieht",NULL,2023
"Weil es Liebe ist","Orig.-Ausg., 1. Aufl.",2014
"... weil Hunde wahre Helden sind","Erstauflage",2021
"Weil ich John Lennon bin ...","1. Aufl.",2014
"Weil ihr noch nicht da wart",NULL,2014
"Weil's wahr is!","1. Aufl.",2014
"Weil Vielfalt fetzt","1. Auflage",2022
"Weil wir so sind",NULL,2015
"Weimarer Klassik, fünf kleine Geschichten aus der Epoche","1. Auflage",2014
"Wein",NULL,2016
"Weingut - alles gut","Orig.-Ausg., 1. Aufl.",2010
"Wein und Zeit",NULL,2020
"WeinWende",NULL,2023
"Weise Begegnungen",NULL,2008
"Weise und naseweise Geschichten","1. Aufl.",2010
"Weisheitsgeschichten","Taschenbuchausgabe, 1. Auflage",2015
"Weisheits-Geschichten für Herz und Seele","1. Aufl.",2013
"Weisheit Stärke Schönheit",NULL,2018
"Weiß",NULL,2016
"Weiße Geschichten","1. Aufl.",2013
"Weiße Kittel & schwarze Schafe",NULL,2009
"Weiße Mäuse & Kaffeesatz","1. Auflage, deutsche Erstveröffentlichung",2023
"Weiße Weihnachten und andere Träume",NULL,2018
"Weiße Weihnacht wieder",NULL,2010
"Weiß ist die Farbe der Gnade",NULL,2016
"Weißkittel vs. Blaumann",NULL,2008
"Weißt du noch ...?",NULL,2009
"Weißt du noch ... Erinnerungen","1. Auflage",2015
"Weiter","1. Auflage",2022
"Weiter Blick",NULL,2022
"Weitere Geschichten aus Bremen & umzu","1. Auflage",2022
"Weitererzählt","1. Auflage",2022
"Weitergemacht","1. Auflage",2020
"Weiter heiter!",NULL,2011
"Weites Schauen über stilles Land",NULL,2010
"Weite Welten","1. Aufl.",2010
"WEIT IST DAS LAND","1. Auflage",2018
"Weit raus","1. Aufl.",2008
"Weizenäpfel","1. Aufl.",2013
"Welch ein Fest!","1. Aufl.",2011
"Welch ein Singen, Musizieren …",NULL,2017
"Welchen Jubel, welche Freude",NULL,2015
"Welcome To Edlyn Hill","1. Auflage",2019
"Wellengang","1. Auflage",2011
"Wellenreiter","1. Auflage",2021
"Wellness-Lust","1. Aufl.",2014
"Weltachse",NULL,2021
"Welt der Nymphen",NULL,2022
"Welt der Spuren","Deutsche Erstausgabe, Originalausgabe",2019
"Weltenbummler","1. Auflage",2016
"Welten dunkler Lust","1. Auflage, vollständige Ausgabe, Originalausgabe",2021
"Welten-Gewitter","1. Auflage",2022
"Weltenklang","Orig.-Ausg.",2014
"Weltensammler","1. Auflage",2018
"Weltensicht und Erdenferne",NULL,2011
"Welten und andere SF Geschichten","1. Auflage",2016
"Welterklärer und andere Wegeriche","1. Aufl.",2012
"Weltfluchten",NULL,2008
"Weltklasse","1. Aufl.",2008
"Weltklasse Miteinander - Geschichten der Pioniere","Pionier Auflage",2023
"Weltkriege und Geschlechtskrankheiten","1. Aufl.",2011
"Weltraumkrieger",NULL,2010
"Welt und Wirklichkeit, Bilder und Geschichten","Erste Auflage",2020
"Weltuntergänge und kleinere Katastrophen",NULL,2012
"Welt unter Sechs","Erste Auflage",2015
"Weltverändernde Weihnacht","1. Aufl.",2009
"Wem die Stunde Schule schlägt","1. Auflage",2020
"Wen das Moor liebt und andere Geschichten",NULL,2012
"Wendepunkt","1. Aufl.",2012
"Wendepunkte","1. Aufl.",2012
"Wendepunkte und Seelensplitter",NULL,2008
"Wendezeiten brauchen Platz","1. Aufl.",2012
"Wendungen - kurze Geschichten",NULL,2020
"... wenn alles verloren scheint","1. Auflage",2016
"Wenn aus Liebesversen Elegien werden",NULL,2015
"Wenn das Leben der Anderen interessanter erscheint als das eigene.",NULL,2023
"Wenn das Leben Fahrt gewinnt","1. Auflage",2018
"Wenn das Leben kein Ponyhof ist, warum liegt dann Stroh in der Ecke?","1. Aufl.",2014
"Wenn das Leben Tango tanzt",NULL,2023
"Wenn das Meerschweinchen Dialyse braucht","1. Auflage",2020
"Wenn de Gott oewer nun Lock hett","1. Aufl.",2012
"Wenn denne, dann ...",NULL,2009
"WENN DENN, WENN NICHT WIR BEIDE - Gedichtband 1 (2016)",NULL,2019
"Wenn der Garten blüht","1. Auflage",2016
"Wenn der Heil'ge Abend naht",NULL,2008
"Wenn der Himmel die Erde heute küsst …","1. Auflage",2016
"Wenn der Himmel lacht",NULL,2015
"Wenn der Holunder reift",NULL,2019
"Wenn der Kuchen schweigt, sprechen die Krümel","Orig.-Ausg., 1. Aufl.",2012
"Wenn der Opa mit dem Enkel ... und andere Geschichten mit Herz",NULL,2013
"Wenn der Schnee ans Fenster fällt","Originalausgabe",2020
"Wenn der Schnee leise rieselt","1. Auflage",2022
"Wenn der Seele ein Licht aufgeht","1. Auflage",2020
"Wenn der Traumwind sanft Dich küsst","1. Aufl.",2009
"Wenn der Wind vom Leben singt",NULL,2019
"Wenn de Welt unnergeiht ...",NULL,2013
"Wenn die Biiken brennen","1. Aufl.",2009
"Wenn die Blätter treiben",NULL,2014
"Wenn die Engel Überstunden machen",NULL,2011
"Wenn die Kerzen heller brennen ...",NULL,2014
"Wenn die Nacht zum Tag wird","1. Auflage",2023
"Wenn die Polinnen schmelzen",NULL,2014
"Wenn die Welt vergeht","1. Auflage",2021
"Wenn du es eilig hast, lass dir Zeit",NULL,2021
"Wenn einer eine Reise tut ...",NULL,2010
"Wenn einmal der Wurm drin ist",NULL,2018
"Wenn ein Zwerg sich räuspert","1. Aufl.",2010
"Wenn Engel mit den Sternen spielen",NULL,2009
"Wenn Engel reisen ...",NULL,2010
"Wenn Engel Sternschnuppen küssen, dann ist Weihnachten",NULL,2020
"Wenn Erdbeerjoghurt auf Asphalt trifft",NULL,2022
"Wenn es aufklart",NULL,2011
"Wenn es doch zu greifen wär, das Glück","1. Aufl.",2011
"Wenn es dunkel wird","Originalausgabe",2020
"Wenn es klopft","Orig.-Ausg.",2009
"Wenn es Nacht wird am Pic de Bugarach","Orig.-Ausg., 1. Aufl., Erstdr.",2011
"Wenn es Winter wird","2. Auflage, Originalausgabe",2019
"Wenn es Zeit ist","1. Auflage",2023
"Wenn Freundschaften zerbrechen",NULL,2011
"Wenn Gedanken Flügel bekommen",NULL,2012
"Wenn Gefühle toben","1. Auflage",2021
"... wenn Gideon erzählt ...","1. Auflage",2016
"Wenn ich blinzle wird es besser","1. Auflage",2019
"Wenn ich den erwische, der entdeckt hat, dass Gemüse essbar ist","1. Aufl.",2011
"Wenn ich die Augen öffne",NULL,2008
"Wenn ich einmal reich und tot bin",NULL,2011
"Wenn ich gehe …",NULL,2015
"Wenn ich wär, wie ich nicht bin","1. Auflage",2017
"Wenn ich zu dir reden könnte ... Kurzgeschichten","1. Aufl.",2012
"Wenn Ideen spazieren",NULL,2023
"Wenn in der Hose die Sonne aufgeht","1. Auflage",2016
"Wenn in einer dunklen Nacht ...","1. Aufl.",2008
"Wenn Katzen Weihnachten feiern","Erste Auflage, Originalausgabe",2022
"Wenn Lahme plötzlich rennen","1. Auflage",2018
"Wenn Licht bricht","Deutsche Erstausgabe, Originalausgabe",2016
"Wenn Liebe Geschichte(n) schreibt",NULL,2014
"Wenn man sie jetzt so sehen könnte","Erste Auflage",2023
"Wenn möglich bitte wenden und andere Geschichten","Erste Auflage",2016
"Wenn när noch wing Sommer wär ...","1. Auflage",2017
"Wenn's anders wäre","1. Auflage",2020
"Wenn sich das Leben neu erfindet","1. Auflage",2021
"Wenn sich die Welle legt",NULL,2020
"Wenn Sie einen Moment Zeit haben","1. Auflage",2023
"Wenn sie weg sind ...","Orig.-Ausg., 1. Aufl.",2015
"Wenn's im Rheingau Winter wird",NULL,2016
"Wenn's im Urlaub regnet",NULL,2014
"Wenn Sterne mit Schneeflocken tanzen, dann ist Weihnachten",NULL,2021
"Wenn Sterne wie Diamanten funkeln, dann ist Weihnachten",NULL,2022
"Wenn Träume die Erde berühren","1. Aufl.",2014
"Wenn Weihnachten ins Auge geht","1. Auflage",2018
"Wenn Weihnachten kütt","1. Auflage",2017
"Wenn Worte auf die Reise gehn","1. Aufl.",2015
"Wer auf fremden Feldern pflügt","Originalausgabe, 1. Auflage",2019
"Wer braucht schon Farbe?",NULL,2021
"Wer braucht schon Helden, wenn es dich gibt!",NULL,2022
"Werdegänge","Originalausgabe, 1. Auflage",2017
"Wer die Butter hat, wird frech",NULL,2014
"Wer die Wahrheit spricht, ... muss immer ein gesatteltes Pferd bereithalten.",NULL,2010
"Wer eigentlich bin ich?",NULL,2018
"Wer einen Feler findet, darf ihn behalten","1. Auflage",2023
"Wer einsam ist in der großen Stadt","1. Auflage",2017
"Wer ein Wort des Trostes spricht, ist ein Verräter","1. Aufl.",2013
"Wer Elfen vertraut, ist selbst schuld","1. Auflage",2020
"Wer es weiß, ist klug",NULL,2022
"Wer geht wo hinterm Sarg?","Genehmigte Taschenbuchausg., 1. Aufl.",2010
"Wer gerne reist, wird niemals satt",NULL,2008
"Wer hier ist","1. Auflage",2020
"Wer interessiert sich schon für meine Geschichte?","1. Auflage",2019
"Wer ist denn hier pervers?",NULL,2016
"Wer ist der Mörder?","1. Aufl.",2010
"Wer ist hier der Schlaumeier?",NULL,2011
"Werkausgabe","1. Aufl.",2009
"Werkausgabe Friedrich Gerstäcker Ausgabe letzter Hand/Buntes Treiben","1. Auflage",2020
"Werkausgabe Friedrich Gerstäcker Ausgabe letzter Hand/ Das alte Haus. Heimliche und unheimliche Geschichten","1. Auflage",2020
"Werkausgabe Friedrich Gerstäcker Ausgabe letzter Hand/Hell und Dunkel. Eine Gemsjagd in Tyrol.","1. Auflage",2021
"Werkausgabe Friedrich Gerstäcker Ausgabe letzter Hand/Hüben und Drüben","1. Auflage",2020
"Werkausgabe Friedrich Gerstäcker Ausgabe letzter Hand/Kleine Erzählungen und nachgelassene Schriften 2","1. Auflage",2022
"Werkausgabe Friedrich Gerstäcker Ausgabe letzter Hand Sammlerausgabe, Serie 2/Kleine Erzählungen und Nachgelassene Schriften 1","1. Auflage",2022
"Werkausgabe Friedrich Gerstäcker Ausgabe letzter Hand Sammlerausgabe, Serie 2/Kleine Erzählungen und nachgelassene Schriften Band 3","1. Auflage",2023
"Werkausgabe Friedrich Gerstäcker Ausgabe letzter Hand/Wilde Welt","1. Auflage",2020
"Werkausgabe in drei Bänden",NULL,2009
"Werkausgabe in Einzelbänden",NULL,2015
"Werkausgabe - Liebhaberausgabe ungekürzte Ausgabe letzter Hand/Buntes Treiben","1. Auflage",2020
"Werkausgabe - Liebhaberausgabe ungekürzte Ausgabe letzter Hand/Das alte Haus. Heimliche und unheimliche Geschichten","1. Auflage",2020
"Werkausgabe - Liebhaberausgabe ungekürzte Ausgabe letzter Hand/Einheimisches und Fremdes","1. Auflage",2020
"Werkausgabe - Liebhaberausgabe ungekürzte Ausgabe letzter Hand/Wilde Welt","1. Auflage",2020
"Werkauswahl","Überarb. und erw. Taschenbuchausg., 1. Aufl.",2015
"Werke","1. Aufl.",2008
"Werke eines großen Meisters","1. Aufl.",2014
"Werke in Einzelausgaben","1. Aufl.",2009
"Werke in Neuausgaben","Neuausg. der zwischen 1953 und 1958 unter den Pseudonymen I. V. Steen und H. Ch. Leroy erschienenen Romane und Erzählungen",2015
"Werke in zehn Bänden",NULL,2014
"Wer kennt schon Mahlsdorf?","1. Auflage",2023
"Werke und Briefe",NULL,2008
"Wer lacht, wird selig 2019",NULL,2018
"Wer lacht, wird selig 2021",NULL,2020
"Wer Liebe ernten will, muss Liebe säen",NULL,2016
"Wer liegt da unter meinem Bett",NULL,2011
"Wer liest denn schon Gedichte?","1. Auflage",2017
"Wer mit dem Herzen lacht, der sprüht vor Ewigkeit",NULL,2022
"Wer mit dem Teufel isst ...",NULL,2019
"Werne im Zentrum des Chaos","1. Auflage",2023
"Werne-Krimi/Tatort Werne",NULL,2023
"Wer nicht denken will, muss laufen",NULL,2009
"Wernis Briefe und andere Geschichten","Erste Auflage",2015
"Wer soll denn das anziehen, bitteschön","1. Aufl.",2013
"Wer später stirbt, ist länger alt",NULL,2015
"Wertheim - Los Angeles - Berlin","1. Aufl.",2013
"Wertvoll ist dein Wort",NULL,2019
"Wer was in welcher Nacht träumte",NULL,2019
"Werwolf",NULL,2016
"Werwölfe und andere Gestaltswandler","1. Aufl.",2011
"Wer zuerst lacht",NULL,2011
"Wesensfremd","Orig.-Ausg.",2008
"Westend Stories",NULL,2009
"Westerwaldötzi","1. Auflage",2020
"Westöstliche Geschichten","1. Auflage",2018
"Wetterfest",NULL,2023
"Wettrüsten mit Eierflip","1. Aufl.",2010
"Whiskygeschichten",NULL,2013
"Whoever was using this bed and other stories",NULL,2008
"Wia neich",NULL,2009
"Wider die Masse","1. Auflage",2020
"Wie atmet ein Fahrradfahrer?",NULL,2010
"Wie auf frischem Gras","1. Auflage",2023
"Wie bei euch","1. Auflage",2023
"Wie bringt man Gott zum Lachen?",NULL,2013
"Wie das Gruber Reserl ihre Äpfel verkaufte ... und andere Geschichten","1. Aufl.",2010
"Wie das Küken zum Helm kam",NULL,2020
"Wie das Leben eben so spielt","Erstauflage",2018
"Wie das Leben so spielt","1. Aufl.",2014
"Wie das Leben so spielt. Geschichten: kurz und sch (m) erzhaft.",NULL,2023
"Wie das Leben spielt",NULL,2014
"Wie das Universum und ich Freunde wurden",NULL,2011
"Wie der Alkohol mein Leben bestimmte",NULL,2021
"Wiederbelebte Geschichten","1. Auflage",2019
"Wieder ein Jahr, abends am See",NULL,2008
"Wieder einmal kurze Geschichten","1. Auflage",2023
"Wieder ein Sieg",NULL,2021
"Wieder emol drham!",NULL,2009
"Wieder gesund!",NULL,2012
"Wie der kleine Muck erwachsen wurde","1. Auflage",2021
"Wieder mal kein Schwein gehabt!","1. Auflage",2021
"Wiedersehen macht Freude","Dt. Erstausgabe",2014
"WiEderSehnen",NULL,2019
"Wie die Lebensklänge schimmern",NULL,2019
"Wie die Lia Laternenmacherin wurde und weitere Geschichten aus der Welttraumforschung","1. Auflage",2023
"Wie die Oder rauscht",NULL,2012
"Wie die Schnecke zu ihrem Haus kam",NULL,2008
"Wie die Zeit vergeht",NULL,2017
"Wie du und ganz anders","1. Aufl.",2015
"Wie ein Aufschrei sein Echo jagt",NULL,2010
"Wie ein Blatt im Wind",NULL,2015
"Wie ein Dorf zum Namen kam",NULL,2019
"Wie eine Auster das Zarenreich rettete und andere kulinarische Geschichten","1. Auflage, Originalausgabe",2020
"Wie ein Edelweiß den Weltkrieg überlebte","1. Auflage",2023
"Wie eine Feder im Wind","1. Auflage",2018
"Wie eine große Tasse Tee",NULL,2017
"Wie ein Fisch auf dem Trockenen","1. Auflage",2023
"Wie ein Fisch im Wasser","Originalausgabe",2023
"Wie ein Rabe","1. Auflage",2021
"Wie ein Sprichwort Wunder wirkt und andere Geschichten",NULL,2011
"Wie ein Tiger aus Papier","1. Aufl.",2011
"Wie ein Wispern im Espenbaum","1. Aufl.",2014
"Wie ermordet man eine Kaffeekanne?","1. Aufl.",2012
"Wie es einmal war",NULL,2011
"Wie es war, ich zu sein",NULL,2014
"Wie es war, ich zu sein: ein Roman in sieben Geschichten",NULL,2016
"Wie etwas in die Welt tritt",NULL,2013
"Wie gehts uns denn","1. Auflage",2018
"Wie gejagte Tauben","1. Auflage",2020
"Wie groß ist die Welt und wie still ist es hier","1. Aufl.",2014
"Wie hätten Sie entschieden?",NULL,2021
"Wiehnachten geiht bi Nacht vörbi, sagte die Großmutter","1. Auflage",2019
"Wiehnachten kann komen!",NULL,2016
"Wie ich aus der Hüfte kam","1. Auflage",2020
"Wie ich das Ende der Welt (üb)erlebte","1. Auflage, vollständige Ausgabe, Originalausgabe",2023
"Wie ich die georgische Mafia suchte und Charlie Chaplin, Buddha und Bambi fand","1. Oplo",2009
"Wie ich mich (nicht) integrierte","Originalausgabe",2022
"Wie ich Mitglied des Vereins zur Förderung der Vernunft wurde","1. Auflage",2019
"Wie ich mit Gott eine Matratze kaufte","1. Auflage",2016
"Wie ich Vögeln den Looping beibrachte und andere wahre Geschichten",NULL,2022
"Wie im Leben",NULL,2012
"Wie im Märchen","Orig.-Ausg., 1. Aufl.",2010
"Wie ist die Welt so stille",NULL,2023
"Wie Johanna wieder fröhlich wurde","1. Auflage",2016
"Wie Königsberg im Winter","1. Auflage",2017
"Wie künstlich ist Intelligenz?","1. Auflage",2020
"Wielands Werke",NULL,2020
"Wie lange ist ewig?","Neuausgabe",2020
"Wie lang ist ewig?",NULL,2015
"Wie man Frauen gewinnt","1. Aufl.",2011
"Wie meine Mutter ihr sanftes Gesicht bekam","1. Auflage",2017
"Wie Merlin möcht ́ich durch die Wälder ziehn ...",NULL,2008
"Wiener Blut",NULL,2021
"Wiener Erzählungen","Deutsche Erstausgabe, 1. Auflage",2021
"Wiener Kaffeehaus-Geschichten",NULL,2018
"Wiener Schlampengeschichten",NULL,2014
"Wiener's G'schichten Teil 3","1. Auflage",2020
"Wiener Wahn","1. Auflage",2020
"Wiener Zeit","1. Aufl.",2015
"Wien morbid",NULL,2021
"Wienzeilen",NULL,2009
"Wie queren wir Flüsse?",NULL,2016
"Wie schafft die Eintagsfliege nur ihr ganzes Leben?",NULL,2013
"Wie Schuppen von den Augen","1. Auflage",2020
"Wiesenblumen Sinfonie",NULL,2021
"Wiesn-Liebe",NULL,2010
"Wie soll ich das auch noch schaffen?",NULL,2023
"Wie steig ich aus dem Karussell",NULL,2020
"Wie versichert man das Glück?",NULL,2011
"Wie viele Menschen braucht es um das Leben zu verstehen","1. Auflage",2021
"Wie viel mal noch schlafen",NULL,2014
"Wie viel Tier braucht der Mensch?","Originalausgabe",2021
"Wie von Engeln beschützt",NULL,2019
"Wie weit die Liebe trägt","1. Auflage",2019
"Wie werde ich Witwe?","1. Aufl.",2009
"Wie wir waren","1. Auflage",2021
"Wila",NULL,2011
"Wild",NULL,2015
"Wildblüten in meiner Hand","1. Auflage",2021
"Wilde Dinge Reiten",NULL,2023
"Wilde Geilheit","1. Auflage, vollständige Taschenbuchausgabe, Originalausgabe",2021
"Wilde Geschichten für heisse Nächte","1. Auflage, vollständige Taschenbuchausgabe, Originalausgabe",2022
"Wildenten",NULL,2015
"Wildererpoesie und weitere fünf Wilderer-Erzählungen und -Novellen",NULL,2015
"Wilder Frühling","1. Auflage",2023
"Wilder Sex im Flugzeug",NULL,2023
"Wilde Spiele zu dritt","1. Auflage",2021
"Wildes schönes Tier",NULL,2009
"Wildes Verlangen","1. Auflage, vollständige Taschenbuchausgabe, Originalausgabe",2017
"Wilde Triebe","1. Auflage, vollständige Taschenbuchausgabe, Originalausgabe",2018
"Wilde Welten","Erste Auflage",2016
"Wilde, wüste Geschichten",NULL,2012
"Wildflowers Sammelband","1. Auflage",2020
"Wildschwein mit Hut",NULL,2010
"Wild und heiß","1. Auflage, vollständige Taschenbuchausgabe, Originalausgabe",2021
"Wild und hemmungslos","1. Auflage, vollständige Taschenbuchausgabe, Originalausgabe",2022
"Wildwechsel und andere sonderbare Geschichten","1. Aufl.",2008
"Willenlos gefesselt","1. Auflage, vollständige Taschenbuchausgabe, Originalausgabe",2023
"Willi Freibier aus dem Norden","1. Aufl.",2011
"Willkommen Hoffnung",NULL,2016
"Willkommen, ihr Lieben",NULL,2021
"Willkommen im Jenseits","1. Aufl.",2013
"Willkommen im schönsten Alter",NULL,2023
"Willkommen in Kairo","1. Aufl.",2014
"Willkommen in meiner Hölle","Originalausgabe",2017
"Willst Du mit mir Tango tanzen?",NULL,2010
"Willy DeVille in Gaunersdorf & andere Geschichten aus dem Marchfeld","1. Aufl.",2011
"Willy, Gedanken eines Seglers",NULL,2011
"Willy, sein Wille geschehe ...",NULL,2012
"Willze machen? Isso.","1. Auflage",2021
"Wilsbergs Welt",NULL,2012
"Wind","1. Auflage",2018
"Windgesichter",NULL,2011
"Windhauch - Geschichten aus dem Harz und anderswo","1. Auflage",2015
"Wind im Sand","1. Aufl.",2008
"Windsbraut",NULL,2010
"Windschatten der Stimmen",NULL,2012
"Windschiefe Leute",NULL,2009
"Windspiel der Sonne",NULL,2011
"Windungen","1. Auflage",2021
"Winifreds Spiegel","1. Aufl.",2008
"Winkel der Welt","Erste Auflage",2021
"Winnetou und die Frau in Weiß","1. Auflage",2019
" Winnetou und Hobble-Frank ",NULL,2015
"Winter",NULL,2018
"Winterdunkel",NULL,2017
"Winterfahrt ins Teufelsmoor",NULL,2011
"Winterfisch",NULL,2011
"Winterfreude",NULL,2008
"Winterfurche","1. Aufl.",2013
"Wintergedanken einer Sommerfrau",NULL,2015
"Wintergeschichten",NULL,2008
"Winterglück","1. Aufl.",2013
"Winterlaub","1. Aufl.",2012
"Winterliebe","Orig.-Ausg.",2011
"Winter - Märchen - Haft 2014",NULL,2014
"winter märchen haft 2017",NULL,2017
"Winter of Love",NULL,2023
"Winterreise",NULL,2011
"Winterspuren",NULL,2015
"Winterstern",NULL,2017
"Winter- und Weihnachtsgeschichten","1. Aufl.",2010
"Winterwaldträume","1. Auflage",2023
"Winterwandern",NULL,2011
"Winterwärts",NULL,2012
"Winter – Weihnacht – Wunderbares",NULL,2015
"Winterwerkstatt","1. Auflage",2019
"Winterwunder",NULL,2015
"Winterzauber","Orig.-Ausg., 1. Aufl.",2012
"Winterzauber der Gefühle: Romantische Kurzgeschichten für Liebhaber","1. Auflage",2023
"Wir","1. Aufl.",2012
"Wir bauen eine Brücke - zusammen sind wir stärker",NULL,2017
"Wir, bewegende Steine",NULL,2017
"Wir brauchten keinen Spielplatz ...","1. Aufl.",2014
"Wird die Vergangenheit wirklich wie ein Rauch sein?","Erstveröffentlichung",2023
"Wir durften nur lachen","1. Aufl.",2008
"Wir erwachsen",NULL,2014
"Wir fliegen",NULL,2008
"Wir Genies",NULL,2008
"Wir gratulieren dir, dass wir dich haben",NULL,2018
"Wir haben Raketen geangelt",NULL,2014
"Wir haben Wölfe gehört","Erste Auflage",2019
"Wirklich?",NULL,2020
"Wirklichkeit und Fantasie",NULL,2023
"Wir können auch böse: Kurzgeschichten voller menschlicher Abgründe und unheilbringender Wendungen","1. Auflage",2022
"Wir lassen uns gehen","1. Auflage",2023
"Wir lesen Weihnachten","1. Auflage",2019
"Wir nannten ihn Walther","1. Aufl.",2014
"Wir nehmen die Welt nur zu ernst","Erste Auflage, Originalausgabe",2019
"Wir nennen es Leben","Erstveröff.",2008
"Wir pfeifen auf das Alter",NULL,2013
"Wir schreiben für euch: Fantasy","verfügbar bis Mai 2022",2021
"Wir schreiben für euch: Humor und Belletristik","verfügbar bis Mai 2022",2021
"Wir schreiben für euch: Kinder","verfügbar bis Mai 2022",2021
"Wir schreiben für euch: Krimi und Thriller","verfügbar bis Mai 2022",2021
"Wir schreiben für euch: Liebe","verfügbar bis Mai 2022",2021
"Wir schreiben Geschichte(n)","1. Auflage",2016
"Wir schweben im Sein",NULL,2012
"Wir sehen uns im 2222","1. Auflage",2023
"Wir sind alle tot","1. Auflage",2020
"Wir sind das Grün der Wüste",NULL,2009
"Wir sind die Bunten","1. Auflage",2020
"Wir sind es wert",NULL,2020
"Wir sind noch mit Büchern aufgewachsen","1. Auflage",2018
"Wir sind so frei","1. Auflage",2019
"Wir sind, wie Träume sind",NULL,2023
"Wir treffen uns",NULL,2020
"Wir waren da",NULL,2013
"Wir waren eine alt-österreichische Familie",NULL,2018
"Wir waren Flüchtlinge","1. Auflage",2022
"Wir waren Kinder und es war Krieg"," 1. Aufl.",2015
"Wir waren noch nie Gottes Lieblinge",NULL,2012
"Wir zerschneiden die Schwerkraft","1. Aufl.",2015
"Wi snackt platt",NULL,2009
"Wissener Geschichten","1. Auflage",2017
"Wissen sie denn, was sie tun?",NULL,2014
"Wissen Sie, wo Königsberg liegt?","1. Aufl.",2012
"Wissen und Begegnung","1. Aufl.",2009
"Wisst ihr noch, mein Räderpferdchen?",NULL,2019
"Witwer Luwi und die Frauen","1. Auflage",2015
"Witz und Wahn","1. Auflage",2015
"Wizards of Wick: Die verlorenen Bücher","1. Auflage",2023
"Woanders","1. Auflage",2022
"Wo bin ich denn hier gelandet","1. Aufl.",2013
"Wo bitte, ist die Müritz","1. Auflage",2016
"Wochentags","1. Auflage",2016
"Wo der Gott der Liebe haust","1. Aufl.",2010
"Wo der Hahn kräht",NULL,2012
"Wo der Hund begraben liegt","1. Auflage",2018
"Wo der lachende Mond weint",NULL,2017
"Wo der Mond noch blüht",NULL,2022
"Wo die Liebe hinfällt","1. Aufl.",2015
"Wo die Verkleidung Löcher hat",NULL,2015
"Wo die verlorenen Worte sind","1. Aufl.",2011
"Wo die Welt anfängt","Deutsche Erstausgabe",2015
"Wodka für den Torwart",NULL,2012
"Wodka-Mannes Geschichten","1. Aufl.",2009
"Wo du bist","Orig.-Ausg.",2013
"Wo es noch anders ist","1. Auflage",2023
"Wo Fuchs on Has Guat Naacht gsait hen on Hirsch on Reh bis a's Haus komma sen","1. Auflage",2015
"Wo gehobelt wird, fallen Späne","1. Auflage",2020
"Woher der Wind weht",NULL,2021
"Woher ich nicht zurückkehren werde",NULL,2015
"Woher weht der Wind, der die Welt verändert?","1. Auflage",2020
"Wohin?",NULL,2010
"Wohin auch immer",NULL,2009
"Wohin mit den Sorgen?","1. Auflage",2020
"Wohin nun?","Erste Auflage",2020
"Wohin uns die Suche bringt","1. Auflage",2023
"WohinWohin","Erste Auflage",2018
"Wohlfühl-Geschichten",NULL,2019
"Wohlig warme Geschichten","1. Auflage",2023
"Wohlwollen schenken","1. Auflage",2017
"Wohnmobil mit Biss",NULL,2022
"Wo ist Bethlehem?","1. Aufl.",2013
"Wo ist der Mörder?","1. Aufl.",2011
"Wo ist der Rosinenstuten?",NULL,2017
"Wo ist mein Gepäck?",NULL,2008
"Wo lebt das Glück?",NULL,2021
"Wolfhangener Straße 3","1. Aufl.",2013
"Wölfinnen",NULL,2019
"Wolfsberggeschichten",NULL,2016
"Wolfsgedanken II","1. Auflage",2022
"Wolfsland oder Geschichten aus dem alten Ostpreußen",NULL,2018
"Wolfsmond",NULL,2008
"Wolf sollst du mich nennen","1. Auflage",2023
"Wolf steigt aus","1. Aufl.",2009
"Wolfsträume",NULL,2016
"Wo liegt Gräfenhainichen?",NULL,2022
"Wolken","1. Auflage",2022
"Wolken am Sternenhimmel",NULL,2012
"Wolkenberge",NULL,2021
"Wolkenflüstern im Fuhsetal","1. Auflage",2021
"Wolkenflüstern im Fusetal","1. Auflage",2021
"Wolkenland",NULL,2010
"Wolkenschloss",NULL,2013
"Wolkentiere","1. Auflage",2019
"Wolken wie Löwenhäupter",NULL,2019
"Wolkig bis heiter","Deutsche Erstausgabe",2021
"Wollust - die Gier nach Sex","1. Auflage, vollständige Taschenbuchausgabe, Originalausgabe",2022
"Wollüstige Dildo-Storys!","1. Auflage, vollständige Taschenbuchausgabe, Originalausgabe",2023
"Wo Moths wohnt","1. Auflage",2016
"Woran erkennt man eine ostdeutsche Verkäuferin?","1. Aufl.",2011
"Worauf kommt es an im Leben?","1. Aufl.",2009
"World Wide Innergebirg","1. Auflage",2020
"World Wide und auf der anderen Seite","1. Auflage",2016
"Wortdünung","1. Auflage",2018
"Worte am Meer","1. Auflage",2023
"Worte ohne Grenzen","1. Auflage",2019
"Wörter an die Macht",NULL,2016
"WörterReich",NULL,2012
"Wörter-Wirbel im Treppenhaus","Erstausgabe",2016
"Wörterwunderwanderungen","1. Auflage",2019
"Wort-Geschichten","1. Aufl.",2014
"Wortgewalt",NULL,2022
"Wort-Karussell","1. Auflage",2015
"Wortkom(l)ott",NULL,2023
"WortLese","1. Auflage",2022
"Wortraum","1. Auflage",2015
"Wortreisende","Erstausg.",2014
"Wortsalat und Strichgestöber",NULL,2015
"Wortschätzchen","1. Auflage",2021
"Wortspiel",NULL,2016
"Wortüber wortunter",NULL,2011
"Wortwuchs Strandgut","1. Auflage",2019
"Wort-Zeit","1., Auflage",2009
"Wort zu Wort",NULL,2017
"Wo Sprache verlöscht, bleiben die Bilder",NULL,2013
"Wovon träumt der Dom?","1. Aufl.",2013
"Wo waren wir stehen geblieben?",NULL,2021
"Wo wenn nicht hier","1., Auflage",2010
"Wo zum Kuckuck sind die Palmen?","Originalausgabe",2017
"Wo, zum Teufel, liegt Memmingen","1. Aufl.",2014
"W poszukiwaniu czarodziejskiego słowa",NULL,2019
"Writing as the unhuman revolution",NULL,2016
"Wunder",NULL,2019
"Wunderbares Leben",NULL,2008
"Wunderbare Weihnacht","1. Auflage",2016
"Wunderbare Weihnachtsfrauen",NULL,2018
"Wunderbare Weihnachtszeit",NULL,2022
"Wunderbare Welt der Geschichten","1. Auflage",2020
"Wunderblume",NULL,2015
"Wunder der Weihnacht","1. Aufl.",2010
"Wunder der Zukunft","1. Auflage",2018
"WUNDER - Die Brücken, die Gott baut. Geschichten mit Botschaften. #DASWUNDERKOMMTVONINNEN #GESCHENK #CHANCE #HEILUNG",NULL,2022
"Wunder hinter Wolken","1. Auflage",2017
"WUNDERKIND","1. Auflage",2023
"Wunderland","1. Auflage",2023
"Wunder, Leben, Liebe, Sein",NULL,2010
"Wunderliche Blume Sehnsucht","Orig.-Ausg., 1. Aufl.",2015
"Wunderliche Blüten","1. Auflage",2021
"Wunderliche Geschichten","1. Aufl.",2011
"Wunderliche Geschichten zum Lachen und Weinen","1. Auflage",2022
"Wunderliche Zeitgenossen",NULL,2013
"Wundern",NULL,2023
"Wundersame Begegnungen","1. Auflage",2014
"Wundersame blaue Mauer!",NULL,2017
"Wundersame Erlebnisse, Band 2","1. Auflage",2023
"Wundersame Gartengeschichten","Erste Auflage",2022
"Wundersame Haustiere & wie man sie überlebt","1. Auflage",2021
"Wundersamer Dorfalltag",NULL,2023
"Wundersame Teckgeschichten",NULL,2011
"WUNDERSAME WEIHNACHT","1. Auflage",2020
"WUNDERSAME WEIHNACHT - DAS WISPERN DER BÜCHER","1. Auflage",2021
"Wundersame Weihnacht – Im Bann des Nussknackers: Geschichten und Märchen zur Weihnachtszeit","1. Auflage",2022
"Wundersame Weihnachtswelt","Originalausgabe",2014
"Wundersame Weihnachtszeit",NULL,2013
"Wundersame Welt",NULL,2011
"WunderVoll",NULL,2009
"Wundervolle Geschichten aus Schleswig-Holstein","1. Aufl.",2010
"Wünsch dich ins Wunder-Weihnachtsland - Band 1-14","Erstauflage",2022
"Wünsch dir was, aber pass auf","Taschenbuchausgabe, 1. Auflage",2017
"Wünsche ans Leben",NULL,2014
"Wunschkinder","Orig.-Ausg.",2008
"Wunschnachbar Traumfrau","1. Auflage",2017
"Wunsch und Wandlung","1. Auflage",2019
"Wunschzettel-Geschichten",NULL,2010
"Wurfholz und Echo","Orig.-Buchausg., numerierte und signierte Aufl.",2011
"Wurst, Beil und Blut",NULL,2010
"Wurst-TV un anner Hör mal'n beten to-Geschichten",NULL,2009
"Wurst und Brot",NULL,2010
"Wurzeln ohne Erde","1. Auflage",2023
"Wurzelreißer:innen",NULL,2022
"Wuscheltiere 3","1. Auflage",2021
"Wüsstest du dem Knödelbaum","1. Aufl.",2013
"Wut im Bauch und Liebe im Kopf",NULL,2013
"Xaver, ein Frosch, der seine Prinzessin sucht","1. Auflage",2021
"Xenos in Griechenland","1. Aufl.",2011
"X - Klimatexte","1. Auflage",2023
"Yakai und Toni - Geschichten der Fox u. der Killers und das Unerwartete",NULL,2013
"Yakuza","1. Aufl.",2011
"Yasmin und andere Lebensgeschichten","Orig.-Ausg.",2009
"Ye Olde Tea room",NULL,2017
"Yesterday is tomorrow",NULL,2020
"Y - Geschichten und Bilder",NULL,2022
"Yo-Ho Piraten","1. Auflage",2017
"Ypsilon träumt",NULL,2022
"Zabo-Dutz",NULL,2012
"Zachäus kehrt um ",NULL,2009
"Zähl die heitren Stunden nur",NULL,2016
"Zartbitter","1. Auflage",2019
"Zartbitter - bittersüß","1. Auflage",2023
"Zarte Blume, kalter Wind",NULL,2014
"Zarte Pflanze Hoffnung",NULL,2012
"Zartviolettes Glück",NULL,2011
"Zauber der Erinnerung",NULL,2015
"Zauber der Geschichten",NULL,2009
"Zauber der Liebe",NULL,2013
"Zauber der Momente - Erzählungen","Erstausg.",2011
"Zauberer, Zwerge und Zyklopen","1. Auflage",2019
"Zauberhafte Geschichten aus dem Orient und Okzident","1. Auflage",2020
"Zauberhafte Geschichten aus dem Wendland",NULL,2020
"Zauberhafte Momente","1. Auflage",2019
"Zauberhafte Welten","Dt. Erstveröff., 1. Aufl.",2013
"Zauberhafte Winter-Wunsch-Zeit","1. Auflage",2018
"Zauberhimmel",NULL,2018
"Zauberkräfte: Segen oder Fluch?","1. Aufl.",2013
"Zaubermaus",NULL,2023
"Zauberschloss mit Flausenzimmer",NULL,2008
"Zauberstunde","Erstauflage",2020
"Zaubervolle Jahreszeiten - der Frühling","1. Ausgabe",2017
"Zaubervolle Jahreszeiten - der Herbst","1. Ausgabe",2018
"Zauberwald-Backbuch-Reihe/Merlins magisches Zauberwald-Backbuch","1. Auflage",2023
"Zaunkrieger","1. Auflage",2008
"Zehn",NULL,2010
"Zehnerotik",NULL,2017
"Zehn Frauen und ein Blues","1. Auflage",2022
"Zehn Kurzgeschichten 2021","1. Auflage",2021
"Zehn sehr böse Geschichten",NULL,2020
"Zeichen der Wandlung","1. Auflage",2018
"Zeichen des Schicksals",NULL,2012
"Zeichen im Wasser","1. Auflage",2018
"Zeichnungen",NULL,2015
"Zeige mir was Geilheit ist!","1. Auflage, vollständige Taschenbuchausgabe, Originalausgabe",2023
"Zeig’s mir!","1. Auflage, vollständige Taschenbuchausgabe, Originalausgabe",2020
"Zeitasche","1. Auflage",2020
"Zeit der Ernte","1. Aufl.",2010
"Zeit der verlorenen Handschuhe",NULL,2021
"Zeit, die Herzen zu öffnen","1. Auflage",2015
"Zeitenblicke",NULL,2020
"Zeiten der Liebe","1. Aufl.",2013
"Zeitensprünge",NULL,2011
"Zeitenwanderung","Originalausgabe, 2. Auflage",2018
"ZeitenWende","1. Aufl.",2013
"Zeitfenster","1. Auflage",2021
"Zeit für Neues",NULL,2017
"Zeit für Werte - Ehrlichkeit","Ausg. 1",2014
"Zeitgeist","1. Auflage",2023
"Zeitgeisterstunden",NULL,2010
"Zeitgestrüpp","1. Auflage, deutsche Erstveröffentlichung",2023
"Zeitlinie Paradies","1. Auflage",2021
"Zeitlos",NULL,2008
"Zeitloses zur Unzeit",NULL,2023
"Zeitmaschinen, Spiegelwelten",NULL,2023
"Zeitnah",NULL,2023
"Zeitpunkte","1. Auflage",2023
"ZeiTraum","Orig.-Ausg., Erstdr., 1. Aufl.",2011
"Zeitreisende","1. Auflage",2017
"Zeitreisenringe - Anthologie","Erste Auflage",2023
"Zeitreise - Reisezeit",NULL,2017
"Zeitspiegel","1. Auflage",2021
"ZeitSprünge","1. Auflage",2016
"Zeittunnel in den Hexenwahn",NULL,2013
"Zeitvergehen",NULL,2019
"Zeit verläuft südlich",NULL,2013
"Zeitweilig erleuchtet...","1. Auflage",2017
"Zeitweise ohne Verstand",NULL,2014
"Zeit zu leben, Zeit zu lesen","1. Auflage",2018
"Zeit zum Leben",NULL,2011
"Zen - oder die Kunst, einen Furz zu riechen, während die Kacke an der Nase hängt","Erstauflage",2019
"Zersetzungen","1. Aufl.",2013
"Zerstaltet",NULL,2016
"Zerstöckelt","1. Auflage",2021
"Zerstreute Sammlung","1. Auflage",2021
"Zerwühlt","Originalausgabe, 2. erweiterte Auflage",2018
"Zeter und Mordio",NULL,2008
"Zettelkasten",NULL,2020
"Zeug","1. Auflage",2019
"Zeugnistag",NULL,2023
"Ziegel - Phantastische Kurzgeschichten","1. Auflage",2022
"Zieh die bunten Schuhe an",NULL,2008
"Ziemlich beste Hunde",NULL,2022
"Ziemlich weit hergeholt",NULL,2012
"Zimmer 18 und weitere Kurzgeschichten","1. Auflage",2019
"Zimmer Nummer 18 und andere Geschichten",NULL,2023
"Zimmerservice","1. Aufl.",2015
"Zimm'ner Geschichten",NULL,2011
"Zimtsonntage","1. Auflage",2022
"Zimtsternduft","Orig.-Ausg.",2011
"Zimtsterne & Punschküsse","Deutschsprachige Erstausgabe, 1. Auflage",2022
"Zio im Wunderland","1. Aufl.",2008
"Zipptoffel und weitere Geschichten vom Wildern","1. Auflage",2018
"Zirkel der sieben Witwen",NULL,2020
"Zirkus Magicus",NULL,2022
"Zirkusprinzessin","1. Auflage",2016
"Zitronen aus Hellas","1. Aufl.",2011
"Zitronenbaiser","1. Auflage",2020
"Zitronenjoghurt mit Buttermilch",NULL,2020
"Zitronenkuchen für die 56. Frau",NULL,2009
"Zodiak",NULL,2013
"Zombie-City-Stories","1. Aufl.",2015
"Zone 54 - euses Herz, euses Bluet",NULL,2020
"ZUAGROASDE",NULL,2020
"Zu Befehl!",NULL,2008
"Zuckerstraße","1. Aufl.",2012
"Zucker, Zaster & Zement",NULL,2015
"Zu den Linien","1. Aufl.",2014
"Zueinander",NULL,2021
"Zufall","Originalausgabe",2023
"Zufälle sind unergründlich",NULL,2021
"Zuflucht Herrenklo","1. Aufl.",2010
"Zu Fuß über die Achterbahn","1. Auflage",2016
"Zu Gast in Spinnland",NULL,2023
"Zügellose Begierde","1. Auflage",2020
"Zügellose Geilheit","1. Auflage, vollständige Taschenbuchausgabe, Originalausgabe",2021
"Zuger Kurzgeschichten","Originalausgabe",2023
"Zugfahrten ins depressive Milieu","1. Auflage",2018
"Zuggeflüster",NULL,2011
"Zug um Zug",NULL,2009
"Zu guter Letzt",NULL,2016
"Zugvögel","1. Aufl.",2013
"Zugvögel & andere Erzählungen","1. Aufl.",2013
"Zu Hause - oder nicht?","Originalausgabe",2022
"Zuhören!","1. Auflage",2023
"Zu jeder Zeit",NULL,2008
"Zukunft","1. Auflage",2018
"Zukunft jenseits aller Sterne","1. Aufl.",2009
"Zukunftsreich",NULL,2022
"Zu Lebzeiten veröffentlichte Erzählungen","1. Aufl.",2015
"Zum 18. Hochzeitstag","1. Auflage",2018
"Zum Abschied","Orig.-Ausg.",2009
"Zum Altwerden ist immer noch Zeit","1. Aufl.",2016
"Zum Andenken und Nachdenken","1. Aufl.",2011
"Zum Beispiel Berlin. Das Leben. Und Icke.","1. Auflage",2020
"Zu meiner Zeit - Geschichten vom Inselalltag","1. Auflage",2017
"Zum Fressen gern","1. Auflage",2023
"Zum Glück",NULL,2010
"Zum Glück gab es Beat","1. Auflage",2018
"Zum Glück ist man nie zu alt",NULL,2016
"Zum Glücklichsein braucht man nicht viel",NULL,2022
"Zum Heile der Irren",NULL,2009
"Zum Muttertag",NULL,2010
"Zum Platzen glücklich",NULL,2009
"Zum Sterben schön",NULL,2023
"Zum Sterben schön und leider tödlich","1. Auflage, Originalausgabe",2016
"Zum Teufel!",NULL,2012
"Zum Walfisch",NULL,2013
"Zum Weinen schön, zum Lachen bitter","1. Auflage",2020
"Zum Zeitvertreib - ein Basler Decamerone",NULL,2021
"Zunächst mal den Winter abwarten",NULL,2017
"Zunderobsi","1. Auflage",2017
"Zu neuen Ufern",NULL,2021
"Zungenballett",NULL,2011
"Zungenspiele","Ungekürzte Ausg., 1. Aufl.",2012
"Zur blauen Stunde",NULL,2022
"Zur falschen Zeit am falschen Ort","1. Auflage",2021
"Zur freundlichen Erinnerung",NULL,2009
"Zur frohen Weihnachtszeit",NULL,2012
"Zur Genesung freigegeben",NULL,2008
"Zur guten Nacht",NULL,2009
"Zürich, Ausfahrt Mord","1. Aufl.",2011
"Züricher Affäre","1. Aufl.",2011
"Zur Ruhe kommen","Erste Auflage, Originalausgabe",2018
"Zur Stadt Paris","Erste Auflage",2019
"Zur Strecke gebracht","1. Aufl.",2012
"Zurück","1. Auflage",2019
"Zurück am Meer","1. Auflage",2019
"Zusammen durch dick und dünn",NULL,2020
"Zusammengesperrt",NULL,2010
"Zusammen leben",NULL,2013
"Zu viel Glück",NULL,2011
"Zuviel ist tödlich",NULL,2018
"Zuviel Sonne","1. Aufl.",2008
"Zwanzig Stufen und andere Erzählungen","1. Auflage",2018
"Zwanzig und vier Geschichten","1. Auflage",2021
"Zwei Bauern im Fitness-Studio  und andere Kurzgeschichten","1. Auflage",2017
"Zwei bessere Hälften","1. Aufl.",2011
"Zwei Engel der Nacht","Orig.-Ausg.",2011
"Zwei Erzählungen","1. Auflage",2021
"Zwei Erzählungen über glückliche Tage",NULL,2023
"Zwei feine Damen","1. Auflage",2022
"Zweifel, Deutung, Fazit",NULL,2023
"Zwei Frauen in einem Haus","1. Aufl.",2012
"Zwei Geschichten. Kurzschluss - Lange Leitung","1. Auflage",2023
"Zwei Geschichten über Gott und die sozialistische Welt","1. Auflage",2018
"Zwei Geschichten: Verschollen im Moor und die verlorene Erinnerung",NULL,2008
"Zweigestalt",NULL,2020
"Zwei Horizonte","Deutsche Erstveröffentlichung, 1. Auflage",2019
"Zwei im Doppelpack",NULL,2008
"Zwei Klicks vom Nichts entfernt",NULL,2023
"Zweiländer-Geschichten",NULL,2017
"Zwei linke Stiefel",NULL,2014
"Zweimal Pommes Rot-Weiß mit Currywurst","1. Auflage",2020
"Zweimal um die Ecke","1. Aufl.",2015
"Zwei Männer, zwei Frauen und Doktor Karl","1. Aufl.",2013
"Zwei Minuten für die Seele",NULL,2021
"Zwei Paare ohne Sex im Waldviertel",NULL,2016
"Zwei Pfund Sonne, bitte!","1. Auflage",2017
"Zweisam",NULL,2008
"Zwei sonderbare Geschichten",NULL,2021
"Zweisprachige Erzählungen",NULL,2014
"Zweistein oder das Brummen der Welt","1. Aufl.",2014
"Zwei Studenten in Bagdad","1. Auflage",2020
"Zweite Halbzeit","1. Auflage",2018
"... zweitens als man denkt!","1. Aufl.",2010
"Zweiter Sieger",NULL,2013
"Zweites Gesicht",NULL,2023
"Zwei Tote in einem Sarg","1. Auflage",2016
"Zwei üble Geschichten",NULL,2016
"Zwei ungemütliche Geschichten","1. Auflage",2018
"Zwerge auf der Schulter eines Riesen",NULL,2010
"Zwergpudelin Lilly","1. Auflage",2019
"Zwiegespräch mit Liebeli","1. Auflage",2020
"Zwielicht","1. Auflage",2017
"Zwielichtperlen","1. Auflage",2019
"Zwischen 2 Herzschlägen",NULL,2021
"Zwischen Alpha und Omega",NULL,2021
"Zwischen Ashram, Kanzel und Katheder","Originalausgabe, 1. Auflage 2015, neu durchgesehen",2015
"Zwischen Bett und Plättbrett","Originalausgabe, 1. Auflage",2015
"Zwischen Brot und Spiel","1. Aufl.",2010
"Zwischen Chaos und Kronos","Orig.-Ausg., 1. Aufl.",2012
"Zwischen Darß und Schwabenland","1. Auflage",2020
"Zwischen den Bergen",NULL,2011
"Zwischen den Grenzen der Lebenszeit","1. Auflage",2018
"Zwischen den Schatten","1. Aufl.",2009
"Zwischen den Stühlen","1. Auflage",2022
"Zwischen den Wellen","1. Auflage",2022
"Zwischen den Welten","1. Aufl.",2012
"Zwischen den Zeilen die Zeit","1. Auflage",2017
"Zwischen den Zeiten",NULL,2013
"Zwischendrin mittendrin","1. Auflage",2019
"Zwischenfälle","Orig.-Ausg.",2015
"Zwischen Fell und Federn","1. Auflage",2022
"Zwischen Frieden und Frieden","1. Aufl.",2010
"Zwischen gestern und heute","Orig.-Ausg., 1. Aufl.",2011
"Zwischen gestern und hier",NULL,2013
"Zwischen gestern und morgen",NULL,2020
"Zwischen Godorf und Gomorrha","Erstauflage",2016
"Zwischen Gras und Wolken",NULL,2020
"Zwischenhalt Erde","Erste Auflage",2020
"Zwischen Himmel und Erde",NULL,2008
"Zwischen Himmel und Erde - Erzählungen","1. Auflage",2021
"Zwischen Hoffnung und Melancholie","1. Auflage",2023
"Zwischen Ilz und Inn - Geschichten aus Niederbayern","1. Auflage",2019
"Zwischen jetzt und jetzt","1. Auflage",2016
"Zwischen Kräutertee und Kräutergeist",NULL,2020
"Zwischen Lachen und Weinen","1. Auflage",2019
"Zwischen Leben & Licht","1. Aufl.",2009
"Zwischen Licht und Schatten",NULL,2008
"Zwischenmenschliches","1. Auflage",2017
"Zwischen mir und dir, dein Leben","1. Auflage",2018
"Zwischen Moor und Meer",NULL,2010
"Zwischenraum",NULL,2020
"Zwischen Riesenmaikäfern und Rosskastanien",NULL,2013
"Zwischenrufe",NULL,2023
"Zwischen Ruhm und Ehre liegt die Nacht","1. Auflage",2020
"Zwischen Schatten und Licht",NULL,2008
"Zwischen Sehnsucht und Resignation",NULL,2020
"Zwischenspiel","1. Auflage",2015
"Zwischen Stationen",NULL,2009
"Zwischenstation und 35 andere Hotelgeschichten","1. Aufl.",2009
"Zwischen Tackenberg und Rothebusch","1. Auflage",2021
"Zwischen Tafelspitz und Ministerrat","1. Auflage",2020
"Zwischen Tag und Nacht",NULL,2008
"Zwischen Tagwache und Zapfenstreich",NULL,2009
"Zwischen Tür und Angel","1. Auflage",2022
"Zwischen Vorgestern und Übermorgen","Orig.-Ausg., 1. Aufl, Erstdr.",2011
"Zwischen Weiden und Eslarn",NULL,2011
"Zwischen-Welten","1. Auflage",2023
"Zwischenwelt und andere abgefahrene Stories","1. Auflage",2018
"Zwischen Wien und Sils Maria",NULL,2022
"Zwischen Wirklichkeit und Verfremdung",NULL,2022
"Zwischen Wunsch und Wirklichkeit",NULL,2014
"Zwischenzeiten","Erste Auflage",2015
"Zwitterwochen",NULL,2017
"Zwölf","1. Auflage",2020
"Zwölferlei",NULL,2014
"Zwölf geheimnisdunkle Kurzgeschichten","1. Auflage",2020
"Zwölf jüdische Erzählungen",NULL,2009
"Zynisch bis heiter","1. Auflage",2018
"Zypressen tanzen im Wind und andere Erzählungen","1. Auflage",2023
