"koerperschaft_id","koerperschaft_name","koerperschaft_name_gnd","gnd_sachgruppe","name_flag","sachgruppe_flag","is_verlag_by_name","is_verlagsrelevant_by_sachgruppe","is_verlag_candidate","verlag_score"
"K1110","Fischer Taschenbuch","Fischer-Taschenbuch-Verlag","Buchwissenschaft, Buchhandel","Verlag","verlagsrelevant",True,True,True,2
"K1","Grüne Aue",NULL,NULL,NULL,NULL,NULL,False,NULL,0
"K67","Akad.-Verl.",NULL,NULL,"Verlag",NULL,True,False,True,1
"K73","Albatros",NULL,NULL,NULL,NULL,NULL,False,NULL,0
"K135","Apollon Tempel Verlag",NULL,NULL,"Verlag",NULL,True,False,True,1
"K323","Bibliogr. Inst.",NULL,NULL,NULL,NULL,NULL,False,NULL,0
"K451","C & N",NULL,NULL,NULL,NULL,NULL,False,NULL,0
"K761","Ed. Augenblick",NULL,NULL,"Verlag",NULL,True,False,True,1
"K765","Ed. Bruder",NULL,NULL,"Verlag",NULL,True,False,True,1
"K840","Ed. Silberflügel",NULL,NULL,"Verlag",NULL,True,False,True,1
"K897","Edition Calamus",NULL,NULL,"Verlag",NULL,True,False,True,1
"K898","Edition Combes",NULL,NULL,"Verlag",NULL,True,False,True,1
"K1040","Entenpress",NULL,NULL,NULL,NULL,NULL,False,NULL,0
"K1106","Fireflies Press",NULL,NULL,NULL,NULL,NULL,False,NULL,0
"K1368","Herramhof Verlag",NULL,NULL,"Verlag",NULL,True,False,True,1
"K1766","Lesewuth",NULL,NULL,NULL,NULL,NULL,False,NULL,0
"K1889","Macholdt - der Verlag",NULL,NULL,"Verlag",NULL,True,False,True,1
"K2013","Mosers Büro GmbH",NULL,NULL,"Unternehmen",NULL,False,False,False,0
"K2015","MuSingal",NULL,NULL,NULL,NULL,NULL,False,NULL,0
"K2139","Paarl Rock Publishers",NULL,NULL,NULL,NULL,NULL,False,NULL,0
"K2197","Phillip Schmidt Verlag",NULL,NULL,"Verlag",NULL,True,False,True,1
"K2574","Soli Netz",NULL,NULL,NULL,NULL,NULL,False,NULL,0
"K2642","Studio Raster",NULL,NULL,NULL,NULL,NULL,False,NULL,0
"K2767","Undercoverbooks",NULL,NULL,NULL,NULL,NULL,False,NULL,0
"K2768","Undine","Astrid Seehaus Undine Verlag","Buchwissenschaft, Buchhandel","Verlag","verlagsrelevant",True,True,True,2
"K2825","Verein zur Förderung und Vernetzung von Jugendkultur",NULL,NULL,"Verein",NULL,False,False,False,0
"K3019","Verlag am Rande",NULL,NULL,"Verlag",NULL,True,False,True,1
"K3207","Wydawnictwo Tadeusz Serocki",NULL,NULL,NULL,NULL,NULL,False,NULL,0
"K3338","enPunto",NULL,NULL,NULL,NULL,NULL,False,NULL,0
"K3408","myshow Verlag",NULL,NULL,"Verlag",NULL,True,False,True,1
"K3478","van Eck Verlag","Van Eck Verlag","Buchwissenschaft, Buchhandel","Verlag","verlagsrelevant",True,True,True,2
"K3479","vbb, Verlag für Berlin-Brandenburg","Verlag für Berlin-Brandenburg","Buchwissenschaft, Buchhandel","Verlag","verlagsrelevant",True,True,True,2
"K3480","verlag am park","Verlag am Park","Buchwissenschaft, Buchhandel","Verlag","verlagsrelevant",True,True,True,2
"K3481","verlag die brotsuppe","verlag die brotsuppe","Buchwissenschaft, Buchhandel","Verlag","verlagsrelevant",True,True,True,2
"K3482","verlag heil.reisen",NULL,NULL,"Verlag",NULL,True,False,True,1
"K3483","verlag honigbauch",NULL,NULL,"Verlag",NULL,True,False,True,1
"K3484","verlag.marless.de",NULL,NULL,"Verlag",NULL,True,False,True,1
"K3485","verlageinundsiebzig",NULL,NULL,"Verlag",NULL,True,False,True,1
"K3486","verlagsallianz","verlagsallianz","Buchwissenschaft, Buchhandel","Verlag","verlagsrelevant",True,True,True,2
"K3487","via Pho.to-Tool/ Made by Photo Lab, Fritz",NULL,NULL,NULL,NULL,NULL,False,NULL,0
"K3488","viademica.verlag berlin e. Kfm.",NULL,NULL,"Verlag",NULL,True,False,True,1
"K3489","vomhörensehen medienagentur",NULL,NULL,NULL,NULL,NULL,False,NULL,0
"K3490","von Bockel","Von Bockel Verlag","Buchwissenschaft, Buchhandel","Verlag","verlagsrelevant",True,True,True,2
"K3491","von Reeken","DvR-Buchreihe - Kollektion Lasswitz","Buchwissenschaft, Buchhandel",NULL,"verlagsrelevant",NULL,True,True,1
"K3492","von Zabern","Verlag Philipp von Zabern","Buchwissenschaft, Buchhandel","Verlag","verlagsrelevant",True,True,True,2
"K3493","von dem Knesebeck GmbH & Co. Verlag KG","von dem Knesebeck GmbH & Co. Verlag KG","Buchwissenschaft, Buchhandel","Verlag","verlagsrelevant",True,True,True,2
"K3494","wbg Edition","wbg Edition",NULL,"Verlag",NULL,True,False,True,1
"K3495","weissbooks.w","Weissbooks Verlagsgesellschaft mbH","Buchwissenschaft, Buchhandel","Verlag","verlagsrelevant",True,True,True,2
"K3498","wespen-kontor",NULL,NULL,NULL,NULL,NULL,False,NULL,0
"K3502","worttransport.de",NULL,NULL,NULL,NULL,NULL,False,NULL,0
"K2","#BerlinAuthors",NULL,NULL,NULL,NULL,NULL,False,NULL,0
"K3","/",NULL,NULL,NULL,NULL,NULL,False,NULL,0
"K4","175er Verlag","175er Verlag","Buchwissenschaft, Buchhandel","Verlag","verlagsrelevant",True,True,True,2
"K5","1Druck, DIVO",NULL,NULL,"Druckerei",NULL,False,False,False,0
"K6","27amigos",NULL,NULL,NULL,NULL,NULL,False,NULL,0
"K7","2A-Verlag, Akademie Freier Autoren e.V.","Akademie freier Autoren e.V. 2A-Verlag","Buchwissenschaft, Buchhandel","Verlag","verlagsrelevant",True,True,True,2
"K8","3. Oktober – Deutschland singt und klingt",NULL,NULL,NULL,NULL,NULL,False,NULL,0
"K9","360 Grad Verlag GmbH","360 Grad Verlag",NULL,"Verlag",NULL,True,False,True,1
"K10","3VerSchreiber",NULL,NULL,NULL,NULL,NULL,False,NULL,0
"K11","7Sterne-Ed.",NULL,NULL,"Verlag",NULL,True,False,True,1
"K12","A. Agic",NULL,NULL,NULL,NULL,NULL,False,NULL,0
"K13","A. Delon",NULL,NULL,NULL,NULL,NULL,False,NULL,0
"K14","A. Fritz Verlag","A. Fritz Verlag","Buchwissenschaft, Buchhandel","Verlag","verlagsrelevant",True,True,True,2
"K15","A. Hennig",NULL,NULL,NULL,NULL,NULL,False,NULL,0
"K16","A. Jochim Vela-Verlag","Vela Verlag","Buchwissenschaft, Buchhandel","Verlag","verlagsrelevant",True,True,True,2
"K17","A. Springer","A. Springer Verlag AG","Buchwissenschaft, Buchhandel","Verlag","verlagsrelevant",True,True,True,2
"K18","A.E. Johann-Gesellschaft e.V.",NULL,NULL,"Verein",NULL,False,False,False,0
"K19","A.P.P. Verlag","A.P.P. Verlag","Buchwissenschaft, Buchhandel","Verlag","verlagsrelevant",True,True,True,2
"K20","A1 Verlag","A1-Verlag","Buchwissenschaft, Buchhandel","Verlag","verlagsrelevant",True,True,True,2
"K21","A7L Thrilling Books Limited",NULL,NULL,NULL,NULL,NULL,False,NULL,0
"K22","AAVAA Verlag","AAVAA Verlag UG","Buchwissenschaft, Buchhandel","Verlag","verlagsrelevant",True,True,True,2
"K23","AB - Die Andere Bibliothek","AB - Die Andere Bibliothek GmbH & Co. KG","Buchwissenschaft, Buchhandel","Unternehmen","verlagsrelevant",False,True,True,1
"K24","AB - Die Andere Bibliothek GmbH & Co. KG","AB - Die Andere Bibliothek GmbH & Co. KG","Buchwissenschaft, Buchhandel","Unternehmen","verlagsrelevant",False,True,True,1
"K25","AB, TravenBooks",NULL,NULL,NULL,NULL,NULL,False,NULL,0
"K26","AB1-Dr. & Verl.","AB1 - Druck & Verlag","Buchwissenschaft, Buchhandel","Verlag","verlagsrelevant",True,True,True,2
"K27","ABLIT-Verl.","ABLIT Verlag e.K.","Buchwissenschaft, Buchhandel","Verlag","verlagsrelevant",True,True,True,2
"K28","AGIRO Verlag","Agiro Verlag","Buchwissenschaft, Buchhandel","Verlag","verlagsrelevant",True,True,True,2
"K29","AGMA - Christlicher Buchverl.","AGMA Christlicher Verlag","Buchwissenschaft, Buchhandel","Verlag","verlagsrelevant",True,True,True,2
"K30","AIKA Consulting GmbH",NULL,NULL,"Unternehmen",NULL,False,False,False,0
"K31","AJSP","AJSP","Buchwissenschaft, Buchhandel",NULL,"verlagsrelevant",NULL,True,True,1
"K32","AJZ-Dr. & Verl.","AJZ-Druck und Verlag GmbH","Buchwissenschaft, Buchhandel","Verlag","verlagsrelevant",True,True,True,2
"K33","AKU!","AKU-VERLAG","Buchwissenschaft, Buchhandel","Verlag","verlagsrelevant",True,True,True,2
"K34","AME Stöpel","AME Stöpel Verlag","Buchwissenschaft, Buchhandel","Verlag","verlagsrelevant",True,True,True,2
"K35","APOLLON TEMPEL VERLAG",NULL,NULL,"Verlag",NULL,True,False,True,1
"K36","APRYCOT",NULL,NULL,NULL,NULL,NULL,False,NULL,0
"K37","ARW","Arbeitsgemeinschaft für Religions- und Weltanschauungsfragen","Buchwissenschaft, Buchhandel; Allgemeine und vergleichende Religionswissenschaft, Nichtchristliche Religionen","Gemeinschaft","verlagsrelevant",False,True,True,1
"K38","AS Verlag","AS Verlag","Buchwissenschaft, Buchhandel","Verlag","verlagsrelevant",True,True,True,2
"K39","AT-Verl.","AT Verlag","Buchwissenschaft, Buchhandel","Verlag","verlagsrelevant",True,True,True,2
"K40","ATE","Ate",NULL,NULL,NULL,NULL,False,NULL,0
"K41","AUMAYER","Aumayer druck + media","Buchwissenschaft, Buchhandel","Druckerei","verlagsrelevant",False,True,True,1
"K42","AVM","Akademische Verlagsgemeinschaft München","Buchwissenschaft, Buchhandel","Verlag","verlagsrelevant",True,True,True,2
"K43","Aaronis Coll.","Aaronis Collection","Buchwissenschaft, Buchhandel",NULL,"verlagsrelevant",NULL,True,True,1
"K44","Abera","Abera Verlag","Buchwissenschaft, Buchhandel","Verlag","verlagsrelevant",True,True,True,2
"K45","Abl Verlag","Abl Bauernblatt Verlags-GmbH","Buchwissenschaft, Buchhandel","Verlag","verlagsrelevant",True,True,True,2
"K46","Acabus Verlag","Acabus Verlag","Buchwissenschaft, Buchhandel","Verlag","verlagsrelevant",True,True,True,2
"K47","Achertäler Druckerei","Achertäler Druckerei GmbH & Co. KG","Buchwissenschaft, Buchhandel","Druckerei","verlagsrelevant",False,True,True,1
"K48","Achter Verlag","Achter Verlag","Buchwissenschaft, Buchhandel","Verlag","verlagsrelevant",True,True,True,2
"K49","Achterland","Achterland Verlagscompagnie","Buchwissenschaft, Buchhandel","Verlag","verlagsrelevant",True,True,True,2
"K50","Adalbert-Stifter-Institut des Landes Oberösterreich / StifterHaus","Adalbert-Stifter-Institut des Landes Oberösterreich","Archiv, Museum; Literarisches Leben","Institut","verlagsrelevant",False,True,True,1
"K51","Adlerstein-Verlag","Adlerstein-Verlag","Buchwissenschaft, Buchhandel","Verlag","verlagsrelevant",True,True,True,2
"K52","Adlibri-Verl.","adlibri Verlag GmbH & Co. KG","Buchwissenschaft, Buchhandel","Verlag","verlagsrelevant",True,True,True,2
"K53","Adolf Dahlfeld Erben","Adolf Dahlfeld Erben","Buchwissenschaft, Buchhandel",NULL,"verlagsrelevant",NULL,True,True,1
"K54","Adonia","Adonia (Körperschaft)","Gruppe, Organisationssoziologie, Interaktion",NULL,NULL,NULL,False,NULL,0
"K55","Advent-Wohlfahrtswerk Seniorenheim Neandertal gmbH",NULL,NULL,"Unternehmen",NULL,False,False,False,0
"K56","Adwork Köln - Halven Hahn Produktion",NULL,NULL,NULL,NULL,NULL,False,NULL,0
"K57","Afra-Sonnensturm-Verl.","Afra Sonnensturm Verlag","Buchwissenschaft, Buchhandel","Verlag","verlagsrelevant",True,True,True,2
"K58","AfricAvenir - Exchange & Dialogue","AfricAvenir - Exchange & Dialogue","Buchwissenschaft, Buchhandel",NULL,"verlagsrelevant",NULL,True,True,1
"K59","Afusoft","AFUSOFT Kommunikationstechnik GmbH","Buchwissenschaft, Buchhandel","Unternehmen","verlagsrelevant",False,True,True,1
"K60","Agade Publ. House",NULL,NULL,NULL,NULL,NULL,False,NULL,0
"K61","Agenda Verlag","Agenda-Verlag","Buchwissenschaft, Buchhandel","Verlag","verlagsrelevant",True,True,True,2
"K62","Agentur des Rauhen Hauses Hamburg","Agentur des Rauhen Hauses Hamburg GmbH","Buchwissenschaft, Buchhandel","Unternehmen","verlagsrelevant",False,True,True,1
"K63","Agon-Sportverl.","AGON-Sportverlag (Kassel)","Buchwissenschaft, Buchhandel","Verlag","verlagsrelevant",True,True,True,2
"K64","Agroplant","Agroplant GmbH - Umweltberatung -","Buchwissenschaft, Buchhandel","Unternehmen","verlagsrelevant",False,True,True,1
"K753","Ed. 6065","Edition 6065","Buchwissenschaft, Buchhandel","Verlag","verlagsrelevant",True,True,True,2
"K2571","Soeste-Verl.",NULL,NULL,"Verlag",NULL,True,False,True,1
"K65","Ahead and Amazing","Ahead and Amazing Verlag","Buchwissenschaft, Buchhandel","Verlag","verlagsrelevant",True,True,True,2
"K66","Aisthesis Verlag","AISTHESIS Verlag GmbH & Co. KG","Buchwissenschaft, Buchhandel","Verlag","verlagsrelevant",True,True,True,2
"K68","Akademie der Künste","Akademie der Künste","Kultur, Künste allgemein; Buchwissenschaft, Buchhandel; Wissenschaft","Akademie","verlagsrelevant",False,True,True,1
"K69","Akademos","akademos Wissenschaftsverlag GmbH","Buchwissenschaft, Buchhandel","Verlag","verlagsrelevant",True,True,True,2
"K70","Akazia Verlag","Akazia Verlag","Buchwissenschaft, Buchhandel","Verlag","verlagsrelevant",True,True,True,2
"K71","Akazien Verlag","Akazien Verlag","Buchwissenschaft, Buchhandel","Verlag","verlagsrelevant",True,True,True,2
"K72","Alba Trust","Alba Trust Verlag e.U. Inh. Adelheid Pexa","Buchwissenschaft, Buchhandel","Verlag","verlagsrelevant",True,True,True,2
"K74","Alcorde Verlag","alcorde verlag","Buchwissenschaft, Buchhandel","Verlag","verlagsrelevant",True,True,True,2
"K75","Alea Libris Verlag",NULL,NULL,"Verlag",NULL,True,False,True,1
"K76","Aleph Verlag","ALEPH VERLAG","Buchwissenschaft, Buchhandel","Verlag","verlagsrelevant",True,True,True,2
"K77","Alexander, Darleen",NULL,NULL,NULL,NULL,NULL,False,NULL,0
"K78","Alfa-Veda-Verlag","Alfa-Veda-Verlag","Buchwissenschaft, Buchhandel","Verlag","verlagsrelevant",True,True,True,2
"K79","Alfred Kröner Verlag","Alfred-Kröner-Verlag","Buchwissenschaft, Buchhandel","Verlag","verlagsrelevant",True,True,True,2
"K80","Ali Hensel",NULL,NULL,NULL,NULL,NULL,False,NULL,0
"K81","Alibri-Verl.",NULL,NULL,"Verlag",NULL,True,False,True,1
"K82","Alkyon-Buchverl.",NULL,NULL,"Verlag",NULL,True,False,True,1
"K83","Allegria","Allegria","Buchwissenschaft, Buchhandel",NULL,"verlagsrelevant",NULL,True,True,1
"K84","Allitera Verlag","Allitera Verlag","Buchwissenschaft, Buchhandel","Verlag","verlagsrelevant",True,True,True,2
"K85","Almadinah gUG",NULL,NULL,NULL,NULL,NULL,False,NULL,0
"K86","Almanach-Ed.",NULL,NULL,"Verlag",NULL,True,False,True,1
"K87","Almus-Verl.",NULL,NULL,"Verlag",NULL,True,False,True,1
"K88","Almáriom","Almáriom Verlag","Buchwissenschaft, Buchhandel","Verlag","verlagsrelevant",True,True,True,2
"K89","Alois Epple","Dr. Alois Epple (Firma)","Buchwissenschaft, Buchhandel","Unternehmen","verlagsrelevant",False,True,True,1
"K90","Alpenpost Verl.",NULL,NULL,"Verlag",NULL,True,False,True,1
"K91","Alpha Litart",NULL,NULL,NULL,NULL,NULL,False,NULL,0
"K92","Alphabeta","AlphaBeta",NULL,NULL,NULL,NULL,False,NULL,0
"K93","Altan","Altan","Musik (Allgemeines), Musikgeschichte",NULL,NULL,NULL,False,NULL,0
"K94","Alte-Jeetzel-Buchh. und Verl.","Alte-Jeetzel-Buchhandlung und Verlag GmbH","Buchwissenschaft, Buchhandel","Verlag","verlagsrelevant",True,True,True,2
"K95","Altis-Verlag","Altis-Verlag GmbH","Buchwissenschaft, Buchhandel","Verlag","verlagsrelevant",True,True,True,2
"K96","Altius","Altius Verlag GmbH","Buchwissenschaft, Buchhandel","Verlag","verlagsrelevant",True,True,True,2
"K97","Amalthea","Amalthea Verlag","Buchwissenschaft, Buchhandel","Verlag","verlagsrelevant",True,True,True,2
"K98","Amalthea Signum","Amalthea Signum Verlag","Buchwissenschaft, Buchhandel","Verlag","verlagsrelevant",True,True,True,2
"K99","Amative Publ.***5246918","amative publisher","Buchwissenschaft, Buchhandel",NULL,"verlagsrelevant",NULL,True,True,1
"K100","Amazon Distribution",NULL,NULL,NULL,NULL,NULL,False,NULL,0
"K101","Amazon Media EU S.à r.l.",NULL,NULL,NULL,NULL,NULL,False,NULL,0
"K102","Ambaum-Verl.","Ambaum Verlag","Buchwissenschaft, Buchhandel","Verlag","verlagsrelevant",True,True,True,2
"K103","Ambiente-Krimis","ambiente-krimis","Buchwissenschaft, Buchhandel",NULL,"verlagsrelevant",NULL,True,True,1
"K104","Amdora-Verlag",NULL,NULL,"Verlag",NULL,True,False,True,1
"K105","Amicus","Amicus",NULL,NULL,NULL,NULL,False,NULL,0
"K106","Ammann","Ammann-Verlag","Buchwissenschaft, Buchhandel","Verlag","verlagsrelevant",True,True,True,2
"K107","Ammersee Verlag",NULL,NULL,"Verlag",NULL,True,False,True,1
"K108","Ammianus-Verlag",NULL,NULL,"Verlag",NULL,True,False,True,1
"K109","Amonja Publishing",NULL,NULL,NULL,NULL,NULL,False,NULL,0
"K110","Amrûn Verlag","Amrûn Verlag","Buchwissenschaft, Buchhandel","Verlag","verlagsrelevant",True,True,True,2
"K111","Amrûn-Verl.","Amrûn Verlag","Buchwissenschaft, Buchhandel","Verlag","verlagsrelevant",True,True,True,2
"K112","AnOA edition",NULL,NULL,"Verlag",NULL,True,False,True,1
"K113","Anaconda Verlag","Anaconda Verlag","Buchwissenschaft, Buchhandel","Verlag","verlagsrelevant",True,True,True,2
"K114","Ancient Mail Verlag Werner Betz","Ancient Mail Verlag","Buchwissenschaft, Buchhandel","Verlag","verlagsrelevant",True,True,True,2
"K115","Anderland Books",NULL,NULL,NULL,NULL,NULL,False,NULL,0
"K116","Anderslieben Verlag Heckmann & Meinzer",NULL,NULL,"Verlag",NULL,True,False,True,1
"K117","Andiamo","andiamo-verlag","Buchwissenschaft, Buchhandel","Verlag","verlagsrelevant",True,True,True,2
"K118","Andra-Danu-Verl.","Andra-Danu-Verlag","Buchwissenschaft, Buchhandel","Verlag","verlagsrelevant",True,True,True,2
"K119","AndreBuch-Verl.","AndreBuchVerlag","Buchwissenschaft, Buchhandel","Verlag","verlagsrelevant",True,True,True,2
"K120","AndreBuchVerlag","AndreBuchVerlag","Buchwissenschaft, Buchhandel","Verlag","verlagsrelevant",True,True,True,2
"K121","Andres",NULL,NULL,NULL,NULL,NULL,False,NULL,0
"K122","Andresen",NULL,NULL,NULL,NULL,NULL,False,NULL,0
"K123","Angele","Angele-Sippe",NULL,NULL,NULL,NULL,False,NULL,0
"K124","Angelika Lenz Verlag","Angelika Lenz Verlag","Buchwissenschaft, Buchhandel","Verlag","verlagsrelevant",True,True,True,2
"K125","Angst & Schrecken","Angst&Schrecken Verlag e.K.","Buchwissenschaft, Buchhandel","Verlag","verlagsrelevant",True,True,True,2
"K126","Anikkänbrö & Knetemelk","Anikkänbrö & Knetemelk","Buchwissenschaft, Buchhandel",NULL,"verlagsrelevant",NULL,True,True,1
"K127","Ankerherz","Ankerherz Verlag GmbH","Buchwissenschaft, Buchhandel","Verlag","verlagsrelevant",True,True,True,2
"K128","Anno-Verlag","Anno-Verlag","Buchwissenschaft, Buchhandel","Verlag","verlagsrelevant",True,True,True,2
"K129","Ansichtssache - Agentur für Gestaltung",NULL,NULL,NULL,NULL,NULL,False,NULL,0
"K130","Anthea-Verlag",NULL,NULL,"Verlag",NULL,True,False,True,1
"K131","Anton H. Konrad Verlag","Anton-H.-Konrad-Verlag (Weißenhorn)","Einzelne Branchen der Industrie und des Handwerks; Buchwissenschaft, Buchhandel","Verlag","verlagsrelevant",True,True,True,2
"K132","Anuschka Weyand Buchverlag","Anuschka Weyand (Firma)","Buchwissenschaft, Buchhandel","Unternehmen","verlagsrelevant",False,True,True,1
"K133","Aphaia-Verl.","Aphaia-Verlag (Berlin)","Buchwissenschaft, Buchhandel; Einzelne Branchen der Industrie und des Handwerks","Verlag","verlagsrelevant",True,True,True,2
"K194","Attoverl.","Attoverlag Hans Gerlach e.K.","Buchwissenschaft, Buchhandel","Verlag","verlagsrelevant",True,True,True,2
"K134","AphorismA","AphorismA Verlag Antiquariat Agentur Mit angeschl. Versandbuchhandlung gGmbH","Buchwissenschaft, Buchhandel","Verlag","verlagsrelevant",True,True,True,2
"K136","Apollon-Verl.",NULL,NULL,"Verlag",NULL,True,False,True,1
"K137","Appenzeller Verlag","Appenzeller Verlag","Buchwissenschaft, Buchhandel","Verlag","verlagsrelevant",True,True,True,2
"K138","Appenzeller Volksfreund","Druckerei Appenzeller Volksfreund","Buchwissenschaft, Buchhandel","Druckerei","verlagsrelevant",False,True,True,1
"K139","April G. Dark c/o Gabriela Schmid",NULL,NULL,NULL,NULL,NULL,False,NULL,0
"K140","Aquensis","Cappella Aquensis","Musik (Allgemeines), Musikgeschichte",NULL,NULL,NULL,False,NULL,0
"K141","Arachne Verlag","Arachne Verlag","Buchwissenschaft, Buchhandel","Verlag","verlagsrelevant",True,True,True,2
"K142","Arbeitsgemeinschaft Selbstständiger Migranten e.V.","Arbeitsgemeinschaft Selbstständiger Migranten e.V.","Bevölkerung, Sozialstruktur, Soziale Situation, Soziale Bewegungen; Arbeit","Verein",NULL,False,False,False,0
"K143","Arbeitskreis der Gleichstellungsbeauftragten des Märkischen Kreises, Arbeitskreis der Gleichstellungsbeauftragten des Märkischen",NULL,NULL,"Gemeinschaft",NULL,False,False,False,0
"K144","Arbeitskreis für Dorfentwicklung und Heimatpflege","Arbeitskreis für Dorfentwicklung und Heimatpflege",NULL,"Gemeinschaft",NULL,False,False,False,0
"K145","Arcanum Fantasy Verlag","Arcanum Fantasy Verlag","Buchwissenschaft, Buchhandel","Verlag","verlagsrelevant",True,True,True,2
"K146","Arche","Arche Literatur Verlag","Einzelne Branchen der Industrie und des Handwerks; Buchwissenschaft, Buchhandel","Verlag","verlagsrelevant",True,True,True,2
"K147","Archipel","Archipel Verlag","Buchwissenschaft, Buchhandel","Verlag","verlagsrelevant",True,True,True,2
"K148","Arco","Arco Verlag","Buchwissenschaft, Buchhandel","Verlag","verlagsrelevant",True,True,True,2
"K149","Arcos-Verl.","Arcos Verlag GmbH","Buchwissenschaft, Buchhandel","Verlag","verlagsrelevant",True,True,True,2
"K150","Ardey-Verlag","Ardey-Verlag","Buchwissenschaft, Buchhandel","Verlag","verlagsrelevant",True,True,True,2
"K151","Arete-Verl.","Arete Verlag","Buchwissenschaft, Buchhandel","Verlag","verlagsrelevant",True,True,True,2
"K152","Argument Verlag","Argument-Verlag (Hamburg)","Einzelne Branchen der Industrie und des Handwerks","Verlag",NULL,True,False,True,1
"K153","Arkade",NULL,NULL,NULL,NULL,NULL,False,NULL,0
"K154","Arkani Verlag",NULL,NULL,"Verlag",NULL,True,False,True,1
"K155","Armin-T-Wegner-Ges.","Armin-T.-Wegner-Gesellschaft",NULL,"Gemeinschaft",NULL,False,False,False,0
"K156","Arnshaugk","Arnshaugk Verlag","Buchwissenschaft, Buchhandel","Verlag","verlagsrelevant",True,True,True,2
"K157","Arovell Verlag","AROVELL Verlag","Buchwissenschaft, Buchhandel","Verlag","verlagsrelevant",True,True,True,2
"K158","Ars Edition","arsEdition","Buchwissenschaft, Buchhandel; Einzelne Branchen der Industrie und des Handwerks","Verlag","verlagsrelevant",True,True,True,2
"K159","Ars Una","ars una Verlagsgesellschaft mbH","Buchwissenschaft, Buchhandel","Verlag","verlagsrelevant",True,True,True,2
"K160","Ars Vivendi","ars vivendi verlag","Buchwissenschaft, Buchhandel","Verlag","verlagsrelevant",True,True,True,2
"K161","Ars et Unitas","ars et unitas Verlagsgesellschaft mbH","Buchwissenschaft, Buchhandel","Verlag","verlagsrelevant",True,True,True,2
"K162","Art In Flow","Art In Flow, Verlag für Zeitgenössische Kunst","Buchwissenschaft, Buchhandel","Verlag","verlagsrelevant",True,True,True,2
"K163","Art Skript Phantastik","Art Skript Phantastik Verlag","Buchwissenschaft, Buchhandel","Verlag","verlagsrelevant",True,True,True,2
"K164","ArteMedia","ARTEMEDIA Verlag","Buchwissenschaft, Buchhandel","Verlag","verlagsrelevant",True,True,True,2
"K165","Artemis & Winkler","Artemis & Winkler",NULL,NULL,NULL,NULL,False,NULL,0
"K166","Artemis und Winkler","Artemis & Winkler",NULL,NULL,NULL,NULL,False,NULL,0
"K167","Artio Wortkunstverlag","Artio Wortkunstverlag","Buchwissenschaft, Buchhandel","Verlag","verlagsrelevant",True,True,True,2
"K168","Artpress",NULL,NULL,NULL,NULL,NULL,False,NULL,0
"K169","Arunya-Verlag","Arunya-Verlag","Buchwissenschaft, Buchhandel","Verlag","verlagsrelevant",True,True,True,2
"K170","Asaro Verlag","Asaro Verlag","Buchwissenschaft, Buchhandel","Verlag","verlagsrelevant",True,True,True,2
"K171","Aschenbeck-Verl.",NULL,NULL,"Verlag",NULL,True,False,True,1
"K172","Aschendorff Verlag","Aschendorffsche Verlagsbuchhandlung","Buchwissenschaft, Buchhandel; Handel einzelner Branchen, Dienstleistung einzelner Branchen; Papierherstellung, Grafische Technik; Einzelne Branchen der Industrie und des Handwerks","Verlag","verlagsrelevant",True,True,True,2
"K173","Ashera Verlag",NULL,NULL,"Verlag",NULL,True,False,True,1
"K174","Askan - Familienforschung & Heimatkunde, Bärbel und Beatrice Barnehl GbR",NULL,NULL,"Unternehmen",NULL,False,False,False,0
"K175","Asmussen",NULL,NULL,NULL,NULL,NULL,False,NULL,0
"K176","Asoka",NULL,NULL,NULL,NULL,NULL,False,NULL,0
"K177","Aspera* Verlag für Kunst, Kultur und Hoffnung",NULL,NULL,"Verlag",NULL,True,False,True,1
"K178","Asphalt-&-Anders-Verl.","asphalt & anders Verlag","Buchwissenschaft, Buchhandel","Verlag","verlagsrelevant",True,True,True,2
"K179","Astrid Verlag",NULL,NULL,"Verlag",NULL,True,False,True,1
"K180","Atelier & Verlag Reinhard Fritz",NULL,NULL,"Verlag",NULL,True,False,True,1
"K181","Atelier Coaching & Training",NULL,NULL,NULL,NULL,NULL,False,NULL,0
"K182","Atelier Colorwaves",NULL,NULL,NULL,NULL,NULL,False,NULL,0
"K183","Atelier Margits Art",NULL,NULL,NULL,NULL,NULL,False,NULL,0
"K184","Atelier Monika Stocker",NULL,NULL,NULL,NULL,NULL,False,NULL,0
"K185","Athena-Verlag","Athena-Verlag","Buchwissenschaft, Buchhandel","Verlag","verlagsrelevant",True,True,True,2
"K186","Athene Media","Athene Media Verlag","Buchwissenschaft, Buchhandel","Verlag","verlagsrelevant",True,True,True,2
"K187","Athesia Verlag","Athesia Tappeiner Verlag",NULL,"Verlag",NULL,True,False,True,1
"K188","Atlantik Verlag","Atlantik Verlag","Buchwissenschaft, Buchhandel","Verlag","verlagsrelevant",True,True,True,2
"K189","Atlantis","Atlantis Verlag (Stolberg (Rhld.))","Buchwissenschaft, Buchhandel","Verlag","verlagsrelevant",True,True,True,2
"K190","Aton","Aton-Saxophonquartett","Musik (Allgemeines), Musikgeschichte",NULL,NULL,NULL,False,NULL,0
"K191","Atrioc-Verl.","Atrioc-Verlag","Buchwissenschaft, Buchhandel","Verlag","verlagsrelevant",True,True,True,2
"K192","Atrium Verlag","Atrium Verlag","Buchwissenschaft, Buchhandel","Verlag","verlagsrelevant",True,True,True,2
"K193","Attenkofer","Cl. Attenkofer (Straubing)",NULL,NULL,NULL,NULL,False,NULL,0
"K891","Edition Blaes",NULL,NULL,"Verlag",NULL,True,False,True,1
"K195","Audio-To-Go Publishing Ltd.",NULL,NULL,NULL,NULL,NULL,False,NULL,0
"K196","Aufbau Verlag","Aufbau-Verlag","Buchwissenschaft, Buchhandel","Verlag","verlagsrelevant",True,True,True,2
"K197","Aufland-Verl.","Aufland Verlag","Buchwissenschaft, Buchhandel","Verlag","verlagsrelevant",True,True,True,2
"K198","Augen Auf Verlag","Augen Auf Verlag","Buchwissenschaft, Buchhandel","Verlag","verlagsrelevant",True,True,True,2
"K199","August-von-Goethe-Literaturverl.","August-von-Goethe-Literaturverlag","Einzelne Branchen der Industrie und des Handwerks","Verlag",NULL,True,False,True,1
"K200","Augusta Presse- und Verlags GmbH",NULL,NULL,"Verlag",NULL,True,False,True,1
"K201","Aumayer","Aumayer druck + media","Buchwissenschaft, Buchhandel","Druckerei","verlagsrelevant",False,True,True,1
"K202","Aurinia","Edition Aurinia Verlag für Hörbücher und Literatur e.K.","Buchwissenschaft, Buchhandel","Verlag","verlagsrelevant",True,True,True,2
"K203","Auslesen-Verl.","Auslesen-Verlag","Buchwissenschaft, Buchhandel","Verlag","verlagsrelevant",True,True,True,2
"K204","Aussaat","Neukirchener Aussaat","Buchwissenschaft, Buchhandel",NULL,"verlagsrelevant",NULL,True,True,1
"K205","Authal-Verl.","Authal Verlag Dr. Karin Halbritter","Buchwissenschaft, Buchhandel","Verlag","verlagsrelevant",True,True,True,2
"K206","Autoren Netzwerk",NULL,NULL,"Gemeinschaft",NULL,False,False,False,0
"K207","Autoren-Feder-Verl.","Autoren-Feder Verlag e.K.","Buchwissenschaft, Buchhandel","Verlag","verlagsrelevant",True,True,True,2
"K208","Autorenforum Köln e.V., Autorenforum Köln e.V.","AutorenForum Köln",NULL,"Gemeinschaft",NULL,False,False,False,0
"K209","Autorengruppe Märkischer Kreis",NULL,NULL,"Gemeinschaft",NULL,False,False,False,0
"K210","Autorenkollektiv Nord c/o Sören Steding",NULL,NULL,"Gemeinschaft",NULL,False,False,False,0
"K211","Autorenkreis Ruhr-Mark e.V.","Autorenkreis Ruhr-Mark","Literarisches Leben","Gemeinschaft","verlagsrelevant",False,True,True,1
"K212","Autorenquelle Limburg",NULL,NULL,NULL,NULL,NULL,False,NULL,0
"K213","Autumnus Verlag","Autumnus Verlag","Buchwissenschaft, Buchhandel","Verlag","verlagsrelevant",True,True,True,2
"K214","Avanti-Verl.","Avanti-Verlag (Neuenburg, Müllheim)","Buchwissenschaft, Buchhandel","Verlag","verlagsrelevant",True,True,True,2
"K215","Ave",NULL,NULL,NULL,NULL,NULL,False,NULL,0
"K216","Avinus","Avinus-Verlag","Buchwissenschaft, Buchhandel","Verlag","verlagsrelevant",True,True,True,2
"K217","AvivA","AvivA Britta Jürgs GmbH","Buchwissenschaft, Buchhandel","Unternehmen","verlagsrelevant",False,True,True,1
"K218","Avocado Verlag",NULL,NULL,"Verlag",NULL,True,False,True,1
"K219","Axiomy Verlag","Axiomy Verlag","Buchwissenschaft, Buchhandel","Verlag","verlagsrelevant",True,True,True,2
"K220","Axon","Axon","Musik (Allgemeines), Musikgeschichte",NULL,NULL,NULL,False,NULL,0
"K221","Ayon-Verlag",NULL,NULL,"Verlag",NULL,True,False,True,1
"K222","Ayurveda-Verein Nexenhof",NULL,NULL,"Verein",NULL,False,False,False,0
"K223","Azur",NULL,NULL,NULL,NULL,NULL,False,NULL,0
"K224","B. Kühlen Verlag","B. Kühlen Verlag","Buchwissenschaft, Buchhandel","Verlag","verlagsrelevant",True,True,True,2
"K225","B. Mastori",NULL,NULL,NULL,NULL,NULL,False,NULL,0
"K226","B. Montua",NULL,NULL,NULL,NULL,NULL,False,NULL,0
"K227","B.R. Filtec GmbH c/o Tahja Bennet",NULL,NULL,"Unternehmen",NULL,False,False,False,0
"K228","BACOPA VERLAG","Bacopa Handels- & Kulturges.m.b.H.","Buchwissenschaft, Buchhandel","Unternehmen","verlagsrelevant",False,True,True,1
"K229","BC Publications","BC Publications GmbH","Buchwissenschaft, Buchhandel","Unternehmen","verlagsrelevant",False,True,True,1
"K230","BE, Belle Epoque Verlag",NULL,NULL,"Verlag",NULL,True,False,True,1
"K231","BE, Belle Époque Verlag",NULL,NULL,"Verlag",NULL,True,False,True,1
"K232","BELLA triste e.V.","BELLA triste e.V.","Buchwissenschaft, Buchhandel","Verein","verlagsrelevant",False,True,True,1
"K233","BGG-Verlag",NULL,NULL,"Verlag",NULL,True,False,True,1
"K234","BHN Books, Verlag Alexander Hinz",NULL,NULL,"Verlag",NULL,True,False,True,1
"K235","BJ-Autorenservice.de",NULL,NULL,NULL,NULL,NULL,False,NULL,0
"K236","BLB",NULL,NULL,NULL,NULL,NULL,False,NULL,0
"K237","BMV-Verl. Burau",NULL,NULL,"Verlag",NULL,True,False,True,1
"K238","BOAS-Verl.",NULL,NULL,"Verlag",NULL,True,False,True,1
"K239","BOKEN Regionalverlag",NULL,NULL,"Verlag",NULL,True,False,True,1
"K240","BOOKSun-Limited","BOOKSUN Limited Niederlassung Deutschland","Buchwissenschaft, Buchhandel",NULL,"verlagsrelevant",NULL,True,True,1
"K241","BROTLOS Verlag",NULL,NULL,"Verlag",NULL,True,False,True,1
"K242","BS Verlag Rostock","BS-Verlag Rostock","Buchwissenschaft, Buchhandel; Einzelne Branchen der Industrie und des Handwerks","Verlag","verlagsrelevant",True,True,True,2
"K243","BS motor Vertriebs und Verlags GmbH","BS Motor Vertriebs und Verlags GmbH","Buchwissenschaft, Buchhandel","Verlag","verlagsrelevant",True,True,True,2
"K244","BSH-Verl.",NULL,NULL,"Verlag",NULL,True,False,True,1
"K245","BUCHER",NULL,NULL,NULL,NULL,NULL,False,NULL,0
"K246","BVK, Buch-Verl. Kempen","BVK Buch Verlag Kempen GmbH","Buchwissenschaft, Buchhandel","Verlag","verlagsrelevant",True,True,True,2
"K247","BVK, Buchverl. Krefeld",NULL,NULL,"Verlag",NULL,True,False,True,1
"K248","BVjA e.V.","Bundesverband Junger Autoren und Autorinnen","Literarisches Leben; Arbeit","Verband","verlagsrelevant",False,True,True,1
"K249","Baaltis Austria","Autorenverlag Baaltis Austria","Buchwissenschaft, Buchhandel","Verlag","verlagsrelevant",True,True,True,2
"K250","Baar",NULL,NULL,NULL,NULL,NULL,False,NULL,0
"K251","Bachem",NULL,NULL,NULL,NULL,NULL,False,NULL,0
"K252","Bachem, J P","J. P. Bachem (Köln)",NULL,NULL,NULL,NULL,False,NULL,0
"K253","Bachem, J. P., Verlag GmbH","J. P. Bachem, Verlagsbuchhandlung (Köln)","Buchwissenschaft, Buchhandel","Verlag","verlagsrelevant",True,True,True,2
"K254","Bacopa Verlag","Bacopa Handels- & Kulturges.m.b.H.","Buchwissenschaft, Buchhandel","Unternehmen","verlagsrelevant",False,True,True,1
"K255","Badischer Landwirtschafts-Verl.","Badischer Landwirtschafts-Verlag GmbH",NULL,"Verlag",NULL,True,False,True,1
"K256","BadnerBuch-Verl.","BadnerBuch-Verlag","Buchwissenschaft, Buchhandel","Verlag","verlagsrelevant",True,True,True,2
"K257","Baeschlin Verlag","Baeschlin Verlag","Buchwissenschaft, Buchhandel","Verlag","verlagsrelevant",True,True,True,2
"K258","Bahnmayer","BAHNMAYER GmbH DRUCK + REPRO","Buchwissenschaft, Buchhandel","Druckerei","verlagsrelevant",False,True,True,1
"K259","Baier",NULL,NULL,NULL,NULL,NULL,False,NULL,0
"K260","Baier-BPB-Verl.",NULL,NULL,"Verlag",NULL,True,False,True,1
"K261","Balaena-Verlag","Balaena-Verlag Dr. Heinz Granvogl e.K.","Buchwissenschaft, Buchhandel","Verlag","verlagsrelevant",True,True,True,2
"K262","BaltArtGmbH Switzerland",NULL,NULL,"Unternehmen",NULL,False,False,False,0
"K263","Balthasar-Verl.","Balthasar Verlag","Buchwissenschaft, Buchhandel","Verlag","verlagsrelevant",True,True,True,2
"K264","Baltica-Verl. Glücksburg",NULL,NULL,"Verlag",NULL,True,False,True,1
"K758","Ed. Aramo","Edition Aramo",NULL,"Verlag",NULL,True,False,True,1
"K892","Edition Blau, Rotpunktverlag",NULL,NULL,"Verlag",NULL,True,False,True,1
"K265","Bar-Verlag","BAR-Verlag","Buchwissenschaft, Buchhandel","Verlag","verlagsrelevant",True,True,True,2
"K266","Bartels & Bleil, Verlag für ästhetischen Widerstand",NULL,NULL,"Verlag",NULL,True,False,True,1
"K267","Bartlmüllner","Bartlmüllner Verlag","Buchwissenschaft, Buchhandel","Verlag","verlagsrelevant",True,True,True,2
"K268","Barton Verlag",NULL,NULL,"Verlag",NULL,True,False,True,1
"K269","BasisDruck Verlag","BasisDruck Verlag GmbH","Buchwissenschaft, Buchhandel","Verlag","verlagsrelevant",True,True,True,2
"K270","Bassermann","Bassermann-Verlag","Buchwissenschaft, Buchhandel","Verlag","verlagsrelevant",True,True,True,2
"K271","Bastei Lübbe","Bastei Lübbe AG","Buchwissenschaft, Buchhandel",NULL,"verlagsrelevant",NULL,True,True,1
"K272","Bauer","Bauer-Verlag (Thalhofen)","Buchwissenschaft, Buchhandel; Einzelne Branchen der Industrie und des Handwerks","Verlag","verlagsrelevant",True,True,True,2
"K273","Bauer-Verlag","Bauer-Verlag (Thalhofen)","Buchwissenschaft, Buchhandel; Einzelne Branchen der Industrie und des Handwerks","Verlag","verlagsrelevant",True,True,True,2
"K274","Baumann Verlag",NULL,NULL,"Verlag",NULL,True,False,True,1
"K275","Bautz","Bautz (Saulgau)",NULL,NULL,NULL,NULL,False,NULL,0
"K276","Bayer Verlag","Bayer Verlag","Buchwissenschaft, Buchhandel","Verlag","verlagsrelevant",True,True,True,2
"K277","Bayerischer Poeten- & Belletristik-Verlag",NULL,NULL,"Verlag",NULL,True,False,True,1
"K278","Bayerland","Druckerei und Verlagsanstalt Bayerland GmbH","Buchwissenschaft, Buchhandel","Verlag","verlagsrelevant",True,True,True,2
"K279","Be + Be",NULL,NULL,NULL,NULL,NULL,False,NULL,0
"K280","Be+Be-Verlag","Be&Be-Verlag",NULL,"Verlag",NULL,True,False,True,1
"K281","Be.bra-Verl.","be.bra verlag","Buchwissenschaft, Buchhandel","Verlag","verlagsrelevant",True,True,True,2
"K282","BeJot","BeJot-Verlag","Buchwissenschaft, Buchhandel","Verlag","verlagsrelevant",True,True,True,2
"K283","Beck","Verlag C.H. Beck","Buchwissenschaft, Buchhandel","Verlag","verlagsrelevant",True,True,True,2
"K284","Beck, C H","H. W. Beck (C. Tappen) (Firma)",NULL,"Unternehmen",NULL,False,False,False,0
"K285","Begedia Verlag","Begedia Verlag","Buchwissenschaft, Buchhandel","Verlag","verlagsrelevant",True,True,True,2
"K286","Begegnungen - Verlag für Natur und Leben",NULL,NULL,"Verlag",NULL,True,False,True,1
"K287","Beggerow","Beggerow Buchverlag","Buchwissenschaft, Buchhandel","Verlag","verlagsrelevant",True,True,True,2
"K288","Belletris-Verl.","Belletris-Verlag","Buchwissenschaft, Buchhandel","Verlag","verlagsrelevant",True,True,True,2
"K289","Belser","Chr.-Belser-Gesellschaft für Verlagsgeschäfte","Buchwissenschaft, Buchhandel; Einzelne Branchen der Industrie und des Handwerks","Verlag","verlagsrelevant",True,True,True,2
"K290","Beltz",NULL,NULL,NULL,NULL,NULL,False,NULL,0
"K291","Beluga-Verl.",NULL,NULL,"Verlag",NULL,True,False,True,1
"K292","Benedetto-Verl.","Benedetto Verlag","Buchwissenschaft, Buchhandel","Verlag","verlagsrelevant",True,True,True,2
"K293","Benevento","Benevento Publishing",NULL,NULL,NULL,NULL,False,NULL,0
"K294","Benguela Publ.",NULL,NULL,NULL,NULL,NULL,False,NULL,0
"K295","Benteli","Benteli Verlag","Buchwissenschaft, Buchhandel","Verlag","verlagsrelevant",True,True,True,2
"K296","Berchtesgadener Anzeiger","Berchtesgadener Anzeiger KG","Buchwissenschaft, Buchhandel",NULL,"verlagsrelevant",NULL,True,True,1
"K297","Berchtold-Haller-Verl.","Berchtold Haller Verlag","Buchwissenschaft, Buchhandel","Verlag","verlagsrelevant",True,True,True,2
"K298","Berenkamp","Berenkamp Verlag","Buchwissenschaft, Buchhandel","Verlag","verlagsrelevant",True,True,True,2
"K299","Berger",NULL,NULL,NULL,NULL,NULL,False,NULL,0
"K300","Bergischer Verlag","Bergischer Verlag","Buchwissenschaft, Buchhandel","Verlag","verlagsrelevant",True,True,True,2
"K301","Bergmann Verlag","Bergmann-Verlag","Buchwissenschaft, Buchhandel","Verlag","verlagsrelevant",True,True,True,2
"K302","Bergstadtverl. Korn","Bergstadtverlag Wilhelm Gottlieb Korn","Einzelne Branchen der Industrie und des Handwerks","Verlag",NULL,True,False,True,1
"K303","Bergverein zu Hüttenrode e.V.","Bergverein (Hüttenrode)",NULL,"Verein",NULL,False,False,False,0
"K304","Berlin Univ. Press","Berlin University Press","Buchwissenschaft, Buchhandel",NULL,"verlagsrelevant",NULL,True,True,1
"K305","Berlin Verlag","Berlin Verlag","Buchwissenschaft, Buchhandel","Verlag","verlagsrelevant",True,True,True,2
"K306","Berliner Kreis","Berliner Kreis",NULL,"Gemeinschaft",NULL,False,False,False,0
"K307","Berliner Taschenbuch-Verl.","bvt Berliner Taschenbuch Verlag","Buchwissenschaft, Buchhandel","Verlag","verlagsrelevant",True,True,True,2
"K308","Bernardus","Bernardus Verlag","Buchwissenschaft, Buchhandel","Verlag","verlagsrelevant",True,True,True,2
"K309","Bernardus-Verl.","Bernardus Verlag","Buchwissenschaft, Buchhandel","Verlag","verlagsrelevant",True,True,True,2
"K310","Berner Schriftstellerinnen- und Schriftsteller-Verein","Berner Schriftstellerinnen- und Schriftsteller-Verein","Literarisches Leben; Arbeit","Verein","verlagsrelevant",False,True,True,1
"K311","Bernewitz, Paul",NULL,NULL,NULL,NULL,NULL,False,NULL,0
"K312","Bernstein-Verl.","Bernstein Verlag","Buchwissenschaft, Buchhandel","Verlag","verlagsrelevant",True,True,True,2
"K313","Bernstein-Verlag","Bernstein Verlag","Buchwissenschaft, Buchhandel","Verlag","verlagsrelevant",True,True,True,2
"K314","Bertelsmann","Bertelsmann Buchdruckerei, W. Bertelsmann",NULL,"Druckerei",NULL,False,False,False,0
"K315","Bertram",NULL,NULL,NULL,NULL,NULL,False,NULL,0
"K316","Bertuch Verlag GmbH","Bertuch Verlag","Buchwissenschaft, Buchhandel","Verlag","verlagsrelevant",True,True,True,2
"K317","Best-Off-Verlag","BEST-Off-Verlag","Buchwissenschaft, Buchhandel","Verlag","verlagsrelevant",True,True,True,2
"K318","Betz",NULL,NULL,NULL,NULL,NULL,False,NULL,0
"K319","Beurenia-Verl. Joos","Beurenia-Verlag","Buchwissenschaft, Buchhandel","Verlag","verlagsrelevant",True,True,True,2
"K320","Beyond-Affinity-Verl.","Beyond Affinity Verlag","Buchwissenschaft, Buchhandel","Verlag","verlagsrelevant",True,True,True,2
"K321","Biberacher Verlagsdruckerei","Biberacher Verlagsdruckerei","Buchwissenschaft, Buchhandel; Einzelne Branchen der Industrie und des Handwerks","Verlag","verlagsrelevant",True,True,True,2
"K322","Biberacher Verlagsdruckerei GmbH & Co. KG","Biberacher Verlagsdruckerei","Buchwissenschaft, Buchhandel; Einzelne Branchen der Industrie und des Handwerks","Verlag","verlagsrelevant",True,True,True,2
"K324","Bibliothek der Provinz GmbH","Verlag Bibliothek der Provinz","Buchwissenschaft, Buchhandel","Verlag","verlagsrelevant",True,True,True,2
"K325","Bild und Heimat","Verlag Bild und Heimat","Buchwissenschaft, Buchhandel","Verlag","verlagsrelevant",True,True,True,2
"K326","BildSpracheWortLaut",NULL,NULL,NULL,NULL,NULL,False,NULL,0
"K327","Bilderstöckchen-Buchvertrieb",NULL,NULL,NULL,NULL,NULL,False,NULL,0
"K328","Birgit Otten c/o Papyrus Autoren-Club",NULL,NULL,"Gemeinschaft",NULL,False,False,False,0
"K329","Birkhäuser","Birkhäuser (Firma)","Buchwissenschaft, Buchhandel","Unternehmen","verlagsrelevant",False,True,True,1
"K330","Birnbaum","Birnbaum Verlag e.K.","Buchwissenschaft, Buchhandel","Verlag","verlagsrelevant",True,True,True,2
"K331","Black Library","Black Library","Buchwissenschaft, Buchhandel",NULL,"verlagsrelevant",NULL,True,True,1
"K332","Black Umbrella Publisching",NULL,NULL,NULL,NULL,NULL,False,NULL,0
"K333","Black Umbrella Publishing",NULL,NULL,NULL,NULL,NULL,False,NULL,0
"K334","Blackelephant Publishing",NULL,NULL,NULL,NULL,NULL,False,NULL,0
"K335","Blaetterhaus","blaetterhaus","Buchwissenschaft, Buchhandel",NULL,"verlagsrelevant",NULL,True,True,1
"K336","Blanvalet","Blanvalet-Verlag","Buchwissenschaft, Buchhandel","Verlag","verlagsrelevant",True,True,True,2
"K337","Blatt-Verl.","BLATT-Verlag","Buchwissenschaft, Buchhandel","Verlag","verlagsrelevant",True,True,True,2
"K338","Blattlaus Verlag","Blattlaus GmbH","Buchwissenschaft, Buchhandel","Unternehmen","verlagsrelevant",False,True,True,1
"K339","Blattlaus-Verlag","Blattlaus GmbH","Buchwissenschaft, Buchhandel","Unternehmen","verlagsrelevant",False,True,True,1
"K340","Blauer Punkt Verlag Fasson M","Blauer Punkt Verlag","Buchwissenschaft, Buchhandel","Verlag","verlagsrelevant",True,True,True,2
"K341","Blaukreuz-Verlag","Blaukreuz-Verlag Bern","Buchwissenschaft, Buchhandel","Verlag","verlagsrelevant",True,True,True,2
"K342","Blaulicht-Verlag","Blaulicht-Verlag GbR","Buchwissenschaft, Buchhandel","Verlag","verlagsrelevant",True,True,True,2
"K343","Blitz",NULL,NULL,NULL,NULL,NULL,False,NULL,0
"K344","Blix - der neue Selbstverl.",NULL,NULL,"Verlag",NULL,True,False,True,1
"K345","Block-Verlag","Bloeck-Lichtblau Verlag",NULL,"Verlag",NULL,True,False,True,1
"K346","Blohn",NULL,NULL,NULL,NULL,NULL,False,NULL,0
"K347","Bloomsbury Taschenbuch",NULL,NULL,NULL,NULL,NULL,False,NULL,0
"K348","Blue Panther Books","blue panther books oHG","Buchwissenschaft, Buchhandel","Unternehmen","verlagsrelevant",False,True,True,1
"K349","BlueStar-Verl.","BlueStar Verlag & Vertrieb e.K.","Buchwissenschaft, Buchhandel","Verlag","verlagsrelevant",True,True,True,2
"K350","Blumenbar-Verl.","Blumenbar ein Imprint der Aufbau Verlag GmbH & Co. KG","Buchwissenschaft, Buchhandel","Verlag","verlagsrelevant",True,True,True,2
"K351","BoD - Books on Demand","Books on Demand GmbH","Einzelne Branchen der Industrie und des Handwerks; Buchwissenschaft, Buchhandel","Unternehmen","verlagsrelevant",False,True,True,1
"K352","Bock + Herchen","Bock + Herchen Verlag Inh. K. H. Bock","Buchwissenschaft, Buchhandel","Verlag","verlagsrelevant",True,True,True,2
"K353","Bodan","Bodan Werft","Fahrzeugbau, Fördertechnik, Raumfahrttechnik; Einzelne Branchen der Industrie und des Handwerks",NULL,NULL,NULL,False,NULL,0
"K354","Boder","boeder AG","Handel allgemein, Dienstleistung allgemein",NULL,NULL,NULL,False,NULL,0
"K355","Bodner","Bodner Buchhandlung und Vlg.","Buchwissenschaft, Buchhandel","Buchhandlung","verlagsrelevant",False,True,True,1
"K356","Boer Verlag",NULL,NULL,"Verlag",NULL,True,False,True,1
"K357","Boesche",NULL,NULL,NULL,NULL,NULL,False,NULL,0
"K358","Boje","Boje Verlag","Buchwissenschaft, Buchhandel","Verlag","verlagsrelevant",True,True,True,2
"K359","Boldt-Literaturverl.","Hans Boldt Literaturverlag GmbH","Buchwissenschaft, Buchhandel","Verlag","verlagsrelevant",True,True,True,2
"K360","Bon-say-Verl.",NULL,NULL,"Verlag",NULL,True,False,True,1
"K361","Bonifatius","Bonifatius GmbH","Buchwissenschaft, Buchhandel","Unternehmen","verlagsrelevant",False,True,True,1
"K362","BookRix GmbH & Co. KG","BookRix GmbH & Co. KG","Buchwissenschaft, Buchhandel","Unternehmen","verlagsrelevant",False,True,True,1
"K363","Booklover Verlag",NULL,NULL,"Verlag",NULL,True,False,True,1
"K364","Bookmundo Osiander",NULL,NULL,NULL,NULL,NULL,False,NULL,0
"K365","Books-and-bytes",NULL,NULL,NULL,NULL,NULL,False,NULL,0
"K366","Bookspot-Verl.","Bookspot Verlag GmbH","Buchwissenschaft, Buchhandel","Verlag","verlagsrelevant",True,True,True,2
"K367","Bouvier Verlag","Bouvier-Verlag Herbert Grundmann","Buchwissenschaft, Buchhandel; Einzelne Branchen der Industrie und des Handwerks","Verlag","verlagsrelevant",True,True,True,2
"K368","Bovis-Verl.","Bovis-Verlag","Buchwissenschaft, Buchhandel","Verlag","verlagsrelevant",True,True,True,2
"K369","Boxan","Boxan-Verlag","Buchwissenschaft, Buchhandel","Verlag","verlagsrelevant",True,True,True,2
"K370","Brack Verlag","Brack Verlag GmbH","Buchwissenschaft, Buchhandel","Verlag","verlagsrelevant",True,True,True,2
"K371","Brandenburgische Genealogische Ges. Roter Adler","Brandenburgische Genealogische Gesellschaft Roter Adler","Buchwissenschaft, Buchhandel","Gemeinschaft","verlagsrelevant",False,True,True,1
"K372","Brandes","Verlag Renate Brandes","Buchwissenschaft, Buchhandel","Verlag","verlagsrelevant",True,True,True,2
"K373","Brandes & Apsel","Brandes & Apsel Verlag GmbH","Buchwissenschaft, Buchhandel","Verlag","verlagsrelevant",True,True,True,2
"K374","Brandstätter Verlag","Thiele & Brandstätter Verlag","Buchwissenschaft, Buchhandel","Verlag","verlagsrelevant",True,True,True,2
"K375","Braumüller GmbH","Braumüller GmbH braumüller literaturverlag","Buchwissenschaft, Buchhandel","Verlag","verlagsrelevant",True,True,True,2
"K376","Braun",NULL,NULL,NULL,NULL,NULL,False,NULL,0
"K377","Brauseboys","Brauseboys (Künstlervereinigung)","Literarisches Leben; Theater, Tanz","Verein","verlagsrelevant",False,True,True,1
"K378","Bremer Tageszeitungen AG","Bremer Tageszeitungen AG","Buchwissenschaft, Buchhandel",NULL,"verlagsrelevant",NULL,True,True,1
"K379","Brendel","Brendel und Brendel","Musik (Allgemeines), Musikgeschichte",NULL,NULL,NULL,False,NULL,0
"K380","Brendle","Christine Brendle (Firma)","Buchwissenschaft, Buchhandel","Unternehmen","verlagsrelevant",False,True,True,1
"K381","Brendow Verlag","Joh. Brendow & Sohn Verlag","Buchwissenschaft, Buchhandel","Verlag","verlagsrelevant",True,True,True,2
"K382","Brighton GROUP GmbH",NULL,NULL,"Unternehmen",NULL,False,False,False,0
"K383","Brighton Verlag","Brighton Verlag","Buchwissenschaft, Buchhandel","Verlag","verlagsrelevant",True,True,True,2
"K384","Brimborium Verlag",NULL,NULL,"Verlag",NULL,True,False,True,1
"K1101","Feldmann",NULL,NULL,NULL,NULL,NULL,False,NULL,0
"K385","Brinkmann & Bose","Brinkmann & Bose","Buchwissenschaft, Buchhandel",NULL,"verlagsrelevant",NULL,True,True,1
"K386","Brockhaus","SCM R. Brockhaus (Firma)","Buchwissenschaft, Buchhandel","Unternehmen","verlagsrelevant",False,True,True,1
"K387","Brockmeyer Verlag","Universitätsverlag Brockmeyer","Buchwissenschaft, Buchhandel","Verlag","verlagsrelevant",True,True,True,2
"K388","Brot & Spiele Verlag","Brot und Spiele Verlag",NULL,"Verlag",NULL,True,False,True,1
"K389","Brune-Mettcker Druck- und Verlags-GmbH","Brune-Mettcker Druck- und Verlagsgesellschaft mbH","Einzelne Branchen der Industrie und des Handwerks; Buchwissenschaft, Buchhandel","Verlag","verlagsrelevant",True,True,True,2
"K390","Brunnen Verlag","Brunnen Verlag (Gießen)","Buchwissenschaft, Buchhandel","Verlag","verlagsrelevant",True,True,True,2
"K391","Brunner Medien AG","Brunner Medien AG","Buchwissenschaft, Buchhandel",NULL,"verlagsrelevant",NULL,True,True,1
"K392","Brückenbauer Verlag",NULL,NULL,"Verlag",NULL,True,False,True,1
"K393","Brückenschreiber Koblenz","Brückenschreiber Koblenz",NULL,NULL,NULL,NULL,False,NULL,0
"K394","Buch & Bild Verlag",NULL,NULL,"Verlag",NULL,True,False,True,1
"K395","Buch & Media","Buch & Media GmbH","Buchwissenschaft, Buchhandel","Unternehmen","verlagsrelevant",False,True,True,1
"K396","Buch & Stabe Verlag",NULL,NULL,"Verlag",NULL,True,False,True,1
"K397","Buch Edition Berlin",NULL,NULL,"Verlag",NULL,True,False,True,1
"K398","Buch Salon Walbach",NULL,NULL,NULL,NULL,NULL,False,NULL,0
"K399","Buch und Ich Tara Dierck",NULL,NULL,NULL,NULL,NULL,False,NULL,0
"K400","Buch&Media","Buch & Media GmbH","Buchwissenschaft, Buchhandel","Unternehmen","verlagsrelevant",False,True,True,1
"K401","Buch- und Kunstverlag Oberpfalz","Buch- & Kunstverlag Oberpfalz Zweign. v. Der neue Tag Oberpfälzischer Kurier Druck- und Verlagshaus GmbH","Buchwissenschaft, Buchhandel","Verlag","verlagsrelevant",True,True,True,2
"K402","Buch-Verl. Kempen","BVK Buch Verlag Kempen GmbH","Buchwissenschaft, Buchhandel","Verlag","verlagsrelevant",True,True,True,2
"K403","Buch.Macher","buch.macher autoren.verlag","Buchwissenschaft, Buchhandel","Verlag","verlagsrelevant",True,True,True,2
"K404","BuchHandelsGesellschaft","Buchhandelsgesellschaft",NULL,"Gemeinschaft",NULL,False,False,False,0
"K405","BuchHaus-Verl.","Buchhaus Verlag","Buchwissenschaft, Buchhandel","Verlag","verlagsrelevant",True,True,True,2
"K406","BuchVerlag Leipzig GmbH","BuchVerlag Leipzig","Buchwissenschaft, Buchhandel","Verlag","verlagsrelevant",True,True,True,2
"K407","BuchWerkstatt Berlin","Buchwerkstatt Berlin","Buchwissenschaft, Buchhandel",NULL,"verlagsrelevant",NULL,True,True,1
"K408","Bucher Verlag GmbH","Bucher Verlag","Buchwissenschaft, Buchhandel","Verlag","verlagsrelevant",True,True,True,2
"K409","Buchet Chastel",NULL,NULL,NULL,NULL,NULL,False,NULL,0
"K410","Buchhandlung Beim Augarten","Buchhandlung Beim Augarten","Buchwissenschaft, Buchhandel","Buchhandlung","verlagsrelevant",False,True,True,1
"K411","Buchhandlung Grimpe","Buchhandlung Grimpe","Buchwissenschaft, Buchhandel","Buchhandlung","verlagsrelevant",False,True,True,1
"K412","Buchkontor Teltow","Buchkontor Teltow","Buchwissenschaft, Buchhandel",NULL,"verlagsrelevant",NULL,True,True,1
"K413","Buchlader","Buchlader","Buchwissenschaft, Buchhandel",NULL,"verlagsrelevant",NULL,True,True,1
"K414","Buchmodul.ch","Buchmodul.ch, Zumsteg Druck AG","Buchwissenschaft, Buchhandel","Druckerei","verlagsrelevant",False,True,True,1
"K415","Buchschmiede von Dataform Media GmbH",NULL,NULL,"Unternehmen",NULL,False,False,False,0
"K416","Buchverlag Andrea Schmitz",NULL,NULL,"Verlag",NULL,True,False,True,1
"K417","Buchverlag Andrea Stangl",NULL,NULL,"Verlag",NULL,True,False,True,1
"K418","Buchverlag Peter Hellmund",NULL,NULL,"Verlag",NULL,True,False,True,1
"K419","Buchwerk Verlag",NULL,NULL,"Verlag",NULL,True,False,True,1
"K420","Buchwerkstatt","Buchwerkstatt Berlin","Buchwissenschaft, Buchhandel",NULL,"verlagsrelevant",NULL,True,True,1
"K421","Budde-Haus – Soziokulturelles Zentrum Leipzig-Gohlis","Heinrich-Budde-Haus Leipzig","Ortsgebundene Bauwerke",NULL,NULL,NULL,False,NULL,0
"K422","Bund für Dt. Schrift und Sprache","Bund für Deutsche Schrift und Sprache",NULL,NULL,NULL,NULL,False,NULL,0
"K423","Bundesverb. Alphabetisierung und Grundbildung","Bundesverband Alphabetisierung und Grundbildung",NULL,"Verband",NULL,False,False,False,0
"K424","Bundesverband Junger Autoren und Autorinnen e.V.","Bundesverband Junger Autoren und Autorinnen","Literarisches Leben; Arbeit","Verband","verlagsrelevant",False,True,True,1
"K425","Bundesverband junger Autoren und Autorinnen (BVjA)","Bundesverband Junger Autoren und Autorinnen","Literarisches Leben; Arbeit","Verband","verlagsrelevant",False,True,True,1
"K426","Bundeswettbewerbe der Berliner Festspiele",NULL,NULL,NULL,NULL,NULL,False,NULL,0
"K427","Burg Verlag","Burg Verlag (Rehau)","Buchwissenschaft, Buchhandel","Verlag","verlagsrelevant",True,True,True,2
"K428","Burgenländisch-Hianzische Gesellschaft","Burgenländisch Hianzische Gesellschaft Hianzenverein","Buchwissenschaft, Buchhandel","Verein","verlagsrelevant",False,True,True,1
"K429","Burgenwelt Verlag","Burgenwelt Verlag","Buchwissenschaft, Buchhandel","Verlag","verlagsrelevant",True,True,True,2
"K430","Burghügelverl.","BURGHÜGELVERLAG","Buchwissenschaft, Buchhandel","Verlag","verlagsrelevant",True,True,True,2
"K431","Burkana-Verl.","BurkanaVerlag","Buchwissenschaft, Buchhandel","Verlag","verlagsrelevant",True,True,True,2
"K432","Busch Books",NULL,NULL,NULL,NULL,NULL,False,NULL,0
"K433","Butze","Butze Verlag","Buchwissenschaft, Buchhandel","Verlag","verlagsrelevant",True,True,True,2
"K434","Butzon & Bercker","Butzon und Bercker GmbH (Kevelaer)","Buchwissenschaft, Buchhandel; Einzelne Branchen der Industrie und des Handwerks; Papierherstellung, Grafische Technik","Unternehmen","verlagsrelevant",False,True,True,1
"K435","Bvv, Buchvolkverl.",NULL,NULL,"Verlag",NULL,True,False,True,1
"K436","Bächtold",NULL,NULL,NULL,NULL,NULL,False,NULL,0
"K437","Bäßler","hendrik Bäßler verlag","Buchwissenschaft, Buchhandel","Verlag","verlagsrelevant",True,True,True,2
"K438","Böhland & Schremmer Verlag","Dorothea Böhland u. Dr. Michael Schremmer","Buchwissenschaft, Buchhandel",NULL,"verlagsrelevant",NULL,True,True,1
"K439","Böhlau-Verlag","Böhlau-Verlag","Buchwissenschaft, Buchhandel","Verlag","verlagsrelevant",True,True,True,2
"K440","Böhme",NULL,NULL,NULL,NULL,NULL,False,NULL,0
"K441","BördeAutoren e.V.","BördeAutoren",NULL,NULL,NULL,NULL,False,NULL,0
"K442","Bübül Verlag",NULL,NULL,"Verlag",NULL,True,False,True,1
"K1746","Lehr, Jennifer",NULL,NULL,NULL,NULL,NULL,False,NULL,0
"K754","Ed. A","edition a GmbH","Buchwissenschaft, Buchhandel","Verlag","verlagsrelevant",True,True,True,2
"K443","Büchergilde Gutenberg","Büchergilde Gutenberg Verlagsgesellschaft","Buchwissenschaft, Buchhandel; Einzelne Branchen der Industrie und des Handwerks","Verlag","verlagsrelevant",True,True,True,2
"K444","Bücherplantage UG",NULL,NULL,NULL,NULL,NULL,False,NULL,0
"K445","Büchner","Büchner-Verlag","Buchwissenschaft, Buchhandel","Verlag","verlagsrelevant",True,True,True,2
"K446","Büchner-Verlag","Büchner-Verlag","Buchwissenschaft, Buchhandel","Verlag","verlagsrelevant",True,True,True,2
"K447","Büchse der Pandora","Büchse der Pandora Verlags-GmbH","Buchwissenschaft, Buchhandel","Verlag","verlagsrelevant",True,True,True,2
"K448","Bürger- und Heimatverein Barßel e.V.","Bürger- und Heimatverein Barßel",NULL,"Verein",NULL,False,False,False,0
"K449","Bürgerstiftung Düren","Bürgerstiftung Düren",NULL,NULL,NULL,NULL,False,NULL,0
"K450","Büro Wilhelm Verlag","Büro Wilhelm. Verlag","Buchwissenschaft, Buchhandel","Verlag","verlagsrelevant",True,True,True,2
"K452","C&C - Contact & Creation",NULL,NULL,NULL,NULL,NULL,False,NULL,0
"K453","C. Bertelsmann","C.-Bertelsmann-Verlag (München)","Buchwissenschaft, Buchhandel","Verlag","verlagsrelevant",True,True,True,2
"K454","C. M. Brendle Verlag",NULL,NULL,"Verlag",NULL,True,False,True,1
"K455","C. Simon",NULL,NULL,NULL,NULL,NULL,False,NULL,0
"K456","C.-P. Peters",NULL,NULL,NULL,NULL,NULL,False,NULL,0
"K457","C.F. Portmann Verlag","C.F. Portmann Verlag","Buchwissenschaft, Buchhandel","Verlag","verlagsrelevant",True,True,True,2
"K458","C.H. Beck","Verlag C.H. Beck","Buchwissenschaft, Buchhandel","Verlag","verlagsrelevant",True,True,True,2
"K459","C.W. Leske Verlag","C.W. Leske Verlag","Buchwissenschaft, Buchhandel","Verlag","verlagsrelevant",True,True,True,2
"K460","CARDAMINA VERLAG Susanne Breuel","Cardamina Verlag","Buchwissenschaft, Buchhandel","Verlag","verlagsrelevant",True,True,True,2
"K461","CARE Deutschland e.V","CARE Deutschland e.V.","Sozialarbeit, Sozialhilfe","Verein",NULL,False,False,False,0
"K462","CAT creativ + Papierfresserchens MTM-Verlag","Papierfresserchens MTM-Verlag GbR","Buchwissenschaft, Buchhandel","Verlag","verlagsrelevant",True,True,True,2
"K463","CBK-Productions",NULL,NULL,NULL,NULL,NULL,False,NULL,0
"K464","CHORA","CHORA",NULL,NULL,NULL,NULL,False,NULL,0
"K465","CINDIGO","CindigoFilm GmbH","Buchwissenschaft, Buchhandel","Unternehmen","verlagsrelevant",False,True,True,1
"K466","CLIO","Clio","Musik (Allgemeines), Musikgeschichte",NULL,NULL,NULL,False,NULL,0
"K467","CLV, Christliche Literatur-Verbreitung","Christliche Literatur-Verbreitung e.V.","Katechetik, Christliche Erziehung, Kirchliche Bildungsarbeit; Buchwissenschaft, Buchhandel","Verein","verlagsrelevant",False,True,True,1
"K468","CM Medienverlag","CM Medienverlag Inh. Christoph Morré","Buchwissenschaft, Buchhandel","Verlag","verlagsrelevant",True,True,True,2
"K469","CMS Verlagsgesellschaft","CMS Verlagsgesellschaft","Buchwissenschaft, Buchhandel","Verlag","verlagsrelevant",True,True,True,2
"K470","CMZ","CMZ-Verlag und Versandbuchhandlung Winrich C.-W. Clasen","Buchwissenschaft, Buchhandel","Verlag","verlagsrelevant",True,True,True,2
"K471","COD-Verl.",NULL,NULL,"Verlag",NULL,True,False,True,1
"K472","CSV, Verl. Christliche Schriftenverbreitung","Christliche Schriftenverbreitung e.V.","Buchwissenschaft, Buchhandel","Verein","verlagsrelevant",False,True,True,1
"K473","CTM Lesekultur, Christine Reiter",NULL,NULL,NULL,NULL,NULL,False,NULL,0
"K474","CW Niemeyer Buchverlag GmbH","CW Niemeyer Buchverlage GmbH","Buchwissenschaft, Buchhandel","Verlag","verlagsrelevant",True,True,True,2
"K475","Calambac Verlag","Calambac Verlag","Buchwissenschaft, Buchhandel","Verlag","verlagsrelevant",True,True,True,2
"K476","Calderan",NULL,NULL,NULL,NULL,NULL,False,NULL,0
"K477","Callwey","Callwey GmbH","Buchwissenschaft, Buchhandel; Einzelne Branchen der Industrie und des Handwerks","Unternehmen","verlagsrelevant",False,True,True,1
"K478","Calvendo Verlag GmbH","Calvendo Verlag GmbH","Buchwissenschaft, Buchhandel","Verlag","verlagsrelevant",True,True,True,2
"K479","Cameo","Cameo","Musik (Allgemeines), Musikgeschichte",NULL,NULL,NULL,False,NULL,0
"K480","Candela","Candela","Musik (Allgemeines), Musikgeschichte",NULL,NULL,NULL,False,NULL,0
"K481","Caput Musikverlag","Caput Musikverlag Jena","Buchwissenschaft, Buchhandel","Verlag","verlagsrelevant",True,True,True,2
"K482","Caracol Verlag","Caracol Verlag",NULL,"Verlag",NULL,True,False,True,1
"K483","Cardamina-Verl. Breuel","Cardamina Verlag","Buchwissenschaft, Buchhandel","Verlag","verlagsrelevant",True,True,True,2
"K484","Care-Line","Care-Line Verlag","Buchwissenschaft, Buchhandel","Verlag","verlagsrelevant",True,True,True,2
"K485","Carin Müller c/o Die Bücherfee Karina Reiß",NULL,NULL,NULL,NULL,NULL,False,NULL,0
"K486","Carinus Rotlinde c/o autorenglück.de",NULL,NULL,NULL,NULL,NULL,False,NULL,0
"K487","Carl Hanser Verlag","Carl Hanser Verlag","Buchwissenschaft, Buchhandel","Verlag","verlagsrelevant",True,True,True,2
"K488","Carl Schünemann Verlag","Carl Ed. Schünemann KG","Einzelne Branchen der Industrie und des Handwerks; Papierherstellung, Grafische Technik; Buchwissenschaft, Buchhandel","Verlag","verlagsrelevant",True,True,True,2
"K489","Carl Stephenson Verlag","Carl-Stephenson-Verlag (Flensburg)","Einzelne Branchen der Industrie und des Handwerks","Verlag",NULL,True,False,True,1
"K490","Carl-Auer Verlag GmbH","Carl-Auer-Systeme Verlag und Verlagsbuchhandlung GmbH","Buchwissenschaft, Buchhandel","Verlag","verlagsrelevant",True,True,True,2
"K491","Carla Eisfeldt c/o Block Services",NULL,NULL,NULL,NULL,NULL,False,NULL,0
"K492","Carlesso Verlag",NULL,NULL,"Verlag",NULL,True,False,True,1
"K493","Carow Verlag","Carow Verlag Gruppe","Buchwissenschaft, Buchhandel","Verlag","verlagsrelevant",True,True,True,2
"K494","CarpeGusta",NULL,NULL,NULL,NULL,NULL,False,NULL,0
"K495","Cartagena",NULL,NULL,NULL,NULL,NULL,False,NULL,0
"K496","CeS V",NULL,NULL,NULL,NULL,NULL,False,NULL,0
"K497","Celtic Rose","Celtic Rose Verlag Weinmann KG","Buchwissenschaft, Buchhandel","Verlag","verlagsrelevant",True,True,True,2
"K498","Cenarius","cenarius Verlag","Buchwissenschaft, Buchhandel","Verlag","verlagsrelevant",True,True,True,2
"K499","Centre National de Littérature","Centre National de Littérature","Literarisches Leben",NULL,"verlagsrelevant",NULL,True,True,1
"K500","Ch. Möllmann",NULL,NULL,NULL,NULL,NULL,False,NULL,0
"K501","Chaospony Verlag",NULL,NULL,"Verlag",NULL,True,False,True,1
"K1747","Leim",NULL,NULL,NULL,NULL,NULL,False,NULL,0
"K502","Chaotic-Revelry-Verl.","Chaotic Revelry Verlag e.K.","Buchwissenschaft, Buchhandel","Verlag","verlagsrelevant",True,True,True,2
"K503","Charles Verlag","Charles-Verlag","Buchwissenschaft, Buchhandel","Verlag","verlagsrelevant",True,True,True,2
"K504","Chasa Editura Rumantscha","Chasa Editura Rumantscha","Buchwissenschaft, Buchhandel",NULL,"verlagsrelevant",NULL,True,True,1
"K505","Chat Noir","Chat-Noir","Kabarett, Zirkus, Varieté",NULL,NULL,NULL,False,NULL,0
"K506","Chawila","Chawila Verlag","Buchwissenschaft, Buchhandel","Verlag","verlagsrelevant",True,True,True,2
"K507","Cherrytea Verlag",NULL,NULL,"Verlag",NULL,True,False,True,1
"K508","Chiliverlag","chiliverlag","Buchwissenschaft, Buchhandel","Verlag","verlagsrelevant",True,True,True,2
"K509","Chill Media",NULL,NULL,NULL,NULL,NULL,False,NULL,0
"K510","China Fan Verlag",NULL,NULL,"Verlag",NULL,True,False,True,1
"K511","Christel Göttert Verlag",NULL,NULL,"Verlag",NULL,True,False,True,1
"K512","Christliche Schriftenverbreitung","Christliche Schriftenverbreitung e.V.","Buchwissenschaft, Buchhandel","Verein","verlagsrelevant",False,True,True,1
"K513","Christliche Verlagsgesellschaft","Christliche Verlagsgesellschaft mbH","Buchwissenschaft, Buchhandel","Verlag","verlagsrelevant",True,True,True,2
"K514","Christoph Merian Verlag","Christoph Merian Verlag","Buchwissenschaft, Buchhandel","Verlag","verlagsrelevant",True,True,True,2
"K515","Chronos","Chronos Verlag","Buchwissenschaft, Buchhandel","Verlag","verlagsrelevant",True,True,True,2
"K516","CiTi",NULL,NULL,NULL,NULL,NULL,False,NULL,0
"K517","Civitas Imperii Verlag","Ben Berg - Civitas Imperii Verlag","Buchwissenschaft, Buchhandel","Verlag","verlagsrelevant",True,True,True,2
"K518","Claassen","Claassen Verlag","Buchwissenschaft, Buchhandel","Verlag","verlagsrelevant",True,True,True,2
"K519","ClauS-Verl.","ClauS Verlag GmbH","Buchwissenschaft, Buchhandel","Verlag","verlagsrelevant",True,True,True,2
"K520","Claudia Wollny Edition",NULL,NULL,"Verlag",NULL,True,False,True,1
"K521","Claudius",NULL,NULL,NULL,NULL,NULL,False,NULL,0
"K522","Cleya",NULL,NULL,NULL,NULL,NULL,False,NULL,0
"K523","Club der Sinne","Club der Sinne","Buchwissenschaft, Buchhandel","Gemeinschaft","verlagsrelevant",False,True,True,1
"K524","CoCon-Verlag GmbH","CoCon-Verlag","Buchwissenschaft, Buchhandel","Verlag","verlagsrelevant",True,True,True,2
"K525","Cobra Verlag","CoBRa-Verlag",NULL,"Verlag",NULL,True,False,True,1
"K526","Coburger Autorengemeinschaft Schreibsand","Autorengemeinschaft Schreibsand",NULL,"Gemeinschaft",NULL,False,False,False,0
"K527","Codi-Verl.","CODI Verlag","Buchwissenschaft, Buchhandel","Verlag","verlagsrelevant",True,True,True,2
"K528","Cogitare Verlag","Peter Kusel Cogitare Verlag","Buchwissenschaft, Buchhandel","Verlag","verlagsrelevant",True,True,True,2
"K529","Colorama","Colorama Verlagsgesellschaft mbH","Buchwissenschaft, Buchhandel","Verlag","verlagsrelevant",True,True,True,2
"K530","Community Editions",NULL,NULL,"Verlag",NULL,True,False,True,1
"K531","Compact","Compact Verlag GmbH","Buchwissenschaft, Buchhandel","Verlag","verlagsrelevant",True,True,True,2
"K532","Con-Text, Bronisch","Con-Text","Buchwissenschaft, Buchhandel",NULL,"verlagsrelevant",NULL,True,True,1
"K533","Conabru-Verl.","Conabru Verlag","Buchwissenschaft, Buchhandel","Verlag","verlagsrelevant",True,True,True,2
"K534","Concepcion Seidel OHG","concepcion Seidel oHG","Buchwissenschaft, Buchhandel","Unternehmen","verlagsrelevant",False,True,True,1
"K535","Concept Leben, Werbe- und Einkaufsgesellschaft für den konfessionellen Buchhandel mbH",NULL,NULL,"Gemeinschaft",NULL,False,False,False,0
"K536","Connewitzer Verlagsbuchandlung",NULL,NULL,"Verlag",NULL,True,False,True,1
"K537","Conte Verlag","CONTE Verlag GmbH","Buchwissenschaft, Buchhandel","Verlag","verlagsrelevant",True,True,True,2
"K538","Contessa-Verl.","Contessa Verlag Wilfrid Lutz","Buchwissenschaft, Buchhandel","Verlag","verlagsrelevant",True,True,True,2
"K539","ContraPunkt","Contrapunkt","Musik (Allgemeines), Musikgeschichte",NULL,NULL,NULL,False,NULL,0
"K540","Cool-Verl.","Cool Verlag","Buchwissenschaft, Buchhandel","Verlag","verlagsrelevant",True,True,True,2
"K541","Coppenrath","F.-Coppenrath-Verlag (Münster (Westf))",NULL,"Verlag",NULL,True,False,True,1
"K542","Coppenrath Verlag GmbH & Co. KG","F.-Coppenrath-Verlag (Münster (Westf))",NULL,"Verlag",NULL,True,False,True,1
"K543","Copy-us-Verl.-GmbH","copy-us Verlags GmbH","Buchwissenschaft, Buchhandel","Verlag","verlagsrelevant",True,True,True,2
"K544","Cornelia-Goethe-Literaturverl.","Cornelia-Goethe-Literaturverlag (Frankfurt, Main)",NULL,"Verlag",NULL,True,False,True,1
"K545","Cornelsen","Cornelsen Verlag GmbH & Co.","Buchwissenschaft, Buchhandel","Verlag","verlagsrelevant",True,True,True,2
"K546","Corso","Corso","Buchwissenschaft, Buchhandel",NULL,"verlagsrelevant",NULL,True,True,1
"K547","Cortex Unit","Cortex Unit e.K.","Buchwissenschaft, Buchhandel","Unternehmen","verlagsrelevant",False,True,True,1
"K548","Cosmopolitan-Art-Verl.",NULL,NULL,"Verlag",NULL,True,False,True,1
"K549","Cosmos Verlag","Cosmos Verlag","Buchwissenschaft, Buchhandel","Verlag","verlagsrelevant",True,True,True,2
"K550","Crago-Verl.","Crago-Verlag","Buchwissenschaft, Buchhandel","Verlag","verlagsrelevant",True,True,True,2
"K551","Crearta",NULL,NULL,NULL,NULL,NULL,False,NULL,0
"K552","Creastro Verlag","Creastro-Verlag","Buchwissenschaft, Buchhandel","Verlag","verlagsrelevant",True,True,True,2
"K553","CreateSpace Independent Publishing Platform",NULL,NULL,NULL,NULL,NULL,False,NULL,0
"K554","Creativo, Initiationgruppe für Literatur, Wissenschaft und KUnst",NULL,NULL,"Gemeinschaft",NULL,False,False,False,0
"K555","Crespo Foundation","Crespo Foundation","Kultur, Künste allgemein",NULL,NULL,NULL,False,NULL,0
"K556","Cross Cult","Cross Cult (Firma)","Buchwissenschaft, Buchhandel","Unternehmen","verlagsrelevant",False,True,True,1
"K557","Culex-Verl.","Culex Verlag","Buchwissenschaft, Buchhandel","Verlag","verlagsrelevant",True,True,True,2
"K558","CulturTainment",NULL,NULL,NULL,NULL,NULL,False,NULL,0
"K559","Cupido Books","Cupido Verlag","Buchwissenschaft, Buchhandel","Verlag","verlagsrelevant",True,True,True,2
"K560","Cuvillier","Eric Cuvillier (Firma)","Buchwissenschaft, Buchhandel","Unternehmen","verlagsrelevant",False,True,True,1
"K561","Cyber Publishing e-Verlag GmbH","Cyber Publishing e-Verlag GmbH","Buchwissenschaft, Buchhandel","Verlag","verlagsrelevant",True,True,True,2
"K562","Czernin Verlag","Czernin Verlag","Buchwissenschaft, Buchhandel","Verlag","verlagsrelevant",True,True,True,2
"K563","D. Sargon",NULL,NULL,NULL,NULL,NULL,False,NULL,0
"K564","DAS GRAMM e.K.",NULL,NULL,"Unternehmen",NULL,False,False,False,0
"K1748","Leinbergland-Verl.",NULL,NULL,"Verlag",NULL,True,False,True,1
"K565","DAS SYNDIKAT – Autorengruppe deutschsprachige Kriminalliteratur A.I.E.P.",NULL,NULL,"Gemeinschaft",NULL,False,False,False,0
"K566","DCS","DCS","Musik (Allgemeines), Musikgeschichte",NULL,NULL,NULL,False,NULL,0
"K755","Ed. ALFA",NULL,NULL,"Verlag",NULL,True,False,True,1
"K756","Ed. Alpha-Beta-Verl.",NULL,NULL,"Verlag",NULL,True,False,True,1
"K567","DEMMLER VERLAG","Demmler Verlag GmbH","Buchwissenschaft, Buchhandel","Verlag","verlagsrelevant",True,True,True,2
"K568","DG-Eigenverlag",NULL,NULL,"Verlag",NULL,True,False,True,1
"K569","DHBW Mannheim","Duale Hochschule Baden-Württemberg Mannheim","Berufsausbildung; Hochschule","Bildungseinrichtung",NULL,False,False,False,0
"K570","DIWAN","Diwan Verlag","Buchwissenschaft, Buchhandel","Verlag","verlagsrelevant",True,True,True,2
"K571","DIWAN Verlag","Diwan Verlag","Buchwissenschaft, Buchhandel","Verlag","verlagsrelevant",True,True,True,2
"K572","DNMP, Daniel Neumann Medienproduktion",NULL,NULL,NULL,NULL,NULL,False,NULL,0
"K573","DOBU-Verl.","DOBU-Verlag e.K.","Buchwissenschaft, Buchhandel","Verlag","verlagsrelevant",True,True,True,2
"K574","DREIERLEI",NULL,NULL,NULL,NULL,NULL,False,NULL,0
"K575","DRP Rosenkreuz Verlag","DRP Rosenkreuz Verlag GmbH","Buchwissenschaft, Buchhandel","Verlag","verlagsrelevant",True,True,True,2
"K576","DRW-Verl. Weinbrenner, Braun","DRW-Verlag Weinbrenner","Buchwissenschaft, Buchhandel","Verlag","verlagsrelevant",True,True,True,2
"K577","Dabbelju-Verl.","Verlag Dabbelju","Buchwissenschaft, Buchhandel","Verlag","verlagsrelevant",True,True,True,2
"K578","Daedalus Verlag","Daedalus Verlag Joachim Herbst","Buchwissenschaft, Buchhandel","Verlag","verlagsrelevant",True,True,True,2
"K579","Dahlemer Verl.-Anst.","dahlemer verlagsanstalt","Buchwissenschaft, Buchhandel","Verlag","verlagsrelevant",True,True,True,2
"K580","Daidalos DruckWerke","Daidalos DruckWerke","Buchwissenschaft, Buchhandel","Druckerei","verlagsrelevant",False,True,True,1
"K581","Daniel Osthoff Verlag",NULL,NULL,"Verlag",NULL,True,False,True,1
"K582","Daphne Bühner c/o Autorenbetreuung Carole Minn",NULL,NULL,NULL,NULL,NULL,False,NULL,0
"K583","Dark-Empire-Verlag",NULL,NULL,"Verlag",NULL,True,False,True,1
"K584","Das Entlebucher Medienhaus",NULL,NULL,NULL,NULL,NULL,False,NULL,0
"K585","Das Erotische Sekretariat","Cosar, Sascha, u. Alexandra Gentara. Das erotische Sekretariat","Buchwissenschaft, Buchhandel",NULL,"verlagsrelevant",NULL,True,True,1
"K586","Das Goldene Tor","Das goldene Tor (Zeitschrift)","Presse; Literarisches Leben",NULL,"verlagsrelevant",NULL,True,True,1
"K587","Das Neue Berlin","Verlag Das Neue Berlin",NULL,"Verlag",NULL,True,False,True,1
"K588","Das Verlag","Das Verlag",NULL,"Verlag",NULL,True,False,True,1
"K589","Das Wetter – Magazin für Text und Musik","Das Wetter (Zeitschrift)","Literarisches Leben; Presse",NULL,"verlagsrelevant",NULL,True,True,1
"K590","Dağyeli","Dağyeli-Verlag (Frankfurt am Main)",NULL,"Verlag",NULL,True,False,True,1
"K591","Db-Verl.","db-verlag","Buchwissenschaft, Buchhandel","Verlag","verlagsrelevant",True,True,True,2
"K592","De Gruyter","Walter de Gruyter GmbH & Co. KG","Buchwissenschaft, Buchhandel","Unternehmen","verlagsrelevant",False,True,True,1
"K593","DeBehr","Verlag DeBehr","Buchwissenschaft, Buchhandel","Verlag","verlagsrelevant",True,True,True,2
"K594","DeWinter Waldorf Glass",NULL,NULL,NULL,NULL,NULL,False,NULL,0
"K595","Dead-Soft-Verl.","Dead Soft Verlag e. K.","Buchwissenschaft, Buchhandel","Verlag","verlagsrelevant",True,True,True,2
"K596","Debras-Verl.","Debras Verlag","Buchwissenschaft, Buchhandel","Verlag","verlagsrelevant",True,True,True,2
"K597","Dein-Lieblingsbuch Atelier & Verlag",NULL,NULL,"Verlag",NULL,True,False,True,1
"K598","Delta X Verlag e.U.",NULL,NULL,"Verlag",NULL,True,False,True,1
"K599","Deltus","Deltus.de","Buchwissenschaft, Buchhandel",NULL,"verlagsrelevant",NULL,True,True,1
"K600","Demosthenes-Verl.","Demosthenes-Verlag (Köln)","Einzelne Branchen der Industrie und des Handwerks","Verlag",NULL,True,False,True,1
"K601","Dendron","Atelier und Editions Dendron","Buchwissenschaft, Buchhandel","Verlag","verlagsrelevant",True,True,True,2
"K602","Denkmayr","Denkmayr Druck & Verlag GmbH","Buchwissenschaft, Buchhandel","Verlag","verlagsrelevant",True,True,True,2
"K603","Der Doppeldaumenmann c/o Block Services",NULL,NULL,NULL,NULL,NULL,False,NULL,0
"K604","Der Erzählverlag",NULL,NULL,"Verlag",NULL,True,False,True,1
"K605","Der Fabrik Verlag","DER FABRIK VERLAG GmbH","Buchwissenschaft, Buchhandel","Verlag","verlagsrelevant",True,True,True,2
"K606","Der Kleine Buch-Verlag","Der Kleine Buch Verlag","Buchwissenschaft, Buchhandel","Verlag","verlagsrelevant",True,True,True,2
"K607","Der Neue Morgen","Verlag Der Neue Morgen UG & Co. KG","Buchwissenschaft, Buchhandel","Verlag","verlagsrelevant",True,True,True,2
"K608","Der Starke Verl.","Der Starke Verlag","Buchwissenschaft, Buchhandel","Verlag","verlagsrelevant",True,True,True,2
"K609","Der Verlag Dr. Snizek","Der Verlag Dr. Snizek e.U.","Buchwissenschaft, Buchhandel","Verlag","verlagsrelevant",True,True,True,2
"K610","Der Wolf Verlag","der wolf verlag & agentur","Buchwissenschaft, Buchhandel","Verlag","verlagsrelevant",True,True,True,2
"K611","Der gesunde Menschenversand GmbH","Der Gesunde Menschenversand GmbH","Buchwissenschaft, Buchhandel","Unternehmen","verlagsrelevant",False,True,True,1
"K612","Derk Janßen Verlag","Derk Janßen (Firma)","Buchwissenschaft, Buchhandel","Unternehmen","verlagsrelevant",False,True,True,1
"K613","Design Pavoni Verlag","Design Pavoni Verlag","Buchwissenschaft, Buchhandel","Verlag","verlagsrelevant",True,True,True,2
"K614","Deuticke","Deuticke Verlag in Paul Zsolnay Verlag Ges.m.b.H.","Buchwissenschaft, Buchhandel","Verlag","verlagsrelevant",True,True,True,2
"K615","Deutsche Literaturgesellschaft","Deutsche Literaturgesellschaft","Buchwissenschaft, Buchhandel","Gemeinschaft","verlagsrelevant",False,True,True,1
"K616","Deutsche Verlags-Anstalt","Deutsche Verlags-Anstalt","Buchwissenschaft, Buchhandel","Verlag","verlagsrelevant",True,True,True,2
"K617","Deutscher Lyrik Verlag",NULL,NULL,"Verlag",NULL,True,False,True,1
"K618","Deutscher Taschenbuch Verlag","Deutscher Taschenbuch-Verlag (München)","Buchwissenschaft, Buchhandel","Verlag","verlagsrelevant",True,True,True,2
"K619","Deutscher Theaterverlag","Deutscher Theaterverlag","Buchwissenschaft, Buchhandel","Verlag","verlagsrelevant",True,True,True,2
"K620","Dgv, Digitalverl.",NULL,NULL,"Verlag",NULL,True,False,True,1
"K621","Dialog-Edition","Verlag Dialog-Edition","Buchwissenschaft, Buchhandel","Verlag","verlagsrelevant",True,True,True,2
"K622","Dialogverlag","Dialogverlag Presse- und Medien Service GmbH","Buchwissenschaft, Buchhandel","Verlag","verlagsrelevant",True,True,True,2
"K623","Diana TB","Diana TB","Buchwissenschaft, Buchhandel",NULL,"verlagsrelevant",NULL,True,True,1
"K624","Diana-Verl.","Diana Verlag","Buchwissenschaft, Buchhandel","Verlag","verlagsrelevant",True,True,True,2
"K625","Diaphanes","Diaphanes","Buchwissenschaft, Buchhandel",NULL,"verlagsrelevant",NULL,True,True,1
"K626","DichtFest GbR",NULL,NULL,"Unternehmen",NULL,False,False,False,0
"K757","Ed. Andrann","Edition Andrann Elke Hahn","Buchwissenschaft, Buchhandel","Verlag","verlagsrelevant",True,True,True,2
"K627","DichterSchreibenverl.","dichterSchreibenverlag","Buchwissenschaft, Buchhandel","Verlag","verlagsrelevant",True,True,True,2
"K628","Dichterwettstreit deluxe",NULL,NULL,NULL,NULL,NULL,False,NULL,0
"K629","Die 7 Zwerge e.V.",NULL,NULL,"Verein",NULL,False,False,False,0
"K630","Die Andere Bibliothek","AB - Die Andere Bibliothek GmbH & Co. KG","Buchwissenschaft, Buchhandel","Unternehmen","verlagsrelevant",False,True,True,1
"K631","Die Geschichtenfabrik",NULL,NULL,NULL,NULL,NULL,False,NULL,0
"K632","Die Glücksoase",NULL,NULL,NULL,NULL,NULL,False,NULL,0
"K633","Die Gruppe 48 e.V.","Die Gruppe 48",NULL,"Gemeinschaft",NULL,False,False,False,0
"K634","Die Phantasten","Die Chromatischen Phantasten","Musik (Allgemeines), Musikgeschichte",NULL,NULL,NULL,False,NULL,0
"K635","Die Provinz GmbH – Kulturprojekte","Die Provinz GmbH","Buchwissenschaft, Buchhandel","Unternehmen","verlagsrelevant",False,True,True,1
"K636","Die Schatzkiste",NULL,NULL,NULL,NULL,NULL,False,NULL,0
"K637","Die experimenta erscheint bei EDITION MAYA",NULL,NULL,"Verlag",NULL,True,False,True,1
"K638","Die2 Verlag","Die2, Verein für Theater- und Konzertaufführungen und Verbreitung Europäischer Kultur",NULL,"Verein",NULL,False,False,False,0
"K639","Diederichs","Eugen Diederichs Verlag","Buchwissenschaft, Buchhandel","Verlag","verlagsrelevant",True,True,True,2
"K640","Dielmann","Axel Dielmann Verlag","Buchwissenschaft, Buchhandel","Verlag","verlagsrelevant",True,True,True,2
"K641","Dieselstrasse, Kulturzentrum","Kultur- und Kommunikationszentrum (Esslingen am Neckar)",NULL,NULL,NULL,NULL,False,NULL,0
"K642","Dietrich, Gabriella",NULL,NULL,NULL,NULL,NULL,False,NULL,0
"K643","Dietschi","Dietschi AG","Einzelne Branchen der Industrie und des Handwerks; Presse",NULL,NULL,NULL,False,NULL,0
"K644","Digitalreprint","digitalreprint GmbH","Buchwissenschaft, Buchhandel","Unternehmen","verlagsrelevant",False,True,True,1
"K645","Dillmann Verlag",NULL,NULL,"Verlag",NULL,True,False,True,1
"K646","Diogenes","Diogenes Verlag","Buchwissenschaft, Buchhandel","Verlag","verlagsrelevant",True,True,True,2
"K647","Diotima Verlag","Diotima Verlag","Buchwissenschaft, Buchhandel","Verlag","verlagsrelevant",True,True,True,2
"K648","Dirk-Laker-Verlag","Dirk Laker (Firma)","Buchwissenschaft, Buchhandel","Unternehmen","verlagsrelevant",False,True,True,1
"K649","Distillery","Distillery","Buchwissenschaft, Buchhandel",NULL,"verlagsrelevant",NULL,True,True,1
"K650","Dittrich","Dittrich Verlag","Buchwissenschaft, Buchhandel","Verlag","verlagsrelevant",True,True,True,2
"K651","Docupoint-Verlag","docupoint GmbH","Buchwissenschaft, Buchhandel","Unternehmen","verlagsrelevant",False,True,True,1
"K652","Doering",NULL,NULL,NULL,NULL,NULL,False,NULL,0
"K653","Dokumentationsstelle für Neuere Österr. Literatur",NULL,NULL,NULL,NULL,NULL,False,NULL,0
"K654","Dominikanerkloster Prenzlau","Dominikanerkloster Prenzlau - Kulturzentrum und Museum","Liturgik, Frömmigkeit",NULL,NULL,NULL,False,NULL,0
"K655","Dominoplan","DominoPlan (Firma)","Buchwissenschaft, Buchhandel","Unternehmen","verlagsrelevant",False,True,True,1
"K656","Domowina-Verlag","Domowina-Verlag","Buchwissenschaft, Buchhandel","Verlag","verlagsrelevant",True,True,True,2
"K657","Donat Verlag","Helmut Donat Freiherr von Bothmer Donat Verlag","Buchwissenschaft, Buchhandel","Verlag","verlagsrelevant",True,True,True,2
"K658","Donauschwäbische Kulturstiftung","Donauschwäbische Kulturstiftung","Buchwissenschaft, Buchhandel; Kultur, Künste allgemein",NULL,"verlagsrelevant",NULL,True,True,1
"K659","Donny-Stieven-Verl.","Donny Stieven Verlag","Buchwissenschaft, Buchhandel","Verlag","verlagsrelevant",True,True,True,2
"K660","DoplPack","Doplpack Verlag","Buchwissenschaft, Buchhandel","Verlag","verlagsrelevant",True,True,True,2
"K661","Dorante Edition",NULL,NULL,"Verlag",NULL,True,False,True,1
"K662","Dorferneuerungsverein Prigglitz",NULL,NULL,"Verein",NULL,False,False,False,0
"K663","Dorise Verlag","Dorise Verlag","Buchwissenschaft, Buchhandel","Verlag","verlagsrelevant",True,True,True,2
"K664","Dortmund Verlag","Dortmund-Verlag.de","Buchwissenschaft, Buchhandel","Verlag","verlagsrelevant",True,True,True,2
"K665","Dortmunder Buch","Dortmunder Buch Verlag","Buchwissenschaft, Buchhandel","Verlag","verlagsrelevant",True,True,True,2
"K666","Dosse-Verl.","Dosse Verlag","Buchwissenschaft, Buchhandel","Verlag","verlagsrelevant",True,True,True,2
"K667","Dover Publications, Inc.","Dover Publications",NULL,NULL,NULL,NULL,False,NULL,0
"K668","Dr. Constantin Pana Buchverlag",NULL,NULL,"Verlag",NULL,True,False,True,1
"K669","Dr. Gisela Lermann Verlag",NULL,NULL,"Verlag",NULL,True,False,True,1
"K670","Dr. Jürgen Oberle",NULL,NULL,NULL,NULL,NULL,False,NULL,0
"K671","Dr. Martin Bethke Storyvents",NULL,NULL,NULL,NULL,NULL,False,NULL,0
"K672","Dr. Ziethen Verlag","Dr. Harry Ziethen (Firma)","Buchwissenschaft, Buchhandel","Unternehmen","verlagsrelevant",False,True,True,1
"K673","Drachen-Verl.","Drachen Verlag",NULL,"Verlag",NULL,True,False,True,1
"K674","DrachenStern Verlag",NULL,NULL,"Verlag",NULL,True,False,True,1
"K675","Drachenhaus Verlag","Drachenhaus Verlag","Buchwissenschaft, Buchhandel","Verlag","verlagsrelevant",True,True,True,2
"K676","Drachenmond Verlag","Drachenmond Verlag","Buchwissenschaft, Buchhandel","Verlag","verlagsrelevant",True,True,True,2
"K677","Draconis Books",NULL,NULL,NULL,NULL,NULL,False,NULL,0
"K678","Draksal Fachverlag GmbH","Draksal Fachverlag GmbH","Buchwissenschaft, Buchhandel","Verlag","verlagsrelevant",True,True,True,2
"K679","Draufhau-Verl.",NULL,NULL,"Verlag",NULL,True,False,True,1
"K680","Draupadi Verlag","Draupadi Verlag","Buchwissenschaft, Buchhandel","Verlag","verlagsrelevant",True,True,True,2
"K681","Draupadi-Verl.","Draupadi Verlag","Buchwissenschaft, Buchhandel","Verlag","verlagsrelevant",True,True,True,2
"K682","Draupadi-Verlag","Draupadi Verlag","Buchwissenschaft, Buchhandel","Verlag","verlagsrelevant",True,True,True,2
"K683","Drava Verlag","Drava Verlag - Založba Drava GmbH","Buchwissenschaft, Buchhandel","Verlag","verlagsrelevant",True,True,True,2
"K684","Dreambook-Verl.","Dreambook Verlag","Buchwissenschaft, Buchhandel","Verlag","verlagsrelevant",True,True,True,2
"K2632","Storyvents",NULL,NULL,NULL,NULL,NULL,False,NULL,0
"K685","Drei Birken Verlag","Drei Birken Verlag Charlotte Berger","Buchwissenschaft, Buchhandel","Verlag","verlagsrelevant",True,True,True,2
"K686","Drei Kastanien Verlag","Drei Kastanien Verlag","Buchwissenschaft, Buchhandel","Verlag","verlagsrelevant",True,True,True,2
"K687","Drei-Eichen-Verl.","Drei-Eichen-Verlag (München)",NULL,"Verlag",NULL,True,False,True,1
"K688","Drei-Punkte-Verlag","Drei-Punkte-Verlag","Buchwissenschaft, Buchhandel","Verlag","verlagsrelevant",True,True,True,2
"K689","Dresdner Verlag","Dresdner Verlag","Buchwissenschaft, Buchhandel","Verlag","verlagsrelevant",True,True,True,2
"K690","Drey-Verl.","Drey-Verlag","Buchwissenschaft, Buchhandel","Verlag","verlagsrelevant",True,True,True,2
"K691","Driesch Verlag","Driesch Verlag","Buchwissenschaft, Buchhandel","Verlag","verlagsrelevant",True,True,True,2
"K692","Droemer","Droemer Verlag","Buchwissenschaft, Buchhandel","Verlag","verlagsrelevant",True,True,True,2
"K693","Droemer Knaur","Verlagsgruppe Droemer Knaur","Buchwissenschaft, Buchhandel","Verlag","verlagsrelevant",True,True,True,2
"K694","Droemer Taschenbuch","Droemer Taschenbuch","Buchwissenschaft, Buchhandel",NULL,"verlagsrelevant",NULL,True,True,1
"K695","Dromos-Verl.","DROMOS Verlag","Buchwissenschaft, Buchhandel","Verlag","verlagsrelevant",True,True,True,2
"K696","Droste","Droste","Musik (Allgemeines), Musikgeschichte",NULL,NULL,NULL,False,NULL,0
"K697","Druck-Team","DRUCK-TEAM DRUCKGESELLSCHAFT MBH","Buchwissenschaft, Buchhandel","Druckerei","verlagsrelevant",False,True,True,1
"K698","Druckerei Odenwälder",NULL,NULL,"Druckerei",NULL,False,False,False,0
"K699","Druckerpresse-Verlag UG","Druckerpresse-Verlag UG","Buchwissenschaft, Buchhandel","Verlag","verlagsrelevant",True,True,True,2
"K700","Druckmedienzentrum","Druckmedienzentrum Gotha","Buchwissenschaft, Buchhandel","Druckerei","verlagsrelevant",False,True,True,1
"K701","Druckwerkstatt-Kollektiv-Verl.","Druckwerkstatt Kollektiv GmbH","Buchwissenschaft, Buchhandel","Druckerei","verlagsrelevant",False,True,True,1
"K702","Dryas-Verl.","Dryas Verlag","Buchwissenschaft, Buchhandel","Verlag","verlagsrelevant",True,True,True,2
"K703","Dt. Literaturverl.",NULL,NULL,"Verlag",NULL,True,False,True,1
"K704","Dt. Rotes Kreuz, Ortsverein Hameln",NULL,NULL,"Verein",NULL,False,False,False,0
"K705","Dt. Schillerges.","Deutsche Schillergesellschaft","Gruppe, Organisationssoziologie, Interaktion; Literarisches Leben","Gemeinschaft","verlagsrelevant",False,True,True,1
"K706","Dt. Taschenbuch-Verl. 5106842","Deutscher Taschenbuch-Verlag (München)","Buchwissenschaft, Buchhandel","Verlag","verlagsrelevant",True,True,True,2
"K707","DuMont","DuMont Mediengruppe","Presse; Buchwissenschaft, Buchhandel; Rundfunk, Neue Medien","Gemeinschaft","verlagsrelevant",False,True,True,1
"K708","DuMont Buchverlag","DuMont-Buchverlag (Köln)","Buchwissenschaft, Buchhandel","Verlag","verlagsrelevant",True,True,True,2
"K709","Duensing","Marcus Duensing (Firma)","Buchwissenschaft, Buchhandel","Unternehmen","verlagsrelevant",False,True,True,1
"K710","Duktus-Verl.","Duktus-Verlag","Buchwissenschaft, Buchhandel","Verlag","verlagsrelevant",True,True,True,2
"K711","Duncker & Humblot","Duncker & Humblot","Buchwissenschaft, Buchhandel",NULL,"verlagsrelevant",NULL,True,True,1
"K712","Dup","Düsseldorf University Press","Buchwissenschaft, Buchhandel",NULL,"verlagsrelevant",NULL,True,True,1
"K713","Durchblick-Siegen Information und Medien","Durchblick Siegen - Information und Medien e.V.","Buchwissenschaft, Buchhandel","Verein","verlagsrelevant",False,True,True,1
"K714","Dutschke-Verl.",NULL,NULL,"Verlag",NULL,True,False,True,1
"K715","Dörfler","Dörfler Verlag GmbH","Buchwissenschaft, Buchhandel","Verlag","verlagsrelevant",True,True,True,2
"K716","Dörlemann","Dörlemann Verlag","Buchwissenschaft, Buchhandel","Verlag","verlagsrelevant",True,True,True,2
"K717","E. Weber Verlag","E. Weber Verlag GmbH","Buchwissenschaft, Buchhandel","Verlag","verlagsrelevant",True,True,True,2
"K718","EDITION SIGNAThUR","Edition Signathur","Buchwissenschaft, Buchhandel","Verlag","verlagsrelevant",True,True,True,2
"K719","EDITION XXL","EDITION XXL GmbH","Buchwissenschaft, Buchhandel","Verlag","verlagsrelevant",True,True,True,2
"K720","EDITION digital","EDITION digital","Buchwissenschaft, Buchhandel","Verlag","verlagsrelevant",True,True,True,2
"K721","EDITION, S.M.",NULL,NULL,"Verlag",NULL,True,False,True,1
"K722","EDUTAINMENT GmbH, VISUAL",NULL,NULL,"Unternehmen",NULL,False,False,False,0
"K723","ELMAR Verlag",NULL,NULL,"Verlag",NULL,True,False,True,1
"K724","ELV, Eifeler Literaturverlag",NULL,NULL,"Verlag",NULL,True,False,True,1
"K725","ELfA-Verlag",NULL,NULL,"Verlag",NULL,True,False,True,1
"K726","EOS","EOS-Verlag","Katholische Kirche; Buchwissenschaft, Buchhandel","Verlag","verlagsrelevant",True,True,True,2
"K727","EPLA Verlag","Epla-Verlag","Buchwissenschaft, Buchhandel","Verlag","verlagsrelevant",True,True,True,2
"K728","EPV Elektronik-Praktiker-Verlagsgesellschaft mbH","EPV Elektronik-Praktiker-Verlagsgesellschaft (Duderstadt)","Einzelne Branchen der Industrie und des Handwerks","Verlag",NULL,True,False,True,1
"K729","EPV, Elektronik-Praktiker Verl.-Ges.","EPV Elektronik-Praktiker-Verlagsgesellschaft (Duderstadt)","Einzelne Branchen der Industrie und des Handwerks","Verlag",NULL,True,False,True,1
"K730","ERNi Druck und Media AG","Erni Druck und Media AG Verlag zum Hecht","Buchwissenschaft, Buchhandel","Verlag","verlagsrelevant",True,True,True,2
"K731","EROSTEPOST- Verein für Literatur und Literaturzeitschrift",NULL,NULL,"Verein",NULL,False,False,False,0
"K732","ERZDRUCK GmbH",NULL,NULL,"Druckerei",NULL,False,False,False,0
"K733","ETAINA","ETAINA-Verlag","Buchwissenschaft, Buchhandel","Verlag","verlagsrelevant",True,True,True,2
"K734","EU, Ed. Unbuch",NULL,NULL,"Verlag",NULL,True,False,True,1
"K735","EWK-Verl.","EWK-Verlag GmbH","Buchwissenschaft, Buchhandel","Verlag","verlagsrelevant",True,True,True,2
"K736","Easy Readers",NULL,NULL,NULL,NULL,NULL,False,NULL,0
"K737","EasyOriginal Verlag",NULL,NULL,"Verlag",NULL,True,False,True,1
"K738","Eberhard Brunier Verlag",NULL,NULL,"Verlag",NULL,True,False,True,1
"K739","Eberl",NULL,NULL,NULL,NULL,NULL,False,NULL,0
"K740","Ebersbach & Simon",NULL,NULL,NULL,NULL,NULL,False,NULL,0
"K741","Ebner",NULL,NULL,NULL,NULL,NULL,False,NULL,0
"K742","Echomedia-Buchverl.","echomedia buchverlag","Buchwissenschaft, Buchhandel","Verlag","verlagsrelevant",True,True,True,2
"K743","Echter","Echter-Verlag","Buchwissenschaft, Buchhandel","Verlag","verlagsrelevant",True,True,True,2
"K744","Echtzeit-Verl.","Echtzeit Verlag","Buchwissenschaft, Buchhandel","Verlag","verlagsrelevant",True,True,True,2
"K745","Eckelt Consultants GmbH","Eckelt Consultants GmbH","Buchwissenschaft, Buchhandel","Unternehmen","verlagsrelevant",False,True,True,1
"K2941","Verlag Erhard Lemm",NULL,NULL,"Verlag",NULL,True,False,True,1
"K746","Eckermann-Verl.","Eckermann Verlag","Buchwissenschaft, Buchhandel","Verlag","verlagsrelevant",True,True,True,2
"K747","Eckhard Bodner","Bodner Buchhandlung und Vlg.","Buchwissenschaft, Buchhandel","Buchhandlung","verlagsrelevant",False,True,True,1
"K748","Eckhart Schmidt Publishing",NULL,NULL,NULL,NULL,NULL,False,NULL,0
"K749","Eckharts Verlag",NULL,NULL,"Verlag",NULL,True,False,True,1
"K750","Eckhaus Verlag","Eckhaus Verlag",NULL,"Verlag",NULL,True,False,True,1
"K751","Ed.  Büchergilde","Edition Büchergilde GmbH","Buchwissenschaft, Buchhandel","Verlag","verlagsrelevant",True,True,True,2
"K752","Ed. 333",NULL,NULL,"Verlag",NULL,True,False,True,1
"K759","Ed. Art Science","Edition Art Science","Buchwissenschaft, Buchhandel","Verlag","verlagsrelevant",True,True,True,2
"K760","Ed. Atelier","Edition Atelier","Buchwissenschaft, Buchhandel","Verlag","verlagsrelevant",True,True,True,2
"K762","Ed. Auvidarte","Edition Auvidarte","Buchwissenschaft, Buchhandel","Verlag","verlagsrelevant",True,True,True,2
"K763","Ed. Baes","edition baes","Buchwissenschaft, Buchhandel","Verlag","verlagsrelevant",True,True,True,2
"K764","Ed. Binsfeld","com'unity sarl Edition Guy Binsfeld","Buchwissenschaft, Buchhandel","Verlag","verlagsrelevant",True,True,True,2
"K766","Ed. Buchbar",NULL,NULL,"Verlag",NULL,True,False,True,1
"K767","Ed. Buntehunde","edition buntehunde","Buchwissenschaft, Buchhandel","Verlag","verlagsrelevant",True,True,True,2
"K768","Ed. Bärenklau",NULL,NULL,"Verlag",NULL,True,False,True,1
"K769","Ed. Büchergilde","Edition Büchergilde GmbH","Buchwissenschaft, Buchhandel","Verlag","verlagsrelevant",True,True,True,2
"K770","Ed. Ch",NULL,NULL,"Verlag",NULL,True,False,True,1
"K771","Ed. Cultura 3,14",NULL,NULL,"Verlag",NULL,True,False,True,1
"K772","Ed. Diesbach",NULL,NULL,"Verlag",NULL,True,False,True,1
"K773","Ed. Dorante",NULL,NULL,"Verlag",NULL,True,False,True,1
"K774","Ed. Dornbrunnen",NULL,NULL,"Verlag",NULL,True,False,True,1
"K775","Ed. Dudenhöffer",NULL,NULL,"Verlag",NULL,True,False,True,1
"K776","Ed. Ebersbach","Edition Ebersbach","Buchwissenschaft, Buchhandel","Verlag","verlagsrelevant",True,True,True,2
"K777","Ed. Einhorn",NULL,NULL,"Verlag",NULL,True,False,True,1
"K778","Ed. Eizenbergerhof","edition eizenbergerhof","Buchwissenschaft, Buchhandel","Verlag","verlagsrelevant",True,True,True,2
"K779","Ed. Exil","edition exil","Buchwissenschaft, Buchhandel","Verlag","verlagsrelevant",True,True,True,2
"K780","Ed. Fetzer",NULL,NULL,"Verlag",NULL,True,False,True,1
"K781","Ed. Filidor","Edition Filidor","Buchwissenschaft, Buchhandel","Verlag","verlagsrelevant",True,True,True,2
"K782","Ed. Fünf","edition fünf","Buchwissenschaft, Buchhandel","Verlag","verlagsrelevant",True,True,True,2
"K783","Ed. Galerie Vevais",NULL,NULL,"Verlag",NULL,True,False,True,1
"K784","Ed. Gedankenreise",NULL,NULL,"Verlag",NULL,True,False,True,1
"K785","Ed. Gelsen","Edita Gelsen, Verlegender Literaturverein",NULL,"Verein",NULL,False,False,False,0
"K786","Ed. Godewind",NULL,NULL,"Verlag",NULL,True,False,True,1
"K787","Ed. Hartmann, AutorInnenverl.","Edition Hartmann und AutorInnenverlag Bern","Buchwissenschaft, Buchhandel","Verlag","verlagsrelevant",True,True,True,2
"K788","Ed. Howeg","Edition Howeg","Buchwissenschaft, Buchhandel","Verlag","verlagsrelevant",True,True,True,2
"K789","Ed. Hü & Hott","Edition Hü & Hott","Buchwissenschaft, Buchhandel","Verlag","verlagsrelevant",True,True,True,2
"K790","Ed. Hübscher",NULL,NULL,"Verlag",NULL,True,False,True,1
"K791","Ed. Hüne","Edition Hüne","Buchwissenschaft, Buchhandel","Verlag","verlagsrelevant",True,True,True,2
"K792","Ed. Innsalz","edition innsalz Verlags GmbH","Buchwissenschaft, Buchhandel","Verlag","verlagsrelevant",True,True,True,2
"K793","Ed. Isele","Edition Isele (Eggingen, Waldshut)","Buchwissenschaft, Buchhandel","Verlag","verlagsrelevant",True,True,True,2
"K794","Ed. Jera",NULL,NULL,"Verlag",NULL,True,False,True,1
"K795","Ed. K",NULL,NULL,"Verlag",NULL,True,False,True,1
"K796","Ed. Kalliope","Edition Kalliope","Buchwissenschaft, Buchhandel","Verlag","verlagsrelevant",True,True,True,2
"K797","Ed. Keiper","edition keiper","Buchwissenschaft, Buchhandel","Verlag","verlagsrelevant",True,True,True,2
"K798","Ed. Ki","Edition Ki","Buchwissenschaft, Buchhandel","Verlag","verlagsrelevant",True,True,True,2
"K799","Ed. KoCheck","Edition KoCheck","Buchwissenschaft, Buchhandel","Verlag","verlagsrelevant",True,True,True,2
"K800","Ed. Koch",NULL,NULL,"Verlag",NULL,True,False,True,1
"K801","Ed. Kopfsalat",NULL,NULL,"Verlag",NULL,True,False,True,1
"K802","Ed. Köndgen",NULL,NULL,"Verlag",NULL,True,False,True,1
"K803","Ed. Lagarto","Edition Lagarto","Buchwissenschaft, Buchhandel","Verlag","verlagsrelevant",True,True,True,2
"K804","Ed. Lepidoptera",NULL,NULL,"Verlag",NULL,True,False,True,1
"K805","Ed. Leserunde",NULL,NULL,"Verlag",NULL,True,False,True,1
"K806","Ed. Libri Kami",NULL,NULL,"Verlag",NULL,True,False,True,1
"K807","Ed. Litera",NULL,NULL,"Verlag",NULL,True,False,True,1
"K808","Ed. Litera im R.-G.-Fischer-Verl.",NULL,NULL,"Verlag",NULL,True,False,True,1
"K809","Ed. Literaturgarten",NULL,NULL,"Verlag",NULL,True,False,True,1
"K810","Ed. Lithaus","edition lithaus","Buchwissenschaft, Buchhandel","Verlag","verlagsrelevant",True,True,True,2
"K811","Ed. Lumière","edition lumière","Buchwissenschaft, Buchhandel","Verlag","verlagsrelevant",True,True,True,2
"K812","Ed. M","Edition M",NULL,"Verlag",NULL,True,False,True,1
"K813","Ed. M&S","Associazione commercianti ed esercenti Brione s/M",NULL,NULL,NULL,NULL,False,NULL,0
"K814","Ed. Meerauge",NULL,NULL,"Verlag",NULL,True,False,True,1
"K815","Ed. Memoria","edition memoria","Buchwissenschaft, Buchhandel","Verlag","verlagsrelevant",True,True,True,2
"K816","Ed. Mokka","Edition Mokka","Buchwissenschaft, Buchhandel","Verlag","verlagsrelevant",True,True,True,2
"K817","Ed. Musagetes","edition Musagetes","Buchwissenschaft, Buchhandel","Verlag","verlagsrelevant",True,True,True,2
"K818","Ed. Märkische Lebensart","Edition Märkische LebensArt","Buchwissenschaft, Buchhandel","Verlag","verlagsrelevant",True,True,True,2
"K819","Ed. Nachtgänge","Edition Nachtgänge","Buchwissenschaft, Buchhandel","Verlag","verlagsrelevant",True,True,True,2
"K820","Ed. Narrenflug","Edition Narrenflug","Buchwissenschaft, Buchhandel","Verlag","verlagsrelevant",True,True,True,2
"K821","Ed. Noack & Block",NULL,NULL,"Verlag",NULL,True,False,True,1
"K822","Ed. Nord","Edition Nord","Buchwissenschaft, Buchhandel","Verlag","verlagsrelevant",True,True,True,2
"K823","Ed. Nordwindpress","Edition Nordwindpress","Buchwissenschaft, Buchhandel","Verlag","verlagsrelevant",True,True,True,2
"K824","Ed. Nove","edition nove","Buchwissenschaft, Buchhandel","Verlag","verlagsrelevant",True,True,True,2
"K825","Ed. Oberkassel","edition oberkassel","Buchwissenschaft, Buchhandel","Verlag","verlagsrelevant",True,True,True,2
"K826","Ed. Paashaas Verlag","Edition Paashaas Verlag EPV","Buchwissenschaft, Buchhandel","Verlag","verlagsrelevant",True,True,True,2
"K827","Ed. PaperOne","Edition PaperONE","Buchwissenschaft, Buchhandel","Verlag","verlagsrelevant",True,True,True,2
"K828","Ed. Pongratz","Edition Toni Pongratz (Hauzenberg)","Einzelne Branchen der Industrie und des Handwerks","Verlag",NULL,True,False,True,1
"K829","Ed. Prowinzling",NULL,NULL,"Verlag",NULL,True,False,True,1
"K830","Ed. Punktuell","edition punktuell",NULL,"Verlag",NULL,True,False,True,1
"K831","Ed. Pächterhaus",NULL,NULL,"Verlag",NULL,True,False,True,1
"K832","Ed. Rester","editionRester","Buchwissenschaft, Buchhandel","Verlag","verlagsrelevant",True,True,True,2
"K833","Ed. Roter Drache","Edition Roter Drache","Buchwissenschaft, Buchhandel","Verlag","verlagsrelevant",True,True,True,2
"K834","Ed. Rugerup","Nimrod Förlag AB Edition Rugerup","Buchwissenschaft, Buchhandel","Verlag","verlagsrelevant",True,True,True,2
"K835","Ed. SOLAR-X","Edition SOLAR-X","Buchwissenschaft, Buchhandel","Verlag","verlagsrelevant",True,True,True,2
"K836","Ed. Saarländisches Künstlerhaus","Saarländisches Künstlerhaus Saarbrücken","Buchwissenschaft, Buchhandel",NULL,"verlagsrelevant",NULL,True,True,1
"K837","Ed. Schaumberg","Edition Schaumberg","Buchwissenschaft, Buchhandel","Verlag","verlagsrelevant",True,True,True,2
"K838","Ed. Schwarzdr.","Edition Schwarzdruck","Einzelne Branchen der Industrie und des Handwerks","Verlag",NULL,True,False,True,1
"K839","Ed. Signathur","Edition Signathur","Buchwissenschaft, Buchhandel","Verlag","verlagsrelevant",True,True,True,2
"K841","Ed. Sisyphos","Edition Sisyphos","Buchwissenschaft, Buchhandel","Verlag","verlagsrelevant",True,True,True,2
"K842","Ed. Solitär",NULL,NULL,"Verlag",NULL,True,False,True,1
"K843","Ed. Sonnberg","Edition Sonnberg","Buchwissenschaft, Buchhandel","Verlag","verlagsrelevant",True,True,True,2
"K844","Ed. Sonne & Mond","edition sonne und mond Manfred Stangel","Buchwissenschaft, Buchhandel","Verlag","verlagsrelevant",True,True,True,2
"K845","Ed. Splitter","Edition Splitter Galerie Splitter Art","Buchwissenschaft, Buchhandel","Verlag","verlagsrelevant",True,True,True,2
"K846","Ed. Stadtcafé",NULL,NULL,"Verlag",NULL,True,False,True,1
"K847","Ed. Subkultur","edition subkultur","Buchwissenschaft, Buchhandel","Verlag","verlagsrelevant",True,True,True,2
"K848","Ed. Tandem","Edition Tandem","Buchwissenschaft, Buchhandel","Verlag","verlagsrelevant",True,True,True,2
"K849","Ed. Temmen","Edition Temmen","Buchwissenschaft, Buchhandel","Verlag","verlagsrelevant",True,True,True,2
"K850","Ed. Terra",NULL,NULL,"Verlag",NULL,True,False,True,1
"K851","Ed. Text und Media","Edition Text und Media","Buchwissenschaft, Buchhandel","Verlag","verlagsrelevant",True,True,True,2
"K852","Ed. Thaleia","Edition Thaleia - Interessen- und Förderkreis Literatrur und Kunst e.V.","Buchwissenschaft, Buchhandel","Verlag","verlagsrelevant",True,True,True,2
"K853","Ed. Thurnhof","Galerie und Edition Thurnhof","Buchwissenschaft, Buchhandel; Bildende Kunst","Verlag","verlagsrelevant",True,True,True,2
"K854","Ed. Tintenfaß","Edition Tintenfaß","Buchwissenschaft, Buchhandel","Verlag","verlagsrelevant",True,True,True,2
"K855","Ed. Trèves","Éditions Trèves","Buchwissenschaft, Buchhandel; Einzelne Branchen der Industrie und des Handwerks",NULL,"verlagsrelevant",NULL,True,True,1
"K856","Ed. Va Bene","Edition Va Bene","Buchwissenschaft, Buchhandel","Verlag","verlagsrelevant",True,True,True,2
"K857","Ed. Wartenau","EDWE Edition Wartenau GmbH","Buchwissenschaft, Buchhandel","Verlag","verlagsrelevant",True,True,True,2
"K858","Ed. Wendepunkt",NULL,NULL,"Verlag",NULL,True,False,True,1
"K859","Ed. Wilderermuseum",NULL,NULL,"Verlag",NULL,True,False,True,1
"K860","Ed. Winddruck",NULL,NULL,"Verlag",NULL,True,False,True,1
"K861","Ed. Winkler-Hermaden","Edition Winkler-Hermaden","Buchwissenschaft, Buchhandel","Verlag","verlagsrelevant",True,True,True,2
"K862","Ed. Wort","edition Wort","Buchwissenschaft, Buchhandel","Verlag","verlagsrelevant",True,True,True,2
"K863","Ed. Wort Werk",NULL,NULL,"Verlag",NULL,True,False,True,1
"K864","Ed. Zweihorn","edition zweihorn GmbH & Co. KG","Buchwissenschaft, Buchhandel","Verlag","verlagsrelevant",True,True,True,2
"K865","Ed. Zwiefach","Zwiefach Edition","Buchwissenschaft, Buchhandel","Verlag","verlagsrelevant",True,True,True,2
"K866","Ed. Zwischen Wetterstein und Bodensee",NULL,NULL,"Verlag",NULL,True,False,True,1
"K867","Ed. altavilla",NULL,NULL,"Verlag",NULL,True,False,True,1
"K868","Ed. an der Spree","Edition an der Spree","Buchwissenschaft, Buchhandel","Verlag","verlagsrelevant",True,True,True,2
"K869","Ed. artexlibris",NULL,NULL,"Verlag",NULL,True,False,True,1
"K870","Ed. fotoTAPETA","Edition.fotoTAPETA Berlin","Buchwissenschaft, Buchhandel","Verlag","verlagsrelevant",True,True,True,2
"K871","Ed. lex liszt 12","edition lex liszt 12","Buchwissenschaft, Buchhandel","Verlag","verlagsrelevant",True,True,True,2
"K872","Edel","Edel AG","Einzelne Branchen der Industrie und des Handwerks",NULL,NULL,NULL,False,NULL,0
"K873","Eden Books","Eden Books ein Imprint von Edel Germany GmbH","Buchwissenschaft, Buchhandel","Unternehmen","verlagsrelevant",False,True,True,1
"K874","Edika",NULL,NULL,NULL,NULL,NULL,False,NULL,0
"K875","Edita Gelsen","Edita Gelsen, Verlegender Literaturverein",NULL,"Verein",NULL,False,False,False,0
"K876","Edition 6065","Edition 6065","Buchwissenschaft, Buchhandel","Verlag","verlagsrelevant",True,True,True,2
"K877","Edition 8","edition 8","Buchwissenschaft, Buchhandel","Verlag","verlagsrelevant",True,True,True,2
"K878","Edition A.B. Fischer","Edition A.B. Fischer","Buchwissenschaft, Buchhandel","Verlag","verlagsrelevant",True,True,True,2
"K879","Edition AV","Verlag Edition AV","Buchwissenschaft, Buchhandel","Verlag","verlagsrelevant",True,True,True,2
"K880","Edition AVL",NULL,NULL,"Verlag",NULL,True,False,True,1
"K881","Edition AVRA",NULL,NULL,"Verlag",NULL,True,False,True,1
"K882","Edition Abel",NULL,NULL,"Verlag",NULL,True,False,True,1
"K883","Edition Allgäu im Verlag HEPHAISTOS",NULL,NULL,"Verlag",NULL,True,False,True,1
"K884","Edition Altlasten im Schreibgarten bei Lulu",NULL,NULL,"Verlag",NULL,True,False,True,1
"K885","Edition Art Science","Edition Art Science","Buchwissenschaft, Buchhandel","Verlag","verlagsrelevant",True,True,True,2
"K886","Edition Aurum Verlag",NULL,NULL,"Verlag",NULL,True,False,True,1
"K887","Edition Ausblick","Edition Ausblick","Buchwissenschaft, Buchhandel","Verlag","verlagsrelevant",True,True,True,2
"K888","Edition Avra",NULL,NULL,"Verlag",NULL,True,False,True,1
"K889","Edition Baes","edition baes","Buchwissenschaft, Buchhandel","Verlag","verlagsrelevant",True,True,True,2
"K890","Edition Benu",NULL,NULL,"Verlag",NULL,True,False,True,1
"K893","Edition Blaue Feder","Edition Blaue Feder","Buchwissenschaft, Buchhandel","Verlag","verlagsrelevant",True,True,True,2
"K894","Edition Blume","EDITION art-management HAMBURG","Buchwissenschaft, Buchhandel","Verlag","verlagsrelevant",True,True,True,2
"K895","Edition Bücher Beckwermert",NULL,NULL,"Verlag",NULL,True,False,True,1
"K896","Edition Büchergilde","Edition Büchergilde GmbH","Buchwissenschaft, Buchhandel","Verlag","verlagsrelevant",True,True,True,2
"K899","Edition Combes im Verlag Frank de la Porte",NULL,NULL,"Verlag",NULL,True,False,True,1
"K900","Edition Contra-Bass","Edition Contra-Bass UG","Buchwissenschaft, Buchhandel","Verlag","verlagsrelevant",True,True,True,2
"K901","Edition Denzstraße, Frank Osthoff",NULL,NULL,"Verlag",NULL,True,False,True,1
"K902","Edition Dichtungsring","Dichtungsring e.V.",NULL,"Verein",NULL,False,False,False,0
"K903","Edition Dornbrunnen",NULL,NULL,"Verlag",NULL,True,False,True,1
"K904","Edition Dr. Strahalm","Edition Strahalm","Buchwissenschaft, Buchhandel","Verlag","verlagsrelevant",True,True,True,2
"K905","Edition Eigenfarben",NULL,NULL,"Verlag",NULL,True,False,True,1
"K906","Edition Epoca","Edition Epoca","Buchwissenschaft, Buchhandel","Verlag","verlagsrelevant",True,True,True,2
"K907","Edition Exovo",NULL,NULL,"Verlag",NULL,True,False,True,1
"K908","Edition Falkenberg","Edition Falkenberg e.K.","Buchwissenschaft, Buchhandel","Verlag","verlagsrelevant",True,True,True,2
"K909","Edition Faust","Edition Faust in der Faust Kultur GmbH",NULL,"Verlag",NULL,True,False,True,1
"K910","Edition Fichter","H. W. Fichter Kunsthandel","Buchwissenschaft, Buchhandel; Handel einzelner Branchen, Dienstleistung einzelner Branchen; Bildende Kunst",NULL,"verlagsrelevant",NULL,True,True,1
"K911","Edition Flaschenpost","Edition Flaschenpost","Buchwissenschaft, Buchhandel","Verlag","verlagsrelevant",True,True,True,2
"K912","Edition Forsbach","Edition Forsbach","Buchwissenschaft, Buchhandel","Verlag","verlagsrelevant",True,True,True,2
"K913","Edition Freiberg","Edition Heinz Freiberg (Leipzig)",NULL,"Verlag",NULL,True,False,True,1
"K914","Edition Garamond",NULL,NULL,"Verlag",NULL,True,False,True,1
"K915","Edition Geheimes Wissen","Verlag Edition Geheimes Wissen","Buchwissenschaft, Buchhandel","Verlag","verlagsrelevant",True,True,True,2
"K916","Edition Groschengrab",NULL,NULL,"Verlag",NULL,True,False,True,1
"K917","Edition Hamouda","Edition Hamouda","Buchwissenschaft, Buchhandel","Verlag","verlagsrelevant",True,True,True,2
"K918","Edition Heinemann",NULL,NULL,"Verlag",NULL,True,False,True,1
"K919","Edition Irrsee",NULL,NULL,"Verlag",NULL,True,False,True,1
"K920","Edition J.J. Heckenhauer",NULL,NULL,"Verlag",NULL,True,False,True,1
"K921","Edition JP",NULL,NULL,"Verlag",NULL,True,False,True,1
"K922","Edition Jo Strauß",NULL,NULL,"Verlag",NULL,True,False,True,1
"K923","Edition Kalk","Edition Kalk","Buchwissenschaft, Buchhandel","Verlag","verlagsrelevant",True,True,True,2
"K924","Edition Karl H. Pfob",NULL,NULL,"Verlag",NULL,True,False,True,1
"K925","Edition Kinemathek im Ruhrgebiet",NULL,NULL,"Verlag",NULL,True,False,True,1
"K926","Edition Kleine Zeitung",NULL,NULL,"Verlag",NULL,True,False,True,1
"K927","Edition Korrespondenzen","Edition Korrespondenzen","Buchwissenschaft, Buchhandel","Verlag","verlagsrelevant",True,True,True,2
"K928","Edition Krautgarten","edition KRAUTGARTEN","Buchwissenschaft, Buchhandel","Verlag","verlagsrelevant",True,True,True,2
"K929","Edition Kürbis","edition kürbis","Buchwissenschaft, Buchhandel","Verlag","verlagsrelevant",True,True,True,2
"K930","Edition LASENECA",NULL,NULL,"Verlag",NULL,True,False,True,1
"K931","Edition LEU","Edition LEU","Buchwissenschaft, Buchhandel","Verlag","verlagsrelevant",True,True,True,2
"K932","Edition Laurin","Edition Laurin","Buchwissenschaft, Buchhandel","Verlag","verlagsrelevant",True,True,True,2
"K933","Edition Lempertz","Math. Lempertz Edition und Verlagsbuchhandlung","Buchwissenschaft, Buchhandel","Verlag","verlagsrelevant",True,True,True,2
"K934","Edition Lükk Nösens",NULL,NULL,"Verlag",NULL,True,False,True,1
"K935","Edition MOTOR","edition motor","Buchwissenschaft, Buchhandel","Verlag","verlagsrelevant",True,True,True,2
"K936","Edition Marbuelis",NULL,NULL,"Verlag",NULL,True,False,True,1
"K937","Edition Maulhelden","Edition Maulhelden",NULL,"Verlag",NULL,True,False,True,1
"K938","Edition Michel Forêt",NULL,NULL,"Verlag",NULL,True,False,True,1
"K939","Edition Miromente",NULL,NULL,"Verlag",NULL,True,False,True,1
"K940","Edition Monhardt",NULL,NULL,"Verlag",NULL,True,False,True,1
"K941","Edition Märkische Reisebilder","Edition Märkische Reisebilder","Buchwissenschaft, Buchhandel","Verlag","verlagsrelevant",True,True,True,2
"K942","Edition NarrARE",NULL,NULL,"Verlag",NULL,True,False,True,1
"K943","Edition Nautilus","Edition Nautilus","Buchwissenschaft, Buchhandel","Verlag","verlagsrelevant",True,True,True,2
"K944","Edition Octopus","Edition Octopus & Okeanos Presse","Buchwissenschaft, Buchhandel","Verlag","verlagsrelevant",True,True,True,2
"K945","Edition Osiris MIC GmbH",NULL,NULL,"Verlag",NULL,True,False,True,1
"K946","Edition Outbird","Edition Outbird","Buchwissenschaft, Buchhandel","Verlag","verlagsrelevant",True,True,True,2
"K947","Edition Pauer",NULL,NULL,"Verlag",NULL,True,False,True,1
"K948","Edition Pommern","Edition Pommern","Buchwissenschaft, Buchhandel","Verlag","verlagsrelevant",True,True,True,2
"K949","Edition QVV",NULL,NULL,"Verlag",NULL,True,False,True,1
"K950","Edition Raetia","Edition Raetia GmbH","Buchwissenschaft, Buchhandel","Verlag","verlagsrelevant",True,True,True,2
"K951","Edition Regensburg",NULL,NULL,"Verlag",NULL,True,False,True,1
"K952","Edition Region + Geschichte",NULL,NULL,"Verlag",NULL,True,False,True,1
"K953","Edition Reichlin",NULL,NULL,"Verlag",NULL,True,False,True,1
"K954","Edition Roesner","EDITION ROESNER","Buchwissenschaft, Buchhandel","Verlag","verlagsrelevant",True,True,True,2
"K955","Edition SOLAR-X","Edition SOLAR-X","Buchwissenschaft, Buchhandel","Verlag","verlagsrelevant",True,True,True,2
"K956","Edition Schlitzohr","Edition Schlitzohr","Buchwissenschaft, Buchhandel","Verlag","verlagsrelevant",True,True,True,2
"K957","Edition Schreibkraft, Graz","edition schreibkraft","Buchwissenschaft, Buchhandel","Verlag","verlagsrelevant",True,True,True,2
"K958","Edition Sprach-Los",NULL,NULL,"Verlag",NULL,True,False,True,1
"K959","Edition Spörlstein",NULL,NULL,"Verlag",NULL,True,False,True,1
"K960","Edition Staub",NULL,NULL,"Verlag",NULL,True,False,True,1
"K961","Edition TIAMAT","Edition Tiamat Klaus Bittermann","Einzelne Branchen der Industrie und des Handwerks; Buchwissenschaft, Buchhandel","Verlag","verlagsrelevant",True,True,True,2
"K962","Edition Thomas Seng in der Werkstattgalerie & Verlag",NULL,NULL,"Verlag",NULL,True,False,True,1
"K963","Edition Thurnhof","Galerie und Edition Thurnhof","Buchwissenschaft, Buchhandel; Bildende Kunst","Verlag","verlagsrelevant",True,True,True,2
"K964","Edition Tintenfass","Edition Tintenfaß","Buchwissenschaft, Buchhandel","Verlag","verlagsrelevant",True,True,True,2
"K965","Edition Tirol","Edition Tirol Martin Reiter","Buchwissenschaft, Buchhandel","Verlag","verlagsrelevant",True,True,True,2
"K966","Edition Trailer Spot",NULL,NULL,"Verlag",NULL,True,False,True,1
"K967","Edition Töpfl",NULL,NULL,"Verlag",NULL,True,False,True,1
"K968","Edition Virgines","Edition Virgines","Buchwissenschaft, Buchhandel","Verlag","verlagsrelevant",True,True,True,2
"K969","Edition Vorgelweide",NULL,NULL,"Verlag",NULL,True,False,True,1
"K970","Edition W",NULL,NULL,"Verlag",NULL,True,False,True,1
"K971","Edition Wasserburg",NULL,NULL,"Verlag",NULL,True,False,True,1
"K972","Edition Weinviertel / Edition Neue Wege / Regionalverlag.at","Edition Weinviertel","Buchwissenschaft, Buchhandel","Verlag","verlagsrelevant",True,True,True,2
"K973","Edition Weserhaus",NULL,NULL,"Verlag",NULL,True,False,True,1
"K974","Edition Widar",NULL,NULL,"Verlag",NULL,True,False,True,1
"K975","Edition Winterwork","Edition Winterwork","Buchwissenschaft, Buchhandel","Verlag","verlagsrelevant",True,True,True,2
"K976","Edition Wittchen",NULL,NULL,"Verlag",NULL,True,False,True,1
"K977","Edition Wundergrün",NULL,NULL,"Verlag",NULL,True,False,True,1
"K978","Edition Zeitblende",NULL,NULL,"Verlag",NULL,True,False,True,1
"K979","Edition anderswo",NULL,NULL,"Verlag",NULL,True,False,True,1
"K980","Edition fabrik.transit","Literatur- und Kunstverein fabrik.transit",NULL,"Verein",NULL,False,False,False,0
"K981","Edition soziologie heute",NULL,NULL,"Verlag",NULL,True,False,True,1
"K982","Edition, Althea S.M.",NULL,NULL,"Verlag",NULL,True,False,True,1
"K983","Edition, Trio Infernale",NULL,NULL,"Verlag",NULL,True,False,True,1
"K984","EditionArtScience",NULL,NULL,"Verlag",NULL,True,False,True,1
"K985","Editionnova",NULL,NULL,"Verlag",NULL,True,False,True,1
"K986","Editions Leonis",NULL,NULL,"Verlag",NULL,True,False,True,1
"K987","Editora Girabrasil",NULL,NULL,NULL,NULL,NULL,False,NULL,0
"K988","Effecteve-Verl.","Effecteve Verlag e.K.","Buchwissenschaft, Buchhandel","Verlag","verlagsrelevant",True,True,True,2
"K989","Effekt! - Buchverlag",NULL,NULL,"Verlag",NULL,True,False,True,1
"K990","Ehe Familie Buch","Ehe Familie Buch Maria Büchsenmeister","Buchwissenschaft, Buchhandel",NULL,"verlagsrelevant",NULL,True,True,1
"K991","Ehrenberg-Verl.","Huter & Klimesch GmbH Ehrenberg Verlag","Buchwissenschaft, Buchhandel","Verlag","verlagsrelevant",True,True,True,2
"K992","Eichborn","Eichborn-Verlag","Buchwissenschaft, Buchhandel","Verlag","verlagsrelevant",True,True,True,2
"K993","Eichenspinner Verlag","Eichenspinner Verlag","Buchwissenschaft, Buchhandel","Verlag","verlagsrelevant",True,True,True,2
"K994","Eifelbildverlag","Eifelbildverlag","Buchwissenschaft, Buchhandel","Verlag","verlagsrelevant",True,True,True,2
"K995","Eigen-Verlag, J.-C. Sermond",NULL,NULL,"Verlag",NULL,True,False,True,1
"K996","Eigenart-Verlag","eigenART Verlag","Buchwissenschaft, Buchhandel","Verlag","verlagsrelevant",True,True,True,2
"K997","Eigenverlag","Eigenverlag","Buchwissenschaft, Buchhandel","Verlag","verlagsrelevant",True,True,True,2
"K998","Eigenverlag (Kindle Direct Publishing)",NULL,NULL,"Verlag",NULL,True,False,True,1
"K999","Eigenverlag Bernd Michael Hanel",NULL,NULL,"Verlag",NULL,True,False,True,1
"K1000","Eigenverlag Karl Mader",NULL,NULL,"Verlag",NULL,True,False,True,1
"K1001","Eigenverlag Manfred Strolz",NULL,NULL,"Verlag",NULL,True,False,True,1
"K1002","Eigenverlag Max und Ruth Künzi-Frauchiger",NULL,NULL,"Verlag",NULL,True,False,True,1
"K1003","Eigenverlag Micha Fuchs",NULL,NULL,"Verlag",NULL,True,False,True,1
"K1004","Eigenverlag Rolf Barkhorn",NULL,NULL,"Verlag",NULL,True,False,True,1
"K1005","Eigenverlag S. Philipp",NULL,NULL,"Verlag",NULL,True,False,True,1
"K1006","Eigenverlag Wolfgang Domma",NULL,NULL,"Verlag",NULL,True,False,True,1
"K1007","Eigenverlag-Liweitari Publishing",NULL,NULL,"Verlag",NULL,True,False,True,1
"K1008","Einbuch Buch- und Literaturverlag","EINBUCH Buch- und Literaturverlag Leipzig","Buchwissenschaft, Buchhandel","Verlag","verlagsrelevant",True,True,True,2
"K1009","Einfach Lesen","Verlag Einfach Lesen","Buchwissenschaft, Buchhandel","Verlag","verlagsrelevant",True,True,True,2
"K1010","Einhorn Verlag","Einhorn-Verlag (Schwäbisch Gmünd)","Buchwissenschaft, Buchhandel","Verlag","verlagsrelevant",True,True,True,2
"K1011","Eire Verlag","Eire Verlag","Buchwissenschaft, Buchhandel","Verlag","verlagsrelevant",True,True,True,2
"K1012","Eisenhut-Verl.","Eisenhut Verlag","Buchwissenschaft, Buchhandel","Verlag","verlagsrelevant",True,True,True,2
"K1013","El Faro Verlag","El Faro Verlag","Buchwissenschaft, Buchhandel","Verlag","verlagsrelevant",True,True,True,2
"K1014","ElIbiary",NULL,NULL,NULL,NULL,NULL,False,NULL,0
"K1015","Elbaol Verlag","elbaol verlag hamburg","Buchwissenschaft, Buchhandel","Verlag","verlagsrelevant",True,True,True,2
"K1016","Elbufer Verlag","Elbufer Verlag UG (haftungsbeschränkt)","Buchwissenschaft, Buchhandel","Verlag","verlagsrelevant",True,True,True,2
"K1017","Elbverlag","Elbverlag Magdeburg","Buchwissenschaft, Buchhandel","Verlag","verlagsrelevant",True,True,True,2
"K1018","Eldur Verlag","Eldur-Verlag","Buchwissenschaft, Buchhandel","Verlag","verlagsrelevant",True,True,True,2
"K1019","Elf-Uhr-Verl.","Elf Uhr Verlag","Buchwissenschaft, Buchhandel","Verlag","verlagsrelevant",True,True,True,2
"K1020","Elfenbein","Elfenbein Verlag","Buchwissenschaft, Buchhandel","Verlag","verlagsrelevant",True,True,True,2
"K1021","Elif Verlag","Elif Verlag","Buchwissenschaft, Buchhandel","Verlag","verlagsrelevant",True,True,True,2
"K1022","Eligia Goroncy Verlag","Eligia Goroncy Verlag","Buchwissenschaft, Buchhandel","Verlag","verlagsrelevant",True,True,True,2
"K1023","Ellert & Richter Verlag","Ellert & Richter Verlag","Buchwissenschaft, Buchhandel","Verlag","verlagsrelevant",True,True,True,2
"K1024","Ellie Harding c/o Steffen TextArt",NULL,NULL,NULL,NULL,NULL,False,NULL,0
"K1025","Elmar Langenbacher Verlag",NULL,NULL,"Verlag",NULL,True,False,True,1
"K1026","Elsengold","Elsengold Verlag","Buchwissenschaft, Buchhandel","Verlag","verlagsrelevant",True,True,True,2
"K1027","Elsinor Verlag","Elsinor Verlag","Buchwissenschaft, Buchhandel","Verlag","verlagsrelevant",True,True,True,2
"K1028","Elster Verlag","Elster-Verlag (Baden-Baden)",NULL,"Verlag",NULL,True,False,True,1
"K1029","Elvea Verlag","Elvea Verlag","Buchwissenschaft, Buchhandel","Verlag","verlagsrelevant",True,True,True,2
"K1030","Elysion Books","Elysion-Books","Buchwissenschaft, Buchhandel",NULL,"verlagsrelevant",NULL,True,True,1
"K1031","Em Huisken Musik und Wort",NULL,NULL,NULL,NULL,NULL,False,NULL,0
"K1032","Emmerich Books & Media",NULL,NULL,NULL,NULL,NULL,False,NULL,0
"K1033","Emons Verlag","Emons Verlag","Buchwissenschaft, Buchhandel","Verlag","verlagsrelevant",True,True,True,2
"K1034","Endres-Editionshaus",NULL,NULL,"Verlag",NULL,True,False,True,1
"K1035","Engeler Verlag","Urs Engeler (Firma)","Buchwissenschaft, Buchhandel","Unternehmen","verlagsrelevant",False,True,True,1
"K2942","Verlag Ernst Vögel","Verlag Ernst Vogel (Basel)",NULL,"Verlag",NULL,True,False,True,1
"K1036","Engelportal-Verl.","Engelportal Verlag","Buchwissenschaft, Buchhandel","Verlag","verlagsrelevant",True,True,True,2
"K1037","Engelsdorfer Verlag","Engelsdorfer Verlag","Buchwissenschaft, Buchhandel","Verlag","verlagsrelevant",True,True,True,2
"K1038","Engstler","Verlag Peter Engstler","Buchwissenschaft, Buchhandel","Verlag","verlagsrelevant",True,True,True,2
"K1039","Ennsthaler","Ennsthaler Verlag","Buchwissenschaft, Buchhandel","Verlag","verlagsrelevant",True,True,True,2
"K1041","Epospresse-Verl.","epospresse Verlag","Buchwissenschaft, Buchhandel","Verlag","verlagsrelevant",True,True,True,2
"K1042","Eppe","EPPE, Verlag und Offsetdruck, GmbH. Abt. Verlag","Buchwissenschaft, Buchhandel","Verlag","verlagsrelevant",True,True,True,2
"K1043","Epubli","epubli GmbH","Buchwissenschaft, Buchhandel","Unternehmen","verlagsrelevant",False,True,True,1
"K1044","Erata-Literaturverl.","Edition Erata",NULL,"Verlag",NULL,True,False,True,1
"K1045","Erfurter Herbstlese e.V.","Erfurter Herbstlese (Erfurt)","Literarisches Leben",NULL,"verlagsrelevant",NULL,True,True,1
"K1046","Ergon","Ergon-Verlag","Buchwissenschaft, Buchhandel","Verlag","verlagsrelevant",True,True,True,2
"K1047","Ergon-Verl.","Ergon-Verlag","Buchwissenschaft, Buchhandel","Verlag","verlagsrelevant",True,True,True,2
"K1048","Erich Weiß Verlag","Erich Weiß Verlag","Buchwissenschaft, Buchhandel","Verlag","verlagsrelevant",True,True,True,2
"K1049","Eridanus Verlag",NULL,NULL,"Verlag",NULL,True,False,True,1
"K1050","Erika Hörzer",NULL,NULL,NULL,NULL,NULL,False,NULL,0
"K1051","Ernst Reinhardt Verlag","Ernst Reinhardt Verlag","Buchwissenschaft, Buchhandel","Verlag","verlagsrelevant",True,True,True,2
"K1052","Ernst-Moritz-Arndt-Gymnasium","Ernst-Moritz-Arndt-Gymnasium Bergen","Schule","Bildungseinrichtung",NULL,False,False,False,0
"K1053","Esch Verlag","Esch Verlag","Buchwissenschaft, Buchhandel","Verlag","verlagsrelevant",True,True,True,2
"K1054","Espenlaub-Verl.",NULL,NULL,"Verlag",NULL,True,False,True,1
"K1055","Espero-Verlag","Espero-Verlag","Buchwissenschaft, Buchhandel","Verlag","verlagsrelevant",True,True,True,2
"K1056","Esras.net","Esras.net","Buchwissenschaft, Buchhandel",NULL,"verlagsrelevant",NULL,True,True,1
"K1057","Ess","Verlag Matthias Ess e.K.","Buchwissenschaft, Buchhandel","Verlag","verlagsrelevant",True,True,True,2
"K1058","Esslinger",NULL,NULL,NULL,NULL,NULL,False,NULL,0
"K1059","Etaina","ETAINA-Verlag","Buchwissenschaft, Buchhandel","Verlag","verlagsrelevant",True,True,True,2
"K1060","Etaina-Verl.","ETAINA-Verlag","Buchwissenschaft, Buchhandel","Verlag","verlagsrelevant",True,True,True,2
"K1061","Eulenspiegel Verlag","Eulenspiegel-Verlag","Buchwissenschaft, Buchhandel","Verlag","verlagsrelevant",True,True,True,2
"K1062","Europ. Univ.-Verl.","Europäischer Universitätsverlag GmbH","Buchwissenschaft, Buchhandel","Verlag","verlagsrelevant",True,True,True,2
"K1063","Europa Buch",NULL,NULL,NULL,NULL,NULL,False,NULL,0
"K1064","Europa Verlagsgruppe",NULL,NULL,"Verlag",NULL,True,False,True,1
"K1065","Europäischer Hochschulverlag",NULL,NULL,"Verlag",NULL,True,False,True,1
"K1066","Europäischer Literaturverlag","Europäischer Literaturverlag","Buchwissenschaft, Buchhandel","Verlag","verlagsrelevant",True,True,True,2
"K1067","Europäischer Universitätsverlag","Europäischer Universitätsverlag GmbH","Buchwissenschaft, Buchhandel","Verlag","verlagsrelevant",True,True,True,2
"K1068","Evang. Ges.",NULL,NULL,NULL,NULL,NULL,False,NULL,0
"K1069","Evangelische Verlagsanstalt","Evangelische Verlagsanstalt","Einzelne Branchen der Industrie und des Handwerks; Buchwissenschaft, Buchhandel","Verlag","verlagsrelevant",True,True,True,2
"K1070","Evangelischer Presseverband","Evangelischer Presseverband in Österreich","Buchwissenschaft, Buchhandel","Verband","verlagsrelevant",False,True,True,1
"K1071","Even Terms Press",NULL,NULL,NULL,NULL,NULL,False,NULL,0
"K1072","Exchange and Dialogue",NULL,NULL,NULL,NULL,NULL,False,NULL,0
"K1073","F.W. Becker GmbH","F.W. Becker GmbH","Buchwissenschaft, Buchhandel","Unternehmen","verlagsrelevant",False,True,True,1
"K1074","FABW Verlag",NULL,NULL,"Verlag",NULL,True,False,True,1
"K1075","FAW-Verlag","FAW-Verlag","Buchwissenschaft, Buchhandel","Verlag","verlagsrelevant",True,True,True,2
"K1076","FELiCiTARiS","FELiCiTARiS",NULL,NULL,NULL,NULL,False,NULL,0
"K1077","FH Joanneum, Studiengang Informationsdesign","FH JOANNEUM Gesellschaft. Studiengang Informationsdesign",NULL,"Gemeinschaft",NULL,False,False,False,0
"K1078","FHL-Taschenbuch-Verl.","FHL-Taschenbuchverlag","Buchwissenschaft, Buchhandel","Verlag","verlagsrelevant",True,True,True,2
"K1079","FRED & OTTO - Der Hundeverlag","FRED & OTTO - Der Hundeverlag","Buchwissenschaft, Buchhandel","Verlag","verlagsrelevant",True,True,True,2
"K1080","FV, FahnauerVerlag",NULL,NULL,"Verlag",NULL,True,False,True,1
"K1081","Faber & Faber","Faber & Faber Verlag","Buchwissenschaft, Buchhandel","Verlag","verlagsrelevant",True,True,True,2
"K1082","Fabuloso Verlag","Fabuloso Verlag","Buchwissenschaft, Buchhandel","Verlag","verlagsrelevant",True,True,True,2
"K1083","Fabylon","Fabylon-Verlag","Buchwissenschaft, Buchhandel","Verlag","verlagsrelevant",True,True,True,2
"K1084","Factum Coloniae",NULL,NULL,NULL,NULL,NULL,False,NULL,0
"K1085","Facultas","Facultas Universitätsverlag (Wien)",NULL,"Verlag",NULL,True,False,True,1
"K1086","Fagulon-Verlag","FAGULON-Verlag","Buchwissenschaft, Buchhandel","Verlag","verlagsrelevant",True,True,True,2
"K1087","Fahner","Verlag Hans Fahner GmbH & Co. KG","Buchwissenschaft, Buchhandel","Verlag","verlagsrelevant",True,True,True,2
"K1088","Fakriro GbR",NULL,NULL,"Unternehmen",NULL,False,False,False,0
"K1089","Fantastic Shades","fantastic shades","Buchwissenschaft, Buchhandel",NULL,"verlagsrelevant",NULL,True,True,1
"K1090","Fantasy-Welt-Zone-Verl.",NULL,NULL,"Verlag",NULL,True,False,True,1
"K1091","Faro","FARO Verlag","Buchwissenschaft, Buchhandel","Verlag","verlagsrelevant",True,True,True,2
"K1092","Fechner-Sabo","Sigrid Fechner-Sabo (Firma)","Buchwissenschaft, Buchhandel","Unternehmen","verlagsrelevant",False,True,True,1
"K1093","Feder & Schwert","Feder & Schwert GmbH","Buchwissenschaft, Buchhandel","Unternehmen","verlagsrelevant",False,True,True,1
"K1094","Feder-Ed.",NULL,NULL,"Verlag",NULL,True,False,True,1
"K1095","Federblau-Verl.",NULL,NULL,"Verlag",NULL,True,False,True,1
"K1096","Federfrei","Verlag Federfrei","Buchwissenschaft, Buchhandel","Verlag","verlagsrelevant",True,True,True,2
"K1097","Fehnland Verlag",NULL,NULL,"Verlag",NULL,True,False,True,1
"K1098","Feiyr",NULL,NULL,NULL,NULL,NULL,False,NULL,0
"K1099","Fel!x","FEL",NULL,NULL,NULL,NULL,False,NULL,0
"K1100","Feldhaus Verlag GmbH & Co. KG","FELDHAUS VERLAG GmbH & Co. KG","Buchwissenschaft, Buchhandel","Verlag","verlagsrelevant",True,True,True,2
"K1102","Festa","Festa Verlag","Buchwissenschaft, Buchhandel","Verlag","verlagsrelevant",True,True,True,2
"K1103","Feuertanz-Verlag",NULL,NULL,"Verlag",NULL,True,False,True,1
"K1104","Filidor-Verl.","Edition Filidor","Buchwissenschaft, Buchhandel","Verlag","verlagsrelevant",True,True,True,2
"K1105","Fink","Kunstverlag Josef Fink","Buchwissenschaft, Buchhandel; Bildende Kunst","Verlag","verlagsrelevant",True,True,True,2
"K1107","First-Minute-Taschenbuchverl.",NULL,NULL,"Verlag",NULL,True,False,True,1
"K1108","Fischer Digital",NULL,NULL,NULL,NULL,NULL,False,NULL,0
"K1109","Fischer Krüger","FISCHER Krüger","Buchwissenschaft, Buchhandel",NULL,"verlagsrelevant",NULL,True,True,1
"K1111","Fischer Verlag","Karin-Fischer-Verlag","Einzelne Branchen der Industrie und des Handwerks; Buchwissenschaft, Buchhandel","Verlag","verlagsrelevant",True,True,True,2
"K1112","Fischer-&-Fischer-Medien","FISCHER Medien- und Verlagsgesellschaft","Buchwissenschaft, Buchhandel","Verlag","verlagsrelevant",True,True,True,2
"K1113","Fischerinsel-Eigenverl.",NULL,NULL,"Verlag",NULL,True,False,True,1
"K1114","Fischern",NULL,NULL,NULL,NULL,NULL,False,NULL,0
"K1115","Flying Grandpa",NULL,NULL,NULL,NULL,NULL,False,NULL,0
"K1116","Fohrmann Verlag",NULL,NULL,"Verlag",NULL,True,False,True,1
"K1117","Folio Verlag","Folio-Verlag","Buchwissenschaft, Buchhandel","Verlag","verlagsrelevant",True,True,True,2
"K1118","Fondation Servais pour la littérature luxembourgeoise","Fondation Servais pour la Littérature Luxembourgeoise",NULL,NULL,NULL,NULL,False,NULL,0
"K1119","Fontaine Verlag","Fontaine Verlag","Buchwissenschaft, Buchhandel","Verlag","verlagsrelevant",True,True,True,2
"K1120","Fontana Edizioni","Fontana edizioni",NULL,NULL,NULL,NULL,False,NULL,0
"K1121","Fontis","Fontis AG",NULL,NULL,NULL,NULL,False,NULL,0
"K1122","Format","FORMAT Druckerei & Verlagsgesellschaft mbH","Buchwissenschaft, Buchhandel","Verlag","verlagsrelevant",True,True,True,2
"K1123","Format Druckerei & Verlagsgesellschaft mbH","FORMAT Druckerei & Verlagsgesellschaft mbH","Buchwissenschaft, Buchhandel","Verlag","verlagsrelevant",True,True,True,2
"K1124","Forum Gundernhausen","Forum Gundernhausen",NULL,"Gemeinschaft",NULL,False,False,False,0
"K1125","Forum Stadtkirche Wunstorf","Forum Stadtkirche Wunstorf",NULL,"Gemeinschaft",NULL,False,False,False,0
"K1126","Forumhelden GmbH",NULL,NULL,"Gemeinschaft",NULL,False,False,False,0
"K1127","Fotolia","Fotolia Deutschland","Einzelne Branchen der Industrie und des Handwerks",NULL,NULL,NULL,False,NULL,0
"K1128","Fouqué-Literaturverl.","Fouqué Literaturverlag",NULL,"Verlag",NULL,True,False,True,1
"K1129","Francke",NULL,NULL,NULL,NULL,NULL,False,NULL,0
"K1130","Frank",NULL,NULL,NULL,NULL,NULL,False,NULL,0
"K1131","Franke Verlag",NULL,NULL,"Verlag",NULL,True,False,True,1
"K1132","Frankfurter Allg.  Buch","Frankfurter Allgemeine Buch","Buchwissenschaft, Buchhandel",NULL,"verlagsrelevant",NULL,True,True,1
"K1133","Frankfurter Literaturverlag","Frankfurter Literaturverlag (Frankfurt, Main)","Buchwissenschaft, Buchhandel; Einzelne Branchen der Industrie und des Handwerks","Verlag","verlagsrelevant",True,True,True,2
"K1134","Frankfurter Societäts-Medien","Frankfurter Societäts-Medien GmbH","Buchwissenschaft, Buchhandel","Unternehmen","verlagsrelevant",False,True,True,1
"K1135","Frankfurter Verl.-Anst.","Frankfurter Verlags-Anstalt","Buchwissenschaft, Buchhandel; Einzelne Branchen der Industrie und des Handwerks","Verlag","verlagsrelevant",True,True,True,2
"K1136","Franz Greno","Greno-Verlagsgesellschaft","Buchwissenschaft, Buchhandel","Verlag","verlagsrelevant",True,True,True,2
"K1137","Franzbrötchen-Verlag","Franzbrötchen-Verlag","Buchwissenschaft, Buchhandel","Verlag","verlagsrelevant",True,True,True,2
"K1138","Frauenmuseum","Frauenmuseum Bonn","Gruppe, Organisationssoziologie, Interaktion; Kunstgeschichte; Archiv, Museum",NULL,NULL,NULL,False,NULL,0
"K1139","Frauenzimmer Verlag","Frauenzimmer Verlag e.K.","Buchwissenschaft, Buchhandel","Verlag","verlagsrelevant",True,True,True,2
"K1140","Free Pen Verlag","Free Pen Verlag","Buchwissenschaft, Buchhandel","Verlag","verlagsrelevant",True,True,True,2
"K1141","Freiburger Echo Verlag","Freiburger Echo Verlag","Buchwissenschaft, Buchhandel","Verlag","verlagsrelevant",True,True,True,2
"K1142","Freiwillige Feuerwehr Haiterbach, Abt. Haiterbach","Freiwillige Feuerwehr Haiterbach. Abteilung Haiterbach","Öffentliche Verwaltung, Öffentlicher Dienst",NULL,NULL,NULL,False,NULL,0
"K1143","Frenzongs Publ.","frenzongs publishing","Buchwissenschaft, Buchhandel",NULL,"verlagsrelevant",NULL,True,True,1
"K1144","Freunde der Literatur in Bayern e.V.","Verein der Freunde der Literatur in Bayern e.V.",NULL,"Verein",NULL,False,False,False,0
"K1145","Freundeskreis des Literaturhauses Schleswig-Holstein",NULL,NULL,"Gemeinschaft",NULL,False,False,False,0
"K1146","Freundeskreis, Botanischer Garten",NULL,NULL,"Gemeinschaft",NULL,False,False,False,0
"K1147","Freya Verlag","Freya Verlag","Buchwissenschaft, Buchhandel","Verlag","verlagsrelevant",True,True,True,2
"K1148","Frick",NULL,NULL,NULL,NULL,NULL,False,NULL,0
"K1149","Friedenauer Presse","Friedenauer Presse","Presse",NULL,NULL,NULL,False,NULL,0
"K1150","Friedmann",NULL,NULL,NULL,NULL,NULL,False,NULL,0
"K1151","Friedrich",NULL,NULL,NULL,NULL,NULL,False,NULL,0
"K1152","Friedrich Reinhardt Verlag","Friedrich Reinhardt AG","Buchwissenschaft, Buchhandel",NULL,"verlagsrelevant",NULL,True,True,1
"K1153","Friedrich-Bödecker-Kreis in Sachsen-Anhalt","Friedrich-Bödecker-Kreis in Sachsen-Anhalt",NULL,"Gemeinschaft",NULL,False,False,False,0
"K1154","Frieling Verlag","Frieling & Partner","Buchwissenschaft, Buchhandel",NULL,"verlagsrelevant",NULL,True,True,1
"K1155","Friesische Philologie/Nordfriesische Wörterbuchstelle, Christian-Albrechts-Universität zu Kiel",NULL,NULL,"Bildungseinrichtung",NULL,False,False,False,0
"K1156","Fritzsche",NULL,NULL,NULL,NULL,NULL,False,NULL,0
"K1157","Fuchs",NULL,NULL,NULL,NULL,NULL,False,NULL,0
"K1158","Fundus-Verl.","Fundus Verlag","Buchwissenschaft, Buchhandel","Verlag","verlagsrelevant",True,True,True,2
"K1159","Fölbach","Verlag Dietmar Fölbach","Buchwissenschaft, Buchhandel","Verlag","verlagsrelevant",True,True,True,2
"K1160","Förderverein Amtliche Vermessung im Kanton Bern","Förderverein 100 Jahre Amtliche Vermessung im Kanton Bern",NULL,"Verein",NULL,False,False,False,0
"K1161","Förderverein Stadtmuseum Hattingen",NULL,NULL,"Verein",NULL,False,False,False,0
"K1162","Förderverein für das Erich-Kästner-Museum","Förderverein für das Erich Kästner Museum",NULL,"Verein",NULL,False,False,False,0
"K1163","Förderwerk Elbinseln",NULL,NULL,NULL,NULL,NULL,False,NULL,0
"K1164","Förster","Iris Förster (Firma)","Buchwissenschaft, Buchhandel","Unternehmen","verlagsrelevant",False,True,True,1
"K1165","G-Medien GmbH","G-Medien GmbH","Buchwissenschaft, Buchhandel","Unternehmen","verlagsrelevant",False,True,True,1
"K1166","G. Braun Buchverlag",NULL,NULL,"Verlag",NULL,True,False,True,1
"K1167","GDruck-Verl.","GDruck-Verlag","Buchwissenschaft, Buchhandel","Verlag","verlagsrelevant",True,True,True,2
"K1168","GEDOK Brandenburg","GEDOK Brandenburg","Kultur, Künste allgemein; Bildende Kunst; Literarisches Leben; Buchwissenschaft, Buchhandel; Musik (Allgemeines), Musikgeschichte",NULL,"verlagsrelevant",NULL,True,True,1
"K1169","GEROJOKO",NULL,NULL,NULL,NULL,NULL,False,NULL,0
"K1170","GEV",NULL,NULL,NULL,NULL,NULL,False,NULL,0
"K1171","GGSV",NULL,NULL,NULL,NULL,NULL,False,NULL,0
"K1172","GNN Verlag","GNN Verlag Süd GmbH","Buchwissenschaft, Buchhandel","Verlag","verlagsrelevant",True,True,True,2
"K1173","GOYA",NULL,NULL,NULL,NULL,NULL,False,NULL,0
"K1174","GPW-Medienverl.","GPW Medienverlag","Buchwissenschaft, Buchhandel","Verlag","verlagsrelevant",True,True,True,2
"K1175","GRÄV, Verlag der GRÄGS",NULL,NULL,"Verlag",NULL,True,False,True,1
"K1176","GUC",NULL,NULL,NULL,NULL,NULL,False,NULL,0
"K1177","Gabriele Schäfer Verlag","Gabriele Schäfer (Firma)","Buchwissenschaft, Buchhandel","Unternehmen","verlagsrelevant",False,True,True,1
"K1178","Gala-Ed.","Gala Edition","Buchwissenschaft, Buchhandel","Verlag","verlagsrelevant",True,True,True,2
"K1179","Galiani","Verlag Galiani Berlin","Buchwissenschaft, Buchhandel","Verlag","verlagsrelevant",True,True,True,2
"K1180","Galiani Berlin","Verlag Galiani Berlin","Buchwissenschaft, Buchhandel","Verlag","verlagsrelevant",True,True,True,2
"K1181","Galli","Galli Verlag (Wiesbaden)","Einzelne Branchen der Industrie und des Handwerks; Buchwissenschaft, Buchhandel","Verlag","verlagsrelevant",True,True,True,2
"K1182","Gallimard","Editions Gallimard","Buchwissenschaft, Buchhandel; Einzelne Branchen der Industrie und des Handwerks","Verlag","verlagsrelevant",True,True,True,2
"K1183","Gangan Verlag","Gangan Verlag","Buchwissenschaft, Buchhandel","Verlag","verlagsrelevant",True,True,True,2
"K1184","Gans Verlag","Edmund Gans Verlag (Lochham)",NULL,"Verlag",NULL,True,False,True,1
"K1185","Ganymed Edition",NULL,NULL,"Verlag",NULL,True,False,True,1
"K1186","Garant","garant Verlag","Buchwissenschaft, Buchhandel","Verlag","verlagsrelevant",True,True,True,2
"K1187","Gardez!-Verl.","Gardez! Verlag","Buchwissenschaft, Buchhandel; Einzelne Branchen der Industrie und des Handwerks","Verlag","verlagsrelevant",True,True,True,2
"K1188","Gareis Marketing","Gareis Marketing Kommunikation","Buchwissenschaft, Buchhandel",NULL,"verlagsrelevant",NULL,True,True,1
"K1189","Garnies",NULL,NULL,NULL,NULL,NULL,False,NULL,0
"K1190","GartenWEden Verlag",NULL,NULL,"Verlag",NULL,True,False,True,1
"K1191","Gebr. Nadelmann",NULL,NULL,NULL,NULL,NULL,False,NULL,0
"K1192","GedankenReich",NULL,NULL,NULL,NULL,NULL,False,NULL,0
"K1193","Geest Verlag","Geest-Verlag GmbH & Co. KG","Buchwissenschaft, Buchhandel","Verlag","verlagsrelevant",True,True,True,2
"K1194","Gehrke","Konkursbuch Verlag Claudia Gehrke","Einzelne Branchen der Industrie und des Handwerks; Buchwissenschaft, Buchhandel","Verlag","verlagsrelevant",True,True,True,2
"K1195","Geiger Verlag","Geiger-Verlag",NULL,"Verlag",NULL,True,False,True,1
"K1196","Geistkirch Verlag","Geistkirch Verlag","Buchwissenschaft, Buchhandel","Verlag","verlagsrelevant",True,True,True,2
"K1197","Gelsing & Hoch Literaturverlag GbR",NULL,NULL,"Verlag",NULL,True,False,True,1
"K1198","Gemeinde Kemmern",NULL,NULL,NULL,NULL,NULL,False,NULL,0
"K1199","Gemeinde Wardenburg","Gemeinde Wardenburg. Gemeindedirektion","Buchwissenschaft, Buchhandel",NULL,"verlagsrelevant",NULL,True,True,1
"K1200","Gemeinnütziger Verein zur Förderung des Literaturschaffens und des kulturellen Austauschs zwischen Deutschen und Polen e.V.",NULL,NULL,"Verein",NULL,False,False,False,0
"K1201","Gemma","Gemma-Verlag","Buchwissenschaft, Buchhandel","Verlag","verlagsrelevant",True,True,True,2
"K1202","Genniges",NULL,NULL,NULL,NULL,NULL,False,NULL,0
"K1203","Gentner","A. W. Gentner-Verlag","Buchwissenschaft, Buchhandel","Verlag","verlagsrelevant",True,True,True,2
"K1204","Georg Olms Verlag","Georg Olms Verlag AG","Buchwissenschaft, Buchhandel","Verlag","verlagsrelevant",True,True,True,2
"K1205","Georg-Britting-Stiftung","Georg-Britting-Stiftung","Buchwissenschaft, Buchhandel",NULL,"verlagsrelevant",NULL,True,True,1
"K1206","Georg-von-Toyberg-Verl.","Georg von Toyberg Verlag","Buchwissenschaft, Buchhandel","Verlag","verlagsrelevant",True,True,True,2
"K1207","Gerhard, Johanna",NULL,NULL,NULL,NULL,NULL,False,NULL,0
"K1208","Gerhard-Hess-Verlag","Gerhard Hess Verlag","Buchwissenschaft, Buchhandel","Verlag","verlagsrelevant",True,True,True,2
"K1209","Gerlinger, Stefan",NULL,NULL,NULL,NULL,NULL,False,NULL,0
"K1210","Gernot Kröger",NULL,NULL,NULL,NULL,NULL,False,NULL,0
"K1211","Gerth Medien","Gerth Medien","Buchwissenschaft, Buchhandel",NULL,"verlagsrelevant",NULL,True,True,1
"K1212","Gesellschaft Hessischer Literaturfreunde","Gesellschaft Hessischer Literaturfreunde","Literarisches Leben; Gruppe, Organisationssoziologie, Interaktion","Gemeinschaft","verlagsrelevant",False,True,True,1
"K1213","Gietl","Geschwister Gietl","Musik (Allgemeines), Musikgeschichte",NULL,NULL,NULL,False,NULL,0
"K1214","Gilgamesch-Verlag",NULL,NULL,"Verlag",NULL,True,False,True,1
"K1215","Gilles & Francke","Gilles & Francke","Buchwissenschaft, Buchhandel",NULL,"verlagsrelevant",NULL,True,True,1
"K1216","Gipfelbuch-Verl.","Gipfelbuch-Verlag e.K.","Buchwissenschaft, Buchhandel","Verlag","verlagsrelevant",True,True,True,2
"K1217","Girgis Verlag",NULL,NULL,"Verlag",NULL,True,False,True,1
"K1218","Gisler Medien, Gisler 1843 AG","Gisler 1843 AG",NULL,NULL,NULL,NULL,False,NULL,0
"K1219","Glaré","Glaré Verlag","Buchwissenschaft, Buchhandel","Verlag","verlagsrelevant",True,True,True,2
"K1220","Glentorf Verlag",NULL,NULL,"Verlag",NULL,True,False,True,1
"K1221","Glossabooks",NULL,NULL,NULL,NULL,NULL,False,NULL,0
"K1222","Glückskindverl.",NULL,NULL,"Verlag",NULL,True,False,True,1
"K1223","Gmeiner Verlag","Gmeiner-Verlag","Buchwissenschaft, Buchhandel","Verlag","verlagsrelevant",True,True,True,2
"K1224","Gmünder","Bruno-Gmünder-Verlag (Berlin)","Einzelne Branchen der Industrie und des Handwerks","Verlag",NULL,True,False,True,1
"K1225","Goa Kana & Waratfy Ztaia",NULL,NULL,NULL,NULL,NULL,False,NULL,0
"K1226","Goedeke",NULL,NULL,NULL,NULL,NULL,False,NULL,0
"K1227","Goethe Universität Frankfurt","Goethe-Universität Frankfurt am Main","Hochschule","Bildungseinrichtung",NULL,False,False,False,0
"K1228","Goethe-Werkstatt","Goethe-Werkstatt","Buchwissenschaft, Buchhandel",NULL,"verlagsrelevant",NULL,True,True,1
"K1229","Goki Verlag","GOKI-Verlag","Buchwissenschaft, Buchhandel","Verlag","verlagsrelevant",True,True,True,2
"K3010","Verlag UMWELTBILD",NULL,NULL,"Verlag",NULL,True,False,True,1
"K1230","Goldegg Verlag","Goldegg Verlag","Buchwissenschaft, Buchhandel","Verlag","verlagsrelevant",True,True,True,2
"K1231","Golden Luft Verlag",NULL,NULL,"Verlag",NULL,True,False,True,1
"K1232","Goldene Rakete Verlag für Belletristik",NULL,NULL,"Verlag",NULL,True,False,True,1
"K1233","Goldmacher",NULL,NULL,NULL,NULL,NULL,False,NULL,0
"K1234","Goldmann",NULL,NULL,NULL,NULL,NULL,False,NULL,0
"K1235","Goldschmidt GmbH",NULL,NULL,"Unternehmen",NULL,False,False,False,0
"K1236","Goldstadt-Autoren e. V., Verein",NULL,NULL,"Verein",NULL,False,False,False,0
"K1237","Goldstaub Verlag",NULL,NULL,"Verlag",NULL,True,False,True,1
"K1238","Goldwaage-Verl.","Goldwaage-Verlag","Buchwissenschaft, Buchhandel","Verlag","verlagsrelevant",True,True,True,2
"K1239","Golkonda Verlag","Golkonda Verlag","Buchwissenschaft, Buchhandel","Verlag","verlagsrelevant",True,True,True,2
"K1240","Gollenstein Verlag","Gollenstein Verlag","Buchwissenschaft, Buchhandel","Verlag","verlagsrelevant",True,True,True,2
"K1241","Gollenstein-Verl.","Gollenstein Verlag","Buchwissenschaft, Buchhandel","Verlag","verlagsrelevant",True,True,True,2
"K1242","Golos-Press",NULL,NULL,NULL,NULL,NULL,False,NULL,0
"K1243","GolubBooks","Golub Books","Buchwissenschaft, Buchhandel",NULL,"verlagsrelevant",NULL,True,True,1
"K1244","Goskonzept","Goskonzept","Buchwissenschaft, Buchhandel",NULL,"verlagsrelevant",NULL,True,True,1
"K1245","Graf","Graf Verlag","Buchwissenschaft, Buchhandel","Verlag","verlagsrelevant",True,True,True,2
"K1246","Grafische Anstalten Hassa & Karl GbR",NULL,NULL,"Unternehmen",NULL,False,False,False,0
"K1247","Grafit","GRAFIT Verlag GmbH","Buchwissenschaft, Buchhandel","Verlag","verlagsrelevant",True,True,True,2
"K1248","Grafotlac Soltys",NULL,NULL,NULL,NULL,NULL,False,NULL,0
"K1249","Grafotlač Šoltys",NULL,NULL,NULL,NULL,NULL,False,NULL,0
"K1250","Gralsverl.",NULL,NULL,"Verlag",NULL,True,False,True,1
"K1251","Graph. Werkstätten","Graphische Werkstätten Zittau","Buchwissenschaft, Buchhandel; Einzelne Branchen der Industrie und des Handwerks",NULL,"verlagsrelevant",NULL,True,True,1
"K1252","Graphiti","GRAPHITI",NULL,NULL,NULL,NULL,False,NULL,0
"K1253","Grass Publishers",NULL,NULL,NULL,NULL,NULL,False,NULL,0
"K1254","Greifenverl.","Greifenverlag","Buchwissenschaft, Buchhandel","Verlag","verlagsrelevant",True,True,True,2
"K1255","Greifenverlag","Greifenverlag","Buchwissenschaft, Buchhandel","Verlag","verlagsrelevant",True,True,True,2
"K1256","Grenda",NULL,NULL,NULL,NULL,NULL,False,NULL,0
"K1257","Gretus Verlag",NULL,NULL,"Verlag",NULL,True,False,True,1
"K1258","Greven",NULL,NULL,NULL,NULL,NULL,False,NULL,0
"K1259","Groh Verlag","Groh Verlag GmbH","Buchwissenschaft, Buchhandel","Verlag","verlagsrelevant",True,True,True,2
"K1260","Grolitsch",NULL,NULL,NULL,NULL,NULL,False,NULL,0
"K1261","Grote",NULL,NULL,NULL,NULL,NULL,False,NULL,0
"K1262","Grubbe","Grubbe Media GmbH","Buchwissenschaft, Buchhandel","Unternehmen","verlagsrelevant",False,True,True,1
"K1263","Grubbe Media","Grubbe Media GmbH","Buchwissenschaft, Buchhandel","Unternehmen","verlagsrelevant",False,True,True,1
"K1264","Gruber",NULL,NULL,NULL,NULL,NULL,False,NULL,0
"K1265","Grundblick-Verl.","Grundblick-Verlag","Buchwissenschaft, Buchhandel","Verlag","verlagsrelevant",True,True,True,2
"K1266","Grupello","Grupello-Verlag (Düsseldorf)","Buchwissenschaft, Buchhandel","Verlag","verlagsrelevant",True,True,True,2
"K1267","Gryphon-Verl.","Gryphon Verlagsgruppe KG","Buchwissenschaft, Buchhandel","Verlag","verlagsrelevant",True,True,True,2
"K1268","Gräfe und Unzer Verlag GmbH","Gräfe und Unzer","Handel einzelner Branchen, Dienstleistung einzelner Branchen; Buchwissenschaft, Buchhandel",NULL,"verlagsrelevant",NULL,True,True,1
"K1269","Gröls Verlag",NULL,NULL,"Verlag",NULL,True,False,True,1
"K1270","Größenwahn Verlag","Größenwahn Verlag","Buchwissenschaft, Buchhandel","Verlag","verlagsrelevant",True,True,True,2
"K1271","Grünberg",NULL,NULL,NULL,NULL,NULL,False,NULL,0
"K1272","Grüne Aue","Kleingartenverein Grüne Aue (Leipzig)",NULL,"Verein",NULL,False,False,False,0
"K1273","Grünkreuzverl.","Grünkreuzverlag","Buchwissenschaft, Buchhandel","Verlag","verlagsrelevant",True,True,True,2
"K1274","Gudruns Töchter",NULL,NULL,NULL,NULL,NULL,False,NULL,0
"K1275","GuideMedia Verlag GbR","GuideMedia GbR","Buchwissenschaft, Buchhandel","Unternehmen","verlagsrelevant",False,True,True,1
"K1276","Gulde Druck","Gulde Druck GmbH & Co. KG","Buchwissenschaft, Buchhandel","Druckerei","verlagsrelevant",False,True,True,1
"K1277","Gunda-Werner-Institut","Gunda-Werner-Institut","Wissenschaft; Sozialpolitik, Entwicklungshilfe","Institut",NULL,False,False,False,0
"K1278","Gyadu - Ed. Isis","Edition Isis","Buchwissenschaft, Buchhandel","Verlag","verlagsrelevant",True,True,True,2
"K1279","Górnośląskie Centrum Kultury i Spotkań im. Eichendorffa",NULL,NULL,NULL,NULL,NULL,False,NULL,0
"K1280","Göttert","Christel Göttert (Firma)","Buchwissenschaft, Buchhandel","Unternehmen","verlagsrelevant",False,True,True,1
"K1281","Günther Emigs Literatur-Betrieb",NULL,NULL,NULL,NULL,NULL,False,NULL,0
"K1282","Gütersloher Verlagshaus","Gütersloher Verlagshaus Gerd Mohn","Buchwissenschaft, Buchhandel","Verlag","verlagsrelevant",True,True,True,2
"K1283","H. W. Fichter Kunsthandel und Ed.","H. W. Fichter Kunsthandel","Buchwissenschaft, Buchhandel; Handel einzelner Branchen, Dienstleistung einzelner Branchen; Bildende Kunst",NULL,"verlagsrelevant",NULL,True,True,1
"K1284","H. Weisenfeld",NULL,NULL,NULL,NULL,NULL,False,NULL,0
"K1285","HILLE Druckerei & Verlag","Druckerei & Verlag Fabian Hille",NULL,"Verlag",NULL,True,False,True,1
"K1286","HKL-Verlag","HKL-Verlag","Buchwissenschaft, Buchhandel","Verlag","verlagsrelevant",True,True,True,2
"K1287","HR-Verl.","HR-Verlag","Buchwissenschaft, Buchhandel","Verlag","verlagsrelevant",True,True,True,2
"K1288","HS-Literaturverl.","HS-Literaturverlag Heinz Spicka","Buchwissenschaft, Buchhandel","Verlag","verlagsrelevant",True,True,True,2
"K1289","HW-Verl.","HW Verlag",NULL,"Verlag",NULL,True,False,True,1
"K1290","Haag + Herchen","Haag + Herchen GmbH","Buchwissenschaft, Buchhandel","Unternehmen","verlagsrelevant",False,True,True,1
"K1291","Haffmans Verl. bei Zweitausendeins","Haffmans Verlag","Einzelne Branchen der Industrie und des Handwerks; Buchwissenschaft, Buchhandel","Verlag","verlagsrelevant",True,True,True,2
"K1292","Haffmans Verlag bei Zweitausendeins","Haffmans Verlag","Einzelne Branchen der Industrie und des Handwerks; Buchwissenschaft, Buchhandel","Verlag","verlagsrelevant",True,True,True,2
"K1293","Haffmans bei Zweitausendeins","Haffmans Verlag","Einzelne Branchen der Industrie und des Handwerks; Buchwissenschaft, Buchhandel","Verlag","verlagsrelevant",True,True,True,2
"K1294","Haffnitz Verlag",NULL,NULL,"Verlag",NULL,True,False,True,1
"K1295","Hagebutte Verlag",NULL,NULL,"Verlag",NULL,True,False,True,1
"K1296","Hager",NULL,NULL,NULL,NULL,NULL,False,NULL,0
"K2185","Pereprava","Pereprava Verlagsges.m.b.H.","Buchwissenschaft, Buchhandel","Verlag","verlagsrelevant",True,True,True,2
"K1297","Hager, Wolfgang","Wolfgang Hager Verlag","Buchwissenschaft, Buchhandel","Verlag","verlagsrelevant",True,True,True,2
"K1298","Hai-tec Verlags- und Autorenservice","Hai-tec Verlags- und Autorenservice","Buchwissenschaft, Buchhandel","Verlag","verlagsrelevant",True,True,True,2
"K1299","Haileiht-Verlag vom Hai-tec Verlags- und Autorenservice",NULL,NULL,"Verlag",NULL,True,False,True,1
"K1300","Halbhoch Verlag",NULL,NULL,"Verlag",NULL,True,False,True,1
"K1301","Hamburger Elbsommer","Hamburger Elbsommer GmbH","Buchwissenschaft, Buchhandel","Unternehmen","verlagsrelevant",False,True,True,1
"K1302","Hamburger Haiku-Verl.","Hamburger Haiku Verlag","Buchwissenschaft, Buchhandel","Verlag","verlagsrelevant",True,True,True,2
"K1303","Hamburger Lesehefte Verlag","Hamburger Lesehefte Verlag",NULL,"Verlag",NULL,True,False,True,1
"K1304","Hammer",NULL,NULL,NULL,NULL,NULL,False,NULL,0
"K1305","Hamsah-Verl.","Hamsah Verlag","Buchwissenschaft, Buchhandel","Verlag","verlagsrelevant",True,True,True,2
"K1306","Hanani-Verl.","Hanani Verlag","Buchwissenschaft, Buchhandel","Verlag","verlagsrelevant",True,True,True,2
"K1307","Hands Art, Four",NULL,NULL,NULL,NULL,NULL,False,NULL,0
"K1308","Hanno Herbst Musik & Buch",NULL,NULL,NULL,NULL,NULL,False,NULL,0
"K1309","Hans-Werner Kulinna c/o Autorenglück.de",NULL,NULL,NULL,NULL,NULL,False,NULL,0
"K1310","Hansa-Verl.",NULL,NULL,"Verlag",NULL,True,False,True,1
"K1311","Hanser","Carl Hanser Verlag","Buchwissenschaft, Buchhandel","Verlag","verlagsrelevant",True,True,True,2
"K1312","Hanser Berlin","Hanser Berlin","Buchwissenschaft, Buchhandel",NULL,"verlagsrelevant",NULL,True,True,1
"K1313","Hansisches Dr.- und Verl.-Haus","Hansisches Druck- und Verlagshaus","Buchwissenschaft, Buchhandel","Verlag","verlagsrelevant",True,True,True,2
"K1314","Hardt & Wörner",NULL,NULL,NULL,NULL,NULL,False,NULL,0
"K1315","Harenberg, KV&H-Verl.",NULL,NULL,"Verlag",NULL,True,False,True,1
"K1316","Harrassowitz","Richter & Harrassowitz","Buchwissenschaft, Buchhandel",NULL,"verlagsrelevant",NULL,True,True,1
"K1317","Harrassowitz,","Richter & Harrassowitz","Buchwissenschaft, Buchhandel",NULL,"verlagsrelevant",NULL,True,True,1
"K1318","Hartmann",NULL,NULL,NULL,NULL,NULL,False,NULL,0
"K1319","Hartmut Krüpe-Silbersiepe",NULL,NULL,NULL,NULL,NULL,False,NULL,0
"K1320","Hartung-Gorre","Hartung-Gorre Verlag","Buchwissenschaft, Buchhandel","Verlag","verlagsrelevant",True,True,True,2
"K1321","Hasenverl.","Hasenverlag (Halle (Saale))","Buchwissenschaft, Buchhandel; Einzelne Branchen der Industrie und des Handwerks","Verlag","verlagsrelevant",True,True,True,2
"K1322","Hassa & Karl Grafische Anstalten",NULL,NULL,NULL,NULL,NULL,False,NULL,0
"K1323","Hatje Cantz","Hatje-Cantz-Verlag","Buchwissenschaft, Buchhandel","Verlag","verlagsrelevant",True,True,True,2
"K1324","Hauptverband des Österreichischen Buchhandels","Hauptverband des Österreichischen Buchhandels","Buchwissenschaft, Buchhandel","Verband","verlagsrelevant",False,True,True,1
"K1325","Haus am Nepomuk","Verlag Haus am Nepomuk","Buchwissenschaft, Buchhandel","Verlag","verlagsrelevant",True,True,True,2
"K1326","Haus für Poesie","Haus für Poesie",NULL,NULL,NULL,NULL,False,NULL,0
"K1327","Hawkify Books",NULL,NULL,NULL,NULL,NULL,False,NULL,0
"K1328","Haymon Verlag","Haymon Verlag","Buchwissenschaft, Buchhandel","Verlag","verlagsrelevant",True,True,True,2
"K1329","Heel","Heel Verlag","Buchwissenschaft, Buchhandel","Verlag","verlagsrelevant",True,True,True,2
"K1330","Hegarda-Verl.","Hegarda Verlag","Buchwissenschaft, Buchhandel","Verlag","verlagsrelevant",True,True,True,2
"K1331","Heiber","Hartmut Heiber (Firma)","Buchwissenschaft, Buchhandel","Unternehmen","verlagsrelevant",False,True,True,1
"K1332","Heike Rosa Maria Gaudenti",NULL,NULL,NULL,NULL,NULL,False,NULL,0
"K1333","Heimann-Stiftung, für Völkerverständigung","Heimann Stiftung für Völkerverständigung",NULL,NULL,NULL,NULL,False,NULL,0
"K1334","Heimat- u. Geschichtsverein",NULL,NULL,"Verein",NULL,False,False,False,0
"K1335","Heimat- und Kulturverein Dahme","Heimat- und Kulturverein Dahme",NULL,"Verein",NULL,False,False,False,0
"K1336","Heimat- und Museumsverein Thayaland","Heimat- und Museumsverein Thayaland",NULL,"Verein",NULL,False,False,False,0
"K1337","Heimat- und Verschönerungsverein Bad Salzuflen e.V.","Heimat- und Verschönerungsverein Bad Salzuflen","Brauchtum, Volksglaube; Geografie, Heimat- und Länderkunde (Allgemeines); Raumordnung, Stadtplanung, Landschaftsgestaltung; Gruppe, Organisationssoziologie, Interaktion; Architektur","Verein",NULL,False,False,False,0
"K1338","Heimatbote Schwalmtal",NULL,NULL,NULL,NULL,NULL,False,NULL,0
"K1339","Heimatfreunde Winterbach","Heimatfreunde Winterbach",NULL,NULL,NULL,NULL,False,NULL,0
"K1340","Heimatkundlicher Verein für Südböhmen e.V.",NULL,NULL,"Verein",NULL,False,False,False,0
"K1341","Heimatverein der Grafschaft Bentheim e.V.","Heimatverein der Grafschaft Bentheim","Buchwissenschaft, Buchhandel","Verein","verlagsrelevant",False,True,True,1
"K1342","Heimatverl. Schrage","Heimatverlag Josef Schrage","Buchwissenschaft, Buchhandel","Verlag","verlagsrelevant",True,True,True,2
"K1343","Heimdall Verlag","Heimdall Verlag","Buchwissenschaft, Buchhandel","Verlag","verlagsrelevant",True,True,True,2
"K1344","Hein-Verlag","Hein-Verlag","Buchwissenschaft, Buchhandel","Verlag","verlagsrelevant",True,True,True,2
"K1345","Heiner Labonde Verlag",NULL,NULL,"Verlag",NULL,True,False,True,1
"K1346","Heinrich Tüffers Verlag GmbH","Heinrich Tüffers Verlag GmbH","Buchwissenschaft, Buchhandel","Verlag","verlagsrelevant",True,True,True,2
"K1347","Heinrichs-Verl.","Heinrichs-Verlag GmbH & Co. KG","Buchwissenschaft, Buchhandel","Verlag","verlagsrelevant",True,True,True,2
"K1348","Heinz-Willi Dammers",NULL,NULL,NULL,NULL,NULL,False,NULL,0
"K1349","Helios","Helios","Buchwissenschaft, Buchhandel",NULL,"verlagsrelevant",NULL,True,True,1
"K1350","Hellinger Publ.",NULL,NULL,NULL,NULL,NULL,False,NULL,0
"K1351","Hellinger Publications",NULL,NULL,NULL,NULL,NULL,False,NULL,0
"K1352","Hellmund","Peter Hellmund (Firma)","Buchwissenschaft, Buchhandel","Unternehmen","verlagsrelevant",False,True,True,1
"K1353","Helmer","Pamela Helmer Verlag","Buchwissenschaft, Buchhandel","Verlag","verlagsrelevant",True,True,True,2
"K1354","Helms","Thomas Helms Verlag","Buchwissenschaft, Buchhandel","Verlag","verlagsrelevant",True,True,True,2
"K1355","Helmut Schlaiß Verlag","Helmut Schlaiß (Firma)","Buchwissenschaft, Buchhandel","Unternehmen","verlagsrelevant",False,True,True,1
"K1356","Helmut-Maletzke-Stiftung","Helmut-Maletzke-Stiftung","Buchwissenschaft, Buchhandel",NULL,"verlagsrelevant",NULL,True,True,1
"K1357","Hemmer","Hemmer Verlag","Buchwissenschaft, Buchhandel","Verlag","verlagsrelevant",True,True,True,2
"K1358","Henrich-Ed.",NULL,NULL,"Verlag",NULL,True,False,True,1
"K2312","Regina Mars c/o Block Services",NULL,NULL,NULL,NULL,NULL,False,NULL,0
"K1359","Henss","Dr. Ronald Henss (Firma)","Buchwissenschaft, Buchhandel","Unternehmen","verlagsrelevant",False,True,True,1
"K1360","Hentrich & Hentrich","Hentrich & Hentrich","Buchwissenschaft, Buchhandel",NULL,"verlagsrelevant",NULL,True,True,1
"K1361","Herausgeber Verlag","Kulturbuchverlag Herausgeber",NULL,"Verlag",NULL,True,False,True,1
"K1362","Herausgeber.ch","Herausgeber.ch","Buchwissenschaft, Buchhandel",NULL,"verlagsrelevant",NULL,True,True,1
"K1363","HerausgeberInnengemeinschaft Irrliche",NULL,NULL,"Gemeinschaft",NULL,False,False,False,0
"K1364","Herbst Medien",NULL,NULL,NULL,NULL,NULL,False,NULL,0
"K1365","Herder",NULL,NULL,NULL,NULL,NULL,False,NULL,0
"K1366","Herkules-Verl.","Herkules Verlag","Buchwissenschaft, Buchhandel","Verlag","verlagsrelevant",True,True,True,2
"K1367","Hermagoras","Hermagoras-Verlag","Einzelne Branchen der Industrie und des Handwerks","Verlag",NULL,True,False,True,1
"K1369","Herta Ahrenzmann c/o AutorenServices.de",NULL,NULL,NULL,NULL,NULL,False,NULL,0
"K1370","Herzensmenschen",NULL,NULL,NULL,NULL,NULL,False,NULL,0
"K1371","Herzsprung Verlag",NULL,NULL,"Verlag",NULL,True,False,True,1
"K1372","Herzstückverlag",NULL,NULL,"Verlag",NULL,True,False,True,1
"K1373","Hess Verlag","Gerhard Hess Verlag","Buchwissenschaft, Buchhandel","Verlag","verlagsrelevant",True,True,True,2
"K1374","Hesse & Becker","Hesse & Becker","Buchwissenschaft, Buchhandel; Papierherstellung, Grafische Technik; Einzelne Branchen der Industrie und des Handwerks",NULL,"verlagsrelevant",NULL,True,True,1
"K1375","Hessel",NULL,NULL,NULL,NULL,NULL,False,NULL,0
"K1376","Hessisches Literaturforum im Mousonturm e. V.","Hessisches Literaturforum im Mousonturm e.V.","Literarisches Leben","Verein","verlagsrelevant",False,True,True,1
"K1377","HeuwägelchenBücher",NULL,NULL,NULL,NULL,NULL,False,NULL,0
"K1378","Heydär Äliyev Stiftung","Heydär Äliyev Fondu",NULL,NULL,NULL,NULL,False,NULL,0
"K1379","Heyn","Verlag Johannes Heyn","Buchwissenschaft, Buchhandel","Verlag","verlagsrelevant",True,True,True,2
"K1380","Heyne","Heyne","Buchwissenschaft, Buchhandel",NULL,"verlagsrelevant",NULL,True,True,1
"K1381","Heyne, W",NULL,NULL,NULL,NULL,NULL,False,NULL,0
"K1382","Hibarios","Hibarios Verlag","Buchwissenschaft, Buchhandel","Verlag","verlagsrelevant",True,True,True,2
"K1383","Hierax Medien","Hierax Medien","Buchwissenschaft, Buchhandel",NULL,"verlagsrelevant",NULL,True,True,1
"K1384","Hierophant Verlag","Hierophant Verlag","Buchwissenschaft, Buchhandel","Verlag","verlagsrelevant",True,True,True,2
"K1385","Hierreth","Janine Hierreth (Firma)","Buchwissenschaft, Buchhandel","Unternehmen","verlagsrelevant",False,True,True,1
"K1386","Hildegard Tölke","Tölke, Hildegard","Personen zu Malerei, Zeichnung, Grafik; Personen zu Bildungswesen",NULL,NULL,NULL,False,NULL,0
"K1387","Hildesheimer Literaturverl.","Hildesheimer Literaturverlag","Buchwissenschaft, Buchhandel","Verlag","verlagsrelevant",True,True,True,2
"K1388","Hille Verlag","Hille Verlag","Buchwissenschaft, Buchhandel","Verlag","verlagsrelevant",True,True,True,2
"K1389","Himmel-Erde-Mensch-Verl.","Himmel-Erde-Mensch-Verlag","Buchwissenschaft, Buchhandel","Verlag","verlagsrelevant",True,True,True,2
"K1390","Himmelstürmer Verlag","Himmelstürmer Verlag Part of Production House Filmproduktions GmbH","Buchwissenschaft, Buchhandel","Verlag","verlagsrelevant",True,True,True,2
"K1391","Hinstorff","Hinstorff-Verlag","Buchwissenschaft, Buchhandel","Verlag","verlagsrelevant",True,True,True,2
"K1392","Hinterländer Geschichtsverein","Hinterländer Geschichtsverein","Gruppe, Organisationssoziologie, Interaktion; Geografie, Heimat- und Länderkunde (Allgemeines); Geschichte (Allgemeines)","Verein",NULL,False,False,False,0
"K1393","Hippomonte Publishing e.K.",NULL,NULL,"Unternehmen",NULL,False,False,False,0
"K1394","Hirmer","Hirmer Verlag","Buchwissenschaft, Buchhandel","Verlag","verlagsrelevant",True,True,True,2
"K1395","Hirn Kastl & Herz",NULL,NULL,NULL,NULL,NULL,False,NULL,0
"K1396","Hirnkost KG","Hirnkost KG",NULL,NULL,NULL,NULL,False,NULL,0
"K1397","Hirschberger","Hirschberger Musikanten","Musik (Allgemeines), Musikgeschichte",NULL,NULL,NULL,False,NULL,0
"K1398","Hirt",NULL,NULL,NULL,NULL,NULL,False,NULL,0
"K1399","Hober Verlag",NULL,NULL,"Verlag",NULL,True,False,True,1
"K1400","Hoepli","Hoepli (Mailand)","Buchwissenschaft, Buchhandel",NULL,"verlagsrelevant",NULL,True,True,1
"K1401","Hoermann",NULL,NULL,NULL,NULL,NULL,False,NULL,0
"K1402","Hoffe Markenmanufaktur, WOLL Selbstverlag",NULL,NULL,"Verlag",NULL,True,False,True,1
"K1403","Hoffmann und Campe","Hoffmann und Campe Verlag","Buchwissenschaft, Buchhandel","Verlag","verlagsrelevant",True,True,True,2
"K1404","Hofmann-Buch",NULL,NULL,NULL,NULL,NULL,False,NULL,0
"K1405","Hohe-Dorst, Inka Maria",NULL,NULL,NULL,NULL,NULL,False,NULL,0
"K1406","Hohenheim-Verl.","Hohenheim Verlag GmbH","Buchwissenschaft, Buchhandel","Verlag","verlagsrelevant",True,True,True,2
"K1407","Holder","Hoelder!",NULL,NULL,NULL,NULL,False,NULL,0
"K1408","Hollitzer","Hollitzer Wissenschaftsverlag","Buchwissenschaft, Buchhandel","Verlag","verlagsrelevant",True,True,True,2
"K1409","Holzheimer Verlag",NULL,NULL,"Verlag",NULL,True,False,True,1
"K1410","HomeBooks","Homebooks","Buchwissenschaft, Buchhandel",NULL,"verlagsrelevant",NULL,True,True,1
"K1411","Homo Littera","HOMO Littera (Firma)","Buchwissenschaft, Buchhandel","Unternehmen","verlagsrelevant",False,True,True,1
"K1412","Hora-Verl.","Editura Hora (Hermannstadt)","Buchwissenschaft, Buchhandel",NULL,"verlagsrelevant",NULL,True,True,1
"K1413","Horizont Media Verlag",NULL,NULL,"Verlag",NULL,True,False,True,1
"K1414","Horlemann","Horlemann Verlag","Buchwissenschaft, Buchhandel","Verlag","verlagsrelevant",True,True,True,2
"K1415","Hottenstein Buchverlag","Hottenstein Buchverlag","Buchwissenschaft, Buchhandel","Verlag","verlagsrelevant",True,True,True,2
"K1416","House of the Poets","House of the Poets","Buchwissenschaft, Buchhandel",NULL,"verlagsrelevant",NULL,True,True,1
"K1417","Huber",NULL,NULL,NULL,NULL,NULL,False,NULL,0
"K1418","Hummelshain Verlag","Hummelshain Verlag","Buchwissenschaft, Buchhandel","Verlag","verlagsrelevant",True,True,True,2
"K1419","Hunold, Konstanze",NULL,NULL,NULL,NULL,NULL,False,NULL,0
"K1420","Hunter Verlag",NULL,NULL,"Verlag",NULL,True,False,True,1
"K1421","Husum Druck- und Verlagsgesellschaft","Husum Druck- und Verlagsgesellschaft",NULL,"Verlag",NULL,True,False,True,1
"K1422","Hybrid Verlag","Hybrid Verlag",NULL,"Verlag",NULL,True,False,True,1
"K1423","Hydre Éditions",NULL,NULL,NULL,NULL,NULL,False,NULL,0
"K1424","Hydre éditions",NULL,NULL,NULL,NULL,NULL,False,NULL,0
"K1425","Häusser-Media-Verl.",NULL,NULL,"Verlag",NULL,True,False,True,1
"K1426","Höchlerbach",NULL,NULL,NULL,NULL,NULL,False,NULL,0
"K2508","Schöler",NULL,NULL,NULL,NULL,NULL,False,NULL,0
"K1427","Höll Verlag","Verlag Peter Höll","Buchwissenschaft, Buchhandel","Verlag","verlagsrelevant",True,True,True,2
"K1428","Hüsch & Hüsch GmbH","Hüsch & Hüsch GmbH","Buchwissenschaft, Buchhandel","Unternehmen","verlagsrelevant",False,True,True,1
"K1429","I. Reen Bow",NULL,NULL,NULL,NULL,NULL,False,NULL,0
"K1430","IATROS-Verlag und Services GmbH","IATROS Verlag & Services GmbH","Buchwissenschaft, Buchhandel","Verlag","verlagsrelevant",True,True,True,2
"K1431","IDEA","IDEA","Militär",NULL,NULL,NULL,False,NULL,0
"K1432","IDV AG",NULL,NULL,NULL,NULL,NULL,False,NULL,0
"K1433","IFB Verlag Deutsche Sprache","IFB Verlag Deutsche Sprache GmbH","Buchwissenschaft, Buchhandel","Verlag","verlagsrelevant",True,True,True,2
"K1434","IKGS Verlag","IKGS","Buchwissenschaft, Buchhandel",NULL,"verlagsrelevant",NULL,True,True,1
"K1435","IKGS-Verl.","IKGS","Buchwissenschaft, Buchhandel",NULL,"verlagsrelevant",NULL,True,True,1
"K1436","IKOS Verlag","IKOS-Verlag Silvia Orlando Akagi","Buchwissenschaft, Buchhandel","Verlag","verlagsrelevant",True,True,True,2
"K1437","IL-Verlag","IL-Verlag",NULL,"Verlag",NULL,True,False,True,1
"K1438","IMT-Verlag der SIMB e.U.","SIMB GmbH & Co. KG IMT Verlag","Buchwissenschaft, Buchhandel","Verlag","verlagsrelevant",True,True,True,2
"K1439","INKAS","Ecuador Inkas","Musik (Allgemeines), Musikgeschichte",NULL,NULL,NULL,False,NULL,0
"K1440","IO-Verl.","IO Verlag","Buchwissenschaft, Buchhandel","Verlag","verlagsrelevant",True,True,True,2
"K1441","ISB-Verl.","ISB-Verlag","Buchwissenschaft, Buchhandel","Verlag","verlagsrelevant",True,True,True,2
"K1442","Iatros Verlag","IATROS Verlag & Services GmbH","Buchwissenschaft, Buchhandel","Verlag","verlagsrelevant",True,True,True,2
"K1443","Ibera Verlag","Ibera Verlag","Buchwissenschaft, Buchhandel","Verlag","verlagsrelevant",True,True,True,2
"K1444","IchZwei-Verlag",NULL,NULL,"Verlag",NULL,True,False,True,1
"K1445","Ida Universum",NULL,NULL,NULL,NULL,NULL,False,NULL,0
"K1446","Idea, Ed. Pega",NULL,NULL,"Verlag",NULL,True,False,True,1
"K1447","Idee & Produkt Verlag","IDEE&PRODUKT Verlag","Buchwissenschaft, Buchhandel","Verlag","verlagsrelevant",True,True,True,2
"K1448","Ideenbrücke Verlag","ideenbrücke / Braunschweigverlag","Buchwissenschaft, Buchhandel","Verlag","verlagsrelevant",True,True,True,2
"K1449","Ideos","Ideos Verlag AG","Buchwissenschaft, Buchhandel","Verlag","verlagsrelevant",True,True,True,2
"K1450","Igel Verlag Literatur & Wissenschaft","Igel Verlag Literatur","Buchwissenschaft, Buchhandel","Verlag","verlagsrelevant",True,True,True,2
"K1451","Ikon-Verl.-GesmbH","ikon VerlagsGesmbH","Buchwissenschaft, Buchhandel","Verlag","verlagsrelevant",True,True,True,2
"K1452","Ille & Riemer","Verlag Ille & Riemer","Buchwissenschaft, Buchhandel","Verlag","verlagsrelevant",True,True,True,2
"K1453","Ilona Bürgel","Bürgel, Ilona",NULL,NULL,NULL,NULL,False,NULL,0
"K1454","ImPrint Verlag","ImPrint Verlag","Buchwissenschaft, Buchhandel","Verlag","verlagsrelevant",True,True,True,2
"K1455","In Farbe und Bunt","In Farbe und Bunt (Firma)","Buchwissenschaft, Buchhandel","Unternehmen","verlagsrelevant",False,True,True,1
"K1456","Incubus Verlag","Incubus Verlag","Buchwissenschaft, Buchhandel","Verlag","verlagsrelevant",True,True,True,2
"K1457","Independent Bookworm","Independent Bookworm","Buchwissenschaft, Buchhandel",NULL,"verlagsrelevant",NULL,True,True,1
"K1458","Indian-Summer-Edition",NULL,NULL,"Verlag",NULL,True,False,True,1
"K1459","Infinite Monkeys' Press","Infinite Monkeys' Press KG","Buchwissenschaft, Buchhandel",NULL,"verlagsrelevant",NULL,True,True,1
"K1460","Info & Idee Medien-Verlag",NULL,NULL,"Verlag",NULL,True,False,True,1
"K1461","Info Verlag","INFO Verlag GmbH","Buchwissenschaft, Buchhandel","Verlag","verlagsrelevant",True,True,True,2
"K1462","Inform-Verl.","Inform Verlag GmbH","Buchwissenschaft, Buchhandel","Verlag","verlagsrelevant",True,True,True,2
"K1463","Ingo Koch Verlag","Koch, Ingo, Verlag","Buchwissenschaft, Buchhandel","Verlag","verlagsrelevant",True,True,True,2
"K1464","Initiative DarkSky Nord",NULL,NULL,NULL,NULL,NULL,False,NULL,0
"K1465","Inkitt Inc.",NULL,NULL,NULL,NULL,NULL,False,NULL,0
"K1466","Innerhofer, Agnes","Innerhofer, Agnes",NULL,NULL,NULL,NULL,False,NULL,0
"K1467","Innings, Ava","Innings, Ava",NULL,NULL,NULL,NULL,False,NULL,0
"K1468","Innsalz","edition innsalz Verlags GmbH","Buchwissenschaft, Buchhandel","Verlag","verlagsrelevant",True,True,True,2
"K1469","Innsbruck Univ. Press","Universität Innsbruck. innsbruck university press iup","Buchwissenschaft, Buchhandel","Bildungseinrichtung","verlagsrelevant",False,True,True,1
"K1470","Input-Verlag","Input-Verlag","Buchwissenschaft, Buchhandel","Verlag","verlagsrelevant",True,True,True,2
"K1471","Insel","Insel Verlag Frankfurt am Main","Buchwissenschaft, Buchhandel","Verlag","verlagsrelevant",True,True,True,2
"K1472","Insel Verlag","Insel Verlag Berlin","Einzelne Branchen der Industrie und des Handwerks; Buchwissenschaft, Buchhandel","Verlag","verlagsrelevant",True,True,True,2
"K1473","Institut für Digitale Ethik","Institut für Digitale Ethik",NULL,"Institut",NULL,False,False,False,0
"K1474","Institut für deutsche Sprache und Literatur I, Universität zu Köln","Universität zu Köln. Institut für Deutsche Sprache und Literatur I",NULL,"Institut",NULL,False,False,False,0
"K1475","Interforum e.V.","Interforum e.V.",NULL,"Verein",NULL,False,False,False,0
"K1476","Internationale Buchverlage",NULL,NULL,"Verlag",NULL,True,False,True,1
"K1477","Internationaler Literatur- und Lyrik-Verlag","Internationaler Literatur und Lyrik Verlag","Buchwissenschaft, Buchhandel","Verlag","verlagsrelevant",True,True,True,2
"K1478","Internet-Buchverl.","Internet-Buchverlag","Buchwissenschaft, Buchhandel","Verlag","verlagsrelevant",True,True,True,2
"K1479","Ioma-Verl.","Ioma Verlag","Buchwissenschaft, Buchhandel","Verlag","verlagsrelevant",True,True,True,2
"K1480","Irisiana","Irisiana","Buchwissenschaft, Buchhandel",NULL,"verlagsrelevant",NULL,True,True,1
"K1481","Isensee Verlag","Isensee-Verlag","Einzelne Branchen der Industrie und des Handwerks","Verlag",NULL,True,False,True,1
"K1482","Iskopress","iskopress Verlags GmbH","Buchwissenschaft, Buchhandel","Verlag","verlagsrelevant",True,True,True,2
"K1483","Iudicium","Iudicium Verlag GmbH","Buchwissenschaft, Buchhandel","Verlag","verlagsrelevant",True,True,True,2
"K1484","Izdatelstvo Vesi",NULL,NULL,NULL,NULL,NULL,False,NULL,0
"K1485","J. Flume",NULL,NULL,NULL,NULL,NULL,False,NULL,0
"K1486","J. Kissel",NULL,NULL,NULL,NULL,NULL,False,NULL,0
"K1487","J. Münch",NULL,NULL,NULL,NULL,NULL,False,NULL,0
"K1488","J.F. Hagenlocher Verlag",NULL,NULL,"Verlag",NULL,True,False,True,1
"K1489","J.H. Röll","Verlag J.H. Röll","Buchwissenschaft, Buchhandel","Verlag","verlagsrelevant",True,True,True,2
"K1490","J.S. Klotz Verlagshaus","J.S. Klotz Verlagshaus",NULL,"Verlag",NULL,True,False,True,1
"K1491","JFF",NULL,NULL,NULL,NULL,NULL,False,NULL,0
"K1492","JKH-Verlag",NULL,NULL,"Verlag",NULL,True,False,True,1
"K1493","JOJO","Jojo","Musik (Allgemeines), Musikgeschichte",NULL,NULL,NULL,False,NULL,0
"K1494","JRP Ringier","JRP Ringier Kunstverlag AG","Buchwissenschaft, Buchhandel","Verlag","verlagsrelevant",True,True,True,2
"K1495","JUDITH DESIGN VERLAG",NULL,NULL,"Verlag",NULL,True,False,True,1
"K1496","JUHR Verlag",NULL,NULL,"Verlag",NULL,True,False,True,1
"K1497","JVA Hannover","Justizvollzugsanstalt (Hannover)",NULL,NULL,NULL,NULL,False,NULL,0
"K1498","JWV Wiemann",NULL,NULL,NULL,NULL,NULL,False,NULL,0
"K1499","Jacoby & Stuart","Verlagshaus Jacoby & Stuart","Einzelne Branchen der Industrie und des Handwerks; Buchwissenschaft, Buchhandel","Verlag","verlagsrelevant",True,True,True,2
"K1500","Jagd- und Kulturverl.","Jagd- und Kulturverlag","Buchwissenschaft, Buchhandel","Verlag","verlagsrelevant",True,True,True,2
"K1501","Jahreszeiten Verlag GmbH","Jahreszeiten-Verlag","Buchwissenschaft, Buchhandel","Verlag","verlagsrelevant",True,True,True,2
"K1502","Jaja Verlag","Jaja Verlag","Buchwissenschaft, Buchhandel","Verlag","verlagsrelevant",True,True,True,2
"K1503","Jaja-Verl.","Jaja Verlag","Buchwissenschaft, Buchhandel","Verlag","verlagsrelevant",True,True,True,2
"K1504","Jan Deichmohle c/o AutorenServices.de",NULL,NULL,NULL,NULL,NULL,False,NULL,0
"K1505","Janson",NULL,NULL,NULL,NULL,NULL,False,NULL,0
"K1506","Jaron Verlag","Jaron Verlag","Buchwissenschaft, Buchhandel","Verlag","verlagsrelevant",True,True,True,2
"K1507","Jean Verlag","Jean Verlag","Buchwissenschaft, Buchhandel","Verlag","verlagsrelevant",True,True,True,2
"K1508","Jeetzelbuch",NULL,NULL,NULL,NULL,NULL,False,NULL,0
"K1509","Jens Quedens Verlag",NULL,NULL,"Verlag",NULL,True,False,True,1
"K1510","Jerkov Verlag",NULL,NULL,"Verlag",NULL,True,False,True,1
"K1511","Jerry Media","Jerry Media","Buchwissenschaft, Buchhandel",NULL,"verlagsrelevant",NULL,True,True,1
"K1512","Jes Schön  c/o WirFinden.Es Naß und Hellie GbR",NULL,NULL,"Unternehmen",NULL,False,False,False,0
"K1513","Jes Schön c/o WirFinden.Es Naß und Hellie GbR",NULL,NULL,"Unternehmen",NULL,False,False,False,0
"K1514","Jo-Strauß-Ed.",NULL,NULL,"Verlag",NULL,True,False,True,1
"K1515","Joanmartin Literaturverlag","Joan-Martin-Literaturverlag","Buchwissenschaft, Buchhandel","Verlag","verlagsrelevant",True,True,True,2
"K1516","Johannis","Johannis","Buchwissenschaft, Buchhandel",NULL,"verlagsrelevant",NULL,True,True,1
"K1517","Jokers","Great Jokers","Musik (Allgemeines), Musikgeschichte",NULL,NULL,NULL,False,NULL,0
"K1518","Jos-Fritz-Verl.","Buchhandlung Jos Fritz (Freiburg im Breisgau)","Buchwissenschaft, Buchhandel","Buchhandlung","verlagsrelevant",False,True,True,1
"K1519","Joy Edition","JOY EDITION","Buchwissenschaft, Buchhandel","Verlag","verlagsrelevant",True,True,True,2
"K1520","JuLl – Junges Literaturlabor","Junges Literaturlabor",NULL,NULL,NULL,NULL,False,NULL,0
"K1521","Jud","JUD","Musik (Allgemeines), Musikgeschichte",NULL,NULL,NULL,False,NULL,0
"K1522","Jumbo","Jumbo","Musik (Allgemeines), Musikgeschichte",NULL,NULL,NULL,False,NULL,0
"K1523","Junfermann","Junfermann Verlag","Buchwissenschaft, Buchhandel","Verlag","verlagsrelevant",True,True,True,2
"K1524","Jung und Jung","Jung und Jung","Buchwissenschaft, Buchhandel",NULL,"verlagsrelevant",NULL,True,True,1
"K1525","Junges Literaturforum Hessen-Thüringen","Junges Literaturforum Hessen-Thüringen","Literarisches Leben","Gemeinschaft","verlagsrelevant",False,True,True,1
"K1526","Juno Editions",NULL,NULL,"Verlag",NULL,True,False,True,1
"K1527","Juppus Bücher",NULL,NULL,NULL,NULL,NULL,False,NULL,0
"K1528","JustTales Verlag",NULL,NULL,"Verlag",NULL,True,False,True,1
"K1529","Justinus-Kerner-Verein und Frauenverein","Justinus-Kerner-Verein und Frauenverein","Gruppe, Organisationssoziologie, Interaktion; Literarisches Leben","Verein","verlagsrelevant",False,True,True,1
"K1530","Justus von Liebig Verlag","Justus-von-Liebig-Verlag","Buchwissenschaft, Buchhandel","Verlag","verlagsrelevant",True,True,True,2
"K1531","Jürgen Höller Academy","Jürgen Höller Academy KG","Buchwissenschaft, Buchhandel",NULL,"verlagsrelevant",NULL,True,True,1
"K1532","K & S",NULL,NULL,NULL,NULL,NULL,False,NULL,0
"K1533","K & W",NULL,NULL,NULL,NULL,NULL,False,NULL,0
"K1534","KBV Verlag","KBV Klein & Blechinger Verlag GmbH","Buchwissenschaft, Buchhandel","Verlag","verlagsrelevant",True,True,True,2
"K1535","KCM-Verl.",NULL,NULL,"Verlag",NULL,True,False,True,1
"K1536","KEHI-Verl.",NULL,NULL,"Verlag",NULL,True,False,True,1
"K1537","KJM Buchverlag",NULL,NULL,"Verlag",NULL,True,False,True,1
"K1538","KKF Buchecke","KKF Buchecke","Buchwissenschaft, Buchhandel",NULL,"verlagsrelevant",NULL,True,True,1
"K1539","KLAK","KLAK Verlag","Buchwissenschaft, Buchhandel","Verlag","verlagsrelevant",True,True,True,2
"K1540","KSB-Media GmbH","KSB-Media GmbH","Buchwissenschaft, Buchhandel","Unternehmen","verlagsrelevant",False,True,True,1
"K1541","KUNSTUNDWERK - Sachbuchverlag",NULL,NULL,"Verlag",NULL,True,False,True,1
"K1542","KUNTS e.V.","Kunts e.V.",NULL,"Verein",NULL,False,False,False,0
"K1543","KUUUK-Verl.","KUUUK Verlag und Medien","Buchwissenschaft, Buchhandel","Verlag","verlagsrelevant",True,True,True,2
"K1544","KVHS",NULL,NULL,NULL,NULL,NULL,False,NULL,0
"K1545","KW Thörmer",NULL,NULL,NULL,NULL,NULL,False,NULL,0
"K1546","KaMeRu Verlag","KaMeRu Verlag","Buchwissenschaft, Buchhandel","Verlag","verlagsrelevant",True,True,True,2
"K1547","Kaden","Kaden + Kaden Holzgestaltung",NULL,NULL,NULL,NULL,False,NULL,0
"K1548","Kadera Verlag","Kadera-Verlag","Buchwissenschaft, Buchhandel","Verlag","verlagsrelevant",True,True,True,2
"K1549","Kaisermühlenverlag",NULL,NULL,"Verlag",NULL,True,False,True,1
"K1550","Kalt Medien AG","Kalt Medien AG","Buchwissenschaft, Buchhandel",NULL,"verlagsrelevant",NULL,True,True,1
"K1551","Kalt-Zehnder","Kalt-Zehnder-Druck (Zug)","Einzelne Branchen der Industrie und des Handwerks","Druckerei",NULL,False,False,False,0
"K1552","Kaltenmeier","H. Kaltenmeier Söhne (Krefeld-Hüls)",NULL,NULL,NULL,NULL,False,NULL,0
"K1553","Kampa Verlag","Kampa Verlag","Buchwissenschaft, Buchhandel","Verlag","verlagsrelevant",True,True,True,2
"K1554","Kampenwand Verlag",NULL,NULL,"Verlag",NULL,True,False,True,1
"K1555","Kannemann","Kannemann & Miko","Musik (Allgemeines), Musikgeschichte",NULL,NULL,NULL,False,NULL,0
"K1556","Karin Fischer Verlag","Karin-Fischer-Verlag","Einzelne Branchen der Industrie und des Handwerks; Buchwissenschaft, Buchhandel","Verlag","verlagsrelevant",True,True,True,2
"K1557","Karina Verlag","Karina-Verlag","Buchwissenschaft, Buchhandel","Verlag","verlagsrelevant",True,True,True,2
"K2567","Skyfood Verlag","Skyfood Verlag",NULL,"Verlag",NULL,True,False,True,1
"K1558","Karjas-Verl.","Karjas Verlag GmbH","Buchwissenschaft, Buchhandel","Verlag","verlagsrelevant",True,True,True,2
"K1559","Karl-Lappe Verlag","Karl-Lappe Verlag","Buchwissenschaft, Buchhandel","Verlag","verlagsrelevant",True,True,True,2
"K1560","Karl-May-Bücherei",NULL,NULL,NULL,NULL,NULL,False,NULL,0
"K1561","Karl-May-Verlag","Karl-May-Verlag","Buchwissenschaft, Buchhandel","Verlag","verlagsrelevant",True,True,True,2
"K1562","Karolinger","Karolinger Verlag","Buchwissenschaft, Buchhandel","Verlag","verlagsrelevant",True,True,True,2
"K1563","Kassandra-Verl.","Kassandra Verlag","Buchwissenschaft, Buchhandel","Verlag","verlagsrelevant",True,True,True,2
"K1564","Kastel, Theodor","Theodor Kastel (Firma)","Buchwissenschaft, Buchhandel","Unternehmen","verlagsrelevant",False,True,True,1
"K1565","Kastner","Kastner AG",NULL,NULL,NULL,NULL,False,NULL,0
"K1566","Kater Literaturverlag",NULL,NULL,"Verlag",NULL,True,False,True,1
"K1567","Kath. Akad.",NULL,NULL,NULL,NULL,NULL,False,NULL,0
"K1568","Katharina-Verl.","Katharina-Verlag-Ingelheim","Buchwissenschaft, Buchhandel","Verlag","verlagsrelevant",True,True,True,2
"K1569","Kaufmann Verlag","Verlag Ernst Kaufmann","Buchwissenschaft, Buchhandel","Verlag","verlagsrelevant",True,True,True,2
"K1570","Kava-Pech",NULL,NULL,NULL,NULL,NULL,False,NULL,0
"K1571","Kawe8","kawe8 Verlag e.K.","Buchwissenschaft, Buchhandel","Verlag","verlagsrelevant",True,True,True,2
"K1572","Kawohl Verlag","Kawohl Verlag","Buchwissenschaft, Buchhandel","Verlag","verlagsrelevant",True,True,True,2
"K1573","Kein & Aber","Kein & Aber AG","Buchwissenschaft, Buchhandel; Einzelne Branchen der Industrie und des Handwerks",NULL,"verlagsrelevant",NULL,True,True,1
"K1574","Kein & Aber AG","Kein & Aber AG","Buchwissenschaft, Buchhandel; Einzelne Branchen der Industrie und des Handwerks",NULL,"verlagsrelevant",NULL,True,True,1
"K1575","Kein und Aber","Kein & Aber AG","Buchwissenschaft, Buchhandel; Einzelne Branchen der Industrie und des Handwerks",NULL,"verlagsrelevant",NULL,True,True,1
"K1576","Kelebek Verlag",NULL,NULL,"Verlag",NULL,True,False,True,1
"K1577","Kelkel Verlag","Kelkel Verlag","Buchwissenschaft, Buchhandel","Verlag","verlagsrelevant",True,True,True,2
"K1578","Kellner Verlag","Klaus Kellner Verlag e.K.","Buchwissenschaft, Buchhandel","Verlag","verlagsrelevant",True,True,True,2
"K1579","Kelm","Friedrich Kelm (Firma)","Buchwissenschaft, Buchhandel","Unternehmen","verlagsrelevant",False,True,True,1
"K1580","Kempen, Sarah M.",NULL,NULL,NULL,NULL,NULL,False,NULL,0
"K1581","Kern",NULL,NULL,NULL,NULL,NULL,False,NULL,0
"K1582","Ketteler",NULL,NULL,NULL,NULL,NULL,False,NULL,0
"K1583","Khorshid-Verl.","Khorshid Verlag Dr. phil Karin Afshar e.Kfm.","Buchwissenschaft, Buchhandel","Verlag","verlagsrelevant",True,True,True,2
"K1584","Kid Verlag","Kid Verlag","Buchwissenschaft, Buchhandel","Verlag","verlagsrelevant",True,True,True,2
"K1585","Kidemus","KIDEMUS GmbH","Buchwissenschaft, Buchhandel","Unternehmen","verlagsrelevant",False,True,True,1
"K1586","Kidnap Music",NULL,NULL,NULL,NULL,NULL,False,NULL,0
"K1587","Kiepenheuer & Witsch","Verlag Kiepenheuer & Witsch","Buchwissenschaft, Buchhandel","Verlag","verlagsrelevant",True,True,True,2
"K1588","Killroy Media","KILLROY media","Buchwissenschaft, Buchhandel",NULL,"verlagsrelevant",NULL,True,True,1
"K1589","Kindermund Verlag","Kindermund Verlag","Buchwissenschaft, Buchhandel","Verlag","verlagsrelevant",True,True,True,2
"K1590","Kinzel","Manuela Kinzel Verlag","Buchwissenschaft, Buchhandel","Verlag","verlagsrelevant",True,True,True,2
"K1591","Kinzelbach","Verlag Donata Kinzelbach","Buchwissenschaft, Buchhandel","Verlag","verlagsrelevant",True,True,True,2
"K1592","Kirchschlager","Verlag Kirchschlager","Buchwissenschaft, Buchhandel","Verlag","verlagsrelevant",True,True,True,2
"K1593","Kitab","Verlag KITAB","Buchwissenschaft, Buchhandel","Verlag","verlagsrelevant",True,True,True,2
"K1594","Klarant Verlag","Klarant UG","Buchwissenschaft, Buchhandel",NULL,"verlagsrelevant",NULL,True,True,1
"K1595","Klartext","Klartext Verlag","Buchwissenschaft, Buchhandel","Verlag","verlagsrelevant",True,True,True,2
"K1596","Klatschmohn-Verl.","Klatschmohn-Verlag (Bentwisch)","Einzelne Branchen der Industrie und des Handwerks","Verlag",NULL,True,False,True,1
"K1597","Klaudia Zotzmann-Koch c/o Bianca Kronsteine, impressumservice.net",NULL,NULL,NULL,NULL,NULL,False,NULL,0
"K1598","Klaus Becker Verlag","Klaus Becker Verlag","Buchwissenschaft, Buchhandel","Verlag","verlagsrelevant",True,True,True,2
"K1599","Klecks Verlag","KLECKS-VERLAG","Buchwissenschaft, Buchhandel","Verlag","verlagsrelevant",True,True,True,2
"K1600","Klemm + Oelschläger","Klemm+Oelschläger",NULL,NULL,NULL,NULL,False,NULL,0
"K1601","Klett-Cotta","Klett-Cotta Verlag","Buchwissenschaft, Buchhandel","Verlag","verlagsrelevant",True,True,True,2
"K1602","Klever Verlag","Klever Verlag","Buchwissenschaft, Buchhandel","Verlag","verlagsrelevant",True,True,True,2
"K1603","Klever-Verl.","Klever Verlag","Buchwissenschaft, Buchhandel","Verlag","verlagsrelevant",True,True,True,2
"K1604","Klimpke","Jürgen Klimpke (Firma)","Buchwissenschaft, Buchhandel","Unternehmen","verlagsrelevant",False,True,True,1
"K1605","Kloft","Christoph Kloft (Firma)","Buchwissenschaft, Buchhandel","Unternehmen","verlagsrelevant",False,True,True,1
"K1606","Klub Ljubitelja Knjiga Majdan",NULL,NULL,NULL,NULL,NULL,False,NULL,0
"K1607","Klub Ljubitelja Knjige Majdan",NULL,NULL,NULL,NULL,NULL,False,NULL,0
"K1608","Klöpfer","Roland Klöpfer GmbH (Ottersweier)","Einzelne Branchen der Industrie und des Handwerks","Unternehmen",NULL,False,False,False,0
"K1609","Klöpfer & Meyer","Klöpfer & Meyer","Buchwissenschaft, Buchhandel",NULL,"verlagsrelevant",NULL,True,True,1
"K1610","Knapp","Knapp Verlag","Buchwissenschaft, Buchhandel","Verlag","verlagsrelevant",True,True,True,2
"K1611","Knaur Verlag","Knaur Taschenbuch","Buchwissenschaft, Buchhandel",NULL,"verlagsrelevant",NULL,True,True,1
"K1612","Knaus","Knaus","Buchwissenschaft, Buchhandel",NULL,"verlagsrelevant",NULL,True,True,1
"K1613","Kniphof-Verl.",NULL,NULL,"Verlag",NULL,True,False,True,1
"K1614","Knürr",NULL,NULL,NULL,NULL,NULL,False,NULL,0
"K1615","Kobold Books",NULL,NULL,NULL,NULL,NULL,False,NULL,0
"K1616","Koehler",NULL,NULL,NULL,NULL,NULL,False,NULL,0
"K1617","Koha","KOHA-Verlag GmbH","Buchwissenschaft, Buchhandel","Verlag","verlagsrelevant",True,True,True,2
"K1618","Koinonia-Oriens e.V.","Patristisches Zentrum Koinonia-Oriens e.V.","Buchwissenschaft, Buchhandel","Verein","verlagsrelevant",False,True,True,1
"K1619","Kolchis Belletristik",NULL,NULL,NULL,NULL,NULL,False,NULL,0
"K1620","Kolme-K-Verl.","kolme k-Verlag","Buchwissenschaft, Buchhandel","Verlag","verlagsrelevant",True,True,True,2
"K1621","KommPlot, Autorinnengruppe","KommPlot",NULL,NULL,NULL,NULL,False,NULL,0
"K1622","Kommode Verlag","Kommode Verlag","Buchwissenschaft, Buchhandel","Verlag","verlagsrelevant",True,True,True,2
"K1623","Kommunal- und Schul-Verl.","Kommunal- und Schul-Verlag","Buchwissenschaft, Buchhandel","Verlag","verlagsrelevant",True,True,True,2
"K1624","Komplett-Media","Komplett-Media GmbH",NULL,"Unternehmen",NULL,False,False,False,0
"K1625","Konserve Verlag","Konserve-Verlag (Leipzig)",NULL,"Verlag",NULL,True,False,True,1
"K1626","Kontrasp",NULL,NULL,NULL,NULL,NULL,False,NULL,0
"K1627","Kontrast Verlag","KONTRAST-VERLAG","Buchwissenschaft, Buchhandel","Verlag","verlagsrelevant",True,True,True,2
"K1628","Kontrast-Verl.","KONTRAST-VERLAG","Buchwissenschaft, Buchhandel","Verlag","verlagsrelevant",True,True,True,2
"K1629","Konzepta, Agentur und Werbemittel","Konzepta - Agentur und Werbemittel GmbH","Buchwissenschaft, Buchhandel","Unternehmen","verlagsrelevant",False,True,True,1
"K1630","Kooperative Dürnau","Verlag der Kooperative Dürnau","Buchwissenschaft, Buchhandel","Verlag","verlagsrelevant",True,True,True,2
"K1631","Kopf & Kragen",NULL,NULL,NULL,NULL,NULL,False,NULL,0
"K1632","KopfKino-Verl.","KopfKino-Verlag","Buchwissenschaft, Buchhandel","Verlag","verlagsrelevant",True,True,True,2
"K1633","KopfKino-Verlag","KopfKino-Verlag","Buchwissenschaft, Buchhandel","Verlag","verlagsrelevant",True,True,True,2
"K1634","Korbinian Verlag","Korbinian Verlag",NULL,"Verlag",NULL,True,False,True,1
"K1635","Kosmos","Kosmos Verlag","Buchwissenschaft, Buchhandel; Einzelne Branchen der Industrie und des Handwerks","Verlag","verlagsrelevant",True,True,True,2
"K1636","Kovar, R",NULL,NULL,NULL,NULL,NULL,False,NULL,0
"K1637","Krachkultur Verlag","Krachkultur","Buchwissenschaft, Buchhandel",NULL,"verlagsrelevant",NULL,True,True,1
"K1638","Kral Verlag","Kral Ges.m.b.H.","Buchwissenschaft, Buchhandel","Unternehmen","verlagsrelevant",False,True,True,1
"K1639","Kranich-Verl.","Kranich-Verlag (Zollikon)","Einzelne Branchen der Industrie und des Handwerks; Buchwissenschaft, Buchhandel","Verlag","verlagsrelevant",True,True,True,2
"K1640","Kratzke, Verl. für Kunst- und Kulturgeschichte",NULL,NULL,"Verlag",NULL,True,False,True,1
"K1641","Krauß","Krauß Verlag",NULL,"Verlag",NULL,True,False,True,1
"K1642","Kreativ-Verlag",NULL,NULL,"Verlag",NULL,True,False,True,1
"K1643","Kreativrat der Schreibwerkstatt Feldkirch",NULL,NULL,NULL,NULL,NULL,False,NULL,0
"K1644","Krebs",NULL,NULL,NULL,NULL,NULL,False,NULL,0
"K1645","Kreisausschuss Odenwaldkreis, Kreisausschuss","Odenwaldkreis. Der Kreisausschuß","Buchwissenschaft, Buchhandel","Gemeinschaft","verlagsrelevant",False,True,True,1
"K1646","Kremayr & Scheriau","Verlag Kremayr & Scheriau","Buchwissenschaft, Buchhandel","Verlag","verlagsrelevant",True,True,True,2
"K1647","Kremser Literaturforum",NULL,NULL,"Gemeinschaft",NULL,False,False,False,0
"K1648","Kreuz",NULL,NULL,NULL,NULL,NULL,False,NULL,0
"K1649","Kruse",NULL,NULL,NULL,NULL,NULL,False,NULL,0
"K1650","Krüger","FISCHER Krüger","Buchwissenschaft, Buchhandel",NULL,"verlagsrelevant",NULL,True,True,1
"K1651","Kuckuck & Straps im Lichtung-Verl.","Kuckuck & Straps","Buchwissenschaft, Buchhandel",NULL,"verlagsrelevant",NULL,True,True,1
"K1652","Kulmbacher Literaturverein","Kulmbacher Literaturverein","Gruppe, Organisationssoziologie, Interaktion; Literarisches Leben; Buchwissenschaft, Buchhandel","Verein","verlagsrelevant",False,True,True,1
"K1653","Kulturbuchverlag","Kulturbuchverlag Herausgeber",NULL,"Verlag",NULL,True,False,True,1
"K1654","Kulturbuchverlag Herausgeber","Kulturbuchverlag Herausgeber",NULL,"Verlag",NULL,True,False,True,1
"K1655","Kulturland Niederösterreich",NULL,NULL,NULL,NULL,NULL,False,NULL,0
"K1656","Kulturleben Marktgemeinde Grassau",NULL,NULL,NULL,NULL,NULL,False,NULL,0
"K1657","Kulturmaschinen Verlag","Kulturmaschinen e.K.","Buchwissenschaft, Buchhandel","Unternehmen","verlagsrelevant",False,True,True,1
"K1658","Kulturstammtisch","Kulturstammtisch Kirchstetten","Kultur, Künste allgemein",NULL,NULL,NULL,False,NULL,0
"K1659","Kulturverein Möhnsee e.V.",NULL,NULL,"Verein",NULL,False,False,False,0
"K1660","Kulturverein Schloss Homburg am Main e.V.","Kulturverein Schloss Homburg am Main","Kultur, Künste allgemein","Verein",NULL,False,False,False,0
"K1661","Kulturverl. Kadmos","Kulturverlag Kadmos Berlin","Buchwissenschaft, Buchhandel","Verlag","verlagsrelevant",True,True,True,2
"K1662","Kulturverlag Kadmos","Kulturverlag Kadmos Berlin","Buchwissenschaft, Buchhandel","Verlag","verlagsrelevant",True,True,True,2
"K1663","Kulturzone e.V.",NULL,NULL,"Verein",NULL,False,False,False,0
"K1664","Kunst und Alltag","Verlag Kunst und Alltag","Buchwissenschaft, Buchhandel","Verlag","verlagsrelevant",True,True,True,2
"K1665","Kunst- und Textwerk-Verl.",NULL,NULL,"Verlag",NULL,True,False,True,1
"K1666","KunstSinn-Verlag",NULL,NULL,"Verlag",NULL,True,False,True,1
"K1667","Kunstanstifter-Verl.","Kunstanstifter Verlag e.Kfr.","Buchwissenschaft, Buchhandel","Verlag","verlagsrelevant",True,True,True,2
"K1668","Kunstforum Salzkammergut",NULL,NULL,"Gemeinschaft",NULL,False,False,False,0
"K1669","Kunsthaus-Verl.","KUNSTHAUS - VERLAG","Buchwissenschaft, Buchhandel","Verlag","verlagsrelevant",True,True,True,2
"K1670","Kunsthochschule für Medien Köln","Kunsthochschule für Medien Köln","Neue Formen der Kunst; Hochschule","Bildungseinrichtung",NULL,False,False,False,0
"K1671","Kunstmann Verlag","Verlag Antje Kunstmann","Buchwissenschaft, Buchhandel","Verlag","verlagsrelevant",True,True,True,2
"K1672","Kunstverl. Fink","Kunstverlag Josef Fink","Buchwissenschaft, Buchhandel; Bildende Kunst","Verlag","verlagsrelevant",True,True,True,2
"K1673","Kunze",NULL,NULL,NULL,NULL,NULL,False,NULL,0
"K1674","Kuqi-Institut für Sprachwissenschaft, Adrian Kuqi",NULL,NULL,"Institut",NULL,False,False,False,0
"K1675","Kurierverlags GmbH & Co. KG","Kurierverlags GmbH & Co. KG",NULL,"Verlag",NULL,True,False,True,1
"K1676","Kurznachzehn Verlag",NULL,NULL,"Verlag",NULL,True,False,True,1
"K1677","Kuschelgang","Kuschelgang (Körperschaft)",NULL,NULL,NULL,NULL,False,NULL,0
"K1678","Kwalae Verlag",NULL,NULL,"Verlag",NULL,True,False,True,1
"K1679","Kynos-Verl.","Kynos Verlag Dr. Dieter Fleig","Buchwissenschaft, Buchhandel","Verlag","verlagsrelevant",True,True,True,2
"K1680","Kyrene","Kyrene Verlag","Buchwissenschaft, Buchhandel","Verlag","verlagsrelevant",True,True,True,2
"K2568","Smart & Nett",NULL,NULL,NULL,NULL,NULL,False,NULL,0
"K1681","Königshausen & Neumann","Verlag Königshausen & Neumann","Buchwissenschaft, Buchhandel","Verlag","verlagsrelevant",True,True,True,2
"K1682","Kösel","Kösel-Verlag","Buchwissenschaft, Buchhandel; Einzelne Branchen der Industrie und des Handwerks","Verlag","verlagsrelevant",True,True,True,2
"K1683","Köthe","Miriam Köthe (Firma)","Buchwissenschaft, Buchhandel","Unternehmen","verlagsrelevant",False,True,True,1
"K1684","Külzer-Schröder","Hans-Christoph Külzer-Schröder (Firma)","Buchwissenschaft, Buchhandel","Unternehmen","verlagsrelevant",False,True,True,1
"K1685","Künstler-Gilde e.V.","Are-Künstler-Gilde","Bildende Kunst",NULL,NULL,NULL,False,NULL,0
"K1686","Künstlernische-Verl. Singer","Verlag künstlernische","Buchwissenschaft, Buchhandel","Verlag","verlagsrelevant",True,True,True,2
"K1687","Kürbis","edition kürbis","Buchwissenschaft, Buchhandel","Verlag","verlagsrelevant",True,True,True,2
"K1688","L & L Verlag",NULL,NULL,"Verlag",NULL,True,False,True,1
"K1689","L.S.D.",NULL,NULL,NULL,NULL,NULL,False,NULL,0
"K1690","L100 Verlag",NULL,NULL,"Verlag",NULL,True,False,True,1
"K1691","LAHA-Dr.",NULL,NULL,NULL,NULL,NULL,False,NULL,0
"K1692","LAUNENWEBER",NULL,NULL,NULL,NULL,NULL,False,NULL,0
"K1693","LCERC",NULL,NULL,NULL,NULL,NULL,False,NULL,0
"K1694","LEU",NULL,NULL,NULL,NULL,NULL,False,NULL,0
"K1695","LHDL Self Publ.",NULL,NULL,NULL,NULL,NULL,False,NULL,0
"K1696","LIBRAS Shqipe Sylejmani",NULL,NULL,NULL,NULL,NULL,False,NULL,0
"K1697","LIJEPA RIJEČ",NULL,NULL,NULL,NULL,NULL,False,NULL,0
"K1698","LINCOM GmbH","LINCOM Europa (München)","Einzelne Branchen der Industrie und des Handwerks; Buchwissenschaft, Buchhandel",NULL,"verlagsrelevant",NULL,True,True,1
"K1699","LIWI Literatur- und Wissenschaftsverlag","LIWI Literatur- und Wissenschaftsverlag Thomas Löding",NULL,"Verlag",NULL,True,False,True,1
"K1700","LOTUS PRESS","LOTUS-PRESS","Buchwissenschaft, Buchhandel",NULL,"verlagsrelevant",NULL,True,True,1
"K1701","LV-Buch",NULL,NULL,NULL,NULL,NULL,False,NULL,0
"K1702","LVZ","LVZ-Bäckerei",NULL,NULL,NULL,NULL,False,NULL,0
"K1703","Labonde","Heiner Labonde (Firma)","Buchwissenschaft, Buchhandel","Unternehmen","verlagsrelevant",False,True,True,1
"K1704","Lach","Otto Lach Verlagsanstalt","Buchwissenschaft, Buchhandel","Verlag","verlagsrelevant",True,True,True,2
"K1705","Lago Imago",NULL,NULL,NULL,NULL,NULL,False,NULL,0
"K1706","Lagrev","Lagrev Verlag",NULL,"Verlag",NULL,True,False,True,1
"K1707","Lahn Verlag","Lahn-Verlag","Buchwissenschaft, Buchhandel","Verlag","verlagsrelevant",True,True,True,2
"K1708","Lamago-Verl.","Lamago Verlag e.K. Inh. Barbara Landes","Buchwissenschaft, Buchhandel","Verlag","verlagsrelevant",True,True,True,2
"K1709","Lamuv","Lamuv-Verlag (Göttingen)","Buchwissenschaft, Buchhandel","Verlag","verlagsrelevant",True,True,True,2
"K1710","Landbeck","Dr. Hanne Landbeck (Firma)","Buchwissenschaft, Buchhandel","Unternehmen","verlagsrelevant",False,True,True,1
"K1711","Landenberg","Landenberg-Druck AG","Buchwissenschaft, Buchhandel","Druckerei","verlagsrelevant",False,True,True,1
"K1712","Landeshauptstadt Klagenfurt","Handelsgenossenschaft der Landeshauptstadt Klagenfurt",NULL,NULL,NULL,NULL,False,NULL,0
"K1713","Landhausverl.","Landhausverlag","Buchwissenschaft, Buchhandel","Verlag","verlagsrelevant",True,True,True,2
"K1714","Landhege-Verl.","Landhege Verlag","Buchwissenschaft, Buchhandel","Verlag","verlagsrelevant",True,True,True,2
"K1715","Landkreis Barnim","Landkreis Barnim. Kreistag",NULL,"Gemeinschaft",NULL,False,False,False,0
"K1716","Landtwing","Landtwing Verlag","Buchwissenschaft, Buchhandel","Verlag","verlagsrelevant",True,True,True,2
"K1717","Landverlag","Landverlag","Buchwissenschaft, Buchhandel","Verlag","verlagsrelevant",True,True,True,2
"K1718","Langen Müller","Albert-Langen-Georg-Müller-Verlag","Buchwissenschaft, Buchhandel","Verlag","verlagsrelevant",True,True,True,2
"K1719","Langenscheidt","Langenscheidt KG","Buchwissenschaft, Buchhandel",NULL,"verlagsrelevant",NULL,True,True,1
"K1720","Langlhofer","Langlhofer Verlag","Buchwissenschaft, Buchhandel","Verlag","verlagsrelevant",True,True,True,2
"K1721","Language Practice Publishing",NULL,NULL,NULL,NULL,NULL,False,NULL,0
"K1722","Lappan","Lappan-Verlag","Buchwissenschaft, Buchhandel","Verlag","verlagsrelevant",True,True,True,2
"K1723","Lardon Media",NULL,NULL,NULL,NULL,NULL,False,NULL,0
"K1724","Larimar Verlag","Larimar-Verlag","Buchwissenschaft, Buchhandel","Verlag","verlagsrelevant",True,True,True,2
"K1725","Latos Verlag","Latos Verlag","Buchwissenschaft, Buchhandel","Verlag","verlagsrelevant",True,True,True,2
"K1726","Laudatio-Verl.","Laudatio-Verlag","Buchwissenschaft, Buchhandel","Verlag","verlagsrelevant",True,True,True,2
"K1727","Lauerskreuzer Sommertage","Lauerskreuzer Sommertage","Buchwissenschaft, Buchhandel",NULL,"verlagsrelevant",NULL,True,True,1
"K1728","Laufen","Papiermühle Laufen (Laufen, Eyach)","Einzelne Branchen der Industrie und des Handwerks; Papierherstellung, Grafische Technik",NULL,NULL,NULL,False,NULL,0
"K1729","Laugwitz Verlag",NULL,NULL,"Verlag",NULL,True,False,True,1
"K1730","Lauinger Verlag",NULL,NULL,"Verlag",NULL,True,False,True,1
"K1731","Laumann Verlag","Laumann Druck und Verlag","Buchwissenschaft, Buchhandel","Verlag","verlagsrelevant",True,True,True,2
"K1732","Laurence King Verlag",NULL,NULL,"Verlag",NULL,True,False,True,1
"K1733","Lauterblätter-Verl.","Lauterblätter Verlag","Buchwissenschaft, Buchhandel","Verlag","verlagsrelevant",True,True,True,2
"K1734","Lava","Lava","Musik (Allgemeines), Musikgeschichte",NULL,NULL,NULL,False,NULL,0
"K1735","Lavori","Lavori Verlag",NULL,"Verlag",NULL,True,False,True,1
"K1736","Laßleben","Laßleben",NULL,NULL,NULL,NULL,False,NULL,0
"K1737","Lebensgeschenke-Verl.","Lebensgeschenke-Verlag","Buchwissenschaft, Buchhandel","Verlag","verlagsrelevant",True,True,True,2
"K1738","Lebenshilfe Bremen e.V.","Lebenshilfe Bremen","Sozialarbeit, Sozialhilfe",NULL,NULL,NULL,False,NULL,0
"K1739","Lebenskind Publishing",NULL,NULL,NULL,NULL,NULL,False,NULL,0
"K1740","Lebensweichen-Verl.","Lebensweichen-Verlag e.K.","Buchwissenschaft, Buchhandel","Verlag","verlagsrelevant",True,True,True,2
"K1741","Leffotraks Labyrinthe",NULL,NULL,NULL,NULL,NULL,False,NULL,0
"K1742","Legionarion",NULL,NULL,NULL,NULL,NULL,False,NULL,0
"K1743","Lehmstedt","Lehmstedt Verlag","Einzelne Branchen der Industrie und des Handwerks","Verlag",NULL,True,False,True,1
"K1744","Lehmweg Verlag","Lehmweg Verlag GmbH","Buchwissenschaft, Buchhandel","Verlag","verlagsrelevant",True,True,True,2
"K1745","Lehnert Verlag","Ehrenhof-Verlag","Buchwissenschaft, Buchhandel","Verlag","verlagsrelevant",True,True,True,2
"K1749","Leinpfad Verlag","Leinpfad Verlag","Buchwissenschaft, Buchhandel","Verlag","verlagsrelevant",True,True,True,2
"K1750","Leipziger Literaturverlag","Leipziger Literaturverlag","Buchwissenschaft, Buchhandel","Verlag","verlagsrelevant",True,True,True,2
"K1751","Leipziger Univ.-Verl.","Leipziger Universitätsverlag","Buchwissenschaft, Buchhandel","Verlag","verlagsrelevant",True,True,True,2
"K1752","Leipziger Universitätsverlag","Leipziger Universitätsverlag","Buchwissenschaft, Buchhandel","Verlag","verlagsrelevant",True,True,True,2
"K1753","Lektora Verlag","Lektora GmbH","Literaturgattung; Literarisches Leben; Buchwissenschaft, Buchhandel","Unternehmen","verlagsrelevant",False,True,True,1
"K1754","Lemming-Verl.",NULL,NULL,"Verlag",NULL,True,False,True,1
"K1755","Lennestrand. Verlag für Südwestfalen",NULL,NULL,"Verlag",NULL,True,False,True,1
"K1756","Lenos Verlag","Lenos Verlag","Buchwissenschaft, Buchhandel","Verlag","verlagsrelevant",True,True,True,2
"K1757","Lentner",NULL,NULL,NULL,NULL,NULL,False,NULL,0
"K1758","Leonhard-Thurneysser-Verlag","Leonhard-Thurneysser-Verlag","Buchwissenschaft, Buchhandel","Verlag","verlagsrelevant",True,True,True,2
"K1759","Leonidas","LEONIDAS - Bücher wie du und ich","Buchwissenschaft, Buchhandel",NULL,"verlagsrelevant",NULL,True,True,1
"K1760","Lerato-Verl.","LERATO-VERLAG","Buchwissenschaft, Buchhandel","Verlag","verlagsrelevant",True,True,True,2
"K1761","Lermann","Dr. Gisela Lermann (Firma)","Buchwissenschaft, Buchhandel","Unternehmen","verlagsrelevant",False,True,True,1
"K1762","Lese-Zeichen e.V.","Lese-Zeichen e.V.",NULL,"Verein",NULL,False,False,False,0
"K1763","Leseratten Verlag","Leseratten Verlag","Buchwissenschaft, Buchhandel","Verlag","verlagsrelevant",True,True,True,2
"K1764","Leseratten-Verl.","Leseratten Verlag","Buchwissenschaft, Buchhandel","Verlag","verlagsrelevant",True,True,True,2
"K1765","Lesereich-Verlag","Lesereich-Verlag","Buchwissenschaft, Buchhandel","Verlag","verlagsrelevant",True,True,True,2
"K1767","Lesezeichen, Schreibzirkel",NULL,NULL,NULL,NULL,NULL,False,NULL,0
"K1768","Letterotik",NULL,NULL,NULL,NULL,NULL,False,NULL,0
"K1769","Lettre International Verlags-GmbH","Lettre International","Buchwissenschaft, Buchhandel",NULL,"verlagsrelevant",NULL,True,True,1
"K1770","Leuenhagen & Paris","Leuenhagen & Paris","Buchwissenschaft, Buchhandel",NULL,"verlagsrelevant",NULL,True,True,1
"K1771","Levia Ortega c/o Papyrus Autoren-Club",NULL,NULL,"Gemeinschaft",NULL,False,False,False,0
"K1772","Lexikus Verlag","Lexikus Verlag","Buchwissenschaft, Buchhandel","Verlag","verlagsrelevant",True,True,True,2
"K1773","Leykam","Leykam-Buchverlag","Buchwissenschaft, Buchhandel; Einzelne Branchen der Industrie und des Handwerks","Verlag","verlagsrelevant",True,True,True,2
"K1774","LiDi EuropEdition",NULL,NULL,"Verlag",NULL,True,False,True,1
"K1775","Libelle Verlag","Libelle Verlag","Buchwissenschaft, Buchhandel","Verlag","verlagsrelevant",True,True,True,2
"K1776","Libretto","Libretto Antiquariat",NULL,NULL,NULL,NULL,False,NULL,0
"K1777","Librikon Verlag",NULL,NULL,"Verlag",NULL,True,False,True,1
"K1778","Liccaratur Verlag","Liccaratur-Verlag","Buchwissenschaft, Buchhandel","Verlag","verlagsrelevant",True,True,True,2
"K1779","Lichtland","Edition Lichtland","Buchwissenschaft, Buchhandel","Verlag","verlagsrelevant",True,True,True,2
"K1780","Lichtschlag Medien und Werbung","Lichtschlag Medien und Werbung KG","Buchwissenschaft, Buchhandel",NULL,"verlagsrelevant",NULL,True,True,1
"K1781","Lichtung Verlag","Lichtung Verlag GmbH","Buchwissenschaft, Buchhandel","Verlag","verlagsrelevant",True,True,True,2
"K1782","Lichtungen – Verein für Literatur & Kunst",NULL,NULL,"Verein",NULL,False,False,False,0
"K1783","Lichtwanderer Verlag",NULL,NULL,"Verlag",NULL,True,False,True,1
"K1784","Liebe",NULL,NULL,NULL,NULL,NULL,False,NULL,0
"K1785","Liebhaber Verlag",NULL,NULL,"Verlag",NULL,True,False,True,1
"K1786","Liebig","Liebig Verlagsgenossenschaft","Buchwissenschaft, Buchhandel","Verlag","verlagsrelevant",True,True,True,2
"K1787","Lilienfeld Verl.","Lilienfeld Verlag","Buchwissenschaft, Buchhandel","Verlag","verlagsrelevant",True,True,True,2
"K1788","Liliom-Verl.","LILIOM Verlag","Buchwissenschaft, Buchhandel","Verlag","verlagsrelevant",True,True,True,2
"K1789","Lilly M. Beck c/o Autorenglück.de",NULL,NULL,NULL,NULL,NULL,False,NULL,0
"K1790","Limbus Verlag","Limbus Verlag","Buchwissenschaft, Buchhandel","Verlag","verlagsrelevant",True,True,True,2
"K1791","Limmat Verlag","Limmat Verlag","Buchwissenschaft, Buchhandel","Verlag","verlagsrelevant",True,True,True,2
"K1792","Lindemanns",NULL,NULL,NULL,NULL,NULL,False,NULL,0
"K1793","Lindenstruth","Gerhard Lindenstruth (Firma)","Buchwissenschaft, Buchhandel","Unternehmen","verlagsrelevant",False,True,True,1
"K1794","Lindwurm Verlag","Lindwurm Verlag","Buchwissenschaft, Buchhandel","Verlag","verlagsrelevant",True,True,True,2
"K1795","Lippe Verlag",NULL,NULL,"Verlag",NULL,True,False,True,1
"K1796","List Verlag","Paul-List-Verlag","Buchwissenschaft, Buchhandel","Verlag","verlagsrelevant",True,True,True,2
"K1797","Lit","Lit","Musik (Allgemeines), Musikgeschichte",NULL,NULL,NULL,False,NULL,0
"K1798","LitArt-World",NULL,NULL,NULL,NULL,NULL,False,NULL,0
"K1799","Litac Verlag",NULL,NULL,"Verlag",NULL,True,False,True,1
"K1800","Litera Eurasia",NULL,NULL,NULL,NULL,NULL,False,NULL,0
"K1801","LiteraFreakPress",NULL,NULL,NULL,NULL,NULL,False,NULL,0
"K1802","Literareon",NULL,NULL,NULL,NULL,NULL,False,NULL,0
"K1803","Literaricum GmbH",NULL,NULL,"Unternehmen",NULL,False,False,False,0
"K1804","Literarische Gesellschaft St. Pölten","Literarische Gesellschaft Sankt Pölten","Gruppe, Organisationssoziologie, Interaktion; Literarisches Leben","Gemeinschaft","verlagsrelevant",False,True,True,1
"K1805","Literarischer Verlag Edition Contra-Bass UG",NULL,NULL,"Verlag",NULL,True,False,True,1
"K1806","Literarisches Kolloquium Berlin","Literarisches Colloquium Berlin","Literarisches Leben; Buchwissenschaft, Buchhandel; Gruppe, Organisationssoziologie, Interaktion",NULL,"verlagsrelevant",NULL,True,True,1
"K1807","Literates","literates-Verlag","Buchwissenschaft, Buchhandel","Verlag","verlagsrelevant",True,True,True,2
"K1808","Literatones Verlag e.K.",NULL,NULL,"Verlag",NULL,True,False,True,1
"K1809","Literatur Quickie","Literatur Quickie","Buchwissenschaft, Buchhandel",NULL,"verlagsrelevant",NULL,True,True,1
"K1810","Literatur Verein e.V., Linzgau","Linzgau Literatur Verein",NULL,"Verein",NULL,False,False,False,0
"K1811","Literatur der Zukunft","Literatur der Zukunft","Buchwissenschaft, Buchhandel",NULL,"verlagsrelevant",NULL,True,True,1
"K1875","MAGENTA Verlag","MAGENTA Verlag","Buchwissenschaft, Buchhandel","Verlag","verlagsrelevant",True,True,True,2
"K2569","Smart Storys Verlag",NULL,NULL,"Verlag",NULL,True,False,True,1
"K1812","Literatur und Bildende Kunst Bad Salzdetfurth und Umgebung e.V.","Literatur und Bildende Kunst Bad Salzdetfurth und Umgebung e.V.",NULL,"Verein",NULL,False,False,False,0
"K1813","Literatur-Planet","Literatur-Planet","Buchwissenschaft, Buchhandel",NULL,"verlagsrelevant",NULL,True,True,1
"K1814","LiteraturWissenschaft.de",NULL,NULL,NULL,NULL,NULL,False,NULL,0
"K1815","Literaturca Verlag","Verlag Literaturca","Buchwissenschaft, Buchhandel","Verlag","verlagsrelevant",True,True,True,2
"K1816","Literaturedition Niederösterreich","Literaturedition Niederösterreich","Buchwissenschaft, Buchhandel","Verlag","verlagsrelevant",True,True,True,2
"K1817","Literaturhaus  und  Museumsges.",NULL,NULL,NULL,NULL,NULL,False,NULL,0
"K1818","Literaturhaus Berlin","Literaturhaus Berlin","Buchwissenschaft, Buchhandel; Literarisches Leben; Kultur, Künste allgemein",NULL,"verlagsrelevant",NULL,True,True,1
"K1819","Literaturhaus Hamburg","Literaturhaus (Hamburg)","Literarisches Leben; Kultur, Künste allgemein",NULL,"verlagsrelevant",NULL,True,True,1
"K1820","Literaturhaus Salzburg","Literaturhaus (Salzburg)",NULL,NULL,NULL,NULL,False,NULL,0
"K1821","Literaturhaus Zürich","Museumsgesellschaft Zürich. Literaturhaus Zürich","Literarisches Leben; Kultur, Künste allgemein","Gemeinschaft","verlagsrelevant",False,True,True,1
"K1822","Literaturhaus e.V",NULL,NULL,NULL,NULL,NULL,False,NULL,0
"K1823","Literaturinstitut Hildesheim","Universität Hildesheim. Institut für Literarisches Schreiben und Literaturwissenschaft","Literarische Motive, Stoffe, Gestalten; Hochschule","Institut","verlagsrelevant",False,True,True,1
"K1824","Literaturkreis PromOtheus","Literaturkreis PromOtheus",NULL,"Gemeinschaft",NULL,False,False,False,0
"K1825","Literaturpodium","Literaturpodium","Einzelne Branchen der Industrie und des Handwerks",NULL,NULL,NULL,False,NULL,0
"K1826","Literaturverein EDIT e. V.","Literaturverein Edit",NULL,"Verein",NULL,False,False,False,0
"K1827","Literaturverlag Droschl","Literaturverlag Droschl","Buchwissenschaft, Buchhandel","Verlag","verlagsrelevant",True,True,True,2
"K1828","Literaturwerkstatt Berlin","Literaturwerkstatt Berlin",NULL,NULL,NULL,NULL,False,NULL,0
"K1829","Litopian e.V., Literarischer Förderverein",NULL,NULL,"Verein",NULL,False,False,False,0
"K1830","Littera-Autoren-Verl.","Littera Autoren Verlag Curt Zimmermann","Buchwissenschaft, Buchhandel","Verlag","verlagsrelevant",True,True,True,2
"K1831","LizzyNet gGmbH","LizzyNet GmbH (Köln)","Einzelne Branchen der Industrie und des Handwerks","Unternehmen",NULL,False,False,False,0
"K1832","Llux Datenverarbeitung","Llux Agentur & Verlag e.K.","Buchwissenschaft, Buchhandel","Verlag","verlagsrelevant",True,True,True,2
"K1833","Loeven",NULL,NULL,NULL,NULL,NULL,False,NULL,0
"K1834","Loewenzahn","Löwenzahn Verlag in der Studienverlag GesmbH","Buchwissenschaft, Buchhandel","Verlag","verlagsrelevant",True,True,True,2
"K1835","Logbuch Verlag","Logbuch Verlag",NULL,"Verlag",NULL,True,False,True,1
"K1836","Logo-Verl. Erfurth","Logo-Verlag Eric Erfurth","Buchwissenschaft, Buchhandel","Verlag","verlagsrelevant",True,True,True,2
"K1837","Logophon","Logophon Verlag und Bildungsreisen GmbH","Buchwissenschaft, Buchhandel","Verlag","verlagsrelevant",True,True,True,2
"K1838","Longinus","Longinus","Buchwissenschaft, Buchhandel",NULL,"verlagsrelevant",NULL,True,True,1
"K1839","Lontar","Lontar Foundation",NULL,NULL,NULL,NULL,False,NULL,0
"K1840","Lorbeer-Verlag","Lorbeer-Verlag","Buchwissenschaft, Buchhandel","Verlag","verlagsrelevant",True,True,True,2
"K1841","Lore-Verl.",NULL,NULL,"Verlag",NULL,True,False,True,1
"K1842","Lovemoon Verlag",NULL,NULL,"Verlag",NULL,True,False,True,1
"K1843","Low",NULL,NULL,NULL,NULL,NULL,False,NULL,0
"K1844","Luchterhand Literaturverlag","Luchterhand Literaturverlag GmbH","Buchwissenschaft, Buchhandel","Verlag","verlagsrelevant",True,True,True,2
"K1845","Ludwig","Verlag Ludwig",NULL,"Verlag",NULL,True,False,True,1
"K1846","Luftschacht Verlag","Luftschacht Verlag","Buchwissenschaft, Buchhandel; Einzelne Branchen der Industrie und des Handwerks","Verlag","verlagsrelevant",True,True,True,2
"K1847","Lumpeter & Lasel","Lumpeter & Lasel","Buchwissenschaft, Buchhandel",NULL,"verlagsrelevant",NULL,True,True,1
"K1848","Lunares Selbstverlag",NULL,NULL,"Verlag",NULL,True,False,True,1
"K1849","Lusatia-Verl.","Lusatia Verlag Dr. Stübner & Co. KG","Buchwissenschaft, Buchhandel","Verlag","verlagsrelevant",True,True,True,2
"K1850","Luther Verlag","Luther-Verlag GmbH","Buchwissenschaft, Buchhandel","Verlag","verlagsrelevant",True,True,True,2
"K1851","Lutherische Verlagsgesellschaft","Lutherische Verlagsgesellschaft mbH","Buchwissenschaft, Buchhandel","Verlag","verlagsrelevant",True,True,True,2
"K1852","Lutrina Verlag","Lutrina Verlag","Buchwissenschaft, Buchhandel","Verlag","verlagsrelevant",True,True,True,2
"K1853","Lux, Christian",NULL,NULL,NULL,NULL,NULL,False,NULL,0
"K1854","Luxbooks","Luxbooks GmbH","Buchwissenschaft, Buchhandel","Unternehmen","verlagsrelevant",False,True,True,1
"K1855","Luzifer-Verl.","Luzifer Verlag","Buchwissenschaft, Buchhandel","Verlag","verlagsrelevant",True,True,True,2
"K1856","Lychatz Verlag","Lychatz Verlag","Buchwissenschaft, Buchhandel","Verlag","verlagsrelevant",True,True,True,2
"K1857","Lyrika Verlag",NULL,NULL,"Verlag",NULL,True,False,True,1
"K1858","Lysandra Books",NULL,NULL,NULL,NULL,NULL,False,NULL,0
"K1859","Lyx Egmont","Egmont LYX","Buchwissenschaft, Buchhandel",NULL,"verlagsrelevant",NULL,True,True,1
"K1860","Längert Verlag",NULL,NULL,"Verlag",NULL,True,False,True,1
"K1861","Löcker Verlag","Löcker-Verlag","Buchwissenschaft, Buchhandel","Verlag","verlagsrelevant",True,True,True,2
"K1862","LöwenStern Verlag","LöwenStern Verlag",NULL,"Verlag",NULL,True,False,True,1
"K1863","Lößnitz : GUC",NULL,NULL,NULL,NULL,NULL,False,NULL,0
"K1864","Lübbe","Verlagsgruppe Lübbe","Einzelne Branchen der Industrie und des Handwerks; Buchwissenschaft, Buchhandel","Verlag","verlagsrelevant",True,True,True,2
"K1865","Lütte Verlag",NULL,NULL,"Verlag",NULL,True,False,True,1
"K1866","M+N-Medienverl.",NULL,NULL,"Verlag",NULL,True,False,True,1
"K1867","M. K. E. Brandl",NULL,NULL,NULL,NULL,NULL,False,NULL,0
"K1868","M. Porta",NULL,NULL,NULL,NULL,NULL,False,NULL,0
"K1869","M. Schreckenberg, K. @Völlmicke und M. @Lamprecht",NULL,NULL,NULL,NULL,NULL,False,NULL,0
"K1870","M. Zaffarana",NULL,NULL,NULL,NULL,NULL,False,NULL,0
"K1871","M.-G.-Schmitz-Verlag",NULL,NULL,"Verlag",NULL,True,False,True,1
"K1872","M.A.C Medien Agentur Czellnik",NULL,NULL,NULL,NULL,NULL,False,NULL,0
"K1873","M.A.D. Music & Art Department Verlag",NULL,NULL,"Verlag",NULL,True,False,True,1
"K1874","MA-Verlag",NULL,NULL,"Verlag",NULL,True,False,True,1
"K1876","MAIN Verlag","Main-Verlag","Buchwissenschaft, Buchhandel","Verlag","verlagsrelevant",True,True,True,2
"K1877","MAM","Mam","Musik (Allgemeines), Musikgeschichte",NULL,NULL,NULL,False,NULL,0
"K1878","MBS (Mijnbestseller Nederland B.V.)",NULL,NULL,NULL,NULL,NULL,False,NULL,0
"K1879","MCC","MCC GmbH Luzern Schweiz","Buchwissenschaft, Buchhandel","Unternehmen","verlagsrelevant",False,True,True,1
"K1880","MCE Verlag","MCE Verlagsgesellschaft mbH & Co. KG","Buchwissenschaft, Buchhandel","Verlag","verlagsrelevant",True,True,True,2
"K1881","MONS","Mons",NULL,NULL,NULL,NULL,False,NULL,0
"K1882","MRAV, ein Kleiner Verl.",NULL,NULL,"Verlag",NULL,True,False,True,1
"K1883","MRM-Verl.",NULL,NULL,"Verlag",NULL,True,False,True,1
"K1884","MSC",NULL,NULL,NULL,NULL,NULL,False,NULL,0
"K1885","MTA",NULL,NULL,NULL,NULL,NULL,False,NULL,0
"K1886","MZ Buchverlag","MZ Buchverlag","Buchwissenschaft, Buchhandel","Verlag","verlagsrelevant",True,True,True,2
"K1887","Machandel Verlag","Machandel-Verlag","Buchwissenschaft, Buchhandel","Verlag","verlagsrelevant",True,True,True,2
"K1888","Machiavelli Edition","Machiavelli edition","Buchwissenschaft, Buchhandel","Verlag","verlagsrelevant",True,True,True,2
"K1890","Machtwortverlag","Machtwortverlag","Buchwissenschaft, Buchhandel","Verlag","verlagsrelevant",True,True,True,2
"K1891","Mackingerverlag","Mackingerverlag Dr. Herbert Mackinger","Buchwissenschaft, Buchhandel","Verlag","verlagsrelevant",True,True,True,2
"K1892","Magazin SchreibRÄUME",NULL,NULL,NULL,NULL,NULL,False,NULL,0
"K1893","Magic-Buchverl.","Magic Buchverlag","Buchwissenschaft, Buchhandel","Verlag","verlagsrelevant",True,True,True,2
"K1894","Magma-Verl.","Magma Verlag","Buchwissenschaft, Buchhandel","Verlag","verlagsrelevant",True,True,True,2
"K1895","Magoria Verlag",NULL,NULL,"Verlag",NULL,True,False,True,1
"K1896","Mainz",NULL,NULL,NULL,NULL,NULL,False,NULL,0
"K1897","Mairisch-Verl.","mairisch Verlag","Buchwissenschaft, Buchhandel","Verlag","verlagsrelevant",True,True,True,2
"K1898","Maiwald",NULL,NULL,NULL,NULL,NULL,False,NULL,0
"K1899","Make a Book","Make a book","Buchwissenschaft, Buchhandel",NULL,"verlagsrelevant",NULL,True,True,1
"K1900","Malandro Verlag","Malandro Verlag","Buchwissenschaft, Buchhandel","Verlag","verlagsrelevant",True,True,True,2
"K1901","Manesse Verlag","Manesse-Verlag","Buchwissenschaft, Buchhandel","Verlag","verlagsrelevant",True,True,True,2
"K1902","Manhattan","Manhattan Verlag","Buchwissenschaft, Buchhandel","Verlag","verlagsrelevant",True,True,True,2
"K1903","Mantikore Verlag","Mantikore-Verlag","Buchwissenschaft, Buchhandel","Verlag","verlagsrelevant",True,True,True,2
"K1904","Manuela Kinzel Verlag","Manuela Kinzel Verlag","Buchwissenschaft, Buchhandel","Verlag","verlagsrelevant",True,True,True,2
"K1905","Manuscriptum","Manuscriptum Verlagsbuchhandlung Thomas Hoof","Buchwissenschaft, Buchhandel","Verlag","verlagsrelevant",True,True,True,2
"K1906","Maracuja GmbH","Maracuja GmbH","Buchwissenschaft, Buchhandel","Unternehmen","verlagsrelevant",False,True,True,1
"K1907","Marianne Kaindl","ABB-Verlag","Buchwissenschaft, Buchhandel","Verlag","verlagsrelevant",True,True,True,2
"K1908","Marianne Leim Verlag","Marianne Leim Verlag","Buchwissenschaft, Buchhandel","Verlag","verlagsrelevant",True,True,True,2
"K1909","Marina Gesser Verlag",NULL,NULL,"Verlag",NULL,True,False,True,1
"K1910","Maringo Verlag","Maringo Verlag","Buchwissenschaft, Buchhandel","Verlag","verlagsrelevant",True,True,True,2
"K1911","Mariposa Verlag","Mariposa Verlag","Buchwissenschaft, Buchhandel","Verlag","verlagsrelevant",True,True,True,2
"K1912","Marix-Verl.","marix Verlag","Buchwissenschaft, Buchhandel","Verlag","verlagsrelevant",True,True,True,2
"K1913","Marixverlag","marix Verlag","Buchwissenschaft, Buchhandel","Verlag","verlagsrelevant",True,True,True,2
"K1914","Marlies Kalbhenn Verlag",NULL,NULL,"Verlag",NULL,True,False,True,1
"K1915","Marmilin-Verl.","Marmilin-Verlag","Buchwissenschaft, Buchhandel","Verlag","verlagsrelevant",True,True,True,2
"K1916","MaroVerlag","MaroVerlag","Buchwissenschaft, Buchhandel","Verlag","verlagsrelevant",True,True,True,2
"K1917","Marsam",NULL,NULL,NULL,NULL,NULL,False,NULL,0
"K1918","Marsilius","Marsilius-Kolleg","Wissenschaft",NULL,NULL,NULL,False,NULL,0
"K1919","Marta Press","MARTA PRESS","Buchwissenschaft, Buchhandel",NULL,"verlagsrelevant",NULL,True,True,1
"K1920","Marterpfahl Verlag","MARTERPFAHL Verlag","Buchwissenschaft, Buchhandel","Verlag","verlagsrelevant",True,True,True,2
"K1921","Martin Werhand Verlag","Martin Werhand Verlag",NULL,"Verlag",NULL,True,False,True,1
"K1922","Martina und Thorsten Meier GbR - Buchverlag und Verlagsauslieferung",NULL,NULL,"Verlag",NULL,True,False,True,1
"K1923","Martini & Loersch Verlag","martini & loersch","Buchwissenschaft, Buchhandel",NULL,"verlagsrelevant",NULL,True,True,1
"K1924","Marzellen Verlag","Marzellen Verlag GmbH","Buchwissenschaft, Buchhandel","Verlag","verlagsrelevant",True,True,True,2
"K1925","Masou-Verlag","MASOU Verlag UG","Buchwissenschaft, Buchhandel","Verlag","verlagsrelevant",True,True,True,2
"K1926","Matera Verlag",NULL,NULL,"Verlag",NULL,True,False,True,1
"K1927","Mattes","Mattes Verlag GmbH","Buchwissenschaft, Buchhandel","Verlag","verlagsrelevant",True,True,True,2
"K1928","Matthes & Seitz Berlin","MSB Matthes & Seitz Berlin Verlagsgesellschaft","Buchwissenschaft, Buchhandel","Verlag","verlagsrelevant",True,True,True,2
"K1929","Matthias-Grünewald-Verl.","Matthias-Grünewald-Verlag","Buchwissenschaft, Buchhandel","Verlag","verlagsrelevant",True,True,True,2
"K1930","Matussek","Matussek, Hans K., & Sohn oHG, Buchhandlung. Abt. Verlag","Buchwissenschaft, Buchhandel","Verlag","verlagsrelevant",True,True,True,2
"K1931","Mauer Verlag","Mauer-Verlag","Buchwissenschaft, Buchhandel","Verlag","verlagsrelevant",True,True,True,2
"K1932","Mauerverlag Wilfried Kriese",NULL,NULL,"Verlag",NULL,True,False,True,1
"K1933","Maximilian Dietrich Verlag","Maximilian Dietrich Verlag",NULL,"Verlag",NULL,True,False,True,1
"K1934","Mayer",NULL,NULL,NULL,NULL,NULL,False,NULL,0
"K1935","McGinley Verlag","McGinley-Verlag","Buchwissenschaft, Buchhandel","Verlag","verlagsrelevant",True,True,True,2
"K1936","Mecke Verlag","Mecke-Druck und Verlag Inh. Helmut Mecke","Buchwissenschaft, Buchhandel","Verlag","verlagsrelevant",True,True,True,2
"K1937","Mecklenburger Buchverlag","Mecklenburger Buchverlag","Buchwissenschaft, Buchhandel","Verlag","verlagsrelevant",True,True,True,2
"K1938","Media Service Stuttgart","Media Service Stuttgart","Buchwissenschaft, Buchhandel",NULL,"verlagsrelevant",NULL,True,True,1
"K1939","Medien Agentur Czellnik","Medien Agentur","Buchwissenschaft, Buchhandel",NULL,"verlagsrelevant",NULL,True,True,1
"K1940","Medienhaus Rösemeier","Medienhaus Rösemeier OHG","Buchwissenschaft, Buchhandel","Unternehmen","verlagsrelevant",False,True,True,1
"K1941","Medu Verlag","MEDU VERLAG","Buchwissenschaft, Buchhandel","Verlag","verlagsrelevant",True,True,True,2
"K1942","Medusenblut","Medusenblut","Buchwissenschaft, Buchhandel",NULL,"verlagsrelevant",NULL,True,True,1
"K1943","Megalit-Verl.","Megalit Verlag","Buchwissenschaft, Buchhandel","Verlag","verlagsrelevant",True,True,True,2
"K1944","Mein Verl.","Mein Verlag","Buchwissenschaft, Buchhandel","Verlag","verlagsrelevant",True,True,True,2
"K1945","Memoiren-Verlag","Memoiren-Verlag Bauschke","Buchwissenschaft, Buchhandel","Verlag","verlagsrelevant",True,True,True,2
"K1946","Memoranda Verlag",NULL,NULL,"Verlag",NULL,True,False,True,1
"K1947","Mentis","mentis Verlag GmbH","Buchwissenschaft, Buchhandel","Verlag","verlagsrelevant",True,True,True,2
"K1948","Mephistopheles-Verlag",NULL,NULL,"Verlag",NULL,True,False,True,1
"K1949","Mercator","Mercator-Gesellschaft","Geografie, Heimat- und Länderkunde (Allgemeines); Brauchtum, Volksglaube; Gruppe, Organisationssoziologie, Interaktion; Geschichte (Allgemeines)","Gemeinschaft",NULL,False,False,False,0
"K1950","Merkur Verlag","MVR-Merkur-Verlag (Rinteln)","Einzelne Branchen der Industrie und des Handwerks; Buchwissenschaft, Buchhandel","Verlag","verlagsrelevant",True,True,True,2
"K1951","Merlin´s Bookshop","Merlin's Bookshop","Buchwissenschaft, Buchhandel",NULL,"verlagsrelevant",NULL,True,True,1
"K1952","Merquana","Merquana Verlag und Mediadesign","Buchwissenschaft, Buchhandel","Verlag","verlagsrelevant",True,True,True,2
"K1953","Merquana-Verl.","Merquana Verlag und Mediadesign","Buchwissenschaft, Buchhandel","Verlag","verlagsrelevant",True,True,True,2
"K1954","Merz & Solitude","merz & solitude","Buchwissenschaft, Buchhandel",NULL,"verlagsrelevant",NULL,True,True,1
"K1955","Merziger-Pleban",NULL,NULL,NULL,NULL,NULL,False,NULL,0
"K1956","MetaGIS-Verl.","MetaGIS","Buchwissenschaft, Buchhandel",NULL,"verlagsrelevant",NULL,True,True,1
"K1957","MetaPol Verlag & Medien",NULL,NULL,"Verlag",NULL,True,False,True,1
"K1958","Methusalem","Methusalem","Musik (Allgemeines), Musikgeschichte",NULL,NULL,NULL,False,NULL,0
"K1959","Metrolit","Metrolit Verlag GmbH & Co. KG","Buchwissenschaft, Buchhandel","Verlag","verlagsrelevant",True,True,True,2
"K1960","Meyer & Meyer","Meyer & Meyer",NULL,NULL,NULL,NULL,False,NULL,0
"K1961","Meyer & Meyer Verlag","Meyer & Meyer",NULL,NULL,NULL,NULL,False,NULL,0
"K1962","Michael Düthorn",NULL,NULL,NULL,NULL,NULL,False,NULL,0
"K1963","Michael, Schneider",NULL,NULL,NULL,NULL,NULL,False,NULL,0
"K1964","Michaels-Verl.","Michaels Verlag","Buchwissenschaft, Buchhandel","Verlag","verlagsrelevant",True,True,True,2
"K1965","Michason & May","Michason & May Verlagsgesellschaft UG","Buchwissenschaft, Buchhandel","Verlag","verlagsrelevant",True,True,True,2
"K1966","Michel-Verlag GmbH","Michel - Verlag KG","Buchwissenschaft, Buchhandel","Verlag","verlagsrelevant",True,True,True,2
"K1967","Mick Verlag",NULL,NULL,"Verlag",NULL,True,False,True,1
"K1968","Micks-Verl.",NULL,NULL,"Verlag",NULL,True,False,True,1
"K1969","Midas","Midas Verlag","Buchwissenschaft, Buchhandel","Verlag","verlagsrelevant",True,True,True,2
"K1970","Miko-Verl.","Miko-Verlag","Buchwissenschaft, Buchhandel","Verlag","verlagsrelevant",True,True,True,2
"K1971","Milena Verlag","Milena Verlag",NULL,"Verlag",NULL,True,False,True,1
"K1972","Militzke","Militzke Verlag GmbH","Buchwissenschaft, Buchhandel","Verlag","verlagsrelevant",True,True,True,2
"K1973","Milke, Natalie",NULL,NULL,NULL,NULL,NULL,False,NULL,0
"K1974","Milltown Media Verlag",NULL,NULL,"Verlag",NULL,True,False,True,1
"K1975","Mini-Verlag Meisterburg","Mini-Verlag","Buchwissenschaft, Buchhandel","Verlag","verlagsrelevant",True,True,True,2
"K1976","Minimal Trash Art","Minimal Trash Art","Buchwissenschaft, Buchhandel",NULL,"verlagsrelevant",NULL,True,True,1
"K1977","Ministère de l'education nationale et de la formation professionnelle","Ministère de l'Education Nationale et de la Formation Professionnelle",NULL,NULL,NULL,NULL,False,NULL,0
"K1978","Mirabilis Verlag","Mirabilis Verlag","Buchwissenschaft, Buchhandel","Verlag","verlagsrelevant",True,True,True,2
"K1979","Mironde-Verl.","Mironde-Verlag","Buchwissenschaft, Buchhandel","Verlag","verlagsrelevant",True,True,True,2
"K1980","Mischwesen","mischwesen","Buchwissenschaft, Buchhandel",NULL,"verlagsrelevant",NULL,True,True,1
"K1981","Mission Ost-West","Mission Ost-West e.V.",NULL,"Verein",NULL,False,False,False,0
"K1982","Misti-Verl.","Misti Verlag","Buchwissenschaft, Buchhandel","Verlag","verlagsrelevant",True,True,True,2
"K1983","Mitteldeutscher Verlag","Mitteldeutscher Verlag","Buchwissenschaft, Buchhandel","Verlag","verlagsrelevant",True,True,True,2
"K1984","Mitten im Dorf",NULL,NULL,NULL,NULL,NULL,False,NULL,0
"K1985","Mitter Verlag",NULL,NULL,"Verlag",NULL,True,False,True,1
"K1986","Mitzkat","Verlag Jörg Mitzkat",NULL,"Verlag",NULL,True,False,True,1
"K1987","MobB e.V. c/o Jenaer Sprachverwender",NULL,NULL,"Verein",NULL,False,False,False,0
"K1988","Modestia-Verl.","Modestia Verlag","Buchwissenschaft, Buchhandel","Verlag","verlagsrelevant",True,True,True,2
"K1989","Moenus-Verlag",NULL,NULL,"Verlag",NULL,True,False,True,1
"K1990","Moerser Gesellschaft zur Förderung des literarischen Lebens e.V.",NULL,NULL,"Verein",NULL,False,False,False,0
"K1991","Moewig","Moewig","Buchwissenschaft, Buchhandel",NULL,"verlagsrelevant",NULL,True,True,1
"K1992","Mohito Verlag","Mohito Verlag","Buchwissenschaft, Buchhandel","Verlag","verlagsrelevant",True,True,True,2
"K1993","Mohl","Dr. Alexa Mohl (Firma)","Buchwissenschaft, Buchhandel","Unternehmen","verlagsrelevant",False,True,True,1
"K1994","Mohland Verlag","Mohland-Verlag Detlef Peters","Buchwissenschaft, Buchhandel","Verlag","verlagsrelevant",True,True,True,2
"K1995","Mohorjeva Hermagoras","Private Volksschule Hermagoras-Mohorjeva","Schule","Bildungseinrichtung",NULL,False,False,False,0
"K1996","Mokka","Edition Mokka","Buchwissenschaft, Buchhandel","Verlag","verlagsrelevant",True,True,True,2
"K1997","Moloko Print","Moloko Print","Buchwissenschaft, Buchhandel",NULL,"verlagsrelevant",NULL,True,True,1
"K1998","Momberger","Hans-Jürgen Momberger (Firma)","Buchwissenschaft, Buchhandel","Unternehmen","verlagsrelevant",False,True,True,1
"K1999","Mondwolf","Verlag Mondwolf","Buchwissenschaft, Buchhandel","Verlag","verlagsrelevant",True,True,True,2
"K2000","Monia-Verl.","Monia Verlag","Buchwissenschaft, Buchhandel","Verlag","verlagsrelevant",True,True,True,2
"K2123","Otto",NULL,NULL,NULL,NULL,NULL,False,NULL,0
"K2001","Monolith Verlag","Erika Range Monolith Verlag","Buchwissenschaft, Buchhandel","Verlag","verlagsrelevant",True,True,True,2
"K2002","Monsenstein & Vannerdat","Verlagshaus Monsenstein & Vannerdat OHG","Buchwissenschaft, Buchhandel","Verlag","verlagsrelevant",True,True,True,2
"K2003","Mont Jacques Buchclub & Verlag UG",NULL,NULL,"Verlag",NULL,True,False,True,1
"K2004","MontAurum","MontAurum","Buchwissenschaft, Buchhandel",NULL,"verlagsrelevant",NULL,True,True,1
"K2005","Montabella-Verl.","Montabella Verlag","Buchwissenschaft, Buchhandel","Verlag","verlagsrelevant",True,True,True,2
"K2006","Morgana-Ed.","Morgana Edition","Buchwissenschaft, Buchhandel","Verlag","verlagsrelevant",True,True,True,2
"K2007","Morio Verlag","Morio Verlag","Buchwissenschaft, Buchhandel","Verlag","verlagsrelevant",True,True,True,2
"K2008","Moritzberg Verlag","Moritzberg Verlag","Buchwissenschaft, Buchhandel","Verlag","verlagsrelevant",True,True,True,2
"K2009","Morlant Verlag","Morlant Verlag","Buchwissenschaft, Buchhandel","Verlag","verlagsrelevant",True,True,True,2
"K2010","Morre","Verlagshaus Morre GmbH","Buchwissenschaft, Buchhandel","Verlag","verlagsrelevant",True,True,True,2
"K2011","Morsak Verlag","Morsak Verlag","Buchwissenschaft, Buchhandel","Verlag","verlagsrelevant",True,True,True,2
"K2012","Moserbauer","Moserbauer Druck & Verlags-GmbH & Co KG","Buchwissenschaft, Buchhandel","Verlag","verlagsrelevant",True,True,True,2
"K2014","Motibooks.de","Motibooks","Buchwissenschaft, Buchhandel",NULL,"verlagsrelevant",NULL,True,True,1
"K2016","Muc Verlag","muc Verlag","Buchwissenschaft, Buchhandel","Verlag","verlagsrelevant",True,True,True,2
"K2017","MundoNet Publishers","MUNDOnet","Buchwissenschaft, Buchhandel",NULL,"verlagsrelevant",NULL,True,True,1
"K2018","Muravidék Baráti Kör Kulturális Egyesület","Muravidék Baráti Kör Kulturális Egyesület",NULL,NULL,NULL,NULL,False,NULL,0
"K2019","Muschel","Muschel Verlag","Buchwissenschaft, Buchhandel","Verlag","verlagsrelevant",True,True,True,2
"K2020","Museum.BL","Museum.BL","Archiv, Museum",NULL,NULL,NULL,False,NULL,0
"K2021","MyStory-Verl.","MyStory Verlag","Buchwissenschaft, Buchhandel","Verlag","verlagsrelevant",True,True,True,2
"K2022","Mylinfalklaem","Christel Tjoa und Klaus Mühlen GbR Mylinfalkläme Asperger Taschenbücher","Buchwissenschaft, Buchhandel","Unternehmen","verlagsrelevant",False,True,True,1
"K2023","Mymorawa von Morawa Lesezirkel GmbH","myMorawa",NULL,NULL,NULL,NULL,False,NULL,0
"K2024","Männerschwarm Verlag","Männerschwarm Verlag","Buchwissenschaft, Buchhandel","Verlag","verlagsrelevant",True,True,True,2
"K2025","Möcker","Voigt & Mocker",NULL,NULL,NULL,NULL,False,NULL,0
"K2026","Möllmann","Christoph Möllmann (Firma)","Buchwissenschaft, Buchhandel","Unternehmen","verlagsrelevant",False,True,True,1
"K2027","Mönnig Verlag","Mönnig-Verlag","Buchwissenschaft, Buchhandel","Verlag","verlagsrelevant",True,True,True,2
"K2028","Mösche","Kölsche Mösche","Musik (Allgemeines), Musikgeschichte",NULL,NULL,NULL,False,NULL,0
"K2029","Mövenort Verlag",NULL,NULL,"Verlag",NULL,True,False,True,1
"K2030","Müller",NULL,NULL,NULL,NULL,NULL,False,NULL,0
"K2031","Münster Verlag","Münster Verlag (Zürich)","Buchwissenschaft, Buchhandel","Verlag","verlagsrelevant",True,True,True,2
"K2032","N. Mayr",NULL,NULL,NULL,NULL,NULL,False,NULL,0
"K2033","NIMBUS","Nimbus, Kunst und Bücher","Buchwissenschaft, Buchhandel",NULL,"verlagsrelevant",NULL,True,True,1
"K2034","NOEL-Verlag","NOEL-Verlag","Buchwissenschaft, Buchhandel","Verlag","verlagsrelevant",True,True,True,2
"K2035","NORA Verlag","Nora Verlagsgemeinschaft UG","Buchwissenschaft, Buchhandel","Verlag","verlagsrelevant",True,True,True,2
"K2036","NOTschriften Verlag","Notschriften Verlag","Buchwissenschaft, Buchhandel","Verlag","verlagsrelevant",True,True,True,2
"K2037","NWM",NULL,NULL,NULL,NULL,NULL,False,NULL,0
"K2038","Nacke","Hof Nacke","Rechtsgeschichte, Verfassungsgeschichte: Mittelalter; Landwirtschaft allgemein",NULL,NULL,NULL,False,NULL,0
"K2039","Nada-Autorenverl.","nADA Autorenverlag e.K.","Buchwissenschaft, Buchhandel","Verlag","verlagsrelevant",True,True,True,2
"K2040","Nagel & Kimche","Nagel & Kimche AG","Buchwissenschaft, Buchhandel; Einzelne Branchen der Industrie und des Handwerks",NULL,"verlagsrelevant",NULL,True,True,1
"K2041","Napoleon Film & Verlag",NULL,NULL,"Verlag",NULL,True,False,True,1
"K2042","Narr","Gunter-Narr-Verlag","Buchwissenschaft, Buchhandel","Verlag","verlagsrelevant",True,True,True,2
"K2043","Narthex-Buch","NARTHEX-Buch","Buchwissenschaft, Buchhandel",NULL,"verlagsrelevant",NULL,True,True,1
"K2044","Natalie Rabengut, Black Umbrella Publishing",NULL,NULL,NULL,NULL,NULL,False,NULL,0
"K2045","Naumann & Göbel","Naumann & Göbel Verlagsgesellschaft","Buchwissenschaft, Buchhandel","Verlag","verlagsrelevant",True,True,True,2
"K2046","Neisse Verlag","Neisse Verlag","Buchwissenschaft, Buchhandel","Verlag","verlagsrelevant",True,True,True,2
"K2047","Neisse-Verl.","Neisse Verlag","Buchwissenschaft, Buchhandel","Verlag","verlagsrelevant",True,True,True,2
"K2048","Neißemünde-Verl.","Neißemünde-Verlag","Buchwissenschaft, Buchhandel","Verlag","verlagsrelevant",True,True,True,2
"K2049","Neofelis-Verl.","Neofelis Verlag","Buchwissenschaft, Buchhandel","Verlag","verlagsrelevant",True,True,True,2
"K2050","Neopubli",NULL,NULL,NULL,NULL,NULL,False,NULL,0
"K2051","Nepa-Verl.","NEPA Verlag","Buchwissenschaft, Buchhandel","Verlag","verlagsrelevant",True,True,True,2
"K2052","Neptun-Verl.","Neptun Verlag","Einzelne Branchen der Industrie und des Handwerks","Verlag",NULL,True,False,True,1
"K2053","Net-Verlag","net-Verlag",NULL,"Verlag",NULL,True,False,True,1
"K2054","Netteverlag","Netteverlag","Buchwissenschaft, Buchhandel","Verlag","verlagsrelevant",True,True,True,2
"K2055","Neue Erde","Neue Erde GmbH","Buchwissenschaft, Buchhandel","Unternehmen","verlagsrelevant",False,True,True,1
"K2056","Neues Buch","Neues Buch Verlag GmbH","Buchwissenschaft, Buchhandel","Verlag","verlagsrelevant",True,True,True,2
"K2057","Neues Leben","Verlag Neues Leben (Berlin)","Einzelne Branchen der Industrie und des Handwerks","Verlag",NULL,True,False,True,1
"K2058","Neukirchener Aussaat","Neukirchener Aussaat","Buchwissenschaft, Buchhandel",NULL,"verlagsrelevant",NULL,True,True,1
"K2059","Neukirchener Verlag","Neukirchener Verlag","Buchwissenschaft, Buchhandel","Verlag","verlagsrelevant",True,True,True,2
"K2060","Neumann-Neudamm","Neumann - Neudamm gmbh (Melsungen)",NULL,"Unternehmen",NULL,False,False,False,0
"K2061","Neun9zig","Gunda Jaron und Rüdiger Kurock Verlag neun9zig","Buchwissenschaft, Buchhandel","Verlag","verlagsrelevant",True,True,True,2
"K2062","Nica-Verl.","Nica Verlag","Buchwissenschaft, Buchhandel","Verlag","verlagsrelevant",True,True,True,2
"K2063","Niebank-Rusch-Fachverl.","Kay Niebank u. Stephan Rusch","Buchwissenschaft, Buchhandel",NULL,"verlagsrelevant",NULL,True,True,1
"K2064","Niederland Verlag","Niederland Verlag","Buchwissenschaft, Buchhandel","Verlag","verlagsrelevant",True,True,True,2
"K2065","Niederlausitzer Verlag","Niederlausitzer Verlag, Guben","Buchwissenschaft, Buchhandel","Verlag","verlagsrelevant",True,True,True,2
"K2066","Niedersachsen-Dr.",NULL,NULL,NULL,NULL,NULL,False,NULL,0
"K2067","Niemeyer","C. W. Niemeyer, Buchdruckerei und Verlag (Hameln)","Einzelne Branchen der Industrie und des Handwerks","Verlag",NULL,True,False,True,1
"K2068","Nikol","Arbeitsgruppe NIKOL",NULL,"Gemeinschaft",NULL,False,False,False,0
"K2069","Nitzsche","Dr. Rainar Nitzsche (Firma)","Buchwissenschaft, Buchhandel","Unternehmen","verlagsrelevant",False,True,True,1
"K2070","NoRa","Nora Verlagsgemeinschaft UG","Buchwissenschaft, Buchhandel","Verlag","verlagsrelevant",True,True,True,2
"K2071","Noel-Verlag","NOEL-Verlag","Buchwissenschaft, Buchhandel","Verlag","verlagsrelevant",True,True,True,2
"K2072","Nomen-Verl.","Nomen Verlag Joachim Schäfer","Buchwissenschaft, Buchhandel","Verlag","verlagsrelevant",True,True,True,2
"K2073","NordStern",NULL,NULL,NULL,NULL,NULL,False,NULL,0
"K2074","Nordleuchten-Verlag",NULL,NULL,"Verlag",NULL,True,False,True,1
"K2075","Nordpark Verlag","NORDPARK Verlag","Buchwissenschaft, Buchhandel","Verlag","verlagsrelevant",True,True,True,2
"K2076","Not Yet Media LTD",NULL,NULL,NULL,NULL,NULL,False,NULL,0
"K2077","Notopolis Ed.",NULL,NULL,"Verlag",NULL,True,False,True,1
"K2078","Nova MD","Nova Pharmaceutical Corporation (Baltimore, Md.)",NULL,NULL,NULL,NULL,False,NULL,0
"K2079","Nußrainer","Franz Nußrainer (Firma)","Buchwissenschaft, Buchhandel","Unternehmen","verlagsrelevant",False,True,True,1
"K2080","Nünnerich-Asmus Verlag & Media","Nünnerich-Asmus Verlag & Media GmbH","Buchwissenschaft, Buchhandel","Verlag","verlagsrelevant",True,True,True,2
"K2081","O.W. Barth","O.W. Barth","Buchwissenschaft, Buchhandel",NULL,"verlagsrelevant",NULL,True,True,1
"K2082","OCM GmbH",NULL,NULL,"Unternehmen",NULL,False,False,False,0
"K2083","OE, Offenbacher Ed.",NULL,NULL,"Verlag",NULL,True,False,True,1
"K2084","OFFIZIN Zürich Verlag","Offizin Zürich Verlag","Buchwissenschaft, Buchhandel","Verlag","verlagsrelevant",True,True,True,2
"K2085","OSL","OSL Verlag","Buchwissenschaft, Buchhandel","Verlag","verlagsrelevant",True,True,True,2
"K2086","OSTASIEN Verlag","OSTASIEN Verlag","Buchwissenschaft, Buchhandel","Verlag","verlagsrelevant",True,True,True,2
"K2087","OVIS Deutschland GmbH",NULL,NULL,"Unternehmen",NULL,False,False,False,0
"K2088","Oase-Verl.","Oase Verlag","Buchwissenschaft, Buchhandel","Verlag","verlagsrelevant",True,True,True,2
"K2089","Oberbaum","Oberbaumverlag","Buchwissenschaft, Buchhandel","Verlag","verlagsrelevant",True,True,True,2
"K2090","Oberlausitzer Verlag","Oberlausitzer Verlag","Buchwissenschaft, Buchhandel","Verlag","verlagsrelevant",True,True,True,2
"K2091","Oberpfalzverlag Laßleben",NULL,NULL,"Verlag",NULL,True,False,True,1
"K2092","Oberschlesisches Eichendorff-Kultur- und Begegnungszentrum","Górnośla̜skie Centrum Kultury i Spotkań Im. Eichendorffa w Łubowicach",NULL,NULL,NULL,NULL,False,NULL,0
"K2093","Oculus Kreativ",NULL,NULL,NULL,NULL,NULL,False,NULL,0
"K2094","Odenwald-Verlag","ODENWALD VERLAG","Buchwissenschaft, Buchhandel","Verlag","verlagsrelevant",True,True,True,2
"K2095","Odenwaldkreis, Kreisausschuss","Odenwaldkreis. Der Kreisausschuß","Buchwissenschaft, Buchhandel","Gemeinschaft","verlagsrelevant",False,True,True,1
"K2096","Oeverbos Verlag",NULL,NULL,"Verlag",NULL,True,False,True,1
"K2097","Offizin Verlag","Offizin Zürich Verlag","Buchwissenschaft, Buchhandel","Verlag","verlagsrelevant",True,True,True,2
"K2098","Ogham Verlag","Ogham Verlag","Buchwissenschaft, Buchhandel","Verlag","verlagsrelevant",True,True,True,2
"K2099","Ohetaler Verlag","Ohetaler Verlag","Buchwissenschaft, Buchhandel","Verlag","verlagsrelevant",True,True,True,2
"K2100","Ohetaler-Verl.","Ohetaler Verlag","Buchwissenschaft, Buchhandel","Verlag","verlagsrelevant",True,True,True,2
"K2101","Oktober-Verl.","Oktober Verlag","Buchwissenschaft, Buchhandel","Verlag","verlagsrelevant",True,True,True,2
"K2102","Oldenburg e.V., Leseforum","Leseforum Oldenburg",NULL,"Gemeinschaft",NULL,False,False,False,0
"K2103","Oldigor-Verl.","Oldigor Verlag","Buchwissenschaft, Buchhandel","Verlag","verlagsrelevant",True,True,True,2
"K2104","Oliver Walter Verlag",NULL,NULL,"Verlag",NULL,True,False,True,1
"K2105","Olms","Edition Olms","Buchwissenschaft, Buchhandel","Verlag","verlagsrelevant",True,True,True,2
"K2106","Olms-Weidmann",NULL,NULL,NULL,NULL,NULL,False,NULL,0
"K2107","Omniara","Omniara Verlag","Buchwissenschaft, Buchhandel","Verlag","verlagsrelevant",True,True,True,2
"K2108","Omnino Verlag",NULL,NULL,"Verlag",NULL,True,False,True,1
"K2109","Omnium-Verl.","Omnium Verlag UG","Buchwissenschaft, Buchhandel","Verlag","verlagsrelevant",True,True,True,2
"K2110","Op der Lay","Op der Lay (Esch-sur-Sûre)","Buchwissenschaft, Buchhandel",NULL,"verlagsrelevant",NULL,True,True,1
"K2111","Opferkuch Verlag",NULL,NULL,"Verlag",NULL,True,False,True,1
"K2112","Opus Magnum","opus magnum","Buchwissenschaft, Buchhandel",NULL,"verlagsrelevant",NULL,True,True,1
"K2113","Orange Cursor Verlag","Verlag Orange Cursor","Buchwissenschaft, Buchhandel","Verlag","verlagsrelevant",True,True,True,2
"K2114","Ornament",NULL,NULL,NULL,NULL,NULL,False,NULL,0
"K2115","Ortsmuseum Binningen","Ortsmuseum Binningen",NULL,NULL,NULL,NULL,False,NULL,0
"K2116","Osburg Verlag","Osburg Verlag GmbH","Buchwissenschaft, Buchhandel","Verlag","verlagsrelevant",True,True,True,2
"K2117","Oschinger, Wolfgang",NULL,NULL,NULL,NULL,NULL,False,NULL,0
"K2118","OsirisDruck","OsirisDruck","Buchwissenschaft, Buchhandel","Druckerei","verlagsrelevant",False,True,True,1
"K2119","Ostendorf Verlag","Nordstyle-Verlag","Buchwissenschaft, Buchhandel","Verlag","verlagsrelevant",True,True,True,2
"K2120","Ostfalia-Verl.","Ostfalia-Verlag","Buchwissenschaft, Buchhandel","Verlag","verlagsrelevant",True,True,True,2
"K2121","Ostfriesland Verlag",NULL,NULL,"Verlag",NULL,True,False,True,1
"K2122","Osttiroler Bote Medienunternehmen Ges.m.b.H.","Osttiroler Bote","Presse",NULL,NULL,NULL,False,NULL,0
"K2124","Otto Lach Verlagsanstalt","Otto Lach Verlagsanstalt","Buchwissenschaft, Buchhandel","Verlag","verlagsrelevant",True,True,True,2
"K2125","Otto Müller Verlag","Otto Müller Verlag","Buchwissenschaft, Buchhandel","Verlag","verlagsrelevant",True,True,True,2
"K2126","Otto-Johann-Verlag","Otto-Johann Verlag","Buchwissenschaft, Buchhandel","Verlag","verlagsrelevant",True,True,True,2
"K2127","P & B",NULL,NULL,NULL,NULL,NULL,False,NULL,0
"K2128","P & L Edition",NULL,NULL,"Verlag",NULL,True,False,True,1
"K2129","PEN Austria","Österreichischer PEN-Club","Arbeit; Literarisches Leben","Gemeinschaft","verlagsrelevant",False,True,True,1
"K2130","PIDAX",NULL,NULL,NULL,NULL,NULL,False,NULL,0
"K2131","PMLakeman-Verlag",NULL,NULL,"Verlag",NULL,True,False,True,1
"K2132","PODIUM – Literaturkreis Schloss Neulengbach",NULL,NULL,"Gemeinschaft",NULL,False,False,False,0
"K2133","POSS Verlag","Eva Poss POSS Verlag","Buchwissenschaft, Buchhandel","Verlag","verlagsrelevant",True,True,True,2
"K2134","PRO LYRICA","Stiftung Pro Lyrica",NULL,NULL,NULL,NULL,False,NULL,0
"K2135","PRONG PRESS","Prong Press",NULL,NULL,NULL,NULL,False,NULL,0
"K2136","PROOF Verlag",NULL,NULL,"Verlag",NULL,True,False,True,1
"K2137","PROverbis","PROverbis e.U. Verlagsservice und Verlag","Buchwissenschaft, Buchhandel","Verlag","verlagsrelevant",True,True,True,2
"K2138","PRovoke Media","PRovoke Media UG","Buchwissenschaft, Buchhandel",NULL,"verlagsrelevant",NULL,True,True,1
"K2140","Palabros de Cologne","Palabros de Cologne","Buchwissenschaft, Buchhandel",NULL,"verlagsrelevant",NULL,True,True,1
"K2141","Palatinum-Verl.",NULL,NULL,"Verlag",NULL,True,False,True,1
"K2142","Pallina, B.",NULL,NULL,NULL,NULL,NULL,False,NULL,0
"K2143","Pallotti","Pallotti-Verlag","Buchwissenschaft, Buchhandel","Verlag","verlagsrelevant",True,True,True,2
"K2144","Palm und Enke","Palm & Enke","Buchwissenschaft, Buchhandel",NULL,"verlagsrelevant",NULL,True,True,1
"K2145","PalmArtPress","PalmArtPress","Buchwissenschaft, Buchhandel",NULL,"verlagsrelevant",NULL,True,True,1
"K2146","Palmyra","Palmyra Verlag","Buchwissenschaft, Buchhandel","Verlag","verlagsrelevant",True,True,True,2
"K2147","Pandion Verlag","Pandion-Verlag (Kreuznach)",NULL,"Verlag",NULL,True,False,True,1
"K2148","Pandämonium-Verlag","Pandämonium Verlag","Buchwissenschaft, Buchhandel","Verlag","verlagsrelevant",True,True,True,2
"K2149","Panga-Misi Verlag","PANGAI-MISI-VERLAG","Buchwissenschaft, Buchhandel","Verlag","verlagsrelevant",True,True,True,2
"K2150","Panther Power Publ.","Panther Power Publishing","Buchwissenschaft, Buchhandel",NULL,"verlagsrelevant",NULL,True,True,1
"K2151","Papageienzeit Verlag",NULL,NULL,"Verlag",NULL,True,False,True,1
"K2152","Papermoon","Papermoon","Musik (Allgemeines), Musikgeschichte",NULL,NULL,NULL,False,NULL,0
"K2153","Papierflieger","Papierflieger Verlag","Buchwissenschaft, Buchhandel","Verlag","verlagsrelevant",True,True,True,2
"K2154","Papierfresserchens MTM-Verlag","Papierfresserchens MTM-Verlag GbR","Buchwissenschaft, Buchhandel","Verlag","verlagsrelevant",True,True,True,2
"K2155","Papierverzierer","Papierverzierer Verlag","Buchwissenschaft, Buchhandel","Verlag","verlagsrelevant",True,True,True,2
"K2156","Paracelsus Buchhandlung & Verlag","Paracelsus Buchhandlung & Verlag","Buchwissenschaft, Buchhandel","Verlag","verlagsrelevant",True,True,True,2
"K2157","Paramon Verlag","Paramon Verlag","Buchwissenschaft, Buchhandel","Verlag","verlagsrelevant",True,True,True,2
"K2158","Paranus-Verl.","Paranus Verlag Brücke Neumünster","Buchwissenschaft, Buchhandel","Verlag","verlagsrelevant",True,True,True,2
"K2159","Parlez",NULL,NULL,NULL,NULL,NULL,False,NULL,0
"K2160","Parthas","Parthas Verlag GmbH","Buchwissenschaft, Buchhandel","Verlag","verlagsrelevant",True,True,True,2
"K2161","Parzellers Buchverlag","Parzellers Buchverlag und Werbemittel GmbH & Co. KG","Buchwissenschaft, Buchhandel","Verlag","verlagsrelevant",True,True,True,2
"K2162","Passage-Verlag","Passage-Verlag","Buchwissenschaft, Buchhandel","Verlag","verlagsrelevant",True,True,True,2
"K2163","Passanten Verlag","Passanten Verlag (Berlin)","Buchwissenschaft, Buchhandel","Verlag","verlagsrelevant",True,True,True,2
"K2164","Passion Publ.","Passion Publishing Limited","Buchwissenschaft, Buchhandel",NULL,"verlagsrelevant",NULL,True,True,1
"K2165","Pastis-Verl.","Pastis Verlags GmbH","Buchwissenschaft, Buchhandel","Verlag","verlagsrelevant",True,True,True,2
"K2166","Patmos Verlag","Patmos-Verlag","Buchwissenschaft, Buchhandel","Verlag","verlagsrelevant",True,True,True,2
"K2167","Patris-Verl.","Patris-Verlag (Vallendar)","Einzelne Branchen der Industrie und des Handwerks; Buchwissenschaft, Buchhandel","Verlag","verlagsrelevant",True,True,True,2
"K2168","Pattloch Verlag","Paul Pattloch Buchhandlung und Verlag","Buchwissenschaft, Buchhandel","Verlag","verlagsrelevant",True,True,True,2
"K2169","Pauerstoff","Pauerstoff Verlag","Buchwissenschaft, Buchhandel","Verlag","verlagsrelevant",True,True,True,2
"K2170","Paul Zsolnay Verlag","Paul-Zsolnay-Verlag (Wien)","Buchwissenschaft, Buchhandel","Verlag","verlagsrelevant",True,True,True,2
"K2171","Paulinus","Paulinus Verlag","Einzelne Branchen der Industrie und des Handwerks; Buchwissenschaft, Buchhandel","Verlag","verlagsrelevant",True,True,True,2
"K2172","Paulo Freire Verlag","Paulo Freire Verlag - Dialogische Erziehung","Buchwissenschaft, Buchhandel","Verlag","verlagsrelevant",True,True,True,2
"K2173","Paulusverlag","Paulusverlag (Einsiedeln)","Buchwissenschaft, Buchhandel","Verlag","verlagsrelevant",True,True,True,2
"K2174","Pax et Bonum","Pax et Bonum e.K.","Buchwissenschaft, Buchhandel","Unternehmen","verlagsrelevant",False,True,True,1
"K2175","Pectus",NULL,NULL,NULL,NULL,NULL,False,NULL,0
"K2176","Pegasus Verein für kreatives Schreiben e.V.","Pegasus Verein für Kreatives Schreiben","Buchwissenschaft, Buchhandel","Verein","verlagsrelevant",False,True,True,1
"K2177","Pegasus-Verl.",NULL,NULL,"Verlag",NULL,True,False,True,1
"K2178","Pendo","Pendo Verlag","Buchwissenschaft, Buchhandel","Verlag","verlagsrelevant",True,True,True,2
"K2179","Pendragon","Pendragon","Musik (Allgemeines), Musikgeschichte",NULL,NULL,NULL,False,NULL,0
"K2180","Penguin Verlag","Penguin Verlag",NULL,"Verlag",NULL,True,False,True,1
"K2181","Penn-Club 2000 e.V.-Verlag","Penn-Club 2000 e.V.","Buchwissenschaft, Buchhandel","Verein","verlagsrelevant",False,True,True,1
"K2182","Pensieri&Confronti Editore",NULL,NULL,NULL,NULL,NULL,False,NULL,0
"K2183","Pep + No-Name-Verl.",NULL,NULL,"Verlag",NULL,True,False,True,1
"K2184","PerNi Publishing Unlimited",NULL,NULL,NULL,NULL,NULL,False,NULL,0
"K2186","Periplaneta","Periplaneta Verlag und Mediengruppe","Buchwissenschaft, Buchhandel","Verlag","verlagsrelevant",True,True,True,2
"K2187","Pernobilis Edition im Engelsdorfer Verlag",NULL,NULL,"Verlag",NULL,True,False,True,1
"K2188","Persimplex-Verlag","Persimplex Verlagsgruppe","Buchwissenschaft, Buchhandel","Verlag","verlagsrelevant",True,True,True,2
"K2189","Petama-Project-Verl.","Verlag Petama Project","Buchwissenschaft, Buchhandel","Verlag","verlagsrelevant",True,True,True,2
"K2190","Peter Hammer Verlag","Peter Hammer Verlag","Buchwissenschaft, Buchhandel","Verlag","verlagsrelevant",True,True,True,2
"K2191","Peter Rathke Verlag",NULL,NULL,"Verlag",NULL,True,False,True,1
"K2192","Petri","Petri-Presse",NULL,NULL,NULL,NULL,False,NULL,0
"K2193","Petrus",NULL,NULL,NULL,NULL,NULL,False,NULL,0
"K2194","Pfeifenberger","Wolfgang Pfeifenberger (Firma)","Buchwissenschaft, Buchhandel","Unternehmen","verlagsrelevant",False,True,True,1
"K2195","Pferdoman","Pferdoman","Buchwissenschaft, Buchhandel",NULL,"verlagsrelevant",NULL,True,True,1
"K2196","Philipp von Zabern","Verlag Philipp von Zabern","Buchwissenschaft, Buchhandel","Verlag","verlagsrelevant",True,True,True,2
"K2198","Picus Verlag","Picus-Verlag","Buchwissenschaft, Buchhandel","Verlag","verlagsrelevant",True,True,True,2
"K2199","Piepmatz-Verl.","piepmatz Verlag","Buchwissenschaft, Buchhandel","Verlag","verlagsrelevant",True,True,True,2
"K2200","Pigmentar Verlag","Pigmentar GmbH","Buchwissenschaft, Buchhandel","Unternehmen","verlagsrelevant",False,True,True,1
"K2201","Pilgerverlag","Pilgerverlag","Buchwissenschaft, Buchhandel","Verlag","verlagsrelevant",True,True,True,2
"K2202","Pilum Literatur Verlag","Pilum Literatur Verlag","Buchwissenschaft, Buchhandel","Verlag","verlagsrelevant",True,True,True,2
"K2203","Pingpong-Verl.","Pingpong-Verlag Buchinger","Buchwissenschaft, Buchhandel","Verlag","verlagsrelevant",True,True,True,2
"K2204","Pinguletta Verlag",NULL,NULL,"Verlag",NULL,True,False,True,1
"K2205","Piper","Piper Verlag","Buchwissenschaft, Buchhandel","Verlag","verlagsrelevant",True,True,True,2
"K2206","Pirrot","Digitaldruck Pirrot GmbH","Buchwissenschaft, Buchhandel","Druckerei","verlagsrelevant",False,True,True,1
"K2207","Plaggenhauer","PLAGGENHAUER Verlag e.K.","Buchwissenschaft, Buchhandel","Verlag","verlagsrelevant",True,True,True,2
"K2208","Plan9",NULL,NULL,NULL,NULL,NULL,False,NULL,0
"K2209","Playtime Verlag",NULL,NULL,"Verlag",NULL,True,False,True,1
"K2210","Plaza",NULL,NULL,NULL,NULL,NULL,False,NULL,0
"K2211","Plöchl",NULL,NULL,NULL,NULL,NULL,False,NULL,0
"K2212","PoCul-Verlag","PoCul- Politik und Cultur e.V.","Buchwissenschaft, Buchhandel","Verein","verlagsrelevant",False,True,True,1
"K2213","Poetenladen","Poetenladen","Buchwissenschaft, Buchhandel",NULL,"verlagsrelevant",NULL,True,True,1
"K2214","Pohlmann Verlag","Venusberg Verlag Pohlmann KG","Buchwissenschaft, Buchhandel","Verlag","verlagsrelevant",True,True,True,2
"K2215","Polamedia-Verl.","polamedia Verlag","Buchwissenschaft, Buchhandel","Verlag","verlagsrelevant",True,True,True,2
"K2216","Polarise",NULL,NULL,NULL,NULL,NULL,False,NULL,0
"K2217","Pomaska-Brand","Druck und Verlag Pomaska-Brand GmbH","Buchwissenschaft, Buchhandel","Verlag","verlagsrelevant",True,True,True,2
"K2218","Pop Verlag","Pop Verlag","Buchwissenschaft, Buchhandel","Verlag","verlagsrelevant",True,True,True,2
"K2219","Port-Royal-Verl.","Port Royal Verlag","Buchwissenschaft, Buchhandel","Verlag","verlagsrelevant",True,True,True,2
"K2220","Portmann",NULL,NULL,NULL,NULL,NULL,False,NULL,0
"K2221","Post-Verlag",NULL,NULL,"Verlag",NULL,True,False,True,1
"K2222","Praesens","Praesens VerlagsgesmbH","Buchwissenschaft, Buchhandel","Verlag","verlagsrelevant",True,True,True,2
"K2223","Praesens Verlag","Praesens VerlagsgesmbH","Buchwissenschaft, Buchhandel","Verlag","verlagsrelevant",True,True,True,2
"K2224","Preface Book",NULL,NULL,NULL,NULL,NULL,False,NULL,0
"K2225","Premio-Verl.","Premio Verlag GmbH","Buchwissenschaft, Buchhandel","Verlag","verlagsrelevant",True,True,True,2
"K2226","Pressel","Pressel & Kusch",NULL,NULL,NULL,NULL,False,NULL,0
"K2227","Pretty Print","Pretty Print","Buchwissenschaft, Buchhandel",NULL,"verlagsrelevant",NULL,True,True,1
"K2228","Preußler","Preußler Druck + Versand","Buchwissenschaft, Buchhandel","Druckerei","verlagsrelevant",False,True,True,1
"K2229","Primero-Verl.","PRIMERO VERLAG GMBH","Buchwissenschaft, Buchhandel","Verlag","verlagsrelevant",True,True,True,2
"K2230","Primär Verlag",NULL,NULL,"Verlag",NULL,True,False,True,1
"K2231","Principal-Verl.","Principal Verlag","Buchwissenschaft, Buchhandel","Verlag","verlagsrelevant",True,True,True,2
"K2232","Printhaus Druck GmbH",NULL,NULL,"Druckerei",NULL,False,False,False,0
"K2233","Printsystem Medienverlag","printsystem Medienverlag GdbR H. Harfensteller u. W. Petersdorf","Buchwissenschaft, Buchhandel","Verlag","verlagsrelevant",True,True,True,2
"K2234","Privated. Der Brunnen",NULL,NULL,"Verlag",NULL,True,False,True,1
"K2235","Priwet Litera","Priwet Litera Ltd.","Buchwissenschaft, Buchhandel",NULL,"verlagsrelevant",NULL,True,True,1
"K2236","Pro BUSINESS","Pro Business Digital Printing & Copyservice GmbH (Berlin)","Buchwissenschaft, Buchhandel; Einzelne Branchen der Industrie und des Handwerks","Unternehmen","verlagsrelevant",False,True,True,1
"K2237","Pro Libro","Verlag Pro Libro Luzern","Buchwissenschaft, Buchhandel","Verlag","verlagsrelevant",True,True,True,2
"K2238","Pro Lyrica Grundversorgung",NULL,NULL,NULL,NULL,NULL,False,NULL,0
"K2239","Pro Mente Edition","pro mente edition","Buchwissenschaft, Buchhandel","Verlag","verlagsrelevant",True,True,True,2
"K2240","Pro Message","pro MESSAGE oHG","Buchwissenschaft, Buchhandel","Unternehmen","verlagsrelevant",False,True,True,1
"K2241","ProKunde-Verl.",NULL,NULL,"Verlag",NULL,True,False,True,1
"K2242","ProMÖLLTAL - Initiative für Bildung, Kultur, Wirtschaft und Tourismus","ProMÖLLTAL - Initiative für Bildung, Kultur, Wirtschaft und Tourismus",NULL,NULL,NULL,NULL,False,NULL,0
"K2243","Progressing-Your-Ideas-GmbH",NULL,NULL,"Unternehmen",NULL,False,False,False,0
"K2244","Projekt Verlag","Projekte-Verlag Cornelius GmbH","Buchwissenschaft, Buchhandel","Verlag","verlagsrelevant",True,True,True,2
"K2245","Prolibris Verlag","Prolibris Verlag","Buchwissenschaft, Buchhandel","Verlag","verlagsrelevant",True,True,True,2
"K2246","Promedia","Promedia Verlag","Buchwissenschaft, Buchhandel; Einzelne Branchen der Industrie und des Handwerks","Verlag","verlagsrelevant",True,True,True,2
"K2247","Prospero","Prospero Verlag Münster","Buchwissenschaft, Buchhandel","Verlag","verlagsrelevant",True,True,True,2
"K2570","Societäts-Verlag","Societäts-Verlag (Frankfurt, Main)",NULL,"Verlag",NULL,True,False,True,1
"K2248","Provinz-Verl.","Provinz Verlag","Buchwissenschaft, Buchhandel","Verlag","verlagsrelevant",True,True,True,2
"K2249","Proyect Wogama","Proyect Wogama Ltd.","Buchwissenschaft, Buchhandel",NULL,"verlagsrelevant",NULL,True,True,1
"K2250","Präsenz Medien & Verlag",NULL,NULL,"Verlag",NULL,True,False,True,1
"K2251","Pubbles","Pubbles GmbH & Co. KG","Buchwissenschaft, Buchhandel","Unternehmen","verlagsrelevant",False,True,True,1
"K2252","Publ.-Textgemeinschaft","Textgemeinschaft Publikationen",NULL,"Gemeinschaft",NULL,False,False,False,0
"K2253","Public book media Verlag",NULL,NULL,"Verlag",NULL,True,False,True,1
"K2254","Publishing, TORRO Kids",NULL,NULL,NULL,NULL,NULL,False,NULL,0
"K2255","Puntas Reportagen","Puntas Reportagen AG","Buchwissenschaft, Buchhandel",NULL,"verlagsrelevant",NULL,True,True,1
"K2256","Puppen und Masken","Puppen und Masken","Einzelne Branchen der Industrie und des Handwerks",NULL,NULL,NULL,False,NULL,0
"K2257","Puput Books",NULL,NULL,NULL,NULL,NULL,False,NULL,0
"K2258","Puregraphik","Verlag Puregraphik","Buchwissenschaft, Buchhandel","Verlag","verlagsrelevant",True,True,True,2
"K2259","Pustet","Anton Pustet Verlag","Buchwissenschaft, Buchhandel","Verlag","verlagsrelevant",True,True,True,2
"K2260","Pädagogische Forschungsstelle beim Bund der Freien Waldorfschulen","Pädagogische Forschungsstelle beim Bund der Freien Waldorfschulen",NULL,"Bildungseinrichtung",NULL,False,False,False,0
"K2261","Péter Pál Meleghy",NULL,NULL,NULL,NULL,NULL,False,NULL,0
"K2262","Q5 Verlag",NULL,NULL,"Verlag",NULL,True,False,True,1
"K2263","Qindie","Qindie (Autorenkollektiv)",NULL,"Gemeinschaft",NULL,False,False,False,0
"K2264","Quadrate TV Evelyn und Hans-Georg Sandmann","Quadrate TV e.K.","Buchwissenschaft, Buchhandel","Unternehmen","verlagsrelevant",False,True,True,1
"K2265","Quadratkreis-Autorenverl.","QUADRATKREIS Autorenverlag","Buchwissenschaft, Buchhandel","Verlag","verlagsrelevant",True,True,True,2
"K2266","Quadriga","Quadriga","Buchwissenschaft, Buchhandel",NULL,"verlagsrelevant",NULL,True,True,1
"K2267","Quartierverein Riesbach","Quartierverein Riesbach",NULL,"Verein",NULL,False,False,False,0
"K2268","Queich Verlag","Queich Verlag","Buchwissenschaft, Buchhandel","Verlag","verlagsrelevant",True,True,True,2
"K2269","Quermarken-Verl.","Quermarken Verlag oHG","Buchwissenschaft, Buchhandel","Verlag","verlagsrelevant",True,True,True,2
"K2270","Querverlag","Querverlag","Buchwissenschaft, Buchhandel","Verlag","verlagsrelevant",True,True,True,2
"K2271","Quetsche, Verl. für Buchkunst","Quetsche, Verlag für Buchkunst","Einzelne Branchen der Industrie und des Handwerks; Buchwissenschaft, Buchhandel","Verlag","verlagsrelevant",True,True,True,2
"K2272","Quickborn Verlag","Quickborn-Verlag Peer-Marten Scheller","Buchwissenschaft, Buchhandel","Verlag","verlagsrelevant",True,True,True,2
"K2273","Quickborn-Verlag","Quickborn-Verlag Peer-Marten Scheller","Buchwissenschaft, Buchhandel","Verlag","verlagsrelevant",True,True,True,2
"K2274","Quintus-Verlag","Quintus-Verlag",NULL,"Verlag",NULL,True,False,True,1
"K2275","Quiqueg",NULL,NULL,NULL,NULL,NULL,False,NULL,0
"K2276","R & W Verlag der Editionen","R & W Verlag der Editionen KG","Buchwissenschaft, Buchhandel","Verlag","verlagsrelevant",True,True,True,2
"K2277","R. Hartmann","Rudolph Hartmann (Leipzig)",NULL,NULL,NULL,NULL,False,NULL,0
"K2278","R. Schley",NULL,NULL,NULL,NULL,NULL,False,NULL,0
"K2279","R.G. Fischer Verlag","R.G. Fischer Verlag GmbH","Buchwissenschaft, Buchhandel","Verlag","verlagsrelevant",True,True,True,2
"K2280","RDI-Verl.","RDI Verlag","Buchwissenschaft, Buchhandel","Verlag","verlagsrelevant",True,True,True,2
"K2281","REGIA Verlag","REGIA VERLAG","Buchwissenschaft, Buchhandel","Verlag","verlagsrelevant",True,True,True,2
"K2282","REGIA-CO-WORK",NULL,NULL,NULL,NULL,NULL,False,NULL,0
"K2283","RISSE e.V.","Risse, Verein zur Förderung Neuer Literatur in Mecklenburg-Vorpommern",NULL,"Verein",NULL,False,False,False,0
"K2284","RMd-Verlag","RMd Verlag","Buchwissenschaft, Buchhandel","Verlag","verlagsrelevant",True,True,True,2
"K2285","ROPO-Verl.","Ropo-Verlag","Buchwissenschaft, Buchhandel","Verlag","verlagsrelevant",True,True,True,2
"K2286","ROWOHLT Repertoire","Rowohlt Verlag","Buchwissenschaft, Buchhandel","Verlag","verlagsrelevant",True,True,True,2
"K2287","RS-Verlag","RS-Verlag","Buchwissenschaft, Buchhandel","Verlag","verlagsrelevant",True,True,True,2
"K2288","Radius Verlag","Radius-Verlag","Buchwissenschaft, Buchhandel","Verlag","verlagsrelevant",True,True,True,2
"K2289","Raiffeisenbank Baden","Raiffeisenbank (Sandweier, Baden-Baden)","Einzelne Branchen der Industrie und des Handwerks",NULL,NULL,NULL,False,NULL,0
"K2290","Raimund Fellner Verlag",NULL,NULL,"Verlag",NULL,True,False,True,1
"K2291","Ramlow","Ramlow-Verlag",NULL,"Verlag",NULL,True,False,True,1
"K2292","Randexistenz",NULL,NULL,NULL,NULL,NULL,False,NULL,0
"K2293","Raposa Verlag",NULL,NULL,"Verlag",NULL,True,False,True,1
"K2294","Rasch",NULL,NULL,NULL,NULL,NULL,False,NULL,0
"K2295","Rathke",NULL,NULL,NULL,NULL,NULL,False,NULL,0
"K2296","Ratio-Books","ratio-books","Buchwissenschaft, Buchhandel",NULL,"verlagsrelevant",NULL,True,True,1
"K2297","Rauch",NULL,NULL,NULL,NULL,NULL,False,NULL,0
"K2298","Rauhreif-Verl.","Rauhreif Verlag","Buchwissenschaft, Buchhandel","Verlag","verlagsrelevant",True,True,True,2
"K2299","Raum Italic","RAUM Italic | SPAZIO Corsivo",NULL,NULL,NULL,NULL,False,NULL,0
"K2300","Rautenberg","Rautenberg Verlag","Buchwissenschaft, Buchhandel","Verlag","verlagsrelevant",True,True,True,2
"K2301","Razamba","Verlag Razamba","Buchwissenschaft, Buchhandel","Verlag","verlagsrelevant",True,True,True,2
"K2302","Reader's Digest","Reader's Digest Association","Buchwissenschaft, Buchhandel",NULL,"verlagsrelevant",NULL,True,True,1
"K2303","Reche","Reche & Recall","Musik (Allgemeines), Musikgeschichte",NULL,NULL,NULL,False,NULL,0
"K2304","Reclam","Reclam-Verlag (Leipzig). Reclam-Archiv",NULL,"Verlag",NULL,True,False,True,1
"K2305","Red Rabbit","Red Rabbit","Buchwissenschaft, Buchhandel",NULL,"verlagsrelevant",NULL,True,True,1
"K2306","Redaktion Phantastik",NULL,NULL,NULL,NULL,NULL,False,NULL,0
"K2307","Redieck & Schade","Redieck & Schade GbR (Rostock)","Einzelne Branchen der Industrie und des Handwerks","Unternehmen",NULL,False,False,False,0
"K2308","Rediroma Verlag","Rediroma-Verlag","Buchwissenschaft, Buchhandel","Verlag","verlagsrelevant",True,True,True,2
"K2309","Regelverlag","Regelverlag","Buchwissenschaft, Buchhandel","Verlag","verlagsrelevant",True,True,True,2
"K2310","Regia","REGIA VERLAG","Buchwissenschaft, Buchhandel","Verlag","verlagsrelevant",True,True,True,2
"K2311","Regia Verlag","REGIA VERLAG","Buchwissenschaft, Buchhandel","Verlag","verlagsrelevant",True,True,True,2
"K2313","Regio Energie Solothurn","Regio Energie Solothurn","Energie- und Wasserwirtschaft; Öffentliche Wirtschaft, Abfallwirtschaft, Gesundheitsökonomie",NULL,NULL,NULL,False,NULL,0
"K2314","Regionalia Verlag","Regionalia Verlag GmbH","Buchwissenschaft, Buchhandel","Verlag","verlagsrelevant",True,True,True,2
"K2315","Regioverl. Südwest",NULL,NULL,"Verlag",NULL,True,False,True,1
"K2316","Reichert","Verlag Dr. Ludwig Reichert Inhaberin Ursula Reichert","Buchwissenschaft, Buchhandel","Verlag","verlagsrelevant",True,True,True,2
"K2317","Reiffer","Verlag Andreas Reiffer","Buchwissenschaft, Buchhandel","Verlag","verlagsrelevant",True,True,True,2
"K2318","Reimer",NULL,NULL,NULL,NULL,NULL,False,NULL,0
"K2319","Reimheim-Verlag",NULL,NULL,"Verlag",NULL,True,False,True,1
"K2320","Reimo-Verlag","Reimo-Verlag","Buchwissenschaft, Buchhandel","Verlag","verlagsrelevant",True,True,True,2
"K2321","Reinecke & Voß","Verlag Reinecke & Voß","Buchwissenschaft, Buchhandel","Verlag","verlagsrelevant",True,True,True,2
"K2322","Reinhardt",NULL,NULL,NULL,NULL,NULL,False,NULL,0
"K2323","Reischl Roland Verlag","Roland Reischl Verlag","Buchwissenschaft, Buchhandel","Verlag","verlagsrelevant",True,True,True,2
"K2324","Reise-Know-How Verlag Erika Därr u. Klaus Därr",NULL,NULL,"Verlag",NULL,True,False,True,1
"K2325","Reise-Know-How-Verl. Hermann","Reise Know-How Verlag Hermann","Buchwissenschaft, Buchhandel","Verlag","verlagsrelevant",True,True,True,2
"K2326","Reisebuch Verlag",NULL,NULL,"Verlag",NULL,True,False,True,1
"K2327","RenMai Verlag","RenMai Verlag Agentur Bauer","Buchwissenschaft, Buchhandel","Verlag","verlagsrelevant",True,True,True,2
"K2328","Renaissance-Verl. Marburg",NULL,NULL,"Verlag",NULL,True,False,True,1
"K2329","Rendezvous Verlag","Rendezvous-Verlag","Buchwissenschaft, Buchhandel","Verlag","verlagsrelevant",True,True,True,2
"K2330","Renneritz Verlag","Renneritz Verlag","Buchwissenschaft, Buchhandel","Verlag","verlagsrelevant",True,True,True,2
"K2331","Renáta Baumann-Chybová",NULL,NULL,NULL,NULL,NULL,False,NULL,0
"K2332","Residenz Verlag","Residenz Verlag","Buchwissenschaft, Buchhandel","Verlag","verlagsrelevant",True,True,True,2
"K2333","Residenzkaufhaus",NULL,NULL,NULL,NULL,NULL,False,NULL,0
"K2334","Resistenz-Verl.","Resistenz","Buchwissenschaft, Buchhandel",NULL,"verlagsrelevant",NULL,True,True,1
"K2335","Rhein Wörtlich","rhein wörtlich e.V.","Buchwissenschaft, Buchhandel","Verein","verlagsrelevant",False,True,True,1
"K2336","Rhein-Mosel-Verlag","Rhein-Mosel-Verlag","Buchwissenschaft, Buchhandel","Verlag","verlagsrelevant",True,True,True,2
"K2337","Rheingauer Mundartverein e. V.","Rheingauer Mundartverein",NULL,"Verein",NULL,False,False,False,0
"K2338","Rheinischer Landwirtschafts-Verl.","Rheinischer Landwirtschafts-Verlag","Buchwissenschaft, Buchhandel","Verlag","verlagsrelevant",True,True,True,2
"K2339","Rheinlandia-Verl.","Rheinlandia Verlag & Antiquariat","Buchwissenschaft, Buchhandel","Verlag","verlagsrelevant",True,True,True,2
"K2340","RiWei-Verl.","Riwei-Verlag GmbH","Buchwissenschaft, Buchhandel","Verlag","verlagsrelevant",True,True,True,2
"K2341","Richmond-Verl.","Richmond Verlag","Buchwissenschaft, Buchhandel","Verlag","verlagsrelevant",True,True,True,2
"K2342","Richter","Verlag Robert Richter",NULL,"Verlag",NULL,True,False,True,1
"K2343","Rimbaud Verlag","Rimbaud Verlag","Buchwissenschaft, Buchhandel","Verlag","verlagsrelevant",True,True,True,2
"K2344","Ring of light",NULL,NULL,NULL,NULL,NULL,False,NULL,0
"K2345","Ringelberg Verlag",NULL,NULL,"Verlag",NULL,True,False,True,1
"K2346","Ringelbergverlag","Ringelbergverlag",NULL,"Verlag",NULL,True,False,True,1
"K2347","Ripperger & Kremers","Ripperger & Kremers Verlag","Buchwissenschaft, Buchhandel","Verlag","verlagsrelevant",True,True,True,2
"K2348","Ripperger & Kremers Verlag","Ripperger & Kremers Verlag","Buchwissenschaft, Buchhandel","Verlag","verlagsrelevant",True,True,True,2
"K2349","Ritschel","Jürgen Ritschel (Firma)","Buchwissenschaft, Buchhandel","Unternehmen","verlagsrelevant",False,True,True,1
"K2350","Ritter",NULL,NULL,NULL,NULL,NULL,False,NULL,0
"K2351","Ritter Klagenfurt","Kunsthalle Ritter (Klagenfurt)","Bildende Kunst",NULL,NULL,NULL,False,NULL,0
"K2352","Riverfield Verlag","Riverfield Verlag",NULL,"Verlag",NULL,True,False,True,1
"K2353","RoRo Hand & Kopfwerkstatt",NULL,NULL,NULL,NULL,NULL,False,NULL,0
"K2354","Rockstuhl","Verlag Rockstuhl","Buchwissenschaft, Buchhandel","Verlag","verlagsrelevant",True,True,True,2
"K2355","Roderer","Roderer","Buchwissenschaft, Buchhandel",NULL,"verlagsrelevant",NULL,True,True,1
"K2356","Rodneys Underground Press",NULL,NULL,NULL,NULL,NULL,False,NULL,0
"K2357","Rohans Verlag c/o Block Services",NULL,NULL,"Verlag",NULL,True,False,True,1
"K2358","Roki-Art VSH Verlag Schönrock & Heikamp",NULL,NULL,"Verlag",NULL,True,False,True,1
"K2359","Roland Klöpfer Verlag",NULL,NULL,"Verlag",NULL,True,False,True,1
"K2360","Roland Reischl Verlag","Roland Reischl Verlag","Buchwissenschaft, Buchhandel","Verlag","verlagsrelevant",True,True,True,2
"K2361","RomanVerl.","RomanVerlag","Buchwissenschaft, Buchhandel","Verlag","verlagsrelevant",True,True,True,2
"K2362","Romantruhe - Buchversand","Romantruhe - Buchversand","Buchwissenschaft, Buchhandel",NULL,"verlagsrelevant",NULL,True,True,1
"K2363","Rombach","Rombach Verlag",NULL,"Verlag",NULL,True,False,True,1
"K2364","Romeon Verlag","Romeon Verlag",NULL,"Verlag",NULL,True,False,True,1
"K2365","Romowe",NULL,NULL,NULL,NULL,NULL,False,NULL,0
"K2366","Rosamontis-Verl.","Rosamontis Verlag","Buchwissenschaft, Buchhandel","Verlag","verlagsrelevant",True,True,True,2
"K2367","Rosenfluh Publikationen AG","Rosenfluh Publikationen AG","Buchwissenschaft, Buchhandel",NULL,"verlagsrelevant",NULL,True,True,1
"K2368","Rosner",NULL,NULL,NULL,NULL,NULL,False,NULL,0
"K2369","Rosspoint",NULL,NULL,NULL,NULL,NULL,False,NULL,0
"K2370","Rostocker Frauenkulturverein Die Beginen e.V.","Beginen e.V.",NULL,"Verein",NULL,False,False,False,0
"K2371","Rot und Licht","Rot und Licht","Buchwissenschaft, Buchhandel",NULL,"verlagsrelevant",NULL,True,True,1
"K2372","Rotabene Medienhaus","Rotabene Data Service GmbH & Co. KG","Buchwissenschaft, Buchhandel","Unternehmen","verlagsrelevant",False,True,True,1
"K2373","Rotary-Verl.",NULL,NULL,"Verlag",NULL,True,False,True,1
"K2374","Rotblatt, Kater",NULL,NULL,NULL,NULL,NULL,False,NULL,0
"K2375","Rotbuch-Verl.","Rotbuch Verlag","Buchwissenschaft, Buchhandel","Verlag","verlagsrelevant",True,True,True,2
"K2376","Rotenbach-Verl.","Rotenbach Verlag GmbH & Co. KG","Buchwissenschaft, Buchhandel","Verlag","verlagsrelevant",True,True,True,2
"K2377","Rotpunktverlag","Rotpunktverlag","Einzelne Branchen der Industrie und des Handwerks; Buchwissenschaft, Buchhandel","Verlag","verlagsrelevant",True,True,True,2
"K2378","Rotten Verlag","Rotten Verlag","Buchwissenschaft, Buchhandel","Verlag","verlagsrelevant",True,True,True,2
"K2379","Rowohl Polaris","Rowohlt Polaris Verlag","Buchwissenschaft, Buchhandel","Verlag","verlagsrelevant",True,True,True,2
"K2380","Rowohlt","Rowohlt Verlag","Buchwissenschaft, Buchhandel","Verlag","verlagsrelevant",True,True,True,2
"K2381","Rowohlt Berlin","Rowohlt Berlin Verlag","Buchwissenschaft, Buchhandel","Verlag","verlagsrelevant",True,True,True,2
"K2382","Rowohlt Hundert Augen","Rowohlt Hundert Augen (Firma)","Buchwissenschaft, Buchhandel","Unternehmen","verlagsrelevant",False,True,True,1
"K2383","Rowohlt Repertoire","Rowohlt Verlag","Buchwissenschaft, Buchhandel","Verlag","verlagsrelevant",True,True,True,2
"K2384","Rowohlt Taschenbuch Verlag","Rowohlt Taschenbuch Verlag","Buchwissenschaft, Buchhandel","Verlag","verlagsrelevant",True,True,True,2
"K2385","Rowohlt Verlag GmbH","Rowohlt Verlag","Buchwissenschaft, Buchhandel","Verlag","verlagsrelevant",True,True,True,2
"K2386","Roßdorf : Wolfbach",NULL,NULL,NULL,NULL,NULL,False,NULL,0
"K2387","Rudolph",NULL,NULL,NULL,NULL,NULL,False,NULL,0
"K2388","Ruhland Verlag","Ruhland Verlag GmbH","Buchwissenschaft, Buchhandel","Verlag","verlagsrelevant",True,True,True,2
"K2389","Ruhrkrimi-Verlag",NULL,NULL,"Verlag",NULL,True,False,True,1
"K2390","Ruhrliteratur",NULL,NULL,NULL,NULL,NULL,False,NULL,0
"K2391","Ryckschau",NULL,NULL,NULL,NULL,NULL,False,NULL,0
"K2392","Röll","Verlag J.H. Röll","Buchwissenschaft, Buchhandel","Verlag","verlagsrelevant",True,True,True,2
"K2393","Röser-Presse","Röser Presse GmbH","Buchwissenschaft, Buchhandel","Unternehmen","verlagsrelevant",False,True,True,1
"K2394","Rübenberger Verl. Weiß","Rübenberger Verlag","Buchwissenschaft, Buchhandel","Verlag","verlagsrelevant",True,True,True,2
"K2395","Rüger",NULL,NULL,NULL,NULL,NULL,False,NULL,0
"K2396","S. Fischer Verlag","S. Fischer Verlag","Buchwissenschaft, Buchhandel","Verlag","verlagsrelevant",True,True,True,2
"K2397","S. Hirzel Verlag","S. Hirzel Verlag (Stuttgart)","Buchwissenschaft, Buchhandel","Verlag","verlagsrelevant",True,True,True,2
"K2398","S. Roderer Verlag","Roderer","Buchwissenschaft, Buchhandel",NULL,"verlagsrelevant",NULL,True,True,1
"K2399","S. Sell Heimat-Verlag","Heimat-Verlag Altenburg","Buchwissenschaft, Buchhandel","Verlag","verlagsrelevant",True,True,True,2
"K2400","S.Fischer","S. Fischer Verlag","Buchwissenschaft, Buchhandel","Verlag","verlagsrelevant",True,True,True,2
"K2401","SCALA Verlag","Scala Verlag GmbH","Buchwissenschaft, Buchhandel","Verlag","verlagsrelevant",True,True,True,2
"K2402","SCM","SCM",NULL,NULL,NULL,NULL,False,NULL,0
"K2403","SCRATCH Verlag","SCRATCH Verlag","Buchwissenschaft, Buchhandel","Verlag","verlagsrelevant",True,True,True,2
"K2404","SCW Auer-Sällef","SCW Auer-Sällef","Buchwissenschaft, Buchhandel",NULL,"verlagsrelevant",NULL,True,True,1
"K2405","SE Stengel",NULL,NULL,NULL,NULL,NULL,False,NULL,0
"K2406","SELLBERG Verlag",NULL,NULL,"Verlag",NULL,True,False,True,1
"K2407","SIGNUM e. V. Dresden",NULL,NULL,NULL,NULL,NULL,False,NULL,0
"K2408","SJM-Verl.","SJM-Verlag GmbH","Buchwissenschaft, Buchhandel","Verlag","verlagsrelevant",True,True,True,2
"K2409","SJW","SJW Schweizerisches Jugendschriftenwerk","Buchwissenschaft, Buchhandel; Bildungswesen (Allgemeines); Literarisches Leben",NULL,"verlagsrelevant",NULL,True,True,1
"K2410","SP-Verlag","SP-Verlag Medien oHG","Buchwissenschaft, Buchhandel","Verlag","verlagsrelevant",True,True,True,2
"K2411","SPRACHFLECHTWERK",NULL,NULL,NULL,NULL,NULL,False,NULL,0
"K2412","SSE-Verl.",NULL,NULL,"Verlag",NULL,True,False,True,1
"K2413","SUKULTUR","SuKuLTuR","Buchwissenschaft, Buchhandel",NULL,"verlagsrelevant",NULL,True,True,1
"K2414","SWB-Verl.",NULL,NULL,"Verlag",NULL,True,False,True,1
"K2415","SWR Media Services GmbH","SWR Media Services GmbH","Buchwissenschaft, Buchhandel","Unternehmen","verlagsrelevant",False,True,True,1
"K2416","Saarländisches Künstlerhaus","Saarländisches Künstlerhaus Saarbrücken","Buchwissenschaft, Buchhandel",NULL,"verlagsrelevant",NULL,True,True,1
"K2417","Sabrina Kossel, Milchbart Company Leipzig",NULL,NULL,NULL,NULL,NULL,False,NULL,0
"K2418","SadWolf",NULL,NULL,NULL,NULL,NULL,False,NULL,0
"K2419","SadWolf Verlag",NULL,NULL,"Verlag",NULL,True,False,True,1
"K2420","Safari-Discoverer-Verlag","Safari-Discoverer Verlag","Buchwissenschaft, Buchhandel","Verlag","verlagsrelevant",True,True,True,2
"K2421","Sagner","Kubon & Sagner","Buchwissenschaft, Buchhandel",NULL,"verlagsrelevant",NULL,True,True,1
"K2422","Salier Verlag","Salier Verlag","Buchwissenschaft, Buchhandel","Verlag","verlagsrelevant",True,True,True,2
"K2423","Salis","Salis Verlag","Buchwissenschaft, Buchhandel","Verlag","verlagsrelevant",True,True,True,2
"K2424","Salon-LiteraturVerl.","SALON LiteraturVerlag","Buchwissenschaft, Buchhandel","Verlag","verlagsrelevant",True,True,True,2
"K2425","SalonPresse",NULL,NULL,NULL,NULL,NULL,False,NULL,0
"K2426","Salonlöwe-Verl.","Salonlöwe Verlag","Buchwissenschaft, Buchhandel","Verlag","verlagsrelevant",True,True,True,2
"K2427","Salsa Verlag",NULL,NULL,"Verlag",NULL,True,False,True,1
"K2428","Salzgitter, Print & Lettershop",NULL,NULL,NULL,NULL,NULL,False,NULL,0
"K2429","Samenkorn e.V.","Samenkorn e.V.","Buchwissenschaft, Buchhandel","Verein","verlagsrelevant",False,True,True,1
"K2430","Samples","Samples","Musik (Allgemeines), Musikgeschichte",NULL,NULL,NULL,False,NULL,0
"K2431","Sand",NULL,NULL,NULL,NULL,NULL,False,NULL,0
"K2432","SaniVal","SaniVal","Buchwissenschaft, Buchhandel",NULL,"verlagsrelevant",NULL,True,True,1
"K2433","Sankt-Ulrich-Verl.","Sankt-Ulrich-Verlag","Buchwissenschaft, Buchhandel","Verlag","verlagsrelevant",True,True,True,2
"K2434","Saphir im Stahl","Saphir im Stahl (Körperschaft)","Buchwissenschaft, Buchhandel",NULL,"verlagsrelevant",NULL,True,True,1
"K2435","Sarastro","Sarastro GmbH","Buchwissenschaft, Buchhandel","Unternehmen","verlagsrelevant",False,True,True,1
"K2436","Sarganserländer Verl.",NULL,NULL,"Verlag",NULL,True,False,True,1
"K2437","Sarturia Verlag e.K. Autoren Service","Sarturia Verlag e.K. Autoren-Service","Buchwissenschaft, Buchhandel","Verlag","verlagsrelevant",True,True,True,2
"K2438","Sascha Eysoldt Verlag",NULL,NULL,"Verlag",NULL,True,False,True,1
"K2439","Sassafras","Sassafras Verlag","Buchwissenschaft, Buchhandel","Verlag","verlagsrelevant",True,True,True,2
"K2440","Satyr-Verl.","Satyr-Verlag","Buchwissenschaft, Buchhandel","Verlag","verlagsrelevant",True,True,True,2
"K2441","Satz und Druck Herrmann AG","Herrmann AG",NULL,NULL,NULL,NULL,False,NULL,0
"K2442","SatzZeichen, Autorengruppe",NULL,NULL,"Gemeinschaft",NULL,False,False,False,0
"K2443","Satzwerk-Verl.","Satzwerk","Buchwissenschaft, Buchhandel",NULL,"verlagsrelevant",NULL,True,True,1
"K2444","Saunar","Reiner Saunar (Firma)","Buchwissenschaft, Buchhandel","Unternehmen","verlagsrelevant",False,True,True,1
"K2445","Sautter, Verlag für Systemische Konzepte","Verlag für Systemische Konzepte","Buchwissenschaft, Buchhandel","Verlag","verlagsrelevant",True,True,True,2
"K2446","Schadinsky Verlag","Schadinsky (Verlag, Celle)",NULL,"Verlag",NULL,True,False,True,1
"K2447","Schalita-Verl.","Schalita-Verlag","Buchwissenschaft, Buchhandel","Verlag","verlagsrelevant",True,True,True,2
"K2448","Schalk-Verl. Scherer","Schalk-Verlag","Buchwissenschaft, Buchhandel","Verlag","verlagsrelevant",True,True,True,2
"K2449","Schaltzeit-Verl.","Schaltzeit Verlag, Andreas Illmann",NULL,"Verlag",NULL,True,False,True,1
"K2450","Schardt Verlag","Schardt Verlag e.K.","Buchwissenschaft, Buchhandel","Verlag","verlagsrelevant",True,True,True,2
"K2451","Schattenlicht-Verl.","Schattenlicht Verlag UG (haftungsbeschränkt)","Buchwissenschaft, Buchhandel","Verlag","verlagsrelevant",True,True,True,2
"K2452","Scherz",NULL,NULL,NULL,NULL,NULL,False,NULL,0
"K2453","Schibri-Verlag","Schibri-Verlag","Buchwissenschaft, Buchhandel","Verlag","verlagsrelevant",True,True,True,2
"K2454","Schiermeier","Franz Schiermeier (Firma)","Buchwissenschaft, Buchhandel","Unternehmen","verlagsrelevant",False,True,True,1
"K2455","Schiler","Schiler & Mücke",NULL,NULL,NULL,NULL,False,NULL,0
"K2456","Schiler & Mücke","Schiler & Mücke",NULL,NULL,NULL,NULL,False,NULL,0
"K2457","Schiler***5005585","Verlag Hans Schiler","Buchwissenschaft, Buchhandel","Verlag","verlagsrelevant",True,True,True,2
"K2458","Schiller Verlag","Schiller Verlag","Buchwissenschaft, Buchhandel","Verlag","verlagsrelevant",True,True,True,2
"K2459","Schillinger Verlag","Schillinger Verlag GmbH","Buchwissenschaft, Buchhandel","Verlag","verlagsrelevant",True,True,True,2
"K2460","Schillo-Verlag",NULL,NULL,"Verlag",NULL,True,False,True,1
"K2461","Schinken Verlag",NULL,NULL,"Verlag",NULL,True,False,True,1
"K2462","Schirner Verlag","Schirner Verlag","Buchwissenschaft, Buchhandel","Verlag","verlagsrelevant",True,True,True,2
"K2463","Schlosser","Verlagshaus Schlosser","Buchwissenschaft, Buchhandel","Verlag","verlagsrelevant",True,True,True,2
"K2464","Schlütersche","Schlütersche Verlagsanstalt und Druckerei","Buchwissenschaft, Buchhandel","Verlag","verlagsrelevant",True,True,True,2
"K2465","Schmenk","Nicole Schmenk (Firma)","Buchwissenschaft, Buchhandel","Unternehmen","verlagsrelevant",False,True,True,1
"K2466","Schmetterling Stuttgart","Schmetterling-Verlag (Stuttgart)","Einzelne Branchen der Industrie und des Handwerks; Buchwissenschaft, Buchhandel","Verlag","verlagsrelevant",True,True,True,2
"K2467","Schmid",NULL,NULL,NULL,NULL,NULL,False,NULL,0
"K2468","Schmid Otreba Seitz Medien","Schmid Otreba Seitz Medien GmbH & Co. KG","Buchwissenschaft, Buchhandel","Unternehmen","verlagsrelevant",False,True,True,1
"K2469","Schmidt",NULL,NULL,NULL,NULL,NULL,False,NULL,0
"K2470","Schmidt & Klaunig","Schmidt und Klaunig (Kiel)","Buchwissenschaft, Buchhandel",NULL,"verlagsrelevant",NULL,True,True,1
"K2471","Schmidt von Schwind","Schmidt von Schwind Verlag UG (haftungsbeschränkt)","Buchwissenschaft, Buchhandel","Verlag","verlagsrelevant",True,True,True,2
"K2472","Schmitz",NULL,NULL,NULL,NULL,NULL,False,NULL,0
"K2473","Schmöker-Verl.","Schmöker Verlag","Buchwissenschaft, Buchhandel","Verlag","verlagsrelevant",True,True,True,2
"K2474","Schmöker-Verl. Bienert","Schmöker Verlag","Buchwissenschaft, Buchhandel","Verlag","verlagsrelevant",True,True,True,2
"K2475","Schneider",NULL,NULL,NULL,NULL,NULL,False,NULL,0
"K2476","Schneider Hohengehren","Schneider Verlag Hohengehren GmbH","Buchwissenschaft, Buchhandel","Verlag","verlagsrelevant",True,True,True,2
"K2477","Schneider, Nadine",NULL,NULL,NULL,NULL,NULL,False,NULL,0
"K2478","Schnell","Verlag Schnell Peter Salmann","Buchwissenschaft, Buchhandel","Verlag","verlagsrelevant",True,True,True,2
"K2479","Schnider",NULL,NULL,NULL,NULL,NULL,False,NULL,0
"K2480","Scholastika-Verlag","Scholastika-Verlag","Buchwissenschaft, Buchhandel","Verlag","verlagsrelevant",True,True,True,2
"K2481","Scholz",NULL,NULL,NULL,NULL,NULL,False,NULL,0
"K2482","SchreibStimme",NULL,NULL,NULL,NULL,NULL,False,NULL,0
"K2483","Schreibgruppe ausgewundert",NULL,NULL,"Gemeinschaft",NULL,False,False,False,0
"K2484","Schreiblust-Verlag","Schreiblust-Verlag","Buchwissenschaft, Buchhandel","Verlag","verlagsrelevant",True,True,True,2
"K2485","Schreibstark-Verlag",NULL,NULL,"Verlag",NULL,True,False,True,1
"K2486","Schreibwaren Wegmann Inh. Janos Metz e. K.",NULL,NULL,NULL,NULL,NULL,False,NULL,0
"K2487","Schreibwerkstatt Ost bei Edition Howeg",NULL,NULL,"Verlag",NULL,True,False,True,1
"K2488","Schreibwerkstatt SCHRIFT:gut","Schrift:gut Schreibwerkstatt Carsten und Wolfgang Gerz (Westernohe)","Buchwissenschaft, Buchhandel; Einzelne Branchen der Industrie und des Handwerks",NULL,"verlagsrelevant",NULL,True,True,1
"K2489","Schroer","CH. SCHROER GmbH","Buchwissenschaft, Buchhandel","Unternehmen","verlagsrelevant",False,True,True,1
"K2490","Schruf & Stipetic","Schruf & Stipetic","Buchwissenschaft, Buchhandel",NULL,"verlagsrelevant",NULL,True,True,1
"K2491","Schröder Verlag","Schroeder Verlag","Buchwissenschaft, Buchhandel","Verlag","verlagsrelevant",True,True,True,2
"K2492","Schuler","Verlag F. Schuler","Buchwissenschaft, Buchhandel","Verlag","verlagsrelevant",True,True,True,2
"K2493","SchumacherGebler",NULL,NULL,NULL,NULL,NULL,False,NULL,0
"K2494","Schuster",NULL,NULL,NULL,NULL,NULL,False,NULL,0
"K2495","Schwab, Jörg",NULL,NULL,NULL,NULL,NULL,False,NULL,0
"K2496","Schwager & Steinlein","Schwager & Steinlein Verlag GmbH","Buchwissenschaft, Buchhandel","Verlag","verlagsrelevant",True,True,True,2
"K2497","Schwalbe",NULL,NULL,NULL,NULL,NULL,False,NULL,0
"K2498","Schwarzbuch Verlag",NULL,NULL,"Verlag",NULL,True,False,True,1
"K2499","Schwarze-Zeilen Verlag",NULL,NULL,"Verlag",NULL,True,False,True,1
"K2500","Schwarzer Drachen",NULL,NULL,NULL,NULL,NULL,False,NULL,0
"K2501","Schwarzer Drachen Verlag",NULL,NULL,"Verlag",NULL,True,False,True,1
"K2502","Schwarzkopf & Schwarzkopf","Schwarzkopf & Schwarzkopf Verlag","Buchwissenschaft, Buchhandel","Verlag","verlagsrelevant",True,True,True,2
"K2503","Schweikert-Bonn-Verl.","Schweikert-Bonn-Verlag","Buchwissenschaft, Buchhandel","Verlag","verlagsrelevant",True,True,True,2
"K2504","Schweitzerhaus-Verl.","Schweitzerhaus Verlag Karin Schweitzer e.K.","Buchwissenschaft, Buchhandel","Verlag","verlagsrelevant",True,True,True,2
"K2505","Schweizer Literaturgesellschaft","Schweizer Literaturgesellschaft","Buchwissenschaft, Buchhandel","Gemeinschaft","verlagsrelevant",False,True,True,1
"K2506","Schäfer",NULL,NULL,NULL,NULL,NULL,False,NULL,0
"K2507","Schöffling & Co.","Schöffling & Co.","Buchwissenschaft, Buchhandel",NULL,"verlagsrelevant",NULL,True,True,1
"K2509","Schöningh","Verlag Ferdinand Schöningh","Buchwissenschaft, Buchhandel; Einzelne Branchen der Industrie und des Handwerks","Verlag","verlagsrelevant",True,True,True,2
"K2510","Schönrock & Heikamp",NULL,NULL,NULL,NULL,NULL,False,NULL,0
"K2511","Schünemann","Carl Ed. Schünemann KG","Einzelne Branchen der Industrie und des Handwerks; Papierherstellung, Grafische Technik; Buchwissenschaft, Buchhandel","Verlag","verlagsrelevant",True,True,True,2
"K2512","Schütze, Engler, Weber","Schütze, Engler, Weber Verlags GbR","Buchwissenschaft, Buchhandel","Verlag","verlagsrelevant",True,True,True,2
"K2513","Scribitur",NULL,NULL,NULL,NULL,NULL,False,NULL,0
"K2514","Scribo Verlag","Scribo Verlagsgesellschaft","Buchwissenschaft, Buchhandel","Verlag","verlagsrelevant",True,True,True,2
"K2515","Secession, Verl. für Literatur","Secession Verlag für Literatur","Buchwissenschaft, Buchhandel","Verlag","verlagsrelevant",True,True,True,2
"K2516","Seeling","Galerie Seeling","Einzelne Branchen der Industrie und des Handwerks",NULL,NULL,NULL,False,NULL,0
"K2517","Seestern Verlag","Seestern Verlag","Buchwissenschaft, Buchhandel","Verlag","verlagsrelevant",True,True,True,2
"K2518","Segler","Peter Segler Verlag","Buchwissenschaft, Buchhandel","Verlag","verlagsrelevant",True,True,True,2
"K2519","Seh-Weg-Verl.",NULL,NULL,"Verlag",NULL,True,False,True,1
"K2520","Seidler","Lothar Seidler (Firma)","Buchwissenschaft, Buchhandel","Unternehmen","verlagsrelevant",False,True,True,1
"K2521","Seifert Verlag","Seifert Verlag","Buchwissenschaft, Buchhandel","Verlag","verlagsrelevant",True,True,True,2
"K2522","Seilschaft-Verl.","Roland Wagner Seilschaft Verlag","Buchwissenschaft, Buchhandel","Verlag","verlagsrelevant",True,True,True,2
"K2523","Seitenblick","Seitenblick","Buchwissenschaft, Buchhandel",NULL,"verlagsrelevant",NULL,True,True,1
"K2524","Seitenstraßen Verlag","Seitenstraßen Verlag GmbH","Buchwissenschaft, Buchhandel","Verlag","verlagsrelevant",True,True,True,2
"K2525","Selbstlesebuch","Dein Selbstlesebuch","Buchwissenschaft, Buchhandel",NULL,"verlagsrelevant",NULL,True,True,1
"K2526","Selbstverlag","Selbstverlag","Buchwissenschaft, Buchhandel","Verlag","verlagsrelevant",True,True,True,2
"K2527","Selbstverlag B.R.",NULL,NULL,"Verlag",NULL,True,False,True,1
"K2528","Selbstverlag KUBI",NULL,NULL,"Verlag",NULL,True,False,True,1
"K2529","Selbstverlag Peter Vogler",NULL,NULL,"Verlag",NULL,True,False,True,1
"K2530","Selbstverlag Susi Streichenberg",NULL,NULL,"Verlag",NULL,True,False,True,1
"K2531","Selbstverlag des Autors Wolfgang Bornemann",NULL,NULL,"Verlag",NULL,True,False,True,1
"K2532","Semann Verlag","Semann Verlag","Buchwissenschaft, Buchhandel","Verlag","verlagsrelevant",True,True,True,2
"K2533","Semikolon-Verl.","Semikolon-Verlag","Buchwissenschaft, Buchhandel","Verlag","verlagsrelevant",True,True,True,2
"K2534","Semmelroch","Frantz-Semmelroch Verlag GmbH","Buchwissenschaft, Buchhandel","Verlag","verlagsrelevant",True,True,True,2
"K2535","Senfkornverlag",NULL,NULL,"Verlag",NULL,True,False,True,1
"K2536","Seniorenschreibtisch der Stadt Puchheim","Seniorenschreibtisch der Stadt Puchheim",NULL,NULL,NULL,NULL,False,NULL,0
"K2537","Septime","Septime Verlag","Buchwissenschaft, Buchhandel","Verlag","verlagsrelevant",True,True,True,2
"K2538","Septime Verlag","Septime Verlag","Buchwissenschaft, Buchhandel","Verlag","verlagsrelevant",True,True,True,2
"K2539","Servitus-Verl.","Servitus Verlag","Buchwissenschaft, Buchhandel","Verlag","verlagsrelevant",True,True,True,2
"K2540","Servus Verlag","Servus Verlag (Firma)","Buchwissenschaft, Buchhandel","Verlag","verlagsrelevant",True,True,True,2
"K2541","Severus Verlag","Severus Verlag","Buchwissenschaft, Buchhandel","Verlag","verlagsrelevant",True,True,True,2
"K2542","Shadodex - Verlag der Schatten",NULL,NULL,"Verlag",NULL,True,False,True,1
"K2543","Shaker Verlag","Shaker Verlag","Buchwissenschaft, Buchhandel","Verlag","verlagsrelevant",True,True,True,2
"K2544","Shakti & Sargam",NULL,NULL,NULL,NULL,NULL,False,NULL,0
"K2545","Shayol","Shayol","Buchwissenschaft, Buchhandel",NULL,"verlagsrelevant",NULL,True,True,1
"K2546","Shoebox House","Shoebox House Verlag e.K.","Buchwissenschaft, Buchhandel","Verlag","verlagsrelevant",True,True,True,2
"K2547","Shutterstock","Shutterstock, Inc.","Einzelne Branchen der Industrie und des Handwerks",NULL,NULL,NULL,False,NULL,0
"K2548","Sich","Wolfgang Sich (Firma)","Buchwissenschaft, Buchhandel","Unternehmen","verlagsrelevant",False,True,True,1
"K2549","Sieben Verlag","Sieben-Verlag","Buchwissenschaft, Buchhandel","Verlag","verlagsrelevant",True,True,True,2
"K2550","SiebenSchreiber","SiebenSchreiber",NULL,NULL,NULL,NULL,False,NULL,0
"K2551","Siebenstern-Dr.","Siebenstern-Druckerei Schliekau KG","Buchwissenschaft, Buchhandel","Druckerei","verlagsrelevant",False,True,True,1
"K2552","Sigena-Verl.","Sigena-Verlag","Buchwissenschaft, Buchhandel","Verlag","verlagsrelevant",True,True,True,2
"K2553","Silbenflink-Verl.","Silbenflink Verlag","Buchwissenschaft, Buchhandel","Verlag","verlagsrelevant",True,True,True,2
"K2554","Silberburg Verlag","Silberburg-Verlag Titus Häussermann","Buchwissenschaft, Buchhandel","Verlag","verlagsrelevant",True,True,True,2
"K2555","Silberkrone Verlag","Silberkrone Verlag","Buchwissenschaft, Buchhandel","Verlag","verlagsrelevant",True,True,True,2
"K2556","SilvForLife Design",NULL,NULL,NULL,NULL,NULL,False,NULL,0
"K2557","Silver-Horse-Ed.","Silver Horse Edition","Buchwissenschaft, Buchhandel","Verlag","verlagsrelevant",True,True,True,2
"K2558","Simon Verlag für Bibliothekswissen","Simon Verlag für Bibliothekswissen e.K.","Buchwissenschaft, Buchhandel","Verlag","verlagsrelevant",True,True,True,2
"K2559","Simonett & Baer","Simonett & Baer",NULL,NULL,NULL,NULL,False,NULL,0
"K2560","SingLiesel Verlag","Singliesel GmbH","Buchwissenschaft, Buchhandel","Unternehmen","verlagsrelevant",False,True,True,1
"K2561","Sinnbild-Verlag",NULL,NULL,"Verlag",NULL,True,False,True,1
"K2562","Sisyphus","Sisyphus Verlag","Buchwissenschaft, Buchhandel","Verlag","verlagsrelevant",True,True,True,2
"K2563","Situationspresse","Situationspresse","Buchwissenschaft, Buchhandel",NULL,"verlagsrelevant",NULL,True,True,1
"K2564","Siva-Natara Verlag","Siva Natara-Verlag","Buchwissenschaft, Buchhandel","Verlag","verlagsrelevant",True,True,True,2
"K2565","Skarabäus","Skarabaeus Verlag","Buchwissenschaft, Buchhandel","Verlag","verlagsrelevant",True,True,True,2
"K2566","Skopus-Verl.","Günter  von Deyen Skopus-Verlag","Buchwissenschaft, Buchhandel","Verlag","verlagsrelevant",True,True,True,2
"K2572","Sokrates & Freunde GmbH","Sokrates & Freunde GmbH","Buchwissenschaft, Buchhandel","Unternehmen","verlagsrelevant",False,True,True,1
"K2573","Solar Plexus","Solar Plexus","Musik (Allgemeines), Musikgeschichte",NULL,NULL,NULL,False,NULL,0
"K2575","Solibro-Verl.","Solibro Verlag","Buchwissenschaft, Buchhandel","Verlag","verlagsrelevant",True,True,True,2
"K2576","Soll-und-Haben-Verl.","Soll und Haben Verlag","Buchwissenschaft, Buchhandel","Verlag","verlagsrelevant",True,True,True,2
"K2577","Somedia Buchverlag","Somedia Buchverlag","Buchwissenschaft, Buchhandel","Verlag","verlagsrelevant",True,True,True,2
"K2578","Sommerfeld","Antje Sommerfeld (Firma)","Buchwissenschaft, Buchhandel","Unternehmen","verlagsrelevant",False,True,True,1
"K2579","Sonderpunkt-Verl.","sonderpunkt Verlag","Buchwissenschaft, Buchhandel","Verlag","verlagsrelevant",True,True,True,2
"K2580","Songdog-Verl.","Songdog Verlag","Buchwissenschaft, Buchhandel","Verlag","verlagsrelevant",True,True,True,2
"K2581","Sonnenberg",NULL,NULL,NULL,NULL,NULL,False,NULL,0
"K2582","SoralPro-Verl.","SoralPRO Verlag","Buchwissenschaft, Buchhandel","Verlag","verlagsrelevant",True,True,True,2
"K2583","SpaceNet Verlag","SpaceNet AG (München)","Buchwissenschaft, Buchhandel; Einzelne Branchen der Industrie und des Handwerks",NULL,"verlagsrelevant",NULL,True,True,1
"K2584","Spaß am Lesen Verlag","Spaß am Lesen Verlag",NULL,"Verlag",NULL,True,False,True,1
"K2585","Specht, Ulrich",NULL,NULL,NULL,NULL,NULL,False,NULL,0
"K2586","Spector Books","Spector Books OHG","Buchwissenschaft, Buchhandel","Unternehmen","verlagsrelevant",False,True,True,1
"K2587","Sperling-Verlag","Sperling Verlag","Buchwissenschaft, Buchhandel","Verlag","verlagsrelevant",True,True,True,2
"K2588","Sphera-Verl.","Sphera Verlag","Buchwissenschaft, Buchhandel","Verlag","verlagsrelevant",True,True,True,2
"K2589","Sphinx Agency",NULL,NULL,NULL,NULL,NULL,False,NULL,0
"K2590","Spica-Verl.","Spica Verlag","Buchwissenschaft, Buchhandel","Verlag","verlagsrelevant",True,True,True,2
"K2591","Spielberg Verlag","Spielberg-Verlag GmbH","Buchwissenschaft, Buchhandel","Verlag","verlagsrelevant",True,True,True,2
"K2592","Spirit-Rainbow-Verl.","Spirit Rainbow Verlag","Buchwissenschaft, Buchhandel","Verlag","verlagsrelevant",True,True,True,2
"K2593","Spohr","Spohr Verlag Hagar Spohr u. Salim Spohr","Buchwissenschaft, Buchhandel","Verlag","verlagsrelevant",True,True,True,2
"K2594","Springer","Springer","Musik (Allgemeines), Musikgeschichte",NULL,NULL,NULL,False,NULL,0
"K2595","Sprudelkiste.com Gleißner",NULL,NULL,NULL,NULL,NULL,False,NULL,0
"K2596","Spurbuchverlag","Spurbuchverlag","Buchwissenschaft, Buchhandel","Verlag","verlagsrelevant",True,True,True,2
"K2597","Sputniks Werbeagentur","Sputniks-Werbeagentur (München)","Buchwissenschaft, Buchhandel; Einzelne Branchen der Industrie und des Handwerks",NULL,"verlagsrelevant",NULL,True,True,1
"K2598","St. Benno Verlag","St. Benno-Verlag","Buchwissenschaft, Buchhandel; Katechetik, Christliche Erziehung, Kirchliche Bildungsarbeit; Katholische Kirche","Verlag","verlagsrelevant",True,True,True,2
"K2599","St. Johannis-Druckerei","St.-Johannis-Druckerei (Lahr)",NULL,"Druckerei",NULL,False,False,False,0
"K2600","Staackmann","Verlag L. Staackmann","Buchwissenschaft, Buchhandel","Verlag","verlagsrelevant",True,True,True,2
"K2601","Stadt Erfurt","Stadt Erfurt. Stadt- und Regionalbibliothek Erfurt","Buchwissenschaft, Buchhandel",NULL,"verlagsrelevant",NULL,True,True,1
"K2602","Stadt Hattingen","Hattingen",NULL,NULL,NULL,NULL,False,NULL,0
"K2603","Stadt Hilden","Hilden (Stadt)",NULL,NULL,NULL,NULL,False,NULL,0
"K2604","Stadt Ostseebad Rerik",NULL,NULL,NULL,NULL,NULL,False,NULL,0
"K2605","Stadt Vechta","Vechta",NULL,NULL,NULL,NULL,False,NULL,0
"K2606","Stadtbibliothek Prenzlau",NULL,NULL,NULL,NULL,NULL,False,NULL,0
"K2607","Stadtgemeinde Perg","Perg",NULL,NULL,NULL,NULL,False,NULL,0
"K2608","Stadthaus-Verl.","Stadthaus-Verlag","Buchwissenschaft, Buchhandel","Verlag","verlagsrelevant",True,True,True,2
"K2609","Stadtlichter-Presse","Stadtlichter-Presse (Wenzendorf)","Einzelne Branchen der Industrie und des Handwerks; Buchwissenschaft, Buchhandel",NULL,"verlagsrelevant",NULL,True,True,1
"K2610","Stangl & Taubald","Stangl + Taubald, Buchhandlung, GmbH. Abt. Verlag","Buchwissenschaft, Buchhandel","Verlag","verlagsrelevant",True,True,True,2
"K2611","Steffen","Steffen GmbH","Buchwissenschaft, Buchhandel","Unternehmen","verlagsrelevant",False,True,True,1
"K2612","Steidl","Steidl Verlag","Buchwissenschaft, Buchhandel","Verlag","verlagsrelevant",True,True,True,2
"K2613","Steidl Verlag","Steidl Verlag","Buchwissenschaft, Buchhandel","Verlag","verlagsrelevant",True,True,True,2
"K2614","Stein-Medien","Stein-Medien GmbH","Buchwissenschaft, Buchhandel","Unternehmen","verlagsrelevant",False,True,True,1
"K2615","Steinmann",NULL,NULL,NULL,NULL,NULL,False,NULL,0
"K2616","Steinverl.","Steinverlag GmbH",NULL,"Verlag",NULL,True,False,True,1
"K2617","Stekovics","Verlag Janos Stekovics","Buchwissenschaft, Buchhandel","Verlag","verlagsrelevant",True,True,True,2
"K2618","Stellwerck-Verl.","Stellwerck Verlag","Buchwissenschaft, Buchhandel","Verlag","verlagsrelevant",True,True,True,2
"K2619","Stephan Moll Verlag","Verlag S.MO","Buchwissenschaft, Buchhandel","Verlag","verlagsrelevant",True,True,True,2
"K2620","Stephanie Feyerabend Verlag",NULL,NULL,"Verlag",NULL,True,False,True,1
"K2621","Stephenson, C","S. & C. Stephenson (London)",NULL,NULL,NULL,NULL,False,NULL,0
"K2622","Sternensammler-Verl.","Sternensammler Verlag","Buchwissenschaft, Buchhandel","Verlag","verlagsrelevant",True,True,True,2
"K2623","Sternensand Verlag","Sternensand Verlag",NULL,"Verlag",NULL,True,False,True,1
"K2624","Stickenbütteler Kreisverl.",NULL,NULL,"Verlag",NULL,True,False,True,1
"K2625","Stiftung Kantonsbibliothek Uri","Kantonsbibliothek Uri","Bibliothek, Information und Dokumentation",NULL,NULL,NULL,False,NULL,0
"K2626","Stocker",NULL,NULL,NULL,NULL,NULL,False,NULL,0
"K2627","Stockwärter Verlag","Stockwärter Verlag",NULL,"Verlag",NULL,True,False,True,1
"K2628","Storia-Verl.","Storia Verlag OHG","Buchwissenschaft, Buchhandel","Verlag","verlagsrelevant",True,True,True,2
"K2629","Stories & Friends","STORIES & FRIENDS Verlag e.K.","Buchwissenschaft, Buchhandel","Verlag","verlagsrelevant",True,True,True,2
"K2630","Story Town - Derek Meister & Marion Meister GbR c/o Papyrus Autoren-Club",NULL,NULL,"Gemeinschaft",NULL,False,False,False,0
"K2631","Storyhouse-Verl.","Storyhouse Verlag","Buchwissenschaft, Buchhandel","Verlag","verlagsrelevant",True,True,True,2
"K2633","Strandläufer Verlag","Strandläufer Verlag","Buchwissenschaft, Buchhandel","Verlag","verlagsrelevant",True,True,True,2
"K2634","StraussEdition",NULL,NULL,"Verlag",NULL,True,False,True,1
"K2635","Streifen-Verl.","Streifen Verlag","Buchwissenschaft, Buchhandel","Verlag","verlagsrelevant",True,True,True,2
"K2636","Strichpunkt-Verl.","Strichpunkt-Verlag","Buchwissenschaft, Buchhandel","Verlag","verlagsrelevant",True,True,True,2
"K2637","Stroemfeld","Stroemfeld-Verlag","Einzelne Branchen der Industrie und des Handwerks","Verlag",NULL,True,False,True,1
"K2638","Strozpress",NULL,NULL,NULL,NULL,NULL,False,NULL,0
"K2639","Struktur Verlag",NULL,NULL,"Verlag",NULL,True,False,True,1
"K2640","Studia Universitätsverlag",NULL,NULL,"Verlag",NULL,True,False,True,1
"K2641","StudienVerlag","StudienVerlag","Buchwissenschaft, Buchhandel","Verlag","verlagsrelevant",True,True,True,2
"K2643","Stumpp",NULL,NULL,NULL,NULL,NULL,False,NULL,0
"K2644","Stutz Druck AG","Stutz Druck","Einzelne Branchen der Industrie und des Handwerks; Buchwissenschaft, Buchhandel","Druckerei","verlagsrelevant",False,True,True,1
"K2645","Styria Verlag","Styria Verlag in Verlagsgruppe Styria GmbH & Co. KG","Buchwissenschaft, Buchhandel","Verlag","verlagsrelevant",True,True,True,2
"K2646","Stämpfli","Stämpfli AG","Papierherstellung, Grafische Technik; Buchwissenschaft, Buchhandel; Einzelne Branchen der Industrie und des Handwerks",NULL,"verlagsrelevant",NULL,True,True,1
"K2647","Subkultur","edition subkultur","Buchwissenschaft, Buchhandel","Verlag","verlagsrelevant",True,True,True,2
"K2648","Subrosa-Verl.","Hagen Stolz Subrosa-Verlag","Buchwissenschaft, Buchhandel","Verlag","verlagsrelevant",True,True,True,2
"K2649","Suhrkamp Verlag","Suhrkamp Verlag","Buchwissenschaft, Buchhandel","Verlag","verlagsrelevant",True,True,True,2
"K2650","Sujet Verlag","Sujet Druck & Verlag","Buchwissenschaft, Buchhandel","Verlag","verlagsrelevant",True,True,True,2
"K2651","Sure-Publishing","Sure-Publishing",NULL,NULL,NULL,NULL,False,NULL,0
"K2652","Surface Book","surface book","Buchwissenschaft, Buchhandel",NULL,"verlagsrelevant",NULL,True,True,1
"K2653","Susan Schoch Verlag",NULL,NULL,"Verlag",NULL,True,False,True,1
"K2654","Sutton","Sutton Verlag","Buchwissenschaft, Buchhandel","Verlag","verlagsrelevant",True,True,True,2
"K2655","Sutton Verlag","Sutton Verlag","Buchwissenschaft, Buchhandel","Verlag","verlagsrelevant",True,True,True,2
"K2656","Sutton Verlag GmbH","Sutton Verlag","Buchwissenschaft, Buchhandel","Verlag","verlagsrelevant",True,True,True,2
"K2657","Svato","Svato Verlag","Buchwissenschaft, Buchhandel","Verlag","verlagsrelevant",True,True,True,2
"K2658","Sylcho Studio",NULL,NULL,NULL,NULL,NULL,False,NULL,0
"K2659","Synergen-Verl.",NULL,NULL,"Verlag",NULL,True,False,True,1
"K2660","SüdOst Verlag","SüdOst Verlag","Buchwissenschaft, Buchhandel","Verlag","verlagsrelevant",True,True,True,2
"K2661","Süddt. Zeitung GmbH","Süddeutsche Zeitung GmbH","Presse; Einzelne Branchen der Industrie und des Handwerks","Unternehmen",NULL,False,False,False,0
"K2662","Südostschweiz-Buchverl.","Südostschweiz Buchverlag","Buchwissenschaft, Buchhandel","Verlag","verlagsrelevant",True,True,True,2
"K2663","Südverl.","Südverlag (Konstanz)","Buchwissenschaft, Buchhandel","Verlag","verlagsrelevant",True,True,True,2
"K2664","Südwest",NULL,NULL,NULL,NULL,NULL,False,NULL,0
"K2665","TAK - Tiroler Autorinnen und Autoren Kooperative",NULL,NULL,NULL,NULL,NULL,False,NULL,0
"K2666","TBT Verlag","TBT-Verlag","Buchwissenschaft, Buchhandel","Verlag","verlagsrelevant",True,True,True,2
"K2667","TEXT/RAHMEN e.U.",NULL,NULL,NULL,NULL,NULL,False,NULL,0
"K2668","THK-Verlag UG","THK-Verlag","Buchwissenschaft, Buchhandel","Verlag","verlagsrelevant",True,True,True,2
"K2669","THW Österreich",NULL,NULL,NULL,NULL,NULL,False,NULL,0
"K2670","TRIGA - Der Verlag","TRIGA - Der Verlag Gerlinde Heß UG","Buchwissenschaft, Buchhandel","Verlag","verlagsrelevant",True,True,True,2
"K2671","TRUANT UG",NULL,NULL,NULL,NULL,NULL,False,NULL,0
"K2672","TVZ, Theologischer Verlag Zürich","Theologischer Verlag Zürich","Buchwissenschaft, Buchhandel","Verlag","verlagsrelevant",True,True,True,2
"K2673","TWENTYSIX",NULL,NULL,NULL,NULL,NULL,False,NULL,0
"K2674","TZ-Verl.","TZ - Verlag GmbH","Buchwissenschaft, Buchhandel","Verlag","verlagsrelevant",True,True,True,2
"K2675","Tagwerke Verlag",NULL,NULL,"Verlag",NULL,True,False,True,1
"K2676","Talawah Verlag",NULL,NULL,"Verlag",NULL,True,False,True,1
"K2677","Tappeiner","Tappeiner AG (Lana)","Buchwissenschaft, Buchhandel; Einzelne Branchen der Industrie und des Handwerks",NULL,"verlagsrelevant",NULL,True,True,1
"K2678","Tauberverlag",NULL,NULL,"Verlag",NULL,True,False,True,1
"K2679","Tauriska","Tauriska - Verein zur Förderung Eigener Kultur- und Regionalentwicklung in der Region Nationalpark Hohe Tauern","Buchwissenschaft, Buchhandel","Verein","verlagsrelevant",False,True,True,1
"K2680","Tausendschlau-Verl.","Tausendschlau Verlag","Buchwissenschaft, Buchhandel","Verlag","verlagsrelevant",True,True,True,2
"K2681","TeGe-Verlag",NULL,NULL,"Verlag",NULL,True,False,True,1
"K2682","Teaterverl. Elgg","teaterverlag elgg","Buchwissenschaft, Buchhandel","Verlag","verlagsrelevant",True,True,True,2
"K2683","Tectum-Verl.","Tectum Verlag","Einzelne Branchen der Industrie und des Handwerks; Buchwissenschaft, Buchhandel","Verlag","verlagsrelevant",True,True,True,2
"K2684","Tele Entertainment","Tele Entertainment UG","Buchwissenschaft, Buchhandel",NULL,"verlagsrelevant",NULL,True,True,1
"K2685","Telegramme Verlag","Telegramme Verlag",NULL,"Verlag",NULL,True,False,True,1
"K2686","Telescope-Verl.",NULL,NULL,"Verlag",NULL,True,False,True,1
"K2687","Telesma",NULL,NULL,NULL,NULL,NULL,False,NULL,0
"K2688","Tennemann","Tennemann Media GmbH","Buchwissenschaft, Buchhandel","Unternehmen","verlagsrelevant",False,True,True,1
"K2689","Testudoverl.","Testudoverlag","Buchwissenschaft, Buchhandel","Verlag","verlagsrelevant",True,True,True,2
"K2690","Texianer Verlag",NULL,NULL,"Verlag",NULL,True,False,True,1
"K2691","Text-Atelier Leipzig","Text-Atelier Leipzig",NULL,NULL,NULL,NULL,False,NULL,0
"K2692","Text-Bild-Ton Verlag Heike Hagenmaier",NULL,NULL,"Verlag",NULL,True,False,True,1
"K2693","TextLustVerl.","TextLustVerlag","Buchwissenschaft, Buchhandel","Verlag","verlagsrelevant",True,True,True,2
"K2694","Textem Verlag","Textem Verlag","Buchwissenschaft, Buchhandel","Verlag","verlagsrelevant",True,True,True,2
"K2695","Textgemeinschaft, Anthologie",NULL,NULL,"Gemeinschaft",NULL,False,False,False,0
"K2696","Textkontor","Textkontor Verlag","Buchwissenschaft, Buchhandel","Verlag","verlagsrelevant",True,True,True,2
"K2697","Textmanufaktur","Textmanufaktur","Buchwissenschaft, Buchhandel",NULL,"verlagsrelevant",NULL,True,True,1
"K2698","Thami Verlag","Thami Verlag e.K.","Buchwissenschaft, Buchhandel","Verlag","verlagsrelevant",True,True,True,2
"K2699","Thanatos Verlag",NULL,NULL,"Verlag",NULL,True,False,True,1
"K2700","The Dandy is Dead",NULL,NULL,NULL,NULL,NULL,False,NULL,0
"K2701","The Dreamcatcher","The Dreamcatcher","Buchwissenschaft, Buchhandel",NULL,"verlagsrelevant",NULL,True,True,1
"K2702","Thekla Verlag GbR","Heike Hafferberth und Silke Wessner Thekla Verlag GbR","Buchwissenschaft, Buchhandel","Verlag","verlagsrelevant",True,True,True,2
"K2703","Theodor Boder Verlag","Theodor Boder Verlag","Buchwissenschaft, Buchhandel","Verlag","verlagsrelevant",True,True,True,2
"K2704","Theologischer Verlag Zürich","Theologischer Verlag Zürich","Buchwissenschaft, Buchhandel","Verlag","verlagsrelevant",True,True,True,2
"K2705","Thesis-Verl.","Thesis Verlag (Schweiz)","Buchwissenschaft, Buchhandel","Verlag","verlagsrelevant",True,True,True,2
"K2706","Thiele & Schwarz","Druck- und Verlagshaus Thiele und Schwarz (Kassel)","Einzelne Branchen der Industrie und des Handwerks; Papierherstellung, Grafische Technik; Buchwissenschaft, Buchhandel","Verlag","verlagsrelevant",True,True,True,2
"K2707","Thielmann","Albrecht Thielmann (Firma)","Buchwissenschaft, Buchhandel","Unternehmen","verlagsrelevant",False,True,True,1
"K2708","Thomas Mann-Gesellschaft Hamburg","Thomas Mann-Gesellschaft Hamburg",NULL,"Gemeinschaft",NULL,False,False,False,0
"K2709","Thomas Rüger Verlag",NULL,NULL,"Verlag",NULL,True,False,True,1
"K2710","Thomas-Morus-Bildungswerk","Thomas-Morus-Bildungswerk Schwerin","Buchwissenschaft, Buchhandel",NULL,"verlagsrelevant",NULL,True,True,1
"K2711","Thon",NULL,NULL,NULL,NULL,NULL,False,NULL,0
"K2712","Thurm Verlag","P. Thurm Verlag","Buchwissenschaft, Buchhandel","Verlag","verlagsrelevant",True,True,True,2
"K2713","Thurneysser","Leonhard-Thurneysser-Verlag","Buchwissenschaft, Buchhandel","Verlag","verlagsrelevant",True,True,True,2
"K2714","Tierbuchverlag Irene Hohe",NULL,NULL,"Verlag",NULL,True,False,True,1
"K2715","Till Schaap Edition","Till Schaap Edition","Buchwissenschaft, Buchhandel","Verlag","verlagsrelevant",True,True,True,2
"K2716","TimpeTe-Verlag","TimpeTe-Verlag","Buchwissenschaft, Buchhandel","Verlag","verlagsrelevant",True,True,True,2
"K2717","Tirom-Verlag",NULL,NULL,"Verlag",NULL,True,False,True,1
"K2718","ToMa",NULL,NULL,NULL,NULL,NULL,False,NULL,0
"K2719","TonStrom-Verl.","Tonstrom Verlag","Buchwissenschaft, Buchhandel","Verlag","verlagsrelevant",True,True,True,2
"K2720","Tonn","Thomas Tonn (Firma)","Buchwissenschaft, Buchhandel","Unternehmen","verlagsrelevant",False,True,True,1
"K2721","Topalian & Milani Verlag",NULL,NULL,"Verlag",NULL,True,False,True,1
"K2722","Topp + Möller","Topp + Möller Druck und Verlag GmbH & Co. KG","Buchwissenschaft, Buchhandel","Verlag","verlagsrelevant",True,True,True,2
"K2723","Tordenfjord-Verl.","Tordenfjord Verlag","Buchwissenschaft, Buchhandel","Verlag","verlagsrelevant",True,True,True,2
"K2724","Torner","Torner Records","Buchwissenschaft, Buchhandel",NULL,"verlagsrelevant",NULL,True,True,1
"K2725","Totechöpfli",NULL,NULL,NULL,NULL,NULL,False,NULL,0
"K2726","Trabanten Verlag",NULL,NULL,"Verlag",NULL,True,False,True,1
"K2727","Traumstunden-Verl.","Traumstunden Verlag","Buchwissenschaft, Buchhandel","Verlag","verlagsrelevant",True,True,True,2
"K2728","Traumwelt Verlag","Traumwelt Verlag","Buchwissenschaft, Buchhandel","Verlag","verlagsrelevant",True,True,True,2
"K2729","Trauner","Rudolf-Trauner-Verlag","Buchwissenschaft, Buchhandel","Verlag","verlagsrelevant",True,True,True,2
"K2730","Trautmann",NULL,NULL,NULL,NULL,NULL,False,NULL,0
"K2731","Treffen Junger Autoren","Treffen Junger Autoren (Berlin)","Literarisches Leben",NULL,"verlagsrelevant",NULL,True,True,1
"K2732","Treibgut-Verl.","Treibgut Verlag","Buchwissenschaft, Buchhandel","Verlag","verlagsrelevant",True,True,True,2
"K2733","Treibhaus e.V.","Treibhaus e.V.",NULL,"Verein",NULL,False,False,False,0
"K2734","Trierer Autoren Treff, Trierer Autoren","Edition TAT",NULL,"Verlag",NULL,True,False,True,1
"K2735","Trikont","Trikont Duisburg Verlag","Buchwissenschaft, Buchhandel","Verlag","verlagsrelevant",True,True,True,2
"K2736","Trikont-Duisburg","Trikont Duisburg Verlag","Buchwissenschaft, Buchhandel","Verlag","verlagsrelevant",True,True,True,2
"K2737","Trikont-Duisburg, Dialog-Edition","Trikont Duisburg Verlag","Buchwissenschaft, Buchhandel","Verlag","verlagsrelevant",True,True,True,2
"K2738","Tropen","Klett-Cotta Verlag. Tropen-Verlag","Buchwissenschaft, Buchhandel","Verlag","verlagsrelevant",True,True,True,2
"K2739","Trottoir Noir",NULL,NULL,NULL,NULL,NULL,False,NULL,0
"K2740","Trotz-Verl.",NULL,NULL,"Verlag",NULL,True,False,True,1
"K2741","Truso-Verl.","Truso - Vereinigung. Abt. Verlag","Buchwissenschaft, Buchhandel","Verlag","verlagsrelevant",True,True,True,2
"K2742","Trägerverein Werkraum Abersee und Kulturhauptstadt 2024 Salzkammergut",NULL,NULL,"Verein",NULL,False,False,False,0
"K2743","Trötsch Verlag GmbH & Co. KG","Trötsch Verlag","Buchwissenschaft, Buchhandel","Verlag","verlagsrelevant",True,True,True,2
"K2744","Turmschreiber-Verl.","Turmschreiber Verlag Ingwert Paulsen jr. e.K.","Buchwissenschaft, Buchhandel","Verlag","verlagsrelevant",True,True,True,2
"K2745","Turnshare","Turnshare Ltd. Publisher","Buchwissenschaft, Buchhandel",NULL,"verlagsrelevant",NULL,True,True,1
"K2746","Turricula Verlag",NULL,NULL,"Verlag",NULL,True,False,True,1
"K2747","Twilight-Line Verlag","Twilight-Line Verlag",NULL,"Verlag",NULL,True,False,True,1
"K2748","Two Books","two BOOKS","Buchwissenschaft, Buchhandel",NULL,"verlagsrelevant",NULL,True,True,1
"K2749","Typo.M",NULL,NULL,NULL,NULL,NULL,False,NULL,0
"K2750","Typostudio Schumacher-Gebler","Schumacher-Gebler",NULL,NULL,NULL,NULL,False,NULL,0
"K2751","Tyrolia-Verlag","Verlagsanstalt Tyrolia","Einzelne Branchen der Industrie und des Handwerks; Buchwissenschaft, Buchhandel","Verlag","verlagsrelevant",True,True,True,2
"K2752","TösterKultur e.V.","TösterKultur e. V.",NULL,NULL,NULL,NULL,False,NULL,0
"K2753","Tübinger Buchhandlung Wekenmann unter der Schirmherrschaft von Dr. Daniela Hüttig, Erste Landesbeamtin, und in Kooperation mit der Tübinger Museumsgesellschaft",NULL,NULL,"Buchhandlung",NULL,False,False,False,0
"K2754","U-Line-Verl.","U-Line UG","Buchwissenschaft, Buchhandel",NULL,"verlagsrelevant",NULL,True,True,1
"K2755","UBV","Unternehmen.Bilden.Vielfalt (UBV) e.V.",NULL,"Verein",NULL,False,False,False,0
"K2756","UND-Verlag","UND-Verlag","Buchwissenschaft, Buchhandel","Verlag","verlagsrelevant",True,True,True,2
"K2757","Ubooks-Verl.","Ubooks Verlag","Buchwissenschaft, Buchhandel","Verlag","verlagsrelevant",True,True,True,2
"K2758","Ulenspiegel-Verl.","Ulenspiegel-Verlag","Buchwissenschaft, Buchhandel","Verlag","verlagsrelevant",True,True,True,2
"K2759","Ulisses Spiele",NULL,NULL,NULL,NULL,NULL,False,NULL,0
"K2760","Ulli Verlag","Christoph Schubert & Ulli Verlag PE.CH","Buchwissenschaft, Buchhandel","Verlag","verlagsrelevant",True,True,True,2
"K2761","Ullstein Verlag","Verlag Ullstein","Buchwissenschaft, Buchhandel","Verlag","verlagsrelevant",True,True,True,2
"K2762","Ulrich Diehl Verlag","Ulrich Diehl Verlag und Medienservice GmbH","Buchwissenschaft, Buchhandel","Verlag","verlagsrelevant",True,True,True,2
"K2763","Ulrike Helmer Verlag","Ulrike Helmer Verlag","Buchwissenschaft, Buchhandel; Handel einzelner Branchen, Dienstleistung einzelner Branchen","Verlag","verlagsrelevant",True,True,True,2
"K2764","Ultimomondo","Ultimomondo","Buchwissenschaft, Buchhandel",NULL,"verlagsrelevant",NULL,True,True,1
"K2765","Ultraviolett Verlag",NULL,NULL,"Verlag",NULL,True,False,True,1
"K2766","Umbrella - Fachverl. für Wiss. und Technik",NULL,NULL,"Verlag",NULL,True,False,True,1
"K2769","UniScripta-Verl.","UniScripta Verlag","Buchwissenschaft, Buchhandel","Verlag","verlagsrelevant",True,True,True,2
"K2770","Unionsverlag","Unionsverlag","Buchwissenschaft, Buchhandel","Verlag","verlagsrelevant",True,True,True,2
"K2771","Unipress Verlag","UNIPRESS Verlag","Buchwissenschaft, Buchhandel","Verlag","verlagsrelevant",True,True,True,2
"K2772","United p.c.","united p.c.","Buchwissenschaft, Buchhandel",NULL,"verlagsrelevant",NULL,True,True,1
"K2773","Univ. Palackého","Univerzita Palackého v Olomouci","Hochschule",NULL,NULL,NULL,False,NULL,0
"K2774","Univ.-Verl. Halle-Wittenberg","Universitätsverlag Halle-Wittenberg","Buchwissenschaft, Buchhandel","Verlag","verlagsrelevant",True,True,True,2
"K2775","Universaar","Universität des Saarlandes. universaar - Universitätsverlag des Saarlandes","Buchwissenschaft, Buchhandel","Verlag","verlagsrelevant",True,True,True,2
"K2776","Universal Frame","Universal Frame GmbH, Verlag","Buchwissenschaft, Buchhandel","Verlag","verlagsrelevant",True,True,True,2
"K2777","Universitätsverlag",NULL,NULL,"Verlag",NULL,True,False,True,1
"K2778","Universitätsverlag Chemnitz","Universitätsverlag Chemnitz","Buchwissenschaft, Buchhandel","Verlag","verlagsrelevant",True,True,True,2
"K2779","Universitätsverlag Potsdam","Universitätsverlag Potsdam","Buchwissenschaft, Buchhandel","Verlag","verlagsrelevant",True,True,True,2
"K2780","Universo","Grupo Universo",NULL,NULL,NULL,NULL,False,NULL,0
"K2781","Unsichtbar Verlag","Unsichtbar-Verlag","Buchwissenschaft, Buchhandel","Verlag","verlagsrelevant",True,True,True,2
"K2782","Unterdruck Verlag",NULL,NULL,"Verlag",NULL,True,False,True,1
"K2783","Urachhaus","Verlag Urachhaus","Einzelne Branchen der Industrie und des Handwerks; Buchwissenschaft, Buchhandel","Verlag","verlagsrelevant",True,True,True,2
"K2784","Ursus-Verl.","Ursus Verlag","Buchwissenschaft, Buchhandel","Verlag","verlagsrelevant",True,True,True,2
"K2785","Utrata Fachbuchverlag","Utrata Fachbuchverlag","Buchwissenschaft, Buchhandel","Verlag","verlagsrelevant",True,True,True,2
"K2786","V. F. Sammler",NULL,NULL,NULL,NULL,NULL,False,NULL,0
"K2787","VAS - Verlag für Akademische Schriften","VAS-Verlag für Akademische Schriften Karl-Heinz Balon","Buchwissenschaft, Buchhandel","Verlag","verlagsrelevant",True,True,True,2
"K2788","VAT Verlag","VAT Verlag","Buchwissenschaft, Buchhandel","Verlag","verlagsrelevant",True,True,True,2
"K2789","VDG","VDG-Verlag","Buchwissenschaft, Buchhandel","Verlag","verlagsrelevant",True,True,True,2
"K2790","VEG",NULL,NULL,NULL,NULL,NULL,False,NULL,0
"K2791","VERARA-Verl. an der Rabnitz",NULL,NULL,"Verlag",NULL,True,False,True,1
"K2792","VERLAG PH. C.W. SCHMIDT","Verlagsdruckerei Ph. C. W. Schmidt (Neustadt a. d. Aisch)","Buchwissenschaft, Buchhandel","Verlag","verlagsrelevant",True,True,True,2
"K2793","VEVAIS EDITION's",NULL,NULL,"Verlag",NULL,True,False,True,1
"K2794","VF Die Fontäne",NULL,NULL,NULL,NULL,NULL,False,NULL,0
"K2795","VGS Verlagsgenossenschaft St. Gallen","VGS Verlagsgenossenschaft St. Gallen","Buchwissenschaft, Buchhandel","Verlag","verlagsrelevant",True,True,True,2
"K2796","VHV, Literatur & Kultur Verlag",NULL,NULL,"Verlag",NULL,True,False,True,1
"K2797","VNA","VNA","Musik (Allgemeines), Musikgeschichte",NULL,NULL,NULL,False,NULL,0
"K2798","VNL, Verl. Neue Literatur","Verlag Neue Literatur","Buchwissenschaft, Buchhandel","Verlag","verlagsrelevant",True,True,True,2
"K2799","VOLLTEXT – Zeitschrift für Literatur","Volltext - Zeitung für Literatur","Buchwissenschaft, Buchhandel",NULL,"verlagsrelevant",NULL,True,True,1
"K2800","VS",NULL,NULL,NULL,NULL,NULL,False,NULL,0
"K2801","VSA-Verl.","VSA-Verlag","Buchwissenschaft, Buchhandel","Verlag","verlagsrelevant",True,True,True,2
"K2802","VSH Verlag Schönrock & Heikamp",NULL,NULL,"Verlag",NULL,True,False,True,1
"K2803","VTA",NULL,NULL,NULL,NULL,NULL,False,NULL,0
"K2804","VV, Veltener Verl.-Ges.","VV Veltener Verlagsgesellschaft mbH","Buchwissenschaft, Buchhandel","Verlag","verlagsrelevant",True,True,True,2
"K2805","Valentin","Peter Valentin Verlag","Buchwissenschaft, Buchhandel","Verlag","verlagsrelevant",True,True,True,2
"K2806","Vallentin",NULL,NULL,NULL,NULL,NULL,False,NULL,0
"K2807","Van Helmont, Verlag  für verborgene Talente",NULL,NULL,"Verlag",NULL,True,False,True,1
"K2808","Vantage-Point-World-Verl.","Vantage Point World Verlag","Buchwissenschaft, Buchhandel","Verlag","verlagsrelevant",True,True,True,2
"K2809","Vehling Verlag","Vehling Verlag e.K.","Buchwissenschaft, Buchhandel","Verlag","verlagsrelevant",True,True,True,2
"K2810","VentVerl.","VentVerlag","Buchwissenschaft, Buchhandel","Verlag","verlagsrelevant",True,True,True,2
"K2811","Ventil-Verl.","Ventil Verlag","Buchwissenschaft, Buchhandel","Verlag","verlagsrelevant",True,True,True,2
"K2812","Ventura-Verl.","Ventura Verlag","Buchwissenschaft, Buchhandel","Verlag","verlagsrelevant",True,True,True,2
"K2813","Verband deutscher Schriftstellerinnen und Schriftsteller in ver.di – Landesverband Bayern, Verband deutscher Schriftstellerinnen und Schriftsteller in ver.di –. Landesverband",NULL,NULL,"Verband",NULL,False,False,False,0
"K2814","Verbrecher-Verl.","Verbrecher Verlag","Buchwissenschaft, Buchhandel","Verlag","verlagsrelevant",True,True,True,2
"K2815","Verein ALSO (Anno Literatur Sonntag)","Verein ALSO - Anno Literatur SOnntag",NULL,"Verein",NULL,False,False,False,0
"K2816","Verein Alltag-Verl.","Verein Alltag-Verlag (Wiener Neustadt)","Einzelne Branchen der Industrie und des Handwerks; Buchwissenschaft, Buchhandel","Verlag","verlagsrelevant",True,True,True,2
"K2817","Verein Frauenhäuser Steiermark, Verein Frauenhäuser","Frauenhäuser Steiermark - Verein zur Soforthilfe für Bedrohte und Misshandelte Frauen und Deren Kinder",NULL,"Verein",NULL,False,False,False,0
"K2818","Verein Glitter","Verein Glitter",NULL,"Verein",NULL,False,False,False,0
"K2819","Verein Gruppe Wespennest","Verein Gruppe Wespennest",NULL,"Verein",NULL,False,False,False,0
"K2820","Verein Literaturgruppe Perspektive","Literaturgruppe Perspektive",NULL,"Gemeinschaft",NULL,False,False,False,0
"K2821","Verein Salzburger Literaturforum Leselampe",NULL,NULL,"Verein",NULL,False,False,False,0
"K2822","Verein Zeitschrift delirium","Verein Delirium",NULL,"Verein",NULL,False,False,False,0
"K2823","Verein zur Förderung der Raumfahrt e.V.","Verein zur Förderung der Raumfahrt",NULL,"Verein",NULL,False,False,False,0
"K2824","Verein zur Förderung des Literaturschaffens zwischen Deutschen und Polen","Verein zur Förderung des Literaturschaffens und des Kulturellen Austauschs zwischen Deutschen und Polen",NULL,"Verein",NULL,False,False,False,0
"K2826","Verl. 28 Eichen","Verlag 28 Eichen","Buchwissenschaft, Buchhandel","Verlag","verlagsrelevant",True,True,True,2
"K2827","Verl. 3.0","Verlag 3.0 Zsolt Majsai","Buchwissenschaft, Buchhandel","Verlag","verlagsrelevant",True,True,True,2
"K2828","Verl. APE-Ed.",NULL,NULL,"Verlag",NULL,True,False,True,1
"K2829","Verl. Alta Silva","Verlag ALTA SILVA","Buchwissenschaft, Buchhandel","Verlag","verlagsrelevant",True,True,True,2
"K2830","Verl. Antilope","Verlag Antilope","Buchwissenschaft, Buchhandel","Verlag","verlagsrelevant",True,True,True,2
"K2831","Verl. Art of Arts","Verlag Art of Arts","Buchwissenschaft, Buchhandel","Verlag","verlagsrelevant",True,True,True,2
"K2832","Verl. BBB","Verlag BBB","Buchwissenschaft, Buchhandel","Verlag","verlagsrelevant",True,True,True,2
"K2833","Verl. Buch + Bild","Verlag Buch + Bild","Buchwissenschaft, Buchhandel","Verlag","verlagsrelevant",True,True,True,2
"K2834","Verl. BuchJuwel","Verlag Buch-Juwel","Buchwissenschaft, Buchhandel","Verlag","verlagsrelevant",True,True,True,2
"K2835","Verl. Bücherwurm","Verlag Bücherwurm e.K.","Buchwissenschaft, Buchhandel","Verlag","verlagsrelevant",True,True,True,2
"K2836","Verl. Casa","CASA Verlag Hamburg","Buchwissenschaft, Buchhandel","Verlag","verlagsrelevant",True,True,True,2
"K2837","Verl. Das Arsenal","Das Arsenal Verlag für Kultur und Politik GmbH","Buchwissenschaft, Buchhandel","Verlag","verlagsrelevant",True,True,True,2
"K2838","Verl. Das Fünfte Tier","Verlag Das Fünfte Tier","Buchwissenschaft, Buchhandel","Verlag","verlagsrelevant",True,True,True,2
"K2839","Verl. Das Netz","Verlag das Netz","Buchwissenschaft, Buchhandel","Verlag","verlagsrelevant",True,True,True,2
"K2840","Verl. Desertina","Desertina Verlag","Buchwissenschaft, Buchhandel","Verlag","verlagsrelevant",True,True,True,2
"K2841","Verl. Die Furt","Verlag Die Furt","Buchwissenschaft, Buchhandel","Verlag","verlagsrelevant",True,True,True,2
"K2842","Verl. Drei Wege","Verlag Drei Wege","Buchwissenschaft, Buchhandel","Verlag","verlagsrelevant",True,True,True,2
"K2843","Verl. Ed. AV","Verlag Edition AV","Buchwissenschaft, Buchhandel","Verlag","verlagsrelevant",True,True,True,2
"K2844","Verl. Einundsiebzig",NULL,NULL,"Verlag",NULL,True,False,True,1
"K2845","Verl. Federfrei","Verlag Federfrei","Buchwissenschaft, Buchhandel","Verlag","verlagsrelevant",True,True,True,2
"K2846","Verl. Fun Toy",NULL,NULL,"Verlag",NULL,True,False,True,1
"K2847","Verl. Gbp Productions","gbp Productions","Buchwissenschaft, Buchhandel",NULL,"verlagsrelevant",NULL,True,True,1
"K2848","Verl. Harlekination","Verlag Harlekination","Buchwissenschaft, Buchhandel","Verlag","verlagsrelevant",True,True,True,2
"K2849","Verl. Hephaistos","Verlag HEPHAISTOS e.K.","Buchwissenschaft, Buchhandel","Verlag","verlagsrelevant",True,True,True,2
"K2850","Verl. Junger Autoren","Verlag Junger Autoren","Buchwissenschaft, Buchhandel","Verlag","verlagsrelevant",True,True,True,2
"K2851","Verl. Künstlernische","Verlag künstlernische","Buchwissenschaft, Buchhandel","Verlag","verlagsrelevant",True,True,True,2
"K2852","Verl. Make a Book","Make a book","Buchwissenschaft, Buchhandel",NULL,"verlagsrelevant",NULL,True,True,1
"K2853","Verl. Maria zur Ehre","Verlag MARIA zur Ehre","Buchwissenschaft, Buchhandel","Verlag","verlagsrelevant",True,True,True,2
"K2854","Verl. Mitternachtsblume",NULL,NULL,"Verlag",NULL,True,False,True,1
"K2855","Verl. Neue Literatur","Verlag Neue Literatur","Buchwissenschaft, Buchhandel","Verlag","verlagsrelevant",True,True,True,2
"K2856","Verl. P & B, Bächtold",NULL,NULL,"Verlag",NULL,True,False,True,1
"K2857","Verl. Pi","Verlag Pi","Buchwissenschaft, Buchhandel","Verlag","verlagsrelevant",True,True,True,2
"K2858","Verl. Pro Business","Pro Business Digital Printing & Copyservice GmbH (Berlin)","Buchwissenschaft, Buchhandel; Einzelne Branchen der Industrie und des Handwerks","Unternehmen","verlagsrelevant",False,True,True,1
"K2859","Verl. Razamba","Verlag Razamba","Buchwissenschaft, Buchhandel","Verlag","verlagsrelevant",True,True,True,2
"K2860","Verl. RegioKom","Verlag RegioKom GbR","Buchwissenschaft, Buchhandel","Verlag","verlagsrelevant",True,True,True,2
"K2861","Verl. Regionalkultur","verlag regionalkultur","Buchwissenschaft, Buchhandel","Verlag","verlagsrelevant",True,True,True,2
"K2862","Verl. Rotabene-Medienhaus","Rotabene Data Service GmbH & Co. KG","Buchwissenschaft, Buchhandel","Unternehmen","verlagsrelevant",False,True,True,1
"K2863","Verl. Ruppiner Lesezeichen","Verlag Ruppiner Lesezeichen","Buchwissenschaft, Buchhandel","Verlag","verlagsrelevant",True,True,True,2
"K2864","Verl. S.MO","Verlag S.MO","Buchwissenschaft, Buchhandel","Verlag","verlagsrelevant",True,True,True,2
"K2865","Verl. SCW Auer-Sällef","SCW Auer-Sällef","Buchwissenschaft, Buchhandel",NULL,"verlagsrelevant",NULL,True,True,1
"K2866","Verl. Sankt Michaelsbund","Sankt Michaelsbund. Diözesanverband München und Freising. Abteilung Verlag","Buchwissenschaft, Buchhandel","Verlag","verlagsrelevant",True,True,True,2
"K2867","Verl. Schatzsucher",NULL,NULL,"Verlag",NULL,True,False,True,1
"K2868","Verl. St. Michaelsbund","Sankt Michaelsbund. Diözesanverband München und Freising. Abteilung Verlag","Buchwissenschaft, Buchhandel","Verlag","verlagsrelevant",True,True,True,2
"K2869","Verl. Thusnelda-Kühl-Ges.",NULL,NULL,"Verlag",NULL,True,False,True,1
"K2870","Verl. Unibuch",NULL,NULL,"Verlag",NULL,True,False,True,1
"K2871","Verl. Vokal","Vokal Verlag","Buchwissenschaft, Buchhandel","Verlag","verlagsrelevant",True,True,True,2
"K2872","Verl. Vorwerk 8","Verlag Vorwerk 8","Buchwissenschaft, Buchhandel","Verlag","verlagsrelevant",True,True,True,2
"K2873","Verl. Waldkirch","Waldkirch KG Verlag-Druck-Agentur","Buchwissenschaft, Buchhandel","Verlag","verlagsrelevant",True,True,True,2
"K2874","Verl. Wort im Bild","Wort im Bild Verlags- und Vertriebsgesellschaft mbH","Buchwissenschaft, Buchhandel","Verlag","verlagsrelevant",True,True,True,2
"K2875","Verl. Wortspiel Literatur","Verlag Wortspiel Literatur (Menden (Sauerland))",NULL,"Verlag",NULL,True,False,True,1
"K2876","Verl. ZPV",NULL,NULL,"Verlag",NULL,True,False,True,1
"K2877","Verl. am Birkenhain",NULL,NULL,"Verlag",NULL,True,False,True,1
"K2878","Verl. am Ufer der Schlei","Verlag am Ufer der Schlei","Buchwissenschaft, Buchhandel","Verlag","verlagsrelevant",True,True,True,2
"K2879","Verl. auf der Warft",NULL,NULL,"Verlag",NULL,True,False,True,1
"K2880","Verl. der Ideen","Verlag der Ideen","Buchwissenschaft, Buchhandel","Verlag","verlagsrelevant",True,True,True,2
"K2881","Verl. der Luth. Buchh. Harms","Verlag der Lutherischen Buchhandlung","Buchwissenschaft, Buchhandel","Verlag","verlagsrelevant",True,True,True,2
"K2882","Verl. der Rheinhessischen Druckwerkstätte",NULL,NULL,"Verlag",NULL,True,False,True,1
"K2883","Verl. des Arbeitskreises Regionalgeschichte",NULL,NULL,"Verlag",NULL,True,False,True,1
"K2884","Verl. für Ethnologie",NULL,NULL,"Verlag",NULL,True,False,True,1
"K2885","Verl. für Innovation","Verlag für Innovation","Buchwissenschaft, Buchhandel","Verlag","verlagsrelevant",True,True,True,2
"K2886","Verl. für Kultur und Wiss.",NULL,NULL,"Verlag",NULL,True,False,True,1
"K2887","Verl. für Kurzes","Verlag für Kurzes","Buchwissenschaft, Buchhandel","Verlag","verlagsrelevant",True,True,True,2
"K2888","Verl. für Ostfriesland, Soltau-Kurier",NULL,NULL,"Verlag",NULL,True,False,True,1
"K2889","Verl. im Proberaum 3","Verlag im Proberaum 3","Buchwissenschaft, Buchhandel","Verlag","verlagsrelevant",True,True,True,2
"K2890","Verl. im Spitzdach","Peter Knümann Verlag im Spitzdach","Buchwissenschaft, Buchhandel","Verlag","verlagsrelevant",True,True,True,2
"K2891","Verl. infra-text",NULL,NULL,"Verlag",NULL,True,False,True,1
"K2892","Verl. und Ed. DaDa-Research-Center","edition dada research center","Buchwissenschaft, Buchhandel","Verlag","verlagsrelevant",True,True,True,2
"K2893","Verl.-Buchh. Ehm Welk","Verlagsbuchhandlung Ehm Welk","Buchwissenschaft, Buchhandel","Verlag","verlagsrelevant",True,True,True,2
"K2894","Verl.-Gemeinschaft Topos Plus","TOPOS PLUS","Buchwissenschaft, Buchhandel",NULL,"verlagsrelevant",NULL,True,True,1
"K2895","Verl.-Haus El Gato",NULL,NULL,"Verlag",NULL,True,False,True,1
"K2896","Verl.-Haus Hernals","Verlagshaus Hernals","Buchwissenschaft, Buchhandel","Verlag","verlagsrelevant",True,True,True,2
"K2897","Verl.-Haus Monsenstein und Vannerdat","Verlagshaus Monsenstein & Vannerdat OHG","Buchwissenschaft, Buchhandel","Verlag","verlagsrelevant",True,True,True,2
"K2898","Verl.-Haus Speyer","Verlagshaus Speyer","Buchwissenschaft, Buchhandel","Verlag","verlagsrelevant",True,True,True,2
"K2899","Verlach","Semmel Verlach Winfried Bartnick","Buchwissenschaft, Buchhandel",NULL,"verlagsrelevant",NULL,True,True,1
"K2900","Verlag 28 Eichen","Verlag 28 Eichen","Buchwissenschaft, Buchhandel","Verlag","verlagsrelevant",True,True,True,2
"K2901","Verlag A. Weger",NULL,NULL,"Verlag",NULL,True,False,True,1
"K2902","Verlag Agentur Altepost 2015",NULL,NULL,"Verlag",NULL,True,False,True,1
"K2903","Verlag Aichmayr",NULL,NULL,"Verlag",NULL,True,False,True,1
"K2904","Verlag Akademie-der-Abenteuer","Verlag Akademie der Abenteuer",NULL,"Verlag",NULL,True,False,True,1
"K2905","Verlag Alte Schule Dr. Bechberger",NULL,NULL,"Verlag",NULL,True,False,True,1
"K2906","Verlag Andrea Schröder","Verlag Andrea Schröder","Buchwissenschaft, Buchhandel","Verlag","verlagsrelevant",True,True,True,2
"K2907","Verlag Antje Kunstmann","Verlag Antje Kunstmann","Buchwissenschaft, Buchhandel","Verlag","verlagsrelevant",True,True,True,2
"K2908","Verlag Atelier im Bauernhaus","Verlag Atelier im Bauernhaus (Fischerhude)","Einzelne Branchen der Industrie und des Handwerks","Verlag",NULL,True,False,True,1
"K2909","Verlag Attenkofer",NULL,NULL,"Verlag",NULL,True,False,True,1
"K2910","Verlag Auf dem Ruffel","Verlag Auf dem Ruffel","Buchwissenschaft, Buchhandel","Verlag","verlagsrelevant",True,True,True,2
"K2911","Verlag BKWiesli",NULL,NULL,"Verlag",NULL,True,False,True,1
"K2912","Verlag BS","BS-Verlag","Buchwissenschaft, Buchhandel","Verlag","verlagsrelevant",True,True,True,2
"K2913","Verlag Barbara Budrich","Verlag Barbara Budrich","Buchwissenschaft, Buchhandel","Verlag","verlagsrelevant",True,True,True,2
"K2914","Verlag Begegnungen","Hörende Begegnungen Verlag","Buchwissenschaft, Buchhandel","Verlag","verlagsrelevant",True,True,True,2
"K2915","Verlag Berger","Berger Verlag","Buchwissenschaft, Buchhandel","Verlag","verlagsrelevant",True,True,True,2
"K2916","Verlag Bernhard Bayer","Bayer Verlag","Buchwissenschaft, Buchhandel","Verlag","verlagsrelevant",True,True,True,2
"K2917","Verlag Bild, Text & Mehr",NULL,NULL,"Verlag",NULL,True,False,True,1
"K2918","Verlag Blaues Schloss","Verlag Blaues Schloss Marburg","Buchwissenschaft, Buchhandel","Verlag","verlagsrelevant",True,True,True,2
"K2919","Verlag Buchschmiede von Dataform Media GmbH",NULL,NULL,"Verlag",NULL,True,False,True,1
"K2920","Verlag CCU",NULL,NULL,"Verlag",NULL,True,False,True,1
"K2921","Verlag Ch. Möllmann",NULL,NULL,"Verlag",NULL,True,False,True,1
"K2922","Verlag Co-Buch","Thuhoff Buch Verlag GmbH & Co. KG","Buchwissenschaft, Buchhandel","Verlag","verlagsrelevant",True,True,True,2
"K2923","Verlag Delp GmbH & Co. KG",NULL,NULL,"Verlag",NULL,True,False,True,1
"K2924","Verlag Der Apfel","Verlag Der Apfel","Buchwissenschaft, Buchhandel","Verlag","verlagsrelevant",True,True,True,2
"K2925","Verlag Der Raum",NULL,NULL,"Verlag",NULL,True,False,True,1
"K2926","Verlag Dialog-Edition","Verlag Dialog-Edition","Buchwissenschaft, Buchhandel","Verlag","verlagsrelevant",True,True,True,2
"K2927","Verlag Die Auslese",NULL,NULL,"Verlag",NULL,True,False,True,1
"K2928","Verlag Die Blaue Eule","Verlag Die Blaue Eule","Einzelne Branchen der Industrie und des Handwerks; Buchwissenschaft, Buchhandel","Verlag","verlagsrelevant",True,True,True,2
"K2929","Verlag Die Blindschleiche",NULL,NULL,"Verlag",NULL,True,False,True,1
"K2930","Verlag Die Büchse",NULL,NULL,"Verlag",NULL,True,False,True,1
"K2931","Verlag Die Werkstatt","Verlag Die Werkstatt GmbH","Buchwissenschaft, Buchhandel","Verlag","verlagsrelevant",True,True,True,2
"K2932","Verlag Donata Kinzelbach","Verlag Donata Kinzelbach","Buchwissenschaft, Buchhandel","Verlag","verlagsrelevant",True,True,True,2
"K2933","Verlag Dortmunder Buch","Dortmunder Buch Verlag","Buchwissenschaft, Buchhandel","Verlag","verlagsrelevant",True,True,True,2
"K2934","Verlag Dr. Frank GmbH","Verlag Dr. Frank GmbH","Buchwissenschaft, Buchhandel","Verlag","verlagsrelevant",True,True,True,2
"K2935","Verlag Dr. Kovač","Verlag Dr. Kovač","Einzelne Branchen der Industrie und des Handwerks","Verlag",NULL,True,False,True,1
"K2936","Verlag Dr. Thomas Balistier",NULL,NULL,"Verlag",NULL,True,False,True,1
"K2937","Verlag Eckhard Bodner","Bodner Buchhandlung und Vlg.","Buchwissenschaft, Buchhandel","Buchhandlung","verlagsrelevant",False,True,True,1
"K2938","Verlag Edition Bad Wimpfen",NULL,NULL,"Verlag",NULL,True,False,True,1
"K2939","Verlag Edition Thaleia","Nilschwein Verlag",NULL,"Verlag",NULL,True,False,True,1
"K2940","Verlag Einfach Lesen","Verlag Einfach Lesen","Buchwissenschaft, Buchhandel","Verlag","verlagsrelevant",True,True,True,2
"K2943","Verlag Expeditionen","LIT Verlag Expeditionen GmbH","Buchwissenschaft, Buchhandel","Verlag","verlagsrelevant",True,True,True,2
"K2944","Verlag FELIX AG","Verlag FELIX AG","Buchwissenschaft, Buchhandel","Verlag","verlagsrelevant",True,True,True,2
"K2945","Verlag Frauenmuseum",NULL,NULL,"Verlag",NULL,True,False,True,1
"K2946","Verlag Freies Geistesleben","Verlag Freies Geistesleben","Buchwissenschaft, Buchhandel; Einzelne Branchen der Industrie und des Handwerks","Verlag","verlagsrelevant",True,True,True,2
"K2947","Verlag Georg D.W. Callwey GmbH & Co. KG","Georg D. W. Callwey Verlag. Redaktion Restauro",NULL,"Verlag",NULL,True,False,True,1
"K2948","Verlag Gueran",NULL,NULL,"Verlag",NULL,True,False,True,1
"K2949","Verlag Hannes Hofinger",NULL,NULL,"Verlag",NULL,True,False,True,1
"K2950","Verlag Hans Reiter",NULL,NULL,"Verlag",NULL,True,False,True,1
"K2951","Verlag Hans Schiler","Verlag Hans Schiler","Buchwissenschaft, Buchhandel","Verlag","verlagsrelevant",True,True,True,2
"K2952","Verlag Ingo Munz",NULL,NULL,"Verlag",NULL,True,False,True,1
"K2953","Verlag Iris Förster",NULL,NULL,"Verlag",NULL,True,False,True,1
"K2954","Verlag Janos Stekovics","Verlag Janos Stekovics","Buchwissenschaft, Buchhandel","Verlag","verlagsrelevant",True,True,True,2
"K2955","Verlag Joachim Pohlmann",NULL,NULL,"Verlag",NULL,True,False,True,1
"K2956","Verlag Johannes Heyn","Verlag Johannes Heyn","Buchwissenschaft, Buchhandel","Verlag","verlagsrelevant",True,True,True,2
"K2957","Verlag Jörg Mitzkat","Verlag Jörg Mitzkat",NULL,"Verlag",NULL,True,False,True,1
"K2958","Verlag Jürgen Rietschel",NULL,NULL,"Verlag",NULL,True,False,True,1
"K2959","Verlag Kadera","Kadera-Verlag","Buchwissenschaft, Buchhandel","Verlag","verlagsrelevant",True,True,True,2
"K2960","Verlag Karim Pieritz",NULL,NULL,"Verlag",NULL,True,False,True,1
"K2961","Verlag Karl Maria Laufen",NULL,NULL,"Verlag",NULL,True,False,True,1
"K2962","Verlag Kern","Kern Verlag",NULL,"Verlag",NULL,True,False,True,1
"K2963","Verlag Klaus Wagenbach","Verlag Klaus Wagenbach","Einzelne Branchen der Industrie und des Handwerks; Buchwissenschaft, Buchhandel","Verlag","verlagsrelevant",True,True,True,2
"K2964","Verlag Kleine Schritte","Verlag Kleine Schritte Ursula Dahm & Co.","Buchwissenschaft, Buchhandel","Verlag","verlagsrelevant",True,True,True,2
"K2965","Verlag Kremayr & Scheriau","Verlag Kremayr & Scheriau","Buchwissenschaft, Buchhandel","Verlag","verlagsrelevant",True,True,True,2
"K2966","Verlag Kurt Roessler",NULL,NULL,"Verlag",NULL,True,False,True,1
"K2967","Verlag Külzer-Schröder",NULL,NULL,"Verlag",NULL,True,False,True,1
"K2968","Verlag La Quercia","La QUERCIA Verlag","Buchwissenschaft, Buchhandel","Verlag","verlagsrelevant",True,True,True,2
"K2969","Verlag Lassleben","Verlag Michael Laßleben","Buchwissenschaft, Buchhandel","Verlag","verlagsrelevant",True,True,True,2
"K2970","Verlag Leben in der Sprache","Verlag Leben in der Sprache","Buchwissenschaft, Buchhandel","Verlag","verlagsrelevant",True,True,True,2
"K2971","Verlag M. Boerner",NULL,NULL,"Verlag",NULL,True,False,True,1
"K2972","Verlag Mainz","Verlag Mainz","Buchwissenschaft, Buchhandel","Verlag","verlagsrelevant",True,True,True,2
"K2973","Verlag Martina Nell",NULL,NULL,"Verlag",NULL,True,False,True,1
"K2974","Verlag Menne & Töchter",NULL,NULL,"Verlag",NULL,True,False,True,1
"K2975","Verlag Merzinger-Pleban","Verlag Merzinger-Pleban","Buchwissenschaft, Buchhandel","Verlag","verlagsrelevant",True,True,True,2
"K2976","Verlag Michaela Naumann",NULL,NULL,"Verlag",NULL,True,False,True,1
"K2977","Verlag Mis Buech, Schaub Medien AG","Verlag Mis Buech Schaub Medien AG","Buchwissenschaft, Buchhandel","Verlag","verlagsrelevant",True,True,True,2
"K2978","Verlag Momentaufnahme","ID-Verlag-Momentaufnahme","Buchwissenschaft, Buchhandel","Verlag","verlagsrelevant",True,True,True,2
"K2979","Verlag Mondwolf","Verlag Mondwolf","Buchwissenschaft, Buchhandel","Verlag","verlagsrelevant",True,True,True,2
"K2980","Verlag Märchenhaft leben",NULL,NULL,"Verlag",NULL,True,False,True,1
"K2981","Verlag Nadine Baumann",NULL,NULL,"Verlag",NULL,True,False,True,1
"K2982","Verlag Nina Roiter",NULL,NULL,"Verlag",NULL,True,False,True,1
"K2983","Verlag Nina Roiter, der oberösterreichische Verlag",NULL,NULL,"Verlag",NULL,True,False,True,1
"K2984","Verlag Peter Grohmann Nachfolger",NULL,NULL,"Verlag",NULL,True,False,True,1
"K2985","Verlag Peter Hopf","Verlag Peter Hopf","Buchwissenschaft, Buchhandel","Verlag","verlagsrelevant",True,True,True,2
"K2986","Verlag Plaggenhauer","PLAGGENHAUER Verlag e.K.","Buchwissenschaft, Buchhandel","Verlag","verlagsrelevant",True,True,True,2
"K2987","Verlag Ploder","Bona Editio Verlag Thomas Ploder","Buchwissenschaft, Buchhandel","Verlag","verlagsrelevant",True,True,True,2
"K2988","Verlag Ralf Ave",NULL,NULL,"Verlag",NULL,True,False,True,1
"K2989","Verlag Ralf Liebe","Verlag Ralf Liebe","Einzelne Branchen der Industrie und des Handwerks","Verlag",NULL,True,False,True,1
"K2990","Verlag Raven","Raven Winter Verlag","Buchwissenschaft, Buchhandel","Verlag","verlagsrelevant",True,True,True,2
"K2991","Verlag Redieck & Schade","Verlag Redieck & Schade GmbH","Buchwissenschaft, Buchhandel","Verlag","verlagsrelevant",True,True,True,2
"K2992","Verlag Reinhard Marheinecke",NULL,NULL,"Verlag",NULL,True,False,True,1
"K2993","Verlag Renate Brandes","Verlag Renate Brandes","Buchwissenschaft, Buchhandel","Verlag","verlagsrelevant",True,True,True,2
"K2994","Verlag Rockstuhl","Verlag Rockstuhl","Buchwissenschaft, Buchhandel","Verlag","verlagsrelevant",True,True,True,2
"K2995","Verlag Roloff",NULL,NULL,"Verlag",NULL,True,False,True,1
"K2996","Verlag Roswitha Neumann",NULL,NULL,"Verlag",NULL,True,False,True,1
"K2997","Verlag Rote Zahlen","Verlag Rote Zahlen","Buchwissenschaft, Buchhandel","Verlag","verlagsrelevant",True,True,True,2
"K2998","Verlag SE Stengel",NULL,NULL,"Verlag",NULL,True,False,True,1
"K2999","Verlag SPIEL","Verlag SPIEL","Buchwissenschaft, Buchhandel","Verlag","verlagsrelevant",True,True,True,2
"K3000","Verlag Sami","Verlag SAMI","Buchwissenschaft, Buchhandel","Verlag","verlagsrelevant",True,True,True,2
"K3001","Verlag Schnell","Verlag Schnell Peter Salmann","Buchwissenschaft, Buchhandel","Verlag","verlagsrelevant",True,True,True,2
"K3002","Verlag SchriftStella",NULL,NULL,"Verlag",NULL,True,False,True,1
"K3003","Verlag Schönrock & Heikamp",NULL,NULL,"Verlag",NULL,True,False,True,1
"K3004","Verlag Seelenberührungen Eva-Maria Klöhr",NULL,NULL,"Verlag",NULL,True,False,True,1
"K3005","Verlag Tasten & Typen",NULL,NULL,"Verlag",NULL,True,False,True,1
"K3006","Verlag Thomas Tonn",NULL,NULL,"Verlag",NULL,True,False,True,1
"K3007","Verlag Tobias Dannheimer","Verlag Tobias Dannheimer","Buchwissenschaft, Buchhandel","Verlag","verlagsrelevant",True,True,True,2
"K3008","Verlag Torsten Low",NULL,NULL,"Verlag",NULL,True,False,True,1
"K3009","Verlag Traugott Bautz GmbH","Verlag Traugott Bautz GmbH","Buchwissenschaft, Buchhandel","Verlag","verlagsrelevant",True,True,True,2
"K3011","Verlag Uwe Krebs","Verlag Uwe Krebs","Buchwissenschaft, Buchhandel","Verlag","verlagsrelevant",True,True,True,2
"K3012","Verlag Waldkirch","Waldkirch KG Verlag-Druck-Agentur","Buchwissenschaft, Buchhandel","Verlag","verlagsrelevant",True,True,True,2
"K3013","Verlag Walter Leimeier",NULL,NULL,"Verlag",NULL,True,False,True,1
"K3014","Verlag Weisse Drei","Verlag Weisse Drei","Buchwissenschaft, Buchhandel","Verlag","verlagsrelevant",True,True,True,2
"K3015","Verlag Wolfau-Druck AG","Wolfau-Druck AG","Buchwissenschaft, Buchhandel","Druckerei","verlagsrelevant",False,True,True,1
"K3016","Verlag Xvarnah","Verlag Xvarnah",NULL,"Verlag",NULL,True,False,True,1
"K3017","Verlag am Dom","Seitz - Bücher am Dom GmbH. Abt. Verlag","Buchwissenschaft, Buchhandel","Verlag","verlagsrelevant",True,True,True,2
"K3018","Verlag am Eschbach","Verlag am Eschbach","Buchwissenschaft, Buchhandel","Verlag","verlagsrelevant",True,True,True,2
"K3020","Verlag am Schloss","Verlag am Schloss","Buchwissenschaft, Buchhandel","Verlag","verlagsrelevant",True,True,True,2
"K3021","Verlag am Sipbach","Verlag am Sipbach",NULL,"Verlag",NULL,True,False,True,1
"K3022","Verlag an der Ruhr","Verlag an der Ruhr (Mülheim an der Ruhr)","Einzelne Branchen der Industrie und des Handwerks; Buchwissenschaft, Buchhandel","Verlag","verlagsrelevant",True,True,True,2
"K3023","Verlag beim Augarten","Verlag beim Augarten e.U.","Buchwissenschaft, Buchhandel","Verlag","verlagsrelevant",True,True,True,2
"K3024","Verlag d'Harfleur",NULL,NULL,"Verlag",NULL,True,False,True,1
"K3025","Verlag der 9 Reiche","Verlag der 9 Reiche",NULL,"Verlag",NULL,True,False,True,1
"K3026","Verlag der Brandenburgischen Genealogischen Gesellschaft Roter Adler e. V.",NULL,NULL,"Verlag",NULL,True,False,True,1
"K3027","Verlag der Buchhandlung Matussek","Matussek, Hans K., & Sohn oHG, Buchhandlung. Abt. Verlag","Buchwissenschaft, Buchhandel","Verlag","verlagsrelevant",True,True,True,2
"K3028","Verlag der Donauschwäbischen Kulturstiftung",NULL,NULL,"Verlag",NULL,True,False,True,1
"K3029","Verlag der Heimatstube Altenau-Schulenberg",NULL,NULL,"Verlag",NULL,True,False,True,1
"K3030","Verlag der Nation","Verlag der Nation","Buchwissenschaft, Buchhandel","Verlag","verlagsrelevant",True,True,True,2
"K3031","Verlag der Ostwestfalen-Akademie",NULL,NULL,"Verlag",NULL,True,False,True,1
"K3032","Verlag der Schatten",NULL,NULL,"Verlag",NULL,True,False,True,1
"K3033","Verlag der Theodor Kramer Gesellschaft",NULL,NULL,"Verlag",NULL,True,False,True,1
"K3034","Verlag der Villa Fledermaus","Verlag der Villa Fledermaus","Buchwissenschaft, Buchhandel","Verlag","verlagsrelevant",True,True,True,2
"K3035","Verlag der neun Reiche","Verlag der 9 Reiche",NULL,"Verlag",NULL,True,False,True,1
"K3036","Verlag des Biographiezentrums","Verlag des Biographiezentrums","Buchwissenschaft, Buchhandel","Verlag","verlagsrelevant",True,True,True,2
"K3037","Verlag des Landkreises Roth",NULL,NULL,"Verlag",NULL,True,False,True,1
"K3038","Verlag deutex","Verlag deutex","Buchwissenschaft, Buchhandel","Verlag","verlagsrelevant",True,True,True,2
"K3039","Verlag edition viva","Verlag edition viva","Buchwissenschaft, Buchhandel","Verlag","verlagsrelevant",True,True,True,2
"K3040","Verlag fischueberalles.ch","FISCHUEBERALLES.CH","Buchwissenschaft, Buchhandel",NULL,"verlagsrelevant",NULL,True,True,1
"K3041","Verlag freiheitsbaum, edition Spinoza",NULL,NULL,"Verlag",NULL,True,False,True,1
"K3042","Verlag für Geschichte und Kultur","Verlag für Geschichte und Kultur","Buchwissenschaft, Buchhandel","Verlag","verlagsrelevant",True,True,True,2
"K3043","Verlag für Geschriebenes und Druck A.L. Dudov",NULL,NULL,"Verlag",NULL,True,False,True,1
"K3044","Verlag für Moderne Phantastik Gehrke","Verlag für Moderne Phantastik","Buchwissenschaft, Buchhandel","Verlag","verlagsrelevant",True,True,True,2
"K3045","Verlag für fremdsprachige Literatur","Verlag für fremdsprachige Literatur (Bukarest)",NULL,"Verlag",NULL,True,False,True,1
"K3046","Verlag im Institut Drachenhaus","Verlag im Institut Drachenhaus","Buchwissenschaft, Buchhandel","Verlag","verlagsrelevant",True,True,True,2
"K3047","Verlag und Buchhandlung der Evangelischen Gesellschaft GmbH","Verlag und Buchhandlung der Evangelischen Gesellschaft GmbH","Buchwissenschaft, Buchhandel","Verlag","verlagsrelevant",True,True,True,2
"K3048","Verlag und Offsetdruck Eppe GmbH","EPPE, Verlag und Offsetdruck, GmbH. Abt. Verlag","Buchwissenschaft, Buchhandel","Verlag","verlagsrelevant",True,True,True,2
"K3049","Verlag von Schröter + Mieg GbR",NULL,NULL,"Verlag",NULL,True,False,True,1
"K3050","Verlag, Mondschein Corona",NULL,NULL,"Verlag",NULL,True,False,True,1
"K3051","Verlagsgemeinschaft topos plus","TOPOS PLUS","Buchwissenschaft, Buchhandel",NULL,"verlagsrelevant",NULL,True,True,1
"K3052","Verlagsgruppe Verlagshaus Schlosser","Verlagshaus Schlosser","Buchwissenschaft, Buchhandel","Verlag","verlagsrelevant",True,True,True,2
"K3053","Verlagshaus Hernals","Verlagshaus Hernals","Buchwissenschaft, Buchhandel","Verlag","verlagsrelevant",True,True,True,2
"K3054","Verlagshaus Schlosser","Verlagshaus Schlosser","Buchwissenschaft, Buchhandel","Verlag","verlagsrelevant",True,True,True,2
"K3055","Verlagshaus el Gato",NULL,NULL,"Verlag",NULL,True,False,True,1
"K3056","Verleysdonk","Albert Verleysdonk (Firma)","Buchwissenschaft, Buchhandel","Unternehmen","verlagsrelevant",False,True,True,1
"K3057","Verrai-Verlag",NULL,NULL,"Verlag",NULL,True,False,True,1
"K3058","Versus","Versus Verlag","Buchwissenschaft, Buchhandel","Verlag","verlagsrelevant",True,True,True,2
"K3059","Verweiledoch-Verl.","verweiledoch Verlag GmbH","Buchwissenschaft, Buchhandel","Verlag","verlagsrelevant",True,True,True,2
"K3060","Vesi",NULL,NULL,NULL,NULL,NULL,False,NULL,0
"K3061","Veste-Verl. Roßteutscher","Veste-Verlag","Buchwissenschaft, Buchhandel","Verlag","verlagsrelevant",True,True,True,2
"K3062","ViCON-Verlag","ViCON Verlag","Buchwissenschaft, Buchhandel","Verlag","verlagsrelevant",True,True,True,2
"K3063","Via Regia Verlag","Via Regia Verlag","Buchwissenschaft, Buchhandel","Verlag","verlagsrelevant",True,True,True,2
"K3064","ViaTerra-Verl.","ViaTerra Verlag","Buchwissenschaft, Buchhandel","Verlag","verlagsrelevant",True,True,True,2
"K3065","Vidal Verlag","Vidal Verlag Winterthur","Buchwissenschaft, Buchhandel","Verlag","verlagsrelevant",True,True,True,2
"K3066","Vielfalt Verlag",NULL,NULL,"Verlag",NULL,True,False,True,1
"K3067","Vier-JahreszeitenHaus, Verl. im Münsterland","Vier Jahreszeitenhaus","Buchwissenschaft, Buchhandel",NULL,"verlagsrelevant",NULL,True,True,1
"K3068","Vindobona Verlag","Vindobona-Verlag","Buchwissenschaft, Buchhandel; Einzelne Branchen der Industrie und des Handwerks","Verlag","verlagsrelevant",True,True,True,2
"K3069","Violet Truelove",NULL,NULL,NULL,NULL,NULL,False,NULL,0
"K3070","Vitalis","Vitalis, s.r.o.","Buchwissenschaft, Buchhandel",NULL,"verlagsrelevant",NULL,True,True,1
"K3071","Vitolibro","Vito von Eichborn vitolibro","Buchwissenschaft, Buchhandel",NULL,"verlagsrelevant",NULL,True,True,1
"K3072","Vja",NULL,NULL,NULL,NULL,NULL,False,NULL,0
"K3073","VoG - Verlag ohne Geld","VoG Verlag ohne Geld e.K.","Buchwissenschaft, Buchhandel","Verlag","verlagsrelevant",True,True,True,2
"K3074","VoG Verlag ohne Geld e.K.","VoG Verlag ohne Geld e.K.","Buchwissenschaft, Buchhandel","Verlag","verlagsrelevant",True,True,True,2
"K3075","Vogelgesang Verlag",NULL,NULL,"Verlag",NULL,True,False,True,1
"K3076","Vogelherd-Verl.","Vogelherd-Verlag","Buchwissenschaft, Buchhandel","Verlag","verlagsrelevant",True,True,True,2
"K3077","Vohodi","Vohodi Verlag e.Kfm.","Buchwissenschaft, Buchhandel","Verlag","verlagsrelevant",True,True,True,2
"K3078","Voland & Quist","Verlag Voland & Quist","Buchwissenschaft, Buchhandel","Verlag","verlagsrelevant",True,True,True,2
"K3079","Volk Verlag","Volk Verlag","Buchwissenschaft, Buchhandel","Verlag","verlagsrelevant",True,True,True,2
"K3080","Von Herzen Verlag",NULL,NULL,"Verlag",NULL,True,False,True,1
"K3081","Von-Loeper-Literaturverl.","Von Loeper Literaturverlag","Buchwissenschaft, Buchhandel","Verlag","verlagsrelevant",True,True,True,2
"K3082","Vonderheit","Heide-Marie Vonderheit (Firma)","Buchwissenschaft, Buchhandel","Unternehmen","verlagsrelevant",False,True,True,1
"K3083","Voodoo Press","Voodoo Press","Buchwissenschaft, Buchhandel",NULL,"verlagsrelevant",NULL,True,True,1
"K3084","Vögel",NULL,NULL,NULL,NULL,NULL,False,NULL,0
"K3085","W3-Verl.-Ges.","Zur Zeit W3 Verlagsges.m.b.H.","Buchwissenschaft, Buchhandel","Verlag","verlagsrelevant",True,True,True,2
"K3086","WDL-Verlag","WDL Verlag","Buchwissenschaft, Buchhandel","Verlag","verlagsrelevant",True,True,True,2
"K3087","WDS-Verl.",NULL,NULL,"Verlag",NULL,True,False,True,1
"K3088","WESER-KURIER, Kulturredaktion, Dr. Hendrik Werner",NULL,NULL,NULL,NULL,NULL,False,NULL,0
"K3089","WFB-Verlagsgruppe","WFB Verlagsgruppe Ltd.","Buchwissenschaft, Buchhandel","Verlag","verlagsrelevant",True,True,True,2
"K3090","WHB Verlag","WHB Verlag","Buchwissenschaft, Buchhandel","Verlag","verlagsrelevant",True,True,True,2
"K3091","WHK-Verl.","WHK-Verlag",NULL,"Verlag",NULL,True,False,True,1
"K3092","WHK-Verlag","WHK-Verlag",NULL,"Verlag",NULL,True,False,True,1
"K3093","WHV Wolfgang Hager Verlag","Wolfgang Hager Verlag","Buchwissenschaft, Buchhandel","Verlag","verlagsrelevant",True,True,True,2
"K3094","WIFA Druck und Verlag","WIFA Druck- und Verlags GmbH","Buchwissenschaft, Buchhandel","Verlag","verlagsrelevant",True,True,True,2
"K3095","WOA-Verl.","WOA Verlag","Buchwissenschaft, Buchhandel","Verlag","verlagsrelevant",True,True,True,2
"K3096","WOLL Verlag","WOLL Verlag","Buchwissenschaft, Buchhandel","Verlag","verlagsrelevant",True,True,True,2
"K3097","WORTSCHAU Verlag",NULL,NULL,"Verlag",NULL,True,False,True,1
"K3098","WaRo-Verlag Heidelberg","WaRo-Verlag Heidelberg","Buchwissenschaft, Buchhandel","Verlag","verlagsrelevant",True,True,True,2
"K3099","Wachholtz","Wachholtz Verlag","Buchwissenschaft, Buchhandel","Verlag","verlagsrelevant",True,True,True,2
"K3100","Wado-Verl.","Wado-Verlag","Buchwissenschaft, Buchhandel","Verlag","verlagsrelevant",True,True,True,2
"K3101","Wage-Verl.","Wage Verlag","Buchwissenschaft, Buchhandel","Verlag","verlagsrelevant",True,True,True,2
"K3102","Wagenbach","Verlag Klaus Wagenbach","Einzelne Branchen der Industrie und des Handwerks; Buchwissenschaft, Buchhandel","Verlag","verlagsrelevant",True,True,True,2
"K3103","Wagner Verlag","Wagner-Verlag","Buchwissenschaft, Buchhandel","Verlag","verlagsrelevant",True,True,True,2
"K3104","Walde + Graf Verlagsagentur und Verlag",NULL,NULL,"Verlag",NULL,True,False,True,1
"K3105","Waldgut Verlag","Waldgut Verlag","Buchwissenschaft, Buchhandel","Verlag","verlagsrelevant",True,True,True,2
"K3106","Waldkirch Verlag","Waldkirch KG Verlag-Druck-Agentur","Buchwissenschaft, Buchhandel","Verlag","verlagsrelevant",True,True,True,2
"K3107","Wallimann","Jodlerfamilie Wallimann",NULL,NULL,NULL,NULL,False,NULL,0
"K3108","Wallstein Verlag","Wallstein-Verlag","Buchwissenschaft, Buchhandel","Verlag","verlagsrelevant",True,True,True,2
"K3109","WandelWerk Publishing",NULL,NULL,NULL,NULL,NULL,False,NULL,0
"K3110","Wanner Publishing","Wanner Brothers Publishing (Baden, Limmat)","Einzelne Branchen der Industrie und des Handwerks",NULL,NULL,NULL,False,NULL,0
"K3111","Wartberg Verlag","Wartberg Verlag","Buchwissenschaft, Buchhandel","Verlag","verlagsrelevant",True,True,True,2
"K3112","Wartburg Verlag","Wartburg Verlag","Buchwissenschaft, Buchhandel","Verlag","verlagsrelevant",True,True,True,2
"K3113","Wasserburg Rindern","Wasserburg Rindern (Kleve, Kreis Kleve)","Ortsgebundene Bauwerke","Gemeinschaft",NULL,False,False,False,0
"K3114","WattLiteraten, Autorengemeinschaft","WattLiteraten (Körperschaft)",NULL,NULL,NULL,NULL,False,NULL,0
"K3115","Wattpad corp.",NULL,NULL,NULL,NULL,NULL,False,NULL,0
"K3116","Waxmann","Waxmann Verlag","Buchwissenschaft, Buchhandel","Verlag","verlagsrelevant",True,True,True,2
"K3117","Web-Site-Verl.","Web-Site-Verlag","Buchwissenschaft, Buchhandel","Verlag","verlagsrelevant",True,True,True,2
"K3118","Weber",NULL,NULL,NULL,NULL,NULL,False,NULL,0
"K3119","WeberVerlag.ch","Weber Verlag","Buchwissenschaft, Buchhandel","Verlag","verlagsrelevant",True,True,True,2
"K3120","Weerts Verlag",NULL,NULL,"Verlag",NULL,True,False,True,1
"K3121","Weg und Ziel",NULL,NULL,NULL,NULL,NULL,False,NULL,0
"K3122","Weger",NULL,NULL,NULL,NULL,NULL,False,NULL,0
"K3123","Wehrhahn Verlag","Wehrhahn-Verlag (Hannover)","Einzelne Branchen der Industrie und des Handwerks","Verlag",NULL,True,False,True,1
"K3124","Weidler","Weidler Buchverlag Berlin","Buchwissenschaft, Buchhandel","Verlag","verlagsrelevant",True,True,True,2
"K3125","WeimarArt",NULL,NULL,NULL,NULL,NULL,False,NULL,0
"K3126","Weimarer Schiller-Presse",NULL,NULL,NULL,NULL,NULL,False,NULL,0
"K3127","Weimarer Verlagsgesellschaft","Weimarer Verlagsgesellschaft","Buchwissenschaft, Buchhandel","Verlag","verlagsrelevant",True,True,True,2
"K3128","Weishaupt Verlag","Verlag Herbert Weishaupt","Buchwissenschaft, Buchhandel","Verlag","verlagsrelevant",True,True,True,2
"K3129","Weiss-Verl.","Weiss-Verlag GmbH & Co. KG","Buchwissenschaft, Buchhandel","Verlag","verlagsrelevant",True,True,True,2
"K3130","Weisz auf Schwarz – Literatuzeitschrift",NULL,NULL,NULL,NULL,NULL,False,NULL,0
"K3131","Weitschat",NULL,NULL,NULL,NULL,NULL,False,NULL,0
"K3132","WelkenVerlag","WelkenVerlag","Buchwissenschaft, Buchhandel","Verlag","verlagsrelevant",True,True,True,2
"K3133","Wellhausen & Marquardt","Wellhausen & Marquardt Medien","Buchwissenschaft, Buchhandel",NULL,"verlagsrelevant",NULL,True,True,1
"K3134","Wellhöfer Verlag","Wellhöffer (Verlag, Augsburg)",NULL,"Verlag",NULL,True,False,True,1
"K3135","Weltbild","Weltbild (Berlin)",NULL,NULL,NULL,NULL,False,NULL,0
"K3136","Weltbuch","Weltbuch Verlag GmbH","Buchwissenschaft, Buchhandel","Verlag","verlagsrelevant",True,True,True,2
"K3137","Weltklasse Miteinander Verlag e.U.",NULL,NULL,"Verlag",NULL,True,False,True,1
"K3138","Wendepunkt Verlag","WENDEPUNKT Verlag","Buchwissenschaft, Buchhandel","Verlag","verlagsrelevant",True,True,True,2
"K3139","Wendorf Verlag",NULL,NULL,"Verlag",NULL,True,False,True,1
"K3140","Wenn Nicht Jetzt-Verlag",NULL,NULL,"Verlag",NULL,True,False,True,1
"K3141","Wenner",NULL,NULL,NULL,NULL,NULL,False,NULL,0
"K3142","Wenng","Gebrüder Wenng",NULL,NULL,NULL,NULL,False,NULL,0
"K3143","Wenz",NULL,NULL,NULL,NULL,NULL,False,NULL,0
"K3144","Werd & Weber Verlag","Werd & Weber Verlag","Buchwissenschaft, Buchhandel","Verlag","verlagsrelevant",True,True,True,2
"K3145","Werd Verlag","Werd Verlag",NULL,"Verlag",NULL,True,False,True,1
"K3146","Werdewelt Verlags- und Medienhaus","Werdewelt Verlags- und Medienhaus GmbH","Buchwissenschaft, Buchhandel","Verlag","verlagsrelevant",True,True,True,2
"K3147","WerkdruckEDITION","werkdruck EDITION","Buchwissenschaft, Buchhandel","Verlag","verlagsrelevant",True,True,True,2
"K3148","Werkkreis Literatur der Arbeitswelt - Werkstatt Wien","Werkkreis Literatur der Arbeitswelt (Wien)",NULL,"Gemeinschaft",NULL,False,False,False,0
"K3149","Werkstätten-Verl.",NULL,NULL,"Verlag",NULL,True,False,True,1
"K3150","Werner A. Prochazka","Werner A. Prochazka (Firma)","Buchwissenschaft, Buchhandel","Unternehmen","verlagsrelevant",False,True,True,1
"K3151","Werner Schüller",NULL,NULL,NULL,NULL,NULL,False,NULL,0
"K3152","Westarp BookOnDemand",NULL,NULL,NULL,NULL,NULL,False,NULL,0
"K3153","Westermann","Westermann Schulbuchverlag","Buchwissenschaft, Buchhandel","Verlag","verlagsrelevant",True,True,True,2
"K3154","Westflügel Verlag","Westflügel Verlag","Buchwissenschaft, Buchhandel","Verlag","verlagsrelevant",True,True,True,2
"K3155","Westfälische Wilhelms-Universität Münster, Zentrale Kustodie",NULL,NULL,"Bildungseinrichtung",NULL,False,False,False,0
"K3156","Westkreuz-Verlag","Westkreuz-Verlag GmbH","Buchwissenschaft, Buchhandel","Verlag","verlagsrelevant",True,True,True,2
"K3157","WeyTeCon Förlag",NULL,NULL,NULL,NULL,NULL,False,NULL,0
"K3158","WeyTeCon Förlag (WF)",NULL,NULL,NULL,NULL,NULL,False,NULL,0
"K3159","Weyand",NULL,NULL,NULL,NULL,NULL,False,NULL,0
"K3160","WiderWort-Verl.","WiderWort-Verlag","Buchwissenschaft, Buchhandel","Verlag","verlagsrelevant",True,True,True,2
"K3161","Wiebers Verlag","Wiebers Verlag","Buchwissenschaft, Buchhandel","Verlag","verlagsrelevant",True,True,True,2
"K3162","Wieden-Verl.","Wiedenverlag","Buchwissenschaft, Buchhandel","Verlag","verlagsrelevant",True,True,True,2
"K3163","Wiedenverlag","Wiedenverlag","Buchwissenschaft, Buchhandel","Verlag","verlagsrelevant",True,True,True,2
"K3164","Wiener Volkshochsch.","Die Wiener Volkshochschulen","Schule","Bildungseinrichtung",NULL,False,False,False,0
"K3165","Wiesenburg Verlag","Wiesenburg Verlag","Buchwissenschaft, Buchhandel","Verlag","verlagsrelevant",True,True,True,2
"K3166","Wiesengrund Verlag","Wiesengrund Verlag","Buchwissenschaft, Buchhandel","Verlag","verlagsrelevant",True,True,True,2
"K3167","Wieser Verlag","Wieser Verlag","Buchwissenschaft, Buchhandel","Verlag","verlagsrelevant",True,True,True,2
"K3168","Wifa Verlag GmbH","WIFA Druck- und Verlags GmbH","Buchwissenschaft, Buchhandel","Verlag","verlagsrelevant",True,True,True,2
"K3169","Wilhelm Heyne Verlag","Wilhelm Heyne Verlag (München)","Buchwissenschaft, Buchhandel","Verlag","verlagsrelevant",True,True,True,2
"K3170","Wind Child Publishing",NULL,NULL,NULL,NULL,NULL,False,NULL,0
"K3171","Wind und Sterne",NULL,NULL,NULL,NULL,NULL,False,NULL,0
"K3172","Windhauch Verlag",NULL,NULL,"Verlag",NULL,True,False,True,1
"K3173","Windsor Verlag","Windsor Verlag ein Unternehmen der Windsor Group Development","Buchwissenschaft, Buchhandel","Verlag","verlagsrelevant",True,True,True,2
"K3174","Windspiel","Windspiel","Musik (Allgemeines), Musikgeschichte",NULL,NULL,NULL,False,NULL,0
"K3175","WirFinden.Es Naß und Hellie GbR",NULL,NULL,"Unternehmen",NULL,False,False,False,0
"K3176","Wirtschaftsverl. N. W., Verl. für Neue Wiss.",NULL,NULL,"Verlag",NULL,True,False,True,1
"K3177","Wirtschaftsverlag W.V. GmbH","Wirtschaftsverlag W.V. GmbH","Buchwissenschaft, Buchhandel","Verlag","verlagsrelevant",True,True,True,2
"K3178","Wiss. Buchges.","Wissenschaftliche Buchgesellschaft","Buchwissenschaft, Buchhandel","Gemeinschaft","verlagsrelevant",False,True,True,1
"K3179","Wiss. Verl. Bachmann","Dr. Michael Bachmann Wissenschaftlicher Verlag","Buchwissenschaft, Buchhandel","Verlag","verlagsrelevant",True,True,True,2
"K3180","Wiss.-Verl.",NULL,NULL,"Verlag",NULL,True,False,True,1
"K3181","Wissenmedia","wissenmedia in der inmediaONE] GmbH","Buchwissenschaft, Buchhandel","Unternehmen","verlagsrelevant",False,True,True,1
"K3182","Wittaverl.","Wittaverlag München","Buchwissenschaft, Buchhandel","Verlag","verlagsrelevant",True,True,True,2
"K3183","Wittgenstein Verlag",NULL,NULL,"Verlag",NULL,True,False,True,1
"K3184","Wißner-Verlag","Wißner-Verlag","Buchwissenschaft, Buchhandel","Verlag","verlagsrelevant",True,True,True,2
"K3185","Wohlrab","Lutz Wohlrab (Firma)","Buchwissenschaft, Buchhandel","Unternehmen","verlagsrelevant",False,True,True,1
"K3186","Wolbern","Wolbern Verlagsgesellschaft","Buchwissenschaft, Buchhandel","Verlag","verlagsrelevant",True,True,True,2
"K3187","Wolf",NULL,NULL,NULL,NULL,NULL,False,NULL,0
"K3188","Wolf Präsente GmbH","Wolf Präsente GmbH","Buchwissenschaft, Buchhandel","Unternehmen","verlagsrelevant",False,True,True,1
"K3189","Wolfbach","Wolfbach Verlag","Buchwissenschaft, Buchhandel","Verlag","verlagsrelevant",True,True,True,2
"K3190","Wolff Verlag","Wolff Verlag","Buchwissenschaft, Buchhandel","Verlag","verlagsrelevant",True,True,True,2
"K3191","Wolfgang Hager Verlag","Wolfgang Hager Verlag","Buchwissenschaft, Buchhandel","Verlag","verlagsrelevant",True,True,True,2
"K3192","Wolfgang Pfeifenberger Verlag",NULL,NULL,"Verlag",NULL,True,False,True,1
"K3193","Wolkenreiter-Verl.","Wolkenreiter-Verlag","Buchwissenschaft, Buchhandel","Verlag","verlagsrelevant",True,True,True,2
"K3194","Woll Verlag","WOLL Verlag","Buchwissenschaft, Buchhandel","Verlag","verlagsrelevant",True,True,True,2
"K3195","Worms Verlag","Worms Verlag","Einzelne Branchen der Industrie und des Handwerks; Buchwissenschaft, Buchhandel","Verlag","verlagsrelevant",True,True,True,2
"K3196","Wort-und-Mensch-Verl.","wort und mensch-Verlag","Buchwissenschaft, Buchhandel","Verlag","verlagsrelevant",True,True,True,2
"K3197","Wortfeger Media","Wortfeger Media","Buchwissenschaft, Buchhandel",NULL,"verlagsrelevant",NULL,True,True,1
"K3198","Worthandel-Verl.","worthandel : verlag","Buchwissenschaft, Buchhandel","Verlag","verlagsrelevant",True,True,True,2
"K3199","Wortspieler","Die Wortspieler",NULL,NULL,NULL,NULL,False,NULL,0
"K3200","Wortvergnügen","Wortvergnügen Verlag","Buchwissenschaft, Buchhandel","Verlag","verlagsrelevant",True,True,True,2
"K3201","Wunderhorn","Wunderhorn Verlag","Buchwissenschaft, Buchhandel","Verlag","verlagsrelevant",True,True,True,2
"K3202","Wunderlich","Wunderlich","Buchwissenschaft, Buchhandel",NULL,"verlagsrelevant",NULL,True,True,1
"K3203","Wunderraum","Wunderraum Verlag","Buchwissenschaft, Buchhandel","Verlag","verlagsrelevant",True,True,True,2
"K3204","Wunderwaldverl.","Wunderwaldverlag","Buchwissenschaft, Buchhandel","Verlag","verlagsrelevant",True,True,True,2
"K3205","Wunderwaldverlag","Wunderwaldverlag","Buchwissenschaft, Buchhandel","Verlag","verlagsrelevant",True,True,True,2
"K3206","Wurdack Verlag","Ernst Wurdack (Firma)","Buchwissenschaft, Buchhandel","Unternehmen","verlagsrelevant",False,True,True,1
"K3208","Wörterseh","Wörterseh Verlag","Buchwissenschaft, Buchhandel","Verlag","verlagsrelevant",True,True,True,2
"K3209","XOXO Verlag",NULL,NULL,"Verlag",NULL,True,False,True,1
"K3210","XS-Verl.","XS-Verlag","Buchwissenschaft, Buchhandel","Verlag","verlagsrelevant",True,True,True,2
"K3211","Xanthippe","Edition Xanthippe","Buchwissenschaft, Buchhandel","Verlag","verlagsrelevant",True,True,True,2
"K3212","Xuxelia Verlag",NULL,NULL,"Verlag",NULL,True,False,True,1
"K3213","Yantra","YANTRA Handels- u. VerlagsgesmbH","Buchwissenschaft, Buchhandel","Verlag","verlagsrelevant",True,True,True,2
"K3214","Yara-Ed.","Edition Yara","Buchwissenschaft, Buchhandel","Verlag","verlagsrelevant",True,True,True,2
"K3215","Yellow King Productions",NULL,NULL,NULL,NULL,NULL,False,NULL,0
"K3216","Yeotone","Yeotone","Buchwissenschaft, Buchhandel",NULL,"verlagsrelevant",NULL,True,True,1
"K3217","Youcanprint",NULL,NULL,NULL,NULL,NULL,False,NULL,0
"K3218","Young Stories, Frankfurt",NULL,NULL,NULL,NULL,NULL,False,NULL,0
"K3219","ZIEL","ZIEL - Zentrum für Interdisziplinäres Erfahrungsorientieres Lernen (Augsburg)","Buchwissenschaft, Buchhandel; Einzelne Branchen der Industrie und des Handwerks",NULL,"verlagsrelevant",NULL,True,True,1
"K3220","Zaunkönigin-Verl. Müller","ZAUNKÖNIGIN Verlag Müller","Buchwissenschaft, Buchhandel","Verlag","verlagsrelevant",True,True,True,2
"K3221","Zeitschnur-Verl.","Zeitschnur Verlag","Buchwissenschaft, Buchhandel","Verlag","verlagsrelevant",True,True,True,2
"K3222","Zenker, Jan M.",NULL,NULL,NULL,NULL,NULL,False,NULL,0
"K3223","Zenkert",NULL,NULL,NULL,NULL,NULL,False,NULL,0
"K3224","Zenos-Verl.",NULL,NULL,"Verlag",NULL,True,False,True,1
"K3225","Zero Verlag","ZERO-Verlag","Buchwissenschaft, Buchhandel","Verlag","verlagsrelevant",True,True,True,2
"K3226","Ziebarth Verlag",NULL,NULL,"Verlag",NULL,True,False,True,1
"K3227","Ziethen","Grube Ziethen","Bergbau, Hüttentechnik",NULL,NULL,NULL,False,NULL,0
"K3228","Zoppelberg-Verl.",NULL,NULL,"Verlag",NULL,True,False,True,1
"K3229","Zweitausendeins","Zweitausendeins-Versand (Frankfurt, Main)","Buchwissenschaft, Buchhandel",NULL,"verlagsrelevant",NULL,True,True,1
"K3230","Zwiebelzwerg Verlag","Zwiebelzwerg-Verlag (Willebadessen)","Einzelne Branchen der Industrie und des Handwerks","Verlag",NULL,True,False,True,1
"K3231","Zytglogge Verlag","Zytglogge Verlag","Buchwissenschaft, Buchhandel","Verlag","verlagsrelevant",True,True,True,2
"K3232","Zürcher Kantonalbank","Zürcher Kantonalbank","Bank; Einzelne Branchen der Industrie und des Handwerks",NULL,NULL,NULL,False,NULL,0
"K3233","[SIC] – Literaturverlag","[SIC]-Literaturverlag","Buchwissenschaft, Buchhandel","Verlag","verlagsrelevant",True,True,True,2
"K3234","[kon] Paper e.V.",NULL,NULL,"Verein",NULL,False,False,False,0
"K3235","ab Edizioni Alpha Beta Verlag",NULL,NULL,"Verlag",NULL,True,False,True,1
"K3236","adakia Verlag","adakia Verlag","Buchwissenschaft, Buchhandel","Verlag","verlagsrelevant",True,True,True,2
"K3237","adeo","adeo","Buchwissenschaft, Buchhandel",NULL,"verlagsrelevant",NULL,True,True,1
"K3238","alit - Verein Literaturstiftung","alit - Verein Literaturstiftung",NULL,"Verein",NULL,False,False,False,0
"K3239","alit - Verein Literaturstiftung Zürich",NULL,NULL,"Verein",NULL,False,False,False,0
"K3240","allbärn-verlag",NULL,NULL,"Verlag",NULL,True,False,True,1
"K3241","amardi verlag","amardi verlag","Buchwissenschaft, Buchhandel","Verlag","verlagsrelevant",True,True,True,2
"K3242","amarto",NULL,NULL,NULL,NULL,NULL,False,NULL,0
"K3243","art & words","art & words - Verlag für Kunst und Literatur","Buchwissenschaft, Buchhandel","Verlag","verlagsrelevant",True,True,True,2
"K3244","artkonzeptkörner","artkonzeptkörner",NULL,NULL,NULL,NULL,False,NULL,0
"K3245","assoverlag","assoverlag","Buchwissenschaft, Buchhandel","Verlag","verlagsrelevant",True,True,True,2
"K3246","audimax Medien","audimax medien gmbh","Buchwissenschaft, Buchhandel","Unternehmen","verlagsrelevant",False,True,True,1
"K3247","aws Literatur",NULL,NULL,NULL,NULL,NULL,False,NULL,0
"K3248","axel dielmann verlag","Axel Dielmann Verlag","Buchwissenschaft, Buchhandel","Verlag","verlagsrelevant",True,True,True,2
"K3249","be.bra wissenschaft verlag","be.bra wissenschaft verlag","Buchwissenschaft, Buchhandel","Verlag","verlagsrelevant",True,True,True,2
"K3250","beTHRILLED",NULL,NULL,NULL,NULL,NULL,False,NULL,0
"K3251","beingoo","beingoo e.K.","Buchwissenschaft, Buchhandel","Unternehmen","verlagsrelevant",False,True,True,1
"K3252","belkastudio",NULL,NULL,NULL,NULL,NULL,False,NULL,0
"K3253","bene! Verlag",NULL,NULL,"Verlag",NULL,True,False,True,1
"K3254","blackanist publications by Marco Neumann Verlag",NULL,NULL,"Verlag",NULL,True,False,True,1
"K3255","blue rhino verlag",NULL,NULL,"Verlag",NULL,True,False,True,1
"K3256","blv","BLV Buchverlag GmbH & Co. KG","Buchwissenschaft, Buchhandel","Verlag","verlagsrelevant",True,True,True,2
"K3257","boox-verlag","boox-verlag","Buchwissenschaft, Buchhandel","Verlag","verlagsrelevant",True,True,True,2
"K3258","brennt! GmbH",NULL,NULL,"Unternehmen",NULL,False,False,False,0
"K3259","btb","btb Verlag","Buchwissenschaft, Buchhandel","Verlag","verlagsrelevant",True,True,True,2
"K3260","bu-bu der bunte buchladen","bu-bu, der bunte buchladen","Buchwissenschaft, Buchhandel",NULL,"verlagsrelevant",NULL,True,True,1
"K3261","buch+musik ejw-Service gmbh","buch+musik ejw-service gmbh","Buchwissenschaft, Buchhandel","Unternehmen","verlagsrelevant",False,True,True,1
"K3262","buch.ome - Offsetzdruckerei Karl Grammlich GmbH","Offsetdruckerei Karl Grammlich",NULL,"Druckerei",NULL,False,False,False,0
"K3263","buchwerft-verlag.de",NULL,NULL,"Verlag",NULL,True,False,True,1
"K3264","burgart-presse","Burgart-Presse Jens Henkel (Rudolstadt)","Papierherstellung, Grafische Technik; Buchwissenschaft, Buchhandel",NULL,"verlagsrelevant",NULL,True,True,1
"K3265","c/o autorenglück.de, Stina Milner",NULL,NULL,NULL,NULL,NULL,False,NULL,0
"K3266","cW-Nordwest-Media-Verl.-Ges.","CW Nordwest Media Verlagsgesellschaft mbH","Buchwissenschaft, Buchhandel","Verlag","verlagsrelevant",True,True,True,2
"K3267","camino",NULL,NULL,NULL,NULL,NULL,False,NULL,0
"K3268","cap-books",NULL,NULL,NULL,NULL,NULL,False,NULL,0
"K3269","capybarabooks","capybarabooks","Buchwissenschaft, Buchhandel",NULL,"verlagsrelevant",NULL,True,True,1
"K3270","cbm verlag",NULL,NULL,"Verlag",NULL,True,False,True,1
"K3271","ch. falk-verlag","Christa Falk Verlag","Buchwissenschaft, Buchhandel","Verlag","verlagsrelevant",True,True,True,2
"K3272","chiliverlag","chiliverlag","Buchwissenschaft, Buchhandel","Verlag","verlagsrelevant",True,True,True,2
"K3273","comediantes","Comediantes",NULL,NULL,NULL,NULL,False,NULL,0
"K3274","container press",NULL,NULL,NULL,NULL,NULL,False,NULL,0
"K3275","creomira",NULL,NULL,NULL,NULL,NULL,False,NULL,0
"K3276","cri-ki-Verl.","cri-ki-Verlag","Buchwissenschaft, Buchhandel","Verlag","verlagsrelevant",True,True,True,2
"K3277","crimetime","crimetime-Verlag","Buchwissenschaft, Buchhandel","Verlag","verlagsrelevant",True,True,True,2
"K3278","custos verlag","custos verlag e.K.","Buchwissenschaft, Buchhandel","Verlag","verlagsrelevant",True,True,True,2
"K3279","dahlemer verlagsanstalt","dahlemer verlagsanstalt","Buchwissenschaft, Buchhandel","Verlag","verlagsrelevant",True,True,True,2
"K3280","danube books",NULL,NULL,NULL,NULL,NULL,False,NULL,0
"K3281","de La Porte",NULL,NULL,NULL,NULL,NULL,False,NULL,0
"K3282","debux-Verl.","debux Verlag e.K.","Buchwissenschaft, Buchhandel","Verlag","verlagsrelevant",True,True,True,2
"K3283","denkhaus Verlag","denkhaus Verlag","Buchwissenschaft, Buchhandel","Verlag","verlagsrelevant",True,True,True,2
"K3284","der VHS-Baar, Kreative Schreibwerkstatt",NULL,NULL,NULL,NULL,NULL,False,NULL,0
"K3285","der blaue reiter","Der Blaue Reiter","Malerei; Bildende Kunst",NULL,NULL,NULL,False,NULL,0
"K3286","destinatio Verlag","destinatio Verlag","Buchwissenschaft, Buchhandel","Verlag","verlagsrelevant",True,True,True,2
"K3287","disadorno edition","disadorno edition","Buchwissenschaft, Buchhandel","Verlag","verlagsrelevant",True,True,True,2
"K3288","dissertation.de",NULL,NULL,NULL,NULL,NULL,False,NULL,0
"K3289","dt-Verl.",NULL,NULL,"Verlag",NULL,True,False,True,1
"K3290","dtv Verlagsgesellschaft","Deutscher Taschenbuch-Verlag (München)","Buchwissenschaft, Buchhandel","Verlag","verlagsrelevant",True,True,True,2
"K3291","duotincta",NULL,NULL,NULL,NULL,NULL,False,NULL,0
"K3292","dup, düsseldorf university press","Düsseldorf University Press","Buchwissenschaft, Buchhandel",NULL,"verlagsrelevant",NULL,True,True,1
"K3293","dvg, Digitalverl.",NULL,NULL,"Verlag",NULL,True,False,True,1
"K3294","düsseldorf university press","Düsseldorf University Press","Buchwissenschaft, Buchhandel",NULL,"verlagsrelevant",NULL,True,True,1
"K3295","eFeF-Verlag","eFeF Verlag","Buchwissenschaft, Buchhandel","Verlag","verlagsrelevant",True,True,True,2
"K3296","ebersbach & simon",NULL,NULL,NULL,NULL,NULL,False,NULL,0
"K3297","echomedia buchverlag","echomedia buchverlag","Buchwissenschaft, Buchhandel","Verlag","verlagsrelevant",True,True,True,2
"K3298","echt EMF",NULL,NULL,NULL,NULL,NULL,False,NULL,0
"K3299","edition AZUR","Verlag Voland & Quist. edition AZUR","Buchwissenschaft, Buchhandel","Verlag","verlagsrelevant",True,True,True,2
"K3300","edition Friedenauer Brücke","edition Friedenauer Brücke","Buchwissenschaft, Buchhandel","Verlag","verlagsrelevant",True,True,True,2
"K3301","edition assemblage","edition assemblage","Buchwissenschaft, Buchhandel","Verlag","verlagsrelevant",True,True,True,2
"K3302","edition bodoni","Edition Bodoni (Berlin)","Buchwissenschaft, Buchhandel; Einzelne Branchen der Industrie und des Handwerks","Verlag","verlagsrelevant",True,True,True,2
"K3303","edition bücherlese","edition bücherlese","Buchwissenschaft, Buchhandel","Verlag","verlagsrelevant",True,True,True,2
"K3304","edition chrismon","Edition Chrismon","Buchwissenschaft, Buchhandel","Verlag","verlagsrelevant",True,True,True,2
"K3305","edition dreiklein",NULL,NULL,"Verlag",NULL,True,False,True,1
"K3306","edition editka",NULL,NULL,"Verlag",NULL,True,False,True,1
"K3307","edition federleicht",NULL,NULL,"Verlag",NULL,True,False,True,1
"K3308","edition fza",NULL,NULL,"Verlag",NULL,True,False,True,1
"K3309","edition fünf","edition fünf","Buchwissenschaft, Buchhandel","Verlag","verlagsrelevant",True,True,True,2
"K3310","edition grundrisse","edition grundrisse Robert Foltin","Buchwissenschaft, Buchhandel","Verlag","verlagsrelevant",True,True,True,2
"K3311","edition imaginär",NULL,NULL,"Verlag",NULL,True,False,True,1
"K3312","edition k&s","Autorinnen Verlag edition k&s","Buchwissenschaft, Buchhandel","Verlag","verlagsrelevant",True,True,True,2
"K3313","edition keiper","edition keiper","Buchwissenschaft, Buchhandel","Verlag","verlagsrelevant",True,True,True,2
"K3314","edition libica",NULL,NULL,"Verlag",NULL,True,False,True,1
"K3315","edition libica Simone Stefanie Klein",NULL,NULL,"Verlag",NULL,True,False,True,1
"K3316","edition lichtung",NULL,NULL,"Verlag",NULL,True,False,True,1
"K3317","edition maya","Edition Maya",NULL,"Verlag",NULL,True,False,True,1
"K3318","edition mosaik","edition mosaik",NULL,"Verlag",NULL,True,False,True,1
"K3319","edition naundob",NULL,NULL,"Verlag",NULL,True,False,True,1
"K3320","edition petit",NULL,NULL,"Verlag",NULL,True,False,True,1
"K3321","edition promenade","edition promenade","Buchwissenschaft, Buchhandel","Verlag","verlagsrelevant",True,True,True,2
"K3322","edition q im bebra verlag","be.bra verlag","Buchwissenschaft, Buchhandel","Verlag","verlagsrelevant",True,True,True,2
"K3323","edition sanderling",NULL,NULL,"Verlag",NULL,True,False,True,1
"K3324","edition silbenreich",NULL,NULL,"Verlag",NULL,True,False,True,1
"K3325","edition sine",NULL,NULL,"Verlag",NULL,True,False,True,1
"K3326","edition sonne und mond","edition sonne und mond Manfred Stangel","Buchwissenschaft, Buchhandel","Verlag","verlagsrelevant",True,True,True,2
"K3327","edition talpa mundum ferens",NULL,NULL,"Verlag",NULL,True,False,True,1
"K3328","edition wohlwill",NULL,NULL,"Verlag",NULL,True,False,True,1
"K3329","edition worte&werke",NULL,NULL,"Verlag",NULL,True,False,True,1
"K3330","edition zebra","edition zebra","Buchwissenschaft, Buchhandel","Verlag","verlagsrelevant",True,True,True,2
"K3331","edition.inspiration",NULL,NULL,"Verlag",NULL,True,False,True,1
"K3332","edition_aixact",NULL,NULL,"Verlag",NULL,True,False,True,1
"K3333","editionmevinapuorger","editionmevinapuorger",NULL,"Verlag",NULL,True,False,True,1
"K3334","editionsmueller",NULL,NULL,"Verlag",NULL,True,False,True,1
"K3335","editionwort","edition Wort","Buchwissenschaft, Buchhandel","Verlag","verlagsrelevant",True,True,True,2
"K3336","editum",NULL,NULL,NULL,NULL,NULL,False,NULL,0
"K3337","elfundzehn","elfundzehn Verlag","Buchwissenschaft, Buchhandel","Verlag","verlagsrelevant",True,True,True,2
"K3339","erscheint jährlich in der Edition Angewandte bei De Gruyter","Walter de Gruyter GmbH & Co. KG","Buchwissenschaft, Buchhandel","Unternehmen","verlagsrelevant",False,True,True,1
"K3340","es-Verlag","es-Verlag","Buchwissenschaft, Buchhandel","Verlag","verlagsrelevant",True,True,True,2
"K3341","eta Verlag",NULL,NULL,"Verlag",NULL,True,False,True,1
"K3342","fabrik.transit","Literatur- und Kunstverein fabrik.transit",NULL,"Verein",NULL,False,False,False,0
"K3343","fabula Verlag Hamburg","fabula Verlag Hamburg","Buchwissenschaft, Buchhandel","Verlag","verlagsrelevant",True,True,True,2
"K3344","fallen star","fallen star e.K.","Buchwissenschaft, Buchhandel","Unternehmen","verlagsrelevant",False,True,True,1
"K3345","fe-medienverlag","fe-medienverlags gmbh","Buchwissenschaft, Buchhandel","Verlag","verlagsrelevant",True,True,True,2
"K3346","felu Verlag",NULL,NULL,"Verlag",NULL,True,False,True,1
"K3347","fhl Verlag","fhl Verlag Leipzig UG","Buchwissenschaft, Buchhandel","Verlag","verlagsrelevant",True,True,True,2
"K3348","fibre","fibre Verlag","Buchwissenschaft, Buchhandel","Verlag","verlagsrelevant",True,True,True,2
"K3349","fineBooks",NULL,NULL,NULL,NULL,NULL,False,NULL,0
"K3350","fortfolgendes",NULL,NULL,NULL,NULL,NULL,False,NULL,0
"K3351","frechverlag GmbH","frechverlag","Buchwissenschaft, Buchhandel","Verlag","verlagsrelevant",True,True,True,2
"K3352","freiraum-verlag","FreiRaum Verlag","Buchwissenschaft, Buchhandel","Verlag","verlagsrelevant",True,True,True,2
"K3353","für neues bewusst-sein",NULL,NULL,NULL,NULL,NULL,False,NULL,0
"K3354","ggverlag",NULL,NULL,"Verlag",NULL,True,False,True,1
"K3355","guhl glaser, st.",NULL,NULL,NULL,NULL,NULL,False,NULL,0
"K3356","hendrik Bäßler verlag","hendrik Bäßler verlag","Buchwissenschaft, Buchhandel","Verlag","verlagsrelevant",True,True,True,2
"K3357","hkk Krankenkasse","hkk","Einzelne Branchen der Industrie und des Handwerks",NULL,NULL,NULL,False,NULL,0
"K3358","hochroth","hochroth - Gemeinnützige Literaturvermittlung","Buchwissenschaft, Buchhandel",NULL,"verlagsrelevant",NULL,True,True,1
"K3359","hockebooks","hockebooks GmbH","Buchwissenschaft, Buchhandel","Unternehmen","verlagsrelevant",False,True,True,1
"K3360","holapress",NULL,NULL,NULL,NULL,NULL,False,NULL,0
"K3361","homunculus verlag","Homunculus Verlags-G.m.b.H.",NULL,"Verlag",NULL,True,False,True,1
"K3362","hy-buchedition",NULL,NULL,"Verlag",NULL,True,False,True,1
"K3363","ib-lyric, artfactory",NULL,NULL,NULL,NULL,NULL,False,NULL,0
"K3364","ibidem-Verlag","ibidem-Verlag","Buchwissenschaft, Buchhandel","Verlag","verlagsrelevant",True,True,True,2
"K3365","ideaFactory Geiler, Thiessen & Uhlig GbR",NULL,NULL,"Unternehmen",NULL,False,False,False,0
"K3366","ihleo verlag","ihleo verlag","Buchwissenschaft, Buchhandel","Verlag","verlagsrelevant",True,True,True,2
"K3367","in-Cultura.com","in-Cultura.com GmbH","Buchwissenschaft, Buchhandel","Unternehmen","verlagsrelevant",False,True,True,1
"K3368","indayi Edition",NULL,NULL,"Verlag",NULL,True,False,True,1
"K3369","irrgarten Verlag",NULL,NULL,"Verlag",NULL,True,False,True,1
"K3370","jmb-Verlag","JMB-Verlag","Buchwissenschaft, Buchhandel","Verlag","verlagsrelevant",True,True,True,2
"K3371","kbw bibelwerk","Verlag Katholisches Bibelwerk","Einzelne Branchen der Industrie und des Handwerks; Buchwissenschaft, Buchhandel","Verlag","verlagsrelevant",True,True,True,2
"K3372","klausur-verlag","klausur-verlag","Buchwissenschaft, Buchhandel","Verlag","verlagsrelevant",True,True,True,2
"K3373","konkursbuch verlag","Konkursbuch Verlag Claudia Gehrke","Einzelne Branchen der Industrie und des Handwerks; Buchwissenschaft, Buchhandel","Verlag","verlagsrelevant",True,True,True,2
"K3374","kuk","KUK Electronic",NULL,NULL,NULL,NULL,False,NULL,0
"K3375","kukma - Kunst- und Kulturverein",NULL,NULL,"Verein",NULL,False,False,False,0
"K3376","kunstanstifter","Kunstanstifter Verlag e.Kfr.","Buchwissenschaft, Buchhandel","Verlag","verlagsrelevant",True,True,True,2
"K3377","kurz & bündig Verlag","kurz & bündig verlag",NULL,"Verlag",NULL,True,False,True,1
"K3378","laurin","Edition Laurin","Buchwissenschaft, Buchhandel","Verlag","verlagsrelevant",True,True,True,2
"K3379","lebema.ch",NULL,NULL,NULL,NULL,NULL,False,NULL,0
"K3380","lectorbooks, ein Imprint der Torat GmbH","lectorbooks","Buchwissenschaft, Buchhandel",NULL,"verlagsrelevant",NULL,True,True,1
"K3381","lehmanns media","Lehmanns Media GmbH","Buchwissenschaft, Buchhandel","Unternehmen","verlagsrelevant",False,True,True,1
"K3382","lila-verlag.ch",NULL,NULL,"Verlag",NULL,True,False,True,1
"K3383","literatur:vorarlberg",NULL,NULL,NULL,NULL,NULL,False,NULL,0
"K3384","luv Verlag",NULL,NULL,"Verlag",NULL,True,False,True,1
"K3385","mXpro","mXpro GmbH - mediaXproduction","Buchwissenschaft, Buchhandel","Unternehmen","verlagsrelevant",False,True,True,1
"K3386","mainbook","MainBook Verlag","Buchwissenschaft, Buchhandel","Verlag","verlagsrelevant",True,True,True,2
"K3387","mandelbaum verlag","Mandelbaum Verlag","Buchwissenschaft, Buchhandel","Verlag","verlagsrelevant",True,True,True,2
"K3388","manggei verlag",NULL,NULL,"Verlag",NULL,True,False,True,1
"K3389","manitu-books",NULL,NULL,NULL,NULL,NULL,False,NULL,0
"K3390","manuskripte-Literaturverein",NULL,NULL,"Verein",NULL,False,False,False,0
"K3391","mare","Mare Verlag GmbH & Co. oHG","Buchwissenschaft, Buchhandel","Verlag","verlagsrelevant",True,True,True,2
"K3392","mariprosa","mariprosa","Buchwissenschaft, Buchhandel",NULL,"verlagsrelevant",NULL,True,True,1
"K3393","marixverlag","marix Verlag","Buchwissenschaft, Buchhandel","Verlag","verlagsrelevant",True,True,True,2
"K3394","maudrich","Wilhelm Maudrich (Wien)",NULL,NULL,NULL,NULL,False,NULL,0
"K3395","mbassador GmbH",NULL,NULL,"Unternehmen",NULL,False,False,False,0
"K3396","mediaKern","mediaKern GmbH","Buchwissenschaft, Buchhandel","Unternehmen","verlagsrelevant",False,True,True,1
"K3397","medimont","medimont Verlag GmbH","Buchwissenschaft, Buchhandel","Verlag","verlagsrelevant",True,True,True,2
"K3398","meinbesteller.de",NULL,NULL,NULL,NULL,NULL,False,NULL,0
"K3399","menani GmbH",NULL,NULL,"Unternehmen",NULL,False,False,False,0
"K3400","mgo Fachverlage",NULL,NULL,"Verlag",NULL,True,False,True,1
"K3401","mikrotext","mikrotext (Körperschaft)","Buchwissenschaft, Buchhandel",NULL,"verlagsrelevant",NULL,True,True,1
"K3402","modo","Modo","Musik (Allgemeines), Musikgeschichte",NULL,NULL,NULL,False,NULL,0
"K3403","morgenroth media","morgenroth media GmbH","Buchwissenschaft, Buchhandel","Unternehmen","verlagsrelevant",False,True,True,1
"K3404","moses Verlag","moses. Verlag GmbH","Buchwissenschaft, Buchhandel","Verlag","verlagsrelevant",True,True,True,2
"K3405","muc Verlag","muc Verlag","Buchwissenschaft, Buchhandel","Verlag","verlagsrelevant",True,True,True,2
"K3406","mvg verlag","mvg Verlag","Buchwissenschaft, Buchhandel","Verlag","verlagsrelevant",True,True,True,2
"K3407","myMorawa","myMorawa",NULL,NULL,NULL,NULL,False,NULL,0
"K3409","münstermann",NULL,NULL,NULL,NULL,NULL,False,NULL,0
"K3410","münstermitte medienverlag","münstermitte medienverlag GmbH & Co. KG","Buchwissenschaft, Buchhandel","Verlag","verlagsrelevant",True,True,True,2
"K3411","neobooks","neobooks","Buchwissenschaft, Buchhandel",NULL,"verlagsrelevant",NULL,True,True,1
"K3412","netzbuchladen.de",NULL,NULL,NULL,NULL,NULL,False,NULL,0
"K3413","nicolai","Nicolaische Buchhandlung","Handel einzelner Branchen, Dienstleistung einzelner Branchen; Buchwissenschaft, Buchhandel","Buchhandlung","verlagsrelevant",False,True,True,1
"K3414","novum Verlag","novum pro Verlag","Buchwissenschaft, Buchhandel","Verlag","verlagsrelevant",True,True,True,2
"K3415","octOpus",NULL,NULL,NULL,NULL,NULL,False,NULL,0
"K3416","ohneohren verlag","Verlag OHNEOHREN Ingrid Pointecker","Buchwissenschaft, Buchhandel","Verlag","verlagsrelevant",True,True,True,2
"K3417","onomato verlag","onomato (Firma)","Buchwissenschaft, Buchhandel","Unternehmen","verlagsrelevant",False,True,True,1
"K3418","ostbooks",NULL,NULL,NULL,NULL,NULL,False,NULL,0
"K3419","outlook Verlag","Outlook Verlag","Buchwissenschaft, Buchhandel","Verlag","verlagsrelevant",True,True,True,2
"K3420","p.l.o.t. e.V.",NULL,NULL,"Verein",NULL,False,False,False,0
"K3421","p.machinery","p.machinery","Buchwissenschaft, Buchhandel",NULL,"verlagsrelevant",NULL,True,True,1
"K3422","parasitenpresse",NULL,NULL,NULL,NULL,NULL,False,NULL,0
"K3423","pavée - peter appeltauer vélo edition",NULL,NULL,"Verlag",NULL,True,False,True,1
"K3424","pdk-Verl.","pdk Verlag","Buchwissenschaft, Buchhandel","Verlag","verlagsrelevant",True,True,True,2
"K3425","peppair GmbH",NULL,NULL,"Unternehmen",NULL,False,False,False,0
"K3426","pkp Verlag","Pierre Kynast (Firma)","Buchwissenschaft, Buchhandel","Unternehmen","verlagsrelevant",False,True,True,1
"K3427","plV-Media",NULL,NULL,NULL,NULL,NULL,False,NULL,0
"K3428","plattform",NULL,NULL,NULL,NULL,NULL,False,NULL,0
"K3429","pro MESSAGE","pro MESSAGE oHG","Buchwissenschaft, Buchhandel","Unternehmen","verlagsrelevant",False,True,True,1
"K3430","pro Monstein","pro Monstein",NULL,NULL,NULL,NULL,False,NULL,0
"K3431","pro mente edition","pro mente edition","Buchwissenschaft, Buchhandel","Verlag","verlagsrelevant",True,True,True,2
"K3432","product verlag","Product Verlag Ernst-Walter Hug","Buchwissenschaft, Buchhandel","Verlag","verlagsrelevant",True,True,True,2
"K3433","projektverlag","Projekt Verlag","Buchwissenschaft, Buchhandel","Verlag","verlagsrelevant",True,True,True,2
"K3434","public book media verlag",NULL,NULL,"Verlag",NULL,True,False,True,1
"K3435","pudelundpinscher","edition pudelundpinscher","Buchwissenschaft, Buchhandel","Verlag","verlagsrelevant",True,True,True,2
"K3436","pyjamaguerilleros",NULL,NULL,NULL,NULL,NULL,False,NULL,0
"K3437","pünktchen Kinderbuchverlag",NULL,NULL,"Verlag",NULL,True,False,True,1
"K3438","quartus-Verlag","Quartus-Verlag","Buchwissenschaft, Buchhandel","Verlag","verlagsrelevant",True,True,True,2
"K3439","radio 3",NULL,NULL,NULL,NULL,NULL,False,NULL,0
"K3440","ratio-books","ratio-books","Buchwissenschaft, Buchhandel",NULL,"verlagsrelevant",NULL,True,True,1
"K3441","rbb","RBB & Cie",NULL,NULL,NULL,NULL,False,NULL,0
"K3442","re:sonar verlag",NULL,NULL,"Verlag",NULL,True,False,True,1
"K3443","read4joy",NULL,NULL,NULL,NULL,NULL,False,NULL,0
"K3444","riki","riki GmbH","Buchwissenschaft, Buchhandel","Unternehmen","verlagsrelevant",False,True,True,1
"K3445","riva","riva Verlag","Buchwissenschaft, Buchhandel","Verlag","verlagsrelevant",True,True,True,2
"K3446","rohumedia",NULL,NULL,NULL,NULL,NULL,False,NULL,0
"K3447","rosenheimer","Rosenheimer Verlagshaus","Buchwissenschaft, Buchhandel","Verlag","verlagsrelevant",True,True,True,2
"K3448","rulSuspense Verlag",NULL,NULL,"Verlag",NULL,True,False,True,1
"K3449","rüffer & rub","rüffer & rub Sachbuchverlag","Buchwissenschaft, Buchhandel; Einzelne Branchen der Industrie und des Handwerks","Verlag","verlagsrelevant",True,True,True,2
"K3450","scius",NULL,NULL,NULL,NULL,NULL,False,NULL,0
"K3451","scribaria","Scribaria (Körperschaft)",NULL,NULL,NULL,NULL,False,NULL,0
"K3452","scridelio",NULL,NULL,NULL,NULL,NULL,False,NULL,0
"K3453","skript-Verlag","Skript-Verlag","Buchwissenschaft, Buchhandel","Verlag","verlagsrelevant",True,True,True,2
"K3454","smp, swb media publishing",NULL,NULL,NULL,NULL,NULL,False,NULL,0
"K3455","sonderzahl","Sonderzahl-Verlag",NULL,"Verlag",NULL,True,False,True,1
"K3456","sonne & mond","edition sonne und mond Manfred Stangel","Buchwissenschaft, Buchhandel","Verlag","verlagsrelevant",True,True,True,2
"K3457","spree-books (spree-media.net GmbH)",NULL,NULL,"Unternehmen",NULL,False,False,False,0
"K3458","steinbach sprechende bücher","steinbach sprechende bücher e.Kfr.","Buchwissenschaft, Buchhandel",NULL,"verlagsrelevant",NULL,True,True,1
"K3459","stirnholz Verlag",NULL,NULL,"Verlag",NULL,True,False,True,1
"K3460","story.one",NULL,NULL,NULL,NULL,NULL,False,NULL,0
"K3461","sujet verlag","Sujet Druck & Verlag","Buchwissenschaft, Buchhandel","Verlag","verlagsrelevant",True,True,True,2
"K3462","swiboo.ch","swiboo.ch",NULL,NULL,NULL,NULL,False,NULL,0
"K3463","synergenVerlag","synergenVerlag","Buchwissenschaft, Buchhandel","Verlag","verlagsrelevant",True,True,True,2
"K3464","telegonos-publishing",NULL,NULL,NULL,NULL,NULL,False,NULL,0
"K3465","thrillercriminal.com Community",NULL,NULL,NULL,NULL,NULL,False,NULL,0
"K3466","tolino media",NULL,NULL,NULL,NULL,NULL,False,NULL,0
"K3467","tosa","Tosa GmbH","Buchwissenschaft, Buchhandel","Unternehmen","verlagsrelevant",False,True,True,1
"K3468","tpk-Verlag","tpk-Verlag","Buchwissenschaft, Buchhandel","Verlag","verlagsrelevant",True,True,True,2
"K3469","trafo","trafo Literaturverlag","Buchwissenschaft, Buchhandel","Verlag","verlagsrelevant",True,True,True,2
"K3470","tredition","Tredition GmbH (Hamburg)","Buchwissenschaft, Buchhandel; Einzelne Branchen der Industrie und des Handwerks","Unternehmen","verlagsrelevant",False,True,True,1
"K3471","tunkan",NULL,NULL,NULL,NULL,NULL,False,NULL,0
"K3472","tvd-Verl.","tvd Verlag GmbH","Buchwissenschaft, Buchhandel","Verlag","verlagsrelevant",True,True,True,2
"K3473","uli-jungbluth-press",NULL,NULL,NULL,NULL,NULL,False,NULL,0
"K3474","unartproduktion","Unartproduktion (Dornbirn)","Buchwissenschaft, Buchhandel; Einzelne Branchen der Industrie und des Handwerks",NULL,"verlagsrelevant",NULL,True,True,1
"K3475","vHVerlag",NULL,NULL,"Verlag",NULL,True,False,True,1
"K3476","vabaduse.de",NULL,NULL,NULL,NULL,NULL,False,NULL,0
"K3477","van Aaken","Talishja van Aaken (Firma)","Buchwissenschaft, Buchhandel","Unternehmen","verlagsrelevant",False,True,True,1
"K3496","wek-Verl.","wek-Verlag","Buchwissenschaft, Buchhandel","Verlag","verlagsrelevant",True,True,True,2
"K3497","wesText Verlag","wesText Verlag","Buchwissenschaft, Buchhandel","Verlag","verlagsrelevant",True,True,True,2
"K3499","wir sind lesenswert – Verein für Literatur",NULL,NULL,"Verein",NULL,False,False,False,0
"K3500","wirschreibenfürahrweiler, Autorengemeinschaft",NULL,NULL,"Gemeinschaft",NULL,False,False,False,0
"K3501","wortbau e.V.","Schreibende Schüler e.V.",NULL,"Verein",NULL,False,False,False,0
"K3503","wtp-verlag",NULL,NULL,"Verlag",NULL,True,False,True,1
"K3504","wtv","WTV","Buchwissenschaft, Buchhandel",NULL,"verlagsrelevant",NULL,True,True,1
"K3505","www.hairfashionplus.ch",NULL,NULL,NULL,NULL,NULL,False,NULL,0
"K3506","www.ideenteufel.de",NULL,NULL,NULL,NULL,NULL,False,NULL,0
"K3507","www.stejnar-verlag.com",NULL,NULL,"Verlag",NULL,True,False,True,1
"K3508","xenomoi","xenomoi verlag e.K.","Buchwissenschaft, Buchhandel","Verlag","verlagsrelevant",True,True,True,2
"K3509","xlibri","xlibri.de (Firma)",NULL,"Unternehmen",NULL,False,False,False,0
"K3510","zebra bw","Zentrale Beratungsstelle für Weltanschauungsfragen BW",NULL,NULL,NULL,NULL,False,NULL,0
"K3511","zepp.text Verlag",NULL,NULL,"Verlag",NULL,True,False,True,1
"K3512","zocher & peter",NULL,NULL,NULL,NULL,NULL,False,NULL,0
"K3513","zu Klampen!","zu Klampen Verlag","Buchwissenschaft, Buchhandel","Verlag","verlagsrelevant",True,True,True,2
"K3514","zwiebook","ZWIEBOOK","Buchwissenschaft, Buchhandel",NULL,"verlagsrelevant",NULL,True,True,1
"K3515","Çizgi Kitabevi",NULL,NULL,NULL,NULL,NULL,False,NULL,0
"K3516","Èditions à la Carte","Éditions à la Carte",NULL,NULL,NULL,NULL,False,NULL,0
"K3517","Éd. L'Oreille du Loup",NULL,NULL,NULL,NULL,NULL,False,NULL,0
"K3518","Éd. Saint-Paul",NULL,NULL,NULL,NULL,NULL,False,NULL,0
"K3519","Éditions Guy Binsfeld","com'unity sarl Edition Guy Binsfeld","Buchwissenschaft, Buchhandel","Verlag","verlagsrelevant",True,True,True,2
"K3520","Írott Szó Alapítvány",NULL,NULL,NULL,NULL,NULL,False,NULL,0
"K3521","ÖBB Personenverkehr AG, Personalmanagement Kärnten",NULL,NULL,NULL,NULL,NULL,False,NULL,0
"K3522","Österr. Kunst- u. Kulturverl.",NULL,NULL,"Verlag",NULL,True,False,True,1
"K3523","Österreichische Literaturgesellschaft","Österreichische Literaturgesellschaft",NULL,"Gemeinschaft",NULL,False,False,False,0
"K3524","Österreichischer Schriftsteller/innenverband","Österreichischer Schriftsteller/Innenverband",NULL,"Verband",NULL,False,False,False,0
"K3525","Österreichisches Literaturforum","Österreichisches Literaturforum",NULL,"Gemeinschaft",NULL,False,False,False,0
"K3526","ß Verlag","ß Verlag & Medien GbR","Buchwissenschaft, Buchhandel","Verlag","verlagsrelevant",True,True,True,2
