"koerperschaft_id","koerperschaft_name","koerperschaft_name_gnd","gnd_sachgruppe","name_flag","literaturfern_status","bemerkung","website","updated_at"
"K1","Grüne Aue",NULL,NULL,NULL,"unklar","unklar",NULL,"2026-04-12 16:34:48.658505"
"K10","3VerSchreiber",NULL,NULL,NULL,"unklar","unklar",NULL,"2026-04-12 16:34:48.658505"
"K100","Amazon Distribution",NULL,NULL,NULL,"true","Logistikunternehmen","https://www.northdata.de/Amazon%20Distribution%20GmbH,%20Leipzig/HRB%2022572","2026-04-12 16:34:48.658505"
"K101","Amazon Media EU S.à r.l.",NULL,NULL,NULL,"unklar","Abonnementdienste, Digitalvertrieb","https://www.northdata.de/Amazon%20Media%20EU%20S%C3%A0rl,%20Luxembourg/B112767","2026-04-12 16:34:48.658505"
"K1014","ElIbiary",NULL,NULL,NULL,"unklar","unklar",NULL,"2026-04-12 16:34:48.658505"
"K1024","Ellie Harding c/o Steffen TextArt",NULL,NULL,NULL,"unklar","unklar",NULL,"2026-04-12 16:34:48.658505"
"K1031","Em Huisken Musik und Wort",NULL,NULL,NULL,"false","Firma Em Huisken Musik und Wort","https://emhuisken.de/wordpress/agb/","2026-04-12 16:34:48.658505"
"K1032","Emmerich Books & Media",NULL,NULL,NULL,"false","Kleinverlag","https://www.emmerich-books-media.de/","2026-04-12 19:24:36.816104"
"K1040","Entenpress",NULL,NULL,NULL,"unklar","unklar",NULL,"2026-04-12 16:34:48.658505"
"K105","Amicus","Amicus",NULL,NULL,"unklar","unklar",NULL,"2026-04-12 16:34:48.658505"
"K1050","Erika Hörzer",NULL,NULL,NULL,"unklar","Person",NULL,"2026-04-12 16:34:48.658505"
"K1052","Ernst-Moritz-Arndt-Gymnasium","Ernst-Moritz-Arndt-Gymnasium Bergen","Schule","Bildungseinrichtung","true","Schule",NULL,"2026-04-12 16:34:48.658505"
"K1058","Esslinger",NULL,NULL,NULL,"false","Verlag","https://www.thienemann.de/unsere-verlage/esslinger-verlag?srsltid=AfmBOoqvbJfMIPtvuDRuFHkVOqRQufcds62vO52PRVDLaH_zZdk_YqX4","2026-04-12 16:34:48.658505"
"K1063","Europa Buch",NULL,NULL,NULL,"false","Verlag","https://www.europabuchladen.com/","2026-04-12 19:24:36.816104"
"K1068","Evang. Ges.",NULL,NULL,NULL,"true","Kirche",NULL,"2026-04-12 16:34:48.658505"
"K1071","Even Terms Press",NULL,NULL,NULL,"false","Autorverlag","https://www.eventermspress.de/","2026-04-12 16:34:48.658505"
"K1072","Exchange and Dialogue",NULL,NULL,NULL,"unklar","unbekannt",NULL,"2026-04-12 16:34:48.658505"
"K1076","FELiCiTARiS","FELiCiTARiS",NULL,NULL,"unklar","Person",NULL,"2026-04-12 16:34:48.658505"
"K1077","FH Joanneum, Studiengang Informationsdesign","FH JOANNEUM Gesellschaft. Studiengang Informationsdesign",NULL,"Gemeinschaft","true","unklar","https://www.fh-joanneum.at/informationsdesign/bachelor/","2026-04-12 16:34:48.658505"
"K1084","Factum Coloniae",NULL,NULL,NULL,"unklar","unklar",NULL,"2026-04-12 16:34:48.658505"
"K1088","Fakriro GbR",NULL,NULL,"Unternehmen","false","Self-Publishing-Agentur","https://fakriro.de/","2026-04-12 16:34:48.658505"
"K109","Amonja Publishing",NULL,NULL,NULL,"false","unklar",NULL,"2026-04-12 19:24:36.816104"
"K1098","Feiyr",NULL,NULL,NULL,"false","internationaler Digitalvertrieb, der sich seit 2005 als einer der führenden Vertriebe für Musik, eBooks und Hörbücher weltweit etabliert hat. ","https://www.feiyr.com/de/ueber-uns/","2026-04-12 16:34:48.658505"
"K1099","Fel!x","FEL",NULL,NULL,"unklar","unklar",NULL,"2026-04-12 16:34:48.658505"
"K1101","Feldmann",NULL,NULL,NULL,"unklar","unklar",NULL,"2026-04-12 16:34:48.658505"
"K1106","Fireflies Press",NULL,NULL,NULL,"false","independent publisher of books on contemporary cinema.","https://firefliespress.com/About","2026-04-12 16:34:48.658505"
"K1108","Fischer Digital",NULL,NULL,NULL,"unklar","unklar",NULL,"2026-04-12 16:34:48.658505"
"K1114","Fischern",NULL,NULL,NULL,"unklar","unklar",NULL,"2026-04-12 16:34:48.658505"
"K1115","Flying Grandpa",NULL,NULL,NULL,"unklar","unklar",NULL,"2026-04-12 16:34:48.658505"
"K1118","Fondation Servais pour la littérature luxembourgeoise","Fondation Servais pour la Littérature Luxembourgeoise",NULL,NULL,"false","Stiftung für Literatur","https://fondationservais.lu/","2026-04-12 16:34:48.658505"
"K1120","Fontana Edizioni","Fontana edizioni",NULL,NULL,"false","Verlag","https://www.fontanaedizioni.ch/","2026-04-12 16:34:48.658505"
"K1121","Fontis","Fontis AG",NULL,NULL,"false","Verlag","https://www.fontis-shop.ch/","2026-04-12 16:34:48.658505"
"K1124","Forum Gundernhausen","Forum Gundernhausen",NULL,"Gemeinschaft","true","Kulturverein","https://www.nachhaltig-zusammen-leben.jetzt/gemeinsam-gestalten/kunst-und-kultur-leben/","2026-04-12 16:34:48.658505"
"K1125","Forum Stadtkirche Wunstorf","Forum Stadtkirche Wunstorf",NULL,"Gemeinschaft","false","Verein (Kirche) ","https://www.forum-stadtkirche.de/verein/","2026-04-12 16:34:48.658505"
"K1126","Forumhelden GmbH",NULL,NULL,"Gemeinschaft","true","Forennetzwerk","https://www.forumhelden.de/ueber-uns/","2026-04-12 16:34:48.658505"
"K1127","Fotolia","Fotolia Deutschland","Einzelne Branchen der Industrie und des Handwerks",NULL,"true","Bildagentur","https://stock.adobe.com/de/promo/firstmonthfree?ef_id=CjwKCAjwhe3OBhABEiwA6392zI1SIy8lbgQ5Vxdh3g3hwPYZj2BTo7ZwAJsKLZFCdKdob4fmXE9DKRoCbA8QAvD_BwE:G:s&s_kwcid=AL!3085!3!730295003225!e!!g!!fotolia!746492092!44660863892&as_channel=sem&as_campclass=nonbrand&as_campaign=DE_CPRO_STOCK_NONBRAND_ROI_CORE_Fotolia_STOCK_EXACT_CROSS_SEARCH_na_GG_DE&as_source=google&mv=search&mv2=paidsearch&as_camptype=acquisition&sdid=BRLW318L&as_audience=core&gad_source=1&gad_campaignid=746492092&gclid=CjwKCAjwhe3OBhABEiwA6392zI1SIy8lbgQ5Vxdh3g3hwPYZj2BTo7ZwAJsKLZFCdKdob4fmXE9DKRoCbA8QAvD_BwE","2026-04-12 16:34:48.658505"
"K1129","Francke",NULL,NULL,NULL,"unklar","unklar",NULL,"2026-04-12 16:34:48.658505"
"K1130","Frank",NULL,NULL,NULL,"unklar","unklar",NULL,"2026-04-12 16:34:48.658505"
"K1138","Frauenmuseum","Frauenmuseum Bonn","Gruppe, Organisationssoziologie, Interaktion; Kunstgeschichte; Archiv, Museum",NULL,"true","Museum","https://frauenmuseum.de/","2026-04-12 16:34:48.658505"
"K1142","Freiwillige Feuerwehr Haiterbach, Abt. Haiterbach","Freiwillige Feuerwehr Haiterbach. Abteilung Haiterbach","Öffentliche Verwaltung, Öffentlicher Dienst",NULL,"true","Feuerwehr","https://www.haiterbach.de/leben-wohnen/feuerwehr","2026-04-12 16:34:48.658505"
"K1144","Freunde der Literatur in Bayern e.V.","Verein der Freunde der Literatur in Bayern e.V.",NULL,"Verein","false","Verein","https://www.literaturinbayern.de/verein/","2026-04-12 19:24:36.816104"
"K1145","Freundeskreis des Literaturhauses Schleswig-Holstein",NULL,NULL,"Gemeinschaft","false","Literaturhaus",NULL,"2026-04-12 19:24:36.816104"
"K1146","Freundeskreis, Botanischer Garten",NULL,NULL,"Gemeinschaft","true","Verein",NULL,"2026-04-12 16:34:48.658505"
"K1148","Frick",NULL,NULL,NULL,"unklar","unklar","https://www.freunde-bot-garten-muenchen.de/","2026-04-12 16:34:48.658505"
"K1149","Friedenauer Presse","Friedenauer Presse","Presse",NULL,"false","Verlag","https://www.matthes-seitz-berlin.de/friedenauer-presse.html","2026-04-12 16:34:48.658505"
"K115","Anderland Books",NULL,NULL,NULL,"false","Mini-Verlag","https://anderlandbooks.com/home","2026-04-12 19:24:36.816104"
"K1150","Friedmann",NULL,NULL,NULL,"unklar","unklar",NULL,"2026-04-12 16:34:48.658505"
"K1151","Friedrich",NULL,NULL,NULL,"unklar","unklar",NULL,"2026-04-12 16:34:48.658505"
"K1153","Friedrich-Bödecker-Kreis in Sachsen-Anhalt","Friedrich-Bödecker-Kreis in Sachsen-Anhalt",NULL,"Gemeinschaft","false","Verein für Leseförderung und Literaturvermittlung","https://www.fbk-lsa.de/","2026-04-12 16:34:48.658505"
"K1155","Friesische Philologie/Nordfriesische Wörterbuchstelle, Christian-Albrechts-Universität zu Kiel",NULL,NULL,"Bildungseinrichtung","false","Universität",NULL,"2026-04-12 19:24:36.816104"
"K1156","Fritzsche",NULL,NULL,NULL,"unklar","unklar",NULL,"2026-04-12 16:34:48.658505"
"K1157","Fuchs",NULL,NULL,NULL,"unklar","unklar",NULL,"2026-04-12 16:34:48.658505"
"K1160","Förderverein Amtliche Vermessung im Kanton Bern","Förderverein 100 Jahre Amtliche Vermessung im Kanton Bern",NULL,"Verein","true","Verein Vermessung","https://www.gr.ch/DE/Medien/Mitteilungen/MMStaka/2012/Seiten/2012011902.aspx","2026-04-12 16:34:48.658505"
"K1161","Förderverein Stadtmuseum Hattingen",NULL,NULL,"Verein","true","Museum Förderverein","https://www.hattingen.de/stadt_hattingen/Bildung%20und%20Kultur/Stadtmuseum/F%C3%B6rderverein/","2026-04-12 16:34:48.658505"
"K1162","Förderverein für das Erich-Kästner-Museum","Förderverein für das Erich Kästner Museum",NULL,"Verein","false","Literaturmuseum Förderverein",NULL,"2026-04-12 16:34:48.658505"
"K1163","Förderwerk Elbinseln",NULL,NULL,NULL,"true","Verein für Stadtteilentwicklung, Integrations- und Bildungsförderung","https://www.foerderwerk-elbinseln.de/verein/","2026-04-12 16:34:48.658505"
"K1169","GEROJOKO",NULL,NULL,NULL,"unklar","unklar",NULL,"2026-04-12 16:34:48.658505"
"K1170","GEV",NULL,NULL,NULL,"unklar","unklar",NULL,"2026-04-12 16:34:48.658505"
"K1171","GGSV",NULL,NULL,NULL,"unklar","unklar",NULL,"2026-04-12 16:34:48.658505"
"K1173","GOYA",NULL,NULL,NULL,"unklar","unklar",NULL,"2026-04-12 16:34:48.658505"
"K1176","GUC",NULL,NULL,NULL,"unklar","unklar",NULL,"2026-04-12 16:34:48.658505"
"K1189","Garnies",NULL,NULL,NULL,"false","Verlag","https://www.vlg.de/","2026-04-12 16:34:48.658505"
"K1191","Gebr. Nadelmann",NULL,NULL,NULL,"false","Verlag","https://nadelmannverlag.de/","2026-04-12 16:34:48.658505"
"K1192","GedankenReich",NULL,NULL,NULL,"false","Verlag","https://www.gedankenreich-verlag.de/","2026-04-12 16:34:48.658505"
"K1198","Gemeinde Kemmern",NULL,NULL,NULL,"true","Gemeinde",NULL,"2026-04-13 09:31:54.785989"
"K12","A. Agic",NULL,NULL,NULL,"unklar","Person",NULL,"2026-04-12 16:34:48.658505"
"K1200","Gemeinnütziger Verein zur Förderung des Literaturschaffens und des kulturellen Austauschs zwischen Deutschen und Polen e.V.",NULL,NULL,"Verein","false","Verein",NULL,"2026-04-12 19:24:36.816104"
"K1202","Genniges",NULL,NULL,NULL,"unklar","Person",NULL,"2026-04-12 16:34:48.658505"
"K1207","Gerhard, Johanna",NULL,NULL,NULL,"unklar","Person",NULL,"2026-04-12 16:34:48.658505"
"K1209","Gerlinger, Stefan",NULL,NULL,NULL,"unklar","Person",NULL,"2026-04-12 16:34:48.658505"
"K121","Andres",NULL,NULL,NULL,"unklar","unklar",NULL,"2026-04-12 16:34:48.658505"
"K1210","Gernot Kröger",NULL,NULL,NULL,"unklar","Person",NULL,"2026-04-12 16:34:48.658505"
"K1213","Gietl","Geschwister Gietl","Musik (Allgemeines), Musikgeschichte",NULL,"unklar","unklar",NULL,"2026-04-12 16:34:48.658505"
"K1218","Gisler Medien, Gisler 1843 AG","Gisler 1843 AG",NULL,NULL,"false","Medienhaus für Drucksachen, Text, Gestaltung und Werbung","https://www.gisler1843.ch/","2026-04-12 16:34:48.658505"
"K122","Andresen",NULL,NULL,NULL,"unklar","unklar",NULL,"2026-04-12 16:34:48.658505"
"K1221","Glossabooks",NULL,NULL,NULL,"false","unklar",NULL,"2026-04-12 19:24:36.816104"
"K1225","Goa Kana & Waratfy Ztaia",NULL,NULL,NULL,"unklar","unklar",NULL,"2026-04-12 16:34:48.658505"
"K1226","Goedeke",NULL,NULL,NULL,"unklar","unklar",NULL,"2026-04-12 16:34:48.658505"
"K1227","Goethe Universität Frankfurt","Goethe-Universität Frankfurt am Main","Hochschule","Bildungseinrichtung","true","Universität",NULL,"2026-04-12 16:34:48.658505"
"K123","Angele","Angele-Sippe",NULL,NULL,"true","Genealogie","http://www.angele-sippe.org/","2026-04-12 16:34:48.658505"
"K1233","Goldmacher",NULL,NULL,NULL,"unklar","unklar",NULL,"2026-04-12 16:34:48.658505"
"K1234","Goldmann",NULL,NULL,NULL,"unklar","unklar",NULL,"2026-04-12 16:34:48.658505"
"K1235","Goldschmidt GmbH",NULL,NULL,"Unternehmen","false","Druck und Medien","https://goldschmidt-druck.de/","2026-04-12 16:34:48.658505"
"K1236","Goldstadt-Autoren e. V., Verein",NULL,NULL,"Verein","false",NULL,NULL,"2026-04-12 19:24:36.816104"
"K1242","Golos-Press",NULL,NULL,NULL,"unklar","unklar",NULL,"2026-04-12 16:34:48.658505"
"K1246","Grafische Anstalten Hassa & Karl GbR",NULL,NULL,"Unternehmen","true","Comic-Schilder","https://www.comic-schilder.de/i/ueber-uns","2026-04-12 16:34:48.658505"
"K1248","Grafotlac Soltys",NULL,NULL,NULL,"unklar","unklar",NULL,"2026-04-12 16:34:48.658505"
"K1249","Grafotlač Šoltys",NULL,NULL,NULL,"unklar","unklar",NULL,"2026-04-12 16:34:48.658505"
"K1252","Graphiti","GRAPHITI",NULL,NULL,"unklar","unklar",NULL,"2026-04-12 16:34:48.658505"
"K1253","Grass Publishers",NULL,NULL,NULL,"false",NULL,NULL,"2026-04-12 19:24:36.816104"
"K1256","Grenda",NULL,NULL,NULL,"unklar","unklar",NULL,"2026-04-12 16:34:48.658505"
"K1258","Greven",NULL,NULL,NULL,"unklar","unklar",NULL,"2026-04-12 16:34:48.658505"
"K1260","Grolitsch",NULL,NULL,NULL,"unklar","unklar",NULL,"2026-04-12 16:34:48.658505"
"K1261","Grote",NULL,NULL,NULL,"unklar","unklar",NULL,"2026-04-12 16:34:48.658505"
"K1264","Gruber",NULL,NULL,NULL,"unklar","unklar",NULL,"2026-04-12 16:34:48.658505"
"K1271","Grünberg",NULL,NULL,NULL,"unklar","unklar",NULL,"2026-04-12 16:34:48.658505"
"K1272","Grüne Aue","Kleingartenverein Grüne Aue (Leipzig)",NULL,"Verein","unklar","unklar",NULL,"2026-04-12 16:34:48.658505"
"K1274","Gudruns Töchter",NULL,NULL,NULL,"unklar","unklar",NULL,"2026-04-12 16:34:48.658505"
"K1277","Gunda-Werner-Institut","Gunda-Werner-Institut","Wissenschaft; Sozialpolitik, Entwicklungshilfe","Institut","true","Institut","https://www.gwi-boell.de/de","2026-04-12 16:34:48.658505"
"K1279","Górnośląskie Centrum Kultury i Spotkań im. Eichendorffa",NULL,NULL,NULL,"true","Kultur- und Begegnungszentrum","https://eichendorff.pl/","2026-04-12 16:34:48.658505"
"K1281","Günther Emigs Literatur-Betrieb",NULL,NULL,NULL,"false",NULL,NULL,"2026-04-12 19:24:36.816104"
"K1284","H. Weisenfeld",NULL,NULL,NULL,"unklar","unklar",NULL,"2026-04-12 16:34:48.658505"
"K129","Ansichtssache - Agentur für Gestaltung",NULL,NULL,NULL,"true","Kommunikationsdesign Agentur","https://www.ansichtssache.de/?srsltid=AfmBOor4x4zICWZoOQahBC5nbVAhISR7Z0sOyo5Q3hejTB7hFj8m_1KY","2026-04-12 16:34:48.658505"
"K1296","Hager",NULL,NULL,NULL,"unklar","unklar",NULL,"2026-04-12 16:34:48.658505"
"K13","A. Delon",NULL,NULL,NULL,"unklar","unklar",NULL,"2026-04-12 16:34:48.658505"
"K1304","Hammer",NULL,NULL,NULL,"unklar","unklar",NULL,"2026-04-12 16:34:48.658505"
"K1307","Hands Art, Four",NULL,NULL,NULL,"unklar","unklar",NULL,"2026-04-12 16:34:48.658505"
"K1308","Hanno Herbst Musik & Buch",NULL,NULL,NULL,"false",NULL,NULL,"2026-04-12 19:24:36.816104"
"K1309","Hans-Werner Kulinna c/o Autorenglück.de",NULL,NULL,NULL,"false",NULL,NULL,"2026-04-12 19:24:36.816104"
"K1314","Hardt & Wörner",NULL,NULL,NULL,"true","Unternehmensberatung",NULL,"2026-04-12 16:34:48.658505"
"K1318","Hartmann",NULL,NULL,NULL,"unklar","unklar",NULL,"2026-04-12 16:34:48.658505"
"K1319","Hartmut Krüpe-Silbersiepe",NULL,NULL,NULL,"unklar","Person",NULL,"2026-04-12 16:34:48.658505"
"K1322","Hassa & Karl Grafische Anstalten",NULL,NULL,NULL,"false","Literaturhaus","https://www.hausfuerpoesie.org/de","2026-04-12 16:34:48.658505"
"K1326","Haus für Poesie","Haus für Poesie",NULL,NULL,"false","Literaturhaus","https://www.hausfuerpoesie.org/de","2026-04-12 16:34:48.658505"
"K1327","Hawkify Books",NULL,NULL,NULL,"false","Verlag","https://www.talawah-verlag.de/","2026-04-12 19:24:36.816104"
"K1332","Heike Rosa Maria Gaudenti",NULL,NULL,NULL,"unklar","Person",NULL,"2026-04-12 16:34:48.658505"
"K1333","Heimann-Stiftung, für Völkerverständigung","Heimann Stiftung für Völkerverständigung",NULL,NULL,"true","Stiftung",NULL,"2026-04-12 16:34:48.658505"
"K1334","Heimat- u. Geschichtsverein",NULL,NULL,"Verein","true","Heimatverein",NULL,"2026-04-12 16:34:48.658505"
"K1335","Heimat- und Kulturverein Dahme","Heimat- und Kulturverein Dahme",NULL,"Verein","true","Heimatverein",NULL,"2026-04-12 16:34:48.658505"
"K1336","Heimat- und Museumsverein Thayaland","Heimat- und Museumsverein Thayaland",NULL,"Verein","true","Heimatverein",NULL,"2026-04-12 16:34:48.658505"
"K1337","Heimat- und Verschönerungsverein Bad Salzuflen e.V.","Heimat- und Verschönerungsverein Bad Salzuflen","Brauchtum, Volksglaube; Geografie, Heimat- und Länderkunde (Allgemeines); Raumordnung, Stadtplanung, Landschaftsgestaltung; Gruppe, Organisationssoziologie, Interaktion; Architektur","Verein","true","Heimatverein",NULL,"2026-04-12 16:34:48.658505"
"K1338","Heimatbote Schwalmtal",NULL,NULL,NULL,"true","Heimatverein",NULL,"2026-04-12 16:34:48.658505"
"K1339","Heimatfreunde Winterbach","Heimatfreunde Winterbach",NULL,NULL,"true","Heimatverein",NULL,"2026-04-12 16:34:48.658505"
"K1340","Heimatkundlicher Verein für Südböhmen e.V.",NULL,NULL,"Verein","true","Heimatverein",NULL,"2026-04-12 16:34:48.658505"
"K1348","Heinz-Willi Dammers",NULL,NULL,NULL,"true","Bumerang Entertainment","http://www.hwd-bumerang.de/de/04-kontakt-00.html","2026-04-12 16:34:48.658505"
"K1350","Hellinger Publ.",NULL,NULL,NULL,"false",NULL,NULL,"2026-04-12 19:24:36.816104"
"K1351","Hellinger Publications",NULL,NULL,NULL,"false",NULL,NULL,"2026-04-12 19:24:36.816104"
"K1363","HerausgeberInnengemeinschaft Irrliche",NULL,NULL,"Gemeinschaft","false","HerausgeberInnengemeinschaft ","http://irrliche.org/linkirrliche.htm","2026-04-12 16:34:48.658505"
"K1364","Herbst Medien",NULL,NULL,NULL,"unklar","unklar",NULL,"2026-04-12 16:34:48.658505"
"K1365","Herder",NULL,NULL,NULL,"false","Verlag","https://www.herder.de/","2026-04-12 16:34:48.658505"
"K1369","Herta Ahrenzmann c/o AutorenServices.de",NULL,NULL,NULL,"false",NULL,NULL,"2026-04-12 19:24:36.816104"
"K1370","Herzensmenschen",NULL,NULL,NULL,"unklar","unklar",NULL,"2026-04-12 16:34:48.658505"
"K1375","Hessel",NULL,NULL,NULL,"unklar","unklar",NULL,"2026-04-12 16:34:48.658505"
"K1377","HeuwägelchenBücher",NULL,NULL,NULL,"false",NULL,NULL,"2026-04-12 19:24:36.816104"
"K1378","Heydär Äliyev Stiftung","Heydär Äliyev Fondu",NULL,NULL,"true","soziale, wirtschaftliche sowie kulturelle Entwicklung des Staates","https://www.azerbaijans.com/content_1451_de.html","2026-04-12 16:34:48.658505"
"K1381","Heyne, W",NULL,NULL,NULL,"unklar","unklar",NULL,"2026-04-12 16:34:48.658505"
"K1386","Hildegard Tölke","Tölke, Hildegard","Personen zu Malerei, Zeichnung, Grafik; Personen zu Bildungswesen",NULL,"unklar","Person",NULL,"2026-04-12 16:34:48.658505"
"K139","April G. Dark c/o Gabriela Schmid",NULL,NULL,NULL,"unklar","Person",NULL,"2026-04-12 16:34:48.658505"
"K1392","Hinterländer Geschichtsverein","Hinterländer Geschichtsverein","Gruppe, Organisationssoziologie, Interaktion; Geografie, Heimat- und Länderkunde (Allgemeines); Geschichte (Allgemeines)","Verein","true","Geschichtsverein",NULL,"2026-04-12 16:34:48.658505"
"K1393","Hippomonte Publishing e.K.",NULL,NULL,"Unternehmen","false",NULL,NULL,"2026-04-12 19:24:36.816104"
"K1395","Hirn Kastl & Herz",NULL,NULL,NULL,"false","Verlag",NULL,"2026-04-12 16:34:48.658505"
"K1396","Hirnkost KG","Hirnkost KG",NULL,NULL,"false","Verlag","https://www.shop-hirnkost.de/","2026-04-12 16:34:48.658505"
"K1397","Hirschberger","Hirschberger Musikanten","Musik (Allgemeines), Musikgeschichte",NULL,"unklar","unklar",NULL,"2026-04-12 16:34:48.658505"
"K1398","Hirt",NULL,NULL,NULL,"unklar","unklar",NULL,"2026-04-12 16:34:48.658505"
"K140","Aquensis","Cappella Aquensis","Musik (Allgemeines), Musikgeschichte",NULL,"false","Verlag","https://www.aquensis-verlag.de/","2026-04-12 16:34:48.658505"
"K1401","Hoermann",NULL,NULL,NULL,"unklar","unklar",NULL,"2026-04-12 16:34:48.658505"
"K1404","Hofmann-Buch",NULL,NULL,NULL,"false",NULL,NULL,"2026-04-12 19:24:36.816104"
"K1405","Hohe-Dorst, Inka Maria",NULL,NULL,NULL,"unklar","Person",NULL,"2026-04-12 16:34:48.658505"
"K1407","Holder","Hoelder!",NULL,NULL,"unklar","unklar",NULL,"2026-04-12 16:34:48.658505"
"K1417","Huber",NULL,NULL,NULL,"unklar","unklar",NULL,"2026-04-12 16:34:48.658505"
"K1419","Hunold, Konstanze",NULL,NULL,NULL,"unklar","Person",NULL,"2026-04-12 16:34:48.658505"
"K142","Arbeitsgemeinschaft Selbstständiger Migranten e.V.","Arbeitsgemeinschaft Selbstständiger Migranten e.V.","Bevölkerung, Sozialstruktur, Soziale Situation, Soziale Bewegungen; Arbeit","Verein","true","Verein","https://www.asm-hh.de/","2026-04-12 16:34:48.658505"
"K1423","Hydre Éditions",NULL,NULL,NULL,"false","Verlag","https://hydreditions.eu/","2026-04-12 16:34:48.658505"
"K1424","Hydre éditions",NULL,NULL,NULL,"false","Verlag","https://hydreditions.eu/","2026-04-12 16:34:48.658505"
"K1426","Höchlerbach",NULL,NULL,NULL,"unklar","unklar",NULL,"2026-04-12 16:34:48.658505"
"K1429","I. Reen Bow",NULL,NULL,NULL,"unklar","unklar",NULL,"2026-04-12 16:34:48.658505"
"K143","Arbeitskreis der Gleichstellungsbeauftragten des Märkischen Kreises, Arbeitskreis der Gleichstellungsbeauftragten des Märkischen",NULL,NULL,"Gemeinschaft","true","Arbeitskreis",NULL,"2026-04-12 16:34:48.658505"
"K1431","IDEA","IDEA","Militär",NULL,"true","Evangelische Nachrichtenagentur IDEA","https://www.idea.de/","2026-04-12 16:34:48.658505"
"K1432","IDV AG",NULL,NULL,NULL,"true","Software­entwicklung","https://www.idv-ag.de/","2026-04-12 16:34:48.658505"
"K1439","INKAS","Ecuador Inkas","Musik (Allgemeines), Musikgeschichte",NULL,"unklar","unklar",NULL,"2026-04-12 16:34:48.658505"
"K144","Arbeitskreis für Dorfentwicklung und Heimatpflege","Arbeitskreis für Dorfentwicklung und Heimatpflege",NULL,"Gemeinschaft","true","Arbeitskreis",NULL,"2026-04-12 16:34:48.658505"
"K1445","Ida Universum",NULL,NULL,NULL,"unklar","Person",NULL,"2026-04-12 16:34:48.658505"
"K1453","Ilona Bürgel","Bürgel, Ilona",NULL,NULL,"unklar","Person",NULL,"2026-04-12 16:34:48.658505"
"K1464","Initiative DarkSky Nord",NULL,NULL,NULL,"true","Initiative für nachhaltige Außenbeleuchtung","https://www.darksky-nord.de/","2026-04-12 16:34:48.658505"
"K1465","Inkitt Inc.",NULL,NULL,NULL,"false","reader-powered publisher","https://www.inkitt.com/","2026-04-12 16:34:48.658505"
"K1466","Innerhofer, Agnes","Innerhofer, Agnes",NULL,NULL,"unklar","Person",NULL,"2026-04-12 16:34:48.658505"
"K1467","Innings, Ava","Innings, Ava",NULL,NULL,"unklar","Person",NULL,"2026-04-12 16:34:48.658505"
"K1473","Institut für Digitale Ethik","Institut für Digitale Ethik",NULL,"Institut","true",NULL,NULL,"2026-04-12 16:34:48.658505"
"K1474","Institut für deutsche Sprache und Literatur I, Universität zu Köln","Universität zu Köln. Institut für Deutsche Sprache und Literatur I",NULL,"Institut","false",NULL,NULL,"2026-04-12 19:24:36.816104"
"K1475","Interforum e.V.","Interforum e.V.",NULL,"Verein","true","Kunst- und Kulturverein",NULL,"2026-04-12 16:34:48.658505"
"K1484","Izdatelstvo Vesi",NULL,NULL,NULL,"unklar","unklar",NULL,"2026-04-12 16:34:48.658505"
"K1485","J. Flume",NULL,NULL,NULL,"unklar","Person",NULL,"2026-04-12 16:34:48.658505"
"K1486","J. Kissel",NULL,NULL,NULL,"unklar","Person",NULL,"2026-04-12 16:34:48.658505"
"K1487","J. Münch",NULL,NULL,NULL,"unklar","Person",NULL,"2026-04-12 16:34:48.658505"
"K1491","JFF",NULL,NULL,NULL,"unklar","unklar",NULL,"2026-04-12 16:34:48.658505"
"K1493","JOJO","Jojo","Musik (Allgemeines), Musikgeschichte",NULL,"unklar","unklar",NULL,"2026-04-12 16:34:48.658505"
"K1497","JVA Hannover","Justizvollzugsanstalt (Hannover)",NULL,NULL,"true","Justizvollzugsanstalt","https://www.justizvollzugsanstalt-hannover.niedersachsen.de/startseite/","2026-04-12 16:34:48.658505"
"K1498","JWV Wiemann",NULL,NULL,NULL,"false","Verlag","https://www.wiemannverlag.de/","2026-04-12 16:34:48.658505"
"K15","A. Hennig",NULL,NULL,NULL,"unklar","Person",NULL,"2026-04-12 16:34:48.658505"
"K1504","Jan Deichmohle c/o AutorenServices.de",NULL,NULL,NULL,"false",NULL,NULL,"2026-04-12 19:24:36.816104"
"K1505","Janson",NULL,NULL,NULL,"unklar","unklar",NULL,"2026-04-12 16:34:48.658505"
"K1508","Jeetzelbuch",NULL,NULL,NULL,"false",NULL,NULL,"2026-04-12 19:24:36.816104"
"K1512","Jes Schön  c/o WirFinden.Es Naß und Hellie GbR",NULL,NULL,"Unternehmen","unklar","Person",NULL,"2026-04-12 16:34:48.658505"
"K1513","Jes Schön c/o WirFinden.Es Naß und Hellie GbR",NULL,NULL,"Unternehmen","unklar","Person",NULL,"2026-04-12 16:34:48.658505"
"K1517","Jokers","Great Jokers","Musik (Allgemeines), Musikgeschichte",NULL,"false","Verlags-, Versand- und Buchhandelsunternehmen",NULL,"2026-04-12 16:34:48.658505"
"K1520","JuLl – Junges Literaturlabor","Junges Literaturlabor",NULL,NULL,"false",NULL,NULL,"2026-04-12 19:24:36.816104"
"K1521","Jud","JUD","Musik (Allgemeines), Musikgeschichte",NULL,"unklar","unklar",NULL,"2026-04-12 16:34:48.658505"
"K1522","Jumbo","Jumbo","Musik (Allgemeines), Musikgeschichte",NULL,"unklar","unklar",NULL,"2026-04-12 16:34:48.658505"
"K1527","Juppus Bücher",NULL,NULL,NULL,"false",NULL,NULL,"2026-04-12 19:24:36.816104"
"K153","Arkade",NULL,NULL,NULL,"unklar","unklar",NULL,"2026-04-12 16:34:48.658505"
"K1532","K & S",NULL,NULL,NULL,"unklar","unklar",NULL,"2026-04-12 16:34:48.658505"
"K1533","K & W",NULL,NULL,NULL,"unklar","unklar",NULL,"2026-04-12 16:34:48.658505"
"K1542","KUNTS e.V.","Kunts e.V.",NULL,"Verein","false","Literaturverein","https://kliteratur.de/ueber/","2026-04-12 16:34:48.658505"
"K1544","KVHS",NULL,NULL,NULL,"unklar","unklar",NULL,"2026-04-12 16:34:48.658505"
"K1545","KW Thörmer",NULL,NULL,NULL,"unklar","Person",NULL,"2026-04-12 16:34:48.658505"
"K1547","Kaden","Kaden + Kaden Holzgestaltung",NULL,NULL,"unklar","unklar",NULL,"2026-04-12 16:34:48.658505"
"K155","Armin-T-Wegner-Ges.","Armin-T.-Wegner-Gesellschaft",NULL,"Gemeinschaft","false","Autorengesellschaft","https://armin-t-wegner.de/die-gesellschaft/","2026-04-12 16:34:48.658505"
"K1552","Kaltenmeier","H. Kaltenmeier Söhne (Krefeld-Hüls)",NULL,NULL,"unklar","unklar",NULL,"2026-04-12 16:34:48.658505"
"K1555","Kannemann","Kannemann & Miko","Musik (Allgemeines), Musikgeschichte",NULL,"unklar","unklar",NULL,"2026-04-12 16:34:48.658505"
"K1560","Karl-May-Bücherei",NULL,NULL,NULL,"false",NULL,NULL,"2026-04-12 19:24:36.816104"
"K1565","Kastner","Kastner AG",NULL,NULL,"unklar","unklar",NULL,"2026-04-12 16:34:48.658505"
"K1567","Kath. Akad.",NULL,NULL,NULL,"true","Kirche",NULL,"2026-04-12 16:34:48.658505"
"K1570","Kava-Pech",NULL,NULL,NULL,"false","Verlag (tschechisch)","https://www.kava-pech.cz/#/","2026-04-12 16:34:48.658505"
"K1580","Kempen, Sarah M.",NULL,NULL,NULL,"unklar","Person",NULL,"2026-04-12 16:34:48.658505"
"K1581","Kern",NULL,NULL,NULL,"unklar","unklar",NULL,"2026-04-12 16:34:48.658505"
"K1582","Ketteler",NULL,NULL,NULL,"unklar","unklar",NULL,"2026-04-12 16:34:48.658505"
"K1586","Kidnap Music",NULL,NULL,NULL,"true","Musiklabel","https://kidnapmusic.wordpress.com/","2026-04-12 16:34:48.658505"
"K1597","Klaudia Zotzmann-Koch c/o Bianca Kronsteine, impressumservice.net",NULL,NULL,NULL,"unklar","Person",NULL,"2026-04-12 16:34:48.658505"
"K1600","Klemm + Oelschläger","Klemm+Oelschläger",NULL,NULL,"false","Verlag","https://www.klemm-oelschlaeger.de/","2026-04-12 16:34:48.658505"
"K1606","Klub Ljubitelja Knjiga Majdan",NULL,NULL,NULL,"unklar","unklar",NULL,"2026-04-12 16:34:48.658505"
"K1607","Klub Ljubitelja Knjige Majdan",NULL,NULL,NULL,"unklar","unklar",NULL,"2026-04-12 16:34:48.658505"
"K1608","Klöpfer","Roland Klöpfer GmbH (Ottersweier)","Einzelne Branchen der Industrie und des Handwerks","Unternehmen","unklar","unklar",NULL,"2026-04-12 16:34:48.658505"
"K1614","Knürr",NULL,NULL,NULL,"unklar","unklar",NULL,"2026-04-12 16:34:48.658505"
"K1615","Kobold Books",NULL,NULL,NULL,"false",NULL,NULL,"2026-04-12 19:24:36.816104"
"K1616","Koehler",NULL,NULL,NULL,"unklar","unklar",NULL,"2026-04-12 16:34:48.658505"
"K1619","Kolchis Belletristik",NULL,NULL,NULL,"false","verlag",NULL,"2026-04-12 16:34:48.658505"
"K1621","KommPlot, Autorinnengruppe","KommPlot",NULL,NULL,"false",NULL,NULL,"2026-04-12 19:24:36.816104"
"K1624","Komplett-Media","Komplett-Media GmbH",NULL,"Unternehmen","false","verlag",NULL,"2026-04-12 16:34:48.658505"
"K1626","Kontrasp",NULL,NULL,NULL,"unklar","unklar",NULL,"2026-04-12 16:34:48.658505"
"K1631","Kopf & Kragen",NULL,NULL,NULL,"false","verlag",NULL,"2026-04-12 16:34:48.658505"
"K1636","Kovar, R",NULL,NULL,NULL,"unklar","unklar",NULL,"2026-04-12 16:34:48.658505"
"K1643","Kreativrat der Schreibwerkstatt Feldkirch",NULL,NULL,NULL,"false","schreibwerkstatt",NULL,"2026-04-12 16:34:48.658505"
"K1644","Krebs",NULL,NULL,NULL,"unklar","unklar",NULL,"2026-04-12 16:34:48.658505"
"K1647","Kremser Literaturforum",NULL,NULL,"Gemeinschaft","false",NULL,NULL,"2026-04-12 19:24:36.816104"
"K1648","Kreuz",NULL,NULL,NULL,"unklar","unklar",NULL,"2026-04-12 16:34:48.658505"
"K1649","Kruse",NULL,NULL,NULL,"unklar","unklar",NULL,"2026-04-12 16:34:48.658505"
"K165","Artemis & Winkler","Artemis & Winkler",NULL,NULL,"false","verlag",NULL,"2026-04-12 16:34:48.658505"
"K1655","Kulturland Niederösterreich",NULL,NULL,NULL,"true","Kulturverein",NULL,"2026-04-12 16:34:48.658505"
"K1656","Kulturleben Marktgemeinde Grassau",NULL,NULL,NULL,"true","Kulturverein",NULL,"2026-04-13 09:31:54.785989"
"K1658","Kulturstammtisch","Kulturstammtisch Kirchstetten","Kultur, Künste allgemein",NULL,"true","Kulturverein",NULL,"2026-04-12 16:34:48.658505"
"K1659","Kulturverein Möhnsee e.V.",NULL,NULL,"Verein","true","Kulturverein",NULL,"2026-04-12 16:34:48.658505"
"K166","Artemis und Winkler","Artemis & Winkler",NULL,NULL,"false","verlag",NULL,"2026-04-12 16:34:48.658505"
"K1660","Kulturverein Schloss Homburg am Main e.V.","Kulturverein Schloss Homburg am Main","Kultur, Künste allgemein","Verein","true","Kulturverein",NULL,"2026-04-12 16:34:48.658505"
"K1663","Kulturzone e.V.",NULL,NULL,"Verein","false","Kulturverein",NULL,"2026-04-12 16:34:48.658505"
"K1668","Kunstforum Salzkammergut",NULL,NULL,"Gemeinschaft","true","kunstforum","https://www.kunstforumsalzkammergut.com/","2026-04-12 16:34:48.658505"
"K1670","Kunsthochschule für Medien Köln","Kunsthochschule für Medien Köln","Neue Formen der Kunst; Hochschule","Bildungseinrichtung","true",NULL,NULL,"2026-04-13 09:31:54.785989"
"K1673","Kunze",NULL,NULL,NULL,"unklar","unklar",NULL,"2026-04-12 16:34:48.658505"
"K1674","Kuqi-Institut für Sprachwissenschaft, Adrian Kuqi",NULL,NULL,"Institut","true","Sprachinstitut","https://albanisch-lernen.com/","2026-04-12 16:34:48.658505"
"K1677","Kuschelgang","Kuschelgang (Körperschaft)",NULL,NULL,"false","Gemeinschaftsprojekt verschiedener Autoren",NULL,"2026-04-12 16:34:48.658505"
"K168","Artpress",NULL,NULL,NULL,"true","kommunikationsberatung","https://www.artpress-uteweingarten.de/","2026-04-12 16:34:48.658505"
"K1685","Künstler-Gilde e.V.","Are-Künstler-Gilde","Bildende Kunst",NULL,"false","Verband der Heimatvertriebenen Kulturschaffenden für Bildende Kunst, Literatur & Musik","https://www.kuenstlergilde.eu/","2026-04-12 16:34:48.658505"
"K1689","L.S.D.",NULL,NULL,NULL,"unklar","unklar",NULL,"2026-04-12 16:34:48.658505"
"K1691","LAHA-Dr.",NULL,NULL,NULL,"unklar","unklar",NULL,"2026-04-12 16:34:48.658505"
"K1692","LAUNENWEBER",NULL,NULL,NULL,"unklar","unklar",NULL,"2026-04-12 16:34:48.658505"
"K1693","LCERC",NULL,NULL,NULL,"unklar","unklar",NULL,"2026-04-12 16:34:48.658505"
"K1694","LEU",NULL,NULL,NULL,"unklar","unklar",NULL,"2026-04-12 16:34:48.658505"
"K1695","LHDL Self Publ.",NULL,NULL,NULL,"false",NULL,NULL,"2026-04-12 19:24:36.816104"
"K1696","LIBRAS Shqipe Sylejmani",NULL,NULL,NULL,"unklar","unklar",NULL,"2026-04-12 16:34:48.658505"
"K1697","LIJEPA RIJEČ",NULL,NULL,NULL,"unklar","unklar",NULL,"2026-04-12 16:34:48.658505"
"K1701","LV-Buch",NULL,NULL,NULL,"false",NULL,NULL,"2026-04-12 19:24:36.816104"
"K1702","LVZ","LVZ-Bäckerei",NULL,NULL,"unklar","unklar",NULL,"2026-04-12 16:34:48.658505"
"K1705","Lago Imago",NULL,NULL,NULL,"unklar","unklar",NULL,"2026-04-12 16:34:48.658505"
"K1712","Landeshauptstadt Klagenfurt","Handelsgenossenschaft der Landeshauptstadt Klagenfurt",NULL,NULL,"true",NULL,NULL,"2026-04-13 09:31:54.785989"
"K1715","Landkreis Barnim","Landkreis Barnim. Kreistag",NULL,"Gemeinschaft","true",NULL,NULL,"2026-04-13 09:31:54.785989"
"K1721","Language Practice Publishing",NULL,NULL,NULL,"false",NULL,NULL,"2026-04-12 19:24:36.816104"
"K1723","Lardon Media",NULL,NULL,NULL,"unklar","unklar",NULL,"2026-04-12 16:34:48.658505"
"K1728","Laufen","Papiermühle Laufen (Laufen, Eyach)","Einzelne Branchen der Industrie und des Handwerks; Papierherstellung, Grafische Technik",NULL,"unklar","unklar",NULL,"2026-04-12 16:34:48.658505"
"K1734","Lava","Lava","Musik (Allgemeines), Musikgeschichte",NULL,"unklar","unklar",NULL,"2026-04-12 16:34:48.658505"
"K1736","Laßleben","Laßleben",NULL,NULL,"unklar","unklar",NULL,"2026-04-12 16:34:48.658505"
"K1738","Lebenshilfe Bremen e.V.","Lebenshilfe Bremen","Sozialarbeit, Sozialhilfe",NULL,"true","Verein Lebenshilfe",NULL,"2026-04-12 16:34:48.658505"
"K1739","Lebenskind Publishing",NULL,NULL,NULL,"false",NULL,NULL,"2026-04-12 19:24:36.816104"
"K174","Askan - Familienforschung & Heimatkunde, Bärbel und Beatrice Barnehl GbR",NULL,NULL,"Unternehmen","unklar","unklar",NULL,"2026-04-12 16:34:48.658505"
"K1741","Leffotraks Labyrinthe",NULL,NULL,NULL,"unklar","unklar",NULL,"2026-04-12 16:34:48.658505"
"K1742","Legionarion",NULL,NULL,NULL,"false","verlag",NULL,"2026-04-12 16:34:48.658505"
"K1746","Lehr, Jennifer",NULL,NULL,NULL,"unklar","Person",NULL,"2026-04-12 16:34:48.658505"
"K1747","Leim",NULL,NULL,NULL,"unklar","unklar",NULL,"2026-04-12 16:34:48.658505"
"K175","Asmussen",NULL,NULL,NULL,"unklar","unklar",NULL,"2026-04-12 16:34:48.658505"
"K1757","Lentner",NULL,NULL,NULL,"unklar","unklar",NULL,"2026-04-12 16:34:48.658505"
"K176","Asoka",NULL,NULL,NULL,"unklar","unklar",NULL,"2026-04-12 16:34:48.658505"
"K1762","Lese-Zeichen e.V.","Lese-Zeichen e.V.",NULL,"Verein","false","literaturverein",NULL,"2026-04-12 16:34:48.658505"
"K1766","Lesewuth",NULL,NULL,NULL,"false","verlag",NULL,"2026-04-12 16:34:48.658505"
"K1767","Lesezeichen, Schreibzirkel",NULL,NULL,NULL,"unklar","unklar",NULL,"2026-04-12 16:34:48.658505"
"K1768","Letterotik",NULL,NULL,NULL,"false","erotikbuchverlag",NULL,"2026-04-12 16:34:48.658505"
"K1771","Levia Ortega c/o Papyrus Autoren-Club",NULL,NULL,"Gemeinschaft","false",NULL,NULL,"2026-04-12 19:24:36.816104"
"K1776","Libretto","Libretto Antiquariat",NULL,NULL,"unklar","unklar",NULL,"2026-04-12 16:34:48.658505"
"K1782","Lichtungen – Verein für Literatur & Kunst",NULL,NULL,"Verein","false",NULL,NULL,"2026-04-12 19:24:36.816104"
"K1784","Liebe",NULL,NULL,NULL,"unklar","unklar",NULL,"2026-04-12 16:34:48.658505"
"K1789","Lilly M. Beck c/o Autorenglück.de",NULL,NULL,NULL,"false",NULL,NULL,"2026-04-12 19:24:36.816104"
"K1792","Lindemanns",NULL,NULL,NULL,"false","Verlag",NULL,"2026-04-12 16:34:48.658505"
"K1797","Lit","Lit","Musik (Allgemeines), Musikgeschichte",NULL,"unklar","unklar",NULL,"2026-04-12 16:34:48.658505"
"K1798","LitArt-World",NULL,NULL,NULL,"false","Agentur, Autorenberatung, Literaturagentur",NULL,"2026-04-12 16:34:48.658505"
"K18","A.E. Johann-Gesellschaft e.V.",NULL,NULL,"Verein","false",NULL,NULL,"2026-04-12 16:34:48.658505"
"K1800","Litera Eurasia",NULL,NULL,NULL,"false",NULL,NULL,"2026-04-12 19:24:36.816104"
"K1801","LiteraFreakPress",NULL,NULL,NULL,"false",NULL,NULL,"2026-04-12 19:24:36.816104"
"K1802","Literareon",NULL,NULL,NULL,"false",NULL,NULL,"2026-04-12 19:24:36.816104"
"K1803","Literaricum GmbH",NULL,NULL,"Unternehmen","false",NULL,NULL,"2026-04-12 19:24:36.816104"
"K181","Atelier Coaching & Training",NULL,NULL,NULL,"true","coaching",NULL,"2026-04-12 16:34:48.658505"
"K1810","Literatur Verein e.V., Linzgau","Linzgau Literatur Verein",NULL,"Verein","false",NULL,NULL,"2026-04-12 19:24:36.816104"
"K1812","Literatur und Bildende Kunst Bad Salzdetfurth und Umgebung e.V.","Literatur und Bildende Kunst Bad Salzdetfurth und Umgebung e.V.",NULL,"Verein","false",NULL,NULL,"2026-04-12 19:24:36.816104"
"K1814","LiteraturWissenschaft.de",NULL,NULL,NULL,"false",NULL,NULL,"2026-04-12 19:24:36.816104"
"K1817","Literaturhaus  und  Museumsges.",NULL,NULL,NULL,"false",NULL,NULL,"2026-04-12 19:24:36.816104"
"K182","Atelier Colorwaves",NULL,NULL,NULL,"unklar","unklar",NULL,"2026-04-12 16:34:48.658505"
"K1820","Literaturhaus Salzburg","Literaturhaus (Salzburg)",NULL,NULL,"false",NULL,NULL,"2026-04-12 19:24:36.816104"
"K1822","Literaturhaus e.V",NULL,NULL,NULL,"false",NULL,NULL,"2026-04-12 19:24:36.816104"
"K1824","Literaturkreis PromOtheus","Literaturkreis PromOtheus",NULL,"Gemeinschaft","false",NULL,NULL,"2026-04-12 19:24:36.816104"
"K1825","Literaturpodium","Literaturpodium","Einzelne Branchen der Industrie und des Handwerks",NULL,"false",NULL,NULL,"2026-04-12 19:24:36.816104"
"K1826","Literaturverein EDIT e. V.","Literaturverein Edit",NULL,"Verein","false",NULL,NULL,"2026-04-12 19:24:36.816104"
"K1828","Literaturwerkstatt Berlin","Literaturwerkstatt Berlin",NULL,NULL,"false",NULL,NULL,"2026-04-12 19:24:36.816104"
"K1829","Litopian e.V., Literarischer Förderverein",NULL,NULL,"Verein","false",NULL,NULL,"2026-04-12 19:24:36.816104"
"K183","Atelier Margits Art",NULL,NULL,NULL,"true","atelier",NULL,"2026-04-12 16:34:48.658505"
"K1831","LizzyNet gGmbH","LizzyNet GmbH (Köln)","Einzelne Branchen der Industrie und des Handwerks","Unternehmen","unklar","Onlinemagazin für Jugendliche mit Community für Mädchen und junge Frauen",NULL,"2026-04-12 16:34:48.658505"
"K1833","Loeven",NULL,NULL,NULL,"unklar","unklar",NULL,"2026-04-12 16:34:48.658505"
"K1839","Lontar","Lontar Foundation",NULL,NULL,"unklar","unklar",NULL,"2026-04-12 16:34:48.658505"
"K184","Atelier Monika Stocker",NULL,NULL,NULL,"unklar","person",NULL,"2026-04-12 16:34:48.658505"
"K1843","Low",NULL,NULL,NULL,"unklar","unklar",NULL,"2026-04-12 16:34:48.658505"
"K1853","Lux, Christian",NULL,NULL,NULL,"unklar","Person",NULL,"2026-04-12 16:34:48.658505"
"K1858","Lysandra Books",NULL,NULL,NULL,"false",NULL,NULL,"2026-04-12 19:24:36.816104"
"K1863","Lößnitz : GUC",NULL,NULL,NULL,"unklar","unklar",NULL,"2026-04-12 16:34:48.658505"
"K1867","M. K. E. Brandl",NULL,NULL,NULL,"unklar","Person",NULL,"2026-04-12 16:34:48.658505"
"K1868","M. Porta",NULL,NULL,NULL,"unklar","Person",NULL,"2026-04-12 16:34:48.658505"
"K1869","M. Schreckenberg, K. @Völlmicke und M. @Lamprecht",NULL,NULL,NULL,"unklar","Person",NULL,"2026-04-12 16:34:48.658505"
"K1870","M. Zaffarana",NULL,NULL,NULL,"unklar","Person",NULL,"2026-04-12 16:34:48.658505"
"K1872","M.A.C Medien Agentur Czellnik",NULL,NULL,NULL,"unklar","MEDIEN AGENTUR",NULL,"2026-04-12 16:34:48.658505"
"K1877","MAM","Mam","Musik (Allgemeines), Musikgeschichte",NULL,"unklar","unklar",NULL,"2026-04-12 16:34:48.658505"
"K1878","MBS (Mijnbestseller Nederland B.V.)",NULL,NULL,NULL,"false","verlag",NULL,"2026-04-12 16:34:48.658505"
"K1881","MONS","Mons",NULL,NULL,"unklar","unklar",NULL,"2026-04-12 16:34:48.658505"
"K1884","MSC",NULL,NULL,NULL,"unklar","unklar",NULL,"2026-04-12 16:34:48.658505"
"K1885","MTA",NULL,NULL,NULL,"unklar","unklar",NULL,"2026-04-12 16:34:48.658505"
"K1892","Magazin SchreibRÄUME",NULL,NULL,NULL,"false","Magazin im deutschsprachigen Raum zum Thema Journal Writing, Tagebuch & Memoir",NULL,"2026-04-12 16:34:48.658505"
"K1896","Mainz",NULL,NULL,NULL,"true","stadt",NULL,"2026-04-12 16:34:48.658505"
"K1898","Maiwald",NULL,NULL,NULL,"unklar","unklar",NULL,"2026-04-12 16:34:48.658505"
"K190","Aton","Aton-Saxophonquartett","Musik (Allgemeines), Musikgeschichte",NULL,"unklar","unklar",NULL,"2026-04-12 16:34:48.658505"
"K1917","Marsam",NULL,NULL,NULL,"unklar","unklar",NULL,"2026-04-12 16:34:48.658505"
"K1918","Marsilius","Marsilius-Kolleg","Wissenschaft",NULL,"true","interdisziplinärer Forschung an der Universität Heidelberg",NULL,"2026-04-12 16:34:48.658505"
"K193","Attenkofer","Cl. Attenkofer (Straubing)",NULL,NULL,"false","verlag",NULL,"2026-04-12 16:34:48.658505"
"K1934","Mayer",NULL,NULL,NULL,"unklar","unklar",NULL,"2026-04-12 16:34:48.658505"
"K1949","Mercator","Mercator-Gesellschaft","Geografie, Heimat- und Länderkunde (Allgemeines); Brauchtum, Volksglaube; Gruppe, Organisationssoziologie, Interaktion; Geschichte (Allgemeines)","Gemeinschaft","unklar","unklar",NULL,"2026-04-12 16:34:48.658505"
"K195","Audio-To-Go Publishing Ltd.",NULL,NULL,NULL,"false",NULL,NULL,"2026-04-12 19:24:36.816104"
"K1955","Merziger-Pleban",NULL,NULL,NULL,"unklar","unklar",NULL,"2026-04-12 16:34:48.658505"
"K1958","Methusalem","Methusalem","Musik (Allgemeines), Musikgeschichte",NULL,"unklar","unklar",NULL,"2026-04-12 16:34:48.658505"
"K1960","Meyer & Meyer","Meyer & Meyer",NULL,NULL,"unklar","unklar",NULL,"2026-04-12 16:34:48.658505"
"K1961","Meyer & Meyer Verlag","Meyer & Meyer",NULL,NULL,"false","Verlag",NULL,"2026-04-12 19:24:36.816104"
"K1962","Michael Düthorn",NULL,NULL,NULL,"unklar","Person",NULL,"2026-04-12 16:34:48.658505"
"K1963","Michael, Schneider",NULL,NULL,NULL,"unklar","Person",NULL,"2026-04-12 16:34:48.658505"
"K1973","Milke, Natalie",NULL,NULL,NULL,"unklar","Person",NULL,"2026-04-12 16:34:48.658505"
"K1977","Ministère de l'education nationale et de la formation professionnelle","Ministère de l'Education Nationale et de la Formation Professionnelle",NULL,NULL,"true","Bildungsministerium Frankreich",NULL,"2026-04-12 16:34:48.658505"
"K1981","Mission Ost-West","Mission Ost-West e.V.",NULL,"Verein","true","missionsgemeinschaft (kirche)",NULL,"2026-04-12 16:34:48.658505"
"K1984","Mitten im Dorf",NULL,NULL,NULL,"unklar","unklar",NULL,"2026-04-12 16:34:48.658505"
"K1987","MobB e.V. c/o Jenaer Sprachverwender",NULL,NULL,"Verein","false","autorengruppe",NULL,"2026-04-12 16:34:48.658505"
"K1990","Moerser Gesellschaft zur Förderung des literarischen Lebens e.V.",NULL,NULL,"Verein","false",NULL,NULL,"2026-04-12 19:24:36.816104"
"K1995","Mohorjeva Hermagoras","Private Volksschule Hermagoras-Mohorjeva","Schule","Bildungseinrichtung","true",NULL,NULL,"2026-04-13 09:31:54.785989"
"K2","#BerlinAuthors",NULL,NULL,NULL,"false","Autor*innen-Netzwerk","https://berlinauthors.de/","2026-04-12 16:34:48.658505"
"K2013","Mosers Büro GmbH",NULL,NULL,"Unternehmen","true","Mediencoachings, Wirkungstrainings, Personal Branding","https://www.mosers.cc/","2026-04-12 16:34:48.658505"
"K2015","MuSingal",NULL,NULL,NULL,"false","verlag",NULL,"2026-04-12 16:34:48.658505"
"K2018","Muravidék Baráti Kör Kulturális Egyesület","Muravidék Baráti Kör Kulturális Egyesület",NULL,NULL,"unklar","unklar",NULL,"2026-04-12 16:34:48.658505"
"K2020","Museum.BL","Museum.BL","Archiv, Museum",NULL,"true","museum",NULL,"2026-04-12 16:34:48.658505"
"K2023","Mymorawa von Morawa Lesezirkel GmbH","myMorawa",NULL,NULL,"unklar","Selfpublishing-Partner","https://www.buchschmiede.at/","2026-04-12 16:34:48.658505"
"K2025","Möcker","Voigt & Mocker",NULL,NULL,"unklar","unklar",NULL,"2026-04-12 16:34:48.658505"
"K2028","Mösche","Kölsche Mösche","Musik (Allgemeines), Musikgeschichte",NULL,"unklar","unklar",NULL,"2026-04-12 16:34:48.658505"
"K2030","Müller",NULL,NULL,NULL,"unklar","unklar",NULL,"2026-04-12 16:34:48.658505"
"K2032","N. Mayr",NULL,NULL,NULL,"unklar","Person",NULL,"2026-04-12 16:34:48.658505"
"K2037","NWM",NULL,NULL,NULL,"unklar","unklar",NULL,"2026-04-12 16:34:48.658505"
"K2038","Nacke","Hof Nacke","Rechtsgeschichte, Verfassungsgeschichte: Mittelalter; Landwirtschaft allgemein",NULL,"unklar","unklar",NULL,"2026-04-12 16:34:48.658505"
"K2044","Natalie Rabengut, Black Umbrella Publishing",NULL,NULL,NULL,"false",NULL,NULL,"2026-04-12 19:24:36.816104"
"K2050","Neopubli",NULL,NULL,NULL,"false",NULL,NULL,"2026-04-12 19:24:36.816104"
"K206","Autoren Netzwerk",NULL,NULL,"Gemeinschaft","false",NULL,NULL,"2026-04-12 19:24:36.816104"
"K2060","Neumann-Neudamm","Neumann - Neudamm gmbh (Melsungen)",NULL,"Unternehmen","unklar","unklar",NULL,"2026-04-12 16:34:48.658505"
"K2066","Niedersachsen-Dr.",NULL,NULL,NULL,"unklar","unklar",NULL,"2026-04-12 16:34:48.658505"
"K2068","Nikol","Arbeitsgruppe NIKOL",NULL,"Gemeinschaft","false","Verlag",NULL,"2026-04-12 16:34:48.658505"
"K2073","NordStern",NULL,NULL,NULL,"unklar","unklar",NULL,"2026-04-12 16:34:48.658505"
"K2076","Not Yet Media LTD",NULL,NULL,NULL,"unklar","NOT YET develops and publishes mobile applications and web services - Publisher of Royal Road",NULL,"2026-04-12 16:34:48.658505"
"K2078","Nova MD","Nova Pharmaceutical Corporation (Baltimore, Md.)",NULL,NULL,"false","Vertriebslösungen für Bücher, Hörbücher und Hörspiele",NULL,"2026-04-12 16:34:48.658505"
"K208","Autorenforum Köln e.V., Autorenforum Köln e.V.","AutorenForum Köln",NULL,"Gemeinschaft","false",NULL,NULL,"2026-04-12 19:24:36.816104"
"K2082","OCM GmbH",NULL,NULL,"Unternehmen","unklar","unklar",NULL,"2026-04-12 16:34:48.658505"
"K2087","OVIS Deutschland GmbH",NULL,NULL,"Unternehmen","unklar","verlag","https://ovis-verlag.de/","2026-04-12 16:34:48.658505"
"K209","Autorengruppe Märkischer Kreis",NULL,NULL,"Gemeinschaft","false",NULL,NULL,"2026-04-12 19:24:36.816104"
"K2092","Oberschlesisches Eichendorff-Kultur- und Begegnungszentrum","Górnośla̜skie Centrum Kultury i Spotkań Im. Eichendorffa w Łubowicach",NULL,NULL,"true","Kultur- und Begegnungszentrum",NULL,"2026-04-12 16:34:48.658505"
"K2093","Oculus Kreativ",NULL,NULL,NULL,"false","Galerie und Bucherstellung ",NULL,"2026-04-12 16:34:48.658505"
"K21","A7L Thrilling Books Limited",NULL,NULL,NULL,"false",NULL,NULL,"2026-04-12 19:24:36.816104"
"K210","Autorenkollektiv Nord c/o Sören Steding",NULL,NULL,"Gemeinschaft","false",NULL,NULL,"2026-04-12 19:24:36.816104"
"K2102","Oldenburg e.V., Leseforum","Leseforum Oldenburg",NULL,"Gemeinschaft","false","leseforum",NULL,"2026-04-12 16:34:48.658505"
"K2106","Olms-Weidmann",NULL,NULL,NULL,"unklar","PORTAL FÜR BIBLIOTHEKEN UND WISSENSCHAFTLICHE INSTITUTIONEN","https://www.olmsonline.de/","2026-04-12 16:34:48.658505"
"K2114","Ornament",NULL,NULL,NULL,"unklar","unklar",NULL,"2026-04-12 16:34:48.658505"
"K2115","Ortsmuseum Binningen","Ortsmuseum Binningen",NULL,NULL,"false","museum",NULL,"2026-04-12 16:34:48.658505"
"K2117","Oschinger, Wolfgang",NULL,NULL,NULL,"unklar","person",NULL,"2026-04-12 16:34:48.658505"
"K212","Autorenquelle Limburg",NULL,NULL,NULL,"false",NULL,NULL,"2026-04-12 19:24:36.816104"
"K2122","Osttiroler Bote Medienunternehmen Ges.m.b.H.","Osttiroler Bote","Presse",NULL,"true","regionalzeitung",NULL,"2026-04-12 16:34:48.658505"
"K2123","Otto",NULL,NULL,NULL,"unklar","unklar",NULL,"2026-04-12 16:34:48.658505"
"K2127","P & B",NULL,NULL,NULL,"false","Fachhändler für Zeitungen, Zeitschriften und Bücher","https://pressbooks.de/de/","2026-04-12 16:34:48.658505"
"K2130","PIDAX",NULL,NULL,NULL,"unklar","Pidax Film- und Hörspielverlag",NULL,"2026-04-12 16:34:48.658505"
"K2132","PODIUM – Literaturkreis Schloss Neulengbach",NULL,NULL,"Gemeinschaft","false",NULL,NULL,"2026-04-12 19:24:36.816104"
"K2134","PRO LYRICA","Stiftung Pro Lyrica",NULL,NULL,"false","Schweizerische Lyrische Gesellschaft","https://prolyrica.ch/","2026-04-12 16:34:48.658505"
"K2135","PRONG PRESS","Prong Press",NULL,NULL,"false","verlag","https://prong-press.ch/","2026-04-12 16:34:48.658505"
"K2139","Paarl Rock Publishers",NULL,NULL,NULL,"false",NULL,NULL,"2026-04-12 19:24:36.816104"
"K2142","Pallina, B.",NULL,NULL,NULL,"unklar","person",NULL,"2026-04-12 16:34:48.658505"
"K215","Ave",NULL,NULL,NULL,"unklar","unklar",NULL,"2026-04-12 16:34:48.658505"
"K2152","Papermoon","Papermoon","Musik (Allgemeines), Musikgeschichte",NULL,"unklar","unklar",NULL,"2026-04-12 16:34:48.658505"
"K2159","Parlez",NULL,NULL,NULL,"unklar","unklar",NULL,"2026-04-12 16:34:48.658505"
"K2175","Pectus",NULL,NULL,NULL,"unklar","unklar",NULL,"2026-04-12 16:34:48.658505"
"K2179","Pendragon","Pendragon","Musik (Allgemeines), Musikgeschichte",NULL,"false","verlag","https://www.pendragon.de/","2026-04-12 16:34:48.658505"
"K2182","Pensieri&Confronti Editore",NULL,NULL,NULL,"unklar","unklar",NULL,"2026-04-12 16:34:48.658505"
"K2184","PerNi Publishing Unlimited",NULL,NULL,NULL,"false",NULL,NULL,"2026-04-12 19:24:36.816104"
"K2192","Petri","Petri-Presse",NULL,NULL,"unklar","unklar",NULL,"2026-04-12 16:34:48.658505"
"K2193","Petrus",NULL,NULL,NULL,"unklar","unklar",NULL,"2026-04-12 16:34:48.658505"
"K220","Axon","Axon","Musik (Allgemeines), Musikgeschichte",NULL,"unklar","unklar",NULL,"2026-04-12 16:34:48.658505"
"K2208","Plan9",NULL,NULL,NULL,"unklar","unklar",NULL,"2026-04-12 16:34:48.658505"
"K2210","Plaza",NULL,NULL,NULL,"unklar","unklar",NULL,"2026-04-12 16:34:48.658505"
"K2211","Plöchl",NULL,NULL,NULL,"unklar","unklar",NULL,"2026-04-12 16:34:48.658505"
"K2216","Polarise",NULL,NULL,NULL,"false","Verlag",NULL,"2026-04-12 16:34:48.658505"
"K222","Ayurveda-Verein Nexenhof",NULL,NULL,"Verein","true","verein",NULL,"2026-04-12 16:34:48.658505"
"K2220","Portmann",NULL,NULL,NULL,"unklar","unklar",NULL,"2026-04-12 16:34:48.658505"
"K2224","Preface Book",NULL,NULL,NULL,"false",NULL,NULL,"2026-04-12 19:24:36.816104"
"K2226","Pressel","Pressel & Kusch",NULL,NULL,"unklar","unklar",NULL,"2026-04-12 16:34:48.658505"
"K223","Azur",NULL,NULL,NULL,"unklar","unklar",NULL,"2026-04-12 16:34:48.658505"
"K2238","Pro Lyrica Grundversorgung",NULL,NULL,NULL,"false","Schweizerische Lyrische Gesellschaft","https://prolyrica.ch/","2026-04-12 16:34:48.658505"
"K2242","ProMÖLLTAL - Initiative für Bildung, Kultur, Wirtschaft und Tourismus","ProMÖLLTAL - Initiative für Bildung, Kultur, Wirtschaft und Tourismus",NULL,NULL,"true","Initiative für Bildung, Kultur, Wirtschaft und Tourismus","https://www.promoelltal.net/","2026-04-12 16:34:48.658505"
"K2243","Progressing-Your-Ideas-GmbH",NULL,NULL,"Unternehmen","true","Unternehmensberatung",NULL,"2026-04-12 16:34:48.658505"
"K225","B. Mastori",NULL,NULL,NULL,"unklar","person",NULL,"2026-04-12 16:34:48.658505"
"K2252","Publ.-Textgemeinschaft","Textgemeinschaft Publikationen",NULL,"Gemeinschaft","false",NULL,NULL,"2026-04-12 19:24:36.816104"
"K2254","Publishing, TORRO Kids",NULL,NULL,NULL,"false",NULL,NULL,"2026-04-12 19:24:36.816104"
"K2256","Puppen und Masken","Puppen und Masken","Einzelne Branchen der Industrie und des Handwerks",NULL,"unklar","unklar",NULL,"2026-04-12 16:34:48.658505"
"K2257","Puput Books",NULL,NULL,NULL,"false",NULL,NULL,"2026-04-12 19:24:36.816104"
"K226","B. Montua",NULL,NULL,NULL,"unklar","person",NULL,"2026-04-12 16:34:48.658505"
"K2260","Pädagogische Forschungsstelle beim Bund der Freien Waldorfschulen","Pädagogische Forschungsstelle beim Bund der Freien Waldorfschulen",NULL,"Bildungseinrichtung","true",NULL,NULL,"2026-04-13 09:31:54.785989"
"K2261","Péter Pál Meleghy",NULL,NULL,NULL,"unklar","person",NULL,"2026-04-12 16:34:48.658505"
"K2263","Qindie","Qindie (Autorenkollektiv)",NULL,"Gemeinschaft","false",NULL,NULL,"2026-04-12 19:24:36.816104"
"K2267","Quartierverein Riesbach","Quartierverein Riesbach",NULL,"Verein","true","Heimatverein","https://8008.ch/","2026-04-12 16:34:48.658505"
"K227","B.R. Filtec GmbH c/o Tahja Bennet",NULL,NULL,"Unternehmen","unklar","unklar",NULL,"2026-04-12 16:34:48.658505"
"K2275","Quiqueg",NULL,NULL,NULL,"false","verlag",NULL,"2026-04-12 16:34:48.658505"
"K2277","R. Hartmann","Rudolph Hartmann (Leipzig)",NULL,NULL,"unklar","Person",NULL,"2026-04-12 16:34:48.658505"
"K2278","R. Schley",NULL,NULL,NULL,"unklar","unklar",NULL,"2026-04-12 16:34:48.658505"
"K2282","REGIA-CO-WORK",NULL,NULL,NULL,"false","verlag","https://www.regia-verlag.de/","2026-04-12 16:34:48.658505"
"K2283","RISSE e.V.","Risse, Verein zur Förderung Neuer Literatur in Mecklenburg-Vorpommern",NULL,"Verein","false",NULL,NULL,"2026-04-12 19:24:36.816104"
"K2289","Raiffeisenbank Baden","Raiffeisenbank (Sandweier, Baden-Baden)","Einzelne Branchen der Industrie und des Handwerks",NULL,"true","bank",NULL,"2026-04-12 16:34:48.658505"
"K2292","Randexistenz",NULL,NULL,NULL,"unklar","unklar",NULL,"2026-04-12 16:34:48.658505"
"K2294","Rasch",NULL,NULL,NULL,"unklar","unklar",NULL,"2026-04-12 16:34:48.658505"
"K2295","Rathke",NULL,NULL,NULL,"unklar","unklar",NULL,"2026-04-12 16:34:48.658505"
"K2297","Rauch",NULL,NULL,NULL,"unklar","unklar",NULL,"2026-04-12 16:34:48.658505"
"K2299","Raum Italic","RAUM Italic | SPAZIO Corsivo",NULL,NULL,"false","verlag (italienisch)","https://www.raumitalic.com/de/","2026-04-12 16:34:48.658505"
"K2303","Reche","Reche & Recall","Musik (Allgemeines), Musikgeschichte",NULL,"false","verlag","https://www.verlag-thomas-reche.de/","2026-04-12 16:34:48.658505"
"K2306","Redaktion Phantastik",NULL,NULL,NULL,"false","verlag","https://www.redaktion-phantastik.de/","2026-04-12 16:34:48.658505"
"K2307","Redieck & Schade","Redieck & Schade GbR (Rostock)","Einzelne Branchen der Industrie und des Handwerks","Unternehmen","false","Regionalia-Verlag","https://www.boersenblatt.net/news/verlage-news/rostocker-redieck-schade-verlag-schliesst-215837","2026-04-12 16:34:48.658505"
"K2312","Regina Mars c/o Block Services",NULL,NULL,NULL,"unklar","person","https://www.reginamars.de/impressum/","2026-04-12 16:34:48.658505"
"K2313","Regio Energie Solothurn","Regio Energie Solothurn","Energie- und Wasserwirtschaft; Öffentliche Wirtschaft, Abfallwirtschaft, Gesundheitsökonomie",NULL,"true","Energieanbieter",NULL,"2026-04-12 16:34:48.658505"
"K2318","Reimer",NULL,NULL,NULL,"unklar","unklar",NULL,"2026-04-12 16:34:48.658505"
"K2322","Reinhardt",NULL,NULL,NULL,"unklar","unklar",NULL,"2026-04-12 16:34:48.658505"
"K2331","Renáta Baumann-Chybová",NULL,NULL,NULL,"unklar","person",NULL,"2026-04-12 16:34:48.658505"
"K2333","Residenzkaufhaus",NULL,NULL,NULL,"unklar","unklar",NULL,"2026-04-12 16:34:48.658505"
"K2337","Rheingauer Mundartverein e. V.","Rheingauer Mundartverein",NULL,"Verein","false","Mundartverein: gemeinnütziger Verein, der es sich zur Aufgabe gemacht hat, die hiesige Rheingauer Mundart zu pflegen, sowie der Volkskunst in allen Bereichen und diese somit in ihrer Ursprünglichkeit den Nachkommen weiterzugeben.","https://rheingauermundart.jimdofree.com/%C3%BCber-uns/","2026-04-12 16:34:48.658505"
"K2344","Ring of light",NULL,NULL,NULL,"unklar","unklar",NULL,"2026-04-12 16:34:48.658505"
"K235","BJ-Autorenservice.de",NULL,NULL,NULL,"false",NULL,NULL,"2026-04-12 19:24:36.816104"
"K2350","Ritter",NULL,NULL,NULL,"unklar","unklar",NULL,"2026-04-12 16:34:48.658505"
"K2351","Ritter Klagenfurt","Kunsthalle Ritter (Klagenfurt)","Bildende Kunst",NULL,"false","verlag",NULL,"2026-04-12 16:34:48.658505"
"K2353","RoRo Hand & Kopfwerkstatt",NULL,NULL,NULL,"false","Schreib- und Handwerkstatt","https://www.roro-altdorf.ch/index.html","2026-04-12 16:34:48.658505"
"K2356","Rodneys Underground Press",NULL,NULL,NULL,"false","verlag","https://www.undergroundpress.de/","2026-04-12 16:34:48.658505"
"K236","BLB",NULL,NULL,NULL,"unklar","unklar",NULL,"2026-04-12 16:34:48.658505"
"K2365","Romowe",NULL,NULL,NULL,"unklar","unklar",NULL,"2026-04-12 16:34:48.658505"
"K2368","Rosner",NULL,NULL,NULL,"unklar","unklar",NULL,"2026-04-12 16:34:48.658505"
"K2369","Rosspoint",NULL,NULL,NULL,"unklar","unklar",NULL,"2026-04-12 16:34:48.658505"
"K2370","Rostocker Frauenkulturverein Die Beginen e.V.","Beginen e.V.",NULL,"Verein","unklar","Frauenkulturverein: Mit feministischem, interkulturellem und künstlerischem Blick organisieren wir Veranstaltungen, Ausstellungen und Projekte zu aktuellen Themen","https://www.die-beginen-rostock.de/","2026-04-12 16:34:48.658505"
"K2374","Rotblatt, Kater",NULL,NULL,NULL,"unklar","unklar",NULL,"2026-04-12 16:34:48.658505"
"K2386","Roßdorf : Wolfbach",NULL,NULL,NULL,"false","verlag","https://wolfbach-verlag.ch/impressum-kontakt-pm-77.html","2026-04-12 16:34:48.658505"
"K2387","Rudolph",NULL,NULL,NULL,"unklar","unklar",NULL,"2026-04-12 16:34:48.658505"
"K2390","Ruhrliteratur",NULL,NULL,NULL,"false",NULL,NULL,"2026-04-12 19:24:36.816104"
"K2391","Ryckschau",NULL,NULL,NULL,"unklar","unklar",NULL,"2026-04-12 16:34:48.658505"
"K2395","Rüger",NULL,NULL,NULL,"unklar","unklar",NULL,"2026-04-12 16:34:48.658505"
"K2402","SCM","SCM",NULL,NULL,"unklar","unklar",NULL,"2026-04-12 16:34:48.658505"
"K2405","SE Stengel",NULL,NULL,NULL,"unklar","unklar",NULL,"2026-04-12 16:34:48.658505"
"K2407","SIGNUM e. V. Dresden",NULL,NULL,NULL,"false","Herausgabe und Redaktion Literaturzeitschrift","https://zeitschrift-signum.de/herausgeber/","2026-04-12 16:34:48.658505"
"K2411","SPRACHFLECHTWERK",NULL,NULL,NULL,"false","literarisches Integrationsprojekt",NULL,"2026-04-12 16:34:48.658505"
"K2417","Sabrina Kossel, Milchbart Company Leipzig",NULL,NULL,NULL,"unklar","person",NULL,"2026-04-12 16:34:48.658505"
"K2418","SadWolf",NULL,NULL,NULL,"false","verlag",NULL,"2026-04-12 16:34:48.658505"
"K2425","SalonPresse",NULL,NULL,NULL,"unklar","unklar",NULL,"2026-04-12 16:34:48.658505"
"K2428","Salzgitter, Print & Lettershop",NULL,NULL,NULL,"false",NULL,NULL,"2026-04-12 19:24:36.816104"
"K2430","Samples","Samples","Musik (Allgemeines), Musikgeschichte",NULL,"unklar","unklar",NULL,"2026-04-12 16:34:48.658505"
"K2431","Sand",NULL,NULL,NULL,"unklar","unklar",NULL,"2026-04-12 16:34:48.658505"
"K2441","Satz und Druck Herrmann AG","Herrmann AG",NULL,NULL,"false",NULL,NULL,"2026-04-12 19:24:36.816104"
"K2442","SatzZeichen, Autorengruppe",NULL,NULL,"Gemeinschaft","false",NULL,NULL,"2026-04-12 19:24:36.816104"
"K245","BUCHER",NULL,NULL,NULL,"false",NULL,NULL,"2026-04-12 19:24:36.816104"
"K2452","Scherz",NULL,NULL,NULL,"unklar","unklar",NULL,"2026-04-12 16:34:48.658505"
"K2455","Schiler","Schiler & Mücke",NULL,NULL,"false","verlag","https://schiler-muecke.de/","2026-04-12 16:34:48.658505"
"K2456","Schiler & Mücke","Schiler & Mücke",NULL,NULL,"false","verlag","https://schiler-muecke.de/","2026-04-12 16:34:48.658505"
"K2467","Schmid",NULL,NULL,NULL,"unklar","unklar",NULL,"2026-04-12 16:34:48.658505"
"K2469","Schmidt",NULL,NULL,NULL,"unklar","unklar",NULL,"2026-04-12 16:34:48.658505"
"K2472","Schmitz",NULL,NULL,NULL,"unklar","unklar",NULL,"2026-04-12 16:34:48.658505"
"K2475","Schneider",NULL,NULL,NULL,"unklar","unklar",NULL,"2026-04-12 16:34:48.658505"
"K2477","Schneider, Nadine",NULL,NULL,NULL,"unklar","person",NULL,"2026-04-12 16:34:48.658505"
"K2479","Schnider",NULL,NULL,NULL,"unklar","unklar",NULL,"2026-04-12 16:34:48.658505"
"K2481","Scholz",NULL,NULL,NULL,"unklar","unklar",NULL,"2026-04-12 16:34:48.658505"
"K2482","SchreibStimme",NULL,NULL,NULL,"false","Schreibkurse, Lektorat, Schreibcoaching",NULL,"2026-04-12 16:34:48.658505"
"K2483","Schreibgruppe ausgewundert",NULL,NULL,"Gemeinschaft","false","schreibgruppe",NULL,"2026-04-12 16:34:48.658505"
"K2486","Schreibwaren Wegmann Inh. Janos Metz e. K.",NULL,NULL,NULL,"false","Bücher- und Schreibwarenladen",NULL,"2026-04-12 16:34:48.658505"
"K2493","SchumacherGebler",NULL,NULL,NULL,"false","Drucker und Schriftsetzer",NULL,"2026-04-12 16:34:48.658505"
"K2494","Schuster",NULL,NULL,NULL,"unklar","unklar",NULL,"2026-04-12 16:34:48.658505"
"K2495","Schwab, Jörg",NULL,NULL,NULL,"unklar","person",NULL,"2026-04-12 16:34:48.658505"
"K2497","Schwalbe",NULL,NULL,NULL,"unklar","unklar",NULL,"2026-04-12 16:34:48.658505"
"K25","AB, TravenBooks",NULL,NULL,NULL,"false",NULL,NULL,"2026-04-12 19:24:36.816104"
"K250","Baar",NULL,NULL,NULL,"unklar","unklar",NULL,"2026-04-12 16:34:48.658505"
"K2500","Schwarzer Drachen",NULL,NULL,NULL,"unklar","unklar",NULL,"2026-04-12 16:34:48.658505"
"K2506","Schäfer",NULL,NULL,NULL,"unklar","unklar",NULL,"2026-04-12 16:34:48.658505"
"K2508","Schöler",NULL,NULL,NULL,"unklar","unklar",NULL,"2026-04-12 16:34:48.658505"
"K251","Bachem",NULL,NULL,NULL,"unklar","unklar",NULL,"2026-04-12 16:34:48.658505"
"K2510","Schönrock & Heikamp",NULL,NULL,NULL,"false","verlag","http://www.roki-art.de/","2026-04-12 16:34:48.658505"
"K2513","Scribitur",NULL,NULL,NULL,"false","Schreibprojekte, Bücher, Storytelling","https://www.facebook.com/scribitur/","2026-04-12 16:34:48.658505"
"K2516","Seeling","Galerie Seeling","Einzelne Branchen der Industrie und des Handwerks",NULL,"unklar","unklar",NULL,"2026-04-12 16:34:48.658505"
"K252","Bachem, J P","J. P. Bachem (Köln)",NULL,NULL,"unklar","unklar",NULL,"2026-04-12 16:34:48.658505"
"K2536","Seniorenschreibtisch der Stadt Puchheim","Seniorenschreibtisch der Stadt Puchheim",NULL,NULL,"true",NULL,NULL,"2026-04-13 09:31:54.785989"
"K2544","Shakti & Sargam",NULL,NULL,NULL,"unklar","Indische Kultur und mehr
Entertainer in Schwäbisch Hall
","http://www.shakti-sargam.de/","2026-04-12 16:34:48.658505"
"K2547","Shutterstock","Shutterstock, Inc.","Einzelne Branchen der Industrie und des Handwerks",NULL,"true","Stockfoto-Anbieter","https://www.shutterstock.com/de/unlimited?pl=PPC_GOO_DE_BD-794785146159&cr=ec&kw=shutterstock&ds_eid=1660525876&utm_source=GOOGLE&utm_campaign=CO%3DDE_LG%3DDE_BU%3DIMG_AD%3DBRAND_TS%3Dlggeneric_RG%3DEUAF_AB%3DACQ_CH%3DSEM_OG%3DCONV_PB%3DGoogle_VarD&ds_cid=23738824267&ds_ag=FF%3DBrand-Shutterstock_Exact_AU%3DProspecting&ds_agid=194831091083&utm_term=shutterstock&utm_medium=cpc&gclsrc=aw.ds&gad_source=1&gad_campaignid=23738824267&gclid=Cj0KCQjwqPLOBhCiARIsAKRMPZrcBIhmGscfeyPVV65ru-p3VlewbHmSj72SX56gszgqhRv0lk9-wwcaAnFeEALw_wcB","2026-04-12 16:34:48.658505"
"K2550","SiebenSchreiber","SiebenSchreiber",NULL,NULL,"false","Autorengruppe","https://www.siebenschreiber.de/","2026-04-12 16:34:48.658505"
"K2556","SilvForLife Design",NULL,NULL,NULL,"true","Design Studio","https://silverlifedesign.com/","2026-04-12 16:34:48.658505"
"K2559","Simonett & Baer","Simonett & Baer",NULL,NULL,"false","verlagshaus","https://www.simonettbaer.com/","2026-04-12 16:34:48.658505"
"K2568","Smart & Nett",NULL,NULL,NULL,"false","Produkte und Dienstleistungen aus der Kreativwirtschaft.  Kombination der einzelnen Bereiche Marketing, Künstlervermittlung, Label, Verlag und Office ","https://smart-und-nett.de/preview-smart-nett/","2026-04-12 16:34:48.658505"
"K2573","Solar Plexus","Solar Plexus","Musik (Allgemeines), Musikgeschichte",NULL,"unklar","unklar",NULL,"2026-04-12 16:34:48.658505"
"K2574","Soli Netz",NULL,NULL,NULL,"true","Netzwerk von Menschen, die gesellschaftsveränderndes Handeln aktiv unterstützen wollen","https://soli-netz.blog/veraenderung-lebt-vom-tun-wer-wir-sind-und-was-wir-wollen/","2026-04-12 16:34:48.658505"
"K2581","Sonnenberg",NULL,NULL,NULL,"unklar","unklar",NULL,"2026-04-12 16:34:48.658505"
"K2585","Specht, Ulrich",NULL,NULL,NULL,"unklar","person",NULL,"2026-04-12 16:34:48.658505"
"K2589","Sphinx Agency",NULL,NULL,NULL,"false","Literaturagentur und Verlag","https://sphinxagency.com/","2026-04-12 16:34:48.658505"
"K259","Baier",NULL,NULL,NULL,"unklar","unklar",NULL,"2026-04-12 16:34:48.658505"
"K2594","Springer","Springer","Musik (Allgemeines), Musikgeschichte",NULL,"unklar","unklar",NULL,"2026-04-12 16:34:48.658505"
"K2595","Sprudelkiste.com Gleißner",NULL,NULL,NULL,"true","Werbeagentur","https://sprudelkiste.com/ueber-uns/","2026-04-12 16:34:48.658505"
"K2602","Stadt Hattingen","Hattingen",NULL,NULL,"true",NULL,NULL,"2026-04-13 09:31:54.785989"
"K2603","Stadt Hilden","Hilden (Stadt)",NULL,NULL,"true",NULL,NULL,"2026-04-13 09:31:54.785989"
"K2604","Stadt Ostseebad Rerik",NULL,NULL,NULL,"true",NULL,NULL,"2026-04-13 09:31:54.785989"
"K2605","Stadt Vechta","Vechta",NULL,NULL,"true",NULL,NULL,"2026-04-13 09:31:54.785989"
"K2606","Stadtbibliothek Prenzlau",NULL,NULL,NULL,"false",NULL,NULL,"2026-04-12 19:24:36.816104"
"K2607","Stadtgemeinde Perg","Perg",NULL,NULL,"true",NULL,NULL,"2026-04-13 09:31:54.785989"
"K2615","Steinmann",NULL,NULL,NULL,"unklar","verlag","https://www.steinmannverlag.de/wordpress/","2026-04-12 16:34:48.658505"
"K262","BaltArtGmbH Switzerland",NULL,NULL,"Unternehmen","false","verlag",NULL,"2026-04-12 16:34:48.658505"
"K2621","Stephenson, C","S. & C. Stephenson (London)",NULL,NULL,"unklar","unklar",NULL,"2026-04-12 16:34:48.658505"
"K2625","Stiftung Kantonsbibliothek Uri","Kantonsbibliothek Uri","Bibliothek, Information und Dokumentation",NULL,"false",NULL,NULL,"2026-04-12 19:24:36.816104"
"K2626","Stocker",NULL,NULL,NULL,"unklar","unklar",NULL,"2026-04-12 16:34:48.658505"
"K2630","Story Town - Derek Meister & Marion Meister GbR c/o Papyrus Autoren-Club",NULL,NULL,"Gemeinschaft","false",NULL,NULL,"2026-04-12 19:24:36.816104"
"K2632","Storyvents",NULL,NULL,NULL,"false","Literaturagentur, Redneragentur, Publishing","https://storyvents.com/","2026-04-12 16:34:48.658505"
"K2638","Strozpress",NULL,NULL,NULL,"unklar","unklar",NULL,"2026-04-12 16:34:48.658505"
"K2642","Studio Raster",NULL,NULL,NULL,"unklar","unklar",NULL,"2026-04-12 16:34:48.658505"
"K2643","Stumpp",NULL,NULL,NULL,"unklar","unklar",NULL,"2026-04-12 16:34:48.658505"
"K2651","Sure-Publishing","Sure-Publishing",NULL,NULL,"false",NULL,NULL,"2026-04-12 19:24:36.816104"
"K2658","Sylcho Studio",NULL,NULL,NULL,"unklar","unklar",NULL,"2026-04-12 16:34:48.658505"
"K2661","Süddt. Zeitung GmbH","Süddeutsche Zeitung GmbH","Presse; Einzelne Branchen der Industrie und des Handwerks","Unternehmen","unklar","Herausgabe, Verlag und Vertrieb von Presse- und sonstigen Verlagserzeugnissen","https://www.northdata.de/S%C3%BCddeutsche%20Zeitung%20GmbH,%20M%C3%BCnchen/HRB%2073315","2026-04-12 16:34:48.658505"
"K2664","Südwest",NULL,NULL,NULL,"unklar","unklar",NULL,"2026-04-12 16:34:48.658505"
"K2665","TAK - Tiroler Autorinnen und Autoren Kooperative",NULL,NULL,NULL,"false",NULL,NULL,"2026-04-12 19:24:36.816104"
"K2667","TEXT/RAHMEN e.U.",NULL,NULL,NULL,"false","Buchverlag",NULL,"2026-04-12 16:34:48.658505"
"K2669","THW Österreich",NULL,NULL,NULL,"true","Technische Hilfswerk",NULL,"2026-04-12 16:34:48.658505"
"K2671","TRUANT UG",NULL,NULL,NULL,"unklar","unklar",NULL,"2026-04-12 16:34:48.658505"
"K2673","TWENTYSIX",NULL,NULL,NULL,"false","Selfpublishing-Imprint - eine Marke von BoD","https://www.bod.de/twentysix","2026-04-12 16:34:48.658505"
"K2687","Telesma",NULL,NULL,NULL,"false","verlag",NULL,"2026-04-12 16:34:48.658505"
"K2691","Text-Atelier Leipzig","Text-Atelier Leipzig",NULL,NULL,"false","Autorinnengruppe","https://text-atelier-leipzig.clubdesk.com/hauptseite","2026-04-12 16:34:48.658505"
"K2695","Textgemeinschaft, Anthologie",NULL,NULL,"Gemeinschaft","false","Autorinnengruppe",NULL,"2026-04-12 16:34:48.658505"
"K2700","The Dandy is Dead",NULL,NULL,NULL,"false","Verlag","https://thedandyisdead.de/","2026-04-12 16:34:48.658505"
"K2708","Thomas Mann-Gesellschaft Hamburg","Thomas Mann-Gesellschaft Hamburg",NULL,"Gemeinschaft","false","Literaturgesellschaft","https://www.thomasmann-hamburg.de/wir-%C3%BCber-uns/","2026-04-12 16:34:48.658505"
"K2711","Thon",NULL,NULL,NULL,"unklar","unklar",NULL,"2026-04-12 16:34:48.658505"
"K2718","ToMa",NULL,NULL,NULL,"unklar","unklar",NULL,"2026-04-12 16:34:48.658505"
"K2725","Totechöpfli",NULL,NULL,NULL,"false","Schreibgruppe?`","https://www.totechöpfli.ch/home.htm","2026-04-12 16:34:48.658505"
"K2730","Trautmann",NULL,NULL,NULL,"unklar","unklar",NULL,"2026-04-12 16:34:48.658505"
"K2733","Treibhaus e.V.","Treibhaus e.V.",NULL,"Verein","unklar","Kulturverein: Soziokultur in Döbeln. Als gemeinnütziger Verein liegen unsere Arbeitsschwerpunkte in der Kultur- und Jugendarbeit, der politischen und historisch-politischen Bildung sowie in der interkulturellen Arbeit.","https://treibhaus-doebeln.de/","2026-04-12 16:34:48.658505"
"K2739","Trottoir Noir",NULL,NULL,NULL,"false","verlag","https://www.trottoirnoir.de/?page_id=134","2026-04-12 16:34:48.658505"
"K2742","Trägerverein Werkraum Abersee und Kulturhauptstadt 2024 Salzkammergut",NULL,NULL,"Verein","true",NULL,NULL,"2026-04-13 09:31:54.785989"
"K2749","Typo.M",NULL,NULL,NULL,"false","Typografie, Satz, Gestaltung und der Herstellung hochwertiger Druckerzeugnisse","https://www.typo-m.de/unternehmen2","2026-04-12 16:34:48.658505"
"K275","Bautz","Bautz (Saulgau)",NULL,NULL,"unklar","unklar",NULL,"2026-04-12 16:34:48.658505"
"K2750","Typostudio Schumacher-Gebler","Schumacher-Gebler",NULL,NULL,"false","Druck, Typografie","http://www.schumachergebler.com/","2026-04-12 16:34:48.658505"
"K2752","TösterKultur e.V.","TösterKultur e. V.",NULL,NULL,"unklar","Kulturverein",NULL,"2026-04-12 16:34:48.658505"
"K2755","UBV","Unternehmen.Bilden.Vielfalt (UBV) e.V.",NULL,"Verein","unklar","unklar",NULL,"2026-04-12 16:34:48.658505"
"K2759","Ulisses Spiele",NULL,NULL,NULL,"unklar","Comics, E-Books, Phantastische Brett-, Karten-, Rollen- und Tabletopspiele","https://www.ulisses-ebooks.de/de/","2026-04-12 16:34:48.658505"
"K2767","Undercoverbooks",NULL,NULL,NULL,"false",NULL,NULL,"2026-04-12 19:24:36.816104"
"K2773","Univ. Palackého","Univerzita Palackého v Olomouci","Hochschule",NULL,"true","universität",NULL,"2026-04-12 16:34:48.658505"
"K2780","Universo","Grupo Universo",NULL,NULL,"unklar","unklar",NULL,"2026-04-12 16:34:48.658505"
"K2786","V. F. Sammler",NULL,NULL,NULL,"false","verlag","https://www.vfsammler.com/","2026-04-12 16:34:48.658505"
"K279","Be + Be",NULL,NULL,NULL,"unklar","unklar",NULL,"2026-04-12 16:34:48.658505"
"K2790","VEG",NULL,NULL,NULL,"unklar","unklar",NULL,"2026-04-12 16:34:48.658505"
"K2794","VF Die Fontäne",NULL,NULL,NULL,"false","verlag","https://www.friederzirkler.de/ueber-mich/der-verlag","2026-04-12 16:34:48.658505"
"K2797","VNA","VNA","Musik (Allgemeines), Musikgeschichte",NULL,"unklar","unklar",NULL,"2026-04-12 16:34:48.658505"
"K2800","VS",NULL,NULL,NULL,"unklar","unklar",NULL,"2026-04-12 16:34:48.658505"
"K2803","VTA",NULL,NULL,NULL,"unklar","unklar",NULL,"2026-04-12 16:34:48.658505"
"K2806","Vallentin",NULL,NULL,NULL,"unklar","unklar",NULL,"2026-04-12 16:34:48.658505"
"K2813","Verband deutscher Schriftstellerinnen und Schriftsteller in ver.di – Landesverband Bayern, Verband deutscher Schriftstellerinnen und Schriftsteller in ver.di –. Landesverband",NULL,NULL,"Verband","false",NULL,NULL,"2026-04-12 19:24:36.816104"
"K2815","Verein ALSO (Anno Literatur Sonntag)","Verein ALSO - Anno Literatur SOnntag",NULL,"Verein","false",NULL,NULL,"2026-04-12 19:24:36.816104"
"K2817","Verein Frauenhäuser Steiermark, Verein Frauenhäuser","Frauenhäuser Steiermark - Verein zur Soforthilfe für Bedrohte und Misshandelte Frauen und Deren Kinder",NULL,"Verein","true","Frauenhäuser Verein","https://www.frauenhaeuser.at/","2026-04-12 16:34:48.658505"
"K2818","Verein Glitter","Verein Glitter",NULL,"Verein","false","Herausgabe queere Literaturzeitschrift","https://www.glitter-online.org/","2026-04-12 16:34:48.658505"
"K2819","Verein Gruppe Wespennest","Verein Gruppe Wespennest",NULL,"Verein","false","Herausgabe Literaturzeitschrift","https://wespennest.at/w.php?impressum","2026-04-12 16:34:48.658505"
"K2820","Verein Literaturgruppe Perspektive","Literaturgruppe Perspektive",NULL,"Gemeinschaft","false",NULL,NULL,"2026-04-12 19:24:36.816104"
"K2821","Verein Salzburger Literaturforum Leselampe",NULL,NULL,"Verein","false",NULL,NULL,"2026-04-12 19:24:36.816104"
"K2822","Verein Zeitschrift delirium","Verein Delirium",NULL,"Verein","false","Herausgabe Literaturzeitschrift",NULL,"2026-04-12 16:34:48.658505"
"K2823","Verein zur Förderung der Raumfahrt e.V.","Verein zur Förderung der Raumfahrt",NULL,"Verein","true","Verein zur Förderung der Raumfahrt","https://vfr.de/","2026-04-12 16:34:48.658505"
"K2824","Verein zur Förderung des Literaturschaffens zwischen Deutschen und Polen","Verein zur Förderung des Literaturschaffens und des Kulturellen Austauschs zwischen Deutschen und Polen",NULL,"Verein","false",NULL,NULL,"2026-04-12 19:24:36.816104"
"K2825","Verein zur Förderung und Vernetzung von Jugendkultur",NULL,NULL,"Verein","true","Jugendkulturverein und Umweltbildung","https://vfju.de/","2026-04-12 16:34:48.658505"
"K284","Beck, C H","H. W. Beck (C. Tappen) (Firma)",NULL,"Unternehmen","unklar","unklar",NULL,"2026-04-12 16:34:48.658505"
"K290","Beltz",NULL,NULL,NULL,"unklar","unklar",NULL,"2026-04-12 16:34:48.658505"
"K293","Benevento","Benevento Publishing",NULL,NULL,"false",NULL,NULL,"2026-04-12 19:24:36.816104"
"K294","Benguela Publ.",NULL,NULL,NULL,"false",NULL,NULL,"2026-04-12 19:24:36.816104"
"K299","Berger",NULL,NULL,NULL,"unklar","unklar",NULL,"2026-04-12 16:34:48.658505"
"K3","/",NULL,NULL,NULL,"unklar","leer",NULL,"2026-04-12 16:34:48.658505"
"K30","AIKA Consulting GmbH",NULL,NULL,"Unternehmen","true","unternehmensberatung","https://www.northdata.de/AIKA%20Consulting%20GmbH,%20Ahnatal/Amtsgericht%20Kassel%20HRB%2016864","2026-04-12 16:34:48.658505"
"K303","Bergverein zu Hüttenrode e.V.","Bergverein (Hüttenrode)",NULL,"Verein","true","bergverein",NULL,"2026-04-12 16:34:48.658505"
"K306","Berliner Kreis","Berliner Kreis",NULL,"Gemeinschaft","unklar","unklar",NULL,"2026-04-12 16:34:48.658505"
"K3060","Vesi",NULL,NULL,NULL,"unklar","unklar",NULL,"2026-04-12 16:34:48.658505"
"K3069","Violet Truelove",NULL,NULL,NULL,"unklar","person",NULL,"2026-04-12 16:34:48.658505"
"K3072","Vja",NULL,NULL,NULL,"unklar","unklar",NULL,"2026-04-12 16:34:48.658505"
"K3084","Vögel",NULL,NULL,NULL,"unklar","unklar",NULL,"2026-04-12 16:34:48.658505"
"K3088","WESER-KURIER, Kulturredaktion, Dr. Hendrik Werner",NULL,NULL,NULL,"unklar","Zeitungsverlag","https://www.weser-kurier.de/","2026-04-12 16:34:48.658505"
"K3107","Wallimann","Jodlerfamilie Wallimann",NULL,NULL,"unklar","unklar",NULL,"2026-04-12 16:34:48.658505"
"K3109","WandelWerk Publishing",NULL,NULL,NULL,"false",NULL,NULL,"2026-04-12 19:24:36.816104"
"K311","Bernewitz, Paul",NULL,NULL,NULL,"unklar","person",NULL,"2026-04-12 16:34:48.658505"
"K3110","Wanner Publishing","Wanner Brothers Publishing (Baden, Limmat)","Einzelne Branchen der Industrie und des Handwerks",NULL,"false",NULL,NULL,"2026-04-12 19:24:36.816104"
"K3113","Wasserburg Rindern","Wasserburg Rindern (Kleve, Kreis Kleve)","Ortsgebundene Bauwerke","Gemeinschaft","true","Bildungs- und Tagungshaus",NULL,"2026-04-12 16:34:48.658505"
"K3114","WattLiteraten, Autorengemeinschaft","WattLiteraten (Körperschaft)",NULL,NULL,"false",NULL,NULL,"2026-04-12 19:24:36.816104"
"K3115","Wattpad corp.",NULL,NULL,NULL,"false","Betreiber E-Book-Plattform",NULL,"2026-04-12 16:34:48.658505"
"K3118","Weber",NULL,NULL,NULL,"unklar","unklar",NULL,"2026-04-12 16:34:48.658505"
"K3121","Weg und Ziel",NULL,NULL,NULL,"false","verlag","https://www.johannische-kirche.org/wir-ueber-uns/verlag-weg-und-ziel","2026-04-12 16:34:48.658505"
"K3122","Weger",NULL,NULL,NULL,"unklar","unklar",NULL,"2026-04-12 16:34:48.658505"
"K3125","WeimarArt",NULL,NULL,NULL,"unklar","unklar",NULL,"2026-04-12 16:34:48.658505"
"K3126","Weimarer Schiller-Presse",NULL,NULL,NULL,"false","verlag","http://www.weimarer-schiller-presse.de/","2026-04-12 16:34:48.658505"
"K3130","Weisz auf Schwarz – Literatuzeitschrift",NULL,NULL,NULL,"false",NULL,NULL,"2026-04-12 19:24:36.816104"
"K3131","Weitschat",NULL,NULL,NULL,"unklar","unklar",NULL,"2026-04-12 16:34:48.658505"
"K3135","Weltbild","Weltbild (Berlin)",NULL,NULL,"false","Buchhandelskette","https://www.thalia.de/vorteile/weltbild-umstellung/weltbild","2026-04-12 16:34:48.658505"
"K3141","Wenner",NULL,NULL,NULL,"false","Buchhandlung ","https://www.buecher-wenner.de/","2026-04-12 16:34:48.658505"
"K3142","Wenng","Gebrüder Wenng",NULL,NULL,"false","Druckerei","https://www.wenng.de/","2026-04-12 16:34:48.658505"
"K3143","Wenz",NULL,NULL,NULL,"unklar","unklar",NULL,"2026-04-12 16:34:48.658505"
"K3148","Werkkreis Literatur der Arbeitswelt - Werkstatt Wien","Werkkreis Literatur der Arbeitswelt (Wien)",NULL,"Gemeinschaft","false",NULL,NULL,"2026-04-12 19:24:36.816104"
"K315","Bertram",NULL,NULL,NULL,"unklar","unklar",NULL,"2026-04-12 16:34:48.658505"
"K3151","Werner Schüller",NULL,NULL,NULL,"unklar","person",NULL,"2026-04-12 16:34:48.658505"
"K3152","Westarp BookOnDemand",NULL,NULL,NULL,"false",NULL,NULL,"2026-04-12 19:24:36.816104"
"K3155","Westfälische Wilhelms-Universität Münster, Zentrale Kustodie",NULL,NULL,"Bildungseinrichtung","true","universität",NULL,"2026-04-12 16:34:48.658505"
"K3157","WeyTeCon Förlag",NULL,NULL,NULL,"false","verlag (schwedisch)","https://verlag.weytecon.com/wf-de.html","2026-04-12 16:34:48.658505"
"K3158","WeyTeCon Förlag (WF)",NULL,NULL,NULL,"false","verlag (schwedisch)","https://verlag.weytecon.com/wf-de.html","2026-04-12 16:34:48.658505"
"K3159","Weyand",NULL,NULL,NULL,"false","Verlag+Medienagentur","https://www.shop-weyand.de/","2026-04-12 16:34:48.658505"
"K3164","Wiener Volkshochsch.","Die Wiener Volkshochschulen","Schule","Bildungseinrichtung","true",NULL,NULL,"2026-04-13 09:31:54.785989"
"K3170","Wind Child Publishing",NULL,NULL,NULL,"false",NULL,NULL,"2026-04-12 19:24:36.816104"
"K3171","Wind und Sterne",NULL,NULL,NULL,"unklar","unklar",NULL,"2026-04-12 16:34:48.658505"
"K3174","Windspiel","Windspiel","Musik (Allgemeines), Musikgeschichte",NULL,"unklar","unklar",NULL,"2026-04-12 16:34:48.658505"
"K3175","WirFinden.Es Naß und Hellie GbR",NULL,NULL,"Unternehmen","false","Startup bietet Leistungen für Autor:innen im Selfpublishing","https://wirfinden.es/","2026-04-12 16:34:48.658505"
"K318","Betz",NULL,NULL,NULL,"unklar","unklar",NULL,"2026-04-12 16:34:48.658505"
"K3187","Wolf",NULL,NULL,NULL,"unklar","unklar",NULL,"2026-04-12 16:34:48.658505"
"K3199","Wortspieler","Die Wortspieler",NULL,NULL,"unklar","unklar",NULL,"2026-04-12 16:34:48.658505"
"K3207","Wydawnictwo Tadeusz Serocki",NULL,NULL,NULL,"unklar","unklar",NULL,"2026-04-12 16:34:48.658505"
"K3215","Yellow King Productions",NULL,NULL,NULL,"false","Multimediaagentur sowie eine unabhängige Produktionsstätte für Hörspiele","https://www.yellow-king-productions.de/","2026-04-12 16:34:48.658505"
"K3217","Youcanprint",NULL,NULL,NULL,"false",NULL,NULL,"2026-04-12 19:24:36.816104"
"K3218","Young Stories, Frankfurt",NULL,NULL,NULL,"false","Anthologie der Longlist des gleichnamigen Schreibwettbewerbs zur Frankfurter Buchmesse 2019.","https://buchshop.bod.de/frankfurt-young-stories-frankfurter-buchmesse-9783750404564","2026-04-12 16:34:48.658505"
"K3222","Zenker, Jan M.",NULL,NULL,NULL,"unklar","person",NULL,"2026-04-12 16:34:48.658505"
"K3223","Zenkert",NULL,NULL,NULL,"unklar","unklar",NULL,"2026-04-12 16:34:48.658505"
"K3227","Ziethen","Grube Ziethen","Bergbau, Hüttentechnik",NULL,"unklar","unklar",NULL,"2026-04-12 16:34:48.658505"
"K323","Bibliogr. Inst.",NULL,NULL,NULL,"false",NULL,NULL,"2026-04-12 19:24:36.816104"
"K3232","Zürcher Kantonalbank","Zürcher Kantonalbank","Bank; Einzelne Branchen der Industrie und des Handwerks",NULL,"true","Bank","https://www.zkb.ch/de/private.html","2026-04-12 16:34:48.658505"
"K3234","[kon] Paper e.V.",NULL,NULL,"Verein","false","verein literarurzeitschrift",NULL,"2026-04-12 16:34:48.658505"
"K3238","alit - Verein Literaturstiftung","alit - Verein Literaturstiftung",NULL,"Verein","false",NULL,NULL,"2026-04-12 19:24:36.816104"
"K3239","alit - Verein Literaturstiftung Zürich",NULL,NULL,"Verein","false",NULL,NULL,"2026-04-12 19:24:36.816104"
"K3242","amarto",NULL,NULL,NULL,"unklar","unklar",NULL,"2026-04-12 16:34:48.658505"
"K3244","artkonzeptkörner","artkonzeptkörner",NULL,NULL,"true","werbeagentur","http://artkonzeptkoerner.de/","2026-04-12 16:34:48.658505"
"K3247","aws Literatur",NULL,NULL,NULL,"false",NULL,NULL,"2026-04-12 19:24:36.816104"
"K3250","beTHRILLED",NULL,NULL,NULL,"false","verlag","https://bastei-luebbe.de/unternehmen/unsere-verlage/bethrilled?srsltid=AfmBOor2p8jn-hEN0Pg0LeJVY8g9ahlwyZecOsVDS3OQKFDkfSNE-fdS","2026-04-12 16:34:48.658505"
"K3252","belkastudio",NULL,NULL,NULL,"true","design studio",NULL,"2026-04-12 16:34:48.658505"
"K3258","brennt! GmbH",NULL,NULL,"Unternehmen","false","Zweck der Gesellschaft ist die Förderung von Kunst und Kultur. Der Unternehmensgegenstand wird verwirklicht insbesondere durch die Planung, Organisation und Durchführung von öffentlichen Kulturveranstaltungen, wie z.B. Klassikkonzerte, Literaturveranstaltungen und Literaturwettbewerbe für junge Zielgruppen",NULL,"2026-04-12 16:34:48.658505"
"K326","BildSpracheWortLaut",NULL,NULL,NULL,"unklar","unklar",NULL,"2026-04-12 16:34:48.658505"
"K3265","c/o autorenglück.de, Stina Milner",NULL,NULL,NULL,"false",NULL,NULL,"2026-04-12 19:24:36.816104"
"K3267","camino",NULL,NULL,NULL,"unklar","unklar",NULL,"2026-04-12 16:34:48.658505"
"K3268","cap-books",NULL,NULL,NULL,"false",NULL,NULL,"2026-04-12 19:24:36.816104"
"K327","Bilderstöckchen-Buchvertrieb",NULL,NULL,NULL,"false",NULL,NULL,"2026-04-12 19:24:36.816104"
"K3273","comediantes","Comediantes",NULL,NULL,"unklar","unklar",NULL,"2026-04-12 16:34:48.658505"
"K3274","container press",NULL,NULL,NULL,"false","verlag","https://containerpress.de/Der-Verlag/","2026-04-12 16:34:48.658505"
"K3275","creomira",NULL,NULL,NULL,"false","verlag",NULL,"2026-04-12 16:34:48.658505"
"K328","Birgit Otten c/o Papyrus Autoren-Club",NULL,NULL,"Gemeinschaft","false",NULL,NULL,"2026-04-12 19:24:36.816104"
"K3280","danube books",NULL,NULL,NULL,"false",NULL,NULL,"2026-04-12 19:24:36.816104"
"K3281","de La Porte",NULL,NULL,NULL,"unklar","unklar",NULL,"2026-04-12 16:34:48.658505"
"K3284","der VHS-Baar, Kreative Schreibwerkstatt",NULL,NULL,NULL,"false","schreibwerkstatt",NULL,"2026-04-12 16:34:48.658505"
"K3285","der blaue reiter","Der Blaue Reiter","Malerei; Bildende Kunst",NULL,"unklar","unklar",NULL,"2026-04-12 16:34:48.658505"
"K3288","dissertation.de",NULL,NULL,NULL,"unklar","Verlag im Internet GmbH",NULL,"2026-04-12 16:34:48.658505"
"K3291","duotincta",NULL,NULL,NULL,"false","verlag","https://duotincta.de/","2026-04-12 16:34:48.658505"
"K3296","ebersbach & simon",NULL,NULL,NULL,"false","verlag",NULL,"2026-04-12 16:34:48.658505"
"K3298","echt EMF",NULL,NULL,NULL,"false","verlag",NULL,"2026-04-12 16:34:48.658505"
"K332","Black Umbrella Publisching",NULL,NULL,NULL,"false",NULL,NULL,"2026-04-12 19:24:36.816104"
"K333","Black Umbrella Publishing",NULL,NULL,NULL,"false",NULL,NULL,"2026-04-12 19:24:36.816104"
"K3336","editum",NULL,NULL,NULL,"unklar","unklar",NULL,"2026-04-12 16:34:48.658505"
"K3338","enPunto",NULL,NULL,NULL,"unklar","unklar",NULL,"2026-04-12 16:34:48.658505"
"K334","Blackelephant Publishing",NULL,NULL,NULL,"false",NULL,NULL,"2026-04-12 19:24:36.816104"
"K3342","fabrik.transit","Literatur- und Kunstverein fabrik.transit",NULL,"Verein","false",NULL,NULL,"2026-04-12 19:24:36.816104"
"K3349","fineBooks",NULL,NULL,NULL,"false",NULL,NULL,"2026-04-12 19:24:36.816104"
"K3350","fortfolgendes",NULL,NULL,NULL,"unklar","verlag","https://www.thelem.de/fortfolgendes/","2026-04-12 16:34:48.658505"
"K3353","für neues bewusst-sein",NULL,NULL,NULL,"unklar","unklar",NULL,"2026-04-12 16:34:48.658505"
"K3355","guhl glaser, st.",NULL,NULL,NULL,"unklar","unklar",NULL,"2026-04-12 16:34:48.658505"
"K3357","hkk Krankenkasse","hkk","Einzelne Branchen der Industrie und des Handwerks",NULL,"true","krankenkasse",NULL,"2026-04-12 16:34:48.658505"
"K3360","holapress",NULL,NULL,NULL,"unklar","unklar",NULL,"2026-04-12 16:34:48.658505"
"K3363","ib-lyric, artfactory",NULL,NULL,NULL,"unklar","unklar",NULL,"2026-04-12 16:34:48.658505"
"K3365","ideaFactory Geiler, Thiessen & Uhlig GbR",NULL,NULL,"Unternehmen","false","Entwickler und Betreiber von Fanfiction-Plattform",NULL,"2026-04-12 16:34:48.658505"
"K3374","kuk","KUK Electronic",NULL,NULL,"unklar","unklar",NULL,"2026-04-12 16:34:48.658505"
"K3375","kukma - Kunst- und Kulturverein",NULL,NULL,"Verein","unklar","kunst und kultuverein",NULL,"2026-04-12 16:34:48.658505"
"K3379","lebema.ch",NULL,NULL,NULL,"unklar","unklar",NULL,"2026-04-12 16:34:48.658505"
"K3383","literatur:vorarlberg",NULL,NULL,NULL,"false",NULL,NULL,"2026-04-12 19:24:36.816104"
"K3389","manitu-books",NULL,NULL,NULL,"false",NULL,NULL,"2026-04-12 19:24:36.816104"
"K3390","manuskripte-Literaturverein",NULL,NULL,"Verein","false",NULL,NULL,"2026-04-12 19:24:36.816104"
"K3394","maudrich","Wilhelm Maudrich (Wien)",NULL,NULL,"unklar","unklar",NULL,"2026-04-12 16:34:48.658505"
"K3395","mbassador GmbH",NULL,NULL,"Unternehmen","false","mbassador übernimmt für Zeitschriften- und Buchverlage die Herstellung, den Vertrieb und die Vermarktung ihrer gedruckten Titel als E-Books und E-Paper","https://www.startup.ch/mbassador","2026-04-12 16:34:48.658505"
"K3398","meinbesteller.de",NULL,NULL,NULL,"false","unklar",NULL,"2026-04-12 16:34:48.658505"
"K3399","menani GmbH",NULL,NULL,"Unternehmen","false","verlag","https://www.menani.de/ueber-uns/","2026-04-12 16:34:48.658505"
"K3402","modo","Modo","Musik (Allgemeines), Musikgeschichte",NULL,"unklar","unklar",NULL,"2026-04-12 16:34:48.658505"
"K3407","myMorawa","myMorawa",NULL,NULL,"unklar","Selfpublishing-Partner","https://www.buchschmiede.at/","2026-04-12 16:34:48.658505"
"K3409","münstermann",NULL,NULL,NULL,"unklar","unklar",NULL,"2026-04-12 16:34:48.658505"
"K3412","netzbuchladen.de",NULL,NULL,NULL,"false",NULL,NULL,"2026-04-12 19:24:36.816104"
"K3415","octOpus",NULL,NULL,NULL,"unklar","unklar",NULL,"2026-04-12 16:34:48.658505"
"K3418","ostbooks",NULL,NULL,NULL,"false",NULL,NULL,"2026-04-12 19:24:36.816104"
"K3420","p.l.o.t. e.V.",NULL,NULL,"Verein","false","Verein und Herausgeber der Literaturzeitschrift außer.dem",NULL,"2026-04-12 16:34:48.658505"
"K3422","parasitenpresse",NULL,NULL,NULL,"false","verlag","https://parasitenpresse.wordpress.com/","2026-04-12 16:34:48.658505"
"K3425","peppair GmbH",NULL,NULL,"Unternehmen","true","Die Veranstaltung und die Vermittlung von Reisen und die Vermittlung von Charterflügen sowie die Beratung von Industrieunternehmen und Dienstleistern, sowie die Durchführung aller Geschäfte, die mit dem Gegenstand des Unternehmens zusammenhängen oder dem Gesellschaftszweck zu dienen geeignet erscheinen",NULL,"2026-04-12 16:34:48.658505"
"K3427","plV-Media",NULL,NULL,NULL,"unklar","unklar",NULL,"2026-04-12 16:34:48.658505"
"K3428","plattform",NULL,NULL,NULL,"unklar","unklar",NULL,"2026-04-12 16:34:48.658505"
"K343","Blitz",NULL,NULL,NULL,"unklar","unklar",NULL,"2026-04-12 16:34:48.658505"
"K3430","pro Monstein","pro Monstein",NULL,NULL,"true","Heimatverein","https://www.davos-monstein.ch/verein-pro-monstein","2026-04-12 16:34:48.658505"
"K3436","pyjamaguerilleros",NULL,NULL,NULL,"unklar","unklar",NULL,"2026-04-12 16:34:48.658505"
"K3439","radio 3",NULL,NULL,NULL,"true","Hörfunksender des Rundfunks Berlin-Brandenburg (rbb)","https://www.radiodrei.de/","2026-04-12 16:34:48.658505"
"K3441","rbb","RBB & Cie",NULL,NULL,"unklar","unklar",NULL,"2026-04-12 16:34:48.658505"
"K3443","read4joy",NULL,NULL,NULL,"false","Autorenverlag",NULL,"2026-04-12 16:34:48.658505"
"K3446","rohumedia",NULL,NULL,NULL,"unklar","unklar",NULL,"2026-04-12 16:34:48.658505"
"K3450","scius",NULL,NULL,NULL,"unklar","unklar",NULL,"2026-04-12 16:34:48.658505"
"K3451","scribaria","Scribaria (Körperschaft)",NULL,NULL,"false","autorinnenverein",NULL,"2026-04-12 16:34:48.658505"
"K3452","scridelio",NULL,NULL,NULL,"false","verlag","https://scridelio.de/","2026-04-12 16:34:48.658505"
"K3454","smp, swb media publishing",NULL,NULL,NULL,"false",NULL,NULL,"2026-04-12 19:24:36.816104"
"K3457","spree-books (spree-media.net GmbH)",NULL,NULL,"Unternehmen","false",NULL,NULL,"2026-04-12 19:24:36.816104"
"K346","Blohn",NULL,NULL,NULL,"unklar","unklar",NULL,"2026-04-12 16:34:48.658505"
"K3460","story.one",NULL,NULL,NULL,"false","story.one formt vorhandenes Wissen zu einem fertigen Buch","https://www.story.one/de/","2026-04-12 16:34:48.658505"
"K3462","swiboo.ch","swiboo.ch",NULL,NULL,"false","Verlag",NULL,"2026-04-12 16:34:48.658505"
"K3464","telegonos-publishing",NULL,NULL,NULL,"false",NULL,NULL,"2026-04-12 19:24:36.816104"
"K3465","thrillercriminal.com Community",NULL,NULL,NULL,"unklar","unklar",NULL,"2026-04-12 16:34:48.658505"
"K3466","tolino media",NULL,NULL,NULL,"unklar","Selfpublishing-Plattform",NULL,"2026-04-12 16:34:48.658505"
"K347","Bloomsbury Taschenbuch",NULL,NULL,NULL,"false",NULL,NULL,"2026-04-12 19:24:36.816104"
"K3471","tunkan",NULL,NULL,NULL,"unklar","unklar",NULL,"2026-04-12 16:34:48.658505"
"K3473","uli-jungbluth-press",NULL,NULL,NULL,"unklar","unklar",NULL,"2026-04-12 16:34:48.658505"
"K3476","vabaduse.de",NULL,NULL,NULL,"unklar","unklar",NULL,"2026-04-12 16:34:48.658505"
"K3487","via Pho.to-Tool/ Made by Photo Lab, Fritz",NULL,NULL,NULL,"true","Fotobearbeitungstool","https://pho.to/","2026-04-12 16:34:48.658505"
"K3489","vomhörensehen medienagentur",NULL,NULL,NULL,"true","medienagentur",NULL,"2026-04-12 16:34:48.658505"
"K3498","wespen-kontor",NULL,NULL,NULL,"unklar","unklar",NULL,"2026-04-12 16:34:48.658505"
"K3499","wir sind lesenswert – Verein für Literatur",NULL,NULL,"Verein","false",NULL,NULL,"2026-04-12 19:24:36.816104"
"K3500","wirschreibenfürahrweiler, Autorengemeinschaft",NULL,NULL,"Gemeinschaft","false",NULL,NULL,"2026-04-12 19:24:36.816104"
"K3501","wortbau e.V.","Schreibende Schüler e.V.",NULL,"Verein","false","wortbau e.V. steht bundesweit für die Förderung von kreativem Schreiben","https://wort-bau.de/der-verein/","2026-04-12 16:34:48.658505"
"K3502","worttransport.de",NULL,NULL,NULL,"unklar","unklar",NULL,"2026-04-12 16:34:48.658505"
"K3505","www.hairfashionplus.ch",NULL,NULL,NULL,"true","Kosmetiksalon",NULL,"2026-04-12 16:34:48.658505"
"K3506","www.ideenteufel.de",NULL,NULL,NULL,"unklar","unklar",NULL,"2026-04-12 16:34:48.658505"
"K3509","xlibri","xlibri.de (Firma)",NULL,"Unternehmen","false","Bildungseinrichtung zu Literatur und Autoren",NULL,"2026-04-12 16:34:48.658505"
"K3510","zebra bw","Zentrale Beratungsstelle für Weltanschauungsfragen BW",NULL,NULL,"true","Zentrale Beratungsstelle für Weltanschauungsfragen BW","https://zebra-bw.com/","2026-04-12 16:34:48.658505"
"K3512","zocher & peter",NULL,NULL,NULL,"false","verlag",NULL,"2026-04-12 16:34:48.658505"
"K3515","Çizgi Kitabevi",NULL,NULL,NULL,"false","verlag (türkisch)","https://www.cizgikitabevi.com/","2026-04-12 16:34:48.658505"
"K3516","Èditions à la Carte","Éditions à la Carte",NULL,NULL,"false","verlag",NULL,"2026-04-12 16:34:48.658505"
"K3517","Éd. L'Oreille du Loup",NULL,NULL,NULL,"unklar","unklar",NULL,"2026-04-12 16:34:48.658505"
"K3518","Éd. Saint-Paul",NULL,NULL,NULL,"unklar","verlag",NULL,"2026-04-12 16:34:48.658505"
"K3520","Írott Szó Alapítvány",NULL,NULL,NULL,"unklar","unklar",NULL,"2026-04-12 16:34:48.658505"
"K3521","ÖBB Personenverkehr AG, Personalmanagement Kärnten",NULL,NULL,NULL,"true","verkehrsbetrieb",NULL,"2026-04-12 16:34:48.658505"
"K3523","Österreichische Literaturgesellschaft","Österreichische Literaturgesellschaft",NULL,"Gemeinschaft","false",NULL,NULL,"2026-04-12 19:24:36.816104"
"K3524","Österreichischer Schriftsteller/innenverband","Österreichischer Schriftsteller/Innenverband",NULL,"Verband","false",NULL,NULL,"2026-04-12 19:24:36.816104"
"K3525","Österreichisches Literaturforum","Österreichisches Literaturforum",NULL,"Gemeinschaft","false",NULL,NULL,"2026-04-12 19:24:36.816104"
"K353","Bodan","Bodan Werft","Fahrzeugbau, Fördertechnik, Raumfahrttechnik; Einzelne Branchen der Industrie und des Handwerks",NULL,"unklar","unklar",NULL,"2026-04-12 16:34:48.658505"
"K354","Boder","boeder AG","Handel allgemein, Dienstleistung allgemein",NULL,"unklar","unklar",NULL,"2026-04-12 16:34:48.658505"
"K357","Boesche",NULL,NULL,NULL,"unklar","unklar",NULL,"2026-04-12 16:34:48.658505"
"K36","APRYCOT",NULL,NULL,NULL,"false","verlag","https://aprycot.media/","2026-04-12 16:34:48.658505"
"K364","Bookmundo Osiander",NULL,NULL,NULL,"false",NULL,NULL,"2026-04-12 19:24:36.816104"
"K365","Books-and-bytes",NULL,NULL,NULL,"false",NULL,NULL,"2026-04-12 19:24:36.816104"
"K376","Braun",NULL,NULL,NULL,"unklar","unklar",NULL,"2026-04-12 16:34:48.658505"
"K379","Brendel","Brendel und Brendel","Musik (Allgemeines), Musikgeschichte",NULL,"unklar","unklar",NULL,"2026-04-12 16:34:48.658505"
"K382","Brighton GROUP GmbH",NULL,NULL,"Unternehmen","false","Veranstaltungen von Events, Lesungen, Ausstellungen/Vernissagen, Präsentation auf Messen, Mediendesign, SEO und Influencer-Tätigkeiten, Mechandising, Hostessenservice, die Konzipierung von Brandings, von Marken bis zur Anmeldung beim Markenanwalt und von Designerroben, die Konzipierung, Lektorierung und Korrektorat von Medien aller Art wie Videos, Bücher, Hörbücher, E-Books, Malbücher in limitierter Auflage, Illustrationen und Gemälde digital und physisch sowie deren Vertrieb. ",NULL,"2026-04-12 16:34:48.658505"
"K393","Brückenschreiber Koblenz","Brückenschreiber Koblenz",NULL,NULL,"false","autorengruppe",NULL,"2026-04-12 16:34:48.658505"
"K398","Buch Salon Walbach",NULL,NULL,NULL,"false",NULL,NULL,"2026-04-12 19:24:36.816104"
"K399","Buch und Ich Tara Dierck",NULL,NULL,NULL,"false",NULL,NULL,"2026-04-12 19:24:36.816104"
"K40","ATE","Ate",NULL,NULL,"unklar","unklar",NULL,"2026-04-12 16:34:48.658505"
"K404","BuchHandelsGesellschaft","Buchhandelsgesellschaft",NULL,"Gemeinschaft","false",NULL,NULL,"2026-04-12 19:24:36.816104"
"K409","Buchet Chastel",NULL,NULL,NULL,"false",NULL,NULL,"2026-04-12 19:24:36.816104"
"K415","Buchschmiede von Dataform Media GmbH",NULL,NULL,"Unternehmen","false",NULL,NULL,"2026-04-12 19:24:36.816104"
"K421","Budde-Haus – Soziokulturelles Zentrum Leipzig-Gohlis","Heinrich-Budde-Haus Leipzig","Ortsgebundene Bauwerke",NULL,"true","soziokulturelles Zentrum","https://www.budde-haus.de/","2026-04-12 16:34:48.658505"
"K422","Bund für Dt. Schrift und Sprache","Bund für Deutsche Schrift und Sprache",NULL,NULL,"unklar","Verein für Schrift- und Sprachkultur",NULL,"2026-04-12 16:34:48.658505"
"K423","Bundesverb. Alphabetisierung und Grundbildung","Bundesverband Alphabetisierung und Grundbildung",NULL,"Verband","true","bundesweite Fach-, Service- und Lobbyeinrichtung","https://alphabetisierung.de/","2026-04-12 16:34:48.658505"
"K426","Bundeswettbewerbe der Berliner Festspiele",NULL,NULL,NULL,"false",NULL,"https://www.berlinerfestspiele.de/treffen-junge-szene/die-treffen/die-vier-treffen","2026-04-12 16:34:48.658505"
"K432","Busch Books",NULL,NULL,NULL,"false",NULL,NULL,"2026-04-12 19:24:36.816104"
"K436","Bächtold",NULL,NULL,NULL,"unklar","unklar",NULL,"2026-04-12 16:34:48.658505"
"K440","Böhme",NULL,NULL,NULL,"unklar","unklar",NULL,"2026-04-12 16:34:48.658505"
"K441","BördeAutoren e.V.","BördeAutoren",NULL,NULL,"false",NULL,NULL,"2026-04-12 19:24:36.816104"
"K444","Bücherplantage UG",NULL,NULL,NULL,"false",NULL,NULL,"2026-04-12 19:24:36.816104"
"K448","Bürger- und Heimatverein Barßel e.V.","Bürger- und Heimatverein Barßel",NULL,"Verein","true","Bürger- und Heimatverein","https://bhv-barssel.com/","2026-04-12 16:34:48.658505"
"K449","Bürgerstiftung Düren","Bürgerstiftung Düren",NULL,NULL,"true","Bürgerstiftung ","https://buergerstiftung-dueren.de/","2026-04-12 16:34:48.658505"
"K451","C & N",NULL,NULL,NULL,"unklar","unklar",NULL,"2026-04-12 16:34:48.658505"
"K452","C&C - Contact & Creation",NULL,NULL,NULL,"true","PR-Agentur","https://www.consense-communications.de/?gad_source=1","2026-04-12 16:34:48.658505"
"K455","C. Simon",NULL,NULL,NULL,"unklar","person",NULL,"2026-04-12 16:34:48.658505"
"K456","C.-P. Peters",NULL,NULL,NULL,"unklar","person",NULL,"2026-04-12 16:34:48.658505"
"K461","CARE Deutschland e.V","CARE Deutschland e.V.","Sozialarbeit, Sozialhilfe","Verein","true","sozialhilfeverein","https://www.care.de/","2026-04-12 16:34:48.658505"
"K463","CBK-Productions",NULL,NULL,NULL,"unklar","unklar",NULL,"2026-04-12 16:34:48.658505"
"K464","CHORA","CHORA",NULL,NULL,"unklar","unklar",NULL,"2026-04-12 16:34:48.658505"
"K466","CLIO","Clio","Musik (Allgemeines), Musikgeschichte",NULL,"unklar","unklar",NULL,"2026-04-12 16:34:48.658505"
"K473","CTM Lesekultur, Christine Reiter",NULL,NULL,NULL,"false","sprachliche und literarische bildung","https://lese-kultur.de/","2026-04-12 16:34:48.658505"
"K476","Calderan",NULL,NULL,NULL,"false","verlag",NULL,"2026-04-12 16:34:48.658505"
"K479","Cameo","Cameo","Musik (Allgemeines), Musikgeschichte",NULL,"unklar","unklar",NULL,"2026-04-12 16:34:48.658505"
"K480","Candela","Candela","Musik (Allgemeines), Musikgeschichte",NULL,"unklar","unklar",NULL,"2026-04-12 16:34:48.658505"
"K485","Carin Müller c/o Die Bücherfee Karina Reiß",NULL,NULL,NULL,"false",NULL,NULL,"2026-04-12 19:24:36.816104"
"K486","Carinus Rotlinde c/o autorenglück.de",NULL,NULL,NULL,"false",NULL,NULL,"2026-04-12 19:24:36.816104"
"K491","Carla Eisfeldt c/o Block Services",NULL,NULL,NULL,"unklar","person",NULL,"2026-04-12 16:34:48.658505"
"K494","CarpeGusta",NULL,NULL,NULL,"false","offenes Forum für Schriftsteller, Autoren und Literaten,","https://carpegusta-literatur.de/","2026-04-12 16:34:48.658505"
"K495","Cartagena",NULL,NULL,NULL,"unklar","unklar",NULL,"2026-04-12 16:34:48.658505"
"K496","CeS V",NULL,NULL,NULL,"unklar","unklar",NULL,"2026-04-12 16:34:48.658505"
"K500","Ch. Möllmann",NULL,NULL,NULL,"unklar","person",NULL,"2026-04-12 16:34:48.658505"
"K505","Chat Noir","Chat-Noir","Kabarett, Zirkus, Varieté",NULL,"unklar","unklar",NULL,"2026-04-12 16:34:48.658505"
"K509","Chill Media",NULL,NULL,NULL,"true","Journalistin","https://chillmedia.at/","2026-04-12 16:34:48.658505"
"K516","CiTi",NULL,NULL,NULL,"unklar","unklar",NULL,"2026-04-12 16:34:48.658505"
"K521","Claudius",NULL,NULL,NULL,"unklar","unklar",NULL,"2026-04-12 16:34:48.658505"
"K522","Cleya",NULL,NULL,NULL,"unklar","unklar",NULL,"2026-04-12 16:34:48.658505"
"K526","Coburger Autorengemeinschaft Schreibsand","Autorengemeinschaft Schreibsand",NULL,"Gemeinschaft","false",NULL,NULL,"2026-04-12 19:24:36.816104"
"K535","Concept Leben, Werbe- und Einkaufsgesellschaft für den konfessionellen Buchhandel mbH",NULL,NULL,"Gemeinschaft","false",NULL,NULL,"2026-04-12 19:24:36.816104"
"K539","ContraPunkt","Contrapunkt","Musik (Allgemeines), Musikgeschichte",NULL,"unklar","Kulturkollektiv ","https://www.contrapunkt.net/","2026-04-12 16:34:48.658505"
"K54","Adonia","Adonia (Körperschaft)","Gruppe, Organisationssoziologie, Interaktion",NULL,"true","christlicher Verein",NULL,"2026-04-12 16:34:48.658505"
"K55","Advent-Wohlfahrtswerk Seniorenheim Neandertal gmbH",NULL,NULL,"Unternehmen","true","seniorenheim","https://www.google.com/search?q=Advent-Wohlfahrtswerk+Seniorenheim+Neandertal+gmbH&client=firefox-b-e&hs=dZM&sca_esv=aad768131f77519f&channel=entpr&sxsrf=ANbL-n46Bo0diTYDdLLNJxQGt62h7AEwcw%3A1776021894256&ei=hvHbabCpD9aoi-gPr5it2Qk&biw=1280&bih=559&ved=0ahUKEwiwhPuQhemTAxVW1AIHHS9MK5sQ4dUDCBE&uact=5&oq=Advent-Wohlfahrtswerk+Seniorenheim+Neandertal+gmbH&gs_lp=Egxnd3Mtd2l6LXNlcnAiMkFkdmVudC1Xb2hsZmFocnRzd2VyayBTZW5pb3JlbmhlaW0gTmVhbmRlcnRhbCBnbWJIMgYQABgWGB4yBhAAGBYYHjIGEAAYFhgeMgUQABjvBTIFEAAY7wUyBRAAGO8FMgUQABjvBUipBFC1Ali1AnABeAGQAQCYAW6gAW6qAQMwLjG4AQPIAQD4AQL4AQGYAgKgAoYBwgIKEAAYsAMY1gQYR8ICDRAAGIAEGLADGEMYigXCAg4QABiwAxjkAhjWBNgBAcICExAuGIAEGLADGEMYyAMYigXYAQGYAwCIBgGQBhG6BgYIARABGAmSBwMxLjGgB8cGsgcDMC4xuAd0wgcFMi0xLjHIBxGACAA&sclient=gws-wiz-serp","2026-04-12 16:34:48.658505"
"K551","Crearta",NULL,NULL,NULL,"unklar","unklar",NULL,"2026-04-12 16:34:48.658505"
"K553","CreateSpace Independent Publishing Platform",NULL,NULL,NULL,"false",NULL,NULL,"2026-04-12 19:24:36.816104"
"K554","Creativo, Initiationgruppe für Literatur, Wissenschaft und KUnst",NULL,NULL,"Gemeinschaft","false",NULL,NULL,"2026-04-12 19:24:36.816104"
"K555","Crespo Foundation","Crespo Foundation","Kultur, Künste allgemein",NULL,"unklar","Kunst und Kulturförderung","https://www.crespo-foundation.de/","2026-04-12 16:34:48.658505"
"K558","CulturTainment",NULL,NULL,NULL,"false","multimediale Tummelplatz ","https://culturtainment.info/","2026-04-12 16:34:48.658505"
"K56","Adwork Köln - Halven Hahn Produktion",NULL,NULL,NULL,"false","verlag",NULL,"2026-04-12 16:34:48.658505"
"K563","D. Sargon",NULL,NULL,NULL,"unklar","unklar",NULL,"2026-04-12 16:34:48.658505"
"K564","DAS GRAMM e.K.",NULL,NULL,"Unternehmen","false","verlag/zeitschrift","https://www.dasgramm.de/","2026-04-12 16:34:48.658505"
"K565","DAS SYNDIKAT – Autorengruppe deutschsprachige Kriminalliteratur A.I.E.P.",NULL,NULL,"Gemeinschaft","false",NULL,NULL,"2026-04-12 19:24:36.816104"
"K566","DCS","DCS","Musik (Allgemeines), Musikgeschichte",NULL,"unklar","unklar",NULL,"2026-04-12 16:34:48.658505"
"K569","DHBW Mannheim","Duale Hochschule Baden-Württemberg Mannheim","Berufsausbildung; Hochschule","Bildungseinrichtung","true",NULL,NULL,"2026-04-13 09:31:54.785989"
"K572","DNMP, Daniel Neumann Medienproduktion",NULL,NULL,NULL,"unklar","unklar",NULL,"2026-04-12 16:34:48.658505"
"K574","DREIERLEI",NULL,NULL,NULL,"unklar","unklar",NULL,"2026-04-12 16:34:48.658505"
"K582","Daphne Bühner c/o Autorenbetreuung Carole Minn",NULL,NULL,NULL,"false",NULL,NULL,"2026-04-12 19:24:36.816104"
"K584","Das Entlebucher Medienhaus",NULL,NULL,NULL,"false",NULL,NULL,"2026-04-12 19:24:36.816104"
"K594","DeWinter Waldorf Glass",NULL,NULL,NULL,"false","verlag",NULL,"2026-04-12 16:34:48.658505"
"K6","27amigos",NULL,NULL,NULL,"false","verlag",NULL,"2026-04-12 16:34:48.658505"
"K60","Agade Publ. House",NULL,NULL,NULL,"false",NULL,NULL,"2026-04-12 19:24:36.816104"
"K603","Der Doppeldaumenmann c/o Block Services",NULL,NULL,NULL,"unklar","unklar",NULL,"2026-04-12 16:34:48.658505"
"K626","DichtFest GbR",NULL,NULL,"Unternehmen","false","Literaturevents","https://dichtfest.de/","2026-04-12 16:34:48.658505"
"K628","Dichterwettstreit deluxe",NULL,NULL,NULL,"false","Independent-Verlag mit angeschlossener Event- und Künstleragentur","https://www.dichterwettstreit-deluxe.de/?srsltid=AfmBOop-Q-lze3m7eXhC98BrI6zvjZ2FYTkIQu90pTadchs2X82DsHD8","2026-04-12 16:34:48.658505"
"K629","Die 7 Zwerge e.V.",NULL,NULL,"Verein","true","Elterninitiative","https://siebenzwerge-haidhausen.de/","2026-04-12 16:34:48.658505"
"K631","Die Geschichtenfabrik",NULL,NULL,NULL,"false","geschichtenerzähler","https://geschichtenfabrik.eu/","2026-04-12 16:34:48.658505"
"K632","Die Glücksoase",NULL,NULL,NULL,"false",NULL,NULL,"2026-04-12 16:34:48.658505"
"K633","Die Gruppe 48 e.V.","Die Gruppe 48",NULL,"Gemeinschaft","false",NULL,NULL,"2026-04-12 16:34:48.658505"
"K634","Die Phantasten","Die Chromatischen Phantasten","Musik (Allgemeines), Musikgeschichte",NULL,"false","literarischer Stammtisch","https://www.die-phantasten.de/","2026-04-12 16:34:48.658505"
"K636","Die Schatzkiste",NULL,NULL,NULL,"unklar","unklar",NULL,"2026-04-12 16:34:48.658505"
"K638","Die2 Verlag","Die2, Verein für Theater- und Konzertaufführungen und Verbreitung Europäischer Kultur",NULL,"Verein","false",NULL,NULL,"2026-04-12 19:24:36.816104"
"K641","Dieselstrasse, Kulturzentrum","Kultur- und Kommunikationszentrum (Esslingen am Neckar)",NULL,NULL,"unklar","kulturzentrum",NULL,"2026-04-12 16:34:48.658505"
"K642","Dietrich, Gabriella",NULL,NULL,NULL,"unklar","person",NULL,"2026-04-12 16:34:48.658505"
"K643","Dietschi","Dietschi AG","Einzelne Branchen der Industrie und des Handwerks; Presse",NULL,"unklar","unklar",NULL,"2026-04-12 16:34:48.658505"
"K652","Doering",NULL,NULL,NULL,"unklar","unklar",NULL,"2026-04-12 16:34:48.658505"
"K653","Dokumentationsstelle für Neuere Österr. Literatur",NULL,NULL,NULL,"false",NULL,NULL,"2026-04-12 19:24:36.816104"
"K654","Dominikanerkloster Prenzlau","Dominikanerkloster Prenzlau - Kulturzentrum und Museum","Liturgik, Frömmigkeit",NULL,"true","kirche",NULL,"2026-04-12 16:34:48.658505"
"K662","Dorferneuerungsverein Prigglitz",NULL,NULL,"Verein","true","heimatverein",NULL,"2026-04-12 16:34:48.658505"
"K667","Dover Publications, Inc.","Dover Publications",NULL,NULL,"false",NULL,NULL,"2026-04-12 19:24:36.816104"
"K670","Dr. Jürgen Oberle",NULL,NULL,NULL,"unklar","person",NULL,"2026-04-12 16:34:48.658505"
"K671","Dr. Martin Bethke Storyvents",NULL,NULL,NULL,"false","Literaturagentur ",NULL,"2026-04-12 16:34:48.658505"
"K677","Draconis Books",NULL,NULL,NULL,"false",NULL,NULL,"2026-04-12 19:24:36.816104"
"K696","Droste","Droste","Musik (Allgemeines), Musikgeschichte",NULL,"unklar","unklar",NULL,"2026-04-12 16:34:48.658505"
"K704","Dt. Rotes Kreuz, Ortsverein Hameln",NULL,NULL,"Verein","true","DRK-Kreisverband",NULL,"2026-04-12 16:34:48.658505"
"K722","EDUTAINMENT GmbH, VISUAL",NULL,NULL,"Unternehmen","unklar","unklar",NULL,"2026-04-12 16:34:48.658505"
"K73","Albatros",NULL,NULL,NULL,"unklar","unklar",NULL,"2026-04-12 16:34:48.658505"
"K731","EROSTEPOST- Verein für Literatur und Literaturzeitschrift",NULL,NULL,"Verein","false",NULL,NULL,"2026-04-12 19:24:36.816104"
"K736","Easy Readers",NULL,NULL,NULL,"unklar","unklar",NULL,"2026-04-12 16:34:48.658505"
"K739","Eberl",NULL,NULL,NULL,"unklar","unklar",NULL,"2026-04-12 16:34:48.658505"
"K740","Ebersbach & Simon",NULL,NULL,NULL,"false","verlag",NULL,"2026-04-12 16:34:48.658505"
"K741","Ebner",NULL,NULL,NULL,"unklar","unklar",NULL,"2026-04-12 16:34:48.658505"
"K748","Eckhart Schmidt Publishing",NULL,NULL,NULL,"false",NULL,NULL,"2026-04-12 19:24:36.816104"
"K77","Alexander, Darleen",NULL,NULL,NULL,"unklar","person",NULL,"2026-04-12 16:34:48.658505"
"K785","Ed. Gelsen","Edita Gelsen, Verlegender Literaturverein",NULL,"Verein","false",NULL,NULL,"2026-04-12 19:24:36.816104"
"K8","3. Oktober – Deutschland singt und klingt",NULL,NULL,NULL,"true","initiative",NULL,"2026-04-12 16:34:48.658505"
"K80","Ali Hensel",NULL,NULL,NULL,"unklar","person",NULL,"2026-04-12 16:34:48.658505"
"K813","Ed. M&S","Associazione commercianti ed esercenti Brione s/M",NULL,NULL,"unklar","unklar",NULL,"2026-04-12 16:34:48.658505"
"K85","Almadinah gUG",NULL,NULL,NULL,"true","humanitäre Einrichtung","https://www.almadinah.de/uber-uns","2026-04-12 16:34:48.658505"
"K872","Edel","Edel AG","Einzelne Branchen der Industrie und des Handwerks",NULL,"false","verlag",NULL,"2026-04-12 16:34:48.658505"
"K874","Edika",NULL,NULL,NULL,"unklar","unklar",NULL,"2026-04-12 16:34:48.658505"
"K875","Edita Gelsen","Edita Gelsen, Verlegender Literaturverein",NULL,"Verein","false",NULL,NULL,"2026-04-12 19:24:36.816104"
"K902","Edition Dichtungsring","Dichtungsring e.V.",NULL,"Verein","false",NULL,NULL,"2026-04-12 19:24:36.816104"
"K91","Alpha Litart",NULL,NULL,NULL,"false"," Die Produktion, der Vertrieb, die Vermittlung sowie Verlagstätigkeiten von Kunst und Literatur und die Betreuung von Autoren und Künstlern. ","https://www.northdata.de/Alpha-LitArt%20GmbH,%20Bonn/HRB%2022536","2026-04-12 16:34:48.658505"
"K92","Alphabeta","AlphaBeta",NULL,NULL,"true","Content Marketing-Agentur","https://www.alphabeta.de/","2026-04-12 16:34:48.658505"
"K93","Altan","Altan","Musik (Allgemeines), Musikgeschichte",NULL,"unklar","unklar",NULL,"2026-04-12 16:34:48.658505"
"K980","Edition fabrik.transit","Literatur- und Kunstverein fabrik.transit",NULL,"Verein","false",NULL,NULL,"2026-04-12 19:24:36.816104"
"K987","Editora Girabrasil",NULL,NULL,NULL,"unklar","verlag",NULL,"2026-04-12 16:34:48.658505"
